set,name,n,m,engine,lower,upper_start,width,proof,nodes,seconds,components
rome,grafo10003.40,40,50,C,4,5,4,bound,31,0.002,1
rome,grafo10002.40,40,45,C,2,4,3,refutation,323,0.002,1
rome,grafo1002.20,20,21,C,2,3,3,refutation,74,0.001,1
rome,grafo10021.39,39,48,C,4,5,4,bound,132,0.002,1
rome,grafo10025.31,31,37,C,3,4,3,bound,92,0.001,1
rome,grafo10020.38,38,50,C,4,6,5,refutation,1518,0.011,1
rome,grafo10027.38,38,50,C,4,5,5,refutation,1314,0.01,1
rome,grafo10031.38,38,49,C,4,5,5,refutation,2511,0.014,1
rome,grafo1000.14,14,20,C,2,3,3,refutation,16,0.007,1
rome,grafo10034.40,40,54,C,4,6,5,refutation,2039,0.013,1
rome,grafo10036.31,31,36,C,2,3,3,refutation,55,0.001,1
rome,grafo10035.38,38,47,C,3,5,4,refutation,699,0.005,1
rome,grafo10037.39,39,50,C,4,5,4,bound,42,0.001,1
rome,grafo1004.11,11,12,C,2,2,2,bound,0,0.0,1
rome,grafo10038.38,38,46,C,3,4,4,refutation,428,0.002,1
rome,grafo10040.32,32,36,C,3,3,3,bound,0,0.001,1
rome,grafo10042.39,39,53,C,4,5,5,refutation,1263,0.007,1
rome,grafo10000.38,38,52,C,4,5,5,refutation,527,0.006,1
rome,grafo10043.32,32,38,C,3,4,4,refutation,474,0.002,1
rome,grafo10044.38,38,46,C,3,4,4,refutation,351,0.002,1
rome,grafo1003.11,11,12,C,2,2,2,bound,0,0.0,1
rome,grafo10045.38,38,50,C,3,5,4,refutation,464,0.002,1
rome,grafo10047.32,32,38,C,3,4,4,refutation,462,0.004,1
rome,grafo10041.41,41,56,C,4,5,5,refutation,2234,0.02,1
rome,grafo10048.32,32,39,C,3,4,4,refutation,218,0.001,1
rome,grafo1005.11,11,11,C,2,2,2,bound,0,0.0,1
rome,grafo10051.30,30,35,C,3,3,3,bound,0,0.0,1
rome,grafo10049.39,39,50,C,4,5,5,refutation,2600,0.006,1
rome,grafo10053.32,32,37,C,3,3,3,bound,0,0.001,1
rome,grafo1001.12,12,12,C,2,2,2,bound,0,0.0,1
rome,grafo10052.32,32,33,C,2,2,2,bound,0,0.008,1
rome,grafo10046.40,40,50,C,4,5,5,refutation,3025,0.018,1
rome,grafo10054.40,40,51,C,4,6,5,refutation,3566,0.007,1
rome,grafo10056.31,31,36,C,2,3,3,refutation,55,0.001,1
rome,grafo10058.32,32,40,C,3,4,4,refutation,334,0.001,1
rome,grafo10005.39,39,49,C,4,5,4,bound,254,0.002,1
rome,grafo1006.11,11,12,C,2,2,2,bound,0,0.0,1
rome,grafo10026.32,32,38,C,3,5,4,refutation,302,0.005,1
rome,grafo10059.32,32,39,C,3,4,4,refutation,171,0.001,1
rome,grafo10010.39,39,50,C,4,5,5,refutation,3478,0.033,1
rome,grafo10055.40,40,56,C,4,6,5,refutation,2247,0.012,1
rome,grafo10062.39,39,44,C,3,5,4,refutation,793,0.006,1
rome,grafo10065.32,32,40,C,3,4,4,refutation,178,0.004,1
rome,grafo10067.41,41,47,C,3,3,3,bound,0,0.001,1
rome,grafo10063.31,31,36,C,2,3,3,refutation,55,0.007,1
rome,grafo10057.40,40,59,C,5,6,6,refutation,4504,0.019,1
rome,grafo10023.39,39,51,C,4,5,5,refutation,1502,0.007,1
rome,grafo1007.20,20,22,C,2,3,2,bound,18,0.0,1
rome,grafo10066.40,40,53,C,4,6,5,refutation,2100,0.008,1
rome,grafo10070.32,32,37,C,3,4,3,bound,33,0.001,1
rome,grafo10071.40,40,50,C,4,6,4,bound,91,0.002,1
rome,grafo10013.31,31,36,C,2,3,3,refutation,55,0.001,1
rome,grafo10068.31,31,37,C,3,3,3,bound,0,0.01,1
rome,grafo10077.31,31,36,C,2,3,3,refutation,55,0.001,1
rome,grafo10075.31,31,37,C,3,3,3,bound,0,0.004,1
rome,grafo10009.31,31,37,C,3,3,3,bound,0,0.001,1
rome,grafo1008.12,12,11,C,1,1,1,bound,0,0.0,1
rome,grafo10078.40,40,51,C,4,5,5,refutation,3666,0.007,1
rome,grafo10069.40,40,52,C,4,6,5,refutation,3029,0.016,1
rome,grafo10079.41,41,57,C,5,6,5,bound,335,0.005,1
rome,grafo10014.39,39,52,C,4,6,5,refutation,1323,0.011,1
rome,grafo10080.38,38,47,C,4,5,4,bound,38,0.001,1
rome,grafo10019.38,38,47,C,3,4,4,refutation,394,0.005,1
rome,grafo10064.39,39,59,C,5,7,6,refutation,3390,0.027,1
rome,grafo10085.35,35,41,C,3,4,4,refutation,517,0.002,1
rome,grafo10081.34,34,42,C,3,4,4,refutation,615,0.005,1
rome,grafo10088.39,39,55,C,4,5,5,refutation,831,0.003,1
rome,grafo10083.38,38,51,C,4,6,5,refutation,1301,0.008,1
rome,grafo1009.17,17,17,C,2,3,2,bound,15,0.0,1
rome,grafo10087.39,39,52,C,4,6,5,refutation,2283,0.005,1
rome,grafo10089.37,37,49,C,4,6,5,refutation,1160,0.005,1
rome,grafo10001.32,32,32,C,2,2,2,bound,0,0.001,1
rome,grafo10086.34,34,42,C,3,4,3,bound,56,0.001,1
rome,grafo10008.42,42,61,C,5,7,6,refutation,6753,0.047,1
rome,grafo10011.31,31,36,C,2,3,3,refutation,55,0.001,1
rome,grafo10022.31,31,36,C,2,3,3,refutation,55,0.002,1
rome,grafo10004.32,32,37,C,3,3,3,bound,0,0.01,1
rome,grafo1010.10,10,10,C,2,2,2,bound,0,0.0,1
rome,grafo10007.31,31,34,C,3,3,3,bound,0,0.001,1
rome,grafo10033.31,31,36,C,2,3,3,refutation,55,0.001,1
rome,grafo10029.40,40,55,C,4,6,5,refutation,1224,0.027,1
rome,grafo10018.31,31,36,C,3,3,3,bound,0,0.001,1
rome,grafo10015.39,39,45,C,3,4,4,refutation,1547,0.022,1
rome,grafo10012.40,40,53,C,4,5,4,bound,105,0.011,1
rome,grafo10030.38,38,52,C,4,5,5,refutation,1252,0.013,1
rome,grafo10016.39,39,52,C,4,5,5,refutation,2276,0.027,1
rome,grafo10024.32,32,38,C,3,4,4,refutation,378,0.011,1
rome,grafo10032.38,38,47,C,3,5,4,refutation,445,0.012,1
rome,grafo1011.19,19,24,C,2,4,3,refutation,109,0.01,1
rome,grafo10090.97,97,118,C,4,6,6,refutation,144761,0.237,1
rome,grafo10110.97,97,117,C,4,7,6,refutation,208206,0.637,1
rome,grafo10106.100,100,119,C,5,7,6,refutation,559465,1.238,1
rome,grafo10109.95,95,126,C,6,9,7,refutation,794379,1.479,1
rome,grafo10095.93,93,120,C,5,8,8,refutation,1146766,1.863,1
rome,grafo10102.97,97,132,C,5,8,8,refutation,1780563,2.065,1
rome,grafo10091.96,96,130,C,5,9,8,refutation,3184072,2.234,1
rome,grafo10108.99,99,129,C,5,8,7,refutation,823731,2.108,1
rome,grafo10082.98,98,125,C,5,9,8,refutation,3013428,2.383,1
rome,grafo1012.22,22,24,C,3,3,3,bound,0,0.0,1
rome,grafo10115.92,92,117,C,5,8,7,refutation,693678,0.51,1
rome,grafo10039.98,98,128,C,5,8,8,refutation,2357629,2.832,1
rome,grafo10114.95,95,119,C,4,7,7,refutation,663180,1.116,1
rome,grafo10060.90,90,121,C,5,9,8,refutation,3794418,3.751,1
rome,grafo10097.95,95,118,C,5,8,8,refutation,2750686,4.437,1
rome,grafo10121.95,95,122,C,6,9,8,refutation,2034207,2.104,1
rome,grafo10107.93,93,133,C,6,10,8,refutation,3753730,5.191,1
rome,grafo10125.99,99,114,C,5,7,6,refutation,633282,1.002,1
rome,grafo10120.96,96,125,C,6,9,9,refutation,4059954,4.167,1
rome,grafo10096.95,95,130,C,6,9,8,refutation,4403241,7.61,1
rome,grafo1013.15,15,23,C,3,4,4,refutation,52,0.0,1
rome,grafo10128.98,98,130,C,6,9,8,refutation,1468144,2.492,1
rome,grafo10122.96,96,124,C,6,9,8,refutation,3995212,5.617,1
rome,grafo10101.92,92,132,C,6,10,9,refutation,7001003,9.76,1
rome,grafo10133.32,32,37,C,3,4,4,refutation,391,0.002,1
rome,grafo10134.33,33,34,C,2,3,2,bound,35,0.001,1
rome,grafo10135.35,35,43,C,2,4,3,refutation,142,0.004,1
rome,grafo10136.39,39,48,C,3,4,4,refutation,648,0.005,1
rome,grafo10137.36,36,45,C,3,4,4,refutation,435,0.002,1
rome,grafo10138.33,33,42,C,3,4,3,bound,69,0.005,1
rome,grafo10050.97,97,133,C,7,10,9,budget,7753994,10.025,1
rome,grafo10061.99,99,131,C,7,10,9,budget,13751586,10.019,1
rome,grafo1014.14,14,18,C,3,3,3,bound,0,0.0,1
rome,grafo10140.40,40,48,C,4,5,4,bound,98,0.001,1
rome,grafo10142.37,37,47,C,5,5,5,bound,0,0.001,1
rome,grafo10141.38,38,45,C,3,4,4,refutation,522,0.008,1
rome,grafo10028.96,96,135,C,7,10,10,budget,8597504,10.021,1
rome,grafo10006.98,98,136,C,6,10,10,budget,7319552,10.029,1
rome,grafo10076.90,90,129,C,7,11,10,budget,8568895,10.019,1
rome,grafo10074.90,90,130,C,7,11,10,budget,9682307,10.028,1
rome,grafo10084.97,97,147,C,7,12,11,budget,11438868,10.011,1
rome,grafo10072.97,97,136,C,7,10,10,budget,13062144,10.033,1
rome,grafo1015.16,16,21,C,3,3,3,bound,0,0.0,1
rome,grafo10093.98,98,140,C,7,11,11,budget,11182080,10.03,1
rome,grafo10092.97,97,130,C,6,10,10,budget,6369280,10.032,1
rome,grafo10098.95,95,134,C,7,11,10,budget,7003894,10.023,1
rome,grafo10099.94,94,144,C,7,12,12,budget,7385088,10.029,1
rome,grafo10100.99,99,139,C,6,11,11,budget,8900608,10.016,1
rome,grafo10017.96,96,140,C,7,11,11,budget,7249920,10.011,1
rome,grafo10105.93,93,137,C,6,12,12,budget,7770112,10.037,1
rome,grafo10103.98,98,131,C,6,9,9,budget,6365184,10.04,1
rome,grafo10104.96,96,134,C,6,10,10,budget,6107136,10.053,1
rome,grafo10111.96,96,122,C,5,8,8,budget,11972608,10.023,1
rome,grafo1016.18,18,19,C,2,2,2,bound,0,0.0,1
rome,grafo10143.93,93,118,C,5,8,7,refutation,310193,0.358,1
rome,grafo10158.91,91,121,C,5,8,7,refutation,254980,0.586,1
rome,grafo10144.98,98,134,C,5,8,7,refutation,401903,0.847,1
rome,grafo10112.98,98,137,C,6,10,10,budget,10223616,10.017,1
rome,grafo10139.95,95,127,C,6,8,7,refutation,832748,1.38,1
rome,grafo10113.94,94,139,C,8,13,13,budget,7680000,10.022,1
rome,grafo10152.96,96,125,C,6,8,7,refutation,909708,1.416,1
rome,grafo10127.94,94,130,C,6,9,9,refutation,5769825,6.691,1
rome,grafo10116.100,100,149,C,7,11,11,budget,9175040,10.02,1
rome,grafo10117.98,98,125,C,6,9,9,budget,12578816,10.021,1
rome,grafo1017.15,15,16,C,2,3,2,bound,15,0.0,1
rome,grafo10118.97,97,128,C,5,9,9,budget,7929856,10.018,1
rome,grafo10145.94,94,125,C,5,9,8,refutation,2443612,2.676,1
rome,grafo10123.96,96,130,C,6,9,9,budget,7278592,10.021,1
rome,grafo10169.93,93,116,C,4,7,7,refutation,684415,1.052,1
rome,grafo10124.100,100,139,C,7,11,11,budget,11157504,10.013,1
rome,grafo10167.96,96,133,C,6,9,8,refutation,1619118,2.926,1
rome,grafo10126.98,98,144,C,7,11,11,budget,11132928,10.01,1
rome,grafo10163.93,93,121,C,6,9,8,refutation,3394945,4.588,1
rome,grafo10159.95,95,125,C,6,9,8,refutation,3500035,5.382,1
rome,grafo10157.94,94,120,C,5,8,8,refutation,4870544,6.262,1
rome,grafo1018.29,29,36,C,4,4,4,bound,0,0.001,1
rome,grafo10129.99,99,135,C,6,11,10,budget,8148947,10.022,1
rome,grafo10174.95,95,131,C,6,9,8,refutation,4446408,4.006,1
rome,grafo10182.33,33,33,C,2,2,2,bound,0,0.002,1
rome,grafo10177.96,96,122,C,5,8,8,refutation,3780063,2.766,1
rome,grafo10130.97,97,138,C,6,10,10,budget,9601024,10.02,1
rome,grafo10185.32,32,38,C,3,3,3,bound,0,0.004,1
rome,grafo10186.39,39,48,C,3,4,4,refutation,555,0.008,1
rome,grafo10187.33,33,37,C,3,3,3,bound,0,0.001,1
rome,grafo10188.38,38,48,C,4,5,5,refutation,1244,0.007,1
rome,grafo10189.38,38,46,C,3,5,4,refutation,867,0.007,1
rome,grafo1019.11,11,11,C,2,2,2,bound,0,0.0,1
rome,grafo10190.34,34,45,C,3,4,4,refutation,325,0.007,1
rome,grafo10191.34,34,38,C,3,4,3,bound,47,0.001,1
rome,grafo10192.39,39,48,C,3,5,3,bound,199,0.001,1
rome,grafo10193.38,38,46,C,4,5,4,bound,55,0.007,1
rome,grafo10131.98,98,126,C,6,9,9,budget,7688192,10.02,1
rome,grafo10132.97,97,134,C,6,10,9,budget,8881115,10.026,1
rome,grafo10172.99,99,132,C,6,9,8,refutation,4635274,6.649,1
rome,grafo10196.94,94,121,C,5,8,7,refutation,899939,1.503,1
rome,grafo10149.95,95,134,C,7,11,11,budget,9228288,10.016,1
rome,grafo10146.97,97,142,C,7,10,9,budget,6783777,10.023,1
rome,grafo1020.12,12,11,C,1,1,1,bound,0,0.0,1
rome,grafo10148.97,97,134,C,6,9,8,budget,10957049,10.027,1
rome,grafo10150.95,95,129,C,6,10,9,budget,9754697,10.019,1
rome,grafo10147.94,94,132,C,7,12,11,budget,6680641,10.027,1
rome,grafo10151.94,94,140,C,6,11,11,budget,10047488,10.011,1
rome,grafo10153.100,100,136,C,6,9,9,budget,6283264,10.029,1
rome,grafo10154.94,94,132,C,7,10,10,budget,9273344,10.029,1
rome,grafo10155.97,97,129,C,6,10,9,budget,8569409,10.026,1
rome,grafo10156.97,97,148,C,7,13,12,budget,8390055,10.031,1
rome,grafo10199.98,98,123,C,4,7,6,refutation,152181,0.157,1
rome,grafo10160.96,96,138,C,6,11,11,budget,9957376,10.02,1
rome,grafo1021.14,14,14,C,2,2,2,bound,0,0.0,1
rome,grafo10161.99,99,148,C,8,11,10,budget,9936899,10.015,1
rome,grafo10162.93,93,137,C,7,10,9,budget,9302184,10.024,1
rome,grafo10200.96,96,128,C,5,7,7,refutation,536571,0.737,1
rome,grafo10164.98,98,137,C,6,11,10,budget,6393997,10.025,1
rome,grafo10211.92,92,119,C,5,8,7,refutation,371092,0.744,1
rome,grafo10165.96,96,125,C,5,9,8,budget,8374814,10.026,1
rome,grafo10198.94,94,121,C,5,8,7,refutation,1259580,1.459,1
rome,grafo10166.98,98,133,C,7,10,9,budget,7539743,10.013,1
rome,grafo10168.95,95,122,C,5,9,9,budget,10121216,10.017,1
rome,grafo10194.97,97,134,C,5,9,8,refutation,2559658,4.4,1
rome,grafo1022.17,17,18,C,2,3,3,refutation,37,0.0,1
rome,grafo10170.96,96,127,C,6,9,9,budget,9916416,10.016,1
rome,grafo10171.99,99,140,C,7,13,13,budget,10461184,10.02,1
rome,grafo10173.97,97,142,C,6,11,10,budget,8589674,10.02,1
rome,grafo10210.92,92,118,C,5,9,8,refutation,3546132,3.04,1
rome,grafo10178.99,99,128,C,6,8,8,refutation,5017751,8.179,1
rome,grafo10206.97,97,128,C,6,9,8,refutation,3186414,3.497,1
rome,grafo10175.99,99,143,C,7,11,11,budget,11030528,10.013,1
rome,grafo10176.97,97,142,C,6,11,10,budget,8815671,10.02,1
rome,grafo10226.97,97,123,C,5,8,7,refutation,1090808,1.261,1
rome,grafo10229.36,36,46,C,3,4,4,refutation,378,0.002,1
rome,grafo1023.11,11,11,C,2,2,2,bound,0,0.0,1
rome,grafo10230.37,37,48,C,3,5,3,bound,158,0.001,1
rome,grafo10231.32,32,35,C,2,4,2,bound,61,0.001,1
rome,grafo10232.37,37,49,C,4,6,5,refutation,771,0.003,1
rome,grafo10233.34,34,39,C,2,4,3,refutation,161,0.001,1
rome,grafo10234.39,39,51,C,4,6,5,refutation,2311,0.011,1
rome,grafo10235.39,39,53,C,3,4,4,refutation,242,0.002,1
rome,grafo10221.95,95,128,C,7,8,8,refutation,2274032,3.158,1
rome,grafo10214.94,94,125,C,6,9,8,refutation,2980088,4.656,1
rome,grafo10179.97,97,143,C,7,11,11,budget,6893568,10.013,1
rome,grafo1024.20,20,21,C,2,2,2,bound,0,0.001,1
rome,grafo10236.95,95,119,C,5,7,6,refutation,454601,0.814,1
rome,grafo10208.98,98,131,C,6,9,8,refutation,3779944,5.815,1
rome,grafo10180.98,98,132,C,6,10,9,budget,9480544,10.018,1
rome,grafo10181.93,93,133,C,6,10,9,budget,7289057,10.023,1
rome,grafo10183.100,100,132,C,6,9,9,budget,9789440,10.01,1
rome,grafo10184.100,100,140,C,7,11,11,budget,13557760,10.027,1
rome,grafo10241.95,95,128,C,5,8,8,refutation,1314035,2.038,1
rome,grafo10195.99,99,142,C,7,10,10,budget,6008832,10.018,1
rome,grafo10197.96,96,135,C,7,10,10,budget,14934016,10.012,1
rome,grafo10203.97,97,141,C,7,12,11,budget,6350709,10.01,1
rome,grafo1025.15,15,16,C,2,2,2,bound,0,0.0,1
rome,grafo10201.93,93,123,C,6,9,8,budget,13828173,10.026,1
rome,grafo10202.92,92,131,C,6,10,10,budget,8671232,10.028,1
rome,grafo10204.100,100,148,C,7,12,11,budget,11239532,10.02,1
rome,grafo10205.97,97,141,C,8,11,11,budget,7790592,10.018,1
rome,grafo10248.100,100,126,C,4,8,7,refutation,1253015,2.112,1
rome,grafo10207.98,98,137,C,6,11,11,budget,7602176,10.025,1
rome,grafo10209.99,99,145,C,7,11,10,budget,11286902,10.03,1
rome,grafo10257.100,100,124,C,5,7,6,refutation,326627,0.521,1
rome,grafo10212.97,97,126,C,6,10,9,budget,11248569,10.012,1
rome,grafo10256.96,96,127,C,5,7,7,refutation,326171,0.647,1
rome,grafo1026.26,26,36,C,3,4,3,bound,35,0.001,1
rome,grafo10213.99,99,132,C,6,11,11,budget,9814016,10.022,1
rome,grafo10258.96,96,131,C,5,8,7,refutation,574303,0.689,1
rome,grafo10215.93,93,142,C,7,12,11,budget,10022778,10.01,1
rome,grafo10216.97,97,128,C,6,9,9,budget,6881280,10.023,1
rome,grafo10217.99,99,133,C,6,10,9,budget,9074700,10.018,1
rome,grafo10218.99,99,142,C,7,11,11,budget,8851456,10.02,1
rome,grafo10264.99,99,127,C,5,8,7,refutation,972144,0.784,1
rome,grafo10219.99,99,128,C,6,9,9,budget,8822784,10.022,1
rome,grafo10220.97,97,137,C,6,10,9,budget,6480499,10.021,1
rome,grafo1027.11,11,13,C,3,3,3,bound,0,0.0,1
rome,grafo10253.97,97,125,C,5,9,8,refutation,2131582,2.113,1
rome,grafo10222.99,99,128,C,5,10,9,budget,9680766,10.01,1
rome,grafo10254.94,94,127,C,6,8,8,refutation,1804180,2.314,1
rome,grafo10263.97,97,123,C,5,9,7,refutation,846333,1.538,1
rome,grafo10223.100,100,135,C,6,10,9,budget,6660170,10.019,1
rome,grafo10276.41,41,55,C,4,6,5,refutation,1884,0.009,1
rome,grafo10277.35,35,45,C,3,4,4,refutation,644,0.005,1
rome,grafo10278.40,40,55,C,3,5,4,refutation,594,0.002,1
rome,grafo10279.32,32,37,C,3,4,3,bound,26,0.001,1
rome,grafo1028.16,16,22,C,3,4,3,bound,16,0.0,1
rome,grafo10280.37,37,48,C,4,5,5,refutation,1475,0.005,1
rome,grafo10281.34,34,42,C,3,4,3,bound,108,0.001,1
rome,grafo10282.40,40,59,C,4,7,6,refutation,4198,0.024,1
rome,grafo10224.95,95,133,C,7,10,9,budget,9311303,10.018,1
rome,grafo10284.36,36,48,C,3,5,4,refutation,312,0.002,1
rome,grafo10285.39,39,59,C,5,6,6,refutation,2345,0.011,1
rome,grafo10225.99,99,133,C,6,10,9,budget,8065324,10.013,1
rome,grafo10227.96,96,128,C,6,9,8,budget,12337315,10.022,1
rome,grafo10228.95,95,132,C,7,10,9,budget,8494632,10.013,1
rome,grafo10287.92,92,111,C,4,7,7,refutation,1757154,1.83,1
rome,grafo1029.16,16,16,C,2,2,2,bound,0,0.0,1
rome,grafo10237.100,100,141,C,7,12,12,budget,11100160,10.033,1
rome,grafo10240.97,97,134,C,6,10,10,budget,8196096,10.011,1
rome,grafo10239.91,91,123,C,6,10,9,budget,6561980,10.022,1
rome,grafo10286.97,97,130,C,6,9,8,refutation,2446052,2.592,1
rome,grafo10242.93,93,121,C,6,9,9,budget,10088448,10.012,1
rome,grafo10267.95,95,125,C,6,9,8,refutation,2864918,4.623,1
rome,grafo10243.95,95,133,C,6,10,9,budget,9360335,10.011,1
rome,grafo10244.99,99,141,C,7,11,10,budget,8087923,10.011,1
rome,grafo10245.92,92,135,C,6,12,12,budget,12275712,10.009,1
rome,grafo10246.96,96,133,C,6,10,9,budget,9921748,10.03,1
rome,grafo1030.15,15,16,C,2,3,3,refutation,30,0.0,1
rome,grafo10300.94,94,119,C,5,7,6,refutation,172274,0.233,1
rome,grafo10247.95,95,126,C,5,9,9,budget,7016448,10.021,1
rome,grafo10293.99,99,135,C,5,9,8,refutation,2690099,3.222,1
rome,grafo10294.100,100,134,C,6,9,8,refutation,3645059,3.278,1
rome,grafo10304.94,94,112,C,4,6,5,refutation,42128,0.062,1
rome,grafo10249.94,94,130,C,6,10,10,budget,19165184,10.01,1
rome,grafo10250.100,100,138,C,6,9,9,budget,8720384,10.02,1
rome,grafo10252.96,96,134,C,5,10,9,budget,10010359,10.017,1
rome,grafo10255.93,93,125,C,6,10,10,budget,7528448,10.026,1
rome,grafo10259.100,100,141,C,7,10,10,budget,10534912,10.028,1
rome,grafo1031.16,16,17,C,2,3,2,bound,14,0.0,1
rome,grafo10260.98,98,130,C,6,9,9,budget,7884800,10.021,1
rome,grafo10262.100,100,136,C,7,10,9,budget,6601076,10.011,1
rome,grafo10261.96,96,123,C,5,9,8,budget,7393471,10.023,1
rome,grafo10265.100,100,137,C,6,9,9,budget,5750784,10.022,1
rome,grafo10266.94,94,140,C,7,12,11,budget,6149721,10.018,1
rome,grafo10290.95,95,125,C,6,9,8,refutation,3797559,6.212,1
rome,grafo10312.91,91,116,C,5,8,7,refutation,764654,1.102,1
rome,grafo10268.97,97,134,C,6,10,9,budget,12057573,10.013,1
rome,grafo10313.94,94,118,C,4,8,7,refutation,649521,1.172,1
rome,grafo10269.99,99,138,C,6,11,9,budget,9756277,10.015,1
rome,grafo1032.10,10,9,C,1,2,2,refutation,10,0.003,1
rome,grafo10270.93,93,134,C,7,12,12,budget,7213056,10.026,1
rome,grafo10271.100,100,132,C,6,10,9,budget,10261656,10.025,1
rome,grafo10273.97,97,136,C,7,10,10,budget,11575296,10.013,1
rome,grafo10311.91,91,112,C,5,8,7,refutation,1108635,1.536,1
rome,grafo10274.99,99,132,C,6,10,9,budget,13315175,10.014,1
rome,grafo10275.97,97,147,C,7,12,12,budget,6488064,10.017,1
rome,grafo10283.92,92,131,C,7,9,9,budget,8454144,10.024,1
rome,grafo10317.91,91,123,C,6,9,8,refutation,915082,1.213,1
rome,grafo10328.92,92,111,C,4,6,5,refutation,20182,0.075,1
rome,grafo10326.93,93,127,C,6,8,7,refutation,474008,0.756,1
rome,grafo1033.24,24,27,C,3,3,3,bound,0,0.003,1
rome,grafo10324.99,99,118,C,4,7,6,refutation,727019,1.002,1
rome,grafo10307.99,99,125,C,5,8,8,refutation,2103748,3.538,1
rome,grafo10288.95,95,140,C,7,11,11,budget,10629120,10.013,1
rome,grafo10333.33,33,36,C,3,3,3,bound,0,0.001,1
rome,grafo10334.94,94,123,C,5,8,6,refutation,86026,0.131,1
rome,grafo10335.40,40,51,C,3,4,4,refutation,842,0.002,1
rome,grafo10336.37,37,46,C,3,4,4,refutation,367,0.002,1
rome,grafo10337.36,36,40,C,3,4,3,bound,62,0.001,1
rome,grafo10338.33,33,42,C,3,4,3,bound,69,0.001,1
rome,grafo10306.95,95,129,C,6,10,9,refutation,6600078,4.812,1
rome,grafo1034.29,29,32,C,3,4,3,bound,30,0.001,1
rome,grafo10340.33,33,37,C,2,3,3,refutation,124,0.001,1
rome,grafo10341.41,41,50,C,3,4,3,bound,36,0.001,1
rome,grafo10342.37,37,47,C,4,5,5,refutation,1772,0.004,1
rome,grafo10343.94,94,118,C,4,6,4,bound,2932,0.01,1
rome,grafo10319.92,92,124,C,6,9,8,refutation,1303688,2.214,1
rome,grafo10289.99,99,125,C,5,9,8,budget,9447424,10.016,1
rome,grafo10291.93,93,137,C,7,11,10,budget,10831315,10.022,1
rome,grafo10292.100,100,140,C,7,11,11,budget,8818688,10.019,1
rome,grafo10295.95,95,131,C,6,11,10,budget,8625606,10.015,1
rome,grafo1035.37,37,51,C,4,6,5,refutation,1351,0.006,1
rome,grafo10296.100,100,130,C,6,10,9,budget,6399318,10.023,1
rome,grafo10297.98,98,142,C,7,12,11,budget,7136348,10.016,1
rome,grafo10298.97,97,143,C,7,11,10,budget,14928247,10.016,1
rome,grafo10315.98,98,127,C,5,8,8,refutation,3522699,5.305,1
rome,grafo10299.94,94,132,C,7,10,9,budget,10682082,10.025,1
rome,grafo10320.95,95,130,C,6,9,9,refutation,4029610,5.429,1
rome,grafo10310.93,93,117,C,5,8,8,refutation,5802970,6.81,1
rome,grafo10301.94,94,133,C,7,11,11,budget,9629696,10.017,1
rome,grafo10302.96,96,130,C,6,10,9,budget,8028860,10.024,1
rome,grafo10356.97,97,127,C,5,8,7,refutation,442680,0.768,1
rome,grafo1036.20,20,24,C,2,3,2,bound,19,0.0,1
rome,grafo10303.96,96,142,C,8,11,10,budget,9104220,10.01,1
rome,grafo10349.94,94,128,C,6,10,8,refutation,3135637,3.505,1
rome,grafo10305.100,100,140,C,7,10,9,budget,13726029,10.01,1
rome,grafo10344.100,100,130,C,5,9,8,refutation,7537762,5.514,1
rome,grafo10308.96,96,125,C,6,10,9,budget,12697811,10.011,1
rome,grafo10309.94,94,132,C,6,10,10,budget,7675904,10.022,1
rome,grafo10360.93,93,118,C,6,8,8,refutation,1774666,2.541,1
rome,grafo10352.95,95,123,C,5,8,8,refutation,4336619,4.605,1
rome,grafo10314.96,96,124,C,6,9,8,budget,7460320,10.012,1
rome,grafo10364.100,100,121,C,5,8,7,refutation,2398892,1.725,1
rome,grafo1037.22,22,30,C,3,4,3,bound,18,0.0,1
rome,grafo10316.100,100,134,C,6,10,9,budget,10833997,10.024,1
rome,grafo10368.96,96,124,C,5,8,7,refutation,849657,0.776,1
rome,grafo10318.98,98,137,C,6,11,10,budget,15054466,10.01,1
rome,grafo10321.97,97,134,C,6,11,11,budget,8364032,10.024,1
rome,grafo10322.97,97,133,C,6,10,10,budget,11055104,10.009,1
rome,grafo10323.97,97,128,C,5,10,9,budget,13463731,10.009,1
rome,grafo10325.96,96,141,C,7,13,13,budget,14540800,10.011,1
rome,grafo10378.100,100,122,C,4,7,6,refutation,411580,0.348,1
rome,grafo10327.97,97,140,C,7,12,11,budget,7893574,10.01,1
rome,grafo1038.23,23,24,C,2,3,2,bound,34,0.001,1
rome,grafo10373.94,94,122,C,6,9,7,refutation,1743538,1.272,1
rome,grafo10329.97,97,135,C,7,10,9,budget,6954842,10.027,1
rome,grafo10330.96,96,124,C,5,9,8,budget,7430611,10.029,1
rome,grafo10331.100,100,134,C,6,9,9,budget,7680000,10.018,1
rome,grafo10332.94,94,128,C,6,10,10,budget,6529024,10.01,1
rome,grafo10339.95,95,138,C,7,12,12,budget,12222464,10.01,1
rome,grafo10345.95,95,130,C,7,10,9,budget,7012420,10.022,1
rome,grafo10346.97,97,137,C,7,12,11,budget,6516802,10.022,1
rome,grafo10376.92,92,125,C,5,9,8,refutation,2766157,2.339,1
rome,grafo10379.95,95,132,C,6,9,8,refutation,1936325,2.06,1
rome,grafo1039.14,14,21,C,3,3,3,bound,0,0.0,1
rome,grafo10348.99,99,131,C,6,11,9,budget,10321764,10.026,1
rome,grafo10350.96,96,125,C,5,9,9,budget,6934528,10.022,1
rome,grafo10351.97,97,140,C,7,11,10,budget,6602825,10.032,1
rome,grafo10374.97,97,126,C,5,9,8,refutation,3269771,3.942,1
rome,grafo10353.99,99,140,C,7,11,10,budget,12092460,10.01,1
rome,grafo10395.36,36,44,C,3,4,4,refutation,657,0.002,1
rome,grafo10396.33,33,38,C,3,4,4,refutation,425,0.001,1
rome,grafo10397.36,36,46,C,3,5,4,refutation,255,0.001,1
rome,grafo10398.35,35,40,C,3,3,3,bound,0,0.001,1
rome,grafo10399.33,33,43,C,3,4,4,refutation,449,0.001,1
rome,grafo1040.25,25,32,C,3,4,3,bound,40,0.0,1
rome,grafo10400.33,33,38,C,2,4,3,refutation,198,0.001,1
rome,grafo10401.38,38,48,C,4,5,5,refutation,2641,0.005,1
rome,grafo10402.40,40,47,C,3,3,3,bound,0,0.001,1
rome,grafo10403.38,38,53,C,5,6,6,refutation,3420,0.006,1
rome,grafo10354.99,99,150,C,7,11,11,budget,11829248,10.025,1
rome,grafo10390.95,95,131,C,6,9,9,refutation,2432222,2.186,1
rome,grafo10355.94,94,119,C,5,8,8,budget,14405632,10.01,1
rome,grafo10394.100,100,127,C,5,8,7,refutation,1338924,1.226,1
rome,grafo10357.94,94,126,C,5,9,8,budget,6599914,10.027,1
rome,grafo10358.95,95,135,C,6,10,10,budget,11657216,10.012,1
rome,grafo1041.49,49,53,C,2,3,3,refutation,521,0.002,1
rome,grafo10410.93,93,124,C,5,8,7,refutation,248212,0.229,1
rome,grafo10359.95,95,139,C,7,13,12,budget,8969120,10.014,1
rome,grafo10371.95,95,125,C,6,9,8,refutation,4039693,6.557,1
rome,grafo10407.93,93,121,C,5,9,8,refutation,1172392,0.97,1
rome,grafo10361.97,97,132,C,6,10,10,budget,7852032,10.019,1
rome,grafo10362.94,94,136,C,6,10,9,budget,7061863,10.023,1
rome,grafo10363.98,98,125,C,6,9,8,budget,12002584,10.023,1
rome,grafo10408.93,93,123,C,6,9,8,refutation,2937991,2.676,1
rome,grafo10365.97,97,137,C,7,10,9,budget,12187611,10.016,1
rome,grafo10366.99,99,134,C,6,10,9,budget,9305941,10.019,1
rome,grafo1042.14,14,18,C,2,2,2,bound,0,0.0,1
rome,grafo10384.99,99,124,C,4,8,8,refutation,4430690,7.242,1
rome,grafo10367.96,96,129,C,6,10,9,budget,9232485,10.01,1
rome,grafo10369.100,100,138,C,7,11,11,budget,11751424,10.018,1
rome,grafo10370.98,98,127,C,5,10,9,budget,14678748,10.014,1
rome,grafo10425.93,93,122,C,5,8,7,refutation,385052,0.356,1
rome,grafo10372.100,100,127,C,5,9,8,budget,12886231,10.018,1
rome,grafo10377.94,94,129,C,6,11,10,budget,15816537,10.009,1
rome,grafo10428.35,35,42,C,3,4,4,refutation,669,0.002,1
rome,grafo10380.98,98,135,C,7,12,11,budget,13133495,10.012,1
rome,grafo1043.15,15,19,C,2,3,2,bound,14,0.0,1
rome,grafo10387.97,97,137,C,7,10,9,refutation,5382458,8.771,1
rome,grafo10381.99,99,128,C,6,10,9,budget,16287957,10.011,1
rome,grafo10382.94,94,139,C,7,12,11,budget,6393974,10.025,1
rome,grafo10383.99,99,136,C,6,11,10,budget,6630951,10.023,1
rome,grafo10385.94,94,128,C,6,11,10,budget,8622167,10.02,1
rome,grafo10430.95,95,120,C,5,8,7,refutation,934460,0.907,1
rome,grafo10386.99,99,132,C,6,9,9,budget,14798848,10.02,1
rome,grafo10417.95,95,128,C,6,9,9,refutation,5431259,4.644,1
rome,grafo10388.95,95,136,C,7,11,10,budget,6197250,10.025,1
rome,grafo10389.94,94,131,C,6,10,9,budget,14614596,10.009,1
rome,grafo1044.23,23,25,C,2,3,3,refutation,67,0.001,1
rome,grafo10424.93,93,120,C,5,9,8,refutation,2279798,3.615,1
rome,grafo10391.94,94,129,C,6,10,9,budget,12881983,10.028,1
rome,grafo10392.94,94,132,C,6,10,10,budget,6025216,10.023,1
rome,grafo10393.96,96,139,C,7,11,10,budget,8511659,10.012,1
rome,grafo10404.97,97,130,C,6,11,10,budget,14642471,10.01,1
rome,grafo10442.97,97,125,C,5,8,7,refutation,1290954,1.126,1
rome,grafo10405.97,97,145,C,7,12,12,budget,9744384,10.019,1
rome,grafo10440.93,93,123,C,5,8,8,refutation,2894387,2.278,1
rome,grafo10406.97,97,124,C,6,9,8,budget,14339871,10.01,1
rome,grafo10443.98,98,125,C,5,8,7,refutation,557009,0.986,1
rome,grafo1045.29,29,39,C,4,4,4,bound,0,0.001,1
rome,grafo10450.36,36,46,C,4,5,5,refutation,876,0.008,1
rome,grafo10431.95,95,132,C,6,9,8,refutation,3484044,4.327,1
rome,grafo10409.96,96,138,C,7,11,10,budget,9165060,10.021,1
rome,grafo10411.98,98,130,C,6,10,9,budget,13611526,10.012,1
rome,grafo10454.33,33,42,C,3,5,4,refutation,353,0.001,1
rome,grafo10455.38,38,42,C,2,4,3,refutation,219,0.001,1
rome,grafo10456.33,33,38,C,3,4,3,bound,67,0.001,1
rome,grafo10457.36,36,45,C,3,4,4,refutation,562,0.002,1
rome,grafo10458.31,31,36,C,2,3,3,refutation,55,0.001,1
rome,grafo10459.37,37,46,C,3,4,4,refutation,544,0.002,1
rome,grafo1046.17,17,22,C,3,3,3,bound,0,0.0,1
rome,grafo10460.36,36,39,C,3,4,3,bound,34,0.001,1
rome,grafo10412.94,94,126,C,7,10,9,budget,9680663,10.015,1
rome,grafo10461.36,36,45,C,3,4,4,refutation,562,0.001,1
rome,grafo10462.36,36,40,C,3,4,3,bound,32,0.004,1
rome,grafo10463.36,36,50,C,4,6,6,refutation,1475,0.003,1
rome,grafo10464.96,96,119,C,3,6,5,refutation,35654,0.072,1
rome,grafo10413.93,93,129,C,7,11,10,budget,9467038,10.011,1
rome,grafo10414.98,98,132,C,6,11,10,budget,11128708,10.021,1
rome,grafo10466.94,94,121,C,5,7,7,refutation,650153,0.625,1
rome,grafo10415.94,94,132,C,6,10,10,budget,16515072,10.009,1
rome,grafo1047.16,16,20,C,3,4,3,bound,17,0.0,1
rome,grafo10448.98,98,124,C,5,7,7,refutation,2009652,2.179,1
rome,grafo10416.96,96,138,C,6,11,11,budget,7745536,10.022,1
rome,grafo10472.32,32,37,C,3,3,3,bound,0,0.001,1
rome,grafo10471.94,94,125,C,5,8,7,refutation,488749,0.384,1
rome,grafo10418.100,100,141,C,6,12,12,budget,10702848,10.024,1
rome,grafo10419.91,91,132,C,7,10,10,budget,14594048,10.012,1
rome,grafo10420.97,97,148,C,7,12,12,budget,9998336,10.016,1
rome,grafo10468.99,99,129,C,5,8,7,refutation,2306683,2.312,1
rome,grafo10421.99,99,139,C,6,10,9,budget,7002303,10.029,1
rome,grafo10478.94,94,122,C,4,8,6,refutation,83411,0.108,1
rome,grafo1048.18,18,25,C,3,4,3,bound,15,0.0,1
rome,grafo10422.97,97,132,C,7,11,10,budget,8472298,10.025,1
rome,grafo10476.95,95,116,C,5,8,7,refutation,1317839,1.156,1
rome,grafo10439.96,96,130,C,6,9,9,refutation,4545824,7.106,1
rome,grafo10483.34,34,45,C,4,5,5,refutation,1261,0.006,1
rome,grafo10426.100,100,138,C,7,10,9,budget,13453573,10.01,1
rome,grafo10427.95,95,126,C,6,10,9,budget,15931241,10.01,1
rome,grafo10429.100,100,132,C,6,9,9,budget,15417344,10.022,1
rome,grafo10481.95,95,120,C,5,8,7,refutation,1024229,1.589,1
rome,grafo10485.94,94,125,C,5,8,7,refutation,786460,0.749,1
rome,grafo10477.91,91,108,C,5,8,7,refutation,1656306,2.622,1
rome,grafo1049.21,21,22,C,2,3,2,bound,21,0.0,1
rome,grafo10487.95,95,121,C,5,8,7,refutation,686329,0.783,1
rome,grafo10432.99,99,146,C,7,12,11,budget,16009355,10.008,1
rome,grafo10433.97,97,128,C,6,9,9,budget,8810496,10.017,1
rome,grafo10434.98,98,140,C,6,10,9,budget,8692311,10.009,1
rome,grafo10494.40,40,50,C,3,5,5,refutation,2667,0.005,1
rome,grafo10435.96,96,123,C,5,9,8,budget,7886090,10.025,1
rome,grafo10436.95,95,145,C,7,13,12,budget,10376135,10.028,1
rome,grafo10437.97,97,124,C,6,9,8,budget,13488690,10.01,1
rome,grafo10438.97,97,128,C,5,10,9,budget,13763047,10.02,1
rome,grafo10482.94,94,122,C,6,9,9,refutation,3633357,3.451,1
rome,grafo1050.18,18,28,C,3,4,4,refutation,72,0.0,1
rome,grafo10493.94,94,119,C,5,9,7,refutation,1575911,1.587,1
rome,grafo10441.98,98,137,C,6,11,11,budget,10190848,10.02,1
rome,grafo10486.97,97,125,C,5,8,8,refutation,4026583,3.625,1
rome,grafo10500.91,91,120,C,6,9,8,refutation,1659509,1.344,1
rome,grafo10444.100,100,136,C,6,10,9,budget,9605163,10.028,1
rome,grafo10505.39,39,52,C,4,6,5,refutation,1041,0.005,1
rome,grafo10445.94,94,140,C,7,12,12,budget,13545472,10.007,1
rome,grafo10446.95,95,153,C,8,14,13,budget,12155035,10.019,1
rome,grafo10447.99,99,129,C,5,8,8,budget,9224192,10.022,1
rome,grafo10509.32,32,38,C,3,4,4,refutation,547,0.002,1
rome,grafo1051.34,34,38,C,2,3,3,refutation,144,0.001,1
rome,grafo10510.35,35,42,C,3,3,3,bound,0,0.001,1
rome,grafo10511.34,34,41,C,3,4,4,refutation,331,0.001,1
rome,grafo10512.36,36,42,C,3,4,4,refutation,876,0.005,1
rome,grafo10513.37,37,47,C,4,5,4,bound,122,0.004,1
rome,grafo10514.39,39,49,C,4,5,5,refutation,2459,0.011,1
rome,grafo10515.39,39,54,C,4,5,5,refutation,912,0.006,1
rome,grafo10449.96,96,126,C,5,10,9,budget,13819042,10.024,1
rome,grafo10451.95,95,132,C,6,10,10,budget,6721536,10.027,1
rome,grafo10452.94,94,138,C,7,11,10,budget,8453859,10.012,1
rome,grafo10453.97,97,136,C,7,11,10,budget,6455750,10.023,1
rome,grafo1052.22,22,34,C,3,5,4,refutation,184,0.004,1
rome,grafo10503.100,100,132,C,6,8,8,refutation,2415218,2.102,1
rome,grafo10465.96,96,129,C,6,10,9,budget,13751096,10.009,1
rome,grafo10467.100,100,138,C,7,11,10,budget,9509177,10.021,1
rome,grafo10499.96,96,125,C,6,9,8,refutation,5235030,4.436,1
rome,grafo10469.100,100,148,C,7,12,12,budget,11366400,10.011,1
rome,grafo10524.97,97,119,C,5,7,6,refutation,187334,0.388,1
rome,grafo10470.92,92,135,C,6,12,11,budget,13059889,10.01,1
rome,grafo10473.95,95,125,C,5,9,9,budget,11321344,10.019,1
rome,grafo10525.100,100,128,C,6,8,7,refutation,684310,0.845,1
rome,grafo1053.32,32,41,C,3,5,4,refutation,528,0.002,1
rome,grafo10474.94,94,142,C,8,12,12,budget,12869632,10.022,1
rome,grafo10529.98,98,131,C,6,8,7,refutation,963778,0.869,1
rome,grafo10475.98,98,125,C,6,9,8,budget,13980312,10.018,1
rome,grafo10479.98,98,130,C,6,11,10,budget,10117349,10.02,1
rome,grafo10507.93,93,128,C,6,9,8,refutation,4352887,4.051,1
rome,grafo10480.95,95,124,C,6,9,8,budget,14413148,10.019,1
rome,grafo10484.99,99,147,C,6,12,12,budget,6709248,10.025,1
rome,grafo10488.98,98,145,C,7,12,12,budget,6717440,10.022,1
rome,grafo10489.95,95,138,C,6,11,10,budget,13805924,10.023,1
rome,grafo1054.11,11,15,C,2,2,2,bound,0,0.0,1
rome,grafo10490.99,99,134,C,6,10,9,budget,10183251,10.01,1
rome,grafo10535.100,100,123,C,5,8,7,refutation,2543875,2.217,1
rome,grafo10491.97,97,137,C,6,10,10,budget,14630912,10.01,1
rome,grafo10492.96,96,153,C,7,13,12,budget,11473561,10.011,1
rome,grafo10495.97,97,131,C,7,10,9,budget,10341924,10.027,1
rome,grafo10544.93,93,120,C,5,7,7,refutation,298732,0.241,1
rome,grafo10531.96,96,123,C,5,8,8,refutation,3423177,4.104,1
rome,grafo10496.98,98,137,C,6,9,9,budget,6426624,10.022,1
rome,grafo10497.95,95,125,C,5,9,9,budget,14442496,10.011,1
rome,grafo10498.99,99,129,C,6,9,9,budget,16588800,10.019,1
rome,grafo1055.19,19,29,C,3,3,3,bound,0,0.0,1
rome,grafo10533.100,100,135,C,6,8,8,refutation,3886043,4.142,1
rome,grafo10551.90,90,119,C,5,7,7,refutation,392855,0.323,1
rome,grafo10550.100,100,124,C,4,8,7,refutation,1004446,0.798,1
rome,grafo10501.96,96,138,C,7,10,9,budget,11068142,10.011,1
rome,grafo10554.93,93,110,C,4,6,5,refutation,61365,0.086,1
rome,grafo10502.91,91,136,C,7,12,12,budget,12595200,10.022,1
rome,grafo10553.98,98,117,C,4,7,6,refutation,518792,0.546,1
rome,grafo10545.93,93,121,C,5,8,8,refutation,2667534,2.285,1
rome,grafo10504.100,100,129,C,5,8,8,budget,11309056,10.01,1
rome,grafo10506.98,98,134,C,6,9,9,budget,13070336,10.011,1
rome,grafo1056.17,17,22,C,2,3,3,refutation,38,0.001,1
rome,grafo10508.100,100,143,C,6,10,9,budget,11647302,10.009,1
rome,grafo10516.94,94,138,C,7,11,10,budget,10450013,10.009,1
rome,grafo10562.33,33,39,C,3,4,3,bound,28,0.001,1
rome,grafo10563.41,41,48,C,4,4,4,bound,0,0.001,1
rome,grafo10564.37,37,47,C,3,5,4,refutation,504,0.002,1
rome,grafo10565.32,32,40,C,3,4,3,bound,33,0.001,1
rome,grafo10566.36,36,48,C,4,5,5,refutation,1211,0.003,1
rome,grafo10567.38,38,47,C,3,4,4,refutation,712,0.002,1
rome,grafo10568.39,39,56,C,3,4,4,refutation,243,0.001,1
rome,grafo10569.36,36,47,C,4,5,5,refutation,972,0.002,1
rome,grafo1057.16,16,17,C,2,3,2,bound,40,0.0,1
rome,grafo10517.93,93,133,C,6,10,10,budget,11575296,10.013,1
rome,grafo10518.94,94,133,C,6,12,12,budget,6692864,10.033,1
rome,grafo10570.95,95,120,C,5,7,7,refutation,255343,0.295,1
rome,grafo10543.95,95,125,C,6,8,8,refutation,4352614,4.108,1
rome,grafo10519.98,98,130,C,6,9,9,budget,10870784,10.01,1
rome,grafo10520.99,99,131,C,6,9,8,budget,6439624,10.054,1
rome,grafo10522.99,99,136,C,7,10,10,budget,11407360,10.061,1
rome,grafo10523.97,97,139,C,7,11,11,budget,10362880,10.039,1
rome,grafo10526.97,97,133,C,6,9,9,budget,10637312,10.011,1
rome,grafo1058.14,14,13,C,1,2,2,refutation,18,0.0,1
rome,grafo10527.93,93,133,C,6,11,11,budget,6258688,10.031,1
rome,grafo10528.98,98,134,C,7,10,10,budget,16072704,10.022,1
rome,grafo10571.93,93,129,C,6,9,8,refutation,2095341,2.001,1
rome,grafo10561.97,97,129,C,5,9,8,refutation,2366013,2.535,1
rome,grafo10530.100,100,130,C,5,9,8,budget,11491943,10.028,1
rome,grafo10573.93,93,124,C,5,9,8,refutation,2026484,2.712,1
rome,grafo10532.99,99,135,C,7,10,9,budget,8866437,10.024,1
rome,grafo10579.96,96,119,C,5,9,7,refutation,1484618,2.397,1
rome,grafo10558.97,97,131,C,6,9,9,refutation,3981172,4.891,1
rome,grafo10534.100,100,141,C,6,11,11,budget,10539008,10.011,1
rome,grafo1059.18,18,18,C,2,2,2,bound,0,0.0,1
rome,grafo10536.99,99,142,C,6,11,11,budget,12787712,10.022,1
rome,grafo10590.96,96,118,C,4,7,6,refutation,181702,0.215,1
rome,grafo10584.100,100,129,C,5,8,7,refutation,1870799,1.861,1
rome,grafo10581.98,98,128,C,5,8,8,refutation,1705952,2.42,1
rome,grafo10537.95,95,138,C,7,11,11,budget,6832128,10.022,1
rome,grafo10583.94,94,124,C,5,8,8,refutation,3494366,3.339,1
rome,grafo10591.99,99,119,C,5,7,7,refutation,1424280,1.613,1
rome,grafo10538.100,100,141,C,7,10,9,budget,7471243,10.009,1
rome,grafo10540.97,97,121,C,5,9,8,budget,11846685,10.027,1
rome,grafo10541.93,93,124,C,6,10,10,budget,10330112,10.028,1
rome,grafo1060.11,11,12,C,2,2,2,bound,0,0.0,1
rome,grafo10542.100,100,133,C,6,10,9,budget,12918275,10.055,1
rome,grafo10546.98,98,126,C,6,9,8,budget,10574392,10.011,1
rome,grafo10547.94,94,137,C,7,10,10,budget,8826880,10.02,1
rome,grafo10602.94,94,113,C,4,7,5,refutation,54428,0.075,1
rome,grafo10548.94,94,134,C,7,11,11,budget,7229440,10.013,1
rome,grafo10597.95,95,117,C,5,7,7,refutation,1195722,1.335,1
rome,grafo10598.99,99,130,C,6,8,7,refutation,832314,1.295,1
rome,grafo10549.99,99,140,C,6,11,10,budget,9261560,10.028,1
rome,grafo10588.93,93,128,C,5,9,8,refutation,3045858,3.92,1
rome,grafo1061.11,11,11,C,2,2,2,bound,0,0.0,1
rome,grafo10599.97,97,124,C,5,8,7,refutation,1120042,1.749,1
rome,grafo10552.96,96,144,C,7,12,12,budget,10231808,10.011,1
rome,grafo10611.94,94,122,C,5,7,7,refutation,282843,0.488,1
rome,grafo10555.98,98,130,C,5,9,8,budget,7809473,10.022,1
rome,grafo10607.94,94,128,C,6,9,8,refutation,1392139,1.294,1
rome,grafo10615.40,40,50,C,3,5,4,refutation,894,0.002,1
rome,grafo10556.100,100,130,C,6,9,9,budget,7143424,10.02,1
rome,grafo10617.34,34,45,C,3,5,4,refutation,265,0.005,1
rome,grafo10618.38,38,54,C,5,6,6,refutation,2244,0.011,1
rome,grafo10619.36,36,41,C,2,4,3,refutation,323,0.005,1
rome,grafo1062.15,15,19,C,2,2,2,bound,0,0.0,1
rome,grafo10620.35,35,41,C,3,4,3,bound,40,0.001,1
rome,grafo10621.37,37,49,C,3,5,5,refutation,1014,0.006,1
rome,grafo10622.39,39,54,C,4,5,5,refutation,1822,0.007,1
rome,grafo10606.94,94,127,C,6,9,8,refutation,1276608,1.443,1
rome,grafo10612.94,94,121,C,5,7,7,refutation,609427,0.692,1
rome,grafo10601.93,93,128,C,5,9,8,refutation,1617389,2.27,1
rome,grafo10557.98,98,129,C,6,10,9,budget,10021081,10.028,1
rome,grafo10559.98,98,131,C,6,10,9,budget,10653007,10.021,1
rome,grafo10560.95,95,137,C,7,11,11,budget,8916992,10.011,1
rome,grafo10595.95,95,121,C,6,9,8,refutation,4896343,5.045,1
rome,grafo1063.14,14,15,C,2,2,2,bound,0,0.0,1
rome,grafo10625.100,100,128,C,5,8,7,refutation,1070408,1.45,1
rome,grafo10587.94,94,119,C,6,8,8,refutation,5629231,6.65,1
rome,grafo10572.92,92,133,C,7,12,11,budget,7000128,10.022,1
rome,grafo10574.94,94,128,C,7,10,9,budget,11530487,10.012,1
rome,grafo10575.99,99,137,C,6,10,9,budget,10787848,10.011,1
rome,grafo10628.96,96,124,C,5,8,7,refutation,934443,1.33,1
rome,grafo10578.96,96,139,C,6,11,11,budget,16818176,10.013,1
rome,grafo10577.100,100,135,C,6,10,9,budget,5656213,10.023,1
rome,grafo10580.98,98,134,C,6,10,10,budget,9998336,10.007,1
rome,grafo10582.94,94,126,C,6,9,9,budget,10063872,10.01,1
rome,grafo1064.21,21,26,C,3,4,3,bound,19,0.0,1
rome,grafo10585.93,93,135,C,6,10,9,budget,13432469,10.018,1
rome,grafo10613.96,96,131,C,5,9,9,refutation,4577977,4.597,1
rome,grafo10586.100,100,137,C,6,10,10,budget,11321344,10.025,1
rome,grafo10589.93,93,136,C,7,10,10,budget,7688192,10.011,1
rome,grafo10592.98,98,140,C,7,10,9,budget,10279607,10.012,1
rome,grafo10593.98,98,130,C,6,10,9,budget,11812209,10.011,1
rome,grafo10594.94,94,132,C,6,10,9,budget,7567890,10.03,1
rome,grafo10596.99,99,140,C,7,12,11,budget,7151913,10.014,1
rome,grafo10600.93,93,132,C,7,10,10,budget,9048064,10.013,1
rome,grafo10636.95,95,135,C,6,10,9,refutation,4381300,5.959,1
rome,grafo1065.14,14,13,C,1,2,2,refutation,14,0.0,1
rome,grafo10603.100,100,136,C,6,10,9,budget,8454088,10.01,1
rome,grafo10605.99,99,127,C,6,9,9,budget,13959168,10.022,1
rome,grafo10608.93,93,138,C,8,12,11,budget,8641381,10.011,1
rome,grafo10609.100,100,132,C,6,10,9,budget,8397018,10.013,1
rome,grafo10610.95,95,131,C,7,11,10,budget,10593033,10.012,1
rome,grafo10655.34,34,40,C,2,3,3,refutation,148,0.001,1
rome,grafo10614.92,92,129,C,7,11,10,budget,8073311,10.011,1
rome,grafo10657.39,39,50,C,4,5,4,bound,97,0.001,1
rome,grafo10656.98,98,125,C,5,8,7,refutation,638951,0.748,1
rome,grafo10658.35,35,41,C,3,4,4,refutation,1060,0.003,1
rome,grafo1066.11,11,11,C,2,2,2,bound,0,0.0,1
rome,grafo10660.37,37,49,C,4,5,5,refutation,886,0.003,1
rome,grafo10659.38,38,57,C,4,6,5,refutation,971,0.007,1
rome,grafo10616.96,96,130,C,6,10,9,budget,12203453,10.027,1
rome,grafo10623.98,98,130,C,5,10,9,budget,6559872,10.025,1
rome,grafo10624.91,91,138,C,7,12,12,budget,11145216,10.013,1
rome,grafo10651.90,90,120,C,5,9,8,refutation,2198735,1.716,1
rome,grafo10626.100,100,139,C,6,11,11,budget,12947456,10.009,1
rome,grafo10627.96,96,133,C,6,10,9,budget,13066379,10.019,1
rome,grafo10629.100,100,131,C,6,9,9,budget,10235904,10.018,1
rome,grafo1067.13,13,13,C,2,2,2,bound,0,0.0,1
rome,grafo10668.99,99,128,C,6,8,7,refutation,1297234,1.266,1
rome,grafo10630.94,94,142,C,7,11,10,budget,8578703,10.018,1
rome,grafo10631.98,98,132,C,6,10,9,budget,6747183,10.023,1
rome,grafo10632.100,100,147,C,7,12,12,budget,5918720,10.013,1
rome,grafo10633.100,100,138,C,6,11,10,budget,6624104,10.009,1
rome,grafo10634.96,96,137,C,6,11,10,budget,13066657,10.011,1
rome,grafo10635.95,95,137,C,7,12,12,budget,9469952,10.022,1
rome,grafo10637.94,94,139,C,7,12,11,budget,16705025,10.011,1
rome,grafo10638.100,100,141,C,7,11,11,budget,9924608,10.022,1
rome,grafo10678.98,98,125,C,5,7,7,refutation,712908,0.565,1
rome,grafo1068.12,12,11,C,1,1,1,bound,0,0.0,1
rome,grafo10667.98,98,128,C,6,9,8,refutation,3059382,3.261,1
rome,grafo10639.91,91,120,C,6,10,9,budget,13193288,10.021,1
rome,grafo10640.94,94,122,C,6,9,8,budget,12206908,10.022,1
rome,grafo10679.100,100,129,C,5,8,7,refutation,1291198,1.593,1
rome,grafo10641.99,99,131,C,6,9,8,budget,11880529,10.021,1
rome,grafo10666.98,98,128,C,6,8,8,refutation,4097032,4.301,1
rome,grafo10642.90,90,118,C,6,10,9,budget,14128092,10.009,1
rome,grafo10643.94,94,118,C,5,9,8,budget,14606927,10.012,1
rome,grafo10683.97,97,124,C,5,8,7,refutation,1347121,1.169,1
rome,grafo10644.100,100,145,C,7,12,11,budget,10732605,10.026,1
rome,grafo1069.16,16,15,C,1,3,2,refutation,28,0.0,1
rome,grafo10665.100,100,127,C,6,9,8,refutation,4453604,5.526,1
rome,grafo10645.95,95,124,C,6,9,9,budget,11927552,10.01,1
rome,grafo10686.96,96,123,C,6,8,7,refutation,1286869,1.55,1
rome,grafo10646.100,100,154,C,8,14,13,budget,11717381,10.011,1
rome,grafo10647.98,98,132,C,6,10,10,budget,7311360,10.03,1
rome,grafo10691.95,95,123,C,5,8,7,refutation,918851,1.499,1
rome,grafo10648.98,98,145,C,7,13,12,budget,12939335,10.011,1
rome,grafo10682.98,98,128,C,6,8,8,refutation,3322060,4.167,1
rome,grafo10649.95,95,125,C,6,10,9,budget,10608321,10.016,1
rome,grafo10684.95,95,126,C,6,10,9,refutation,3581965,3.904,1
rome,grafo1070.10,10,10,C,2,2,2,bound,0,0.0,1
rome,grafo10673.93,93,120,C,6,8,8,refutation,4242515,6.5,1
rome,grafo10650.98,98,141,C,7,11,10,budget,13774242,10.012,1
rome,grafo10702.33,33,41,C,3,4,4,refutation,262,0.001,1
rome,grafo10652.100,100,141,C,6,11,11,budget,12685312,10.008,1
rome,grafo10704.37,37,44,C,4,5,4,bound,67,0.001,1
rome,grafo10701.99,99,120,C,4,7,6,refutation,315437,0.423,1
rome,grafo10706.37,37,47,C,3,3,3,bound,0,0.001,1
rome,grafo10707.33,33,37,C,3,3,3,bound,0,0.001,1
rome,grafo10708.35,35,46,C,4,5,5,refutation,738,0.002,1
rome,grafo10703.95,95,126,C,5,8,7,refutation,259744,0.294,1
rome,grafo1071.10,10,10,C,2,2,2,bound,0,0.0,1
rome,grafo10692.92,92,121,C,5,9,8,refutation,2767878,2.845,1
rome,grafo10653.100,100,141,C,6,10,10,budget,10588160,10.01,1
rome,grafo10654.96,96,129,C,6,9,9,budget,11788288,10.011,1
rome,grafo10710.93,93,118,C,5,8,7,refutation,759886,0.868,1
rome,grafo10697.95,95,123,C,5,9,8,refutation,2386123,2.389,1
rome,grafo10715.92,92,118,C,4,7,6,refutation,128350,0.132,1
rome,grafo10661.95,95,128,C,6,10,10,budget,10043392,10.024,1
rome,grafo10662.100,100,136,C,6,10,9,budget,9687608,10.029,1
rome,grafo10663.99,99,137,C,6,11,10,budget,12107982,10.019,1
rome,grafo10718.98,98,120,C,5,7,6,refutation,184638,0.238,1
rome,grafo1072.14,14,18,C,2,3,3,refutation,28,0.0,1
rome,grafo10687.96,96,134,C,6,9,9,refutation,8178211,5.874,1
rome,grafo10669.93,93,130,C,6,10,9,budget,14118998,10.022,1
rome,grafo10670.100,100,136,C,7,11,10,budget,8470907,10.013,1
rome,grafo10723.96,96,112,C,3,6,5,refutation,63453,0.146,1
rome,grafo10671.100,100,144,C,7,10,9,budget,12380493,10.01,1
rome,grafo10672.98,98,132,C,6,10,10,budget,10432512,10.012,1
rome,grafo10674.99,99,145,C,6,11,9,budget,8930132,10.022,1
rome,grafo10724.92,92,120,C,5,8,7,refutation,393053,0.462,1
rome,grafo10728.34,34,40,C,2,4,3,refutation,158,0.001,1
rome,grafo10729.36,36,46,C,3,4,4,refutation,334,0.004,1
rome,grafo1073.51,51,64,C,4,6,5,refutation,5221,0.024,1
rome,grafo10730.38,38,48,C,3,5,4,refutation,523,0.005,1
rome,grafo10731.32,32,35,C,2,3,3,refutation,102,0.001,1
rome,grafo10732.33,33,37,C,2,3,3,refutation,124,0.001,1
rome,grafo10733.39,39,53,C,4,5,5,refutation,2181,0.01,1
rome,grafo10734.37,37,51,C,3,5,5,refutation,1057,0.006,1
rome,grafo10675.95,95,131,C,6,10,9,budget,11482081,10.007,1
rome,grafo10676.100,100,136,C,6,9,9,budget,12267520,10.024,1
rome,grafo10677.95,95,122,C,5,9,8,budget,10642949,10.01,1
rome,grafo10699.98,98,123,C,6,8,7,refutation,3296910,4.897,1
rome,grafo10711.93,93,123,C,6,9,8,refutation,4165006,4.253,1
rome,grafo1074.14,14,19,C,3,3,3,bound,0,0.0,1
rome,grafo10680.95,95,126,C,6,10,9,budget,13820239,10.02,1
rome,grafo10739.93,93,113,C,4,7,6,refutation,308630,0.552,1
rome,grafo10740.92,92,117,C,6,7,7,refutation,435780,0.382,1
rome,grafo10690.96,96,116,C,5,9,8,refutation,5032893,7.932,1
rome,grafo10681.93,93,124,C,6,9,9,budget,14348288,10.009,1
rome,grafo10745.31,31,36,C,3,3,3,bound,0,0.001,1
rome,grafo10746.36,36,42,C,3,4,3,bound,36,0.001,1
rome,grafo10747.38,38,44,C,2,4,3,refutation,196,0.001,1
rome,grafo10748.39,39,58,C,5,6,6,refutation,3484,0.006,1
rome,grafo10749.32,32,39,C,4,4,4,bound,0,0.001,1
rome,grafo1075.47,47,62,C,5,6,5,bound,32,0.001,1
rome,grafo10721.96,96,125,C,5,8,8,refutation,4364120,3.723,1
rome,grafo10751.36,36,48,C,4,5,5,refutation,1107,0.003,1
rome,grafo10752.35,35,42,C,3,5,4,refutation,652,0.002,1
rome,grafo10753.33,33,42,C,3,4,3,bound,69,0.001,1
rome,grafo10754.35,35,42,C,3,3,3,bound,0,0.001,1
rome,grafo10755.41,41,56,C,4,6,5,refutation,2297,0.005,1
rome,grafo10756.42,42,55,C,4,5,5,refutation,1951,0.004,1
rome,grafo10685.98,98,144,C,7,13,12,budget,14340186,10.021,1
rome,grafo10688.95,95,137,C,7,10,10,budget,14921728,10.011,1
rome,grafo10689.98,98,140,C,6,10,9,budget,13733281,10.01,1
rome,grafo1076.18,18,24,C,3,3,3,bound,0,0.0,1
rome,grafo10743.96,96,118,C,5,8,7,refutation,2005186,2.156,1
rome,grafo10693.98,98,150,C,7,11,10,budget,6479666,10.019,1
rome,grafo10694.96,96,137,C,7,11,11,budget,12918784,10.025,1
rome,grafo10695.98,98,138,C,7,11,11,budget,11399168,10.019,1
rome,grafo10736.99,99,137,C,7,9,8,refutation,3741722,4.474,1
rome,grafo10765.92,92,119,C,5,7,6,refutation,154147,0.358,1
rome,grafo10766.33,33,38,C,3,4,4,refutation,365,0.001,1
rome,grafo10767.38,38,50,C,4,5,5,refutation,1496,0.006,1
rome,grafo10768.35,35,49,C,4,5,4,bound,125,0.004,1
rome,grafo10769.36,36,48,C,3,5,4,refutation,312,0.001,1
rome,grafo1077.11,11,12,C,2,2,2,bound,0,0.0,1
rome,grafo10770.35,35,46,C,4,5,5,refutation,738,0.002,1
rome,grafo10696.99,99,138,C,7,10,10,budget,11960320,10.024,1
rome,grafo10698.95,95,137,C,7,11,11,budget,11329536,10.011,1
rome,grafo10700.98,98,139,C,7,11,10,budget,9749846,10.013,1
rome,grafo10705.97,97,133,C,6,10,9,budget,10909799,10.027,1
rome,grafo10709.98,98,134,C,6,9,9,budget,14024704,10.011,1
rome,grafo10712.98,98,141,C,6,11,10,budget,9916633,10.021,1
rome,grafo10776.96,96,117,C,4,6,6,refutation,249251,0.216,1
rome,grafo10713.92,92,136,C,6,11,11,budget,12795904,10.026,1
rome,grafo10714.99,99,137,C,6,11,11,budget,13795328,10.019,1
rome,grafo1078.11,11,12,C,2,2,2,bound,0,0.0,1
rome,grafo10716.97,97,127,C,5,9,9,budget,13201408,10.022,1
rome,grafo10717.96,96,127,C,6,9,8,budget,12279941,10.021,1
rome,grafo10719.96,96,133,C,6,10,9,budget,13393445,10.013,1
rome,grafo10779.96,96,125,C,6,8,7,refutation,944420,1.316,1
rome,grafo10720.96,96,127,C,5,10,9,budget,11761537,10.013,1
rome,grafo10722.96,96,139,C,7,11,11,budget,11882496,10.012,1
rome,grafo10787.95,95,121,C,5,8,7,refutation,465326,0.374,1
rome,grafo10725.99,99,129,C,6,9,8,budget,12399919,10.017,1
rome,grafo10726.99,99,140,C,6,10,10,budget,10125312,10.022,1
rome,grafo1079.19,19,18,C,1,2,2,refutation,22,0.0,1
rome,grafo10727.94,94,131,C,6,11,11,budget,12886016,10.019,1
rome,grafo10791.34,34,35,C,2,4,3,refutation,213,0.001,1
rome,grafo10775.94,94,124,C,6,9,8,refutation,2983064,3.225,1
rome,grafo10735.99,99,136,C,7,10,10,budget,10678272,10.02,1
rome,grafo10737.99,99,142,C,7,12,12,budget,10829824,10.018,1
rome,grafo10795.32,32,35,C,2,3,3,refutation,211,0.004,1
rome,grafo10796.33,33,38,C,3,3,3,bound,0,0.001,1
rome,grafo10784.98,98,126,C,5,9,8,refutation,2615805,2.281,1
rome,grafo10798.37,37,47,C,3,4,4,refutation,542,0.002,1
rome,grafo10799.34,34,39,C,3,4,3,bound,58,0.001,1
rome,grafo1080.16,16,18,C,2,3,2,bound,28,0.0,1
rome,grafo10738.96,96,124,C,6,9,9,budget,10969088,10.011,1
rome,grafo10801.35,35,39,C,3,4,3,bound,33,0.001,1
rome,grafo10800.37,37,45,C,4,5,5,refutation,1607,0.003,1
rome,grafo10802.37,37,48,C,4,5,4,bound,30,0.001,1
rome,grafo10804.35,35,46,C,4,5,5,refutation,738,0.002,1
rome,grafo10797.94,94,125,C,5,8,7,refutation,353479,0.332,1
rome,grafo10773.93,93,126,C,6,10,9,refutation,5158515,4.871,1
rome,grafo10764.96,96,131,C,6,9,8,refutation,6439432,6.81,1
rome,grafo10786.100,100,131,C,5,9,8,refutation,2332909,2.84,1
rome,grafo10741.92,92,132,C,6,11,10,budget,10895443,10.011,1
rome,grafo1081.15,15,24,C,3,3,3,bound,0,0.0,1
rome,grafo10742.99,99,130,C,6,10,9,budget,13877363,10.011,1
rome,grafo10744.96,96,129,C,6,10,9,budget,9912862,10.013,1
rome,grafo10750.100,100,135,C,7,10,10,budget,9695232,10.012,1
rome,grafo10757.96,96,134,C,6,10,9,budget,10928228,10.01,1
rome,grafo10758.96,96,142,C,7,11,11,budget,12156928,10.027,1
rome,grafo10759.96,96,122,C,5,8,8,budget,11563008,10.017,1
rome,grafo10760.96,96,145,C,8,12,12,budget,12865536,10.008,1
rome,grafo10803.99,99,132,C,6,9,8,refutation,2851332,2.799,1
rome,grafo10771.92,92,127,C,6,10,9,refutation,7640590,8.269,1
rome,grafo10815.97,97,126,C,5,8,8,refutation,1040398,0.889,1
rome,grafo1082.23,23,24,C,2,2,2,bound,0,0.0,1
rome,grafo10761.95,95,117,C,5,9,9,budget,11014144,10.012,1
rome,grafo10762.99,99,133,C,6,10,10,budget,10973184,10.01,1
rome,grafo10817.96,96,126,C,6,8,7,refutation,978929,1.042,1
rome,grafo10763.92,92,129,C,6,10,9,budget,13396897,10.021,1
rome,grafo10818.97,97,128,C,6,8,7,refutation,1335508,1.109,1
rome,grafo10824.92,92,116,C,5,8,7,refutation,923099,0.726,1
rome,grafo10772.100,100,156,C,7,13,12,budget,10269678,10.01,1
rome,grafo10812.98,98,128,C,5,9,8,refutation,4004368,3.79,1
rome,grafo10828.97,97,135,C,6,9,8,refutation,827284,0.972,1
rome,grafo10774.93,93,127,C,6,10,9,budget,9937514,10.025,1
rome,grafo1083.14,14,15,C,2,2,2,bound,0,0.0,1
rome,grafo10813.93,93,126,C,6,9,8,refutation,3987396,5.193,1
rome,grafo10816.93,93,119,C,5,9,8,refutation,2707318,3.861,1
rome,grafo10777.100,100,133,C,6,10,9,budget,12082411,10.012,1
rome,grafo10778.100,100,128,C,5,10,9,budget,13221038,10.02,1
rome,grafo10780.99,99,149,C,7,12,12,budget,11497472,10.021,1
rome,grafo10835.39,39,45,C,3,3,3,bound,0,0.001,1
rome,grafo10781.100,100,142,C,7,12,11,budget,12513455,10.02,1
rome,grafo10782.95,95,127,C,6,10,9,budget,8848861,10.025,1
rome,grafo10838.37,37,45,C,3,5,4,refutation,622,0.005,1
rome,grafo10839.32,32,36,C,2,3,3,refutation,65,0.001,1
rome,grafo1084.11,11,10,C,1,1,1,bound,0,0.0,1
rome,grafo10840.36,36,50,C,4,6,6,refutation,1583,0.007,1
rome,grafo10841.35,35,45,C,4,5,4,bound,121,0.001,1
rome,grafo10842.33,33,42,C,3,4,3,bound,69,0.001,1
rome,grafo10843.34,34,39,C,3,4,3,bound,56,0.001,1
rome,grafo10844.39,39,49,C,4,5,5,refutation,2877,0.012,1
rome,grafo10845.41,41,53,C,4,5,5,refutation,3009,0.012,1
rome,grafo10846.40,40,59,C,5,6,6,refutation,4177,0.02,1
rome,grafo10837.95,95,125,C,4,8,7,refutation,226126,0.265,1
rome,grafo10785.94,94,134,C,6,10,9,budget,11715451,10.022,1
rome,grafo10848.94,94,119,C,4,7,6,refutation,50681,0.151,1
rome,grafo1085.17,17,18,C,2,2,2,bound,0,0.0,1
rome,grafo10847.93,93,115,C,5,7,6,refutation,232183,0.337,1
rome,grafo10788.98,98,132,C,5,10,9,budget,14614646,10.009,1
rome,grafo10852.94,94,110,C,4,7,6,refutation,287104,0.29,1
rome,grafo10853.92,92,113,C,5,7,6,refutation,105720,0.188,1
rome,grafo10789.91,91,133,C,7,11,11,budget,9850880,10.023,1
rome,grafo10790.98,98,125,C,5,8,8,budget,9728000,10.021,1
rome,grafo10792.98,98,137,C,6,11,11,budget,10686464,10.012,1
rome,grafo10793.95,95,135,C,6,9,9,budget,10436608,10.018,1
rome,grafo10794.100,100,130,C,5,9,8,budget,8526309,10.012,1
rome,grafo10855.96,96,113,C,4,7,6,refutation,307795,0.394,1
rome,grafo1086.18,18,26,C,4,4,4,bound,0,0.0,1
rome,grafo10850.94,94,129,C,6,8,8,refutation,1799961,1.687,1
rome,grafo10827.99,99,135,C,6,9,9,refutation,4598657,5.014,1
rome,grafo10805.98,98,135,C,7,10,10,budget,9728000,10.017,1
rome,grafo10858.93,93,118,C,4,7,7,refutation,501950,0.595,1
rome,grafo10807.95,95,140,C,7,11,11,budget,12972032,10.012,1
rome,grafo10806.97,97,139,C,7,11,11,budget,13578240,10.028,1
rome,grafo10808.98,98,136,C,7,11,10,budget,10227261,10.012,1
rome,grafo10809.99,99,131,C,6,10,10,budget,11735040,10.009,1
rome,grafo10810.97,97,144,C,7,12,11,budget,13103173,10.01,1
rome,grafo10811.96,96,142,C,7,11,11,budget,11608064,10.024,1
rome,grafo1087.14,14,19,C,3,3,3,bound,0,0.0,1
rome,grafo10829.97,97,136,C,7,10,8,refutation,4448724,5.218,1
rome,grafo10868.96,96,117,C,5,7,6,refutation,264727,0.34,1
rome,grafo10872.93,93,115,C,5,6,5,bound,109,0.005,1
rome,grafo10814.98,98,141,C,7,11,11,budget,13475840,10.01,1
rome,grafo10874.94,94,122,C,5,8,7,refutation,786852,0.616,1
rome,grafo10819.95,95,122,C,6,10,9,budget,13595460,10.011,1
rome,grafo10820.100,100,141,C,6,10,9,budget,11889747,10.013,1
rome,grafo10821.96,96,115,C,4,8,8,budget,12902400,10.014,1
rome,grafo10877.97,97,124,C,5,8,7,refutation,628876,0.58,1
rome,grafo10822.97,97,134,C,7,10,10,budget,12754944,10.017,1
rome,grafo1088.11,11,17,C,3,3,3,bound,0,0.0,1
rome,grafo10823.96,96,129,C,6,10,9,budget,12073611,10.009,1
rome,grafo10825.98,98,138,C,7,12,11,budget,13422527,10.018,1
rome,grafo10880.95,95,119,C,5,8,7,refutation,527276,0.571,1
rome,grafo10826.93,93,125,C,6,10,9,budget,14977869,10.017,1
rome,grafo10871.95,95,125,C,5,8,8,refutation,3132562,4.417,1
rome,grafo10830.92,92,129,C,6,9,9,budget,11276288,10.024,1
rome,grafo10875.97,97,122,C,5,8,8,refutation,5300117,3.955,1
rome,grafo10887.31,31,36,C,2,3,3,refutation,55,0.001,1
rome,grafo10888.35,35,46,C,4,5,5,refutation,738,0.002,1
rome,grafo10889.36,36,42,C,3,4,4,refutation,730,0.002,1
rome,grafo1089.23,23,22,C,1,3,2,refutation,44,0.0,1
rome,grafo10890.34,34,39,C,2,4,3,refutation,162,0.001,1
rome,grafo10832.94,94,142,C,7,12,11,budget,13835749,10.012,1
rome,grafo10892.37,37,48,C,4,5,5,refutation,1901,0.004,1
rome,grafo10831.98,98,146,C,7,11,10,budget,10543129,10.024,1
rome,grafo10833.98,98,132,C,6,9,9,budget,12021760,10.025,1
rome,grafo10834.93,93,133,C,7,11,10,budget,12885591,10.025,1
rome,grafo10884.93,93,122,C,6,8,8,refutation,2567942,2.175,1
rome,grafo10891.95,95,118,C,5,7,7,refutation,726683,0.572,1
rome,grafo10836.97,97,139,C,7,11,11,budget,14327808,10.019,1
rome,grafo10896.96,96,115,C,4,8,6,refutation,1104467,0.798,1
rome,grafo1090.29,29,33,C,3,4,3,bound,19,0.001,1
rome,grafo10849.95,95,138,C,7,11,11,budget,6832128,10.025,1
rome,grafo10851.95,95,134,C,6,9,9,budget,10883072,10.011,1
rome,grafo10902.33,33,42,C,3,4,4,refutation,243,0.001,1
rome,grafo10899.96,96,121,C,5,8,7,refutation,1061042,1.033,1
rome,grafo10854.99,99,135,C,6,10,8,budget,11665336,10.018,1
rome,grafo10886.97,97,130,C,6,9,8,refutation,2825784,3.276,1
rome,grafo10881.97,97,130,C,6,10,8,refutation,6660117,5.625,1
rome,grafo10856.91,91,119,C,6,10,9,budget,14268537,10.023,1
rome,grafo10857.95,95,126,C,6,10,9,budget,7532602,10.023,1
rome,grafo10859.97,97,137,C,6,11,10,budget,9318953,10.023,1
rome,grafo1091.21,21,29,C,3,3,3,bound,0,0.0,1
rome,grafo10860.93,93,138,C,7,13,12,budget,11157325,10.019,1
rome,grafo10861.100,100,138,C,6,10,10,budget,12161024,10.013,1
rome,grafo10862.98,98,136,C,6,11,9,budget,10292350,10.019,1
rome,grafo10910.94,94,118,C,5,7,6,refutation,149346,0.389,1
rome,grafo10863.94,94,126,C,5,9,9,budget,10481664,10.012,1
rome,grafo10864.99,99,140,C,6,10,9,budget,8034725,10.018,1
rome,grafo10865.100,100,141,C,7,11,10,budget,9281193,10.024,1
rome,grafo10866.98,98,135,C,6,11,10,budget,12816264,10.021,1
rome,grafo10909.96,96,124,C,5,7,7,refutation,696188,1.178,1
rome,grafo10867.95,95,135,C,7,11,11,budget,11173888,10.01,1
rome,grafo1092.42,42,53,C,4,5,5,refutation,1871,0.004,1
rome,grafo10906.97,97,116,C,5,8,7,refutation,1245192,1.491,1
rome,grafo10914.96,96,127,C,6,8,7,refutation,439871,0.858,1
rome,grafo10869.96,96,135,C,5,11,11,budget,10149888,10.012,1
rome,grafo10870.94,94,129,C,6,11,10,budget,11288653,10.008,1
rome,grafo10873.97,97,131,C,7,10,10,budget,10862592,10.019,1
rome,grafo10916.95,95,118,C,5,8,7,refutation,900774,1.089,1
rome,grafo10920.95,95,122,C,5,8,7,refutation,1394409,1.652,1
rome,grafo10912.92,92,126,C,6,9,8,refutation,3391751,3.069,1
rome,grafo10876.98,98,140,C,6,11,10,budget,14696627,10.021,1
rome,grafo10917.94,94,132,C,6,9,8,refutation,2970854,2.7,1
rome,grafo1093.15,15,17,C,2,2,2,bound,0,0.0,1
rome,grafo10878.94,94,138,C,6,12,11,budget,9795287,10.024,1
rome,grafo10931.94,94,117,C,4,7,6,refutation,193552,0.219,1
rome,grafo10879.92,92,124,C,6,10,9,budget,12220212,10.009,1
rome,grafo10882.95,95,136,C,7,11,10,budget,12418534,10.012,1
rome,grafo10883.93,93,136,C,7,11,11,budget,11608064,10.008,1
rome,grafo10913.97,97,130,C,6,9,9,refutation,4355306,5.081,1
rome,grafo10922.100,100,130,C,6,8,8,refutation,2763709,4.161,1
rome,grafo10928.100,100,140,C,6,8,8,refutation,2671347,2.401,1
rome,grafo10938.33,33,36,C,2,3,3,refutation,169,0.001,1
rome,grafo10939.33,33,38,C,2,3,2,bound,29,0.001,1
rome,grafo1094.17,17,19,C,2,3,2,bound,40,0.0,1
rome,grafo10940.39,39,47,C,4,5,5,refutation,1424,0.003,1
rome,grafo10941.37,37,49,C,4,5,4,bound,51,0.001,1
rome,grafo10942.35,35,46,C,4,5,5,refutation,738,0.002,1
rome,grafo10932.94,94,124,C,5,9,8,refutation,1337390,2.039,1
rome,grafo10885.98,98,124,C,6,9,9,budget,10878976,10.012,1
rome,grafo10894.97,97,135,C,6,10,10,budget,10723328,10.01,1
rome,grafo10893.92,92,129,C,6,11,10,budget,13250201,10.018,1
rome,grafo10895.98,98,130,C,6,9,9,budget,10539008,10.026,1
rome,grafo10897.95,95,121,C,4,8,8,budget,14774272,10.018,1
rome,grafo10898.95,95,136,C,6,10,9,budget,15287588,10.018,1
rome,grafo1095.11,11,14,C,3,3,3,bound,0,0.0,1
rome,grafo10927.95,95,132,C,6,10,9,refutation,4693325,4.59,1
rome,grafo10900.93,93,131,C,6,10,10,budget,14749696,10.01,1
rome,grafo10948.98,98,130,C,5,8,7,refutation,1075655,1.155,1
rome,grafo10901.94,94,132,C,6,10,9,budget,11440683,10.025,1
rome,grafo10903.93,93,134,C,7,10,10,budget,11292672,10.012,1
rome,grafo10951.97,97,122,C,5,8,7,refutation,1009198,1.305,1
rome,grafo10934.95,95,131,C,6,9,8,refutation,4803415,4.261,1
rome,grafo10904.94,94,129,C,6,9,9,budget,15425536,10.012,1
rome,grafo10957.92,92,122,C,5,8,7,refutation,288388,0.443,1
rome,grafo10953.93,93,118,C,5,8,8,refutation,1097843,1.087,1
rome,grafo1096.44,44,58,C,4,6,5,refutation,1798,0.008,1
rome,grafo10905.97,97,138,C,7,11,11,budget,15261696,10.009,1
rome,grafo10907.99,99,137,C,6,9,9,budget,10465280,10.018,1
rome,grafo10908.98,98,135,C,7,10,10,budget,7147520,10.024,1
rome,grafo10911.100,100,135,C,6,10,9,budget,10536386,10.01,1
rome,grafo10964.95,95,122,C,5,7,6,refutation,157796,0.251,1
rome,grafo10915.97,97,134,C,6,10,10,budget,11689984,10.021,1
rome,grafo10918.98,98,140,C,7,12,11,budget,12275809,10.011,1
rome,grafo10919.97,97,136,C,6,11,11,budget,7671808,10.01,1
rome,grafo10921.97,97,130,C,6,9,9,budget,6774784,10.022,1
rome,grafo10946.92,92,120,C,5,9,8,refutation,4644623,4.344,1
rome,grafo1097.16,16,18,C,2,3,2,bound,19,0.003,1
rome,grafo10923.97,97,133,C,6,10,9,budget,10977542,10.011,1
rome,grafo10968.99,99,128,C,4,7,7,refutation,350308,0.379,1
rome,grafo10924.98,98,129,C,6,9,8,budget,14979295,10.021,1
rome,grafo10925.95,95,127,C,6,9,9,budget,7639040,10.023,1
rome,grafo10926.99,99,139,C,6,10,9,budget,11352929,10.011,1
rome,grafo10956.95,95,129,C,5,9,8,refutation,2501011,3.692,1
rome,grafo10954.94,94,120,C,5,8,8,refutation,3954331,4.159,1
rome,grafo10961.96,96,126,C,5,9,8,refutation,3476577,3.259,1
rome,grafo10970.100,100,135,C,5,8,8,refutation,2007358,2.031,1
rome,grafo10979.39,39,45,C,3,4,4,refutation,791,0.002,1
rome,grafo1098.10,10,9,C,1,2,2,refutation,10,0.0,1
rome,grafo10929.94,94,130,C,7,10,9,budget,12017741,10.012,1
rome,grafo10981.33,33,39,C,3,4,4,refutation,305,0.001,1
rome,grafo10982.34,34,42,C,3,4,3,bound,60,0.001,1
rome,grafo10983.34,34,38,C,3,4,3,bound,42,0.001,1
rome,grafo10974.97,97,124,C,5,8,7,refutation,1001652,1.778,1
rome,grafo10930.100,100,130,C,6,9,9,budget,10199040,10.019,1
rome,grafo10971.96,96,119,C,6,9,8,refutation,2781606,2.515,1
rome,grafo10933.94,94,128,C,7,10,9,budget,11671178,10.018,1
rome,grafo10988.98,98,127,C,4,7,6,refutation,139532,0.212,1
rome,grafo10935.94,94,127,C,6,10,10,budget,15802368,10.01,1
rome,grafo1099.11,11,11,C,2,2,2,bound,0,0.0,1
rome,grafo10987.96,96,134,C,6,9,8,refutation,929851,1.037,1
rome,grafo10936.98,98,124,C,5,9,8,budget,11020084,10.008,1
rome,grafo10937.100,100,136,C,6,10,9,budget,9840962,10.021,1
rome,grafo10943.95,95,138,C,6,11,10,budget,11224652,10.009,1
rome,grafo10944.96,96,127,C,6,10,9,budget,9525258,10.021,1
rome,grafo10945.98,98,142,C,7,11,10,budget,9781643,10.009,1
rome,grafo10994.94,94,126,C,5,8,7,refutation,730343,0.555,1
rome,grafo10947.97,97,128,C,6,9,9,budget,12890112,10.009,1
rome,grafo10967.93,93,122,C,5,9,8,refutation,9184064,6.099,1
rome,grafo10949.95,95,135,C,7,11,10,budget,14639164,10.02,1
rome,grafo1100.11,11,12,C,2,2,2,bound,0,0.0,1
rome,grafo10997.100,100,126,C,4,8,7,refutation,1120445,1.074,1
rome,grafo10950.97,97,143,C,6,11,10,budget,14058044,10.011,1
rome,grafo10986.96,96,122,C,5,9,7,refutation,2692943,3.865,1
rome,grafo10952.96,96,137,C,7,11,10,budget,14473299,10.011,1
rome,grafo10989.97,97,126,C,5,8,8,refutation,4184870,3.77,1
rome,grafo11004.98,98,117,C,4,7,6,refutation,170148,0.174,1
rome,grafo10977.94,94,122,C,5,9,8,refutation,4776543,5.802,1
rome,grafo10955.94,94,129,C,5,9,9,budget,8224768,10.012,1
rome,grafo10958.98,98,154,C,8,13,13,budget,11436032,10.022,1
rome,grafo10959.97,97,131,C,6,10,9,budget,13246536,10.019,1
rome,grafo1101.25,25,37,C,3,5,4,refutation,255,0.004,1
rome,grafo10960.98,98,131,C,6,11,11,budget,10825728,10.024,1
rome,grafo10996.97,97,131,C,6,9,8,refutation,3326379,3.309,1
rome,grafo10962.100,100,145,C,7,13,12,budget,9395761,10.023,1
rome,grafo11013.35,35,43,C,3,4,4,refutation,477,0.002,1
rome,grafo10963.97,97,127,C,6,10,9,budget,8683247,10.01,1
rome,grafo11009.98,98,126,C,6,8,7,refutation,1785024,1.419,1
rome,grafo10965.99,99,130,C,5,9,9,budget,11452416,10.019,1
rome,grafo11005.93,93,121,C,6,9,8,refutation,2846401,2.541,1
rome,grafo10966.96,96,132,C,6,9,9,budget,11018240,10.013,1
rome,grafo10999.92,92,129,C,6,9,8,refutation,3801965,3.705,1
rome,grafo1102.29,29,29,C,2,3,2,bound,28,0.001,1
rome,grafo10969.98,98,131,C,6,9,8,budget,6822743,10.011,1
rome,grafo11019.93,93,123,C,6,8,8,refutation,1089998,0.912,1
rome,grafo11022.32,32,35,C,2,3,3,refutation,161,0.001,1
rome,grafo11023.33,33,33,C,2,2,2,bound,0,0.001,1
rome,grafo11024.38,38,45,C,3,4,4,refutation,480,0.002,1
rome,grafo10972.95,95,138,C,7,11,10,budget,10277888,10.013,1
rome,grafo11026.33,33,36,C,2,3,2,bound,42,0.001,1
rome,grafo10973.94,94,125,C,6,9,9,budget,13258752,10.01,1
rome,grafo11028.40,40,56,C,4,5,5,refutation,4408,0.007,1
rome,grafo11029.32,32,36,C,2,3,3,refutation,103,0.001,1
rome,grafo1103.24,24,28,C,2,3,2,bound,34,0.0,1
rome,grafo11030.36,36,47,C,4,5,5,refutation,933,0.002,1
rome,grafo11031.36,36,41,C,3,4,4,refutation,790,0.002,1
rome,grafo11032.36,36,45,C,3,5,4,refutation,394,0.001,1
rome,grafo11027.92,92,122,C,5,7,6,refutation,44894,0.081,1
rome,grafo10975.96,96,128,C,6,9,9,budget,11829248,10.016,1
rome,grafo11033.94,94,121,C,5,8,7,refutation,461567,0.369,1
rome,grafo10976.92,92,137,C,7,11,10,budget,9619072,10.023,1
rome,grafo10978.98,98,130,C,5,9,9,budget,13926400,10.011,1
rome,grafo10991.97,97,134,C,6,10,9,refutation,11043240,7.829,1
rome,grafo11007.93,93,125,C,6,9,9,refutation,3383304,4.731,1
rome,grafo1104.21,21,24,C,3,3,3,bound,0,0.0,1
rome,grafo10980.95,95,121,C,5,9,8,budget,13131997,10.019,1
rome,grafo10984.98,98,132,C,6,10,9,budget,17645109,10.009,1
rome,grafo10985.96,96,128,C,6,10,9,budget,9613803,10.025,1
rome,grafo10990.96,96,133,C,6,9,9,budget,6754304,10.021,1
rome,grafo11021.96,96,131,C,6,10,9,refutation,4668214,4.063,1
rome,grafo10992.94,94,133,C,7,12,11,budget,7227215,10.025,1
rome,grafo10993.95,95,130,C,6,9,9,budget,10158080,10.012,1
rome,grafo10995.96,96,130,C,6,10,10,budget,8638464,10.01,1
rome,grafo11038.100,100,133,C,6,9,8,refutation,5050948,3.924,1
rome,grafo1105.19,19,24,C,3,4,4,refutation,110,0.001,1
rome,grafo10998.100,100,142,C,6,11,9,budget,11557402,10.02,1
rome,grafo11000.99,99,145,C,7,11,10,budget,11264184,10.018,1
rome,grafo11001.97,97,136,C,7,11,11,budget,13434880,10.019,1
rome,grafo11002.96,96,133,C,6,9,9,budget,15020032,10.023,1
rome,grafo11003.100,100,140,C,7,11,11,budget,6709248,10.018,1
rome,grafo11051.100,100,134,C,6,8,7,refutation,688338,0.605,1
rome,grafo11006.97,97,135,C,7,11,10,budget,13975665,10.008,1
rome,grafo11055.98,98,126,C,6,8,7,refutation,443964,0.778,1
rome,grafo11046.97,97,128,C,6,9,8,refutation,2622842,2.984,1
rome,grafo11008.99,99,151,C,7,12,12,budget,11960320,10.011,1
rome,grafo1106.21,21,35,C,5,5,5,bound,0,0.0,1
rome,grafo11010.97,97,128,C,6,9,9,budget,17489920,10.012,1
rome,grafo11011.100,100,139,C,6,9,9,budget,6950912,10.024,1
rome,grafo11012.96,96,135,C,7,11,11,budget,7585792,10.022,1
rome,grafo11014.100,100,138,C,6,11,10,budget,7184589,10.017,1
rome,grafo11015.98,98,136,C,6,10,10,budget,12017664,10.01,1
rome,grafo11061.94,94,119,C,5,8,7,refutation,819651,0.857,1
rome,grafo11016.98,98,145,C,7,11,11,budget,9764864,10.023,1
rome,grafo11017.97,97,125,C,5,10,9,budget,11481164,10.013,1
rome,grafo11018.99,99,130,C,5,10,9,budget,11340450,10.021,1
rome,grafo11020.100,100,145,C,7,12,11,budget,13590109,10.009,1
rome,grafo1107.15,15,19,C,2,2,2,bound,0,0.0,1
rome,grafo11068.96,96,118,C,5,8,6,refutation,163572,0.301,1
rome,grafo11025.94,94,130,C,6,10,9,budget,9515143,10.025,1
rome,grafo11034.95,95,132,C,6,10,9,budget,10428707,10.025,1
rome,grafo11035.99,99,139,C,7,11,11,budget,11321344,10.012,1
rome,grafo11063.92,92,116,C,5,8,7,refutation,1547812,2.395,1
rome,grafo11036.97,97,129,C,6,10,9,budget,13523178,10.012,1
rome,grafo11037.99,99,144,C,7,11,11,budget,10457088,10.023,1
rome,grafo11077.36,36,40,C,3,4,3,bound,120,0.001,1
rome,grafo11065.100,100,127,C,5,8,7,refutation,2614321,2.515,1
rome,grafo11079.39,39,48,C,3,4,4,refutation,994,0.003,1
rome,grafo1108.18,18,25,C,3,3,3,bound,0,0.0,1
rome,grafo11039.96,96,143,C,7,12,11,budget,14332011,10.008,1
rome,grafo11081.34,34,39,C,3,3,3,bound,0,0.001,1
rome,grafo11082.33,33,42,C,3,4,3,bound,69,0.001,1
rome,grafo11083.37,37,49,C,4,5,4,bound,121,0.001,1
rome,grafo11084.36,36,44,C,3,5,4,refutation,388,0.001,1
rome,grafo11078.100,100,130,C,6,8,7,refutation,413485,0.482,1
rome,grafo11085.97,97,121,C,4,7,6,refutation,161207,0.187,1
rome,grafo11040.95,95,134,C,6,9,9,budget,10477568,10.021,1
rome,grafo11041.97,97,126,C,5,9,8,budget,8368393,10.028,1
rome,grafo11042.94,94,129,C,6,11,10,budget,14320902,10.019,1
rome,grafo1109.24,24,33,C,4,4,4,bound,0,0.0,1
rome,grafo11089.93,93,114,C,4,7,5,refutation,36287,0.125,1
rome,grafo11043.94,94,132,C,6,11,10,budget,6227423,10.022,1
rome,grafo11090.93,93,112,C,4,7,6,refutation,308580,0.316,1
rome,grafo11044.95,95,138,C,7,11,11,budget,10129408,10.019,1
rome,grafo11071.94,94,124,C,6,9,8,refutation,4636045,4.414,1
rome,grafo11045.94,94,134,C,6,10,10,budget,15167488,10.01,1
rome,grafo11066.96,96,127,C,5,9,8,refutation,6858351,5.338,1
rome,grafo11047.92,92,141,C,7,11,11,budget,12279808,10.02,1
rome,grafo11087.96,96,129,C,5,8,8,refutation,2980720,2.786,1
rome,grafo11048.94,94,128,C,6,10,9,budget,10812949,10.007,1
rome,grafo1110.20,20,22,C,2,3,2,bound,18,0.0,1
rome,grafo11086.96,96,125,C,5,9,8,refutation,3388389,3.483,1
rome,grafo11050.98,98,141,C,7,10,10,budget,18153472,10.011,1
rome,grafo11052.97,97,134,C,6,10,10,budget,13045760,10.011,1
rome,grafo11093.100,100,130,C,5,9,8,refutation,4352030,3.516,1
rome,grafo11053.94,94,132,C,6,9,9,budget,11395072,10.023,1
rome,grafo11054.96,96,127,C,6,10,9,budget,16548766,10.027,1
rome,grafo11056.98,98,136,C,6,10,10,budget,8667136,10.011,1
rome,grafo11080.93,93,126,C,6,9,9,refutation,5249100,5.295,1
rome,grafo11057.96,96,133,C,6,11,10,budget,12338940,10.01,1
rome,grafo11058.98,98,130,C,6,10,9,budget,6392209,10.022,1
rome,grafo1111.15,15,23,C,3,4,3,bound,14,0.0,1
rome,grafo11108.94,94,124,C,5,8,7,refutation,527134,0.444,1
rome,grafo11107.94,94,123,C,5,8,7,refutation,589037,0.79,1
rome,grafo11059.98,98,129,C,6,10,10,budget,12742656,10.008,1
rome,grafo11060.99,99,135,C,6,10,10,budget,7962624,10.02,1
rome,grafo11062.99,99,124,C,5,8,8,budget,7864320,10.012,1
rome,grafo11098.96,96,131,C,6,9,8,refutation,4025360,3.887,1
rome,grafo11103.93,93,116,C,5,8,8,refutation,3085965,2.302,1
rome,grafo11064.94,94,126,C,6,9,8,budget,8666124,10.027,1
rome,grafo11067.98,98,137,C,6,9,9,budget,14548992,10.011,1
rome,grafo11069.93,93,139,C,7,12,12,budget,13852672,10.01,1
rome,grafo1112.16,16,23,C,2,3,2,bound,15,0.0,1
rome,grafo11070.94,94,136,C,7,12,12,budget,13717504,10.012,1
rome,grafo11121.32,32,41,C,3,4,4,refutation,263,0.001,1
rome,grafo11122.37,37,44,C,3,5,4,refutation,438,0.002,1
rome,grafo11123.32,32,38,C,3,3,3,bound,0,0.001,1
rome,grafo11124.37,37,43,C,3,4,3,bound,55,0.001,1
rome,grafo11116.92,92,112,C,5,7,7,refutation,1395127,1.295,1
rome,grafo11126.36,36,46,C,4,4,4,bound,0,0.001,1
rome,grafo11127.31,31,37,C,3,3,3,bound,0,0.001,1
rome,grafo11128.36,36,47,C,4,5,5,refutation,839,0.002,1
rome,grafo11129.34,34,39,C,3,3,3,bound,0,0.001,1
rome,grafo1113.20,20,23,C,2,3,2,bound,19,0.0,1
rome,grafo11130.33,33,42,C,3,4,3,bound,69,0.001,1
rome,grafo11131.36,36,46,C,4,5,5,refutation,1021,0.006,1
rome,grafo11118.99,99,125,C,5,9,7,refutation,1513566,1.382,1
rome,grafo11072.98,98,143,C,7,11,10,budget,7987205,10.025,1
rome,grafo11073.100,100,149,C,7,12,12,budget,6955008,10.027,1
rome,grafo11074.96,96,129,C,6,9,9,budget,9641984,10.022,1
rome,grafo11075.97,97,127,C,5,10,9,budget,8283634,10.011,1
rome,grafo11076.97,97,136,C,6,10,10,budget,14688256,10.01,1
rome,grafo11120.96,96,128,C,5,9,8,refutation,2374639,1.736,1
rome,grafo11117.95,95,130,C,6,9,9,refutation,4323809,3.139,1
rome,grafo1114.24,24,35,C,3,4,3,bound,31,0.001,1
rome,grafo11088.97,97,139,C,6,12,11,budget,10784963,10.019,1
rome,grafo11091.97,97,125,C,5,9,9,budget,13221888,10.009,1
rome,grafo11092.97,97,134,C,7,10,10,budget,9523200,10.022,1
rome,grafo11137.95,95,126,C,5,8,8,refutation,1945661,1.899,1
rome,grafo11134.91,91,116,C,6,9,8,refutation,2994887,2.591,1
rome,grafo11138.100,100,129,C,5,9,7,refutation,3520075,2.682,1
rome,grafo11094.98,98,132,C,6,10,9,budget,6429330,10.018,1
rome,grafo11095.93,93,126,C,6,11,10,budget,10275274,10.019,1
rome,grafo11135.95,95,129,C,6,9,8,refutation,2166796,3.549,1
rome,grafo11096.97,97,138,C,7,10,10,budget,15204352,10.011,1
rome,grafo1115.31,31,43,C,4,5,4,bound,32,0.001,1
rome,grafo11097.96,96,132,C,7,11,11,budget,14409728,10.009,1
rome,grafo11099.99,99,151,C,7,13,13,budget,13479936,10.01,1
rome,grafo11100.95,95,137,C,6,10,10,budget,12402688,10.013,1
rome,grafo11101.95,95,139,C,7,11,10,budget,9641586,10.011,1
rome,grafo11147.100,100,126,C,5,8,7,refutation,848814,1.681,1
rome,grafo11102.98,98,136,C,7,10,9,budget,11034470,10.027,1
rome,grafo11133.93,93,127,C,6,9,8,refutation,4414417,5.386,1
rome,grafo11104.95,95,135,C,7,10,10,budget,12820480,10.011,1
rome,grafo11105.95,95,136,C,6,11,10,budget,6646452,10.021,1
rome,grafo11106.99,99,136,C,7,10,9,budget,13279019,10.013,1
rome,grafo1116.16,16,17,C,2,3,2,bound,14,0.0,1
rome,grafo11153.99,99,130,C,5,8,8,refutation,1555454,1.421,1
rome,grafo11156.98,98,117,C,4,7,6,refutation,679737,0.78,1
rome,grafo11109.94,94,130,C,7,11,11,budget,14659584,10.01,1
rome,grafo11163.38,38,50,C,3,5,4,refutation,488,0.002,1
rome,grafo11164.40,40,49,C,4,4,4,bound,0,0.001,1
rome,grafo11165.39,39,51,C,4,5,5,refutation,1141,0.003,1
rome,grafo11166.34,34,43,C,4,4,4,bound,0,0.001,1
rome,grafo11167.37,37,48,C,4,5,5,refutation,997,0.002,1
rome,grafo11168.34,34,40,C,3,3,3,bound,0,0.001,1
rome,grafo11110.99,99,135,C,6,10,10,budget,8978432,10.017,1
rome,grafo11111.94,94,127,C,6,11,9,budget,11461247,10.018,1
rome,grafo1117.11,11,10,C,1,2,2,refutation,10,0.0,1
rome,grafo11171.35,35,40,C,3,3,3,bound,0,0.001,1
rome,grafo11170.33,33,42,C,3,4,3,bound,69,0.001,1
rome,grafo11172.41,41,51,C,3,5,4,refutation,985,0.003,1
rome,grafo11173.41,41,49,C,4,5,4,bound,45,0.003,1
rome,grafo11160.100,100,122,C,5,8,7,refutation,996433,0.891,1
rome,grafo11158.94,94,120,C,4,7,7,refutation,1191708,1.059,1
rome,grafo11112.96,96,138,C,7,12,12,budget,9613312,10.022,1
rome,grafo11113.98,98,137,C,7,10,9,budget,9416933,10.01,1
rome,grafo11175.94,94,114,C,5,6,6,refutation,169552,0.35,1
rome,grafo1118.22,22,23,C,2,3,3,refutation,140,0.001,1
rome,grafo11180.34,34,34,C,2,3,2,bound,30,0.001,1
rome,grafo11114.93,93,137,C,7,11,10,budget,6116020,10.02,1
rome,grafo11161.99,99,120,C,4,8,7,refutation,1325316,1.542,1
rome,grafo11115.92,92,142,C,8,13,12,budget,10182513,10.023,1
rome,grafo11184.93,93,121,C,5,8,7,refutation,336812,0.438,1
rome,grafo11174.91,91,117,C,6,9,7,refutation,1250870,1.534,1
rome,grafo11159.93,93,119,C,5,8,7,refutation,1571390,2.512,1
rome,grafo11146.99,99,127,C,6,9,8,refutation,6789541,5.51,1
rome,grafo11119.98,98,135,C,7,10,10,budget,13217792,10.023,1
rome,grafo1119.16,16,22,C,3,3,3,bound,0,0.0,1
rome,grafo11125.100,100,140,C,7,11,10,budget,13361279,10.022,1
rome,grafo11132.95,95,133,C,6,11,10,budget,10508622,10.014,1
rome,grafo11136.98,98,122,C,5,9,8,budget,11509860,10.01,1
rome,grafo11191.100,100,129,C,5,8,7,refutation,1468842,1.244,1
rome,grafo11192.92,92,111,C,5,8,7,refutation,1498665,1.437,1
rome,grafo11139.98,98,124,C,5,10,8,budget,14301881,10.008,1
rome,grafo11186.93,93,128,C,6,10,8,refutation,3088837,3.17,1
rome,grafo11196.100,100,121,C,4,7,6,refutation,426353,0.329,1
rome,grafo11140.98,98,138,C,6,10,10,budget,16936960,10.011,1
rome,grafo1120.10,10,10,C,2,2,2,bound,0,0.0,1
rome,grafo11141.95,95,133,C,7,9,8,budget,6839436,10.024,1
rome,grafo11200.93,93,124,C,6,8,8,refutation,1024964,0.74,1
rome,grafo11202.32,32,38,C,3,3,3,bound,0,0.001,1
rome,grafo11142.99,99,144,C,6,10,9,budget,12186799,10.008,1
rome,grafo11143.98,98,135,C,6,11,11,budget,10776576,10.014,1
rome,grafo11185.94,94,126,C,6,9,8,refutation,2669785,4.244,1
rome,grafo11144.92,92,136,C,7,10,10,budget,11948032,10.012,1
rome,grafo11207.34,34,38,C,3,4,3,bound,23,0.001,1
rome,grafo11208.38,38,47,C,4,5,4,bound,47,0.001,1
rome,grafo11209.36,36,45,C,4,4,4,bound,0,0.001,1
rome,grafo1121.17,17,20,C,3,3,3,bound,0,0.0,1
rome,grafo11210.33,33,42,C,3,4,3,bound,69,0.001,1
rome,grafo11211.33,33,37,C,2,3,3,refutation,124,0.001,1
rome,grafo11212.41,41,56,C,4,6,6,refutation,15675,0.025,1
rome,grafo11213.37,37,49,C,4,5,5,refutation,797,0.002,1
rome,grafo11214.40,40,52,C,3,4,4,refutation,635,0.002,1
rome,grafo11145.99,99,140,C,7,10,10,budget,13484032,10.023,1
rome,grafo11190.92,92,130,C,6,10,9,refutation,4038143,3.869,1
rome,grafo11148.99,99,138,C,7,11,10,budget,10647665,10.009,1
rome,grafo11149.100,100,136,C,6,10,9,budget,12231752,10.019,1
rome,grafo11150.99,99,133,C,6,10,10,budget,14163968,10.011,1
rome,grafo1122.17,17,17,C,2,2,2,bound,0,0.0,1
rome,grafo11151.92,92,121,C,6,10,9,budget,13111373,10.012,1
rome,grafo11216.94,94,127,C,6,9,8,refutation,1630702,1.466,1
rome,grafo11152.98,98,134,C,6,10,10,budget,12533760,10.009,1
rome,grafo11222.93,93,123,C,5,8,7,refutation,371204,0.326,1
rome,grafo11224.34,34,37,C,2,3,3,refutation,110,0.001,1
rome,grafo11221.92,92,113,C,4,8,7,refutation,823922,0.662,1
rome,grafo11197.92,92,122,C,5,9,8,refutation,3670554,3.534,1
rome,grafo11226.91,91,117,C,5,8,7,refutation,352178,0.33,1
rome,grafo11154.95,95,134,C,7,10,10,budget,10625024,10.013,1
rome,grafo11155.99,99,125,C,6,10,9,budget,6278591,10.023,1
rome,grafo1123.10,10,10,C,2,2,2,bound,0,0.0,1
rome,grafo11157.100,100,138,C,6,10,9,budget,5998263,10.02,1
rome,grafo11162.100,100,136,C,6,9,9,budget,10858496,10.021,1
rome,grafo11228.94,94,125,C,6,9,8,refutation,1442748,1.412,1
rome,grafo11234.35,35,35,C,2,2,2,bound,0,0.001,1
rome,grafo11235.35,35,44,C,3,5,4,refutation,560,0.002,1
rome,grafo11236.38,38,52,C,4,6,5,refutation,1112,0.003,1
rome,grafo11237.35,35,41,C,3,4,3,bound,30,0.001,1
rome,grafo11238.37,37,47,C,4,4,4,bound,0,0.001,1
rome,grafo11239.31,31,38,C,3,4,4,refutation,145,0.001,1
rome,grafo1124.15,15,16,C,2,3,3,refutation,30,0.0,1
rome,grafo11240.36,36,47,C,3,5,5,refutation,1114,0.002,1
rome,grafo11241.34,34,39,C,3,3,3,bound,0,0.001,1
rome,grafo11242.41,41,52,C,4,5,5,refutation,2524,0.005,1
rome,grafo11243.37,37,50,C,4,5,4,bound,118,0.001,1
rome,grafo11244.36,36,48,C,4,5,5,refutation,1223,0.002,1
rome,grafo11245.92,92,118,C,5,7,7,refutation,310451,0.242,1
rome,grafo11169.99,99,128,C,6,9,9,budget,12128256,10.026,1
rome,grafo11247.36,36,47,C,4,5,5,refutation,1027,0.005,1
rome,grafo11225.94,94,122,C,6,9,8,refutation,2802483,2.304,1
rome,grafo11176.100,100,138,C,7,10,9,budget,12652903,10.009,1
rome,grafo1125.21,21,29,C,3,4,3,bound,16,0.0,1
rome,grafo11177.98,98,131,C,6,10,9,budget,14225978,10.01,1
rome,grafo11178.95,95,137,C,6,11,10,budget,7889954,10.023,1
rome,grafo11179.99,99,123,C,5,8,8,budget,12652544,10.023,1
rome,grafo11181.95,95,141,C,7,12,12,budget,9596928,10.013,1
rome,grafo11182.99,99,129,C,6,10,9,budget,6319287,10.021,1
rome,grafo11246.93,93,116,C,4,8,7,refutation,1082248,0.889,1
rome,grafo11229.94,94,125,C,5,10,8,refutation,3242198,3.341,1
rome,grafo11187.98,98,128,C,6,10,9,budget,10219322,10.011,1
rome,grafo11258.94,94,119,C,5,6,6,refutation,49036,0.073,1
rome,grafo11188.99,99,134,C,6,10,9,budget,7753809,10.01,1
rome,grafo1126.10,10,9,C,1,2,2,refutation,10,0.0,1
rome,grafo11260.36,36,41,C,3,4,4,refutation,852,0.002,1
rome,grafo11261.32,32,37,C,3,3,3,bound,0,0.001,1
rome,grafo11262.41,41,49,C,4,4,4,bound,0,0.001,1
rome,grafo11263.41,41,57,C,4,6,5,refutation,1949,0.004,1
rome,grafo11264.33,33,42,C,3,4,3,bound,69,0.001,1
rome,grafo11265.33,33,37,C,2,3,3,refutation,124,0.001,1
rome,grafo11266.40,40,50,C,4,5,4,bound,35,0.001,1
rome,grafo11249.94,94,128,C,6,9,7,refutation,1488708,1.721,1
rome,grafo11189.94,94,133,C,6,10,9,budget,12451566,10.022,1
rome,grafo11230.100,100,129,C,5,9,7,refutation,2194418,3.651,1
rome,grafo1127.19,19,22,C,2,3,3,refutation,59,0.004,1
rome,grafo11268.93,93,117,C,4,7,6,refutation,218092,0.238,1
rome,grafo11259.92,92,106,C,4,7,6,refutation,515062,0.432,1
rome,grafo11248.99,99,132,C,5,9,8,refutation,3439923,3.017,1
rome,grafo11255.94,94,121,C,5,8,7,refutation,1555951,2.559,1
rome,grafo11193.93,93,120,C,6,9,8,refutation,10683356,9.62,1
rome,grafo11273.92,92,120,C,5,8,7,refutation,850655,0.807,1
rome,grafo11194.100,100,127,C,5,9,8,budget,12416929,10.017,1
rome,grafo11277.34,34,35,C,2,2,2,bound,0,0.001,1
rome,grafo11278.37,37,47,C,4,5,4,bound,57,0.003,1
rome,grafo11279.35,35,39,C,2,3,3,refutation,177,0.001,1
rome,grafo1128.11,11,12,C,2,2,2,bound,0,0.0,1
rome,grafo11195.93,93,130,C,5,10,10,budget,12054528,10.016,1
rome,grafo11281.34,34,42,C,3,4,4,refutation,481,0.002,1
rome,grafo11282.35,35,44,C,3,4,4,refutation,270,0.002,1
rome,grafo11283.40,40,52,C,4,5,5,refutation,2063,0.01,1
rome,grafo11284.37,37,50,C,4,4,4,bound,0,0.001,1
rome,grafo11198.98,98,136,C,6,10,10,budget,11661312,10.01,1
rome,grafo11286.92,92,117,C,4,7,6,refutation,211648,0.349,1
rome,grafo11201.99,99,136,C,6,10,10,budget,6336512,10.02,1
rome,grafo11203.100,100,131,C,6,9,9,budget,13950976,10.011,1
rome,grafo11204.99,99,143,C,7,11,10,budget,13514035,10.01,1
rome,grafo1129.15,15,27,C,5,5,5,bound,0,0.0,1
rome,grafo11205.94,94,131,C,6,10,10,budget,11350016,10.012,1
rome,grafo11206.91,91,126,C,6,10,9,budget,7032887,10.019,1
rome,grafo11292.33,33,46,C,4,5,4,bound,23,0.001,1
rome,grafo11293.33,33,38,C,3,4,3,bound,36,0.004,1
rome,grafo11294.38,38,56,C,4,6,6,refutation,2258,0.008,1
rome,grafo11295.37,37,48,C,3,5,4,refutation,489,0.002,1
rome,grafo11296.36,36,44,C,3,5,4,refutation,481,0.002,1
rome,grafo11288.93,93,114,C,4,7,6,refutation,220449,0.402,1
rome,grafo11215.93,93,129,C,6,10,10,budget,11771904,10.021,1
rome,grafo11285.93,93,127,C,6,8,8,refutation,1202474,1.835,1
rome,grafo113.28,28,31,C,3,3,3,bound,0,0.001,1
rome,grafo1130.23,23,39,C,4,6,5,refutation,245,0.001,1
rome,grafo11291.99,99,116,C,4,7,6,refutation,703629,0.605,1
rome,grafo11217.95,95,131,C,6,10,9,budget,11796546,10.013,1
rome,grafo11218.99,99,147,C,7,13,12,budget,10561225,10.027,1
rome,grafo11219.94,94,131,C,6,9,9,budget,10723328,10.011,1
rome,grafo11220.92,92,132,C,7,12,11,budget,12546004,10.024,1
rome,grafo11298.99,99,128,C,5,8,7,refutation,1255275,1.895,1
rome,grafo11307.32,32,38,C,3,4,3,bound,38,0.004,1
rome,grafo11308.33,33,38,C,3,4,3,bound,30,0.001,1
rome,grafo11309.36,36,46,C,4,5,5,refutation,1531,0.006,1
rome,grafo1131.11,11,12,C,2,2,2,bound,0,0.0,1
rome,grafo11310.35,35,37,C,3,3,3,bound,0,0.001,1
rome,grafo11311.40,40,51,C,4,5,5,refutation,2431,0.011,1
rome,grafo11223.99,99,151,C,7,13,12,budget,9952867,10.023,1
rome,grafo11270.93,93,126,C,6,9,8,refutation,3659500,5.694,1
rome,grafo11227.100,100,142,C,6,11,10,budget,9374787,10.02,1
rome,grafo11232.92,92,132,C,7,11,10,budget,11759727,10.01,1
rome,grafo11289.93,93,118,C,5,8,8,refutation,3827878,3.356,1
rome,grafo11318.35,35,47,C,4,5,5,refutation,646,0.004,1
rome,grafo11319.34,34,40,C,3,4,4,refutation,726,0.002,1
rome,grafo1132.19,19,19,C,2,2,2,bound,0,0.0,1
rome,grafo11320.35,35,42,C,3,4,3,bound,48,0.003,1
rome,grafo11321.35,35,40,C,2,4,3,refutation,209,0.001,1
rome,grafo11322.38,38,50,C,3,4,4,refutation,285,0.001,1
rome,grafo11323.37,37,47,C,4,5,5,refutation,1310,0.006,1
rome,grafo11290.93,93,125,C,6,9,8,refutation,3900436,3.901,1
rome,grafo11325.35,35,36,C,2,3,3,refutation,371,0.004,1
rome,grafo11326.35,35,42,C,4,4,4,bound,0,0.001,1
rome,grafo11327.39,39,53,C,4,5,5,refutation,2893,0.012,1
rome,grafo11328.32,32,40,C,3,3,3,bound,0,0.001,1
rome,grafo11329.36,36,49,C,4,6,5,refutation,1000,0.006,1
rome,grafo1133.18,18,23,C,3,3,3,bound,0,0.0,1
rome,grafo11330.35,35,40,C,3,4,4,refutation,1252,0.006,1
rome,grafo11331.34,34,41,C,3,4,3,bound,74,0.001,1
rome,grafo11332.34,34,40,C,2,4,3,refutation,166,0.004,1
rome,grafo11333.39,39,50,C,4,5,5,refutation,2656,0.011,1
rome,grafo11334.37,37,49,C,4,5,4,bound,305,0.001,1
rome,grafo11233.93,93,126,C,6,10,9,budget,11116238,10.019,1
rome,grafo11336.36,36,47,C,4,5,5,refutation,770,0.002,1
rome,grafo11250.99,99,143,C,7,10,10,budget,12296192,10.012,1
rome,grafo11251.93,93,139,C,7,12,11,budget,13386640,10.024,1
rome,grafo11252.93,93,129,C,6,11,10,budget,8497117,10.027,1
rome,grafo1134.11,11,12,C,2,2,2,bound,0,0.0,1
rome,grafo11340.36,36,42,C,3,4,4,refutation,486,0.005,1
rome,grafo11341.33,33,35,C,2,3,2,bound,33,0.004,1
rome,grafo11342.37,37,42,C,2,4,3,refutation,229,0.001,1
rome,grafo11343.35,35,44,C,3,5,4,refutation,588,0.002,1
rome,grafo11344.35,35,40,C,3,3,3,bound,0,0.004,1
rome,grafo11345.38,38,56,C,4,6,5,refutation,1016,0.006,1
rome,grafo11346.36,36,49,C,4,6,6,refutation,2698,0.011,1
rome,grafo11253.94,94,127,C,6,9,9,budget,12156928,10.012,1
rome,grafo11348.35,35,46,C,4,5,5,refutation,738,0.002,1
rome,grafo11349.91,91,107,C,5,7,5,bound,75715,0.107,1
rome,grafo1135.21,21,22,C,2,3,2,bound,21,0.0,1
rome,grafo11254.99,99,136,C,6,10,10,budget,12328960,10.024,1
rome,grafo11337.92,92,118,C,4,8,7,refutation,967169,1.19,1
rome,grafo11256.99,99,126,C,5,9,8,budget,12759129,10.009,1
rome,grafo11312.91,91,115,C,5,9,8,refutation,2190665,3.431,1
rome,grafo11353.92,92,117,C,5,8,7,refutation,449708,0.339,1
rome,grafo11347.93,93,115,C,5,8,7,refutation,802127,0.903,1
rome,grafo11356.31,31,37,C,3,3,3,bound,0,0.001,1
rome,grafo11357.39,39,48,C,3,4,4,refutation,680,0.005,1
rome,grafo11338.92,92,122,C,5,8,8,refutation,1413766,1.309,1
rome,grafo11359.37,37,47,C,3,4,4,refutation,464,0.002,1
rome,grafo1136.15,15,17,C,3,3,3,bound,0,0.0,1
rome,grafo11360.32,32,37,C,2,3,3,refutation,94,0.001,1
rome,grafo11361.38,38,46,C,3,5,4,refutation,559,0.005,1
rome,grafo11362.35,35,45,C,3,4,4,refutation,437,0.004,1
rome,grafo11363.40,40,54,C,4,6,6,refutation,6859,0.025,1
rome,grafo11364.38,38,53,C,5,5,5,bound,0,0.001,1
rome,grafo11257.91,91,129,C,6,10,9,budget,12587376,10.01,1
rome,grafo11267.92,92,131,C,7,11,11,budget,10768384,10.008,1
rome,grafo11269.93,93,131,C,6,11,10,budget,12558595,10.02,1
rome,grafo11271.99,99,141,C,6,11,10,budget,14658655,10.009,1
rome,grafo11272.99,99,133,C,6,10,9,budget,9244823,10.012,1
rome,grafo1137.10,10,9,C,1,2,2,refutation,10,0.0,1
rome,grafo11370.33,33,38,C,2,3,3,refutation,146,0.001,1
rome,grafo11371.36,36,39,C,3,4,3,bound,45,0.001,1
rome,grafo11372.33,33,41,C,3,4,3,bound,164,0.001,1
rome,grafo11373.38,38,50,C,4,5,5,refutation,900,0.003,1
rome,grafo11374.33,33,44,C,3,4,3,bound,88,0.001,1
rome,grafo11375.33,33,39,C,2,4,3,refutation,176,0.001,1
rome,grafo11376.38,38,48,C,4,5,5,refutation,2641,0.005,1
rome,grafo11377.36,36,48,C,3,5,4,refutation,312,0.002,1
rome,grafo11378.36,36,47,C,4,5,4,bound,177,0.001,1
rome,grafo11368.92,92,113,C,4,7,6,refutation,118521,0.213,1
rome,grafo1138.15,15,14,C,1,2,2,refutation,20,0.0,1
rome,grafo11367.92,92,118,C,5,8,7,refutation,679804,0.613,1
rome,grafo11339.91,91,115,C,5,8,8,refutation,2102712,2.338,1
rome,grafo11382.33,33,33,C,2,3,3,refutation,272,0.004,1
rome,grafo11383.38,38,43,C,3,4,3,bound,45,0.007,1
rome,grafo11384.30,30,34,C,3,3,3,bound,0,0.0,1
rome,grafo11385.36,36,48,C,4,6,6,refutation,2780,0.009,1
rome,grafo11386.34,34,46,C,4,5,5,refutation,1203,0.003,1
rome,grafo11387.34,34,42,C,3,4,4,refutation,557,0.001,1
rome,grafo11388.40,40,49,C,4,6,5,refutation,3390,0.011,1
rome,grafo11274.93,93,132,C,6,10,10,budget,7221248,10.011,1
rome,grafo1139.15,15,14,C,1,2,2,refutation,18,0.0,1
rome,grafo11275.93,93,135,C,7,11,10,budget,8982684,10.016,1
rome,grafo11351.90,90,125,C,6,10,9,refutation,2247930,2.759,1
rome,grafo11276.92,92,133,C,6,11,10,budget,15306777,10.01,1
rome,grafo11280.99,99,143,C,7,12,11,budget,11559416,10.01,1
rome,grafo11287.93,93,131,C,6,11,10,budget,12913821,10.027,1
rome,grafo11395.31,31,36,C,3,3,3,bound,0,0.001,1
rome,grafo11396.34,34,35,C,2,3,3,refutation,305,0.004,1
rome,grafo11397.32,32,33,C,2,2,2,bound,0,0.003,1
rome,grafo11398.37,37,43,C,3,4,3,bound,64,0.001,1
rome,grafo11399.32,32,37,C,3,3,3,bound,0,0.001,1
rome,grafo114.26,26,30,C,2,3,3,refutation,93,0.002,1
rome,grafo1140.15,15,22,C,3,3,3,bound,0,0.0,1
rome,grafo11400.38,38,49,C,4,5,4,bound,67,0.004,1
rome,grafo11401.33,33,40,C,3,4,4,refutation,312,0.001,1
rome,grafo11350.91,91,120,C,5,9,9,refutation,2681115,4.534,1
rome,grafo11403.44,44,60,C,4,6,6,refutation,7936,0.03,1
rome,grafo11402.95,95,120,C,5,7,7,refutation,341331,0.414,1
rome,grafo11297.93,93,127,C,6,9,9,budget,9728000,10.011,1
rome,grafo11299.93,93,132,C,6,10,10,budget,9404416,10.028,1
rome,grafo11406.92,92,121,C,5,8,7,refutation,283725,0.365,1
rome,grafo11300.91,91,126,C,6,11,10,budget,9882196,10.02,1
rome,grafo11409.34,34,35,C,2,3,3,refutation,152,0.001,1
rome,grafo1141.47,47,59,C,4,5,5,refutation,4519,0.009,1
rome,grafo11410.37,37,45,C,4,4,4,bound,0,0.001,1
rome,grafo11411.37,37,47,C,4,5,4,bound,134,0.001,1
rome,grafo11412.32,32,36,C,2,3,3,refutation,100,0.001,1
rome,grafo11301.93,93,129,C,6,10,10,budget,11001856,10.023,1
rome,grafo11414.36,36,47,C,4,5,5,refutation,1058,0.006,1
rome,grafo11415.35,35,43,C,3,5,4,refutation,518,0.002,1
rome,grafo11416.35,35,38,C,2,4,3,refutation,278,0.001,1
rome,grafo11417.37,37,49,C,3,5,4,refutation,322,0.002,1
rome,grafo11418.36,36,48,C,4,5,5,refutation,1069,0.003,1
rome,grafo11302.99,99,120,C,5,9,8,budget,14172051,10.011,1
rome,grafo1142.15,15,24,C,3,3,3,bound,0,0.0,1
rome,grafo11407.92,92,122,C,5,8,7,refutation,379782,0.531,1
rome,grafo11421.31,31,37,C,3,3,3,bound,0,0.004,1
rome,grafo11422.34,34,39,C,2,4,3,refutation,237,0.001,1
rome,grafo11423.35,35,42,C,3,4,4,refutation,456,0.002,1
rome,grafo11366.92,92,121,C,5,9,8,refutation,4395089,4.809,1
rome,grafo11425.38,38,49,C,3,4,4,refutation,504,0.002,1
rome,grafo11426.33,33,38,C,3,3,3,bound,0,0.001,1
rome,grafo11427.35,35,42,C,3,4,3,bound,56,0.001,1
rome,grafo11428.39,39,49,C,4,5,4,bound,79,0.001,1
rome,grafo11429.37,37,48,C,3,4,4,refutation,273,0.002,1
rome,grafo1143.18,18,20,C,2,3,2,bound,18,0.0,1
rome,grafo11389.92,92,128,C,6,9,8,refutation,3859478,3.957,1
rome,grafo11303.93,93,128,C,7,10,10,budget,10076160,10.015,1
rome,grafo11424.95,95,129,C,5,8,7,refutation,741712,0.919,1
rome,grafo11305.99,99,129,C,5,10,9,budget,8488717,10.031,1
rome,grafo11434.33,33,43,C,3,5,4,refutation,489,0.005,1
rome,grafo11306.99,99,124,C,4,9,8,budget,11953625,10.019,1
rome,grafo11436.37,37,47,C,3,5,4,refutation,930,0.002,1
rome,grafo11437.36,36,47,C,4,5,5,refutation,988,0.002,1
rome,grafo11438.37,37,45,C,3,5,4,refutation,729,0.002,1
rome,grafo11404.92,92,123,C,5,9,8,refutation,1716234,2.199,1
rome,grafo1144.16,16,21,C,3,4,3,bound,15,0.0,1
rome,grafo11413.96,96,122,C,5,9,7,refutation,1110194,1.351,1
rome,grafo11441.38,38,43,C,3,4,4,refutation,895,0.007,1
rome,grafo11442.33,33,37,C,2,3,3,refutation,162,0.003,1
rome,grafo11443.35,35,42,C,3,4,4,refutation,456,0.002,1
rome,grafo11444.36,36,46,C,3,5,4,refutation,565,0.002,1
rome,grafo11445.36,36,41,C,2,3,3,refutation,121,0.001,1
rome,grafo11435.92,92,117,C,4,7,6,refutation,212904,0.468,1
rome,grafo11447.37,37,50,C,4,5,4,bound,91,0.004,1
rome,grafo11313.96,96,144,C,7,12,11,budget,11854738,10.026,1
rome,grafo11449.36,36,43,C,3,4,3,bound,161,0.004,1
rome,grafo1145.18,18,24,C,2,4,3,refutation,35,0.0,1
rome,grafo11450.37,37,46,C,4,5,4,bound,26,0.004,1
rome,grafo11451.32,32,35,C,2,3,3,refutation,101,0.001,1
rome,grafo11314.92,92,127,C,6,10,9,budget,9925063,10.022,1
rome,grafo11452.38,38,50,C,4,6,5,refutation,2076,0.01,1
rome,grafo11454.31,31,36,C,3,3,3,bound,0,0.001,1
rome,grafo11455.35,35,35,C,2,3,2,bound,36,0.001,1
rome,grafo11456.32,32,33,C,2,2,2,bound,0,0.0,1
rome,grafo11315.91,91,131,C,6,10,10,budget,7786496,10.031,1
rome,grafo11446.96,96,130,C,6,8,7,refutation,923101,0.892,1
rome,grafo11459.37,37,45,C,3,4,4,refutation,404,0.002,1
rome,grafo1146.18,18,29,C,4,4,4,bound,0,0.0,1
rome,grafo11460.37,37,53,C,4,5,5,refutation,1007,0.003,1
rome,grafo11461.35,35,42,C,3,4,4,refutation,456,0.002,1
rome,grafo11462.39,39,50,C,4,5,5,refutation,3533,0.007,1
rome,grafo11463.33,33,39,C,3,4,4,refutation,312,0.001,1
rome,grafo11464.35,35,47,C,4,5,5,refutation,668,0.002,1
rome,grafo11465.34,34,40,C,3,3,3,bound,0,0.001,1
rome,grafo11466.39,39,47,C,3,5,4,refutation,791,0.002,1
rome,grafo11467.37,37,48,C,4,5,5,refutation,1032,0.003,1
rome,grafo11468.36,36,47,C,4,5,5,refutation,1138,0.003,1
rome,grafo11316.99,99,134,C,6,9,9,budget,11694080,10.022,1
rome,grafo1147.18,18,19,C,2,2,2,bound,0,0.0,1
rome,grafo11324.100,100,138,C,6,10,9,budget,13895715,10.022,1
rome,grafo11392.90,90,128,C,6,10,9,refutation,4945693,5.496,1
rome,grafo11391.96,96,126,C,5,8,8,refutation,5458261,5.627,1
rome,grafo11473.37,37,42,C,3,4,3,bound,108,0.001,1
rome,grafo11474.41,41,46,C,3,5,4,refutation,822,0.003,1
rome,grafo11475.35,35,46,C,3,4,4,refutation,498,0.002,1
rome,grafo11476.32,32,38,C,3,4,3,bound,39,0.001,1
rome,grafo11477.36,36,48,C,4,6,6,refutation,3374,0.006,1
rome,grafo11478.39,39,55,C,5,6,6,refutation,4565,0.008,1
rome,grafo11479.37,37,44,C,3,4,3,bound,63,0.001,1
rome,grafo1148.17,17,22,C,3,3,3,bound,0,0.0,1
rome,grafo11335.100,100,153,C,7,11,11,budget,12324864,10.016,1
rome,grafo11481.32,32,38,C,3,4,3,bound,136,0.001,1
rome,grafo11482.39,39,48,C,3,5,4,refutation,432,0.002,1
rome,grafo11483.33,33,42,C,3,4,3,bound,69,0.001,1
rome,grafo11484.33,33,37,C,2,3,3,refutation,124,0.001,1
rome,grafo11485.39,39,52,C,4,6,5,refutation,2100,0.004,1
rome,grafo11486.37,37,49,C,3,4,4,refutation,354,0.001,1
rome,grafo11405.92,92,128,C,5,10,9,refutation,4066534,4.2,1
rome,grafo11352.90,90,126,C,6,10,10,budget,11948032,10.017,1
rome,grafo11489.31,31,37,C,3,3,3,bound,0,0.001,1
rome,grafo1149.29,29,31,C,2,3,3,refutation,167,0.007,1
rome,grafo11490.35,35,44,C,3,5,4,refutation,256,0.004,1
rome,grafo11354.92,92,133,C,7,11,11,budget,9121792,10.022,1
rome,grafo11492.35,35,48,C,4,4,4,bound,0,0.001,1
rome,grafo11493.37,37,52,C,5,6,6,refutation,2675,0.011,1
rome,grafo11494.34,34,42,C,3,3,3,bound,0,0.001,1
rome,grafo11495.39,39,52,C,4,6,5,refutation,2739,0.012,1
rome,grafo11496.38,38,47,C,3,4,4,refutation,406,0.003,1
rome,grafo11497.36,36,54,C,5,6,6,refutation,2178,0.011,1
rome,grafo11498.40,40,52,C,3,6,5,refutation,1777,0.012,1
rome,grafo11499.35,35,39,C,3,4,3,bound,117,0.001,1
rome,grafo115.30,30,31,C,2,3,3,refutation,159,0.004,1
rome,grafo1150.16,16,21,C,3,3,3,bound,0,0.0,1
rome,grafo11500.36,36,44,C,3,4,4,refutation,415,0.004,1
rome,grafo11501.35,35,40,C,3,4,3,bound,73,0.001,1
rome,grafo11355.92,92,128,C,6,10,10,budget,13500416,10.009,1
rome,grafo11503.39,39,47,C,3,4,4,refutation,1301,0.005,1
rome,grafo11504.39,39,51,C,4,4,4,bound,0,0.001,1
rome,grafo11358.99,99,128,C,6,10,9,budget,12552842,10.02,1
rome,grafo11365.92,92,132,C,6,10,9,budget,12334983,10.01,1
rome,grafo11369.96,96,138,C,7,11,10,budget,17107118,10.01,1
rome,grafo11487.91,91,122,C,6,8,8,refutation,2949246,2.807,1
rome,grafo11509.31,31,36,C,3,3,3,bound,0,0.001,1
rome,grafo1151.11,11,17,C,3,3,3,bound,0,0.0,1
rome,grafo11510.34,34,34,C,2,2,2,bound,0,0.001,1
rome,grafo11511.35,35,36,C,2,3,2,bound,25,0.001,1
rome,grafo11512.38,38,46,C,3,5,4,refutation,541,0.002,1
rome,grafo11514.33,33,40,C,3,4,4,refutation,438,0.001,1
rome,grafo11515.37,37,46,C,3,5,4,refutation,1587,0.003,1
rome,grafo11516.33,33,43,C,3,4,3,bound,74,0.001,1
rome,grafo11517.34,34,45,C,3,4,4,refutation,308,0.001,1
rome,grafo11518.39,39,51,C,4,5,4,bound,64,0.001,1
rome,grafo11519.39,39,51,C,3,5,4,refutation,411,0.001,1
rome,grafo1152.18,18,24,C,3,3,3,bound,0,0.0,1
rome,grafo11379.92,92,125,C,6,9,9,budget,11698176,10.023,1
rome,grafo11380.97,97,133,C,6,11,10,budget,13033246,10.01,1
rome,grafo11522.31,31,36,C,2,3,3,refutation,55,0.001,1
rome,grafo11523.35,35,46,C,4,5,5,refutation,738,0.002,1
rome,grafo11440.90,90,129,C,7,10,9,refutation,4916915,5.187,1
rome,grafo11525.36,36,45,C,3,4,4,refutation,811,0.002,1
rome,grafo11381.92,92,126,C,6,10,10,budget,11116544,10.023,1
rome,grafo11527.33,33,40,C,3,4,4,refutation,605,0.005,1
rome,grafo11506.91,91,124,C,6,8,8,refutation,1497736,1.199,1
rome,grafo11528.35,35,42,C,3,4,4,refutation,456,0.002,1
rome,grafo1153.21,21,23,C,2,3,3,refutation,62,0.001,1
rome,grafo11529.36,36,52,C,4,5,5,refutation,742,0.002,1
rome,grafo11531.34,34,38,C,2,3,3,refutation,114,0.001,1
rome,grafo11530.34,34,49,C,3,5,4,refutation,354,0.004,1
rome,grafo11532.39,39,51,C,4,5,4,bound,124,0.004,1
rome,grafo11533.36,36,48,C,4,6,5,refutation,767,0.008,1
rome,grafo11521.91,91,111,C,5,7,6,refutation,187362,0.357,1
rome,grafo11390.90,90,128,C,6,10,10,budget,8216576,10.026,1
rome,grafo11526.91,91,118,C,5,7,7,refutation,484215,0.768,1
rome,grafo11538.33,33,38,C,3,3,3,bound,0,0.001,1
rome,grafo11539.36,36,42,C,3,4,3,bound,59,0.001,1
rome,grafo1154.22,22,28,C,3,4,4,refutation,147,0.001,1
rome,grafo11540.37,37,48,C,4,5,4,bound,189,0.001,1
rome,grafo11541.37,37,47,C,4,5,5,refutation,1143,0.003,1
rome,grafo11542.34,34,45,C,3,5,3,bound,63,0.001,1
rome,grafo11543.34,34,41,C,3,4,3,bound,32,0.001,1
rome,grafo11544.34,34,34,C,2,2,2,bound,0,0.001,1
rome,grafo11545.39,39,47,C,3,4,4,refutation,833,0.002,1
rome,grafo11534.91,91,124,C,6,9,8,refutation,573339,1.007,1
rome,grafo11547.31,31,36,C,2,3,3,refutation,55,0.001,1
rome,grafo11548.35,35,46,C,4,5,5,refutation,738,0.005,1
rome,grafo11549.35,35,46,C,3,4,4,refutation,499,0.002,1
rome,grafo1155.11,11,12,C,2,2,2,bound,0,0.003,1
rome,grafo11550.35,35,44,C,3,5,4,refutation,357,0.001,1
rome,grafo11551.33,33,38,C,2,4,3,refutation,143,0.001,1
rome,grafo11552.39,39,47,C,4,5,4,bound,112,0.001,1
rome,grafo11553.37,37,49,C,4,5,5,refutation,870,0.005,1
rome,grafo11554.36,36,50,C,4,6,6,refutation,2980,0.012,1
rome,grafo11555.39,39,52,C,3,4,4,refutation,454,0.005,1
rome,grafo11556.36,36,42,C,3,4,4,refutation,973,0.005,1
rome,grafo11393.92,92,135,C,7,11,11,budget,13221888,10.017,1
rome,grafo11558.37,37,43,C,3,4,3,bound,43,0.001,1
rome,grafo11559.31,31,35,C,3,4,3,bound,28,0.004,1
rome,grafo1156.14,14,16,C,3,3,3,bound,0,0.0,1
rome,grafo11560.35,35,47,C,4,6,5,refutation,1577,0.006,1
rome,grafo11394.90,90,122,C,7,9,9,budget,13553664,10.011,1
rome,grafo11561.35,35,39,C,3,4,3,bound,118,0.004,1
rome,grafo11562.36,36,53,C,4,6,4,bound,660,0.002,1
rome,grafo11563.39,39,50,C,4,5,5,refutation,1952,0.007,1
rome,grafo11565.39,39,45,C,2,4,3,refutation,171,0.001,1
rome,grafo11564.37,37,47,C,4,5,5,refutation,1728,0.004,1
rome,grafo11567.35,35,43,C,3,3,3,bound,0,0.001,1
rome,grafo11566.37,37,53,C,5,6,6,refutation,3089,0.011,1
rome,grafo11488.91,91,127,C,7,10,9,refutation,5083273,4.577,1
rome,grafo1157.38,38,48,C,4,4,4,bound,0,0.001,1
rome,grafo11570.34,34,37,C,2,3,3,refutation,224,0.001,1
rome,grafo11571.38,38,45,C,3,4,4,refutation,505,0.002,1
rome,grafo11572.34,34,47,C,3,5,4,refutation,297,0.001,1
rome,grafo11573.35,35,43,C,3,5,4,refutation,476,0.002,1
rome,grafo11574.33,33,44,C,4,4,4,bound,0,0.001,1
rome,grafo11575.38,38,46,C,3,5,5,refutation,1578,0.003,1
rome,grafo11576.34,34,37,C,2,3,2,bound,31,0.001,1
rome,grafo11577.39,39,49,C,4,5,5,refutation,2252,0.004,1
rome,grafo11578.37,37,49,C,4,4,4,bound,0,0.001,1
rome,grafo11579.36,36,46,C,4,5,5,refutation,958,0.002,1
rome,grafo1158.24,24,34,C,3,4,4,refutation,153,0.001,1
rome,grafo11508.91,91,124,C,6,9,9,refutation,3095201,2.338,1
rome,grafo11581.31,31,36,C,3,3,3,bound,0,0.001,1
rome,grafo11582.34,34,34,C,2,2,2,bound,0,0.001,1
rome,grafo11583.37,37,46,C,3,5,4,refutation,476,0.002,1
rome,grafo11584.34,34,45,C,3,4,3,bound,26,0.001,1
rome,grafo11585.36,36,49,C,3,5,4,refutation,319,0.001,1
rome,grafo11586.36,36,42,C,3,4,4,refutation,424,0.001,1
rome,grafo11587.37,37,49,C,4,5,4,bound,39,0.001,1
rome,grafo11588.36,36,46,C,4,5,4,bound,29,0.001,1
rome,grafo11589.32,32,40,C,3,4,4,refutation,319,0.001,1
rome,grafo1159.26,26,33,C,3,4,4,refutation,381,0.001,1
rome,grafo11590.35,35,38,C,3,3,3,bound,0,0.001,1
rome,grafo11480.93,93,125,C,6,10,9,refutation,5144922,5.825,1
rome,grafo11592.34,34,39,C,3,4,4,refutation,558,0.005,1
rome,grafo11593.36,36,56,C,5,7,7,refutation,5054,0.018,1
rome,grafo11594.37,37,41,C,3,4,3,bound,83,0.001,1
rome,grafo11595.36,36,44,C,2,4,3,refutation,304,0.001,1
rome,grafo11596.34,34,39,C,2,3,3,refutation,95,0.001,1
rome,grafo11597.37,37,49,C,4,5,5,refutation,1167,0.006,1
rome,grafo11598.36,36,46,C,4,5,5,refutation,1501,0.006,1
rome,grafo11408.92,92,131,C,7,11,11,budget,11296768,10.024,1
rome,grafo116.28,28,38,C,3,4,3,bound,43,0.001,1
rome,grafo1160.17,17,23,C,3,3,3,bound,0,0.0,1
rome,grafo11420.92,92,131,C,7,10,10,budget,14790656,10.012,1
rome,grafo11601.33,33,34,C,2,2,2,bound,0,0.001,1
rome,grafo11419.92,92,125,C,6,10,9,budget,11677445,10.025,1
rome,grafo11603.38,38,46,C,3,4,4,refutation,525,0.002,1
rome,grafo11604.34,34,43,C,4,5,5,refutation,1511,0.003,1
rome,grafo11605.33,33,42,C,3,4,3,bound,69,0.001,1
rome,grafo11606.33,33,37,C,2,3,3,refutation,124,0.001,1
rome,grafo11607.32,32,38,C,3,4,3,bound,65,0.001,1
rome,grafo11608.32,32,33,C,2,2,2,bound,0,0.001,1
rome,grafo11609.37,37,44,C,3,4,3,bound,63,0.001,1
rome,grafo1161.17,17,18,C,2,2,2,bound,0,0.0,1
rome,grafo11610.37,37,47,C,3,5,4,refutation,537,0.002,1
rome,grafo11611.32,32,38,C,2,3,3,refutation,59,0.001,1
rome,grafo11612.36,36,48,C,4,5,4,bound,60,0.001,1
rome,grafo11535.97,97,127,C,6,9,8,refutation,2615902,3.965,1
rome,grafo11614.34,34,39,C,3,3,3,bound,0,0.001,1
rome,grafo11615.33,33,42,C,3,4,3,bound,69,0.001,1
rome,grafo11430.91,91,121,C,6,9,9,budget,10600448,10.025,1
rome,grafo11617.35,35,44,C,3,4,4,refutation,436,0.005,1
rome,grafo11618.41,41,48,C,3,4,3,bound,357,0.002,1
rome,grafo11619.35,35,42,C,3,4,4,refutation,456,0.005,1
rome,grafo1162.11,11,11,C,2,2,2,bound,0,0.0,1
rome,grafo11620.33,33,39,C,3,4,3,bound,30,0.001,1
rome,grafo11621.40,40,50,C,3,6,5,refutation,2745,0.011,1
rome,grafo11622.37,37,49,C,3,4,4,refutation,360,0.002,1
rome,grafo11623.43,43,54,C,4,5,5,refutation,2837,0.012,1
rome,grafo11431.92,92,125,C,6,10,10,budget,13217792,10.009,1
rome,grafo11625.37,37,51,C,4,5,5,refutation,512,0.002,1
rome,grafo11626.38,38,48,C,4,5,5,refutation,1809,0.004,1
rome,grafo11627.37,37,53,C,4,5,5,refutation,899,0.002,1
rome,grafo11628.34,34,40,C,3,4,4,refutation,348,0.001,1
rome,grafo11629.36,36,46,C,4,5,5,refutation,1455,0.003,1
rome,grafo1163.19,19,18,C,1,2,2,refutation,23,0.0,1
rome,grafo11630.34,34,40,C,3,3,3,bound,0,0.001,1
rome,grafo11631.33,33,43,C,3,5,4,refutation,473,0.001,1
rome,grafo11632.40,40,59,C,5,6,6,refutation,2794,0.005,1
rome,grafo11633.35,35,46,C,3,4,4,refutation,221,0.001,1
rome,grafo11634.32,32,36,C,2,3,3,refutation,173,0.001,1
rome,grafo11432.92,92,126,C,6,9,9,budget,11472896,10.011,1
rome,grafo11636.32,32,32,C,2,2,2,bound,0,0.001,1
rome,grafo11637.38,38,44,C,3,5,4,refutation,622,0.002,1
rome,grafo11638.33,33,38,C,2,4,3,refutation,174,0.001,1
rome,grafo11639.35,35,42,C,3,4,4,refutation,456,0.002,1
rome,grafo1164.10,10,10,C,2,2,2,bound,0,0.0,1
rome,grafo11640.44,44,59,C,4,5,5,refutation,1803,0.004,1
rome,grafo11641.31,31,36,C,2,3,3,refutation,55,0.001,1
rome,grafo11642.36,36,49,C,4,6,6,refutation,4286,0.008,1
rome,grafo11643.33,33,37,C,2,3,3,refutation,124,0.001,1
rome,grafo11644.38,38,48,C,4,5,5,refutation,2641,0.005,1
rome,grafo11645.36,36,50,C,4,6,5,refutation,739,0.002,1
rome,grafo11646.32,32,34,C,2,3,2,bound,30,0.001,1
rome,grafo11433.92,92,135,C,7,12,11,budget,9089134,10.026,1
rome,grafo11439.92,92,130,C,7,11,10,budget,13172801,10.024,1
rome,grafo11649.38,38,43,C,3,4,4,refutation,988,0.006,1
rome,grafo1165.16,16,23,C,3,3,3,bound,0,0.0,1
rome,grafo11650.34,34,41,C,4,4,4,bound,0,0.004,1
rome,grafo11651.36,36,47,C,4,5,5,refutation,2241,0.007,1
rome,grafo11652.39,39,51,C,5,5,5,bound,0,0.001,1
rome,grafo11653.37,37,51,C,4,5,4,bound,32,0.001,1
rome,grafo11654.35,35,46,C,4,5,5,refutation,738,0.005,1
rome,grafo11448.91,91,127,C,6,10,9,budget,10387022,10.023,1
rome,grafo11520.91,91,129,C,6,10,9,refutation,5005811,5.526,1
rome,grafo11453.91,91,128,C,6,11,10,budget,9405761,10.02,1
rome,grafo11457.92,92,130,C,7,12,11,budget,13328445,10.011,1
rome,grafo11659.37,37,42,C,2,5,3,refutation,299,0.002,1
rome,grafo11658.35,35,48,C,4,5,5,refutation,1274,0.006,1
rome,grafo1166.11,11,12,C,2,2,2,bound,0,0.0,1
rome,grafo11660.34,34,36,C,2,4,3,refutation,238,0.001,1
rome,grafo11662.36,36,48,C,3,5,4,refutation,312,0.002,1
rome,grafo11661.38,38,48,C,4,5,5,refutation,2641,0.008,1
rome,grafo11664.35,35,38,C,2,3,3,refutation,249,0.001,1
rome,grafo11665.40,40,48,C,3,5,4,refutation,781,0.002,1
rome,grafo11666.37,37,50,C,4,6,5,refutation,1065,0.003,1
rome,grafo11667.30,30,34,C,2,3,3,refutation,92,0.001,1
rome,grafo11668.36,36,44,C,3,4,4,refutation,421,0.001,1
rome,grafo11669.39,39,47,C,3,4,4,refutation,460,0.002,1
rome,grafo11663.38,38,52,C,4,6,6,refutation,3411,0.013,1
rome,grafo1167.31,31,34,C,2,4,3,refutation,157,0.001,1
rome,grafo11671.39,39,52,C,4,6,5,refutation,2154,0.004,1
rome,grafo11670.41,41,54,C,4,6,5,refutation,1567,0.007,1
rome,grafo11672.35,35,47,C,4,5,5,refutation,703,0.002,1
rome,grafo11674.33,33,39,C,3,4,4,refutation,526,0.001,1
rome,grafo11673.32,32,37,C,3,4,3,bound,240,0.001,1
rome,grafo11675.39,39,50,C,4,5,5,refutation,2197,0.004,1
rome,grafo11677.36,36,49,C,3,5,4,refutation,647,0.002,1
rome,grafo11678.34,34,40,C,3,4,3,bound,55,0.001,1
rome,grafo1168.24,24,25,C,2,3,2,bound,65,0.0,1
rome,grafo1169.18,18,20,C,2,3,3,refutation,37,0.0,1
rome,grafo117.20,20,21,C,2,3,2,bound,20,0.0,1
rome,grafo11676.38,38,51,C,4,6,5,refutation,1564,0.009,1
rome,grafo1170.27,27,28,C,2,3,2,bound,54,0.001,1
rome,grafo1172.19,19,23,C,2,3,2,bound,18,0.0,1
rome,grafo1171.22,22,25,C,3,3,3,bound,0,0.0,1
rome,grafo1173.16,16,20,C,3,3,3,bound,0,0.0,1
rome,grafo1175.19,19,21,C,3,3,3,bound,0,0.0,1
rome,grafo1174.33,33,41,C,4,4,4,bound,0,0.001,1
rome,grafo1176.11,11,13,C,2,2,2,bound,0,0.0,1
rome,grafo1178.29,29,30,C,2,3,3,refutation,241,0.001,1
rome,grafo1179.17,17,19,C,3,3,3,bound,0,0.0,1
rome,grafo1177.16,16,15,C,1,2,2,refutation,28,0.0,1
rome,grafo118.43,43,58,C,4,6,5,refutation,4707,0.008,1
rome,grafo1181.30,30,40,C,3,3,3,bound,0,0.0,1
rome,grafo1182.50,50,59,C,3,5,4,refutation,1742,0.004,1
rome,grafo1183.30,30,39,C,3,4,4,refutation,244,0.001,1
rome,grafo1184.25,25,25,C,2,2,2,bound,0,0.0,1
rome,grafo1185.26,26,32,C,4,4,4,bound,0,0.0,1
rome,grafo1186.47,47,65,C,4,6,5,refutation,2747,0.005,1
rome,grafo1187.49,49,64,C,4,6,5,refutation,4354,0.007,1
rome,grafo1188.54,54,70,C,4,6,5,refutation,4326,0.008,1
rome,grafo1189.65,65,81,C,4,6,5,refutation,9272,0.016,1
rome,grafo119.24,24,33,C,3,4,3,bound,27,0.0,1
rome,grafo1190.28,28,32,C,3,3,3,bound,0,0.0,1
rome,grafo1191.25,25,27,C,2,3,3,refutation,145,0.001,1
rome,grafo1192.60,60,79,C,5,7,6,refutation,23034,0.034,1
rome,grafo1193.26,26,28,C,2,2,2,bound,0,0.0,1
rome,grafo1194.28,28,30,C,2,4,3,refutation,247,0.001,1
rome,grafo1195.27,27,31,C,2,3,3,refutation,122,0.001,1
rome,grafo1196.29,29,36,C,3,4,4,refutation,603,0.001,1
rome,grafo1180.66,66,87,C,5,7,6,refutation,50393,0.114,1
rome,grafo1198.29,29,29,C,2,3,3,refutation,207,0.001,1
rome,grafo1199.27,27,30,C,3,4,3,bound,44,0.001,1
rome,grafo120.40,40,42,C,2,3,3,refutation,292,0.001,1
rome,grafo1200.27,27,36,C,3,3,3,bound,0,0.0,1
rome,grafo1201.28,28,38,C,4,4,4,bound,0,0.0,1
rome,grafo1202.28,28,36,C,3,4,4,refutation,475,0.001,1
rome,grafo1203.25,25,28,C,2,3,3,refutation,166,0.001,1
rome,grafo1204.27,27,31,C,3,3,3,bound,0,0.0,1
rome,grafo1205.56,56,76,C,5,7,6,refutation,17158,0.029,1
rome,grafo1206.29,29,36,C,3,4,4,refutation,351,0.001,1
rome,grafo1207.29,29,35,C,3,3,3,bound,0,0.0,1
rome,grafo1208.27,27,33,C,3,4,3,bound,49,0.001,1
rome,grafo1209.29,29,32,C,2,3,3,refutation,139,0.001,1
rome,grafo121.20,20,25,C,2,3,3,refutation,63,0.0,1
rome,grafo1210.51,51,60,C,4,4,4,bound,0,0.001,1
rome,grafo1211.56,56,65,C,3,5,4,refutation,3627,0.007,1
rome,grafo1212.53,53,72,C,4,6,5,refutation,4344,0.009,1
rome,grafo11458.100,100,142,C,7,10,10,budget,11558912,10.03,1
rome,grafo1214.26,26,26,C,2,2,2,bound,0,0.0,1
rome,grafo1213.68,68,86,C,5,6,6,refutation,61026,0.077,1
rome,grafo1216.27,27,28,C,2,3,3,refutation,249,0.001,1
rome,grafo1217.27,27,29,C,2,3,3,refutation,166,0.001,1
rome,grafo1218.26,26,28,C,2,3,3,refutation,200,0.001,1
rome,grafo1219.44,44,48,C,3,4,3,bound,113,0.001,1
rome,grafo122.12,12,11,C,1,1,1,bound,0,0.0,1
rome,grafo1220.25,25,31,C,3,3,3,bound,0,0.0,1
rome,grafo1221.27,27,36,C,3,4,3,bound,121,0.001,1
rome,grafo1222.52,52,59,C,3,5,4,refutation,3085,0.007,1
rome,grafo1223.30,30,38,C,3,4,3,bound,46,0.001,1
rome,grafo1224.27,27,27,C,2,3,2,bound,21,0.0,1
rome,grafo1225.25,25,27,C,2,3,3,refutation,185,0.001,1
rome,grafo1226.32,32,34,C,2,4,3,refutation,246,0.001,1
rome,grafo1227.30,30,39,C,4,5,4,bound,26,0.001,1
rome,grafo1228.31,31,37,C,3,4,4,refutation,561,0.002,1
rome,grafo1229.27,27,31,C,2,3,3,refutation,99,0.001,1
rome,grafo123.21,21,26,C,3,4,3,bound,19,0.0,1
rome,grafo1230.26,26,29,C,2,4,3,refutation,148,0.001,1
rome,grafo1231.35,35,44,C,4,5,4,bound,57,0.001,1
rome,grafo1232.27,27,31,C,3,4,3,bound,68,0.001,1
rome,grafo1215.62,62,82,C,5,7,6,refutation,36290,0.108,1
rome,grafo1234.25,25,33,C,3,4,4,refutation,207,0.001,1
rome,grafo1197.74,74,95,C,5,8,7,refutation,399791,0.272,1
rome,grafo1236.48,48,54,C,3,4,3,bound,280,0.002,1
rome,grafo1237.30,30,35,C,3,4,4,refutation,265,0.001,1
rome,grafo1238.67,67,86,C,4,6,6,refutation,34635,0.046,1
rome,grafo1239.28,28,31,C,3,4,3,bound,29,0.001,1
rome,grafo124.28,28,29,C,2,3,3,refutation,177,0.001,1
rome,grafo1240.49,49,63,C,4,6,5,refutation,4354,0.008,1
rome,grafo1241.27,27,33,C,3,4,4,refutation,872,0.002,1
rome,grafo1233.70,70,94,C,5,7,7,refutation,187968,0.166,1
rome,grafo1242.29,29,35,C,3,4,3,bound,24,0.001,1
rome,grafo1244.26,26,28,C,2,2,2,bound,0,0.0,1
rome,grafo1243.28,28,29,C,2,3,3,refutation,318,0.001,1
rome,grafo1245.25,25,29,C,3,3,3,bound,0,0.0,1
rome,grafo1246.30,30,36,C,3,4,4,refutation,363,0.001,1
rome,grafo1248.26,26,26,C,2,2,2,bound,0,0.0,1
rome,grafo1249.28,28,33,C,3,4,3,bound,31,0.004,1
rome,grafo11469.96,96,136,C,6,11,10,budget,10162246,10.029,1
rome,grafo125.32,32,37,C,2,3,3,refutation,116,0.001,1
rome,grafo1250.29,29,36,C,3,4,3,bound,21,0.001,1
rome,grafo1251.25,25,26,C,2,2,2,bound,0,0.001,1
rome,grafo1252.30,30,34,C,2,4,3,refutation,221,0.004,1
rome,grafo1253.27,27,32,C,3,3,3,bound,0,0.0,1
rome,grafo1254.45,45,49,C,2,4,3,refutation,313,0.004,1
rome,grafo1256.30,30,33,C,2,3,2,bound,73,0.001,1
rome,grafo1255.32,32,37,C,3,4,4,refutation,652,0.002,1
rome,grafo1258.27,27,31,C,3,4,3,bound,44,0.001,1
rome,grafo1259.29,29,34,C,3,4,3,bound,25,0.001,1
rome,grafo126.22,22,30,C,3,4,3,bound,64,0.0,1
rome,grafo1260.51,51,66,C,5,6,5,bound,55,0.002,1
rome,grafo1261.30,30,40,C,3,4,4,refutation,189,0.001,1
rome,grafo1235.67,67,88,C,5,7,6,refutation,59691,0.152,1
rome,grafo1263.25,25,29,C,3,3,3,bound,0,0.0,1
rome,grafo1264.28,28,30,C,2,3,3,refutation,140,0.001,1
rome,grafo1265.46,46,53,C,3,4,4,refutation,953,0.006,1
rome,grafo1266.23,23,25,C,2,2,2,bound,0,0.0,1
rome,grafo1267.29,29,33,C,2,3,3,refutation,143,0.001,1
rome,grafo1247.58,58,68,C,3,5,5,refutation,18436,0.058,1
rome,grafo1269.26,26,28,C,3,3,3,bound,0,0.0,1
rome,grafo127.21,21,21,C,2,2,2,bound,0,0.0,1
rome,grafo1268.55,55,70,C,4,6,5,refutation,3976,0.012,1
rome,grafo1271.25,25,30,C,3,3,3,bound,0,0.0,1
rome,grafo1272.26,26,34,C,4,4,4,bound,0,0.0,1
rome,grafo1273.26,26,27,C,2,3,2,bound,28,0.0,1
rome,grafo1257.31,31,50,C,5,6,5,bound,41,0.001,1
rome,grafo1274.57,57,68,C,4,5,4,bound,404,0.003,1
rome,grafo1275.26,26,27,C,2,3,3,refutation,252,0.002,1
rome,grafo1276.26,26,32,C,3,3,3,bound,0,0.0,1
rome,grafo1278.27,27,30,C,3,3,3,bound,0,0.0,1
rome,grafo1279.45,45,58,C,4,6,5,refutation,3360,0.007,1
rome,grafo1277.34,34,46,C,4,6,5,refutation,1278,0.01,1
rome,grafo1270.60,60,73,C,3,6,5,refutation,6860,0.027,1
rome,grafo1280.28,28,32,C,3,4,3,bound,52,0.001,1
rome,grafo1281.28,28,30,C,2,4,3,refutation,221,0.001,1
rome,grafo1282.27,27,33,C,3,4,3,bound,22,0.0,1
rome,grafo128.35,35,42,C,3,4,3,bound,281,0.003,1
rome,grafo1283.28,28,35,C,3,4,4,refutation,276,0.004,1
rome,grafo1284.29,29,40,C,3,4,4,refutation,328,0.001,1
rome,grafo1285.26,26,30,C,3,4,4,refutation,331,0.001,1
rome,grafo1286.27,27,31,C,3,3,3,bound,0,0.0,1
rome,grafo1288.26,26,29,C,2,2,2,bound,0,0.0,1
rome,grafo1287.26,26,28,C,2,3,3,refutation,187,0.004,1
rome,grafo1289.28,28,31,C,3,4,3,bound,44,0.0,1
rome,grafo1290.27,27,35,C,3,4,3,bound,19,0.0,1
rome,grafo129.48,48,58,C,3,5,4,refutation,1627,0.004,1
rome,grafo1291.28,28,38,C,4,5,5,refutation,656,0.002,1
rome,grafo1293.28,28,32,C,3,4,3,bound,22,0.001,1
rome,grafo1292.28,28,36,C,3,3,3,bound,0,0.0,1
rome,grafo1295.25,25,29,C,3,3,3,bound,0,0.0,1
rome,grafo1296.46,46,59,C,4,5,4,bound,35,0.001,1
rome,grafo1297.54,54,67,C,4,5,4,bound,41,0.004,1
rome,grafo1299.47,47,57,C,4,5,4,bound,37,0.001,1
rome,grafo130.31,31,36,C,3,4,3,bound,148,0.001,1
rome,grafo1294.63,63,79,C,4,6,5,refutation,6692,0.025,1
rome,grafo1262.53,53,74,C,5,7,7,refutation,119653,0.108,1
rome,grafo1301.31,31,40,C,4,5,5,refutation,893,0.008,1
rome,grafo1302.65,65,87,C,5,7,6,refutation,42751,0.056,1
rome,grafo1304.27,27,29,C,2,3,3,refutation,332,0.001,1
rome,grafo1303.68,68,84,C,4,6,5,refutation,19206,0.058,1
rome,grafo1305.51,51,62,C,5,5,5,bound,0,0.004,1
rome,grafo1306.27,27,29,C,2,3,3,refutation,382,0.001,1
rome,grafo1308.27,27,30,C,2,4,3,refutation,134,0.004,1
rome,grafo1309.25,25,26,C,2,3,3,refutation,270,0.001,1
rome,grafo131.23,23,26,C,2,2,2,bound,0,0.0,1
rome,grafo1300.66,66,88,C,5,7,6,refutation,59588,0.108,1
rome,grafo1311.28,28,34,C,3,4,4,refutation,284,0.001,1
rome,grafo1310.46,46,61,C,4,5,5,refutation,4784,0.018,1
rome,grafo1313.31,31,38,C,3,4,3,bound,42,0.004,1
rome,grafo1314.25,25,27,C,2,3,3,refutation,113,0.001,1
rome,grafo1307.50,50,71,C,5,6,6,refutation,18716,0.035,1
rome,grafo1316.28,28,30,C,2,2,2,bound,0,0.0,1
rome,grafo1315.29,29,31,C,2,3,2,bound,55,0.001,1
rome,grafo1318.26,26,36,C,3,3,3,bound,0,0.0,1
rome,grafo1319.25,25,31,C,3,4,3,bound,37,0.001,1
rome,grafo132.21,21,27,C,3,3,3,bound,0,0.002,1
rome,grafo1320.27,27,37,C,3,4,4,refutation,285,0.001,1
rome,grafo1321.25,25,29,C,2,3,2,bound,22,0.0,1
rome,grafo1322.30,30,37,C,2,4,3,refutation,179,0.001,1
rome,grafo1323.26,26,27,C,2,3,3,refutation,202,0.001,1
rome,grafo1324.27,27,28,C,2,3,2,bound,78,0.001,1
rome,grafo1325.24,24,23,C,1,3,2,refutation,59,0.0,1
rome,grafo1326.27,27,29,C,2,4,3,refutation,167,0.001,1
rome,grafo1327.50,50,59,C,3,5,4,refutation,1854,0.007,1
rome,grafo1298.66,66,82,C,5,6,6,refutation,70698,0.172,1
rome,grafo1329.33,33,39,C,3,4,4,refutation,886,0.002,1
rome,grafo1312.26,26,29,C,2,3,3,refutation,180,0.001,1
rome,grafo1330.28,28,29,C,2,4,3,refutation,261,0.001,1
rome,grafo133.16,16,17,C,2,3,3,refutation,48,0.003,1
rome,grafo1332.27,27,35,C,3,4,3,bound,71,0.001,1
rome,grafo1331.28,28,33,C,4,4,4,bound,0,0.003,1
rome,grafo1333.29,29,31,C,2,4,3,refutation,219,0.001,1
rome,grafo1334.30,30,39,C,3,4,3,bound,27,0.001,1
rome,grafo1336.25,25,26,C,2,3,2,bound,27,0.0,1
rome,grafo1337.42,42,48,C,3,4,4,refutation,2081,0.009,1
rome,grafo1338.25,25,26,C,2,3,2,bound,42,0.0,1
rome,grafo1339.28,28,41,C,5,5,5,bound,0,0.001,1
rome,grafo134.40,40,49,C,4,5,4,bound,758,0.002,1
rome,grafo1335.56,56,81,C,5,7,6,refutation,7821,0.018,1
rome,grafo1340.26,26,31,C,3,4,4,refutation,348,0.001,1
rome,grafo1317.68,68,87,C,5,6,6,refutation,37025,0.074,1
rome,grafo1341.25,25,27,C,2,3,2,bound,41,0.001,1
rome,grafo1343.24,24,27,C,2,3,3,refutation,148,0.001,1
rome,grafo1344.25,25,26,C,2,3,3,refutation,151,0.001,1
rome,grafo1345.30,30,44,C,4,5,5,refutation,1692,0.005,1
rome,grafo1347.25,25,29,C,3,3,3,bound,0,0.0,1
rome,grafo1348.26,26,27,C,2,3,2,bound,25,0.0,1
rome,grafo1346.65,65,76,C,3,4,4,refutation,2305,0.016,1
rome,grafo135.30,30,40,C,3,4,4,refutation,207,0.001,1
rome,grafo1328.54,54,71,C,5,7,6,refutation,43670,0.064,1
rome,grafo1351.28,28,36,C,3,3,3,bound,0,0.0,1
rome,grafo11470.91,91,131,C,6,11,11,budget,9175040,10.033,1
rome,grafo11613.100,100,125,C,5,8,7,refutation,1467210,2.572,1
rome,grafo1352.29,29,34,C,2,4,3,refutation,159,0.003,1
rome,grafo1355.27,27,32,C,3,4,3,bound,33,0.001,1
rome,grafo1354.28,28,36,C,4,4,4,bound,0,0.001,1
rome,grafo1350.29,29,41,C,3,6,6,refutation,2558,0.008,1
rome,grafo1353.49,49,54,C,2,5,3,refutation,867,0.006,1
rome,grafo1356.29,29,34,C,3,4,4,refutation,672,0.004,1
rome,grafo136.21,21,26,C,2,3,3,refutation,40,0.0,1
rome,grafo1360.25,25,30,C,3,4,3,bound,32,0.0,1
rome,grafo1359.28,28,30,C,2,3,2,bound,21,0.004,1
rome,grafo1357.52,52,57,C,2,4,3,refutation,629,0.006,1
rome,grafo1362.31,31,37,C,2,4,3,refutation,163,0.001,1
rome,grafo1363.29,29,38,C,3,4,4,refutation,274,0.001,1
rome,grafo1361.55,55,66,C,3,5,4,refutation,1849,0.01,1
rome,grafo1342.59,59,70,C,4,6,5,refutation,22169,0.056,1
rome,grafo1367.25,25,26,C,2,3,2,bound,86,0.001,1
rome,grafo1368.31,31,44,C,4,5,5,refutation,562,0.005,1
rome,grafo1369.23,23,24,C,2,2,2,bound,0,0.0,1
rome,grafo137.21,21,36,C,4,5,5,refutation,265,0.001,1
rome,grafo1358.52,52,70,C,5,6,6,refutation,12434,0.048,1
rome,grafo1371.26,26,33,C,3,4,3,bound,56,0.001,1
rome,grafo1349.31,31,41,C,3,5,4,refutation,466,0.002,1
rome,grafo1373.27,27,31,C,3,4,3,bound,26,0.001,1
rome,grafo1374.28,28,32,C,3,4,3,bound,36,0.001,1
rome,grafo1372.25,25,27,C,2,3,3,refutation,121,0.007,1
rome,grafo1376.29,29,34,C,3,4,3,bound,63,0.001,1
rome,grafo1377.26,26,26,C,2,2,2,bound,0,0.0,1
rome,grafo1375.26,26,31,C,4,4,4,bound,0,0.004,1
rome,grafo1366.56,56,70,C,4,6,5,refutation,12410,0.045,1
rome,grafo1379.32,32,39,C,3,4,3,bound,29,0.001,1
rome,grafo138.38,38,48,C,3,5,5,refutation,2185,0.008,1
rome,grafo11599.91,91,121,C,6,9,8,refutation,3732449,3.988,1
rome,grafo1378.46,46,62,C,5,6,6,refutation,4875,0.021,1
rome,grafo11472.91,91,135,C,7,11,11,budget,10317824,10.01,1
rome,grafo11471.91,91,130,C,6,10,10,budget,15523840,10.012,1
rome,grafo1382.48,48,55,C,3,4,3,bound,36,0.001,1
rome,grafo1384.27,27,36,C,3,3,3,bound,0,0.001,1
rome,grafo1385.29,29,36,C,3,4,3,bound,45,0.001,1
rome,grafo1386.29,29,40,C,4,5,4,bound,133,0.004,1
rome,grafo1370.72,72,89,C,4,6,5,refutation,15435,0.064,1
rome,grafo1388.29,29,38,C,3,3,3,bound,0,0.001,1
rome,grafo1389.26,26,28,C,2,3,2,bound,38,0.0,1
rome,grafo1387.56,56,70,C,3,5,4,refutation,1825,0.005,1
rome,grafo139.24,24,28,C,2,3,3,refutation,56,0.001,1
rome,grafo1391.27,27,30,C,2,3,3,refutation,160,0.001,1
rome,grafo1390.27,27,39,C,4,4,4,bound,0,0.004,1
rome,grafo1394.45,45,57,C,4,4,4,bound,0,0.002,1
rome,grafo1381.70,70,87,C,4,6,5,refutation,7908,0.031,1
rome,grafo1393.52,52,62,C,3,5,4,refutation,1473,0.009,1
rome,grafo1398.24,24,25,C,2,3,2,bound,21,0.0,1
rome,grafo1397.26,26,27,C,2,3,2,bound,21,0.004,1
rome,grafo140.22,22,23,C,2,2,2,bound,0,0.0,1
rome,grafo1383.51,51,74,C,5,7,6,refutation,5077,0.024,1
rome,grafo1399.28,28,32,C,2,3,3,refutation,120,0.001,1
rome,grafo1401.45,45,53,C,3,4,3,bound,36,0.001,1
rome,grafo1403.17,17,23,C,3,3,3,bound,0,0.0,1
rome,grafo1400.31,31,44,C,4,5,4,bound,23,0.004,1
rome,grafo1395.61,61,78,C,4,6,5,refutation,8813,0.02,1
rome,grafo1402.48,48,56,C,3,5,4,refutation,1548,0.011,1
rome,grafo1405.50,50,61,C,3,5,4,refutation,3478,0.007,1
rome,grafo1396.61,61,78,C,4,5,5,refutation,7492,0.02,1
rome,grafo1406.46,46,56,C,3,4,4,refutation,762,0.003,1
rome,grafo141.28,28,34,C,2,3,3,refutation,87,0.001,1
rome,grafo1409.49,49,61,C,3,5,3,bound,179,0.002,1
rome,grafo1411.32,32,41,C,4,4,4,bound,0,0.001,1
rome,grafo1408.49,49,59,C,3,4,3,bound,611,0.006,1
rome,grafo1392.50,50,63,C,4,6,6,refutation,22489,0.036,1
rome,grafo1412.28,28,29,C,2,3,3,refutation,191,0.001,1
rome,grafo1413.45,45,53,C,3,4,3,bound,123,0.001,1
rome,grafo1415.58,58,65,C,3,5,4,refutation,4469,0.009,1
rome,grafo1417.52,52,63,C,4,5,4,bound,311,0.002,1
rome,grafo1404.51,51,70,C,5,7,6,refutation,16638,0.029,1
rome,grafo1419.47,47,57,C,3,4,3,bound,335,0.002,1
rome,grafo1418.50,50,57,C,3,5,4,refutation,1852,0.004,1
rome,grafo142.33,33,37,C,2,5,3,refutation,365,0.001,1
rome,grafo1421.32,32,45,C,4,5,4,bound,97,0.001,1
rome,grafo1422.22,22,22,C,2,2,2,bound,0,0.0,1
rome,grafo1380.61,61,72,C,4,6,5,refutation,29674,0.097,1
rome,grafo1365.66,66,86,C,5,7,6,refutation,59625,0.162,1
rome,grafo1416.48,48,62,C,4,6,5,refutation,7938,0.036,1
rome,grafo1423.33,33,55,C,5,7,7,refutation,2385,0.012,1
rome,grafo1424.47,47,58,C,4,5,5,refutation,7860,0.017,1
rome,grafo1427.51,51,59,C,3,4,3,bound,137,0.005,1
rome,grafo1429.31,31,45,C,4,4,4,bound,0,0.001,1
rome,grafo143.29,29,30,C,2,3,2,bound,80,0.002,1
rome,grafo1430.31,31,50,C,4,6,5,refutation,649,0.002,1
rome,grafo1428.56,56,69,C,4,6,5,refutation,4043,0.01,1
rome,grafo1364.68,68,87,C,4,7,7,refutation,189503,0.199,1
rome,grafo1414.66,66,82,C,4,6,6,refutation,48140,0.068,1
rome,grafo1434.30,30,40,C,3,4,4,refutation,365,0.001,1
rome,grafo1431.52,52,70,C,4,6,5,refutation,3766,0.018,1
rome,grafo1436.33,33,39,C,3,4,3,bound,30,0.001,1
rome,grafo1433.47,47,60,C,4,5,5,refutation,2686,0.013,1
rome,grafo1435.43,43,55,C,4,5,5,refutation,3541,0.008,1
rome,grafo1439.15,15,21,C,3,3,3,bound,0,0.0,1
rome,grafo144.12,12,11,C,1,2,2,refutation,14,0.0,1
rome,grafo1440.24,24,32,C,3,5,3,bound,52,0.001,1
rome,grafo1437.52,52,59,C,3,5,4,refutation,3508,0.018,1
rome,grafo1432.60,60,77,C,5,7,6,refutation,51542,0.068,1
rome,grafo1438.49,49,59,C,4,5,5,refutation,8535,0.051,1
rome,grafo1444.23,23,25,C,2,3,3,refutation,102,0.001,1
rome,grafo1445.30,30,38,C,3,4,3,bound,52,0.001,1
rome,grafo1446.23,23,24,C,2,2,2,bound,0,0.0,1
rome,grafo1426.65,65,85,C,4,7,6,refutation,30542,0.13,1
rome,grafo1447.52,52,62,C,3,5,4,refutation,3068,0.026,1
rome,grafo1449.21,21,20,C,1,2,2,refutation,28,0.0,1
rome,grafo145.31,31,37,C,3,4,4,refutation,488,0.005,1
rome,grafo1448.52,52,63,C,3,5,4,refutation,3411,0.013,1
rome,grafo1425.60,60,77,C,4,7,6,refutation,27233,0.088,1
rome,grafo1420.68,68,91,C,5,7,7,refutation,229287,0.178,1
rome,grafo1452.49,49,66,C,5,6,5,bound,1902,0.011,1
rome,grafo1454.49,49,59,C,4,5,4,bound,41,0.002,1
rome,grafo1442.57,57,76,C,4,7,6,refutation,35103,0.111,1
rome,grafo1455.32,32,38,C,3,3,3,bound,0,0.001,1
rome,grafo1456.29,29,43,C,4,5,5,refutation,406,0.001,1
rome,grafo1453.63,63,80,C,4,5,5,refutation,7558,0.014,1
rome,grafo1457.24,24,24,C,2,3,2,bound,34,0.002,1
rome,grafo146.22,22,31,C,3,5,4,refutation,138,0.001,1
rome,grafo1443.67,67,85,C,4,7,6,refutation,70532,0.101,1
rome,grafo1460.50,50,62,C,3,4,4,refutation,1681,0.01,1
rome,grafo1458.48,48,63,C,4,6,5,refutation,6344,0.026,1
rome,grafo1463.24,24,25,C,2,2,2,bound,0,0.0,1
rome,grafo1464.46,46,53,C,3,4,4,refutation,1550,0.007,1
rome,grafo1459.56,56,69,C,4,6,5,refutation,10102,0.037,1
rome,grafo1410.67,67,85,C,4,7,6,refutation,113526,0.267,1
rome,grafo1461.69,69,88,C,4,6,5,refutation,15490,0.037,1
rome,grafo1465.55,55,65,C,3,5,4,refutation,2154,0.013,1
rome,grafo1467.49,49,64,C,4,5,5,refutation,3639,0.013,1
rome,grafo1466.61,61,78,C,5,6,5,bound,3882,0.014,1
rome,grafo147.29,29,28,C,1,3,2,refutation,59,0.001,1
rome,grafo1471.24,24,26,C,2,3,2,bound,45,0.0,1
rome,grafo1462.65,65,87,C,5,7,6,refutation,19305,0.071,1
rome,grafo1451.75,75,88,C,4,6,5,refutation,39514,0.112,1
rome,grafo1468.62,62,75,C,4,6,5,refutation,19601,0.033,1
rome,grafo1475.47,47,60,C,4,4,4,bound,0,0.001,1
rome,grafo1472.53,53,68,C,5,7,6,refutation,19662,0.031,1
rome,grafo1469.67,67,82,C,4,5,5,refutation,11377,0.039,1
rome,grafo1450.56,56,70,C,4,7,6,refutation,48679,0.132,1
rome,grafo1478.56,56,69,C,4,5,4,bound,65,0.002,1
rome,grafo148.28,28,35,C,3,4,4,refutation,384,0.001,1
rome,grafo1477.32,32,37,C,3,4,3,bound,177,0.001,1
rome,grafo1479.48,48,53,C,3,5,4,refutation,3563,0.015,1
rome,grafo1481.61,61,75,C,4,6,5,refutation,8794,0.023,1
rome,grafo1473.65,65,80,C,4,6,5,refutation,9369,0.037,1
rome,grafo1407.68,68,90,C,5,7,7,refutation,182624,0.361,1
rome,grafo1485.23,23,22,C,1,2,2,refutation,23,0.0,1
rome,grafo1484.46,46,57,C,3,4,4,refutation,1281,0.01,1
rome,grafo1470.51,51,69,C,5,7,6,refutation,30743,0.078,1
rome,grafo1486.51,51,60,C,3,5,4,refutation,1499,0.01,1
rome,grafo1488.48,48,58,C,3,5,4,refutation,1236,0.004,1
rome,grafo1482.53,53,67,C,4,6,5,refutation,7130,0.029,1
rome,grafo149.41,41,54,C,4,6,5,refutation,2334,0.005,1
rome,grafo1491.48,48,62,C,4,5,4,bound,279,0.002,1
rome,grafo1483.54,54,67,C,4,5,5,refutation,6846,0.026,1
rome,grafo1492.54,54,67,C,4,5,4,bound,60,0.002,1
rome,grafo1490.47,47,57,C,3,4,4,refutation,775,0.006,1
rome,grafo1489.67,67,77,C,3,5,4,refutation,2432,0.016,1
rome,grafo1494.50,50,57,C,3,4,4,refutation,1890,0.005,1
rome,grafo1480.56,56,77,C,5,7,7,refutation,47665,0.063,1
rome,grafo1498.48,48,59,C,3,4,3,bound,240,0.002,1
rome,grafo1487.55,55,71,C,4,6,5,refutation,4901,0.03,1
rome,grafo1499.32,32,50,C,5,5,5,bound,0,0.001,1
rome,grafo150.31,31,34,C,2,3,3,refutation,98,0.004,1
rome,grafo1500.50,50,71,C,5,6,6,refutation,16138,0.027,1
rome,grafo1502.33,33,43,C,3,4,4,refutation,372,0.001,1
rome,grafo1503.22,22,26,C,3,4,3,bound,24,0.0,1
rome,grafo1496.52,52,66,C,4,6,5,refutation,5981,0.033,1
rome,grafo1505.24,24,28,C,3,3,3,bound,0,0.0,1
rome,grafo1493.66,66,84,C,4,6,6,refutation,20296,0.05,1
rome,grafo1501.58,58,72,C,4,5,5,refutation,7632,0.03,1
rome,grafo1507.32,32,45,C,4,5,4,bound,44,0.001,1
rome,grafo1495.58,58,79,C,4,6,5,refutation,8531,0.05,1
rome,grafo1509.32,32,44,C,4,5,4,bound,28,0.001,1
rome,grafo1510.48,48,54,C,3,4,3,bound,35,0.001,1
rome,grafo1511.28,28,30,C,2,3,2,bound,24,0.0,1
rome,grafo151.33,33,38,C,3,4,3,bound,197,0.004,1
rome,grafo1512.26,26,30,C,3,4,3,bound,20,0.0,1
rome,grafo1514.47,47,55,C,3,4,4,refutation,1413,0.003,1
rome,grafo1506.43,43,50,C,3,4,4,refutation,1447,0.017,1
rome,grafo1474.52,52,73,C,5,7,7,refutation,103109,0.139,1
rome,grafo1515.53,53,68,C,4,6,5,refutation,5855,0.011,1
rome,grafo1504.51,51,68,C,5,6,6,refutation,13236,0.027,1
rome,grafo1519.44,44,52,C,3,4,4,refutation,1335,0.003,1
rome,grafo152.21,21,24,C,2,3,3,refutation,73,0.0,1
rome,grafo1517.63,63,74,C,3,5,4,refutation,5301,0.01,1
rome,grafo1521.24,24,38,C,4,5,5,refutation,399,0.001,1
rome,grafo1522.43,43,53,C,3,5,4,refutation,1706,0.004,1
rome,grafo1523.27,27,35,C,4,5,4,bound,21,0.001,1
rome,grafo1524.46,46,61,C,4,6,5,refutation,2765,0.006,1
rome,grafo1476.71,71,95,C,5,7,6,refutation,69292,0.171,1
rome,grafo1526.24,24,25,C,2,4,2,bound,41,0.001,1
rome,grafo1520.51,51,65,C,4,6,6,refutation,20242,0.033,1
rome,grafo1528.50,50,56,C,2,4,3,refutation,433,0.002,1
rome,grafo1527.65,65,77,C,4,6,5,refutation,12072,0.024,1
rome,grafo153.21,21,33,C,4,5,4,bound,43,0.001,1
rome,grafo1530.24,24,27,C,3,3,3,bound,0,0.0,1
rome,grafo1531.47,47,54,C,3,4,3,bound,40,0.001,1
rome,grafo1532.51,51,61,C,4,5,4,bound,447,0.002,1
rome,grafo1533.50,50,66,C,4,6,5,refutation,4928,0.011,1
rome,grafo1525.65,65,85,C,5,7,6,refutation,37199,0.064,1
rome,grafo1534.30,30,32,C,2,4,3,refutation,257,0.001,1
rome,grafo1536.47,47,52,C,3,4,3,bound,746,0.003,1
rome,grafo1537.24,24,29,C,2,2,2,bound,0,0.0,1
rome,grafo1508.67,67,85,C,4,7,6,refutation,38444,0.121,1
rome,grafo1441.71,71,92,C,5,8,7,refutation,221625,0.463,1
rome,grafo1539.34,34,38,C,3,3,3,bound,0,0.001,1
rome,grafo154.33,33,34,C,2,4,2,bound,56,0.001,1
rome,grafo1540.34,34,44,C,3,4,4,refutation,307,0.004,1
rome,grafo1535.48,48,53,C,3,4,3,bound,37,0.001,1
rome,grafo1541.33,33,44,C,4,5,5,refutation,543,0.005,1
rome,grafo1542.49,49,59,C,3,5,4,refutation,1587,0.007,1
rome,grafo1513.65,65,84,C,4,6,6,refutation,46259,0.136,1
rome,grafo1546.22,22,22,C,2,3,2,bound,46,0.001,1
rome,grafo1544.45,45,54,C,3,5,4,refutation,1494,0.005,1
rome,grafo1548.39,39,44,C,2,4,3,refutation,278,0.002,1
rome,grafo1547.53,53,68,C,3,5,4,refutation,2113,0.007,1
rome,grafo155.10,10,10,C,2,2,2,bound,0,0.0,1
rome,grafo1549.55,55,66,C,4,5,4,bound,57,0.002,1
rome,grafo1543.54,54,72,C,4,7,6,refutation,15972,0.027,1
rome,grafo1550.53,53,67,C,4,6,5,refutation,6959,0.014,1
rome,grafo1552.62,62,72,C,4,6,4,bound,5450,0.011,1
rome,grafo1554.47,47,58,C,3,4,4,refutation,1168,0.003,1
rome,grafo1553.67,67,84,C,4,6,5,refutation,5293,0.012,1
rome,grafo1555.37,37,48,C,3,5,4,refutation,817,0.002,1
rome,grafo1557.23,23,29,C,3,4,3,bound,20,0.0,1
rome,grafo1558.53,53,64,C,3,5,4,refutation,1545,0.004,1
rome,grafo1551.58,58,72,C,4,6,5,refutation,9910,0.037,1
rome,grafo156.21,21,24,C,3,3,3,bound,0,0.0,1
rome,grafo1560.49,49,59,C,4,5,4,bound,199,0.005,1
rome,grafo1561.33,33,42,C,3,4,3,bound,31,0.001,1
rome,grafo1562.49,49,55,C,3,5,3,bound,364,0.005,1
rome,grafo1559.59,59,69,C,4,6,5,refutation,19221,0.029,1
rome,grafo1538.68,68,84,C,4,6,5,refutation,36323,0.108,1
rome,grafo1518.67,67,85,C,5,7,7,refutation,126093,0.219,1
rome,grafo1566.58,58,62,C,3,5,4,refutation,6536,0.012,1
rome,grafo1545.54,54,71,C,4,6,6,refutation,36763,0.109,1
rome,grafo1497.71,71,95,C,6,7,7,refutation,123928,0.303,1
rome,grafo1556.63,63,79,C,5,6,6,refutation,58073,0.076,1
rome,grafo157.29,29,32,C,2,2,2,bound,0,0.0,1
rome,grafo1569.28,28,36,C,4,4,4,bound,0,0.001,1
rome,grafo1529.73,73,90,C,4,6,6,refutation,131273,0.208,1
rome,grafo1564.66,66,85,C,5,7,6,refutation,36466,0.053,1
rome,grafo1571.43,43,52,C,3,5,4,refutation,1200,0.009,1
rome,grafo1572.26,26,30,C,3,3,3,bound,0,0.0,1
rome,grafo1574.29,29,35,C,3,4,3,bound,76,0.001,1
rome,grafo1573.29,29,34,C,2,4,3,refutation,167,0.001,1
rome,grafo1565.68,68,83,C,4,6,5,refutation,12668,0.053,1
rome,grafo1577.26,26,36,C,3,4,3,bound,24,0.001,1
rome,grafo1578.27,27,30,C,3,3,3,bound,0,0.001,1
rome,grafo158.21,21,24,C,3,3,3,bound,0,0.0,1
rome,grafo1580.28,28,34,C,3,3,3,bound,0,0.0,1
rome,grafo1579.32,32,35,C,2,3,3,refutation,200,0.001,1
rome,grafo1582.30,30,34,C,2,3,3,refutation,179,0.001,1
rome,grafo1581.46,46,52,C,3,4,4,refutation,919,0.006,1
rome,grafo1570.63,63,74,C,4,6,5,refutation,18821,0.033,1
rome,grafo1585.26,26,33,C,4,4,4,bound,0,0.0,1
rome,grafo1586.25,25,29,C,3,4,3,bound,27,0.001,1
rome,grafo1587.29,29,35,C,3,4,3,bound,27,0.001,1
rome,grafo1588.58,58,66,C,4,5,4,bound,42,0.002,1
rome,grafo1589.31,31,46,C,4,4,4,bound,0,0.001,1
rome,grafo159.24,24,25,C,2,3,3,refutation,156,0.001,1
rome,grafo1590.45,45,50,C,3,5,3,bound,255,0.002,1
rome,grafo1567.57,57,74,C,5,7,6,refutation,49615,0.058,1
rome,grafo1592.27,27,31,C,3,3,3,bound,0,0.001,1
rome,grafo1593.27,27,30,C,2,3,2,bound,24,0.0,1
rome,grafo1594.25,25,26,C,2,3,3,refutation,157,0.001,1
rome,grafo1595.29,29,30,C,2,2,2,bound,0,0.0,1
rome,grafo1596.26,26,26,C,2,3,2,bound,161,0.001,1
rome,grafo1591.52,52,62,C,3,5,4,refutation,2473,0.006,1
rome,grafo1597.28,28,37,C,3,3,3,bound,0,0.0,1
rome,grafo1598.29,29,33,C,2,3,3,refutation,87,0.001,1
rome,grafo1599.29,29,33,C,2,3,3,refutation,114,0.001,1
rome,grafo1600.28,28,37,C,4,4,4,bound,0,0.0,1
rome,grafo160.30,30,32,C,2,3,2,bound,57,0.001,1
rome,grafo1601.27,27,32,C,3,4,3,bound,74,0.001,1
rome,grafo1602.26,26,29,C,2,3,3,refutation,151,0.001,1
rome,grafo1603.28,28,32,C,3,4,3,bound,27,0.001,1
rome,grafo1604.28,28,32,C,2,3,3,refutation,165,0.001,1
rome,grafo1605.50,50,54,C,2,4,3,refutation,500,0.002,1
rome,grafo1607.32,32,42,C,4,4,4,bound,0,0.001,1
rome,grafo1583.66,66,81,C,4,6,5,refutation,9460,0.04,1
rome,grafo1608.28,28,29,C,2,2,2,bound,0,0.0,1
rome,grafo1609.28,28,29,C,2,3,2,bound,20,0.001,1
rome,grafo161.31,31,40,C,4,5,5,refutation,1470,0.003,1
rome,grafo1576.29,29,34,C,2,4,3,refutation,211,0.001,1
rome,grafo1611.56,56,76,C,4,6,5,refutation,10046,0.017,1
rome,grafo1613.54,54,71,C,5,6,5,bound,149,0.002,1
rome,grafo1612.29,29,32,C,3,3,3,bound,0,0.004,1
rome,grafo1614.14,14,14,C,2,2,2,bound,0,0.0,1
rome,grafo1614.25,25,27,C,3,3,3,bound,0,0.0,1
rome,grafo1615.12,12,15,C,2,2,2,bound,0,0.0,1
rome,grafo1616.17,17,21,C,3,3,3,bound,0,0.0,1
rome,grafo1615.28,28,35,C,3,3,3,bound,0,0.001,1
rome,grafo1617.21,21,24,C,2,3,3,refutation,61,0.0,1
rome,grafo1568.69,69,89,C,4,6,6,refutation,33594,0.109,1
rome,grafo1616.30,30,37,C,3,4,4,refutation,415,0.001,1
rome,grafo1618.47,47,56,C,4,4,4,bound,0,0.001,1
rome,grafo1619.11,11,15,C,2,3,3,refutation,20,0.0,1
rome,grafo1618.15,15,16,C,2,2,2,bound,0,0.0,1
rome,grafo162.24,24,32,C,3,4,3,bound,26,0.001,1
rome,grafo1620.14,14,15,C,2,2,2,bound,0,0.0,1
rome,grafo1620.27,27,27,C,2,4,2,bound,56,0.001,1
rome,grafo1621.10,10,15,C,2,3,2,bound,10,0.0,1
rome,grafo1621.51,51,61,C,4,5,4,bound,75,0.005,1
rome,grafo1619.60,60,75,C,4,6,5,refutation,6210,0.012,1
rome,grafo1622.19,19,20,C,2,2,2,bound,0,0.0,1
rome,grafo1623.27,27,30,C,3,3,3,bound,0,0.0,1
rome,grafo1610.48,48,66,C,4,7,6,refutation,12853,0.047,1
rome,grafo1622.31,31,41,C,4,5,4,bound,28,0.001,1
rome,grafo1624.23,23,34,C,4,4,4,bound,0,0.0,1
rome,grafo1625.19,19,24,C,3,4,4,refutation,121,0.001,1
rome,grafo1624.44,44,53,C,3,4,3,bound,162,0.001,1
rome,grafo1626.18,18,27,C,3,4,4,refutation,90,0.0,1
rome,grafo1623.30,30,41,C,3,4,3,bound,23,0.001,1
rome,grafo1627.10,10,15,C,2,3,2,bound,10,0.0,1
rome,grafo1626.28,28,30,C,2,4,3,refutation,200,0.001,1
rome,grafo1628.25,25,33,C,4,5,5,refutation,538,0.001,1
rome,grafo1625.27,27,37,C,4,5,4,bound,309,0.001,1
rome,grafo1629.11,11,11,C,2,2,2,bound,0,0.0,1
rome,grafo1627.30,30,40,C,4,4,4,bound,0,0.003,1
rome,grafo163.25,25,37,C,4,5,5,refutation,179,0.001,1
rome,grafo1629.26,26,29,C,3,3,3,bound,0,0.003,1
rome,grafo1631.16,16,21,C,3,3,3,bound,0,0.0,1
rome,grafo1632.21,21,26,C,3,3,3,bound,0,0.0,1
rome,grafo1563.74,74,92,C,4,7,6,refutation,72881,0.182,1
rome,grafo1633.17,17,18,C,2,3,2,bound,18,0.0,1
rome,grafo1634.17,17,18,C,2,2,2,bound,0,0.0,1
rome,grafo1636.11,11,20,C,3,3,3,bound,0,0.0,1
rome,grafo1630.31,31,40,C,3,5,4,refutation,231,0.005,1
rome,grafo1638.21,21,25,C,3,3,3,bound,0,0.0,1
rome,grafo1617.67,67,80,C,3,5,5,refutation,6894,0.032,1
rome,grafo1639.14,14,16,C,2,2,2,bound,0,0.0,1
rome,grafo1635.16,16,25,C,3,3,3,bound,0,0.003,1
rome,grafo1640.17,17,19,C,2,2,2,bound,0,0.0,1
rome,grafo164.22,22,27,C,3,3,3,bound,0,0.0,1
rome,grafo1641.30,30,33,C,3,4,3,bound,27,0.001,1
rome,grafo1637.31,31,41,C,3,5,4,refutation,303,0.003,1
rome,grafo1644.18,18,21,C,3,3,3,bound,0,0.0,1
rome,grafo1645.21,21,23,C,2,3,2,bound,20,0.0,1
rome,grafo1647.30,30,33,C,3,4,3,bound,25,0.001,1
rome,grafo1643.10,10,9,C,1,1,1,bound,0,0.0,1
rome,grafo1642.18,18,19,C,2,3,3,refutation,54,0.0,1
rome,grafo1649.20,20,22,C,3,3,3,bound,0,0.0,1
rome,grafo165.30,30,31,C,2,3,2,bound,37,0.001,1
rome,grafo1646.28,28,33,C,3,3,3,bound,0,0.004,1
rome,grafo1650.31,31,39,C,4,4,4,bound,0,0.001,1
rome,grafo1651.20,20,21,C,2,3,2,bound,23,0.0,1
rome,grafo1652.18,18,20,C,2,2,2,bound,0,0.0,1
rome,grafo1648.18,18,24,C,3,3,3,bound,0,0.0,1
rome,grafo1628.56,56,72,C,4,5,5,refutation,4810,0.015,1
rome,grafo1655.26,26,32,C,3,4,3,bound,29,0.001,1
rome,grafo1656.17,17,22,C,2,3,3,refutation,35,0.0,1
rome,grafo1659.11,11,15,C,2,3,3,refutation,13,0.0,1
rome,grafo166.10,10,10,C,2,2,2,bound,0,0.0,1
rome,grafo1653.18,18,18,C,2,2,2,bound,0,0.0,1
rome,grafo1654.10,10,14,C,3,3,3,bound,0,0.0,1
rome,grafo1662.14,14,20,C,3,3,3,bound,0,0.0,1
rome,grafo1661.19,19,21,C,2,3,3,refutation,75,0.0,1
rome,grafo1658.14,14,15,C,2,2,2,bound,0,0.003,1
rome,grafo1665.17,17,17,C,2,2,2,bound,0,0.0,1
rome,grafo1664.26,26,32,C,3,4,4,refutation,318,0.001,1
rome,grafo1657.10,10,15,C,2,3,2,bound,10,0.0,1
rome,grafo1660.19,19,23,C,3,4,3,bound,15,0.0,1
rome,grafo1666.19,19,28,C,4,4,4,bound,0,0.0,1
rome,grafo167.22,22,24,C,2,3,3,refutation,91,0.001,1
rome,grafo1668.33,33,41,C,3,5,4,refutation,527,0.002,1
rome,grafo1667.24,24,29,C,3,4,4,refutation,301,0.001,1
rome,grafo1663.39,39,50,C,3,5,4,refutation,980,0.006,1
rome,grafo1673.20,20,22,C,2,3,2,bound,19,0.0,1
rome,grafo1672.19,19,21,C,2,3,3,refutation,63,0.0,1
rome,grafo1670.16,16,20,C,2,2,2,bound,0,0.0,1
rome,grafo1674.12,12,16,C,3,3,3,bound,0,0.0,1
rome,grafo1676.20,20,22,C,2,3,3,refutation,65,0.0,1
rome,grafo1671.17,17,17,C,2,2,2,bound,0,0.0,1
rome,grafo1678.23,23,27,C,3,3,3,bound,0,0.0,1
rome,grafo1679.18,18,24,C,3,4,3,bound,32,0.0,1
rome,grafo1675.19,19,21,C,2,3,2,bound,19,0.003,1
rome,grafo1680.32,32,44,C,3,4,4,refutation,431,0.001,1
rome,grafo1677.21,21,20,C,1,2,2,refutation,18,0.0,1
rome,grafo1683.11,11,19,C,4,4,4,bound,0,0.0,1
rome,grafo1682.21,21,41,C,5,6,6,refutation,294,0.001,1
rome,grafo1684.19,19,23,C,2,3,3,refutation,38,0.0,1
rome,grafo168.31,31,40,C,3,5,3,bound,143,0.001,1
rome,grafo1686.16,16,18,C,2,3,3,refutation,58,0.0,1
rome,grafo1685.23,23,23,C,2,3,2,bound,20,0.0,1
rome,grafo1669.48,48,59,C,3,4,4,refutation,2367,0.011,1
rome,grafo1687.30,30,32,C,2,3,3,refutation,120,0.001,1
rome,grafo1689.31,31,34,C,3,3,3,bound,0,0.001,1
rome,grafo169.26,26,38,C,4,4,4,bound,0,0.001,1
rome,grafo1691.16,16,19,C,3,3,3,bound,0,0.0,1
rome,grafo1692.16,16,17,C,2,3,2,bound,15,0.0,1
rome,grafo1688.13,13,17,C,3,3,3,bound,0,0.003,1
rome,grafo1693.12,12,13,C,2,3,2,bound,11,0.0,1
rome,grafo1690.20,20,24,C,2,3,3,refutation,76,0.0,1
rome,grafo1695.15,15,17,C,2,2,2,bound,0,0.0,1
rome,grafo1697.11,11,17,C,3,4,4,refutation,14,0.0,1
rome,grafo1699.21,21,24,C,3,3,3,bound,0,0.0,1
rome,grafo1696.24,24,28,C,2,3,3,refutation,113,0.002,1
rome,grafo1700.15,15,19,C,3,3,3,bound,0,0.0,1
rome,grafo1694.32,32,38,C,3,4,4,refutation,366,0.004,1
rome,grafo1701.36,36,41,C,3,4,4,refutation,611,0.002,1
rome,grafo1698.33,33,43,C,4,5,5,refutation,1094,0.004,1
rome,grafo1703.18,18,20,C,2,2,2,bound,0,0.0,1
rome,grafo1704.10,10,15,C,2,3,2,bound,10,0.0,1
rome,grafo1705.19,19,24,C,2,3,3,refutation,61,0.0,1
rome,grafo1706.24,24,30,C,3,3,3,bound,0,0.0,1
rome,grafo1702.30,30,36,C,3,4,4,refutation,267,0.001,1
rome,grafo1707.18,18,21,C,3,3,3,bound,0,0.0,1
rome,grafo1708.21,21,26,C,3,4,3,bound,22,0.0,1
rome,grafo171.30,30,40,C,3,5,4,refutation,299,0.001,1
rome,grafo1709.13,13,19,C,3,3,3,bound,0,0.0,1
rome,grafo1575.68,68,84,C,5,7,6,refutation,63381,0.168,1
rome,grafo1584.70,70,98,C,5,7,7,refutation,51604,0.15,1
rome,grafo1714.12,12,18,C,3,3,3,bound,0,0.0,1
rome,grafo1713.19,19,19,C,2,2,2,bound,0,0.0,1
rome,grafo1712.22,22,25,C,2,3,2,bound,45,0.0,1
rome,grafo1717.14,14,14,C,2,2,2,bound,0,0.0,1
rome,grafo1711.33,33,46,C,4,5,4,bound,120,0.001,1
rome,grafo1716.20,20,23,C,3,3,3,bound,0,0.0,1
rome,grafo1715.22,22,34,C,3,5,4,refutation,122,0.001,1
rome,grafo1718.21,21,29,C,3,3,3,bound,0,0.0,1
rome,grafo1719.13,13,16,C,2,3,3,refutation,21,0.0,1
rome,grafo1722.12,12,21,C,4,4,4,bound,0,0.0,1
rome,grafo1720.19,19,25,C,3,3,3,bound,0,0.003,1
rome,grafo172.30,30,33,C,3,4,3,bound,22,0.004,1
rome,grafo1723.10,10,15,C,2,3,2,bound,10,0.0,1
rome,grafo1721.24,24,27,C,3,3,3,bound,0,0.0,1
rome,grafo1724.19,19,21,C,3,3,3,bound,0,0.0,1
rome,grafo1726.22,22,26,C,2,3,2,bound,21,0.0,1
rome,grafo1710.40,40,49,C,3,5,5,refutation,1581,0.007,1
rome,grafo1727.21,21,23,C,2,3,3,refutation,63,0.0,1
rome,grafo1729.13,13,19,C,3,3,3,bound,0,0.0,1
rome,grafo1725.32,32,41,C,3,5,4,refutation,460,0.001,1
rome,grafo173.26,26,31,C,3,3,3,bound,0,0.0,1
rome,grafo1733.20,20,24,C,3,3,3,bound,0,0.0,1
rome,grafo1731.16,16,19,C,2,3,3,refutation,31,0.0,1
rome,grafo1735.11,11,14,C,2,2,2,bound,0,0.0,1
rome,grafo1730.29,29,35,C,3,4,4,refutation,290,0.004,1
rome,grafo170.49,49,62,C,4,6,5,refutation,7901,0.028,1
rome,grafo1732.17,17,20,C,2,3,2,bound,16,0.0,1
rome,grafo1734.11,11,14,C,2,2,2,bound,0,0.003,1
rome,grafo1739.16,16,21,C,3,3,3,bound,0,0.0,1
rome,grafo1737.22,22,28,C,3,4,4,refutation,123,0.001,1
rome,grafo1738.15,15,15,C,2,2,2,bound,0,0.004,1
rome,grafo174.27,27,28,C,2,3,3,refutation,117,0.001,1
rome,grafo1740.10,10,13,C,2,2,2,bound,0,0.0,1
rome,grafo1744.12,12,15,C,2,3,3,refutation,19,0.0,1
rome,grafo1736.27,27,35,C,3,4,4,refutation,240,0.001,1
rome,grafo1741.16,16,16,C,2,2,2,bound,0,0.0,1
rome,grafo1745.17,17,20,C,2,3,2,bound,30,0.0,1
rome,grafo1743.25,25,32,C,3,4,4,refutation,250,0.001,1
rome,grafo1746.27,27,38,C,4,4,4,bound,0,0.0,1
rome,grafo1742.34,34,43,C,3,5,4,refutation,509,0.002,1
rome,grafo1728.61,61,71,C,3,5,4,refutation,2914,0.02,1
rome,grafo1748.16,16,17,C,2,3,3,refutation,36,0.0,1
rome,grafo1747.19,19,29,C,3,4,4,refutation,96,0.001,1
rome,grafo1749.21,21,32,C,4,5,5,refutation,142,0.001,1
rome,grafo175.23,23,24,C,2,3,3,refutation,140,0.001,1
rome,grafo1750.12,12,18,C,3,3,3,bound,0,0.0,1
rome,grafo1751.17,17,21,C,2,2,2,bound,0,0.0,1
rome,grafo1754.13,13,21,C,3,3,3,bound,0,0.0,1
rome,grafo1752.21,21,29,C,3,4,3,bound,21,0.0,1
rome,grafo1756.16,16,20,C,2,2,2,bound,0,0.0,1
rome,grafo1755.20,20,22,C,2,3,3,refutation,95,0.0,1
rome,grafo1757.20,20,25,C,2,3,3,refutation,42,0.0,1
rome,grafo1759.26,26,36,C,4,5,4,bound,52,0.001,1
rome,grafo176.30,30,35,C,3,4,3,bound,20,0.001,1
rome,grafo1762.21,21,25,C,2,2,2,bound,0,0.0,1
rome,grafo1763.12,12,21,C,3,3,3,bound,0,0.0,1
rome,grafo1761.20,20,26,C,3,3,3,bound,0,0.0,1
rome,grafo1753.16,16,23,C,3,3,3,bound,0,0.0,1
rome,grafo1766.11,11,17,C,3,3,3,bound,0,0.0,1
rome,grafo1767.32,32,42,C,4,5,4,bound,105,0.001,1
rome,grafo1769.16,16,20,C,2,2,2,bound,0,0.0,1
rome,grafo1764.20,20,25,C,4,4,4,bound,0,0.0,1
rome,grafo1760.28,28,39,C,4,5,5,refutation,528,0.005,1
rome,grafo1765.22,22,31,C,3,4,4,refutation,199,0.001,1
rome,grafo177.11,11,12,C,2,2,2,bound,0,0.0,1
rome,grafo1771.22,22,26,C,3,3,3,bound,0,0.0,1
rome,grafo1770.38,38,45,C,3,4,3,bound,30,0.001,1
rome,grafo1772.15,15,25,C,3,4,4,refutation,28,0.0,1
rome,grafo1758.37,37,45,C,3,4,3,bound,34,0.009,1
rome,grafo1774.10,10,15,C,2,3,2,bound,10,0.0,1
rome,grafo1773.27,27,33,C,3,4,4,refutation,282,0.001,1
rome,grafo1778.15,15,20,C,3,3,3,bound,0,0.0,1
rome,grafo1775.31,31,40,C,3,4,3,bound,30,0.001,1
rome,grafo1777.23,23,32,C,3,4,4,refutation,109,0.001,1
rome,grafo1779.21,21,30,C,4,4,4,bound,0,0.0,1
rome,grafo1781.14,14,20,C,3,3,3,bound,0,0.0,1
rome,grafo1768.26,26,30,C,2,3,3,refutation,120,0.01,1
rome,grafo1780.18,18,24,C,3,3,3,bound,0,0.003,1
rome,grafo1784.32,32,36,C,3,4,4,refutation,585,0.002,1
rome,grafo1782.15,15,22,C,3,4,4,refutation,43,0.0,1
rome,grafo1787.16,16,16,C,2,2,2,bound,0,0.0,1
rome,grafo178.33,33,42,C,3,4,4,refutation,396,0.001,1
rome,grafo1776.44,44,54,C,3,5,4,refutation,648,0.005,1
rome,grafo1785.37,37,44,C,3,4,3,bound,62,0.001,1
rome,grafo1790.16,16,17,C,2,3,2,bound,14,0.0,1
rome,grafo1786.21,21,25,C,3,3,3,bound,0,0.002,1
rome,grafo1792.16,16,22,C,2,3,3,refutation,26,0.0,1
rome,grafo1783.30,30,37,C,4,4,4,bound,0,0.008,1
rome,grafo1791.11,11,15,C,3,3,3,bound,0,0.003,1
rome,grafo1794.17,17,20,C,3,3,3,bound,0,0.0,1
rome,grafo1788.33,33,42,C,3,5,4,refutation,1001,0.005,1
rome,grafo179.35,35,42,C,3,5,4,refutation,831,0.005,1
rome,grafo1797.19,19,27,C,3,4,3,bound,14,0.0,1
rome,grafo1789.23,23,28,C,3,4,4,refutation,221,0.006,1
rome,grafo1799.26,26,30,C,2,3,3,refutation,81,0.001,1
rome,grafo1795.11,11,15,C,2,2,2,bound,0,0.002,1
rome,grafo1798.23,23,31,C,3,4,4,refutation,196,0.001,1
rome,grafo180.27,27,37,C,3,5,4,refutation,209,0.001,1
rome,grafo1802.13,13,18,C,3,3,3,bound,0,0.0,1
rome,grafo1793.21,21,26,C,3,4,4,refutation,102,0.001,1
rome,grafo1801.20,20,23,C,2,3,3,refutation,77,0.0,1
rome,grafo1803.17,17,17,C,2,2,2,bound,0,0.0,1
rome,grafo1806.23,23,28,C,2,3,3,refutation,35,0.0,1
rome,grafo1800.19,19,24,C,3,3,3,bound,0,0.0,1
rome,grafo1805.26,26,31,C,3,3,3,bound,0,0.003,1
rome,grafo1807.12,12,17,C,4,4,4,bound,0,0.0,1
rome,grafo1808.15,15,15,C,2,2,2,bound,0,0.0,1
rome,grafo1809.17,17,17,C,2,2,2,bound,0,0.0,1
rome,grafo1804.19,19,30,C,4,4,4,bound,0,0.0,1
rome,grafo1796.31,31,40,C,2,4,4,refutation,422,0.006,1
rome,grafo1812.19,19,21,C,2,3,3,refutation,45,0.0,1
rome,grafo1811.18,18,23,C,3,3,3,bound,0,0.0,1
rome,grafo1816.12,12,19,C,3,3,3,bound,0,0.0,1
rome,grafo1813.28,28,33,C,3,4,3,bound,74,0.001,1
rome,grafo1810.30,30,40,C,3,4,4,refutation,215,0.001,1
rome,grafo1814.21,21,28,C,4,4,4,bound,0,0.0,1
rome,grafo1815.34,34,37,C,2,3,2,bound,53,0.001,1
rome,grafo182.23,23,25,C,2,3,3,refutation,95,0.001,1
rome,grafo1820.18,18,26,C,3,4,3,bound,11,0.0,1
rome,grafo1822.11,11,17,C,3,3,3,bound,0,0.0,1
rome,grafo1817.28,28,34,C,3,4,3,bound,25,0.004,1
rome,grafo1819.22,22,37,C,4,4,4,bound,0,0.003,1
rome,grafo1818.26,26,28,C,2,3,2,bound,34,0.004,1
rome,grafo1823.19,19,25,C,3,3,3,bound,0,0.0,1
rome,grafo1824.18,18,23,C,3,4,3,bound,22,0.0,1
rome,grafo1827.13,13,16,C,2,2,2,bound,0,0.0,1
rome,grafo1821.19,19,21,C,2,3,2,bound,18,0.0,1
rome,grafo1825.26,26,31,C,3,3,3,bound,0,0.0,1
rome,grafo1826.19,19,27,C,3,4,4,refutation,106,0.0,1
rome,grafo1829.15,15,19,C,3,3,3,bound,0,0.0,1
rome,grafo1828.27,27,33,C,2,3,3,refutation,83,0.001,1
rome,grafo1831.17,17,19,C,2,3,2,bound,16,0.0,1
rome,grafo183.28,28,32,C,3,3,3,bound,0,0.0,1
rome,grafo1830.24,24,29,C,2,4,3,refutation,79,0.001,1
rome,grafo1834.19,19,23,C,3,3,3,bound,0,0.0,1
rome,grafo1835.11,11,15,C,2,3,3,refutation,21,0.0,1
rome,grafo1681.54,54,74,C,5,7,6,refutation,43173,0.094,1
rome,grafo1839.13,13,15,C,2,3,3,refutation,25,0.0,1
rome,grafo181.29,29,40,C,4,5,5,refutation,1131,0.01,1
rome,grafo1832.11,11,12,C,2,3,3,refutation,20,0.0,1
rome,grafo1841.18,18,26,C,3,4,4,refutation,53,0.0,1
rome,grafo1840.28,28,34,C,3,4,4,refutation,266,0.001,1
rome,grafo1837.20,20,24,C,3,3,3,bound,0,0.003,1
rome,grafo1838.21,21,25,C,2,2,2,bound,0,0.0,1
rome,grafo1843.12,12,15,C,2,2,2,bound,0,0.0,1
rome,grafo1842.27,27,35,C,3,4,4,refutation,242,0.001,1
rome,grafo1845.17,17,18,C,2,3,2,bound,40,0.0,1
rome,grafo1846.19,19,24,C,3,3,3,bound,0,0.0,1
rome,grafo1848.18,18,22,C,2,3,3,refutation,46,0.0,1
rome,grafo1844.42,42,54,C,4,5,4,bound,87,0.001,1
rome,grafo184.41,41,45,C,3,4,3,bound,70,0.004,1
rome,grafo1849.16,16,20,C,2,2,2,bound,0,0.0,1
rome,grafo1850.22,22,28,C,3,4,3,bound,20,0.0,1
rome,grafo1847.26,26,29,C,3,4,3,bound,20,0.0,1
rome,grafo1851.17,17,22,C,3,4,3,bound,23,0.0,1
rome,grafo1852.19,19,25,C,3,3,3,bound,0,0.0,1
rome,grafo1853.13,13,15,C,2,2,2,bound,0,0.0,1
rome,grafo1854.22,22,27,C,3,3,3,bound,0,0.0,1
rome,grafo1856.14,14,14,C,2,2,2,bound,0,0.0,1
rome,grafo1857.10,10,12,C,2,2,2,bound,0,0.0,1
rome,grafo1855.20,20,27,C,3,4,4,refutation,81,0.0,1
rome,grafo185.22,22,26,C,3,3,3,bound,0,0.0,1
rome,grafo186.30,30,35,C,3,3,3,bound,0,0.0,1
rome,grafo1859.32,32,35,C,2,4,3,refutation,202,0.001,1
rome,grafo1863.21,21,26,C,2,4,3,refutation,91,0.0,1
rome,grafo1860.20,20,22,C,3,3,3,bound,0,0.0,1
rome,grafo1862.24,24,27,C,2,3,3,refutation,77,0.001,1
rome,grafo1858.19,19,21,C,2,3,3,refutation,55,0.0,1
rome,grafo1866.11,11,17,C,3,4,4,refutation,20,0.0,1
rome,grafo1865.18,18,20,C,2,2,2,bound,0,0.0,1
rome,grafo1867.27,27,30,C,3,3,3,bound,0,0.001,1
rome,grafo1869.31,31,33,C,3,4,3,bound,38,0.001,1
rome,grafo1836.45,45,58,C,4,6,5,refutation,5321,0.023,1
rome,grafo1868.34,34,39,C,3,4,4,refutation,650,0.002,1
rome,grafo1861.17,17,21,C,3,3,3,bound,0,0.0,1
rome,grafo1864.18,18,18,C,2,3,2,bound,12,0.0,1
rome,grafo187.15,15,18,C,2,3,3,refutation,33,0.0,1
rome,grafo1871.17,17,18,C,2,2,2,bound,0,0.0,1
rome,grafo1873.20,20,27,C,4,4,4,bound,0,0.0,1
rome,grafo1833.46,46,60,C,4,6,5,refutation,7580,0.025,1
rome,grafo1875.17,17,22,C,3,3,3,bound,0,0.0,1
rome,grafo1876.11,11,19,C,3,3,3,bound,0,0.0,1
rome,grafo1879.21,21,30,C,3,4,4,refutation,116,0.001,1
rome,grafo188.23,23,24,C,2,3,2,bound,20,0.0,1
rome,grafo1880.24,24,26,C,2,3,3,refutation,114,0.001,1
rome,grafo1878.16,16,18,C,2,3,2,bound,22,0.0,1
rome,grafo1883.15,15,15,C,2,2,2,bound,0,0.0,1
rome,grafo1872.23,23,25,C,2,3,3,refutation,86,0.001,1
rome,grafo1874.36,36,48,C,4,5,5,refutation,2395,0.006,1
rome,grafo1884.16,16,16,C,2,2,2,bound,0,0.0,1
rome,grafo1885.13,13,16,C,2,2,2,bound,0,0.0,1
rome,grafo1882.19,19,22,C,3,3,3,bound,0,0.001,1
rome,grafo1888.15,15,16,C,2,2,2,bound,0,0.0,1
rome,grafo1877.33,33,48,C,4,6,5,refutation,584,0.008,1
rome,grafo1886.22,22,21,C,1,2,2,refutation,20,0.003,1
rome,grafo189.30,30,36,C,3,3,3,bound,0,0.0,1
rome,grafo1891.18,18,19,C,2,3,3,refutation,64,0.0,1
rome,grafo1890.33,33,40,C,3,4,4,refutation,412,0.001,1
rome,grafo1881.19,19,22,C,3,3,3,bound,0,0.008,1
rome,grafo1895.14,14,16,C,2,2,2,bound,0,0.0,1
rome,grafo1894.22,22,30,C,3,4,3,bound,27,0.0,1
rome,grafo1889.27,27,34,C,3,4,3,bound,67,0.004,1
rome,grafo1896.21,21,25,C,2,3,3,refutation,58,0.0,1
rome,grafo1897.19,19,20,C,2,2,2,bound,0,0.0,1
rome,grafo1898.10,10,15,C,2,3,2,bound,10,0.0,1
rome,grafo190.20,20,26,C,3,4,3,bound,17,0.0,1
rome,grafo1900.19,19,22,C,2,3,3,refutation,55,0.0,1
rome,grafo1899.23,23,29,C,3,5,3,bound,79,0.001,1
rome,grafo1892.23,23,24,C,2,3,2,bound,22,0.003,1
rome,grafo1902.12,12,14,C,2,3,3,refutation,21,0.0,1
rome,grafo1893.18,18,18,C,2,2,2,bound,0,0.003,1
rome,grafo1905.13,13,14,C,2,2,2,bound,0,0.003,1
rome,grafo1907.16,16,18,C,2,2,2,bound,0,0.0,1
rome,grafo1908.32,32,39,C,4,4,4,bound,0,0.001,1
rome,grafo1901.20,20,26,C,3,3,3,bound,0,0.0,1
rome,grafo1903.18,18,21,C,2,3,2,bound,27,0.0,1
rome,grafo1909.13,13,18,C,3,3,3,bound,0,0.0,1
rome,grafo1910.21,21,27,C,3,4,4,refutation,108,0.001,1
rome,grafo191.21,21,24,C,3,4,3,bound,44,0.001,1
rome,grafo1911.21,21,26,C,4,4,4,bound,0,0.0,1
rome,grafo1912.11,11,17,C,3,3,3,bound,0,0.0,1
rome,grafo1904.39,39,49,C,4,5,5,refutation,2135,0.006,1
rome,grafo1913.11,11,14,C,2,2,2,bound,0,0.0,1
rome,grafo1917.11,11,17,C,3,3,3,bound,0,0.0,1
rome,grafo1916.20,20,23,C,3,3,3,bound,0,0.0,1
rome,grafo1606.63,63,85,C,5,7,7,refutation,120339,0.241,1
rome,grafo1914.28,28,36,C,3,4,4,refutation,223,0.001,1
rome,grafo1920.11,11,22,C,3,4,4,refutation,12,0.0,1
rome,grafo192.13,13,17,C,3,4,4,refutation,28,0.0,1
rome,grafo1921.27,27,31,C,3,3,3,bound,0,0.001,1
rome,grafo1923.26,26,29,C,3,3,3,bound,0,0.0,1
rome,grafo1922.22,22,29,C,3,4,4,refutation,108,0.001,1
rome,grafo1924.16,16,18,C,2,3,2,bound,18,0.0,1
rome,grafo1915.33,33,44,C,3,4,3,bound,126,0.001,1
rome,grafo1919.21,21,25,C,3,3,3,bound,0,0.0,1
rome,grafo1918.16,16,23,C,3,3,3,bound,0,0.002,1
rome,grafo1927.21,21,25,C,3,3,3,bound,0,0.0,1
rome,grafo1906.51,51,62,C,4,6,5,refutation,4574,0.018,1
rome,grafo1928.23,23,28,C,3,3,3,bound,0,0.0,1
rome,grafo1926.26,26,34,C,3,4,3,bound,67,0.001,1
rome,grafo1930.13,13,13,C,2,2,2,bound,0,0.0,1
rome,grafo193.12,12,13,C,2,2,2,bound,0,0.0,1
rome,grafo1931.20,20,29,C,3,3,3,bound,0,0.0,1
rome,grafo1932.13,13,17,C,3,3,3,bound,0,0.0,1
rome,grafo1933.22,22,26,C,3,3,3,bound,0,0.0,1
rome,grafo1925.35,35,36,C,2,3,2,bound,38,0.001,1
rome,grafo1934.14,14,14,C,2,2,2,bound,0,0.0,1
rome,grafo1935.13,13,18,C,3,4,3,bound,11,0.0,1
rome,grafo1936.18,18,27,C,3,4,3,bound,26,0.0,1
rome,grafo194.23,23,30,C,3,4,3,bound,19,0.0,1
rome,grafo1929.21,21,24,C,3,3,3,bound,0,0.0,1
rome,grafo1942.18,18,19,C,2,2,2,bound,0,0.0,1
rome,grafo1941.21,21,26,C,3,4,4,refutation,119,0.001,1
rome,grafo1943.12,12,15,C,3,3,3,bound,0,0.0,1
rome,grafo1944.19,19,24,C,3,3,3,bound,0,0.0,1
rome,grafo1945.16,16,17,C,2,3,2,bound,17,0.0,1
rome,grafo1940.18,18,24,C,3,3,3,bound,0,0.0,1
rome,grafo1937.21,21,24,C,3,3,3,bound,0,0.0,1
rome,grafo1947.14,14,18,C,3,3,3,bound,0,0.0,1
rome,grafo1938.12,12,15,C,2,3,3,refutation,20,0.0,1
rome,grafo1939.22,22,22,C,2,2,2,bound,0,0.0,1
rome,grafo1951.14,14,25,C,4,4,4,bound,0,0.0,1
rome,grafo1950.24,24,27,C,2,3,2,bound,26,0.0,1
rome,grafo1946.31,31,38,C,3,4,3,bound,46,0.001,1
rome,grafo195.15,15,24,C,3,4,4,refutation,37,0.0,1
rome,grafo1948.36,36,45,C,3,5,4,refutation,492,0.002,1
rome,grafo1955.10,10,15,C,2,3,2,bound,10,0.0,1
rome,grafo1949.29,29,34,C,3,4,3,bound,31,0.004,1
rome,grafo1954.24,24,27,C,3,3,3,bound,0,0.0,1
rome,grafo1953.32,32,34,C,2,3,2,bound,44,0.001,1
rome,grafo1957.10,10,15,C,2,3,2,bound,10,0.0,1
rome,grafo1958.30,30,33,C,2,3,3,refutation,111,0.001,1
rome,grafo1960.26,26,29,C,2,4,3,refutation,109,0.001,1
rome,grafo1961.15,15,16,C,2,2,2,bound,0,0.0,1
rome,grafo1952.26,26,31,C,3,4,4,refutation,234,0.005,1
rome,grafo196.30,30,36,C,3,4,3,bound,28,0.001,1
rome,grafo1965.28,28,37,C,3,4,4,refutation,125,0.001,1
rome,grafo1959.25,25,30,C,2,4,3,refutation,66,0.006,1
rome,grafo1962.34,34,39,C,2,4,3,refutation,164,0.001,1
rome,grafo1967.35,35,53,C,5,6,5,bound,69,0.001,1
rome,grafo1969.14,14,14,C,2,2,2,bound,0,0.0,1
rome,grafo1966.24,24,34,C,4,4,4,bound,0,0.003,1
rome,grafo1964.36,36,51,C,4,5,5,refutation,1061,0.007,1
rome,grafo1968.25,25,32,C,3,4,4,refutation,282,0.003,1
rome,grafo1972.10,10,15,C,2,3,2,bound,10,0.0,1
rome,grafo197.15,15,15,C,2,2,2,bound,0,0.0,1
rome,grafo1970.15,15,17,C,2,2,2,bound,0,0.0,1
rome,grafo1971.15,15,20,C,3,3,3,bound,0,0.001,1
rome,grafo1973.27,27,33,C,3,4,3,bound,25,0.001,1
rome,grafo1977.24,24,23,C,1,2,2,refutation,22,0.0,1
rome,grafo1974.23,23,27,C,3,4,3,bound,20,0.0,1
rome,grafo1887.56,56,72,C,4,5,5,refutation,15943,0.054,1
rome,grafo1870.14,14,21,C,3,3,3,bound,0,0.003,1
rome,grafo1975.33,33,46,C,4,5,5,refutation,608,0.005,1
rome,grafo198.18,18,26,C,4,4,4,bound,0,0.0,1
rome,grafo1980.28,28,35,C,3,4,3,bound,100,0.001,1
rome,grafo1982.15,15,17,C,2,3,2,bound,14,0.0,1
rome,grafo1981.24,24,36,C,4,5,5,refutation,146,0.001,1
rome,grafo1978.37,37,47,C,3,4,4,refutation,440,0.005,1
rome,grafo1963.42,42,63,C,4,6,6,refutation,3637,0.015,1
rome,grafo1986.27,27,34,C,4,4,4,bound,0,0.001,1
rome,grafo1983.29,29,37,C,3,4,4,refutation,232,0.004,1
rome,grafo1984.34,34,43,C,4,5,4,bound,46,0.004,1
rome,grafo1985.33,33,43,C,4,5,4,bound,86,0.004,1
rome,grafo1989.31,31,33,C,2,3,2,bound,29,0.001,1
rome,grafo199.13,13,19,C,3,3,3,bound,0,0.0,1
rome,grafo1956.41,41,58,C,4,6,6,refutation,6172,0.024,1
rome,grafo1988.25,25,26,C,2,3,2,bound,31,0.0,1
rome,grafo1992.32,32,36,C,3,4,3,bound,53,0.001,1
rome,grafo1994.14,14,19,C,3,3,3,bound,0,0.0,1
rome,grafo1987.30,30,38,C,3,5,4,refutation,172,0.004,1
rome,grafo1976.32,32,43,C,4,5,5,refutation,643,0.012,1
rome,grafo1996.26,26,32,C,3,4,3,bound,50,0.0,1
rome,grafo1997.27,27,31,C,3,3,3,bound,0,0.0,1
rome,grafo1998.31,31,36,C,3,3,3,bound,0,0.001,1
rome,grafo200.11,11,17,C,2,3,2,bound,12,0.0,1
rome,grafo2001.12,12,14,C,3,3,3,bound,0,0.0,1
rome,grafo1993.32,32,42,C,4,4,4,bound,0,0.004,1
rome,grafo1990.34,34,38,C,3,4,4,refutation,904,0.005,1
rome,grafo2000.24,24,27,C,2,3,3,refutation,104,0.002,1
rome,grafo1995.25,25,33,C,3,4,3,bound,25,0.001,1
rome,grafo1991.31,31,39,C,3,5,5,refutation,1233,0.006,1
rome,grafo2005.30,30,37,C,3,5,4,refutation,327,0.001,1
rome,grafo2006.25,25,36,C,3,4,4,refutation,129,0.001,1
rome,grafo1999.38,38,45,C,3,4,3,bound,50,0.001,1
rome,grafo2004.35,35,40,C,2,4,3,refutation,170,0.001,1
rome,grafo2003.29,29,35,C,2,4,3,refutation,116,0.001,1
rome,grafo201.13,13,16,C,2,3,3,refutation,31,0.0,1
rome,grafo2009.23,23,30,C,4,5,4,bound,31,0.0,1
rome,grafo2012.30,30,46,C,4,5,4,bound,73,0.001,1
rome,grafo2010.34,34,41,C,4,5,4,bound,44,0.001,1
rome,grafo2011.39,39,49,C,4,5,4,bound,95,0.001,1
rome,grafo2014.23,23,28,C,3,4,3,bound,69,0.0,1
rome,grafo2008.33,33,42,C,4,5,4,bound,321,0.001,1
rome,grafo2018.28,28,37,C,4,4,4,bound,0,0.0,1
rome,grafo1979.47,47,64,C,4,6,5,refutation,6516,0.026,1
rome,grafo2016.25,25,33,C,4,4,4,bound,0,0.003,1
rome,grafo2013.30,30,38,C,3,4,4,refutation,292,0.001,1
rome,grafo202.13,13,14,C,2,3,2,bound,14,0.0,1
rome,grafo2017.24,24,28,C,3,4,3,bound,31,0.0,1
rome,grafo2015.35,35,48,C,4,6,5,refutation,520,0.005,1
rome,grafo2020.35,35,43,C,3,4,3,bound,40,0.001,1
rome,grafo2021.27,27,31,C,3,4,3,bound,37,0.001,1
rome,grafo2022.28,28,31,C,3,3,3,bound,0,0.001,1
rome,grafo2026.28,28,36,C,3,5,4,refutation,212,0.001,1
rome,grafo2019.41,41,47,C,3,4,4,refutation,1004,0.002,1
rome,grafo2023.16,16,20,C,3,3,3,bound,0,0.0,1
rome,grafo2024.28,28,31,C,3,3,3,bound,0,0.001,1
rome,grafo2025.30,30,42,C,4,5,5,refutation,614,0.003,1
rome,grafo203.13,13,14,C,2,2,2,bound,0,0.0,1
rome,grafo2028.23,23,32,C,4,4,4,bound,0,0.0,1
rome,grafo2007.39,39,51,C,4,5,5,refutation,2510,0.011,1
rome,grafo2027.35,35,46,C,4,5,4,bound,34,0.001,1
rome,grafo2032.23,23,27,C,3,4,3,bound,22,0.0,1
rome,grafo2029.31,31,40,C,3,4,4,refutation,534,0.002,1
rome,grafo2034.31,31,41,C,4,4,4,bound,0,0.001,1
rome,grafo2030.30,30,44,C,4,6,5,refutation,1246,0.003,1
rome,grafo2031.34,34,42,C,3,3,3,bound,0,0.001,1
rome,grafo204.15,15,15,C,2,2,2,bound,0,0.0,1
rome,grafo2036.27,27,32,C,2,4,3,refutation,106,0.003,1
rome,grafo2041.28,28,39,C,4,5,4,bound,24,0.0,1
rome,grafo2035.30,30,45,C,4,5,5,refutation,587,0.005,1
rome,grafo2039.39,39,45,C,3,4,3,bound,33,0.001,1
rome,grafo2038.29,29,39,C,3,5,4,refutation,337,0.004,1
rome,grafo2037.27,27,31,C,3,4,4,refutation,285,0.001,1
rome,grafo2033.30,30,37,C,3,5,4,refutation,372,0.001,1
rome,grafo2040.27,27,35,C,3,4,4,refutation,245,0.005,1
rome,grafo2042.33,33,43,C,3,4,4,refutation,369,0.004,1
rome,grafo2043.35,35,45,C,4,5,4,bound,63,0.004,1
rome,grafo205.30,30,33,C,2,3,3,refutation,117,0.001,1
rome,grafo2044.33,33,43,C,3,4,4,refutation,335,0.004,1
rome,grafo2045.28,28,49,C,5,6,6,refutation,476,0.003,1
rome,grafo2051.25,25,26,C,2,2,2,bound,0,0.0,1
rome,grafo2047.32,32,34,C,3,4,3,bound,28,0.004,1
rome,grafo2002.62,62,77,C,4,6,5,refutation,10112,0.039,1
rome,grafo2054.29,29,35,C,3,3,3,bound,0,0.001,1
rome,grafo2056.20,20,22,C,2,2,2,bound,0,0.0,1
rome,grafo2049.33,33,38,C,3,4,4,refutation,483,0.005,1
rome,grafo2050.27,27,36,C,3,3,3,bound,0,0.004,1
rome,grafo2046.38,38,50,C,3,5,4,refutation,627,0.008,1
rome,grafo206.12,12,12,C,2,2,2,bound,0,0.0,1
rome,grafo2058.28,28,29,C,2,3,3,refutation,144,0.001,1
rome,grafo2052.38,38,50,C,4,5,5,refutation,832,0.005,1
rome,grafo2053.31,31,37,C,3,4,3,bound,84,0.006,1
rome,grafo2060.25,25,26,C,2,3,3,refutation,130,0.003,1
rome,grafo2061.25,25,31,C,3,4,3,bound,21,0.0,1
rome,grafo2063.29,29,39,C,4,5,4,bound,21,0.001,1
rome,grafo2048.52,52,65,C,3,6,4,refutation,2465,0.011,1
rome,grafo2059.42,42,52,C,3,4,4,refutation,499,0.005,1
rome,grafo2068.12,12,16,C,3,3,3,bound,0,0.0,1
rome,grafo2067.25,25,28,C,3,3,3,bound,0,0.0,1
rome,grafo207.12,12,13,C,2,2,2,bound,0,0.0,1
rome,grafo2062.42,42,51,C,4,5,4,bound,352,0.005,1
rome,grafo2066.33,33,39,C,3,4,4,refutation,435,0.002,1
rome,grafo2057.34,34,45,C,3,4,4,refutation,341,0.001,1
rome,grafo2069.32,32,37,C,3,3,3,bound,0,0.001,1
rome,grafo2055.39,39,51,C,4,5,5,refutation,1601,0.007,1
rome,grafo2073.32,32,34,C,2,4,3,refutation,223,0.001,1
rome,grafo2075.32,32,41,C,4,4,4,bound,0,0.001,1
rome,grafo2076.29,29,35,C,4,5,4,bound,38,0.001,1
rome,grafo2071.37,37,58,C,5,6,6,refutation,1502,0.007,1
rome,grafo2072.29,29,43,C,4,5,5,refutation,318,0.004,1
rome,grafo2078.29,29,37,C,4,5,4,bound,118,0.001,1
rome,grafo2077.25,25,30,C,3,4,3,bound,22,0.0,1
rome,grafo2074.34,34,34,C,2,3,2,bound,36,0.004,1
rome,grafo2064.33,33,42,C,4,5,5,refutation,1451,0.007,1
rome,grafo2080.25,25,32,C,3,4,3,bound,20,0.001,1
rome,grafo2070.37,37,49,C,4,5,5,refutation,1698,0.006,1
rome,grafo2082.34,34,38,C,2,3,2,bound,50,0.001,1
rome,grafo2084.25,25,35,C,4,4,4,bound,0,0.0,1
rome,grafo2085.29,29,30,C,2,2,2,bound,0,0.0,1
rome,grafo2079.19,19,21,C,2,2,2,bound,0,0.0,1
rome,grafo208.38,38,46,C,4,5,4,bound,219,0.004,1
rome,grafo209.10,10,10,C,2,2,2,bound,0,0.0,1
rome,grafo2081.39,39,52,C,4,5,5,refutation,1225,0.006,1
rome,grafo2090.17,17,18,C,2,3,2,bound,14,0.0,1
rome,grafo2087.29,29,36,C,3,4,4,refutation,173,0.001,1
rome,grafo2088.38,38,54,C,3,5,4,refutation,376,0.002,1
rome,grafo2083.52,52,63,C,3,5,4,refutation,1024,0.006,1
rome,grafo2093.36,36,53,C,4,6,5,refutation,671,0.002,1
rome,grafo2091.34,34,47,C,4,5,4,bound,93,0.001,1
rome,grafo2092.29,29,36,C,3,4,4,refutation,288,0.002,1
rome,grafo2094.34,34,39,C,3,4,4,refutation,885,0.005,1
rome,grafo2098.35,35,42,C,3,4,4,refutation,709,0.002,1
rome,grafo2096.43,43,58,C,5,5,5,bound,0,0.001,1
rome,grafo2095.29,29,35,C,3,5,4,refutation,330,0.005,1
rome,grafo2100.29,29,38,C,4,4,4,bound,0,0.001,1
rome,grafo2101.17,17,17,C,2,2,2,bound,0,0.0,1
rome,grafo210.10,10,10,C,2,2,2,bound,0,0.0,1
rome,grafo2099.37,37,44,C,3,3,3,bound,0,0.004,1
rome,grafo2102.34,34,41,C,3,5,4,refutation,489,0.002,1
rome,grafo2105.10,10,12,C,2,3,2,bound,16,0.0,1
rome,grafo2106.17,17,19,C,2,3,2,bound,14,0.0,1
rome,grafo2107.31,31,35,C,3,4,3,bound,27,0.001,1
rome,grafo2108.26,26,35,C,3,4,4,refutation,219,0.001,1
rome,grafo2086.39,39,55,C,5,6,6,refutation,8741,0.03,1
rome,grafo2109.11,11,18,C,3,4,4,refutation,15,0.0,1
rome,grafo2104.36,36,45,C,3,5,4,refutation,816,0.004,1
rome,grafo211.14,14,15,C,2,3,2,bound,19,0.0,1
rome,grafo2110.11,11,11,C,2,2,2,bound,0,0.0,1
rome,grafo2111.10,10,16,C,3,3,3,bound,0,0.0,1
rome,grafo2113.19,19,25,C,3,4,3,bound,29,0.0,1
rome,grafo2115.12,12,15,C,2,2,2,bound,0,0.0,1
rome,grafo2114.21,21,24,C,3,4,3,bound,16,0.0,1
rome,grafo2117.18,18,20,C,2,2,2,bound,0,0.0,1
rome,grafo2118.15,15,15,C,2,2,2,bound,0,0.0,1
rome,grafo2119.21,21,27,C,4,4,4,bound,0,0.0,1
rome,grafo2116.32,32,41,C,3,5,4,refutation,347,0.001,1
rome,grafo2121.13,13,25,C,3,3,3,bound,0,0.0,1
rome,grafo2120.13,13,20,C,4,4,4,bound,0,0.0,1
rome,grafo2112.28,28,36,C,3,4,4,refutation,264,0.004,1
rome,grafo2123.26,26,28,C,2,3,3,refutation,131,0.001,1
rome,grafo2122.20,20,21,C,2,3,3,refutation,64,0.0,1
rome,grafo2126.11,11,15,C,3,3,3,bound,0,0.0,1
rome,grafo212.14,14,14,C,2,2,2,bound,0,0.003,1
rome,grafo2125.16,16,18,C,2,3,2,bound,18,0.0,1
rome,grafo2127.18,18,23,C,3,3,3,bound,0,0.0,1
rome,grafo2129.11,11,17,C,3,3,3,bound,0,0.0,1
rome,grafo2128.19,19,19,C,2,2,2,bound,0,0.0,1
rome,grafo213.18,18,21,C,2,3,3,refutation,35,0.0,1
rome,grafo2131.19,19,25,C,3,4,4,refutation,118,0.001,1
rome,grafo2132.37,37,45,C,3,4,4,refutation,419,0.002,1
rome,grafo2130.31,31,37,C,2,3,2,bound,41,0.001,1
rome,grafo2133.22,22,24,C,2,3,2,bound,27,0.002,1
rome,grafo2136.11,11,17,C,3,4,3,bound,9,0.0,1
rome,grafo2135.19,19,23,C,3,3,3,bound,0,0.0,1
rome,grafo2138.17,17,19,C,2,2,2,bound,0,0.0,1
rome,grafo2137.22,22,21,C,1,3,2,refutation,33,0.0,1
rome,grafo214.22,22,31,C,3,4,4,refutation,124,0.001,1
rome,grafo2140.25,25,28,C,2,3,2,bound,22,0.0,1
rome,grafo2139.11,11,16,C,3,3,3,bound,0,0.003,1
rome,grafo2142.16,16,16,C,2,2,2,bound,0,0.0,1
rome,grafo2134.24,24,30,C,3,4,4,refutation,194,0.004,1
rome,grafo2143.19,19,27,C,3,3,3,bound,0,0.0,1
rome,grafo2144.12,12,18,C,3,3,3,bound,0,0.0,1
rome,grafo2146.17,17,17,C,2,3,2,bound,12,0.0,1
rome,grafo2145.29,29,34,C,3,3,3,bound,0,0.0,1
rome,grafo2147.17,17,20,C,3,3,3,bound,0,0.0,1
rome,grafo2124.49,49,64,C,4,5,5,refutation,7046,0.028,1
rome,grafo2149.24,24,30,C,3,4,4,refutation,194,0.001,1
rome,grafo2148.39,39,45,C,3,5,4,refutation,793,0.005,1
rome,grafo2150.16,16,19,C,2,3,2,bound,13,0.0,1
rome,grafo2103.66,66,76,C,4,5,5,refutation,10741,0.049,1
rome,grafo2152.21,21,22,C,2,2,2,bound,0,0.0,1
rome,grafo2151.20,20,27,C,3,4,3,bound,37,0.0,1
rome,grafo2154.14,14,16,C,2,3,3,refutation,33,0.0,1
rome,grafo2153.19,19,23,C,3,3,3,bound,0,0.003,1
rome,grafo215.20,20,22,C,2,3,2,bound,19,0.005,1
rome,grafo2157.15,15,15,C,2,2,2,bound,0,0.0,1
rome,grafo2158.14,14,18,C,2,3,2,bound,12,0.0,1
rome,grafo2159.17,17,19,C,2,3,2,bound,24,0.0,1
rome,grafo2155.33,33,40,C,3,5,4,refutation,371,0.005,1
rome,grafo2160.15,15,19,C,2,3,2,bound,14,0.0,1
rome,grafo2161.29,29,34,C,3,4,3,bound,30,0.001,1
rome,grafo2163.24,24,27,C,3,4,3,bound,27,0.0,1
rome,grafo216.18,18,19,C,2,3,3,refutation,84,0.004,1
rome,grafo2165.22,22,23,C,2,3,2,bound,19,0.0,1
rome,grafo2162.21,21,26,C,3,3,3,bound,0,0.0,1
rome,grafo2166.20,20,28,C,4,4,4,bound,0,0.0,1
rome,grafo1516.71,71,101,C,5,9,8,refutation,600740,0.769,1
rome,grafo2168.16,16,18,C,3,3,3,bound,0,0.0,1
rome,grafo2169.15,15,21,C,3,4,4,refutation,44,0.0,1
rome,grafo217.14,14,17,C,3,3,3,bound,0,0.0,1
rome,grafo2164.16,16,18,C,2,3,2,bound,15,0.003,1
rome,grafo2167.38,38,45,C,3,4,4,refutation,1099,0.006,1
rome,grafo2156.33,33,41,C,3,5,4,refutation,373,0.002,1
rome,grafo2171.19,19,23,C,3,3,3,bound,0,0.0,1
rome,grafo2170.13,13,18,C,3,3,3,bound,0,0.0,1
rome,grafo2174.17,17,18,C,2,3,2,bound,17,0.0,1
rome,grafo2173.21,21,25,C,3,3,3,bound,0,0.0,1
rome,grafo2172.31,31,32,C,2,4,2,bound,118,0.001,1
rome,grafo2175.25,25,28,C,3,3,3,bound,0,0.0,1
rome,grafo2177.17,17,22,C,2,4,3,refutation,52,0.0,1
rome,grafo2178.22,22,25,C,3,3,3,bound,0,0.0,1
rome,grafo2179.14,14,19,C,3,3,3,bound,0,0.0,1
rome,grafo218.17,17,22,C,3,4,3,bound,15,0.0,1
rome,grafo2183.16,16,17,C,2,2,2,bound,0,0.0,1
rome,grafo2176.21,21,26,C,3,3,3,bound,0,0.003,1
rome,grafo2184.18,18,21,C,2,2,2,bound,0,0.0,1
rome,grafo2185.24,24,28,C,2,3,3,refutation,80,0.001,1
rome,grafo2187.19,19,22,C,2,3,3,refutation,59,0.0,1
rome,grafo2097.53,53,69,C,5,7,6,refutation,31421,0.09,1
rome,grafo2181.41,41,52,C,3,5,4,refutation,431,0.005,1
rome,grafo2189.14,14,16,C,2,2,2,bound,0,0.0,1
rome,grafo219.11,11,13,C,2,2,2,bound,0,0.0,1
rome,grafo2180.27,27,28,C,2,2,2,bound,0,0.0,1
rome,grafo2192.16,16,18,C,3,3,3,bound,0,0.0,1
rome,grafo2182.38,38,52,C,5,6,5,bound,499,0.002,1
rome,grafo2193.22,22,30,C,3,3,3,bound,0,0.0,1
rome,grafo2188.28,28,40,C,3,3,3,bound,0,0.0,1
rome,grafo2196.16,16,17,C,2,3,2,bound,15,0.0,1
rome,grafo2186.18,18,23,C,3,3,3,bound,0,0.006,1
rome,grafo2197.13,13,14,C,2,3,2,bound,14,0.0,1
rome,grafo2198.16,16,20,C,3,3,3,bound,0,0.0,1
rome,grafo2191.16,16,19,C,2,3,2,bound,60,0.0,1
rome,grafo220.13,13,16,C,3,3,3,bound,0,0.0,1
rome,grafo2201.25,25,29,C,3,3,3,bound,0,0.0,1
rome,grafo2200.23,23,29,C,3,3,3,bound,0,0.0,1
rome,grafo2195.35,35,46,C,4,5,5,refutation,749,0.006,1
rome,grafo2204.13,13,13,C,2,2,2,bound,0,0.0,1
rome,grafo2199.44,44,50,C,3,5,4,refutation,1716,0.01,1
rome,grafo2202.20,20,25,C,2,3,3,refutation,52,0.0,1
rome,grafo2203.33,33,41,C,3,4,4,refutation,537,0.005,1
rome,grafo2206.19,19,23,C,3,4,3,bound,37,0.0,1
rome,grafo2208.21,21,24,C,2,3,3,refutation,56,0.0,1
rome,grafo221.15,15,16,C,2,2,2,bound,0,0.0,1
rome,grafo2194.48,48,57,C,3,4,4,refutation,1040,0.01,1
rome,grafo2209.20,20,31,C,3,4,4,refutation,47,0.003,1
rome,grafo2211.16,16,28,C,4,5,4,bound,12,0.0,1
rome,grafo2213.20,20,28,C,3,3,3,bound,0,0.0,1
rome,grafo2212.36,36,41,C,2,4,3,refutation,203,0.001,1
rome,grafo2210.28,28,32,C,2,4,3,refutation,229,0.004,1
rome,grafo2216.15,15,20,C,3,3,3,bound,0,0.0,1
rome,grafo2217.23,23,29,C,3,4,3,bound,38,0.001,1
rome,grafo2207.36,36,49,C,4,6,5,refutation,939,0.009,1
rome,grafo2219.15,15,19,C,3,3,3,bound,0,0.0,1
rome,grafo222.11,11,10,C,1,2,2,refutation,11,0.0,1
rome,grafo2218.13,13,13,C,2,2,2,bound,0,0.003,1
rome,grafo2215.36,36,41,C,3,4,4,refutation,737,0.002,1
rome,grafo2214.19,19,21,C,3,3,3,bound,0,0.0,1
rome,grafo2221.13,13,13,C,2,2,2,bound,0,0.0,1
rome,grafo2205.38,38,55,C,5,6,6,refutation,3137,0.014,1
rome,grafo2225.15,15,18,C,3,3,3,bound,0,0.0,1
rome,grafo2222.17,17,17,C,2,2,2,bound,0,0.003,1
rome,grafo2227.17,17,25,C,3,4,3,bound,19,0.0,1
rome,grafo2228.14,14,14,C,2,2,2,bound,0,0.0,1
rome,grafo2224.37,37,45,C,3,5,5,refutation,1918,0.004,1
rome,grafo2220.17,17,25,C,3,4,4,refutation,72,0.006,1
rome,grafo223.12,12,11,C,1,2,2,refutation,12,0.0,1
rome,grafo2223.38,38,44,C,3,4,4,refutation,860,0.006,1
rome,grafo2231.16,16,20,C,3,4,3,bound,15,0.0,1
rome,grafo2232.15,15,16,C,2,2,2,bound,0,0.0,1
rome,grafo2234.14,14,19,C,2,3,3,refutation,30,0.0,1
rome,grafo2229.25,25,42,C,5,6,6,refutation,693,0.005,1
rome,grafo2236.16,16,20,C,2,3,3,refutation,28,0.0,1
rome,grafo2230.39,39,54,C,4,5,5,refutation,1770,0.004,1
rome,grafo2226.39,39,63,C,5,6,6,refutation,1160,0.008,1
rome,grafo2238.33,33,39,C,3,4,4,refutation,476,0.002,1
rome,grafo2239.17,17,27,C,3,4,3,bound,17,0.0,1
rome,grafo224.17,17,18,C,2,2,2,bound,0,0.0,1
rome,grafo2240.12,12,13,C,2,2,2,bound,0,0.0,1
rome,grafo2237.27,27,34,C,3,4,3,bound,28,0.004,1
rome,grafo2241.16,16,20,C,3,3,3,bound,0,0.0,1
rome,grafo2244.18,18,20,C,2,2,2,bound,0,0.0,1
rome,grafo2245.17,17,19,C,2,2,2,bound,0,0.0,1
rome,grafo2246.20,20,30,C,4,4,4,bound,0,0.0,1
rome,grafo2247.18,18,25,C,3,4,4,refutation,79,0.001,1
rome,grafo2242.25,25,32,C,3,4,3,bound,49,0.001,1
rome,grafo2233.15,15,20,C,2,3,2,bound,13,0.0,1
rome,grafo2248.22,22,28,C,3,4,4,refutation,129,0.001,1
rome,grafo225.12,12,19,C,3,3,3,bound,0,0.0,1
rome,grafo2250.48,48,60,C,3,4,3,bound,163,0.002,1
rome,grafo2252.15,15,22,C,3,3,3,bound,0,0.0,1
rome,grafo2253.18,18,25,C,3,3,3,bound,0,0.0,1
rome,grafo2190.36,36,42,C,3,4,3,bound,30,0.001,1
rome,grafo2235.41,41,58,C,5,6,6,refutation,6258,0.017,1
rome,grafo2255.39,39,45,C,3,4,3,bound,45,0.004,1
rome,grafo2257.14,14,16,C,2,2,2,bound,0,0.0,1
rome,grafo2256.23,23,26,C,3,3,3,bound,0,0.0,1
rome,grafo2243.46,46,61,C,4,5,5,refutation,2723,0.012,1
rome,grafo2259.14,14,14,C,2,2,2,bound,0,0.0,1
rome,grafo2260.14,14,15,C,2,3,2,bound,17,0.0,1
rome,grafo226.14,14,16,C,2,3,3,refutation,36,0.0,1
rome,grafo2261.12,12,14,C,2,2,2,bound,0,0.0,1
rome,grafo2263.22,22,24,C,3,3,3,bound,0,0.0,1
rome,grafo2264.15,15,17,C,2,2,2,bound,0,0.0,1
rome,grafo2262.31,31,40,C,2,3,3,refutation,67,0.001,1
rome,grafo2251.48,48,60,C,3,4,3,bound,163,0.008,1
rome,grafo2141.55,55,76,C,4,7,6,refutation,25140,0.101,1
rome,grafo2268.20,20,24,C,3,3,3,bound,0,0.0,1
rome,grafo2249.40,40,49,C,4,5,5,refutation,4197,0.017,1
rome,grafo2269.23,23,27,C,3,3,3,bound,0,0.0,1
rome,grafo2266.15,15,16,C,2,2,2,bound,0,0.0,1
rome,grafo2265.12,12,15,C,2,3,3,refutation,15,0.0,1
rome,grafo2270.32,32,34,C,2,3,2,bound,31,0.001,1
rome,grafo2272.20,20,23,C,3,3,3,bound,0,0.0,1
rome,grafo2267.36,36,52,C,4,6,5,refutation,1107,0.008,1
rome,grafo2274.35,35,41,C,3,3,3,bound,0,0.001,1
rome,grafo2275.27,27,32,C,3,4,3,bound,50,0.001,1
rome,grafo227.39,39,47,C,3,5,4,refutation,747,0.005,1
rome,grafo2276.16,16,20,C,3,3,3,bound,0,0.0,1
rome,grafo2277.18,18,21,C,2,3,3,refutation,61,0.0,1
rome,grafo2279.16,16,18,C,2,2,2,bound,0,0.0,1
rome,grafo2258.47,47,60,C,3,5,4,refutation,1012,0.011,1
rome,grafo2273.40,40,60,C,5,6,5,bound,207,0.002,1
rome,grafo2281.16,16,21,C,3,3,3,bound,0,0.0,1
rome,grafo2282.20,20,24,C,2,3,3,refutation,40,0.0,1
rome,grafo2254.48,48,66,C,5,7,6,refutation,12711,0.023,1
rome,grafo2284.20,20,30,C,4,5,4,bound,23,0.0,1
rome,grafo2286.15,15,16,C,2,3,3,refutation,32,0.0,1
rome,grafo2280.15,15,16,C,2,3,2,bound,13,0.0,1
rome,grafo2283.13,13,18,C,2,2,2,bound,0,0.0,1
rome,grafo2288.16,16,24,C,3,4,4,refutation,82,0.0,1
rome,grafo2278.39,39,50,C,4,5,4,bound,436,0.002,1
rome,grafo2289.18,18,20,C,2,3,2,bound,27,0.0,1
rome,grafo229.13,13,12,C,1,2,2,refutation,13,0.0,1
rome,grafo2291.14,14,14,C,2,2,2,bound,0,0.0,1
rome,grafo2285.38,38,52,C,4,6,5,refutation,1052,0.003,1
rome,grafo228.19,19,24,C,3,3,3,bound,0,0.0,1
rome,grafo2290.19,19,22,C,2,3,3,refutation,38,0.001,1
rome,grafo2287.13,13,13,C,2,2,2,bound,0,0.0,1
rome,grafo2292.14,14,19,C,3,3,3,bound,0,0.0,1
rome,grafo2293.13,13,13,C,2,2,2,bound,0,0.0,1
rome,grafo2294.16,16,17,C,2,3,2,bound,15,0.0,1
rome,grafo2295.22,22,27,C,2,3,3,refutation,45,0.0,1
rome,grafo2296.15,15,21,C,2,3,3,refutation,27,0.0,1
rome,grafo2298.13,13,14,C,2,2,2,bound,0,0.0,1
rome,grafo2300.17,17,20,C,2,3,2,bound,17,0.0,1
rome,grafo2302.16,16,20,C,3,4,4,refutation,66,0.0,1
rome,grafo2301.25,25,37,C,3,4,4,refutation,146,0.001,1
rome,grafo2303.13,13,19,C,2,2,2,bound,0,0.0,1
rome,grafo2306.13,13,14,C,2,2,2,bound,0,0.0,1
rome,grafo2297.17,17,20,C,2,3,3,refutation,48,0.0,1
rome,grafo230.14,14,19,C,3,3,3,bound,0,0.0,1
rome,grafo2307.18,18,23,C,3,3,3,bound,0,0.0,1
rome,grafo2308.19,19,21,C,3,3,3,bound,0,0.0,1
rome,grafo231.12,12,18,C,3,3,3,bound,0,0.0,1
rome,grafo2311.15,15,15,C,2,2,2,bound,0,0.0,1
rome,grafo2305.21,21,24,C,2,3,3,refutation,62,0.0,1
rome,grafo2312.11,11,11,C,2,2,2,bound,0,0.0,1
rome,grafo2313.13,13,14,C,2,2,2,bound,0,0.0,1
rome,grafo2299.35,35,40,C,3,4,4,refutation,881,0.01,1
rome,grafo2315.23,23,26,C,2,3,2,bound,30,0.0,1
rome,grafo2304.38,38,51,C,4,5,5,refutation,1286,0.007,1
rome,grafo2309.34,34,51,C,5,6,5,bound,55,0.001,1
rome,grafo2318.15,15,16,C,2,3,2,bound,23,0.0,1
rome,grafo2319.14,14,16,C,2,3,3,refutation,31,0.0,1
rome,grafo2065.70,70,91,C,5,7,7,refutation,150198,0.216,1
rome,grafo232.16,16,18,C,2,3,3,refutation,53,0.0,1
rome,grafo2314.27,27,35,C,3,3,3,bound,0,0.0,1
rome,grafo2320.23,23,35,C,3,4,3,bound,40,0.001,1
rome,grafo2324.17,17,21,C,3,3,3,bound,0,0.0,1
rome,grafo2317.20,20,22,C,2,3,2,bound,31,0.006,1
rome,grafo2326.16,16,21,C,3,3,3,bound,0,0.0,1
rome,grafo2323.25,25,30,C,3,4,4,refutation,433,0.005,1
rome,grafo2322.42,42,50,C,3,4,4,refutation,656,0.002,1
rome,grafo2327.15,15,19,C,2,3,2,bound,14,0.0,1
rome,grafo233.11,11,12,C,2,2,2,bound,0,0.0,1
rome,grafo2325.13,13,13,C,2,2,2,bound,0,0.0,1
rome,grafo2331.15,15,17,C,3,3,3,bound,0,0.0,1
rome,grafo2332.19,19,20,C,2,2,2,bound,0,0.0,1
rome,grafo2321.38,38,58,C,4,6,5,refutation,1290,0.006,1
rome,grafo2333.13,13,15,C,2,3,3,refutation,18,0.0,1
rome,grafo2329.21,21,24,C,2,3,2,bound,33,0.0,1
rome,grafo2328.28,28,36,C,3,4,4,refutation,253,0.001,1
rome,grafo2334.16,16,21,C,3,3,3,bound,0,0.0,1
rome,grafo2336.17,17,18,C,2,2,2,bound,0,0.0,1
rome,grafo2338.14,14,13,C,1,1,1,bound,0,0.0,1
rome,grafo2339.14,14,15,C,2,2,2,bound,0,0.0,1
rome,grafo2340.13,13,14,C,2,2,2,bound,0,0.0,1
rome,grafo2337.27,27,37,C,3,5,4,refutation,278,0.001,1
rome,grafo2330.24,24,27,C,3,3,3,bound,0,0.0,1
rome,grafo2343.12,12,12,C,2,2,2,bound,0,0.0,1
rome,grafo234.12,12,15,C,3,3,3,bound,0,0.0,1
rome,grafo2344.12,12,14,C,2,2,2,bound,0,0.0,1
rome,grafo2345.17,17,20,C,2,3,3,refutation,36,0.0,1
rome,grafo2347.20,20,22,C,2,2,2,bound,0,0.0,1
rome,grafo2341.24,24,29,C,3,4,3,bound,31,0.001,1
rome,grafo2335.12,12,14,C,2,3,3,refutation,24,0.006,1
rome,grafo2349.16,16,18,C,3,3,3,bound,0,0.0,1
rome,grafo235.13,13,12,C,1,2,1,bound,13,0.0,1
rome,grafo2350.11,11,12,C,2,2,2,bound,0,0.0,1
rome,grafo2351.20,20,26,C,3,4,4,refutation,109,0.001,1
rome,grafo2352.15,15,17,C,2,2,2,bound,0,0.0,1
rome,grafo2342.18,18,20,C,2,3,2,bound,23,0.0,1
rome,grafo2354.13,13,16,C,3,3,3,bound,0,0.0,1
rome,grafo2310.39,39,59,C,5,6,6,refutation,6111,0.024,1
rome,grafo2355.16,16,17,C,2,3,2,bound,11,0.0,1
rome,grafo2357.23,23,22,C,1,3,2,refutation,44,0.0,1
rome,grafo2359.12,12,17,C,2,3,3,refutation,18,0.0,1
rome,grafo236.15,15,16,C,2,2,2,bound,0,0.0,1
rome,grafo2346.30,30,33,C,2,3,3,refutation,204,0.007,1
rome,grafo2356.21,21,27,C,3,4,3,bound,27,0.0,1
rome,grafo2361.21,21,28,C,3,4,3,bound,18,0.0,1
rome,grafo2363.34,34,39,C,3,4,3,bound,33,0.001,1
rome,grafo2353.28,28,32,C,3,4,3,bound,26,0.007,1
rome,grafo2358.34,34,41,C,3,4,4,refutation,383,0.001,1
rome,grafo2348.37,37,46,C,3,5,5,refutation,3000,0.009,1
rome,grafo2366.16,16,20,C,2,2,2,bound,0,0.0,1
rome,grafo2365.30,30,34,C,3,3,3,bound,0,0.001,1
rome,grafo2368.14,14,17,C,3,3,3,bound,0,0.0,1
rome,grafo2360.17,17,21,C,3,3,3,bound,0,0.0,1
rome,grafo2364.23,23,26,C,2,3,3,refutation,126,0.001,1
rome,grafo2367.12,12,15,C,2,2,2,bound,0,0.0,1
rome,grafo2362.36,36,54,C,4,6,6,refutation,2513,0.01,1
rome,grafo237.16,16,17,C,2,3,3,refutation,33,0.0,1
rome,grafo2372.16,16,20,C,2,3,3,refutation,27,0.0,1
rome,grafo2371.19,19,24,C,3,3,3,bound,0,0.0,1
rome,grafo2369.43,43,53,C,3,5,3,bound,125,0.005,1
rome,grafo2373.16,16,18,C,3,3,3,bound,0,0.0,1
rome,grafo2376.16,16,20,C,3,3,3,bound,0,0.0,1
rome,grafo2089.66,66,84,C,5,7,6,refutation,82843,0.231,1
rome,grafo2375.19,19,35,C,4,4,4,bound,0,0.0,1
rome,grafo2377.15,15,15,C,2,2,2,bound,0,0.0,1
rome,grafo2374.37,37,46,C,3,4,3,bound,122,0.001,1
rome,grafo238.10,10,11,C,2,3,2,bound,10,0.0,1
rome,grafo2378.21,21,25,C,3,4,4,refutation,186,0.001,1
rome,grafo2382.20,20,26,C,3,3,3,bound,0,0.0,1
rome,grafo2384.11,11,12,C,2,2,2,bound,0,0.0,1
rome,grafo2383.18,18,26,C,3,4,4,refutation,96,0.0,1
rome,grafo2316.40,40,57,C,5,7,6,refutation,7212,0.032,1
rome,grafo2385.13,13,14,C,2,2,2,bound,0,0.0,1
rome,grafo2388.28,28,33,C,3,4,3,bound,30,0.001,1
rome,grafo2387.29,29,38,C,3,4,3,bound,75,0.001,1
rome,grafo2379.35,35,45,C,4,5,4,bound,658,0.004,1
rome,grafo239.15,15,21,C,3,3,3,bound,0,0.0,1
rome,grafo2390.19,19,23,C,3,3,3,bound,0,0.0,1
rome,grafo2392.14,14,14,C,2,3,2,bound,13,0.0,1
rome,grafo2393.14,14,16,C,2,2,2,bound,0,0.0,1
rome,grafo2370.22,22,28,C,3,4,3,bound,59,0.001,1
rome,grafo2391.38,38,44,C,3,4,3,bound,60,0.001,1
rome,grafo2396.20,20,24,C,3,3,3,bound,0,0.0,1
rome,grafo2386.28,28,28,C,2,4,2,bound,48,0.001,1
rome,grafo2395.28,28,37,C,4,5,5,refutation,741,0.002,1
rome,grafo2381.40,40,47,C,3,4,3,bound,37,0.009,1
rome,grafo240.11,11,18,C,3,3,3,bound,0,0.0,1
rome,grafo2399.26,26,31,C,3,3,3,bound,0,0.0,1
rome,grafo2380.12,12,12,C,2,2,2,bound,0,0.0,1
rome,grafo2400.26,26,38,C,5,5,5,bound,0,0.0,1
rome,grafo2401.17,17,31,C,4,4,4,bound,0,0.0,1
rome,grafo2403.15,15,19,C,2,3,2,bound,14,0.0,1
rome,grafo2406.23,23,26,C,3,3,3,bound,0,0.0,1
rome,grafo2404.23,23,28,C,3,4,3,bound,56,0.001,1
rome,grafo2397.33,33,39,C,3,4,4,refutation,952,0.006,1
rome,grafo2389.39,39,48,C,3,4,4,refutation,642,0.01,1
rome,grafo2405.36,36,47,C,4,6,5,refutation,1348,0.003,1
rome,grafo2409.15,15,18,C,3,3,3,bound,0,0.0,1
rome,grafo2394.31,31,36,C,2,4,3,refutation,206,0.001,1
rome,grafo2408.18,18,25,C,4,4,4,bound,0,0.0,1
rome,grafo241.16,16,21,C,2,2,2,bound,0,0.0,1
rome,grafo2410.22,22,24,C,2,3,3,refutation,113,0.001,1
rome,grafo2413.16,16,20,C,3,3,3,bound,0,0.0,1
rome,grafo2414.15,15,22,C,3,3,3,bound,0,0.0,1
rome,grafo2415.13,13,13,C,2,2,2,bound,0,0.0,1
rome,grafo2417.14,14,18,C,3,3,3,bound,0,0.0,1
rome,grafo2416.21,21,24,C,3,3,3,bound,0,0.0,1
rome,grafo2419.14,14,17,C,3,3,3,bound,0,0.0,1
rome,grafo242.14,14,16,C,2,2,2,bound,0,0.0,1
rome,grafo2418.17,17,20,C,2,3,3,refutation,35,0.0,1
rome,grafo2402.36,36,38,C,2,3,3,refutation,319,0.007,1
rome,grafo2423.21,21,26,C,3,3,3,bound,0,0.0,1
rome,grafo2422.20,20,27,C,3,4,4,refutation,110,0.001,1
rome,grafo2398.37,37,47,C,4,5,5,refutation,1511,0.01,1
rome,grafo2426.12,12,18,C,2,3,3,refutation,12,0.0,1
rome,grafo2425.19,19,23,C,3,3,3,bound,0,0.0,1
rome,grafo2428.19,19,23,C,3,3,3,bound,0,0.0,1
rome,grafo2424.35,35,40,C,3,4,3,bound,57,0.001,1
rome,grafo2421.17,17,19,C,2,3,3,refutation,36,0.0,1
rome,grafo2429.27,27,37,C,3,4,4,refutation,243,0.001,1
rome,grafo2430.14,14,15,C,2,3,3,refutation,35,0.0,1
rome,grafo2432.15,15,18,C,3,3,3,bound,0,0.0,1
rome,grafo2407.33,33,40,C,3,4,3,bound,45,0.011,1
rome,grafo2420.16,16,18,C,2,3,3,refutation,42,0.0,1
rome,grafo2433.11,11,11,C,2,2,2,bound,0,0.0,1
rome,grafo2434.21,21,29,C,3,4,4,refutation,96,0.001,1
rome,grafo2435.18,18,26,C,3,3,3,bound,0,0.0,1
rome,grafo243.28,28,33,C,3,3,3,bound,0,0.0,1
rome,grafo2438.18,18,23,C,3,3,3,bound,0,0.0,1
rome,grafo2437.25,25,30,C,3,4,3,bound,23,0.0,1
rome,grafo2439.12,12,12,C,2,2,2,bound,0,0.0,1
rome,grafo2441.16,16,20,C,3,3,3,bound,0,0.0,1
rome,grafo2442.14,14,18,C,2,2,2,bound,0,0.0,1
rome,grafo244.20,20,22,C,3,3,3,bound,0,0.002,1
rome,grafo2436.28,28,37,C,3,4,4,refutation,215,0.001,1
rome,grafo2445.26,26,31,C,3,3,3,bound,0,0.0,1
rome,grafo2444.29,29,36,C,3,4,3,bound,62,0.001,1
rome,grafo2427.19,19,24,C,2,3,3,refutation,53,0.0,1
rome,grafo2448.15,15,23,C,3,3,3,bound,0,0.0,1
rome,grafo2443.22,22,31,C,4,4,4,bound,0,0.0,1
rome,grafo2449.19,19,24,C,3,4,4,refutation,146,0.001,1
rome,grafo245.21,21,22,C,2,3,2,bound,18,0.0,1
rome,grafo2451.17,17,20,C,2,3,3,refutation,26,0.0,1
rome,grafo2440.16,16,20,C,2,3,3,refutation,22,0.009,1
rome,grafo2453.22,22,29,C,4,4,4,bound,0,0.0,1
rome,grafo2452.25,25,32,C,3,4,4,refutation,206,0.001,1
rome,grafo2454.34,34,46,C,4,4,4,bound,0,0.001,1
rome,grafo2450.14,14,14,C,2,2,2,bound,0,0.0,1
rome,grafo2456.22,22,26,C,3,4,3,bound,20,0.0,1
rome,grafo2458.12,12,13,C,2,2,2,bound,0,0.0,1
rome,grafo2459.15,15,19,C,3,4,3,bound,10,0.0,1
rome,grafo2457.37,37,48,C,4,5,5,refutation,1084,0.006,1
rome,grafo246.11,11,10,C,1,2,2,refutation,14,0.0,1
rome,grafo2460.14,14,14,C,2,2,2,bound,0,0.0,1
rome,grafo2455.40,40,58,C,4,6,6,refutation,2712,0.012,1
rome,grafo2462.31,31,43,C,4,5,4,bound,23,0.004,1
rome,grafo2446.46,46,57,C,4,5,5,refutation,4961,0.019,1
rome,grafo2461.18,18,24,C,3,4,3,bound,19,0.006,1
rome,grafo2464.34,34,38,C,3,4,4,refutation,600,0.002,1
rome,grafo2466.14,14,13,C,1,2,2,refutation,13,0.0,1
rome,grafo2468.15,15,17,C,2,3,3,refutation,35,0.0,1
rome,grafo2469.23,23,38,C,4,5,4,bound,34,0.0,1
rome,grafo2463.32,32,40,C,3,4,4,refutation,322,0.001,1
rome,grafo2470.16,16,20,C,3,3,3,bound,0,0.0,1
rome,grafo2467.16,16,19,C,3,3,3,bound,0,0.0,1
rome,grafo2412.50,50,61,C,4,5,5,refutation,6417,0.042,1
rome,grafo2465.36,36,44,C,3,5,4,refutation,906,0.003,1
rome,grafo2447.39,39,61,C,6,7,7,refutation,7067,0.029,1
rome,grafo2471.14,14,16,C,3,3,3,bound,0,0.0,1
rome,grafo247.15,15,16,C,2,2,2,bound,0,0.0,1
rome,grafo2474.22,22,25,C,2,3,3,refutation,84,0.004,1
rome,grafo2473.22,22,25,C,2,3,3,refutation,58,0.001,1
rome,grafo2475.34,34,47,C,4,5,5,refutation,1065,0.006,1
rome,grafo248.27,27,33,C,3,4,3,bound,26,0.001,1
rome,grafo2480.18,18,21,C,2,3,3,refutation,46,0.0,1
rome,grafo2481.15,15,17,C,2,2,2,bound,0,0.0,1
rome,grafo2479.34,34,41,C,3,4,4,refutation,433,0.007,1
rome,grafo2482.15,15,18,C,2,2,2,bound,0,0.0,1
rome,grafo2483.25,25,36,C,4,5,5,refutation,863,0.002,1
rome,grafo2484.17,17,18,C,2,3,3,refutation,44,0.0,1
rome,grafo2486.15,15,16,C,2,2,2,bound,0,0.0,1
rome,grafo2487.15,15,17,C,3,3,3,bound,0,0.0,1
rome,grafo2488.13,13,13,C,2,2,2,bound,0,0.003,1
rome,grafo2489.19,19,26,C,3,3,3,bound,0,0.0,1
rome,grafo2485.13,13,17,C,3,3,3,bound,0,0.0,1
rome,grafo249.22,22,31,C,3,4,4,refutation,108,0.001,1
rome,grafo2490.22,22,29,C,3,4,4,refutation,125,0.001,1
rome,grafo2491.18,18,18,C,2,2,2,bound,0,0.003,1
rome,grafo2493.16,16,19,C,2,3,3,refutation,41,0.0,1
rome,grafo2494.17,17,20,C,3,3,3,bound,0,0.0,1
rome,grafo2495.16,16,23,C,3,4,3,bound,13,0.0,1
rome,grafo2431.86,86,105,C,5,7,5,bound,37337,0.067,1
rome,grafo2492.34,34,38,C,3,4,3,bound,106,0.007,1
rome,grafo2498.27,27,32,C,3,4,3,bound,23,0.0,1
rome,grafo2472.47,47,63,C,4,6,6,refutation,9421,0.036,1
rome,grafo2497.49,49,59,C,4,5,4,bound,71,0.002,1
rome,grafo2499.23,23,26,C,2,3,3,refutation,114,0.001,1
rome,grafo250.13,13,19,C,3,4,3,bound,8,0.0,1
rome,grafo2500.12,12,18,C,3,3,3,bound,0,0.0,1
rome,grafo2502.15,15,20,C,3,3,3,bound,0,0.0,1
rome,grafo2496.49,49,59,C,4,5,4,bound,71,0.002,1
rome,grafo2505.13,13,13,C,2,2,2,bound,0,0.0,1
rome,grafo2504.36,36,49,C,5,5,5,bound,0,0.003,1
rome,grafo2507.17,17,26,C,3,4,4,refutation,39,0.0,1
rome,grafo2508.24,24,26,C,2,3,3,refutation,99,0.001,1
rome,grafo2501.19,19,25,C,3,4,4,refutation,102,0.0,1
rome,grafo251.20,20,23,C,3,3,3,bound,0,0.0,1
rome,grafo2509.37,37,46,C,4,5,4,bound,27,0.001,1
rome,grafo2511.10,10,10,C,2,2,2,bound,0,0.0,1
rome,grafo2512.12,12,14,C,2,3,2,bound,13,0.0,1
rome,grafo2503.40,40,58,C,4,6,6,refutation,4038,0.008,1
rome,grafo2513.24,24,28,C,3,3,3,bound,0,0.0,1
rome,grafo2514.15,15,18,C,3,4,3,bound,11,0.0,1
rome,grafo2516.21,21,24,C,2,3,3,refutation,80,0.0,1
rome,grafo2517.24,24,28,C,2,3,3,refutation,69,0.001,1
rome,grafo2515.12,12,14,C,2,2,2,bound,0,0.0,1
rome,grafo2518.13,13,14,C,2,2,2,bound,0,0.0,1
rome,grafo2506.43,43,56,C,4,5,5,refutation,4322,0.012,1
rome,grafo252.12,12,11,C,1,2,2,refutation,12,0.0,1
rome,grafo2478.47,47,62,C,4,6,6,refutation,13346,0.049,1
rome,grafo2520.17,17,24,C,4,4,4,bound,0,0.0,1
rome,grafo2519.37,37,40,C,2,3,3,refutation,267,0.001,1
rome,grafo2521.37,37,39,C,3,4,3,bound,49,0.001,1
rome,grafo2525.16,16,19,C,3,3,3,bound,0,0.0,1
rome,grafo2526.13,13,15,C,2,2,2,bound,0,0.0,1
rome,grafo2527.14,14,15,C,2,2,2,bound,0,0.0,1
rome,grafo2522.28,28,35,C,3,4,3,bound,22,0.001,1
rome,grafo2524.22,22,26,C,3,3,3,bound,0,0.003,1
rome,grafo253.15,15,15,C,2,2,2,bound,0,0.0,1
rome,grafo2510.48,48,60,C,4,5,5,refutation,2671,0.018,1
rome,grafo2528.37,37,50,C,3,5,4,refutation,418,0.005,1
rome,grafo2532.14,14,15,C,2,2,2,bound,0,0.0,1
rome,grafo2533.18,18,19,C,2,2,2,bound,0,0.0,1
rome,grafo2529.40,40,48,C,3,4,4,refutation,819,0.006,1
rome,grafo2530.38,38,52,C,3,5,5,refutation,1162,0.006,1
rome,grafo2534.22,22,25,C,3,3,3,bound,0,0.0,1
rome,grafo2537.16,16,19,C,2,2,2,bound,0,0.0,1
rome,grafo2536.25,25,29,C,3,4,3,bound,19,0.0,1
rome,grafo2538.10,10,10,C,2,2,2,bound,0,0.0,1
rome,grafo2523.40,40,51,C,4,5,5,refutation,3161,0.012,1
rome,grafo254.10,10,11,C,2,2,2,bound,0,0.0,1
rome,grafo2539.32,32,39,C,4,4,4,bound,0,0.001,1
rome,grafo2540.22,22,25,C,2,3,3,refutation,73,0.004,1
rome,grafo2542.16,16,21,C,3,3,3,bound,0,0.0,1
rome,grafo2477.47,47,62,C,4,6,6,refutation,13346,0.069,1
rome,grafo2541.14,14,21,C,3,4,3,bound,18,0.0,1
rome,grafo2546.19,19,24,C,3,4,3,bound,16,0.0,1
rome,grafo2544.28,28,33,C,3,4,3,bound,46,0.001,1
rome,grafo2543.38,38,42,C,3,3,3,bound,0,0.001,1
rome,grafo2547.17,17,18,C,2,2,2,bound,0,0.0,1
rome,grafo2549.16,16,20,C,3,3,3,bound,0,0.0,1
rome,grafo2531.41,41,56,C,4,6,5,refutation,2580,0.011,1
rome,grafo2545.20,20,25,C,2,3,2,bound,16,0.003,1
rome,grafo2551.23,23,31,C,3,5,3,bound,51,0.001,1
rome,grafo2550.26,26,29,C,3,4,3,bound,19,0.001,1
rome,grafo255.14,14,16,C,2,3,2,bound,14,0.0,1
rome,grafo2548.38,38,46,C,4,5,4,bound,90,0.004,1
rome,grafo2552.22,22,26,C,2,3,3,refutation,63,0.001,1
rome,grafo2553.18,18,19,C,2,2,2,bound,0,0.0,1
rome,grafo2554.20,20,22,C,2,4,3,refutation,78,0.001,1
rome,grafo2555.14,14,18,C,2,2,2,bound,0,0.0,1
rome,grafo2556.18,18,22,C,2,3,2,bound,19,0.0,1
rome,grafo2559.13,13,15,C,2,2,2,bound,0,0.0,1
rome,grafo256.12,12,11,C,1,2,2,refutation,12,0.0,1
rome,grafo2560.15,15,17,C,2,2,2,bound,0,0.0,1
rome,grafo2557.37,37,40,C,2,4,3,refutation,289,0.002,1
rome,grafo2562.19,19,28,C,3,4,4,refutation,91,0.0,1
rome,grafo2565.17,17,23,C,3,3,3,bound,0,0.0,1
rome,grafo2535.48,48,59,C,4,5,5,refutation,4534,0.021,1
rome,grafo2567.13,13,13,C,2,2,2,bound,0,0.0,1
rome,grafo2561.14,14,18,C,2,3,3,refutation,16,0.0,1
rome,grafo2568.15,15,16,C,2,3,2,bound,19,0.0,1
rome,grafo2569.14,14,16,C,2,3,3,refutation,22,0.0,1
rome,grafo2411.56,56,78,C,5,8,7,refutation,98400,0.129,1
rome,grafo257.10,10,10,C,2,2,2,bound,0,0.0,1
rome,grafo2570.15,15,22,C,3,3,3,bound,0,0.0,1
rome,grafo2564.20,20,22,C,2,2,2,bound,0,0.0,1
rome,grafo2558.34,34,46,C,4,5,5,refutation,861,0.005,1
rome,grafo2574.15,15,18,C,3,3,3,bound,0,0.0,1
rome,grafo2575.13,13,13,C,2,2,2,bound,0,0.0,1
rome,grafo2571.21,21,28,C,3,3,3,bound,0,0.0,1
rome,grafo2576.18,18,25,C,3,4,3,bound,74,0.0,1
rome,grafo2579.11,11,11,C,2,2,2,bound,0,0.0,1
rome,grafo2578.34,34,36,C,2,3,3,refutation,191,0.001,1
rome,grafo2572.28,28,34,C,2,3,3,refutation,76,0.001,1
rome,grafo2577.17,17,21,C,3,3,3,bound,0,0.0,1
rome,grafo2580.15,15,15,C,2,2,2,bound,0,0.0,1
rome,grafo2563.14,14,17,C,3,3,3,bound,0,0.0,1
rome,grafo2583.16,16,17,C,2,2,2,bound,0,0.0,1
rome,grafo2573.35,35,43,C,3,5,4,refutation,440,0.005,1
rome,grafo2582.27,27,27,C,2,2,2,bound,0,0.0,1
rome,grafo2584.16,16,22,C,4,4,4,bound,0,0.0,1
rome,grafo2586.15,15,17,C,3,3,3,bound,0,0.0,1
rome,grafo2585.16,16,18,C,2,3,2,bound,16,0.0,1
rome,grafo2588.24,24,28,C,3,3,3,bound,0,0.0,1
rome,grafo259.12,12,11,C,1,1,1,bound,0,0.0,1
rome,grafo2587.24,24,28,C,3,4,3,bound,29,0.0,1
rome,grafo258.13,13,14,C,2,2,2,bound,0,0.0,1
rome,grafo2590.14,14,14,C,2,2,2,bound,0,0.0,1
rome,grafo2592.12,12,16,C,2,3,3,refutation,14,0.0,1
rome,grafo2591.15,15,23,C,3,3,3,bound,0,0.0,1
rome,grafo2595.13,13,12,C,1,2,1,bound,13,0.0,1
rome,grafo2589.26,26,34,C,4,5,5,refutation,682,0.005,1
rome,grafo2597.15,15,17,C,2,3,2,bound,28,0.0,1
rome,grafo2581.45,45,54,C,3,5,4,refutation,792,0.006,1
rome,grafo2598.21,21,28,C,4,4,4,bound,0,0.0,1
rome,grafo2599.13,13,17,C,3,3,3,bound,0,0.0,1
rome,grafo260.14,14,15,C,2,2,2,bound,0,0.0,1
rome,grafo2566.40,40,53,C,4,6,5,refutation,2186,0.011,1
rome,grafo2601.17,17,28,C,4,4,4,bound,0,0.0,1
rome,grafo2593.40,40,55,C,4,6,5,refutation,887,0.006,1
rome,grafo2596.25,25,29,C,3,4,3,bound,47,0.003,1
rome,grafo2594.17,17,21,C,3,3,3,bound,0,0.0,1
rome,grafo2607.12,12,15,C,2,2,2,bound,0,0.0,1
rome,grafo2606.26,26,32,C,3,4,3,bound,24,0.001,1
rome,grafo2608.18,18,23,C,3,3,3,bound,0,0.0,1
rome,grafo2609.15,15,19,C,2,3,2,bound,14,0.0,1
rome,grafo261.14,14,15,C,2,2,2,bound,0,0.0,1
rome,grafo2604.18,18,22,C,3,4,3,bound,18,0.0,1
rome,grafo2611.20,20,19,C,1,2,2,refutation,22,0.0,1
rome,grafo2610.17,17,18,C,2,3,3,refutation,80,0.0,1
rome,grafo2614.16,16,19,C,2,2,2,bound,0,0.0,1
rome,grafo2600.38,38,46,C,3,4,4,refutation,453,0.005,1
rome,grafo2615.17,17,18,C,2,2,2,bound,0,0.0,1
rome,grafo2616.25,25,29,C,2,3,3,refutation,68,0.0,1
rome,grafo2605.32,32,41,C,3,6,4,refutation,866,0.005,1
rome,grafo2618.21,21,26,C,3,3,3,bound,0,0.0,1
rome,grafo2619.15,15,18,C,2,2,2,bound,0,0.0,1
rome,grafo2602.38,38,48,C,3,5,5,refutation,2995,0.006,1
rome,grafo2603.22,22,27,C,3,4,3,bound,36,0.0,1
rome,grafo2620.13,13,16,C,2,3,3,refutation,20,0.0,1
rome,grafo2621.14,14,17,C,3,3,3,bound,0,0.0,1
rome,grafo2613.15,15,17,C,2,3,3,refutation,31,0.0,1
rome,grafo2625.14,14,15,C,2,3,2,bound,16,0.0,1
rome,grafo2626.15,15,22,C,3,3,3,bound,0,0.0,1
rome,grafo2612.37,37,53,C,4,6,5,refutation,938,0.006,1
rome,grafo262.11,11,12,C,2,2,2,bound,0,0.0,1
rome,grafo2617.46,46,55,C,3,5,4,refutation,1099,0.004,1
rome,grafo2628.10,10,11,C,2,2,2,bound,0,0.0,1
rome,grafo263.11,11,11,C,2,2,2,bound,0,0.0,1
rome,grafo2629.30,30,37,C,3,4,3,bound,36,0.001,1
rome,grafo2630.22,22,27,C,3,4,3,bound,28,0.0,1
rome,grafo2632.19,19,21,C,3,3,3,bound,0,0.0,1
rome,grafo2633.17,17,24,C,3,4,3,bound,14,0.0,1
rome,grafo2631.34,34,42,C,4,5,4,bound,30,0.001,1
rome,grafo2634.14,14,13,C,1,2,2,refutation,17,0.0,1
rome,grafo2623.41,41,53,C,4,5,5,refutation,2044,0.007,1
rome,grafo2636.16,16,22,C,3,3,3,bound,0,0.0,1
rome,grafo2624.22,22,27,C,3,3,3,bound,0,0.0,1
rome,grafo2637.21,21,24,C,2,3,3,refutation,47,0.0,1
rome,grafo264.17,17,22,C,3,4,3,bound,18,0.0,1
rome,grafo2640.19,19,28,C,4,4,4,bound,0,0.0,1
rome,grafo2622.38,38,52,C,4,6,5,refutation,1679,0.007,1
rome,grafo2642.13,13,17,C,3,3,3,bound,0,0.0,1
rome,grafo2641.17,17,23,C,3,3,3,bound,0,0.0,1
rome,grafo2639.29,29,43,C,4,5,5,refutation,1084,0.002,1
rome,grafo2643.19,19,22,C,3,3,3,bound,0,0.0,1
rome,grafo2645.13,13,18,C,3,3,3,bound,0,0.0,1
rome,grafo2644.17,17,19,C,2,3,2,bound,14,0.0,1
rome,grafo2646.16,16,27,C,3,3,3,bound,0,0.0,1
rome,grafo265.10,10,12,C,2,2,2,bound,0,0.0,1
rome,grafo2638.34,34,35,C,2,4,3,refutation,244,0.004,1
rome,grafo2651.12,12,13,C,2,3,2,bound,10,0.0,1
rome,grafo2650.30,30,34,C,3,3,3,bound,0,0.0,1
rome,grafo2653.14,14,18,C,3,3,3,bound,0,0.0,1
rome,grafo2652.16,16,20,C,2,3,3,refutation,22,0.0,1
rome,grafo2655.18,18,26,C,3,3,3,bound,0,0.0,1
rome,grafo2647.17,17,19,C,2,3,2,bound,15,0.003,1
rome,grafo2649.22,22,28,C,3,4,3,bound,68,0.0,1
rome,grafo2658.18,18,21,C,2,3,3,refutation,57,0.0,1
rome,grafo2659.13,13,16,C,2,3,2,bound,11,0.0,1
rome,grafo2635.44,44,51,C,3,4,4,refutation,915,0.006,1
rome,grafo266.13,13,14,C,2,3,2,bound,10,0.0,1
rome,grafo2660.22,22,27,C,3,4,3,bound,16,0.0,1
rome,grafo2662.19,19,21,C,2,2,2,bound,0,0.0,1
rome,grafo2663.12,12,13,C,2,2,2,bound,0,0.0,1
rome,grafo2648.27,27,29,C,2,3,3,refutation,118,0.001,1
rome,grafo2654.33,33,49,C,4,5,5,refutation,1127,0.007,1
rome,grafo2661.22,22,30,C,3,4,4,refutation,112,0.003,1
rome,grafo2664.21,21,25,C,3,4,3,bound,22,0.0,1
rome,grafo2665.12,12,12,C,2,2,2,bound,0,0.0,1
rome,grafo2668.12,12,13,C,2,2,2,bound,0,0.0,1
rome,grafo2667.22,22,22,C,2,3,2,bound,17,0.0,1
rome,grafo2669.13,13,17,C,2,3,2,bound,12,0.0,1
rome,grafo2670.20,20,28,C,4,4,4,bound,0,0.0,1
rome,grafo2671.24,24,25,C,2,3,2,bound,48,0.0,1
rome,grafo267.11,11,11,C,2,2,2,bound,0,0.0,1
rome,grafo2673.11,11,11,C,2,2,2,bound,0,0.0,1
rome,grafo2675.12,12,14,C,2,2,2,bound,0,0.0,1
rome,grafo2657.49,49,59,C,3,5,5,refutation,4980,0.016,1
rome,grafo2672.34,34,40,C,3,4,4,refutation,439,0.005,1
rome,grafo2674.18,18,23,C,3,4,4,refutation,89,0.0,1
rome,grafo2679.17,17,19,C,2,3,3,refutation,47,0.0,1
rome,grafo268.15,15,15,C,2,2,2,bound,0,0.0,1
rome,grafo2627.40,40,49,C,4,5,5,refutation,4737,0.028,1
rome,grafo2681.15,15,23,C,3,3,3,bound,0,0.0,1
rome,grafo2676.22,22,26,C,2,3,3,refutation,52,0.0,1
rome,grafo2683.13,13,15,C,3,3,3,bound,0,0.0,1
rome,grafo2677.21,21,27,C,3,4,4,refutation,68,0.004,1
rome,grafo2678.37,37,45,C,3,4,4,refutation,408,0.004,1
rome,grafo2682.17,17,19,C,2,3,3,refutation,43,0.0,1
rome,grafo2656.49,49,59,C,3,5,5,refutation,4980,0.021,1
rome,grafo2688.17,17,25,C,3,3,3,bound,0,0.0,1
rome,grafo2689.21,21,28,C,3,4,3,bound,54,0.0,1
rome,grafo2685.44,44,52,C,3,4,4,refutation,766,0.005,1
rome,grafo2686.44,44,52,C,3,4,4,refutation,766,0.005,1
rome,grafo2680.17,17,22,C,2,2,2,bound,0,0.0,1
rome,grafo2271.71,71,89,C,5,8,7,refutation,365720,0.282,1
rome,grafo2684.33,33,38,C,3,4,3,bound,200,0.007,1
rome,grafo2691.23,23,31,C,3,4,3,bound,21,0.0,1
rome,grafo2693.13,13,13,C,2,2,2,bound,0,0.0,1
rome,grafo269.12,12,12,C,2,2,2,bound,0,0.0,1
rome,grafo2696.26,26,32,C,3,3,3,bound,0,0.0,1
rome,grafo2697.16,16,20,C,3,3,3,bound,0,0.0,1
rome,grafo2698.16,16,18,C,2,3,3,refutation,60,0.0,1
rome,grafo2699.30,30,38,C,3,4,3,bound,23,0.001,1
rome,grafo270.20,20,30,C,3,3,3,bound,0,0.0,1
rome,grafo2687.33,33,46,C,4,5,5,refutation,1068,0.008,1
rome,grafo2701.20,20,26,C,3,4,4,refutation,79,0.001,1
rome,grafo2700.25,25,28,C,3,3,3,bound,0,0.0,1
rome,grafo2702.24,24,36,C,4,5,4,bound,55,0.001,1
rome,grafo2694.65,65,78,C,5,6,5,bound,540,0.008,1
rome,grafo2695.43,43,52,C,3,5,4,refutation,838,0.006,1
rome,grafo2705.15,15,16,C,2,3,2,bound,12,0.0,1
rome,grafo2706.13,13,14,C,2,2,2,bound,0,0.0,1
rome,grafo2707.12,12,14,C,2,2,2,bound,0,0.0,1
rome,grafo2709.15,15,17,C,2,2,2,bound,0,0.0,1
rome,grafo2704.25,25,32,C,3,4,3,bound,19,0.0,1
rome,grafo2690.41,41,57,C,4,5,5,refutation,775,0.006,1
rome,grafo2703.36,36,43,C,3,4,4,refutation,539,0.002,1
rome,grafo2708.39,39,48,C,4,5,4,bound,60,0.001,1
rome,grafo2713.37,37,48,C,4,5,4,bound,62,0.001,1
rome,grafo2715.18,18,21,C,3,3,3,bound,0,0.0,1
rome,grafo2716.14,14,19,C,3,3,3,bound,0,0.0,1
rome,grafo2717.17,17,18,C,2,3,2,bound,12,0.0,1
rome,grafo2710.41,41,49,C,3,5,4,refutation,1354,0.003,1
rome,grafo2718.20,20,28,C,4,4,4,bound,0,0.0,1
rome,grafo2719.21,21,26,C,3,3,3,bound,0,0.0,1
rome,grafo272.14,14,13,C,1,2,2,refutation,14,0.0,1
rome,grafo2712.23,23,30,C,3,4,3,bound,36,0.0,1
rome,grafo2720.14,14,17,C,2,3,2,bound,13,0.0,1
rome,grafo2714.11,11,11,C,2,2,2,bound,0,0.0,1
rome,grafo2723.18,18,28,C,4,4,4,bound,0,0.0,1
rome,grafo2722.24,24,31,C,3,4,3,bound,70,0.001,1
rome,grafo2666.61,61,68,C,3,5,5,refutation,19328,0.051,1
rome,grafo2724.23,23,29,C,3,4,4,refutation,156,0.001,1
rome,grafo2727.33,33,40,C,3,5,3,bound,188,0.001,1
rome,grafo2728.16,16,17,C,2,3,3,refutation,54,0.004,1
rome,grafo2729.40,40,46,C,3,5,4,refutation,697,0.003,1
rome,grafo273.11,11,10,C,1,1,1,bound,0,0.0,1
rome,grafo2730.15,15,15,C,2,2,2,bound,0,0.0,1
rome,grafo2726.38,38,53,C,5,6,5,bound,32,0.006,1
rome,grafo2733.14,14,16,C,3,3,3,bound,0,0.0,1
rome,grafo2734.25,25,28,C,3,3,3,bound,0,0.0,1
rome,grafo2732.37,37,48,C,4,5,5,refutation,998,0.002,1
rome,grafo2731.18,18,23,C,3,4,3,bound,16,0.0,1
rome,grafo2736.16,16,19,C,2,3,3,refutation,26,0.0,1
rome,grafo2725.38,38,47,C,4,5,5,refutation,2011,0.008,1
rome,grafo2738.14,14,23,C,3,3,3,bound,0,0.0,1
rome,grafo2721.27,27,27,C,2,3,2,bound,18,0.001,1
rome,grafo274.17,17,17,C,2,2,2,bound,0,0.0,1
rome,grafo2739.23,23,28,C,3,4,3,bound,20,0.0,1
rome,grafo2740.15,15,21,C,3,4,3,bound,20,0.0,1
rome,grafo2741.29,29,40,C,4,5,4,bound,401,0.001,1
rome,grafo2744.18,18,24,C,3,3,3,bound,0,0.0,1
rome,grafo2745.17,17,19,C,2,3,3,refutation,52,0.0,1
rome,grafo2746.38,38,44,C,3,4,4,refutation,1681,0.004,1
rome,grafo2735.36,36,45,C,3,4,3,bound,79,0.012,1
rome,grafo2747.16,16,19,C,2,2,2,bound,0,0.0,1
rome,grafo2748.22,22,29,C,3,4,3,bound,45,0.0,1
rome,grafo275.16,16,18,C,2,3,3,refutation,26,0.0,1
rome,grafo271.53,53,67,C,4,6,6,refutation,13543,0.042,1
rome,grafo2737.41,41,54,C,3,6,5,refutation,2456,0.013,1
rome,grafo2743.39,39,52,C,4,5,4,bound,36,0.007,1
rome,grafo2749.33,33,40,C,3,5,4,refutation,308,0.002,1
rome,grafo2752.15,15,24,C,4,4,4,bound,0,0.0,1
rome,grafo2753.18,18,24,C,3,3,3,bound,0,0.0,1
rome,grafo2751.16,16,25,C,3,4,4,refutation,20,0.001,1
rome,grafo2754.16,16,24,C,3,3,3,bound,0,0.0,1
rome,grafo2756.21,21,26,C,3,4,4,refutation,136,0.001,1
rome,grafo2758.17,17,20,C,2,3,3,refutation,38,0.001,1
rome,grafo2759.16,16,18,C,2,2,2,bound,0,0.0,1
rome,grafo276.17,17,20,C,3,3,3,bound,0,0.0,1
rome,grafo2742.39,39,52,C,4,5,5,refutation,2710,0.012,1
rome,grafo2757.38,38,52,C,4,5,5,refutation,757,0.002,1
rome,grafo2755.25,25,32,C,3,4,3,bound,27,0.003,1
rome,grafo2761.37,37,45,C,3,4,3,bound,234,0.001,1
rome,grafo2764.16,16,25,C,4,4,4,bound,0,0.0,1
rome,grafo2765.18,18,22,C,2,3,2,bound,22,0.0,1
rome,grafo2767.20,20,22,C,2,2,2,bound,0,0.0,1
rome,grafo2766.26,26,32,C,3,4,4,refutation,303,0.001,1
rome,grafo2768.18,18,23,C,2,3,3,refutation,26,0.0,1
rome,grafo2763.20,20,21,C,2,2,2,bound,0,0.0,1
rome,grafo277.13,13,15,C,2,3,2,bound,19,0.0,1
rome,grafo2750.17,17,17,C,2,2,2,bound,0,0.0,1
rome,grafo2770.24,24,29,C,3,4,3,bound,35,0.0,1
rome,grafo2772.14,14,14,C,2,2,2,bound,0,0.0,1
rome,grafo2773.14,14,15,C,2,3,3,refutation,25,0.0,1
rome,grafo2771.33,33,42,C,3,4,3,bound,32,0.001,1
rome,grafo2476.86,86,105,C,4,7,6,refutation,140695,0.22,1
rome,grafo2774.26,26,26,C,2,2,2,bound,0,0.0,1
rome,grafo2775.25,25,26,C,2,3,3,refutation,186,0.001,1
rome,grafo2769.23,23,27,C,3,3,3,bound,0,0.0,1
rome,grafo2776.20,20,24,C,3,4,4,refutation,146,0.001,1
rome,grafo278.12,12,16,C,3,4,3,bound,12,0.0,1
rome,grafo2780.17,17,23,C,3,4,3,bound,17,0.0,1
rome,grafo2782.17,17,19,C,2,3,2,bound,20,0.0,1
rome,grafo2760.32,32,38,C,3,4,3,bound,62,0.001,1
rome,grafo2784.16,16,20,C,3,3,3,bound,0,0.0,1
rome,grafo2783.15,15,17,C,2,3,3,refutation,43,0.0,1
rome,grafo2777.37,37,47,C,3,5,4,refutation,488,0.002,1
rome,grafo2785.14,14,17,C,2,2,2,bound,0,0.0,1
rome,grafo2779.27,27,28,C,2,4,2,bound,49,0.001,1
rome,grafo2787.24,24,35,C,4,5,5,refutation,395,0.001,1
rome,grafo279.16,16,19,C,3,3,3,bound,0,0.0,1
rome,grafo2789.23,23,29,C,3,4,3,bound,126,0.001,1
rome,grafo2786.37,37,53,C,4,6,5,refutation,1174,0.006,1
rome,grafo2791.15,15,15,C,2,2,2,bound,0,0.0,1
rome,grafo2790.16,16,18,C,2,3,3,refutation,47,0.0,1
rome,grafo2793.21,21,20,C,1,2,2,refutation,24,0.0,1
rome,grafo2795.25,25,31,C,3,4,3,bound,56,0.0,1
rome,grafo2796.19,19,22,C,3,3,3,bound,0,0.0,1
rome,grafo2797.15,15,17,C,2,3,2,bound,14,0.0,1
rome,grafo2792.11,11,11,C,2,2,2,bound,0,0.003,1
rome,grafo2799.16,16,22,C,3,4,3,bound,27,0.0,1
rome,grafo280.11,11,12,C,2,2,2,bound,0,0.0,1
rome,grafo2800.24,24,27,C,2,3,3,refutation,109,0.001,1
rome,grafo2798.16,16,18,C,2,2,2,bound,0,0.0,1
rome,grafo2802.17,17,20,C,2,2,2,bound,0,0.0,1
rome,grafo2803.14,14,15,C,2,2,2,bound,0,0.0,1
rome,grafo2781.41,41,61,C,5,6,6,refutation,4439,0.017,1
rome,grafo2804.19,19,26,C,3,4,4,refutation,87,0.0,1
rome,grafo2805.18,18,25,C,4,4,4,bound,0,0.0,1
rome,grafo2806.15,15,16,C,2,2,2,bound,0,0.001,1
rome,grafo2801.22,22,24,C,2,3,2,bound,37,0.0,1
rome,grafo2807.22,22,27,C,3,4,3,bound,23,0.003,1
rome,grafo2809.11,11,11,C,2,2,2,bound,0,0.0,1
rome,grafo281.14,14,13,C,1,3,2,refutation,29,0.0,1
rome,grafo2810.12,12,11,C,1,2,1,bound,12,0.0,1
rome,grafo2812.11,11,11,C,2,2,2,bound,0,0.0,1
rome,grafo2811.29,29,40,C,4,5,4,bound,40,0.001,1
rome,grafo2808.37,37,44,C,3,4,4,refutation,640,0.002,1
rome,grafo2813.25,25,29,C,3,3,3,bound,0,0.0,1
rome,grafo2815.35,35,43,C,3,4,4,refutation,516,0.002,1
rome,grafo2817.15,15,16,C,2,2,2,bound,0,0.0,1
rome,grafo2816.18,18,28,C,3,3,3,bound,0,0.0,1
rome,grafo2814.21,21,24,C,3,3,3,bound,0,0.003,1
rome,grafo2818.18,18,21,C,2,3,3,refutation,77,0.0,1
rome,grafo2819.22,22,25,C,2,3,3,refutation,48,0.0,1
rome,grafo282.14,14,18,C,3,3,3,bound,0,0.0,1
rome,grafo2820.14,14,14,C,2,2,2,bound,0,0.0,1
rome,grafo2821.22,22,30,C,4,4,4,bound,0,0.0,1
rome,grafo2823.17,17,21,C,3,3,3,bound,0,0.0,1
rome,grafo2824.12,12,14,C,2,2,2,bound,0,0.0,1
rome,grafo2825.18,18,19,C,2,2,2,bound,0,0.0,1
rome,grafo2788.49,49,57,C,3,4,4,refutation,2402,0.025,1
rome,grafo2822.36,36,43,C,3,4,4,refutation,386,0.005,1
rome,grafo2829.17,17,20,C,3,3,3,bound,0,0.0,1
rome,grafo283.24,24,28,C,3,4,3,bound,41,0.001,1
rome,grafo2828.33,33,37,C,3,4,4,refutation,727,0.002,1
rome,grafo2830.14,14,15,C,2,2,2,bound,0,0.0,1
rome,grafo2832.13,13,14,C,2,2,2,bound,0,0.0,1
rome,grafo2826.37,37,51,C,4,6,5,refutation,1019,0.006,1
rome,grafo2833.21,21,24,C,3,3,3,bound,0,0.0,1
rome,grafo2835.17,17,20,C,3,3,3,bound,0,0.0,1
rome,grafo2834.24,24,28,C,2,3,3,refutation,114,0.001,1
rome,grafo2827.37,37,48,C,4,5,5,refutation,2932,0.009,1
rome,grafo2831.21,21,33,C,3,4,4,refutation,59,0.001,1
rome,grafo2837.25,25,27,C,2,3,2,bound,59,0.001,1
rome,grafo2836.39,39,44,C,3,4,3,bound,34,0.001,1
rome,grafo2838.36,36,41,C,3,4,3,bound,253,0.001,1
rome,grafo2839.37,37,47,C,4,4,4,bound,0,0.001,1
rome,grafo2841.17,17,21,C,2,3,3,refutation,23,0.0,1
rome,grafo284.28,28,36,C,3,4,4,refutation,420,0.001,1
rome,grafo2840.27,27,34,C,4,5,4,bound,23,0.001,1
rome,grafo2845.14,14,16,C,2,2,2,bound,0,0.0,1
rome,grafo2844.19,19,30,C,4,4,4,bound,0,0.0,1
rome,grafo2846.21,21,30,C,3,4,4,refutation,125,0.001,1
rome,grafo2847.18,18,20,C,2,2,2,bound,0,0.0,1
rome,grafo2843.43,43,51,C,3,4,4,refutation,578,0.002,1
rome,grafo2849.17,17,19,C,2,3,3,refutation,55,0.0,1
rome,grafo2842.13,13,13,C,2,2,2,bound,0,0.0,1
rome,grafo2850.14,14,17,C,3,3,3,bound,0,0.0,1
rome,grafo2852.16,16,18,C,2,3,2,bound,14,0.0,1
rome,grafo285.14,14,19,C,3,3,3,bound,0,0.0,1
rome,grafo2854.23,23,29,C,3,4,3,bound,19,0.0,1
rome,grafo2855.12,12,17,C,3,4,3,bound,11,0.0,1
rome,grafo2856.16,16,18,C,2,3,3,refutation,48,0.0,1
rome,grafo2853.23,23,34,C,4,5,5,refutation,280,0.001,1
rome,grafo2858.19,19,22,C,2,3,3,refutation,52,0.0,1
rome,grafo2848.40,40,48,C,4,6,5,refutation,3317,0.012,1
rome,grafo286.18,18,20,C,2,3,2,bound,21,0.0,1
rome,grafo2859.37,37,41,C,3,4,3,bound,181,0.005,1
rome,grafo2861.16,16,15,C,1,2,2,refutation,19,0.0,1
rome,grafo2860.18,18,21,C,2,3,3,refutation,48,0.0,1
rome,grafo2857.27,27,31,C,3,3,3,bound,0,0.0,1
rome,grafo2862.17,17,21,C,3,3,3,bound,0,0.0,1
rome,grafo2851.40,40,52,C,4,5,5,refutation,1194,0.01,1
rome,grafo2866.17,17,24,C,3,4,3,bound,13,0.0,1
rome,grafo2867.12,12,16,C,2,2,2,bound,0,0.0,1
rome,grafo2868.17,17,28,C,4,4,4,bound,0,0.0,1
rome,grafo2711.68,68,82,C,4,6,5,refutation,18162,0.127,1
rome,grafo2865.36,36,45,C,4,4,4,bound,0,0.001,1
rome,grafo287.19,19,23,C,2,4,3,refutation,63,0.001,1
rome,grafo2863.40,40,50,C,3,4,4,refutation,541,0.002,1
rome,grafo2870.14,14,17,C,3,3,3,bound,0,0.0,1
rome,grafo2871.17,17,16,C,1,2,2,refutation,16,0.0,1
rome,grafo2873.21,21,25,C,3,3,3,bound,0,0.0,1
rome,grafo2872.13,13,16,C,3,3,3,bound,0,0.003,1
rome,grafo2876.27,27,32,C,3,4,3,bound,24,0.001,1
rome,grafo2875.22,22,27,C,3,3,3,bound,0,0.0,1
rome,grafo2878.19,19,33,C,4,5,5,refutation,85,0.0,1
rome,grafo2879.27,27,31,C,3,4,3,bound,23,0.001,1
rome,grafo288.15,15,16,C,2,2,2,bound,0,0.0,1
rome,grafo2874.50,50,54,C,2,4,3,refutation,472,0.002,1
rome,grafo2880.16,16,18,C,2,2,2,bound,0,0.0,1
rome,grafo2882.17,17,18,C,2,2,2,bound,0,0.0,1
rome,grafo2864.39,39,57,C,5,7,6,refutation,4057,0.017,1
rome,grafo2883.15,15,16,C,2,3,2,bound,26,0.0,1
rome,grafo2877.36,36,53,C,4,6,6,refutation,2891,0.01,1
rome,grafo2869.37,37,41,C,2,4,3,refutation,243,0.001,1
rome,grafo2885.16,16,18,C,2,3,2,bound,13,0.0,1
rome,grafo2887.15,15,17,C,2,3,2,bound,15,0.0,1
rome,grafo2886.21,21,22,C,2,3,2,bound,24,0.0,1
rome,grafo2889.18,18,22,C,3,4,3,bound,16,0.0,1
rome,grafo2884.18,18,25,C,3,4,4,refutation,81,0.005,1
rome,grafo2888.27,27,34,C,3,4,3,bound,51,0.001,1
rome,grafo2890.12,12,14,C,2,2,2,bound,0,0.0,1
rome,grafo2891.17,17,21,C,2,3,3,refutation,35,0.0,1
rome,grafo2893.16,16,19,C,3,3,3,bound,0,0.0,1
rome,grafo289.40,40,50,C,3,4,4,refutation,523,0.003,1
rome,grafo2895.15,15,17,C,2,2,2,bound,0,0.0,1
rome,grafo2892.41,41,47,C,3,4,3,bound,68,0.001,1
rome,grafo2898.14,14,18,C,3,3,3,bound,0,0.0,1
rome,grafo2897.29,29,33,C,3,4,3,bound,24,0.001,1
rome,grafo290.18,18,19,C,2,2,2,bound,0,0.0,1
rome,grafo2899.34,34,43,C,3,4,4,refutation,304,0.001,1
rome,grafo2900.14,14,14,C,2,2,2,bound,0,0.0,1
rome,grafo2901.13,13,15,C,2,3,2,bound,12,0.0,1
rome,grafo2896.10,10,10,C,2,2,2,bound,0,0.0,1
rome,grafo2902.17,17,26,C,3,4,4,refutation,82,0.0,1
rome,grafo2894.13,13,16,C,2,3,3,refutation,19,0.0,1
rome,grafo2906.21,21,24,C,2,3,3,refutation,46,0.0,1
rome,grafo2907.18,18,21,C,2,3,3,refutation,37,0.0,1
rome,grafo2908.13,13,12,C,1,2,2,refutation,14,0.0,1
rome,grafo2904.37,37,54,C,3,5,4,refutation,253,0.001,1
rome,grafo2881.65,65,76,C,4,5,4,bound,3495,0.02,1
rome,grafo2910.14,14,16,C,2,3,3,refutation,32,0.0,1
rome,grafo2905.47,47,52,C,3,5,3,bound,99,0.008,1
rome,grafo2912.21,21,24,C,2,2,2,bound,0,0.0,1
rome,grafo291.20,20,20,C,2,2,2,bound,0,0.001,1
rome,grafo2903.15,15,16,C,2,3,2,bound,13,0.0,1
rome,grafo2911.15,15,20,C,3,3,3,bound,0,0.0,1
rome,grafo11491.96,96,125,C,5,10,8,budget,11642189,10.013,1
rome,grafo2916.16,16,25,C,3,4,3,bound,15,0.0,1
rome,grafo2917.14,14,16,C,2,2,2,bound,0,0.0,1
rome,grafo2919.14,14,15,C,2,3,2,bound,13,0.0,1
rome,grafo292.16,16,17,C,2,2,2,bound,0,0.0,1
rome,grafo2909.28,28,32,C,3,4,3,bound,23,0.002,1
rome,grafo2921.15,15,17,C,2,3,3,refutation,25,0.0,1
rome,grafo2918.16,16,22,C,3,3,3,bound,0,0.0,1
rome,grafo2922.20,20,24,C,3,3,3,bound,0,0.0,1
rome,grafo2920.22,22,36,C,4,4,4,bound,0,0.0,1
rome,grafo2924.17,17,22,C,2,3,3,refutation,38,0.0,1
rome,grafo2926.14,14,14,C,2,2,2,bound,0,0.0,1
rome,grafo2923.24,24,27,C,2,3,3,refutation,87,0.001,1
rome,grafo2927.13,13,14,C,2,2,2,bound,0,0.0,1
rome,grafo2928.15,15,17,C,3,3,3,bound,0,0.0,1
rome,grafo2925.36,36,40,C,2,3,3,refutation,201,0.001,1
rome,grafo2915.27,27,37,C,4,5,5,refutation,2295,0.007,1
rome,grafo2929.23,23,31,C,3,4,3,bound,27,0.0,1
rome,grafo2913.40,40,58,C,5,6,6,refutation,2744,0.012,1
rome,grafo293.17,17,20,C,2,3,2,bound,22,0.0,1
rome,grafo2934.19,19,21,C,2,3,2,bound,25,0.0,1
rome,grafo2935.11,11,11,C,2,2,2,bound,0,0.0,1
rome,grafo2930.35,35,37,C,2,3,3,refutation,280,0.001,1
rome,grafo2936.12,12,13,C,2,3,2,bound,10,0.0,1
rome,grafo2938.12,12,12,C,2,2,2,bound,0,0.0,1
rome,grafo2931.11,11,13,C,2,2,2,bound,0,0.0,1
rome,grafo2937.25,25,28,C,2,3,3,refutation,126,0.001,1
rome,grafo294.21,21,21,C,2,3,2,bound,21,0.0,1
rome,grafo2940.19,19,22,C,2,3,3,refutation,47,0.0,1
rome,grafo2933.16,16,18,C,2,3,2,bound,15,0.0,1
rome,grafo2943.21,21,25,C,3,3,3,bound,0,0.0,1
rome,grafo2944.12,12,14,C,2,2,2,bound,0,0.0,1
rome,grafo2932.40,40,60,C,5,6,6,refutation,1783,0.01,1
rome,grafo2946.11,11,11,C,2,2,2,bound,0,0.0,1
rome,grafo2942.31,31,32,C,2,4,2,bound,47,0.004,1
rome,grafo2945.24,24,28,C,3,3,3,bound,0,0.0,1
rome,grafo2949.12,12,11,C,1,2,2,refutation,13,0.0,1
rome,grafo2939.19,19,28,C,4,5,4,bound,15,0.0,1
rome,grafo2948.25,25,30,C,3,4,3,bound,26,0.003,1
rome,grafo2950.27,27,36,C,3,5,4,refutation,413,0.001,1
rome,grafo2794.53,53,73,C,5,7,7,refutation,59308,0.153,1
rome,grafo2951.19,19,24,C,3,3,3,bound,0,0.0,1
rome,grafo2953.11,11,11,C,2,2,2,bound,0,0.0,1
rome,grafo295.15,15,21,C,3,4,4,refutation,83,0.006,1
rome,grafo2947.37,37,45,C,3,5,4,refutation,818,0.002,1
rome,grafo2941.38,38,54,C,4,6,6,refutation,3016,0.019,1
rome,grafo2958.27,27,32,C,3,4,3,bound,26,0.001,1
rome,grafo2952.38,38,45,C,3,4,4,refutation,585,0.002,1
rome,grafo2692.85,85,108,C,4,6,6,refutation,102553,0.242,1
rome,grafo2956.37,37,39,C,2,4,3,refutation,347,0.002,1
rome,grafo2954.37,37,50,C,4,6,5,refutation,1725,0.006,1
rome,grafo2961.26,26,31,C,3,3,3,bound,0,0.0,1
rome,grafo296.28,28,36,C,3,4,4,refutation,277,0.001,1
rome,grafo2960.38,38,48,C,4,5,4,bound,114,0.001,1
rome,grafo2965.22,22,25,C,3,3,3,bound,0,0.0,1
rome,grafo2955.38,38,49,C,4,5,5,refutation,2810,0.008,1
rome,grafo2966.23,23,26,C,3,4,3,bound,22,0.001,1
rome,grafo2962.33,33,38,C,2,4,3,refutation,238,0.003,1
rome,grafo2957.37,37,52,C,4,6,5,refutation,1588,0.01,1
rome,grafo2964.11,11,12,C,2,2,2,bound,0,0.0,1
rome,grafo297.15,15,19,C,3,3,3,bound,0,0.0,1
rome,grafo2968.32,32,41,C,4,5,4,bound,37,0.001,1
rome,grafo2970.38,38,51,C,4,5,4,bound,220,0.001,1
rome,grafo2972.25,25,29,C,3,3,3,bound,0,0.0,1
rome,grafo2959.38,38,48,C,3,5,4,refutation,628,0.008,1
rome,grafo2963.40,40,49,C,3,5,4,refutation,873,0.006,1
rome,grafo2967.47,47,58,C,4,5,4,bound,107,0.001,1
rome,grafo2971.11,11,11,C,2,2,2,bound,0,0.006,1
rome,grafo2976.18,18,20,C,2,3,2,bound,15,0.0,1
rome,grafo2977.25,25,28,C,3,3,3,bound,0,0.0,1
rome,grafo2979.11,11,11,C,2,2,2,bound,0,0.0,1
rome,grafo298.20,20,27,C,3,3,3,bound,0,0.0,1
rome,grafo2980.23,23,34,C,4,4,4,bound,0,0.0,1
rome,grafo2974.36,36,44,C,4,5,4,bound,64,0.008,1
rome,grafo2975.40,40,49,C,3,4,4,refutation,572,0.007,1
rome,grafo2983.25,25,28,C,3,3,3,bound,0,0.0,1
rome,grafo2973.37,37,45,C,3,5,4,refutation,587,0.008,1
rome,grafo2981.26,26,36,C,4,4,4,bound,0,0.004,1
rome,grafo2987.17,17,20,C,2,3,3,refutation,19,0.0,1
rome,grafo2988.25,25,29,C,2,3,3,refutation,73,0.001,1
rome,grafo2989.20,20,25,C,2,3,3,refutation,35,0.006,1
rome,grafo299.19,19,21,C,2,3,3,refutation,56,0.0,1
rome,grafo2984.37,37,52,C,4,6,5,refutation,1596,0.014,1
rome,grafo2969.39,39,57,C,5,7,6,refutation,8136,0.03,1
rome,grafo2986.38,38,50,C,4,5,5,refutation,2054,0.01,1
rome,grafo2991.32,32,43,C,3,4,4,refutation,325,0.001,1
rome,grafo2982.39,39,52,C,4,6,5,refutation,2539,0.014,1
rome,grafo2995.20,20,24,C,3,3,3,bound,0,0.0,1
rome,grafo2990.35,35,48,C,4,5,5,refutation,805,0.005,1
rome,grafo2997.23,23,29,C,3,4,3,bound,25,0.0,1
rome,grafo2992.26,26,28,C,2,3,3,refutation,92,0.001,1
rome,grafo2993.23,23,28,C,3,3,3,bound,0,0.003,1
rome,grafo300.13,13,15,C,2,2,2,bound,0,0.0,1
rome,grafo2999.26,26,30,C,3,4,4,refutation,312,0.001,1
rome,grafo3000.38,38,39,C,2,3,2,bound,117,0.001,1
rome,grafo2998.18,18,20,C,2,2,2,bound,0,0.0,1
rome,grafo3003.40,40,52,C,3,4,4,refutation,373,0.002,1
rome,grafo3001.40,40,56,C,5,5,5,bound,0,0.001,1
rome,grafo2996.37,37,47,C,4,6,4,bound,128,0.008,1
rome,grafo3002.37,37,47,C,3,4,4,refutation,451,0.002,1
rome,grafo2985.43,43,55,C,4,6,6,refutation,5476,0.028,1
rome,grafo2994.41,41,52,C,4,6,5,refutation,2559,0.012,1
rome,grafo3004.38,38,43,C,2,4,3,refutation,168,0.001,1
rome,grafo3009.17,17,22,C,3,3,3,bound,0,0.0,1
rome,grafo3006.35,35,44,C,4,4,4,bound,0,0.001,1
rome,grafo301.17,17,22,C,3,3,3,bound,0,0.0,1
rome,grafo3010.19,19,26,C,4,4,4,bound,0,0.0,1
rome,grafo11600.91,91,119,C,5,8,8,refutation,4340731,4.809,1
rome,grafo3013.23,23,31,C,4,4,4,bound,0,0.0,1
rome,grafo3011.30,30,41,C,3,4,4,refutation,323,0.001,1
rome,grafo3015.35,35,38,C,2,3,3,refutation,210,0.001,1
rome,grafo3017.20,20,25,C,3,4,3,bound,31,0.0,1
rome,grafo3007.27,27,30,C,3,4,3,bound,54,0.008,1
rome,grafo3018.24,24,33,C,4,5,4,bound,25,0.001,1
rome,grafo3016.41,41,49,C,4,5,4,bound,31,0.001,1
rome,grafo302.17,17,19,C,3,3,3,bound,0,0.0,1
rome,grafo3012.32,32,38,C,3,4,4,refutation,1002,0.005,1
rome,grafo3021.25,25,29,C,3,3,3,bound,0,0.0,1
rome,grafo3023.34,34,42,C,3,4,4,refutation,798,0.002,1
rome,grafo3020.40,40,42,C,3,3,3,bound,0,0.004,1
rome,grafo3024.10,10,10,C,2,2,2,bound,0,0.0,1
rome,grafo3025.27,27,32,C,3,4,3,bound,26,0.001,1
rome,grafo3014.33,33,44,C,4,5,5,refutation,1006,0.009,1
rome,grafo3027.26,26,32,C,3,4,4,refutation,222,0.001,1
rome,grafo3028.24,24,34,C,3,5,4,refutation,143,0.001,1
rome,grafo3026.26,26,32,C,3,4,3,bound,27,0.002,1
rome,grafo303.11,11,10,C,1,2,2,refutation,13,0.0,1
rome,grafo3008.32,32,47,C,5,6,6,refutation,2466,0.018,1
rome,grafo3032.30,30,35,C,2,3,3,refutation,142,0.001,1
rome,grafo3030.27,27,33,C,3,4,3,bound,49,0.002,1
rome,grafo3034.29,29,40,C,4,5,4,bound,236,0.001,1
rome,grafo3029.32,32,40,C,3,4,3,bound,36,0.001,1
rome,grafo3022.36,36,45,C,3,5,5,refutation,2873,0.014,1
rome,grafo3019.39,39,55,C,4,6,5,refutation,3042,0.016,1
rome,grafo3037.23,23,32,C,3,4,4,refutation,91,0.001,1
rome,grafo3031.16,16,18,C,2,3,3,refutation,43,0.006,1
rome,grafo304.15,15,17,C,2,3,3,refutation,26,0.0,1
rome,grafo3033.38,38,47,C,3,4,3,bound,35,0.007,1
rome,grafo3039.27,27,31,C,3,4,4,refutation,590,0.001,1
rome,grafo3036.60,60,69,C,3,5,3,bound,770,0.006,1
rome,grafo3042.14,14,18,C,3,4,4,refutation,39,0.0,1
rome,grafo3041.36,36,53,C,5,6,5,bound,23,0.001,1
rome,grafo3035.36,36,50,C,4,6,6,refutation,2911,0.01,1
rome,grafo3040.44,44,50,C,3,4,3,bound,137,0.008,1
rome,grafo3046.25,25,29,C,2,3,2,bound,28,0.001,1
rome,grafo3044.26,26,34,C,3,4,3,bound,66,0.001,1
rome,grafo3049.20,20,24,C,3,3,3,bound,0,0.0,1
rome,grafo3043.36,36,42,C,3,4,4,refutation,494,0.002,1
rome,grafo3047.33,33,36,C,2,3,3,refutation,208,0.001,1
rome,grafo305.16,16,19,C,3,3,3,bound,0,0.0,1
rome,grafo3045.35,35,42,C,3,3,3,bound,0,0.001,1
rome,grafo3048.41,41,50,C,3,5,4,refutation,1202,0.003,1
rome,grafo3052.20,20,23,C,2,3,2,bound,18,0.0,1
rome,grafo3054.18,18,21,C,3,3,3,bound,0,0.0,1
rome,grafo3038.38,38,50,C,4,5,5,refutation,1679,0.016,1
rome,grafo3050.36,36,43,C,3,4,3,bound,116,0.004,1
rome,grafo3056.26,26,36,C,3,3,3,bound,0,0.0,1
rome,grafo3051.20,20,23,C,3,3,3,bound,0,0.006,1
rome,grafo3059.35,35,44,C,3,4,4,refutation,292,0.001,1
rome,grafo306.18,18,25,C,3,4,4,refutation,111,0.001,1
rome,grafo3060.28,28,36,C,3,4,4,refutation,289,0.001,1
rome,grafo3053.42,42,47,C,3,3,3,bound,0,0.007,1
rome,grafo2914.63,63,80,C,5,6,6,refutation,43080,0.147,1
rome,grafo3055.36,36,46,C,4,6,5,refutation,1685,0.006,1
rome,grafo3065.17,17,26,C,3,4,3,bound,14,0.0,1
rome,grafo3058.42,42,51,C,3,5,4,refutation,1008,0.006,1
rome,grafo3062.23,23,37,C,4,5,4,bound,52,0.001,1
rome,grafo3057.34,34,46,C,3,5,4,refutation,283,0.007,1
rome,grafo3067.34,34,39,C,2,4,3,refutation,306,0.001,1
rome,grafo3064.23,23,25,C,2,3,2,bound,27,0.004,1
rome,grafo3061.32,32,46,C,4,5,4,bound,54,0.007,1
rome,grafo307.13,13,13,C,2,2,2,bound,0,0.0,1
rome,grafo3071.23,23,24,C,2,3,3,refutation,117,0.001,1
rome,grafo3070.31,31,40,C,3,3,3,bound,0,0.001,1
rome,grafo3073.11,11,11,C,2,2,2,bound,0,0.0,1
rome,grafo3066.32,32,48,C,5,5,5,bound,0,0.001,1
rome,grafo3072.27,27,35,C,3,4,3,bound,45,0.003,1
rome,grafo3076.34,34,39,C,3,4,3,bound,29,0.001,1
rome,grafo3078.25,25,31,C,3,3,3,bound,0,0.0,1
rome,grafo3068.35,35,50,C,4,5,5,refutation,978,0.009,1
rome,grafo308.14,14,22,C,3,3,3,bound,0,0.0,1
rome,grafo3079.27,27,35,C,3,4,4,refutation,186,0.001,1
rome,grafo3074.26,26,37,C,4,5,4,bound,97,0.007,1
rome,grafo3082.33,33,43,C,3,4,4,refutation,585,0.002,1
rome,grafo3081.23,23,27,C,2,3,3,refutation,53,0.001,1
rome,grafo3080.43,43,46,C,2,4,3,refutation,274,0.002,1
rome,grafo3084.36,36,42,C,3,3,3,bound,0,0.001,1
rome,grafo3083.27,27,32,C,3,4,4,refutation,545,0.001,1
rome,grafo3087.14,14,14,C,2,2,2,bound,0,0.0,1
rome,grafo3086.49,49,72,C,5,7,6,refutation,8140,0.017,1
rome,grafo3089.25,25,34,C,3,4,3,bound,20,0.001,1
rome,grafo309.26,26,36,C,3,5,4,refutation,176,0.001,1
rome,grafo3090.24,24,30,C,3,3,3,bound,0,0.0,1
rome,grafo3091.11,11,11,C,2,2,2,bound,0,0.0,1
rome,grafo3092.24,24,28,C,3,3,3,bound,0,0.0,1
rome,grafo3088.40,40,57,C,5,7,6,refutation,5376,0.03,1
rome,grafo3093.35,35,47,C,4,6,5,refutation,1935,0.004,1
rome,grafo3085.49,49,72,C,5,7,6,refutation,8140,0.04,1
rome,grafo3095.34,34,44,C,4,5,4,bound,40,0.001,1
rome,grafo3097.11,11,12,C,2,2,2,bound,0,0.0,1
rome,grafo3098.18,18,24,C,3,3,3,bound,0,0.0,1
rome,grafo3094.42,42,49,C,3,4,4,refutation,1373,0.009,1
rome,grafo310.14,14,16,C,3,3,3,bound,0,0.0,1
rome,grafo3096.36,36,51,C,4,6,4,bound,242,0.004,1
rome,grafo3101.11,11,11,C,2,2,2,bound,0,0.0,1
rome,grafo3099.39,39,47,C,3,5,4,refutation,781,0.006,1
rome,grafo3100.24,24,28,C,2,2,2,bound,0,0.0,1
rome,grafo3102.34,34,42,C,4,5,4,bound,63,0.007,1
rome,grafo3105.25,25,35,C,3,4,4,refutation,101,0.001,1
rome,grafo3005.58,58,77,C,5,7,6,refutation,56009,0.132,1
rome,grafo3104.39,39,53,C,3,5,4,refutation,390,0.008,1
rome,grafo3108.24,24,25,C,2,3,2,bound,44,0.0,1
rome,grafo3107.32,32,48,C,4,6,5,refutation,609,0.005,1
rome,grafo3106.32,32,38,C,3,4,4,refutation,449,0.008,1
rome,grafo311.16,16,20,C,3,3,3,bound,0,0.0,1
rome,grafo3109.24,24,32,C,3,4,4,refutation,163,0.007,1
rome,grafo3112.13,13,14,C,2,2,2,bound,0,0.0,1
rome,grafo3113.11,11,11,C,2,2,2,bound,0,0.0,1
rome,grafo3111.48,48,54,C,3,4,4,refutation,1148,0.006,1
rome,grafo3110.38,38,49,C,4,5,5,refutation,2041,0.017,1
rome,grafo3114.40,40,55,C,4,5,5,refutation,1050,0.009,1
rome,grafo3116.40,40,47,C,3,5,4,refutation,1236,0.009,1
rome,grafo3117.38,38,51,C,3,5,4,refutation,549,0.008,1
rome,grafo3118.39,39,52,C,3,5,4,refutation,486,0.002,1
rome,grafo312.27,27,35,C,3,4,3,bound,52,0.001,1
rome,grafo3115.59,59,73,C,4,6,5,refutation,11010,0.041,1
rome,grafo3121.47,47,54,C,3,5,3,bound,138,0.002,1
rome,grafo3069.88,88,100,C,4,6,5,refutation,56201,0.173,1
rome,grafo3122.56,56,84,C,5,7,7,refutation,36288,0.08,1
rome,grafo3124.34,34,43,C,3,5,4,refutation,347,0.002,1
rome,grafo3077.72,72,92,C,5,7,6,refutation,88926,0.217,1
rome,grafo11502.100,100,126,C,5,9,8,budget,11821118,10.013,1
rome,grafo3125.37,37,42,C,3,4,4,refutation,732,0.002,1
rome,grafo3126.39,39,60,C,4,4,4,bound,0,0.001,1
rome,grafo3119.55,55,82,C,6,7,7,refutation,28379,0.113,1
rome,grafo3129.37,37,48,C,3,5,4,refutation,886,0.002,1
rome,grafo3128.37,37,49,C,4,5,5,refutation,1185,0.003,1
rome,grafo313.11,11,10,C,1,2,2,refutation,10,0.0,1
rome,grafo3131.40,40,53,C,4,5,4,bound,38,0.001,1
rome,grafo3130.41,41,61,C,5,6,5,bound,502,0.002,1
rome,grafo3132.43,43,53,C,3,5,4,refutation,1219,0.007,1
rome,grafo3120.62,62,80,C,4,6,6,refutation,29948,0.106,1
rome,grafo3134.37,37,45,C,3,4,4,refutation,660,0.005,1
rome,grafo3135.34,34,38,C,3,4,3,bound,36,0.004,1
rome,grafo3137.42,42,61,C,5,6,6,refutation,4208,0.014,1
rome,grafo3123.63,63,84,C,5,7,6,refutation,48638,0.094,1
rome,grafo314.18,18,18,C,2,2,2,bound,0,0.0,1
rome,grafo3075.72,72,92,C,5,7,6,refutation,88926,0.281,1
rome,grafo3133.49,49,61,C,4,6,6,refutation,24412,0.054,1
rome,grafo3141.42,42,55,C,4,5,5,refutation,1751,0.01,1
rome,grafo3142.39,39,52,C,4,6,5,refutation,2403,0.007,1
rome,grafo3140.55,55,68,C,4,6,5,refutation,3348,0.019,1
rome,grafo3145.36,36,45,C,4,4,4,bound,0,0.004,1
rome,grafo2978.86,86,107,C,4,7,6,refutation,215784,0.409,1
rome,grafo2762.76,76,98,C,5,7,7,refutation,369936,0.628,1
rome,grafo3147.53,53,66,C,3,5,5,refutation,6429,0.012,1
rome,grafo3149.41,41,48,C,3,5,4,refutation,900,0.003,1
rome,grafo315.14,14,16,C,2,3,2,bound,22,0.0,1
rome,grafo3150.40,40,46,C,3,5,3,bound,66,0.001,1
rome,grafo3148.37,37,47,C,4,5,5,refutation,2050,0.009,1
rome,grafo3151.45,45,58,C,4,6,5,refutation,3744,0.007,1
rome,grafo3153.36,36,43,C,2,4,3,refutation,216,0.001,1
rome,grafo3127.57,57,82,C,5,9,8,refutation,128161,0.135,1
rome,grafo3152.43,43,51,C,3,4,4,refutation,643,0.006,1
rome,grafo3154.44,44,57,C,4,6,5,refutation,2275,0.005,1
rome,grafo3155.39,39,48,C,3,5,4,refutation,525,0.005,1
rome,grafo3156.56,56,82,C,6,7,6,bound,406,0.006,1
rome,grafo3159.38,38,48,C,3,5,4,refutation,481,0.005,1
rome,grafo316.11,11,13,C,2,2,2,bound,0,0.0,1
rome,grafo3157.55,55,73,C,4,6,5,refutation,5526,0.021,1
rome,grafo3161.39,39,48,C,3,4,4,refutation,1147,0.006,1
rome,grafo3144.54,54,74,C,5,7,7,refutation,46113,0.105,1
rome,grafo3160.48,48,63,C,4,6,5,refutation,4767,0.026,1
rome,grafo3164.38,38,48,C,3,5,4,refutation,572,0.002,1
rome,grafo3163.47,47,75,C,5,8,7,refutation,11504,0.021,1
rome,grafo3138.60,60,85,C,5,8,7,refutation,78546,0.193,1
rome,grafo3146.53,53,78,C,5,8,7,refutation,41922,0.134,1
rome,grafo3167.44,44,60,C,5,6,5,bound,833,0.006,1
rome,grafo3168.39,39,51,C,3,4,4,refutation,611,0.005,1
rome,grafo317.13,13,21,C,4,4,4,bound,0,0.0,1
rome,grafo3169.51,51,66,C,4,6,5,refutation,4112,0.018,1
rome,grafo3166.57,57,75,C,5,7,6,refutation,14726,0.04,1
rome,grafo3171.40,40,56,C,4,5,5,refutation,932,0.006,1
rome,grafo3170.52,52,78,C,5,7,6,refutation,9393,0.04,1
rome,grafo3174.39,39,47,C,3,4,4,refutation,422,0.005,1
rome,grafo11505.91,91,131,C,7,10,10,budget,13041664,10.012,1
rome,grafo3165.52,52,72,C,5,7,7,refutation,28254,0.096,1
rome,grafo3172.51,51,71,C,5,7,6,refutation,14124,0.049,1
rome,grafo3178.34,34,42,C,4,4,4,bound,0,0.001,1
rome,grafo3177.39,39,46,C,3,5,4,refutation,828,0.006,1
rome,grafo318.20,20,25,C,3,4,3,bound,26,0.0,1
rome,grafo3176.54,54,65,C,4,5,5,refutation,10635,0.021,1
rome,grafo3175.42,42,57,C,5,7,6,refutation,9718,0.035,1
rome,grafo3182.36,36,53,C,5,6,6,refutation,3245,0.016,1
rome,grafo2778.80,80,101,C,5,8,7,refutation,830049,0.835,1
rome,grafo3162.54,54,71,C,4,7,7,refutation,62486,0.161,1
rome,grafo3183.55,55,67,C,4,6,5,refutation,7216,0.029,1
rome,grafo3179.41,41,56,C,4,6,6,refutation,6054,0.011,1
rome,grafo3186.39,39,49,C,3,5,4,refutation,832,0.006,1
rome,grafo3187.39,39,53,C,4,5,5,refutation,2397,0.005,1
rome,grafo3188.56,56,76,C,5,7,5,bound,93,0.005,1
rome,grafo319.26,26,28,C,2,3,2,bound,43,0.001,1
rome,grafo3173.63,63,87,C,5,8,6,refutation,55894,0.157,1
rome,grafo3181.55,55,77,C,5,7,6,refutation,56845,0.113,1
rome,grafo3180.57,57,80,C,6,8,7,refutation,36683,0.112,1
rome,grafo3192.41,41,49,C,3,4,3,bound,68,0.001,1
rome,grafo3185.52,52,76,C,5,7,7,refutation,29859,0.088,1
rome,grafo3193.40,40,48,C,3,5,4,refutation,723,0.006,1
rome,grafo3191.43,43,57,C,4,5,5,refutation,1469,0.006,1
rome,grafo3194.59,59,67,C,3,5,4,refutation,3795,0.017,1
rome,grafo3197.41,41,53,C,4,5,5,refutation,2032,0.018,1
rome,grafo3195.54,54,76,C,5,6,6,refutation,10615,0.04,1
rome,grafo320.35,35,44,C,3,5,4,refutation,659,0.002,1
rome,grafo11656.91,91,123,C,6,9,8,refutation,4257286,3.836,1
rome,grafo3200.36,36,47,C,4,5,4,bound,125,0.004,1
rome,grafo3063.91,91,103,C,4,7,6,refutation,519380,0.715,1
rome,grafo3202.35,35,47,C,4,5,5,refutation,1198,0.006,1
rome,grafo3203.40,40,51,C,3,4,3,bound,139,0.004,1
rome,grafo3190.53,53,84,C,5,8,8,refutation,51293,0.107,1
rome,grafo3201.40,40,54,C,4,6,6,refutation,4516,0.016,1
rome,grafo3207.42,42,57,C,4,5,5,refutation,3018,0.006,1
rome,grafo3206.42,42,57,C,4,5,5,refutation,1837,0.008,1
rome,grafo3205.44,44,57,C,4,6,5,refutation,2413,0.01,1
rome,grafo321.15,15,15,C,2,2,2,bound,0,0.0,1
rome,grafo3199.60,60,72,C,4,6,5,refutation,13668,0.053,1
rome,grafo3210.36,36,49,C,4,5,4,bound,114,0.007,1
rome,grafo3189.54,54,84,C,6,9,8,refutation,84824,0.159,1
rome,grafo3198.60,60,80,C,4,7,6,refutation,40548,0.099,1
rome,grafo3214.33,33,44,C,3,5,4,refutation,360,0.002,1
rome,grafo3213.44,44,57,C,3,6,5,refutation,2408,0.005,1
rome,grafo3208.53,53,80,C,6,8,7,refutation,18717,0.042,1
rome,grafo3196.53,53,65,C,4,6,6,refutation,41713,0.118,1
rome,grafo3215.58,58,74,C,4,6,5,refutation,3726,0.008,1
rome,grafo3216.40,40,47,C,3,5,4,refutation,1059,0.003,1
rome,grafo322.16,16,15,C,1,2,1,bound,16,0.0,1
rome,grafo3217.60,60,69,C,3,4,3,bound,1101,0.004,1
rome,grafo3220.36,36,45,C,4,5,4,bound,64,0.001,1
rome,grafo3219.37,37,54,C,5,6,6,refutation,1492,0.003,1
rome,grafo3223.39,39,40,C,2,3,2,bound,96,0.001,1
rome,grafo3222.44,44,56,C,4,5,4,bound,157,0.001,1
rome,grafo3218.42,42,51,C,4,5,5,refutation,2455,0.011,1
rome,grafo3209.58,58,75,C,4,6,5,refutation,10445,0.057,1
rome,grafo3221.48,48,59,C,4,6,5,refutation,4133,0.009,1
rome,grafo3225.37,37,53,C,4,6,5,refutation,1580,0.006,1
rome,grafo3228.40,40,53,C,3,5,4,refutation,570,0.002,1
rome,grafo323.15,15,21,C,3,3,3,bound,0,0.0,1
rome,grafo3229.40,40,48,C,3,5,4,refutation,777,0.003,1
rome,grafo3230.32,32,40,C,3,4,4,refutation,470,0.002,1
rome,grafo3231.43,43,53,C,3,5,4,refutation,1081,0.003,1
rome,grafo3232.47,47,55,C,4,4,4,bound,0,0.001,1
rome,grafo3233.43,43,49,C,3,4,4,refutation,942,0.003,1
rome,grafo3136.56,56,83,C,6,9,8,refutation,380781,0.566,1
rome,grafo3234.50,50,65,C,3,6,5,refutation,3923,0.009,1
rome,grafo3237.39,39,49,C,3,4,3,bound,166,0.001,1
rome,grafo3235.58,58,71,C,4,5,5,refutation,7193,0.015,1
rome,grafo3239.42,42,48,C,3,4,3,bound,154,0.005,1
rome,grafo324.11,11,11,C,2,2,2,bound,0,0.0,1
rome,grafo3238.55,55,68,C,4,6,5,refutation,11507,0.022,1
rome,grafo3227.43,43,65,C,5,7,7,refutation,20799,0.047,1
rome,grafo3241.36,36,47,C,4,5,5,refutation,1430,0.004,1
rome,grafo3243.39,39,51,C,5,6,5,bound,34,0.001,1
rome,grafo3244.39,39,48,C,4,5,4,bound,44,0.001,1
rome,grafo11507.91,91,122,C,6,10,9,budget,12850462,10.015,1
rome,grafo3242.39,39,51,C,4,5,5,refutation,4945,0.009,1
rome,grafo3247.38,38,43,C,3,5,3,bound,171,0.001,1
rome,grafo3248.43,43,61,C,5,6,5,bound,575,0.002,1
rome,grafo3249.44,44,58,C,4,5,4,bound,798,0.003,1
rome,grafo3240.46,46,66,C,5,6,6,refutation,7578,0.03,1
rome,grafo325.13,13,14,C,2,2,2,bound,0,0.0,1
rome,grafo3204.63,63,87,C,5,8,7,refutation,114217,0.148,1
rome,grafo3251.39,39,47,C,3,4,3,bound,41,0.001,1
rome,grafo3253.44,44,52,C,3,5,4,refutation,1212,0.004,1
rome,grafo3254.40,40,55,C,3,5,4,refutation,493,0.002,1
rome,grafo3255.40,40,46,C,3,4,3,bound,33,0.001,1
rome,grafo3250.43,43,58,C,4,6,5,refutation,3328,0.013,1
rome,grafo3252.54,54,62,C,4,5,5,refutation,6776,0.013,1
rome,grafo3211.52,52,77,C,6,8,8,refutation,72702,0.137,1
rome,grafo3256.45,45,63,C,5,6,5,bound,1086,0.005,1
rome,grafo326.14,14,19,C,3,3,3,bound,0,0.0,1
rome,grafo3258.42,42,58,C,4,6,5,refutation,1223,0.003,1
rome,grafo3259.38,38,43,C,3,5,3,bound,124,0.005,1
rome,grafo3261.39,39,44,C,3,4,3,bound,164,0.001,1
rome,grafo3260.33,33,48,C,4,5,5,refutation,622,0.002,1
rome,grafo3263.40,40,50,C,3,5,4,refutation,935,0.002,1
rome,grafo3236.60,60,80,C,5,6,6,refutation,20612,0.076,1
rome,grafo3265.41,41,62,C,4,6,5,refutation,1388,0.004,1
rome,grafo3212.57,57,77,C,4,7,7,refutation,61126,0.147,1
rome,grafo3245.54,54,76,C,5,7,7,refutation,26207,0.049,1
rome,grafo3266.46,46,54,C,3,4,3,bound,66,0.004,1
rome,grafo327.10,10,10,C,2,2,2,bound,0,0.0,1
rome,grafo3268.42,42,56,C,5,5,5,bound,0,0.001,1
rome,grafo3267.46,46,53,C,3,5,4,refutation,2286,0.005,1
rome,grafo3270.41,41,49,C,3,4,4,refutation,559,0.002,1
rome,grafo3272.38,38,44,C,2,4,3,refutation,209,0.001,1
rome,grafo3269.43,43,58,C,4,6,5,refutation,3707,0.007,1
rome,grafo3274.52,52,68,C,4,6,5,refutation,4317,0.01,1
rome,grafo3273.45,45,58,C,4,5,5,refutation,3241,0.014,1
rome,grafo3264.54,54,68,C,4,6,5,refutation,6785,0.03,1
rome,grafo3275.43,43,60,C,4,5,5,refutation,3415,0.013,1
rome,grafo3246.55,55,76,C,4,7,7,refutation,50662,0.069,1
rome,grafo328.10,10,10,C,2,2,2,bound,0,0.0,1
rome,grafo3280.39,39,58,C,3,5,4,refutation,266,0.004,1
rome,grafo3281.34,34,50,C,5,5,5,bound,0,0.001,1
rome,grafo3277.42,42,56,C,4,6,5,refutation,2481,0.012,1
rome,grafo3278.41,41,56,C,4,6,5,refutation,3044,0.013,1
rome,grafo3282.36,36,40,C,2,3,3,refutation,177,0.002,1
rome,grafo3226.55,55,74,C,4,7,7,refutation,45196,0.144,1
rome,grafo3276.49,49,65,C,5,6,6,refutation,10850,0.02,1
rome,grafo3287.40,40,52,C,3,5,4,refutation,526,0.002,1
rome,grafo3279.45,45,62,C,5,7,6,refutation,5921,0.024,1
rome,grafo3288.37,37,50,C,4,5,4,bound,63,0.001,1
rome,grafo329.17,17,18,C,2,2,2,bound,0,0.0,1
rome,grafo3283.47,47,61,C,4,6,5,refutation,5413,0.024,1
rome,grafo3285.42,42,60,C,5,7,6,refutation,6010,0.027,1
rome,grafo3291.35,35,42,C,2,5,4,refutation,843,0.006,1
rome,grafo3290.53,53,74,C,5,6,6,refutation,11901,0.024,1
rome,grafo3293.36,36,46,C,3,4,4,refutation,548,0.005,1
rome,grafo3294.43,43,59,C,4,5,5,refutation,2450,0.007,1
rome,grafo3295.43,43,53,C,3,5,4,refutation,557,0.005,1
rome,grafo3296.40,40,48,C,3,4,4,refutation,627,0.002,1
rome,grafo3297.53,53,74,C,4,7,6,refutation,6613,0.03,1
rome,grafo3257.61,61,82,C,5,7,6,refutation,47888,0.14,1
rome,grafo330.15,15,16,C,2,3,3,refutation,49,0.0,1
rome,grafo3271.53,53,80,C,5,8,8,refutation,133077,0.132,1
rome,grafo3300.42,42,55,C,4,6,5,refutation,5824,0.024,1
rome,grafo3302.35,35,42,C,3,3,3,bound,0,0.001,1
rome,grafo3298.58,58,76,C,5,7,6,refutation,47835,0.065,1
rome,grafo3304.36,36,47,C,4,5,4,bound,103,0.001,1
rome,grafo3103.88,88,105,C,5,7,7,refutation,1079170,0.991,1
rome,grafo3299.53,53,70,C,5,6,6,refutation,16999,0.034,1
rome,grafo3305.47,47,60,C,4,5,5,refutation,2112,0.009,1
rome,grafo3303.46,46,64,C,5,6,6,refutation,3114,0.017,1
rome,grafo3289.53,53,76,C,5,9,8,refutation,97208,0.122,1
rome,grafo331.15,15,16,C,2,2,2,bound,0,0.001,1
rome,grafo3306.41,41,53,C,4,5,5,refutation,2759,0.013,1
rome,grafo3311.36,36,47,C,4,4,4,bound,0,0.001,1
rome,grafo3312.39,39,49,C,4,6,5,refutation,2152,0.008,1
rome,grafo3139.89,89,121,C,6,8,7,refutation,499432,0.833,1
rome,grafo3314.39,39,51,C,4,6,5,refutation,2207,0.005,1
rome,grafo3301.53,53,83,C,5,8,8,refutation,64068,0.083,1
rome,grafo3316.34,34,39,C,2,3,3,refutation,162,0.001,1
rome,grafo3317.36,36,46,C,3,5,4,refutation,677,0.002,1
rome,grafo3286.59,59,83,C,6,7,7,refutation,136071,0.189,1
rome,grafo3319.39,39,54,C,5,6,5,bound,938,0.003,1
rome,grafo3313.42,42,58,C,4,6,6,refutation,12553,0.044,1
rome,grafo3309.59,59,84,C,5,7,6,refutation,19740,0.068,1
rome,grafo3318.55,55,75,C,5,6,6,refutation,8472,0.016,1
rome,grafo3320.37,37,45,C,3,4,4,refutation,628,0.003,1
rome,grafo3321.38,38,53,C,4,5,5,refutation,1020,0.006,1
rome,grafo3322.37,37,46,C,3,4,4,refutation,605,0.005,1
rome,grafo3325.42,42,52,C,3,4,3,bound,34,0.001,1
rome,grafo3326.42,42,60,C,5,6,5,bound,69,0.001,1
rome,grafo3324.44,44,52,C,3,4,4,refutation,1081,0.007,1
rome,grafo3323.56,56,64,C,3,5,4,refutation,2320,0.012,1
rome,grafo3329.39,39,50,C,3,5,4,refutation,567,0.005,1
rome,grafo333.19,19,22,C,2,3,2,bound,26,0.0,1
rome,grafo3307.55,55,72,C,4,7,6,refutation,38701,0.111,1
rome,grafo3331.44,44,62,C,5,6,5,bound,704,0.005,1
rome,grafo3332.38,38,43,C,3,4,3,bound,78,0.001,1
rome,grafo3330.39,39,60,C,5,7,6,refutation,3778,0.014,1
rome,grafo3308.97,97,110,C,4,6,5,refutation,100202,0.13,1
rome,grafo3335.40,40,53,C,4,5,5,refutation,1488,0.004,1
rome,grafo3336.36,36,44,C,4,5,5,refutation,1991,0.005,1
rome,grafo3328.56,56,76,C,4,6,6,refutation,15670,0.052,1
rome,grafo3310.46,46,68,C,5,8,8,refutation,88530,0.152,1
rome,grafo3339.42,42,53,C,4,5,5,refutation,3100,0.006,1
rome,grafo334.12,12,13,C,2,2,2,bound,0,0.0,1
rome,grafo3284.54,54,82,C,6,8,8,refutation,148402,0.293,1
rome,grafo3334.48,48,67,C,5,6,6,refutation,10120,0.042,1
rome,grafo3340.41,41,54,C,4,6,5,refutation,3098,0.006,1
rome,grafo3341.37,37,50,C,4,6,5,refutation,788,0.005,1
rome,grafo3327.48,48,73,C,6,8,7,refutation,21842,0.08,1
rome,grafo3337.40,40,53,C,3,5,4,refutation,746,0.003,1
rome,grafo3292.56,56,84,C,6,8,8,refutation,141261,0.279,1
rome,grafo3338.56,56,71,C,4,6,5,refutation,9739,0.036,1
rome,grafo3343.58,58,70,C,3,5,4,refutation,2943,0.012,1
rome,grafo3347.35,35,48,C,4,6,5,refutation,1406,0.006,1
rome,grafo3349.47,47,51,C,3,4,3,bound,69,0.004,1
rome,grafo335.13,13,19,C,3,3,3,bound,0,0.0,1
rome,grafo3351.38,38,46,C,4,5,4,bound,123,0.001,1
rome,grafo3344.42,42,52,C,4,5,5,refutation,7413,0.026,1
rome,grafo11655.91,91,125,C,6,9,8,refutation,5002940,4.738,1
rome,grafo3346.55,55,74,C,5,7,6,refutation,18998,0.035,1
rome,grafo3353.40,40,46,C,3,4,3,bound,190,0.001,1
rome,grafo3356.33,33,40,C,3,4,4,refutation,503,0.002,1
rome,grafo3348.43,43,58,C,5,6,6,refutation,9298,0.031,1
rome,grafo3350.50,50,65,C,4,7,5,refutation,7513,0.026,1
rome,grafo3358.36,36,42,C,3,4,3,bound,87,0.001,1
rome,grafo336.21,21,22,C,2,3,2,bound,19,0.0,1
rome,grafo3355.55,55,67,C,3,5,5,refutation,10107,0.019,1
rome,grafo3359.37,37,58,C,5,6,6,refutation,2517,0.011,1
rome,grafo3361.44,44,52,C,3,4,4,refutation,985,0.007,1
rome,grafo3345.63,63,84,C,5,7,6,refutation,19489,0.072,1
rome,grafo3363.37,37,47,C,4,5,5,refutation,1595,0.01,1
rome,grafo3354.63,63,83,C,5,7,6,refutation,24291,0.041,1
rome,grafo3360.43,43,56,C,4,5,5,refutation,5809,0.019,1
rome,grafo3333.51,51,71,C,5,7,7,refutation,64107,0.134,1
rome,grafo3367.40,40,50,C,4,5,4,bound,96,0.004,1
rome,grafo3366.52,52,65,C,4,5,5,refutation,4437,0.009,1
rome,grafo337.15,15,23,C,3,4,3,bound,16,0.0,1
rome,grafo3369.41,41,56,C,5,6,5,bound,61,0.001,1
rome,grafo3368.39,39,56,C,5,6,5,bound,31,0.001,1
rome,grafo3357.53,53,73,C,5,7,6,refutation,12562,0.04,1
rome,grafo3370.43,43,57,C,3,6,5,refutation,2036,0.005,1
rome,grafo3371.55,55,60,C,3,5,4,refutation,2680,0.006,1
rome,grafo3362.51,51,63,C,4,6,5,refutation,7139,0.031,1
rome,grafo3374.38,38,48,C,3,4,4,refutation,746,0.002,1
rome,grafo3377.36,36,45,C,3,4,4,refutation,467,0.001,1
rome,grafo3378.35,35,48,C,4,5,5,refutation,964,0.002,1
rome,grafo3375.39,39,59,C,5,7,6,refutation,3263,0.006,1
rome,grafo338.15,15,16,C,2,2,2,bound,0,0.0,1
rome,grafo3379.36,36,44,C,3,5,4,refutation,622,0.002,1
rome,grafo3380.46,46,56,C,4,5,4,bound,274,0.002,1
rome,grafo3381.40,40,53,C,4,6,5,refutation,1888,0.004,1
rome,grafo3383.38,38,62,C,5,7,7,refutation,5476,0.011,1
rome,grafo3365.43,43,72,C,5,7,7,refutation,12167,0.047,1
rome,grafo3352.55,55,69,C,3,5,5,refutation,4997,0.026,1
rome,grafo3372.46,46,69,C,6,7,7,refutation,20979,0.043,1
rome,grafo3387.40,40,53,C,4,6,5,refutation,2505,0.006,1
rome,grafo3373.48,48,74,C,5,7,7,refutation,14942,0.052,1
rome,grafo3385.54,54,64,C,3,5,5,refutation,6104,0.025,1
rome,grafo3388.41,41,56,C,4,6,5,refutation,3734,0.013,1
rome,grafo3389.46,46,65,C,4,6,6,refutation,6228,0.012,1
rome,grafo339.18,18,18,C,2,2,2,bound,0,0.0,1
rome,grafo3391.39,39,61,C,4,6,5,refutation,1331,0.003,1
rome,grafo3392.43,43,52,C,3,5,4,refutation,978,0.006,1
rome,grafo3393.42,42,53,C,3,4,4,refutation,909,0.006,1
rome,grafo3394.39,39,53,C,3,6,5,refutation,1115,0.006,1
rome,grafo3395.37,37,51,C,4,6,5,refutation,1542,0.007,1
rome,grafo3397.49,49,53,C,2,4,3,refutation,535,0.003,1
rome,grafo3364.52,52,77,C,5,7,7,refutation,37707,0.118,1
rome,grafo3384.52,52,81,C,6,9,8,refutation,78660,0.093,1
rome,grafo340.15,15,16,C,2,3,2,bound,17,0.0,1
rome,grafo3376.61,61,86,C,6,8,7,refutation,82602,0.124,1
rome,grafo3401.41,41,53,C,4,6,5,refutation,2309,0.012,1
rome,grafo3402.42,42,62,C,5,7,6,refutation,7345,0.025,1
rome,grafo3403.37,37,42,C,3,4,3,bound,46,0.001,1
rome,grafo11524.100,100,127,C,6,9,8,budget,12698277,10.01,1
rome,grafo3404.43,43,53,C,4,5,4,bound,34,0.004,1
rome,grafo3406.37,37,49,C,4,5,4,bound,48,0.001,1
rome,grafo3407.34,34,43,C,3,4,4,refutation,537,0.002,1
rome,grafo3399.61,61,78,C,4,7,6,refutation,35535,0.116,1
rome,grafo3398.59,59,87,C,5,8,7,refutation,60669,0.138,1
rome,grafo341.30,30,39,C,3,4,4,refutation,388,0.001,1
rome,grafo3405.57,57,78,C,5,8,6,refutation,33722,0.053,1
rome,grafo3408.62,62,73,C,4,6,5,refutation,11905,0.046,1
rome,grafo3411.52,52,68,C,4,6,5,refutation,4456,0.009,1
rome,grafo3413.36,36,53,C,5,6,5,bound,41,0.001,1
rome,grafo3414.36,36,39,C,3,4,3,bound,48,0.001,1
rome,grafo3412.46,46,65,C,4,6,6,refutation,7349,0.024,1
rome,grafo3410.48,48,62,C,3,6,5,refutation,9048,0.032,1
rome,grafo3342.61,61,90,C,6,9,8,refutation,260684,0.365,1
rome,grafo3416.38,38,50,C,4,4,4,bound,0,0.001,1
rome,grafo3417.38,38,46,C,3,5,3,bound,56,0.001,1
rome,grafo342.16,16,20,C,3,3,3,bound,0,0.0,1
rome,grafo3419.44,44,51,C,3,4,4,refutation,996,0.006,1
rome,grafo3420.41,41,51,C,4,5,5,refutation,1716,0.007,1
rome,grafo3418.49,49,63,C,4,6,5,refutation,2610,0.013,1
rome,grafo3415.49,49,65,C,5,7,6,refutation,28525,0.041,1
rome,grafo3421.38,38,52,C,4,6,5,refutation,985,0.006,1
rome,grafo3425.41,41,52,C,3,4,3,bound,106,0.004,1
rome,grafo3424.46,46,56,C,4,5,5,refutation,4947,0.009,1
rome,grafo3390.58,58,83,C,6,8,8,refutation,131326,0.24,1
rome,grafo3426.53,53,62,C,4,5,5,refutation,5448,0.02,1
rome,grafo3423.54,54,69,C,4,6,5,refutation,6517,0.026,1
rome,grafo3429.43,43,65,C,4,6,5,refutation,1782,0.004,1
rome,grafo343.14,14,15,C,2,3,2,bound,24,0.0,1
rome,grafo3430.39,39,53,C,4,6,5,refutation,1840,0.004,1
rome,grafo3409.57,57,85,C,6,8,8,refutation,94008,0.107,1
rome,grafo3428.57,57,80,C,4,7,6,refutation,15377,0.026,1
rome,grafo3433.37,37,42,C,3,4,4,refutation,811,0.002,1
rome,grafo3434.45,45,60,C,4,5,5,refutation,1819,0.005,1
rome,grafo3432.44,44,55,C,4,6,5,refutation,6662,0.011,1
rome,grafo3437.38,38,45,C,3,4,4,refutation,1133,0.003,1
rome,grafo3438.36,36,52,C,4,4,4,bound,0,0.001,1
rome,grafo3439.42,42,57,C,4,6,5,refutation,2988,0.006,1
rome,grafo3427.56,56,81,C,6,8,7,refutation,40172,0.057,1
rome,grafo344.36,36,47,C,4,5,5,refutation,1596,0.006,1
rome,grafo3440.55,55,67,C,3,5,4,refutation,3207,0.014,1
rome,grafo3441.53,53,61,C,3,5,5,refutation,6963,0.026,1
rome,grafo3436.57,57,76,C,5,6,6,refutation,18122,0.067,1
rome,grafo3444.41,41,53,C,5,6,5,bound,583,0.002,1
rome,grafo3386.57,57,86,C,6,9,8,refutation,285338,0.376,1
rome,grafo3445.37,37,46,C,4,5,4,bound,253,0.001,1
rome,grafo3442.52,52,73,C,5,7,6,refutation,22326,0.041,1
rome,grafo3446.46,46,62,C,4,5,5,refutation,3317,0.007,1
rome,grafo3447.35,35,42,C,3,4,3,bound,38,0.001,1
rome,grafo345.14,14,13,C,1,2,2,refutation,14,0.0,1
rome,grafo3431.58,58,83,C,5,7,7,refutation,34552,0.109,1
rome,grafo3449.44,44,61,C,4,6,5,refutation,3188,0.007,1
rome,grafo3450.43,43,52,C,3,4,4,refutation,752,0.006,1
rome,grafo3451.43,43,51,C,4,5,4,bound,47,0.001,1
rome,grafo3452.41,41,54,C,4,6,5,refutation,2401,0.005,1
rome,grafo3454.39,39,50,C,3,5,4,refutation,561,0.002,1
rome,grafo3456.40,40,48,C,3,4,3,bound,74,0.001,1
rome,grafo3457.38,38,43,C,3,4,3,bound,302,0.005,1
rome,grafo3455.52,52,65,C,4,6,5,refutation,6641,0.026,1
rome,grafo3453.56,56,72,C,5,7,6,refutation,16780,0.046,1
rome,grafo346.19,19,22,C,3,3,3,bound,0,0.0,1
rome,grafo3458.53,53,65,C,4,5,5,refutation,6090,0.025,1
rome,grafo3459.43,43,66,C,5,7,7,refutation,10415,0.039,1
rome,grafo3461.37,37,59,C,5,7,7,refutation,5935,0.024,1
rome,grafo3448.58,58,85,C,5,8,7,refutation,64826,0.089,1
rome,grafo11536.91,91,132,C,6,11,10,budget,11886665,10.029,1
rome,grafo3462.42,42,52,C,3,5,5,refutation,2015,0.008,1
rome,grafo3460.54,54,82,C,5,7,7,refutation,33208,0.051,1
rome,grafo3467.53,53,60,C,3,5,3,bound,236,0.002,1
rome,grafo3468.44,44,53,C,4,4,4,bound,0,0.001,1
rome,grafo3469.47,47,57,C,3,5,3,bound,355,0.002,1
rome,grafo347.13,13,12,C,1,2,1,bound,13,0.0,1
rome,grafo3470.41,41,51,C,4,5,4,bound,352,0.002,1
rome,grafo3471.40,40,51,C,4,5,5,refutation,1729,0.004,1
rome,grafo3443.51,51,73,C,6,8,7,refutation,45391,0.16,1
rome,grafo3463.58,58,77,C,5,7,6,refutation,46921,0.063,1
rome,grafo3474.39,39,51,C,3,5,4,refutation,998,0.006,1
rome,grafo3465.60,60,80,C,5,8,7,refutation,92338,0.107,1
rome,grafo3396.61,61,95,C,6,9,9,refutation,432696,0.551,1
rome,grafo3475.53,53,70,C,5,6,6,refutation,19718,0.048,1
rome,grafo3478.45,45,53,C,3,5,4,refutation,1596,0.004,1
rome,grafo3476.42,42,60,C,4,6,6,refutation,2015,0.005,1
rome,grafo348.20,20,21,C,2,3,2,bound,19,0.0,1
rome,grafo3480.35,35,35,C,2,3,3,refutation,289,0.001,1
rome,grafo3473.57,57,73,C,5,6,6,refutation,32500,0.097,1
rome,grafo3479.56,56,73,C,5,7,6,refutation,18498,0.028,1
rome,grafo3483.35,35,41,C,3,4,3,bound,175,0.001,1
rome,grafo3466.56,56,79,C,5,8,7,refutation,59419,0.159,1
rome,grafo3484.51,51,68,C,5,6,6,refutation,15660,0.024,1
rome,grafo3485.38,38,46,C,4,5,5,refutation,5435,0.023,1
rome,grafo3486.53,53,68,C,4,6,5,refutation,5960,0.011,1
rome,grafo3488.36,36,45,C,3,5,5,refutation,1973,0.004,1
rome,grafo3422.59,59,96,C,6,9,9,refutation,265502,0.456,1
rome,grafo349.13,13,14,C,2,3,3,refutation,32,0.001,1
rome,grafo3487.55,55,74,C,4,7,6,refutation,17206,0.057,1
rome,grafo3491.43,43,61,C,4,6,5,refutation,2627,0.012,1
rome,grafo332.82,82,106,C,5,9,7,refutation,1311214,1.022,1
rome,grafo3493.46,46,58,C,4,5,4,bound,129,0.002,1
rome,grafo3490.52,52,67,C,4,6,6,refutation,22808,0.074,1
rome,grafo3492.51,51,69,C,5,6,6,refutation,9270,0.035,1
rome,grafo3495.42,42,53,C,4,5,4,bound,35,0.004,1
rome,grafo3497.37,37,41,C,3,4,3,bound,35,0.001,1
rome,grafo3494.39,39,56,C,4,6,6,refutation,9163,0.016,1
rome,grafo3499.35,35,47,C,4,5,4,bound,29,0.001,1
rome,grafo350.21,21,26,C,3,3,3,bound,0,0.0,1
rome,grafo3498.41,41,53,C,4,5,5,refutation,2792,0.012,1
rome,grafo3481.97,97,117,C,4,6,6,refutation,134557,0.234,1
rome,grafo3501.44,44,63,C,5,7,6,refutation,7533,0.027,1
rome,grafo3502.58,58,77,C,4,6,5,refutation,4813,0.011,1
rome,grafo3504.35,35,47,C,4,6,5,refutation,1885,0.004,1
rome,grafo3505.43,43,56,C,4,5,5,refutation,3723,0.007,1
rome,grafo3506.34,34,37,C,3,3,3,bound,0,0.001,1
rome,grafo3503.57,57,75,C,4,6,5,refutation,11998,0.047,1
rome,grafo3489.63,63,85,C,5,8,7,refutation,297283,0.214,1
rome,grafo3509.45,45,66,C,5,6,6,refutation,4818,0.009,1
rome,grafo3496.54,54,83,C,6,8,7,refutation,33825,0.117,1
rome,grafo351.13,13,15,C,2,2,2,bound,0,0.0,1
rome,grafo3508.42,42,59,C,4,6,6,refutation,3659,0.014,1
rome,grafo3512.33,33,39,C,3,4,3,bound,186,0.001,1
rome,grafo3500.64,64,92,C,6,9,7,refutation,101808,0.12,1
rome,grafo3513.43,43,48,C,3,4,3,bound,73,0.004,1
rome,grafo3514.35,35,43,C,4,5,4,bound,22,0.001,1
rome,grafo3507.51,51,71,C,5,8,7,refutation,38014,0.056,1
rome,grafo3511.54,54,73,C,5,6,6,refutation,8052,0.019,1
rome,grafo3515.43,43,55,C,4,5,5,refutation,3472,0.007,1
rome,grafo3518.36,36,49,C,4,5,4,bound,273,0.001,1
rome,grafo352.12,12,12,C,2,2,2,bound,0,0.0,1
rome,grafo3520.40,40,48,C,4,5,4,bound,500,0.002,1
rome,grafo3519.40,40,56,C,4,5,5,refutation,1128,0.003,1
rome,grafo3521.40,40,48,C,3,4,4,refutation,1114,0.003,1
rome,grafo3522.37,37,42,C,3,4,4,refutation,888,0.002,1
rome,grafo3516.44,44,60,C,5,7,6,refutation,7531,0.014,1
rome,grafo3517.55,55,66,C,3,5,5,refutation,9979,0.019,1
rome,grafo3524.38,38,43,C,3,4,4,refutation,1185,0.006,1
rome,grafo3525.40,40,52,C,4,6,5,refutation,2808,0.012,1
rome,grafo3527.41,41,54,C,4,6,5,refutation,2776,0.012,1
rome,grafo3528.45,45,53,C,4,5,4,bound,28,0.004,1
rome,grafo353.13,13,13,C,2,2,2,bound,0,0.0,1
rome,grafo3529.42,42,54,C,4,5,4,bound,54,0.001,1
rome,grafo3530.33,33,38,C,3,4,3,bound,27,0.004,1
rome,grafo11537.91,91,130,C,6,10,9,refutation,10375693,9.954,1
rome,grafo3526.49,49,71,C,6,8,7,refutation,21348,0.036,1
rome,grafo3534.41,41,49,C,3,4,3,bound,32,0.001,1
rome,grafo3533.37,37,57,C,5,6,6,refutation,3542,0.007,1
rome,grafo3535.56,56,68,C,4,5,5,refutation,5146,0.011,1
rome,grafo3537.40,40,61,C,4,7,6,refutation,1484,0.004,1
rome,grafo3538.40,40,46,C,3,5,4,refutation,1067,0.003,1
rome,grafo3539.40,40,57,C,4,6,5,refutation,2587,0.005,1
rome,grafo354.12,12,12,C,2,2,2,bound,0,0.0,1
rome,grafo3540.38,38,57,C,4,6,6,refutation,2642,0.006,1
rome,grafo3523.59,59,85,C,5,8,7,refutation,96157,0.111,1
rome,grafo3536.60,60,73,C,4,6,5,refutation,24004,0.04,1
rome,grafo3542.40,40,53,C,4,5,5,refutation,2584,0.005,1
rome,grafo3544.42,42,60,C,5,6,6,refutation,2703,0.005,1
rome,grafo3541.55,55,87,C,5,8,8,refutation,36702,0.057,1
rome,grafo3546.36,36,49,C,3,6,5,refutation,1255,0.003,1
rome,grafo3547.37,37,38,C,2,3,2,bound,77,0.001,1
rome,grafo11546.97,97,140,C,7,10,9,budget,8840543,10.021,1
rome,grafo3548.42,42,50,C,3,5,4,refutation,1337,0.003,1
rome,grafo355.14,14,13,C,1,2,2,refutation,18,0.0,1
rome,grafo3550.53,53,61,C,3,5,4,refutation,1596,0.004,1
rome,grafo3551.39,39,54,C,4,5,4,bound,39,0.001,1
rome,grafo3549.40,40,57,C,5,6,6,refutation,3754,0.014,1
rome,grafo3552.44,44,51,C,3,5,4,refutation,1520,0.004,1
rome,grafo3554.37,37,41,C,3,4,3,bound,27,0.001,1
rome,grafo3531.54,54,81,C,6,9,8,refutation,61006,0.176,1
rome,grafo3555.40,40,49,C,4,5,4,bound,3448,0.007,1
rome,grafo3545.58,58,83,C,5,8,8,refutation,102450,0.1,1
rome,grafo3553.46,46,71,C,5,7,6,refutation,8464,0.031,1
rome,grafo3477.57,57,88,C,6,10,9,refutation,403055,0.582,1
rome,grafo356.19,19,22,C,2,3,3,refutation,51,0.001,1
rome,grafo3558.39,39,62,C,5,7,7,refutation,11571,0.018,1
rome,grafo3556.61,61,75,C,4,6,5,refutation,18263,0.039,1
rome,grafo3560.36,36,45,C,4,5,5,refutation,2176,0.011,1
rome,grafo3562.40,40,53,C,5,6,5,bound,1879,0.005,1
rome,grafo3563.36,36,46,C,3,4,4,refutation,623,0.005,1
rome,grafo3565.42,42,52,C,3,5,4,refutation,818,0.006,1
rome,grafo3566.36,36,44,C,3,5,4,refutation,810,0.005,1
rome,grafo3561.48,48,68,C,5,6,6,refutation,19666,0.027,1
rome,grafo3567.52,52,68,C,5,7,6,refutation,22417,0.036,1
rome,grafo3559.48,48,69,C,5,7,7,refutation,22469,0.078,1
rome,grafo357.14,14,21,C,2,3,3,refutation,24,0.0,1
rome,grafo3570.55,55,66,C,3,5,4,refutation,1704,0.008,1
rome,grafo3564.61,61,79,C,5,7,6,refutation,40896,0.071,1
rome,grafo3557.64,64,85,C,5,7,7,refutation,126095,0.127,1
rome,grafo3571.42,42,56,C,4,6,5,refutation,1334,0.007,1
rome,grafo3573.43,43,58,C,4,6,5,refutation,1579,0.004,1
rome,grafo3574.36,36,45,C,3,5,4,refutation,1222,0.006,1
rome,grafo3576.37,37,49,C,4,4,4,bound,0,0.004,1
rome,grafo3575.41,41,52,C,4,5,5,refutation,3225,0.007,1
rome,grafo3577.40,40,50,C,4,5,5,refutation,2345,0.011,1
rome,grafo3569.56,56,75,C,5,6,6,refutation,22139,0.054,1
rome,grafo358.30,30,39,C,3,3,3,bound,0,0.0,1
rome,grafo3568.55,55,87,C,6,9,9,refutation,119376,0.114,1
rome,grafo3580.44,44,64,C,4,6,6,refutation,9422,0.032,1
rome,grafo3578.58,58,79,C,5,7,7,refutation,41548,0.057,1
rome,grafo3583.47,47,61,C,5,6,5,bound,38,0.002,1
rome,grafo3582.41,41,51,C,4,5,5,refutation,4034,0.014,1
rome,grafo3585.39,39,46,C,3,4,3,bound,62,0.001,1
rome,grafo3586.36,36,41,C,3,3,3,bound,0,0.001,1
rome,grafo3579.52,52,67,C,5,7,6,refutation,20534,0.07,1
rome,grafo3572.53,53,76,C,6,8,7,refutation,31594,0.103,1
rome,grafo3587.36,36,48,C,4,4,4,bound,0,0.001,1
rome,grafo3588.36,36,40,C,3,4,4,refutation,548,0.002,1
rome,grafo359.30,30,37,C,3,4,3,bound,64,0.002,1
rome,grafo3589.56,56,68,C,5,5,5,bound,0,0.005,1
rome,grafo3581.61,61,81,C,5,7,6,refutation,51882,0.066,1
rome,grafo3592.44,44,56,C,4,5,5,refutation,4453,0.018,1
rome,grafo3593.44,44,59,C,4,6,5,refutation,2257,0.005,1
rome,grafo3591.57,57,72,C,4,6,5,refutation,6428,0.022,1
rome,grafo3595.39,39,56,C,4,6,5,refutation,1101,0.003,1
rome,grafo3594.42,42,56,C,3,5,4,refutation,485,0.005,1
rome,grafo3596.37,37,46,C,3,4,4,refutation,426,0.002,1
rome,grafo11557.95,95,133,C,7,12,11,budget,10109663,10.013,1
rome,grafo360.17,17,21,C,3,4,4,refutation,78,0.001,1
rome,grafo3598.55,55,73,C,4,6,6,refutation,7475,0.029,1
rome,grafo3597.49,49,64,C,4,6,6,refutation,14822,0.043,1
rome,grafo3601.44,44,53,C,3,5,4,refutation,1033,0.006,1
rome,grafo3600.43,43,61,C,5,6,6,refutation,9262,0.016,1
rome,grafo3604.37,37,48,C,3,4,4,refutation,767,0.002,1
rome,grafo3603.44,44,66,C,5,7,7,refutation,7728,0.021,1
rome,grafo3606.46,46,54,C,3,4,4,refutation,848,0.003,1
rome,grafo3584.56,56,80,C,6,9,8,refutation,130693,0.126,1
rome,grafo3602.44,44,53,C,3,4,4,refutation,1890,0.005,1
rome,grafo3608.42,42,53,C,4,5,4,bound,31,0.001,1
rome,grafo361.13,13,14,C,2,2,2,bound,0,0.0,1
rome,grafo3609.42,42,55,C,3,5,4,refutation,830,0.003,1
rome,grafo3611.53,53,67,C,4,5,5,refutation,11026,0.02,1
rome,grafo3612.37,37,57,C,5,6,5,bound,38,0.001,1
rome,grafo3543.72,72,103,C,5,9,8,refutation,593445,0.459,1
rome,grafo3613.41,41,54,C,4,5,5,refutation,1648,0.004,1
rome,grafo3615.44,44,56,C,4,6,5,refutation,3587,0.008,1
rome,grafo3382.99,99,129,C,5,8,7,refutation,1350355,1.566,1
rome,grafo3605.35,35,40,C,3,4,3,bound,269,0.001,1
rome,grafo3617.39,39,48,C,3,4,4,refutation,644,0.002,1
rome,grafo3619.33,33,45,C,4,5,5,refutation,604,0.002,1
rome,grafo362.19,19,18,C,1,3,2,refutation,39,0.0,1
rome,grafo3618.38,38,55,C,4,6,5,refutation,1098,0.007,1
rome,grafo3620.38,38,47,C,4,5,4,bound,160,0.001,1
rome,grafo3622.36,36,41,C,3,4,3,bound,215,0.001,1
rome,grafo3621.40,40,50,C,4,5,4,bound,29,0.001,1
rome,grafo3623.39,39,47,C,3,4,4,refutation,540,0.002,1
rome,grafo3624.44,44,54,C,3,4,3,bound,104,0.001,1
rome,grafo3625.55,55,68,C,3,6,5,refutation,5749,0.011,1
rome,grafo3627.37,37,37,C,2,3,2,bound,137,0.001,1
rome,grafo3628.52,52,71,C,4,7,5,refutation,5227,0.01,1
rome,grafo3629.42,42,55,C,4,5,5,refutation,2371,0.005,1
rome,grafo363.10,10,11,C,2,3,3,refutation,13,0.0,1
rome,grafo3599.56,56,80,C,5,7,7,refutation,63681,0.16,1
rome,grafo3626.49,49,61,C,4,6,5,refutation,6862,0.029,1
rome,grafo3631.35,35,41,C,3,4,3,bound,94,0.001,1
rome,grafo3610.57,57,80,C,5,8,7,refutation,73078,0.094,1
rome,grafo3634.40,40,47,C,3,5,4,refutation,968,0.003,1
rome,grafo3633.38,38,63,C,5,6,6,refutation,2669,0.005,1
rome,grafo3635.54,54,70,C,5,6,5,bound,110,0.002,1
rome,grafo3636.46,46,62,C,4,6,4,bound,1570,0.004,1
rome,grafo3637.38,38,48,C,4,6,5,refutation,3121,0.007,1
rome,grafo3630.54,54,69,C,4,6,5,refutation,10840,0.019,1
rome,grafo364.14,14,13,C,1,2,2,refutation,14,0.0,1
rome,grafo3639.42,42,50,C,3,5,4,refutation,1393,0.004,1
rome,grafo3640.41,41,53,C,4,6,5,refutation,2556,0.005,1
rome,grafo3638.57,57,74,C,4,6,5,refutation,6394,0.013,1
rome,grafo3643.36,36,43,C,3,4,4,refutation,747,0.002,1
rome,grafo3644.44,44,54,C,3,5,4,refutation,1177,0.003,1
rome,grafo3614.54,54,75,C,5,8,7,refutation,73152,0.102,1
rome,grafo3646.37,37,50,C,5,5,5,bound,0,0.001,1
rome,grafo3645.35,35,52,C,4,5,5,refutation,920,0.005,1
rome,grafo3616.51,51,73,C,5,7,7,refutation,31410,0.097,1
rome,grafo3647.41,41,58,C,4,6,6,refutation,3522,0.011,1
rome,grafo3649.38,38,54,C,4,5,5,refutation,804,0.005,1
rome,grafo3648.53,53,63,C,3,4,4,refutation,1488,0.01,1
rome,grafo365.40,40,47,C,4,5,4,bound,33,0.001,1
rome,grafo3652.42,42,61,C,5,6,5,bound,893,0.003,1
rome,grafo3607.56,56,91,C,6,9,8,refutation,68037,0.159,1
rome,grafo3654.43,43,58,C,4,5,5,refutation,1535,0.004,1
rome,grafo3650.41,41,54,C,4,5,5,refutation,2099,0.012,1
rome,grafo3655.39,39,52,C,4,5,5,refutation,1823,0.004,1
rome,grafo3657.42,42,56,C,4,6,5,refutation,2620,0.006,1
rome,grafo3641.52,52,71,C,5,7,6,refutation,20575,0.059,1
rome,grafo3651.58,58,74,C,4,6,5,refutation,6221,0.028,1
rome,grafo366.16,16,16,C,2,2,2,bound,0,0.0,1
rome,grafo3632.56,56,88,C,6,8,8,refutation,71868,0.094,1
rome,grafo3659.44,44,55,C,4,5,5,refutation,5491,0.017,1
rome,grafo3660.45,45,60,C,4,6,5,refutation,4198,0.015,1
rome,grafo3662.46,46,52,C,3,5,4,refutation,1585,0.005,1
rome,grafo3661.46,46,56,C,3,4,4,refutation,991,0.003,1
rome,grafo3664.37,37,46,C,3,5,4,refutation,1038,0.003,1
rome,grafo3663.36,36,41,C,3,3,3,bound,0,0.004,1
rome,grafo3667.44,44,54,C,3,5,4,refutation,1283,0.01,1
rome,grafo3656.58,58,75,C,5,6,6,refutation,14856,0.059,1
rome,grafo3658.56,56,78,C,5,7,7,refutation,35349,0.056,1
rome,grafo367.14,14,14,C,2,3,2,bound,12,0.0,1
rome,grafo3669.43,43,52,C,3,5,4,refutation,1446,0.007,1
rome,grafo3590.53,53,78,C,6,8,8,refutation,192322,0.34,1
rome,grafo3671.38,38,47,C,4,5,4,bound,33,0.001,1
rome,grafo3670.41,41,57,C,5,6,5,bound,310,0.002,1
rome,grafo11568.95,95,123,C,5,9,8,budget,15420772,10.011,1
rome,grafo3675.42,42,51,C,3,4,4,refutation,865,0.002,1
rome,grafo3673.40,40,59,C,5,6,6,refutation,3051,0.013,1
rome,grafo3676.38,38,43,C,3,4,4,refutation,815,0.002,1
rome,grafo3678.34,34,42,C,4,5,5,refutation,2899,0.005,1
rome,grafo11569.93,93,136,C,7,11,11,budget,13189120,10.023,1
rome,grafo368.11,11,13,C,3,3,3,bound,0,0.0,1
rome,grafo3679.39,39,43,C,3,4,4,refutation,1996,0.007,1
rome,grafo3681.38,38,48,C,3,4,4,refutation,519,0.002,1
rome,grafo3672.59,59,78,C,4,6,5,refutation,11607,0.047,1
rome,grafo3683.41,41,59,C,5,6,5,bound,188,0.005,1
rome,grafo3666.53,53,93,C,6,10,9,refutation,76032,0.097,1
rome,grafo3668.59,59,77,C,4,6,6,refutation,28522,0.092,1
rome,grafo3686.31,31,36,C,3,3,3,bound,0,0.001,1
rome,grafo3677.51,51,71,C,5,8,6,refutation,14842,0.064,1
rome,grafo3687.41,41,53,C,4,5,5,refutation,2248,0.005,1
rome,grafo3682.49,49,74,C,5,7,7,refutation,31082,0.044,1
rome,grafo369.20,20,28,C,3,4,3,bound,24,0.0,1
rome,grafo3690.38,38,50,C,4,5,5,refutation,1491,0.003,1
rome,grafo3691.41,41,53,C,4,5,5,refutation,1309,0.003,1
rome,grafo3684.50,50,66,C,4,6,6,refutation,17479,0.043,1
rome,grafo3689.49,49,65,C,5,7,6,refutation,11147,0.023,1
rome,grafo3653.60,60,86,C,6,9,8,refutation,228594,0.192,1
rome,grafo3695.39,39,47,C,3,4,4,refutation,597,0.002,1
rome,grafo3693.43,43,58,C,4,6,6,refutation,6698,0.013,1
rome,grafo3696.38,38,50,C,4,5,5,refutation,1639,0.004,1
rome,grafo3692.41,41,59,C,5,7,6,refutation,9395,0.017,1
rome,grafo3694.41,41,59,C,4,6,6,refutation,4873,0.009,1
rome,grafo370.14,14,19,C,3,3,3,bound,0,0.0,1
rome,grafo3700.38,38,44,C,3,4,3,bound,71,0.001,1
rome,grafo3701.41,41,58,C,5,6,5,bound,817,0.003,1
rome,grafo3685.50,50,72,C,6,8,7,refutation,45617,0.066,1
rome,grafo3697.49,49,68,C,5,7,6,refutation,8440,0.016,1
rome,grafo3688.54,54,71,C,4,6,6,refutation,17508,0.054,1
rome,grafo3705.44,44,57,C,4,5,4,bound,563,0.002,1
rome,grafo3702.57,57,70,C,4,6,5,refutation,7635,0.016,1
rome,grafo3665.54,54,77,C,5,8,7,refutation,65873,0.178,1
rome,grafo3703.45,45,67,C,5,6,6,refutation,4752,0.01,1
rome,grafo3707.43,43,54,C,4,5,4,bound,171,0.002,1
rome,grafo371.14,14,13,C,1,2,2,refutation,14,0.0,1
rome,grafo3704.52,52,71,C,4,6,5,refutation,11446,0.021,1
rome,grafo3710.43,43,52,C,4,6,5,refutation,2691,0.007,1
rome,grafo3711.40,40,53,C,3,5,4,refutation,782,0.003,1
rome,grafo3708.38,38,54,C,4,6,5,refutation,4357,0.018,1
rome,grafo3674.59,59,90,C,6,9,8,refutation,110147,0.202,1
rome,grafo3715.35,35,40,C,3,4,3,bound,39,0.001,1
rome,grafo3716.37,37,53,C,4,6,5,refutation,961,0.003,1
rome,grafo3698.56,56,87,C,6,8,7,refutation,34840,0.092,1
rome,grafo3718.43,43,59,C,5,6,5,bound,84,0.002,1
rome,grafo3717.51,51,72,C,4,6,5,refutation,3447,0.009,1
rome,grafo372.27,27,31,C,3,3,3,bound,0,0.001,1
rome,grafo3719.40,40,50,C,4,5,4,bound,298,0.005,1
rome,grafo3720.35,35,47,C,4,5,5,refutation,1766,0.007,1
rome,grafo3721.37,37,57,C,5,6,6,refutation,1909,0.008,1
rome,grafo3722.40,40,58,C,4,6,5,refutation,2406,0.006,1
rome,grafo3724.43,43,54,C,4,5,4,bound,241,0.002,1
rome,grafo3725.37,37,44,C,3,5,4,refutation,1055,0.003,1
rome,grafo3714.52,52,76,C,5,7,7,refutation,19903,0.072,1
rome,grafo11580.93,93,126,C,6,9,9,refutation,12921633,9.954,1
rome,grafo3728.37,37,47,C,4,5,4,bound,318,0.002,1
rome,grafo3729.37,37,45,C,3,4,3,bound,54,0.001,1
rome,grafo373.13,13,19,C,3,3,3,bound,0,0.0,1
rome,grafo3727.39,39,53,C,4,5,5,refutation,1766,0.007,1
rome,grafo3731.47,47,69,C,6,7,6,bound,30,0.004,1
rome,grafo3730.47,47,63,C,4,5,5,refutation,3511,0.007,1
rome,grafo3726.51,51,70,C,5,7,6,refutation,12289,0.04,1
rome,grafo3713.55,55,84,C,6,9,8,refutation,72416,0.123,1
rome,grafo3734.36,36,46,C,4,4,4,bound,0,0.004,1
rome,grafo3709.61,61,85,C,5,8,7,refutation,70951,0.146,1
rome,grafo3723.53,53,73,C,5,7,6,refutation,24299,0.063,1
rome,grafo3642.63,63,92,C,6,8,8,refutation,618282,0.419,1
rome,grafo3738.42,42,47,C,2,4,3,refutation,264,0.002,1
rome,grafo374.18,18,25,C,3,3,3,bound,0,0.0,1
rome,grafo3736.39,39,52,C,4,6,5,refutation,1360,0.008,1
rome,grafo3739.56,56,67,C,3,5,4,refutation,2060,0.005,1
rome,grafo3742.36,36,45,C,3,4,3,bound,246,0.001,1
rome,grafo3743.35,35,47,C,3,5,4,refutation,423,0.002,1
rome,grafo3735.39,39,53,C,4,6,5,refutation,967,0.003,1
rome,grafo3745.41,41,54,C,5,6,5,bound,39,0.001,1
rome,grafo3732.58,58,75,C,4,6,6,refutation,25420,0.086,1
rome,grafo3746.62,62,80,C,4,7,6,refutation,18394,0.034,1
rome,grafo3747.37,37,52,C,4,6,4,bound,673,0.005,1
rome,grafo3740.55,55,71,C,4,7,6,refutation,29937,0.053,1
rome,grafo3744.50,50,72,C,6,8,7,refutation,30166,0.049,1
rome,grafo375.17,17,19,C,2,3,3,refutation,37,0.001,1
rome,grafo3751.40,40,54,C,4,5,5,refutation,1315,0.003,1
rome,grafo3749.42,42,52,C,3,5,4,refutation,2343,0.008,1
rome,grafo3750.53,53,66,C,4,6,5,refutation,5628,0.011,1
rome,grafo3752.38,38,46,C,3,5,4,refutation,727,0.003,1
rome,grafo3754.40,40,45,C,3,4,3,bound,72,0.001,1
rome,grafo3753.40,40,53,C,4,6,5,refutation,951,0.006,1
rome,grafo3755.52,52,72,C,5,6,6,refutation,7383,0.019,1
rome,grafo3757.39,39,62,C,5,7,6,refutation,3921,0.016,1
rome,grafo3758.38,38,56,C,4,6,6,refutation,4317,0.009,1
rome,grafo376.10,10,9,C,1,2,2,refutation,10,0.0,1
rome,grafo3760.56,56,69,C,4,6,5,refutation,6519,0.013,1
rome,grafo3761.45,45,57,C,3,5,4,refutation,1146,0.003,1
rome,grafo3762.39,39,52,C,4,5,5,refutation,1535,0.004,1
rome,grafo3763.53,53,72,C,5,6,6,refutation,9856,0.018,1
rome,grafo3759.53,53,72,C,5,6,6,refutation,21823,0.068,1
rome,grafo3764.45,45,59,C,4,5,5,refutation,4572,0.012,1
rome,grafo3765.38,38,46,C,3,5,5,refutation,3861,0.014,1
rome,grafo3748.54,54,73,C,5,7,7,refutation,53467,0.136,1
rome,grafo3737.54,54,77,C,5,8,8,refutation,81817,0.193,1
rome,grafo3766.38,38,47,C,3,4,4,refutation,509,0.005,1
rome,grafo3768.42,42,53,C,4,4,4,bound,0,0.001,1
rome,grafo3767.36,36,44,C,3,5,4,refutation,468,0.002,1
rome,grafo377.13,13,16,C,2,3,2,bound,16,0.0,1
rome,grafo3770.42,42,51,C,3,4,4,refutation,1346,0.006,1
rome,grafo3771.40,40,53,C,4,6,5,refutation,2844,0.012,1
rome,grafo3769.48,48,63,C,4,6,5,refutation,3631,0.017,1
rome,grafo3773.40,40,54,C,4,5,5,refutation,889,0.006,1
rome,grafo3774.41,41,47,C,3,5,4,refutation,1730,0.01,1
rome,grafo3777.40,40,54,C,4,5,4,bound,153,0.001,1
rome,grafo3778.37,37,43,C,3,4,4,refutation,711,0.002,1
rome,grafo3775.45,45,54,C,4,6,5,refutation,7270,0.026,1
rome,grafo378.14,14,17,C,2,2,2,bound,0,0.0,1
rome,grafo3776.53,53,77,C,4,7,6,refutation,6731,0.026,1
rome,grafo3780.50,50,63,C,4,6,5,refutation,3451,0.014,1
rome,grafo3782.34,34,43,C,3,4,4,refutation,264,0.001,1
rome,grafo3781.41,41,58,C,5,7,6,refutation,5712,0.023,1
rome,grafo3784.36,36,46,C,4,5,5,refutation,1677,0.007,1
rome,grafo3779.52,52,67,C,4,6,6,refutation,10280,0.036,1
rome,grafo3786.41,41,50,C,3,4,4,refutation,980,0.003,1
rome,grafo3783.46,46,58,C,4,5,5,refutation,2262,0.01,1
rome,grafo3788.38,38,45,C,3,5,4,refutation,986,0.007,1
rome,grafo11591.93,93,135,C,7,11,9,budget,12485507,10.008,1
rome,grafo379.15,15,17,C,2,2,2,bound,0,0.0,1
rome,grafo3785.54,54,70,C,5,6,6,refutation,24069,0.048,1
rome,grafo3787.61,61,73,C,4,6,5,refutation,12012,0.041,1
rome,grafo3792.39,39,49,C,3,4,4,refutation,580,0.002,1
rome,grafo3772.56,56,83,C,5,8,7,refutation,54923,0.145,1
rome,grafo3793.39,39,53,C,4,5,5,refutation,1393,0.006,1
rome,grafo3794.41,41,52,C,4,6,4,bound,65,0.002,1
rome,grafo3795.56,56,62,C,3,4,4,refutation,2193,0.009,1
rome,grafo3790.51,51,74,C,6,8,7,refutation,30609,0.047,1
rome,grafo3796.44,44,62,C,4,6,5,refutation,1867,0.008,1
rome,grafo3733.62,62,91,C,6,9,8,refutation,359114,0.379,1
rome,grafo3798.41,41,50,C,4,5,4,bound,29,0.001,1
rome,grafo380.21,21,25,C,2,3,3,refutation,65,0.0,1
rome,grafo3800.42,42,51,C,3,4,4,refutation,1472,0.003,1
rome,grafo3801.43,43,52,C,3,5,4,refutation,1196,0.003,1
rome,grafo3791.57,57,78,C,5,7,6,refutation,18024,0.039,1
rome,grafo3804.40,40,49,C,3,5,4,refutation,1276,0.003,1
rome,grafo3805.37,37,49,C,3,4,4,refutation,417,0.002,1
rome,grafo3803.40,40,56,C,5,6,6,refutation,4475,0.008,1
rome,grafo3802.41,41,57,C,4,6,6,refutation,5241,0.009,1
rome,grafo3807.38,38,46,C,4,5,4,bound,29,0.001,1
rome,grafo3806.47,47,52,C,3,4,3,bound,516,0.002,1
rome,grafo381.21,21,23,C,2,3,3,refutation,106,0.0,1
rome,grafo3809.43,43,48,C,4,5,4,bound,78,0.001,1
rome,grafo3810.52,52,64,C,4,6,5,refutation,5815,0.012,1
rome,grafo3811.54,54,77,C,4,7,6,refutation,13272,0.022,1
rome,grafo3813.39,39,50,C,4,5,4,bound,473,0.002,1
rome,grafo3812.44,44,63,C,5,6,6,refutation,8760,0.016,1
rome,grafo3814.39,39,46,C,3,4,4,refutation,949,0.002,1
rome,grafo3789.56,56,79,C,4,7,7,refutation,42035,0.121,1
rome,grafo3799.44,44,66,C,5,7,7,refutation,19027,0.066,1
rome,grafo3816.42,42,61,C,5,6,6,refutation,6313,0.024,1
rome,grafo3819.52,52,67,C,4,6,6,refutation,19484,0.051,1
rome,grafo382.15,15,17,C,2,3,2,bound,13,0.0,1
rome,grafo3820.42,42,52,C,3,4,4,refutation,873,0.002,1
rome,grafo3815.55,55,76,C,5,7,7,refutation,54965,0.095,1
rome,grafo3818.57,57,77,C,5,6,6,refutation,29700,0.095,1
rome,grafo3823.37,37,46,C,4,5,4,bound,974,0.006,1
rome,grafo3824.43,43,59,C,4,6,5,refutation,2085,0.011,1
rome,grafo3797.55,55,79,C,5,8,7,refutation,90340,0.192,1
rome,grafo3821.55,55,87,C,5,8,8,refutation,46664,0.06,1
rome,grafo3827.42,42,55,C,4,5,5,refutation,2528,0.005,1
rome,grafo3828.38,38,40,C,2,3,3,refutation,399,0.001,1
rome,grafo3829.43,43,61,C,4,5,5,refutation,1436,0.003,1
rome,grafo383.12,12,14,C,3,3,3,bound,0,0.0,1
rome,grafo3826.51,51,63,C,4,6,5,refutation,6567,0.025,1
rome,grafo3830.39,39,50,C,3,5,4,refutation,1226,0.003,1
rome,grafo3831.44,44,52,C,3,5,4,refutation,1924,0.007,1
rome,grafo3825.49,49,66,C,5,6,6,refutation,18863,0.053,1
rome,grafo3832.52,52,71,C,4,7,6,refutation,15798,0.025,1
rome,grafo3835.39,39,50,C,4,5,4,bound,44,0.001,1
rome,grafo3834.55,55,80,C,4,6,6,refutation,5499,0.011,1
rome,grafo3837.37,37,52,C,4,5,4,bound,491,0.002,1
rome,grafo3838.45,45,56,C,4,6,5,refutation,3916,0.008,1
rome,grafo3839.44,44,53,C,3,4,4,refutation,1005,0.003,1
rome,grafo384.19,19,24,C,3,3,3,bound,0,0.0,1
rome,grafo3833.55,55,68,C,4,5,5,refutation,8619,0.035,1
rome,grafo3840.45,45,59,C,4,6,5,refutation,5430,0.025,1
rome,grafo3842.34,34,40,C,3,4,3,bound,96,0.001,1
rome,grafo3817.58,58,87,C,7,8,8,refutation,110287,0.236,1
rome,grafo3843.44,44,61,C,4,6,5,refutation,4123,0.014,1
rome,grafo3841.57,57,77,C,5,8,6,refutation,11629,0.048,1
rome,grafo3845.54,54,75,C,4,6,6,refutation,15077,0.05,1
rome,grafo3847.35,35,38,C,2,3,3,refutation,188,0.001,1
rome,grafo3846.47,47,65,C,5,6,6,refutation,16528,0.056,1
rome,grafo3848.38,38,48,C,3,4,4,refutation,392,0.002,1
rome,grafo385.17,17,24,C,4,4,4,bound,0,0.003,1
rome,grafo3849.39,39,50,C,4,5,5,refutation,2094,0.008,1
rome,grafo3836.53,53,92,C,6,9,9,refutation,196472,0.155,1
rome,grafo3850.54,54,68,C,4,6,5,refutation,3759,0.018,1
rome,grafo3852.52,52,68,C,5,7,6,refutation,24603,0.036,1
rome,grafo3854.46,46,65,C,5,6,5,bound,211,0.002,1
rome,grafo3844.52,52,78,C,6,8,7,refutation,51153,0.152,1
rome,grafo3856.38,38,56,C,5,6,6,refutation,5113,0.018,1
rome,grafo3857.39,39,51,C,4,5,4,bound,293,0.002,1
rome,grafo3853.61,61,79,C,5,7,6,refutation,29224,0.101,1
rome,grafo3859.39,39,53,C,4,6,5,refutation,1668,0.009,1
rome,grafo386.15,15,24,C,4,4,4,bound,0,0.0,1
rome,grafo3860.42,42,47,C,3,4,4,refutation,1443,0.009,1
rome,grafo3855.60,60,78,C,5,7,6,refutation,67300,0.08,1
rome,grafo3862.36,36,41,C,4,5,4,bound,28,0.001,1
rome,grafo3863.37,37,43,C,3,4,3,bound,34,0.001,1
rome,grafo3864.35,35,42,C,4,5,5,refutation,1852,0.004,1
rome,grafo3858.54,54,68,C,4,6,6,refutation,16154,0.055,1
rome,grafo3865.42,42,56,C,3,5,4,refutation,617,0.002,1
rome,grafo3866.35,35,43,C,4,5,4,bound,29,0.001,1
rome,grafo3851.57,57,77,C,5,8,7,refutation,44413,0.158,1
rome,grafo3869.58,58,73,C,5,6,5,bound,117,0.005,1
rome,grafo3868.45,45,51,C,3,5,4,refutation,1652,0.01,1
rome,grafo387.13,13,15,C,2,3,3,refutation,26,0.0,1
rome,grafo3870.38,38,54,C,4,6,5,refutation,1574,0.007,1
rome,grafo3872.35,35,42,C,3,4,4,refutation,596,0.002,1
rome,grafo3873.41,41,51,C,3,5,4,refutation,713,0.005,1
rome,grafo3874.40,40,46,C,3,4,4,refutation,799,0.005,1
rome,grafo3875.43,43,49,C,3,4,3,bound,254,0.002,1
rome,grafo3867.59,59,80,C,5,8,7,refutation,58949,0.071,1
rome,grafo3877.33,33,51,C,4,6,5,refutation,1126,0.003,1
rome,grafo3878.45,45,55,C,3,5,4,refutation,746,0.002,1
rome,grafo3706.64,64,94,C,6,9,9,refutation,1276530,1.234,1
rome,grafo388.13,13,16,C,3,3,3,bound,0,0.0,1
rome,grafo3880.32,32,41,C,3,4,4,refutation,292,0.001,1
rome,grafo3881.39,39,61,C,5,6,6,refutation,2208,0.008,1
rome,grafo3882.41,41,52,C,3,5,4,refutation,763,0.002,1
rome,grafo3883.42,42,65,C,5,6,6,refutation,3956,0.014,1
rome,grafo3884.39,39,56,C,4,6,5,refutation,1071,0.006,1
rome,grafo3885.40,40,51,C,4,5,5,refutation,1920,0.01,1
rome,grafo3886.40,40,52,C,3,5,5,refutation,3096,0.012,1
rome,grafo3887.38,38,52,C,4,5,5,refutation,1405,0.006,1
rome,grafo3888.38,38,53,C,4,6,5,refutation,1753,0.005,1
rome,grafo3889.41,41,55,C,4,6,5,refutation,2215,0.011,1
rome,grafo389.19,19,26,C,3,3,3,bound,0,0.0,1
rome,grafo3143.94,94,132,C,7,9,8,refutation,4374173,4.944,1
rome,grafo3891.39,39,49,C,4,5,5,refutation,2480,0.004,1
rome,grafo3892.35,35,41,C,3,4,3,bound,32,0.001,1
rome,grafo3893.40,40,44,C,3,5,4,refutation,1800,0.003,1
rome,grafo3894.45,45,57,C,3,4,4,refutation,1112,0.003,1
rome,grafo3895.42,42,55,C,4,5,5,refutation,1744,0.003,1
rome,grafo3896.38,38,50,C,4,5,4,bound,90,0.001,1
rome,grafo3897.38,38,48,C,3,4,3,bound,38,0.001,1
rome,grafo11602.95,95,131,C,6,10,9,budget,11536149,10.018,1
rome,grafo3899.38,38,54,C,4,7,5,refutation,2520,0.01,1
rome,grafo390.13,13,13,C,2,2,2,bound,0,0.0,1
rome,grafo3900.43,43,60,C,4,6,5,refutation,3619,0.013,1
rome,grafo3901.32,32,38,C,3,4,4,refutation,451,0.007,1
rome,grafo3902.39,39,53,C,4,6,5,refutation,3492,0.013,1
rome,grafo3464.93,93,124,C,6,10,8,refutation,2528991,3.572,1
rome,grafo3904.57,57,67,C,3,5,5,refutation,16807,0.05,1
rome,grafo3905.36,36,45,C,3,5,4,refutation,410,0.005,1
rome,grafo3400.93,93,124,C,6,9,8,refutation,4487166,4.031,1
rome,grafo3907.33,33,42,C,4,4,4,bound,0,0.001,1
rome,grafo3906.49,49,61,C,3,5,4,refutation,1251,0.01,1
rome,grafo3903.59,59,83,C,5,7,7,refutation,50476,0.119,1
rome,grafo391.15,15,20,C,3,3,3,bound,0,0.0,1
rome,grafo3908.41,41,57,C,5,6,6,refutation,4098,0.015,1
rome,grafo3911.34,34,44,C,4,5,4,bound,207,0.001,1
rome,grafo3910.41,41,49,C,4,5,4,bound,69,0.001,1
rome,grafo3912.54,54,68,C,4,6,5,refutation,7580,0.03,1
rome,grafo3914.42,42,53,C,4,4,4,bound,0,0.001,1
rome,grafo3915.38,38,44,C,3,4,4,refutation,1620,0.009,1
rome,grafo3913.43,43,65,C,5,8,7,refutation,15210,0.046,1
rome,grafo3916.40,40,51,C,4,5,5,refutation,1874,0.007,1
rome,grafo3918.42,42,56,C,4,6,4,bound,110,0.001,1
rome,grafo3917.38,38,58,C,4,6,6,refutation,3292,0.009,1
rome,grafo392.13,13,13,C,2,2,2,bound,0,0.0,1
rome,grafo3919.38,38,53,C,4,5,5,refutation,834,0.005,1
rome,grafo3920.39,39,47,C,2,4,3,refutation,255,0.002,1
rome,grafo3921.34,34,46,C,4,5,5,refutation,1479,0.006,1
rome,grafo3922.39,39,50,C,3,5,4,refutation,677,0.006,1
rome,grafo3923.35,35,45,C,4,5,5,refutation,955,0.005,1
rome,grafo3924.44,44,53,C,3,5,4,refutation,1027,0.006,1
rome,grafo3926.54,54,69,C,4,6,6,refutation,15112,0.024,1
rome,grafo3927.45,45,55,C,4,6,5,refutation,6065,0.01,1
rome,grafo3928.44,44,52,C,4,4,4,bound,0,0.001,1
rome,grafo3929.62,62,76,C,4,6,5,refutation,9007,0.016,1
rome,grafo393.13,13,18,C,3,3,3,bound,0,0.0,1
rome,grafo3930.37,37,43,C,2,3,3,refutation,149,0.001,1
rome,grafo3931.37,37,47,C,4,6,6,refutation,5743,0.009,1
rome,grafo3932.38,38,48,C,3,4,4,refutation,482,0.002,1
rome,grafo3933.43,43,57,C,5,7,6,refutation,8088,0.013,1
rome,grafo11616.91,91,130,C,7,11,11,budget,12521472,10.008,1
rome,grafo3934.44,44,57,C,4,6,5,refutation,6066,0.011,1
rome,grafo3936.39,39,58,C,4,6,5,refutation,519,0.002,1
rome,grafo3937.58,58,70,C,3,4,4,refutation,1286,0.004,1
rome,grafo3938.43,43,53,C,4,6,5,refutation,3667,0.007,1
rome,grafo3939.39,39,50,C,3,5,4,refutation,917,0.003,1
rome,grafo394.11,11,15,C,3,3,3,bound,0,0.0,1
rome,grafo3940.41,41,59,C,4,6,5,refutation,1563,0.003,1
rome,grafo3941.40,40,48,C,3,4,4,refutation,1154,0.002,1
rome,grafo3942.40,40,50,C,4,6,4,bound,590,0.002,1
rome,grafo3943.51,51,70,C,5,7,6,refutation,11857,0.02,1
rome,grafo3944.39,39,54,C,4,6,5,refutation,1039,0.003,1
rome,grafo11624.96,96,129,C,6,11,11,budget,11087872,10.028,1
rome,grafo3945.59,59,73,C,4,6,6,refutation,31051,0.058,1
rome,grafo3946.37,37,47,C,3,4,4,refutation,315,0.002,1
rome,grafo3947.43,43,63,C,5,6,6,refutation,5871,0.023,1
rome,grafo11635.92,92,128,C,5,10,10,budget,13959168,10.009,1
rome,grafo3948.47,47,66,C,5,7,7,refutation,20582,0.067,1
rome,grafo395.35,35,46,C,4,5,4,bound,39,0.001,1
rome,grafo3951.39,39,58,C,4,6,5,refutation,2441,0.005,1
rome,grafo3952.33,33,39,C,3,4,4,refutation,451,0.001,1
rome,grafo3953.36,36,48,C,4,5,4,bound,46,0.001,1
rome,grafo3954.37,37,51,C,4,5,4,bound,496,0.002,1
rome,grafo3510.96,96,123,C,5,8,7,refutation,2746915,3.629,1
rome,grafo3956.38,38,54,C,4,6,5,refutation,2126,0.005,1
rome,grafo3950.55,55,74,C,5,6,6,refutation,9485,0.039,1
rome,grafo3955.55,55,72,C,5,6,6,refutation,16658,0.026,1
rome,grafo3935.64,64,85,C,5,8,7,refutation,254375,0.231,1
rome,grafo3959.42,42,50,C,3,5,4,refutation,1143,0.003,1
rome,grafo396.15,15,17,C,2,2,2,bound,0,0.0,1
rome,grafo3960.36,36,41,C,3,3,3,bound,0,0.001,1
rome,grafo3962.39,39,50,C,4,5,4,bound,101,0.001,1
rome,grafo3963.47,47,57,C,4,5,5,refutation,4539,0.008,1
rome,grafo3964.38,38,48,C,4,5,4,bound,37,0.001,1
rome,grafo3949.53,53,74,C,5,7,7,refutation,37866,0.057,1
rome,grafo3966.38,38,42,C,3,3,3,bound,0,0.001,1
rome,grafo3965.57,57,70,C,4,6,5,refutation,6505,0.012,1
rome,grafo3968.38,38,45,C,3,5,3,bound,88,0.001,1
rome,grafo3958.51,51,62,C,3,6,5,refutation,11820,0.045,1
rome,grafo3969.54,54,70,C,4,5,5,refutation,4355,0.009,1
rome,grafo397.11,11,12,C,2,2,2,bound,0,0.0,1
rome,grafo3925.65,65,91,C,5,8,8,refutation,372823,0.385,1
rome,grafo3971.44,44,48,C,3,4,4,refutation,1494,0.01,1
rome,grafo3972.43,43,59,C,4,6,6,refutation,8462,0.014,1
rome,grafo3974.37,37,52,C,4,5,5,refutation,1290,0.003,1
rome,grafo3973.53,53,69,C,4,6,5,refutation,2551,0.013,1
rome,grafo3975.38,38,52,C,4,5,5,refutation,2796,0.005,1
rome,grafo3977.37,37,45,C,3,4,4,refutation,668,0.005,1
rome,grafo3976.38,38,53,C,5,6,6,refutation,3360,0.013,1
rome,grafo3978.47,47,54,C,3,5,4,refutation,1497,0.004,1
rome,grafo398.26,26,27,C,2,3,2,bound,20,0.0,1
rome,grafo3957.57,57,80,C,5,8,7,refutation,110665,0.125,1
rome,grafo3970.56,56,77,C,5,8,7,refutation,56274,0.067,1
rome,grafo3980.54,54,70,C,4,6,5,refutation,5330,0.013,1
rome,grafo3981.43,43,53,C,4,6,5,refutation,4027,0.008,1
rome,grafo3984.39,39,49,C,4,6,5,refutation,1424,0.004,1
rome,grafo3985.34,34,39,C,3,4,3,bound,32,0.001,1
rome,grafo3986.40,40,57,C,5,7,6,refutation,5366,0.011,1
rome,grafo3987.40,40,56,C,4,6,5,refutation,3432,0.007,1
rome,grafo3988.43,43,57,C,5,6,5,bound,160,0.002,1
rome,grafo3989.43,43,56,C,4,5,5,refutation,1610,0.004,1
rome,grafo399.15,15,16,C,2,3,3,refutation,30,0.0,1
rome,grafo3990.39,39,46,C,2,4,3,refutation,124,0.001,1
rome,grafo3982.53,53,88,C,6,9,8,refutation,113374,0.118,1
rome,grafo3991.57,57,81,C,5,7,7,refutation,64486,0.079,1
rome,grafo3961.70,70,96,C,5,8,7,refutation,223001,0.238,1
rome,grafo3992.44,44,61,C,5,7,6,refutation,10091,0.016,1
rome,grafo3994.39,39,52,C,4,5,4,bound,34,0.001,1
rome,grafo3996.35,35,47,C,4,6,5,refutation,1464,0.009,1
rome,grafo3967.59,59,87,C,6,9,8,refutation,212885,0.275,1
rome,grafo3998.48,48,56,C,3,5,3,bound,851,0.003,1
rome,grafo3993.52,52,82,C,5,9,8,refutation,63429,0.086,1
rome,grafo3997.40,40,56,C,4,5,5,refutation,1453,0.008,1
rome,grafo400.16,16,17,C,2,3,2,bound,14,0.0,1
rome,grafo4000.35,35,41,C,3,4,4,refutation,470,0.004,1
rome,grafo4001.41,41,51,C,3,5,4,refutation,1511,0.004,1
rome,grafo4003.53,53,72,C,5,6,6,refutation,9279,0.018,1
rome,grafo4004.41,41,48,C,3,4,4,refutation,1155,0.003,1
rome,grafo4005.39,39,52,C,4,6,5,refutation,1570,0.004,1
rome,grafo3999.42,42,61,C,5,8,7,refutation,16903,0.053,1
rome,grafo4006.54,54,64,C,3,5,4,refutation,2128,0.005,1
rome,grafo4007.37,37,47,C,4,6,5,refutation,1335,0.006,1
rome,grafo4009.43,43,55,C,4,6,5,refutation,3308,0.012,1
rome,grafo401.11,11,13,C,3,3,3,bound,0,0.0,1
rome,grafo4008.62,62,79,C,4,6,6,refutation,18726,0.032,1
rome,grafo4010.40,40,52,C,3,5,4,refutation,772,0.005,1
rome,grafo4011.48,48,62,C,4,6,5,refutation,3345,0.007,1
rome,grafo4013.38,38,49,C,4,6,5,refutation,2208,0.005,1
rome,grafo4012.49,49,65,C,5,7,6,refutation,9962,0.023,1
rome,grafo4014.43,43,60,C,5,6,5,bound,3055,0.006,1
rome,grafo4016.54,54,65,C,4,5,4,bound,130,0.002,1
rome,grafo11647.90,90,130,C,7,11,11,budget,11800576,10.018,1
rome,grafo4015.47,47,66,C,4,6,5,refutation,2283,0.008,1
rome,grafo4019.40,40,46,C,3,3,3,bound,0,0.001,1
rome,grafo402.10,10,10,C,2,2,2,bound,0,0.0,1
rome,grafo11648.90,90,131,C,6,10,9,budget,10314810,10.02,1
rome,grafo4020.40,40,50,C,4,5,4,bound,155,0.001,1
rome,grafo4018.48,48,60,C,3,5,4,refutation,2026,0.008,1
rome,grafo4021.40,40,51,C,4,5,4,bound,56,0.001,1
rome,grafo4022.44,44,63,C,4,6,5,refutation,1600,0.004,1
rome,grafo4017.44,44,60,C,4,7,6,refutation,9300,0.017,1
rome,grafo4026.43,43,55,C,4,5,5,refutation,5577,0.01,1
rome,grafo4024.42,42,55,C,4,6,5,refutation,4949,0.018,1
rome,grafo4023.43,43,62,C,5,6,6,refutation,5412,0.02,1
rome,grafo4027.45,45,54,C,3,5,4,refutation,759,0.003,1
rome,grafo4028.39,39,44,C,3,4,3,bound,64,0.001,1
rome,grafo403.14,14,15,C,2,2,2,bound,0,0.0,1
rome,grafo4029.34,34,40,C,2,4,3,refutation,167,0.004,1
rome,grafo4032.42,42,51,C,4,5,4,bound,192,0.001,1
rome,grafo4031.41,41,62,C,5,7,6,refutation,3944,0.015,1
rome,grafo4034.40,40,47,C,4,4,4,bound,0,0.001,1
rome,grafo4033.42,42,64,C,5,7,6,refutation,3130,0.013,1
rome,grafo4036.45,45,52,C,2,4,3,refutation,354,0.002,1
rome,grafo4035.40,40,54,C,4,5,5,refutation,2353,0.005,1
rome,grafo4030.52,52,65,C,4,6,5,refutation,6952,0.029,1
rome,grafo4037.35,35,40,C,3,4,3,bound,26,0.001,1
rome,grafo3472.92,92,120,C,5,8,8,refutation,4269812,4.564,1
rome,grafo404.12,12,13,C,2,2,2,bound,0,0.0,1
rome,grafo4040.30,30,36,C,2,3,3,refutation,94,0.001,1
rome,grafo4038.40,40,53,C,4,5,5,refutation,1574,0.009,1
rome,grafo4042.43,43,47,C,2,4,3,refutation,369,0.005,1
rome,grafo4043.37,37,47,C,4,5,4,bound,44,0.004,1
rome,grafo4045.42,42,56,C,4,6,5,refutation,1691,0.009,1
rome,grafo4044.52,52,71,C,4,7,6,refutation,7464,0.021,1
rome,grafo4047.41,41,48,C,3,4,3,bound,42,0.001,1
rome,grafo4046.49,49,67,C,5,6,5,bound,820,0.005,1
rome,grafo4048.38,38,46,C,3,4,4,refutation,649,0.002,1
rome,grafo4049.37,37,51,C,5,6,5,bound,324,0.002,1
rome,grafo4050.35,35,43,C,3,5,4,refutation,469,0.002,1
rome,grafo405.16,16,17,C,2,3,3,refutation,51,0.0,1
rome,grafo4051.37,37,54,C,4,5,4,bound,629,0.005,1
rome,grafo4041.57,57,66,C,4,6,5,refutation,16249,0.054,1
rome,grafo4052.41,41,56,C,4,6,5,refutation,3108,0.012,1
rome,grafo4054.40,40,53,C,4,5,4,bound,345,0.005,1
rome,grafo4055.43,43,61,C,5,6,5,bound,227,0.002,1
rome,grafo4057.43,43,46,C,2,3,3,refutation,460,0.002,1
rome,grafo4056.37,37,50,C,4,5,5,refutation,2009,0.008,1
rome,grafo4002.55,55,82,C,5,8,8,refutation,144390,0.247,1
rome,grafo4058.37,37,42,C,3,4,3,bound,59,0.005,1
rome,grafo406.13,13,15,C,2,3,3,refutation,19,0.0,1
rome,grafo4053.43,43,58,C,4,6,6,refutation,7495,0.026,1
rome,grafo4061.39,39,47,C,3,5,4,refutation,712,0.005,1
rome,grafo4060.39,39,50,C,4,6,5,refutation,1606,0.006,1
rome,grafo4059.48,48,64,C,3,6,5,refutation,3873,0.018,1
rome,grafo4065.39,39,47,C,4,5,4,bound,73,0.001,1
rome,grafo4064.59,59,70,C,3,5,4,refutation,1646,0.008,1
rome,grafo4067.44,44,54,C,4,5,4,bound,36,0.001,1
rome,grafo4066.39,39,53,C,4,6,5,refutation,2368,0.008,1
rome,grafo4068.38,38,49,C,4,6,5,refutation,2093,0.008,1
rome,grafo407.10,10,9,C,1,2,2,refutation,10,0.0,1
rome,grafo4069.50,50,64,C,4,6,5,refutation,2595,0.013,1
rome,grafo4070.36,36,43,C,3,5,4,refutation,738,0.004,1
rome,grafo4072.44,44,51,C,3,5,4,refutation,1565,0.007,1
rome,grafo4073.40,40,42,C,2,4,2,bound,104,0.001,1
rome,grafo4025.52,52,74,C,5,8,8,refutation,255319,0.209,1
rome,grafo4074.42,42,54,C,4,5,5,refutation,2970,0.012,1
rome,grafo4071.43,43,60,C,5,7,6,refutation,9021,0.033,1
rome,grafo4076.48,48,61,C,3,5,4,refutation,1472,0.007,1
rome,grafo4077.40,40,51,C,4,5,4,bound,376,0.002,1
rome,grafo4063.45,45,69,C,5,7,7,refutation,23550,0.076,1
rome,grafo408.11,11,10,C,1,1,1,bound,0,0.0,1
rome,grafo4080.37,37,57,C,5,6,6,refutation,1947,0.009,1
rome,grafo4075.52,52,66,C,4,7,6,refutation,20955,0.034,1
rome,grafo4081.40,40,46,C,3,5,4,refutation,1435,0.01,1
rome,grafo4078.49,49,69,C,5,7,6,refutation,12918,0.045,1
rome,grafo4079.53,53,62,C,4,6,5,refutation,11542,0.041,1
rome,grafo4085.35,35,51,C,5,5,5,bound,0,0.001,1
rome,grafo4084.41,41,56,C,4,4,4,bound,0,0.001,1
rome,grafo4083.57,57,78,C,4,7,6,refutation,11265,0.031,1
rome,grafo4088.45,45,56,C,4,6,5,refutation,5196,0.009,1
rome,grafo4062.56,56,87,C,6,8,7,refutation,51200,0.15,1
rome,grafo409.19,19,22,C,3,3,3,bound,0,0.0,1
rome,grafo4090.43,43,62,C,4,6,5,refutation,981,0.006,1
rome,grafo4086.46,46,55,C,3,5,5,refutation,4687,0.022,1
rome,grafo4092.38,38,49,C,4,5,5,refutation,1841,0.007,1
rome,grafo4082.60,60,81,C,5,8,7,refutation,175179,0.139,1
rome,grafo4094.40,40,51,C,4,5,4,bound,31,0.001,1
rome,grafo4093.39,39,56,C,4,6,6,refutation,5555,0.02,1
rome,grafo4095.56,56,79,C,5,6,6,refutation,12813,0.02,1
rome,grafo4097.39,39,55,C,4,6,6,refutation,6382,0.011,1
rome,grafo4096.42,42,65,C,5,7,6,refutation,4304,0.021,1
rome,grafo4098.39,39,45,C,3,4,3,bound,246,0.001,1
rome,grafo410.14,14,16,C,3,3,3,bound,0,0.0,1
rome,grafo4099.39,39,39,C,2,3,3,refutation,361,0.002,1
rome,grafo4089.57,57,80,C,5,7,7,refutation,97942,0.135,1
rome,grafo4100.56,56,75,C,4,7,6,refutation,19729,0.028,1
rome,grafo4103.52,52,65,C,4,5,4,bound,479,0.002,1
rome,grafo4104.39,39,55,C,4,5,5,refutation,1071,0.003,1
rome,grafo4105.40,40,43,C,2,3,3,refutation,270,0.001,1
rome,grafo4102.42,42,62,C,5,7,6,refutation,12293,0.043,1
rome,grafo4107.37,37,49,C,4,6,5,refutation,1543,0.009,1
rome,grafo4106.62,62,79,C,5,7,6,refutation,59840,0.075,1
rome,grafo4108.41,41,52,C,4,6,5,refutation,2929,0.012,1
rome,grafo411.16,16,23,C,3,4,3,bound,14,0.0,1
rome,grafo11657.100,100,131,C,5,10,9,budget,12918852,10.01,1
rome,grafo4110.38,38,52,C,3,5,4,refutation,437,0.002,1
rome,grafo4111.35,35,50,C,4,6,5,refutation,573,0.002,1
rome,grafo4112.34,34,40,C,2,4,3,refutation,209,0.004,1
rome,grafo4109.51,51,75,C,6,8,7,refutation,36617,0.05,1
rome,grafo4087.65,65,94,C,6,8,7,refutation,127305,0.323,1
rome,grafo4113.59,59,84,C,5,7,7,refutation,34383,0.047,1
rome,grafo4114.58,58,81,C,5,7,6,refutation,30039,0.07,1
rome,grafo4118.66,66,79,C,4,6,5,refutation,16930,0.029,1
rome,grafo4115.57,57,80,C,5,7,7,refutation,83104,0.082,1
rome,grafo412.23,23,27,C,2,3,3,refutation,75,0.001,1
rome,grafo4039.60,60,90,C,6,10,9,refutation,888066,0.642,1
rome,grafo4117.56,56,73,C,5,7,7,refutation,67136,0.15,1
rome,grafo4121.65,65,81,C,5,7,7,refutation,130002,0.135,1
rome,grafo4122.55,55,80,C,5,6,6,refutation,17665,0.05,1
rome,grafo3983.97,97,125,C,5,8,7,refutation,1492347,1.179,1
rome,grafo4125.55,55,74,C,5,6,5,bound,51,0.002,1
rome,grafo4124.59,59,82,C,5,7,6,refutation,20431,0.032,1
rome,grafo4127.59,59,79,C,5,6,6,refutation,24161,0.036,1
rome,grafo4128.61,61,88,C,5,7,6,refutation,17746,0.029,1
rome,grafo4126.72,72,89,C,4,7,6,refutation,104623,0.107,1
rome,grafo413.20,20,24,C,3,3,3,bound,0,0.0,1
rome,grafo4130.57,57,79,C,4,7,6,refutation,25488,0.038,1
rome,grafo4116.60,60,88,C,6,9,8,refutation,357315,0.521,1
rome,grafo4132.54,54,66,C,3,5,4,refutation,2953,0.012,1
rome,grafo4123.77,77,108,C,5,8,7,refutation,288321,0.335,1
rome,grafo4134.57,57,84,C,5,6,6,refutation,12852,0.044,1
rome,grafo4120.76,76,99,C,4,8,7,refutation,383612,0.62,1
rome,grafo4133.58,58,89,C,6,8,8,refutation,193951,0.328,1
rome,grafo4136.63,63,98,C,5,9,8,refutation,211123,0.2,1
rome,grafo4138.60,60,83,C,5,7,7,refutation,31029,0.046,1
rome,grafo4139.64,64,85,C,4,7,6,refutation,40556,0.052,1
rome,grafo414.14,14,14,C,2,3,2,bound,12,0.0,1
rome,grafo4140.54,54,67,C,4,6,5,refutation,8572,0.014,1
rome,grafo4141.64,64,79,C,4,7,6,refutation,70345,0.079,1
rome,grafo4142.53,53,74,C,5,7,6,refutation,15150,0.023,1
rome,grafo4143.60,60,72,C,4,5,4,bound,53,0.002,1
rome,grafo4135.68,68,96,C,6,9,8,refutation,400952,0.507,1
rome,grafo4131.78,78,108,C,6,8,8,refutation,1038942,0.74,1
rome,grafo4145.57,57,72,C,3,5,4,refutation,3040,0.007,1
rome,grafo4146.50,50,61,C,4,5,5,refutation,8223,0.014,1
rome,grafo4129.78,78,108,C,5,8,8,refutation,1245190,1.008,1
rome,grafo4149.60,60,80,C,4,6,5,refutation,4282,0.018,1
rome,grafo415.17,17,24,C,3,3,3,bound,0,0.0,1
rome,grafo4150.64,64,93,C,6,8,7,refutation,66937,0.102,1
rome,grafo4151.58,58,75,C,4,6,5,refutation,5913,0.011,1
rome,grafo4152.70,70,90,C,4,6,5,refutation,9836,0.017,1
rome,grafo4153.67,67,94,C,6,7,7,refutation,139555,0.118,1
rome,grafo4154.51,51,65,C,4,6,5,refutation,5854,0.01,1
rome,grafo4155.63,63,73,C,3,5,4,refutation,4691,0.009,1
rome,grafo4156.75,75,102,C,5,7,6,refutation,65811,0.08,1
rome,grafo4144.83,83,110,C,5,8,7,refutation,744683,0.626,1
rome,grafo4148.78,78,105,C,5,9,8,refutation,786901,0.592,1
rome,grafo4159.50,50,66,C,4,5,5,refutation,1671,0.004,1
rome,grafo416.18,18,18,C,2,2,2,bound,0,0.0,1
rome,grafo4157.67,67,87,C,5,7,6,refutation,34377,0.048,1
rome,grafo4160.51,51,70,C,5,6,6,refutation,11227,0.019,1
rome,grafo3741.95,95,120,C,5,9,8,refutation,4021573,5.402,1
rome,grafo4161.55,55,73,C,5,6,6,refutation,31575,0.041,1
rome,grafo4162.63,63,81,C,4,6,6,refutation,28477,0.044,1
rome,grafo4164.51,51,65,C,4,6,5,refutation,6809,0.012,1
rome,grafo4166.53,53,66,C,4,6,4,bound,99,0.002,1
rome,grafo4165.61,61,82,C,4,6,5,refutation,7299,0.014,1
rome,grafo4167.53,53,69,C,4,7,6,refutation,18337,0.029,1
rome,grafo4163.70,70,96,C,5,7,7,refutation,235915,0.278,1
rome,grafo417.13,13,12,C,1,2,2,refutation,16,0.0,1
rome,grafo4170.58,58,72,C,4,6,6,refutation,26925,0.041,1
rome,grafo4171.57,57,80,C,5,7,6,refutation,26260,0.039,1
rome,grafo4172.58,58,71,C,3,5,4,refutation,1351,0.007,1
rome,grafo4173.61,61,96,C,6,8,8,refutation,231724,0.176,1
rome,grafo4168.76,76,101,C,6,8,8,refutation,1104026,0.716,1
rome,grafo4175.56,56,73,C,4,7,6,refutation,16828,0.027,1
rome,grafo4174.76,76,98,C,5,7,7,refutation,476382,0.486,1
rome,grafo4177.57,57,76,C,4,6,6,refutation,24898,0.078,1
rome,grafo4178.74,74,99,C,5,7,7,refutation,135298,0.192,1
rome,grafo4176.81,81,102,C,5,8,7,refutation,701086,0.78,1
rome,grafo418.16,16,18,C,2,3,3,refutation,42,0.0,1
rome,grafo3158.98,98,133,C,6,10,9,budget,11168878,10.026,1
rome,grafo4119.80,80,114,C,6,9,9,refutation,4005449,3.365,1
rome,grafo4180.57,57,82,C,6,8,7,refutation,44575,0.056,1
rome,grafo4183.60,60,77,C,4,5,5,refutation,4730,0.01,1
rome,grafo4181.61,61,78,C,4,7,6,refutation,65014,0.15,1
rome,grafo4182.64,64,91,C,5,8,7,refutation,48826,0.13,1
rome,grafo3184.91,91,127,C,7,10,9,budget,11888874,10.024,1
rome,grafo4186.57,57,72,C,4,6,5,refutation,8296,0.02,1
rome,grafo4188.58,58,76,C,4,6,5,refutation,4612,0.01,1
rome,grafo4185.54,54,71,C,4,7,6,refutation,22946,0.076,1
rome,grafo419.15,15,18,C,2,3,2,bound,13,0.0,1
rome,grafo4187.75,75,101,C,5,7,6,refutation,73884,0.089,1
rome,grafo4169.83,83,113,C,6,9,8,refutation,2146331,1.8,1
rome,grafo4191.61,61,78,C,4,6,5,refutation,11975,0.019,1
rome,grafo3224.98,98,141,C,7,11,10,budget,13574324,10.012,1
rome,grafo4194.63,63,82,C,4,7,6,refutation,17746,0.029,1
rome,grafo4195.55,55,69,C,4,5,4,bound,128,0.002,1
rome,grafo4189.62,62,92,C,6,8,8,refutation,239727,0.242,1
rome,grafo4193.74,74,103,C,5,8,7,refutation,91443,0.165,1
rome,grafo4198.59,59,75,C,4,6,5,refutation,7719,0.029,1
rome,grafo3262.92,92,130,C,6,11,11,budget,10043392,10.02,1
rome,grafo420.17,17,25,C,3,4,3,bound,20,0.0,1
rome,grafo4179.79,79,100,C,5,7,7,refutation,606367,0.791,1
rome,grafo4192.70,70,96,C,5,8,7,refutation,230844,0.258,1
rome,grafo4199.64,64,86,C,5,7,7,refutation,179515,0.169,1
rome,grafo4158.77,77,113,C,6,10,9,refutation,2910030,2.317,1
rome,grafo3315.96,96,129,C,7,10,10,budget,12517376,10.011,1
rome,grafo4205.52,52,65,C,4,6,5,refutation,7906,0.013,1
rome,grafo4204.74,74,99,C,5,7,6,refutation,49468,0.066,1
rome,grafo4206.58,58,83,C,5,7,6,refutation,10723,0.019,1
rome,grafo4201.74,74,94,C,5,8,6,refutation,128979,0.212,1
rome,grafo4209.61,61,79,C,3,5,5,refutation,8337,0.016,1
rome,grafo421.16,16,22,C,3,3,3,bound,0,0.0,1
rome,grafo4208.67,67,92,C,5,7,6,refutation,27097,0.042,1
rome,grafo4211.53,53,72,C,4,6,5,refutation,6065,0.01,1
rome,grafo4210.53,53,70,C,5,7,6,refutation,9158,0.033,1
rome,grafo4212.55,55,69,C,3,6,5,refutation,4997,0.01,1
rome,grafo4207.64,64,88,C,5,8,7,refutation,74803,0.086,1
rome,grafo4215.62,62,85,C,5,7,6,refutation,27456,0.043,1
rome,grafo4216.53,53,79,C,5,7,6,refutation,6979,0.013,1
rome,grafo4214.58,58,82,C,5,7,7,refutation,52110,0.066,1
rome,grafo4217.54,54,75,C,4,6,5,refutation,3192,0.007,1
rome,grafo4197.71,71,97,C,6,9,8,refutation,469127,0.453,1
rome,grafo422.17,17,17,C,2,2,2,bound,0,0.0,1
rome,grafo4213.71,71,94,C,5,7,6,refutation,26130,0.09,1
rome,grafo4218.55,55,67,C,4,6,5,refutation,8057,0.014,1
rome,grafo4222.48,48,62,C,4,4,4,bound,0,0.001,1
rome,grafo4221.55,55,69,C,4,5,4,bound,129,0.005,1
rome,grafo4219.64,64,75,C,3,6,5,refutation,10525,0.019,1
rome,grafo4224.66,66,95,C,4,8,6,refutation,14688,0.057,1
rome,grafo4223.59,59,85,C,5,8,7,refutation,91601,0.092,1
rome,grafo4227.60,60,74,C,4,6,5,refutation,13077,0.02,1
rome,grafo4228.58,58,81,C,5,7,5,bound,1879,0.005,1
rome,grafo4229.60,60,79,C,4,6,5,refutation,10721,0.017,1
rome,grafo423.19,19,21,C,2,3,3,refutation,60,0.0,1
rome,grafo4230.52,52,73,C,4,6,6,refutation,11823,0.018,1
rome,grafo4231.62,62,83,C,4,8,7,refutation,56949,0.068,1
rome,grafo4232.54,54,60,C,3,4,4,refutation,1928,0.005,1
rome,grafo4226.76,76,96,C,4,7,6,refutation,166377,0.239,1
rome,grafo4202.83,83,116,C,6,9,7,refutation,684341,0.69,1
rome,grafo4220.78,78,98,C,5,8,7,refutation,498839,0.364,1
rome,grafo3435.99,99,135,C,7,10,9,budget,7204976,10.028,1
rome,grafo4235.57,57,88,C,6,8,8,refutation,70709,0.077,1
rome,grafo4237.62,62,88,C,5,7,6,refutation,14648,0.06,1
rome,grafo4239.61,61,76,C,4,6,5,refutation,7385,0.027,1
rome,grafo424.18,18,22,C,3,3,3,bound,0,0.0,1
rome,grafo4238.64,64,85,C,5,7,7,refutation,112926,0.112,1
rome,grafo4233.75,75,105,C,5,8,8,refutation,386588,0.298,1
rome,grafo4240.61,61,82,C,5,7,6,refutation,29550,0.063,1
rome,grafo4242.51,51,70,C,4,6,6,refutation,15261,0.023,1
rome,grafo4196.78,78,106,C,6,9,8,refutation,1212922,1.059,1
rome,grafo4200.78,78,103,C,5,9,8,refutation,931099,0.971,1
rome,grafo4236.72,72,103,C,6,9,8,refutation,254720,0.231,1
rome,grafo4241.63,63,89,C,5,7,6,refutation,43210,0.067,1
rome,grafo4245.62,62,84,C,4,6,5,refutation,11786,0.021,1
rome,grafo4244.61,61,89,C,5,7,6,refutation,23434,0.038,1
rome,grafo425.13,13,15,C,2,3,3,refutation,13,0.0,1
rome,grafo4246.62,62,88,C,5,7,6,refutation,16608,0.029,1
rome,grafo4250.65,65,79,C,4,6,5,refutation,9048,0.018,1
rome,grafo4249.63,63,85,C,4,7,6,refutation,26160,0.046,1
rome,grafo4248.62,62,81,C,5,6,6,refutation,64051,0.075,1
rome,grafo3482.98,98,134,C,6,10,9,budget,10873585,10.009,1
rome,grafo4255.53,53,68,C,4,5,5,refutation,5212,0.011,1
rome,grafo4252.59,59,83,C,5,7,7,refutation,66586,0.072,1
rome,grafo4256.56,56,75,C,4,5,5,refutation,5513,0.011,1
rome,grafo4190.61,61,90,C,6,9,9,refutation,1362375,1.415,1
rome,grafo4234.78,78,107,C,5,8,7,refutation,332052,0.432,1
rome,grafo426.19,19,21,C,2,3,2,bound,20,0.0,1
rome,grafo4251.61,61,90,C,6,9,8,refutation,129330,0.14,1
rome,grafo4258.58,58,76,C,4,7,6,refutation,27787,0.045,1
rome,grafo4203.75,75,105,C,6,9,8,refutation,1273608,1.021,1
rome,grafo4263.63,63,77,C,4,6,5,refutation,9340,0.026,1
rome,grafo4261.61,61,90,C,5,8,6,refutation,49984,0.082,1
rome,grafo4265.54,54,70,C,4,6,5,refutation,4462,0.01,1
rome,grafo4259.64,64,87,C,5,8,7,refutation,144924,0.139,1
rome,grafo4225.78,78,106,C,6,9,8,refutation,1193722,0.892,1
rome,grafo4253.75,75,100,C,5,8,7,refutation,147224,0.256,1
rome,grafo4268.52,52,65,C,4,5,4,bound,2117,0.008,1
rome,grafo427.26,26,34,C,3,3,3,bound,0,0.0,1
rome,grafo4267.52,52,71,C,5,7,6,refutation,28746,0.044,1
rome,grafo4254.77,77,110,C,5,8,7,refutation,162032,0.267,1
rome,grafo4260.77,77,100,C,5,7,6,refutation,115466,0.228,1
rome,grafo4273.73,73,90,C,4,6,5,refutation,14675,0.031,1
rome,grafo4270.69,69,81,C,4,6,5,refutation,28582,0.088,1
rome,grafo4266.56,56,85,C,5,8,8,refutation,172657,0.149,1
rome,grafo4271.73,73,91,C,4,6,6,refutation,89798,0.1,1
rome,grafo4277.59,59,79,C,6,7,6,bound,44,0.003,1
rome,grafo4275.56,56,76,C,5,7,6,refutation,13690,0.025,1
rome,grafo4278.55,55,65,C,3,6,4,refutation,3099,0.008,1
rome,grafo3532.99,99,154,C,7,12,11,budget,8563179,10.011,1
rome,grafo428.19,19,22,C,2,3,3,refutation,59,0.001,1
rome,grafo4279.57,57,71,C,4,6,5,refutation,7595,0.015,1
rome,grafo4281.59,59,76,C,4,7,6,refutation,25794,0.045,1
rome,grafo4272.76,76,98,C,4,7,6,refutation,54857,0.151,1
rome,grafo4280.58,58,75,C,4,6,6,refutation,24051,0.082,1
rome,grafo4283.56,56,74,C,5,7,6,refutation,24262,0.038,1
rome,grafo4285.58,58,72,C,3,5,5,refutation,7167,0.029,1
rome,grafo4257.81,81,107,C,5,8,7,refutation,653927,0.46,1
rome,grafo4288.64,64,81,C,4,7,6,refutation,43957,0.056,1
rome,grafo4269.61,61,93,C,6,10,8,refutation,361497,0.338,1
rome,grafo429.20,20,28,C,3,4,4,refutation,82,0.001,1
rome,grafo4276.75,75,96,C,5,8,7,refutation,370921,0.297,1
rome,grafo4262.77,77,106,C,6,8,8,refutation,718260,0.543,1
rome,grafo4290.66,66,84,C,5,7,6,refutation,63202,0.082,1
rome,grafo4293.62,62,77,C,4,6,4,bound,353,0.003,1
rome,grafo4274.75,75,101,C,4,7,7,refutation,194218,0.341,1
rome,grafo4282.77,77,110,C,5,8,8,refutation,314740,0.302,1
rome,grafo4291.59,59,78,C,5,7,6,refutation,40952,0.057,1
rome,grafo4296.55,55,68,C,4,6,5,refutation,6654,0.013,1
rome,grafo4289.79,79,105,C,5,8,7,refutation,220346,0.193,1
rome,grafo4298.73,73,91,C,4,6,6,refutation,56890,0.077,1
rome,grafo430.13,13,14,C,2,2,2,bound,0,0.0,1
rome,grafo4247.82,82,115,C,6,9,8,refutation,783395,0.859,1
rome,grafo4299.55,55,79,C,5,7,7,refutation,22113,0.034,1
rome,grafo4295.64,64,83,C,4,7,6,refutation,45544,0.104,1
rome,grafo4302.60,60,78,C,4,5,5,refutation,11291,0.019,1
rome,grafo4304.56,56,65,C,4,5,4,bound,406,0.003,1
rome,grafo4300.60,60,82,C,4,7,6,refutation,25985,0.039,1
rome,grafo4306.56,56,63,C,3,4,3,bound,212,0.002,1
rome,grafo4294.85,85,107,C,4,7,6,refutation,169574,0.172,1
rome,grafo4287.76,76,101,C,6,8,7,refutation,185771,0.378,1
rome,grafo4307.64,64,79,C,4,6,6,refutation,39727,0.054,1
rome,grafo431.13,13,15,C,2,2,2,bound,0,0.0,1
rome,grafo4308.61,61,80,C,5,7,6,refutation,27338,0.044,1
rome,grafo4303.74,74,94,C,5,7,6,refutation,69573,0.118,1
rome,grafo4284.72,72,100,C,5,8,8,refutation,339426,0.517,1
rome,grafo4292.75,75,103,C,6,8,8,refutation,413701,0.333,1
rome,grafo4312.62,62,74,C,4,6,5,refutation,22787,0.075,1
rome,grafo4313.61,61,89,C,5,8,8,refutation,65661,0.077,1
rome,grafo4309.54,54,88,C,5,8,8,refutation,143798,0.208,1
rome,grafo4315.59,59,80,C,5,8,7,refutation,74749,0.14,1
rome,grafo4318.55,55,81,C,5,7,6,refutation,10664,0.02,1
rome,grafo4319.61,61,85,C,5,7,5,bound,195,0.003,1
rome,grafo432.19,19,20,C,2,4,3,refutation,97,0.001,1
rome,grafo3680.99,99,147,C,7,12,12,budget,14770176,10.012,1
rome,grafo4301.63,63,87,C,5,8,7,refutation,462972,0.401,1
rome,grafo4317.77,77,102,C,5,7,6,refutation,57139,0.094,1
rome,grafo4305.80,80,104,C,5,7,7,refutation,555550,0.404,1
rome,grafo4316.77,77,99,C,5,8,6,refutation,189316,0.197,1
rome,grafo3699.99,99,133,C,6,9,9,budget,8581120,10.012,1
rome,grafo4325.55,55,72,C,4,6,5,refutation,7681,0.03,1
rome,grafo4184.78,78,109,C,6,10,9,refutation,3222463,2.793,1
rome,grafo4322.56,56,78,C,5,7,6,refutation,26934,0.085,1
rome,grafo4328.51,51,66,C,4,5,5,refutation,3174,0.007,1
rome,grafo433.21,21,28,C,3,4,3,bound,22,0.0,1
rome,grafo4323.78,78,100,C,4,7,6,refutation,51019,0.099,1
rome,grafo4329.54,54,68,C,4,6,5,refutation,7727,0.018,1
rome,grafo3712.95,95,144,C,7,12,12,budget,11628544,10.012,1
rome,grafo4327.65,65,77,C,4,6,5,refutation,17423,0.036,1
rome,grafo4334.48,48,65,C,4,5,4,bound,890,0.003,1
rome,grafo4330.58,58,72,C,4,6,5,refutation,9993,0.021,1
rome,grafo4324.78,78,105,C,4,6,6,refutation,62491,0.085,1
rome,grafo4332.54,54,69,C,4,6,5,refutation,7339,0.013,1
rome,grafo4339.55,55,67,C,3,5,4,refutation,1947,0.005,1
rome,grafo434.20,20,23,C,2,3,3,refutation,81,0.0,1
rome,grafo4340.53,53,69,C,4,6,5,refutation,4215,0.009,1
rome,grafo4331.61,61,78,C,4,6,5,refutation,7970,0.036,1
rome,grafo4341.56,56,73,C,4,6,5,refutation,5732,0.011,1
rome,grafo4314.67,67,102,C,7,9,9,refutation,530572,0.392,1
rome,grafo4344.52,52,69,C,4,6,5,refutation,4398,0.009,1
rome,grafo4338.71,71,98,C,5,7,7,refutation,123436,0.123,1
rome,grafo4342.60,60,76,C,5,7,6,refutation,36385,0.107,1
rome,grafo4335.60,60,87,C,5,7,7,refutation,84912,0.138,1
rome,grafo4320.67,67,85,C,5,7,7,refutation,208090,0.304,1
rome,grafo4337.68,68,95,C,6,8,7,refutation,135480,0.181,1
rome,grafo4333.81,81,99,C,4,7,6,refutation,153361,0.192,1
rome,grafo435.12,12,11,C,1,1,1,bound,0,0.0,1
rome,grafo4345.61,61,83,C,5,8,7,refutation,113481,0.117,1
rome,grafo4346.54,54,80,C,5,8,7,refutation,25233,0.066,1
rome,grafo4326.73,73,97,C,6,8,7,refutation,180065,0.25,1
rome,grafo3756.90,90,127,C,7,9,9,budget,15687680,10.01,1
rome,grafo4352.57,57,67,C,4,6,5,refutation,12028,0.024,1
rome,grafo4351.63,63,78,C,4,5,5,refutation,19319,0.04,1
rome,grafo4357.55,55,74,C,4,5,5,refutation,4974,0.012,1
rome,grafo4310.74,74,109,C,6,9,9,refutation,913556,0.68,1
rome,grafo4356.55,55,73,C,5,6,6,refutation,25510,0.041,1
rome,grafo436.12,12,13,C,2,2,2,bound,0,0.0,1
rome,grafo4358.55,55,87,C,6,7,7,refutation,18790,0.035,1
rome,grafo4355.75,75,101,C,5,7,6,refutation,38537,0.077,1
rome,grafo4359.62,62,83,C,5,7,6,refutation,21725,0.036,1
rome,grafo4349.65,65,85,C,4,7,6,refutation,63205,0.147,1
rome,grafo4360.78,78,101,C,5,6,6,refutation,77343,0.099,1
rome,grafo4361.58,58,90,C,6,9,9,refutation,163999,0.155,1
rome,grafo4321.81,81,100,C,5,7,7,refutation,727590,0.578,1
rome,grafo4367.55,55,72,C,5,6,6,refutation,15375,0.024,1
rome,grafo4366.55,55,75,C,5,6,6,refutation,28698,0.047,1
rome,grafo4243.78,78,102,C,5,9,8,refutation,2232714,1.913,1
rome,grafo437.12,12,13,C,2,2,2,bound,0,0.0,1
rome,grafo4369.51,51,67,C,5,6,5,bound,70,0.002,1
rome,grafo3808.97,97,129,C,6,10,9,budget,14834338,10.011,1
rome,grafo4372.50,50,62,C,4,5,5,refutation,6892,0.012,1
rome,grafo4368.64,64,82,C,5,7,6,refutation,57311,0.068,1
rome,grafo4347.77,77,101,C,5,7,7,refutation,291935,0.424,1
rome,grafo4375.53,53,63,C,4,5,4,bound,393,0.003,1
rome,grafo4376.60,60,73,C,4,6,5,refutation,9820,0.018,1
rome,grafo4364.61,61,95,C,6,10,9,refutation,205188,0.285,1
rome,grafo4373.60,60,82,C,5,8,7,refutation,71057,0.079,1
rome,grafo4374.52,52,73,C,5,7,6,refutation,10225,0.038,1
rome,grafo438.22,22,29,C,3,3,3,bound,0,0.0,1
rome,grafo4380.49,49,64,C,4,6,4,bound,174,0.005,1
rome,grafo3822.94,94,123,C,6,9,9,budget,11333632,10.028,1
rome,grafo4377.65,65,82,C,5,7,6,refutation,45245,0.096,1
rome,grafo4382.58,58,72,C,3,5,4,refutation,1217,0.01,1
rome,grafo4343.79,79,109,C,6,9,8,refutation,768689,0.651,1
rome,grafo4353.77,77,100,C,5,8,7,refutation,343014,0.536,1
rome,grafo4363.77,77,102,C,5,8,7,refutation,515552,0.444,1
rome,grafo4386.59,59,73,C,4,5,5,refutation,9506,0.032,1
rome,grafo4387.57,57,77,C,5,7,6,refutation,17985,0.03,1
rome,grafo4385.64,64,85,C,5,7,7,refutation,110237,0.106,1
rome,grafo439.11,11,14,C,2,3,3,refutation,16,0.0,1
rome,grafo4390.59,59,89,C,5,8,7,refutation,67208,0.073,1
rome,grafo4391.56,56,70,C,4,6,5,refutation,11681,0.018,1
rome,grafo4378.79,79,103,C,5,8,7,refutation,229828,0.309,1
rome,grafo4311.79,79,118,C,7,10,9,refutation,1561249,1.34,1
rome,grafo4371.71,71,96,C,5,8,7,refutation,493733,0.459,1
rome,grafo4365.77,77,107,C,5,9,8,refutation,768066,0.582,1
rome,grafo4394.55,55,76,C,5,7,6,refutation,11380,0.024,1
rome,grafo4379.76,76,101,C,5,8,7,refutation,250886,0.356,1
rome,grafo4384.64,64,88,C,5,8,7,refutation,157497,0.306,1
rome,grafo4398.57,57,71,C,3,6,5,refutation,10137,0.034,1
rome,grafo440.13,13,14,C,2,2,2,bound,0,0.0,1
rome,grafo4392.61,61,75,C,4,7,7,refutation,72527,0.119,1
rome,grafo4396.63,63,83,C,5,6,6,refutation,37163,0.056,1
rome,grafo3861.99,99,140,C,6,10,9,budget,11595868,10.013,1
rome,grafo4399.61,61,76,C,4,5,5,refutation,8981,0.038,1
rome,grafo4389.63,63,87,C,5,9,8,refutation,328861,0.266,1
rome,grafo4393.77,77,97,C,4,7,6,refutation,117534,0.142,1
rome,grafo3871.88,88,126,C,7,10,10,budget,10227712,10.019,1
rome,grafo4407.55,55,70,C,3,5,4,refutation,1871,0.005,1
rome,grafo3876.94,94,123,C,6,9,9,budget,6868992,10.011,1
rome,grafo4404.66,66,81,C,4,5,5,refutation,11519,0.052,1
rome,grafo441.11,11,11,C,2,2,2,bound,0,0.0,1
rome,grafo4409.56,56,67,C,3,5,4,refutation,2772,0.015,1
rome,grafo4400.56,56,86,C,6,8,8,refutation,131466,0.123,1
rome,grafo4403.57,57,79,C,5,8,7,refutation,88904,0.102,1
rome,grafo3879.96,96,130,C,6,9,9,budget,10887168,10.03,1
rome,grafo4411.64,64,79,C,4,6,5,refutation,19379,0.06,1
rome,grafo4401.57,57,86,C,6,8,8,refutation,170574,0.16,1
rome,grafo4415.56,56,70,C,4,6,5,refutation,8240,0.017,1
rome,grafo4412.61,61,77,C,4,7,6,refutation,33438,0.049,1
rome,grafo4413.64,64,87,C,5,7,6,refutation,14841,0.061,1
rome,grafo4406.73,73,98,C,5,7,6,refutation,88840,0.133,1
rome,grafo442.12,12,12,C,2,2,2,bound,0,0.0,1
rome,grafo4418.53,53,63,C,4,5,5,refutation,16662,0.027,1
rome,grafo4402.84,84,103,C,5,7,6,refutation,163120,0.205,1
rome,grafo4421.60,60,73,C,5,6,5,bound,87,0.005,1
rome,grafo4416.56,56,70,C,5,6,6,refutation,29647,0.06,1
rome,grafo4420.64,64,81,C,4,6,6,refutation,23879,0.041,1
rome,grafo4425.50,50,68,C,5,7,5,bound,497,0.003,1
rome,grafo4397.74,74,104,C,6,8,7,refutation,232086,0.301,1
rome,grafo4424.56,56,74,C,4,6,6,refutation,27398,0.039,1
rome,grafo4405.77,77,101,C,5,8,7,refutation,251119,0.234,1
rome,grafo4419.61,61,80,C,4,7,6,refutation,23687,0.092,1
rome,grafo443.13,13,15,C,3,3,3,bound,0,0.0,1
rome,grafo4426.55,55,72,C,5,6,6,refutation,33936,0.056,1
rome,grafo3890.96,107,135,C,5,9,9,budget,10637312,10.024,1
rome,grafo4428.64,64,90,C,5,8,7,refutation,64894,0.087,1
rome,grafo4423.77,77,96,C,4,7,6,refutation,109875,0.118,1
rome,grafo4354.76,76,106,C,6,8,8,refutation,1287423,1.215,1
rome,grafo4414.66,66,91,C,5,7,7,refutation,131940,0.279,1
rome,grafo4435.54,54,69,C,4,5,5,refutation,4231,0.01,1
rome,grafo4417.65,65,90,C,5,8,7,refutation,214451,0.266,1
rome,grafo4408.69,69,91,C,5,8,7,refutation,286967,0.393,1
rome,grafo4436.60,60,78,C,4,6,5,refutation,10387,0.038,1
rome,grafo4434.57,57,80,C,5,8,7,refutation,45338,0.099,1
rome,grafo444.16,16,15,C,1,2,2,refutation,21,0.0,1
rome,grafo4438.55,55,66,C,3,5,5,refutation,13895,0.025,1
rome,grafo4427.57,57,79,C,6,7,7,refutation,90739,0.204,1
rome,grafo4433.61,61,79,C,4,7,7,refutation,101859,0.119,1
rome,grafo4440.63,63,86,C,4,7,6,refutation,17308,0.032,1
rome,grafo4362.83,83,113,C,5,9,8,refutation,1032758,1.214,1
rome,grafo4431.62,62,80,C,5,7,7,refutation,94298,0.195,1
rome,grafo4441.61,61,75,C,4,5,5,refutation,10808,0.044,1
rome,grafo4444.52,52,73,C,4,6,6,refutation,23407,0.036,1
rome,grafo445.22,22,25,C,3,3,3,bound,0,0.0,1
rome,grafo4445.59,59,81,C,5,7,6,refutation,23778,0.041,1
rome,grafo4447.61,61,75,C,4,6,5,refutation,10289,0.044,1
rome,grafo4422.71,71,97,C,5,8,7,refutation,165104,0.347,1
rome,grafo4350.80,80,106,C,5,8,8,refutation,1655686,1.388,1
rome,grafo4451.51,51,72,C,5,7,6,refutation,13604,0.027,1
rome,grafo4452.57,57,76,C,4,6,5,refutation,3325,0.017,1
rome,grafo4446.60,60,82,C,5,7,6,refutation,24718,0.073,1
rome,grafo4450.70,70,93,C,5,6,6,refutation,38704,0.055,1
rome,grafo4443.60,60,83,C,5,7,6,refutation,30031,0.104,1
rome,grafo4432.78,78,105,C,5,8,7,refutation,200218,0.276,1
rome,grafo446.17,17,23,C,3,4,3,bound,23,0.0,1
rome,grafo4456.58,58,74,C,4,6,5,refutation,6597,0.032,1
rome,grafo4388.81,81,118,C,6,9,8,refutation,468236,0.844,1
rome,grafo4457.74,74,88,C,4,6,5,refutation,19763,0.045,1
rome,grafo4460.55,55,68,C,4,6,5,refutation,5351,0.016,1
rome,grafo4462.57,57,67,C,3,6,4,refutation,2305,0.012,1
rome,grafo4453.57,57,72,C,5,6,6,refutation,38037,0.076,1
rome,grafo4464.59,59,79,C,4,7,5,refutation,10591,0.021,1
rome,grafo4467.54,54,69,C,4,6,5,refutation,4059,0.01,1
rome,grafo4461.59,59,79,C,5,6,6,refutation,15222,0.067,1
rome,grafo4463.59,59,76,C,4,6,6,refutation,17454,0.061,1
rome,grafo4458.63,63,87,C,5,7,7,refutation,111575,0.112,1
rome,grafo447.14,14,16,C,2,3,3,refutation,31,0.003,1
rome,grafo4468.50,50,78,C,6,8,7,refutation,29890,0.051,1
rome,grafo4455.60,60,93,C,6,9,9,refutation,122863,0.164,1
rome,grafo4473.48,48,61,C,3,5,4,refutation,1142,0.003,1
rome,grafo4454.68,68,96,C,5,8,7,refutation,127336,0.213,1
rome,grafo4465.55,55,84,C,5,9,8,refutation,93678,0.149,1
rome,grafo4472.68,68,90,C,4,7,6,refutation,53264,0.072,1
rome,grafo4469.62,62,77,C,5,6,6,refutation,41101,0.114,1
rome,grafo4478.64,64,83,C,5,7,5,bound,522,0.004,1
rome,grafo4439.80,80,102,C,5,7,6,refutation,232267,0.353,1
rome,grafo4475.55,55,67,C,3,6,5,refutation,8181,0.033,1
rome,grafo448.11,11,11,C,2,2,2,bound,0,0.0,1
rome,grafo4430.72,72,99,C,5,8,7,refutation,286629,0.533,1
rome,grafo4482.61,61,76,C,3,5,5,refutation,9975,0.019,1
rome,grafo4483.61,61,79,C,4,6,5,refutation,7885,0.015,1
rome,grafo4449.75,75,104,C,5,8,7,refutation,225346,0.364,1
rome,grafo4479.68,68,90,C,5,7,6,refutation,48069,0.082,1
rome,grafo4485.61,61,85,C,4,5,5,refutation,5273,0.024,1
rome,grafo4486.53,53,70,C,5,6,6,refutation,15717,0.028,1
rome,grafo4488.54,54,69,C,4,7,6,refutation,25004,0.041,1
rome,grafo3898.99,99,136,C,6,11,9,budget,11477724,10.01,1
rome,grafo449.18,18,25,C,4,4,4,bound,0,0.0,1
rome,grafo4470.73,73,95,C,5,8,7,refutation,416027,0.307,1
rome,grafo4476.68,68,95,C,5,7,7,refutation,126500,0.218,1
rome,grafo4477.76,76,103,C,5,8,7,refutation,213721,0.227,1
rome,grafo4492.76,76,102,C,5,7,5,bound,2244,0.017,1
rome,grafo4491.61,61,79,C,4,7,6,refutation,39531,0.051,1
rome,grafo4370.80,80,112,C,6,9,8,refutation,1453866,1.579,1
rome,grafo4442.84,84,109,C,5,8,7,refutation,677437,0.618,1
rome,grafo4494.62,62,78,C,4,6,6,refutation,49559,0.128,1
rome,grafo4497.61,61,82,C,5,8,6,refutation,42095,0.058,1
rome,grafo4484.76,76,101,C,5,8,7,refutation,242096,0.285,1
rome,grafo450.35,35,45,C,4,4,4,bound,0,0.001,1
rome,grafo4490.65,65,96,C,6,7,7,refutation,74557,0.168,1
rome,grafo4496.56,56,79,C,5,7,6,refutation,32360,0.094,1
rome,grafo4501.60,60,72,C,4,5,4,bound,46,0.002,1
rome,grafo4499.55,55,72,C,4,6,5,refutation,5499,0.011,1
rome,grafo4466.66,66,102,C,7,10,9,refutation,564265,0.524,1
rome,grafo4495.63,63,94,C,6,9,8,refutation,116958,0.118,1
rome,grafo4471.77,77,107,C,5,9,8,refutation,568656,0.485,1
rome,grafo4506.55,55,68,C,4,6,5,refutation,8826,0.016,1
rome,grafo4508.60,60,77,C,5,6,5,bound,56,0.002,1
rome,grafo4410.78,78,111,C,6,8,8,refutation,949483,1.13,1
rome,grafo451.23,23,23,C,2,3,2,bound,33,0.001,1
rome,grafo3909.92,92,124,C,6,9,9,budget,8474624,10.016,1
rome,grafo4502.55,55,76,C,5,7,6,refutation,17649,0.065,1
rome,grafo4505.53,53,69,C,4,6,6,refutation,18874,0.067,1
rome,grafo4503.59,59,82,C,5,7,7,refutation,84756,0.093,1
rome,grafo4510.55,55,75,C,4,6,5,refutation,10715,0.042,1
rome,grafo4513.53,53,70,C,4,6,5,refutation,4942,0.025,1
rome,grafo4509.64,64,83,C,4,7,6,refutation,62520,0.077,1
rome,grafo4512.60,60,73,C,4,6,5,refutation,9899,0.042,1
rome,grafo4514.66,66,81,C,5,6,6,refutation,35167,0.051,1
rome,grafo4518.50,50,66,C,4,7,5,refutation,7079,0.031,1
rome,grafo4487.62,62,86,C,6,8,8,refutation,236022,0.402,1
rome,grafo452.14,14,13,C,1,2,2,refutation,14,0.0,1
rome,grafo4500.77,77,101,C,5,7,6,refutation,110522,0.159,1
rome,grafo4515.62,62,78,C,5,7,6,refutation,39420,0.056,1
rome,grafo4480.64,64,88,C,5,8,8,refutation,508335,0.515,1
rome,grafo4381.82,82,120,C,6,10,9,refutation,1571556,1.7,1
rome,grafo4519.75,75,98,C,4,6,5,refutation,19383,0.034,1
rome,grafo4516.59,59,79,C,5,6,6,refutation,19914,0.074,1
rome,grafo4504.62,62,88,C,5,8,8,refutation,210792,0.184,1
rome,grafo4528.55,55,67,C,3,4,4,refutation,1472,0.005,1
rome,grafo4527.64,64,80,C,4,6,4,bound,240,0.006,1
rome,grafo453.12,12,11,C,1,1,1,bound,0,0.0,1
rome,grafo4522.81,81,94,C,3,6,5,refutation,33228,0.058,1
rome,grafo4520.66,66,84,C,4,7,6,refutation,35777,0.104,1
rome,grafo4530.54,54,76,C,5,7,7,refutation,42089,0.062,1
rome,grafo4532.63,63,73,C,3,5,4,refutation,5408,0.011,1
rome,grafo4526.66,66,91,C,6,8,7,refutation,87602,0.099,1
rome,grafo4535.52,52,67,C,4,6,5,refutation,6181,0.011,1
rome,grafo4459.77,77,110,C,6,8,8,refutation,836211,0.934,1
rome,grafo4536.83,83,102,C,5,7,6,refutation,69145,0.087,1
rome,grafo4521.66,66,92,C,5,7,7,refutation,152046,0.255,1
rome,grafo4264.78,78,111,C,6,10,9,refutation,4088093,3.745,1
rome,grafo454.17,17,17,C,2,2,2,bound,0,0.0,1
rome,grafo4540.54,54,66,C,3,5,4,refutation,1434,0.004,1
rome,grafo4541.61,61,80,C,5,6,5,bound,2847,0.006,1
rome,grafo4537.75,75,106,C,5,8,7,refutation,88363,0.1,1
rome,grafo4525.72,72,96,C,5,7,7,refutation,180051,0.287,1
rome,grafo4538.62,62,85,C,5,7,7,refutation,105702,0.101,1
rome,grafo4539.64,64,86,C,5,7,6,refutation,29474,0.078,1
rome,grafo4546.59,59,74,C,4,6,6,refutation,33427,0.049,1
rome,grafo4542.59,59,80,C,5,8,7,refutation,143873,0.124,1
rome,grafo4523.74,74,93,C,4,7,7,refutation,232926,0.404,1
rome,grafo4548.60,60,72,C,4,6,5,refutation,6248,0.025,1
rome,grafo455.10,10,10,C,2,2,2,bound,0,0.0,1
rome,grafo4549.60,60,79,C,5,7,5,bound,1456,0.014,1
rome,grafo4534.81,81,101,C,5,8,7,refutation,314523,0.361,1
rome,grafo3979.98,98,136,C,6,10,9,budget,7462333,10.023,1
rome,grafo4544.82,82,104,C,5,8,6,refutation,232906,0.203,1
rome,grafo4511.77,77,103,C,6,9,8,refutation,361591,0.615,1
rome,grafo4489.77,77,107,C,6,8,8,refutation,1088359,0.881,1
rome,grafo4551.61,61,77,C,4,6,6,refutation,28258,0.094,1
rome,grafo4557.60,60,74,C,5,6,5,bound,3655,0.018,1
rome,grafo4550.65,65,91,C,4,8,7,refutation,145048,0.133,1
rome,grafo3995.97,97,145,C,7,11,10,budget,14123800,10.012,1
rome,grafo4556.52,52,68,C,4,6,5,refutation,17534,0.067,1
rome,grafo456.29,29,36,C,4,5,5,refutation,1152,0.002,1
rome,grafo4558.70,70,92,C,5,7,6,refutation,15032,0.063,1
rome,grafo4561.62,62,82,C,4,7,6,refutation,27042,0.048,1
rome,grafo4545.80,80,114,C,6,9,7,refutation,369603,0.319,1
rome,grafo4565.56,56,71,C,4,6,5,refutation,4446,0.009,1
rome,grafo4547.64,64,88,C,6,8,8,refutation,288499,0.287,1
rome,grafo4567.51,51,64,C,4,6,4,bound,71,0.002,1
rome,grafo4553.62,62,88,C,5,9,8,refutation,169810,0.232,1
rome,grafo4517.80,80,112,C,5,9,8,refutation,1092342,0.771,1
rome,grafo457.12,12,15,C,3,3,3,bound,0,0.0,1
rome,grafo4569.58,58,78,C,5,6,6,refutation,12381,0.023,1
rome,grafo4562.60,60,79,C,5,8,7,refutation,112360,0.112,1
rome,grafo4429.79,79,105,C,5,9,8,refutation,2214688,1.781,1
rome,grafo4564.72,72,97,C,5,7,6,refutation,53960,0.11,1
rome,grafo4554.77,77,100,C,5,7,6,refutation,169862,0.241,1
rome,grafo4571.54,54,76,C,4,7,6,refutation,11789,0.022,1
rome,grafo4563.64,64,87,C,5,7,6,refutation,49261,0.144,1
rome,grafo4559.65,65,93,C,6,9,8,refutation,259047,0.234,1
rome,grafo4577.51,51,68,C,5,7,6,refutation,8589,0.036,1
rome,grafo4575.60,60,77,C,5,7,6,refutation,31010,0.069,1
rome,grafo458.14,14,17,C,3,3,3,bound,0,0.0,1
rome,grafo4576.71,71,92,C,4,7,6,refutation,53044,0.075,1
rome,grafo4570.72,72,90,C,5,7,6,refutation,94967,0.106,1
rome,grafo4580.50,50,63,C,4,5,5,refutation,6049,0.011,1
rome,grafo4579.53,53,65,C,4,7,5,refutation,13347,0.05,1
rome,grafo4573.57,57,82,C,5,8,7,refutation,116858,0.117,1
rome,grafo4566.62,62,85,C,5,9,8,refutation,263574,0.192,1
rome,grafo4582.64,64,83,C,4,6,5,refutation,14243,0.025,1
rome,grafo4578.63,63,80,C,4,7,6,refutation,36190,0.083,1
rome,grafo4581.67,67,82,C,4,7,5,refutation,23030,0.056,1
rome,grafo4395.79,79,123,C,7,10,9,refutation,2372553,2.285,1
rome,grafo4583.59,59,80,C,5,7,7,refutation,32253,0.061,1
rome,grafo459.17,17,20,C,2,3,3,refutation,28,0.0,1
rome,grafo4590.54,54,72,C,4,7,6,refutation,8389,0.017,1
rome,grafo4555.77,77,99,C,5,7,7,refutation,218703,0.404,1
rome,grafo4588.56,56,74,C,4,7,6,refutation,28493,0.045,1
rome,grafo4498.77,77,105,C,5,8,8,refutation,1019163,1.104,1
rome,grafo4595.77,77,95,C,5,6,5,bound,2589,0.008,1
rome,grafo4593.62,62,76,C,4,6,5,refutation,7868,0.036,1
rome,grafo4591.59,59,83,C,5,7,6,refutation,26037,0.062,1
rome,grafo4592.56,56,71,C,4,7,6,refutation,30105,0.046,1
rome,grafo4597.55,55,60,C,3,4,4,refutation,3446,0.016,1
rome,grafo460.10,10,9,C,1,2,2,refutation,10,0.0,1
rome,grafo4596.59,59,83,C,5,8,7,refutation,29612,0.047,1
rome,grafo4589.73,73,99,C,5,7,6,refutation,34818,0.104,1
rome,grafo4600.51,51,62,C,3,4,4,refutation,1708,0.007,1
rome,grafo4602.51,51,64,C,4,6,4,bound,871,0.004,1
rome,grafo4599.73,73,85,C,4,6,5,refutation,18268,0.036,1
rome,grafo4585.66,66,85,C,4,6,6,refutation,63362,0.159,1
rome,grafo4603.50,50,69,C,4,6,5,refutation,3686,0.014,1
rome,grafo4601.56,56,71,C,4,6,6,refutation,34577,0.046,1
rome,grafo4584.64,64,89,C,5,8,7,refutation,76765,0.194,1
rome,grafo4572.74,74,98,C,6,7,7,refutation,303602,0.336,1
rome,grafo461.10,10,10,C,2,2,2,bound,0,0.0,1
rome,grafo4091.99,99,136,C,6,9,8,budget,10955139,10.01,1
rome,grafo4606.64,64,82,C,5,7,6,refutation,25512,0.083,1
rome,grafo4587.72,72,96,C,5,8,7,refutation,183043,0.25,1
rome,grafo4474.68,68,99,C,6,9,9,refutation,2582821,1.709,1
rome,grafo4605.58,58,84,C,6,8,7,refutation,102706,0.154,1
rome,grafo4543.84,84,111,C,6,8,7,refutation,855137,0.871,1
rome,grafo4615.59,59,75,C,5,6,5,bound,695,0.003,1
rome,grafo4611.59,59,81,C,5,7,7,refutation,62823,0.101,1
rome,grafo4383.75,75,105,C,5,10,9,refutation,2699459,2.851,1
rome,grafo4594.79,79,104,C,5,8,7,refutation,252380,0.286,1
rome,grafo462.10,10,10,C,2,2,2,bound,0,0.0,1
rome,grafo4612.61,61,94,C,5,7,7,refutation,41346,0.122,1
rome,grafo4620.60,60,75,C,3,5,4,refutation,2136,0.011,1
rome,grafo4622.48,48,59,C,3,4,4,refutation,967,0.006,1
rome,grafo4101.91,91,123,C,5,10,10,budget,13688832,10.04,1
rome,grafo4616.61,61,81,C,4,7,6,refutation,61335,0.08,1
rome,grafo4598.61,61,79,C,4,8,7,refutation,139464,0.281,1
rome,grafo4624.53,53,64,C,3,5,4,refutation,2605,0.013,1
rome,grafo4621.56,56,67,C,4,5,5,refutation,12479,0.042,1
rome,grafo4529.77,77,107,C,6,8,8,refutation,1185976,1.266,1
rome,grafo4625.66,66,85,C,4,7,6,refutation,33682,0.049,1
rome,grafo463.15,15,22,C,3,4,4,refutation,71,0.0,1
rome,grafo4627.53,53,72,C,4,6,6,refutation,14766,0.058,1
rome,grafo4630.64,64,79,C,4,6,5,refutation,17219,0.03,1
rome,grafo4628.59,59,80,C,5,7,6,refutation,21097,0.075,1
rome,grafo4619.63,63,87,C,5,8,7,refutation,213624,0.209,1
rome,grafo4609.65,65,98,C,6,9,8,refutation,226960,0.413,1
rome,grafo4623.70,70,101,C,6,9,8,refutation,263675,0.256,1
rome,grafo4631.63,63,96,C,6,9,8,refutation,144771,0.183,1
rome,grafo4635.67,67,79,C,3,5,5,refutation,13912,0.053,1
rome,grafo4629.64,64,90,C,5,8,7,refutation,142986,0.235,1
rome,grafo4633.65,65,83,C,5,7,7,refutation,157229,0.203,1
rome,grafo464.17,17,22,C,2,3,2,bound,22,0.0,1
rome,grafo4632.77,77,109,C,5,8,8,refutation,353271,0.279,1
rome,grafo4604.78,78,106,C,5,8,8,refutation,738781,0.616,1
rome,grafo4637.63,63,85,C,5,8,7,refutation,70006,0.133,1
rome,grafo4643.71,71,96,C,4,6,6,refutation,22438,0.038,1
rome,grafo4634.61,61,87,C,6,8,7,refutation,151889,0.29,1
rome,grafo4645.54,54,66,C,4,5,4,bound,578,0.007,1
rome,grafo4642.63,63,84,C,4,7,7,refutation,104996,0.109,1
rome,grafo4614.76,76,102,C,5,8,8,refutation,936248,0.621,1
rome,grafo4646.62,62,78,C,3,6,5,refutation,17466,0.031,1
rome,grafo4610.82,82,109,C,5,8,7,refutation,633175,0.709,1
rome,grafo465.10,10,10,C,2,2,2,bound,0,0.0,1
rome,grafo4647.62,62,89,C,5,7,7,refutation,32589,0.068,1
rome,grafo4648.59,59,74,C,4,6,6,refutation,65464,0.068,1
rome,grafo4651.56,56,76,C,5,7,6,refutation,22613,0.064,1
rome,grafo4650.76,76,110,C,6,8,7,refutation,162870,0.16,1
rome,grafo4638.68,68,98,C,6,9,8,refutation,262190,0.463,1
rome,grafo4653.62,62,95,C,5,8,8,refutation,150869,0.137,1
rome,grafo4552.78,78,108,C,6,9,8,refutation,1829234,1.553,1
rome,grafo4639.82,82,107,C,5,8,7,refutation,382398,0.486,1
rome,grafo4568.80,80,115,C,7,9,8,refutation,1423087,1.374,1
rome,grafo4655.56,56,80,C,5,6,6,refutation,16081,0.056,1
rome,grafo466.10,10,10,C,2,2,2,bound,0,0.0,1
rome,grafo4659.59,59,79,C,4,6,5,refutation,3562,0.009,1
rome,grafo4641.79,79,104,C,5,8,7,refutation,464762,0.443,1
rome,grafo4662.50,50,63,C,4,4,4,bound,0,0.001,1
rome,grafo4661.55,55,69,C,4,6,5,refutation,6805,0.014,1
rome,grafo4652.74,74,99,C,5,8,7,refutation,321253,0.267,1
rome,grafo4664.63,63,77,C,4,6,5,refutation,8910,0.018,1
rome,grafo4666.56,56,75,C,4,6,5,refutation,8843,0.017,1
rome,grafo4656.66,66,81,C,4,6,6,refutation,36453,0.099,1
rome,grafo4654.74,74,109,C,6,8,7,refutation,177989,0.168,1
rome,grafo4667.55,55,72,C,4,6,5,refutation,6156,0.012,1
rome,grafo467.15,15,24,C,3,3,3,bound,0,0.0,1
rome,grafo4668.61,61,90,C,5,8,7,refutation,26256,0.046,1
rome,grafo4286.74,74,111,C,7,10,10,refutation,5597846,5.351,1
rome,grafo4669.75,75,96,C,5,7,6,refutation,54681,0.072,1
rome,grafo4671.62,62,84,C,4,7,6,refutation,35223,0.052,1
rome,grafo4660.63,63,88,C,5,8,7,refutation,74693,0.193,1
rome,grafo4670.58,58,74,C,4,7,6,refutation,47718,0.12,1
rome,grafo4675.55,55,83,C,5,8,7,refutation,38586,0.057,1
rome,grafo4137.82,82,117,C,6,10,9,budget,8829848,10.024,1
rome,grafo4626.80,80,99,C,3,7,7,refutation,693020,1.022,1
rome,grafo468.19,19,31,C,4,4,4,bound,0,0.0,1
rome,grafo4665.76,76,109,C,6,8,7,refutation,98623,0.194,1
rome,grafo4677.52,52,72,C,5,7,6,refutation,8917,0.036,1
rome,grafo4678.58,58,75,C,4,6,5,refutation,5901,0.032,1
rome,grafo4681.63,63,79,C,4,6,5,refutation,20883,0.03,1
rome,grafo4682.55,55,70,C,3,5,5,refutation,8079,0.032,1
rome,grafo4676.64,64,91,C,5,7,6,refutation,23018,0.085,1
rome,grafo4531.78,78,109,C,6,9,9,refutation,3177047,2.288,1
rome,grafo4684.63,63,82,C,4,7,6,refutation,17094,0.029,1
rome,grafo4685.56,56,71,C,4,6,5,refutation,11459,0.043,1
rome,grafo4688.59,59,76,C,5,7,6,refutation,23726,0.037,1
rome,grafo469.18,18,21,C,3,3,3,bound,0,0.0,1
rome,grafo4689.59,59,71,C,3,5,4,refutation,3041,0.014,1
rome,grafo4672.76,76,119,C,6,9,8,refutation,204831,0.25,1
rome,grafo4690.61,61,83,C,4,6,6,refutation,18850,0.051,1
rome,grafo4691.62,62,85,C,5,7,6,refutation,35676,0.055,1
rome,grafo4636.82,82,117,C,6,9,8,refutation,1336219,0.957,1
rome,grafo4683.75,75,87,C,4,6,6,refutation,124728,0.151,1
rome,grafo4574.77,77,103,C,5,8,8,refutation,1251104,1.725,1
rome,grafo4693.63,63,82,C,4,7,6,refutation,29590,0.047,1
rome,grafo4663.70,70,104,C,6,9,8,refutation,446013,0.418,1
rome,grafo4698.55,55,74,C,4,6,5,refutation,4607,0.01,1
rome,grafo4586.80,80,111,C,5,8,8,refutation,1522495,1.646,1
rome,grafo470.17,17,19,C,2,2,2,bound,0,0.0,1
rome,grafo4695.62,62,85,C,5,7,6,refutation,34175,0.051,1
rome,grafo4701.54,54,67,C,4,5,5,refutation,8020,0.014,1
rome,grafo4700.57,57,76,C,4,6,5,refutation,7220,0.03,1
rome,grafo4147.81,81,107,C,6,9,9,budget,10878976,10.02,1
rome,grafo4618.80,80,104,C,5,9,8,refutation,1149597,1.345,1
rome,grafo4705.64,64,74,C,3,6,4,refutation,3359,0.021,1
rome,grafo4699.55,55,78,C,5,7,6,refutation,46944,0.08,1
rome,grafo4692.76,76,101,C,5,7,7,refutation,135315,0.148,1
rome,grafo4679.63,63,87,C,5,8,7,refutation,170663,0.306,1
rome,grafo471.18,18,18,C,2,3,2,bound,17,0.0,1
rome,grafo4680.76,76,96,C,5,7,6,refutation,163557,0.325,1
rome,grafo4708.76,76,91,C,3,6,5,refutation,22833,0.039,1
rome,grafo4697.59,59,77,C,5,8,7,refutation,65044,0.18,1
rome,grafo4707.54,54,75,C,5,7,6,refutation,30156,0.113,1
rome,grafo4704.60,60,88,C,5,7,7,refutation,54418,0.147,1
rome,grafo4709.70,70,97,C,5,7,7,refutation,82417,0.102,1
rome,grafo4715.62,62,76,C,4,6,5,refutation,10437,0.019,1
rome,grafo4712.64,64,85,C,4,7,6,refutation,61869,0.115,1
rome,grafo4493.76,76,113,C,7,10,10,refutation,3296727,3.046,1
rome,grafo4714.62,62,80,C,4,6,5,refutation,15691,0.061,1
rome,grafo4658.76,76,109,C,6,9,8,refutation,900151,0.712,1
rome,grafo472.12,12,11,C,1,2,2,refutation,12,0.002,1
rome,grafo4657.79,79,113,C,6,9,8,refutation,629575,0.731,1
rome,grafo4716.53,53,76,C,5,7,7,refutation,56597,0.078,1
rome,grafo4722.64,64,80,C,4,6,5,refutation,7163,0.015,1
rome,grafo4640.75,75,103,C,6,8,8,refutation,1447321,1.221,1
rome,grafo4706.58,58,83,C,5,8,7,refutation,104884,0.247,1
rome,grafo4717.59,59,82,C,4,7,7,refutation,42045,0.09,1
rome,grafo4718.64,64,97,C,5,8,7,refutation,54619,0.086,1
rome,grafo4723.58,58,70,C,4,6,5,refutation,9454,0.02,1
rome,grafo4719.54,54,78,C,5,8,7,refutation,75341,0.091,1
rome,grafo4726.51,51,67,C,4,6,5,refutation,7982,0.036,1
rome,grafo4728.51,51,65,C,3,5,4,refutation,1108,0.004,1
rome,grafo473.10,10,10,C,2,2,2,bound,0,0.0,1
rome,grafo4730.58,58,86,C,5,7,6,refutation,9159,0.038,1
rome,grafo4686.65,65,85,C,5,7,7,refutation,359138,0.545,1
rome,grafo4607.82,82,108,C,5,8,8,refutation,1291618,1.871,1
rome,grafo4533.77,77,105,C,6,8,8,refutation,2651424,2.806,1
rome,grafo4721.77,77,98,C,4,7,6,refutation,168054,0.174,1
rome,grafo4734.49,49,59,C,4,5,5,refutation,8422,0.034,1
rome,grafo4703.78,78,108,C,5,9,7,refutation,379831,0.399,1
rome,grafo4739.57,57,72,C,4,5,5,refutation,4266,0.009,1
rome,grafo474.10,10,10,C,2,2,2,bound,0,0.0,1
rome,grafo4736.52,52,65,C,4,5,5,refutation,5954,0.025,1
rome,grafo4733.73,73,95,C,4,7,6,refutation,29243,0.07,1
rome,grafo4740.60,60,79,C,4,6,5,refutation,13899,0.022,1
rome,grafo4731.63,63,86,C,5,8,7,refutation,118430,0.132,1
rome,grafo4737.66,66,86,C,5,7,6,refutation,38402,0.063,1
rome,grafo4744.58,58,75,C,3,6,5,refutation,7173,0.018,1
rome,grafo4729.63,63,80,C,5,7,7,refutation,151705,0.164,1
rome,grafo4711.65,65,85,C,5,8,7,refutation,238678,0.378,1
rome,grafo4702.63,63,89,C,7,9,8,refutation,545494,0.505,1
rome,grafo4481.77,77,121,C,7,11,10,refutation,2648453,3.54,1
rome,grafo475.15,15,22,C,3,3,3,bound,0,0.0,1
rome,grafo4750.53,53,64,C,4,5,5,refutation,9050,0.017,1
rome,grafo4747.55,55,69,C,4,7,6,refutation,27753,0.063,1
rome,grafo4727.66,66,88,C,5,7,7,refutation,176961,0.257,1
rome,grafo4749.61,61,73,C,5,6,5,bound,23370,0.059,1
rome,grafo4748.66,66,85,C,4,7,6,refutation,53412,0.078,1
rome,grafo4742.77,77,95,C,4,6,6,refutation,96622,0.125,1
rome,grafo4756.51,51,70,C,5,6,6,refutation,14223,0.026,1
rome,grafo4751.57,57,71,C,4,6,6,refutation,28513,0.061,1
rome,grafo4741.61,61,85,C,5,8,7,refutation,84775,0.18,1
rome,grafo4713.61,61,88,C,6,9,8,refutation,329140,0.503,1
rome,grafo476.19,19,18,C,1,2,2,refutation,15,0.0,1
rome,grafo4760.55,55,73,C,4,6,5,refutation,4187,0.019,1
rome,grafo4758.72,72,89,C,4,7,6,refutation,52894,0.087,1
rome,grafo4762.54,54,70,C,5,5,5,bound,0,0.002,1
rome,grafo4755.70,70,91,C,5,7,6,refutation,115526,0.139,1
rome,grafo4674.75,75,113,C,6,9,9,refutation,1225333,1.036,1
rome,grafo4738.65,65,89,C,5,7,7,refutation,167286,0.313,1
rome,grafo4753.69,69,92,C,5,8,6,refutation,72036,0.172,1
rome,grafo4746.67,67,92,C,5,7,7,refutation,198310,0.26,1
rome,grafo4768.51,51,57,C,3,5,4,refutation,4213,0.008,1
rome,grafo4732.74,74,96,C,5,7,7,refutation,251268,0.441,1
rome,grafo4766.51,51,73,C,4,6,6,refutation,8672,0.036,1
rome,grafo477.13,13,13,C,2,2,2,bound,0,0.003,1
rome,grafo4754.61,61,81,C,5,7,6,refutation,109736,0.209,1
rome,grafo4763.68,68,84,C,4,6,6,refutation,27099,0.085,1
rome,grafo4770.60,60,74,C,4,6,5,refutation,7828,0.033,1
rome,grafo4769.53,53,72,C,4,6,6,refutation,48412,0.06,1
rome,grafo4774.65,65,85,C,5,6,5,bound,47,0.006,1
rome,grafo4772.58,58,75,C,4,7,6,refutation,21121,0.033,1
rome,grafo4773.57,57,79,C,5,6,6,refutation,14967,0.048,1
rome,grafo4777.61,61,75,C,4,5,5,refutation,13973,0.026,1
rome,grafo4761.64,64,93,C,5,8,8,refutation,128947,0.17,1
rome,grafo478.33,33,38,C,3,3,3,bound,0,0.001,1
rome,grafo4780.56,56,69,C,4,5,5,refutation,5816,0.021,1
rome,grafo4524.82,82,118,C,7,10,9,refutation,3488236,3.443,1
rome,grafo4735.80,80,108,C,5,8,8,refutation,303594,0.565,1
rome,grafo4779.58,58,84,C,6,8,7,refutation,108429,0.127,1
rome,grafo4775.62,62,90,C,5,8,7,refutation,68654,0.175,1
rome,grafo4778.77,77,106,C,5,7,6,refutation,78721,0.158,1
rome,grafo4787.58,58,72,C,4,6,5,refutation,15557,0.045,1
rome,grafo4786.62,62,81,C,4,6,5,refutation,14107,0.051,1
rome,grafo4781.57,57,74,C,5,7,7,refutation,81109,0.19,1
rome,grafo479.17,17,23,C,2,3,3,refutation,26,0.003,1
rome,grafo4617.76,76,108,C,6,10,9,refutation,2771205,2.427,1
rome,grafo4790.62,62,85,C,5,7,6,refutation,16898,0.031,1
rome,grafo4792.58,58,69,C,3,5,4,refutation,2375,0.012,1
rome,grafo4694.76,76,110,C,6,10,9,refutation,1160864,1.195,1
rome,grafo4776.65,65,95,C,5,8,7,refutation,186059,0.324,1
rome,grafo4789.71,71,94,C,4,7,6,refutation,49466,0.104,1
rome,grafo4788.60,60,75,C,5,6,6,refutation,44202,0.127,1
rome,grafo4794.71,71,101,C,5,8,7,refutation,82396,0.116,1
rome,grafo4765.80,80,103,C,5,7,7,refutation,579085,0.534,1
rome,grafo4796.58,58,73,C,5,7,6,refutation,101879,0.096,1
rome,grafo480.15,15,15,C,2,2,2,bound,0,0.0,1
rome,grafo4696.80,80,121,C,6,10,9,refutation,1328528,1.318,1
rome,grafo4759.79,79,108,C,5,8,7,refutation,531749,0.682,1
rome,grafo4798.58,58,78,C,5,7,6,refutation,30595,0.045,1
rome,grafo4793.63,63,86,C,5,7,7,refutation,94628,0.173,1
rome,grafo4799.58,58,76,C,5,6,6,refutation,35902,0.048,1
rome,grafo4783.80,80,107,C,5,7,7,refutation,181587,0.36,1
rome,grafo4800.73,73,89,C,4,6,6,refutation,56385,0.07,1
rome,grafo4806.49,49,63,C,4,5,5,refutation,4439,0.018,1
rome,grafo4795.60,60,93,C,6,9,8,refutation,80135,0.222,1
rome,grafo4802.75,75,98,C,5,7,6,refutation,36124,0.074,1
rome,grafo4808.59,59,78,C,4,6,5,refutation,5484,0.024,1
rome,grafo4803.53,53,70,C,5,7,7,refutation,76394,0.092,1
rome,grafo4720.81,81,109,C,5,9,8,refutation,915931,1.157,1
rome,grafo4644.84,84,121,C,7,9,9,refutation,2216047,2.225,1
rome,grafo4809.59,59,80,C,4,7,5,refutation,9918,0.041,1
rome,grafo4811.62,62,79,C,4,6,5,refutation,6292,0.014,1
rome,grafo4812.57,57,75,C,5,6,6,refutation,24769,0.043,1
rome,grafo4815.57,57,69,C,4,6,5,refutation,18163,0.032,1
rome,grafo4810.72,72,88,C,4,6,5,refutation,18924,0.074,1
rome,grafo4807.72,72,91,C,4,6,6,refutation,59617,0.113,1
rome,grafo4767.78,78,106,C,6,9,8,refutation,902974,0.723,1
rome,grafo482.13,13,18,C,2,2,2,bound,0,0.0,1
rome,grafo4805.70,70,88,C,4,7,6,refutation,96335,0.143,1
rome,grafo4771.73,73,102,C,5,9,8,refutation,903074,0.695,1
rome,grafo4813.60,60,74,C,4,6,6,refutation,50971,0.071,1
rome,grafo4816.57,57,77,C,4,6,5,refutation,17618,0.032,1
rome,grafo4823.62,62,76,C,3,6,4,refutation,3219,0.009,1
rome,grafo4824.53,53,69,C,4,6,5,refutation,3241,0.008,1
rome,grafo4804.65,65,83,C,5,7,7,refutation,114514,0.218,1
rome,grafo4743.76,76,109,C,6,9,8,refutation,1190717,1.087,1
rome,grafo4818.65,65,84,C,4,7,6,refutation,28207,0.111,1
rome,grafo4745.81,81,115,C,6,9,8,refutation,1293492,1.09,1
rome,grafo483.15,15,20,C,3,3,3,bound,0,0.003,1
rome,grafo4826.79,79,102,C,4,7,6,refutation,52957,0.085,1
rome,grafo4827.55,55,73,C,5,7,6,refutation,20699,0.046,1
rome,grafo4791.78,78,99,C,5,7,7,refutation,465527,0.485,1
rome,grafo4829.56,56,69,C,4,6,5,refutation,4843,0.02,1
rome,grafo4828.65,65,88,C,4,7,6,refutation,26128,0.046,1
rome,grafo4821.55,55,79,C,5,7,7,refutation,59588,0.152,1
rome,grafo4832.59,59,74,C,4,5,5,refutation,7368,0.031,1
rome,grafo4817.55,55,80,C,5,9,8,refutation,208486,0.178,1
rome,grafo4838.58,58,86,C,5,7,6,refutation,14576,0.027,1
rome,grafo4757.72,72,97,C,6,8,8,refutation,1256646,1.05,1
rome,grafo484.30,30,35,C,2,3,3,refutation,312,0.001,1
rome,grafo4840.59,59,82,C,5,7,5,bound,2053,0.006,1
rome,grafo4836.56,56,78,C,4,6,6,refutation,11959,0.043,1
rome,grafo4819.72,72,97,C,5,8,7,refutation,139047,0.234,1
rome,grafo4820.66,66,100,C,7,9,8,refutation,288850,0.231,1
rome,grafo4844.58,58,69,C,4,5,4,bound,45,0.002,1
rome,grafo4835.59,59,80,C,5,7,6,refutation,77690,0.107,1
rome,grafo4831.56,56,86,C,6,8,8,refutation,120966,0.125,1
rome,grafo4814.68,68,90,C,5,7,7,refutation,134957,0.294,1
rome,grafo4846.62,62,76,C,4,6,5,refutation,8114,0.019,1
rome,grafo4843.53,53,70,C,4,6,6,refutation,14045,0.025,1
rome,grafo485.16,16,20,C,3,3,3,bound,0,0.0,1
rome,grafo4849.54,54,68,C,3,5,4,refutation,1187,0.007,1
rome,grafo4782.66,66,100,C,7,9,9,refutation,781081,0.797,1
rome,grafo4841.67,67,90,C,5,7,6,refutation,49845,0.092,1
rome,grafo4848.65,65,80,C,4,6,5,refutation,9542,0.042,1
rome,grafo4853.49,49,62,C,3,5,4,refutation,1026,0.004,1
rome,grafo4834.74,74,91,C,4,6,6,refutation,68074,0.185,1
rome,grafo4852.58,58,79,C,4,7,6,refutation,10942,0.021,1
rome,grafo4854.57,57,76,C,4,6,5,refutation,4655,0.022,1
rome,grafo4724.75,75,107,C,7,9,9,refutation,1775499,1.518,1
rome,grafo4857.62,62,76,C,4,6,5,refutation,10542,0.022,1
rome,grafo486.13,13,16,C,2,2,2,bound,0,0.0,1
rome,grafo4856.60,60,80,C,4,5,5,refutation,4712,0.024,1
rome,grafo4847.56,56,86,C,5,9,8,refutation,67651,0.093,1
rome,grafo4842.58,58,81,C,5,7,7,refutation,98093,0.148,1
rome,grafo4859.59,59,78,C,4,6,5,refutation,5006,0.023,1
rome,grafo4851.58,58,80,C,5,7,7,refutation,54188,0.096,1
rome,grafo4862.51,51,67,C,4,6,5,refutation,7190,0.023,1
rome,grafo4860.54,54,75,C,5,7,6,refutation,12569,0.027,1
rome,grafo4839.63,63,87,C,6,7,7,refutation,95785,0.196,1
rome,grafo4864.58,58,73,C,4,6,5,refutation,7511,0.028,1
rome,grafo4869.50,50,69,C,5,6,5,bound,866,0.006,1
rome,grafo487.14,14,14,C,2,2,2,bound,0,0.0,1
rome,grafo4822.72,72,100,C,5,9,7,refutation,294807,0.396,1
rome,grafo4863.61,61,84,C,5,6,6,refutation,24519,0.054,1
rome,grafo4850.55,55,75,C,5,7,7,refutation,82262,0.15,1
rome,grafo4871.53,53,71,C,4,6,5,refutation,1996,0.012,1
rome,grafo4867.57,57,76,C,4,7,6,refutation,43205,0.061,1
rome,grafo4873.56,56,73,C,4,6,5,refutation,5398,0.017,1
rome,grafo4874.52,52,70,C,4,6,5,refutation,5569,0.024,1
rome,grafo4613.77,77,120,C,7,10,10,refutation,3703068,3.311,1
rome,grafo4876.60,60,78,C,4,6,5,refutation,13920,0.023,1
rome,grafo4861.55,55,76,C,5,7,7,refutation,45381,0.141,1
rome,grafo488.25,25,27,C,2,3,2,bound,36,0.001,1
rome,grafo4878.61,61,79,C,4,7,6,refutation,33549,0.048,1
rome,grafo4880.56,56,77,C,4,7,5,refutation,8278,0.037,1
rome,grafo4879.73,73,97,C,4,7,6,refutation,48511,0.07,1
rome,grafo4837.77,77,106,C,5,8,7,refutation,330286,0.377,1
rome,grafo4883.62,62,82,C,5,7,5,bound,82,0.006,1
rome,grafo4884.63,63,86,C,5,6,5,bound,52,0.003,1
rome,grafo4886.60,60,73,C,4,6,5,refutation,6666,0.015,1
rome,grafo4845.79,79,99,C,4,8,7,refutation,414719,0.329,1
rome,grafo4882.53,53,75,C,5,6,6,refutation,8438,0.039,1
rome,grafo4889.58,58,77,C,5,7,6,refutation,17542,0.065,1
rome,grafo489.14,14,15,C,2,2,2,bound,0,0.0,1
rome,grafo4881.66,66,83,C,4,7,6,refutation,108461,0.127,1
rome,grafo4877.62,62,85,C,5,8,7,refutation,149814,0.194,1
rome,grafo4888.62,62,80,C,4,6,6,refutation,37451,0.105,1
rome,grafo4891.63,63,87,C,5,7,6,refutation,28010,0.041,1
rome,grafo4893.51,51,64,C,3,5,4,refutation,1267,0.007,1
rome,grafo4892.61,61,79,C,4,6,6,refutation,33205,0.048,1
rome,grafo4872.60,60,103,C,7,10,10,refutation,350437,0.284,1
rome,grafo4858.74,74,105,C,6,8,7,refutation,219970,0.389,1
rome,grafo4894.55,55,76,C,5,7,7,refutation,63615,0.075,1
rome,grafo4896.68,68,86,C,5,6,6,refutation,41543,0.058,1
rome,grafo490.40,40,45,C,3,4,3,bound,344,0.002,1
rome,grafo4901.58,58,76,C,5,6,5,bound,6074,0.011,1
rome,grafo4801.69,69,95,C,5,9,8,refutation,1065625,0.951,1
rome,grafo4785.79,79,109,C,6,10,9,refutation,1545985,1.309,1
rome,grafo4904.65,65,78,C,4,5,4,bound,95,0.003,1
rome,grafo4900.59,59,83,C,5,8,7,refutation,79747,0.091,1
rome,grafo4905.56,56,66,C,4,6,5,refutation,10873,0.018,1
rome,grafo4898.64,64,85,C,4,8,7,refutation,245524,0.171,1
rome,grafo4906.61,61,83,C,5,7,6,refutation,15472,0.026,1
rome,grafo4907.63,63,83,C,4,7,6,refutation,18839,0.032,1
rome,grafo491.12,12,11,C,1,1,1,bound,0,0.0,1
rome,grafo4710.78,78,110,C,5,9,9,refutation,1950233,2.27,1
rome,grafo4895.53,53,75,C,5,8,7,refutation,100871,0.213,1
rome,grafo4899.58,58,80,C,5,7,7,refutation,76220,0.185,1
rome,grafo4910.60,60,76,C,4,6,5,refutation,6611,0.027,1
rome,grafo4914.54,54,71,C,5,7,6,refutation,9116,0.032,1
rome,grafo4909.61,61,77,C,4,7,6,refutation,62076,0.075,1
rome,grafo4915.55,55,74,C,5,6,6,refutation,29279,0.04,1
rome,grafo4866.78,78,104,C,5,8,8,refutation,757431,0.632,1
rome,grafo4911.57,57,85,C,5,8,7,refutation,40373,0.103,1
rome,grafo4918.55,55,65,C,3,5,4,refutation,1997,0.006,1
rome,grafo492.18,18,19,C,2,2,2,bound,0,0.0,1
rome,grafo4919.57,57,74,C,4,6,5,refutation,9437,0.017,1
rome,grafo4885.71,71,105,C,6,9,9,refutation,774750,0.523,1
rome,grafo4920.63,63,85,C,5,7,7,refutation,85987,0.097,1
rome,grafo481.80,80,108,C,5,8,7,refutation,1099711,1.203,1
rome,grafo4890.80,80,108,C,5,8,7,refutation,225271,0.479,1
rome,grafo4922.61,61,91,C,5,8,7,refutation,52271,0.065,1
rome,grafo4923.63,63,72,C,4,5,5,refutation,13827,0.026,1
rome,grafo4830.72,72,101,C,5,9,8,refutation,960716,1.101,1
rome,grafo4924.62,62,84,C,5,7,7,refutation,66043,0.109,1
rome,grafo4797.75,75,105,C,5,9,9,refutation,1490228,1.522,1
rome,grafo493.12,12,12,C,2,2,2,bound,0,0.0,1
rome,grafo4908.80,80,102,C,5,7,7,refutation,576231,0.384,1
rome,grafo4930.64,64,87,C,4,7,5,refutation,9088,0.02,1
rome,grafo4931.53,53,64,C,3,4,4,refutation,1652,0.004,1
rome,grafo4933.58,58,67,C,3,6,3,bound,538,0.006,1
rome,grafo4928.54,54,72,C,5,7,6,refutation,32860,0.052,1
rome,grafo4902.83,83,106,C,4,8,7,refutation,546999,0.512,1
rome,grafo4925.71,71,89,C,5,7,6,refutation,64201,0.173,1
rome,grafo4927.78,78,96,C,4,7,6,refutation,92968,0.169,1
rome,grafo4934.59,59,72,C,4,5,5,refutation,12613,0.042,1
rome,grafo4939.59,59,71,C,3,5,4,refutation,1808,0.005,1
rome,grafo494.13,13,16,C,3,3,3,bound,0,0.0,1
rome,grafo4912.65,65,92,C,6,8,8,refutation,352296,0.45,1
rome,grafo4870.75,75,102,C,5,9,8,refutation,910133,0.968,1
rome,grafo4940.56,56,72,C,4,7,6,refutation,25868,0.055,1
rome,grafo4943.61,61,74,C,3,5,4,refutation,2262,0.016,1
rome,grafo4942.54,54,77,C,5,7,6,refutation,12567,0.028,1
rome,grafo4945.50,50,69,C,5,6,5,bound,114,0.002,1
rome,grafo4935.63,63,77,C,5,6,6,refutation,56961,0.138,1
rome,grafo4887.78,78,99,C,5,8,7,refutation,702883,0.859,1
rome,grafo4947.53,53,66,C,4,6,5,refutation,7687,0.015,1
rome,grafo4944.58,58,78,C,4,6,5,refutation,8539,0.035,1
rome,grafo495.20,20,20,C,2,2,2,bound,0,0.0,1
rome,grafo4949.56,56,66,C,3,5,4,refutation,3166,0.008,1
rome,grafo4932.58,58,87,C,5,8,7,refutation,70880,0.177,1
rome,grafo4937.56,56,81,C,5,8,7,refutation,50753,0.159,1
rome,grafo4952.62,62,78,C,4,6,5,refutation,8944,0.018,1
rome,grafo4950.50,50,64,C,3,6,5,refutation,7507,0.03,1
rome,grafo4938.71,71,94,C,5,8,7,refutation,164798,0.211,1
rome,grafo4956.51,51,59,C,3,4,3,bound,117,0.002,1
rome,grafo4951.60,60,80,C,4,7,7,refutation,58250,0.112,1
rome,grafo4926.78,78,103,C,5,9,8,refutation,612695,0.442,1
rome,grafo4959.59,59,69,C,3,5,4,refutation,4648,0.009,1
rome,grafo496.15,15,20,C,2,3,3,refutation,30,0.0,1
rome,grafo4955.59,59,73,C,4,6,6,refutation,57117,0.117,1
rome,grafo4960.58,58,79,C,4,6,5,refutation,3742,0.008,1
rome,grafo4941.74,74,95,C,5,8,7,refutation,280294,0.301,1
rome,grafo4958.66,66,81,C,5,6,6,refutation,42830,0.114,1
rome,grafo4964.49,49,63,C,4,5,4,bound,49,0.002,1
rome,grafo4963.64,64,82,C,4,6,5,refutation,11419,0.027,1
rome,grafo4966.53,53,66,C,4,5,4,bound,69,0.002,1
rome,grafo4764.83,83,112,C,5,8,8,refutation,2455511,2.456,1
rome,grafo4965.52,52,68,C,5,6,6,refutation,25268,0.038,1
rome,grafo4967.55,55,66,C,4,6,5,refutation,8926,0.022,1
rome,grafo497.15,15,17,C,3,3,3,bound,0,0.0,1
rome,grafo4948.78,78,104,C,5,8,7,refutation,304746,0.329,1
rome,grafo4929.81,81,99,C,5,8,7,refutation,483315,0.533,1
rome,grafo4969.54,54,85,C,5,8,7,refutation,40221,0.058,1
rome,grafo4957.87,87,107,C,4,7,6,refutation,278242,0.3,1
rome,grafo4972.58,58,75,C,5,7,6,refutation,38631,0.086,1
rome,grafo4825.83,83,110,C,5,8,8,refutation,2062172,1.828,1
rome,grafo4974.58,58,79,C,4,7,6,refutation,20065,0.034,1
rome,grafo4725.75,75,106,C,6,9,9,refutation,3117243,3.068,1
rome,grafo4855.77,77,106,C,6,9,8,refutation,1364065,1.602,1
rome,grafo4975.74,74,98,C,5,8,6,refutation,54391,0.081,1
rome,grafo498.12,12,16,C,2,2,2,bound,0,0.0,1
rome,grafo4978.79,79,100,C,5,7,6,refutation,66424,0.082,1
rome,grafo4971.81,81,101,C,5,7,6,refutation,220721,0.231,1
rome,grafo4980.59,59,80,C,5,8,7,refutation,64328,0.08,1
rome,grafo4970.57,57,80,C,5,8,8,refutation,266097,0.297,1
rome,grafo4977.65,65,91,C,5,7,7,refutation,99281,0.144,1
rome,grafo4985.58,58,76,C,4,6,5,refutation,6097,0.013,1
rome,grafo4981.65,65,81,C,4,6,6,refutation,78438,0.083,1
rome,grafo4968.77,77,97,C,5,7,7,refutation,215724,0.344,1
rome,grafo4987.64,64,77,C,3,6,5,refutation,11380,0.02,1
rome,grafo4979.68,68,97,C,5,8,7,refutation,82954,0.181,1
rome,grafo4973.66,66,93,C,5,8,8,refutation,320600,0.308,1
rome,grafo499.37,37,48,C,4,5,5,refutation,2527,0.007,1
rome,grafo4917.76,76,100,C,5,9,8,refutation,1300857,1.12,1
rome,grafo4903.75,75,108,C,6,10,9,refutation,1260144,1.352,1
rome,grafo4983.77,77,105,C,5,8,6,refutation,97562,0.111,1
rome,grafo4990.61,61,80,C,4,6,6,refutation,31551,0.05,1
rome,grafo4989.75,75,99,C,5,7,6,refutation,47892,0.071,1
rome,grafo4996.53,53,69,C,4,6,5,refutation,2413,0.006,1
rome,grafo4982.63,63,90,C,5,8,7,refutation,90504,0.182,1
rome,grafo4992.75,75,97,C,5,7,6,refutation,85094,0.093,1
rome,grafo4995.59,59,76,C,5,7,6,refutation,32952,0.072,1
rome,grafo500.15,15,17,C,2,2,2,bound,0,0.0,1
rome,grafo4961.79,79,100,C,5,8,7,refutation,512512,0.65,1
rome,grafo4998.61,61,73,C,4,6,5,refutation,22755,0.077,1
rome,grafo5002.54,54,64,C,4,5,4,bound,401,0.005,1
rome,grafo4999.55,55,72,C,5,7,6,refutation,33279,0.057,1
rome,grafo5003.58,58,71,C,4,6,4,bound,603,0.005,1
rome,grafo4988.62,62,79,C,5,7,6,refutation,181849,0.221,1
rome,grafo4994.65,65,96,C,6,8,8,refutation,161154,0.155,1
rome,grafo5007.64,64,78,C,4,5,5,refutation,9700,0.019,1
rome,grafo4991.67,67,89,C,5,8,7,refutation,222947,0.216,1
rome,grafo501.13,13,12,C,1,2,2,refutation,13,0.0,1
rome,grafo4954.81,81,101,C,4,7,7,refutation,759090,0.854,1
rome,grafo5010.56,56,71,C,4,5,4,bound,89,0.002,1
rome,grafo4976.81,81,103,C,5,7,7,refutation,592528,0.468,1
rome,grafo4984.74,74,103,C,6,9,8,refutation,388028,0.317,1
rome,grafo5012.53,53,72,C,4,6,6,refutation,14447,0.03,1
rome,grafo4913.79,79,109,C,6,8,8,refutation,909019,1.447,1
rome,grafo5004.67,67,101,C,5,8,7,refutation,61199,0.085,1
rome,grafo5008.58,58,77,C,5,7,6,refutation,28896,0.047,1
rome,grafo5006.58,58,75,C,4,6,6,refutation,22146,0.078,1
rome,grafo5011.62,62,85,C,4,7,6,refutation,23030,0.042,1
rome,grafo502.20,20,22,C,2,3,3,refutation,69,0.001,1
rome,grafo5016.61,61,77,C,4,6,5,refutation,6888,0.031,1
rome,grafo5017.63,63,89,C,5,8,7,refutation,75037,0.085,1
rome,grafo5015.80,80,96,C,4,6,5,refutation,30557,0.089,1
rome,grafo5001.74,74,91,C,4,6,6,refutation,133044,0.205,1
rome,grafo5013.82,82,107,C,5,7,6,refutation,72691,0.133,1
rome,grafo4997.81,81,106,C,5,7,7,refutation,434954,0.324,1
rome,grafo5023.55,55,78,C,5,7,6,refutation,17644,0.041,1
rome,grafo5019.63,63,80,C,4,6,6,refutation,48181,0.138,1
rome,grafo5026.52,52,70,C,5,7,6,refutation,13380,0.028,1
rome,grafo5021.66,66,84,C,5,6,6,refutation,36988,0.121,1
rome,grafo503.11,11,14,C,2,2,2,bound,0,0.0,1
rome,grafo5027.60,60,85,C,5,7,7,refutation,142692,0.136,1
rome,grafo4865.80,80,117,C,7,9,9,refutation,2386799,2.293,1
rome,grafo5032.57,57,69,C,4,5,5,refutation,10703,0.02,1
rome,grafo5014.61,61,89,C,5,9,8,refutation,351910,0.341,1
rome,grafo4986.83,83,107,C,5,8,7,refutation,432285,0.668,1
rome,grafo5035.56,56,71,C,4,6,5,refutation,10205,0.032,1
rome,grafo5034.78,78,92,C,4,6,5,refutation,21168,0.053,1
rome,grafo5031.64,64,95,C,6,8,7,refutation,124553,0.149,1
rome,grafo5038.55,55,73,C,4,6,5,refutation,8975,0.015,1
rome,grafo5039.71,71,96,C,5,8,6,refutation,62230,0.078,1
rome,grafo504.25,25,29,C,3,3,3,bound,0,0.001,1
rome,grafo4868.78,78,114,C,6,9,9,refutation,2578288,2.511,1
rome,grafo5041.57,57,63,C,3,5,3,bound,713,0.003,1
rome,grafo4875.78,78,117,C,6,10,9,refutation,2576632,2.473,1
rome,grafo5040.53,53,72,C,5,8,6,refutation,18092,0.029,1
rome,grafo5037.75,75,97,C,5,8,6,refutation,169046,0.177,1
rome,grafo5042.56,56,72,C,4,6,5,refutation,8493,0.016,1
rome,grafo5045.55,55,76,C,4,6,5,refutation,3455,0.008,1
rome,grafo4946.85,85,120,C,5,9,8,refutation,2268205,1.56,1
rome,grafo5047.60,60,92,C,6,8,7,refutation,37507,0.053,1
rome,grafo5049.63,63,88,C,6,6,6,bound,0,0.002,1
rome,grafo505.13,13,12,C,1,2,2,refutation,17,0.0,1
rome,grafo5036.62,62,84,C,4,7,7,refutation,152889,0.249,1
rome,grafo5033.66,66,88,C,5,8,7,refutation,189198,0.317,1
rome,grafo5048.61,61,80,C,4,5,5,refutation,13098,0.02,1
rome,grafo5022.67,67,103,C,7,9,9,refutation,819133,0.568,1
rome,grafo5050.55,55,69,C,4,6,5,refutation,13181,0.022,1
rome,grafo5000.80,80,110,C,5,8,8,refutation,918713,0.818,1
rome,grafo5055.56,56,77,C,5,7,6,refutation,17449,0.031,1
rome,grafo5057.53,53,68,C,3,5,4,refutation,906,0.003,1
rome,grafo5053.60,60,86,C,5,8,7,refutation,69639,0.079,1
rome,grafo5056.58,58,77,C,4,7,6,refutation,21830,0.06,1
rome,grafo5054.69,69,102,C,5,8,7,refutation,73286,0.092,1
rome,grafo5029.80,80,108,C,5,8,8,refutation,853651,0.609,1
rome,grafo5043.64,64,84,C,5,7,7,refutation,267610,0.214,1
rome,grafo5052.53,53,77,C,5,7,7,refutation,36887,0.124,1
rome,grafo4297.79,79,117,C,7,10,9,budget,15384804,10.034,1
rome,grafo506.43,43,51,C,4,5,5,refutation,6421,0.024,1
rome,grafo5062.64,64,78,C,5,6,5,bound,66,0.003,1
rome,grafo5061.58,58,71,C,4,5,4,bound,79,0.002,1
rome,grafo5018.81,81,102,C,5,8,7,refutation,709394,0.773,1
rome,grafo5064.58,58,67,C,3,4,3,bound,1936,0.011,1
rome,grafo5066.51,51,70,C,4,6,5,refutation,3823,0.011,1
rome,grafo507.24,24,24,C,2,3,2,bound,32,0.001,1
rome,grafo5070.52,52,63,C,4,5,4,bound,433,0.006,1
rome,grafo5065.60,60,74,C,4,6,5,refutation,8260,0.037,1
rome,grafo5060.75,75,99,C,5,7,6,refutation,56289,0.077,1
rome,grafo5067.64,64,82,C,4,6,5,refutation,16356,0.06,1
rome,grafo5068.63,63,87,C,5,8,7,refutation,92149,0.112,1
rome,grafo5058.62,62,92,C,7,9,8,refutation,165992,0.189,1
rome,grafo5071.56,56,74,C,4,7,6,refutation,25002,0.09,1
rome,grafo5075.58,58,75,C,4,6,5,refutation,5240,0.011,1
rome,grafo5069.64,64,82,C,5,7,6,refutation,34843,0.122,1
rome,grafo5063.78,78,102,C,5,7,6,refutation,66270,0.145,1
rome,grafo5078.49,49,64,C,4,5,5,refutation,5105,0.01,1
rome,grafo508.20,20,21,C,2,3,2,bound,44,0.0,1
rome,grafo5081.55,55,70,C,4,5,4,bound,59,0.002,1
rome,grafo5044.59,59,84,C,6,8,8,refutation,437822,0.379,1
rome,grafo5059.69,69,100,C,5,8,7,refutation,296636,0.222,1
rome,grafo5083.59,59,71,C,4,6,5,refutation,18932,0.033,1
rome,grafo5084.62,62,81,C,4,7,5,refutation,14955,0.027,1
rome,grafo5025.79,79,110,C,6,8,8,refutation,1102442,0.875,1
rome,grafo5077.56,56,79,C,5,7,7,refutation,40455,0.116,1
rome,grafo5082.60,60,80,C,5,8,7,refutation,65820,0.088,1
rome,grafo5080.79,79,107,C,5,8,6,refutation,47394,0.097,1
rome,grafo509.21,21,29,C,4,4,4,bound,0,0.0,1
rome,grafo5020.62,62,89,C,5,10,9,refutation,724741,1.015,1
rome,grafo5088.54,54,72,C,5,6,6,refutation,21094,0.036,1
rome,grafo5089.56,56,83,C,4,8,7,refutation,29017,0.047,1
rome,grafo5092.52,52,66,C,4,6,5,refutation,7057,0.014,1
rome,grafo5093.80,80,103,C,4,6,5,refutation,15952,0.033,1
rome,grafo5028.83,83,117,C,5,9,8,refutation,929756,0.95,1
rome,grafo5073.78,78,100,C,5,8,7,refutation,352596,0.273,1
rome,grafo5094.70,70,91,C,5,7,6,refutation,43315,0.064,1
rome,grafo5087.77,77,100,C,5,7,6,refutation,120304,0.152,1
rome,grafo4993.65,65,100,C,6,9,9,refutation,951280,1.377,1
rome,grafo510.13,13,16,C,3,3,3,bound,0,0.0,1
rome,grafo5072.64,64,86,C,5,9,8,refutation,252684,0.347,1
rome,grafo5095.62,62,90,C,5,7,7,refutation,76857,0.09,1
rome,grafo5091.53,53,77,C,6,8,7,refutation,59887,0.157,1
rome,grafo5102.51,51,60,C,4,4,4,bound,0,0.002,1
rome,grafo5096.60,60,76,C,5,7,6,refutation,49230,0.085,1
rome,grafo5099.78,78,93,C,4,6,5,refutation,19354,0.065,1
rome,grafo5098.58,58,79,C,5,8,7,refutation,88905,0.103,1
rome,grafo5105.52,52,81,C,5,7,6,refutation,10486,0.04,1
rome,grafo5107.67,67,80,C,4,6,4,bound,919,0.005,1
rome,grafo5030.67,67,95,C,5,9,9,refutation,732941,1.084,1
rome,grafo511.13,13,14,C,2,3,3,refutation,20,0.0,1
rome,grafo5085.81,81,117,C,6,7,7,refutation,258446,0.288,1
rome,grafo5106.73,73,95,C,5,7,6,refutation,35795,0.056,1
rome,grafo5104.57,57,78,C,5,7,7,refutation,70279,0.082,1
rome,grafo5103.53,53,72,C,4,7,6,refutation,28918,0.097,1
rome,grafo5112.61,61,77,C,5,7,6,refutation,31997,0.046,1
rome,grafo5114.53,53,69,C,4,5,5,refutation,4636,0.019,1
rome,grafo5113.63,63,85,C,5,6,6,refutation,23391,0.04,1
rome,grafo5110.58,58,85,C,5,8,7,refutation,27679,0.091,1
rome,grafo5079.64,64,83,C,5,8,7,refutation,252129,0.43,1
rome,grafo5108.72,72,88,C,4,7,6,refutation,61834,0.119,1
rome,grafo5117.56,56,72,C,4,6,6,refutation,24523,0.04,1
rome,grafo512.16,16,16,C,2,3,2,bound,17,0.0,1
rome,grafo5100.67,67,89,C,5,7,7,refutation,88959,0.223,1
rome,grafo5101.78,78,106,C,5,7,7,refutation,192562,0.227,1
rome,grafo5122.39,39,51,C,4,5,5,refutation,1733,0.007,1
rome,grafo5124.36,36,43,C,3,5,5,refutation,1678,0.01,1
rome,grafo5125.35,35,41,C,3,4,4,refutation,439,0.005,1
rome,grafo5126.43,43,53,C,3,5,4,refutation,1527,0.01,1
rome,grafo5127.33,33,40,C,3,4,4,refutation,330,0.001,1
rome,grafo5120.60,60,76,C,4,7,6,refutation,49662,0.068,1
rome,grafo5128.37,37,47,C,4,5,4,bound,305,0.002,1
rome,grafo513.10,10,10,C,2,2,2,bound,0,0.0,1
rome,grafo5115.65,65,98,C,6,8,7,refutation,66087,0.126,1
rome,grafo5130.44,44,56,C,5,6,5,bound,44,0.002,1
rome,grafo5129.53,53,74,C,6,8,6,bound,985,0.004,1
rome,grafo5005.82,82,105,C,5,9,7,refutation,1570482,1.528,1
rome,grafo5133.33,33,46,C,4,4,4,bound,0,0.001,1
rome,grafo5131.48,48,59,C,3,4,4,refutation,1136,0.006,1
rome,grafo5135.39,39,47,C,3,5,4,refutation,583,0.004,1
rome,grafo5074.73,73,95,C,6,8,8,refutation,514134,0.625,1
rome,grafo5046.80,80,108,C,5,9,8,refutation,834666,0.895,1
rome,grafo5118.62,62,78,C,4,7,6,refutation,40352,0.122,1
rome,grafo4936.83,83,112,C,6,10,9,refutation,2782317,2.539,1
rome,grafo514.13,13,12,C,1,2,2,refutation,15,0.0,1
rome,grafo5141.42,42,51,C,3,4,4,refutation,707,0.002,1
rome,grafo5142.36,36,48,C,4,5,5,refutation,1317,0.006,1
rome,grafo5143.34,34,40,C,3,3,3,bound,0,0.001,1
rome,grafo5139.56,56,74,C,4,7,5,refutation,13418,0.025,1
rome,grafo5116.74,74,101,C,4,7,6,refutation,55259,0.17,1
rome,grafo5145.40,40,50,C,3,4,4,refutation,588,0.002,1
rome,grafo4348.83,83,124,C,7,11,10,budget,13546383,10.023,1
rome,grafo5148.34,34,37,C,2,3,3,refutation,140,0.001,1
rome,grafo5146.41,41,50,C,4,5,4,bound,1061,0.006,1
rome,grafo5138.45,45,62,C,5,6,6,refutation,8990,0.035,1
rome,grafo515.11,11,11,C,2,2,2,bound,0,0.0,1
rome,grafo5140.62,62,76,C,4,6,5,refutation,12286,0.035,1
rome,grafo5152.39,39,50,C,3,4,4,refutation,373,0.004,1
rome,grafo5149.41,41,55,C,4,6,6,refutation,2618,0.009,1
rome,grafo5153.33,33,40,C,3,3,3,bound,0,0.001,1
rome,grafo5151.38,38,58,C,5,6,6,refutation,2124,0.011,1
rome,grafo5155.36,36,47,C,3,5,4,refutation,544,0.005,1
rome,grafo5154.39,39,57,C,5,6,6,refutation,1726,0.006,1
rome,grafo5157.39,39,54,C,4,5,4,bound,36,0.001,1
rome,grafo5150.52,52,70,C,4,6,5,refutation,4691,0.02,1
rome,grafo516.15,15,16,C,2,2,2,bound,0,0.0,1
rome,grafo5076.78,78,105,C,6,8,7,refutation,656947,0.632,1
rome,grafo5123.68,68,94,C,5,8,7,refutation,98007,0.142,1
rome,grafo5162.43,43,58,C,5,6,5,bound,94,0.002,1
rome,grafo5160.42,42,53,C,4,5,5,refutation,2686,0.012,1
rome,grafo5147.67,67,88,C,4,7,6,refutation,45421,0.068,1
rome,grafo5158.43,43,63,C,5,7,7,refutation,10540,0.042,1
rome,grafo5166.42,42,54,C,4,4,4,bound,0,0.001,1
rome,grafo5086.83,83,112,C,5,9,8,refutation,786109,0.601,1
rome,grafo5136.58,58,81,C,5,6,6,refutation,40214,0.119,1
rome,grafo5165.42,42,58,C,5,7,6,refutation,4743,0.01,1
rome,grafo517.17,17,23,C,3,3,3,bound,0,0.0,1
rome,grafo5164.47,47,68,C,5,7,6,refutation,9377,0.037,1
rome,grafo5167.40,40,54,C,4,5,5,refutation,1717,0.007,1
rome,grafo5168.45,45,64,C,4,7,6,refutation,7400,0.015,1
rome,grafo5159.59,59,84,C,5,7,6,refutation,15474,0.067,1
rome,grafo5134.62,62,80,C,5,6,6,refutation,49007,0.145,1
rome,grafo5175.36,36,45,C,4,5,4,bound,41,0.001,1
rome,grafo5163.62,62,94,C,6,7,7,refutation,41345,0.063,1
rome,grafo5177.33,33,41,C,3,4,4,refutation,253,0.001,1
rome,grafo4962.76,76,105,C,6,9,9,refutation,2950267,2.363,1
rome,grafo5174.44,44,60,C,4,6,5,refutation,3872,0.014,1
rome,grafo518.15,15,17,C,3,3,3,bound,0,0.0,1
rome,grafo5161.45,45,73,C,6,9,8,refutation,40962,0.086,1
rome,grafo5178.42,42,58,C,4,6,5,refutation,1123,0.004,1
rome,grafo5182.33,33,38,C,3,3,3,bound,0,0.001,1
rome,grafo5181.39,39,47,C,3,5,4,refutation,906,0.003,1
rome,grafo5184.36,36,47,C,4,5,5,refutation,1022,0.003,1
rome,grafo4921.83,83,115,C,6,10,9,refutation,3122914,2.957,1
rome,grafo5183.42,42,58,C,4,6,5,refutation,1705,0.005,1
rome,grafo5185.41,41,49,C,3,4,4,refutation,592,0.002,1
rome,grafo5173.58,58,83,C,5,7,6,refutation,29529,0.05,1
rome,grafo5188.70,70,89,C,4,6,5,refutation,8316,0.019,1
rome,grafo5187.43,43,61,C,5,7,6,refutation,5349,0.023,1
rome,grafo519.12,12,15,C,3,3,3,bound,0,0.0,1
rome,grafo5190.36,36,43,C,3,4,4,refutation,421,0.005,1
rome,grafo5170.59,59,76,C,4,7,6,refutation,53011,0.074,1
rome,grafo5192.34,34,39,C,3,4,4,refutation,678,0.005,1
rome,grafo5193.37,37,45,C,3,5,5,refutation,1587,0.004,1
rome,grafo5137.59,59,87,C,6,8,7,refutation,83421,0.207,1
rome,grafo5186.55,55,79,C,5,7,6,refutation,30078,0.051,1
rome,grafo5191.41,41,61,C,5,6,6,refutation,10809,0.024,1
rome,grafo5197.34,34,36,C,2,3,3,refutation,316,0.001,1
rome,grafo5171.77,77,91,C,4,6,5,refutation,34173,0.097,1
rome,grafo520.14,14,22,C,3,3,3,bound,0,0.0,1
rome,grafo5195.60,60,78,C,5,7,5,bound,8438,0.018,1
rome,grafo5156.56,56,72,C,4,6,6,refutation,50974,0.163,1
rome,grafo5199.42,42,61,C,5,7,6,refutation,4776,0.01,1
rome,grafo5203.33,33,41,C,4,4,4,bound,0,0.001,1
rome,grafo5202.35,35,40,C,3,4,4,refutation,535,0.005,1
rome,grafo5194.48,48,65,C,4,6,6,refutation,6466,0.033,1
rome,grafo5200.35,35,43,C,3,5,5,refutation,1724,0.008,1
rome,grafo5205.35,35,42,C,4,4,4,bound,0,0.001,1
rome,grafo5198.45,45,66,C,5,6,6,refutation,3880,0.018,1
rome,grafo5121.74,74,107,C,6,8,8,refutation,402953,0.333,1
rome,grafo521.20,20,21,C,2,2,2,bound,0,0.0,1
rome,grafo5206.33,33,43,C,3,5,4,refutation,534,0.005,1
rome,grafo5201.53,53,66,C,3,5,4,refutation,2255,0.012,1
rome,grafo5208.39,39,51,C,3,4,4,refutation,668,0.006,1
rome,grafo5204.36,36,49,C,4,6,6,refutation,3767,0.008,1
rome,grafo5211.40,40,54,C,5,6,5,bound,44,0.001,1
rome,grafo5180.77,77,102,C,5,7,6,refutation,69962,0.092,1
rome,grafo5213.31,31,37,C,3,4,4,refutation,336,0.001,1
rome,grafo5215.39,39,43,C,2,4,3,refutation,442,0.005,1
rome,grafo5216.43,43,57,C,4,6,5,refutation,1659,0.005,1
rome,grafo5207.43,43,66,C,5,7,6,refutation,3329,0.014,1
rome,grafo5218.36,36,44,C,3,4,4,refutation,588,0.003,1
rome,grafo522.24,24,30,C,3,3,3,bound,0,0.0,1
rome,grafo5219.38,38,47,C,3,4,4,refutation,412,0.003,1
rome,grafo5222.38,38,43,C,2,4,3,refutation,305,0.001,1
rome,grafo5220.49,49,64,C,4,6,5,refutation,4740,0.014,1
rome,grafo5224.42,42,58,C,4,5,5,refutation,1097,0.004,1
rome,grafo5221.44,44,57,C,4,5,5,refutation,4565,0.028,1
rome,grafo5225.41,41,52,C,4,5,5,refutation,2821,0.007,1
rome,grafo5227.38,38,48,C,4,5,5,refutation,2082,0.005,1
rome,grafo5226.36,36,46,C,3,5,5,refutation,1315,0.01,1
rome,grafo5228.43,43,56,C,3,5,4,refutation,583,0.003,1
rome,grafo523.20,20,23,C,2,3,3,refutation,87,0.001,1
rome,grafo5214.59,59,80,C,4,7,6,refutation,35358,0.062,1
rome,grafo5229.37,37,53,C,5,5,5,bound,0,0.001,1
rome,grafo5231.40,40,56,C,4,6,5,refutation,1538,0.005,1
rome,grafo5233.37,37,47,C,3,3,3,bound,0,0.001,1
rome,grafo5234.41,41,51,C,4,5,4,bound,107,0.001,1
rome,grafo5235.32,32,38,C,4,4,4,bound,0,0.001,1
rome,grafo5236.38,38,43,C,3,3,3,bound,0,0.001,1
rome,grafo5210.74,74,93,C,4,6,6,refutation,56678,0.086,1
rome,grafo5238.32,32,37,C,3,3,3,bound,0,0.001,1
rome,grafo5209.60,60,81,C,5,7,6,refutation,56589,0.101,1
rome,grafo524.14,14,15,C,2,2,2,bound,0,0.0,1
rome,grafo5240.43,43,58,C,4,6,4,bound,329,0.002,1
rome,grafo5232.46,46,63,C,4,6,5,refutation,6411,0.044,1
rome,grafo5241.42,42,55,C,4,5,5,refutation,6134,0.009,1
rome,grafo5242.39,39,49,C,3,5,5,refutation,1782,0.01,1
rome,grafo5243.44,44,61,C,5,6,6,refutation,6400,0.01,1
rome,grafo5244.32,32,38,C,3,3,3,bound,0,0.001,1
rome,grafo5245.43,43,59,C,4,5,5,refutation,2451,0.005,1
rome,grafo5247.33,33,38,C,3,4,3,bound,32,0.001,1
rome,grafo5248.36,36,43,C,3,4,4,refutation,565,0.002,1
rome,grafo5132.80,80,106,C,5,8,7,refutation,327960,0.414,1
rome,grafo525.16,16,20,C,3,4,3,bound,11,0.0,1
rome,grafo5212.63,63,78,C,5,6,6,refutation,96826,0.169,1
rome,grafo5250.42,42,51,C,3,5,5,refutation,3159,0.012,1
rome,grafo5252.38,38,44,C,3,5,4,refutation,704,0.002,1
rome,grafo5196.73,73,90,C,5,7,6,refutation,192695,0.214,1
rome,grafo5254.45,45,53,C,4,5,4,bound,51,0.001,1
rome,grafo5255.47,47,64,C,5,5,5,bound,0,0.001,1
rome,grafo5256.38,38,43,C,3,4,4,refutation,892,0.003,1
rome,grafo5253.41,41,51,C,3,4,4,refutation,1040,0.006,1
rome,grafo5257.38,38,47,C,3,4,4,refutation,489,0.002,1
rome,grafo5249.56,56,85,C,5,8,7,refutation,34393,0.055,1
rome,grafo526.12,12,15,C,3,3,3,bound,0,0.0,1
rome,grafo5258.36,36,50,C,4,5,5,refutation,876,0.005,1
rome,grafo5260.35,35,53,C,4,5,5,refutation,881,0.004,1
rome,grafo5262.37,37,44,C,4,5,4,bound,51,0.001,1
rome,grafo5259.40,40,56,C,4,6,5,refutation,3813,0.008,1
rome,grafo5189.72,72,92,C,4,7,7,refutation,210668,0.263,1
rome,grafo5264.36,36,41,C,3,3,3,bound,0,0.001,1
rome,grafo5251.58,58,72,C,4,6,5,refutation,27081,0.045,1
rome,grafo5176.74,74,100,C,5,8,7,refutation,252908,0.329,1
rome,grafo5268.43,43,53,C,4,5,4,bound,63,0.001,1
rome,grafo5267.43,43,58,C,4,6,5,refutation,4779,0.009,1
rome,grafo5265.40,40,56,C,4,6,6,refutation,5744,0.024,1
rome,grafo527.17,17,21,C,2,3,3,refutation,31,0.0,1
rome,grafo5269.42,42,54,C,4,5,5,refutation,2689,0.006,1
rome,grafo5271.39,39,46,C,3,4,4,refutation,665,0.002,1
rome,grafo5273.41,41,59,C,5,6,5,bound,34,0.001,1
rome,grafo5270.35,35,39,C,3,5,4,refutation,769,0.005,1
rome,grafo5274.35,35,43,C,3,4,4,refutation,388,0.002,1
rome,grafo5275.37,37,43,C,3,4,4,refutation,776,0.002,1
rome,grafo5239.59,59,84,C,5,8,7,refutation,167742,0.158,1
rome,grafo5276.34,34,44,C,4,5,5,refutation,1221,0.003,1
rome,grafo5277.44,44,61,C,4,6,5,refutation,1969,0.005,1
rome,grafo528.18,18,19,C,2,2,2,bound,0,0.0,1
rome,grafo5278.39,39,61,C,6,7,7,refutation,7455,0.014,1
rome,grafo5272.54,54,78,C,5,7,6,refutation,21063,0.043,1
rome,grafo5282.58,58,81,C,5,7,6,refutation,19585,0.059,1
rome,grafo5283.38,38,61,C,5,7,7,refutation,6460,0.012,1
rome,grafo5223.60,60,83,C,5,8,7,refutation,249624,0.342,1
rome,grafo5284.39,39,54,C,4,6,6,refutation,3389,0.013,1
rome,grafo5286.37,37,48,C,3,5,4,refutation,670,0.002,1
rome,grafo5172.62,62,87,C,5,8,8,refutation,405081,0.497,1
rome,grafo5288.36,36,42,C,3,4,4,refutation,616,0.005,1
rome,grafo5289.37,37,41,C,3,4,3,bound,37,0.001,1
rome,grafo5237.72,72,98,C,5,8,8,refutation,329601,0.31,1
rome,grafo529.16,16,22,C,2,3,3,refutation,25,0.003,1
rome,grafo5290.38,38,48,C,3,4,4,refutation,373,0.002,1
rome,grafo5292.37,37,48,C,4,5,4,bound,115,0.001,1
rome,grafo5281.61,61,87,C,6,8,7,refutation,129403,0.133,1
rome,grafo5291.37,37,43,C,3,5,4,refutation,598,0.006,1
rome,grafo5295.36,36,41,C,3,4,4,refutation,811,0.002,1
rome,grafo5296.44,44,58,C,5,6,5,bound,220,0.002,1
rome,grafo5294.58,58,77,C,4,7,5,refutation,11268,0.021,1
rome,grafo5298.43,43,56,C,4,6,5,refutation,1752,0.004,1
rome,grafo5299.35,35,44,C,3,4,4,refutation,360,0.001,1
rome,grafo530.13,13,13,C,2,2,2,bound,0,0.0,1
rome,grafo5097.71,71,104,C,6,10,9,refutation,1496384,1.036,1
rome,grafo5301.37,37,44,C,3,4,3,bound,85,0.001,1
rome,grafo5300.59,59,80,C,4,6,5,refutation,5230,0.011,1
rome,grafo5303.34,34,44,C,3,4,3,bound,137,0.001,1
rome,grafo5304.33,33,53,C,5,5,5,bound,0,0.001,1
rome,grafo5261.72,72,95,C,5,8,7,refutation,238045,0.251,1
rome,grafo5297.44,44,63,C,5,7,7,refutation,14100,0.05,1
rome,grafo5307.39,39,54,C,4,5,5,refutation,1379,0.01,1
rome,grafo4953.81,81,114,C,5,9,9,refutation,1913829,3.086,1
rome,grafo5306.43,43,58,C,4,6,6,refutation,6191,0.024,1
rome,grafo531.17,17,20,C,2,3,3,refutation,33,0.0,1
rome,grafo5308.39,39,49,C,3,6,5,refutation,2468,0.011,1
rome,grafo5309.39,39,46,C,3,5,3,bound,87,0.001,1
rome,grafo5302.49,49,72,C,5,7,7,refutation,32896,0.046,1
rome,grafo5312.39,39,51,C,4,5,5,refutation,2476,0.011,1
rome,grafo5314.38,38,43,C,3,4,4,refutation,434,0.002,1
rome,grafo5315.37,37,55,C,5,6,5,bound,41,0.004,1
rome,grafo5316.36,36,41,C,3,4,3,bound,59,0.001,1
rome,grafo5144.71,71,101,C,6,9,8,refutation,372642,0.732,1
rome,grafo5318.43,43,57,C,4,5,5,refutation,2273,0.011,1
rome,grafo5319.36,36,44,C,3,4,3,bound,52,0.004,1
rome,grafo532.11,11,11,C,2,2,2,bound,0,0.0,1
rome,grafo5311.54,54,74,C,5,7,6,refutation,44836,0.063,1
rome,grafo5320.45,45,53,C,3,5,5,refutation,4248,0.018,1
rome,grafo5321.34,34,41,C,3,5,5,refutation,895,0.003,1
rome,grafo5266.81,81,100,C,4,7,6,refutation,170356,0.348,1
rome,grafo5323.44,44,52,C,4,5,5,refutation,7534,0.012,1
rome,grafo5325.44,44,62,C,4,6,5,refutation,3019,0.006,1
rome,grafo5326.44,44,68,C,5,6,6,refutation,2570,0.005,1
rome,grafo5324.62,62,81,C,4,5,5,refutation,5739,0.025,1
rome,grafo5327.40,40,47,C,3,5,4,refutation,933,0.005,1
rome,grafo5310.69,69,87,C,5,6,6,refutation,36048,0.106,1
rome,grafo533.11,11,11,C,2,2,2,bound,0,0.0,1
rome,grafo5313.58,58,80,C,5,8,7,refutation,103262,0.102,1
rome,grafo5328.41,41,53,C,4,5,5,refutation,1995,0.009,1
rome,grafo5329.57,57,71,C,5,7,5,bound,1662,0.011,1
rome,grafo5331.46,46,58,C,4,6,5,refutation,3835,0.007,1
rome,grafo5317.57,57,73,C,5,7,6,refutation,28827,0.091,1
rome,grafo5333.43,43,58,C,4,5,4,bound,33,0.004,1
rome,grafo5332.61,61,83,C,5,7,5,bound,170,0.006,1
rome,grafo5305.63,63,89,C,6,8,7,refutation,148554,0.158,1
rome,grafo5335.32,32,37,C,3,4,4,refutation,547,0.002,1
rome,grafo5336.36,36,49,C,4,5,5,refutation,804,0.005,1
rome,grafo5280.75,75,96,C,5,8,7,refutation,292421,0.361,1
rome,grafo534.15,15,14,C,1,2,2,refutation,12,0.0,1
rome,grafo5337.43,43,61,C,4,5,4,bound,77,0.001,1
rome,grafo5340.34,34,47,C,4,5,5,refutation,698,0.002,1
rome,grafo5334.41,41,57,C,5,6,6,refutation,6071,0.014,1
rome,grafo5343.38,38,44,C,3,4,3,bound,194,0.001,1
rome,grafo5339.43,43,54,C,3,5,4,refutation,1036,0.006,1
rome,grafo5338.46,46,62,C,4,6,6,refutation,5914,0.012,1
rome,grafo5345.42,42,55,C,4,6,4,bound,146,0.005,1
rome,grafo5346.40,40,44,C,3,4,4,refutation,994,0.006,1
rome,grafo5342.44,44,60,C,4,5,5,refutation,4108,0.017,1
rome,grafo5347.80,80,95,C,4,6,4,bound,2318,0.008,1
rome,grafo5344.41,41,52,C,4,5,5,refutation,2366,0.012,1
rome,grafo5351.35,35,51,C,5,5,5,bound,0,0.001,1
rome,grafo5349.39,39,53,C,4,5,5,refutation,1248,0.006,1
rome,grafo535.20,20,26,C,3,3,3,bound,0,0.0,1
rome,grafo5350.58,58,74,C,5,7,5,bound,667,0.003,1
rome,grafo5355.35,35,41,C,3,3,3,bound,0,0.001,1
rome,grafo5353.39,39,45,C,3,3,3,bound,0,0.001,1
rome,grafo5348.46,46,64,C,4,6,5,refutation,2873,0.012,1
rome,grafo5356.39,39,49,C,3,5,3,bound,250,0.002,1
rome,grafo5330.48,48,67,C,5,7,6,refutation,17248,0.047,1
rome,grafo5354.42,42,57,C,4,6,5,refutation,1713,0.005,1
rome,grafo536.14,14,14,C,2,2,2,bound,0,0.0,1
rome,grafo5360.36,36,44,C,4,5,4,bound,59,0.001,1
rome,grafo5359.41,41,59,C,5,6,6,refutation,4999,0.01,1
rome,grafo5362.37,37,45,C,4,5,4,bound,33,0.005,1
rome,grafo5364.47,47,58,C,4,5,4,bound,155,0.005,1
rome,grafo5341.56,56,79,C,5,7,6,refutation,24536,0.047,1
rome,grafo5365.37,37,46,C,3,5,4,refutation,658,0.005,1
rome,grafo5367.38,38,47,C,4,4,4,bound,0,0.001,1
rome,grafo5357.48,48,64,C,4,7,6,refutation,6751,0.03,1
rome,grafo5368.35,35,45,C,3,5,4,refutation,399,0.002,1
rome,grafo5369.36,36,44,C,4,4,4,bound,0,0.001,1
rome,grafo537.26,26,32,C,3,4,4,refutation,379,0.004,1
rome,grafo5371.43,43,57,C,5,5,5,bound,0,0.004,1
rome,grafo5372.36,36,47,C,4,5,4,bound,33,0.001,1
rome,grafo5373.40,40,58,C,5,5,5,bound,0,0.001,1
rome,grafo5374.35,35,41,C,3,4,4,refutation,438,0.005,1
rome,grafo5179.71,71,98,C,6,8,8,refutation,768885,0.792,1
rome,grafo5352.44,44,70,C,5,7,7,refutation,18211,0.061,1
rome,grafo5366.51,51,72,C,5,7,7,refutation,31811,0.043,1
rome,grafo5378.38,38,46,C,3,5,4,refutation,1023,0.003,1
rome,grafo5379.39,39,43,C,2,3,3,refutation,218,0.001,1
rome,grafo538.18,18,19,C,2,2,2,bound,0,0.0,1
rome,grafo5380.36,36,45,C,4,6,5,refutation,1945,0.004,1
rome,grafo5358.47,47,75,C,5,8,7,refutation,22384,0.073,1
rome,grafo5381.36,36,45,C,3,5,5,refutation,1415,0.003,1
rome,grafo5382.45,45,62,C,4,6,5,refutation,4161,0.015,1
rome,grafo5376.48,48,68,C,5,7,7,refutation,22093,0.049,1
rome,grafo5384.58,58,72,C,3,5,4,refutation,2501,0.006,1
rome,grafo5385.36,36,47,C,3,5,4,refutation,681,0.006,1
rome,grafo5387.34,34,39,C,3,3,3,bound,0,0.004,1
rome,grafo5388.36,36,47,C,4,5,5,refutation,1355,0.007,1
rome,grafo5322.67,67,91,C,5,7,7,refutation,133007,0.266,1
rome,grafo539.22,22,34,C,4,5,4,bound,18,0.003,1
rome,grafo5390.37,37,45,C,3,4,4,refutation,381,0.002,1
rome,grafo5287.61,61,88,C,6,8,8,refutation,376754,0.461,1
rome,grafo5389.58,58,84,C,6,8,7,refutation,45984,0.067,1
rome,grafo5392.37,37,49,C,4,5,4,bound,37,0.001,1
rome,grafo5394.40,40,48,C,3,4,4,refutation,557,0.005,1
rome,grafo5395.33,33,46,C,4,5,5,refutation,479,0.002,1
rome,grafo5285.76,76,94,C,4,7,7,refutation,457483,0.507,1
rome,grafo5397.41,41,46,C,3,4,3,bound,140,0.001,1
rome,grafo5217.78,78,100,C,5,8,7,refutation,495483,0.882,1
rome,grafo5399.35,35,36,C,2,3,3,refutation,194,0.001,1
rome,grafo540.16,16,17,C,2,3,2,bound,14,0.0,1
rome,grafo5119.76,76,115,C,6,10,9,refutation,1216784,1.264,1
rome,grafo5090.76,76,112,C,6,9,9,refutation,1466051,1.597,1
rome,grafo5402.43,43,57,C,4,5,5,refutation,1350,0.004,1
rome,grafo5396.59,59,84,C,5,8,6,refutation,38481,0.078,1
rome,grafo5024.84,84,116,C,6,10,8,refutation,3153538,2.548,1
rome,grafo5375.71,71,93,C,5,8,7,refutation,164389,0.251,1
rome,grafo5404.44,44,60,C,4,6,5,refutation,4019,0.008,1
rome,grafo5386.66,66,96,C,6,9,7,refutation,106724,0.201,1
rome,grafo5407.39,39,53,C,4,6,5,refutation,951,0.003,1
rome,grafo5393.73,73,94,C,5,7,6,refutation,86075,0.117,1
rome,grafo541.10,10,10,C,2,2,2,bound,0,0.0,1
rome,grafo5409.36,36,45,C,4,5,5,refutation,1310,0.006,1
rome,grafo5405.45,45,58,C,4,6,5,refutation,6936,0.02,1
rome,grafo5410.36,36,45,C,4,5,4,bound,153,0.001,1
rome,grafo5408.37,37,57,C,5,7,6,refutation,3095,0.009,1
rome,grafo5414.41,41,44,C,3,4,3,bound,217,0.001,1
rome,grafo5403.58,58,77,C,4,7,6,refutation,73923,0.087,1
rome,grafo5406.62,62,77,C,4,6,5,refutation,20880,0.059,1
rome,grafo5416.33,33,38,C,3,4,4,refutation,444,0.002,1
rome,grafo5417.44,44,56,C,4,5,5,refutation,2175,0.005,1
rome,grafo5419.35,35,42,C,3,4,4,refutation,304,0.001,1
rome,grafo542.12,12,14,C,2,2,2,bound,0,0.0,1
rome,grafo5420.41,41,43,C,2,4,3,refutation,396,0.002,1
rome,grafo5421.34,34,41,C,4,5,4,bound,32,0.001,1
rome,grafo5422.44,44,63,C,5,6,6,refutation,4242,0.009,1
rome,grafo5383.78,78,106,C,5,8,7,refutation,290722,0.331,1
rome,grafo5424.34,34,41,C,3,4,4,refutation,409,0.001,1
rome,grafo5415.62,62,83,C,5,7,6,refutation,27664,0.093,1
rome,grafo5426.40,40,50,C,4,6,5,refutation,3291,0.013,1
rome,grafo5427.38,38,44,C,3,4,3,bound,33,0.001,1
rome,grafo5418.61,61,83,C,4,7,6,refutation,55777,0.074,1
rome,grafo4437.80,80,111,C,5,9,9,budget,12156928,10.019,1
rome,grafo5429.36,36,48,C,4,5,5,refutation,680,0.002,1
rome,grafo543.12,12,12,C,2,2,2,bound,0,0.003,1
rome,grafo5425.56,56,81,C,5,7,6,refutation,20810,0.038,1
rome,grafo5430.41,41,49,C,3,5,4,refutation,1055,0.003,1
rome,grafo5433.34,34,40,C,3,5,4,refutation,553,0.002,1
rome,grafo5428.44,44,62,C,4,6,6,refutation,7584,0.027,1
rome,grafo5432.47,47,68,C,5,7,7,refutation,15549,0.025,1
rome,grafo5436.42,42,59,C,4,5,5,refutation,2752,0.005,1
rome,grafo5437.50,50,69,C,5,6,6,refutation,10445,0.022,1
rome,grafo5391.74,74,100,C,5,8,7,refutation,159486,0.331,1
rome,grafo5438.47,47,68,C,5,6,6,refutation,5257,0.01,1
rome,grafo544.25,25,31,C,2,4,3,refutation,128,0.001,1
rome,grafo5434.75,75,93,C,5,7,6,refutation,67818,0.09,1
rome,grafo5440.44,44,60,C,4,5,5,refutation,2851,0.018,1
rome,grafo5442.38,38,46,C,3,3,3,bound,0,0.001,1
rome,grafo5441.43,43,61,C,5,6,6,refutation,6553,0.017,1
rome,grafo5169.75,75,95,C,5,8,7,refutation,862930,1.342,1
rome,grafo5443.43,43,59,C,4,5,5,refutation,1839,0.011,1
rome,grafo5445.39,39,50,C,4,5,5,refutation,1237,0.005,1
rome,grafo5401.74,74,96,C,5,8,7,refutation,214316,0.314,1
rome,grafo5448.35,35,44,C,3,4,3,bound,31,0.001,1
rome,grafo5444.55,55,70,C,5,7,5,bound,2463,0.01,1
rome,grafo545.23,23,28,C,3,4,3,bound,21,0.0,1
rome,grafo5450.36,36,42,C,3,4,4,refutation,459,0.002,1
rome,grafo5446.40,40,50,C,4,6,5,refutation,1861,0.01,1
rome,grafo5447.46,46,62,C,4,5,5,refutation,2130,0.008,1
rome,grafo5451.41,41,56,C,3,6,5,refutation,3611,0.007,1
rome,grafo5454.38,38,48,C,3,5,4,refutation,405,0.002,1
rome,grafo5452.34,34,42,C,3,4,4,refutation,562,0.007,1
rome,grafo5456.42,42,59,C,4,6,5,refutation,1639,0.01,1
rome,grafo5455.55,55,76,C,4,6,5,refutation,7053,0.014,1
rome,grafo5453.40,40,57,C,4,6,6,refutation,5404,0.019,1
rome,grafo5457.36,36,43,C,3,5,4,refutation,514,0.005,1
rome,grafo546.12,12,11,C,1,2,2,refutation,12,0.0,1
rome,grafo5263.75,75,99,C,5,9,8,refutation,1004780,1.055,1
rome,grafo5461.38,38,44,C,3,4,3,bound,96,0.001,1
rome,grafo5459.39,39,46,C,2,3,3,refutation,156,0.001,1
rome,grafo5458.41,41,58,C,5,6,6,refutation,3201,0.007,1
rome,grafo5435.60,60,85,C,5,8,7,refutation,127686,0.15,1
rome,grafo5465.40,40,47,C,3,5,5,refutation,2893,0.005,1
rome,grafo5466.42,42,60,C,5,6,5,bound,483,0.002,1
rome,grafo5463.42,42,63,C,5,7,6,refutation,6205,0.024,1
rome,grafo5464.46,46,68,C,4,7,6,refutation,11367,0.021,1
rome,grafo5467.43,43,73,C,5,7,7,refutation,7128,0.013,1
rome,grafo547.16,16,16,C,2,2,2,bound,0,0.0,1
rome,grafo5470.34,34,38,C,2,3,3,refutation,77,0.001,1
rome,grafo5471.39,39,53,C,4,6,5,refutation,1864,0.004,1
rome,grafo5468.42,42,58,C,4,6,5,refutation,2411,0.008,1
rome,grafo5473.46,46,64,C,4,6,5,refutation,2202,0.011,1
rome,grafo5472.43,43,58,C,4,6,6,refutation,11871,0.019,1
rome,grafo5475.40,40,50,C,3,4,4,refutation,434,0.002,1
rome,grafo5476.43,43,51,C,3,5,4,refutation,975,0.003,1
rome,grafo5474.48,48,69,C,4,6,5,refutation,3219,0.01,1
rome,grafo5478.32,32,42,C,4,4,4,bound,0,0.001,1
rome,grafo5477.42,42,50,C,3,5,4,refutation,1128,0.003,1
rome,grafo548.13,13,12,C,1,2,2,refutation,12,0.0,1
rome,grafo5479.41,41,50,C,3,4,4,refutation,575,0.006,1
rome,grafo5480.46,46,63,C,5,7,6,refutation,8435,0.015,1
rome,grafo5482.36,36,46,C,4,5,4,bound,129,0.001,1
rome,grafo5483.60,60,75,C,4,6,5,refutation,10889,0.019,1
rome,grafo5484.31,31,32,C,2,3,3,refutation,183,0.001,1
rome,grafo5485.34,34,43,C,4,5,5,refutation,1588,0.003,1
rome,grafo5431.68,68,96,C,5,8,8,refutation,141583,0.29,1
rome,grafo5487.36,36,40,C,3,3,3,bound,0,0.001,1
rome,grafo5486.43,43,54,C,4,5,5,refutation,3547,0.007,1
rome,grafo5462.55,55,78,C,4,8,7,refutation,51653,0.124,1
rome,grafo549.15,15,19,C,3,3,3,bound,0,0.0,1
rome,grafo5423.76,76,97,C,6,7,7,refutation,401863,0.37,1
rome,grafo5412.78,78,101,C,5,8,7,refutation,632672,0.453,1
rome,grafo5490.53,53,65,C,4,5,5,refutation,19710,0.04,1
rome,grafo5492.47,47,61,C,4,5,5,refutation,7404,0.013,1
rome,grafo5493.35,35,53,C,4,5,5,refutation,512,0.004,1
rome,grafo5495.34,34,43,C,3,4,4,refutation,425,0.002,1
rome,grafo5469.81,81,98,C,4,6,6,refutation,159006,0.153,1
rome,grafo5496.44,44,58,C,4,5,4,bound,168,0.003,1
rome,grafo5498.34,34,41,C,3,4,4,refutation,320,0.004,1
rome,grafo5499.38,38,48,C,4,5,4,bound,32,0.004,1
rome,grafo550.15,15,19,C,3,3,3,bound,0,0.0,1
rome,grafo5500.37,37,48,C,4,6,5,refutation,1609,0.007,1
rome,grafo5488.58,58,77,C,5,6,6,refutation,40152,0.081,1
rome,grafo5502.37,37,50,C,4,5,5,refutation,1172,0.006,1
rome,grafo5494.54,54,73,C,4,7,6,refutation,18945,0.045,1
rome,grafo5504.40,40,53,C,4,5,4,bound,237,0.001,1
rome,grafo5505.35,35,40,C,3,4,4,refutation,541,0.002,1
rome,grafo5489.78,78,95,C,5,6,6,refutation,103823,0.112,1
rome,grafo5501.48,48,65,C,5,6,6,refutation,10983,0.036,1
rome,grafo5508.33,33,41,C,3,4,4,refutation,238,0.001,1
rome,grafo5507.46,46,62,C,4,6,5,refutation,2832,0.006,1
rome,grafo551.23,23,29,C,2,3,3,refutation,59,0.0,1
rome,grafo5510.34,34,44,C,4,5,4,bound,154,0.001,1
rome,grafo5506.43,43,65,C,5,6,6,refutation,6097,0.021,1
rome,grafo5512.35,35,40,C,3,4,3,bound,36,0.001,1
rome,grafo5511.43,43,63,C,4,7,6,refutation,6161,0.011,1
rome,grafo5514.39,39,46,C,3,5,4,refutation,876,0.002,1
rome,grafo5111.69,69,102,C,6,9,9,refutation,2155918,1.987,1
rome,grafo5515.43,43,64,C,5,6,6,refutation,5672,0.018,1
rome,grafo5517.37,37,42,C,3,4,3,bound,252,0.001,1
rome,grafo5518.56,56,72,C,5,6,5,bound,436,0.005,1
rome,grafo5509.46,46,66,C,5,7,7,refutation,28496,0.057,1
rome,grafo552.27,27,29,C,2,3,2,bound,26,0.001,1
rome,grafo5279.78,78,114,C,6,10,9,refutation,1692872,1.323,1
rome,grafo5520.35,35,43,C,4,4,4,bound,0,0.001,1
rome,grafo5522.35,35,40,C,3,3,3,bound,0,0.001,1
rome,grafo5519.43,43,60,C,4,6,5,refutation,2543,0.012,1
rome,grafo5521.36,36,40,C,3,4,4,refutation,776,0.002,1
rome,grafo5523.34,34,40,C,2,4,4,refutation,291,0.001,1
rome,grafo5525.40,40,58,C,4,5,4,bound,67,0.001,1
rome,grafo5524.36,36,48,C,3,5,4,refutation,413,0.002,1
rome,grafo5527.34,34,47,C,5,5,5,bound,0,0.001,1
rome,grafo5529.36,36,44,C,4,5,4,bound,30,0.001,1
rome,grafo5528.36,36,44,C,4,4,4,bound,0,0.001,1
rome,grafo553.16,16,15,C,1,3,2,refutation,30,0.0,1
rome,grafo5526.46,46,64,C,4,6,6,refutation,5283,0.01,1
rome,grafo5531.37,37,42,C,3,4,3,bound,42,0.001,1
rome,grafo5533.47,47,61,C,5,6,6,refutation,23338,0.039,1
rome,grafo5497.77,77,95,C,4,7,6,refutation,158251,0.183,1
rome,grafo5535.44,44,47,C,2,4,3,refutation,426,0.002,1
rome,grafo5534.41,41,49,C,3,5,4,refutation,864,0.003,1
rome,grafo5536.38,38,50,C,5,6,5,bound,37,0.001,1
rome,grafo5537.43,43,54,C,4,5,4,bound,39,0.001,1
rome,grafo5539.36,36,45,C,3,4,4,refutation,333,0.001,1
rome,grafo554.10,10,9,C,1,2,2,refutation,10,0.0,1
rome,grafo5532.81,81,98,C,4,6,5,refutation,19396,0.069,1
rome,grafo5538.58,58,76,C,5,7,6,refutation,30761,0.047,1
rome,grafo5230.69,69,101,C,6,10,9,refutation,1577171,1.622,1
rome,grafo5543.32,32,37,C,2,3,3,refutation,142,0.001,1
rome,grafo5246.83,83,115,C,5,9,8,refutation,983037,1.552,1
rome,grafo5400.74,74,99,C,5,9,8,refutation,386863,0.795,1
rome,grafo5545.40,40,62,C,5,7,6,refutation,3281,0.013,1
rome,grafo5491.74,74,97,C,5,7,7,refutation,208074,0.3,1
rome,grafo5547.33,33,41,C,3,4,3,bound,40,0.004,1
rome,grafo5548.42,42,51,C,3,4,4,refutation,1038,0.003,1
rome,grafo555.12,12,13,C,2,2,2,bound,0,0.0,1
rome,grafo5542.60,60,76,C,4,6,5,refutation,14614,0.034,1
rome,grafo5546.36,36,52,C,4,6,6,refutation,2370,0.018,1
rome,grafo5377.74,74,109,C,6,10,9,refutation,1058114,1.022,1
rome,grafo5550.42,42,57,C,4,5,5,refutation,1840,0.005,1
rome,grafo5413.77,77,101,C,5,8,8,refutation,1081829,0.76,1
rome,grafo5530.77,77,96,C,5,7,6,refutation,96605,0.139,1
rome,grafo5551.37,37,44,C,3,4,4,refutation,749,0.005,1
rome,grafo5549.41,41,61,C,5,6,6,refutation,4230,0.014,1
rome,grafo5554.44,44,61,C,4,6,5,refutation,2430,0.005,1
rome,grafo5553.37,37,46,C,4,5,5,refutation,1605,0.004,1
rome,grafo556.15,15,17,C,2,3,3,refutation,45,0.0,1
rome,grafo5556.34,34,39,C,3,4,4,refutation,497,0.002,1
rome,grafo5555.39,39,53,C,4,5,5,refutation,1041,0.003,1
rome,grafo5562.38,38,48,C,4,4,4,bound,0,0.001,1
rome,grafo5561.36,36,38,C,2,3,3,refutation,226,0.001,1
rome,grafo5557.42,42,50,C,3,4,4,refutation,1301,0.006,1
rome,grafo5559.61,61,75,C,5,6,5,bound,369,0.005,1
rome,grafo5541.69,69,86,C,4,6,6,refutation,75710,0.085,1
rome,grafo5560.45,45,60,C,4,6,5,refutation,4600,0.018,1
rome,grafo5552.47,47,57,C,4,6,5,refutation,5361,0.023,1
rome,grafo5563.42,42,52,C,4,5,5,refutation,4565,0.017,1
rome,grafo5567.39,39,52,C,4,5,5,refutation,2059,0.004,1
rome,grafo5566.43,43,58,C,4,5,5,refutation,2531,0.012,1
rome,grafo5565.41,41,53,C,3,6,5,refutation,2468,0.013,1
rome,grafo5570.37,37,49,C,3,4,4,refutation,304,0.001,1
rome,grafo557.11,11,12,C,2,2,2,bound,0,0.0,1
rome,grafo5568.40,40,59,C,4,6,5,refutation,1500,0.01,1
rome,grafo5574.35,35,37,C,2,3,3,refutation,141,0.001,1
rome,grafo5569.37,37,46,C,3,4,4,refutation,698,0.005,1
rome,grafo5571.39,39,55,C,4,6,5,refutation,1795,0.007,1
rome,grafo5573.34,34,42,C,3,4,3,bound,29,0.001,1
rome,grafo5513.71,71,93,C,5,7,7,refutation,193853,0.249,1
rome,grafo558.15,15,19,C,3,3,3,bound,0,0.0,1
rome,grafo5578.36,36,41,C,3,4,3,bound,37,0.001,1
rome,grafo5580.47,47,57,C,4,5,4,bound,52,0.002,1
rome,grafo5579.39,39,46,C,3,5,4,refutation,978,0.006,1
rome,grafo5575.39,39,49,C,4,5,5,refutation,2555,0.012,1
rome,grafo5582.38,38,59,C,4,5,5,refutation,610,0.002,1
rome,grafo5583.33,33,42,C,4,5,4,bound,93,0.003,1
rome,grafo5585.34,34,41,C,3,4,4,refutation,453,0.002,1
rome,grafo5361.76,76,107,C,6,9,8,refutation,723699,1.13,1
rome,grafo5584.48,48,63,C,4,6,4,bound,713,0.006,1
rome,grafo5587.48,48,55,C,3,5,4,refutation,888,0.003,1
rome,grafo559.13,13,15,C,2,2,2,bound,0,0.0,1
rome,grafo5589.44,44,59,C,4,5,5,refutation,2084,0.008,1
rome,grafo5590.44,44,49,C,3,5,4,refutation,1706,0.01,1
rome,grafo5591.38,38,49,C,3,5,4,refutation,500,0.002,1
rome,grafo5593.34,34,41,C,3,4,4,refutation,408,0.001,1
rome,grafo5581.45,45,62,C,3,6,6,refutation,8164,0.036,1
rome,grafo5592.48,48,59,C,3,6,5,refutation,4774,0.019,1
rome,grafo5595.42,42,56,C,4,5,5,refutation,2079,0.008,1
rome,grafo5596.37,37,53,C,4,5,4,bound,553,0.002,1
rome,grafo5597.36,36,43,C,4,5,4,bound,31,0.001,1
rome,grafo5598.37,37,48,C,4,5,5,refutation,1688,0.007,1
rome,grafo560.18,18,19,C,2,2,2,bound,0,0.0,1
rome,grafo4507.80,80,123,C,7,11,10,budget,12381161,10.021,1
rome,grafo5601.35,35,38,C,2,3,3,refutation,136,0.004,1
rome,grafo5576.59,59,84,C,5,7,6,refutation,28584,0.087,1
rome,grafo5603.38,38,52,C,4,5,5,refutation,797,0.002,1
rome,grafo5602.45,45,64,C,4,6,5,refutation,2881,0.012,1
rome,grafo5604.39,39,61,C,4,5,5,refutation,758,0.002,1
rome,grafo5600.59,59,78,C,4,6,5,refutation,8825,0.028,1
rome,grafo4916.78,78,117,C,6,11,10,refutation,3786763,4.986,1
rome,grafo5607.38,38,52,C,4,5,5,refutation,1128,0.006,1
rome,grafo5363.75,75,101,C,5,9,8,refutation,1497774,1.226,1
rome,grafo561.20,20,25,C,2,3,3,refutation,44,0.001,1
rome,grafo5609.35,35,41,C,3,4,3,bound,355,0.002,1
rome,grafo5564.68,68,94,C,6,8,7,refutation,73261,0.143,1
rome,grafo5612.36,36,42,C,3,4,4,refutation,536,0.004,1
rome,grafo5481.62,62,101,C,6,10,9,refutation,344031,0.548,1
rome,grafo5613.35,35,46,C,3,4,4,refutation,302,0.002,1
rome,grafo5586.60,60,78,C,4,7,6,refutation,99681,0.114,1
rome,grafo5616.43,43,52,C,3,5,3,bound,120,0.002,1
rome,grafo5615.38,38,46,C,4,5,4,bound,115,0.001,1
rome,grafo5617.45,45,54,C,3,5,4,refutation,1808,0.004,1
rome,grafo5618.34,34,42,C,3,5,4,refutation,562,0.002,1
rome,grafo5619.39,39,49,C,4,5,4,bound,27,0.001,1
rome,grafo562.14,14,22,C,3,4,4,refutation,39,0.0,1
rome,grafo5620.42,42,51,C,4,6,5,refutation,3169,0.007,1
rome,grafo5622.37,37,43,C,3,4,4,refutation,500,0.002,1
rome,grafo5623.45,45,55,C,3,4,4,refutation,1129,0.003,1
rome,grafo5624.37,37,42,C,3,4,4,refutation,628,0.002,1
rome,grafo5625.34,34,40,C,3,4,4,refutation,357,0.001,1
rome,grafo5614.42,42,56,C,4,6,6,refutation,8658,0.032,1
rome,grafo5621.43,43,54,C,4,6,5,refutation,3855,0.018,1
rome,grafo5628.34,34,41,C,3,5,4,refutation,274,0.002,1
rome,grafo5627.34,34,44,C,3,4,4,refutation,395,0.004,1
rome,grafo563.19,19,29,C,3,5,4,refutation,116,0.001,1
rome,grafo5629.39,39,41,C,2,3,3,refutation,248,0.001,1
rome,grafo5626.57,57,78,C,4,6,5,refutation,7678,0.015,1
rome,grafo5503.78,78,97,C,4,7,7,refutation,484792,0.463,1
rome,grafo5632.36,36,43,C,3,5,5,refutation,1263,0.003,1
rome,grafo5630.43,43,55,C,4,5,5,refutation,2641,0.012,1
rome,grafo5634.43,43,60,C,5,6,5,bound,39,0.001,1
rome,grafo5633.45,45,55,C,3,5,4,refutation,2050,0.005,1
rome,grafo5636.44,44,49,C,3,4,3,bound,41,0.001,1
rome,grafo5638.36,36,43,C,3,4,4,refutation,455,0.008,1
rome,grafo5540.75,75,95,C,6,8,7,refutation,388963,0.32,1
rome,grafo5544.67,67,86,C,5,7,7,refutation,343397,0.274,1
rome,grafo564.12,12,11,C,1,1,1,bound,0,0.0,1
rome,grafo5641.37,37,44,C,3,4,4,refutation,755,0.003,1
rome,grafo5588.75,75,96,C,4,7,6,refutation,132946,0.191,1
rome,grafo5637.41,41,49,C,4,5,5,refutation,6049,0.025,1
rome,grafo5642.46,46,68,C,5,6,6,refutation,5849,0.013,1
rome,grafo5640.50,50,58,C,3,5,4,refutation,3944,0.018,1
rome,grafo5635.47,47,56,C,3,5,5,refutation,5321,0.029,1
rome,grafo5643.40,40,51,C,3,5,4,refutation,845,0.006,1
rome,grafo5645.41,41,52,C,4,6,5,refutation,1490,0.005,1
rome,grafo5646.33,33,38,C,3,4,3,bound,45,0.003,1
rome,grafo5644.42,42,47,C,3,4,4,refutation,1379,0.007,1
rome,grafo565.17,17,17,C,2,2,2,bound,0,0.0,1
rome,grafo5649.40,40,46,C,3,4,3,bound,51,0.001,1
rome,grafo5651.41,41,56,C,5,6,5,bound,125,0.001,1
rome,grafo5652.40,40,53,C,4,5,5,refutation,2351,0.005,1
rome,grafo5653.43,43,46,C,3,3,3,bound,0,0.001,1
rome,grafo5655.35,35,43,C,3,4,4,refutation,364,0.005,1
rome,grafo5605.51,51,77,C,5,8,7,refutation,44687,0.154,1
rome,grafo5657.33,33,43,C,4,6,5,refutation,1250,0.009,1
rome,grafo5639.77,77,94,C,4,6,5,refutation,13484,0.062,1
rome,grafo5656.45,45,66,C,4,6,6,refutation,5459,0.025,1
rome,grafo566.18,18,20,C,2,3,2,bound,38,0.001,1
rome,grafo5659.46,46,60,C,4,6,5,refutation,6469,0.02,1
rome,grafo5654.49,49,68,C,5,6,6,refutation,30223,0.058,1
rome,grafo5662.37,37,47,C,3,4,4,refutation,329,0.002,1
rome,grafo5661.48,48,58,C,3,4,4,refutation,858,0.003,1
rome,grafo5663.34,34,39,C,3,4,4,refutation,306,0.001,1
rome,grafo5439.78,78,106,C,5,7,7,refutation,448406,0.909,1
rome,grafo5666.43,43,56,C,4,5,4,bound,201,0.005,1
rome,grafo5667.36,36,40,C,3,4,3,bound,146,0.001,1
rome,grafo5109.83,83,114,C,6,10,9,refutation,2545329,2.564,1
rome,grafo5660.43,43,62,C,5,7,7,refutation,23916,0.066,1
rome,grafo5665.67,67,83,C,4,6,5,refutation,16595,0.032,1
rome,grafo5668.37,37,44,C,3,4,3,bound,135,0.001,1
rome,grafo567.14,14,18,C,3,3,3,bound,0,0.0,1
rome,grafo5670.37,37,40,C,2,3,3,refutation,150,0.001,1
rome,grafo5599.65,65,87,C,5,8,7,refutation,169534,0.278,1
rome,grafo5674.38,38,48,C,4,4,4,bound,0,0.001,1
rome,grafo5675.40,40,44,C,2,4,3,refutation,222,0.002,1
rome,grafo5648.77,77,94,C,5,7,6,refutation,131397,0.129,1
rome,grafo5669.43,43,55,C,4,5,5,refutation,3182,0.016,1
rome,grafo5676.39,39,50,C,4,5,5,refutation,2714,0.009,1
rome,grafo5677.42,42,58,C,4,6,5,refutation,2223,0.005,1
rome,grafo568.20,20,21,C,2,3,2,bound,34,0.0,1
rome,grafo5679.60,60,76,C,5,6,5,bound,67,0.005,1
rome,grafo5680.37,37,53,C,5,6,6,refutation,2808,0.006,1
rome,grafo5516.64,64,98,C,7,9,9,refutation,606798,0.589,1
rome,grafo5682.38,38,47,C,3,3,3,bound,0,0.001,1
rome,grafo5683.39,39,52,C,4,5,4,bound,47,0.001,1
rome,grafo5684.78,78,95,C,5,6,5,bound,167,0.004,1
rome,grafo5686.37,37,47,C,4,5,5,refutation,1276,0.003,1
rome,grafo5672.48,48,70,C,6,8,7,refutation,26636,0.045,1
rome,grafo5688.34,34,44,C,3,4,4,refutation,249,0.001,1
rome,grafo5687.43,43,55,C,4,5,5,refutation,3627,0.007,1
rome,grafo569.28,28,31,C,2,3,2,bound,112,0.001,1
rome,grafo5658.65,65,84,C,4,7,6,refutation,92954,0.137,1
rome,grafo5691.46,46,54,C,3,4,4,refutation,2359,0.005,1
rome,grafo5594.75,75,92,C,4,7,7,refutation,302840,0.365,1
rome,grafo5692.35,35,48,C,4,5,5,refutation,591,0.002,1
rome,grafo5693.34,34,46,C,4,4,4,bound,0,0.001,1
rome,grafo5695.34,34,41,C,4,4,4,bound,0,0.001,1
rome,grafo5696.42,42,55,C,5,6,5,bound,151,0.002,1
rome,grafo5697.40,40,59,C,4,6,5,refutation,2144,0.005,1
rome,grafo5698.37,37,46,C,4,4,4,bound,0,0.001,1
rome,grafo5610.62,62,95,C,6,8,8,refutation,215171,0.304,1
rome,grafo570.16,16,21,C,2,3,3,refutation,20,0.0,1
rome,grafo5690.74,74,89,C,4,6,5,refutation,15360,0.03,1
rome,grafo5664.72,72,95,C,4,7,7,refutation,125524,0.135,1
rome,grafo5700.36,36,49,C,4,5,5,refutation,622,0.002,1
rome,grafo5703.38,38,41,C,3,4,3,bound,34,0.001,1
rome,grafo5702.33,33,47,C,4,5,4,bound,64,0.001,1
rome,grafo5701.45,45,58,C,4,6,5,refutation,2302,0.006,1
rome,grafo5558.80,80,108,C,5,8,7,refutation,297669,0.471,1
rome,grafo5631.67,67,85,C,5,8,7,refutation,196516,0.267,1
rome,grafo5707.47,47,57,C,4,5,4,bound,40,0.002,1
rome,grafo5705.46,46,67,C,5,7,6,refutation,5249,0.011,1
rome,grafo571.12,12,11,C,1,2,2,refutation,12,0.0,1
rome,grafo5694.45,45,63,C,5,7,6,refutation,15336,0.032,1
rome,grafo5711.38,38,44,C,3,5,4,refutation,774,0.006,1
rome,grafo5710.47,47,62,C,4,5,5,refutation,2261,0.009,1
rome,grafo5712.36,36,42,C,3,4,4,refutation,497,0.005,1
rome,grafo5708.48,48,75,C,6,8,7,refutation,10274,0.023,1
rome,grafo5713.46,46,66,C,5,7,6,refutation,6805,0.014,1
rome,grafo5714.40,40,52,C,4,5,5,refutation,2462,0.012,1
rome,grafo5716.40,40,54,C,4,6,5,refutation,1346,0.003,1
rome,grafo5718.46,46,50,C,3,4,3,bound,35,0.001,1
rome,grafo5715.47,47,69,C,5,7,6,refutation,8221,0.017,1
rome,grafo572.17,17,18,C,2,3,2,bound,15,0.0,1
rome,grafo5719.40,40,64,C,5,7,6,refutation,4416,0.009,1
rome,grafo5717.41,41,51,C,4,5,5,refutation,3251,0.014,1
rome,grafo5449.82,82,101,C,5,7,7,refutation,902927,1.032,1
rome,grafo5411.77,77,100,C,5,8,8,refutation,1097476,1.291,1
rome,grafo5724.34,34,39,C,3,4,3,bound,66,0.001,1
rome,grafo5706.62,62,87,C,4,8,6,refutation,41139,0.06,1
rome,grafo5723.43,43,59,C,4,6,5,refutation,1421,0.004,1
rome,grafo5721.49,49,64,C,3,5,5,refutation,5145,0.01,1
rome,grafo5722.44,44,55,C,3,5,4,refutation,771,0.006,1
rome,grafo5727.43,43,58,C,4,6,5,refutation,1460,0.004,1
rome,grafo573.13,13,19,C,3,4,3,bound,10,0.0,1
rome,grafo5720.47,47,64,C,5,6,6,refutation,8425,0.018,1
rome,grafo5730.33,33,41,C,4,4,4,bound,0,0.001,1
rome,grafo5685.62,62,90,C,6,8,7,refutation,81684,0.134,1
rome,grafo5732.45,45,61,C,4,6,5,refutation,2923,0.007,1
rome,grafo5673.73,73,90,C,4,7,6,refutation,64690,0.173,1
rome,grafo5731.45,45,70,C,5,7,6,refutation,4736,0.01,1
rome,grafo5736.37,37,48,C,4,5,4,bound,45,0.001,1
rome,grafo5733.39,39,50,C,4,5,5,refutation,1412,0.007,1
rome,grafo5726.45,45,57,C,4,7,6,refutation,12930,0.024,1
rome,grafo5737.34,34,37,C,2,3,3,refutation,132,0.001,1
rome,grafo574.12,12,19,C,3,4,3,bound,10,0.0,1
rome,grafo5734.36,36,52,C,5,6,6,refutation,3610,0.008,1
rome,grafo5738.35,35,44,C,3,4,4,refutation,489,0.002,1
rome,grafo5647.78,78,96,C,4,6,6,refutation,167227,0.32,1
rome,grafo5741.42,42,58,C,5,6,6,refutation,11833,0.023,1
rome,grafo5744.34,34,44,C,4,4,4,bound,0,0.001,1
rome,grafo5742.39,39,56,C,5,6,6,refutation,4024,0.018,1
rome,grafo5746.45,45,55,C,3,5,4,refutation,1351,0.006,1
rome,grafo5747.40,40,50,C,4,5,5,refutation,2799,0.012,1
rome,grafo5709.59,59,76,C,5,7,6,refutation,43352,0.13,1
rome,grafo5749.36,36,41,C,3,4,3,bound,37,0.001,1
rome,grafo575.25,25,29,C,3,4,3,bound,45,0.001,1
rome,grafo5728.60,60,87,C,6,7,7,refutation,78233,0.093,1
rome,grafo5671.55,55,83,C,6,8,7,refutation,129109,0.264,1
rome,grafo5748.57,57,76,C,4,6,5,refutation,4971,0.02,1
rome,grafo5752.35,35,45,C,4,4,4,bound,0,0.001,1
rome,grafo5753.46,46,56,C,4,5,4,bound,352,0.005,1
rome,grafo5750.44,44,62,C,5,6,6,refutation,8280,0.034,1
rome,grafo5756.32,32,36,C,3,4,3,bound,54,0.001,1
rome,grafo5745.50,50,76,C,6,8,8,refutation,49419,0.074,1
rome,grafo5729.53,53,75,C,5,7,6,refutation,53887,0.135,1
rome,grafo5759.35,35,39,C,3,3,3,bound,0,0.001,1
rome,grafo576.12,12,14,C,2,2,2,bound,0,0.0,1
rome,grafo5760.43,43,55,C,3,5,5,refutation,3770,0.007,1
rome,grafo5761.38,38,46,C,4,4,4,bound,0,0.001,1
rome,grafo5762.39,39,59,C,4,6,6,refutation,3292,0.006,1
rome,grafo5763.39,39,54,C,4,5,5,refutation,761,0.002,1
rome,grafo5764.36,36,43,C,4,5,4,bound,96,0.001,1
rome,grafo5765.44,44,59,C,4,6,5,refutation,2170,0.005,1
rome,grafo5398.82,82,111,C,6,9,9,refutation,1680981,1.566,1
rome,grafo5766.46,46,72,C,5,7,6,refutation,3670,0.008,1
rome,grafo5768.43,43,50,C,3,4,3,bound,30,0.001,1
rome,grafo5769.35,35,40,C,3,4,4,refutation,490,0.005,1
rome,grafo577.13,13,14,C,2,2,2,bound,0,0.0,1
rome,grafo5767.44,44,55,C,4,5,5,refutation,2855,0.012,1
rome,grafo5770.33,33,38,C,2,3,3,refutation,78,0.004,1
rome,grafo5772.40,40,49,C,3,4,3,bound,58,0.001,1
rome,grafo5771.42,42,51,C,3,4,4,refutation,816,0.005,1
rome,grafo5774.42,42,53,C,4,4,4,bound,0,0.001,1
rome,grafo5773.41,41,50,C,3,5,4,refutation,1210,0.006,1
rome,grafo5776.36,36,45,C,4,4,4,bound,0,0.001,1
rome,grafo5751.60,60,75,C,5,6,6,refutation,118524,0.113,1
rome,grafo5777.38,38,49,C,4,5,5,refutation,1639,0.01,1
rome,grafo5743.61,61,92,C,6,9,8,refutation,165981,0.177,1
rome,grafo578.26,26,27,C,2,3,2,bound,50,0.001,1
rome,grafo5778.46,46,69,C,5,7,6,refutation,7468,0.014,1
rome,grafo5775.45,45,63,C,5,6,6,refutation,8542,0.02,1
rome,grafo5781.35,35,43,C,3,4,4,refutation,320,0.001,1
rome,grafo5783.36,36,46,C,4,5,4,bound,34,0.001,1
rome,grafo5782.36,36,43,C,3,4,4,refutation,352,0.001,1
rome,grafo5725.76,76,95,C,4,7,6,refutation,130429,0.241,1
rome,grafo5779.45,45,57,C,4,5,5,refutation,4083,0.017,1
rome,grafo5577.80,80,104,C,5,8,7,refutation,534378,0.736,1
rome,grafo5787.33,33,40,C,3,4,4,refutation,318,0.001,1
rome,grafo5785.37,37,50,C,4,5,5,refutation,1514,0.007,1
rome,grafo5786.43,43,53,C,3,5,4,refutation,819,0.003,1
rome,grafo5780.48,48,68,C,5,7,6,refutation,7520,0.017,1
rome,grafo579.35,35,37,C,2,3,2,bound,46,0.007,1
rome,grafo5789.39,39,58,C,5,6,6,refutation,3396,0.014,1
rome,grafo5790.37,37,46,C,3,5,5,refutation,1885,0.013,1
rome,grafo5678.77,77,101,C,5,8,7,refutation,453921,0.41,1
rome,grafo5793.45,45,52,C,3,4,4,refutation,1377,0.007,1
rome,grafo5795.44,44,66,C,5,7,7,refutation,10959,0.019,1
rome,grafo5788.64,64,77,C,4,6,5,refutation,11805,0.044,1
rome,grafo5796.37,37,54,C,5,6,6,refutation,3237,0.016,1
rome,grafo5797.47,47,64,C,4,6,5,refutation,3544,0.008,1
rome,grafo5791.44,44,62,C,5,7,6,refutation,13328,0.044,1
rome,grafo5784.66,66,84,C,5,6,6,refutation,47632,0.061,1
rome,grafo5792.60,60,76,C,4,5,5,refutation,11223,0.042,1
rome,grafo580.29,29,37,C,3,5,4,refutation,465,0.001,1
rome,grafo5798.39,39,55,C,4,5,5,refutation,1021,0.006,1
rome,grafo5802.34,34,41,C,3,3,3,bound,0,0.001,1
rome,grafo5803.45,45,50,C,3,4,3,bound,327,0.002,1
rome,grafo5801.45,45,55,C,4,5,4,bound,777,0.002,1
rome,grafo5805.42,42,53,C,3,5,4,refutation,541,0.002,1
rome,grafo5807.32,32,41,C,4,5,5,refutation,501,0.001,1
rome,grafo5804.37,37,46,C,3,4,4,refutation,363,0.005,1
rome,grafo5809.36,36,45,C,4,4,4,bound,0,0.001,1
rome,grafo5808.33,33,38,C,3,4,4,refutation,394,0.001,1
rome,grafo5800.34,34,39,C,3,4,3,bound,170,0.001,1
rome,grafo581.23,23,35,C,4,4,4,bound,0,0.0,1
rome,grafo5811.41,41,59,C,5,5,5,bound,0,0.001,1
rome,grafo5813.37,37,46,C,4,5,4,bound,116,0.001,1
rome,grafo5814.36,36,43,C,3,5,4,refutation,776,0.003,1
rome,grafo5815.34,34,39,C,3,4,3,bound,36,0.003,1
rome,grafo5816.33,33,37,C,3,3,3,bound,0,0.001,1
rome,grafo5812.46,46,58,C,4,6,5,refutation,3215,0.015,1
rome,grafo5806.48,48,65,C,4,7,6,refutation,17197,0.028,1
rome,grafo582.15,15,16,C,2,2,2,bound,0,0.0,1
rome,grafo5820.35,35,38,C,2,3,2,bound,96,0.001,1
rome,grafo5821.33,33,43,C,3,4,4,refutation,224,0.001,1
rome,grafo5822.36,36,45,C,4,5,4,bound,84,0.001,1
rome,grafo5819.38,38,50,C,4,5,5,refutation,2755,0.009,1
rome,grafo5817.42,42,60,C,5,6,6,refutation,4582,0.019,1
rome,grafo5823.41,41,60,C,5,6,6,refutation,5538,0.01,1
rome,grafo5825.35,35,44,C,3,5,4,refutation,544,0.005,1
rome,grafo5810.59,59,79,C,5,7,6,refutation,27306,0.042,1
rome,grafo5735.77,77,100,C,5,8,7,refutation,293144,0.338,1
rome,grafo5827.34,34,40,C,3,4,3,bound,54,0.001,1
rome,grafo583.15,15,19,C,3,3,3,bound,0,0.0,1
rome,grafo5829.34,34,41,C,3,4,4,refutation,592,0.002,1
rome,grafo5830.40,40,47,C,2,3,3,refutation,122,0.001,1
rome,grafo5828.43,43,52,C,3,4,4,refutation,1155,0.006,1
rome,grafo5794.54,54,71,C,5,7,6,refutation,36033,0.102,1
rome,grafo5833.39,39,54,C,4,5,5,refutation,777,0.005,1
rome,grafo5754.62,62,89,C,5,7,7,refutation,128576,0.26,1
rome,grafo5834.31,31,36,C,3,3,3,bound,0,0.001,1
rome,grafo5835.44,44,53,C,3,5,4,refutation,861,0.004,1
rome,grafo5837.36,36,56,C,5,6,5,bound,28,0.001,1
rome,grafo5838.35,35,41,C,3,4,4,refutation,500,0.002,1
rome,grafo584.25,25,29,C,3,3,3,bound,0,0.0,1
rome,grafo5832.46,46,58,C,3,5,5,refutation,6314,0.023,1
rome,grafo5840.41,41,58,C,4,6,5,refutation,1947,0.007,1
rome,grafo5839.36,36,40,C,3,4,4,refutation,783,0.002,1
rome,grafo5843.38,38,45,C,3,4,3,bound,205,0.002,1
rome,grafo5831.61,61,72,C,4,6,5,refutation,24763,0.043,1
rome,grafo5842.45,45,51,C,3,4,4,refutation,2373,0.008,1
rome,grafo5844.39,39,48,C,4,5,5,refutation,2543,0.012,1
rome,grafo5847.35,35,41,C,3,3,3,bound,0,0.001,1
rome,grafo5846.44,44,62,C,4,5,5,refutation,2215,0.008,1
rome,grafo5848.32,32,39,C,4,5,4,bound,36,0.001,1
rome,grafo585.15,15,16,C,2,2,2,bound,0,0.0,1
rome,grafo5850.43,43,56,C,4,6,5,refutation,4170,0.017,1
rome,grafo5836.78,78,95,C,4,6,5,refutation,17074,0.071,1
rome,grafo5849.57,57,82,C,5,7,6,refutation,8976,0.032,1
rome,grafo5852.35,35,50,C,4,4,4,bound,0,0.004,1
rome,grafo5845.55,55,80,C,5,7,6,refutation,41145,0.062,1
rome,grafo5855.34,34,37,C,2,3,3,refutation,201,0.001,1
rome,grafo5853.57,57,80,C,5,7,5,bound,1503,0.01,1
rome,grafo5856.34,34,41,C,3,4,4,refutation,203,0.001,1
rome,grafo5857.38,38,48,C,4,5,5,refutation,1547,0.006,1
rome,grafo5824.77,77,95,C,4,7,6,refutation,53761,0.147,1
rome,grafo586.10,10,10,C,2,2,2,bound,0,0.0,1
rome,grafo5860.55,55,74,C,5,6,5,bound,517,0.003,1
rome,grafo5757.69,69,100,C,6,9,8,refutation,318083,0.37,1
rome,grafo5689.61,61,88,C,5,8,8,refutation,573565,0.622,1
rome,grafo5740.61,61,90,C,5,8,8,refutation,299369,0.496,1
rome,grafo5858.63,63,83,C,4,7,6,refutation,42502,0.073,1
rome,grafo5865.36,36,44,C,3,4,4,refutation,376,0.002,1
rome,grafo5611.76,76,102,C,5,8,8,refutation,823418,0.964,1
rome,grafo5867.42,42,52,C,4,5,4,bound,37,0.002,1
rome,grafo5868.43,43,55,C,4,4,4,bound,0,0.001,1
rome,grafo5755.61,61,85,C,5,8,8,refutation,412617,0.5,1
rome,grafo587.10,10,10,C,2,2,2,bound,0,0.0,1
rome,grafo5869.45,45,60,C,4,5,5,refutation,3767,0.014,1
rome,grafo5851.56,56,75,C,4,6,6,refutation,51981,0.168,1
rome,grafo5862.60,60,87,C,5,8,7,refutation,78639,0.114,1
rome,grafo5872.33,33,39,C,3,4,3,bound,57,0.001,1
rome,grafo5873.46,46,57,C,4,6,4,bound,445,0.005,1
rome,grafo5875.37,37,44,C,3,4,4,refutation,587,0.005,1
rome,grafo5871.39,39,52,C,4,6,6,refutation,3711,0.017,1
rome,grafo5876.40,40,50,C,3,5,4,refutation,554,0.005,1
rome,grafo5877.37,37,54,C,5,6,5,bound,38,0.001,1
rome,grafo5878.44,44,56,C,4,5,4,bound,151,0.001,1
rome,grafo588.19,19,20,C,2,2,2,bound,0,0.0,1
rome,grafo5879.36,36,42,C,3,4,3,bound,103,0.001,1
rome,grafo5880.38,38,52,C,4,6,5,refutation,1922,0.008,1
rome,grafo5882.34,34,40,C,4,5,4,bound,62,0.001,1
rome,grafo5883.36,36,39,C,3,3,3,bound,0,0.001,1
rome,grafo5864.59,59,84,C,5,7,6,refutation,38071,0.134,1
rome,grafo5885.46,46,58,C,3,5,5,refutation,1567,0.01,1
rome,grafo5799.79,79,106,C,5,8,7,refutation,440407,0.387,1
rome,grafo5887.44,44,52,C,3,5,4,refutation,1725,0.004,1
rome,grafo5886.41,41,58,C,4,6,5,refutation,2976,0.013,1
rome,grafo5888.37,37,50,C,4,5,5,refutation,753,0.002,1
rome,grafo589.12,12,13,C,2,2,2,bound,0,0.0,1
rome,grafo5884.55,55,79,C,5,8,6,refutation,11307,0.029,1
rome,grafo5890.48,48,67,C,4,6,5,refutation,1104,0.003,1
rome,grafo5891.37,37,43,C,3,5,4,refutation,938,0.002,1
rome,grafo5889.60,60,84,C,5,7,5,bound,467,0.009,1
rome,grafo5893.38,38,52,C,4,5,5,refutation,1098,0.003,1
rome,grafo5892.42,42,53,C,4,5,5,refutation,3826,0.007,1
rome,grafo5894.39,39,56,C,4,6,5,refutation,917,0.005,1
rome,grafo5895.41,41,52,C,3,5,4,refutation,1006,0.003,1
rome,grafo5841.76,76,100,C,5,8,7,refutation,278495,0.332,1
rome,grafo5699.85,85,103,C,5,7,7,refutation,606510,0.8,1
rome,grafo5899.38,38,42,C,3,4,3,bound,28,0.001,1
rome,grafo590.15,15,22,C,3,3,3,bound,0,0.0,1
rome,grafo5826.73,73,94,C,5,7,7,refutation,285042,0.376,1
rome,grafo5901.35,35,50,C,4,5,5,refutation,712,0.005,1
rome,grafo5900.46,46,60,C,4,6,5,refutation,4205,0.008,1
rome,grafo5904.37,37,50,C,4,5,5,refutation,759,0.003,1
rome,grafo5903.38,38,48,C,4,6,5,refutation,1285,0.006,1
rome,grafo5906.34,34,39,C,3,4,3,bound,36,0.003,1
rome,grafo5905.46,46,56,C,4,6,5,refutation,2943,0.006,1
rome,grafo5859.75,75,96,C,5,7,7,refutation,137055,0.273,1
rome,grafo4608.83,83,114,C,6,9,9,budget,15720448,10.015,1
rome,grafo591.25,25,26,C,2,3,2,bound,22,0.0,1
rome,grafo5907.58,58,85,C,4,7,5,refutation,4483,0.023,1
rome,grafo5910.40,40,59,C,5,7,6,refutation,3664,0.007,1
rome,grafo5608.74,74,104,C,6,9,8,refutation,1042030,1.179,1
rome,grafo5913.37,37,50,C,4,6,6,refutation,2011,0.005,1
rome,grafo5912.62,62,75,C,3,6,5,refutation,15411,0.027,1
rome,grafo5915.45,45,54,C,3,5,4,refutation,1197,0.003,1
rome,grafo5909.47,47,63,C,4,6,6,refutation,13483,0.047,1
rome,grafo5917.34,34,41,C,3,4,4,refutation,269,0.001,1
rome,grafo5916.44,44,55,C,4,5,4,bound,97,0.003,1
rome,grafo5919.40,40,56,C,4,5,5,refutation,1206,0.003,1
rome,grafo5911.49,49,66,C,5,6,6,refutation,12553,0.042,1
rome,grafo5918.45,45,65,C,5,6,5,bound,59,0.001,1
rome,grafo592.14,14,14,C,2,2,2,bound,0,0.0,1
rome,grafo5920.38,38,54,C,4,4,4,bound,0,0.003,1
rome,grafo5922.42,42,54,C,4,6,5,refutation,2339,0.005,1
rome,grafo5921.38,38,52,C,4,6,5,refutation,1205,0.006,1
rome,grafo5914.60,60,82,C,5,8,6,refutation,20929,0.037,1
rome,grafo5925.45,45,56,C,4,6,5,refutation,5215,0.02,1
rome,grafo5926.43,43,62,C,4,7,5,refutation,3556,0.008,1
rome,grafo5927.37,37,52,C,4,5,5,refutation,907,0.006,1
rome,grafo5704.78,78,107,C,5,8,8,refutation,978260,0.934,1
rome,grafo593.12,12,15,C,2,2,2,bound,0,0.0,1
rome,grafo5924.57,57,74,C,4,7,6,refutation,47766,0.065,1
rome,grafo5931.46,46,63,C,4,6,6,refutation,6383,0.015,1
rome,grafo5051.80,80,116,C,6,9,9,refutation,4039068,4.248,1
rome,grafo5932.44,44,54,C,3,5,4,refutation,1109,0.004,1
rome,grafo5934.35,35,48,C,4,6,6,refutation,1545,0.004,1
rome,grafo5935.36,36,42,C,3,5,4,refutation,449,0.002,1
rome,grafo5923.65,65,92,C,5,7,6,refutation,35907,0.102,1
rome,grafo5896.60,60,84,C,5,7,7,refutation,326938,0.224,1
rome,grafo5936.46,46,61,C,4,6,5,refutation,3378,0.007,1
rome,grafo5937.35,35,38,C,3,4,3,bound,452,0.002,1
rome,grafo594.11,11,11,C,2,2,2,bound,0,0.0,1
rome,grafo5939.33,33,40,C,3,4,4,refutation,330,0.001,1
rome,grafo5930.55,55,77,C,5,8,6,refutation,30014,0.057,1
rome,grafo5942.34,34,46,C,4,5,4,bound,136,0.001,1
rome,grafo5941.41,41,48,C,3,4,4,refutation,657,0.005,1
rome,grafo5943.39,39,49,C,3,4,4,refutation,560,0.002,1
rome,grafo5944.44,44,57,C,3,5,4,refutation,726,0.006,1
rome,grafo5946.39,39,55,C,3,5,4,refutation,674,0.005,1
rome,grafo5947.34,34,44,C,3,4,4,refutation,459,0.001,1
rome,grafo5898.76,76,96,C,5,7,6,refutation,115081,0.249,1
rome,grafo5928.77,77,91,C,4,7,5,refutation,59215,0.107,1
rome,grafo595.13,13,15,C,3,3,3,bound,0,0.0,1
rome,grafo5949.38,38,50,C,4,6,5,refutation,2106,0.005,1
rome,grafo5951.34,34,43,C,4,5,4,bound,28,0.001,1
rome,grafo5952.38,38,48,C,4,5,5,refutation,2322,0.005,1
rome,grafo5945.45,45,60,C,5,7,6,refutation,8372,0.031,1
rome,grafo5953.37,37,55,C,5,6,5,bound,858,0.002,1
rome,grafo5950.43,43,56,C,4,6,5,refutation,3460,0.017,1
rome,grafo5955.43,43,58,C,4,6,5,refutation,2695,0.005,1
rome,grafo5957.37,37,39,C,2,4,3,refutation,340,0.001,1
rome,grafo5958.42,42,56,C,4,6,5,refutation,3253,0.006,1
rome,grafo5954.49,49,61,C,4,6,5,refutation,4991,0.019,1
rome,grafo596.14,14,16,C,3,3,3,bound,0,0.0,1
rome,grafo5948.59,59,80,C,5,7,6,refutation,27169,0.067,1
rome,grafo5961.33,33,41,C,3,5,4,refutation,255,0.001,1
rome,grafo5940.73,73,89,C,4,7,6,refutation,49577,0.099,1
rome,grafo5962.69,69,88,C,4,7,6,refutation,27297,0.043,1
rome,grafo5963.61,61,83,C,5,7,6,refutation,33364,0.049,1
rome,grafo5908.79,79,100,C,5,8,7,refutation,311619,0.342,1
rome,grafo5965.37,37,52,C,5,6,6,refutation,2923,0.006,1
rome,grafo5967.37,37,44,C,3,4,4,refutation,557,0.002,1
rome,grafo5964.60,60,78,C,4,6,5,refutation,10123,0.018,1
rome,grafo5966.35,35,45,C,3,4,4,refutation,502,0.002,1
rome,grafo5969.38,38,49,C,4,4,4,bound,0,0.001,1
rome,grafo5968.35,35,44,C,3,4,4,refutation,290,0.001,1
rome,grafo597.17,17,24,C,3,4,3,bound,14,0.003,1
rome,grafo5970.36,36,46,C,3,5,5,refutation,1701,0.003,1
rome,grafo5973.46,46,60,C,4,5,4,bound,362,0.002,1
rome,grafo5974.39,39,53,C,4,5,5,refutation,2400,0.005,1
rome,grafo5972.40,40,64,C,5,8,6,refutation,2091,0.011,1
rome,grafo5975.45,45,52,C,4,5,4,bound,47,0.001,1
rome,grafo5758.60,60,86,C,5,9,8,refutation,1014878,0.983,1
rome,grafo5977.35,35,45,C,4,4,4,bound,0,0.001,1
rome,grafo5978.41,41,50,C,3,4,4,refutation,1114,0.003,1
rome,grafo598.33,33,49,C,4,4,4,bound,0,0.001,1
rome,grafo5980.40,40,54,C,4,6,5,refutation,1493,0.004,1
rome,grafo5976.43,43,54,C,4,6,5,refutation,3565,0.013,1
rome,grafo5981.35,35,46,C,3,4,4,refutation,203,0.001,1
rome,grafo5983.41,41,50,C,4,5,5,refutation,2401,0.005,1
rome,grafo5982.44,44,57,C,3,4,4,refutation,941,0.006,1
rome,grafo5984.42,42,53,C,3,5,4,refutation,766,0.002,1
rome,grafo5959.74,74,91,C,4,6,6,refutation,55254,0.141,1
rome,grafo5987.43,43,63,C,5,6,6,refutation,3763,0.013,1
rome,grafo5870.80,80,107,C,6,8,7,refutation,496129,0.542,1
rome,grafo5988.37,37,47,C,3,4,4,refutation,387,0.001,1
rome,grafo599.18,18,18,C,2,2,2,bound,0,0.0,1
rome,grafo5989.49,49,60,C,4,6,4,bound,64,0.005,1
rome,grafo5971.53,53,83,C,6,8,7,refutation,56002,0.069,1
rome,grafo5991.34,34,41,C,3,4,3,bound,35,0.001,1
rome,grafo5990.34,34,45,C,4,4,4,bound,0,0.001,1
rome,grafo5994.33,33,36,C,2,3,3,refutation,136,0.001,1
rome,grafo5979.56,56,69,C,4,6,5,refutation,26811,0.061,1
rome,grafo5993.38,38,44,C,3,5,4,refutation,1123,0.006,1
rome,grafo5995.42,42,59,C,5,6,6,refutation,5214,0.015,1
rome,grafo5956.79,79,97,C,4,7,6,refutation,109505,0.207,1
rome,grafo5998.38,38,44,C,2,4,3,refutation,275,0.001,1
rome,grafo600.19,19,21,C,2,3,3,refutation,46,0.0,1
rome,grafo5881.62,62,80,C,5,8,7,refutation,580275,0.55,1
rome,grafo5999.36,36,43,C,3,5,4,refutation,560,0.002,1
rome,grafo6001.33,33,40,C,3,4,4,refutation,211,0.001,1
rome,grafo6003.37,37,50,C,4,6,5,refutation,1164,0.006,1
rome,grafo5992.44,44,67,C,6,7,7,refutation,17752,0.039,1
rome,grafo5960.55,55,79,C,5,8,7,refutation,124997,0.216,1
rome,grafo6004.42,42,60,C,4,6,5,refutation,3204,0.013,1
rome,grafo6006.36,36,44,C,3,5,4,refutation,494,0.002,1
rome,grafo5863.74,74,101,C,5,8,8,refutation,567095,0.718,1
rome,grafo6007.45,45,58,C,4,5,5,refutation,3134,0.01,1
rome,grafo601.19,19,23,C,3,3,3,bound,0,0.0,1
rome,grafo6010.35,35,44,C,3,5,4,refutation,550,0.002,1
rome,grafo6011.35,35,45,C,4,6,5,refutation,1207,0.003,1
rome,grafo6009.42,42,66,C,5,7,6,refutation,3197,0.007,1
rome,grafo6013.42,42,57,C,4,6,5,refutation,2291,0.006,1
rome,grafo6008.43,43,68,C,5,7,7,refutation,6483,0.03,1
rome,grafo6015.39,39,44,C,3,4,4,refutation,897,0.006,1
rome,grafo6014.44,44,59,C,4,6,6,refutation,21452,0.034,1
rome,grafo6012.51,51,81,C,6,8,7,refutation,33524,0.053,1
rome,grafo5929.71,71,98,C,6,8,8,refutation,445161,0.441,1
rome,grafo6019.39,39,50,C,4,5,5,refutation,1209,0.003,1
rome,grafo602.15,15,19,C,3,3,3,bound,0,0.0,1
rome,grafo6018.42,42,58,C,4,6,5,refutation,3815,0.008,1
rome,grafo6020.39,39,49,C,4,5,4,bound,47,0.001,1
rome,grafo6022.61,61,86,C,5,7,6,refutation,11958,0.022,1
rome,grafo6023.37,37,50,C,3,4,4,refutation,267,0.001,1
rome,grafo6024.36,36,44,C,3,4,4,refutation,649,0.002,1
rome,grafo6025.56,56,79,C,5,6,5,bound,53,0.002,1
rome,grafo6026.39,39,61,C,4,6,5,refutation,820,0.002,1
rome,grafo6021.50,50,74,C,5,7,6,refutation,9232,0.037,1
rome,grafo6027.40,40,55,C,4,6,5,refutation,1162,0.003,1
rome,grafo6028.36,36,43,C,3,4,4,refutation,318,0.002,1
rome,grafo5997.62,62,93,C,6,8,7,refutation,54844,0.171,1
rome,grafo6029.39,39,52,C,4,6,5,refutation,2802,0.005,1
rome,grafo603.26,26,27,C,2,3,2,bound,35,0.001,1
rome,grafo6032.42,42,51,C,3,5,4,refutation,1057,0.006,1
rome,grafo6033.43,43,50,C,3,5,4,refutation,1377,0.003,1
rome,grafo5460.80,80,113,C,6,9,9,refutation,1582481,2.414,1
rome,grafo6035.35,35,50,C,4,4,4,bound,0,0.004,1
rome,grafo6031.58,58,82,C,5,7,6,refutation,53665,0.062,1
rome,grafo6037.36,36,48,C,4,6,5,refutation,926,0.003,1
rome,grafo6036.44,44,61,C,4,6,5,refutation,4489,0.018,1
rome,grafo6038.53,53,63,C,3,5,5,refutation,7838,0.013,1
rome,grafo604.12,12,11,C,1,2,2,refutation,12,0.0,1
rome,grafo6040.34,34,35,C,2,2,2,bound,0,0.001,1
rome,grafo6039.46,46,59,C,4,5,5,refutation,3257,0.013,1
rome,grafo6042.36,36,43,C,3,4,3,bound,92,0.001,1
rome,grafo6034.60,60,75,C,4,6,5,refutation,37047,0.086,1
rome,grafo6044.47,47,59,C,4,5,5,refutation,5238,0.01,1
rome,grafo6043.44,44,64,C,5,7,6,refutation,3767,0.017,1
rome,grafo5606.77,77,111,C,6,9,9,refutation,2400299,1.878,1
rome,grafo6047.32,32,35,C,2,3,3,refutation,92,0.001,1
rome,grafo5854.78,78,111,C,6,9,8,refutation,923955,1.019,1
rome,grafo6048.45,45,62,C,4,4,4,bound,0,0.002,1
rome,grafo605.22,22,26,C,2,2,2,bound,0,0.0,1
rome,grafo4649.85,85,112,C,6,9,9,budget,10604544,10.034,1
rome,grafo6049.36,36,45,C,4,4,4,bound,0,0.004,1
rome,grafo6050.34,34,41,C,3,4,3,bound,44,0.001,1
rome,grafo6046.41,41,57,C,5,7,6,refutation,6768,0.012,1
rome,grafo6051.37,37,45,C,3,4,4,refutation,652,0.002,1
rome,grafo6052.37,37,51,C,3,5,4,refutation,339,0.005,1
rome,grafo6053.38,38,48,C,4,5,5,refutation,1232,0.006,1
rome,grafo6054.45,45,60,C,4,6,5,refutation,2959,0.006,1
rome,grafo6056.39,39,49,C,3,5,4,refutation,461,0.002,1
rome,grafo6057.42,42,55,C,4,5,4,bound,361,0.002,1
rome,grafo606.21,21,27,C,3,4,3,bound,23,0.0,1
rome,grafo6058.42,42,54,C,4,5,5,refutation,2239,0.005,1
rome,grafo6059.41,41,49,C,3,4,4,refutation,958,0.007,1
rome,grafo6061.45,45,60,C,4,5,4,bound,680,0.002,1
rome,grafo6030.59,59,80,C,5,7,6,refutation,51273,0.156,1
rome,grafo6055.43,43,56,C,4,6,5,refutation,2575,0.012,1
rome,grafo6062.38,38,52,C,5,6,5,bound,30,0.001,1
rome,grafo6066.36,36,39,C,2,3,3,refutation,158,0.001,1
rome,grafo6067.36,36,43,C,3,5,5,refutation,1477,0.006,1
rome,grafo6060.59,59,72,C,4,6,5,refutation,5504,0.018,1
rome,grafo6063.43,43,59,C,4,6,6,refutation,8476,0.016,1
rome,grafo607.15,15,17,C,2,3,2,bound,16,0.0,1
rome,grafo6069.38,38,45,C,4,5,4,bound,31,0.001,1
rome,grafo6071.36,36,43,C,3,4,4,refutation,299,0.007,1
rome,grafo6070.45,45,61,C,4,7,6,refutation,3877,0.009,1
rome,grafo6072.32,32,38,C,3,4,4,refutation,340,0.004,1
rome,grafo6074.46,46,62,C,4,5,4,bound,45,0.001,1
rome,grafo5985.62,62,87,C,6,8,8,refutation,442147,0.409,1
rome,grafo5902.74,74,102,C,5,9,8,refutation,575344,0.812,1
rome,grafo6076.34,34,44,C,3,4,4,refutation,499,0.002,1
rome,grafo6075.36,36,53,C,4,6,5,refutation,1007,0.006,1
rome,grafo6079.40,40,49,C,4,5,4,bound,227,0.001,1
rome,grafo608.13,13,12,C,1,2,2,refutation,12,0.003,1
rome,grafo5650.78,78,106,C,6,9,8,refutation,1828631,1.837,1
rome,grafo6077.47,47,54,C,3,5,4,refutation,1831,0.011,1
rome,grafo6082.42,42,58,C,5,6,5,bound,41,0.004,1
rome,grafo6000.76,76,101,C,6,8,8,refutation,460436,0.381,1
rome,grafo6073.62,62,75,C,4,6,5,refutation,17937,0.038,1
rome,grafo6081.42,42,60,C,4,6,6,refutation,7198,0.033,1
rome,grafo6086.33,33,41,C,3,4,4,refutation,219,0.001,1
rome,grafo5996.78,78,103,C,5,8,7,refutation,286505,0.431,1
rome,grafo6087.39,39,46,C,3,4,4,refutation,663,0.005,1
rome,grafo6088.41,41,48,C,3,4,4,refutation,866,0.003,1
rome,grafo609.12,12,12,C,2,2,2,bound,0,0.0,1
rome,grafo6089.47,47,53,C,3,4,3,bound,45,0.001,1
rome,grafo6091.33,33,37,C,3,3,3,bound,0,0.004,1
rome,grafo6084.57,57,80,C,5,7,6,refutation,32974,0.049,1
rome,grafo6092.34,34,39,C,2,3,2,bound,55,0.001,1
rome,grafo6045.72,72,87,C,4,7,6,refutation,75089,0.156,1
rome,grafo6093.36,36,43,C,3,5,4,refutation,397,0.002,1
rome,grafo6095.35,35,49,C,3,4,4,refutation,173,0.001,1
rome,grafo6097.37,37,48,C,3,4,4,refutation,224,0.001,1
rome,grafo6098.40,40,47,C,3,4,3,bound,38,0.001,1
rome,grafo6064.46,46,69,C,5,7,7,refutation,38405,0.128,1
rome,grafo6094.39,39,45,C,3,4,4,refutation,654,0.002,1
rome,grafo6100.34,34,44,C,4,5,4,bound,64,0.001,1
rome,grafo6096.47,47,59,C,4,6,5,refutation,7395,0.014,1
rome,grafo6102.33,33,37,C,3,3,3,bound,0,0.001,1
rome,grafo610.29,29,38,C,3,4,4,refutation,298,0.001,1
rome,grafo6101.36,36,42,C,3,4,4,refutation,968,0.006,1
rome,grafo6104.35,35,41,C,2,4,3,refutation,109,0.007,1
rome,grafo6106.38,38,47,C,4,4,4,bound,0,0.001,1
rome,grafo6103.41,41,59,C,4,7,6,refutation,11950,0.02,1
rome,grafo6108.38,38,44,C,2,3,3,refutation,159,0.001,1
rome,grafo6068.72,72,92,C,4,7,6,refutation,87534,0.148,1
rome,grafo611.12,12,12,C,2,2,2,bound,0,0.0,1
rome,grafo6109.36,36,52,C,4,5,5,refutation,848,0.002,1
rome,grafo6111.33,33,40,C,3,4,4,refutation,245,0.001,1
rome,grafo6112.36,36,48,C,5,5,5,bound,0,0.001,1
rome,grafo6113.35,35,38,C,3,3,3,bound,0,0.001,1
rome,grafo6114.31,31,39,C,3,5,5,refutation,491,0.002,1
rome,grafo6115.40,40,46,C,3,4,4,refutation,1445,0.003,1
rome,grafo6116.35,35,43,C,4,5,5,refutation,1808,0.004,1
rome,grafo6117.44,44,49,C,3,4,3,bound,78,0.001,1
rome,grafo6118.34,34,42,C,3,4,4,refutation,367,0.001,1
rome,grafo6119.42,42,52,C,4,5,4,bound,35,0.001,1
rome,grafo612.11,11,11,C,2,2,2,bound,0,0.0,1
rome,grafo6120.43,43,52,C,3,5,4,refutation,807,0.002,1
rome,grafo6121.33,33,41,C,3,4,3,bound,106,0.001,1
rome,grafo5986.62,62,88,C,6,9,8,refutation,690774,0.566,1
rome,grafo6122.41,41,50,C,4,4,4,bound,0,0.001,1
rome,grafo6105.45,45,68,C,5,7,7,refutation,14269,0.057,1
rome,grafo6123.38,38,50,C,4,5,5,refutation,1429,0.004,1
rome,grafo6126.39,39,49,C,3,4,4,refutation,348,0.002,1
rome,grafo6124.46,46,64,C,4,7,6,refutation,5287,0.01,1
rome,grafo6127.55,55,79,C,5,7,6,refutation,7715,0.017,1
rome,grafo6110.62,62,80,C,4,6,6,refutation,37855,0.057,1
rome,grafo613.10,10,9,C,1,2,2,refutation,10,0.0,1
rome,grafo6129.45,45,55,C,3,5,4,refutation,1589,0.004,1
rome,grafo6125.53,53,65,C,4,6,5,refutation,5877,0.025,1
rome,grafo6128.47,47,60,C,4,6,6,refutation,13870,0.021,1
rome,grafo6080.62,62,91,C,6,8,7,refutation,85297,0.183,1
rome,grafo6133.39,39,52,C,4,5,5,refutation,982,0.003,1
rome,grafo6134.45,45,55,C,3,5,4,refutation,1753,0.004,1
rome,grafo6090.78,78,94,C,4,7,6,refutation,105956,0.136,1
rome,grafo6135.46,46,69,C,5,6,6,refutation,5335,0.01,1
rome,grafo6137.39,39,47,C,3,4,4,refutation,820,0.002,1
rome,grafo6138.45,45,57,C,4,6,5,refutation,1540,0.004,1
rome,grafo614.25,25,29,C,2,3,3,refutation,99,0.001,1
rome,grafo6139.40,40,51,C,3,5,4,refutation,385,0.002,1
rome,grafo6130.52,52,65,C,4,6,6,refutation,21282,0.036,1
rome,grafo6140.41,41,52,C,4,5,5,refutation,3020,0.006,1
rome,grafo6143.39,39,55,C,5,5,5,bound,0,0.001,1
rome,grafo6142.40,40,49,C,4,5,4,bound,312,0.002,1
rome,grafo6107.57,57,75,C,5,7,6,refutation,35420,0.115,1
rome,grafo6144.43,43,56,C,4,5,4,bound,118,0.001,1
rome,grafo6145.44,44,54,C,3,4,4,refutation,822,0.004,1
rome,grafo5874.76,76,104,C,6,9,8,refutation,805345,1.17,1
rome,grafo6141.42,42,54,C,4,6,6,refutation,14216,0.024,1
rome,grafo615.15,15,22,C,3,3,3,bound,0,0.0,1
rome,grafo6131.61,61,79,C,5,7,6,refutation,39449,0.058,1
rome,grafo6150.41,41,52,C,4,5,4,bound,81,0.001,1
rome,grafo6148.39,39,50,C,4,6,5,refutation,1887,0.011,1
rome,grafo6147.53,53,63,C,4,5,5,refutation,8155,0.014,1
rome,grafo6149.40,40,48,C,3,4,4,refutation,895,0.005,1
rome,grafo6153.39,39,52,C,4,5,4,bound,303,0.001,1
rome,grafo6154.44,44,63,C,4,6,5,refutation,1716,0.004,1
rome,grafo6136.53,53,79,C,5,8,7,refutation,38265,0.053,1
rome,grafo6156.34,34,45,C,4,6,5,refutation,1438,0.006,1
rome,grafo6155.39,39,50,C,3,4,4,refutation,515,0.005,1
rome,grafo6157.42,42,66,C,5,7,6,refutation,2044,0.004,1
rome,grafo6152.41,41,57,C,4,6,5,refutation,1013,0.006,1
rome,grafo616.19,19,28,C,3,4,4,refutation,84,0.001,1
rome,grafo6158.42,42,51,C,4,5,4,bound,33,0.001,1
rome,grafo6163.37,37,43,C,3,4,4,refutation,1033,0.002,1
rome,grafo6162.44,44,56,C,4,5,4,bound,51,0.003,1
rome,grafo5861.82,82,113,C,6,8,8,refutation,1202667,1.322,1
rome,grafo6164.41,41,55,C,4,6,5,refutation,1897,0.004,1
rome,grafo6161.47,47,68,C,5,6,5,bound,1104,0.006,1
rome,grafo6160.49,49,58,C,4,5,5,refutation,6481,0.011,1
rome,grafo6168.47,47,50,C,3,4,3,bound,221,0.002,1
rome,grafo6167.40,40,57,C,4,6,5,refutation,999,0.003,1
rome,grafo6170.36,36,43,C,3,4,3,bound,53,0.001,1
rome,grafo617.17,17,23,C,2,3,3,refutation,30,0.0,1
rome,grafo6172.41,41,50,C,3,4,3,bound,137,0.001,1
rome,grafo6171.42,42,59,C,5,6,6,refutation,6018,0.011,1
rome,grafo6151.59,59,75,C,5,6,6,refutation,27926,0.044,1
rome,grafo6165.43,43,52,C,4,5,5,refutation,6528,0.025,1
rome,grafo6175.41,41,42,C,2,3,2,bound,85,0.001,1
rome,grafo6174.40,40,63,C,5,6,6,refutation,3521,0.007,1
rome,grafo6169.47,47,70,C,5,8,7,refutation,11757,0.025,1
rome,grafo6132.44,44,64,C,5,7,6,refutation,7740,0.033,1
rome,grafo6178.40,40,49,C,4,4,4,bound,0,0.001,1
rome,grafo618.13,13,18,C,2,3,3,refutation,23,0.0,1
rome,grafo6159.52,52,65,C,4,6,5,refutation,9406,0.041,1
rome,grafo6179.45,45,57,C,3,5,4,refutation,1080,0.003,1
rome,grafo6166.46,46,66,C,5,7,6,refutation,7121,0.03,1
rome,grafo6180.41,41,50,C,3,4,4,refutation,695,0.002,1
rome,grafo6182.40,40,53,C,4,4,4,bound,0,0.001,1
rome,grafo6183.43,43,51,C,4,5,4,bound,59,0.001,1
rome,grafo6181.40,40,57,C,5,7,6,refutation,3691,0.017,1
rome,grafo6177.52,52,69,C,5,6,6,refutation,14897,0.028,1
rome,grafo6185.51,51,69,C,4,6,6,refutation,14589,0.026,1
rome,grafo619.13,13,15,C,2,2,2,bound,0,0.0,1
rome,grafo6189.40,40,55,C,5,7,6,refutation,4646,0.01,1
rome,grafo6190.41,41,51,C,4,5,4,bound,36,0.001,1
rome,grafo6192.41,41,54,C,4,6,5,refutation,1936,0.005,1
rome,grafo6191.41,41,52,C,4,6,5,refutation,2474,0.006,1
rome,grafo6173.62,62,73,C,4,6,5,refutation,21758,0.064,1
rome,grafo6016.75,75,101,C,6,8,8,refutation,517282,0.633,1
rome,grafo6195.40,40,48,C,3,5,4,refutation,898,0.003,1
rome,grafo6188.44,44,64,C,4,6,6,refutation,5752,0.028,1
rome,grafo6041.76,76,99,C,6,9,7,refutation,628171,0.472,1
rome,grafo6186.67,67,76,C,4,6,5,refutation,14915,0.049,1
rome,grafo6176.45,45,65,C,5,7,7,refutation,16066,0.066,1
rome,grafo6199.42,42,53,C,3,5,5,refutation,3450,0.007,1
rome,grafo6197.40,40,56,C,5,6,6,refutation,8238,0.015,1
rome,grafo620.27,27,27,C,2,3,2,bound,22,0.001,1
rome,grafo6202.38,38,44,C,4,4,4,bound,0,0.001,1
rome,grafo6198.41,41,61,C,5,6,6,refutation,3618,0.018,1
rome,grafo6203.42,42,59,C,4,6,5,refutation,2003,0.006,1
rome,grafo6205.42,42,56,C,5,6,5,bound,34,0.004,1
rome,grafo6196.42,42,69,C,6,7,7,refutation,6045,0.028,1
rome,grafo6200.45,45,59,C,4,6,5,refutation,3671,0.018,1
rome,grafo6207.40,40,52,C,4,5,4,bound,56,0.001,1
rome,grafo6204.45,45,62,C,4,6,6,refutation,6913,0.013,1
rome,grafo6208.40,40,53,C,4,5,4,bound,92,0.001,1
rome,grafo621.19,19,27,C,4,5,4,bound,18,0.0,1
rome,grafo6201.53,53,72,C,4,7,6,refutation,9882,0.021,1
rome,grafo6211.54,54,64,C,3,4,3,bound,346,0.004,1
rome,grafo6209.43,43,58,C,4,5,5,refutation,1463,0.01,1
rome,grafo6193.58,58,77,C,5,7,6,refutation,35358,0.053,1
rome,grafo6214.39,39,51,C,4,5,4,bound,1277,0.007,1
rome,grafo6215.38,38,45,C,3,4,4,refutation,589,0.005,1
rome,grafo6216.45,45,51,C,3,4,4,refutation,910,0.003,1
rome,grafo6219.37,37,45,C,3,4,4,refutation,539,0.002,1
rome,grafo6218.34,34,40,C,3,4,3,bound,77,0.004,1
rome,grafo622.23,23,25,C,2,3,3,refutation,90,0.001,1
rome,grafo6220.36,36,44,C,3,4,3,bound,31,0.001,1
rome,grafo6217.37,37,53,C,4,5,5,refutation,701,0.006,1
rome,grafo6210.49,49,63,C,4,6,6,refutation,15029,0.026,1
rome,grafo6017.62,62,84,C,5,8,7,refutation,652016,0.674,1
rome,grafo6223.42,42,45,C,2,4,3,refutation,401,0.002,1
rome,grafo6212.46,46,67,C,5,7,6,refutation,9603,0.029,1
rome,grafo6227.36,36,47,C,4,5,4,bound,55,0.001,1
rome,grafo6222.39,39,49,C,3,5,4,refutation,666,0.005,1
rome,grafo6194.58,58,77,C,5,7,6,refutation,35358,0.091,1
rome,grafo623.13,13,12,C,1,1,1,bound,0,0.0,1
rome,grafo6221.53,53,64,C,4,6,5,refutation,18381,0.031,1
rome,grafo6224.44,44,61,C,5,7,6,refutation,8071,0.031,1
rome,grafo6229.44,44,56,C,4,5,5,refutation,1954,0.008,1
rome,grafo6230.52,52,64,C,4,5,4,bound,1464,0.007,1
rome,grafo6231.39,39,52,C,4,5,5,refutation,1631,0.005,1
rome,grafo6233.36,36,47,C,3,4,4,refutation,424,0.005,1
rome,grafo6232.39,39,51,C,3,5,5,refutation,1039,0.006,1
rome,grafo6228.46,46,62,C,4,7,5,refutation,3261,0.02,1
rome,grafo6099.74,74,93,C,5,8,7,refutation,249581,0.375,1
rome,grafo6235.45,45,53,C,3,4,4,refutation,738,0.003,1
rome,grafo624.17,17,18,C,2,3,2,bound,32,0.0,1
rome,grafo6234.39,39,52,C,4,5,5,refutation,1625,0.007,1
rome,grafo6237.46,46,58,C,4,5,4,bound,318,0.002,1
rome,grafo6240.43,43,53,C,4,5,5,refutation,3745,0.007,1
rome,grafo6241.46,46,60,C,4,6,5,refutation,2321,0.012,1
rome,grafo6243.37,37,55,C,5,7,6,refutation,2706,0.006,1
rome,grafo6245.38,38,49,C,3,4,4,refutation,393,0.001,1
rome,grafo6246.41,41,55,C,4,5,4,bound,401,0.002,1
rome,grafo6239.56,56,76,C,5,7,6,refutation,11316,0.023,1
rome,grafo6248.39,39,50,C,4,5,4,bound,41,0.001,1
rome,grafo6244.39,39,52,C,4,5,5,refutation,2876,0.012,1
rome,grafo625.14,14,15,C,2,2,2,bound,0,0.0,1
rome,grafo6249.50,50,68,C,5,7,6,refutation,6763,0.014,1
rome,grafo6250.56,56,65,C,3,4,4,refutation,1546,0.008,1
rome,grafo4687.79,79,111,C,6,10,9,budget,7700658,10.025,1
rome,grafo6253.41,41,48,C,3,3,3,bound,0,0.001,1
rome,grafo6206.62,62,95,C,6,8,7,refutation,75636,0.144,1
rome,grafo6254.37,37,46,C,3,5,4,refutation,537,0.005,1
rome,grafo6252.43,43,62,C,4,6,6,refutation,4659,0.019,1
rome,grafo6257.42,42,60,C,5,6,5,bound,41,0.001,1
rome,grafo6251.49,49,68,C,4,6,6,refutation,9324,0.03,1
rome,grafo6255.48,48,67,C,5,6,6,refutation,5945,0.013,1
rome,grafo626.11,11,16,C,2,2,2,bound,0,0.0,1
rome,grafo6256.41,41,53,C,4,5,5,refutation,3162,0.016,1
rome,grafo6078.76,76,97,C,5,8,7,refutation,584544,0.542,1
rome,grafo6258.41,41,57,C,4,5,5,refutation,1628,0.011,1
rome,grafo6261.40,40,55,C,4,5,5,refutation,1747,0.007,1
rome,grafo6213.59,59,88,C,6,8,8,refutation,196923,0.162,1
rome,grafo6260.44,44,56,C,4,5,5,refutation,4725,0.013,1
rome,grafo6262.46,46,64,C,4,5,5,refutation,2544,0.006,1
rome,grafo6267.38,38,40,C,2,3,3,refutation,250,0.001,1
rome,grafo6266.44,44,60,C,5,6,5,bound,60,0.002,1
rome,grafo6265.41,41,58,C,5,6,6,refutation,2151,0.005,1
rome,grafo627.27,27,29,C,2,3,2,bound,26,0.001,1
rome,grafo6259.44,44,67,C,5,7,6,refutation,5080,0.023,1
rome,grafo6270.42,42,54,C,4,6,5,refutation,3150,0.009,1
rome,grafo6271.44,44,51,C,3,5,5,refutation,3921,0.009,1
rome,grafo6272.67,67,73,C,3,5,4,refutation,6162,0.013,1
rome,grafo6273.43,43,56,C,4,6,6,refutation,9229,0.019,1
rome,grafo6268.57,57,75,C,4,7,6,refutation,18204,0.035,1
rome,grafo6085.79,79,101,C,5,8,7,refutation,472620,0.569,1
rome,grafo6275.39,39,54,C,4,6,5,refutation,896,0.006,1
rome,grafo6225.54,54,82,C,5,8,7,refutation,43200,0.17,1
rome,grafo6276.44,44,62,C,4,5,5,refutation,1468,0.007,1
rome,grafo6279.40,40,52,C,5,5,5,bound,0,0.001,1
rome,grafo628.14,14,17,C,3,3,3,bound,0,0.0,1
rome,grafo6277.42,42,61,C,5,7,6,refutation,3561,0.018,1
rome,grafo6264.50,50,72,C,5,8,7,refutation,40757,0.079,1
rome,grafo6269.57,57,75,C,4,7,6,refutation,18204,0.067,1
rome,grafo6282.45,45,56,C,4,6,5,refutation,3282,0.014,1
rome,grafo6283.36,36,45,C,3,4,4,refutation,431,0.002,1
rome,grafo6274.48,48,73,C,5,8,7,refutation,35408,0.055,1
rome,grafo6286.41,41,51,C,4,5,4,bound,46,0.001,1
rome,grafo6287.38,38,53,C,4,4,4,bound,0,0.001,1
rome,grafo6284.40,40,55,C,4,7,6,refutation,2952,0.013,1
rome,grafo629.14,14,17,C,2,2,2,bound,0,0.0,1
rome,grafo6263.44,44,66,C,5,7,7,refutation,30884,0.101,1
rome,grafo6288.41,41,62,C,4,6,5,refutation,899,0.006,1
rome,grafo6238.57,57,87,C,6,8,7,refutation,46302,0.184,1
rome,grafo6289.48,48,65,C,4,5,5,refutation,1559,0.007,1
rome,grafo6285.44,44,54,C,4,6,5,refutation,3813,0.018,1
rome,grafo6005.75,75,109,C,6,10,9,refutation,1483838,1.006,1
rome,grafo6294.39,39,58,C,5,6,6,refutation,3415,0.007,1
rome,grafo6290.43,43,62,C,4,6,6,refutation,4558,0.019,1
rome,grafo6296.43,43,59,C,4,6,6,refutation,3560,0.007,1
rome,grafo6297.45,45,60,C,4,6,5,refutation,2648,0.006,1
rome,grafo630.21,21,28,C,3,3,3,bound,0,0.0,1
rome,grafo6300.47,47,72,C,6,7,6,bound,45,0.002,1
rome,grafo6299.39,39,55,C,5,6,5,bound,70,0.001,1
rome,grafo6302.38,38,47,C,3,4,4,refutation,596,0.002,1
rome,grafo6236.77,77,94,C,5,7,6,refutation,85141,0.226,1
rome,grafo6281.56,56,75,C,5,8,7,refutation,40817,0.074,1
rome,grafo6301.55,55,69,C,4,6,5,refutation,5545,0.012,1
rome,grafo6303.45,45,58,C,4,6,5,refutation,4324,0.009,1
rome,grafo6187.81,81,112,C,5,7,7,refutation,452118,0.388,1
rome,grafo6295.45,45,67,C,6,7,7,refutation,9008,0.04,1
rome,grafo6306.42,42,61,C,5,7,7,refutation,7730,0.013,1
rome,grafo6304.42,42,55,C,4,6,5,refutation,3513,0.017,1
rome,grafo6308.42,42,62,C,6,7,6,bound,45,0.004,1
rome,grafo631.16,16,17,C,2,2,2,bound,0,0.0,1
rome,grafo6309.41,41,55,C,4,5,4,bound,118,0.002,1
rome,grafo6311.37,37,41,C,3,4,3,bound,28,0.001,1
rome,grafo6313.37,37,42,C,3,3,3,bound,0,0.001,1
rome,grafo6314.44,44,58,C,4,6,5,refutation,1983,0.011,1
rome,grafo6310.42,42,63,C,5,7,6,refutation,3987,0.018,1
rome,grafo6305.62,62,81,C,5,6,6,refutation,23150,0.042,1
rome,grafo5866.76,76,107,C,6,9,9,refutation,2217534,1.744,1
rome,grafo6298.44,44,61,C,5,7,7,refutation,43594,0.078,1
rome,grafo632.13,13,16,C,3,3,3,bound,0,0.0,1
rome,grafo6318.43,43,71,C,6,8,7,refutation,7326,0.018,1
rome,grafo6320.49,49,61,C,3,5,4,refutation,1145,0.007,1
rome,grafo6322.44,44,61,C,4,5,4,bound,650,0.006,1
rome,grafo6312.58,58,87,C,5,8,7,refutation,35186,0.062,1
rome,grafo6324.37,37,47,C,3,4,4,refutation,717,0.002,1
rome,grafo6325.42,42,51,C,3,4,4,refutation,487,0.002,1
rome,grafo6323.41,41,51,C,4,6,5,refutation,2374,0.012,1
rome,grafo6317.43,43,78,C,6,8,8,refutation,15907,0.062,1
rome,grafo6321.54,54,71,C,5,7,6,refutation,12847,0.039,1
rome,grafo5897.80,80,105,C,5,9,8,refutation,1738649,1.649,1
rome,grafo6328.43,43,50,C,3,4,3,bound,48,0.002,1
rome,grafo633.10,10,9,C,1,2,2,refutation,10,0.0,1
rome,grafo6330.39,39,52,C,4,4,4,bound,0,0.001,1
rome,grafo6326.56,56,84,C,5,7,6,refutation,9256,0.022,1
rome,grafo6329.44,44,58,C,4,5,5,refutation,2283,0.006,1
rome,grafo6333.42,42,54,C,3,4,4,refutation,611,0.002,1
rome,grafo6327.51,51,70,C,4,6,6,refutation,8720,0.023,1
rome,grafo6332.47,47,62,C,4,6,5,refutation,2325,0.015,1
rome,grafo6335.39,39,54,C,4,6,6,refutation,4750,0.012,1
rome,grafo6331.42,42,65,C,5,6,6,refutation,2694,0.019,1
rome,grafo6336.43,43,54,C,4,6,5,refutation,5109,0.011,1
rome,grafo634.24,24,31,C,2,4,3,refutation,174,0.001,1
rome,grafo6337.39,39,44,C,3,4,3,bound,328,0.002,1
rome,grafo6338.56,56,69,C,4,5,4,bound,1093,0.004,1
rome,grafo6340.37,37,44,C,3,4,4,refutation,497,0.002,1
rome,grafo6342.37,37,42,C,3,4,3,bound,31,0.001,1
rome,grafo6339.47,47,64,C,5,6,5,bound,122,0.004,1
rome,grafo5739.81,81,113,C,6,10,9,refutation,2709765,2.36,1
rome,grafo6002.76,76,101,C,5,8,8,refutation,1028873,1.184,1
rome,grafo6315.60,60,82,C,4,6,6,refutation,39244,0.12,1
rome,grafo6344.47,47,63,C,4,6,5,refutation,4275,0.008,1
rome,grafo6343.43,43,55,C,4,6,5,refutation,2818,0.007,1
rome,grafo6341.39,39,51,C,4,6,4,bound,594,0.008,1
rome,grafo6346.43,43,62,C,5,6,5,bound,39,0.001,1
rome,grafo635.13,13,17,C,3,3,3,bound,0,0.0,1
rome,grafo6280.65,65,83,C,5,7,6,refutation,55016,0.23,1
rome,grafo6316.60,60,82,C,4,6,6,refutation,39244,0.12,1
rome,grafo6353.39,100,50,C,2,3,3,refutation,486,0.006,52
rome,grafo6347.46,46,66,C,5,6,6,refutation,4116,0.018,1
rome,grafo6345.43,43,57,C,4,6,5,refutation,5981,0.025,1
rome,grafo6356.37,37,43,C,3,4,3,bound,69,0.004,1
rome,grafo6247.88,88,114,C,6,8,7,refutation,470338,0.378,1
rome,grafo6354.41,41,56,C,4,7,6,refutation,5821,0.024,1
rome,grafo636.29,29,30,C,2,2,2,bound,0,0.0,1
rome,grafo6359.43,43,59,C,5,6,6,refutation,7152,0.013,1
rome,grafo6358.42,42,61,C,4,6,6,refutation,3203,0.014,1
rome,grafo6360.40,40,57,C,4,6,5,refutation,830,0.006,1
rome,grafo6361.41,41,60,C,4,6,6,refutation,3317,0.006,1
rome,grafo6362.44,44,53,C,3,5,4,refutation,1540,0.004,1
rome,grafo6365.34,34,38,C,3,4,3,bound,184,0.001,1
rome,grafo6352.44,44,60,C,5,7,6,refutation,6019,0.044,1
rome,grafo6349.56,56,74,C,4,6,6,refutation,26683,0.049,1
rome,grafo6366.41,41,51,C,4,5,4,bound,33,0.001,1
rome,grafo6364.45,45,59,C,3,5,5,refutation,2593,0.005,1
rome,grafo637.13,13,12,C,1,2,2,refutation,12,0.0,1
rome,grafo6368.45,45,65,C,4,5,5,refutation,1181,0.006,1
rome,grafo6363.48,48,62,C,3,6,5,refutation,2310,0.012,1
rome,grafo6355.41,41,60,C,5,7,7,refutation,10690,0.041,1
rome,grafo6348.43,43,56,C,4,6,6,refutation,15615,0.06,1
rome,grafo6373.49,49,56,C,4,5,4,bound,717,0.006,1
rome,grafo6357.46,46,59,C,4,6,6,refutation,15231,0.047,1
rome,grafo6374.39,39,51,C,3,5,5,refutation,1509,0.007,1
rome,grafo6371.41,41,55,C,4,7,5,refutation,2555,0.015,1
rome,grafo6376.48,48,62,C,4,5,5,refutation,4054,0.009,1
rome,grafo6379.39,39,50,C,3,4,4,refutation,881,0.003,1
rome,grafo638.12,12,17,C,3,3,3,bound,0,0.0,1
rome,grafo6380.39,39,46,C,3,4,4,refutation,1610,0.004,1
rome,grafo6350.56,56,74,C,4,6,6,refutation,26683,0.088,1
rome,grafo6372.43,43,59,C,4,6,6,refutation,7142,0.031,1
rome,grafo6377.42,42,63,C,5,7,6,refutation,3098,0.014,1
rome,grafo6381.42,42,50,C,4,5,4,bound,34,0.001,1
rome,grafo6378.44,44,62,C,5,6,6,refutation,7749,0.02,1
rome,grafo6367.45,45,72,C,5,7,6,refutation,9294,0.049,1
rome,grafo6370.51,51,79,C,6,8,7,refutation,26221,0.045,1
rome,grafo6388.34,34,46,C,4,6,5,refutation,1458,0.003,1
rome,grafo6382.40,40,52,C,4,6,5,refutation,2610,0.012,1
rome,grafo639.14,14,20,C,2,3,3,refutation,25,0.0,1
rome,grafo6385.49,49,70,C,5,6,6,refutation,10096,0.021,1
rome,grafo6293.68,68,92,C,5,8,7,refutation,103292,0.313,1
rome,grafo6387.44,44,60,C,4,7,6,refutation,6870,0.031,1
rome,grafo6392.40,40,57,C,4,6,6,refutation,1894,0.008,1
rome,grafo6384.47,47,72,C,5,8,7,refutation,19560,0.049,1
rome,grafo6391.43,43,62,C,5,7,7,refutation,12322,0.027,1
rome,grafo6386.52,52,79,C,6,7,7,refutation,29739,0.052,1
rome,grafo6397.44,44,56,C,4,6,5,refutation,2953,0.006,1
rome,grafo6398.41,41,53,C,4,4,4,bound,0,0.001,1
rome,grafo6393.43,43,62,C,4,7,6,refutation,5432,0.024,1
rome,grafo640.16,16,16,C,2,3,2,bound,13,0.0,1
rome,grafo6383.49,49,74,C,5,8,7,refutation,24122,0.08,1
rome,grafo6396.45,45,65,C,5,7,6,refutation,6199,0.029,1
rome,grafo6375.52,52,79,C,6,7,7,refutation,29739,0.108,1
rome,grafo6400.45,45,58,C,4,5,5,refutation,2744,0.016,1
rome,grafo6390.48,48,66,C,5,7,7,refutation,20771,0.076,1
rome,grafo6402.39,39,50,C,4,5,5,refutation,1609,0.007,1
rome,grafo6403.41,41,56,C,4,5,5,refutation,1281,0.007,1
rome,grafo6369.56,56,84,C,5,8,7,refutation,62003,0.143,1
rome,grafo6406.43,43,57,C,4,5,5,refutation,2095,0.012,1
rome,grafo6401.45,45,67,C,5,7,7,refutation,14510,0.032,1
rome,grafo641.21,21,23,C,2,3,2,bound,59,0.001,1
rome,grafo6395.57,57,73,C,4,7,6,refutation,33592,0.062,1
rome,grafo6407.47,47,61,C,4,6,5,refutation,3815,0.02,1
rome,grafo6083.76,76,110,C,6,9,9,refutation,1121922,1.034,1
rome,grafo6410.50,50,69,C,4,5,4,bound,128,0.002,1
rome,grafo6409.40,40,53,C,4,5,5,refutation,1428,0.01,1
rome,grafo6408.47,47,57,C,4,5,5,refutation,4373,0.017,1
rome,grafo6411.45,45,59,C,4,6,5,refutation,3330,0.008,1
rome,grafo6417.39,39,47,C,3,5,5,refutation,3529,0.008,1
rome,grafo6416.38,38,57,C,5,7,6,refutation,2080,0.011,1
rome,grafo6404.55,55,69,C,4,6,5,refutation,27612,0.048,1
rome,grafo6415.55,55,59,C,3,4,4,refutation,3467,0.018,1
rome,grafo642.14,14,15,C,2,2,2,bound,0,0.0,1
rome,grafo6421.44,44,54,C,4,4,4,bound,0,0.001,1
rome,grafo6334.84,84,103,C,5,6,6,refutation,265058,0.273,1
rome,grafo6419.45,45,59,C,4,6,5,refutation,3855,0.014,1
rome,grafo6420.39,39,57,C,4,6,6,refutation,3719,0.028,1
rome,grafo6412.65,65,82,C,4,6,5,refutation,14499,0.061,1
rome,grafo6405.55,55,69,C,4,6,5,refutation,27612,0.1,1
rome,grafo6423.57,57,77,C,5,7,6,refutation,24098,0.042,1
rome,grafo6291.85,85,108,C,5,8,7,refutation,295067,0.474,1
rome,grafo6426.48,48,60,C,4,6,5,refutation,2533,0.013,1
rome,grafo643.12,12,14,C,2,2,2,bound,0,0.0,1
rome,grafo5293.76,76,108,C,6,10,9,refutation,5361032,4.559,1
rome,grafo6428.51,51,67,C,5,6,5,bound,509,0.003,1
rome,grafo6432.44,44,54,C,3,4,4,refutation,1763,0.005,1
rome,grafo6427.44,44,62,C,4,6,5,refutation,2039,0.011,1
rome,grafo6399.55,55,79,C,5,7,7,refutation,53134,0.14,1
rome,grafo6431.41,41,51,C,3,6,5,refutation,2881,0.007,1
rome,grafo6429.41,41,64,C,5,7,7,refutation,4285,0.013,1
rome,grafo6435.36,36,50,C,4,5,5,refutation,529,0.004,1
rome,grafo6433.48,48,64,C,4,6,5,refutation,2395,0.007,1
rome,grafo6439.41,41,54,C,3,6,4,refutation,1040,0.003,1
rome,grafo644.14,14,17,C,2,3,3,refutation,18,0.0,1
rome,grafo6440.49,49,64,C,5,6,5,bound,200,0.002,1
rome,grafo6438.45,45,58,C,4,5,5,refutation,1872,0.011,1
rome,grafo6394.67,67,85,C,4,6,6,refutation,62747,0.177,1
rome,grafo6441.41,41,54,C,4,6,5,refutation,1289,0.007,1
rome,grafo6442.45,45,55,C,4,6,5,refutation,3520,0.017,1
rome,grafo6434.78,78,97,C,4,5,5,refutation,14908,0.035,1
rome,grafo6413.62,62,95,C,5,8,8,refutation,94643,0.132,1
rome,grafo6445.49,49,63,C,4,6,5,refutation,3137,0.014,1
rome,grafo6389.84,84,97,C,4,6,6,refutation,303150,0.25,1
rome,grafo6437.47,47,70,C,5,7,7,refutation,21267,0.058,1
rome,grafo645.17,17,19,C,2,2,2,bound,0,0.0,1
rome,grafo6450.37,37,46,C,4,5,4,bound,124,0.001,1
rome,grafo6449.51,51,65,C,4,5,5,refutation,8378,0.017,1
rome,grafo6319.80,80,109,C,5,8,7,refutation,311447,0.466,1
rome,grafo6451.47,47,67,C,5,6,6,refutation,3890,0.011,1
rome,grafo6453.49,49,56,C,2,4,3,refutation,418,0.002,1
rome,grafo6430.71,71,81,C,3,6,5,refutation,30385,0.085,1
rome,grafo6443.46,46,62,C,5,6,6,refutation,16173,0.066,1
rome,grafo6455.39,39,51,C,4,6,5,refutation,1255,0.008,1
rome,grafo4752.81,81,109,C,6,9,9,budget,12955648,10.033,1
rome,grafo6446.57,57,68,C,3,5,5,refutation,19276,0.057,1
rome,grafo6458.40,40,57,C,4,6,5,refutation,1840,0.005,1
rome,grafo646.25,25,25,C,2,3,2,bound,25,0.001,1
rome,grafo6460.40,40,56,C,4,5,4,bound,39,0.001,1
rome,grafo6462.46,46,56,C,3,5,4,refutation,942,0.003,1
rome,grafo6454.60,60,78,C,4,6,5,refutation,6892,0.022,1
rome,grafo6464.42,42,57,C,4,4,4,bound,0,0.001,1
rome,grafo6461.48,48,58,C,3,6,4,refutation,2515,0.012,1
rome,grafo6465.39,39,46,C,3,4,4,refutation,680,0.002,1
rome,grafo5933.75,75,103,C,5,9,8,refutation,1533242,1.896,1
rome,grafo6467.38,38,43,C,3,4,3,bound,67,0.001,1
rome,grafo6466.51,51,64,C,4,5,4,bound,55,0.002,1
rome,grafo6452.58,58,79,C,5,7,7,refutation,44320,0.061,1
rome,grafo6470.45,45,66,C,5,6,5,bound,1061,0.003,1
rome,grafo6471.46,46,61,C,4,6,5,refutation,1905,0.005,1
rome,grafo6469.47,47,70,C,5,6,6,refutation,6775,0.031,1
rome,grafo6472.40,40,57,C,4,5,5,refutation,1381,0.004,1
rome,grafo6474.46,46,59,C,4,5,5,refutation,4721,0.009,1
rome,grafo6473.39,39,49,C,4,5,5,refutation,1858,0.007,1
rome,grafo6459.57,57,72,C,4,6,6,refutation,21564,0.075,1
rome,grafo6448.80,80,93,C,4,7,5,refutation,58345,0.111,1
rome,grafo6477.37,37,43,C,3,3,3,bound,0,0.001,1
rome,grafo6478.38,38,51,C,4,5,5,refutation,1470,0.003,1
rome,grafo6479.38,38,51,C,4,5,5,refutation,655,0.002,1
rome,grafo6476.39,39,50,C,4,5,5,refutation,3030,0.012,1
rome,grafo648.39,39,41,C,2,3,3,refutation,238,0.001,1
rome,grafo6481.38,38,46,C,4,4,4,bound,0,0.001,1
rome,grafo6480.38,38,50,C,4,6,5,refutation,1732,0.004,1
rome,grafo6484.45,45,50,C,3,4,3,bound,61,0.001,1
rome,grafo6414.84,84,99,C,5,7,6,refutation,195350,0.268,1
rome,grafo6485.40,40,51,C,3,5,5,refutation,1137,0.003,1
rome,grafo6487.53,53,62,C,3,5,4,refutation,1045,0.004,1
rome,grafo6444.64,64,82,C,5,8,7,refutation,161249,0.174,1
rome,grafo6475.51,51,66,C,4,6,6,refutation,14041,0.037,1
rome,grafo649.14,14,25,C,3,4,3,bound,13,0.003,1
rome,grafo6489.48,48,66,C,3,6,5,refutation,2637,0.007,1
rome,grafo6488.49,49,63,C,4,5,5,refutation,6352,0.013,1
rome,grafo6491.51,51,57,C,3,4,3,bound,41,0.002,1
rome,grafo6492.38,38,50,C,4,5,5,refutation,1192,0.003,1
rome,grafo6493.39,39,50,C,3,5,5,refutation,1213,0.003,1
rome,grafo6495.39,39,56,C,4,6,6,refutation,1584,0.005,1
rome,grafo6496.52,52,75,C,6,7,6,bound,855,0.004,1
rome,grafo6436.74,74,95,C,4,6,6,refutation,130297,0.23,1
rome,grafo6497.46,46,62,C,4,5,5,refutation,8078,0.015,1
rome,grafo6498.40,40,52,C,4,6,5,refutation,1560,0.01,1
rome,grafo650.12,12,11,C,1,2,2,refutation,12,0.0,1
rome,grafo6146.79,79,106,C,5,9,8,refutation,869802,1.169,1
rome,grafo6501.40,40,50,C,3,5,4,refutation,1100,0.003,1
rome,grafo6499.46,46,68,C,5,7,6,refutation,3926,0.01,1
rome,grafo6494.62,62,81,C,5,7,6,refutation,30674,0.057,1
rome,grafo6503.59,59,73,C,4,6,5,refutation,4753,0.015,1
rome,grafo6504.56,56,65,C,3,4,4,refutation,2467,0.011,1
rome,grafo6483.60,60,83,C,5,6,6,refutation,47322,0.126,1
rome,grafo6486.75,75,107,C,5,8,7,refutation,96521,0.12,1
rome,grafo6490.57,57,78,C,5,7,7,refutation,78178,0.117,1
rome,grafo6509.38,38,52,C,4,5,4,bound,48,0.001,1
rome,grafo6507.59,59,80,C,5,6,6,refutation,9300,0.018,1
rome,grafo651.16,16,15,C,1,2,2,refutation,21,0.0,1
rome,grafo6500.55,55,75,C,5,7,6,refutation,22916,0.082,1
rome,grafo6510.49,49,59,C,3,5,4,refutation,1549,0.004,1
rome,grafo6511.46,46,56,C,3,4,4,refutation,875,0.006,1
rome,grafo6508.62,62,70,C,3,5,5,refutation,12948,0.027,1
rome,grafo6513.47,47,56,C,3,5,4,refutation,769,0.003,1
rome,grafo6516.35,35,46,C,5,6,5,bound,232,0.001,1
rome,grafo6514.39,39,55,C,5,6,5,bound,751,0.006,1
rome,grafo6517.35,35,49,C,4,5,5,refutation,652,0.002,1
rome,grafo6515.47,47,62,C,4,5,5,refutation,3853,0.007,1
rome,grafo652.14,14,13,C,1,2,2,refutation,18,0.0,1
rome,grafo647.78,78,99,C,5,7,6,refutation,114893,0.229,1
rome,grafo6512.46,46,56,C,4,5,5,refutation,3420,0.016,1
rome,grafo6457.58,58,84,C,6,9,8,refutation,254592,0.262,1
rome,grafo6456.58,58,84,C,6,9,8,refutation,254592,0.276,1
rome,grafo6424.78,78,96,C,5,7,6,refutation,403947,0.453,1
rome,grafo6525.45,45,51,C,3,4,3,bound,238,0.002,1
rome,grafo6524.45,45,59,C,4,6,6,refutation,13197,0.042,1
rome,grafo6502.77,77,95,C,4,7,6,refutation,102287,0.147,1
rome,grafo6523.47,47,65,C,5,7,7,refutation,34782,0.056,1
rome,grafo6519.56,56,74,C,5,7,6,refutation,44100,0.064,1
rome,grafo653.12,12,12,C,2,2,2,bound,0,0.0,1
rome,grafo6529.54,54,67,C,5,6,5,bound,63,0.002,1
rome,grafo6530.41,41,54,C,3,5,4,refutation,430,0.002,1
rome,grafo6526.51,51,65,C,4,6,5,refutation,4691,0.009,1
rome,grafo6531.38,38,51,C,4,5,5,refutation,1327,0.004,1
rome,grafo6534.48,48,58,C,4,6,5,refutation,7286,0.015,1
rome,grafo6535.49,49,65,C,4,5,5,refutation,3364,0.007,1
rome,grafo6521.59,59,84,C,5,8,7,refutation,65646,0.125,1
rome,grafo6537.46,46,52,C,4,4,4,bound,0,0.001,1
rome,grafo6528.72,72,87,C,4,6,5,refutation,47920,0.082,1
rome,grafo6539.47,47,65,C,4,7,6,refutation,8858,0.017,1
rome,grafo654.25,25,24,C,1,2,2,refutation,28,0.001,1
rome,grafo6522.59,59,91,C,6,8,8,refutation,132821,0.185,1
rome,grafo6540.56,56,79,C,4,7,6,refutation,19291,0.031,1
rome,grafo6541.39,39,54,C,5,6,6,refutation,5079,0.009,1
rome,grafo6543.37,37,53,C,5,5,5,bound,0,0.001,1
rome,grafo6544.48,48,61,C,4,7,5,refutation,2234,0.006,1
rome,grafo6518.85,85,107,C,5,7,6,refutation,244579,0.246,1
rome,grafo6546.56,56,70,C,4,5,5,refutation,10679,0.017,1
rome,grafo6547.38,38,64,C,6,7,7,refutation,4361,0.007,1
rome,grafo6538.81,81,99,C,5,7,6,refutation,71758,0.149,1
rome,grafo6548.46,46,59,C,4,6,6,refutation,14617,0.022,1
rome,grafo655.23,23,23,C,2,2,2,bound,0,0.0,1
rome,grafo6549.45,45,58,C,4,6,5,refutation,4291,0.015,1
rome,grafo6551.49,49,66,C,4,6,6,refutation,6140,0.025,1
rome,grafo6552.45,45,54,C,3,4,3,bound,44,0.001,1
rome,grafo6553.46,46,66,C,5,7,6,refutation,9468,0.031,1
rome,grafo6463.84,84,106,C,4,8,7,refutation,531995,0.62,1
rome,grafo6554.48,48,70,C,5,6,5,bound,1109,0.006,1
rome,grafo6425.78,78,96,C,5,7,6,refutation,403947,0.766,1
rome,grafo6292.74,74,104,C,6,9,8,refutation,643826,1.236,1
rome,grafo6557.45,45,58,C,4,6,5,refutation,3645,0.017,1
rome,grafo6520.84,84,110,C,5,8,7,refutation,542418,0.408,1
rome,grafo656.22,22,28,C,3,4,3,bound,51,0.001,1
rome,grafo6559.38,38,47,C,3,4,3,bound,234,0.001,1
rome,grafo6527.69,69,98,C,5,9,8,refutation,341558,0.354,1
rome,grafo6560.37,37,42,C,3,4,4,refutation,1001,0.002,1
rome,grafo6555.50,50,63,C,4,6,6,refutation,11315,0.041,1
rome,grafo6564.42,42,58,C,4,5,4,bound,66,0.001,1
rome,grafo6563.44,44,61,C,5,6,6,refutation,5235,0.011,1
rome,grafo6561.48,48,68,C,4,6,5,refutation,6040,0.024,1
rome,grafo6566.57,57,79,C,4,7,5,refutation,6298,0.013,1
rome,grafo6565.59,59,73,C,5,6,6,refutation,26584,0.054,1
rome,grafo6568.56,56,69,C,4,5,5,refutation,9680,0.033,1
rome,grafo657.15,15,22,C,3,3,3,bound,0,0.0,1
rome,grafo6558.67,67,88,C,5,7,6,refutation,22450,0.084,1
rome,grafo6569.45,45,58,C,4,6,5,refutation,2832,0.012,1
rome,grafo6572.38,38,43,C,3,4,3,bound,88,0.001,1
rome,grafo6567.60,60,85,C,5,7,6,refutation,15026,0.063,1
rome,grafo6571.45,45,67,C,5,7,6,refutation,7020,0.029,1
rome,grafo6574.47,47,62,C,4,6,5,refutation,5266,0.019,1
rome,grafo6576.49,49,58,C,3,5,4,refutation,1708,0.007,1
rome,grafo6577.38,38,49,C,3,5,4,refutation,391,0.005,1
rome,grafo6578.38,38,53,C,4,6,6,refutation,4188,0.017,1
rome,grafo6556.60,60,88,C,6,8,8,refutation,139753,0.184,1
rome,grafo658.15,15,20,C,3,3,3,bound,0,0.0,1
rome,grafo6579.38,38,49,C,3,5,4,refutation,1364,0.006,1
rome,grafo6570.65,65,93,C,6,7,7,refutation,92572,0.103,1
rome,grafo6580.51,51,67,C,5,6,6,refutation,12918,0.027,1
rome,grafo6582.49,49,62,C,4,6,6,refutation,13942,0.024,1
rome,grafo6584.61,61,84,C,5,7,6,refutation,12119,0.029,1
rome,grafo6583.61,61,84,C,5,7,6,refutation,12119,0.047,1
rome,grafo6586.48,48,69,C,5,6,6,refutation,6300,0.021,1
rome,grafo6587.45,45,53,C,3,4,4,refutation,880,0.002,1
rome,grafo6588.49,49,64,C,4,6,5,refutation,2190,0.005,1
rome,grafo6589.37,37,47,C,4,5,5,refutation,1596,0.003,1
rome,grafo659.14,14,17,C,2,3,2,bound,11,0.0,1
rome,grafo6590.38,38,49,C,4,5,4,bound,61,0.001,1
rome,grafo6591.55,55,76,C,5,7,6,refutation,19692,0.04,1
rome,grafo4833.83,83,120,C,7,11,10,budget,11971410,10.018,1
rome,grafo6593.38,38,48,C,4,6,5,refutation,1482,0.007,1
rome,grafo6226.82,82,110,C,6,9,8,refutation,1654452,1.853,1
rome,grafo6592.55,55,76,C,5,7,6,refutation,19692,0.06,1
rome,grafo6596.38,38,45,C,3,5,3,bound,142,0.001,1
rome,grafo6595.38,38,53,C,4,7,7,refutation,7672,0.014,1
rome,grafo6597.49,49,71,C,5,6,5,bound,382,0.002,1
rome,grafo6599.36,36,47,C,4,5,5,refutation,1114,0.006,1
rome,grafo660.13,13,20,C,3,3,3,bound,0,0.0,1
rome,grafo6468.83,83,110,C,6,9,8,refutation,1047411,1.043,1
rome,grafo6542.79,79,99,C,4,7,7,refutation,530896,0.619,1
rome,grafo6601.46,46,66,C,5,6,6,refutation,4150,0.009,1
rome,grafo6482.87,87,115,C,5,9,8,refutation,673556,0.993,1
rome,grafo6604.38,38,44,C,3,3,3,bound,0,0.001,1
rome,grafo6594.50,50,77,C,5,8,7,refutation,15604,0.055,1
rome,grafo6605.46,46,57,C,3,5,4,refutation,1088,0.006,1
rome,grafo5818.77,77,111,C,6,10,10,refutation,3701181,3.559,1
rome,grafo6600.47,47,68,C,5,6,6,refutation,7891,0.029,1
rome,grafo6607.51,51,61,C,3,5,4,refutation,1751,0.007,1
rome,grafo661.16,16,17,C,2,3,3,refutation,48,0.0,1
rome,grafo6610.45,45,63,C,5,6,5,bound,36,0.002,1
rome,grafo6611.37,37,54,C,5,6,6,refutation,2868,0.006,1
rome,grafo6603.49,49,84,C,6,9,8,refutation,24149,0.045,1
rome,grafo6545.71,71,90,C,5,7,7,refutation,594175,0.662,1
rome,grafo6609.54,54,66,C,4,5,5,refutation,7503,0.029,1
rome,grafo6615.46,46,63,C,5,6,5,bound,35,0.004,1
rome,grafo6616.45,45,63,C,4,6,5,refutation,2059,0.009,1
rome,grafo6608.53,53,76,C,6,8,7,refutation,51851,0.068,1
rome,grafo6505.80,80,106,C,5,8,8,refutation,1027610,0.976,1
rome,grafo6619.48,48,57,C,3,5,5,refutation,2968,0.007,1
rome,grafo6573.77,77,92,C,4,7,6,refutation,310376,0.413,1
rome,grafo662.14,14,15,C,2,2,2,bound,0,0.0,1
rome,grafo6614.74,74,95,C,4,6,5,refutation,12772,0.046,1
rome,grafo6620.56,56,71,C,4,5,4,bound,232,0.002,1
rome,grafo6622.68,68,77,C,4,5,4,bound,47,0.005,1
rome,grafo6623.59,59,73,C,4,6,5,refutation,6241,0.018,1
rome,grafo6624.59,59,73,C,4,6,5,refutation,6241,0.029,1
rome,grafo6626.54,54,65,C,4,4,4,bound,0,0.002,1
rome,grafo6612.59,59,83,C,5,7,7,refutation,95013,0.119,1
rome,grafo6613.59,59,83,C,5,7,7,refutation,95013,0.104,1
rome,grafo6629.37,37,45,C,3,4,4,refutation,456,0.002,1
rome,grafo663.19,19,20,C,2,3,3,refutation,56,0.0,1
rome,grafo6628.46,46,63,C,4,6,5,refutation,2131,0.008,1
rome,grafo6630.56,56,68,C,4,6,5,refutation,7721,0.016,1
rome,grafo6632.46,46,60,C,5,5,5,bound,0,0.001,1
rome,grafo6581.61,61,92,C,5,9,8,refutation,240008,0.427,1
rome,grafo6631.46,46,55,C,4,5,5,refutation,4083,0.017,1
rome,grafo6618.82,82,101,C,4,7,6,refutation,98870,0.109,1
rome,grafo6634.47,47,52,C,3,4,4,refutation,2460,0.012,1
rome,grafo6635.56,56,74,C,4,6,5,refutation,4034,0.016,1
rome,grafo6638.48,48,60,C,4,5,4,bound,41,0.005,1
rome,grafo6627.57,57,84,C,5,8,7,refutation,22448,0.058,1
rome,grafo664.22,22,26,C,3,4,3,bound,27,0.0,1
rome,grafo6636.56,56,74,C,4,6,5,refutation,4034,0.015,1
rome,grafo6641.40,40,54,C,4,6,6,refutation,5220,0.009,1
rome,grafo6642.35,35,42,C,4,5,4,bound,25,0.001,1
rome,grafo6639.48,48,60,C,4,5,5,refutation,5060,0.019,1
rome,grafo6643.34,34,45,C,3,5,4,refutation,349,0.001,1
rome,grafo6633.53,53,77,C,5,7,7,refutation,33301,0.05,1
rome,grafo6644.38,38,51,C,3,5,4,refutation,486,0.005,1
rome,grafo6506.80,80,106,C,5,8,8,refutation,1027610,1.126,1
rome,grafo6598.71,71,104,C,6,9,8,refutation,334902,0.288,1
rome,grafo6645.47,47,77,C,6,8,7,refutation,21764,0.048,1
rome,grafo665.13,13,13,C,2,2,2,bound,0,0.0,1
rome,grafo6621.60,60,78,C,4,7,7,refutation,243772,0.191,1
rome,grafo6637.59,59,73,C,4,7,6,refutation,23307,0.099,1
rome,grafo6650.54,54,67,C,4,5,5,refutation,11318,0.02,1
rome,grafo6651.54,54,67,C,4,5,5,refutation,11318,0.02,1
rome,grafo6653.49,49,64,C,5,6,5,bound,2056,0.005,1
rome,grafo6655.38,38,53,C,3,5,4,refutation,526,0.002,1
rome,grafo6656.38,38,46,C,3,4,3,bound,39,0.001,1
rome,grafo6652.54,54,74,C,5,7,6,refutation,11200,0.045,1
rome,grafo6648.56,56,74,C,5,7,7,refutation,47282,0.105,1
rome,grafo6659.36,36,54,C,5,7,6,refutation,1783,0.01,1
rome,grafo666.12,12,14,C,3,3,3,bound,0,0.0,1
rome,grafo6649.56,56,74,C,5,7,7,refutation,47282,0.13,1
rome,grafo6661.55,55,72,C,4,5,5,refutation,5133,0.01,1
rome,grafo6662.46,46,64,C,4,6,6,refutation,8519,0.015,1
rome,grafo6663.39,39,46,C,3,5,4,refutation,930,0.003,1
rome,grafo6664.47,47,63,C,5,6,5,bound,52,0.002,1
rome,grafo6657.59,59,79,C,5,7,7,refutation,129743,0.122,1
rome,grafo6665.46,46,59,C,3,5,4,refutation,1078,0.003,1
rome,grafo6666.37,37,45,C,3,5,4,refutation,526,0.002,1
rome,grafo6668.49,49,61,C,4,5,5,refutation,4158,0.008,1
rome,grafo6447.87,87,124,C,6,9,8,refutation,1514646,1.585,1
rome,grafo667.12,12,12,C,2,2,2,bound,0,0.0,1
rome,grafo6606.70,70,92,C,5,7,7,refutation,469413,0.5,1
rome,grafo6671.36,36,48,C,3,4,4,refutation,447,0.002,1
rome,grafo6672.48,48,64,C,4,6,6,refutation,6344,0.011,1
rome,grafo6673.57,57,77,C,5,6,6,refutation,18940,0.028,1
rome,grafo6669.64,64,84,C,4,7,7,refutation,105807,0.109,1
rome,grafo6674.46,46,62,C,4,6,5,refutation,3536,0.007,1
rome,grafo6675.44,44,58,C,4,6,6,refutation,7393,0.013,1
rome,grafo6677.37,37,43,C,3,4,3,bound,40,0.001,1
rome,grafo6678.46,46,55,C,3,4,3,bound,50,0.001,1
rome,grafo6676.68,68,84,C,4,6,5,refutation,19539,0.032,1
rome,grafo668.16,16,18,C,2,3,2,bound,22,0.0,1
rome,grafo6646.77,77,104,C,5,8,7,refutation,463780,0.367,1
rome,grafo6658.59,59,79,C,5,7,7,refutation,129743,0.252,1
rome,grafo6682.63,63,78,C,4,6,5,refutation,7255,0.031,1
rome,grafo6680.60,60,80,C,4,7,6,refutation,28528,0.042,1
rome,grafo6683.58,58,69,C,3,5,4,refutation,1594,0.011,1
rome,grafo6351.79,79,108,C,5,9,8,refutation,1374332,2.128,1
rome,grafo6686.42,42,54,C,4,5,5,refutation,3175,0.012,1
rome,grafo6685.47,47,63,C,4,6,5,refutation,2778,0.013,1
rome,grafo6640.79,79,103,C,5,7,7,refutation,423226,0.493,1
rome,grafo6689.48,48,57,C,3,5,4,refutation,1362,0.007,1
rome,grafo669.12,12,12,C,2,2,2,bound,0,0.003,1
rome,grafo6687.51,51,72,C,4,6,6,refutation,15445,0.053,1
rome,grafo6684.56,56,76,C,4,6,6,refutation,18578,0.093,1
rome,grafo6688.46,46,65,C,4,7,7,refutation,14727,0.063,1
rome,grafo6690.58,58,70,C,4,5,5,refutation,12514,0.028,1
rome,grafo6693.58,58,67,C,3,6,4,refutation,2857,0.013,1
rome,grafo6691.47,47,67,C,4,6,6,refutation,8018,0.027,1
rome,grafo6692.46,46,66,C,5,7,6,refutation,7235,0.025,1
rome,grafo6697.42,42,55,C,4,5,5,refutation,2103,0.008,1
rome,grafo6698.37,37,54,C,4,5,5,refutation,414,0.005,1
rome,grafo6699.46,46,69,C,6,7,6,bound,36,0.005,1
rome,grafo670.15,15,18,C,3,3,3,bound,0,0.0,1
rome,grafo6696.47,47,66,C,5,6,6,refutation,12196,0.042,1
rome,grafo6602.76,76,106,C,5,9,8,refutation,610216,0.809,1
rome,grafo6701.47,47,74,C,6,7,7,refutation,12090,0.043,1
rome,grafo6702.52,52,73,C,5,6,6,refutation,13856,0.051,1
rome,grafo6694.89,89,103,C,3,7,5,refutation,76114,0.116,1
rome,grafo6705.51,51,60,C,3,5,3,bound,973,0.003,1
rome,grafo6704.47,47,60,C,4,5,5,refutation,5305,0.019,1
rome,grafo6695.59,59,79,C,5,7,6,refutation,48263,0.122,1
rome,grafo6706.52,52,67,C,4,6,5,refutation,4168,0.013,1
rome,grafo6709.47,47,55,C,4,5,4,bound,1587,0.004,1
rome,grafo6708.49,49,62,C,4,5,4,bound,1309,0.01,1
rome,grafo671.13,13,15,C,2,3,2,bound,13,0.0,1
rome,grafo6703.52,52,73,C,5,6,6,refutation,13856,0.047,1
rome,grafo6707.49,49,64,C,4,6,5,refutation,3063,0.013,1
rome,grafo6712.37,37,39,C,2,3,2,bound,65,0.001,1
rome,grafo6713.48,48,67,C,5,6,5,bound,1105,0.006,1
rome,grafo6711.81,81,98,C,4,6,5,refutation,38923,0.067,1
rome,grafo6715.52,52,72,C,4,7,6,refutation,15381,0.055,1
rome,grafo6716.46,46,61,C,4,5,5,refutation,2642,0.009,1
rome,grafo6717.38,38,47,C,3,5,4,refutation,780,0.006,1
rome,grafo6679.82,82,107,C,5,8,7,refutation,545026,0.394,1
rome,grafo672.39,39,40,C,2,4,3,refutation,303,0.005,1
rome,grafo6719.42,42,59,C,4,6,5,refutation,1834,0.008,1
rome,grafo6718.59,59,74,C,4,6,5,refutation,8624,0.016,1
rome,grafo6184.81,81,107,C,5,9,8,refutation,3176905,3.012,1
rome,grafo6723.46,46,64,C,4,6,5,refutation,3347,0.007,1
rome,grafo6722.58,58,69,C,4,6,5,refutation,14031,0.026,1
rome,grafo6724.46,46,66,C,5,7,7,refutation,23032,0.036,1
rome,grafo6710.73,73,94,C,5,6,6,refutation,44695,0.153,1
rome,grafo6726.47,47,57,C,4,5,4,bound,675,0.002,1
rome,grafo6727.38,38,49,C,4,5,5,refutation,2088,0.008,1
rome,grafo6729.38,38,51,C,4,6,6,refutation,5500,0.019,1
rome,grafo673.18,18,22,C,3,3,3,bound,0,0.0,1
rome,grafo6730.38,38,54,C,5,5,5,bound,0,0.001,1
rome,grafo6728.60,60,76,C,4,7,6,refutation,18210,0.053,1
rome,grafo6721.56,56,77,C,5,7,7,refutation,61392,0.159,1
rome,grafo6733.57,57,68,C,4,5,4,bound,120,0.005,1
rome,grafo6734.38,38,41,C,3,4,3,bound,28,0.001,1
rome,grafo6732.54,54,69,C,5,6,6,refutation,20362,0.066,1
rome,grafo6736.38,38,53,C,5,6,5,bound,436,0.005,1
rome,grafo6737.49,49,63,C,4,6,5,refutation,4217,0.017,1
rome,grafo6720.79,79,102,C,6,8,7,refutation,268862,0.219,1
rome,grafo6731.51,51,67,C,5,7,7,refutation,44953,0.127,1
rome,grafo6739.46,46,66,C,5,7,6,refutation,7020,0.012,1
rome,grafo674.15,15,18,C,2,3,3,refutation,21,0.0,1
rome,grafo6740.50,50,66,C,4,6,5,refutation,3287,0.007,1
rome,grafo6738.47,47,68,C,5,7,6,refutation,11572,0.043,1
rome,grafo6735.65,65,88,C,5,7,6,refutation,44343,0.126,1
rome,grafo6744.46,46,61,C,4,5,5,refutation,1808,0.01,1
rome,grafo6745.35,35,53,C,4,6,5,refutation,1064,0.003,1
rome,grafo6746.38,38,47,C,4,5,5,refutation,2608,0.005,1
rome,grafo6747.51,51,65,C,4,6,5,refutation,5766,0.011,1
rome,grafo6748.38,38,50,C,4,6,5,refutation,1113,0.003,1
rome,grafo6700.75,75,99,C,6,7,7,refutation,316796,0.544,1
rome,grafo675.11,11,11,C,2,2,2,bound,0,0.0,1
rome,grafo6741.55,55,80,C,5,8,7,refutation,43623,0.126,1
rome,grafo6536.93,93,116,C,5,8,7,refutation,1367245,2.092,1
rome,grafo6752.39,39,51,C,4,6,5,refutation,1784,0.01,1
rome,grafo6750.49,49,79,C,5,8,7,refutation,14438,0.051,1
rome,grafo6754.50,50,63,C,3,4,4,refutation,949,0.006,1
rome,grafo6755.48,48,58,C,3,5,4,refutation,1495,0.007,1
rome,grafo6756.38,38,53,C,4,5,4,bound,271,0.002,1
rome,grafo6617.84,84,117,C,6,9,8,refutation,1646256,1.375,1
rome,grafo6575.68,68,100,C,5,9,9,refutation,1226473,1.76,1
rome,grafo6758.46,46,66,C,4,6,5,refutation,3700,0.007,1
rome,grafo676.11,11,10,C,1,2,2,refutation,11,0.0,1
rome,grafo6759.52,52,61,C,4,5,4,bound,83,0.005,1
rome,grafo6760.54,54,68,C,4,5,4,bound,1078,0.006,1
rome,grafo6762.34,34,44,C,3,4,4,refutation,417,0.001,1
rome,grafo6763.40,40,60,C,5,6,6,refutation,4585,0.016,1
rome,grafo6751.72,72,92,C,4,7,6,refutation,69508,0.18,1
rome,grafo6757.58,58,86,C,5,8,7,refutation,48100,0.126,1
rome,grafo6714.72,72,95,C,5,7,7,refutation,449472,0.647,1
rome,grafo6753.62,62,89,C,5,7,7,refutation,91306,0.209,1
rome,grafo6767.53,53,73,C,4,7,6,refutation,12271,0.044,1
rome,grafo6765.68,68,82,C,4,6,5,refutation,17380,0.084,1
rome,grafo6768.50,50,62,C,4,6,5,refutation,8401,0.03,1
rome,grafo677.17,17,21,C,2,3,3,refutation,29,0.0,1
rome,grafo6770.46,46,60,C,4,5,4,bound,108,0.002,1
rome,grafo6771.46,46,55,C,3,5,4,refutation,1044,0.009,1
rome,grafo6749.86,86,103,C,4,6,6,refutation,275603,0.321,1
rome,grafo6742.77,77,104,C,6,8,7,refutation,643023,0.429,1
rome,grafo6775.50,50,63,C,4,6,5,refutation,6658,0.017,1
rome,grafo6774.48,48,62,C,4,6,5,refutation,4226,0.019,1
rome,grafo6773.53,53,71,C,5,7,6,refutation,10266,0.072,1
rome,grafo6778.37,37,45,C,3,4,4,refutation,803,0.009,1
rome,grafo6769.61,61,83,C,4,7,6,refutation,42581,0.118,1
rome,grafo678.17,17,25,C,3,4,3,bound,13,0.0,1
rome,grafo6776.46,46,69,C,5,8,7,refutation,23975,0.038,1
rome,grafo6781.47,47,66,C,4,6,6,refutation,9625,0.017,1
rome,grafo6782.46,46,68,C,4,6,6,refutation,5523,0.009,1
rome,grafo6783.38,38,45,C,4,4,4,bound,0,0.001,1
rome,grafo6777.65,65,81,C,4,6,6,refutation,32323,0.071,1
rome,grafo6785.37,37,53,C,4,5,5,refutation,1074,0.003,1
rome,grafo6784.55,55,72,C,4,6,5,refutation,8757,0.028,1
rome,grafo6786.45,45,68,C,5,7,7,refutation,18553,0.03,1
rome,grafo5370.80,80,111,C,5,9,9,refutation,5239505,7.258,1
rome,grafo6788.55,55,60,C,3,4,3,bound,72,0.002,1
rome,grafo6780.50,50,70,C,5,7,6,refutation,22381,0.073,1
rome,grafo6787.47,47,57,C,4,5,5,refutation,3108,0.012,1
rome,grafo6789.55,55,60,C,3,4,3,bound,72,0.002,1
rome,grafo679.20,20,25,C,3,3,3,bound,0,0.0,1
rome,grafo6743.82,82,104,C,5,8,7,refutation,417208,0.581,1
rome,grafo6790.46,46,74,C,5,8,7,refutation,10335,0.047,1
rome,grafo6795.38,38,48,C,4,5,5,refutation,2056,0.017,1
rome,grafo6681.75,75,106,C,6,9,8,refutation,1247896,1.276,1
rome,grafo6796.37,37,49,C,4,5,4,bound,62,0.001,1
rome,grafo6798.37,37,50,C,3,5,5,refutation,1184,0.006,1
rome,grafo6791.59,59,76,C,5,7,6,refutation,49635,0.087,1
rome,grafo6799.36,36,42,C,3,4,4,refutation,546,0.005,1
rome,grafo6797.39,39,57,C,5,6,6,refutation,3096,0.013,1
rome,grafo680.37,37,44,C,2,4,3,refutation,168,0.001,1
rome,grafo6794.48,48,69,C,5,7,7,refutation,43402,0.081,1
rome,grafo6065.76,76,110,C,6,10,9,refutation,2926402,4.323,1
rome,grafo6792.59,59,76,C,5,7,6,refutation,49635,0.158,1
rome,grafo6803.61,61,87,C,5,7,6,refutation,10496,0.042,1
rome,grafo6761.78,78,105,C,5,8,7,refutation,297889,0.529,1
rome,grafo6766.85,85,111,C,5,8,7,refutation,232365,0.44,1
rome,grafo6807.38,38,50,C,4,5,4,bound,50,0.001,1
rome,grafo6801.55,55,78,C,4,7,7,refutation,56700,0.102,1
rome,grafo6808.39,39,45,C,3,4,3,bound,40,0.001,1
rome,grafo6800.53,53,69,C,5,6,6,refutation,33834,0.105,1
rome,grafo681.35,35,48,C,4,5,4,bound,128,0.001,1
rome,grafo6811.36,36,44,C,2,4,3,refutation,197,0.001,1
rome,grafo6812.37,37,50,C,3,5,4,refutation,423,0.002,1
rome,grafo6805.62,62,75,C,4,6,5,refutation,12115,0.063,1
rome,grafo6809.46,46,71,C,5,7,7,refutation,11486,0.038,1
rome,grafo6814.47,47,64,C,5,7,6,refutation,9474,0.037,1
rome,grafo6804.48,48,59,C,5,6,6,refutation,15239,0.085,1
rome,grafo6764.94,94,118,C,5,8,7,refutation,666691,0.611,1
rome,grafo6819.42,42,61,C,4,6,5,refutation,1456,0.004,1
rome,grafo682.16,16,18,C,3,3,3,bound,0,0.0,1
rome,grafo6820.46,46,55,C,3,5,5,refutation,3197,0.006,1
rome,grafo6550.83,83,118,C,6,10,9,refutation,3070662,2.665,1
rome,grafo6822.47,47,56,C,4,4,4,bound,0,0.001,1
rome,grafo6818.57,57,76,C,5,6,6,refutation,20983,0.094,1
rome,grafo6823.47,47,61,C,4,6,5,refutation,3326,0.006,1
rome,grafo6821.47,47,68,C,5,8,7,refutation,14559,0.024,1
rome,grafo6824.38,38,49,C,3,5,4,refutation,456,0.005,1
rome,grafo6825.35,35,44,C,3,5,4,refutation,748,0.005,1
rome,grafo6826.36,36,43,C,3,5,4,refutation,910,0.007,1
rome,grafo6828.47,47,81,C,6,9,8,refutation,18066,0.036,1
rome,grafo683.22,22,27,C,3,3,3,bound,0,0.0,1
rome,grafo6772.75,75,103,C,6,8,7,refutation,314017,0.57,1
rome,grafo6830.43,43,57,C,4,5,5,refutation,3201,0.006,1
rome,grafo6832.38,38,45,C,3,4,4,refutation,1092,0.003,1
rome,grafo6831.47,47,65,C,4,5,5,refutation,2284,0.012,1
rome,grafo6810.82,82,101,C,5,7,6,refutation,87204,0.222,1
rome,grafo6833.48,48,69,C,5,7,6,refutation,9305,0.016,1
rome,grafo6835.36,36,41,C,3,5,4,refutation,1017,0.006,1
rome,grafo6837.54,54,70,C,4,6,5,refutation,6830,0.029,1
rome,grafo6827.53,53,69,C,4,7,6,refutation,32697,0.111,1
rome,grafo6834.46,46,67,C,6,7,7,refutation,17369,0.059,1
rome,grafo684.12,12,17,C,2,3,3,refutation,24,0.0,1
rome,grafo6839.47,47,53,C,3,5,4,refutation,1333,0.007,1
rome,grafo6838.50,50,60,C,3,6,5,refutation,7921,0.029,1
rome,grafo6840.58,58,73,C,4,6,5,refutation,5269,0.02,1
rome,grafo6725.86,86,106,C,5,8,7,refutation,1313398,1.288,1
rome,grafo6841.43,43,56,C,4,6,5,refutation,4523,0.028,1
rome,grafo6844.41,41,53,C,4,6,5,refutation,3093,0.007,1
rome,grafo6779.77,77,99,C,5,8,7,refutation,311393,0.597,1
rome,grafo6847.37,37,47,C,4,5,4,bound,56,0.007,1
rome,grafo6846.51,51,71,C,4,6,5,refutation,4586,0.012,1
rome,grafo6845.40,40,49,C,4,5,5,refutation,3807,0.02,1
rome,grafo6848.39,39,52,C,4,5,4,bound,117,0.006,1
rome,grafo685.11,11,11,C,2,2,2,bound,0,0.0,1
rome,grafo6843.43,43,58,C,5,6,6,refutation,9890,0.037,1
rome,grafo6850.45,45,62,C,4,5,4,bound,320,0.004,1
rome,grafo6853.41,41,50,C,3,5,4,refutation,1090,0.006,1
rome,grafo6842.57,57,74,C,4,6,6,refutation,16996,0.059,1
rome,grafo6851.49,49,64,C,4,5,5,refutation,3170,0.013,1
rome,grafo6855.45,45,54,C,3,5,4,refutation,858,0.006,1
rome,grafo6857.41,41,54,C,5,5,5,bound,0,0.001,1
rome,grafo6852.44,44,61,C,4,6,6,refutation,7126,0.022,1
rome,grafo6854.49,49,63,C,4,6,5,refutation,6190,0.024,1
rome,grafo686.23,23,25,C,2,4,3,refutation,157,0.001,1
rome,grafo6856.46,46,65,C,4,7,6,refutation,7705,0.031,1
rome,grafo6858.43,43,61,C,5,6,6,refutation,5719,0.024,1
rome,grafo6860.44,44,60,C,4,6,5,refutation,2880,0.012,1
rome,grafo6861.40,40,47,C,3,5,4,refutation,878,0.009,1
rome,grafo6863.40,40,59,C,5,6,6,refutation,2415,0.005,1
rome,grafo6865.42,42,52,C,3,4,4,refutation,769,0.002,1
rome,grafo6862.47,47,64,C,4,5,5,refutation,3614,0.018,1
rome,grafo6864.55,55,75,C,4,6,5,refutation,4014,0.018,1
rome,grafo6866.44,44,59,C,4,6,6,refutation,20857,0.031,1
rome,grafo6869.43,43,57,C,5,5,5,bound,0,0.001,1
rome,grafo687.14,14,22,C,3,3,3,bound,0,0.0,1
rome,grafo6859.69,69,87,C,4,6,5,refutation,19978,0.069,1
rome,grafo6242.93,93,130,C,7,9,8,refutation,4393161,4.301,1
rome,grafo6870.44,44,64,C,5,7,6,refutation,4307,0.013,1
rome,grafo6867.45,45,73,C,5,8,7,refutation,10601,0.045,1
rome,grafo6873.40,40,54,C,4,5,5,refutation,2023,0.006,1
rome,grafo6874.42,42,62,C,5,6,6,refutation,3835,0.014,1
rome,grafo6876.41,41,50,C,3,5,4,refutation,1100,0.006,1
rome,grafo6875.54,54,67,C,4,6,5,refutation,10627,0.022,1
rome,grafo6878.43,43,48,C,3,4,3,bound,53,0.001,1
rome,grafo6879.41,41,51,C,4,5,4,bound,36,0.001,1
rome,grafo688.10,10,10,C,2,2,2,bound,0,0.0,1
rome,grafo6836.72,72,95,C,5,8,7,refutation,363133,0.262,1
rome,grafo6881.40,40,55,C,4,6,5,refutation,1784,0.013,1
rome,grafo6880.44,44,58,C,4,6,6,refutation,6860,0.036,1
rome,grafo6872.54,54,76,C,5,7,7,refutation,46389,0.082,1
rome,grafo6882.65,65,72,C,3,5,4,refutation,6014,0.028,1
rome,grafo6884.39,39,51,C,4,5,5,refutation,1461,0.006,1
rome,grafo6883.43,43,54,C,4,5,5,refutation,2975,0.012,1
rome,grafo6886.43,43,62,C,5,6,5,bound,36,0.001,1
rome,grafo6885.44,44,56,C,3,5,5,refutation,2489,0.012,1
rome,grafo6888.40,40,44,C,3,4,4,refutation,960,0.005,1
rome,grafo6887.39,39,51,C,3,6,5,refutation,1828,0.007,1
rome,grafo689.10,10,10,C,2,2,2,bound,0,0.0,1
rome,grafo6889.38,38,50,C,4,5,5,refutation,1086,0.006,1
rome,grafo6829.67,67,89,C,5,8,7,refutation,209431,0.407,1
rome,grafo6871.54,54,76,C,5,7,7,refutation,46389,0.127,1
rome,grafo6891.39,39,51,C,4,6,5,refutation,2357,0.012,1
rome,grafo6895.37,37,54,C,4,6,5,refutation,797,0.004,1
rome,grafo6892.39,39,57,C,4,6,6,refutation,3284,0.013,1
rome,grafo6897.35,35,47,C,4,5,4,bound,32,0.001,1
rome,grafo6894.51,51,68,C,4,6,5,refutation,9379,0.022,1
rome,grafo6899.40,40,47,C,3,5,4,refutation,1086,0.003,1
rome,grafo690.11,11,17,C,2,2,2,bound,0,0.0,1
rome,grafo6900.39,39,53,C,4,5,4,bound,29,0.001,1
rome,grafo6901.43,43,55,C,5,6,5,bound,205,0.002,1
rome,grafo6893.51,51,68,C,4,6,5,refutation,9379,0.04,1
rome,grafo6902.44,44,57,C,4,6,5,refutation,2132,0.017,1
rome,grafo6904.49,49,63,C,4,6,5,refutation,5197,0.025,1
rome,grafo6905.37,37,48,C,4,5,5,refutation,1853,0.007,1
rome,grafo6906.45,45,66,C,5,6,6,refutation,8850,0.032,1
rome,grafo6907.38,38,50,C,4,5,5,refutation,2620,0.016,1
rome,grafo6908.43,43,48,C,3,4,4,refutation,1048,0.007,1
rome,grafo6898.61,61,72,C,4,6,6,refutation,74947,0.159,1
rome,grafo691.12,12,12,C,2,2,2,bound,0,0.0,1
rome,grafo6910.41,41,55,C,4,5,5,refutation,1377,0.006,1
rome,grafo6911.44,44,59,C,4,6,6,refutation,6359,0.025,1
rome,grafo6909.67,67,77,C,4,6,5,refutation,13906,0.052,1
rome,grafo6912.37,37,46,C,3,4,4,refutation,353,0.002,1
rome,grafo6913.44,44,56,C,4,5,5,refutation,3791,0.017,1
rome,grafo6849.82,82,104,C,5,7,7,refutation,333041,0.488,1
rome,grafo6916.42,42,52,C,3,5,4,refutation,750,0.003,1
rome,grafo6917.37,37,42,C,3,4,4,refutation,879,0.002,1
rome,grafo6918.36,36,40,C,2,3,3,refutation,123,0.001,1
rome,grafo6793.67,67,100,C,6,9,9,refutation,1147119,1.028,1
rome,grafo692.22,22,30,C,3,4,3,bound,38,0.0,1
rome,grafo6919.39,39,57,C,5,6,6,refutation,2963,0.007,1
rome,grafo6921.43,43,55,C,4,5,5,refutation,1847,0.004,1
rome,grafo6915.44,44,58,C,4,6,6,refutation,9081,0.035,1
rome,grafo6920.40,40,57,C,4,5,5,refutation,1272,0.006,1
rome,grafo6923.39,39,48,C,3,5,4,refutation,646,0.002,1
rome,grafo6922.40,40,47,C,3,5,4,refutation,1201,0.003,1
rome,grafo6926.42,42,50,C,3,5,4,refutation,691,0.002,1
rome,grafo6924.48,48,63,C,4,5,5,refutation,2905,0.016,1
rome,grafo6925.44,44,62,C,4,6,5,refutation,2518,0.012,1
rome,grafo6929.40,40,56,C,5,6,5,bound,28,0.001,1
rome,grafo6927.50,50,69,C,4,6,5,refutation,4682,0.012,1
rome,grafo693.16,16,19,C,2,3,3,refutation,35,0.0,1
rome,grafo6931.38,38,51,C,3,5,4,refutation,389,0.002,1
rome,grafo6928.43,43,56,C,4,6,6,refutation,5867,0.023,1
rome,grafo6930.39,39,58,C,5,7,6,refutation,9567,0.031,1
rome,grafo6802.74,74,99,C,6,8,8,refutation,1481143,1.011,1
rome,grafo6934.41,41,51,C,4,5,5,refutation,1789,0.004,1
rome,grafo6936.43,43,52,C,4,5,4,bound,103,0.001,1
rome,grafo6937.34,34,41,C,3,4,3,bound,32,0.001,1
rome,grafo6935.45,45,64,C,5,6,6,refutation,6988,0.013,1
rome,grafo6939.38,38,51,C,4,5,4,bound,603,0.002,1
rome,grafo6938.44,44,61,C,5,6,6,refutation,6447,0.012,1
rome,grafo694.22,22,23,C,2,3,2,bound,25,0.0,1
rome,grafo6896.82,82,105,C,5,8,7,refutation,242980,0.346,1
rome,grafo6940.42,42,60,C,4,6,5,refutation,1862,0.004,1
rome,grafo6933.47,47,61,C,4,6,6,refutation,13410,0.051,1
rome,grafo6942.46,46,64,C,5,7,6,refutation,6603,0.012,1
rome,grafo6945.44,44,60,C,4,6,5,refutation,3606,0.013,1
rome,grafo6903.82,82,102,C,4,7,6,refutation,143614,0.358,1
rome,grafo6944.47,47,60,C,4,6,5,refutation,6871,0.025,1
rome,grafo6941.63,63,82,C,4,6,6,refutation,33066,0.045,1
rome,grafo6949.43,43,50,C,4,4,4,bound,0,0.001,1
rome,grafo6946.42,42,58,C,5,6,6,refutation,4155,0.014,1
rome,grafo6948.38,38,44,C,3,4,3,bound,310,0.005,1
rome,grafo695.36,36,54,C,5,6,6,refutation,4008,0.008,1
rome,grafo6951.41,41,54,C,3,4,4,refutation,598,0.005,1
rome,grafo6952.39,39,41,C,2,3,2,bound,119,0.001,1
rome,grafo6914.59,59,86,C,6,8,7,refutation,74209,0.19,1
rome,grafo6947.44,44,55,C,4,5,5,refutation,3927,0.017,1
rome,grafo6950.49,49,64,C,4,6,5,refutation,3608,0.013,1
rome,grafo6956.39,39,58,C,5,6,6,refutation,2021,0.008,1
rome,grafo6955.40,40,52,C,4,5,5,refutation,2224,0.011,1
rome,grafo6959.37,37,55,C,4,6,6,refutation,1197,0.006,1
rome,grafo696.12,12,18,C,3,3,3,bound,0,0.0,1
rome,grafo6957.39,39,54,C,4,6,6,refutation,4528,0.019,1
rome,grafo6961.46,46,52,C,3,5,4,refutation,1489,0.007,1
rome,grafo6962.40,40,53,C,4,5,5,refutation,1661,0.007,1
rome,grafo6960.44,44,61,C,4,6,6,refutation,7636,0.029,1
rome,grafo6963.45,45,58,C,4,6,5,refutation,4068,0.008,1
rome,grafo6654.87,87,117,C,6,8,8,refutation,2084664,2.77,1
rome,grafo6954.75,75,91,C,4,7,6,refutation,101354,0.114,1
rome,grafo6966.45,45,65,C,5,6,6,refutation,5312,0.029,1
rome,grafo6968.44,44,67,C,5,6,6,refutation,5285,0.025,1
rome,grafo6967.69,69,87,C,5,7,6,refutation,109942,0.12,1
rome,grafo697.15,15,25,C,3,4,3,bound,15,0.0,1
rome,grafo6970.44,44,53,C,4,5,5,refutation,3137,0.007,1
rome,grafo6932.64,64,88,C,5,8,7,refutation,235355,0.365,1
rome,grafo6972.40,40,51,C,3,5,4,refutation,456,0.003,1
rome,grafo6973.41,41,58,C,5,7,6,refutation,4536,0.019,1
rome,grafo6974.39,39,51,C,4,6,5,refutation,2477,0.012,1
rome,grafo6422.89,89,113,C,5,9,8,refutation,3562221,4.557,1
rome,grafo6890.71,71,107,C,7,10,9,refutation,470578,0.757,1
rome,grafo6976.40,40,55,C,4,6,5,refutation,1807,0.011,1
rome,grafo6965.83,83,103,C,4,8,7,refutation,365309,0.291,1
rome,grafo6979.47,47,64,C,4,6,6,refutation,6477,0.012,1
rome,grafo698.20,20,27,C,4,4,4,bound,0,0.0,1
rome,grafo6969.59,59,79,C,4,7,7,refutation,111335,0.269,1
rome,grafo6978.43,43,70,C,6,9,8,refutation,28084,0.092,1
rome,grafo6980.59,59,79,C,4,7,7,refutation,111335,0.112,1
rome,grafo6868.80,80,111,C,6,9,8,refutation,618494,1.062,1
rome,grafo6984.39,39,52,C,4,5,5,refutation,1279,0.006,1
rome,grafo6958.76,76,107,C,5,8,7,refutation,233516,0.499,1
rome,grafo6985.41,41,49,C,3,5,4,refutation,878,0.006,1
rome,grafo6971.81,81,108,C,6,8,7,refutation,348663,0.274,1
rome,grafo6987.39,39,46,C,2,4,3,refutation,241,0.001,1
rome,grafo6986.46,46,63,C,4,6,5,refutation,2555,0.01,1
rome,grafo6988.47,47,62,C,4,6,5,refutation,3109,0.007,1
rome,grafo699.14,14,13,C,1,2,2,refutation,15,0.0,1
rome,grafo6989.42,42,56,C,4,6,5,refutation,4051,0.01,1
rome,grafo6981.54,54,74,C,5,7,7,refutation,30902,0.101,1
rome,grafo6990.46,46,56,C,3,5,4,refutation,1258,0.005,1
rome,grafo6992.45,45,60,C,4,6,6,refutation,2828,0.01,1
rome,grafo6993.40,40,53,C,4,6,5,refutation,1682,0.006,1
rome,grafo6996.38,38,51,C,4,6,5,refutation,1250,0.006,1
rome,grafo6991.44,44,59,C,4,6,6,refutation,15737,0.032,1
rome,grafo6998.44,44,59,C,4,6,5,refutation,2262,0.005,1
rome,grafo6994.46,46,64,C,5,7,7,refutation,34774,0.084,1
rome,grafo700.14,14,13,C,1,2,2,refutation,18,0.0,1
rome,grafo7000.40,40,50,C,4,5,4,bound,235,0.001,1
rome,grafo7001.40,40,51,C,3,4,3,bound,54,0.001,1
rome,grafo6995.75,75,94,C,4,6,5,refutation,24280,0.08,1
rome,grafo7002.38,38,48,C,4,5,5,refutation,956,0.003,1
rome,grafo7004.43,43,49,C,3,4,3,bound,178,0.001,1
rome,grafo7005.42,42,57,C,5,6,5,bound,155,0.002,1
rome,grafo7006.43,43,56,C,4,5,5,refutation,4277,0.008,1
rome,grafo7007.41,41,55,C,5,6,5,bound,38,0.001,1
rome,grafo7008.37,37,50,C,4,5,4,bound,45,0.001,1
rome,grafo7009.37,37,47,C,4,5,4,bound,32,0.001,1
rome,grafo701.14,14,20,C,3,3,3,bound,0,0.0,1
rome,grafo7003.56,56,73,C,4,6,5,refutation,4727,0.019,1
rome,grafo7010.49,49,67,C,4,7,5,refutation,4632,0.009,1
rome,grafo6964.83,83,103,C,4,8,7,refutation,365309,0.618,1
rome,grafo7013.44,44,54,C,3,4,4,refutation,715,0.005,1
rome,grafo7012.42,42,59,C,5,6,6,refutation,15961,0.025,1
rome,grafo7015.45,45,53,C,3,5,4,refutation,1780,0.005,1
rome,grafo7014.47,47,63,C,5,7,6,refutation,12922,0.044,1
rome,grafo7017.45,45,66,C,5,6,5,bound,37,0.003,1
rome,grafo6997.69,69,88,C,4,7,6,refutation,71656,0.174,1
rome,grafo7011.64,64,80,C,4,6,6,refutation,22003,0.076,1
rome,grafo702.12,12,14,C,2,2,2,bound,0,0.0,1
rome,grafo7016.58,58,74,C,4,6,6,refutation,30273,0.042,1
rome,grafo7018.45,45,67,C,5,6,6,refutation,5538,0.023,1
rome,grafo7020.43,43,61,C,5,7,6,refutation,6798,0.029,1
rome,grafo7023.45,45,56,C,3,6,5,refutation,4090,0.017,1
rome,grafo7024.45,45,50,C,3,4,3,bound,55,0.001,1
rome,grafo7025.47,47,64,C,4,6,6,refutation,7745,0.03,1
rome,grafo7022.58,58,80,C,4,7,6,refutation,21884,0.073,1
rome,grafo6647.97,97,127,C,6,9,8,refutation,3642015,3.6,1
rome,grafo7026.42,42,55,C,4,5,5,refutation,4305,0.017,1
rome,grafo7028.37,37,48,C,4,5,4,bound,31,0.001,1
rome,grafo703.19,19,31,C,3,4,3,bound,22,0.0,1
rome,grafo7029.39,39,51,C,4,6,5,refutation,1101,0.006,1
rome,grafo7030.46,46,61,C,4,6,5,refutation,2903,0.006,1
rome,grafo7032.41,41,53,C,4,5,5,refutation,2681,0.005,1
rome,grafo7033.41,41,48,C,3,4,4,refutation,670,0.002,1
rome,grafo7034.39,39,48,C,3,4,4,refutation,611,0.002,1
rome,grafo7035.37,37,55,C,5,6,6,refutation,2055,0.004,1
rome,grafo7021.71,71,89,C,4,8,7,refutation,132761,0.135,1
rome,grafo6982.85,85,108,C,5,8,7,refutation,414498,0.449,1
rome,grafo6670.84,84,121,C,6,9,9,refutation,3293591,3.424,1
rome,grafo7037.45,45,63,C,4,6,5,refutation,2770,0.013,1
rome,grafo704.17,17,19,C,3,3,3,bound,0,0.0,1
rome,grafo7039.45,45,63,C,5,5,5,bound,0,0.001,1
rome,grafo7031.43,43,63,C,5,7,7,refutation,10606,0.038,1
rome,grafo6983.85,85,108,C,5,8,7,refutation,414498,0.416,1
rome,grafo7041.44,44,52,C,3,4,4,refutation,1362,0.004,1
rome,grafo7040.43,43,52,C,3,5,4,refutation,1129,0.006,1
rome,grafo7044.41,41,59,C,5,7,6,refutation,4046,0.008,1
rome,grafo7046.48,48,54,C,3,4,3,bound,62,0.002,1
rome,grafo6977.74,74,101,C,6,8,7,refutation,327653,0.584,1
rome,grafo7045.45,45,66,C,4,6,5,refutation,2908,0.013,1
rome,grafo7047.43,43,55,C,4,5,5,refutation,2200,0.005,1
rome,grafo705.16,16,23,C,4,4,4,bound,0,0.0,1
rome,grafo7027.76,76,100,C,5,7,6,refutation,47509,0.084,1
rome,grafo7036.55,55,72,C,4,6,6,refutation,15191,0.051,1
rome,grafo7050.40,40,51,C,4,5,5,refutation,2106,0.008,1
rome,grafo7049.42,42,54,C,4,6,5,refutation,3311,0.013,1
rome,grafo7051.42,42,53,C,4,5,5,refutation,3696,0.007,1
rome,grafo6815.84,84,108,C,6,8,8,refutation,1261947,1.89,1
rome,grafo7056.41,41,51,C,3,4,4,refutation,693,0.002,1
rome,grafo7054.55,55,79,C,5,6,5,bound,178,0.005,1
rome,grafo7055.55,55,79,C,5,6,5,bound,178,0.012,1
rome,grafo7059.46,46,53,C,3,5,4,refutation,1051,0.007,1
rome,grafo706.18,18,25,C,2,2,2,bound,0,0.0,1
rome,grafo7057.50,50,74,C,5,7,7,refutation,12538,0.025,1
rome,grafo7052.59,59,73,C,4,6,5,refutation,10864,0.045,1
rome,grafo7060.42,42,63,C,5,7,6,refutation,6628,0.029,1
rome,grafo7053.55,55,73,C,5,6,6,refutation,16214,0.07,1
rome,grafo7063.44,44,52,C,4,5,5,refutation,5452,0.021,1
rome,grafo7042.57,57,79,C,5,7,7,refutation,66140,0.117,1
rome,grafo7065.37,37,46,C,4,5,4,bound,267,0.002,1
rome,grafo7064.44,44,59,C,4,6,6,refutation,6657,0.019,1
rome,grafo7048.57,57,74,C,4,6,6,refutation,34070,0.108,1
rome,grafo6816.84,84,108,C,6,8,8,refutation,1261947,1.976,1
rome,grafo707.15,15,16,C,2,2,2,bound,0,0.0,1
rome,grafo7067.44,44,55,C,4,5,5,refutation,4127,0.018,1
rome,grafo7068.49,49,69,C,4,6,5,refutation,2321,0.009,1
rome,grafo7066.53,53,77,C,5,6,6,refutation,6099,0.02,1
rome,grafo7019.62,62,90,C,6,8,8,refutation,243636,0.303,1
rome,grafo7072.43,43,53,C,4,5,4,bound,35,0.001,1
rome,grafo7073.43,43,51,C,3,4,4,refutation,765,0.003,1
rome,grafo7074.41,41,50,C,3,4,4,refutation,1344,0.003,1
rome,grafo7071.39,39,56,C,4,6,5,refutation,1555,0.011,1
rome,grafo7078.38,38,47,C,4,5,4,bound,43,0.001,1
rome,grafo7061.53,53,74,C,5,7,7,refutation,55919,0.091,1
rome,grafo7076.44,44,54,C,3,5,4,refutation,1040,0.006,1
rome,grafo7075.45,45,63,C,4,6,6,refutation,5614,0.012,1
rome,grafo708.22,22,30,C,3,4,3,bound,24,0.001,1
rome,grafo7081.38,38,59,C,5,5,5,bound,0,0.001,1
rome,grafo7062.53,53,74,C,5,7,7,refutation,55919,0.092,1
rome,grafo7080.41,41,62,C,4,7,6,refutation,1481,0.007,1
rome,grafo7082.53,53,65,C,4,5,5,refutation,5121,0.011,1
rome,grafo7085.39,39,57,C,4,5,5,refutation,878,0.006,1
rome,grafo7086.47,47,58,C,4,5,5,refutation,3186,0.007,1
rome,grafo7087.37,37,44,C,3,4,4,refutation,819,0.005,1
rome,grafo7079.41,41,58,C,5,7,6,refutation,8577,0.031,1
rome,grafo7088.43,43,57,C,5,6,6,refutation,4043,0.008,1
rome,grafo709.17,17,21,C,2,3,3,refutation,32,0.0,1
rome,grafo7084.47,47,65,C,4,6,6,refutation,12147,0.023,1
rome,grafo7077.53,53,73,C,5,6,6,refutation,11715,0.048,1
rome,grafo7092.37,37,47,C,3,4,4,refutation,623,0.002,1
rome,grafo7093.36,36,49,C,4,5,5,refutation,752,0.005,1
rome,grafo7094.44,44,61,C,4,5,5,refutation,2086,0.004,1
rome,grafo7091.44,44,56,C,4,5,5,refutation,3658,0.014,1
rome,grafo7096.45,45,61,C,4,6,5,refutation,1442,0.004,1
rome,grafo7097.42,42,56,C,4,6,5,refutation,1782,0.011,1
rome,grafo7095.53,53,68,C,4,6,5,refutation,7565,0.035,1
rome,grafo7099.45,45,56,C,4,5,5,refutation,4127,0.019,1
rome,grafo710.15,15,21,C,3,4,4,refutation,57,0.0,1
rome,grafo7058.76,76,96,C,5,7,6,refutation,72673,0.213,1
rome,grafo7090.54,54,72,C,5,7,6,refutation,18140,0.065,1
rome,grafo7098.41,41,59,C,5,6,6,refutation,14186,0.044,1
rome,grafo6943.82,82,116,C,6,9,8,refutation,830715,1.23,1
rome,grafo7104.41,41,56,C,4,5,5,refutation,2422,0.012,1
rome,grafo7102.49,49,65,C,4,6,5,refutation,3433,0.017,1
rome,grafo7070.59,59,82,C,4,7,7,refutation,47197,0.139,1
rome,grafo7107.42,42,54,C,3,5,4,refutation,542,0.005,1
rome,grafo7103.39,39,53,C,4,6,6,refutation,6193,0.024,1
rome,grafo711.13,13,15,C,2,2,2,bound,0,0.0,1
rome,grafo7105.48,48,58,C,3,5,5,refutation,3068,0.013,1
rome,grafo7110.40,40,52,C,4,5,5,refutation,2043,0.011,1
rome,grafo7089.59,59,82,C,5,8,7,refutation,34994,0.115,1
rome,grafo7111.40,40,51,C,4,6,5,refutation,2450,0.012,1
rome,grafo7106.44,44,61,C,5,6,6,refutation,9526,0.03,1
rome,grafo7114.40,40,49,C,3,5,4,refutation,649,0.006,1
rome,grafo7112.47,47,61,C,4,5,5,refutation,1875,0.011,1
rome,grafo6999.94,94,121,C,5,8,7,refutation,865405,0.646,1
rome,grafo7117.42,42,55,C,4,5,5,refutation,1652,0.007,1
rome,grafo7116.43,43,53,C,3,5,4,refutation,2405,0.012,1
rome,grafo712.21,21,27,C,3,3,3,bound,0,0.0,1
rome,grafo7119.42,42,46,C,3,3,3,bound,0,0.001,1
rome,grafo7115.52,52,64,C,4,6,5,refutation,5852,0.025,1
rome,grafo7121.40,40,50,C,4,5,4,bound,464,0.005,1
rome,grafo7118.45,45,65,C,5,7,6,refutation,14639,0.026,1
rome,grafo7123.45,45,63,C,4,6,5,refutation,1437,0.01,1
rome,grafo7125.42,42,52,C,4,5,4,bound,28,0.001,1
rome,grafo7124.41,41,59,C,4,5,5,refutation,986,0.003,1
rome,grafo7127.54,54,78,C,5,8,7,refutation,32823,0.05,1
rome,grafo7128.48,48,60,C,4,6,5,refutation,3980,0.008,1
rome,grafo7129.41,41,55,C,4,5,5,refutation,3372,0.006,1
rome,grafo713.12,12,13,C,2,2,2,bound,0,0.0,1
rome,grafo7113.57,57,81,C,5,8,7,refutation,72766,0.169,1
rome,grafo7122.54,54,76,C,4,7,7,refutation,55227,0.143,1
rome,grafo7131.43,43,56,C,4,5,5,refutation,3712,0.014,1
rome,grafo7133.35,35,38,C,2,3,3,refutation,268,0.001,1
rome,grafo7134.39,39,50,C,4,5,5,refutation,3007,0.012,1
rome,grafo6953.73,73,102,C,6,8,8,refutation,981366,1.44,1
rome,grafo7135.48,48,68,C,4,7,6,refutation,10022,0.033,1
rome,grafo7136.55,55,73,C,4,7,6,refutation,20676,0.072,1
rome,grafo7137.41,41,59,C,5,7,7,refutation,18722,0.056,1
rome,grafo7138.42,42,53,C,4,5,5,refutation,2085,0.01,1
rome,grafo714.13,13,15,C,2,3,3,refutation,24,0.0,1
rome,grafo7139.43,43,57,C,4,5,5,refutation,1720,0.01,1
rome,grafo7141.42,42,53,C,4,5,4,bound,44,0.004,1
rome,grafo7140.41,41,53,C,4,6,5,refutation,3389,0.018,1
rome,grafo7142.47,47,56,C,3,5,4,refutation,1207,0.007,1
rome,grafo7144.42,42,53,C,3,5,4,refutation,882,0.003,1
rome,grafo7143.43,43,54,C,4,5,5,refutation,2444,0.011,1
rome,grafo7146.42,42,54,C,3,4,4,refutation,561,0.005,1
rome,grafo7145.56,56,70,C,3,5,4,refutation,1032,0.007,1
rome,grafo7148.39,39,50,C,4,5,5,refutation,1003,0.006,1
rome,grafo7147.47,47,62,C,4,5,5,refutation,4084,0.017,1
rome,grafo715.30,30,32,C,2,3,3,refutation,166,0.001,1
rome,grafo7150.41,41,52,C,3,6,5,refutation,2791,0.012,1
rome,grafo7149.74,74,93,C,4,6,6,refutation,46256,0.078,1
rome,grafo7069.83,83,106,C,5,8,7,refutation,404966,0.663,1
rome,grafo7083.91,91,112,C,5,8,7,refutation,726036,0.647,1
rome,grafo7154.60,60,70,C,3,5,4,refutation,3644,0.009,1
rome,grafo7155.60,60,70,C,3,5,4,refutation,3644,0.008,1
rome,grafo6667.77,77,109,C,6,10,9,refutation,4067050,4.301,1
rome,grafo7157.43,43,53,C,3,6,5,refutation,1196,0.007,1
rome,grafo7158.39,39,54,C,4,6,5,refutation,2473,0.017,1
rome,grafo7152.57,57,78,C,5,7,7,refutation,62383,0.133,1
rome,grafo716.13,13,13,C,2,2,2,bound,0,0.0,1
rome,grafo7160.54,54,66,C,4,6,5,refutation,7242,0.027,1
rome,grafo7159.54,54,66,C,4,6,5,refutation,7242,0.041,1
rome,grafo7161.37,37,42,C,3,5,4,refutation,828,0.005,1
rome,grafo7162.44,44,59,C,5,5,5,bound,0,0.004,1
rome,grafo7164.56,56,68,C,4,6,4,bound,386,0.006,1
rome,grafo7163.44,44,56,C,4,5,5,refutation,2269,0.011,1
rome,grafo7166.52,52,69,C,5,6,5,bound,1507,0.008,1
rome,grafo7165.40,40,55,C,5,7,6,refutation,5486,0.02,1
rome,grafo7168.39,39,56,C,5,6,6,refutation,2404,0.008,1
rome,grafo7156.67,67,86,C,4,7,7,refutation,132359,0.149,1
rome,grafo717.10,10,10,C,2,2,2,bound,0,0.0,1
rome,grafo7169.44,44,56,C,3,6,5,refutation,4263,0.011,1
rome,grafo7170.43,43,58,C,4,6,5,refutation,2001,0.005,1
rome,grafo7172.40,40,54,C,5,5,5,bound,0,0.001,1
rome,grafo7171.44,44,70,C,5,7,6,refutation,5126,0.01,1
rome,grafo7108.86,86,106,C,5,7,7,refutation,473151,0.774,1
rome,grafo7175.46,46,67,C,5,7,6,refutation,3484,0.018,1
rome,grafo7176.49,49,59,C,4,5,5,refutation,4979,0.021,1
rome,grafo6278.98,98,131,C,6,9,8,refutation,4852826,6.93,1
rome,grafo7178.37,37,53,C,4,6,5,refutation,757,0.003,1
rome,grafo7174.74,74,96,C,5,7,7,refutation,358672,0.374,1
rome,grafo718.10,10,10,C,2,2,2,bound,0,0.003,1
rome,grafo7180.40,40,52,C,3,5,4,refutation,357,0.005,1
rome,grafo7179.56,56,81,C,5,8,7,refutation,59541,0.078,1
rome,grafo7181.52,52,81,C,5,7,6,refutation,6554,0.025,1
rome,grafo7182.39,39,55,C,4,6,4,bound,63,0.001,1
rome,grafo7184.39,39,54,C,4,5,5,refutation,993,0.005,1
rome,grafo7185.55,55,60,C,3,5,3,bound,791,0.006,1
rome,grafo7186.52,52,68,C,4,5,5,refutation,3038,0.017,1
rome,grafo7187.38,38,52,C,4,6,5,refutation,1489,0.006,1
rome,grafo7188.44,44,62,C,4,6,5,refutation,2020,0.011,1
rome,grafo7189.52,52,71,C,4,5,5,refutation,2712,0.006,1
rome,grafo719.14,14,13,C,1,2,2,refutation,14,0.0,1
rome,grafo7190.52,52,71,C,4,5,5,refutation,2712,0.006,1
rome,grafo7191.41,41,54,C,4,6,6,refutation,4055,0.007,1
rome,grafo7192.45,45,59,C,4,5,5,refutation,2831,0.006,1
rome,grafo7193.43,43,64,C,5,7,7,refutation,12839,0.02,1
rome,grafo7194.53,53,69,C,5,7,6,refutation,18641,0.03,1
rome,grafo7195.42,42,51,C,3,5,4,refutation,1688,0.004,1
rome,grafo7183.53,53,80,C,5,8,8,refutation,97685,0.159,1
rome,grafo7197.52,52,68,C,4,5,5,refutation,3038,0.007,1
rome,grafo7196.45,45,65,C,5,6,6,refutation,11970,0.019,1
rome,grafo7198.37,37,50,C,3,5,4,refutation,350,0.002,1
rome,grafo720.14,14,16,C,3,3,3,bound,0,0.0,1
rome,grafo7200.42,42,58,C,4,6,5,refutation,2073,0.005,1
rome,grafo7201.47,47,62,C,4,6,5,refutation,2604,0.006,1
rome,grafo7038.84,84,113,C,5,9,8,refutation,2157313,1.63,1
rome,grafo7202.42,42,58,C,5,6,6,refutation,4912,0.01,1
rome,grafo7204.41,41,54,C,4,6,5,refutation,1486,0.004,1
rome,grafo7177.69,69,88,C,5,7,7,refutation,329449,0.524,1
rome,grafo7205.39,39,49,C,3,5,4,refutation,623,0.002,1
rome,grafo7206.43,43,50,C,3,5,4,refutation,1224,0.003,1
rome,grafo7208.43,43,48,C,3,4,4,refutation,1487,0.004,1
rome,grafo7199.56,56,79,C,5,7,6,refutation,27742,0.045,1
rome,grafo7209.40,40,56,C,4,4,4,bound,0,0.001,1
rome,grafo721.17,17,20,C,2,3,3,refutation,61,0.0,1
rome,grafo7211.37,37,47,C,3,5,4,refutation,736,0.005,1
rome,grafo7210.43,43,67,C,5,7,6,refutation,2980,0.01,1
rome,grafo7212.42,42,53,C,4,5,4,bound,451,0.005,1
rome,grafo7214.43,43,55,C,4,5,5,refutation,5497,0.019,1
rome,grafo7215.44,44,54,C,4,5,4,bound,340,0.005,1
rome,grafo7207.55,55,77,C,5,7,6,refutation,16904,0.057,1
rome,grafo7203.57,57,85,C,6,8,7,refutation,34571,0.084,1
rome,grafo7218.46,46,54,C,4,5,4,bound,561,0.002,1
rome,grafo7217.44,44,53,C,3,5,5,refutation,7502,0.024,1
rome,grafo722.15,15,17,C,2,3,2,bound,14,0.0,1
rome,grafo7219.45,45,59,C,4,5,5,refutation,2677,0.006,1
rome,grafo7220.42,42,57,C,5,7,6,refutation,5064,0.01,1
rome,grafo7222.40,40,54,C,4,5,5,refutation,1445,0.004,1
rome,grafo5572.82,82,118,C,6,10,10,budget,9654272,10.03,1
rome,grafo7216.47,47,77,C,6,9,8,refutation,32257,0.071,1
rome,grafo7224.41,41,58,C,4,5,4,bound,69,0.001,1
rome,grafo7225.37,37,49,C,3,5,5,refutation,1350,0.003,1
rome,grafo7226.38,38,53,C,4,5,5,refutation,754,0.003,1
rome,grafo7227.38,38,54,C,4,6,5,refutation,2738,0.005,1
rome,grafo7229.43,43,49,C,3,4,3,bound,72,0.001,1
rome,grafo723.17,17,20,C,2,3,3,refutation,43,0.0,1
rome,grafo7228.41,41,67,C,7,8,7,bound,41,0.002,1
rome,grafo7231.51,51,62,C,3,5,4,refutation,1635,0.007,1
rome,grafo7232.38,38,53,C,4,5,5,refutation,649,0.002,1
rome,grafo7233.37,37,49,C,4,5,4,bound,101,0.004,1
rome,grafo7234.46,46,63,C,4,7,6,refutation,6985,0.028,1
rome,grafo7235.38,38,45,C,3,4,4,refutation,420,0.006,1
rome,grafo7236.47,47,70,C,5,6,6,refutation,6859,0.026,1
rome,grafo7230.61,61,95,C,6,8,7,refutation,29216,0.097,1
rome,grafo7237.44,44,56,C,4,6,6,refutation,16083,0.027,1
rome,grafo7120.84,84,111,C,5,9,8,refutation,1259848,1.586,1
rome,grafo724.18,18,21,C,3,3,3,bound,0,0.0,1
rome,grafo7132.87,87,112,C,6,9,8,refutation,1658049,1.447,1
rome,grafo7241.45,45,62,C,4,6,5,refutation,1537,0.007,1
rome,grafo7242.37,37,53,C,4,6,5,refutation,1120,0.006,1
rome,grafo7243.37,37,46,C,3,5,4,refutation,664,0.005,1
rome,grafo7244.41,41,53,C,4,5,5,refutation,1838,0.007,1
rome,grafo7245.49,49,65,C,4,6,5,refutation,2105,0.011,1
rome,grafo7246.42,42,53,C,4,5,4,bound,228,0.001,1
rome,grafo7247.39,39,47,C,4,4,4,bound,0,0.001,1
rome,grafo7248.41,41,55,C,4,5,4,bound,55,0.001,1
rome,grafo7213.73,73,101,C,6,9,7,refutation,284415,0.33,1
rome,grafo725.15,15,15,C,2,2,2,bound,0,0.0,1
rome,grafo7250.47,47,67,C,5,6,6,refutation,8771,0.023,1
rome,grafo7251.40,40,43,C,2,4,3,refutation,235,0.002,1
rome,grafo7249.42,42,56,C,5,6,6,refutation,12272,0.04,1
rome,grafo7253.39,39,51,C,5,5,5,bound,0,0.001,1
rome,grafo7252.40,40,64,C,5,7,6,refutation,2139,0.012,1
rome,grafo7255.49,49,58,C,3,4,4,refutation,1166,0.007,1
rome,grafo7239.60,60,87,C,5,8,7,refutation,114951,0.183,1
rome,grafo7254.44,44,72,C,6,8,7,refutation,16009,0.051,1
rome,grafo7257.37,37,48,C,4,5,4,bound,74,0.001,1
rome,grafo7259.44,44,61,C,4,6,5,refutation,2031,0.005,1
rome,grafo726.14,14,15,C,2,3,2,bound,13,0.0,1
rome,grafo7260.45,45,61,C,4,5,5,refutation,1930,0.005,1
rome,grafo7240.60,60,87,C,5,8,7,refutation,114951,0.19,1
rome,grafo7261.42,42,62,C,5,7,6,refutation,4306,0.009,1
rome,grafo5681.79,79,121,C,7,12,11,budget,10444929,10.029,1
rome,grafo7258.46,46,67,C,5,7,7,refutation,15988,0.046,1
rome,grafo7265.44,44,57,C,4,5,5,refutation,4160,0.007,1
rome,grafo7264.39,39,51,C,4,5,5,refutation,2094,0.01,1
rome,grafo7267.39,39,49,C,4,5,4,bound,26,0.001,1
rome,grafo7268.38,38,46,C,3,4,3,bound,102,0.001,1
rome,grafo7269.40,40,49,C,4,5,5,refutation,2258,0.012,1
rome,grafo727.13,13,19,C,3,3,3,bound,0,0.0,1
rome,grafo7153.85,85,120,C,7,9,8,refutation,1419991,1.375,1
rome,grafo7271.41,41,54,C,4,6,5,refutation,2194,0.011,1
rome,grafo7266.70,70,84,C,3,6,5,refutation,26410,0.054,1
rome,grafo7272.48,48,57,C,3,4,4,refutation,2228,0.011,1
rome,grafo7238.65,65,82,C,5,7,7,refutation,283815,0.333,1
rome,grafo7275.41,41,59,C,4,5,4,bound,26,0.001,1
rome,grafo7270.54,54,69,C,3,6,5,refutation,8497,0.031,1
rome,grafo7276.49,49,64,C,5,6,5,bound,374,0.002,1
rome,grafo7278.42,42,58,C,4,5,4,bound,39,0.001,1
rome,grafo7274.38,38,54,C,5,6,6,refutation,3311,0.013,1
rome,grafo7173.78,78,95,C,4,7,7,refutation,1175311,1.224,1
rome,grafo7277.46,46,61,C,5,6,5,bound,789,0.006,1
rome,grafo728.28,28,33,C,3,3,3,bound,0,0.0,1
rome,grafo7282.36,36,47,C,3,5,4,refutation,433,0.002,1
rome,grafo7279.40,40,53,C,4,5,4,bound,442,0.002,1
rome,grafo7283.39,39,50,C,4,5,5,refutation,1609,0.004,1
rome,grafo7285.40,40,56,C,4,6,6,refutation,3758,0.008,1
rome,grafo7262.57,57,81,C,4,7,7,refutation,43347,0.126,1
rome,grafo7286.43,43,56,C,3,5,4,refutation,512,0.002,1
rome,grafo7281.46,46,54,C,3,5,5,refutation,6738,0.025,1
rome,grafo7280.52,52,71,C,4,7,6,refutation,15384,0.028,1
rome,grafo729.15,15,15,C,2,2,2,bound,0,0.0,1
rome,grafo7290.38,38,47,C,3,5,4,refutation,1129,0.003,1
rome,grafo7288.45,45,60,C,5,7,6,refutation,11726,0.021,1
rome,grafo7292.50,50,62,C,4,6,5,refutation,4304,0.017,1
rome,grafo7287.43,43,62,C,5,7,7,refutation,17055,0.059,1
rome,grafo7289.57,57,72,C,4,7,6,refutation,22869,0.058,1
rome,grafo7291.39,39,59,C,5,7,7,refutation,16721,0.053,1
rome,grafo7294.57,57,73,C,4,5,4,bound,89,0.006,1
rome,grafo7297.39,39,61,C,4,6,5,refutation,710,0.005,1
rome,grafo7296.42,42,56,C,4,6,5,refutation,1730,0.011,1
rome,grafo7298.41,41,54,C,4,5,5,refutation,2593,0.008,1
rome,grafo7299.41,41,58,C,4,5,5,refutation,1040,0.006,1
rome,grafo7293.68,68,79,C,3,5,5,refutation,12087,0.048,1
rome,grafo730.12,12,13,C,2,3,2,bound,12,0.003,1
rome,grafo7300.41,41,53,C,4,6,5,refutation,1018,0.003,1
rome,grafo7302.41,41,57,C,5,7,5,bound,694,0.006,1
rome,grafo7303.46,46,57,C,4,6,5,refutation,3338,0.007,1
rome,grafo7301.40,40,50,C,4,5,5,refutation,1777,0.01,1
rome,grafo5938.75,75,116,C,7,11,10,refutation,14491383,9.187,1
rome,grafo7304.45,45,53,C,3,5,4,refutation,638,0.005,1
rome,grafo7307.37,37,47,C,3,4,4,refutation,305,0.001,1
rome,grafo7306.36,36,48,C,5,6,5,bound,538,0.004,1
rome,grafo731.14,14,15,C,2,2,2,bound,0,0.0,1
rome,grafo7305.38,38,53,C,4,6,6,refutation,4010,0.008,1
rome,grafo7309.41,41,60,C,5,6,6,refutation,2652,0.005,1
rome,grafo7312.41,105,47,C,1,2,2,refutation,32,0.002,58
rome,grafo7311.41,41,45,C,3,4,4,refutation,1195,0.006,1
rome,grafo7313.43,43,52,C,3,6,4,refutation,1327,0.003,1
rome,grafo7314.43,43,53,C,4,5,4,bound,120,0.001,1
rome,grafo7315.50,50,64,C,5,6,5,bound,298,0.002,1
rome,grafo7316.39,39,50,C,4,4,4,bound,0,0.001,1
rome,grafo7308.40,40,65,C,5,7,6,refutation,5218,0.022,1
rome,grafo7310.47,47,61,C,4,5,5,refutation,3621,0.014,1
rome,grafo732.35,35,44,C,3,4,4,refutation,438,0.002,1
rome,grafo7284.69,69,87,C,5,7,6,refutation,75328,0.151,1
rome,grafo7321.39,39,48,C,4,5,4,bound,32,0.001,1
rome,grafo7320.38,38,58,C,4,6,5,refutation,1001,0.006,1
rome,grafo7323.45,45,60,C,4,6,5,refutation,3036,0.013,1
rome,grafo7295.43,43,67,C,5,8,8,refutation,45126,0.103,1
rome,grafo7325.43,43,50,C,3,5,4,refutation,1090,0.006,1
rome,grafo7317.67,67,92,C,5,7,6,refutation,44791,0.06,1
rome,grafo7318.55,55,70,C,5,6,6,refutation,31821,0.055,1
rome,grafo7327.39,39,51,C,3,4,4,refutation,543,0.002,1
rome,grafo7326.41,41,50,C,4,5,5,refutation,4054,0.017,1
rome,grafo7322.58,58,79,C,5,7,6,refutation,20316,0.063,1
rome,grafo7324.61,61,78,C,5,7,6,refutation,26968,0.048,1
rome,grafo733.43,43,54,C,4,5,4,bound,187,0.005,1
rome,grafo7331.41,41,50,C,3,4,4,refutation,635,0.002,1
rome,grafo7330.40,40,50,C,4,6,5,refutation,1936,0.011,1
rome,grafo7329.59,59,71,C,4,6,5,refutation,19424,0.031,1
rome,grafo7126.88,88,118,C,5,9,8,refutation,2217869,2.108,1
rome,grafo7334.43,43,63,C,4,6,5,refutation,1637,0.011,1
rome,grafo7335.53,53,69,C,4,6,5,refutation,3162,0.007,1
rome,grafo7336.53,53,69,C,4,6,5,refutation,3162,0.007,1
rome,grafo7328.59,59,71,C,4,6,5,refutation,19424,0.04,1
rome,grafo734.14,14,18,C,3,3,3,bound,0,0.0,1
rome,grafo7151.85,85,120,C,7,9,8,refutation,1419991,1.781,1
rome,grafo7339.46,46,52,C,3,5,4,refutation,1428,0.004,1
rome,grafo7342.44,44,55,C,3,4,4,refutation,1230,0.003,1
rome,grafo7338.41,41,50,C,4,5,5,refutation,3108,0.019,1
rome,grafo7273.69,69,93,C,5,8,7,refutation,342285,0.293,1
rome,grafo7343.44,44,53,C,3,5,5,refutation,4484,0.009,1
rome,grafo7345.38,38,49,C,3,5,4,refutation,851,0.002,1
rome,grafo7347.40,40,56,C,4,6,5,refutation,1352,0.004,1
rome,grafo7340.46,46,60,C,3,6,5,refutation,3465,0.026,1
rome,grafo7344.39,39,51,C,4,6,5,refutation,1808,0.011,1
rome,grafo735.15,15,14,C,1,2,2,refutation,17,0.0,1
rome,grafo7337.45,45,62,C,5,6,6,refutation,8740,0.05,1
rome,grafo7351.47,47,59,C,4,5,4,bound,311,0.006,1
rome,grafo7349.43,43,51,C,4,5,5,refutation,4485,0.019,1
rome,grafo7333.45,45,73,C,5,8,8,refutation,53302,0.082,1
rome,grafo7352.42,42,51,C,3,4,4,refutation,1031,0.006,1
rome,grafo7256.69,69,95,C,6,8,8,refutation,518434,0.497,1
rome,grafo7353.49,49,67,C,4,5,5,refutation,1476,0.011,1
rome,grafo7355.45,45,53,C,3,4,4,refutation,930,0.003,1
rome,grafo7357.37,37,56,C,5,7,5,bound,229,0.005,1
rome,grafo7359.38,38,49,C,4,5,4,bound,29,0.001,1
rome,grafo736.13,13,14,C,2,2,2,bound,0,0.0,1
rome,grafo7350.45,45,62,C,4,6,6,refutation,9758,0.039,1
rome,grafo7360.44,44,58,C,4,6,5,refutation,2320,0.015,1
rome,grafo7356.49,49,71,C,5,6,6,refutation,9205,0.036,1
rome,grafo7362.38,38,44,C,3,4,4,refutation,689,0.003,1
rome,grafo7341.60,60,78,C,5,7,6,refutation,50310,0.104,1
rome,grafo7363.39,39,43,C,3,4,4,refutation,834,0.009,1
rome,grafo7366.35,35,43,C,3,4,3,bound,34,0.001,1
rome,grafo7365.45,45,51,C,3,4,4,refutation,1125,0.007,1
rome,grafo7364.36,36,43,C,3,4,4,refutation,753,0.008,1
rome,grafo7368.42,42,51,C,3,5,4,refutation,704,0.005,1
rome,grafo737.14,14,14,C,2,2,2,bound,0,0.0,1
rome,grafo7346.58,58,78,C,5,7,6,refutation,35658,0.108,1
rome,grafo7367.44,44,54,C,4,5,5,refutation,4391,0.019,1
rome,grafo7369.48,48,62,C,4,6,5,refutation,3941,0.02,1
rome,grafo7372.41,41,56,C,4,6,5,refutation,1543,0.01,1
rome,grafo7374.39,39,52,C,4,5,5,refutation,950,0.006,1
rome,grafo7375.46,46,60,C,4,5,5,refutation,1394,0.01,1
rome,grafo7373.41,41,58,C,4,6,6,refutation,5354,0.023,1
rome,grafo7348.60,60,83,C,5,8,7,refutation,186792,0.149,1
rome,grafo7370.49,49,64,C,5,6,6,refutation,14552,0.045,1
rome,grafo7332.49,49,88,C,7,10,9,refutation,84279,0.211,1
rome,grafo7377.43,43,58,C,4,5,5,refutation,2158,0.007,1
rome,grafo738.12,12,15,C,3,3,3,bound,0,0.0,1
rome,grafo7379.43,43,58,C,4,5,5,refutation,1624,0.007,1
rome,grafo7380.36,36,47,C,3,5,4,refutation,516,0.002,1
rome,grafo7383.38,38,44,C,3,5,4,refutation,892,0.006,1
rome,grafo7358.60,60,78,C,5,6,6,refutation,42348,0.143,1
rome,grafo7384.45,45,56,C,4,5,5,refutation,3649,0.014,1
rome,grafo7385.37,37,42,C,2,4,3,refutation,316,0.005,1
rome,grafo7387.39,39,48,C,4,5,4,bound,195,0.005,1
rome,grafo7382.48,48,70,C,5,7,6,refutation,9059,0.035,1
rome,grafo7381.44,44,65,C,5,6,6,refutation,9784,0.046,1
rome,grafo739.15,15,18,C,2,2,2,bound,0,0.0,1
rome,grafo7388.50,50,66,C,5,6,5,bound,44,0.005,1
rome,grafo7391.45,45,61,C,4,5,5,refutation,1614,0.011,1
rome,grafo7392.40,40,53,C,4,5,5,refutation,1048,0.006,1
rome,grafo7389.42,42,62,C,4,7,7,refutation,14224,0.026,1
rome,grafo7390.39,39,59,C,4,6,6,refutation,6582,0.024,1
rome,grafo7376.45,45,65,C,5,7,7,refutation,29941,0.097,1
rome,grafo7394.47,47,57,C,3,5,5,refutation,5247,0.01,1
rome,grafo7395.40,40,55,C,5,6,5,bound,115,0.002,1
rome,grafo7396.42,42,48,C,3,4,4,refutation,907,0.005,1
rome,grafo7319.76,76,102,C,6,8,7,refutation,261361,0.38,1
rome,grafo7393.42,42,50,C,4,5,5,refutation,4348,0.018,1
rome,grafo740.11,11,12,C,2,2,2,bound,0,0.0,1
rome,grafo7397.40,40,52,C,4,5,5,refutation,2158,0.007,1
rome,grafo7398.44,44,58,C,4,5,5,refutation,1853,0.011,1
rome,grafo7401.40,40,52,C,4,6,5,refutation,1538,0.006,1
rome,grafo7371.61,61,88,C,5,8,7,refutation,57265,0.152,1
rome,grafo7386.46,46,66,C,5,8,7,refutation,19676,0.075,1
rome,grafo7404.43,43,55,C,4,5,5,refutation,2586,0.012,1
rome,grafo7406.41,41,48,C,3,4,4,refutation,1079,0.003,1
rome,grafo7399.46,46,63,C,4,6,6,refutation,6236,0.025,1
rome,grafo7408.38,38,49,C,4,4,4,bound,0,0.001,1
rome,grafo741.14,14,14,C,2,2,2,bound,0,0.0,1
rome,grafo7409.40,40,48,C,4,5,4,bound,37,0.001,1
rome,grafo7410.37,37,51,C,4,5,4,bound,50,0.001,1
rome,grafo7403.43,43,57,C,5,7,6,refutation,10406,0.027,1
rome,grafo7400.57,57,70,C,4,7,5,refutation,10703,0.042,1
rome,grafo7402.57,57,70,C,4,7,5,refutation,10703,0.041,1
rome,grafo7405.46,46,64,C,5,7,6,refutation,7971,0.038,1
rome,grafo7412.43,43,52,C,4,5,5,refutation,3398,0.014,1
rome,grafo7416.36,36,47,C,3,5,4,refutation,571,0.004,1
rome,grafo7415.39,39,53,C,4,6,5,refutation,2159,0.012,1
rome,grafo7407.54,54,66,C,4,6,5,refutation,10050,0.04,1
rome,grafo742.13,13,15,C,2,2,2,bound,0,0.0,1
rome,grafo7414.45,45,66,C,5,6,6,refutation,4868,0.024,1
rome,grafo7421.40,40,55,C,4,5,4,bound,25,0.001,1
rome,grafo7413.44,44,67,C,5,7,7,refutation,10032,0.04,1
rome,grafo7361.76,76,92,C,4,7,6,refutation,157112,0.27,1
rome,grafo7422.40,40,50,C,3,5,4,refutation,610,0.005,1
rome,grafo7423.43,43,54,C,4,6,5,refutation,1656,0.01,1
rome,grafo7420.41,41,58,C,4,6,6,refutation,5331,0.023,1
rome,grafo7424.45,45,58,C,4,5,5,refutation,2423,0.008,1
rome,grafo7428.43,43,52,C,4,5,4,bound,40,0.001,1
rome,grafo7425.44,44,53,C,3,5,5,refutation,4407,0.017,1
rome,grafo743.32,32,37,C,4,4,4,bound,0,0.001,1
rome,grafo7419.44,44,58,C,5,6,6,refutation,20061,0.036,1
rome,grafo7426.47,47,57,C,4,5,4,bound,70,0.008,1
rome,grafo7432.40,40,47,C,3,4,3,bound,148,0.001,1
rome,grafo7433.44,44,55,C,4,6,5,refutation,4064,0.009,1
rome,grafo7429.44,44,65,C,4,7,6,refutation,2817,0.014,1
rome,grafo7431.44,44,64,C,5,7,6,refutation,7808,0.014,1
rome,grafo7435.44,44,53,C,4,5,4,bound,29,0.001,1
rome,grafo7434.52,52,64,C,4,6,5,refutation,5710,0.012,1
rome,grafo7437.44,44,52,C,3,5,4,refutation,669,0.007,1
rome,grafo7430.43,43,70,C,6,8,7,refutation,5899,0.026,1
rome,grafo7438.39,39,47,C,3,4,3,bound,33,0.001,1
rome,grafo744.28,28,29,C,2,3,3,refutation,186,0.001,1
rome,grafo7439.45,45,54,C,4,5,4,bound,33,0.001,1
rome,grafo7440.42,42,47,C,3,4,4,refutation,2010,0.005,1
rome,grafo7443.42,42,57,C,4,6,5,refutation,2269,0.005,1
rome,grafo7442.45,45,53,C,3,4,4,refutation,1901,0.007,1
rome,grafo7444.43,43,55,C,5,6,5,bound,261,0.002,1
rome,grafo7446.45,45,56,C,4,5,4,bound,208,0.002,1
rome,grafo7043.96,96,126,C,5,9,8,refutation,2830877,2.914,1
rome,grafo7441.43,43,60,C,4,7,6,refutation,10056,0.039,1
rome,grafo7449.40,40,47,C,3,4,4,refutation,852,0.006,1
rome,grafo745.32,32,36,C,3,4,3,bound,21,0.001,1
rome,grafo7436.67,67,89,C,4,7,6,refutation,36275,0.103,1
rome,grafo7445.49,49,72,C,5,7,7,refutation,37374,0.109,1
rome,grafo7452.45,45,54,C,3,6,4,refutation,1436,0.009,1
rome,grafo7448.60,60,81,C,5,8,7,refutation,111775,0.107,1
rome,grafo7454.44,44,57,C,4,6,4,bound,86,0.001,1
rome,grafo7453.43,43,66,C,5,7,6,refutation,2776,0.009,1
rome,grafo7455.41,41,63,C,5,6,6,refutation,2003,0.007,1
rome,grafo7456.43,43,70,C,6,8,7,refutation,8604,0.031,1
rome,grafo7427.66,66,84,C,5,7,7,refutation,162811,0.27,1
rome,grafo7459.42,42,55,C,4,6,5,refutation,1892,0.008,1
rome,grafo746.13,13,14,C,2,3,2,bound,11,0.0,1
rome,grafo7458.43,43,61,C,5,7,7,refutation,27193,0.079,1
rome,grafo7460.45,45,58,C,4,6,6,refutation,7720,0.036,1
rome,grafo7462.38,38,47,C,3,5,5,refutation,2492,0.008,1
rome,grafo7457.56,56,82,C,6,9,8,refutation,131195,0.167,1
rome,grafo7464.81,81,108,C,5,8,7,refutation,274379,0.422,1
rome,grafo7465.43,43,60,C,4,5,5,refutation,1849,0.01,1
rome,grafo7466.42,42,62,C,5,6,6,refutation,3848,0.025,1
rome,grafo7467.54,54,72,C,4,6,5,refutation,4940,0.034,1
rome,grafo7461.72,72,97,C,5,7,7,refutation,372766,0.572,1
rome,grafo6585.97,97,132,C,6,9,9,refutation,11322729,7.809,1
rome,grafo747.12,12,13,C,2,2,2,bound,0,0.0,1
rome,grafo7470.43,43,52,C,3,5,5,refutation,5611,0.009,1
rome,grafo7471.64,64,76,C,4,6,4,bound,79,0.003,1
rome,grafo7472.45,45,53,C,2,4,3,refutation,306,0.002,1
rome,grafo7473.35,35,41,C,3,4,3,bound,35,0.001,1
rome,grafo7474.43,43,54,C,3,5,5,refutation,2884,0.005,1
rome,grafo7475.40,40,53,C,4,6,5,refutation,3625,0.006,1
rome,grafo7476.38,38,55,C,4,6,5,refutation,1677,0.003,1
rome,grafo7469.41,41,60,C,5,7,7,refutation,12217,0.048,1
rome,grafo7478.38,38,47,C,3,5,4,refutation,594,0.005,1
rome,grafo7477.48,48,70,C,4,7,7,refutation,16277,0.025,1
rome,grafo748.11,11,11,C,2,2,2,bound,0,0.0,1
rome,grafo7479.39,39,53,C,4,6,5,refutation,2288,0.011,1
rome,grafo7480.45,45,69,C,6,8,7,refutation,9202,0.018,1
rome,grafo7482.41,41,48,C,3,5,4,refutation,877,0.002,1
rome,grafo7481.41,41,59,C,5,6,6,refutation,6178,0.024,1
rome,grafo7484.43,43,49,C,3,4,4,refutation,1347,0.009,1
rome,grafo7485.42,42,56,C,4,6,5,refutation,1707,0.007,1
rome,grafo7486.42,42,57,C,5,5,5,bound,0,0.004,1
rome,grafo7487.42,42,53,C,4,5,5,refutation,2183,0.011,1
rome,grafo7488.46,46,59,C,3,5,4,refutation,973,0.006,1
rome,grafo7489.39,39,52,C,4,5,4,bound,189,0.004,1
rome,grafo749.11,11,10,C,1,1,1,bound,0,0.0,1
rome,grafo7468.54,54,81,C,5,7,7,refutation,57013,0.166,1
rome,grafo7490.48,48,68,C,5,7,6,refutation,7425,0.03,1
rome,grafo7491.45,45,61,C,4,7,6,refutation,7448,0.038,1
rome,grafo7492.38,38,57,C,5,6,6,refutation,4794,0.018,1
rome,grafo7109.87,87,112,C,5,9,8,refutation,3937865,3.665,1
rome,grafo7494.44,44,58,C,3,5,5,refutation,3075,0.012,1
rome,grafo7495.41,41,48,C,3,4,4,refutation,612,0.008,1
rome,grafo7496.42,42,56,C,4,6,5,refutation,2588,0.011,1
rome,grafo7498.41,41,52,C,4,5,4,bound,84,0.004,1
rome,grafo7483.73,73,92,C,5,7,6,refutation,145162,0.142,1
rome,grafo750.12,12,11,C,1,2,2,refutation,12,0.0,1
rome,grafo7500.53,53,65,C,3,5,4,refutation,1868,0.004,1
rome,grafo7501.53,53,65,C,3,5,4,refutation,1868,0.004,1
rome,grafo7502.35,35,43,C,3,4,4,refutation,606,0.002,1
rome,grafo7503.44,44,58,C,4,6,5,refutation,3142,0.006,1
rome,grafo7493.60,60,83,C,5,7,6,refutation,15796,0.071,1
rome,grafo7504.50,50,69,C,5,6,6,refutation,14910,0.023,1
rome,grafo7506.41,41,55,C,4,5,5,refutation,2365,0.005,1
rome,grafo7497.46,46,67,C,5,7,6,refutation,21847,0.079,1
rome,grafo7505.72,72,89,C,4,6,5,refutation,16402,0.051,1
rome,grafo7509.36,36,45,C,3,5,4,refutation,390,0.002,1
rome,grafo751.11,11,12,C,2,2,2,bound,0,0.0,1
rome,grafo7451.82,82,117,C,6,8,7,refutation,841029,1.164,1
rome,grafo7507.67,67,86,C,5,7,6,refutation,65662,0.126,1
rome,grafo7512.37,37,45,C,3,4,4,refutation,558,0.005,1
rome,grafo7513.39,39,55,C,5,6,5,bound,222,0.008,1
rome,grafo7514.43,43,56,C,4,6,5,refutation,1975,0.009,1
rome,grafo7511.55,55,76,C,5,7,7,refutation,36837,0.104,1
rome,grafo7450.82,82,117,C,6,8,7,refutation,841029,1.324,1
rome,grafo7517.38,38,51,C,4,5,4,bound,32,0.001,1
rome,grafo7508.56,56,81,C,6,8,8,refutation,233289,0.243,1
rome,grafo7519.36,36,42,C,2,4,3,refutation,184,0.001,1
rome,grafo7518.46,46,69,C,5,7,7,refutation,9939,0.038,1
rome,grafo7520.45,45,53,C,3,5,4,refutation,1001,0.012,1
rome,grafo7521.37,37,56,C,5,7,6,refutation,3048,0.016,1
rome,grafo7522.46,46,68,C,5,8,7,refutation,13108,0.045,1
rome,grafo7516.69,69,88,C,4,6,6,refutation,68449,0.163,1
rome,grafo7378.88,88,121,C,6,8,8,refutation,2232781,1.767,1
rome,grafo7525.60,60,76,C,4,5,5,refutation,9448,0.019,1
rome,grafo7523.50,50,68,C,5,7,6,refutation,12067,0.052,1
rome,grafo7526.38,38,52,C,4,5,5,refutation,696,0.002,1
rome,grafo7527.41,41,56,C,5,6,5,bound,146,0.005,1
rome,grafo7411.89,89,120,C,6,8,8,refutation,1483531,1.716,1
rome,grafo6307.92,92,126,C,6,11,9,budget,16040249,10.028,1
rome,grafo753.26,26,28,C,3,4,3,bound,29,0.004,1
rome,grafo7531.38,38,44,C,3,4,4,refutation,937,0.005,1
rome,grafo7530.44,44,59,C,5,7,6,refutation,7537,0.027,1
rome,grafo7528.66,66,81,C,4,7,6,refutation,63836,0.086,1
rome,grafo7534.40,40,54,C,4,5,4,bound,197,0.001,1
rome,grafo7533.50,50,66,C,4,6,5,refutation,2871,0.012,1
rome,grafo7535.43,43,59,C,4,6,6,refutation,5153,0.01,1
rome,grafo7537.41,41,55,C,5,6,5,bound,267,0.002,1
rome,grafo7532.51,51,71,C,5,6,6,refutation,13711,0.049,1
rome,grafo7539.37,37,49,C,5,5,5,bound,0,0.001,1
rome,grafo754.16,16,21,C,2,3,3,refutation,43,0.0,1
rome,grafo7536.60,60,76,C,4,5,5,refutation,9448,0.032,1
rome,grafo7540.46,46,71,C,4,6,6,refutation,3664,0.014,1
rome,grafo752.76,76,95,C,5,8,7,refutation,373501,0.307,1
rome,grafo7543.43,43,54,C,3,4,4,refutation,707,0.002,1
rome,grafo7541.40,40,53,C,4,5,5,refutation,1448,0.007,1
rome,grafo7542.40,40,51,C,4,5,5,refutation,1949,0.007,1
rome,grafo7544.40,40,53,C,4,5,5,refutation,3551,0.009,1
rome,grafo7538.63,63,79,C,5,7,6,refutation,28143,0.043,1
rome,grafo7547.47,47,59,C,4,5,4,bound,89,0.002,1
rome,grafo7548.35,35,42,C,3,3,3,bound,0,0.001,1
rome,grafo755.20,20,21,C,2,2,2,bound,0,0.0,1
rome,grafo7549.38,38,50,C,4,5,4,bound,51,0.001,1
rome,grafo7551.39,39,48,C,3,5,4,refutation,429,0.002,1
rome,grafo7545.44,44,60,C,4,6,5,refutation,2215,0.012,1
rome,grafo7546.42,42,49,C,3,5,5,refutation,2833,0.013,1
rome,grafo7510.70,70,100,C,5,8,8,refutation,532527,0.552,1
rome,grafo7552.43,43,64,C,5,6,6,refutation,4177,0.011,1
rome,grafo7554.38,38,48,C,3,5,4,refutation,514,0.005,1
rome,grafo7553.36,36,52,C,4,7,6,refutation,1923,0.008,1
rome,grafo7555.45,45,58,C,4,5,5,refutation,1710,0.004,1
rome,grafo7559.52,52,67,C,5,6,5,bound,631,0.002,1
rome,grafo756.12,12,11,C,1,2,2,refutation,12,0.0,1
rome,grafo7560.35,35,45,C,4,5,5,refutation,1636,0.003,1
rome,grafo7561.37,37,49,C,3,5,4,refutation,554,0.002,1
rome,grafo7550.51,51,66,C,4,7,6,refutation,28234,0.041,1
rome,grafo7556.54,54,76,C,5,7,6,refutation,13452,0.031,1
rome,grafo7562.51,51,81,C,6,8,7,refutation,11360,0.02,1
rome,grafo7515.81,81,97,C,5,7,7,refutation,434586,0.473,1
rome,grafo7563.42,42,58,C,5,6,6,refutation,5066,0.01,1
rome,grafo7558.45,45,74,C,5,7,7,refutation,9319,0.037,1
rome,grafo7566.47,47,54,C,3,5,4,refutation,2211,0.005,1
rome,grafo7569.39,39,50,C,4,5,4,bound,164,0.001,1
rome,grafo7567.45,45,59,C,4,5,5,refutation,2316,0.005,1
rome,grafo757.16,16,19,C,2,2,2,bound,0,0.0,1
rome,grafo7568.38,38,55,C,5,6,5,bound,276,0.005,1
rome,grafo7570.40,40,52,C,3,4,4,refutation,248,0.002,1
rome,grafo7557.48,48,67,C,5,7,6,refutation,19146,0.056,1
rome,grafo7571.41,41,61,C,5,7,6,refutation,3867,0.011,1
rome,grafo7573.59,59,75,C,5,6,5,bound,3294,0.009,1
rome,grafo7576.38,38,47,C,4,5,4,bound,40,0.001,1
rome,grafo7577.41,41,54,C,4,4,4,bound,0,0.001,1
rome,grafo7572.42,42,50,C,4,5,5,refutation,4453,0.017,1
rome,grafo7578.49,49,57,C,4,5,4,bound,135,0.002,1
rome,grafo758.10,10,10,C,2,2,2,bound,0,0.0,1
rome,grafo7565.57,57,71,C,4,6,6,refutation,24141,0.036,1
rome,grafo7581.39,39,51,C,3,5,4,refutation,466,0.002,1
rome,grafo7575.41,41,55,C,4,6,6,refutation,6018,0.018,1
rome,grafo7582.45,45,55,C,4,5,5,refutation,3076,0.006,1
rome,grafo7583.42,42,56,C,4,6,5,refutation,2762,0.007,1
rome,grafo7585.48,48,70,C,5,6,6,refutation,3647,0.008,1
rome,grafo7586.36,36,50,C,4,5,4,bound,29,0.001,1
rome,grafo7564.57,57,71,C,4,6,6,refutation,24141,0.079,1
rome,grafo7584.69,69,80,C,4,6,5,refutation,21819,0.034,1
rome,grafo7579.58,58,73,C,4,6,5,refutation,13787,0.053,1
rome,grafo759.11,11,12,C,2,2,2,bound,0,0.0,1
rome,grafo7589.47,47,73,C,5,6,6,refutation,1629,0.005,1
rome,grafo7591.44,44,61,C,4,6,5,refutation,1741,0.004,1
rome,grafo7590.43,43,54,C,3,4,4,refutation,1048,0.009,1
rome,grafo7588.42,42,62,C,5,7,6,refutation,5660,0.02,1
rome,grafo7593.43,43,60,C,4,6,5,refutation,1889,0.007,1
rome,grafo6418.89,89,130,C,6,11,11,budget,10354688,10.009,1
rome,grafo7580.79,79,98,C,5,7,6,refutation,172421,0.191,1
rome,grafo7597.44,44,61,C,5,7,6,refutation,5923,0.023,1
rome,grafo7598.43,43,57,C,4,6,4,bound,216,0.002,1
rome,grafo7595.74,74,97,C,4,7,6,refutation,65698,0.163,1
rome,grafo760.13,13,14,C,2,2,2,bound,0,0.0,1
rome,grafo7600.40,40,55,C,5,6,6,refutation,3769,0.007,1
rome,grafo7599.40,40,56,C,4,7,6,refutation,10587,0.037,1
rome,grafo7596.61,61,85,C,5,8,7,refutation,45849,0.092,1
rome,grafo7602.42,42,56,C,4,6,5,refutation,1420,0.01,1
rome,grafo7601.48,48,64,C,5,7,6,refutation,14233,0.023,1
rome,grafo7604.45,45,65,C,5,7,6,refutation,9834,0.016,1
rome,grafo7605.44,44,65,C,5,7,6,refutation,8320,0.024,1
rome,grafo7603.45,45,73,C,5,8,7,refutation,9952,0.039,1
rome,grafo7607.42,42,60,C,5,7,6,refutation,3829,0.017,1
rome,grafo7606.51,51,71,C,5,7,6,refutation,14904,0.027,1
rome,grafo761.13,13,13,C,2,2,2,bound,0,0.0,1
rome,grafo7610.42,42,55,C,4,5,4,bound,43,0.001,1
rome,grafo7611.40,40,54,C,5,6,6,refutation,4462,0.007,1
rome,grafo7609.42,42,62,C,5,6,6,refutation,6118,0.022,1
rome,grafo7612.54,54,78,C,5,6,6,refutation,9864,0.016,1
rome,grafo7614.42,42,57,C,4,6,6,refutation,7300,0.011,1
rome,grafo7615.37,37,44,C,3,4,4,refutation,574,0.002,1
rome,grafo7616.43,43,64,C,4,7,6,refutation,3739,0.007,1
rome,grafo7613.54,54,78,C,5,6,6,refutation,9864,0.036,1
rome,grafo7617.54,54,81,C,5,7,7,refutation,38702,0.049,1
rome,grafo7619.44,44,68,C,5,7,6,refutation,7565,0.012,1
rome,grafo762.27,27,31,C,3,4,3,bound,26,0.001,1
rome,grafo7620.37,37,46,C,3,5,4,refutation,709,0.002,1
rome,grafo7621.44,44,65,C,4,6,5,refutation,2210,0.005,1
rome,grafo7592.59,59,94,C,6,9,9,refutation,543136,0.394,1
rome,grafo7622.45,45,62,C,4,6,5,refutation,2663,0.005,1
rome,grafo7624.41,41,54,C,4,5,4,bound,32,0.001,1
rome,grafo7625.47,47,67,C,5,6,6,refutation,12046,0.018,1
rome,grafo7626.38,38,41,C,2,4,3,refutation,410,0.002,1
rome,grafo7623.45,45,62,C,4,6,6,refutation,7058,0.025,1
rome,grafo7618.54,54,81,C,5,7,7,refutation,38702,0.105,1
rome,grafo7629.42,42,65,C,5,7,6,refutation,4691,0.016,1
rome,grafo763.18,18,23,C,3,3,3,bound,0,0.0,1
rome,grafo7628.47,47,66,C,5,6,6,refutation,4522,0.021,1
rome,grafo7631.39,39,44,C,2,3,3,refutation,176,0.001,1
rome,grafo7630.39,39,46,C,3,5,4,refutation,960,0.006,1
rome,grafo7633.43,43,58,C,4,6,5,refutation,2472,0.012,1
rome,grafo7632.46,46,68,C,5,6,6,refutation,5933,0.02,1
rome,grafo7635.41,41,53,C,4,6,6,refutation,5398,0.02,1
rome,grafo7636.43,43,59,C,4,6,5,refutation,3688,0.013,1
rome,grafo6533.83,83,115,C,6,10,10,budget,18812928,10.012,1
rome,grafo6532.83,83,115,C,6,10,10,budget,16183296,10.014,1
rome,grafo7638.41,41,54,C,4,5,4,bound,134,0.001,1
rome,grafo764.23,23,26,C,3,3,3,bound,0,0.0,1
rome,grafo7639.40,40,54,C,4,6,5,refutation,1126,0.003,1
rome,grafo7641.39,39,58,C,5,7,6,refutation,4119,0.007,1
rome,grafo7642.42,42,62,C,4,6,6,refutation,2643,0.006,1
rome,grafo7640.45,45,65,C,5,7,7,refutation,16866,0.026,1
rome,grafo7627.57,57,85,C,6,8,8,refutation,232919,0.217,1
rome,grafo7645.37,37,51,C,5,6,6,refutation,2481,0.011,1
rome,grafo7644.47,47,75,C,6,9,8,refutation,26578,0.04,1
rome,grafo7646.50,50,62,C,4,6,5,refutation,7189,0.025,1
rome,grafo7647.42,42,46,C,3,4,3,bound,44,0.001,1
rome,grafo7634.56,56,86,C,5,9,8,refutation,157286,0.23,1
rome,grafo765.37,37,47,C,3,4,3,bound,188,0.001,1
rome,grafo7650.37,37,52,C,4,5,5,refutation,710,0.002,1
rome,grafo7651.42,42,54,C,4,6,5,refutation,2522,0.005,1
rome,grafo7652.40,40,55,C,4,6,5,refutation,1486,0.004,1
rome,grafo7643.61,61,85,C,6,8,7,refutation,65735,0.087,1
rome,grafo7653.39,39,49,C,3,4,4,refutation,784,0.005,1
rome,grafo7649.58,58,85,C,5,7,7,refutation,33466,0.048,1
rome,grafo7574.86,86,110,C,5,7,7,refutation,678765,0.8,1
rome,grafo7656.40,40,58,C,4,5,5,refutation,1127,0.003,1
rome,grafo7658.44,44,61,C,4,6,5,refutation,2791,0.006,1
rome,grafo7655.49,49,65,C,4,6,5,refutation,4956,0.017,1
rome,grafo766.12,12,12,C,2,2,2,bound,0,0.0,1
rome,grafo7654.45,45,59,C,4,6,6,refutation,11771,0.026,1
rome,grafo7659.34,34,47,C,4,5,5,refutation,1017,0.002,1
rome,grafo7648.58,58,85,C,5,7,7,refutation,33466,0.069,1
rome,grafo7662.38,38,48,C,3,4,4,refutation,737,0.002,1
rome,grafo7657.41,41,55,C,4,6,6,refutation,5366,0.02,1
rome,grafo7663.45,45,72,C,6,7,7,refutation,11139,0.019,1
rome,grafo7661.42,42,60,C,5,7,7,refutation,22603,0.033,1
rome,grafo7666.42,42,63,C,5,7,7,refutation,9265,0.016,1
rome,grafo7667.47,47,62,C,4,6,5,refutation,4291,0.008,1
rome,grafo7668.43,43,57,C,4,6,5,refutation,2617,0.005,1
rome,grafo767.22,22,22,C,2,2,2,bound,0,0.0,1
rome,grafo7665.42,42,67,C,5,8,7,refutation,9537,0.037,1
rome,grafo7670.40,40,56,C,4,6,5,refutation,895,0.003,1
rome,grafo7672.37,37,46,C,3,4,4,refutation,530,0.002,1
rome,grafo7669.56,56,73,C,5,7,6,refutation,8883,0.016,1
rome,grafo7673.46,46,56,C,3,4,3,bound,79,0.001,1
rome,grafo7675.39,39,47,C,3,3,3,bound,0,0.001,1
rome,grafo7660.59,59,81,C,5,7,6,refutation,25872,0.073,1
rome,grafo7677.43,43,57,C,4,5,5,refutation,3280,0.006,1
rome,grafo7676.45,45,61,C,5,7,6,refutation,12223,0.02,1
rome,grafo7664.56,56,74,C,5,7,7,refutation,76081,0.084,1
rome,grafo768.28,28,31,C,3,4,3,bound,76,0.001,1
rome,grafo7678.52,52,58,C,3,5,4,refutation,2972,0.006,1
rome,grafo7679.41,41,51,C,4,6,5,refutation,2160,0.005,1
rome,grafo7680.40,40,55,C,4,5,5,refutation,2343,0.005,1
rome,grafo7683.38,38,58,C,5,6,5,bound,59,0.001,1
rome,grafo7681.40,40,54,C,4,7,6,refutation,3509,0.007,1
rome,grafo7682.50,50,67,C,4,6,5,refutation,3301,0.008,1
rome,grafo7684.38,38,54,C,4,6,5,refutation,1798,0.004,1
rome,grafo7685.40,40,63,C,5,7,6,refutation,2750,0.005,1
rome,grafo7686.41,41,57,C,4,5,5,refutation,724,0.002,1
rome,grafo7687.53,53,65,C,3,4,4,refutation,998,0.003,1
rome,grafo7689.37,37,44,C,3,3,3,bound,0,0.001,1
rome,grafo769.14,14,13,C,1,2,2,refutation,15,0.0,1
rome,grafo7690.44,44,59,C,4,5,5,refutation,2093,0.004,1
rome,grafo7688.53,53,65,C,3,4,4,refutation,998,0.003,1
rome,grafo7692.42,42,54,C,4,5,4,bound,62,0.001,1
rome,grafo7694.39,39,46,C,3,4,4,refutation,850,0.002,1
rome,grafo7695.56,56,79,C,5,7,6,refutation,13346,0.024,1
rome,grafo6562.98,98,138,C,6,10,10,budget,8531968,10.01,1
rome,grafo7693.52,52,74,C,4,7,7,refutation,29788,0.091,1
rome,grafo7698.40,40,47,C,4,5,4,bound,47,0.001,1
rome,grafo7699.39,39,50,C,4,6,5,refutation,3161,0.012,1
rome,grafo770.12,12,12,C,2,2,2,bound,0,0.0,1
rome,grafo7697.45,45,65,C,5,7,6,refutation,14471,0.023,1
rome,grafo7701.43,43,64,C,5,7,6,refutation,3626,0.008,1
rome,grafo7700.43,43,59,C,4,6,5,refutation,4761,0.014,1
rome,grafo7702.48,48,69,C,5,8,7,refutation,18683,0.051,1
rome,grafo7704.42,42,51,C,4,4,4,bound,0,0.001,1
rome,grafo7705.42,42,52,C,3,5,4,refutation,885,0.006,1
rome,grafo7706.40,40,51,C,4,5,4,bound,39,0.001,1
rome,grafo7691.71,71,95,C,5,7,7,refutation,263122,0.199,1
rome,grafo7708.43,43,57,C,3,6,5,refutation,3110,0.006,1
rome,grafo7709.42,42,58,C,4,6,5,refutation,1196,0.003,1
rome,grafo771.19,19,18,C,1,2,2,refutation,22,0.0,1
rome,grafo7707.44,44,63,C,4,5,5,refutation,2939,0.012,1
rome,grafo7710.37,37,48,C,3,4,4,refutation,362,0.002,1
rome,grafo7711.45,45,53,C,3,4,4,refutation,1737,0.007,1
rome,grafo7712.50,50,67,C,4,6,5,refutation,3077,0.006,1
rome,grafo7714.44,44,72,C,5,7,7,refutation,6917,0.012,1
rome,grafo7715.40,40,56,C,4,5,5,refutation,1595,0.003,1
rome,grafo7716.39,39,49,C,3,5,4,refutation,722,0.002,1
rome,grafo7717.42,42,49,C,3,4,3,bound,98,0.001,1
rome,grafo7718.40,40,52,C,4,6,5,refutation,2292,0.005,1
rome,grafo7713.46,46,67,C,5,7,6,refutation,10238,0.038,1
rome,grafo772.11,11,13,C,2,3,2,bound,14,0.0,1
rome,grafo7719.42,42,60,C,5,6,6,refutation,7408,0.015,1
rome,grafo7721.52,52,71,C,4,6,6,refutation,10173,0.016,1
rome,grafo7722.43,43,56,C,4,6,5,refutation,1685,0.007,1
rome,grafo7720.44,44,61,C,4,6,6,refutation,7758,0.03,1
rome,grafo7723.54,54,73,C,4,7,6,refutation,17520,0.027,1
rome,grafo7725.41,41,57,C,4,6,5,refutation,1693,0.004,1
rome,grafo7724.54,54,73,C,4,7,6,refutation,17520,0.036,1
rome,grafo7726.46,46,64,C,4,6,5,refutation,1766,0.004,1
rome,grafo7727.42,42,55,C,4,5,4,bound,662,0.002,1
rome,grafo7729.44,44,52,C,3,4,4,refutation,966,0.003,1
rome,grafo773.12,12,14,C,3,3,3,bound,0,0.0,1
rome,grafo7728.49,49,62,C,4,6,5,refutation,3486,0.007,1
rome,grafo7730.51,51,67,C,4,6,5,refutation,6372,0.012,1
rome,grafo7731.56,56,70,C,4,5,5,refutation,6190,0.011,1
rome,grafo7733.46,46,56,C,3,5,4,refutation,1228,0.003,1
rome,grafo7732.42,42,53,C,4,6,5,refutation,1657,0.007,1
rome,grafo7734.45,45,55,C,4,5,5,refutation,2924,0.005,1
rome,grafo7696.61,61,88,C,5,8,8,refutation,494783,0.358,1
rome,grafo7735.46,46,60,C,4,6,6,refutation,6747,0.027,1
rome,grafo7737.56,56,79,C,4,6,6,refutation,10772,0.018,1
rome,grafo7739.40,40,44,C,3,5,4,refutation,2324,0.005,1
rome,grafo774.17,17,18,C,2,3,2,bound,15,0.0,1
rome,grafo7740.38,38,42,C,3,3,3,bound,0,0.001,1
rome,grafo7741.52,52,63,C,4,6,5,refutation,7867,0.014,1
rome,grafo7738.56,56,79,C,4,6,6,refutation,10772,0.041,1
rome,grafo7743.37,37,55,C,5,6,5,bound,102,0.003,1
rome,grafo7736.45,45,70,C,5,8,8,refutation,63955,0.072,1
rome,grafo7745.38,38,46,C,4,4,4,bound,0,0.001,1
rome,grafo7742.46,46,58,C,4,6,5,refutation,3739,0.007,1
rome,grafo7747.40,40,48,C,3,4,4,refutation,991,0.002,1
rome,grafo7744.42,42,52,C,3,4,4,refutation,522,0.005,1
rome,grafo7746.43,43,59,C,4,6,5,refutation,3622,0.006,1
rome,grafo775.17,17,23,C,3,3,3,bound,0,0.0,1
rome,grafo7749.41,41,48,C,3,5,4,refutation,1269,0.006,1
rome,grafo7748.51,51,65,C,4,6,5,refutation,5375,0.01,1
rome,grafo7750.48,48,68,C,4,6,5,refutation,3651,0.007,1
rome,grafo7752.56,56,69,C,4,5,4,bound,181,0.002,1
rome,grafo7751.44,44,58,C,4,5,5,refutation,3279,0.012,1
rome,grafo7754.49,49,68,C,4,6,6,refutation,10551,0.017,1
rome,grafo7755.40,40,57,C,4,6,5,refutation,1369,0.006,1
rome,grafo7756.44,44,62,C,4,5,5,refutation,1256,0.003,1
rome,grafo7757.56,56,64,C,3,5,4,refutation,2840,0.01,1
rome,grafo7759.56,56,64,C,3,5,4,refutation,2840,0.007,1
rome,grafo776.36,36,52,C,4,5,5,refutation,666,0.002,1
rome,grafo7753.40,40,59,C,5,7,7,refutation,36096,0.043,1
rome,grafo7761.44,44,55,C,4,4,4,bound,0,0.001,1
rome,grafo7760.46,46,57,C,3,4,4,refutation,623,0.002,1
rome,grafo7762.46,46,55,C,3,5,5,refutation,3414,0.006,1
rome,grafo7763.57,57,83,C,5,7,7,refutation,46787,0.062,1
rome,grafo7764.57,57,83,C,5,7,7,refutation,46787,0.057,1
rome,grafo7766.40,40,50,C,4,5,5,refutation,1650,0.003,1
rome,grafo7767.40,40,54,C,4,5,5,refutation,1505,0.003,1
rome,grafo7768.42,42,53,C,3,4,4,refutation,471,0.002,1
rome,grafo7758.53,53,77,C,6,8,8,refutation,124848,0.109,1
rome,grafo7769.56,56,75,C,4,6,5,refutation,5577,0.01,1
rome,grafo777.14,14,14,C,2,2,2,bound,0,0.0,1
rome,grafo7770.57,57,69,C,3,5,5,refutation,11673,0.018,1
rome,grafo6625.99,99,139,C,6,10,9,budget,7539188,10.024,1
rome,grafo7772.62,62,79,C,4,6,5,refutation,5975,0.011,1
rome,grafo7765.78,78,99,C,5,7,6,refutation,67376,0.088,1
rome,grafo7703.84,84,109,C,5,8,7,refutation,463257,0.539,1
rome,grafo7608.88,88,114,C,5,8,7,refutation,848213,1.366,1
rome,grafo7671.86,86,110,C,5,7,7,refutation,744726,0.929,1
rome,grafo6660.98,98,134,C,6,10,9,budget,9110405,10.015,1
rome,grafo7779.70,70,90,C,4,6,5,refutation,24242,0.042,1
rome,grafo778.15,15,17,C,3,3,3,bound,0,0.0,1
rome,grafo7774.81,81,104,C,5,8,7,refutation,516218,0.411,1
rome,grafo7773.82,82,114,C,5,8,8,refutation,731022,0.825,1
rome,grafo7776.78,78,109,C,6,9,8,refutation,1110217,0.827,1
rome,grafo7778.88,88,110,C,5,8,7,refutation,475829,0.646,1
rome,grafo7499.92,92,120,C,6,9,8,refutation,1890630,3.193,1
rome,grafo7777.87,87,111,C,5,7,7,refutation,589141,0.813,1
rome,grafo7786.69,69,93,C,4,6,6,refutation,29591,0.049,1
rome,grafo7783.84,84,105,C,5,7,6,refutation,129643,0.125,1
rome,grafo7787.71,71,87,C,4,6,5,refutation,8239,0.029,1
rome,grafo7782.81,81,102,C,5,6,6,refutation,188777,0.201,1
rome,grafo779.13,13,15,C,2,2,2,bound,0,0.0,1
rome,grafo7784.66,66,85,C,5,7,6,refutation,150894,0.234,1
rome,grafo7594.88,88,120,C,6,9,8,refutation,2941925,2.676,1
rome,grafo7791.62,62,83,C,5,7,7,refutation,68346,0.117,1
rome,grafo7637.99,99,128,C,6,8,8,refutation,2335750,2.311,1
rome,grafo7789.62,62,87,C,6,8,8,refutation,353949,0.341,1
rome,grafo7795.70,70,93,C,5,7,7,refutation,152134,0.16,1
rome,grafo7790.67,67,94,C,5,8,8,refutation,493809,0.546,1
rome,grafo7781.93,93,119,C,6,8,7,refutation,2025871,1.368,1
rome,grafo6806.83,83,109,C,6,9,9,budget,9572352,10.01,1
rome,grafo780.15,15,17,C,2,2,2,bound,0,0.0,1
rome,grafo7798.74,74,99,C,5,8,7,refutation,185505,0.253,1
rome,grafo6813.84,84,120,C,7,9,9,budget,12562432,10.025,1
rome,grafo7463.84,84,113,C,6,9,8,refutation,3717607,4.971,1
rome,grafo6817.94,94,133,C,7,10,10,budget,12615680,10.026,1
rome,grafo7800.61,61,84,C,5,7,7,refutation,103246,0.137,1
rome,grafo7799.69,69,93,C,6,8,7,refutation,254039,0.194,1
rome,grafo7806.63,63,83,C,5,7,5,bound,7855,0.014,1
rome,grafo7801.70,70,88,C,5,6,6,refutation,59426,0.178,1
rome,grafo7802.71,71,92,C,5,7,6,refutation,53745,0.163,1
rome,grafo7807.76,76,96,C,5,7,6,refutation,61031,0.074,1
rome,grafo781.12,12,12,C,2,2,2,bound,0,0.0,1
rome,grafo7809.71,71,84,C,3,6,5,refutation,16973,0.065,1
rome,grafo7805.59,59,76,C,5,7,7,refutation,123019,0.19,1
rome,grafo7808.69,69,88,C,4,6,6,refutation,46776,0.138,1
rome,grafo7771.95,95,132,C,5,8,8,refutation,2119852,2.223,1
rome,grafo7810.71,71,92,C,5,7,7,refutation,190386,0.158,1
rome,grafo7812.72,72,102,C,5,7,7,refutation,43779,0.091,1
rome,grafo7814.61,61,90,C,6,8,7,refutation,58972,0.072,1
rome,grafo7813.62,62,81,C,5,7,6,refutation,34997,0.107,1
rome,grafo6877.85,85,120,C,7,10,10,budget,8847360,10.018,1
rome,grafo7816.67,67,98,C,5,8,7,refutation,176938,0.242,1
rome,grafo782.10,10,9,C,1,2,2,refutation,10,0.0,1
rome,grafo7817.66,66,94,C,5,8,8,refutation,255627,0.247,1
rome,grafo7418.99,99,132,C,6,8,8,refutation,4447936,6.061,1
rome,grafo7820.71,71,95,C,5,8,7,refutation,129304,0.207,1
rome,grafo7811.70,70,97,C,6,8,8,refutation,591916,0.645,1
rome,grafo7821.76,76,100,C,5,8,7,refutation,356554,0.346,1
rome,grafo7804.77,77,95,C,4,7,7,refutation,681488,1.02,1
rome,grafo6975.39,105,137,C,6,10,9,budget,9621663,10.008,1
rome,grafo7825.74,74,105,C,6,8,8,refutation,598962,0.471,1
rome,grafo7826.87,87,120,C,5,7,6,refutation,166663,0.414,1
rome,grafo7824.85,85,126,C,7,9,8,refutation,713237,0.696,1
rome,grafo783.15,15,20,C,3,3,3,bound,0,0.0,1
rome,grafo7788.84,84,116,C,5,9,8,refutation,3075887,2.484,1
rome,grafo7828.68,68,92,C,5,7,6,refutation,117722,0.198,1
rome,grafo7832.69,69,91,C,5,7,7,refutation,83072,0.12,1
rome,grafo7830.67,67,95,C,6,9,8,refutation,158775,0.195,1
rome,grafo7803.75,75,106,C,6,9,9,refutation,2022101,1.902,1
rome,grafo7831.71,71,94,C,5,8,7,refutation,174555,0.362,1
rome,grafo7835.61,61,82,C,5,7,7,refutation,140220,0.149,1
rome,grafo7785.100,100,136,C,6,8,8,refutation,2757595,3.043,1
rome,grafo7100.86,86,120,C,5,10,10,budget,10940416,10.012,1
rome,grafo7101.86,86,120,C,5,10,10,budget,10330112,10.028,1
rome,grafo784.18,18,23,C,3,3,3,bound,0,0.0,1
rome,grafo7815.80,80,121,C,7,10,9,refutation,1992958,1.888,1
rome,grafo7130.90,90,125,C,7,10,10,budget,14573568,10.011,1
rome,grafo7823.80,80,113,C,6,9,8,refutation,954941,1.589,1
rome,grafo7833.72,72,105,C,6,9,8,refutation,481675,0.644,1
rome,grafo7838.67,67,92,C,5,9,8,refutation,304315,0.381,1
rome,grafo7829.77,77,109,C,6,8,8,refutation,654377,1.049,1
rome,grafo7842.68,68,93,C,5,7,7,refutation,374049,0.275,1
rome,grafo7827.77,77,107,C,6,9,8,refutation,1443920,1.489,1
rome,grafo7836.79,79,111,C,6,9,8,refutation,518966,0.793,1
rome,grafo7167.87,87,126,C,6,10,10,budget,12365824,10.011,1
rome,grafo785.16,16,16,C,2,2,2,bound,0,0.0,1
rome,grafo7850.66,66,83,C,5,6,5,bound,1764,0.005,1
rome,grafo7840.78,78,111,C,5,8,8,refutation,833327,0.694,1
rome,grafo7848.68,68,88,C,5,7,6,refutation,68176,0.081,1
rome,grafo7845.81,81,114,C,6,9,8,refutation,518885,0.408,1
rome,grafo7837.76,76,102,C,5,8,8,refutation,909399,0.794,1
rome,grafo7855.69,69,84,C,5,7,6,refutation,64806,0.08,1
rome,grafo7852.62,62,82,C,5,7,7,refutation,174857,0.148,1
rome,grafo7844.77,77,101,C,5,8,8,refutation,838944,0.624,1
rome,grafo7775.77,77,109,C,6,9,9,refutation,6667827,4.932,1
rome,grafo7859.69,69,88,C,5,7,6,refutation,35163,0.054,1
rome,grafo786.20,20,23,C,2,3,3,refutation,55,0.001,1
rome,grafo7851.77,77,100,C,5,7,7,refutation,271674,0.359,1
rome,grafo7854.77,77,110,C,6,9,8,refutation,559613,0.398,1
rome,grafo7846.76,76,113,C,6,8,8,refutation,392332,0.734,1
rome,grafo7839.80,80,120,C,6,10,9,refutation,1634899,1.25,1
rome,grafo7834.78,78,104,C,5,8,8,refutation,1813666,1.658,1
rome,grafo7841.83,83,107,C,5,7,7,refutation,937080,1.267,1
rome,grafo7843.81,81,107,C,5,8,8,refutation,709664,1.122,1
rome,grafo7867.60,60,73,C,5,6,5,bound,87,0.006,1
rome,grafo7866.69,69,86,C,5,6,6,refutation,24848,0.077,1
rome,grafo7221.99,99,141,C,7,11,11,budget,14827520,10.013,1
rome,grafo787.15,15,18,C,3,3,3,bound,0,0.0,1
rome,grafo7223.40,110,134,C,5,9,8,budget,8712175,10.022,6
rome,grafo7870.61,61,79,C,5,7,6,refutation,64754,0.071,1
rome,grafo7856.80,80,117,C,6,9,8,refutation,788993,0.717,1
rome,grafo7872.63,63,90,C,6,8,8,refutation,174702,0.142,1
rome,grafo7873.72,72,100,C,6,8,7,refutation,158957,0.143,1
rome,grafo7863.67,67,92,C,5,8,8,refutation,639833,0.594,1
rome,grafo7874.70,70,103,C,5,7,6,refutation,55749,0.135,1
rome,grafo7875.62,62,100,C,6,9,9,refutation,169124,0.158,1
rome,grafo7263.99,99,136,C,6,10,9,budget,12282928,10.019,1
rome,grafo7877.70,70,92,C,5,7,6,refutation,56204,0.121,1
rome,grafo788.16,16,25,C,4,5,5,refutation,90,0.001,1
rome,grafo7868.77,77,99,C,5,8,7,refutation,333178,0.528,1
rome,grafo7857.90,90,120,C,6,9,8,refutation,1150277,1.117,1
rome,grafo7881.61,61,74,C,4,6,5,refutation,9365,0.036,1
rome,grafo7882.67,67,81,C,4,5,5,refutation,12582,0.022,1
rome,grafo7869.69,69,100,C,6,9,8,refutation,361880,0.572,1
rome,grafo7865.72,72,102,C,6,8,8,refutation,808357,0.728,1
rome,grafo7880.62,62,80,C,4,6,6,refutation,42231,0.114,1
rome,grafo7862.80,80,104,C,5,9,8,refutation,1466835,1.009,1
rome,grafo7871.77,77,112,C,6,9,8,refutation,482905,0.674,1
rome,grafo7864.75,75,103,C,6,9,8,refutation,1331172,0.981,1
rome,grafo789.24,24,30,C,3,4,3,bound,30,0.001,1
rome,grafo7883.65,65,88,C,5,7,7,refutation,73688,0.226,1
rome,grafo7890.67,67,76,C,4,6,4,bound,6097,0.012,1
rome,grafo7853.76,76,100,C,5,9,8,refutation,1638367,1.555,1
rome,grafo7354.93,93,130,C,7,10,9,budget,10196374,10.016,1
rome,grafo7887.68,68,96,C,5,7,7,refutation,126193,0.216,1
rome,grafo7860.82,82,113,C,6,9,8,refutation,1355299,1.303,1
rome,grafo7876.79,79,109,C,5,8,8,refutation,706539,0.601,1
rome,grafo7886.80,80,101,C,4,7,6,refutation,227449,0.31,1
rome,grafo7888.77,77,106,C,5,8,7,refutation,190917,0.231,1
rome,grafo7897.74,74,94,C,5,7,6,refutation,38031,0.08,1
rome,grafo790.17,17,18,C,2,3,3,refutation,56,0.0,1
rome,grafo7898.68,68,88,C,4,7,6,refutation,45124,0.097,1
rome,grafo7894.68,68,94,C,6,8,7,refutation,111951,0.196,1
rome,grafo7901.69,69,93,C,4,6,6,refutation,18577,0.035,1
rome,grafo7889.71,71,102,C,6,8,8,refutation,302173,0.362,1
rome,grafo7895.77,77,106,C,5,8,7,refutation,261042,0.244,1
rome,grafo7417.39,104,137,C,5,10,9,budget,8536405,10.011,1
rome,grafo7906.67,67,86,C,5,6,6,refutation,45927,0.064,1
rome,grafo7903.76,76,105,C,4,7,6,refutation,85782,0.149,1
rome,grafo7899.78,78,100,C,5,8,6,refutation,146046,0.279,1
rome,grafo7447.98,98,129,C,6,10,10,budget,9445376,10.032,1
rome,grafo791.13,13,15,C,2,3,2,bound,13,0.0,1
rome,grafo7900.77,77,95,C,4,7,6,refutation,182180,0.259,1
rome,grafo7892.86,86,107,C,5,8,7,refutation,641080,0.496,1
rome,grafo7909.74,74,100,C,5,6,6,refutation,24686,0.079,1
rome,grafo7896.67,67,95,C,6,8,8,refutation,678224,0.474,1
rome,grafo7902.68,68,96,C,5,8,8,refutation,322548,0.348,1
rome,grafo7858.83,83,121,C,6,10,9,refutation,2245557,1.949,1
rome,grafo7913.71,71,94,C,4,7,7,refutation,146301,0.264,1
rome,grafo7914.84,84,116,C,5,8,7,refutation,315979,0.273,1
rome,grafo7912.79,79,112,C,6,8,7,refutation,300456,0.324,1
rome,grafo7915.78,78,109,C,6,8,7,refutation,251766,0.282,1
rome,grafo792.13,13,14,C,2,2,2,bound,0,0.0,1
rome,grafo7878.79,79,108,C,6,8,8,refutation,1309860,1.298,1
rome,grafo7920.77,77,95,C,4,6,5,refutation,23614,0.078,1
rome,grafo7893.86,86,113,C,6,8,8,refutation,828160,0.967,1
rome,grafo7916.82,82,104,C,5,8,7,refutation,521942,0.375,1
rome,grafo7905.67,67,101,C,6,10,9,refutation,1266607,0.868,1
rome,grafo7924.72,72,96,C,5,8,7,refutation,204311,0.166,1
rome,grafo7921.71,71,101,C,6,9,8,refutation,199189,0.273,1
rome,grafo7923.62,62,88,C,5,8,7,refutation,92086,0.199,1
rome,grafo7891.83,83,113,C,6,8,7,refutation,816094,1.216,1
rome,grafo7926.75,75,93,C,5,8,7,refutation,322321,0.247,1
rome,grafo793.13,13,15,C,3,3,3,bound,0,0.0,1
rome,grafo7908.80,80,113,C,6,9,8,refutation,1006375,1.056,1
rome,grafo7904.82,82,107,C,5,8,8,refutation,1475028,1.252,1
rome,grafo7929.76,76,98,C,4,7,7,refutation,327523,0.558,1
rome,grafo7927.70,70,103,C,6,9,8,refutation,398685,0.616,1
rome,grafo7524.90,90,113,C,5,9,8,budget,9003438,10.021,1
rome,grafo7933.62,62,79,C,4,7,6,refutation,67799,0.163,1
rome,grafo7935.71,71,91,C,4,6,5,refutation,7458,0.036,1
rome,grafo7529.93,93,131,C,6,10,9,budget,9253098,10.028,1
rome,grafo7919.81,81,116,C,6,9,8,refutation,1351565,1.193,1
rome,grafo7819.87,87,114,C,5,8,8,refutation,4247598,6.058,1
rome,grafo794.19,19,21,C,2,3,3,refutation,89,0.001,1
rome,grafo7939.79,79,106,C,5,7,7,refutation,183069,0.165,1
rome,grafo7932.71,71,102,C,6,9,9,refutation,649067,0.686,1
rome,grafo7587.95,95,127,C,6,9,9,budget,15523840,10.024,1
rome,grafo7937.75,75,96,C,4,7,6,refutation,132946,0.288,1
rome,grafo7934.76,76,96,C,4,8,7,refutation,270505,0.45,1
rome,grafo7943.76,76,98,C,4,7,7,refutation,274864,0.388,1
rome,grafo7928.82,82,110,C,6,9,8,refutation,1198637,1.443,1
rome,grafo7938.69,69,90,C,5,8,7,refutation,559862,0.707,1
rome,grafo7947.78,78,98,C,5,7,7,refutation,143304,0.209,1
rome,grafo7674.93,93,129,C,6,10,9,budget,10793138,10.019,1
rome,grafo795.14,14,20,C,3,3,3,bound,0,0.0,1
rome,grafo7950.62,62,86,C,5,8,6,refutation,33782,0.09,1
rome,grafo7930.84,84,115,C,6,10,9,refutation,2367259,1.864,1
rome,grafo7949.84,84,109,C,5,7,7,refutation,652469,0.511,1
rome,grafo7922.82,82,115,C,6,9,9,refutation,2575752,2.62,1
rome,grafo7952.77,77,100,C,5,8,7,refutation,358187,0.459,1
rome,grafo7884.83,83,119,C,5,10,9,refutation,4444526,4.213,1
rome,grafo7780.90,90,128,C,6,12,11,budget,8784801,10.019,1
rome,grafo7951.81,81,99,C,4,7,7,refutation,664481,0.935,1
rome,grafo7958.61,61,87,C,5,7,6,refutation,10963,0.038,1
rome,grafo7925.81,81,116,C,7,10,9,refutation,3323867,2.999,1
rome,grafo796.14,14,19,C,2,2,2,bound,0,0.0,1
rome,grafo7849.77,77,113,C,6,10,10,refutation,4145408,5.792,1
rome,grafo7960.62,62,77,C,4,6,5,refutation,14870,0.027,1
rome,grafo7931.77,77,103,C,5,9,9,refutation,2370773,2.802,1
rome,grafo7961.63,63,76,C,4,6,5,refutation,35269,0.101,1
rome,grafo7954.69,69,103,C,6,9,9,refutation,909063,0.768,1
rome,grafo7941.80,80,107,C,5,8,8,refutation,2958611,2.169,1
rome,grafo7955.81,81,107,C,5,7,7,refutation,541309,0.606,1
rome,grafo7965.62,62,94,C,6,7,7,refutation,41345,0.067,1
rome,grafo7963.84,84,100,C,4,7,6,refutation,185911,0.183,1
rome,grafo7968.71,71,91,C,4,8,6,refutation,34202,0.065,1
rome,grafo797.14,14,15,C,2,2,2,bound,0,0.0,1
rome,grafo7969.78,78,98,C,5,7,6,refutation,92940,0.108,1
rome,grafo7957.62,62,85,C,5,8,7,refutation,508792,0.589,1
rome,grafo7964.75,75,101,C,5,8,7,refutation,185894,0.363,1
rome,grafo7971.73,73,92,C,5,7,7,refutation,242801,0.211,1
rome,grafo7967.76,76,100,C,5,8,7,refutation,296731,0.462,1
rome,grafo7975.81,81,98,C,5,6,5,bound,19184,0.07,1
rome,grafo7792.96,96,123,C,5,8,8,budget,11628544,10.027,1
rome,grafo7959.73,73,95,C,4,8,7,refutation,464226,0.827,1
rome,grafo7793.98,98,134,C,6,11,10,budget,10322166,10.03,1
rome,grafo7972.63,63,90,C,5,8,8,refutation,293199,0.377,1
rome,grafo798.26,26,32,C,3,4,4,refutation,207,0.001,1
rome,grafo7796.93,93,126,C,6,9,9,budget,11636736,10.013,1
rome,grafo7977.87,87,105,C,5,7,6,refutation,135926,0.245,1
rome,grafo7974.69,69,102,C,5,9,8,refutation,415934,0.439,1
rome,grafo7980.62,62,92,C,6,9,8,refutation,217333,0.203,1
rome,grafo7797.100,100,144,C,7,12,12,budget,13459456,10.009,1
rome,grafo7982.76,76,97,C,5,8,6,refutation,55709,0.094,1
rome,grafo7983.73,73,95,C,5,8,7,refutation,153571,0.171,1
rome,grafo7879.80,80,117,C,7,10,10,refutation,5958416,5.8,1
rome,grafo7979.73,73,94,C,4,7,7,refutation,299183,0.404,1
rome,grafo7984.92,92,123,C,5,8,7,refutation,326692,0.36,1
rome,grafo799.49,49,59,C,4,5,5,refutation,4420,0.008,1
rome,grafo7978.90,90,116,C,6,8,7,refutation,539008,0.628,1
rome,grafo7847.77,77,117,C,7,11,10,refutation,8473257,7.447,1
rome,grafo7822.85,85,116,C,6,9,9,refutation,11846571,9.35,1
rome,grafo7907.80,80,127,C,7,11,10,refutation,5089017,5.342,1
rome,grafo7994.64,64,83,C,4,6,5,refutation,10478,0.02,1
rome,grafo7966.77,77,104,C,6,9,8,refutation,1081114,1.383,1
rome,grafo7936.89,89,137,C,7,10,9,refutation,3517951,3.861,1
rome,grafo7987.79,79,106,C,6,9,7,refutation,363068,0.521,1
rome,grafo7988.61,61,87,C,6,9,8,refutation,706527,0.519,1
rome,grafo800.12,12,11,C,1,1,1,bound,0,0.0,1
rome,grafo7995.65,65,94,C,6,9,8,refutation,252421,0.249,1
rome,grafo7999.62,62,82,C,4,6,6,refutation,33415,0.105,1
rome,grafo7998.71,71,91,C,5,8,7,refutation,235490,0.209,1
rome,grafo7818.83,83,118,C,6,10,10,budget,10973184,10.022,1
rome,grafo7986.77,77,102,C,5,8,8,refutation,1068082,0.831,1
rome,grafo7997.71,71,96,C,6,8,7,refutation,215276,0.408,1
rome,grafo7989.61,61,87,C,6,9,8,refutation,706527,0.78,1
rome,grafo7992.70,70,94,C,5,8,8,refutation,462983,0.644,1
rome,grafo801.13,13,13,C,2,2,2,bound,0,0.0,1
rome,grafo8010.62,62,88,C,5,8,7,refutation,192142,0.281,1
rome,grafo7956.80,80,110,C,6,10,9,refutation,2231582,2.635,1
rome,grafo8004.77,77,115,C,6,10,9,refutation,1195496,1.03,1
rome,grafo8013.76,76,98,C,5,8,7,refutation,457667,0.361,1
rome,grafo7962.78,78,113,C,7,10,10,refutation,4482043,3.349,1
rome,grafo7976.80,80,112,C,6,9,8,refutation,1896566,2.734,1
rome,grafo8003.89,89,115,C,6,8,8,refutation,1534137,1.692,1
rome,grafo7945.81,81,120,C,6,11,10,refutation,5381918,5.567,1
rome,grafo8017.64,64,89,C,5,7,7,refutation,132014,0.173,1
rome,grafo8019.84,84,102,C,4,6,5,refutation,38047,0.058,1
rome,grafo802.17,17,20,C,2,3,2,bound,17,0.0,1
rome,grafo8015.81,81,112,C,5,8,7,refutation,512644,0.415,1
rome,grafo8018.80,80,105,C,5,7,6,refutation,96477,0.175,1
rome,grafo8021.88,88,114,C,5,7,6,refutation,131957,0.146,1
rome,grafo7970.74,74,108,C,6,10,9,refutation,4046462,3.826,1
rome,grafo8016.85,85,112,C,5,8,7,refutation,515691,0.776,1
rome,grafo8011.91,91,114,C,5,8,7,refutation,1730836,1.915,1
rome,grafo7946.78,78,102,C,6,9,9,refutation,4289970,5.823,1
rome,grafo8027.60,60,71,C,3,5,4,refutation,2583,0.012,1
rome,grafo8026.69,69,79,C,3,5,4,refutation,5019,0.025,1
rome,grafo8022.80,80,112,C,6,8,8,refutation,936978,0.768,1
rome,grafo803.15,15,18,C,2,3,3,refutation,35,0.0,1
rome,grafo8028.68,68,94,C,6,8,7,refutation,164169,0.318,1
rome,grafo7861.87,87,118,C,6,9,9,budget,11067392,10.013,1
rome,grafo8032.68,68,83,C,4,5,5,refutation,20185,0.036,1
rome,grafo7993.75,75,110,C,7,10,9,refutation,3695888,3.282,1
rome,grafo8031.68,68,93,C,5,8,7,refutation,59393,0.149,1
rome,grafo8029.75,75,105,C,6,8,7,refutation,562818,0.463,1
rome,grafo8034.91,91,116,C,5,7,6,refutation,64979,0.089,1
rome,grafo8033.91,91,113,C,5,6,6,refutation,90301,0.166,1
rome,grafo8030.93,93,109,C,4,7,6,refutation,309786,0.353,1
rome,grafo8037.62,62,81,C,4,7,6,refutation,43306,0.113,1
rome,grafo804.21,21,22,C,2,3,2,bound,20,0.0,1
rome,grafo8002.91,91,121,C,6,8,8,refutation,2934547,3.214,1
rome,grafo8039.65,65,90,C,5,8,7,refutation,113448,0.113,1
rome,grafo8042.62,62,79,C,4,6,6,refutation,29138,0.043,1
rome,grafo8043.72,72,100,C,6,7,7,refutation,113228,0.147,1
rome,grafo8005.84,84,115,C,5,9,8,refutation,3524297,3.451,1
rome,grafo8001.82,82,107,C,6,9,8,refutation,3504665,3.702,1
rome,grafo8045.68,68,89,C,4,6,6,refutation,41756,0.088,1
rome,grafo7885.83,83,120,C,6,10,10,budget,12574720,10.023,1
rome,grafo8020.77,77,107,C,6,8,8,refutation,2039689,1.932,1
rome,grafo8047.70,70,98,C,5,8,7,refutation,183572,0.228,1
rome,grafo805.13,13,22,C,3,3,3,bound,0,0.0,1
rome,grafo8046.68,68,86,C,4,7,6,refutation,111889,0.237,1
rome,grafo8012.87,87,120,C,6,10,9,refutation,3767361,3.312,1
rome,grafo8051.61,61,73,C,4,6,5,refutation,7282,0.031,1
rome,grafo8052.70,70,86,C,4,7,6,refutation,37203,0.057,1
rome,grafo8050.67,67,86,C,4,7,6,refutation,65699,0.118,1
rome,grafo7910.88,88,125,C,7,10,9,refutation,10618354,9.699,1
rome,grafo8053.62,62,91,C,5,7,7,refutation,106014,0.221,1
rome,grafo8056.75,75,88,C,3,6,5,refutation,35844,0.082,1
rome,grafo8055.79,79,101,C,5,7,6,refutation,146366,0.237,1
rome,grafo8041.68,68,106,C,6,9,8,refutation,894737,1.083,1
rome,grafo806.15,15,16,C,2,3,3,refutation,44,0.0,1
rome,grafo8059.61,61,92,C,6,8,8,refutation,59341,0.138,1
rome,grafo8048.68,68,94,C,5,8,8,refutation,399540,0.612,1
rome,grafo8049.74,74,103,C,5,8,8,refutation,494287,0.556,1
rome,grafo8061.66,66,88,C,5,7,6,refutation,18963,0.031,1
rome,grafo7911.88,88,115,C,5,9,9,budget,11964416,10.02,1
rome,grafo8044.76,76,99,C,5,8,8,refutation,1151526,1.062,1
rome,grafo8025.82,82,104,C,5,8,8,refutation,2752624,2.117,1
rome,grafo8063.70,70,103,C,6,8,7,refutation,91366,0.123,1
rome,grafo7917.84,84,118,C,6,10,9,budget,9015715,10.012,1
rome,grafo7918.84,84,135,C,7,11,11,budget,12201984,10.011,1
rome,grafo807.12,12,12,C,2,2,2,bound,0,0.0,1
rome,grafo8064.77,77,107,C,5,8,8,refutation,562740,0.42,1
rome,grafo8069.73,73,94,C,5,8,6,refutation,56913,0.136,1
rome,grafo8070.68,68,98,C,6,8,7,refutation,143838,0.16,1
rome,grafo8072.69,69,88,C,5,6,6,refutation,59124,0.12,1
rome,grafo7944.85,85,119,C,6,10,9,refutation,7951670,8.802,1
rome,grafo8074.68,68,98,C,5,7,6,refutation,13994,0.052,1
rome,grafo8058.80,80,111,C,6,9,8,refutation,870446,1.011,1
rome,grafo8076.62,62,92,C,6,8,7,refutation,90268,0.14,1
rome,grafo8057.80,80,111,C,6,9,8,refutation,1023522,1.276,1
rome,grafo8077.83,83,112,C,5,7,7,refutation,329297,0.258,1
rome,grafo808.12,12,11,C,1,2,2,refutation,12,0.0,1
rome,grafo8078.76,76,98,C,5,8,7,refutation,307877,0.369,1
rome,grafo8080.76,76,102,C,5,7,7,refutation,213608,0.172,1
rome,grafo8068.77,77,105,C,5,8,8,refutation,1437471,1.232,1
rome,grafo8081.80,80,107,C,5,8,7,refutation,141643,0.238,1
rome,grafo8084.75,75,90,C,4,6,5,refutation,12240,0.022,1
rome,grafo8066.79,79,104,C,5,8,8,refutation,1375238,1.47,1
rome,grafo8082.83,83,112,C,5,9,7,refutation,568304,0.405,1
rome,grafo8071.81,81,112,C,6,9,8,refutation,1753502,1.252,1
rome,grafo7940.83,83,117,C,6,10,10,budget,11735040,10.019,1
rome,grafo8083.88,88,122,C,6,8,7,refutation,257583,0.395,1
rome,grafo809.15,15,14,C,1,2,2,refutation,17,0.0,1
rome,grafo7942.83,83,121,C,6,11,10,budget,11672026,10.022,1
rome,grafo8079.81,81,114,C,5,9,8,refutation,912098,0.788,1
rome,grafo8091.70,70,86,C,4,7,6,refutation,91082,0.144,1
rome,grafo8075.80,80,111,C,6,9,8,refutation,1473919,1.434,1
rome,grafo8040.73,73,103,C,6,10,9,refutation,4135798,3.373,1
rome,grafo7948.90,90,125,C,6,10,9,budget,13245765,10.018,1
rome,grafo8088.82,82,106,C,5,8,7,refutation,517648,0.642,1
rome,grafo8095.76,76,105,C,5,7,7,refutation,257792,0.338,1
rome,grafo8096.71,71,96,C,6,8,7,refutation,253933,0.358,1
rome,grafo8097.76,76,111,C,6,9,8,refutation,266958,0.34,1
rome,grafo810.16,16,17,C,2,3,3,refutation,36,0.0,1
rome,grafo8100.60,60,84,C,5,7,7,refutation,99539,0.115,1
rome,grafo7953.79,79,116,C,7,11,10,budget,11955052,10.009,1
rome,grafo8089.80,80,107,C,5,8,8,refutation,1153701,1.248,1
rome,grafo8099.75,75,99,C,5,8,7,refutation,484661,0.362,1
rome,grafo8103.71,71,99,C,5,8,6,refutation,33104,0.058,1
rome,grafo8087.84,84,114,C,6,9,8,refutation,1328566,1.429,1
rome,grafo8104.69,69,100,C,6,8,7,refutation,94681,0.109,1
rome,grafo8085.76,76,114,C,6,9,9,refutation,1992830,1.968,1
rome,grafo8067.80,80,113,C,6,10,9,refutation,4339175,3.401,1
rome,grafo8107.77,77,107,C,6,8,8,refutation,511441,0.399,1
rome,grafo811.14,14,20,C,2,3,3,refutation,18,0.0,1
rome,grafo8092.84,84,111,C,5,9,8,refutation,2385617,1.791,1
rome,grafo8111.78,78,104,C,5,8,8,refutation,366139,0.38,1
rome,grafo8105.70,70,100,C,6,8,8,refutation,868262,0.942,1
rome,grafo8110.80,80,105,C,5,8,7,refutation,385194,0.488,1
rome,grafo8112.61,61,77,C,4,7,6,refutation,42870,0.068,1
rome,grafo8115.60,60,74,C,4,6,5,refutation,5699,0.013,1
rome,grafo8116.60,60,81,C,5,7,5,bound,221,0.003,1
rome,grafo8062.83,83,107,C,5,9,8,refutation,3138638,4.105,1
rome,grafo8117.62,62,94,C,6,8,7,refutation,46460,0.068,1
rome,grafo7973.75,75,118,C,7,11,11,budget,11681792,10.015,1
rome,grafo812.14,14,17,C,2,2,2,bound,0,0.0,1
rome,grafo8101.82,82,110,C,5,9,8,refutation,1409479,1.435,1
rome,grafo8113.70,70,94,C,5,8,7,refutation,125836,0.249,1
rome,grafo8073.82,82,122,C,7,10,9,refutation,3357516,3.732,1
rome,grafo8121.61,61,81,C,5,7,7,refutation,76315,0.079,1
rome,grafo8124.76,76,98,C,5,7,6,refutation,96744,0.11,1
rome,grafo8122.72,72,95,C,5,8,7,refutation,158240,0.191,1
rome,grafo8090.86,86,118,C,6,10,8,refutation,3023577,2.768,1
rome,grafo8126.71,71,99,C,5,8,7,refutation,90782,0.135,1
rome,grafo8125.78,78,98,C,5,7,7,refutation,214011,0.173,1
rome,grafo7981.85,85,116,C,5,10,9,budget,12517960,10.012,1
rome,grafo813.13,13,19,C,2,2,2,bound,0,0.0,1
rome,grafo8119.79,79,104,C,5,8,8,refutation,697667,0.55,1
rome,grafo7985.93,93,126,C,6,9,9,budget,10190848,10.031,1
rome,grafo8120.75,75,104,C,5,9,8,refutation,399302,0.613,1
rome,grafo8130.79,79,123,C,6,9,8,refutation,330739,0.387,1
rome,grafo8133.82,82,110,C,5,8,7,refutation,216868,0.287,1
rome,grafo7990.94,94,131,C,7,9,9,budget,10682368,10.01,1
rome,grafo8131.78,78,114,C,6,8,8,refutation,439988,0.579,1
rome,grafo8109.77,77,114,C,7,10,9,refutation,1861283,1.815,1
rome,grafo8106.83,83,112,C,5,8,8,refutation,2326163,2.252,1
rome,grafo7996.95,95,128,C,5,10,9,budget,10864238,10.031,1
rome,grafo814.14,14,14,C,2,2,2,bound,0,0.0,1
rome,grafo8136.61,61,87,C,6,8,7,refutation,129403,0.169,1
rome,grafo8108.85,85,115,C,5,8,8,refutation,2058383,1.97,1
rome,grafo8060.88,88,117,C,5,8,8,refutation,5283633,5.552,1
rome,grafo8102.82,82,117,C,6,10,9,refutation,2397743,2.509,1
rome,grafo8000.99,99,134,C,6,10,9,budget,10263364,10.011,1
rome,grafo8093.83,83,122,C,6,9,9,refutation,3549709,3.584,1
rome,grafo8132.69,69,95,C,5,9,8,refutation,621003,0.717,1
rome,grafo8038.94,94,125,C,6,9,8,refutation,6516121,7.037,1
rome,grafo8138.72,72,101,C,5,8,7,refutation,149724,0.357,1
rome,grafo8142.73,73,110,C,6,9,8,refutation,220437,0.28,1
rome,grafo815.15,15,15,C,2,3,2,bound,12,0.002,1
rome,grafo8008.95,95,138,C,7,11,10,budget,11566462,10.011,1
rome,grafo8147.69,69,85,C,4,7,6,refutation,95131,0.194,1
rome,grafo8009.87,87,111,C,5,9,9,budget,11177984,10.022,1
rome,grafo8098.85,85,111,C,5,9,8,refutation,3695715,3.405,1
rome,grafo8146.77,77,99,C,5,8,7,refutation,300621,0.315,1
rome,grafo8143.77,77,99,C,5,7,7,refutation,332683,0.438,1
rome,grafo8114.83,83,114,C,6,9,8,refutation,2163743,1.9,1
rome,grafo8155.61,61,89,C,5,7,6,refutation,31442,0.054,1
rome,grafo8023.99,99,125,C,6,9,8,refutation,7419338,8.284,1
rome,grafo8156.69,69,86,C,4,7,6,refutation,45298,0.091,1
rome,grafo816.17,17,18,C,2,3,3,refutation,38,0.0,1
rome,grafo8151.76,76,93,C,5,7,7,refutation,287742,0.24,1
rome,grafo8159.60,60,85,C,5,7,6,refutation,43179,0.056,1
rome,grafo8154.91,91,109,C,4,7,6,refutation,171703,0.196,1
rome,grafo8145.78,78,98,C,5,8,7,refutation,492360,0.566,1
rome,grafo8161.67,67,90,C,5,8,7,refutation,139829,0.128,1
rome,grafo8162.75,75,96,C,4,7,6,refutation,85250,0.101,1
rome,grafo8129.79,79,109,C,6,9,8,refutation,1492920,1.581,1
rome,grafo8152.79,79,103,C,5,7,7,refutation,378880,0.449,1
rome,grafo8134.83,83,116,C,6,9,8,refutation,1205658,1.24,1
rome,grafo8139.83,83,110,C,6,9,8,refutation,1066936,1.011,1
rome,grafo817.18,18,19,C,2,3,2,bound,16,0.0,1
rome,grafo8144.82,82,101,C,5,7,7,refutation,902927,0.885,1
rome,grafo8171.62,62,73,C,4,5,4,bound,81,0.006,1
rome,grafo8141.79,79,108,C,5,9,8,refutation,930124,1.009,1
rome,grafo8166.75,75,104,C,6,9,7,refutation,231423,0.235,1
rome,grafo8167.81,81,106,C,5,7,6,refutation,92840,0.217,1
rome,grafo8169.61,61,82,C,5,7,6,refutation,55718,0.092,1
rome,grafo8172.66,66,101,C,6,8,7,refutation,54788,0.094,1
rome,grafo8150.81,81,117,C,7,9,8,refutation,838268,0.751,1
rome,grafo8175.78,78,95,C,4,6,5,refutation,15877,0.06,1
rome,grafo8149.82,82,108,C,6,8,7,refutation,488570,0.791,1
rome,grafo818.13,13,14,C,2,2,2,bound,0,0.0,1
rome,grafo8168.76,76,102,C,5,8,7,refutation,288570,0.361,1
rome,grafo8170.81,81,107,C,5,7,7,refutation,207970,0.325,1
rome,grafo8180.74,74,95,C,5,7,7,refutation,150561,0.279,1
rome,grafo8178.85,85,109,C,5,8,7,refutation,280527,0.348,1
rome,grafo8182.61,61,90,C,6,8,8,refutation,166242,0.159,1
rome,grafo8185.61,61,84,C,5,8,7,refutation,70453,0.091,1
rome,grafo8140.72,72,97,C,6,9,8,refutation,1587762,1.621,1
rome,grafo8014.88,88,123,C,7,10,9,budget,10723921,10.021,1
rome,grafo8173.74,74,110,C,6,10,9,refutation,871060,0.68,1
rome,grafo8164.76,76,96,C,5,8,7,refutation,870404,1.005,1
rome,grafo819.38,38,49,C,4,5,4,bound,32,0.001,1
rome,grafo8024.85,85,110,C,6,9,9,refutation,11061203,9.268,1
rome,grafo8094.86,86,117,C,6,9,9,refutation,4668483,5.143,1
rome,grafo8157.81,81,113,C,6,9,8,refutation,1332550,1.307,1
rome,grafo8188.62,62,89,C,6,9,8,refutation,171599,0.257,1
rome,grafo8187.70,70,89,C,5,7,6,refutation,157179,0.325,1
rome,grafo8195.74,74,86,C,3,6,5,refutation,36598,0.093,1
rome,grafo8193.88,88,106,C,5,7,6,refutation,177681,0.252,1
rome,grafo8196.76,76,92,C,5,7,6,refutation,185912,0.185,1
rome,grafo8163.76,76,106,C,5,9,8,refutation,1076927,1.451,1
rome,grafo8153.78,78,107,C,6,9,8,refutation,1461182,1.696,1
rome,grafo820.18,18,21,C,2,4,3,refutation,65,0.001,1
rome,grafo8199.61,61,85,C,5,7,6,refutation,49614,0.076,1
rome,grafo8181.72,72,101,C,5,8,8,refutation,832621,1.018,1
rome,grafo8174.75,75,102,C,6,9,8,refutation,1492991,1.236,1
rome,grafo8197.75,75,101,C,6,7,7,refutation,298766,0.24,1
rome,grafo8128.81,81,123,C,7,10,9,refutation,2940029,3.039,1
rome,grafo8176.86,86,112,C,5,8,8,refutation,1349608,1.201,1
rome,grafo8118.83,83,112,C,5,10,8,refutation,3273356,3.564,1
rome,grafo8183.63,63,90,C,6,8,8,refutation,689199,0.957,1
rome,grafo8184.94,94,120,C,6,9,7,refutation,1285855,0.993,1
rome,grafo821.16,16,22,C,3,3,3,bound,0,0.0,1
rome,grafo8205.74,74,105,C,5,8,7,refutation,197247,0.187,1
rome,grafo8211.77,77,98,C,5,7,5,bound,538,0.005,1
rome,grafo8210.71,71,96,C,5,7,7,refutation,203845,0.175,1
rome,grafo8212.69,69,95,C,5,8,8,refutation,273516,0.211,1
rome,grafo8123.87,87,127,C,6,10,9,refutation,3743219,3.833,1
rome,grafo8206.90,90,114,C,5,8,7,refutation,661957,0.532,1
rome,grafo8190.73,73,100,C,6,8,8,refutation,1151077,1.065,1
rome,grafo8213.69,69,95,C,5,8,8,refutation,273516,0.243,1
rome,grafo8216.66,66,89,C,5,7,7,refutation,43802,0.064,1
rome,grafo8189.85,85,116,C,5,9,8,refutation,1290921,1.249,1
rome,grafo822.11,11,13,C,2,3,2,bound,13,0.0,1
rome,grafo8203.81,81,112,C,6,9,7,refutation,615042,0.721,1
rome,grafo8204.82,82,107,C,4,7,7,refutation,611128,0.767,1
rome,grafo8219.93,93,117,C,5,7,6,refutation,116765,0.164,1
rome,grafo8194.76,76,107,C,6,9,9,refutation,1335452,1.252,1
rome,grafo8035.98,98,133,C,6,10,9,budget,10678118,10.01,1
rome,grafo8220.96,96,119,C,5,7,6,refutation,227072,0.238,1
rome,grafo8036.94,94,134,C,7,10,10,budget,12021760,10.017,1
rome,grafo8217.68,68,96,C,5,8,8,refutation,528758,0.387,1
rome,grafo8214.94,94,126,C,6,8,7,refutation,699760,0.569,1
rome,grafo8228.68,68,104,C,6,9,8,refutation,104265,0.117,1
rome,grafo823.16,16,16,C,2,3,2,bound,18,0.0,1
rome,grafo8221.94,94,124,C,5,8,7,refutation,345093,0.426,1
rome,grafo8229.70,70,98,C,5,7,7,refutation,125859,0.192,1
rome,grafo8231.74,74,99,C,5,8,6,refutation,41116,0.071,1
rome,grafo8218.92,92,122,C,5,8,7,refutation,611976,0.618,1
rome,grafo8232.74,74,98,C,4,7,6,refutation,111336,0.148,1
rome,grafo8234.70,70,89,C,5,7,6,refutation,46321,0.118,1
rome,grafo8127.78,78,126,C,7,11,10,refutation,3758620,4.473,1
rome,grafo8233.76,76,97,C,5,7,6,refutation,131998,0.259,1
rome,grafo8201.85,85,117,C,6,9,8,refutation,1179786,1.63,1
rome,grafo8238.70,70,89,C,5,7,6,refutation,48059,0.063,1
rome,grafo824.12,12,12,C,2,2,2,bound,0,0.0,1
rome,grafo8207.88,88,111,C,5,8,7,refutation,895469,1.512,1
rome,grafo8237.70,70,98,C,5,7,7,refutation,57689,0.153,1
rome,grafo8225.88,88,118,C,5,8,7,refutation,885116,0.717,1
rome,grafo8236.72,72,92,C,5,7,7,refutation,251187,0.291,1
rome,grafo8239.65,65,94,C,6,8,7,refutation,99571,0.202,1
rome,grafo8240.72,72,96,C,5,7,7,refutation,112827,0.177,1
rome,grafo8243.71,71,98,C,5,8,7,refutation,200103,0.175,1
rome,grafo8235.75,75,97,C,5,7,7,refutation,578413,0.532,1
rome,grafo8246.82,82,106,C,5,7,6,refutation,130077,0.19,1
rome,grafo8054.85,85,118,C,6,9,9,budget,13807616,10.009,1
rome,grafo825.15,15,17,C,2,3,3,refutation,29,0.001,1
rome,grafo8244.72,72,97,C,6,8,7,refutation,250666,0.356,1
rome,grafo8241.73,73,93,C,4,7,7,refutation,359750,0.552,1
rome,grafo8230.70,70,105,C,6,10,9,refutation,1411304,1.051,1
rome,grafo8251.73,73,104,C,5,8,7,refutation,188766,0.161,1
rome,grafo8165.77,77,109,C,6,10,9,refutation,4674645,3.825,1
rome,grafo8254.72,72,85,C,4,7,6,refutation,195096,0.156,1
rome,grafo8253.72,72,106,C,6,9,8,refutation,184233,0.218,1
rome,grafo8249.77,77,111,C,6,8,8,refutation,570060,0.53,1
rome,grafo8065.82,82,118,C,7,10,9,budget,13562594,10.011,1
rome,grafo8256.83,83,110,C,5,7,7,refutation,195422,0.216,1
rome,grafo826.22,22,22,C,2,2,2,bound,0,0.0,1
rome,grafo8250.74,74,111,C,6,9,8,refutation,646467,0.68,1
rome,grafo8261.66,66,82,C,4,6,6,refutation,35061,0.048,1
rome,grafo8227.69,69,107,C,6,11,10,refutation,1893138,1.772,1
rome,grafo8208.89,89,115,C,5,8,8,refutation,2889672,2.71,1
rome,grafo8258.78,78,105,C,6,8,7,refutation,276983,0.366,1
rome,grafo8265.69,69,80,C,3,4,4,refutation,4494,0.019,1
rome,grafo8215.92,92,125,C,6,9,8,refutation,2249863,2.351,1
rome,grafo8259.72,72,102,C,6,9,8,refutation,651659,0.527,1
rome,grafo8267.76,76,98,C,4,8,6,refutation,102672,0.128,1
rome,grafo8264.78,78,114,C,6,9,8,refutation,405611,0.359,1
rome,grafo827.12,12,13,C,2,2,2,bound,0,0.0,1
rome,grafo8202.78,78,112,C,6,10,9,refutation,3305229,3.186,1
rome,grafo8268.61,61,90,C,6,8,8,refutation,288869,0.226,1
rome,grafo8262.78,78,107,C,5,8,7,refutation,447503,0.576,1
rome,grafo8270.71,71,91,C,5,7,6,refutation,73615,0.179,1
rome,grafo8274.60,60,72,C,4,5,4,bound,46,0.005,1
rome,grafo8255.81,81,106,C,5,8,8,refutation,1384481,1.323,1
rome,grafo8276.60,60,74,C,4,6,5,refutation,9698,0.016,1
rome,grafo8273.81,81,107,C,4,8,7,refutation,628846,0.518,1
rome,grafo8252.78,78,109,C,6,8,8,refutation,1204880,1.706,1
rome,grafo8242.82,82,112,C,6,8,8,refutation,1514552,2.302,1
rome,grafo828.22,22,24,C,2,3,2,bound,17,0.001,1
rome,grafo8271.81,81,113,C,5,8,8,refutation,712619,0.788,1
rome,grafo8086.81,81,118,C,6,10,10,budget,8818688,10.023,1
rome,grafo8282.76,76,108,C,6,8,7,refutation,159257,0.324,1
rome,grafo8245.83,83,104,C,4,8,8,refutation,2198206,2.833,1
rome,grafo8179.91,91,112,C,5,8,8,refutation,4110377,5.752,1
rome,grafo8247.81,81,118,C,6,10,9,refutation,3449631,2.837,1
rome,grafo8269.82,82,120,C,6,10,9,refutation,2021810,1.803,1
rome,grafo8287.77,77,90,C,4,7,5,refutation,28885,0.045,1
rome,grafo8222.84,84,109,C,5,9,8,refutation,4299440,4.169,1
rome,grafo8277.82,82,119,C,6,10,8,refutation,993704,1.266,1
rome,grafo829.17,17,21,C,2,3,3,refutation,35,0.0,1
rome,grafo8257.92,92,122,C,5,8,8,refutation,2733173,2.621,1
rome,grafo8200.76,76,102,C,5,9,8,refutation,3783787,5.123,1
rome,grafo8289.74,74,101,C,5,7,7,refutation,97056,0.102,1
rome,grafo8293.73,73,96,C,5,7,7,refutation,320036,0.229,1
rome,grafo8285.74,74,98,C,5,9,7,refutation,438647,0.689,1
rome,grafo8288.82,82,104,C,5,7,7,refutation,463984,0.495,1
rome,grafo8294.63,63,96,C,5,8,8,refutation,69050,0.103,1
rome,grafo8283.83,83,119,C,5,8,8,refutation,863010,1.322,1
rome,grafo8263.78,78,109,C,6,10,9,refutation,3693025,3.149,1
rome,grafo8272.83,83,120,C,6,10,9,refutation,3375615,2.785,1
rome,grafo830.27,27,27,C,2,3,2,bound,26,0.001,1
rome,grafo8299.74,74,98,C,5,7,6,refutation,109152,0.135,1
rome,grafo8286.81,81,117,C,5,9,9,refutation,2227086,2.121,1
rome,grafo8292.70,70,95,C,6,9,8,refutation,1304000,1.818,1
rome,grafo8300.84,84,115,C,6,9,8,refutation,715846,0.988,1
rome,grafo8295.74,74,102,C,5,9,9,refutation,1650307,1.693,1
rome,grafo8291.77,77,112,C,6,10,9,refutation,2686876,2.037,1
rome,grafo8278.70,70,113,C,7,10,10,refutation,3876340,3.338,1
rome,grafo8306.76,76,95,C,4,7,6,refutation,63754,0.166,1
rome,grafo8305.65,65,89,C,5,7,7,refutation,168032,0.231,1
rome,grafo8307.72,72,100,C,5,8,7,refutation,100123,0.15,1
rome,grafo831.16,16,17,C,2,3,2,bound,19,0.0,1
rome,grafo8308.83,83,102,C,5,7,6,refutation,98248,0.111,1
rome,grafo8302.81,81,101,C,5,8,7,refutation,751024,0.593,1
rome,grafo8281.85,85,117,C,6,9,8,refutation,4160082,3.579,1
rome,grafo8135.81,81,119,C,6,10,10,budget,12529664,10.01,1
rome,grafo8137.86,86,122,C,7,10,9,budget,12966725,10.02,1
rome,grafo8279.81,81,112,C,6,9,8,refutation,3831135,4.117,1
rome,grafo8148.85,85,119,C,6,10,10,budget,12857344,10.011,1
rome,grafo8309.78,78,104,C,5,8,8,refutation,1016041,0.821,1
rome,grafo8317.60,60,89,C,5,7,7,refutation,61600,0.075,1
rome,grafo8303.72,72,103,C,6,9,9,refutation,873319,1.298,1
rome,grafo832.21,21,28,C,4,4,4,bound,0,0.0,1
rome,grafo8319.61,61,87,C,5,6,6,refutation,30206,0.043,1
rome,grafo8314.81,81,108,C,5,8,7,refutation,466670,0.641,1
rome,grafo8312.78,78,106,C,6,9,8,refutation,926708,0.931,1
rome,grafo8158.81,81,113,C,6,10,9,budget,11794097,10.011,1
rome,grafo8160.83,83,119,C,6,9,9,budget,13201408,10.018,1
rome,grafo8315.77,77,100,C,5,8,8,refutation,674253,0.775,1
rome,grafo8322.70,70,102,C,5,9,8,refutation,345191,0.314,1
rome,grafo8325.61,61,82,C,4,6,6,refutation,74797,0.119,1
rome,grafo8304.85,85,123,C,7,10,9,refutation,939838,1.591,1
rome,grafo8327.62,62,85,C,5,8,7,refutation,162706,0.136,1
rome,grafo833.13,13,17,C,3,3,3,bound,0,0.0,1
rome,grafo8328.67,67,98,C,5,8,7,refutation,104188,0.21,1
rome,grafo8329.78,78,99,C,5,7,6,refutation,75091,0.186,1
rome,grafo8191.86,86,125,C,6,10,9,refutation,7994804,9.274,1
rome,grafo8324.76,76,109,C,6,9,8,refutation,376712,0.495,1
rome,grafo8177.88,88,123,C,6,10,9,budget,12386707,10.02,1
rome,grafo8301.76,76,115,C,6,11,10,refutation,3866524,3.209,1
rome,grafo8186.90,90,117,C,6,10,9,budget,12790323,10.018,1
rome,grafo8336.71,71,91,C,5,7,7,refutation,274516,0.205,1
rome,grafo8337.73,73,93,C,4,7,6,refutation,74017,0.088,1
rome,grafo8338.70,70,88,C,4,6,5,refutation,92430,0.109,1
rome,grafo834.11,11,12,C,2,2,2,bound,0,0.0,1
rome,grafo8340.69,69,79,C,3,5,4,refutation,2976,0.007,1
rome,grafo8339.66,66,90,C,6,8,7,refutation,139476,0.221,1
rome,grafo8198.99,99,140,C,6,11,11,budget,11866112,10.02,1
rome,grafo8318.84,84,110,C,5,9,8,refutation,1546440,1.809,1
rome,grafo8209.91,91,119,C,5,9,8,budget,10924101,10.018,1
rome,grafo8344.73,73,99,C,5,7,7,refutation,198143,0.305,1
rome,grafo8332.87,87,116,C,6,8,8,refutation,875752,1.411,1
rome,grafo8347.69,69,76,C,3,4,4,refutation,5287,0.026,1
rome,grafo8346.83,83,106,C,5,7,7,refutation,599455,0.413,1
rome,grafo835.23,23,27,C,3,4,3,bound,19,0.0,1
rome,grafo8313.82,82,108,C,6,9,8,refutation,3413364,3.098,1
rome,grafo8223.99,99,148,C,7,12,11,budget,8781758,10.008,1
rome,grafo8224.100,100,132,C,6,9,8,budget,10034941,10.023,1
rome,grafo8226.90,90,129,C,7,11,10,budget,12413509,10.01,1
rome,grafo8343.75,75,106,C,6,9,8,refutation,1594600,1.317,1
rome,grafo8345.85,85,112,C,5,8,8,refutation,1767574,1.25,1
rome,grafo8323.84,84,106,C,5,8,7,refutation,2357443,2.896,1
rome,grafo8356.70,70,103,C,6,8,8,refutation,309259,0.234,1
rome,grafo8311.86,86,116,C,6,9,9,refutation,3705121,4.334,1
rome,grafo8352.89,89,120,C,6,8,7,refutation,977817,0.856,1
rome,grafo836.10,10,10,C,2,2,2,bound,0,0.0,1
rome,grafo8331.95,95,120,C,5,9,8,refutation,2287368,3.032,1
rome,grafo8248.86,86,119,C,6,10,10,budget,9924608,10.023,1
rome,grafo8359.72,72,87,C,5,7,6,refutation,160938,0.308,1
rome,grafo8361.65,65,84,C,4,6,6,refutation,85265,0.188,1
rome,grafo8321.78,78,117,C,6,10,10,refutation,4197660,3.828,1
rome,grafo8358.72,72,104,C,6,9,8,refutation,742044,0.67,1
rome,grafo8363.69,69,91,C,5,7,6,refutation,85050,0.194,1
rome,grafo8350.79,79,109,C,6,9,8,refutation,1830566,1.681,1
rome,grafo8364.87,87,106,C,5,7,6,refutation,227689,0.338,1
rome,grafo8369.72,72,79,C,2,5,3,refutation,746,0.008,1
rome,grafo837.10,10,10,C,2,2,2,bound,0,0.0,1
rome,grafo8368.89,89,114,C,4,7,6,refutation,51659,0.07,1
rome,grafo8367.76,76,99,C,5,7,7,refutation,200749,0.367,1
rome,grafo8333.91,91,122,C,5,9,8,refutation,2345444,3.707,1
rome,grafo8372.77,77,86,C,3,5,4,refutation,14908,0.059,1
rome,grafo8260.86,86,123,C,6,10,10,budget,16482304,10.028,1
rome,grafo8366.76,76,102,C,5,9,8,refutation,554804,0.567,1
rome,grafo8266.81,81,115,C,6,10,9,budget,13930610,10.01,1
rome,grafo8326.76,76,115,C,6,10,10,refutation,4467891,4.443,1
rome,grafo8376.70,70,96,C,6,8,7,refutation,283187,0.329,1
rome,grafo838.16,16,15,C,1,2,2,refutation,14,0.0,1
rome,grafo8360.87,87,105,C,4,7,7,refutation,2152879,1.411,1
rome,grafo8381.75,75,93,C,5,7,6,refutation,161497,0.141,1
rome,grafo8382.69,69,85,C,4,6,6,refutation,36460,0.048,1
rome,grafo8374.76,76,100,C,5,7,7,refutation,550945,0.739,1
rome,grafo8275.82,82,124,C,7,11,10,budget,13586545,10.012,1
rome,grafo8384.61,61,79,C,4,7,6,refutation,37747,0.096,1
rome,grafo8386.73,73,99,C,5,6,6,refutation,29744,0.052,1
rome,grafo8387.70,70,91,C,4,7,6,refutation,36705,0.052,1
rome,grafo8385.73,73,97,C,5,8,7,refutation,233363,0.203,1
rome,grafo8354.89,89,116,C,6,9,8,refutation,2189929,2.607,1
rome,grafo839.14,14,17,C,2,2,2,bound,0,0.003,1
rome,grafo8389.71,71,87,C,4,5,5,refutation,9300,0.017,1
rome,grafo8391.69,69,87,C,4,7,6,refutation,53474,0.068,1
rome,grafo8392.72,72,87,C,3,6,5,refutation,37302,0.047,1
rome,grafo8390.69,69,94,C,5,6,6,refutation,31792,0.125,1
rome,grafo8353.89,89,116,C,6,9,8,refutation,2189929,2.796,1
rome,grafo8393.72,72,93,C,5,7,6,refutation,30904,0.047,1
rome,grafo8370.84,84,113,C,5,9,8,refutation,1229734,1.434,1
rome,grafo8362.85,85,109,C,6,9,8,refutation,1263022,1.861,1
rome,grafo8388.72,72,102,C,6,8,7,refutation,199782,0.279,1
rome,grafo8397.61,61,82,C,5,7,7,refutation,33676,0.067,1
rome,grafo840.17,17,19,C,3,3,3,bound,0,0.0,1
rome,grafo8375.70,70,91,C,5,8,8,refutation,1398923,1.254,1
rome,grafo8395.61,61,89,C,6,8,7,refutation,73768,0.154,1
rome,grafo8402.61,61,79,C,3,5,5,refutation,8337,0.016,1
rome,grafo8280.88,88,119,C,5,9,9,budget,8523776,10.011,1
rome,grafo8403.73,73,94,C,4,7,5,refutation,12008,0.028,1
rome,grafo8396.85,85,112,C,6,8,7,refutation,457724,0.463,1
rome,grafo8399.70,70,95,C,5,8,8,refutation,470686,0.494,1
rome,grafo8407.61,61,76,C,4,6,5,refutation,7385,0.015,1
rome,grafo8405.65,65,92,C,5,9,8,refutation,755165,0.594,1
rome,grafo8401.69,69,100,C,6,9,8,refutation,1121539,0.731,1
rome,grafo8284.84,84,121,C,6,10,10,budget,10321920,10.022,1
rome,grafo841.14,14,13,C,1,2,2,refutation,11,0.002,1
rome,grafo8404.69,69,100,C,6,9,8,refutation,807287,0.844,1
rome,grafo8409.78,78,103,C,5,7,7,refutation,316238,0.261,1
rome,grafo8411.78,78,104,C,5,7,7,refutation,213207,0.223,1
rome,grafo8357.82,82,118,C,6,10,9,refutation,3772579,3.66,1
rome,grafo8290.81,81,118,C,6,10,10,budget,14315520,10.009,1
rome,grafo8413.78,78,98,C,5,7,7,refutation,196996,0.182,1
rome,grafo8416.64,64,79,C,5,7,6,refutation,45909,0.065,1
rome,grafo8418.61,61,80,C,4,6,6,refutation,26034,0.035,1
rome,grafo8414.74,74,101,C,5,8,7,refutation,350839,0.301,1
rome,grafo842.21,21,24,C,3,3,3,bound,0,0.0,1
rome,grafo8417.61,61,89,C,5,8,8,refutation,180079,0.174,1
rome,grafo8410.81,81,115,C,6,9,8,refutation,642677,0.606,1
rome,grafo8420.81,81,105,C,4,7,6,refutation,99175,0.102,1
rome,grafo8415.84,84,107,C,5,8,7,refutation,440351,0.35,1
rome,grafo8408.84,84,107,C,5,8,7,refutation,1006936,0.921,1
rome,grafo8424.61,61,83,C,5,7,7,refutation,116172,0.118,1
rome,grafo8296.86,86,116,C,6,9,9,budget,10866688,10.014,1
rome,grafo8297.87,87,126,C,6,10,10,budget,14061568,10.01,1
rome,grafo8427.65,65,91,C,6,8,7,refutation,204316,0.175,1
rome,grafo8298.78,78,116,C,7,10,10,budget,7778304,10.016,1
rome,grafo843.14,14,14,C,2,2,2,bound,0,0.0,1
rome,grafo8426.75,75,99,C,5,7,7,refutation,393051,0.406,1
rome,grafo8421.83,83,109,C,5,8,7,refutation,457402,0.659,1
rome,grafo8422.71,71,100,C,6,8,8,refutation,654085,0.629,1
rome,grafo8431.73,73,100,C,4,7,6,refutation,61984,0.08,1
rome,grafo8423.82,82,109,C,5,8,8,refutation,935264,0.641,1
rome,grafo8383.87,87,116,C,6,8,8,refutation,3722496,2.597,1
rome,grafo8400.81,81,114,C,6,9,8,refutation,1441629,2.146,1
rome,grafo8436.76,76,108,C,5,8,7,refutation,115882,0.118,1
rome,grafo8425.81,81,110,C,6,9,8,refutation,682376,0.793,1
rome,grafo8433.75,75,98,C,5,8,7,refutation,180824,0.286,1
rome,grafo844.12,12,18,C,3,3,3,bound,0,0.0,1
rome,grafo8438.67,67,99,C,6,9,8,refutation,249283,0.192,1
rome,grafo8439.71,71,90,C,5,7,7,refutation,162279,0.195,1
rome,grafo8441.72,72,92,C,5,7,6,refutation,63006,0.085,1
rome,grafo8435.87,87,106,C,4,8,7,refutation,729479,0.518,1
rome,grafo8429.81,81,112,C,5,9,8,refutation,1073866,0.849,1
rome,grafo8443.74,74,101,C,5,8,7,refutation,179043,0.148,1
rome,grafo8419.82,82,108,C,6,9,8,refutation,2012584,1.569,1
rome,grafo8434.69,69,99,C,5,8,8,refutation,964486,0.885,1
rome,grafo8445.83,83,103,C,5,8,7,refutation,980748,0.792,1
rome,grafo8440.84,84,118,C,7,8,8,refutation,1054905,1.128,1
rome,grafo845.16,16,17,C,2,2,2,bound,0,0.0,1
rome,grafo8310.86,86,134,C,7,13,13,budget,9801728,10.013,1
rome,grafo8449.72,72,97,C,5,8,7,refutation,90569,0.168,1
rome,grafo8451.69,69,95,C,5,8,7,refutation,144730,0.184,1
rome,grafo8406.75,75,108,C,5,10,10,refutation,3904102,3.314,1
rome,grafo8432.86,86,121,C,6,9,8,refutation,1510056,1.767,1
rome,grafo8454.78,78,98,C,5,7,6,refutation,61376,0.079,1
rome,grafo8455.61,61,90,C,6,8,7,refutation,69163,0.082,1
rome,grafo8453.83,83,101,C,4,7,6,refutation,188654,0.25,1
rome,grafo8450.69,69,96,C,5,9,8,refutation,491989,0.529,1
rome,grafo8316.82,82,126,C,7,11,10,budget,12387981,10.01,1
rome,grafo846.27,27,32,C,2,4,3,refutation,142,0.001,1
rome,grafo8459.75,75,93,C,4,6,6,refutation,62201,0.179,1
rome,grafo8461.64,64,79,C,4,7,5,refutation,25028,0.088,1
rome,grafo8446.76,76,106,C,6,9,9,refutation,2357247,1.656,1
rome,grafo8456.76,76,102,C,6,8,8,refutation,673966,0.487,1
rome,grafo8458.75,75,96,C,5,8,7,refutation,310913,0.375,1
rome,grafo8320.83,83,110,C,6,10,9,budget,9482996,10.03,1
rome,grafo8460.76,76,102,C,6,9,8,refutation,451114,0.385,1
rome,grafo8463.72,72,97,C,5,9,7,refutation,348446,0.363,1
rome,grafo8464.73,73,100,C,5,8,7,refutation,264976,0.407,1
rome,grafo8467.71,71,92,C,5,8,7,refutation,165286,0.254,1
rome,grafo847.22,22,29,C,3,3,3,bound,0,0.0,1
rome,grafo8330.88,88,125,C,7,11,10,budget,14640443,10.009,1
rome,grafo8469.85,85,107,C,4,8,7,refutation,303111,0.32,1
rome,grafo8442.76,76,104,C,6,10,9,refutation,2922385,2.577,1
rome,grafo8334.95,95,122,C,5,9,8,budget,13811818,10.009,1
rome,grafo8468.85,85,107,C,4,8,7,refutation,303111,0.412,1
rome,grafo8335.93,93,126,C,6,9,9,budget,8851456,10.025,1
rome,grafo8475.61,61,79,C,5,6,6,refutation,43204,0.103,1
rome,grafo8444.83,83,115,C,6,10,9,refutation,3504686,2.649,1
rome,grafo8412.76,76,114,C,6,10,10,refutation,3757189,4.618,1
rome,grafo8462.76,76,102,C,5,8,8,refutation,847568,1.315,1
rome,grafo848.13,13,14,C,2,2,2,bound,0,0.0,1
rome,grafo8479.74,74,87,C,4,7,6,refutation,94215,0.11,1
rome,grafo8466.75,75,100,C,6,8,8,refutation,886321,1.311,1
rome,grafo8342.97,97,132,C,6,10,10,budget,15040512,10.011,1
rome,grafo8482.73,73,96,C,4,6,6,refutation,67750,0.174,1
rome,grafo8470.93,93,117,C,5,8,7,refutation,845298,1.113,1
rome,grafo8448.86,86,124,C,6,9,9,refutation,2945639,3.008,1
rome,grafo8471.89,89,117,C,6,8,8,refutation,1580041,1.164,1
rome,grafo8457.83,83,108,C,6,8,8,refutation,2613257,2.264,1
rome,grafo8484.87,87,111,C,5,7,6,refutation,199543,0.428,1
rome,grafo8486.85,85,115,C,5,8,8,refutation,489242,0.404,1
rome,grafo849.11,11,11,C,2,2,2,bound,0,0.0,1
rome,grafo8348.99,99,133,C,6,10,9,budget,8510270,10.024,1
rome,grafo8349.91,91,133,C,7,11,10,budget,9056499,10.011,1
rome,grafo8488.85,85,99,C,4,7,6,refutation,332058,0.391,1
rome,grafo8483.76,76,100,C,5,9,8,refutation,1405243,0.889,1
rome,grafo8489.87,87,106,C,4,7,6,refutation,180932,0.409,1
rome,grafo8493.75,75,94,C,5,7,6,refutation,171304,0.227,1
rome,grafo8351.89,89,127,C,7,9,9,budget,11489280,10.012,1
rome,grafo8355.87,87,129,C,7,10,10,budget,13803520,10.009,1
rome,grafo8480.91,91,116,C,5,8,7,refutation,995072,1.615,1
rome,grafo8496.61,61,91,C,6,9,9,refutation,618522,0.577,1
rome,grafo850.12,12,13,C,2,2,2,bound,0,0.0,1
rome,grafo8428.82,82,124,C,6,11,10,refutation,7531278,6.22,1
rome,grafo8487.87,87,112,C,5,8,7,refutation,2043877,1.821,1
rome,grafo8498.74,74,102,C,5,8,8,refutation,739284,0.663,1
rome,grafo8378.99,99,132,C,6,9,8,refutation,6688947,8.806,1
rome,grafo8504.71,71,89,C,4,6,5,refutation,36130,0.054,1
rome,grafo8501.94,94,110,C,4,7,6,refutation,300774,0.33,1
rome,grafo8365.87,87,120,C,6,10,9,budget,13874080,10.03,1
rome,grafo8507.75,75,88,C,3,6,4,refutation,3952,0.019,1
rome,grafo8508.73,73,92,C,4,6,6,refutation,29524,0.062,1
rome,grafo8509.74,74,92,C,4,6,6,refutation,46490,0.068,1
rome,grafo851.17,17,19,C,2,3,3,refutation,36,0.0,1
rome,grafo8497.71,71,104,C,5,10,9,refutation,1692888,1.583,1
rome,grafo8371.96,96,130,C,6,10,9,budget,12456534,10.025,1
rome,grafo8503.89,89,107,C,5,7,7,refutation,1239012,0.802,1
rome,grafo8373.100,100,138,C,7,10,10,budget,9912320,10.007,1
rome,grafo8505.79,79,100,C,5,8,8,refutation,1246930,0.946,1
rome,grafo8515.61,61,73,C,3,6,4,refutation,1749,0.009,1
rome,grafo8516.79,79,98,C,4,7,6,refutation,53679,0.078,1
rome,grafo8377.92,92,130,C,6,9,9,budget,14782464,10.011,1
rome,grafo8517.75,75,95,C,5,7,6,refutation,42756,0.062,1
rome,grafo8518.73,73,94,C,5,7,6,refutation,63833,0.086,1
rome,grafo852.19,19,22,C,3,3,3,bound,0,0.0,1
rome,grafo8502.89,89,107,C,5,7,7,refutation,1239012,1.317,1
rome,grafo8380.93,93,126,C,6,10,9,budget,13580461,10.014,1
rome,grafo8521.73,73,90,C,5,7,5,bound,10853,0.02,1
rome,grafo8519.70,70,92,C,5,8,7,refutation,136071,0.134,1
rome,grafo8520.70,70,92,C,5,8,7,refutation,206226,0.173,1
rome,grafo8525.60,60,87,C,5,8,7,refutation,36368,0.049,1
rome,grafo8524.75,75,91,C,4,7,6,refutation,311892,0.223,1
rome,grafo8523.71,71,102,C,6,8,8,refutation,405302,0.345,1
rome,grafo8527.67,67,85,C,4,7,6,refutation,118374,0.114,1
rome,grafo8526.76,76,101,C,5,8,7,refutation,257878,0.214,1
rome,grafo853.16,16,16,C,2,2,2,bound,0,0.0,1
rome,grafo8522.76,76,99,C,5,8,7,refutation,533609,0.5,1
rome,grafo8529.74,74,96,C,5,8,7,refutation,223620,0.25,1
rome,grafo8394.89,89,122,C,6,10,9,budget,6759236,10.01,1
rome,grafo8533.60,60,73,C,4,6,5,refutation,9820,0.037,1
rome,grafo8530.76,76,107,C,6,9,8,refutation,466449,0.373,1
rome,grafo8398.85,85,113,C,5,10,9,budget,10833981,10.023,1
rome,grafo8528.84,84,109,C,6,8,7,refutation,520523,0.557,1
rome,grafo8495.86,86,126,C,7,9,9,refutation,2428789,3.399,1
rome,grafo8485.85,85,117,C,6,9,9,refutation,4052856,4.199,1
rome,grafo8536.61,61,94,C,6,9,9,refutation,214622,0.268,1
rome,grafo854.12,12,11,C,1,2,2,refutation,13,0.0,1
rome,grafo8535.71,71,93,C,5,7,7,refutation,362490,0.297,1
rome,grafo8531.88,88,113,C,5,8,7,refutation,706088,0.609,1
rome,grafo8447.82,82,123,C,6,10,10,refutation,10229841,7.461,1
rome,grafo8542.61,61,84,C,4,7,6,refutation,41871,0.113,1
rome,grafo8473.93,93,122,C,6,9,8,refutation,5489706,5.419,1
rome,grafo8544.61,61,84,C,4,6,6,refutation,17133,0.055,1
rome,grafo8540.74,74,98,C,5,8,7,refutation,273483,0.389,1
rome,grafo8546.75,75,98,C,5,7,7,refutation,202841,0.222,1
rome,grafo8548.75,75,98,C,5,8,6,refutation,86131,0.151,1
rome,grafo8545.74,74,106,C,6,8,8,refutation,406976,0.608,1
rome,grafo855.15,15,17,C,3,3,3,bound,0,0.003,1
rome,grafo8492.86,86,117,C,6,9,9,refutation,3682391,4.793,1
rome,grafo8472.81,81,109,C,6,9,9,refutation,9439838,6.401,1
rome,grafo8547.85,85,104,C,5,8,7,refutation,860024,0.98,1
rome,grafo8552.71,71,93,C,5,8,7,refutation,347013,0.258,1
rome,grafo8532.83,83,110,C,6,9,8,refutation,1952998,1.877,1
rome,grafo8430.83,83,118,C,6,11,10,budget,11212399,10.019,1
rome,grafo8437.82,82,116,C,6,10,9,budget,12719012,10.015,1
rome,grafo8550.79,79,100,C,5,7,7,refutation,720751,1.156,1
rome,grafo8543.87,87,111,C,5,8,8,refutation,2068157,1.985,1
rome,grafo8481.96,96,128,C,6,9,8,refutation,7006735,6.667,1
rome,grafo856.11,11,12,C,2,2,2,bound,0,0.0,1
rome,grafo8560.71,71,93,C,5,7,7,refutation,316744,0.367,1
rome,grafo8556.84,84,119,C,6,9,8,refutation,1070752,0.921,1
rome,grafo8562.61,61,80,C,5,7,6,refutation,42106,0.062,1
rome,grafo8561.77,77,97,C,5,7,6,refutation,91913,0.144,1
rome,grafo8557.90,90,112,C,5,8,7,refutation,796198,0.86,1
rome,grafo8534.84,84,119,C,6,9,8,refutation,2029173,3.159,1
rome,grafo8555.87,87,114,C,6,9,8,refutation,1310276,1.538,1
rome,grafo8565.71,71,96,C,6,8,7,refutation,246437,0.224,1
rome,grafo8452.85,85,118,C,6,10,10,budget,9134080,10.011,1
rome,grafo857.11,11,11,C,2,2,2,bound,0,0.0,1
rome,grafo8559.87,87,112,C,6,9,8,refutation,1658049,1.337,1
rome,grafo8570.71,71,90,C,5,7,6,refutation,95713,0.13,1
rome,grafo8568.83,83,107,C,5,8,7,refutation,566568,0.543,1
rome,grafo8572.62,62,87,C,5,8,7,refutation,204486,0.237,1
rome,grafo8465.85,85,116,C,6,9,9,budget,7643136,10.019,1
rome,grafo8573.92,92,113,C,4,8,7,refutation,823922,1.022,1
rome,grafo8474.90,90,127,C,6,10,10,budget,16351232,10.009,1
rome,grafo8476.95,95,135,C,7,11,10,budget,9293256,10.012,1
rome,grafo8577.74,74,95,C,5,6,6,refutation,46587,0.062,1
rome,grafo8477.89,89,123,C,6,9,9,budget,15683584,10.01,1
rome,grafo858.23,23,28,C,3,3,3,bound,0,0.0,1
rome,grafo8576.86,86,122,C,6,9,7,refutation,372497,0.38,1
rome,grafo8478.98,98,140,C,7,10,9,budget,12018968,10.024,1
rome,grafo8581.94,94,121,C,4,7,6,refutation,78241,0.11,1
rome,grafo8563.92,92,130,C,6,9,8,refutation,3671132,3.319,1
rome,grafo8583.85,85,103,C,5,8,7,refutation,1173019,0.863,1
rome,grafo8584.61,61,74,C,4,6,5,refutation,16800,0.027,1
rome,grafo8586.60,60,79,C,5,7,6,refutation,23034,0.038,1
rome,grafo8587.71,71,87,C,4,6,5,refutation,14863,0.027,1
rome,grafo8588.71,71,93,C,5,7,6,refutation,40875,0.063,1
rome,grafo8490.95,95,137,C,7,11,11,budget,11317248,10.021,1
rome,grafo859.30,30,34,C,2,4,3,refutation,222,0.001,1
rome,grafo8491.92,92,133,C,7,10,9,budget,12476487,10.013,1
rome,grafo8589.73,73,92,C,5,7,6,refutation,89208,0.099,1
rome,grafo8591.74,74,93,C,4,7,6,refutation,123801,0.147,1
rome,grafo8580.91,91,107,C,4,8,7,refutation,1822974,1.44,1
rome,grafo8494.90,90,119,C,6,10,9,budget,12873933,10.013,1
rome,grafo8567.85,85,122,C,6,10,9,refutation,3459051,3.426,1
rome,grafo8595.89,89,112,C,5,8,6,refutation,255680,0.253,1
rome,grafo8592.74,74,102,C,6,8,7,refutation,440825,0.531,1
rome,grafo8590.73,73,102,C,6,9,8,refutation,604744,0.744,1
rome,grafo8499.99,99,130,C,6,10,9,budget,6766726,10.024,1
rome,grafo860.31,31,35,C,2,5,3,refutation,245,0.003,1
rome,grafo8500.89,89,121,C,6,10,9,budget,12143010,10.018,1
rome,grafo8598.83,83,109,C,5,8,7,refutation,743737,0.787,1
rome,grafo8599.83,83,113,C,5,9,8,refutation,962324,0.827,1
rome,grafo8566.98,98,139,C,6,10,8,refutation,4436208,4.916,1
rome,grafo8506.88,88,124,C,6,10,9,budget,14509586,10.026,1
rome,grafo8605.68,68,104,C,6,8,7,refutation,82442,0.214,1
rome,grafo8510.100,100,142,C,7,11,10,budget,10999352,10.028,1
rome,grafo8511.94,94,134,C,7,10,9,budget,13090189,10.009,1
rome,grafo8606.60,60,83,C,5,7,6,refutation,30031,0.089,1
rome,grafo8607.60,60,82,C,5,7,6,refutation,24718,0.078,1
rome,grafo861.12,12,12,C,2,2,2,bound,0,0.0,1
rome,grafo8610.60,60,77,C,5,6,5,bound,56,0.005,1
rome,grafo8608.74,74,98,C,5,8,6,refutation,155636,0.13,1
rome,grafo8512.94,94,132,C,6,9,9,budget,12587008,10.022,1
rome,grafo8575.86,86,117,C,6,10,9,refutation,2598279,4.321,1
rome,grafo8609.73,73,101,C,5,7,7,refutation,208337,0.171,1
rome,grafo8513.100,100,138,C,6,11,9,budget,13878578,10.021,1
rome,grafo8613.73,73,91,C,4,6,6,refutation,76854,0.108,1
rome,grafo8514.95,95,130,C,6,10,9,budget,10323237,10.013,1
rome,grafo8602.87,87,118,C,6,9,8,refutation,1378168,1.095,1
rome,grafo8603.87,87,111,C,5,7,7,refutation,1749230,1.79,1
rome,grafo862.25,25,28,C,2,3,3,refutation,82,0.004,1
rome,grafo8615.85,85,110,C,6,8,8,refutation,1789697,1.207,1
rome,grafo8537.84,84,121,C,7,10,10,budget,12189696,10.011,1
rome,grafo8621.73,73,103,C,5,8,8,refutation,334433,0.245,1
rome,grafo8538.80,80,114,C,6,10,10,budget,11280384,10.013,1
rome,grafo8539.87,87,127,C,6,11,10,budget,12640389,10.011,1
rome,grafo8616.76,76,98,C,5,8,8,refutation,1511222,1.472,1
rome,grafo8541.86,86,129,C,6,11,10,budget,14094574,10.023,1
rome,grafo8623.74,74,98,C,5,8,7,refutation,370050,0.276,1
rome,grafo8600.84,84,118,C,7,9,8,refutation,2899584,3.313,1
rome,grafo8622.75,75,95,C,4,8,8,refutation,838787,0.573,1
rome,grafo863.18,18,19,C,2,3,3,refutation,55,0.0,1
rome,grafo8614.85,85,118,C,6,9,8,refutation,1454387,2.048,1
rome,grafo8625.85,85,105,C,5,8,7,refutation,711016,0.647,1
rome,grafo8549.100,100,138,C,6,9,8,budget,13387709,10.009,1
rome,grafo8611.88,88,114,C,6,9,8,refutation,2967677,2.373,1
rome,grafo8630.74,74,101,C,5,8,7,refutation,289130,0.254,1
rome,grafo8635.73,73,101,C,5,8,7,refutation,119188,0.132,1
rome,grafo8617.85,85,116,C,6,8,8,refutation,2875708,2.397,1
rome,grafo8551.85,85,129,C,6,11,11,budget,6451200,10.025,1
rome,grafo8636.74,74,95,C,5,7,7,refutation,177197,0.292,1
rome,grafo8620.86,86,120,C,6,9,8,refutation,1489022,1.876,1
rome,grafo864.16,16,20,C,3,3,3,bound,0,0.0,1
rome,grafo8553.84,84,118,C,6,10,9,budget,7974567,10.01,1
rome,grafo8554.84,84,113,C,5,10,9,budget,14382028,10.022,1
rome,grafo8624.85,85,120,C,6,9,9,refutation,1140682,1.59,1
rome,grafo8626.74,74,99,C,5,9,8,refutation,1974674,1.66,1
rome,grafo8627.82,82,105,C,5,8,8,refutation,2282707,1.624,1
rome,grafo8638.75,75,94,C,5,8,7,refutation,502438,0.774,1
rome,grafo8637.84,84,122,C,6,9,8,refutation,1125743,1.04,1
rome,grafo8558.90,90,125,C,7,10,10,budget,6602752,10.019,1
rome,grafo8633.75,75,102,C,6,9,8,refutation,1086794,1.606,1
rome,grafo865.28,28,35,C,3,3,3,bound,0,0.001,1
rome,grafo8649.86,86,109,C,5,7,6,refutation,152279,0.313,1
rome,grafo8648.73,73,102,C,5,8,8,refutation,628585,0.535,1
rome,grafo8643.89,89,124,C,6,9,8,refutation,906314,0.994,1
rome,grafo8640.84,84,118,C,6,9,8,refutation,777398,1.105,1
rome,grafo8654.73,73,101,C,5,7,7,refutation,149412,0.145,1
rome,grafo8564.100,100,134,C,5,9,9,budget,10788864,10.019,1
rome,grafo8642.91,91,112,C,4,8,7,refutation,1192657,1.265,1
rome,grafo8656.73,73,96,C,5,8,6,refutation,85252,0.101,1
rome,grafo8634.75,75,107,C,6,10,9,refutation,2521006,2.07,1
rome,grafo866.19,19,21,C,2,2,2,bound,0,0.0,1
rome,grafo8639.75,75,108,C,6,9,9,refutation,2501551,1.649,1
rome,grafo8661.64,64,80,C,4,6,5,refutation,12471,0.023,1
rome,grafo8653.74,74,98,C,5,8,7,refutation,724118,0.486,1
rome,grafo8604.84,84,120,C,6,10,9,refutation,3672100,5.199,1
rome,grafo8660.64,64,84,C,6,8,8,refutation,458182,0.379,1
rome,grafo8663.75,75,96,C,5,8,7,refutation,358673,0.254,1
rome,grafo8665.74,74,94,C,4,8,7,refutation,212392,0.208,1
rome,grafo8571.94,94,139,C,6,11,11,budget,12083200,10.021,1
rome,grafo8574.83,83,115,C,6,9,9,refutation,10946335,9.923,1
rome,grafo8644.92,92,122,C,5,8,7,refutation,1521096,2.404,1
rome,grafo867.12,12,11,C,1,2,2,refutation,12,0.0,1
rome,grafo8669.91,91,116,C,4,7,7,refutation,315433,0.281,1
rome,grafo8668.91,91,115,C,4,8,7,refutation,665942,0.522,1
rome,grafo8670.89,89,109,C,4,7,5,refutation,13711,0.061,1
rome,grafo8671.93,93,114,C,4,7,6,refutation,195378,0.23,1
rome,grafo8672.71,71,98,C,6,8,8,refutation,516027,0.353,1
rome,grafo8579.88,88,121,C,6,9,9,budget,13836288,10.017,1
rome,grafo8578.87,87,125,C,6,10,10,budget,10133504,10.025,1
rome,grafo8582.96,96,126,C,6,9,9,budget,15020032,10.02,1
rome,grafo8618.89,89,117,C,6,9,8,refutation,4710177,6.547,1
rome,grafo8666.85,85,110,C,6,9,8,refutation,2840999,1.957,1
rome,grafo868.12,12,12,C,2,2,2,bound,0,0.0,1
rome,grafo8679.73,73,93,C,4,7,6,refutation,68963,0.192,1
rome,grafo8678.73,73,108,C,5,8,7,refutation,144107,0.237,1
rome,grafo8680.73,73,95,C,5,8,7,refutation,392675,0.272,1
rome,grafo8677.74,74,96,C,5,8,7,refutation,443062,0.643,1
rome,grafo8683.79,79,102,C,5,8,7,refutation,408715,0.323,1
rome,grafo8685.74,74,94,C,4,6,6,refutation,58172,0.069,1
rome,grafo8667.96,96,130,C,6,8,8,refutation,2127792,2.508,1
rome,grafo8628.85,85,121,C,7,10,9,refutation,8116828,5.826,1
rome,grafo8585.91,91,123,C,5,10,10,budget,9084928,10.016,1
rome,grafo8686.89,89,113,C,5,8,6,refutation,228802,0.217,1
rome,grafo869.10,10,10,C,2,2,2,bound,0,0.0,1
rome,grafo8682.87,87,108,C,4,8,7,refutation,1162120,1.063,1
rome,grafo8593.87,87,120,C,6,9,9,budget,13549568,10.021,1
rome,grafo8690.85,85,107,C,4,7,6,refutation,320615,0.367,1
rome,grafo8594.84,84,115,C,6,10,10,budget,21524480,10.012,1
rome,grafo8596.84,84,111,C,6,9,9,budget,12070912,10.026,1
rome,grafo8597.83,83,113,C,6,10,9,budget,15446201,10.011,1
rome,grafo8696.73,73,104,C,5,8,7,refutation,141608,0.134,1
rome,grafo8697.74,74,94,C,4,7,6,refutation,139006,0.146,1
rome,grafo8698.73,73,93,C,5,7,6,refutation,28404,0.042,1
rome,grafo8693.86,86,109,C,5,7,7,refutation,870812,0.644,1
rome,grafo870.10,10,10,C,2,2,2,bound,0,0.0,1
rome,grafo8657.88,88,110,C,5,8,8,refutation,4257031,4.412,1
rome,grafo8601.87,87,135,C,7,11,11,budget,12169216,10.022,1
rome,grafo8700.74,74,95,C,4,8,8,refutation,491834,0.392,1
rome,grafo8703.74,74,99,C,5,8,7,refutation,313404,0.245,1
rome,grafo8695.85,85,112,C,6,9,8,refutation,1068475,1.225,1
rome,grafo8691.89,89,117,C,6,9,8,refutation,2418261,1.74,1
rome,grafo8612.84,84,119,C,6,10,9,budget,13136521,10.009,1
rome,grafo8704.97,97,127,C,6,8,7,refutation,1104142,0.952,1
rome,grafo8619.84,84,117,C,7,10,10,budget,12791808,10.019,1
rome,grafo8707.92,92,116,C,5,7,7,refutation,800329,0.547,1
rome,grafo871.14,14,17,C,3,3,3,bound,0,0.0,1
rome,grafo8705.82,82,108,C,6,8,7,refutation,1399654,1.196,1
rome,grafo8708.96,96,123,C,5,8,7,refutation,704591,0.584,1
rome,grafo8711.90,90,121,C,5,8,7,refutation,772841,0.718,1
rome,grafo8710.98,98,126,C,5,8,7,refutation,962936,0.737,1
rome,grafo8714.73,73,82,C,4,5,4,bound,84,0.003,1
rome,grafo8712.90,90,119,C,6,8,7,refutation,533914,0.423,1
rome,grafo8702.91,91,129,C,6,8,8,refutation,2673221,2.508,1
rome,grafo8713.93,93,114,C,4,6,5,refutation,20313,0.088,1
rome,grafo8715.93,93,120,C,5,7,7,refutation,193579,0.178,1
rome,grafo8716.80,80,101,C,5,7,7,refutation,544021,0.4,1
rome,grafo872.24,24,28,C,3,3,3,bound,0,0.0,1
rome,grafo8717.90,90,118,C,6,8,8,refutation,540916,0.506,1
rome,grafo8629.84,84,114,C,6,9,9,budget,12517376,10.009,1
rome,grafo8721.74,74,97,C,5,8,7,refutation,257455,0.269,1
rome,grafo8631.87,87,124,C,6,10,10,budget,13365248,10.01,1
rome,grafo8632.84,84,111,C,5,9,9,budget,13312000,10.012,1
rome,grafo8723.73,73,94,C,5,8,7,refutation,191560,0.278,1
rome,grafo8722.73,73,97,C,5,8,8,refutation,941257,0.929,1
rome,grafo8727.79,79,96,C,4,7,6,refutation,231308,0.192,1
rome,grafo8709.87,87,111,C,6,9,8,refutation,2777504,2.929,1
rome,grafo8645.92,92,129,C,7,11,10,budget,13692993,10.018,1
rome,grafo873.20,20,25,C,3,3,3,bound,0,0.0,1
rome,grafo8646.92,92,135,C,7,11,9,budget,13406993,10.01,1
rome,grafo8647.91,91,131,C,6,11,11,budget,6643712,10.018,1
rome,grafo8650.91,91,130,C,6,10,10,budget,7389184,10.024,1
rome,grafo8651.92,92,126,C,6,10,10,budget,6819840,10.023,1
rome,grafo8655.95,95,135,C,7,11,10,budget,8351807,10.016,1
rome,grafo8658.89,89,127,C,7,10,9,budget,10189579,10.022,1
rome,grafo8659.92,92,135,C,7,11,10,budget,12469159,10.01,1
rome,grafo8725.86,86,121,C,5,9,8,refutation,2975238,2.233,1
rome,grafo8662.91,91,133,C,6,11,10,budget,16786787,10.011,1
rome,grafo8699.97,97,126,C,5,8,8,refutation,7292778,5.802,1
rome,grafo874.20,20,25,C,3,3,3,bound,0,0.0,1
rome,grafo8664.89,89,124,C,6,10,10,budget,11874304,10.018,1
rome,grafo8734.89,89,109,C,5,7,6,refutation,340573,0.659,1
rome,grafo8732.88,88,110,C,5,8,7,refutation,915000,1.406,1
rome,grafo8735.60,60,86,C,5,9,8,refutation,1014878,0.721,1
rome,grafo8730.86,86,119,C,6,9,8,refutation,1535483,1.725,1
rome,grafo8728.87,87,118,C,6,9,8,refutation,2149886,2.061,1
rome,grafo8741.87,87,109,C,5,7,7,refutation,991314,0.746,1
rome,grafo8738.66,66,98,C,5,9,9,refutation,1569295,0.959,1
rome,grafo8731.88,88,115,C,5,9,8,refutation,2339499,2.077,1
rome,grafo8724.89,89,116,C,6,9,8,refutation,3297565,3.318,1
rome,grafo875.20,20,21,C,2,3,2,bound,17,0.0,1
rome,grafo8748.88,88,107,C,3,6,5,refutation,44008,0.063,1
rome,grafo8749.65,65,91,C,5,7,7,refutation,194208,0.15,1
rome,grafo8673.98,98,140,C,7,11,11,budget,6529024,10.029,1
rome,grafo8751.87,87,113,C,5,7,7,refutation,454103,0.352,1
rome,grafo8674.100,100,135,C,7,10,10,budget,7884800,10.021,1
rome,grafo8754.91,91,111,C,4,6,5,refutation,28239,0.096,1
rome,grafo8675.93,93,130,C,7,10,10,budget,9928704,10.017,1
rome,grafo8752.88,88,110,C,5,8,7,refutation,491691,0.446,1
rome,grafo8756.90,90,117,C,5,7,6,refutation,63005,0.169,1
rome,grafo8757.96,96,119,C,5,7,6,refutation,149143,0.172,1
rome,grafo876.38,38,45,C,3,4,4,refutation,750,0.002,1
rome,grafo8737.90,90,124,C,6,9,8,refutation,2633402,2.062,1
rome,grafo8676.94,94,127,C,6,10,9,budget,13533824,10.008,1
rome,grafo8742.88,88,115,C,5,8,8,refutation,1681633,1.956,1
rome,grafo8681.86,86,126,C,6,10,9,budget,7400669,10.02,1
rome,grafo8758.100,100,126,C,5,8,7,refutation,1215979,1.056,1
rome,grafo8688.89,89,123,C,5,10,9,refutation,13412573,9.577,1
rome,grafo8684.86,86,118,C,6,10,10,budget,11919360,10.019,1
rome,grafo8760.71,71,103,C,6,9,9,refutation,1083465,1.093,1
rome,grafo8746.93,93,130,C,6,9,8,refutation,1777161,2.134,1
rome,grafo8736.91,91,114,C,5,8,8,refutation,2768149,3.035,1
rome,grafo877.16,16,17,C,2,3,2,bound,14,0.0,1
rome,grafo8687.86,86,129,C,6,11,10,budget,12180559,10.023,1
rome,grafo8770.86,86,107,C,5,8,6,refutation,140903,0.144,1
rome,grafo8771.66,66,88,C,5,7,6,refutation,24625,0.036,1
rome,grafo8689.87,87,127,C,7,11,10,budget,9766785,10.012,1
rome,grafo8692.87,87,127,C,7,10,10,budget,11702272,10.024,1
rome,grafo8694.81,81,122,C,6,10,10,budget,14073856,10.012,1
rome,grafo8772.79,79,115,C,6,10,9,refutation,735282,0.607,1
rome,grafo8765.86,86,117,C,6,9,8,refutation,1390571,1.08,1
rome,grafo8743.87,87,116,C,6,9,9,refutation,2910197,3.315,1
rome,grafo8769.86,86,105,C,4,8,7,refutation,1594238,1.254,1
rome,grafo878.13,13,16,C,2,3,2,bound,11,0.0,1
rome,grafo8701.90,90,130,C,6,11,11,budget,8708096,10.024,1
rome,grafo8775.96,96,122,C,4,8,7,refutation,1002287,1.04,1
rome,grafo8759.94,94,124,C,5,9,8,refutation,3803866,3.2,1
rome,grafo8750.86,86,115,C,5,9,8,refutation,3656314,3.881,1
rome,grafo8782.88,88,106,C,4,7,6,refutation,225477,0.298,1
rome,grafo8766.87,87,116,C,5,9,8,refutation,2753360,2.416,1
rome,grafo8706.86,86,113,C,6,9,9,budget,16498688,10.01,1
rome,grafo8745.90,90,127,C,6,9,9,refutation,5044632,4.992,1
rome,grafo8773.88,88,117,C,5,9,8,refutation,2322170,2.446,1
rome,grafo8787.91,91,119,C,5,8,7,refutation,426501,0.345,1
rome,grafo879.15,15,20,C,2,3,2,bound,13,0.003,1
rome,grafo8776.96,96,119,C,5,8,7,refutation,2980628,2.178,1
rome,grafo8778.90,90,126,C,6,9,8,refutation,2517959,2.185,1
rome,grafo8781.88,88,122,C,6,9,8,refutation,1538040,2.372,1
rome,grafo8768.86,86,124,C,6,9,9,refutation,4393355,3.892,1
rome,grafo8788.91,91,110,C,5,7,7,refutation,1415972,1.342,1
rome,grafo8789.95,95,123,C,5,8,8,refutation,1534685,1.366,1
rome,grafo8718.97,97,122,C,5,9,8,budget,11902618,10.012,1
rome,grafo8719.93,93,136,C,7,12,12,budget,10952704,10.014,1
rome,grafo8794.79,79,109,C,6,9,7,refutation,495729,0.403,1
rome,grafo8720.100,100,132,C,6,10,9,budget,12705958,10.009,1
rome,grafo880.17,17,16,C,1,2,2,refutation,19,0.0,1
rome,grafo8798.93,93,116,C,6,8,7,refutation,648256,0.843,1
rome,grafo8763.87,87,119,C,6,10,9,refutation,5088311,5.723,1
rome,grafo8726.87,87,128,C,7,10,10,budget,12140544,10.011,1
rome,grafo8799.90,90,113,C,4,8,7,refutation,692360,0.868,1
rome,grafo8783.85,85,112,C,5,9,8,refutation,4255181,3.248,1
rome,grafo8785.89,89,116,C,5,9,8,refutation,3471136,3.313,1
rome,grafo8804.87,87,130,C,6,9,8,refutation,387643,0.487,1
rome,grafo8797.100,100,129,C,5,8,7,refutation,1647523,1.602,1
rome,grafo8808.91,91,116,C,4,7,6,refutation,101194,0.207,1
rome,grafo8729.87,87,121,C,6,10,9,budget,10018908,10.023,1
rome,grafo881.10,10,9,C,1,1,1,bound,0,0.0,1
rome,grafo8810.88,88,119,C,5,7,7,refutation,111775,0.2,1
rome,grafo8809.94,94,116,C,4,7,6,refutation,252278,0.398,1
rome,grafo8733.88,88,121,C,6,9,9,budget,7098368,10.028,1
rome,grafo8795.86,86,112,C,6,9,8,refutation,3265329,2.827,1
rome,grafo8740.87,87,115,C,6,10,9,budget,13685070,10.01,1
rome,grafo8739.99,99,135,C,6,11,9,budget,11521149,10.029,1
rome,grafo8805.80,80,124,C,7,10,9,refutation,2801775,1.949,1
rome,grafo8806.98,98,121,C,5,8,7,refutation,1901808,2.157,1
rome,grafo8744.90,90,127,C,6,10,10,budget,9801728,10.023,1
rome,grafo8815.87,87,110,C,5,7,6,refutation,354541,0.463,1
rome,grafo882.26,26,27,C,2,3,2,bound,24,0.001,1
rome,grafo8747.89,89,130,C,7,11,10,budget,11035196,10.021,1
rome,grafo8816.67,67,100,C,6,9,9,refutation,828628,0.92,1
rome,grafo8753.91,91,125,C,6,11,11,budget,10584064,10.024,1
rome,grafo8755.93,93,125,C,5,9,9,budget,7340032,10.012,1
rome,grafo8761.89,89,117,C,6,9,9,budget,13500416,10.02,1
rome,grafo8801.91,91,127,C,7,10,9,refutation,5083273,4.209,1
rome,grafo8762.86,86,116,C,6,10,9,budget,12030049,10.012,1
rome,grafo8819.87,87,118,C,6,9,8,refutation,2197385,1.958,1
rome,grafo8764.87,87,125,C,7,10,10,budget,12427264,10.01,1
rome,grafo8827.64,64,90,C,6,9,7,refutation,378910,0.455,1
rome,grafo883.14,14,15,C,2,3,2,bound,16,0.0,1
rome,grafo8767.86,86,118,C,6,9,9,budget,13049856,10.009,1
rome,grafo8820.92,92,121,C,5,8,8,refutation,2613509,2.339,1
rome,grafo8774.88,88,129,C,7,10,9,budget,10289261,10.023,1
rome,grafo8832.91,91,115,C,5,8,7,refutation,817578,0.822,1
rome,grafo8777.98,98,140,C,7,11,10,budget,9801723,10.024,1
rome,grafo8779.88,88,123,C,7,10,9,budget,10346100,10.01,1
rome,grafo8780.96,96,141,C,6,10,9,budget,11760165,10.02,1
rome,grafo8831.91,91,111,C,5,8,7,refutation,1275586,1.578,1
rome,grafo8830.88,88,123,C,6,9,8,refutation,1401634,2.117,1
rome,grafo8834.87,87,112,C,5,8,7,refutation,1277044,1.102,1
rome,grafo884.17,17,23,C,3,3,3,bound,0,0.0,1
rome,grafo8784.94,94,130,C,7,10,9,budget,10542319,10.008,1
rome,grafo8786.91,91,126,C,6,9,9,budget,12288000,10.022,1
rome,grafo8839.89,89,113,C,6,8,7,refutation,691723,0.685,1
rome,grafo8824.91,91,120,C,5,9,8,refutation,3945390,4.097,1
rome,grafo8790.97,97,133,C,7,10,10,budget,13901824,10.014,1
rome,grafo8838.83,83,114,C,6,9,8,refutation,1273075,1.429,1
rome,grafo8791.94,94,136,C,6,11,10,budget,16396173,10.024,1
rome,grafo8792.98,98,132,C,6,10,9,budget,10273663,10.01,1
rome,grafo8847.60,60,83,C,5,8,7,refutation,186792,0.224,1
rome,grafo8849.65,65,78,C,4,6,5,refutation,17765,0.056,1
rome,grafo885.18,18,24,C,3,3,3,bound,0,0.003,1
rome,grafo8828.89,89,114,C,5,9,8,refutation,3659413,3.663,1
rome,grafo8843.96,96,121,C,5,7,7,refutation,1283075,1.172,1
rome,grafo8793.100,100,138,C,6,10,10,budget,6995968,10.009,1
rome,grafo8845.92,92,115,C,5,8,7,refutation,1012407,1.103,1
rome,grafo8841.88,88,118,C,6,8,8,refutation,1677246,1.966,1
rome,grafo8796.88,88,122,C,6,10,9,budget,16324260,10.015,1
rome,grafo8850.90,90,119,C,5,8,8,refutation,1040026,0.892,1
rome,grafo8833.94,94,127,C,5,9,8,refutation,3649622,3.852,1
rome,grafo8844.88,88,114,C,4,9,8,refutation,1804591,1.69,1
rome,grafo8859.89,89,102,C,4,6,5,refutation,55219,0.076,1
rome,grafo886.15,15,15,C,2,2,2,bound,0,0.0,1
rome,grafo8800.93,93,129,C,6,10,9,budget,13029462,10.008,1
rome,grafo8835.87,87,117,C,5,9,9,refutation,3527928,3.578,1
rome,grafo8862.89,89,108,C,4,6,5,refutation,16114,0.064,1
rome,grafo8861.94,94,107,C,4,7,5,refutation,130193,0.13,1
rome,grafo8860.73,73,101,C,5,7,7,refutation,152821,0.152,1
rome,grafo8829.87,87,120,C,6,10,9,refutation,4437714,4.907,1
rome,grafo8814.88,88,125,C,6,10,9,refutation,9377623,8.157,1
rome,grafo8852.90,90,117,C,5,8,7,refutation,815086,1.321,1
rome,grafo8868.60,60,75,C,4,6,5,refutation,9991,0.032,1
rome,grafo887.13,13,15,C,3,3,3,bound,0,0.0,1
rome,grafo8870.60,60,75,C,3,5,4,refutation,2136,0.01,1
rome,grafo8802.91,91,131,C,7,10,9,budget,10457159,10.021,1
rome,grafo8869.60,60,79,C,4,6,5,refutation,10196,0.031,1
rome,grafo8803.96,96,135,C,6,9,9,budget,10469376,10.016,1
rome,grafo8871.64,64,85,C,5,7,6,refutation,33116,0.09,1
rome,grafo8873.88,88,105,C,4,6,5,refutation,33189,0.103,1
rome,grafo8874.60,60,89,C,6,8,7,refutation,67616,0.138,1
rome,grafo8863.94,94,121,C,6,8,7,refutation,694945,0.873,1
rome,grafo8853.89,89,118,C,6,8,8,refutation,1930053,1.692,1
rome,grafo8807.87,87,131,C,7,12,11,budget,11387477,10.019,1
rome,grafo888.12,12,13,C,2,3,2,bound,12,0.0,1
rome,grafo8811.96,96,127,C,5,9,9,budget,11722752,10.011,1
rome,grafo8812.99,99,155,C,7,13,13,budget,10280960,10.018,1
rome,grafo8883.71,71,86,C,4,6,5,refutation,17933,0.065,1
rome,grafo8879.92,92,119,C,5,8,7,refutation,922363,1.009,1
rome,grafo8884.64,64,88,C,5,8,7,refutation,194769,0.209,1
rome,grafo8813.88,88,125,C,6,9,9,budget,8839168,10.01,1
rome,grafo8817.88,88,127,C,7,12,11,budget,13150526,10.02,1
rome,grafo8818.89,89,121,C,5,9,9,budget,11972608,10.02,1
rome,grafo8875.98,98,131,C,6,9,8,refutation,2819757,2.921,1
rome,grafo889.21,21,28,C,3,3,3,bound,0,0.0,1
rome,grafo8821.94,94,131,C,7,11,11,budget,11595776,10.027,1
rome,grafo8822.88,88,120,C,7,9,9,budget,14036992,10.023,1
rome,grafo8889.89,89,119,C,5,8,7,refutation,436496,0.599,1
rome,grafo8823.93,93,136,C,8,12,11,budget,8902955,10.011,1
rome,grafo8894.60,60,72,C,4,6,5,refutation,6248,0.012,1
rome,grafo8895.78,78,104,C,4,7,6,refutation,83722,0.169,1
rome,grafo8896.60,60,79,C,5,7,5,bound,1456,0.004,1
rome,grafo8885.88,88,116,C,6,9,8,refutation,1864725,2.042,1
rome,grafo8898.60,60,78,C,5,7,5,bound,8438,0.015,1
rome,grafo8886.91,91,122,C,5,9,8,refutation,2137423,2.372,1
rome,grafo890.13,13,16,C,3,3,3,bound,0,0.0,1
rome,grafo8848.90,90,116,C,5,9,8,refutation,6269625,5.911,1
rome,grafo8890.95,95,123,C,5,8,7,refutation,963697,1.046,1
rome,grafo8825.92,92,124,C,6,9,9,budget,13291520,10.024,1
rome,grafo8826.100,100,152,C,8,12,11,budget,9863898,10.009,1
rome,grafo8891.90,90,114,C,5,8,7,refutation,880122,1.25,1
rome,grafo8899.89,89,116,C,5,8,7,refutation,1144669,1.091,1
rome,grafo8887.89,89,124,C,6,9,8,refutation,3837444,3.413,1
rome,grafo8906.75,75,97,C,5,8,8,refutation,700563,1.015,1
rome,grafo8903.97,97,118,C,5,8,7,refutation,1911275,1.762,1
rome,grafo891.13,13,13,C,2,2,2,bound,0,0.0,1
rome,grafo8836.88,88,121,C,7,10,10,budget,11767808,10.012,1
rome,grafo8907.97,97,125,C,6,8,7,refutation,1372529,1.5,1
rome,grafo8837.87,87,123,C,6,10,10,budget,12144640,10.011,1
rome,grafo8913.88,88,107,C,5,8,7,refutation,571166,0.623,1
rome,grafo8840.90,90,117,C,6,9,9,budget,11067392,10.025,1
rome,grafo8842.89,89,122,C,6,10,9,budget,11567200,10.008,1
rome,grafo8916.91,91,101,C,4,7,5,refutation,84565,0.096,1
rome,grafo8914.88,88,107,C,5,8,7,refutation,571166,0.684,1
rome,grafo8846.94,94,121,C,5,10,9,budget,11710607,10.018,1
rome,grafo8919.92,92,117,C,5,7,6,refutation,109147,0.223,1
rome,grafo892.23,23,25,C,2,3,2,bound,36,0.0,1
rome,grafo8851.90,90,116,C,5,9,8,budget,10903610,10.017,1
rome,grafo8920.94,94,121,C,4,6,6,refutation,48890,0.082,1
rome,grafo8902.89,89,119,C,6,9,8,refutation,4546547,4.412,1
rome,grafo8918.96,96,121,C,5,8,7,refutation,1353749,1.324,1
rome,grafo8854.89,89,123,C,6,10,9,budget,11557562,10.016,1
rome,grafo8917.66,66,100,C,6,10,9,refutation,2152873,1.514,1
rome,grafo8855.100,100,134,C,6,10,9,budget,10615365,10.009,1
rome,grafo8856.97,97,126,C,5,9,9,budget,14848000,10.019,1
rome,grafo8857.99,99,135,C,6,10,10,budget,11923456,10.025,1
rome,grafo8858.92,92,127,C,6,10,9,budget,11603024,10.019,1
rome,grafo893.17,17,21,C,2,3,2,bound,16,0.0,1
rome,grafo8928.74,74,99,C,5,8,7,refutation,248082,0.24,1
rome,grafo8931.60,60,77,C,4,6,6,refutation,47789,0.092,1
rome,grafo8864.98,98,141,C,6,11,11,budget,12935168,10.027,1
rome,grafo8867.97,97,147,C,7,11,11,budget,13676544,10.011,1
rome,grafo8865.100,100,135,C,6,11,10,budget,8450982,10.015,1
rome,grafo8933.60,60,88,C,6,8,8,refutation,139753,0.218,1
rome,grafo8872.88,88,117,C,6,10,9,budget,13307040,10.011,1
rome,grafo8877.88,88,132,C,5,10,10,refutation,7619651,9.889,1
rome,grafo8876.88,88,127,C,6,10,9,budget,13679322,10.012,1
rome,grafo8939.75,75,93,C,5,7,6,refutation,57076,0.075,1
rome,grafo894.16,16,24,C,3,4,3,bound,17,0.0,1
rome,grafo8940.88,88,109,C,5,7,6,refutation,86613,0.093,1
rome,grafo8878.93,93,130,C,6,10,9,budget,12881621,10.009,1
rome,grafo8941.90,90,113,C,4,7,6,refutation,54033,0.071,1
rome,grafo8912.90,90,117,C,6,8,8,refutation,3073665,4.284,1
rome,grafo8911.100,100,128,C,6,9,8,refutation,4353581,4.644,1
rome,grafo8937.90,90,120,C,5,8,8,refutation,703412,0.521,1
rome,grafo8881.91,91,130,C,6,9,9,budget,12115968,10.01,1
rome,grafo8947.89,89,116,C,4,7,6,refutation,233968,0.226,1
rome,grafo8915.91,91,118,C,5,9,8,refutation,4027771,4.064,1
rome,grafo8882.100,100,158,C,8,13,13,budget,9551872,10.02,1
rome,grafo895.12,12,11,C,1,2,2,refutation,12,0.0,1
rome,grafo8950.67,67,76,C,3,5,4,refutation,3235,0.015,1
rome,grafo8936.94,94,127,C,6,9,8,refutation,1452057,1.649,1
rome,grafo8932.89,89,118,C,5,9,8,refutation,2504287,2.079,1
rome,grafo8926.89,89,122,C,6,9,8,refutation,3799763,2.962,1
rome,grafo8888.99,99,125,C,6,9,8,budget,12200214,10.013,1
rome,grafo8938.90,90,121,C,5,9,9,refutation,2623767,2.376,1
rome,grafo8892.100,100,140,C,7,10,10,budget,11939840,10.026,1
rome,grafo8949.94,94,122,C,6,9,8,refutation,2692148,2.158,1
rome,grafo8893.96,96,144,C,7,10,10,budget,9961472,10.012,1
rome,grafo8897.88,88,131,C,7,10,9,refutation,10611092,9.799,1
rome,grafo896.16,16,24,C,4,4,4,bound,0,0.0,1
rome,grafo8935.88,88,122,C,7,8,8,refutation,3559706,3.79,1
rome,grafo8900.94,94,126,C,7,10,9,budget,10808411,10.022,1
rome,grafo8904.92,92,124,C,6,10,9,budget,13350968,10.009,1
rome,grafo8905.100,100,127,C,5,9,8,budget,11241009,10.01,1
rome,grafo8962.93,93,109,C,4,7,6,refutation,473489,0.544,1
rome,grafo8964.89,89,110,C,4,7,6,refutation,288083,0.327,1
rome,grafo8934.88,88,124,C,6,9,9,refutation,6992557,5.006,1
rome,grafo8967.95,95,122,C,5,6,6,refutation,128255,0.151,1
rome,grafo8968.90,90,116,C,4,7,6,refutation,87056,0.093,1
rome,grafo8908.96,96,135,C,7,11,10,budget,9305552,10.019,1
rome,grafo897.12,12,12,C,2,2,2,bound,0,0.0,1
rome,grafo8966.89,89,107,C,4,7,6,refutation,295006,0.583,1
rome,grafo8971.63,63,75,C,4,6,6,refutation,66104,0.111,1
rome,grafo8958.89,89,122,C,7,9,8,refutation,2776094,2.149,1
rome,grafo8909.89,89,124,C,7,9,9,budget,9883648,10.012,1
rome,grafo8974.79,79,100,C,5,7,6,refutation,71259,0.096,1
rome,grafo8975.72,72,87,C,4,7,6,refutation,105703,0.11,1
rome,grafo8961.75,75,122,C,7,11,10,refutation,2546913,2.388,1
rome,grafo8977.66,66,81,C,4,6,6,refutation,28649,0.044,1
rome,grafo8910.91,91,124,C,6,9,9,budget,16986112,10.011,1
rome,grafo8978.63,63,98,C,6,9,8,refutation,109712,0.116,1
rome,grafo898.10,10,9,C,1,2,2,refutation,10,0.0,1
rome,grafo8930.97,97,127,C,6,9,8,refutation,6730054,6.681,1
rome,grafo8973.70,70,95,C,5,8,8,refutation,912528,0.664,1
rome,grafo8979.80,80,97,C,5,7,6,refutation,104722,0.111,1
rome,grafo8929.91,91,126,C,6,10,9,refutation,4714510,6.95,1
rome,grafo8983.63,63,95,C,6,8,8,refutation,256185,0.235,1
rome,grafo8984.66,66,92,C,5,8,7,refutation,114135,0.205,1
rome,grafo8972.77,77,111,C,6,9,9,refutation,1013345,1.16,1
rome,grafo8955.96,96,121,C,5,9,8,refutation,4846885,4.424,1
rome,grafo8988.69,69,82,C,4,6,5,refutation,27296,0.038,1
rome,grafo8989.62,62,80,C,5,7,6,refutation,20767,0.031,1
rome,grafo899.14,14,15,C,2,2,2,bound,0,0.0,1
rome,grafo8965.92,92,109,C,5,7,7,refutation,2059395,2.323,1
rome,grafo8985.73,73,102,C,6,9,7,refutation,540825,0.643,1
rome,grafo8987.65,65,101,C,6,9,8,refutation,480137,0.487,1
rome,grafo8990.61,61,79,C,4,7,7,refutation,174516,0.234,1
rome,grafo8986.65,65,101,C,6,9,8,refutation,480137,0.654,1
rome,grafo8995.69,69,90,C,5,7,6,refutation,48963,0.125,1
rome,grafo8952.90,90,128,C,7,10,9,refutation,5535141,5.687,1
rome,grafo8992.66,66,95,C,6,8,8,refutation,485983,0.463,1
rome,grafo8996.67,67,87,C,5,8,7,refutation,216353,0.35,1
rome,grafo8946.90,90,125,C,6,9,9,refutation,8217882,6.912,1
rome,grafo900.11,11,13,C,2,2,2,bound,0,0.0,1
rome,grafo9000.64,64,84,C,4,6,6,refutation,15329,0.025,1
rome,grafo8994.73,73,98,C,5,9,8,refutation,1112556,1.214,1
rome,grafo8948.88,88,129,C,7,10,9,refutation,10055695,7.367,1
rome,grafo9002.63,63,87,C,5,7,6,refutation,38751,0.05,1
rome,grafo8981.93,93,121,C,5,9,8,refutation,2057090,2.32,1
rome,grafo8922.92,92,130,C,6,10,9,budget,13406299,10.024,1
rome,grafo8921.98,98,152,C,7,13,13,budget,6340608,10.03,1
rome,grafo9006.61,61,80,C,4,6,6,refutation,25887,0.089,1
rome,grafo8923.90,90,131,C,7,11,10,budget,12980797,10.01,1
rome,grafo901.21,21,24,C,3,3,3,bound,0,0.0,1
rome,grafo9009.71,71,83,C,3,6,5,refutation,29925,0.102,1
rome,grafo9010.78,78,99,C,4,6,6,refutation,64435,0.092,1
rome,grafo8959.90,90,121,C,6,10,9,refutation,5305381,5.326,1
rome,grafo8993.87,87,123,C,6,9,8,refutation,1644224,1.633,1
rome,grafo9007.64,64,101,C,6,9,9,refutation,283334,0.302,1
rome,grafo9015.63,63,84,C,4,7,6,refutation,20873,0.042,1
rome,grafo9016.74,74,89,C,5,6,5,bound,1741,0.006,1
rome,grafo9017.61,61,80,C,4,6,5,refutation,5771,0.011,1
rome,grafo9014.63,63,88,C,5,8,7,refutation,152170,0.149,1
rome,grafo8982.80,80,106,C,5,9,8,refutation,3503116,2.752,1
rome,grafo902.22,22,22,C,2,2,2,bound,0,0.0,1
rome,grafo9019.82,82,101,C,5,7,6,refutation,106815,0.119,1
rome,grafo9011.66,66,86,C,5,8,7,refutation,216322,0.383,1
rome,grafo9022.63,63,82,C,4,7,6,refutation,34964,0.081,1
rome,grafo8924.89,89,125,C,6,10,9,budget,13770945,10.022,1
rome,grafo9020.65,65,97,C,6,8,8,refutation,135037,0.195,1
rome,grafo8998.66,66,99,C,5,9,9,refutation,1979414,1.611,1
rome,grafo8925.89,89,121,C,6,10,9,budget,7577758,10.021,1
rome,grafo9024.75,75,96,C,4,6,5,refutation,12033,0.028,1
rome,grafo9021.69,69,103,C,5,8,7,refutation,103343,0.127,1
rome,grafo9029.66,66,77,C,3,5,4,refutation,3811,0.009,1
rome,grafo903.17,17,18,C,2,3,3,refutation,38,0.0,1
rome,grafo8927.88,88,127,C,7,10,10,budget,14290944,10.013,1
rome,grafo9031.62,62,77,C,4,6,5,refutation,9393,0.02,1
rome,grafo8999.86,86,112,C,5,8,8,refutation,1016855,1.595,1
rome,grafo8980.95,95,122,C,5,8,8,refutation,3348895,3.177,1
rome,grafo9034.68,68,85,C,4,7,6,refutation,68476,0.148,1
rome,grafo9032.68,68,91,C,5,8,7,refutation,263328,0.249,1
rome,grafo9030.92,92,106,C,4,7,6,refutation,515062,0.415,1
rome,grafo9023.78,78,109,C,6,8,8,refutation,623819,0.601,1
rome,grafo9026.87,87,107,C,5,8,7,refutation,773936,0.573,1
rome,grafo9003.84,84,115,C,5,9,8,refutation,1486250,1.351,1
rome,grafo904.20,20,22,C,2,3,2,bound,27,0.0,1
rome,grafo9040.63,63,74,C,3,5,3,bound,1717,0.005,1
rome,grafo9001.66,66,96,C,6,9,9,refutation,3421371,2.111,1
rome,grafo9038.73,73,94,C,5,6,6,refutation,70082,0.125,1
rome,grafo9039.66,66,86,C,5,7,7,refutation,163587,0.132,1
rome,grafo9028.69,69,98,C,5,9,8,refutation,991539,0.75,1
rome,grafo9043.73,73,95,C,4,6,6,refutation,24386,0.068,1
rome,grafo9044.76,76,95,C,4,7,6,refutation,43059,0.072,1
rome,grafo9033.80,80,106,C,6,8,7,refutation,471728,0.69,1
rome,grafo9037.70,70,95,C,6,9,8,refutation,508407,0.373,1
rome,grafo9048.63,63,74,C,3,6,4,refutation,2900,0.013,1
rome,grafo905.15,15,18,C,3,3,3,bound,0,0.0,1
rome,grafo9045.72,72,92,C,4,7,6,refutation,37925,0.056,1
rome,grafo9018.85,85,116,C,6,9,8,refutation,1305177,1.117,1
rome,grafo9036.68,68,95,C,6,9,8,refutation,842025,0.574,1
rome,grafo9041.92,92,110,C,4,7,6,refutation,426197,0.325,1
rome,grafo9049.61,61,83,C,6,7,7,refutation,142097,0.163,1
rome,grafo9050.75,75,94,C,5,7,6,refutation,131744,0.174,1
rome,grafo9052.66,66,85,C,5,7,7,refutation,121113,0.191,1
rome,grafo9047.80,80,105,C,5,8,6,refutation,197806,0.232,1
rome,grafo9057.64,64,85,C,5,7,7,refutation,66305,0.109,1
rome,grafo906.12,12,11,C,1,2,2,refutation,12,0.0,1
rome,grafo9060.64,64,81,C,4,6,6,refutation,34002,0.069,1
rome,grafo9059.65,65,84,C,4,7,7,refutation,210388,0.164,1
rome,grafo9061.69,69,89,C,4,6,5,refutation,6289,0.027,1
rome,grafo9058.63,63,82,C,5,7,7,refutation,275527,0.282,1
rome,grafo9064.68,68,88,C,5,7,5,bound,20914,0.033,1
rome,grafo9062.70,70,92,C,5,8,7,refutation,295367,0.227,1
rome,grafo9051.63,63,95,C,6,8,8,refutation,448254,0.596,1
rome,grafo9035.70,70,99,C,6,9,9,refutation,1530797,1.142,1
rome,grafo9063.73,73,98,C,5,7,7,refutation,178597,0.236,1
rome,grafo8942.96,96,127,C,6,9,9,budget,11055104,10.013,1
rome,grafo907.10,10,10,C,2,2,2,bound,0,0.0,1
rome,grafo9068.70,70,90,C,5,7,6,refutation,26527,0.045,1
rome,grafo9070.67,67,88,C,4,6,5,refutation,10777,0.022,1
rome,grafo9071.67,67,78,C,3,5,4,refutation,3609,0.009,1
rome,grafo8943.98,98,146,C,7,12,11,budget,9870703,10.019,1
rome,grafo9074.70,70,90,C,5,6,5,bound,60,0.006,1
rome,grafo8944.97,97,126,C,6,9,9,budget,8962048,10.008,1
rome,grafo9067.61,61,75,C,4,7,5,refutation,24582,0.082,1
rome,grafo9013.84,84,108,C,5,9,8,refutation,1840903,1.972,1
rome,grafo9073.68,68,85,C,4,6,6,refutation,28421,0.051,1
rome,grafo9077.70,70,78,C,3,5,4,refutation,9455,0.035,1
rome,grafo908.12,12,14,C,2,3,3,refutation,15,0.0,1
rome,grafo9025.85,85,118,C,5,9,8,refutation,1730022,1.569,1
rome,grafo9065.70,70,92,C,5,7,7,refutation,155272,0.229,1
rome,grafo9069.69,69,91,C,5,7,6,refutation,54492,0.142,1
rome,grafo8945.94,94,132,C,6,11,10,budget,10069304,10.013,1
rome,grafo9080.61,61,89,C,5,8,6,refutation,16981,0.064,1
rome,grafo9066.71,71,94,C,5,8,7,refutation,137349,0.248,1
rome,grafo9076.77,77,103,C,5,8,7,refutation,157788,0.174,1
rome,grafo9081.64,64,98,C,5,8,7,refutation,75818,0.161,1
rome,grafo9078.70,70,88,C,5,8,7,refutation,169976,0.182,1
rome,grafo9084.72,72,92,C,4,6,6,refutation,61776,0.126,1
rome,grafo909.47,47,52,C,2,4,3,refutation,347,0.002,1
rome,grafo9083.67,67,82,C,4,6,6,refutation,110205,0.151,1
rome,grafo9079.72,72,91,C,4,7,6,refutation,85613,0.204,1
rome,grafo9087.73,73,94,C,4,6,6,refutation,70605,0.087,1
rome,grafo9085.63,63,82,C,5,7,6,refutation,60471,0.157,1
rome,grafo9082.68,68,93,C,5,8,7,refutation,122944,0.206,1
rome,grafo9093.61,61,80,C,5,6,6,refutation,19729,0.037,1
rome,grafo9095.69,69,91,C,4,7,6,refutation,24904,0.059,1
rome,grafo9075.72,72,91,C,5,7,7,refutation,269256,0.427,1
rome,grafo9090.64,64,88,C,5,8,7,refutation,107135,0.231,1
rome,grafo9092.61,61,99,C,6,9,8,refutation,175542,0.227,1
rome,grafo910.10,10,9,C,1,2,2,refutation,10,0.0,1
rome,grafo9098.64,64,80,C,4,6,5,refutation,17308,0.062,1
rome,grafo9086.67,67,96,C,5,8,8,refutation,416172,0.342,1
rome,grafo9097.65,65,97,C,6,8,8,refutation,278379,0.208,1
rome,grafo9102.66,66,80,C,3,6,6,refutation,39799,0.052,1
rome,grafo9088.68,68,97,C,5,8,8,refutation,491702,0.399,1
rome,grafo9096.80,80,108,C,6,7,7,refutation,466107,0.405,1
rome,grafo8951.93,93,125,C,5,10,9,budget,11493452,10.013,1
rome,grafo9106.67,67,84,C,4,7,6,refutation,41723,0.109,1
rome,grafo9107.63,63,80,C,5,6,6,refutation,48937,0.072,1
rome,grafo9105.75,75,106,C,6,8,8,refutation,345379,0.268,1
rome,grafo911.12,12,13,C,2,2,2,bound,0,0.0,1
rome,grafo9110.63,63,89,C,5,7,6,refutation,18641,0.027,1
rome,grafo9104.82,82,117,C,6,8,7,refutation,350020,0.362,1
rome,grafo9109.63,63,88,C,5,7,7,refutation,56735,0.129,1
rome,grafo9089.73,73,102,C,5,9,8,refutation,1158636,0.832,1
rome,grafo8953.94,94,129,C,6,11,9,budget,12870084,10.012,1
rome,grafo9113.74,74,94,C,4,6,6,refutation,118764,0.155,1
rome,grafo9101.72,72,102,C,6,8,8,refutation,766657,0.882,1
rome,grafo9108.67,67,101,C,6,9,8,refutation,468066,0.59,1
rome,grafo9118.65,65,84,C,4,6,5,refutation,9700,0.016,1
rome,grafo9103.80,80,108,C,5,8,8,refutation,910340,0.902,1
rome,grafo912.14,14,13,C,1,2,2,refutation,14,0.0,1
rome,grafo8954.91,91,132,C,7,11,11,budget,13524992,10.023,1
rome,grafo9100.80,80,105,C,6,9,8,refutation,1313663,1.046,1
rome,grafo9121.65,65,83,C,4,6,5,refutation,10405,0.04,1
rome,grafo9117.71,71,100,C,5,8,7,refutation,65263,0.156,1
rome,grafo9124.64,64,89,C,5,7,6,refutation,28442,0.042,1
rome,grafo9125.71,71,86,C,4,6,5,refutation,20506,0.034,1
rome,grafo9120.64,64,87,C,5,8,7,refutation,188964,0.171,1
rome,grafo9126.82,82,113,C,6,7,7,refutation,171718,0.161,1
rome,grafo9115.82,82,112,C,5,8,8,refutation,978269,0.91,1
rome,grafo9123.68,68,103,C,6,9,9,refutation,455641,0.458,1
rome,grafo913.15,15,15,C,2,3,2,bound,14,0.0,1
rome,grafo9128.64,64,94,C,6,8,8,refutation,214173,0.217,1
rome,grafo9114.79,79,111,C,6,9,8,refutation,971616,0.976,1
rome,grafo8956.92,92,120,C,6,9,9,budget,11452416,10.017,1
rome,grafo9132.62,62,76,C,4,6,5,refutation,15194,0.035,1
rome,grafo9129.77,77,97,C,4,7,6,refutation,123208,0.182,1
rome,grafo9134.64,64,88,C,5,7,7,refutation,79932,0.091,1
rome,grafo9099.83,83,106,C,5,8,8,refutation,1715733,1.779,1
rome,grafo9136.67,67,86,C,5,7,6,refutation,40056,0.093,1
rome,grafo9131.74,74,105,C,6,7,7,refutation,269714,0.384,1
rome,grafo9133.82,82,107,C,5,8,7,refutation,513470,0.638,1
rome,grafo914.26,26,42,C,4,6,6,refutation,515,0.002,1
rome,grafo8957.90,90,133,C,6,11,11,budget,7290880,10.01,1
rome,grafo9141.60,60,82,C,5,8,7,refutation,71057,0.083,1
rome,grafo9142.60,60,73,C,4,6,5,refutation,9820,0.018,1
rome,grafo9094.83,83,111,C,6,8,8,refutation,2301211,2.535,1
rome,grafo9042.98,98,131,C,6,9,8,refutation,3712979,3.687,1
rome,grafo9143.66,66,84,C,5,7,6,refutation,38917,0.057,1
rome,grafo8960.95,95,129,C,6,10,9,budget,12238974,10.012,1
rome,grafo9145.68,68,86,C,4,7,6,refutation,40333,0.054,1
rome,grafo9148.66,66,88,C,4,7,6,refutation,21161,0.044,1
rome,grafo9144.81,81,108,C,5,7,6,refutation,97115,0.15,1
rome,grafo915.24,24,32,C,4,4,4,bound,0,0.001,1
rome,grafo9116.80,80,118,C,6,10,9,refutation,2107263,1.896,1
rome,grafo9138.65,65,105,C,7,11,10,refutation,715741,0.847,1
rome,grafo9152.66,66,84,C,4,6,5,refutation,8295,0.022,1
rome,grafo9146.79,79,106,C,5,7,7,refutation,311260,0.261,1
rome,grafo9151.63,63,82,C,5,7,7,refutation,120265,0.117,1
rome,grafo9130.71,71,101,C,6,9,9,refutation,1251407,1.168,1
rome,grafo9155.63,63,83,C,4,7,6,refutation,25520,0.042,1
rome,grafo9156.63,63,82,C,4,7,7,refutation,112940,0.148,1
rome,grafo9154.66,66,97,C,6,8,8,refutation,207343,0.18,1
rome,grafo9157.68,68,92,C,5,7,7,refutation,140732,0.138,1
rome,grafo9053.100,100,127,C,5,8,8,refutation,4437971,3.985,1
rome,grafo9158.65,65,87,C,5,7,6,refutation,40911,0.109,1
rome,grafo9054.99,99,131,C,6,10,8,refutation,4595152,4.006,1
rome,grafo9072.74,74,109,C,6,9,9,refutation,2569531,3.55,1
rome,grafo9162.67,67,90,C,5,7,6,refutation,66664,0.088,1
rome,grafo9159.64,64,92,C,5,9,8,refutation,288821,0.252,1
rome,grafo9160.72,72,100,C,6,8,7,refutation,184113,0.17,1
rome,grafo9149.67,67,92,C,6,9,8,refutation,973850,0.641,1
rome,grafo9164.66,66,96,C,5,8,7,refutation,67490,0.077,1
rome,grafo9168.63,63,81,C,4,7,5,refutation,12812,0.021,1
rome,grafo9167.67,67,96,C,5,8,6,refutation,27190,0.041,1
rome,grafo917.17,17,20,C,2,3,3,refutation,42,0.0,1
rome,grafo9153.74,74,106,C,6,9,8,refutation,505167,0.573,1
rome,grafo9046.84,84,113,C,6,9,8,refutation,4681954,4.457,1
rome,grafo8963.92,92,139,C,7,12,11,budget,14809397,10.025,1
rome,grafo9170.65,65,94,C,6,9,8,refutation,152615,0.2,1
rome,grafo9165.68,68,91,C,5,7,7,refutation,304470,0.3,1
rome,grafo9091.86,86,111,C,6,9,8,refutation,4212442,3.63,1
rome,grafo9169.67,67,106,C,6,9,9,refutation,297090,0.261,1
rome,grafo9147.75,75,106,C,6,9,8,refutation,1525397,1.024,1
rome,grafo9175.70,70,94,C,5,8,7,refutation,94031,0.127,1
rome,grafo9137.82,82,106,C,5,8,8,refutation,1821347,1.752,1
rome,grafo918.24,24,24,C,2,3,2,bound,63,0.001,1
rome,grafo9179.63,63,74,C,4,5,5,refutation,12159,0.023,1
rome,grafo9178.64,64,87,C,5,8,7,refutation,127818,0.122,1
rome,grafo916.83,83,110,C,5,8,7,refutation,589776,0.734,1
rome,grafo9174.81,81,103,C,5,7,6,refutation,190050,0.217,1
rome,grafo9180.64,64,80,C,4,7,6,refutation,45887,0.064,1
rome,grafo9176.67,67,90,C,5,8,7,refutation,125469,0.222,1
rome,grafo9184.61,61,85,C,5,8,7,refutation,37400,0.07,1
rome,grafo9183.69,69,85,C,4,6,6,refutation,74155,0.082,1
rome,grafo9185.64,64,89,C,5,8,7,refutation,97027,0.105,1
rome,grafo9177.83,83,106,C,5,7,6,refutation,159237,0.271,1
rome,grafo919.12,12,14,C,2,2,2,bound,0,0.0,1
rome,grafo9186.62,62,82,C,5,7,7,refutation,127742,0.15,1
rome,grafo9191.69,69,90,C,5,6,6,refutation,41386,0.058,1
rome,grafo9190.80,80,104,C,5,7,6,refutation,72711,0.097,1
rome,grafo9193.73,73,101,C,5,7,6,refutation,29547,0.046,1
rome,grafo9188.75,75,92,C,5,7,6,refutation,125289,0.179,1
rome,grafo9194.62,62,78,C,4,6,6,refutation,28651,0.051,1
rome,grafo9195.66,66,86,C,5,7,6,refutation,51639,0.066,1
rome,grafo8969.94,94,134,C,6,10,9,budget,15216249,10.008,1
rome,grafo9112.82,82,120,C,6,10,9,refutation,3646214,3.542,1
rome,grafo920.24,24,25,C,2,3,2,bound,27,0.0,1
rome,grafo9161.75,75,112,C,6,9,9,refutation,1246706,1.051,1
rome,grafo9192.67,67,95,C,6,8,8,refutation,261190,0.311,1
rome,grafo8970.97,97,127,C,6,10,9,budget,11358508,10.011,1
rome,grafo9189.77,77,102,C,4,8,8,refutation,731571,0.484,1
rome,grafo9203.68,68,79,C,3,5,4,refutation,3322,0.008,1
rome,grafo9200.68,68,94,C,5,8,8,refutation,304102,0.227,1
rome,grafo9181.67,67,95,C,6,9,9,refutation,973063,0.713,1
rome,grafo9206.66,66,84,C,4,7,6,refutation,67247,0.085,1
rome,grafo9172.86,86,122,C,6,9,8,refutation,839187,1.149,1
rome,grafo9209.66,66,80,C,4,6,5,refutation,11300,0.02,1
rome,grafo921.16,16,18,C,2,2,2,bound,0,0.0,1
rome,grafo9173.71,71,105,C,6,9,8,refutation,919967,1.148,1
rome,grafo9205.80,80,112,C,5,8,7,refutation,257053,0.292,1
rome,grafo9208.76,76,109,C,6,8,7,refutation,234300,0.195,1
rome,grafo9211.63,63,91,C,5,7,7,refutation,43275,0.088,1
rome,grafo9214.66,66,95,C,5,8,7,refutation,69792,0.131,1
rome,grafo8976.85,85,118,C,6,9,9,budget,11399168,10.01,1
rome,grafo9215.69,69,90,C,5,7,6,refutation,50158,0.061,1
rome,grafo9202.71,71,107,C,6,9,8,refutation,875397,0.672,1
rome,grafo9210.78,78,108,C,5,7,7,refutation,203751,0.354,1
rome,grafo9216.65,65,81,C,4,6,6,refutation,74538,0.086,1
rome,grafo922.14,14,19,C,3,3,3,bound,0,0.0,1
rome,grafo9127.84,84,120,C,6,10,9,refutation,3753112,3.693,1
rome,grafo9197.70,70,101,C,6,9,8,refutation,1517959,1.065,1
rome,grafo9219.65,65,87,C,5,8,7,refutation,225782,0.273,1
rome,grafo9220.67,67,101,C,6,9,8,refutation,181559,0.268,1
rome,grafo9213.77,77,115,C,6,9,8,refutation,472617,0.542,1
rome,grafo9207.64,64,99,C,7,10,9,refutation,664304,0.797,1
rome,grafo9225.62,62,77,C,4,7,6,refutation,32018,0.049,1
rome,grafo9221.63,63,100,C,7,9,9,refutation,328741,0.254,1
rome,grafo9223.65,65,85,C,5,6,6,refutation,75015,0.181,1
rome,grafo9226.75,75,96,C,5,7,7,refutation,164423,0.165,1
rome,grafo923.17,17,22,C,3,3,3,bound,0,0.0,1
rome,grafo9199.77,77,113,C,6,10,9,refutation,1797639,1.482,1
rome,grafo9140.85,85,123,C,6,9,9,refutation,3342771,3.195,1
rome,grafo9229.77,77,99,C,4,6,6,refutation,86649,0.211,1
rome,grafo9233.64,64,84,C,4,5,5,refutation,6000,0.028,1
rome,grafo9218.80,80,108,C,6,9,8,refutation,766470,0.744,1
rome,grafo9166.81,81,119,C,6,10,9,refutation,2063495,2.413,1
rome,grafo9234.63,63,87,C,5,7,6,refutation,44824,0.127,1
rome,grafo9232.69,69,94,C,6,8,7,refutation,174725,0.228,1
rome,grafo9222.82,82,113,C,5,9,8,refutation,1086570,0.781,1
rome,grafo9239.62,62,85,C,5,7,6,refutation,28957,0.04,1
rome,grafo924.19,19,21,C,3,4,3,bound,19,0.0,1
rome,grafo9240.77,77,92,C,4,6,5,refutation,20622,0.034,1
rome,grafo9224.65,65,100,C,6,9,9,refutation,940042,0.731,1
rome,grafo9235.72,72,93,C,5,8,7,refutation,183868,0.303,1
rome,grafo9196.81,81,121,C,6,10,9,refutation,1940095,1.969,1
rome,grafo9238.85,85,103,C,5,7,6,refutation,143369,0.272,1
rome,grafo8991.99,99,133,C,6,10,9,budget,10892337,10.014,1
rome,grafo9201.83,83,110,C,5,8,8,refutation,2492457,1.964,1
rome,grafo9244.79,79,98,C,4,6,6,refutation,117897,0.162,1
rome,grafo9242.72,72,96,C,5,7,7,refutation,185691,0.197,1
rome,grafo9246.63,63,89,C,5,8,7,refutation,83670,0.096,1
rome,grafo925.21,21,31,C,4,4,4,bound,0,0.0,1
rome,grafo9250.73,73,100,C,5,7,6,refutation,36577,0.057,1
rome,grafo9243.78,78,102,C,4,8,7,refutation,211698,0.304,1
rome,grafo9187.67,67,93,C,6,9,9,refutation,2819933,2.503,1
rome,grafo9241.89,89,108,C,5,7,6,refutation,455143,0.363,1
rome,grafo8997.96,96,141,C,6,12,11,budget,16591937,10.025,1
rome,grafo9255.67,67,86,C,5,7,6,refutation,57190,0.078,1
rome,grafo9251.65,65,96,C,5,9,8,refutation,216414,0.189,1
rome,grafo9253.76,76,105,C,5,8,7,refutation,151007,0.222,1
rome,grafo9257.62,62,85,C,5,7,6,refutation,74364,0.081,1
rome,grafo9247.79,79,99,C,5,7,7,refutation,582499,0.418,1
rome,grafo926.14,14,17,C,2,3,2,bound,13,0.0,1
rome,grafo9248.64,64,93,C,6,9,8,refutation,598982,0.428,1
rome,grafo9254.81,81,105,C,5,8,7,refutation,346387,0.271,1
rome,grafo9260.68,68,94,C,5,7,6,refutation,43056,0.058,1
rome,grafo9111.85,85,118,C,6,10,9,refutation,5318059,6.046,1
rome,grafo9262.72,72,96,C,5,7,6,refutation,46823,0.062,1
rome,grafo9258.62,62,86,C,5,7,6,refutation,65033,0.157,1
rome,grafo9237.82,82,112,C,5,9,8,refutation,884488,0.898,1
rome,grafo9265.62,62,83,C,5,7,6,refutation,46114,0.056,1
rome,grafo9264.70,70,89,C,4,6,6,refutation,29623,0.09,1
rome,grafo9249.66,66,96,C,6,8,8,refutation,562243,0.704,1
rome,grafo927.11,11,10,C,1,2,1,bound,11,0.0,1
rome,grafo9259.64,64,92,C,6,9,8,refutation,435570,0.332,1
rome,grafo9266.66,66,93,C,6,8,7,refutation,171854,0.198,1
rome,grafo9204.71,71,106,C,6,10,10,refutation,2351583,2.588,1
rome,grafo9256.79,79,98,C,5,7,7,refutation,411181,0.486,1
rome,grafo9272.65,65,81,C,4,6,5,refutation,16651,0.054,1
rome,grafo9270.63,63,79,C,4,7,6,refutation,73866,0.183,1
rome,grafo9274.65,65,91,C,6,8,7,refutation,146393,0.166,1
rome,grafo9271.66,66,92,C,5,8,8,refutation,355549,0.273,1
rome,grafo9269.64,64,94,C,6,9,8,refutation,276129,0.417,1
rome,grafo9212.82,82,124,C,7,10,9,refutation,2913434,2.57,1
rome,grafo928.13,13,15,C,2,3,3,refutation,18,0.0,1
rome,grafo9280.62,62,75,C,4,5,5,refutation,13565,0.024,1
rome,grafo9278.61,61,85,C,5,7,6,refutation,63724,0.079,1
rome,grafo9281.75,75,96,C,5,7,6,refutation,27278,0.044,1
rome,grafo9228.81,81,117,C,7,10,9,refutation,2661479,1.996,1
rome,grafo9282.68,68,81,C,4,6,5,refutation,23050,0.038,1
rome,grafo9283.66,66,90,C,5,7,6,refutation,51970,0.079,1
rome,grafo9245.82,82,110,C,5,8,8,refutation,1361935,1.298,1
rome,grafo9277.76,76,102,C,6,8,7,refutation,360458,0.305,1
rome,grafo9287.69,69,88,C,4,7,6,refutation,71656,0.097,1
rome,grafo9004.85,85,120,C,5,10,9,budget,12771139,10.013,1
rome,grafo929.16,16,21,C,3,3,3,bound,0,0.0,1
rome,grafo9286.77,77,99,C,4,7,6,refutation,151615,0.144,1
rome,grafo9288.67,67,93,C,6,8,7,refutation,71244,0.101,1
rome,grafo9267.79,79,107,C,5,9,8,refutation,738431,0.861,1
rome,grafo9008.91,91,136,C,7,11,11,budget,6217728,10.031,1
rome,grafo9291.63,63,88,C,5,8,7,refutation,179435,0.161,1
rome,grafo9290.75,75,103,C,6,8,7,refutation,230395,0.187,1
rome,grafo9292.63,63,88,C,5,8,7,refutation,179435,0.166,1
rome,grafo9012.91,91,129,C,6,10,9,budget,12833136,10.022,1
rome,grafo9296.71,71,94,C,5,6,6,refutation,63157,0.074,1
rome,grafo9297.70,70,96,C,5,7,6,refutation,70355,0.085,1
rome,grafo930.13,13,19,C,3,3,3,bound,0,0.0,1
rome,grafo9268.78,78,117,C,7,10,9,refutation,1375708,1.083,1
rome,grafo9276.72,72,101,C,5,8,8,refutation,620624,0.76,1
rome,grafo9298.63,63,85,C,5,7,6,refutation,76752,0.112,1
rome,grafo9302.66,66,80,C,4,5,5,refutation,14373,0.046,1
rome,grafo9301.61,61,77,C,4,6,6,refutation,59714,0.091,1
rome,grafo9163.72,72,112,C,6,10,10,refutation,4684538,4.672,1
rome,grafo9305.62,62,74,C,4,6,5,refutation,21907,0.033,1
rome,grafo9300.70,70,96,C,5,8,7,refutation,153974,0.162,1
rome,grafo9294.84,84,100,C,4,7,6,refutation,204136,0.392,1
rome,grafo9263.76,76,106,C,6,9,8,refutation,1354935,1.334,1
rome,grafo931.13,13,15,C,3,3,3,bound,0,0.0,1
rome,grafo9293.74,74,99,C,4,8,7,refutation,336296,0.411,1
rome,grafo9295.66,66,96,C,6,9,8,refutation,290481,0.374,1
rome,grafo9304.65,65,91,C,5,8,8,refutation,203000,0.217,1
rome,grafo9311.68,68,88,C,5,8,7,refutation,95473,0.179,1
rome,grafo9027.87,87,129,C,7,12,11,budget,8929375,10.02,1
rome,grafo9308.63,63,93,C,5,9,8,refutation,193252,0.302,1
rome,grafo9317.65,65,80,C,4,5,5,refutation,14540,0.048,1
rome,grafo9284.68,68,94,C,6,8,8,refutation,1513741,1.076,1
rome,grafo9119.80,80,120,C,7,10,9,refutation,9667702,7.376,1
rome,grafo932.28,28,35,C,4,4,4,bound,0,0.001,1
rome,grafo9309.78,78,98,C,5,8,7,refutation,376098,0.635,1
rome,grafo9312.83,83,111,C,5,8,7,refutation,738670,0.601,1
rome,grafo9310.74,74,101,C,5,8,8,refutation,851335,0.68,1
rome,grafo9150.82,82,114,C,5,9,9,refutation,8515475,6.009,1
rome,grafo9322.67,67,92,C,5,6,6,refutation,51996,0.07,1
rome,grafo9320.66,66,87,C,5,7,7,refutation,239195,0.2,1
rome,grafo9323.79,79,95,C,4,6,5,refutation,45207,0.072,1
rome,grafo9275.79,79,110,C,6,9,8,refutation,1949570,1.798,1
rome,grafo9325.63,63,86,C,5,7,7,refutation,87379,0.102,1
rome,grafo9303.90,90,114,C,5,8,7,refutation,1468891,1.059,1
rome,grafo933.12,12,11,C,1,1,1,bound,0,0.0,1
rome,grafo9328.68,68,99,C,6,8,7,refutation,99531,0.175,1
rome,grafo9329.65,65,91,C,5,7,7,refutation,177647,0.152,1
rome,grafo9326.77,77,98,C,5,8,7,refutation,371321,0.266,1
rome,grafo9285.86,86,115,C,6,9,8,refutation,2119287,1.803,1
rome,grafo9330.69,69,92,C,5,7,7,refutation,281776,0.207,1
rome,grafo9056.96,96,135,C,6,9,9,budget,10444800,10.009,1
rome,grafo9336.63,63,89,C,5,8,7,refutation,90326,0.123,1
rome,grafo9321.64,64,103,C,7,10,9,refutation,552434,0.84,1
rome,grafo9318.81,81,108,C,5,9,8,refutation,1161578,1.141,1
rome,grafo9335.78,78,104,C,4,8,7,refutation,311491,0.404,1
rome,grafo934.16,16,22,C,3,4,4,refutation,94,0.001,1
rome,grafo9319.82,82,108,C,5,8,8,refutation,1934783,1.466,1
rome,grafo9332.89,89,116,C,4,8,7,refutation,763416,0.916,1
rome,grafo9339.83,83,108,C,5,8,7,refutation,616839,0.524,1
rome,grafo9340.88,88,117,C,5,7,7,refutation,327284,0.451,1
rome,grafo9279.72,72,109,C,6,10,9,refutation,2936175,2.874,1
rome,grafo9341.73,73,100,C,5,8,7,refutation,377533,0.264,1
rome,grafo9345.67,67,90,C,5,8,6,refutation,40592,0.06,1
rome,grafo9342.72,72,92,C,5,8,7,refutation,354744,0.422,1
rome,grafo9347.96,96,119,C,5,8,6,refutation,212800,0.205,1
rome,grafo9349.64,64,74,C,3,5,4,refutation,2835,0.007,1
rome,grafo935.21,21,38,C,4,5,4,bound,18,0.0,1
rome,grafo9289.89,89,126,C,6,9,8,refutation,2679248,2.872,1
rome,grafo9351.73,73,89,C,3,6,5,refutation,12418,0.023,1
rome,grafo9343.80,80,103,C,5,7,7,refutation,404832,0.418,1
rome,grafo9350.63,63,85,C,5,7,6,refutation,24138,0.059,1
rome,grafo9334.68,68,101,C,6,9,9,refutation,1469776,1.313,1
rome,grafo9348.77,77,95,C,5,7,6,refutation,70109,0.137,1
rome,grafo9354.68,68,87,C,5,7,6,refutation,57613,0.089,1
rome,grafo9306.83,83,112,C,6,9,8,refutation,3011131,2.632,1
rome,grafo9231.81,81,116,C,6,10,9,refutation,4471971,5.088,1
rome,grafo9358.62,62,82,C,5,7,6,refutation,33628,0.101,1
rome,grafo936.12,12,12,C,2,2,2,bound,0,0.0,1
rome,grafo9352.80,80,99,C,5,7,7,refutation,342157,0.291,1
rome,grafo9360.63,63,80,C,4,6,5,refutation,18224,0.052,1
rome,grafo9359.62,62,84,C,5,7,6,refutation,51330,0.129,1
rome,grafo9346.91,91,114,C,5,8,7,refutation,973969,0.692,1
rome,grafo9361.65,65,81,C,4,7,7,refutation,123836,0.13,1
rome,grafo9365.63,63,83,C,4,6,6,refutation,25802,0.042,1
rome,grafo9364.64,64,91,C,5,7,6,refutation,31454,0.099,1
rome,grafo9366.66,66,85,C,4,6,6,refutation,33091,0.05,1
rome,grafo9363.70,70,95,C,5,8,7,refutation,250644,0.251,1
rome,grafo9367.61,61,77,C,4,6,6,refutation,95059,0.166,1
rome,grafo937.11,11,10,C,1,2,2,refutation,9,0.0,1
rome,grafo9368.72,72,93,C,5,8,7,refutation,215127,0.197,1
rome,grafo9370.66,66,88,C,4,7,7,refutation,59823,0.097,1
rome,grafo9369.69,69,89,C,4,8,6,refutation,85073,0.125,1
rome,grafo9273.78,78,112,C,6,10,9,refutation,3296290,4.304,1
rome,grafo9373.70,70,87,C,4,7,6,refutation,45154,0.062,1
rome,grafo9122.79,79,111,C,6,10,10,budget,11796480,10.016,1
rome,grafo9375.65,65,76,C,4,6,4,bound,6104,0.022,1
rome,grafo9374.65,65,85,C,5,7,6,refutation,38122,0.07,1
rome,grafo9378.68,68,81,C,4,5,5,refutation,9268,0.016,1
rome,grafo9379.61,61,76,C,4,5,5,refutation,5698,0.011,1
rome,grafo938.10,10,14,C,3,3,3,bound,0,0.0,1
rome,grafo9376.71,71,84,C,4,6,6,refutation,58440,0.107,1
rome,grafo9344.98,98,130,C,5,8,7,refutation,1320775,1.38,1
rome,grafo9382.67,67,83,C,5,7,6,refutation,37328,0.091,1
rome,grafo9372.78,78,105,C,5,8,7,refutation,275834,0.319,1
rome,grafo9356.66,66,101,C,6,9,9,refutation,833963,1.029,1
rome,grafo9383.63,63,87,C,5,7,6,refutation,24502,0.039,1
rome,grafo9385.63,63,83,C,5,6,6,refutation,22920,0.038,1
rome,grafo9386.66,66,86,C,5,6,6,refutation,71098,0.109,1
rome,grafo9377.72,72,101,C,6,8,8,refutation,324941,0.44,1
rome,grafo9388.66,66,80,C,5,7,6,refutation,34373,0.081,1
rome,grafo939.15,15,16,C,2,2,2,bound,0,0.0,1
rome,grafo9387.66,66,84,C,5,7,7,refutation,154634,0.225,1
rome,grafo9391.61,61,78,C,4,6,5,refutation,11975,0.043,1
rome,grafo9135.85,85,129,C,6,11,10,budget,13023112,10.01,1
rome,grafo9331.85,85,111,C,5,9,8,refutation,3448274,2.932,1
rome,grafo9384.64,64,88,C,6,8,7,refutation,360977,0.443,1
rome,grafo9355.84,84,117,C,6,9,8,refutation,1501701,1.57,1
rome,grafo9353.75,75,113,C,7,10,9,refutation,1725744,1.651,1
rome,grafo9390.63,63,94,C,6,9,8,refutation,342959,0.333,1
rome,grafo9380.62,62,96,C,6,9,9,refutation,894346,0.768,1
rome,grafo9393.66,66,88,C,5,8,7,refutation,251253,0.227,1
rome,grafo940.20,20,22,C,2,3,3,refutation,58,0.001,1
rome,grafo9324.66,66,106,C,7,11,10,refutation,4166392,3.424,1
rome,grafo9395.79,79,99,C,5,8,6,refutation,120312,0.183,1
rome,grafo9139.85,85,122,C,6,10,9,budget,7724766,10.019,1
rome,grafo9394.64,64,87,C,5,7,7,refutation,180979,0.244,1
rome,grafo9400.63,63,85,C,5,7,6,refutation,22098,0.036,1
rome,grafo9402.64,64,90,C,5,6,6,refutation,13106,0.049,1
rome,grafo9405.62,62,82,C,4,7,6,refutation,55812,0.07,1
rome,grafo9398.66,66,90,C,5,8,7,refutation,120848,0.175,1
rome,grafo9389.77,77,99,C,5,7,7,refutation,539216,0.54,1
rome,grafo9404.65,65,93,C,5,8,7,refutation,71890,0.119,1
rome,grafo941.29,29,35,C,3,4,3,bound,24,0.001,1
rome,grafo9408.61,61,89,C,5,7,6,refutation,23434,0.038,1
rome,grafo9403.66,66,91,C,5,8,7,refutation,136786,0.159,1
rome,grafo9392.71,71,94,C,5,8,7,refutation,438228,0.55,1
rome,grafo9397.78,78,96,C,4,7,6,refutation,265316,0.317,1
rome,grafo9371.77,77,103,C,5,8,8,refutation,1167184,1.333,1
rome,grafo9316.86,86,109,C,5,8,8,refutation,4710729,4.287,1
rome,grafo9415.65,65,85,C,5,8,7,refutation,109532,0.114,1
rome,grafo9417.65,65,88,C,4,7,6,refutation,36526,0.057,1
rome,grafo9418.74,74,94,C,4,6,6,refutation,30434,0.048,1
rome,grafo9419.60,60,83,C,5,7,6,refutation,21804,0.034,1
rome,grafo9410.67,67,93,C,6,9,8,refutation,567595,0.458,1
rome,grafo942.31,31,35,C,2,3,3,refutation,135,0.001,1
rome,grafo9411.65,65,95,C,6,8,8,refutation,343634,0.439,1
rome,grafo9420.64,64,85,C,4,6,6,refutation,22767,0.037,1
rome,grafo9399.69,69,96,C,5,9,8,refutation,602002,0.657,1
rome,grafo9424.63,63,85,C,5,7,6,refutation,32584,0.045,1
rome,grafo9401.80,80,102,C,5,7,7,refutation,866320,0.697,1
rome,grafo9381.79,79,104,C,5,8,8,refutation,1152129,1.495,1
rome,grafo9416.67,67,90,C,6,8,7,refutation,250303,0.37,1
rome,grafo9425.78,78,100,C,5,8,7,refutation,187331,0.171,1
rome,grafo9423.72,72,100,C,5,8,7,refutation,276986,0.25,1
rome,grafo943.21,21,26,C,4,4,4,bound,0,0.0,1
rome,grafo9430.65,65,76,C,4,5,5,refutation,35170,0.047,1
rome,grafo9427.72,72,99,C,5,8,7,refutation,119253,0.206,1
rome,grafo9307.82,82,117,C,6,10,9,refutation,4372277,5.147,1
rome,grafo9426.65,65,106,C,7,10,9,refutation,486621,0.587,1
rome,grafo9171.84,84,124,C,7,11,9,budget,11797893,10.019,1
rome,grafo9409.86,86,113,C,5,9,8,refutation,1459495,1.202,1
rome,grafo9435.72,72,99,C,5,7,6,refutation,43390,0.129,1
rome,grafo9433.65,65,101,C,6,9,9,refutation,536393,0.486,1
rome,grafo9437.64,64,82,C,4,6,5,refutation,11257,0.059,1
rome,grafo9407.78,78,102,C,5,9,8,refutation,2232714,1.451,1
rome,grafo944.14,14,13,C,1,2,2,refutation,18,0.0,1
rome,grafo9431.79,79,103,C,5,8,7,refutation,803601,0.716,1
rome,grafo9438.76,76,103,C,5,8,7,refutation,200629,0.213,1
rome,grafo9442.63,63,81,C,5,6,6,refutation,23116,0.035,1
rome,grafo9338.86,86,111,C,5,9,8,refutation,3049427,4.446,1
rome,grafo9440.83,83,108,C,5,7,7,refutation,414923,0.306,1
rome,grafo9444.65,65,96,C,5,8,8,refutation,90105,0.116,1
rome,grafo9446.62,62,86,C,5,7,6,refutation,26821,0.06,1
rome,grafo9198.81,81,131,C,7,11,10,budget,12370802,10.024,1
rome,grafo9447.64,64,83,C,4,6,5,refutation,11201,0.02,1
rome,grafo9439.78,78,105,C,5,8,7,refutation,281240,0.518,1
rome,grafo945.17,17,22,C,3,3,3,bound,0,0.0,1
rome,grafo9428.85,85,115,C,6,9,8,refutation,1472282,1.278,1
rome,grafo9451.61,61,97,C,6,10,9,refutation,119521,0.139,1
rome,grafo9333.80,80,112,C,6,10,9,refutation,7122127,5.319,1
rome,grafo9448.78,78,106,C,6,8,7,refutation,268864,0.391,1
rome,grafo9452.66,66,92,C,5,8,7,refutation,180553,0.201,1
rome,grafo9441.73,73,98,C,5,8,8,refutation,834901,0.806,1
rome,grafo9421.82,82,114,C,5,9,8,refutation,2158804,1.889,1
rome,grafo9455.63,63,80,C,5,7,6,refutation,33191,0.097,1
rome,grafo9458.71,71,94,C,4,6,5,refutation,13967,0.048,1
rome,grafo9456.65,65,82,C,4,6,6,refutation,53310,0.103,1
rome,grafo946.22,22,25,C,2,3,3,refutation,65,0.001,1
rome,grafo9460.64,64,78,C,4,5,5,refutation,11752,0.022,1
rome,grafo9443.82,82,110,C,6,9,8,refutation,1057461,0.909,1
rome,grafo9217.88,88,122,C,5,10,9,budget,14613196,10.008,1
rome,grafo9461.78,78,114,C,6,8,8,refutation,316526,0.379,1
rome,grafo9463.77,77,103,C,5,7,7,refutation,326771,0.239,1
rome,grafo9227.88,88,125,C,6,10,10,budget,13283328,10.009,1
rome,grafo9445.89,89,118,C,5,8,8,refutation,1966511,1.395,1
rome,grafo9466.69,69,86,C,5,6,6,refutation,62100,0.08,1
rome,grafo9467.64,64,75,C,4,5,4,bound,1636,0.005,1
rome,grafo9449.72,72,100,C,6,9,8,refutation,1213175,1.304,1
rome,grafo947.15,15,24,C,4,4,4,bound,0,0.0,1
rome,grafo9230.83,83,120,C,7,11,10,budget,12294115,10.025,1
rome,grafo9469.85,85,109,C,4,7,6,refutation,105356,0.134,1
rome,grafo9472.68,68,92,C,5,8,7,refutation,126496,0.117,1
rome,grafo9473.64,64,79,C,4,5,5,refutation,12241,0.021,1
rome,grafo9236.80,80,120,C,6,11,10,budget,14412265,10.028,1
rome,grafo9470.65,65,87,C,5,8,7,refutation,180069,0.325,1
rome,grafo9474.70,70,90,C,5,7,6,refutation,68839,0.088,1
rome,grafo9475.65,65,84,C,4,6,6,refutation,34456,0.058,1
rome,grafo9462.68,68,99,C,6,9,9,refutation,1189576,1.091,1
rome,grafo9477.63,63,87,C,5,8,7,refutation,77331,0.097,1
rome,grafo948.15,15,20,C,3,3,3,bound,0,0.0,1
rome,grafo9413.80,80,111,C,6,9,9,refutation,3161622,3.537,1
rome,grafo9478.78,78,100,C,5,7,6,refutation,124829,0.19,1
rome,grafo9481.67,67,90,C,6,7,7,refutation,229863,0.173,1
rome,grafo9484.60,60,78,C,5,7,6,refutation,30212,0.04,1
rome,grafo9485.73,73,98,C,5,8,7,refutation,228025,0.205,1
rome,grafo9252.84,84,119,C,7,11,10,budget,13512901,10.02,1
rome,grafo9482.79,79,104,C,5,8,7,refutation,318024,0.594,1
rome,grafo9488.65,65,80,C,4,5,5,refutation,10352,0.037,1
rome,grafo9261.82,82,120,C,6,10,9,budget,10666070,10.026,1
rome,grafo949.10,10,10,C,2,2,2,bound,0,0.0,1
rome,grafo9487.73,73,96,C,5,7,7,refutation,232379,0.314,1
rome,grafo9422.86,86,124,C,7,9,9,refutation,4034528,4.169,1
rome,grafo9491.79,79,97,C,5,7,6,refutation,145609,0.309,1
rome,grafo9486.81,81,116,C,5,9,8,refutation,1382741,0.966,1
rome,grafo9494.61,61,80,C,5,6,5,bound,1897,0.005,1
rome,grafo9468.79,79,109,C,6,9,8,refutation,2826557,1.881,1
rome,grafo9496.64,64,89,C,5,8,7,refutation,211354,0.165,1
rome,grafo9465.82,82,112,C,5,9,8,refutation,2084668,2.517,1
rome,grafo9492.80,80,106,C,5,8,7,refutation,956733,0.785,1
rome,grafo9299.92,92,126,C,6,10,9,budget,13509627,10.009,1
rome,grafo950.19,19,23,C,2,3,2,bound,26,0.0,1
rome,grafo9499.66,66,88,C,5,7,7,refutation,77964,0.13,1
rome,grafo9434.83,83,117,C,6,10,9,refutation,5859371,4.41,1
rome,grafo9500.83,83,117,C,6,8,7,refutation,369827,0.28,1
rome,grafo9476.79,79,109,C,6,9,8,refutation,1563234,2.311,1
rome,grafo9489.83,83,110,C,5,8,8,refutation,932648,1.538,1
rome,grafo9314.88,88,123,C,7,10,9,budget,12390495,10.019,1
rome,grafo9483.83,83,109,C,5,8,8,refutation,2861435,2.145,1
rome,grafo9504.64,64,88,C,5,7,6,refutation,28581,0.095,1
rome,grafo9315.87,87,117,C,6,10,9,budget,10428138,10.014,1
rome,grafo9505.75,75,97,C,5,6,6,refutation,53585,0.081,1
rome,grafo951.13,13,18,C,2,2,2,bound,0,0.0,1
rome,grafo9479.68,68,105,C,6,11,10,refutation,2805384,2.342,1
rome,grafo9454.70,70,109,C,7,10,10,refutation,4300767,3.739,1
rome,grafo9502.75,75,111,C,6,9,8,refutation,603712,0.454,1
rome,grafo9509.64,64,91,C,5,7,7,refutation,91737,0.124,1
rome,grafo9507.66,66,96,C,6,8,8,refutation,191664,0.184,1
rome,grafo9498.71,71,95,C,5,8,8,refutation,461859,0.673,1
rome,grafo9513.74,74,100,C,5,8,7,refutation,104653,0.108,1
rome,grafo9508.69,69,86,C,4,7,6,refutation,109628,0.233,1
rome,grafo9510.65,65,89,C,5,8,7,refutation,152647,0.223,1
rome,grafo9519.65,65,85,C,4,5,5,refutation,6061,0.013,1
rome,grafo952.19,19,22,C,2,2,2,bound,0,0.0,1
rome,grafo9517.63,63,76,C,4,6,6,refutation,77619,0.082,1
rome,grafo9501.66,66,105,C,6,10,9,refutation,925846,0.699,1
rome,grafo9515.67,67,89,C,4,7,7,refutation,264555,0.207,1
rome,grafo9506.70,70,91,C,5,8,7,refutation,236375,0.435,1
rome,grafo9514.68,68,89,C,5,8,7,refutation,284806,0.279,1
rome,grafo9503.77,77,109,C,6,9,8,refutation,1010578,0.667,1
rome,grafo9327.89,89,128,C,6,10,9,budget,13053699,10.012,1
rome,grafo9512.65,65,93,C,6,9,8,refutation,428408,0.526,1
rome,grafo9523.64,64,85,C,4,7,7,refutation,222196,0.212,1
rome,grafo9518.68,68,90,C,5,7,7,refutation,289537,0.456,1
rome,grafo953.18,18,18,C,2,2,2,bound,0,0.0,1
rome,grafo9457.79,79,110,C,6,10,9,refutation,4835682,4.255,1
rome,grafo9497.85,85,114,C,5,8,8,refutation,2102230,1.434,1
rome,grafo9528.63,63,92,C,5,9,8,refutation,102388,0.137,1
rome,grafo9453.80,80,114,C,6,9,9,refutation,4762769,4.571,1
rome,grafo9516.64,64,92,C,6,8,8,refutation,863538,0.557,1
rome,grafo9511.84,84,119,C,5,8,7,refutation,483348,0.768,1
rome,grafo9535.61,61,78,C,5,8,6,refutation,121440,0.166,1
rome,grafo9531.84,84,111,C,5,7,7,refutation,275064,0.249,1
rome,grafo9525.78,78,102,C,5,8,7,refutation,540648,0.53,1
rome,grafo9526.72,72,98,C,6,8,8,refutation,594358,0.409,1
rome,grafo954.12,12,11,C,1,2,2,refutation,12,0.0,1
rome,grafo9490.80,80,120,C,7,10,9,refutation,2018028,2.566,1
rome,grafo9532.80,80,94,C,5,8,6,refutation,337511,0.349,1
rome,grafo9522.79,79,105,C,6,9,8,refutation,620181,0.709,1
rome,grafo9337.86,86,124,C,6,10,10,budget,12349440,10.01,1
rome,grafo9543.65,65,92,C,6,8,7,refutation,98273,0.107,1
rome,grafo9540.68,68,95,C,5,8,7,refutation,304875,0.23,1
rome,grafo9534.71,71,98,C,5,9,8,refutation,499461,0.474,1
rome,grafo9520.79,79,109,C,5,9,8,refutation,1118490,0.98,1
rome,grafo9521.79,79,104,C,5,9,8,refutation,1229165,0.943,1
rome,grafo9495.67,67,96,C,6,9,9,refutation,2983943,2.162,1
rome,grafo955.13,13,12,C,1,2,2,refutation,13,0.0,1
rome,grafo9537.69,69,89,C,5,7,7,refutation,246438,0.375,1
rome,grafo9545.75,75,92,C,4,7,6,refutation,105846,0.121,1
rome,grafo9548.65,65,79,C,5,6,6,refutation,46257,0.065,1
rome,grafo9529.87,87,105,C,4,7,7,refutation,942678,0.771,1
rome,grafo9459.79,79,119,C,7,10,10,refutation,4554897,4.857,1
rome,grafo9551.78,78,92,C,4,7,5,refutation,54796,0.085,1
rome,grafo9555.70,70,92,C,5,8,7,refutation,68618,0.083,1
rome,grafo9536.66,66,93,C,6,8,8,refutation,632053,0.671,1
rome,grafo9554.74,74,91,C,4,7,6,refutation,84672,0.109,1
rome,grafo9533.82,82,112,C,6,8,8,refutation,1033113,0.752,1
rome,grafo956.14,14,15,C,2,2,2,bound,0,0.0,1
rome,grafo9546.66,66,92,C,6,8,8,refutation,386264,0.278,1
rome,grafo9549.78,78,97,C,4,7,7,refutation,258743,0.26,1
rome,grafo9559.64,64,84,C,5,7,6,refutation,55547,0.073,1
rome,grafo9544.62,62,91,C,6,9,8,refutation,557965,0.379,1
rome,grafo9556.62,62,87,C,5,8,7,refutation,115266,0.201,1
rome,grafo9547.63,63,89,C,5,9,7,refutation,303254,0.363,1
rome,grafo9563.63,63,85,C,4,7,6,refutation,22345,0.038,1
rome,grafo9564.74,74,99,C,5,7,6,refutation,52781,0.077,1
rome,grafo9561.83,83,105,C,4,7,6,refutation,158159,0.194,1
rome,grafo9562.66,66,91,C,5,7,7,refutation,148916,0.213,1
rome,grafo957.12,12,11,C,1,1,1,bound,0,0.0,1
rome,grafo9569.70,70,91,C,4,6,6,refutation,41250,0.054,1
rome,grafo9568.65,65,92,C,6,8,7,refutation,117494,0.122,1
rome,grafo9571.67,67,77,C,3,6,5,refutation,12746,0.023,1
rome,grafo9573.65,65,73,C,3,5,4,refutation,4925,0.01,1
rome,grafo9552.72,72,98,C,6,8,8,refutation,625501,0.504,1
rome,grafo9570.64,64,82,C,4,6,6,refutation,53219,0.099,1
rome,grafo9558.65,65,93,C,6,8,7,refutation,223808,0.362,1
rome,grafo9575.65,65,82,C,4,6,6,refutation,45668,0.058,1
rome,grafo9530.68,68,103,C,6,10,9,refutation,780038,1.196,1
rome,grafo9578.66,66,82,C,4,6,6,refutation,34390,0.048,1
rome,grafo958.13,13,16,C,3,3,3,bound,0,0.0,1
rome,grafo9539.71,71,114,C,6,10,9,refutation,773295,0.973,1
rome,grafo9574.74,74,107,C,6,9,8,refutation,230253,0.201,1
rome,grafo9582.80,80,101,C,4,6,6,refutation,96269,0.098,1
rome,grafo9567.67,67,96,C,6,8,8,refutation,513979,0.499,1
rome,grafo9560.80,80,100,C,5,8,7,refutation,581119,0.623,1
rome,grafo9583.62,62,77,C,4,7,6,refutation,41997,0.052,1
rome,grafo9566.70,70,100,C,6,8,8,refutation,826147,0.576,1
rome,grafo9587.62,62,93,C,6,8,7,refutation,45856,0.059,1
rome,grafo9579.63,63,92,C,6,9,8,refutation,193836,0.354,1
rome,grafo9357.99,99,147,C,7,13,12,budget,10846989,10.008,1
rome,grafo959.24,24,26,C,2,3,3,refutation,110,0.001,1
rome,grafo9412.82,82,117,C,6,9,9,refutation,6006054,8.244,1
rome,grafo9586.78,78,100,C,5,7,7,refutation,341009,0.287,1
rome,grafo9592.72,72,86,C,3,6,5,refutation,15408,0.025,1
rome,grafo9362.98,98,143,C,7,11,11,budget,10248192,10.019,1
rome,grafo9572.71,71,96,C,5,9,8,refutation,853661,0.846,1
rome,grafo9594.64,64,86,C,5,7,7,refutation,150790,0.206,1
rome,grafo9527.88,88,118,C,6,9,8,refutation,2042387,2.143,1
rome,grafo9588.62,62,100,C,6,9,9,refutation,603366,0.553,1
rome,grafo9541.80,80,105,C,5,9,8,refutation,1911847,1.771,1
rome,grafo960.26,26,27,C,2,2,2,bound,0,0.0,1
rome,grafo9598.62,62,80,C,5,7,6,refutation,44493,0.108,1
rome,grafo9600.65,65,82,C,4,6,6,refutation,41665,0.057,1
rome,grafo9601.64,64,99,C,5,8,7,refutation,43330,0.057,1
rome,grafo9589.62,62,100,C,6,9,9,refutation,603366,0.851,1
rome,grafo9493.87,87,122,C,6,10,9,refutation,4805379,4.35,1
rome,grafo9604.82,82,100,C,4,6,5,refutation,33695,0.12,1
rome,grafo9602.82,82,107,C,4,8,7,refutation,344167,0.398,1
rome,grafo9590.74,74,99,C,6,8,8,refutation,1518987,1.135,1
rome,grafo9608.83,83,98,C,4,6,5,refutation,25246,0.09,1
rome,grafo9585.86,86,122,C,7,9,8,refutation,1590233,1.469,1
rome,grafo961.10,10,10,C,2,2,2,bound,0,0.0,1
rome,grafo9524.84,84,116,C,5,8,8,refutation,2040660,3.179,1
rome,grafo9584.86,86,122,C,7,9,8,refutation,1590233,1.494,1
rome,grafo9609.63,63,92,C,5,9,8,refutation,116323,0.175,1
rome,grafo9612.79,79,99,C,4,8,6,refutation,178880,0.163,1
rome,grafo9597.96,96,120,C,5,8,7,refutation,873910,1.085,1
rome,grafo9610.67,67,94,C,5,7,7,refutation,138878,0.195,1
rome,grafo9396.88,88,123,C,6,9,9,budget,11579392,10.018,1
rome,grafo9591.73,73,107,C,6,8,8,refutation,1120309,1.541,1
rome,grafo9613.67,67,91,C,5,8,7,refutation,297316,0.241,1
rome,grafo9605.85,85,117,C,5,9,8,refutation,1129625,0.883,1
rome,grafo962.10,10,10,C,2,2,2,bound,0,0.0,1
rome,grafo9406.84,84,120,C,6,10,10,budget,13492224,10.02,1
rome,grafo9618.72,72,94,C,5,7,6,refutation,52825,0.14,1
rome,grafo9620.71,71,90,C,5,7,6,refutation,82902,0.099,1
rome,grafo9414.75,75,114,C,7,11,11,budget,13213696,10.01,1
rome,grafo9624.65,65,80,C,4,6,5,refutation,5894,0.011,1
rome,grafo9599.81,81,106,C,5,8,8,refutation,1307426,1.492,1
rome,grafo9625.74,74,92,C,4,6,6,refutation,68056,0.076,1
rome,grafo9616.63,63,94,C,6,9,9,refutation,534672,0.625,1
rome,grafo9557.79,79,116,C,6,10,9,refutation,3511033,2.982,1
rome,grafo9621.90,90,112,C,5,7,6,refutation,236814,0.41,1
rome,grafo963.19,19,21,C,2,3,3,refutation,82,0.003,1
rome,grafo9603.85,85,110,C,6,8,8,refutation,2038926,1.622,1
rome,grafo9628.81,81,107,C,6,8,7,refutation,401743,0.29,1
rome,grafo9627.80,80,98,C,5,8,7,refutation,408885,0.407,1
rome,grafo9429.86,86,127,C,6,11,10,budget,12570171,10.024,1
rome,grafo9632.68,68,91,C,5,7,7,refutation,166058,0.14,1
rome,grafo9623.82,82,109,C,6,8,8,refutation,887115,0.747,1
rome,grafo9633.64,64,88,C,6,8,7,refutation,133129,0.158,1
rome,grafo9432.89,89,122,C,6,10,9,budget,12782805,10.019,1
rome,grafo9637.62,62,81,C,4,7,6,refutation,26860,0.042,1
rome,grafo9639.72,72,80,C,3,6,5,refutation,31742,0.048,1
rome,grafo964.13,13,16,C,3,3,3,bound,0,0.0,1
rome,grafo9538.81,81,120,C,7,10,9,refutation,4619209,4.051,1
rome,grafo9595.86,86,120,C,6,9,8,refutation,2822737,2.446,1
rome,grafo9640.68,68,90,C,5,7,6,refutation,30046,0.048,1
rome,grafo9641.66,66,79,C,3,6,5,refutation,14334,0.051,1
rome,grafo9643.62,62,73,C,4,6,5,refutation,29509,0.041,1
rome,grafo9644.73,73,92,C,4,6,5,refutation,11532,0.025,1
rome,grafo9645.75,75,94,C,4,6,5,refutation,18455,0.033,1
rome,grafo9642.69,69,91,C,5,7,6,refutation,38235,0.122,1
rome,grafo9647.72,72,92,C,4,6,6,refutation,37262,0.053,1
rome,grafo9649.70,70,86,C,4,6,5,refutation,19097,0.031,1
rome,grafo965.15,15,15,C,2,2,2,bound,0,0.0,1
rome,grafo9631.76,76,107,C,5,8,8,refutation,1024792,0.683,1
rome,grafo9648.64,64,75,C,4,6,5,refutation,32394,0.101,1
rome,grafo9626.83,83,115,C,5,8,7,refutation,773256,1.007,1
rome,grafo9638.65,65,90,C,5,8,7,refutation,149461,0.348,1
rome,grafo9653.71,71,80,C,2,4,3,refutation,459,0.006,1
rome,grafo9652.63,63,75,C,3,6,5,refutation,12376,0.044,1
rome,grafo9436.82,82,126,C,7,10,10,budget,12460032,10.009,1
rome,grafo9651.68,68,90,C,5,7,6,refutation,67972,0.103,1
rome,grafo9658.67,67,79,C,3,5,4,refutation,2139,0.006,1
rome,grafo9646.71,71,86,C,4,6,6,refutation,195277,0.266,1
rome,grafo966.13,13,13,C,2,2,2,bound,0,0.0,1
rome,grafo9615.81,81,106,C,6,9,8,refutation,1496793,1.604,1
rome,grafo9622.93,93,124,C,5,9,8,refutation,784976,1.325,1
rome,grafo9659.64,64,82,C,4,7,6,refutation,44569,0.062,1
rome,grafo9655.71,71,88,C,4,6,6,refutation,41591,0.112,1
rome,grafo9657.68,68,90,C,5,8,7,refutation,161799,0.143,1
rome,grafo9665.65,65,86,C,3,5,4,refutation,1074,0.005,1
rome,grafo9636.76,76,100,C,5,8,7,refutation,482035,0.667,1
rome,grafo9607.87,87,116,C,6,9,8,refutation,2828481,2.286,1
rome,grafo9667.69,69,89,C,4,7,6,refutation,57198,0.114,1
rome,grafo9669.63,63,84,C,4,5,5,refutation,4516,0.025,1
rome,grafo967.16,16,17,C,2,3,2,bound,14,0.0,1
rome,grafo9668.67,67,83,C,4,7,7,refutation,197414,0.175,1
rome,grafo9634.92,92,124,C,6,9,7,refutation,885152,0.912,1
rome,grafo9671.63,63,80,C,5,7,6,refutation,58126,0.072,1
rome,grafo9660.71,71,97,C,5,8,8,refutation,392122,0.469,1
rome,grafo9654.74,74,94,C,4,8,7,refutation,378301,0.595,1
rome,grafo9673.64,64,89,C,5,8,8,refutation,200936,0.171,1
rome,grafo9656.68,68,93,C,6,8,8,refutation,628111,0.71,1
rome,grafo9672.70,70,104,C,6,9,8,refutation,351969,0.264,1
rome,grafo9450.84,84,125,C,6,10,10,budget,6938624,10.02,1
rome,grafo9650.78,78,107,C,6,9,8,refutation,1134741,0.856,1
rome,grafo968.13,13,21,C,3,3,3,bound,0,0.0,1
rome,grafo9670.78,78,100,C,5,8,7,refutation,526281,0.483,1
rome,grafo9666.72,72,112,C,6,10,9,refutation,1035227,0.74,1
rome,grafo9681.67,67,87,C,4,7,6,refutation,36047,0.056,1
rome,grafo9679.66,66,95,C,5,8,8,refutation,147150,0.225,1
rome,grafo9683.67,67,88,C,5,7,6,refutation,39595,0.06,1
rome,grafo9682.65,65,101,C,6,9,8,refutation,111292,0.122,1
rome,grafo9680.83,83,111,C,5,8,7,refutation,439033,0.348,1
rome,grafo9675.63,63,89,C,6,8,8,refutation,358466,0.547,1
rome,grafo9677.68,68,97,C,5,8,8,refutation,440825,0.464,1
rome,grafo9686.73,73,103,C,5,8,8,refutation,267185,0.22,1
rome,grafo969.12,12,12,C,2,3,2,bound,8,0.0,1
rome,grafo9688.67,67,82,C,4,6,6,refutation,55368,0.149,1
rome,grafo9663.87,87,119,C,6,8,8,refutation,1732302,1.224,1
rome,grafo9684.69,69,95,C,5,9,7,refutation,223747,0.357,1
rome,grafo9689.77,77,103,C,5,7,7,refutation,184412,0.184,1
rome,grafo9690.63,63,88,C,5,8,8,refutation,282868,0.21,1
rome,grafo9693.78,78,103,C,5,7,6,refutation,57206,0.143,1
rome,grafo9696.62,62,81,C,4,8,7,refutation,62016,0.11,1
rome,grafo9464.85,85,126,C,6,11,10,budget,12384546,10.009,1
rome,grafo9698.79,79,104,C,5,8,6,refutation,89238,0.148,1
rome,grafo9697.62,62,87,C,5,8,7,refutation,91476,0.225,1
rome,grafo970.12,12,16,C,3,3,3,bound,0,0.0,1
rome,grafo9692.80,80,117,C,6,8,8,refutation,815065,0.573,1
rome,grafo9606.87,87,116,C,6,9,8,refutation,2828481,3.982,1
rome,grafo9471.92,92,122,C,6,9,9,budget,10698752,10.02,1
rome,grafo9678.79,79,106,C,6,9,8,refutation,1576983,1.302,1
rome,grafo9703.65,65,88,C,5,7,6,refutation,17070,0.032,1
rome,grafo9664.80,80,103,C,5,8,8,refutation,2020959,2.007,1
rome,grafo9701.84,84,104,C,4,8,6,refutation,267730,0.25,1
rome,grafo9707.62,62,82,C,4,7,6,refutation,46923,0.062,1
rome,grafo9695.77,77,102,C,5,8,8,refutation,933612,0.789,1
rome,grafo9708.70,70,91,C,4,7,6,refutation,45984,0.062,1
rome,grafo971.17,17,20,C,2,3,3,refutation,51,0.0,1
rome,grafo9700.68,68,93,C,4,8,7,refutation,265318,0.513,1
rome,grafo9705.73,73,94,C,5,7,7,refutation,250092,0.313,1
rome,grafo9614.86,86,112,C,6,9,9,refutation,4890501,3.904,1
rome,grafo9712.67,67,85,C,5,6,6,refutation,28434,0.047,1
rome,grafo9694.79,79,109,C,6,9,8,refutation,1285103,1.154,1
rome,grafo9714.66,66,90,C,5,7,7,refutation,161384,0.147,1
rome,grafo9716.64,64,82,C,4,6,6,refutation,36625,0.05,1
rome,grafo9717.64,64,85,C,4,5,5,refutation,6436,0.012,1
rome,grafo9711.66,66,88,C,5,8,7,refutation,185749,0.33,1
rome,grafo9718.76,76,93,C,4,7,6,refutation,93970,0.102,1
rome,grafo972.18,18,19,C,2,3,2,bound,14,0.0,1
rome,grafo9617.86,86,107,C,5,8,8,refutation,4358930,4.232,1
rome,grafo9720.68,68,91,C,5,8,7,refutation,174875,0.157,1
rome,grafo9687.79,79,116,C,6,10,9,refutation,2485696,1.895,1
rome,grafo9715.81,81,107,C,5,8,7,refutation,446112,0.633,1
rome,grafo9724.64,64,85,C,5,7,7,refutation,186676,0.198,1
rome,grafo9710.78,78,111,C,5,9,9,refutation,1613606,1.173,1
rome,grafo9704.80,80,110,C,6,9,8,refutation,2100753,1.6,1
rome,grafo9713.73,73,101,C,5,10,9,refutation,1255160,1.271,1
rome,grafo9728.70,70,86,C,3,6,5,refutation,10389,0.019,1
rome,grafo9727.66,66,89,C,5,7,7,refutation,73272,0.08,1
rome,grafo973.14,14,13,C,1,2,2,refutation,14,0.0,1
rome,grafo9725.66,66,94,C,6,9,8,refutation,482909,0.448,1
rome,grafo9729.69,69,103,C,6,9,8,refutation,397882,0.303,1
rome,grafo9732.64,64,89,C,6,7,6,bound,38,0.003,1
rome,grafo9723.72,72,107,C,6,9,8,refutation,851393,0.959,1
rome,grafo9733.62,62,81,C,5,7,6,refutation,27615,0.042,1
rome,grafo9731.81,81,109,C,5,7,7,refutation,324444,0.279,1
rome,grafo9735.75,75,100,C,4,7,6,refutation,66315,0.088,1
rome,grafo9736.75,75,91,C,4,6,5,refutation,20329,0.038,1
rome,grafo9674.81,81,116,C,6,10,9,refutation,2922537,3.65,1
rome,grafo9737.74,74,97,C,5,7,6,refutation,65396,0.083,1
rome,grafo974.14,14,13,C,1,2,2,refutation,14,0.0,1
rome,grafo9734.64,64,84,C,5,7,7,refutation,147044,0.218,1
rome,grafo9739.70,70,85,C,4,6,5,refutation,12459,0.026,1
rome,grafo9662.84,84,119,C,6,9,9,refutation,3716975,4.23,1
rome,grafo9719.74,74,107,C,6,9,8,refutation,1181689,1.679,1
rome,grafo9741.69,69,93,C,5,8,7,refutation,71277,0.162,1
rome,grafo9740.73,73,95,C,4,8,7,refutation,184593,0.211,1
rome,grafo9743.80,80,98,C,4,7,6,refutation,92374,0.149,1
rome,grafo9746.68,68,82,C,4,6,6,refutation,84427,0.099,1
rome,grafo9702.81,81,109,C,6,9,9,refutation,3101281,2.66,1
rome,grafo9748.67,67,103,C,6,8,8,refutation,173874,0.16,1
rome,grafo975.36,36,48,C,4,5,5,refutation,2649,0.005,1
rome,grafo9749.68,68,82,C,4,6,6,refutation,61348,0.138,1
rome,grafo9661.86,86,132,C,7,11,10,refutation,4794792,4.846,1
rome,grafo9751.64,64,93,C,5,8,8,refutation,193459,0.26,1
rome,grafo9752.78,78,97,C,5,7,6,refutation,79020,0.096,1
rome,grafo9754.67,67,96,C,6,7,6,bound,3230,0.017,1
rome,grafo9750.77,77,103,C,5,8,7,refutation,447055,0.398,1
rome,grafo9756.68,68,86,C,5,7,7,refutation,489176,0.357,1
rome,grafo9755.77,77,109,C,6,8,8,refutation,352403,0.481,1
rome,grafo9721.79,79,121,C,7,11,10,refutation,3183922,2.925,1
rome,grafo9730.84,84,118,C,6,9,8,refutation,2359158,2.013,1
rome,grafo976.19,19,25,C,3,3,3,bound,0,0.0,1
rome,grafo9757.68,68,85,C,5,7,7,refutation,342364,0.293,1
rome,grafo9760.64,64,80,C,5,6,6,refutation,30896,0.044,1
rome,grafo9542.87,87,136,C,7,12,11,budget,11820477,10.026,1
rome,grafo9758.72,72,101,C,6,8,8,refutation,260719,0.307,1
rome,grafo9764.74,74,86,C,4,5,5,refutation,12738,0.033,1
rome,grafo9765.69,69,91,C,5,7,6,refutation,69264,0.095,1
rome,grafo9550.85,85,125,C,7,10,10,budget,14172160,10.01,1
rome,grafo9553.79,79,123,C,7,11,11,budget,13856768,10.011,1
rome,grafo9761.68,68,94,C,5,8,7,refutation,233456,0.369,1
rome,grafo9722.79,79,110,C,6,9,9,refutation,3168334,3.32,1
rome,grafo977.19,19,19,C,2,3,2,bound,17,0.0,1
rome,grafo9767.76,76,103,C,5,8,7,refutation,284762,0.265,1
rome,grafo9565.86,86,111,C,5,9,8,budget,16109715,10.01,1
rome,grafo9771.84,84,102,C,4,8,6,refutation,188729,0.267,1
rome,grafo9763.69,69,95,C,5,8,8,refutation,551262,0.72,1
rome,grafo9576.92,92,123,C,6,10,9,budget,16667207,10.011,1
rome,grafo9577.97,97,124,C,5,8,8,budget,13864960,10.009,1
rome,grafo9775.61,61,79,C,4,6,5,refutation,8465,0.016,1
rome,grafo9580.97,97,120,C,5,9,8,budget,15421985,10.028,1
rome,grafo9581.91,91,129,C,5,10,9,budget,9341936,10.025,1
rome,grafo9774.76,76,97,C,5,8,6,refutation,132144,0.157,1
rome,grafo978.10,10,10,C,2,2,2,bound,0,0.0,1
rome,grafo9768.75,75,101,C,6,9,8,refutation,702578,0.667,1
rome,grafo9773.79,79,97,C,4,7,6,refutation,139150,0.21,1
rome,grafo9769.77,77,96,C,5,7,7,refutation,992201,0.679,1
rome,grafo9762.78,78,106,C,6,9,8,refutation,1061386,1.014,1
rome,grafo9782.75,75,96,C,5,6,6,refutation,30288,0.064,1
rome,grafo9780.77,77,96,C,5,7,6,refutation,132726,0.143,1
rome,grafo9783.63,63,82,C,4,7,6,refutation,63889,0.08,1
rome,grafo9776.86,86,113,C,5,8,7,refutation,435922,0.344,1
rome,grafo9770.79,79,106,C,5,8,7,refutation,627160,0.794,1
rome,grafo9779.61,61,90,C,6,9,8,refutation,202276,0.35,1
rome,grafo979.13,13,21,C,3,3,3,bound,0,0.0,1
rome,grafo9781.79,79,115,C,6,9,8,refutation,751105,0.585,1
rome,grafo9596.88,88,123,C,6,10,10,budget,12947456,10.01,1
rome,grafo9726.84,84,124,C,6,10,8,refutation,3820774,3.956,1
rome,grafo9789.78,78,103,C,5,8,7,refutation,286505,0.422,1
rome,grafo9793.77,77,96,C,4,6,5,refutation,20952,0.036,1
rome,grafo9744.80,80,109,C,5,9,9,refutation,2126910,3.111,1
rome,grafo9766.77,77,106,C,6,9,9,refutation,1698217,1.652,1
rome,grafo9794.61,61,91,C,5,7,7,refutation,75733,0.176,1
rome,grafo9778.82,82,108,C,6,9,8,refutation,1526565,1.037,1
rome,grafo9745.84,84,114,C,6,10,9,refutation,3956039,3.362,1
rome,grafo980.20,20,20,C,2,2,2,bound,0,0.0,1
rome,grafo9777.84,84,105,C,5,8,8,refutation,1786497,1.25,1
rome,grafo9801.69,69,87,C,4,6,5,refutation,15794,0.027,1
rome,grafo9797.80,80,107,C,6,7,7,refutation,236105,0.33,1
rome,grafo9798.76,76,91,C,4,7,6,refutation,182280,0.368,1
rome,grafo9800.72,72,95,C,5,8,7,refutation,202059,0.258,1
rome,grafo9772.83,83,109,C,6,8,8,refutation,2156842,1.711,1
rome,grafo9805.71,71,93,C,4,7,6,refutation,57765,0.143,1
rome,grafo9786.77,77,106,C,5,9,9,refutation,1901650,1.354,1
rome,grafo9796.73,73,98,C,6,9,8,refutation,870744,0.784,1
rome,grafo9808.72,72,91,C,4,6,6,refutation,84710,0.092,1
rome,grafo981.16,16,20,C,3,3,3,bound,0,0.0,1
rome,grafo9809.67,67,88,C,4,7,6,refutation,21228,0.036,1
rome,grafo9611.89,89,135,C,7,11,11,budget,12247040,10.012,1
rome,grafo9785.84,84,108,C,5,9,8,refutation,2071581,1.571,1
rome,grafo9806.86,86,109,C,5,7,7,refutation,485915,0.4,1
rome,grafo9810.79,79,101,C,5,8,7,refutation,508340,0.366,1
rome,grafo9807.86,86,109,C,5,7,7,refutation,485915,0.547,1
rome,grafo9619.79,79,111,C,6,10,10,budget,11292672,10.015,1
rome,grafo9815.62,62,102,C,6,10,8,refutation,134419,0.122,1
rome,grafo9813.74,74,95,C,6,8,7,refutation,694483,0.461,1
rome,grafo9817.62,62,85,C,5,7,6,refutation,45167,0.126,1
rome,grafo982.15,15,16,C,2,2,2,bound,0,0.0,1
rome,grafo9818.61,61,88,C,6,8,7,refutation,90991,0.101,1
rome,grafo9816.69,69,96,C,5,8,7,refutation,242848,0.185,1
rome,grafo9802.75,75,114,C,7,10,9,refutation,1589793,1.118,1
rome,grafo9803.86,86,109,C,5,8,7,refutation,1157429,1.029,1
rome,grafo9820.62,62,82,C,5,7,6,refutation,62516,0.152,1
rome,grafo9821.77,77,95,C,5,7,6,refutation,135596,0.13,1
rome,grafo9822.62,62,89,C,5,8,7,refutation,130160,0.136,1
rome,grafo9790.79,79,103,C,5,8,8,refutation,1503699,2.04,1
rome,grafo9825.67,67,79,C,4,6,5,refutation,19797,0.072,1
rome,grafo9629.83,83,112,C,6,10,9,budget,9533075,10.02,1
rome,grafo983.19,19,20,C,2,3,3,refutation,72,0.0,1
rome,grafo9630.95,95,128,C,6,10,9,budget,13978661,10.019,1
rome,grafo9827.62,62,95,C,6,9,9,refutation,190705,0.166,1
rome,grafo9795.80,80,117,C,6,9,9,refutation,1944349,1.736,1
rome,grafo9828.72,72,95,C,5,7,6,refutation,76117,0.188,1
rome,grafo9814.80,80,104,C,5,8,7,refutation,879866,0.898,1
rome,grafo9831.67,67,91,C,5,7,6,refutation,47103,0.13,1
rome,grafo9826.67,67,100,C,5,9,8,refutation,176010,0.315,1
rome,grafo9836.62,62,81,C,5,6,5,bound,3511,0.017,1
rome,grafo9819.72,72,102,C,6,9,8,refutation,705853,0.583,1
rome,grafo9830.71,71,83,C,4,6,6,refutation,108989,0.255,1
rome,grafo984.18,18,24,C,3,3,3,bound,0,0.0,1
rome,grafo9839.79,79,99,C,5,6,6,refutation,72738,0.118,1
rome,grafo9635.99,99,133,C,6,10,9,budget,9195652,10.012,1
rome,grafo9824.85,85,116,C,5,8,8,refutation,500345,0.609,1
rome,grafo9843.83,83,103,C,5,7,6,refutation,51192,0.075,1
rome,grafo9844.82,82,103,C,5,7,6,refutation,67401,0.089,1
rome,grafo9791.78,78,112,C,7,9,9,refutation,2363679,2.49,1
rome,grafo9835.77,77,100,C,4,7,7,refutation,577671,0.509,1
rome,grafo9841.70,70,97,C,5,8,8,refutation,347162,0.329,1
rome,grafo9847.61,61,80,C,4,7,6,refutation,30512,0.076,1
rome,grafo9849.35,35,37,C,2,3,3,refutation,219,0.001,1
rome,grafo985.15,15,18,C,3,3,3,bound,0,0.0,1
rome,grafo9840.82,82,108,C,5,8,7,refutation,285213,0.507,1
rome,grafo9851.32,32,36,C,2,3,3,refutation,108,0.004,1
rome,grafo9852.38,38,48,C,4,5,5,refutation,2641,0.011,1
rome,grafo9853.36,36,48,C,3,5,4,refutation,312,0.007,1
rome,grafo9845.75,75,106,C,6,9,8,refutation,610048,0.496,1
rome,grafo9855.35,35,40,C,3,4,3,bound,43,0.001,1
rome,grafo9856.37,37,50,C,4,6,5,refutation,1412,0.003,1
rome,grafo9857.31,31,36,C,2,3,3,refutation,55,0.001,1
rome,grafo9858.34,34,45,C,3,4,4,refutation,453,0.001,1
rome,grafo9859.35,35,42,C,3,4,4,refutation,446,0.001,1
rome,grafo986.12,12,11,C,1,1,1,bound,0,0.0,1
rome,grafo9860.40,40,52,C,4,5,5,refutation,3064,0.012,1
rome,grafo9861.39,39,54,C,4,5,4,bound,66,0.001,1
rome,grafo9862.36,36,51,C,4,5,5,refutation,531,0.002,1
rome,grafo9833.81,81,103,C,5,8,8,refutation,1726547,1.184,1
rome,grafo9812.88,88,113,C,5,9,8,refutation,2199981,2.175,1
rome,grafo9865.31,31,36,C,3,3,3,bound,0,0.001,1
rome,grafo9848.76,76,107,C,5,9,8,refutation,797520,0.615,1
rome,grafo9866.34,34,34,C,2,2,2,bound,0,0.001,1
rome,grafo9867.32,32,33,C,2,2,2,bound,0,0.001,1
rome,grafo9869.33,33,38,C,3,4,4,refutation,351,0.001,1
rome,grafo987.27,27,30,C,3,3,3,bound,0,0.0,1
rome,grafo9868.37,37,50,C,4,5,4,bound,86,0.004,1
rome,grafo9870.35,35,43,C,3,5,4,refutation,619,0.002,1
rome,grafo9872.32,32,43,C,4,5,4,bound,114,0.001,1
rome,grafo9871.38,38,57,C,5,6,5,bound,300,0.005,1
rome,grafo9873.35,35,47,C,4,5,5,refutation,1980,0.003,1
rome,grafo9874.37,37,46,C,3,4,4,refutation,778,0.002,1
rome,grafo9876.33,33,39,C,3,4,3,bound,172,0.001,1
rome,grafo9875.38,38,49,C,4,5,5,refutation,2407,0.004,1
rome,grafo9878.34,34,39,C,3,4,3,bound,26,0.001,1
rome,grafo9879.37,37,47,C,4,5,4,bound,28,0.001,1
rome,grafo988.11,11,11,C,2,2,2,bound,0,0.0,1
rome,grafo9877.39,39,58,C,5,7,6,refutation,3039,0.006,1
rome,grafo9880.32,32,40,C,3,4,4,refutation,488,0.001,1
rome,grafo9882.34,34,39,C,3,3,3,bound,0,0.001,1
rome,grafo9881.32,32,37,C,2,3,3,refutation,81,0.001,1
rome,grafo9883.34,34,42,C,3,4,3,bound,35,0.001,1
rome,grafo9884.33,33,42,C,3,4,3,bound,69,0.001,1
rome,grafo9886.38,38,43,C,2,3,3,refutation,166,0.001,1
rome,grafo9885.41,41,54,C,4,6,5,refutation,2162,0.004,1
rome,grafo9888.33,33,38,C,3,4,3,bound,37,0.001,1
rome,grafo9889.32,32,33,C,2,3,3,refutation,230,0.001,1
rome,grafo989.13,13,14,C,2,2,2,bound,0,0.0,1
rome,grafo9890.37,37,44,C,3,4,4,refutation,519,0.002,1
rome,grafo9891.32,32,37,C,3,3,3,bound,0,0.001,1
rome,grafo9892.34,34,38,C,2,3,3,refutation,119,0.001,1
rome,grafo9893.38,38,49,C,3,5,4,refutation,769,0.002,1
rome,grafo9804.84,84,121,C,6,9,9,refutation,2591891,2.61,1
rome,grafo9895.33,33,37,C,2,3,3,refutation,124,0.001,1
rome,grafo9896.38,38,47,C,3,5,4,refutation,784,0.005,1
rome,grafo9897.39,39,55,C,4,6,5,refutation,1686,0.01,1
rome,grafo9898.40,40,50,C,4,5,4,bound,236,0.004,1
rome,grafo9899.33,33,34,C,2,3,3,refutation,290,0.001,1
rome,grafo990.13,13,13,C,2,2,2,bound,0,0.0,1
rome,grafo9900.39,39,44,C,3,4,3,bound,53,0.001,1
rome,grafo9901.34,34,35,C,2,3,2,bound,47,0.001,1
rome,grafo9902.32,32,36,C,2,3,3,refutation,53,0.001,1
rome,grafo9903.33,33,42,C,3,4,3,bound,69,0.001,1
rome,grafo9904.33,33,37,C,2,3,3,refutation,124,0.001,1
rome,grafo9905.33,33,41,C,4,4,4,bound,0,0.001,1
rome,grafo9906.38,38,51,C,4,6,5,refutation,1292,0.003,1
rome,grafo9907.32,32,35,C,2,3,3,refutation,137,0.001,1
rome,grafo9829.86,86,109,C,5,9,8,refutation,1600793,1.598,1
rome,grafo9909.38,38,48,C,4,5,5,refutation,3474,0.007,1
rome,grafo991.13,13,14,C,2,2,2,bound,0,0.0,1
rome,grafo9910.32,32,37,C,3,4,4,refutation,337,0.001,1
rome,grafo9676.89,89,124,C,6,10,9,budget,12345962,10.021,1
rome,grafo9912.31,31,38,C,3,4,4,refutation,374,0.006,1
rome,grafo9913.31,31,36,C,2,3,3,refutation,55,0.001,1
rome,grafo9838.70,70,101,C,6,9,9,refutation,2075765,1.596,1
rome,grafo9799.70,70,105,C,6,11,10,refutation,4230677,3.316,1
rome,grafo9916.31,31,36,C,3,3,3,bound,0,0.004,1
rome,grafo9917.38,38,48,C,4,5,5,refutation,1968,0.01,1
rome,grafo9918.34,34,34,C,2,2,2,bound,0,0.001,1
rome,grafo9685.83,83,117,C,6,11,10,budget,12572296,10.026,1
rome,grafo992.16,16,22,C,3,3,3,bound,0,0.0,1
rome,grafo9919.32,32,32,C,2,2,2,bound,0,0.002,1
rome,grafo9921.33,33,36,C,2,3,3,refutation,216,0.001,1
rome,grafo9920.38,38,46,C,3,4,3,bound,33,0.001,1
rome,grafo9923.31,31,41,C,3,3,3,bound,0,0.004,1
rome,grafo9922.39,39,50,C,3,6,5,refutation,1172,0.006,1
rome,grafo9915.91,91,119,C,5,7,6,refutation,77480,0.115,1
rome,grafo9926.33,33,34,C,2,3,2,bound,91,0.001,1
rome,grafo9927.40,40,50,C,3,5,5,refutation,2856,0.005,1
rome,grafo9924.39,39,52,C,4,6,6,refutation,7638,0.028,1
rome,grafo9908.91,91,118,C,5,8,7,refutation,261662,0.42,1
rome,grafo993.18,18,23,C,2,4,2,bound,28,0.0,1
rome,grafo9930.38,38,49,C,4,5,5,refutation,1366,0.01,1
rome,grafo9929.40,40,56,C,4,6,6,refutation,6600,0.027,1
rome,grafo9811.91,91,126,C,6,10,9,refutation,3226465,2.811,1
rome,grafo9933.39,39,48,C,4,5,4,bound,28,0.001,1
rome,grafo9934.34,34,40,C,3,3,3,bound,0,0.001,1
rome,grafo9935.40,40,50,C,4,5,4,bound,70,0.001,1
rome,grafo9931.39,39,48,C,4,6,5,refutation,1973,0.012,1
rome,grafo9691.79,79,125,C,8,11,11,budget,6938624,10.02,1
rome,grafo9938.38,38,48,C,3,5,4,refutation,659,0.005,1
rome,grafo9837.78,78,116,C,6,10,9,refutation,2234809,2.211,1
rome,grafo994.13,13,16,C,3,3,3,bound,0,0.0,1
rome,grafo9834.81,81,103,C,5,8,8,refutation,1726547,2.289,1
rome,grafo9940.39,39,50,C,4,5,5,refutation,2689,0.012,1
rome,grafo9942.32,32,37,C,2,4,3,refutation,171,0.001,1
rome,grafo9941.38,38,48,C,3,5,5,refutation,1272,0.003,1
rome,grafo9943.38,38,51,C,4,5,5,refutation,1090,0.006,1
rome,grafo9944.41,41,49,C,3,4,4,refutation,971,0.008,1
rome,grafo9946.41,41,48,C,3,4,4,refutation,732,0.005,1
rome,grafo9947.32,32,40,C,3,3,3,bound,0,0.001,1
rome,grafo9699.86,86,129,C,7,12,11,budget,11741375,10.012,1
rome,grafo9928.95,95,120,C,5,8,7,refutation,1141047,0.867,1
rome,grafo995.18,18,17,C,1,2,2,refutation,22,0.0,1
rome,grafo9939.96,96,119,C,4,7,7,refutation,402098,0.673,1
rome,grafo9951.33,33,37,C,2,3,3,refutation,91,0.004,1
rome,grafo9952.34,34,39,C,3,3,3,bound,0,0.001,1
rome,grafo9953.33,33,42,C,3,4,3,bound,69,0.005,1
rome,grafo9954.32,32,34,C,2,3,3,refutation,214,0.001,1
rome,grafo9955.38,38,46,C,3,4,3,bound,116,0.001,1
rome,grafo9956.32,32,39,C,3,4,4,refutation,208,0.004,1
rome,grafo9957.39,39,51,C,4,6,5,refutation,1611,0.007,1
rome,grafo9706.88,88,122,C,6,10,9,budget,8597689,10.013,1
rome,grafo9709.86,86,121,C,5,10,9,budget,20873286,10.01,1
rome,grafo996.11,11,13,C,2,3,3,refutation,13,0.0,1
rome,grafo9960.32,32,37,C,3,3,3,bound,0,0.001,1
rome,grafo9936.90,90,126,C,6,9,8,refutation,2517959,2.591,1
rome,grafo9961.92,92,123,C,6,9,8,refutation,2202613,1.511,1
rome,grafo9963.39,39,46,C,4,5,4,bound,59,0.001,1
rome,grafo9964.34,34,38,C,2,4,3,refutation,163,0.001,1
rome,grafo9965.34,34,49,C,4,5,4,bound,24,0.001,1
rome,grafo9966.39,39,47,C,3,4,3,bound,33,0.001,1
rome,grafo9967.39,39,46,C,3,4,4,refutation,738,0.002,1
rome,grafo9968.38,38,44,C,3,4,4,refutation,608,0.002,1
rome,grafo9969.33,33,39,C,3,4,4,refutation,419,0.001,1
rome,grafo997.11,11,12,C,2,2,2,bound,0,0.0,1
rome,grafo9970.39,39,46,C,2,3,3,refutation,137,0.001,1
rome,grafo9971.33,33,36,C,3,3,3,bound,0,0.001,1
rome,grafo9972.41,41,57,C,5,6,6,refutation,18919,0.026,1
rome,grafo9958.90,90,118,C,5,9,7,refutation,1606103,2.009,1
rome,grafo9974.39,39,55,C,4,5,4,bound,156,0.002,1
rome,grafo9975.32,32,39,C,3,4,4,refutation,363,0.001,1
rome,grafo9976.34,34,43,C,3,5,4,refutation,612,0.002,1
rome,grafo9977.38,38,46,C,4,4,4,bound,0,0.001,1
rome,grafo9978.41,41,53,C,4,5,5,refutation,3237,0.006,1
rome,grafo9979.38,38,50,C,4,5,5,refutation,1073,0.003,1
rome,grafo998.16,16,15,C,1,2,1,bound,16,0.0,1
rome,grafo9980.32,32,37,C,3,4,4,refutation,549,0.001,1
rome,grafo9981.38,38,45,C,3,4,3,bound,71,0.001,1
rome,grafo9982.38,38,49,C,4,5,5,refutation,1899,0.004,1
rome,grafo9738.100,100,141,C,6,12,11,budget,10535571,10.025,1
rome,grafo9742.92,92,125,C,5,10,9,budget,10278138,10.01,1
rome,grafo9747.80,80,121,C,7,10,10,budget,11358208,10.041,1
rome,grafo9753.85,85,120,C,6,10,10,budget,11153408,10.012,1
rome,grafo9759.81,81,113,C,6,10,10,budget,14835712,10.019,1
rome,grafo9988.38,38,48,C,3,5,4,refutation,425,0.005,1
rome,grafo9989.32,32,38,C,3,4,4,refutation,458,0.001,1
rome,grafo999.13,13,13,C,2,2,2,bound,0,0.0,1
rome,grafo9990.31,31,35,C,3,3,3,bound,0,0.001,1
rome,grafo9991.39,39,54,C,4,6,5,refutation,1911,0.007,1
rome,grafo9983.91,91,125,C,6,9,9,refutation,1718768,1.68,1
rome,grafo9992.40,40,51,C,4,5,4,bound,36,0.001,1
rome,grafo9949.91,91,119,C,6,8,8,refutation,3951353,4.127,1
rome,grafo9986.91,91,122,C,6,9,8,refutation,1217169,1.496,1
rome,grafo9996.32,32,37,C,2,3,3,refutation,121,0.001,1
rome,grafo9997.40,40,50,C,4,5,5,refutation,2053,0.011,1
rome,grafo9998.38,38,47,C,3,5,4,refutation,1212,0.003,1
rome,grafo9999.39,39,49,C,4,5,5,refutation,2264,0.005,1
rome,grafo9937.91,91,121,C,5,10,9,refutation,3416173,5.305,1
rome,grafo9784.85,85,120,C,6,9,9,budget,12296192,10.03,1
rome,grafo9787.82,82,114,C,6,10,10,budget,11935744,10.014,1
rome,grafo9788.80,80,124,C,7,11,10,budget,13778772,10.009,1
rome,grafo9959.91,91,113,C,5,8,8,refutation,6065633,5.114,1
rome,grafo9792.80,80,112,C,5,10,9,budget,11814449,10.021,1
rome,grafo9823.90,90,126,C,6,10,9,budget,15745119,10.012,1
rome,grafo9832.92,92,130,C,6,10,9,budget,12282855,10.024,1
rome,grafo9994.91,91,121,C,5,9,9,refutation,4196672,3.701,1
rome,grafo9842.89,89,123,C,6,10,10,budget,12103680,10.01,1
rome,grafo9846.81,81,111,C,7,10,10,budget,13082624,10.012,1
rome,grafo9850.95,95,128,C,5,9,9,budget,11354112,10.011,1
rome,grafo9854.91,91,134,C,7,12,11,budget,13214405,10.011,1
rome,grafo9863.91,91,117,C,6,10,9,budget,13918871,10.011,1
rome,grafo9864.91,91,130,C,6,11,11,budget,14942208,10.011,1
rome,grafo9887.91,91,127,C,6,11,10,budget,11105274,10.008,1
rome,grafo9894.91,91,128,C,7,10,10,budget,12263424,10.012,1
rome,grafo9911.91,91,119,C,6,10,10,budget,12324864,10.01,1
rome,grafo9914.91,91,120,C,6,10,9,budget,12489115,10.007,1
rome,grafo9925.91,91,125,C,6,10,9,budget,13832402,10.012,1
rome,grafo9932.91,91,132,C,6,12,11,budget,11370581,10.009,1
rome,grafo9984.96,96,140,C,7,10,9,refutation,8338805,6.999,1
rome,grafo9945.91,91,123,C,6,9,9,budget,14823424,10.013,1
rome,grafo9948.91,91,127,C,6,10,10,budget,16457728,10.014,1
rome,grafo9950.100,100,128,C,5,8,8,budget,17424384,10.009,1
rome,grafo9985.91,91,119,C,5,9,8,refutation,11677852,7.901,1
rome,grafo9962.97,97,124,C,6,9,8,budget,16877096,10.01,1
rome,grafo9973.96,96,144,C,7,11,10,budget,19349603,10.011,1
rome,grafo9987.91,91,118,C,6,9,8,budget,16773182,10.011,1
rome,grafo9993.91,91,128,C,6,10,9,budget,21483086,10.01,1
rome,grafo9995.94,94,137,C,7,11,10,budget,18250631,10.01,1
