dataset,filename,instance_name,n_customers,n_patterns,mosp_value,pathwidth,time_seconds,status,error
Harvey,wbo_10_10.txt,"Warwick 1: balanced orders, 2 orders per product",10,10,4,3,0.157,solved,
Harvey,wbo_10_10.txt,"Warwick 2: balanced orders, 2 orders per product",10,10,5,4,0.157,solved,
Harvey,wbo_10_10.txt,"Warwick 3: balanced orders, 2 orders per product",10,10,4,3,0.158,solved,
Harvey,wbo_10_10.txt,"Warwick 4: balanced orders, 2 orders per product",10,10,5,3,0.155,solved,
Harvey,wbo_10_10.txt,"Warwick 5: balanced orders, 2 orders per product",10,10,3,2,0.159,solved,
Harvey,wbo_10_10.txt,"Warwick 6: balanced orders, 2 orders per product",10,10,5,3,0.154,solved,
Harvey,wbo_10_10.txt,"Warwick 7: balanced orders, 2 orders per product",10,10,4,4,0.155,solved,
Harvey,wbo_10_10.txt,"Warwick 8: balanced orders, 2 orders per product",10,10,4,3,0.159,solved,
Harvey,wbo_10_10.txt,"Warwick 9: balanced orders, 2 orders per product",10,10,5,3,0.158,solved,
Harvey,wbo_10_10.txt,"Warwick 10: balanced orders, 2 orders per product",10,10,5,3,0.157,solved,
Harvey,wbo_10_10.txt,"Warwick 11: balanced orders, 3 orders per product",10,10,8,6,0.157,solved,
Harvey,wbo_10_10.txt,"Warwick 12: balanced orders, 3 orders per product",10,10,10,6,0.156,solved,
Harvey,wbo_10_10.txt,"Warwick 13: balanced orders, 3 orders per product",10,10,5,6,0.154,solved,
Harvey,wbo_10_10.txt,"Warwick 14: balanced orders, 3 orders per product",10,10,7,5,0.151,solved,
Harvey,wbo_10_10.txt,"Warwick 15: balanced orders, 3 orders per product",10,10,6,4,0.161,solved,
Harvey,wbo_10_10.txt,"Warwick 16: balanced orders, 3 orders per product",10,10,8,7,0.159,solved,
Harvey,wbo_10_10.txt,"Warwick 17: balanced orders, 3 orders per product",10,10,8,5,0.156,solved,
Harvey,wbo_10_10.txt,"Warwick 18: balanced orders, 3 orders per product",10,10,9,6,0.157,solved,
Harvey,wbo_10_10.txt,"Warwick 19: balanced orders, 3 orders per product",10,10,7,5,0.16,solved,
Harvey,wbo_10_10.txt,"Warwick 20: balanced orders, 3 orders per product",10,10,7,6,0.159,solved,
Harvey,wbo_10_10.txt,"Warwick 21: balanced orders, 4 orders per product",10,10,10,7,0.166,solved,
Harvey,wbo_10_10.txt,"Warwick 22: balanced orders, 4 orders per product",10,10,9,8,0.163,solved,
Harvey,wbo_10_10.txt,"Warwick 23: balanced orders, 4 orders per product",10,10,9,7,0.158,solved,
Harvey,wbo_10_10.txt,"Warwick 24: balanced orders, 4 orders per product",10,10,10,7,0.155,solved,
Harvey,wbo_10_10.txt,"Warwick 25: balanced orders, 4 orders per product",10,10,8,8,0.161,solved,
Harvey,wbo_10_10.txt,"Warwick 26: balanced orders, 4 orders per product",10,10,9,7,0.154,solved,
Harvey,wbo_10_10.txt,"Warwick 27: balanced orders, 4 orders per product",10,10,9,7,0.156,solved,
Harvey,wbo_10_10.txt,"Warwick 28: balanced orders, 4 orders per product",10,10,10,8,0.161,solved,
Harvey,wbo_10_10.txt,"Warwick 29: balanced orders, 4 orders per product",10,10,9,8,0.156,solved,
Harvey,wbo_10_10.txt,"Warwick 30: balanced orders, 4 orders per product",10,10,9,8,0.158,solved,
Harvey,wbo_10_10.txt,"Warwick 31: balanced orders, 5 orders per product",10,10,10,8,0.155,solved,
Harvey,wbo_10_10.txt,"Warwick 32: balanced orders, 5 orders per product",10,10,10,9,0.153,solved,
Harvey,wbo_10_10.txt,"Warwick 33: balanced orders, 5 orders per product",10,10,10,8,0.155,solved,
Harvey,wbo_10_10.txt,"Warwick 34: balanced orders, 5 orders per product",10,10,9,9,0.158,solved,
Harvey,wbo_10_10.txt,"Warwick 35: balanced orders, 5 orders per product",10,10,10,9,0.156,solved,
Harvey,wbo_10_10.txt,"Warwick 36: balanced orders, 5 orders per product",10,10,9,9,0.159,solved,
Harvey,wbo_10_10.txt,"Warwick 37: balanced orders, 5 orders per product",10,10,10,9,0.156,solved,
Harvey,wbo_10_10.txt,"Warwick 38: balanced orders, 5 orders per product",10,10,10,9,0.156,solved,
Harvey,wbo_10_10.txt,"Warwick 39: balanced orders, 5 orders per product",10,10,10,9,0.152,solved,
Harvey,wbo_10_10.txt,"Warwick 40: balanced orders, 5 orders per product",10,10,9,9,0.155,solved,
Harvey,wbo_15_15.txt,"Warwick 451: balanced orders, 2 orders per product",15,15,5,3,1.167,solved,
Harvey,wbo_15_15.txt,"Warwick 452: balanced orders, 2 orders per product",15,15,5,3,1.23,solved,
Harvey,wbo_15_15.txt,"Warwick 453: balanced orders, 2 orders per product",15,15,4,3,1.173,solved,
Harvey,wbo_15_15.txt,"Warwick 454: balanced orders, 2 orders per product",15,15,5,3,1.153,solved,
Harvey,wbo_15_15.txt,"Warwick 455: balanced orders, 2 orders per product",15,15,8,4,1.141,solved,
Harvey,wbo_15_15.txt,"Warwick 456: balanced orders, 2 orders per product",15,15,9,4,1.145,solved,
Harvey,wbo_15_15.txt,"Warwick 457: balanced orders, 2 orders per product",15,15,6,4,1.163,solved,
Harvey,wbo_15_15.txt,"Warwick 458: balanced orders, 2 orders per product",15,15,3,2,1.148,solved,
Harvey,wbo_15_15.txt,"Warwick 459: balanced orders, 2 orders per product",15,15,4,3,1.153,solved,
Harvey,wbo_15_15.txt,"Warwick 460: balanced orders, 2 orders per product",15,15,7,5,1.153,solved,
Harvey,wbo_15_15.txt,"Warwick 461: balanced orders, 3 orders per product",15,15,11,8,1.15,solved,
Harvey,wbo_15_15.txt,"Warwick 462: balanced orders, 3 orders per product",15,15,12,8,1.143,solved,
Harvey,wbo_15_15.txt,"Warwick 463: balanced orders, 3 orders per product",15,15,12,6,1.143,solved,
Harvey,wbo_15_15.txt,"Warwick 464: balanced orders, 3 orders per product",15,15,11,7,1.149,solved,
Harvey,wbo_15_15.txt,"Warwick 465: balanced orders, 3 orders per product",15,15,9,7,1.137,solved,
Harvey,wbo_15_15.txt,"Warwick 466: balanced orders, 3 orders per product",15,15,12,9,1.145,solved,
Harvey,wbo_15_15.txt,"Warwick 467: balanced orders, 3 orders per product",15,15,11,8,1.151,solved,
Harvey,wbo_15_15.txt,"Warwick 468: balanced orders, 3 orders per product",15,15,13,8,1.144,solved,
Harvey,wbo_15_15.txt,"Warwick 469: balanced orders, 3 orders per product",15,15,8,6,1.159,solved,
Harvey,wbo_15_15.txt,"Warwick 470: balanced orders, 3 orders per product",15,15,8,6,1.152,solved,
Harvey,wbo_15_15.txt,"Warwick 471: balanced orders, 4 orders per product",15,15,12,10,1.132,solved,
Harvey,wbo_15_15.txt,"Warwick 472: balanced orders, 4 orders per product",15,15,12,11,1.133,solved,
Harvey,wbo_15_15.txt,"Warwick 473: balanced orders, 4 orders per product",15,15,12,10,1.139,solved,
Harvey,wbo_15_15.txt,"Warwick 474: balanced orders, 4 orders per product",15,15,14,9,1.144,solved,
Harvey,wbo_15_15.txt,"Warwick 475: balanced orders, 4 orders per product",15,15,13,9,1.157,solved,
Harvey,wbo_15_15.txt,"Warwick 476: balanced orders, 4 orders per product",15,15,13,10,1.138,solved,
Harvey,wbo_15_15.txt,"Warwick 477: balanced orders, 4 orders per product",15,15,15,11,1.139,solved,
Harvey,wbo_15_15.txt,"Warwick 478: balanced orders, 4 orders per product",15,15,13,10,1.14,solved,
Harvey,wbo_15_15.txt,"Warwick 479: balanced orders, 4 orders per product",15,15,14,10,1.145,solved,
Harvey,wbo_15_15.txt,"Warwick 480: balanced orders, 4 orders per product",15,15,13,10,1.147,solved,
Harvey,wbo_15_15.txt,"Warwick 481: balanced orders, 5 orders per product",15,15,15,12,1.133,solved,
Harvey,wbo_15_15.txt,"Warwick 482: balanced orders, 5 orders per product",15,15,15,12,1.136,solved,
Harvey,wbo_15_15.txt,"Warwick 483: balanced orders, 5 orders per product",15,15,13,11,1.161,solved,
Harvey,wbo_15_15.txt,"Warwick 484: balanced orders, 5 orders per product",15,15,14,13,1.129,solved,
Harvey,wbo_15_15.txt,"Warwick 485: balanced orders, 5 orders per product",15,15,14,11,1.149,solved,
Harvey,wbo_15_15.txt,"Warwick 486: balanced orders, 5 orders per product",15,15,15,12,1.136,solved,
Harvey,wbo_15_15.txt,"Warwick 487: balanced orders, 5 orders per product",15,15,14,12,1.132,solved,
Harvey,wbo_15_15.txt,"Warwick 488: balanced orders, 5 orders per product",15,15,13,12,1.13,solved,
Harvey,wbo_15_15.txt,"Warwick 489: balanced orders, 5 orders per product",15,15,14,12,1.132,solved,
Harvey,wbo_15_15.txt,"Warwick 490: balanced orders, 5 orders per product",15,15,14,12,1.13,solved,
Harvey,wbo_15_15.txt,"Warwick 491: balanced orders, 6 orders per product",15,15,14,14,1.155,solved,
Harvey,wbo_15_15.txt,"Warwick 492: balanced orders, 6 orders per product",15,15,14,13,1.136,solved,
Harvey,wbo_15_15.txt,"Warwick 493: balanced orders, 6 orders per product",15,15,15,13,1.133,solved,
Harvey,wbo_15_15.txt,"Warwick 494: balanced orders, 6 orders per product",15,15,15,13,1.144,solved,
Harvey,wbo_15_15.txt,"Warwick 495: balanced orders, 6 orders per product",15,15,14,14,1.142,solved,
Harvey,wbo_15_15.txt,"Warwick 496: balanced orders, 6 orders per product",15,15,15,13,1.129,solved,
Harvey,wbo_15_15.txt,"Warwick 497: balanced orders, 6 orders per product",15,15,14,13,1.135,solved,
Harvey,wbo_15_15.txt,"Warwick 498: balanced orders, 6 orders per product",15,15,15,13,1.146,solved,
Harvey,wbo_15_15.txt,"Warwick 499: balanced orders, 6 orders per product",15,15,15,12,1.14,solved,
Harvey,wbo_15_15.txt,"Warwick 500: balanced orders, 6 orders per product",15,15,15,13,1.139,solved,
Harvey,wbo_15_15.txt,"Warwick 501: balanced orders, 7 orders per product",15,15,15,14,1.138,solved,
Harvey,wbo_15_15.txt,"Warwick 502: balanced orders, 7 orders per product",15,15,15,14,1.13,solved,
Harvey,wbo_15_15.txt,"Warwick 503: balanced orders, 7 orders per product",15,15,15,14,1.141,solved,
Harvey,wbo_15_15.txt,"Warwick 504: balanced orders, 7 orders per product",15,15,15,14,1.127,solved,
Harvey,wbo_15_15.txt,"Warwick 505: balanced orders, 7 orders per product",15,15,15,14,1.119,solved,
Harvey,wbo_15_15.txt,"Warwick 506: balanced orders, 7 orders per product",15,15,15,14,1.142,solved,
Harvey,wbo_15_15.txt,"Warwick 507: balanced orders, 7 orders per product",15,15,15,14,1.145,solved,
Harvey,wbo_15_15.txt,"Warwick 508: balanced orders, 7 orders per product",15,15,15,14,1.132,solved,
Harvey,wbo_15_15.txt,"Warwick 509: balanced orders, 7 orders per product",15,15,15,14,1.134,solved,
Harvey,wbo_15_15.txt,"Warwick 510: balanced orders, 7 orders per product",15,15,15,13,1.128,solved,
Harvey,wbo_20_10.txt,"Warwick 871: balanced orders, 4 orders per product",20,10,9,5,0.163,solved,
Harvey,wbo_20_10.txt,"Warwick 872: balanced orders, 4 orders per product",20,10,10,5,0.156,solved,
Harvey,wbo_20_10.txt,"Warwick 873: balanced orders, 4 orders per product",20,10,9,5,0.16,solved,
Harvey,wbo_20_10.txt,"Warwick 874: balanced orders, 4 orders per product",20,10,8,5,0.158,solved,
Harvey,wbo_20_10.txt,"Warwick 875: balanced orders, 4 orders per product",20,10,8,5,0.16,solved,
Harvey,wbo_20_10.txt,"Warwick 876: balanced orders, 4 orders per product",20,10,10,5,0.158,solved,
Harvey,wbo_20_10.txt,"Warwick 877: balanced orders, 4 orders per product",20,10,10,5,0.158,solved,
Harvey,wbo_20_10.txt,"Warwick 878: balanced orders, 4 orders per product",20,10,11,5,0.161,solved,
Harvey,wbo_20_10.txt,"Warwick 879: balanced orders, 4 orders per product",20,10,11,5,0.158,solved,
Harvey,wbo_20_10.txt,"Warwick 880: balanced orders, 4 orders per product",20,10,13,5,0.155,solved,
Harvey,wbo_20_10.txt,"Warwick 881: balanced orders, 5 orders per product",20,10,15,7,0.158,solved,
Harvey,wbo_20_10.txt,"Warwick 882: balanced orders, 5 orders per product",20,10,14,6,0.155,solved,
Harvey,wbo_20_10.txt,"Warwick 883: balanced orders, 5 orders per product",20,10,12,5,0.16,solved,
Harvey,wbo_20_10.txt,"Warwick 884: balanced orders, 5 orders per product",20,10,11,7,0.169,solved,
Harvey,wbo_20_10.txt,"Warwick 885: balanced orders, 5 orders per product",20,10,16,6,0.161,solved,
Harvey,wbo_20_10.txt,"Warwick 886: balanced orders, 5 orders per product",20,10,13,7,0.158,solved,
Harvey,wbo_20_10.txt,"Warwick 887: balanced orders, 5 orders per product",20,10,14,6,0.156,solved,
Harvey,wbo_20_10.txt,"Warwick 888: balanced orders, 5 orders per product",20,10,14,6,0.159,solved,
Harvey,wbo_20_10.txt,"Warwick 889: balanced orders, 5 orders per product",20,10,11,6,0.16,solved,
Harvey,wbo_20_10.txt,"Warwick 890: balanced orders, 5 orders per product",20,10,13,6,0.159,solved,
Harvey,wbo_20_10.txt,"Warwick 891: balanced orders, 6 orders per product",20,10,15,8,0.161,solved,
Harvey,wbo_20_10.txt,"Warwick 892: balanced orders, 6 orders per product",20,10,16,7,0.159,solved,
Harvey,wbo_20_10.txt,"Warwick 893: balanced orders, 6 orders per product",20,10,15,7,0.157,solved,
Harvey,wbo_20_10.txt,"Warwick 894: balanced orders, 6 orders per product",20,10,19,7,0.158,solved,
Harvey,wbo_20_10.txt,"Warwick 895: balanced orders, 6 orders per product",20,10,15,8,0.155,solved,
Harvey,wbo_20_10.txt,"Warwick 896: balanced orders, 6 orders per product",20,10,14,8,0.158,solved,
Harvey,wbo_20_10.txt,"Warwick 897: balanced orders, 6 orders per product",20,10,14,8,0.164,solved,
Harvey,wbo_20_10.txt,"Warwick 898: balanced orders, 6 orders per product",20,10,14,8,0.156,solved,
Harvey,wbo_20_10.txt,"Warwick 899: balanced orders, 6 orders per product",20,10,14,8,0.156,solved,
Harvey,wbo_20_10.txt,"Warwick 900: balanced orders, 6 orders per product",20,10,16,7,0.156,solved,
Harvey,wbo_20_10.txt,"Warwick 901: balanced orders, 7 orders per product",20,10,17,8,0.157,solved,
Harvey,wbo_20_10.txt,"Warwick 902: balanced orders, 7 orders per product",20,10,18,8,0.156,solved,
Harvey,wbo_20_10.txt,"Warwick 903: balanced orders, 7 orders per product",20,10,17,8,0.155,solved,
Harvey,wbo_20_10.txt,"Warwick 904: balanced orders, 7 orders per product",20,10,19,8,0.163,solved,
Harvey,wbo_20_10.txt,"Warwick 905: balanced orders, 7 orders per product",20,10,17,8,0.166,solved,
Harvey,wbo_20_10.txt,"Warwick 906: balanced orders, 7 orders per product",20,10,18,8,0.16,solved,
Harvey,wbo_20_10.txt,"Warwick 907: balanced orders, 7 orders per product",20,10,18,8,0.157,solved,
Harvey,wbo_20_10.txt,"Warwick 908: balanced orders, 7 orders per product",20,10,15,8,0.155,solved,
Harvey,wbo_20_10.txt,"Warwick 909: balanced orders, 7 orders per product",20,10,18,8,0.156,solved,
Harvey,wbo_20_10.txt,"Warwick 910: balanced orders, 7 orders per product",20,10,17,8,0.163,solved,
Harvey,wbo_20_10.txt,"Warwick 911: balanced orders, 8 orders per product",20,10,18,9,0.157,solved,
Harvey,wbo_20_10.txt,"Warwick 912: balanced orders, 8 orders per product",20,10,18,9,0.158,solved,
Harvey,wbo_20_10.txt,"Warwick 913: balanced orders, 8 orders per product",20,10,19,8,0.16,solved,
Harvey,wbo_20_10.txt,"Warwick 914: balanced orders, 8 orders per product",20,10,18,9,0.161,solved,
Harvey,wbo_20_10.txt,"Warwick 915: balanced orders, 8 orders per product",20,10,20,8,0.159,solved,
Harvey,wbo_20_10.txt,"Warwick 916: balanced orders, 8 orders per product",20,10,17,9,0.154,solved,
Harvey,wbo_20_10.txt,"Warwick 917: balanced orders, 8 orders per product",20,10,19,8,0.16,solved,
Harvey,wbo_20_10.txt,"Warwick 918: balanced orders, 8 orders per product",20,10,18,9,0.158,solved,
Harvey,wbo_20_10.txt,"Warwick 919: balanced orders, 8 orders per product",20,10,17,9,0.155,solved,
Harvey,wbo_20_10.txt,"Warwick 920: balanced orders, 8 orders per product",20,10,17,9,0.158,solved,
Harvey,wbo_20_10.txt,"Warwick 921: balanced orders, 9 orders per product",20,10,20,9,0.159,solved,
Harvey,wbo_20_10.txt,"Warwick 922: balanced orders, 9 orders per product",20,10,19,9,0.154,solved,
Harvey,wbo_20_10.txt,"Warwick 923: balanced orders, 9 orders per product",20,10,20,9,0.157,solved,
Harvey,wbo_20_10.txt,"Warwick 924: balanced orders, 9 orders per product",20,10,17,9,0.158,solved,
Harvey,wbo_20_10.txt,"Warwick 925: balanced orders, 9 orders per product",20,10,19,9,0.156,solved,
Harvey,wbo_20_10.txt,"Warwick 926: balanced orders, 9 orders per product",20,10,19,9,0.154,solved,
Harvey,wbo_20_10.txt,"Warwick 927: balanced orders, 9 orders per product",20,10,19,9,0.159,solved,
Harvey,wbo_20_10.txt,"Warwick 928: balanced orders, 9 orders per product",20,10,19,9,0.156,solved,
Harvey,wbo_20_10.txt,"Warwick 929: balanced orders, 9 orders per product",20,10,19,9,0.163,solved,
Harvey,wbo_20_10.txt,"Warwick 930: balanced orders, 9 orders per product",20,10,19,9,0.159,solved,
Harvey,wbo_20_10.txt,"Warwick 931: balanced orders, 10 orders per product",20,10,20,9,0.157,solved,
Harvey,wbo_20_10.txt,"Warwick 932: balanced orders, 10 orders per product",20,10,20,9,0.159,solved,
Harvey,wbo_20_10.txt,"Warwick 933: balanced orders, 10 orders per product",20,10,20,9,0.156,solved,
Harvey,wbo_20_10.txt,"Warwick 934: balanced orders, 10 orders per product",20,10,20,9,0.16,solved,
Harvey,wbo_20_10.txt,"Warwick 935: balanced orders, 10 orders per product",20,10,20,9,0.152,solved,
Harvey,wbo_20_10.txt,"Warwick 936: balanced orders, 10 orders per product",20,10,20,9,0.156,solved,
Harvey,wbo_20_10.txt,"Warwick 937: balanced orders, 10 orders per product",20,10,19,9,0.161,solved,
Harvey,wbo_20_10.txt,"Warwick 938: balanced orders, 10 orders per product",20,10,20,9,0.159,solved,
Harvey,wbo_20_10.txt,"Warwick 939: balanced orders, 10 orders per product",20,10,20,9,0.158,solved,
Harvey,wbo_20_10.txt,"Warwick 940: balanced orders, 10 orders per product",20,10,20,9,0.166,solved,
Harvey,wbo_30_10.txt,"Warwick 1291: balanced orders, 6 orders per product",30,10,17,6,0.165,solved,
Harvey,wbo_30_10.txt,"Warwick 1292: balanced orders, 6 orders per product",30,10,13,6,0.156,solved,
Harvey,wbo_30_10.txt,"Warwick 1293: balanced orders, 6 orders per product",30,10,15,6,0.159,solved,
Harvey,wbo_30_10.txt,"Warwick 1294: balanced orders, 6 orders per product",30,10,17,5,0.164,solved,
Harvey,wbo_30_10.txt,"Warwick 1295: balanced orders, 6 orders per product",30,10,15,6,0.166,solved,
Harvey,wbo_30_10.txt,"Warwick 1296: balanced orders, 6 orders per product",30,10,18,6,0.162,solved,
Harvey,wbo_30_10.txt,"Warwick 1297: balanced orders, 6 orders per product",30,10,14,6,0.162,solved,
Harvey,wbo_30_10.txt,"Warwick 1298: balanced orders, 6 orders per product",30,10,18,6,0.167,solved,
Harvey,wbo_30_10.txt,"Warwick 1299: balanced orders, 6 orders per product",30,10,19,6,0.161,solved,
Harvey,wbo_30_10.txt,"Warwick 1300: balanced orders, 6 orders per product",30,10,16,6,0.161,solved,
Harvey,wbo_30_10.txt,"Warwick 1301: balanced orders, 7 orders per product",30,10,16,7,0.163,solved,
Harvey,wbo_30_10.txt,"Warwick 1302: balanced orders, 7 orders per product",30,10,22,7,0.16,solved,
Harvey,wbo_30_10.txt,"Warwick 1303: balanced orders, 7 orders per product",30,10,21,7,0.158,solved,
Harvey,wbo_30_10.txt,"Warwick 1304: balanced orders, 7 orders per product",30,10,18,8,0.159,solved,
Harvey,wbo_30_10.txt,"Warwick 1305: balanced orders, 7 orders per product",30,10,17,7,0.16,solved,
Harvey,wbo_30_10.txt,"Warwick 1306: balanced orders, 7 orders per product",30,10,18,6,0.155,solved,
Harvey,wbo_30_10.txt,"Warwick 1307: balanced orders, 7 orders per product",30,10,18,7,0.159,solved,
Harvey,wbo_30_10.txt,"Warwick 1308: balanced orders, 7 orders per product",30,10,17,7,0.157,solved,
Harvey,wbo_30_10.txt,"Warwick 1309: balanced orders, 7 orders per product",30,10,16,7,0.16,solved,
Harvey,wbo_30_10.txt,"Warwick 1310: balanced orders, 7 orders per product",30,10,16,6,0.163,solved,
Harvey,wbo_30_10.txt,"Warwick 1311: balanced orders, 8 orders per product",30,10,22,8,0.155,solved,
Harvey,wbo_30_10.txt,"Warwick 1312: balanced orders, 8 orders per product",30,10,22,8,0.155,solved,
Harvey,wbo_30_10.txt,"Warwick 1313: balanced orders, 8 orders per product",30,10,21,7,0.155,solved,
Harvey,wbo_30_10.txt,"Warwick 1314: balanced orders, 8 orders per product",30,10,20,7,0.16,solved,
Harvey,wbo_30_10.txt,"Warwick 1315: balanced orders, 8 orders per product",30,10,23,7,0.155,solved,
Harvey,wbo_30_10.txt,"Warwick 1316: balanced orders, 8 orders per product",30,10,21,8,0.159,solved,
Harvey,wbo_30_10.txt,"Warwick 1317: balanced orders, 8 orders per product",30,10,22,8,0.169,solved,
Harvey,wbo_30_10.txt,"Warwick 1318: balanced orders, 8 orders per product",30,10,22,8,0.158,solved,
Harvey,wbo_30_10.txt,"Warwick 1319: balanced orders, 8 orders per product",30,10,23,7,0.155,solved,
Harvey,wbo_30_10.txt,"Warwick 1320: balanced orders, 8 orders per product",30,10,19,8,0.156,solved,
Harvey,wbo_30_10.txt,"Warwick 1321: balanced orders, 9 orders per product",30,10,23,8,0.159,solved,
Harvey,wbo_30_10.txt,"Warwick 1322: balanced orders, 9 orders per product",30,10,24,8,0.158,solved,
Harvey,wbo_30_10.txt,"Warwick 1323: balanced orders, 9 orders per product",30,10,23,8,0.157,solved,
Harvey,wbo_30_10.txt,"Warwick 1324: balanced orders, 9 orders per product",30,10,23,8,0.162,solved,
Harvey,wbo_30_10.txt,"Warwick 1325: balanced orders, 9 orders per product",30,10,23,8,0.169,solved,
Harvey,wbo_30_10.txt,"Warwick 1326: balanced orders, 9 orders per product",30,10,26,8,0.159,solved,
Harvey,wbo_30_10.txt,"Warwick 1327: balanced orders, 9 orders per product",30,10,22,9,0.156,solved,
Harvey,wbo_30_10.txt,"Warwick 1328: balanced orders, 9 orders per product",30,10,21,8,0.158,solved,
Harvey,wbo_30_10.txt,"Warwick 1329: balanced orders, 9 orders per product",30,10,21,9,0.159,solved,
Harvey,wbo_30_10.txt,"Warwick 1330: balanced orders, 9 orders per product",30,10,21,8,0.156,solved,
Harvey,wbo_30_10.txt,"Warwick 1331: balanced orders, 10 orders per product",30,10,25,9,0.157,solved,
Harvey,wbo_30_10.txt,"Warwick 1332: balanced orders, 10 orders per product",30,10,23,9,0.157,solved,
Harvey,wbo_30_10.txt,"Warwick 1333: balanced orders, 10 orders per product",30,10,27,9,0.155,solved,
Harvey,wbo_30_10.txt,"Warwick 1334: balanced orders, 10 orders per product",30,10,22,9,0.157,solved,
Harvey,wbo_30_10.txt,"Warwick 1335: balanced orders, 10 orders per product",30,10,26,9,0.158,solved,
Harvey,wbo_30_10.txt,"Warwick 1336: balanced orders, 10 orders per product",30,10,24,9,0.158,solved,
Harvey,wbo_30_10.txt,"Warwick 1337: balanced orders, 10 orders per product",30,10,23,9,0.158,solved,
Harvey,wbo_30_10.txt,"Warwick 1338: balanced orders, 10 orders per product",30,10,24,9,0.16,solved,
Harvey,wbo_30_10.txt,"Warwick 1339: balanced orders, 10 orders per product",30,10,26,8,0.154,solved,
Harvey,wbo_30_10.txt,"Warwick 1340: balanced orders, 10 orders per product",30,10,24,9,0.156,solved,
Harvey,wbo_30_10.txt,"Warwick 1341: balanced orders, 11 orders per product",30,10,23,9,0.16,solved,
Harvey,wbo_30_10.txt,"Warwick 1342: balanced orders, 11 orders per product",30,10,24,9,0.163,solved,
Harvey,wbo_30_10.txt,"Warwick 1343: balanced orders, 11 orders per product",30,10,27,9,0.168,solved,
Harvey,wbo_30_10.txt,"Warwick 1344: balanced orders, 11 orders per product",30,10,24,9,0.161,solved,
Harvey,wbo_30_10.txt,"Warwick 1345: balanced orders, 11 orders per product",30,10,23,9,0.16,solved,
Harvey,wbo_30_10.txt,"Warwick 1346: balanced orders, 11 orders per product",30,10,26,9,0.154,solved,
Harvey,wbo_30_10.txt,"Warwick 1347: balanced orders, 11 orders per product",30,10,26,9,0.16,solved,
Harvey,wbo_30_10.txt,"Warwick 1348: balanced orders, 11 orders per product",30,10,26,9,0.159,solved,
Harvey,wbo_30_10.txt,"Warwick 1349: balanced orders, 11 orders per product",30,10,28,9,0.157,solved,
Harvey,wbo_30_10.txt,"Warwick 1350: balanced orders, 11 orders per product",30,10,25,9,0.156,solved,
Harvey,wbo_30_10.txt,"Warwick 1351: balanced orders, 12 orders per product",30,10,27,9,0.16,solved,
Harvey,wbo_30_10.txt,"Warwick 1352: balanced orders, 12 orders per product",30,10,27,9,0.155,solved,
Harvey,wbo_30_10.txt,"Warwick 1353: balanced orders, 12 orders per product",30,10,26,9,0.158,solved,
Harvey,wbo_30_10.txt,"Warwick 1354: balanced orders, 12 orders per product",30,10,27,9,0.162,solved,
Harvey,wbo_30_10.txt,"Warwick 1355: balanced orders, 12 orders per product",30,10,30,9,0.159,solved,
Harvey,wbo_30_10.txt,"Warwick 1356: balanced orders, 12 orders per product",30,10,28,9,0.158,solved,
Harvey,wbo_30_10.txt,"Warwick 1357: balanced orders, 12 orders per product",30,10,29,9,0.169,solved,
Harvey,wbo_30_10.txt,"Warwick 1358: balanced orders, 12 orders per product",30,10,29,9,0.172,solved,
Harvey,wbo_30_10.txt,"Warwick 1359: balanced orders, 12 orders per product",30,10,27,9,0.163,solved,
Harvey,wbo_30_10.txt,"Warwick 1360: balanced orders, 12 orders per product",30,10,27,9,0.156,solved,
Harvey,wbo_30_10.txt,"Warwick 1361: balanced orders, 13 orders per product",30,10,27,9,0.181,solved,
Harvey,wbo_30_10.txt,"Warwick 1362: balanced orders, 13 orders per product",30,10,30,9,0.158,solved,
Harvey,wbo_30_10.txt,"Warwick 1363: balanced orders, 13 orders per product",30,10,27,9,0.159,solved,
Harvey,wbo_30_10.txt,"Warwick 1364: balanced orders, 13 orders per product",30,10,27,9,0.157,solved,
Harvey,wbo_30_10.txt,"Warwick 1365: balanced orders, 13 orders per product",30,10,28,9,0.159,solved,
Harvey,wbo_30_10.txt,"Warwick 1366: balanced orders, 13 orders per product",30,10,26,9,0.155,solved,
Harvey,wbo_30_10.txt,"Warwick 1367: balanced orders, 13 orders per product",30,10,27,9,0.161,solved,
Harvey,wbo_30_10.txt,"Warwick 1368: balanced orders, 13 orders per product",30,10,27,9,0.173,solved,
Harvey,wbo_30_10.txt,"Warwick 1369: balanced orders, 13 orders per product",30,10,29,9,0.177,solved,
Harvey,wbo_30_10.txt,"Warwick 1370: balanced orders, 13 orders per product",30,10,27,9,0.167,solved,
Harvey,wbo_30_10.txt,"Warwick 1371: balanced orders, 14 orders per product",30,10,28,9,0.175,solved,
Harvey,wbo_30_10.txt,"Warwick 1372: balanced orders, 14 orders per product",30,10,29,9,0.162,solved,
Harvey,wbo_30_10.txt,"Warwick 1373: balanced orders, 14 orders per product",30,10,28,9,0.157,solved,
Harvey,wbo_30_10.txt,"Warwick 1374: balanced orders, 14 orders per product",30,10,28,9,0.159,solved,
Harvey,wbo_30_10.txt,"Warwick 1375: balanced orders, 14 orders per product",30,10,30,9,0.169,solved,
Harvey,wbo_30_10.txt,"Warwick 1376: balanced orders, 14 orders per product",30,10,29,9,0.158,solved,
Harvey,wbo_30_10.txt,"Warwick 1377: balanced orders, 14 orders per product",30,10,27,9,0.162,solved,
Harvey,wbo_30_10.txt,"Warwick 1378: balanced orders, 14 orders per product",30,10,29,9,0.156,solved,
Harvey,wbo_30_10.txt,"Warwick 1379: balanced orders, 14 orders per product",30,10,28,9,0.161,solved,
Harvey,wbo_30_10.txt,"Warwick 1380: balanced orders, 14 orders per product",30,10,28,9,0.16,solved,
Harvey,wbo_30_10.txt,"Warwick 1381: balanced orders, 15 orders per product",30,10,29,9,0.163,solved,
Harvey,wbo_30_10.txt,"Warwick 1382: balanced orders, 15 orders per product",30,10,28,9,0.163,solved,
Harvey,wbo_30_10.txt,"Warwick 1383: balanced orders, 15 orders per product",30,10,28,9,0.157,solved,
Harvey,wbo_30_10.txt,"Warwick 1384: balanced orders, 15 orders per product",30,10,30,9,0.163,solved,
Harvey,wbo_30_10.txt,"Warwick 1385: balanced orders, 15 orders per product",30,10,29,9,0.169,solved,
Harvey,wbo_30_10.txt,"Warwick 1386: balanced orders, 15 orders per product",30,10,29,9,0.157,solved,
Harvey,wbo_30_10.txt,"Warwick 1387: balanced orders, 15 orders per product",30,10,30,9,0.159,solved,
Harvey,wbo_30_10.txt,"Warwick 1388: balanced orders, 15 orders per product",30,10,30,9,0.157,solved,
Harvey,wbo_30_10.txt,"Warwick 1389: balanced orders, 15 orders per product",30,10,30,9,0.155,solved,
Harvey,wbo_30_10.txt,"Warwick 1390: balanced orders, 15 orders per product",30,10,30,9,0.157,solved,
Harvey,wbo_30_15.txt,"Warwick 1471: balanced orders, 4 orders per product",30,15,14,5,1.171,solved,
Harvey,wbo_30_15.txt,"Warwick 1472: balanced orders, 4 orders per product",30,15,15,6,1.195,solved,
Harvey,wbo_30_15.txt,"Warwick 1473: balanced orders, 4 orders per product",30,15,12,5,1.173,solved,
Harvey,wbo_30_15.txt,"Warwick 1474: balanced orders, 4 orders per product",30,15,10,5,1.173,solved,
Harvey,wbo_30_15.txt,"Warwick 1475: balanced orders, 4 orders per product",30,15,12,5,1.186,solved,
Harvey,wbo_30_15.txt,"Warwick 1476: balanced orders, 4 orders per product",30,15,14,6,1.169,solved,
Harvey,wbo_30_15.txt,"Warwick 1477: balanced orders, 4 orders per product",30,15,15,6,1.164,solved,
Harvey,wbo_30_15.txt,"Warwick 1478: balanced orders, 4 orders per product",30,15,13,7,1.161,solved,
Harvey,wbo_30_15.txt,"Warwick 1479: balanced orders, 4 orders per product",30,15,12,6,1.17,solved,
Harvey,wbo_30_15.txt,"Warwick 1480: balanced orders, 4 orders per product",30,15,9,5,1.177,solved,
Harvey,wbo_30_15.txt,"Warwick 1481: balanced orders, 5 orders per product",30,15,17,9,1.152,solved,
Harvey,wbo_30_15.txt,"Warwick 1482: balanced orders, 5 orders per product",30,15,17,9,1.149,solved,
Harvey,wbo_30_15.txt,"Warwick 1483: balanced orders, 5 orders per product",30,15,17,9,1.187,solved,
Harvey,wbo_30_15.txt,"Warwick 1484: balanced orders, 5 orders per product",30,15,17,9,1.139,solved,
Harvey,wbo_30_15.txt,"Warwick 1485: balanced orders, 5 orders per product",30,15,16,8,1.172,solved,
Harvey,wbo_30_15.txt,"Warwick 1486: balanced orders, 5 orders per product",30,15,16,7,1.217,solved,
Harvey,wbo_30_15.txt,"Warwick 1487: balanced orders, 5 orders per product",30,15,19,8,1.184,solved,
Harvey,wbo_30_15.txt,"Warwick 1488: balanced orders, 5 orders per product",30,15,16,9,1.236,solved,
Harvey,wbo_30_15.txt,"Warwick 1489: balanced orders, 5 orders per product",30,15,15,8,1.176,solved,
Harvey,wbo_30_15.txt,"Warwick 1490: balanced orders, 5 orders per product",30,15,18,8,1.254,solved,
Harvey,wbo_30_15.txt,"Warwick 1491: balanced orders, 6 orders per product",30,15,17,11,1.213,solved,
Harvey,wbo_30_15.txt,"Warwick 1492: balanced orders, 6 orders per product",30,15,22,11,1.239,solved,
Harvey,wbo_30_15.txt,"Warwick 1493: balanced orders, 6 orders per product",30,15,23,10,1.194,solved,
Harvey,wbo_30_15.txt,"Warwick 1494: balanced orders, 6 orders per product",30,15,20,10,1.174,solved,
Harvey,wbo_30_15.txt,"Warwick 1495: balanced orders, 6 orders per product",30,15,22,11,1.175,solved,
Harvey,wbo_30_15.txt,"Warwick 1496: balanced orders, 6 orders per product",30,15,16,11,1.145,solved,
Harvey,wbo_30_15.txt,"Warwick 1497: balanced orders, 6 orders per product",30,15,21,10,1.188,solved,
Harvey,wbo_30_15.txt,"Warwick 1498: balanced orders, 6 orders per product",30,15,24,11,1.201,solved,
Harvey,wbo_30_15.txt,"Warwick 1499: balanced orders, 6 orders per product",30,15,21,11,1.154,solved,
Harvey,wbo_30_15.txt,"Warwick 1500: balanced orders, 6 orders per product",30,15,19,10,1.193,solved,
Harvey,wbo_30_15.txt,"Warwick 1501: balanced orders, 7 orders per product",30,15,23,12,1.163,solved,
Harvey,wbo_30_15.txt,"Warwick 1502: balanced orders, 7 orders per product",30,15,24,11,1.143,solved,
Harvey,wbo_30_15.txt,"Warwick 1503: balanced orders, 7 orders per product",30,15,26,11,1.16,solved,
Harvey,wbo_30_15.txt,"Warwick 1504: balanced orders, 7 orders per product",30,15,25,11,1.152,solved,
Harvey,wbo_30_15.txt,"Warwick 1505: balanced orders, 7 orders per product",30,15,26,11,1.16,solved,
Harvey,wbo_30_15.txt,"Warwick 1506: balanced orders, 7 orders per product",30,15,23,12,1.152,solved,
Harvey,wbo_30_15.txt,"Warwick 1507: balanced orders, 7 orders per product",30,15,23,11,1.148,solved,
Harvey,wbo_30_15.txt,"Warwick 1508: balanced orders, 7 orders per product",30,15,26,12,1.23,solved,
Harvey,wbo_30_15.txt,"Warwick 1509: balanced orders, 7 orders per product",30,15,24,11,1.143,solved,
Harvey,wbo_30_15.txt,"Warwick 1510: balanced orders, 7 orders per product",30,15,23,11,1.154,solved,
Harvey,wbo_30_15.txt,"Warwick 1511: balanced orders, 8 orders per product",30,15,26,12,1.14,solved,
Harvey,wbo_30_15.txt,"Warwick 1512: balanced orders, 8 orders per product",30,15,25,12,1.146,solved,
Harvey,wbo_30_15.txt,"Warwick 1513: balanced orders, 8 orders per product",30,15,25,12,1.151,solved,
Harvey,wbo_30_15.txt,"Warwick 1514: balanced orders, 8 orders per product",30,15,28,12,1.157,solved,
Harvey,wbo_30_15.txt,"Warwick 1515: balanced orders, 8 orders per product",30,15,27,12,1.136,solved,
Harvey,wbo_30_15.txt,"Warwick 1516: balanced orders, 8 orders per product",30,15,27,13,1.154,solved,
Harvey,wbo_30_15.txt,"Warwick 1517: balanced orders, 8 orders per product",30,15,28,12,1.152,solved,
Harvey,wbo_30_15.txt,"Warwick 1518: balanced orders, 8 orders per product",30,15,27,13,1.135,solved,
Harvey,wbo_30_15.txt,"Warwick 1519: balanced orders, 8 orders per product",30,15,27,12,1.158,solved,
Harvey,wbo_30_15.txt,"Warwick 1520: balanced orders, 8 orders per product",30,15,25,13,1.138,solved,
Harvey,wbo_30_15.txt,"Warwick 1521: balanced orders, 9 orders per product",30,15,28,13,1.162,solved,
Harvey,wbo_30_15.txt,"Warwick 1522: balanced orders, 9 orders per product",30,15,30,13,1.135,solved,
Harvey,wbo_30_15.txt,"Warwick 1523: balanced orders, 9 orders per product",30,15,30,14,1.159,solved,
Harvey,wbo_30_15.txt,"Warwick 1524: balanced orders, 9 orders per product",30,15,27,13,1.141,solved,
Harvey,wbo_30_15.txt,"Warwick 1525: balanced orders, 9 orders per product",30,15,27,13,1.169,solved,
Harvey,wbo_30_15.txt,"Warwick 1526: balanced orders, 9 orders per product",30,15,27,14,1.306,solved,
Harvey,wbo_30_15.txt,"Warwick 1527: balanced orders, 9 orders per product",30,15,29,12,1.239,solved,
Harvey,wbo_30_15.txt,"Warwick 1528: balanced orders, 9 orders per product",30,15,26,13,1.166,solved,
Harvey,wbo_30_15.txt,"Warwick 1529: balanced orders, 9 orders per product",30,15,27,13,1.184,solved,
Harvey,wbo_30_15.txt,"Warwick 1530: balanced orders, 9 orders per product",30,15,29,13,1.165,solved,
Harvey,wbo_30_15.txt,"Warwick 1531: balanced orders, 10 orders per product",30,15,28,13,1.19,solved,
Harvey,wbo_30_15.txt,"Warwick 1532: balanced orders, 10 orders per product",30,15,27,13,1.145,solved,
Harvey,wbo_30_15.txt,"Warwick 1533: balanced orders, 10 orders per product",30,15,29,13,1.16,solved,
Harvey,wbo_30_15.txt,"Warwick 1534: balanced orders, 10 orders per product",30,15,29,14,1.157,solved,
Harvey,wbo_30_15.txt,"Warwick 1535: balanced orders, 10 orders per product",30,15,29,13,1.112,solved,
Harvey,wbo_30_15.txt,"Warwick 1536: balanced orders, 10 orders per product",30,15,28,13,1.159,solved,
Harvey,wbo_30_15.txt,"Warwick 1537: balanced orders, 10 orders per product",30,15,27,13,1.153,solved,
Harvey,wbo_30_15.txt,"Warwick 1538: balanced orders, 10 orders per product",30,15,28,13,1.149,solved,
Harvey,wbo_30_15.txt,"Warwick 1539: balanced orders, 10 orders per product",30,15,27,13,1.13,solved,
Harvey,wbo_30_15.txt,"Warwick 1540: balanced orders, 10 orders per product",30,15,28,13,1.169,solved,
Harvey,wbo_30_15.txt,"Warwick 1541: balanced orders, 11 orders per product",30,15,28,14,1.151,solved,
Harvey,wbo_30_15.txt,"Warwick 1542: balanced orders, 11 orders per product",30,15,28,14,1.145,solved,
Harvey,wbo_30_15.txt,"Warwick 1543: balanced orders, 11 orders per product",30,15,29,14,1.125,solved,
Harvey,wbo_30_15.txt,"Warwick 1544: balanced orders, 11 orders per product",30,15,27,13,1.165,solved,
Harvey,wbo_30_15.txt,"Warwick 1545: balanced orders, 11 orders per product",30,15,29,14,1.178,solved,
Harvey,wbo_30_15.txt,"Warwick 1546: balanced orders, 11 orders per product",30,15,29,14,1.272,solved,
Harvey,wbo_30_15.txt,"Warwick 1547: balanced orders, 11 orders per product",30,15,29,14,1.152,solved,
Harvey,wbo_30_15.txt,"Warwick 1548: balanced orders, 11 orders per product",30,15,30,13,1.141,solved,
Harvey,wbo_30_15.txt,"Warwick 1549: balanced orders, 11 orders per product",30,15,30,14,1.214,solved,
Harvey,wbo_30_15.txt,"Warwick 1550: balanced orders, 11 orders per product",30,15,29,14,1.152,solved,
Harvey,wbo_30_15.txt,"Warwick 1551: balanced orders, 12 orders per product",30,15,30,14,1.161,solved,
Harvey,wbo_30_15.txt,"Warwick 1552: balanced orders, 12 orders per product",30,15,30,14,1.259,solved,
Harvey,wbo_30_15.txt,"Warwick 1553: balanced orders, 12 orders per product",30,15,30,14,1.711,solved,
Harvey,wbo_30_15.txt,"Warwick 1554: balanced orders, 12 orders per product",30,15,29,14,1.169,solved,
Harvey,wbo_30_15.txt,"Warwick 1555: balanced orders, 12 orders per product",30,15,30,14,1.215,solved,
Harvey,wbo_30_15.txt,"Warwick 1556: balanced orders, 12 orders per product",30,15,30,14,1.306,solved,
Harvey,wbo_30_15.txt,"Warwick 1557: balanced orders, 12 orders per product",30,15,30,14,1.222,solved,
Harvey,wbo_30_15.txt,"Warwick 1558: balanced orders, 12 orders per product",30,15,29,14,1.653,solved,
Harvey,wbo_30_15.txt,"Warwick 1559: balanced orders, 12 orders per product",30,15,30,14,1.159,solved,
Harvey,wbo_30_15.txt,"Warwick 1560: balanced orders, 12 orders per product",30,15,29,14,1.153,solved,
Harvey,wbo_30_15.txt,"Warwick 1561: balanced orders, 13 orders per product",30,15,30,14,1.129,solved,
Harvey,wbo_30_15.txt,"Warwick 1562: balanced orders, 13 orders per product",30,15,30,14,1.135,solved,
Harvey,wbo_30_15.txt,"Warwick 1563: balanced orders, 13 orders per product",30,15,30,14,1.136,solved,
Harvey,wbo_30_15.txt,"Warwick 1564: balanced orders, 13 orders per product",30,15,30,14,1.141,solved,
Harvey,wbo_30_15.txt,"Warwick 1565: balanced orders, 13 orders per product",30,15,29,14,1.217,solved,
Harvey,wbo_30_15.txt,"Warwick 1566: balanced orders, 13 orders per product",30,15,29,14,1.246,solved,
Harvey,wbo_30_15.txt,"Warwick 1567: balanced orders, 13 orders per product",30,15,30,14,1.17,solved,
Harvey,wbo_30_15.txt,"Warwick 1568: balanced orders, 13 orders per product",30,15,30,14,1.164,solved,
Harvey,wbo_30_15.txt,"Warwick 1569: balanced orders, 13 orders per product",30,15,30,14,1.158,solved,
Harvey,wbo_30_15.txt,"Warwick 1570: balanced orders, 13 orders per product",30,15,30,14,1.136,solved,
Harvey,wbo_30_15.txt,"Warwick 1571: balanced orders, 14 orders per product",30,15,30,14,1.149,solved,
Harvey,wbo_30_15.txt,"Warwick 1572: balanced orders, 14 orders per product",30,15,30,14,1.157,solved,
Harvey,wbo_30_15.txt,"Warwick 1573: balanced orders, 14 orders per product",30,15,30,14,1.139,solved,
Harvey,wbo_30_15.txt,"Warwick 1574: balanced orders, 14 orders per product",30,15,30,14,1.139,solved,
Harvey,wbo_30_15.txt,"Warwick 1575: balanced orders, 14 orders per product",30,15,30,14,1.164,solved,
Harvey,wbo_30_15.txt,"Warwick 1576: balanced orders, 14 orders per product",30,15,30,14,1.172,solved,
Harvey,wbo_30_15.txt,"Warwick 1577: balanced orders, 14 orders per product",30,15,29,14,1.197,solved,
Harvey,wbo_30_15.txt,"Warwick 1578: balanced orders, 14 orders per product",30,15,30,14,1.18,solved,
Harvey,wbo_30_15.txt,"Warwick 1579: balanced orders, 14 orders per product",30,15,30,14,1.173,solved,
Harvey,wbo_30_15.txt,"Warwick 1580: balanced orders, 14 orders per product",30,15,29,14,1.175,solved,
Harvey,wbo_30_15.txt,"Warwick 1581: balanced orders, 15 orders per product",30,15,30,14,1.171,solved,
Harvey,wbo_30_15.txt,"Warwick 1582: balanced orders, 15 orders per product",30,15,30,14,1.16,solved,
Harvey,wbo_30_15.txt,"Warwick 1583: balanced orders, 15 orders per product",30,15,30,14,1.164,solved,
Harvey,wbo_30_15.txt,"Warwick 1584: balanced orders, 15 orders per product",30,15,30,14,1.175,solved,
Harvey,wbo_30_15.txt,"Warwick 1585: balanced orders, 15 orders per product",30,15,30,14,1.149,solved,
Harvey,wbo_30_15.txt,"Warwick 1586: balanced orders, 15 orders per product",30,15,30,14,1.141,solved,
Harvey,wbo_30_15.txt,"Warwick 1587: balanced orders, 15 orders per product",30,15,30,14,1.141,solved,
Harvey,wbo_30_15.txt,"Warwick 1588: balanced orders, 15 orders per product",30,15,30,14,1.153,solved,
Harvey,wbo_30_15.txt,"Warwick 1589: balanced orders, 15 orders per product",30,15,30,14,1.142,solved,
Harvey,wbo_30_15.txt,"Warwick 1590: balanced orders, 15 orders per product",30,15,30,14,1.154,solved,
Harvey,wbop_10_10.txt,"Warwick 81: balanced orders and products, 2 products per order",10,10,4,2,0.158,solved,
Harvey,wbop_10_10.txt,"Warwick 82: balanced orders and products, 2 products per order",10,10,4,2,0.159,solved,
Harvey,wbop_10_10.txt,"Warwick 83: balanced orders and products, 2 products per order",10,10,3,2,0.158,solved,
Harvey,wbop_10_10.txt,"Warwick 84: balanced orders and products, 2 products per order",10,10,4,2,0.155,solved,
Harvey,wbop_10_10.txt,"Warwick 85: balanced orders and products, 2 products per order",10,10,4,2,0.157,solved,
Harvey,wbop_10_10.txt,"Warwick 86: balanced orders and products, 2 products per order",10,10,3,2,0.157,solved,
Harvey,wbop_10_10.txt,"Warwick 87: balanced orders and products, 2 products per order",10,10,4,2,0.153,solved,
Harvey,wbop_10_10.txt,"Warwick 88: balanced orders and products, 2 products per order",10,10,4,2,0.157,solved,
Harvey,wbop_10_10.txt,"Warwick 89: balanced orders and products, 2 products per order",10,10,3,2,0.159,solved,
Harvey,wbop_10_10.txt,"Warwick 90: balanced orders and products, 2 products per order",10,10,3,2,0.157,solved,
Harvey,wbop_10_10.txt,"Warwick 91: balanced orders and products, 3 products per order",10,10,6,4,0.153,solved,
Harvey,wbop_10_10.txt,"Warwick 92: balanced orders and products, 3 products per order",10,10,7,4,0.157,solved,
Harvey,wbop_10_10.txt,"Warwick 93: balanced orders and products, 3 products per order",10,10,8,5,0.154,solved,
Harvey,wbop_10_10.txt,"Warwick 94: balanced orders and products, 3 products per order",10,10,7,4,0.158,solved,
Harvey,wbop_10_10.txt,"Warwick 95: balanced orders and products, 3 products per order",10,10,7,5,0.162,solved,
Harvey,wbop_10_10.txt,"Warwick 96: balanced orders and products, 3 products per order",10,10,9,6,0.155,solved,
Harvey,wbop_10_10.txt,"Warwick 97: balanced orders and products, 3 products per order",10,10,9,6,0.156,solved,
Harvey,wbop_10_10.txt,"Warwick 98: balanced orders and products, 3 products per order",10,10,9,5,0.157,solved,
Harvey,wbop_10_10.txt,"Warwick 99: balanced orders and products, 3 products per order",10,10,9,5,0.154,solved,
Harvey,wbop_10_10.txt,"Warwick 100: balanced orders and products, 3 products per order",10,10,7,5,0.156,solved,
Harvey,wbop_10_10.txt,"Warwick 101: balanced orders and products, 4 products per order",10,10,10,7,0.154,solved,
Harvey,wbop_10_10.txt,"Warwick 102: balanced orders and products, 4 products per order",10,10,10,7,0.155,solved,
Harvey,wbop_10_10.txt,"Warwick 103: balanced orders and products, 4 products per order",10,10,10,7,0.156,solved,
Harvey,wbop_10_10.txt,"Warwick 104: balanced orders and products, 4 products per order",10,10,10,8,0.156,solved,
Harvey,wbop_10_10.txt,"Warwick 105: balanced orders and products, 4 products per order",10,10,10,8,0.155,solved,
Harvey,wbop_10_10.txt,"Warwick 106: balanced orders and products, 4 products per order",10,10,8,7,0.157,solved,
Harvey,wbop_10_10.txt,"Warwick 107: balanced orders and products, 4 products per order",10,10,10,7,0.156,solved,
Harvey,wbop_10_10.txt,"Warwick 108: balanced orders and products, 4 products per order",10,10,10,8,0.154,solved,
Harvey,wbop_10_10.txt,"Warwick 109: balanced orders and products, 4 products per order",10,10,10,8,0.156,solved,
Harvey,wbop_10_10.txt,"Warwick 110: balanced orders and products, 4 products per order",10,10,10,8,0.158,solved,
Harvey,wbop_10_10.txt,"Warwick 111: balanced orders and products, 5 products per order",10,10,10,8,0.156,solved,
Harvey,wbop_10_10.txt,"Warwick 112: balanced orders and products, 5 products per order",10,10,10,9,0.155,solved,
Harvey,wbop_10_10.txt,"Warwick 113: balanced orders and products, 5 products per order",10,10,10,8,0.155,solved,
Harvey,wbop_10_10.txt,"Warwick 114: balanced orders and products, 5 products per order",10,10,10,8,0.155,solved,
Harvey,wbop_10_10.txt,"Warwick 115: balanced orders and products, 5 products per order",10,10,10,9,0.157,solved,
Harvey,wbop_10_10.txt,"Warwick 116: balanced orders and products, 5 products per order",10,10,10,8,0.155,solved,
Harvey,wbop_10_10.txt,"Warwick 117: balanced orders and products, 5 products per order",10,10,10,9,0.181,solved,
Harvey,wbop_10_10.txt,"Warwick 118: balanced orders and products, 5 products per order",10,10,10,8,0.158,solved,
Harvey,wbop_10_10.txt,"Warwick 119: balanced orders and products, 5 products per order",10,10,10,9,0.157,solved,
Harvey,wbop_10_10.txt,"Warwick 120: balanced orders and products, 5 products per order",10,10,10,8,0.154,solved,
Harvey,wbop_15_15.txt,"Warwick 571: balanced orders and products, 2 products per order",15,15,3,2,1.188,solved,
Harvey,wbop_15_15.txt,"Warwick 572: balanced orders and products, 2 products per order",15,15,3,2,1.154,solved,
Harvey,wbop_15_15.txt,"Warwick 573: balanced orders and products, 2 products per order",15,15,3,2,1.158,solved,
Harvey,wbop_15_15.txt,"Warwick 574: balanced orders and products, 2 products per order",15,15,3,2,1.161,solved,
Harvey,wbop_15_15.txt,"Warwick 575: balanced orders and products, 2 products per order",15,15,3,2,1.182,solved,
Harvey,wbop_15_15.txt,"Warwick 576: balanced orders and products, 2 products per order",15,15,3,2,1.164,solved,
Harvey,wbop_15_15.txt,"Warwick 577: balanced orders and products, 2 products per order",15,15,3,2,1.179,solved,
Harvey,wbop_15_15.txt,"Warwick 578: balanced orders and products, 2 products per order",15,15,4,2,1.19,solved,
Harvey,wbop_15_15.txt,"Warwick 579: balanced orders and products, 2 products per order",15,15,3,2,1.166,solved,
Harvey,wbop_15_15.txt,"Warwick 580: balanced orders and products, 2 products per order",15,15,4,2,1.165,solved,
Harvey,wbop_15_15.txt,"Warwick 581: balanced orders and products, 3 products per order",15,15,12,6,1.182,solved,
Harvey,wbop_15_15.txt,"Warwick 582: balanced orders and products, 3 products per order",15,15,12,6,1.174,solved,
Harvey,wbop_15_15.txt,"Warwick 583: balanced orders and products, 3 products per order",15,15,11,7,1.193,solved,
Harvey,wbop_15_15.txt,"Warwick 584: balanced orders and products, 3 products per order",15,15,13,7,1.184,solved,
Harvey,wbop_15_15.txt,"Warwick 585: balanced orders and products, 3 products per order",15,15,12,7,1.185,solved,
Harvey,wbop_15_15.txt,"Warwick 586: balanced orders and products, 3 products per order",15,15,13,7,1.21,solved,
Harvey,wbop_15_15.txt,"Warwick 587: balanced orders and products, 3 products per order",15,15,10,7,1.173,solved,
Harvey,wbop_15_15.txt,"Warwick 588: balanced orders and products, 3 products per order",15,15,12,7,1.172,solved,
Harvey,wbop_15_15.txt,"Warwick 589: balanced orders and products, 3 products per order",15,15,9,5,1.205,solved,
Harvey,wbop_15_15.txt,"Warwick 590: balanced orders and products, 3 products per order",15,15,10,6,1.177,solved,
Harvey,wbop_15_15.txt,"Warwick 591: balanced orders and products, 4 products per order",15,15,15,9,1.176,solved,
Harvey,wbop_15_15.txt,"Warwick 592: balanced orders and products, 4 products per order",15,15,14,9,1.176,solved,
Harvey,wbop_15_15.txt,"Warwick 593: balanced orders and products, 4 products per order",15,15,13,9,1.189,solved,
Harvey,wbop_15_15.txt,"Warwick 594: balanced orders and products, 4 products per order",15,15,15,9,1.173,solved,
Harvey,wbop_15_15.txt,"Warwick 595: balanced orders and products, 4 products per order",15,15,14,10,1.159,solved,
Harvey,wbop_15_15.txt,"Warwick 596: balanced orders and products, 4 products per order",15,15,14,10,1.166,solved,
Harvey,wbop_15_15.txt,"Warwick 597: balanced orders and products, 4 products per order",15,15,13,10,1.168,solved,
Harvey,wbop_15_15.txt,"Warwick 598: balanced orders and products, 4 products per order",15,15,14,9,1.173,solved,
Harvey,wbop_15_15.txt,"Warwick 599: balanced orders and products, 4 products per order",15,15,15,10,1.171,solved,
Harvey,wbop_15_15.txt,"Warwick 600: balanced orders and products, 4 products per order",15,15,14,10,1.198,solved,
Harvey,wbop_15_15.txt,"Warwick 601: balanced orders and products, 5 products per order",15,15,15,12,1.17,solved,
Harvey,wbop_15_15.txt,"Warwick 602: balanced orders and products, 5 products per order",15,15,15,11,1.198,solved,
Harvey,wbop_15_15.txt,"Warwick 603: balanced orders and products, 5 products per order",15,15,15,11,1.169,solved,
Harvey,wbop_15_15.txt,"Warwick 604: balanced orders and products, 5 products per order",15,15,15,12,1.163,solved,
Harvey,wbop_15_15.txt,"Warwick 605: balanced orders and products, 5 products per order",15,15,15,12,1.17,solved,
Harvey,wbop_15_15.txt,"Warwick 606: balanced orders and products, 5 products per order",15,15,15,11,1.17,solved,
Harvey,wbop_15_15.txt,"Warwick 607: balanced orders and products, 5 products per order",15,15,15,12,1.162,solved,
Harvey,wbop_15_15.txt,"Warwick 608: balanced orders and products, 5 products per order",15,15,15,12,1.176,solved,
Harvey,wbop_15_15.txt,"Warwick 609: balanced orders and products, 5 products per order",15,15,15,12,1.176,solved,
Harvey,wbop_15_15.txt,"Warwick 610: balanced orders and products, 5 products per order",15,15,15,11,1.196,solved,
Harvey,wbop_15_15.txt,"Warwick 611: balanced orders and products, 6 products per order",15,15,15,12,1.189,solved,
Harvey,wbop_15_15.txt,"Warwick 612: balanced orders and products, 6 products per order",15,15,15,13,1.173,solved,
Harvey,wbop_15_15.txt,"Warwick 613: balanced orders and products, 6 products per order",15,15,15,13,1.186,solved,
Harvey,wbop_15_15.txt,"Warwick 614: balanced orders and products, 6 products per order",15,15,15,13,1.171,solved,
Harvey,wbop_15_15.txt,"Warwick 615: balanced orders and products, 6 products per order",15,15,15,13,1.172,solved,
Harvey,wbop_15_15.txt,"Warwick 616: balanced orders and products, 6 products per order",15,15,15,13,1.172,solved,
Harvey,wbop_15_15.txt,"Warwick 617: balanced orders and products, 6 products per order",15,15,15,12,1.187,solved,
Harvey,wbop_15_15.txt,"Warwick 618: balanced orders and products, 6 products per order",15,15,15,13,1.181,solved,
Harvey,wbop_15_15.txt,"Warwick 619: balanced orders and products, 6 products per order",15,15,15,13,1.196,solved,
Harvey,wbop_15_15.txt,"Warwick 620: balanced orders and products, 6 products per order",15,15,15,13,1.178,solved,
Harvey,wbop_15_15.txt,"Warwick 621: balanced orders and products, 7 products per order",15,15,15,14,1.179,solved,
Harvey,wbop_15_15.txt,"Warwick 622: balanced orders and products, 7 products per order",15,15,15,14,1.208,solved,
Harvey,wbop_15_15.txt,"Warwick 623: balanced orders and products, 7 products per order",15,15,15,14,1.184,solved,
Harvey,wbop_15_15.txt,"Warwick 624: balanced orders and products, 7 products per order",15,15,15,14,1.193,solved,
Harvey,wbop_15_15.txt,"Warwick 625: balanced orders and products, 7 products per order",15,15,15,14,1.191,solved,
Harvey,wbop_15_15.txt,"Warwick 626: balanced orders and products, 7 products per order",15,15,15,14,1.191,solved,
Harvey,wbop_15_15.txt,"Warwick 627: balanced orders and products, 7 products per order",15,15,15,14,1.206,solved,
Harvey,wbop_15_15.txt,"Warwick 628: balanced orders and products, 7 products per order",15,15,15,14,1.213,solved,
Harvey,wbop_15_15.txt,"Warwick 629: balanced orders and products, 7 products per order",15,15,15,14,1.203,solved,
Harvey,wbop_15_15.txt,"Warwick 630: balanced orders and products, 7 products per order",15,15,15,14,1.193,solved,
Harvey,wbop_20_10.txt,"Warwick 981: balanced orders and products, 2 products per order",20,10,10,4,0.17,solved,
Harvey,wbop_20_10.txt,"Warwick 982: balanced orders and products, 2 products per order",20,10,15,4,0.163,solved,
Harvey,wbop_20_10.txt,"Warwick 983: balanced orders and products, 2 products per order",20,10,9,3,0.162,solved,
Harvey,wbop_20_10.txt,"Warwick 984: balanced orders and products, 2 products per order",20,10,12,4,0.161,solved,
Harvey,wbop_20_10.txt,"Warwick 985: balanced orders and products, 2 products per order",20,10,9,3,0.164,solved,
Harvey,wbop_20_10.txt,"Warwick 986: balanced orders and products, 2 products per order",20,10,11,4,0.165,solved,
Harvey,wbop_20_10.txt,"Warwick 987: balanced orders and products, 2 products per order",20,10,12,4,0.164,solved,
Harvey,wbop_20_10.txt,"Warwick 988: balanced orders and products, 2 products per order",20,10,11,5,0.162,solved,
Harvey,wbop_20_10.txt,"Warwick 989: balanced orders and products, 2 products per order",20,10,8,3,0.161,solved,
Harvey,wbop_20_10.txt,"Warwick 990: balanced orders and products, 2 products per order",20,10,11,4,0.161,solved,
Harvey,wbop_20_10.txt,"Warwick 991: balanced orders and products, 3 products per order",20,10,19,7,0.161,solved,
Harvey,wbop_20_10.txt,"Warwick 992: balanced orders and products, 3 products per order",20,10,17,6,0.163,solved,
Harvey,wbop_20_10.txt,"Warwick 993: balanced orders and products, 3 products per order",20,10,20,6,0.169,solved,
Harvey,wbop_20_10.txt,"Warwick 994: balanced orders and products, 3 products per order",20,10,17,7,0.165,solved,
Harvey,wbop_20_10.txt,"Warwick 995: balanced orders and products, 3 products per order",20,10,19,7,0.165,solved,
Harvey,wbop_20_10.txt,"Warwick 996: balanced orders and products, 3 products per order",20,10,19,7,0.161,solved,
Harvey,wbop_20_10.txt,"Warwick 997: balanced orders and products, 3 products per order",20,10,17,7,0.162,solved,
Harvey,wbop_20_10.txt,"Warwick 998: balanced orders and products, 3 products per order",20,10,19,7,0.163,solved,
Harvey,wbop_20_10.txt,"Warwick 999: balanced orders and products, 3 products per order",20,10,17,7,0.167,solved,
Harvey,wbop_20_10.txt,"Warwick 1000: balanced orders and products, 3 products per order",20,10,19,8,0.166,solved,
Harvey,wbop_20_10.txt,"Warwick 1001: balanced orders and products, 4 products per order",20,10,20,8,0.163,solved,
Harvey,wbop_20_10.txt,"Warwick 1002: balanced orders and products, 4 products per order",20,10,20,9,0.16,solved,
Harvey,wbop_20_10.txt,"Warwick 1003: balanced orders and products, 4 products per order",20,10,20,9,0.16,solved,
Harvey,wbop_20_10.txt,"Warwick 1004: balanced orders and products, 4 products per order",20,10,19,8,0.161,solved,
Harvey,wbop_20_10.txt,"Warwick 1005: balanced orders and products, 4 products per order",20,10,19,9,0.166,solved,
Harvey,wbop_20_10.txt,"Warwick 1006: balanced orders and products, 4 products per order",20,10,20,8,0.164,solved,
Harvey,wbop_20_10.txt,"Warwick 1007: balanced orders and products, 4 products per order",20,10,20,8,0.164,solved,
Harvey,wbop_20_10.txt,"Warwick 1008: balanced orders and products, 4 products per order",20,10,20,8,0.161,solved,
Harvey,wbop_20_10.txt,"Warwick 1009: balanced orders and products, 4 products per order",20,10,19,8,0.162,solved,
Harvey,wbop_20_10.txt,"Warwick 1010: balanced orders and products, 4 products per order",20,10,20,9,0.162,solved,
Harvey,wbop_20_10.txt,"Warwick 1011: balanced orders and products, 5 products per order",20,10,20,9,0.166,solved,
Harvey,wbop_20_10.txt,"Warwick 1012: balanced orders and products, 5 products per order",20,10,20,9,0.168,solved,
Harvey,wbop_20_10.txt,"Warwick 1013: balanced orders and products, 5 products per order",20,10,20,9,0.165,solved,
Harvey,wbop_20_10.txt,"Warwick 1014: balanced orders and products, 5 products per order",20,10,20,9,0.169,solved,
Harvey,wbop_20_10.txt,"Warwick 1015: balanced orders and products, 5 products per order",20,10,20,9,0.165,solved,
Harvey,wbop_20_10.txt,"Warwick 1016: balanced orders and products, 5 products per order",20,10,19,9,0.171,solved,
Harvey,wbop_20_10.txt,"Warwick 1017: balanced orders and products, 5 products per order",20,10,20,9,0.175,solved,
Harvey,wbop_20_10.txt,"Warwick 1018: balanced orders and products, 5 products per order",20,10,20,9,0.165,solved,
Harvey,wbop_20_10.txt,"Warwick 1019: balanced orders and products, 5 products per order",20,10,20,9,0.168,solved,
Harvey,wbop_20_10.txt,"Warwick 1020: balanced orders and products, 5 products per order",20,10,20,9,0.165,solved,
Harvey,wbop_30_10.txt,"Warwick 1431: balanced orders and products, 2 products per order",30,10,21,5,0.167,solved,
Harvey,wbop_30_10.txt,"Warwick 1432: balanced orders and products, 2 products per order",30,10,18,5,0.163,solved,
Harvey,wbop_30_10.txt,"Warwick 1433: balanced orders and products, 2 products per order",30,10,24,6,0.168,solved,
Harvey,wbop_30_10.txt,"Warwick 1434: balanced orders and products, 2 products per order",30,10,19,5,0.167,solved,
Harvey,wbop_30_10.txt,"Warwick 1435: balanced orders and products, 2 products per order",30,10,19,5,0.167,solved,
Harvey,wbop_30_10.txt,"Warwick 1436: balanced orders and products, 2 products per order",30,10,19,5,0.166,solved,
Harvey,wbop_30_10.txt,"Warwick 1437: balanced orders and products, 2 products per order",30,10,18,6,0.17,solved,
Harvey,wbop_30_10.txt,"Warwick 1438: balanced orders and products, 2 products per order",30,10,20,5,0.166,solved,
Harvey,wbop_30_10.txt,"Warwick 1439: balanced orders and products, 2 products per order",30,10,20,5,0.167,solved,
Harvey,wbop_30_10.txt,"Warwick 1440: balanced orders and products, 2 products per order",30,10,22,6,0.17,solved,
Harvey,wbop_30_10.txt,"Warwick 1441: balanced orders and products, 3 products per order",30,10,28,7,0.166,solved,
Harvey,wbop_30_10.txt,"Warwick 1442: balanced orders and products, 3 products per order",30,10,27,8,0.169,solved,
Harvey,wbop_30_10.txt,"Warwick 1443: balanced orders and products, 3 products per order",30,10,25,7,0.164,solved,
Harvey,wbop_30_10.txt,"Warwick 1444: balanced orders and products, 3 products per order",30,10,27,8,0.163,solved,
Harvey,wbop_30_10.txt,"Warwick 1445: balanced orders and products, 3 products per order",30,10,25,8,0.165,solved,
Harvey,wbop_30_10.txt,"Warwick 1446: balanced orders and products, 3 products per order",30,10,28,8,0.172,solved,
Harvey,wbop_30_10.txt,"Warwick 1447: balanced orders and products, 3 products per order",30,10,29,8,0.182,solved,
Harvey,wbop_30_10.txt,"Warwick 1448: balanced orders and products, 3 products per order",30,10,26,7,0.172,solved,
Harvey,wbop_30_10.txt,"Warwick 1449: balanced orders and products, 3 products per order",30,10,26,8,0.169,solved,
Harvey,wbop_30_10.txt,"Warwick 1450: balanced orders and products, 3 products per order",30,10,25,7,0.165,solved,
Harvey,wbop_30_10.txt,"Warwick 1451: balanced orders and products, 4 products per order",30,10,28,9,0.165,solved,
Harvey,wbop_30_10.txt,"Warwick 1452: balanced orders and products, 4 products per order",30,10,30,9,0.167,solved,
Harvey,wbop_30_10.txt,"Warwick 1453: balanced orders and products, 4 products per order",30,10,29,9,0.165,solved,
Harvey,wbop_30_10.txt,"Warwick 1454: balanced orders and products, 4 products per order",30,10,28,9,0.167,solved,
Harvey,wbop_30_10.txt,"Warwick 1455: balanced orders and products, 4 products per order",30,10,30,9,0.166,solved,
Harvey,wbop_30_10.txt,"Warwick 1456: balanced orders and products, 4 products per order",30,10,30,9,0.162,solved,
Harvey,wbop_30_10.txt,"Warwick 1457: balanced orders and products, 4 products per order",30,10,30,9,0.163,solved,
Harvey,wbop_30_10.txt,"Warwick 1458: balanced orders and products, 4 products per order",30,10,30,9,0.162,solved,
Harvey,wbop_30_10.txt,"Warwick 1459: balanced orders and products, 4 products per order",30,10,30,8,0.167,solved,
Harvey,wbop_30_10.txt,"Warwick 1460: balanced orders and products, 4 products per order",30,10,28,8,0.166,solved,
Harvey,wbop_30_10.txt,"Warwick 1461: balanced orders and products, 5 products per order",30,10,30,9,0.165,solved,
Harvey,wbop_30_10.txt,"Warwick 1462: balanced orders and products, 5 products per order",30,10,30,9,0.163,solved,
Harvey,wbop_30_10.txt,"Warwick 1463: balanced orders and products, 5 products per order",30,10,30,9,0.162,solved,
Harvey,wbop_30_10.txt,"Warwick 1464: balanced orders and products, 5 products per order",30,10,30,9,0.162,solved,
Harvey,wbop_30_10.txt,"Warwick 1465: balanced orders and products, 5 products per order",30,10,30,9,0.166,solved,
Harvey,wbop_30_10.txt,"Warwick 1466: balanced orders and products, 5 products per order",30,10,30,9,0.165,solved,
Harvey,wbop_30_10.txt,"Warwick 1467: balanced orders and products, 5 products per order",30,10,30,9,0.165,solved,
Harvey,wbop_30_10.txt,"Warwick 1468: balanced orders and products, 5 products per order",30,10,30,9,0.165,solved,
Harvey,wbop_30_10.txt,"Warwick 1469: balanced orders and products, 5 products per order",30,10,30,9,0.162,solved,
Harvey,wbop_30_10.txt,"Warwick 1470: balanced orders and products, 5 products per order",30,10,30,9,0.162,solved,
Harvey,wbop_30_15.txt,"Warwick 1651: balanced orders and products, 2 products per order",30,15,14,5,1.243,solved,
Harvey,wbop_30_15.txt,"Warwick 1652: balanced orders and products, 2 products per order",30,15,12,5,1.255,solved,
Harvey,wbop_30_15.txt,"Warwick 1653: balanced orders and products, 2 products per order",30,15,14,5,1.264,solved,
Harvey,wbop_30_15.txt,"Warwick 1654: balanced orders and products, 2 products per order",30,15,16,5,1.255,solved,
Harvey,wbop_30_15.txt,"Warwick 1655: balanced orders and products, 2 products per order",30,15,14,5,1.266,solved,
Harvey,wbop_30_15.txt,"Warwick 1656: balanced orders and products, 2 products per order",30,15,14,5,1.264,solved,
Harvey,wbop_30_15.txt,"Warwick 1657: balanced orders and products, 2 products per order",30,15,16,5,1.241,solved,
Harvey,wbop_30_15.txt,"Warwick 1658: balanced orders and products, 2 products per order",30,15,16,5,1.244,solved,
Harvey,wbop_30_15.txt,"Warwick 1659: balanced orders and products, 2 products per order",30,15,13,5,1.235,solved,
Harvey,wbop_30_15.txt,"Warwick 1660: balanced orders and products, 2 products per order",30,15,15,6,1.243,solved,
Harvey,wbop_30_15.txt,"Warwick 1661: balanced orders and products, 3 products per order",30,15,29,10,1.24,solved,
Harvey,wbop_30_15.txt,"Warwick 1662: balanced orders and products, 3 products per order",30,15,25,10,1.251,solved,
Harvey,wbop_30_15.txt,"Warwick 1663: balanced orders and products, 3 products per order",30,15,27,10,1.244,solved,
Harvey,wbop_30_15.txt,"Warwick 1664: balanced orders and products, 3 products per order",30,15,30,10,1.238,solved,
Harvey,wbop_30_15.txt,"Warwick 1665: balanced orders and products, 3 products per order",30,15,23,8,1.251,solved,
Harvey,wbop_30_15.txt,"Warwick 1666: balanced orders and products, 3 products per order",30,15,28,9,1.246,solved,
Harvey,wbop_30_15.txt,"Warwick 1667: balanced orders and products, 3 products per order",30,15,24,9,1.261,solved,
Harvey,wbop_30_15.txt,"Warwick 1668: balanced orders and products, 3 products per order",30,15,24,9,1.253,solved,
Harvey,wbop_30_15.txt,"Warwick 1669: balanced orders and products, 3 products per order",30,15,25,9,1.289,solved,
Harvey,wbop_30_15.txt,"Warwick 1670: balanced orders and products, 3 products per order",30,15,23,9,1.258,solved,
Harvey,wbop_30_15.txt,"Warwick 1671: balanced orders and products, 4 products per order",30,15,28,12,1.259,solved,
Harvey,wbop_30_15.txt,"Warwick 1672: balanced orders and products, 4 products per order",30,15,30,12,1.248,solved,
Harvey,wbop_30_15.txt,"Warwick 1673: balanced orders and products, 4 products per order",30,15,29,12,1.231,solved,
Harvey,wbop_30_15.txt,"Warwick 1674: balanced orders and products, 4 products per order",30,15,29,12,1.228,solved,
Harvey,wbop_30_15.txt,"Warwick 1675: balanced orders and products, 4 products per order",30,15,30,12,1.268,solved,
Harvey,wbop_30_15.txt,"Warwick 1676: balanced orders and products, 4 products per order",30,15,29,12,1.248,solved,
Harvey,wbop_30_15.txt,"Warwick 1677: balanced orders and products, 4 products per order",30,15,30,11,1.261,solved,
Harvey,wbop_30_15.txt,"Warwick 1678: balanced orders and products, 4 products per order",30,15,29,12,1.263,solved,
Harvey,wbop_30_15.txt,"Warwick 1679: balanced orders and products, 4 products per order",30,15,30,11,1.271,solved,
Harvey,wbop_30_15.txt,"Warwick 1680: balanced orders and products, 4 products per order",30,15,29,12,1.251,solved,
Harvey,wbop_30_15.txt,"Warwick 1681: balanced orders and products, 5 products per order",30,15,29,13,1.25,solved,
Harvey,wbop_30_15.txt,"Warwick 1682: balanced orders and products, 5 products per order",30,15,30,13,1.262,solved,
Harvey,wbop_30_15.txt,"Warwick 1683: balanced orders and products, 5 products per order",30,15,30,13,1.234,solved,
Harvey,wbop_30_15.txt,"Warwick 1684: balanced orders and products, 5 products per order",30,15,30,13,1.243,solved,
Harvey,wbop_30_15.txt,"Warwick 1685: balanced orders and products, 5 products per order",30,15,30,13,1.232,solved,
Harvey,wbop_30_15.txt,"Warwick 1686: balanced orders and products, 5 products per order",30,15,30,13,1.253,solved,
Harvey,wbop_30_15.txt,"Warwick 1687: balanced orders and products, 5 products per order",30,15,30,13,1.251,solved,
Harvey,wbop_30_15.txt,"Warwick 1688: balanced orders and products, 5 products per order",30,15,29,13,1.253,solved,
Harvey,wbop_30_15.txt,"Warwick 1689: balanced orders and products, 5 products per order",30,15,29,14,1.25,solved,
Harvey,wbop_30_15.txt,"Warwick 1690: balanced orders and products, 5 products per order",30,15,30,14,1.239,solved,
Harvey,wbop_30_15.txt,"Warwick 1691: balanced orders and products, 6 products per order",30,15,30,14,1.255,solved,
Harvey,wbop_30_15.txt,"Warwick 1692: balanced orders and products, 6 products per order",30,15,30,14,1.243,solved,
Harvey,wbop_30_15.txt,"Warwick 1693: balanced orders and products, 6 products per order",30,15,30,14,1.245,solved,
Harvey,wbop_30_15.txt,"Warwick 1694: balanced orders and products, 6 products per order",30,15,30,14,1.279,solved,
Harvey,wbop_30_15.txt,"Warwick 1695: balanced orders and products, 6 products per order",30,15,30,14,1.247,solved,
Harvey,wbop_30_15.txt,"Warwick 1696: balanced orders and products, 6 products per order",30,15,30,13,1.283,solved,
Harvey,wbop_30_15.txt,"Warwick 1697: balanced orders and products, 6 products per order",30,15,30,14,1.261,solved,
Harvey,wbop_30_15.txt,"Warwick 1698: balanced orders and products, 6 products per order",30,15,30,14,1.259,solved,
Harvey,wbop_30_15.txt,"Warwick 1699: balanced orders and products, 6 products per order",30,15,30,14,1.243,solved,
Harvey,wbop_30_15.txt,"Warwick 1700: balanced orders and products, 6 products per order",30,15,30,14,1.238,solved,
Harvey,wbop_30_15.txt,"Warwick 1701: balanced orders and products, 7 products per order",30,15,30,14,1.236,solved,
Harvey,wbop_30_15.txt,"Warwick 1702: balanced orders and products, 7 products per order",30,15,30,14,1.245,solved,
Harvey,wbop_30_15.txt,"Warwick 1703: balanced orders and products, 7 products per order",30,15,30,14,1.254,solved,
Harvey,wbop_30_15.txt,"Warwick 1704: balanced orders and products, 7 products per order",30,15,30,14,1.247,solved,
Harvey,wbop_30_15.txt,"Warwick 1705: balanced orders and products, 7 products per order",30,15,30,14,1.254,solved,
Harvey,wbop_30_15.txt,"Warwick 1706: balanced orders and products, 7 products per order",30,15,30,14,1.259,solved,
Harvey,wbop_30_15.txt,"Warwick 1707: balanced orders and products, 7 products per order",30,15,30,14,1.244,solved,
Harvey,wbop_30_15.txt,"Warwick 1708: balanced orders and products, 7 products per order",30,15,30,14,1.235,solved,
Harvey,wbop_30_15.txt,"Warwick 1709: balanced orders and products, 7 products per order",30,15,30,14,1.238,solved,
Harvey,wbop_30_15.txt,"Warwick 1710: balanced orders and products, 7 products per order",30,15,30,14,1.242,solved,
Harvey,wbp_10_10.txt,"Warwick 41: balanced products, 2 products per order",10,10,5,2,0.168,solved,
Harvey,wbp_10_10.txt,"Warwick 42: balanced products, 2 products per order",10,10,4,1,0.168,solved,
Harvey,wbp_10_10.txt,"Warwick 43: balanced products, 2 products per order",10,10,5,2,0.166,solved,
Harvey,wbp_10_10.txt,"Warwick 44: balanced products, 2 products per order",10,10,4,1,0.169,solved,
Harvey,wbp_10_10.txt,"Warwick 45: balanced products, 2 products per order",10,10,4,1,0.17,solved,
Harvey,wbp_10_10.txt,"Warwick 46: balanced products, 2 products per order",10,10,5,2,0.169,solved,
Harvey,wbp_10_10.txt,"Warwick 47: balanced products, 2 products per order",10,10,5,2,0.168,solved,
Harvey,wbp_10_10.txt,"Warwick 48: balanced products, 2 products per order",10,10,5,2,0.162,solved,
Harvey,wbp_10_10.txt,"Warwick 49: balanced products, 2 products per order",10,10,3,1,0.166,solved,
Harvey,wbp_10_10.txt,"Warwick 50: balanced products, 2 products per order",10,10,5,2,0.17,solved,
Harvey,wbp_10_10.txt,"Warwick 51: balanced products, 3 products per order",10,10,10,5,0.178,solved,
Harvey,wbp_10_10.txt,"Warwick 52: balanced products, 3 products per order",10,10,8,4,0.172,solved,
Harvey,wbp_10_10.txt,"Warwick 53: balanced products, 3 products per order",10,10,8,4,0.173,solved,
Harvey,wbp_10_10.txt,"Warwick 54: balanced products, 3 products per order",10,10,9,4,0.169,solved,
Harvey,wbp_10_10.txt,"Warwick 55: balanced products, 3 products per order",10,10,6,3,0.169,solved,
Harvey,wbp_10_10.txt,"Warwick 56: balanced products, 3 products per order",10,10,10,5,0.197,solved,
Harvey,wbp_10_10.txt,"Warwick 57: balanced products, 3 products per order",10,10,7,4,0.175,solved,
Harvey,wbp_10_10.txt,"Warwick 58: balanced products, 3 products per order",10,10,7,4,0.17,solved,
Harvey,wbp_10_10.txt,"Warwick 59: balanced products, 3 products per order",10,10,8,4,0.177,solved,
Harvey,wbp_10_10.txt,"Warwick 60: balanced products, 3 products per order",10,10,9,4,0.17,solved,
Harvey,wbp_10_10.txt,"Warwick 61: balanced products, 4 products per order",10,10,10,6,0.17,solved,
Harvey,wbp_10_10.txt,"Warwick 62: balanced products, 4 products per order",10,10,10,6,0.179,solved,
Harvey,wbp_10_10.txt,"Warwick 63: balanced products, 4 products per order",10,10,10,6,0.175,solved,
Harvey,wbp_10_10.txt,"Warwick 64: balanced products, 4 products per order",10,10,10,6,0.171,solved,
Harvey,wbp_10_10.txt,"Warwick 65: balanced products, 4 products per order",10,10,10,6,0.176,solved,
Harvey,wbp_10_10.txt,"Warwick 66: balanced products, 4 products per order",10,10,10,6,0.172,solved,
Harvey,wbp_10_10.txt,"Warwick 67: balanced products, 4 products per order",10,10,10,6,0.172,solved,
Harvey,wbp_10_10.txt,"Warwick 68: balanced products, 4 products per order",10,10,10,6,0.175,solved,
Harvey,wbp_10_10.txt,"Warwick 69: balanced products, 4 products per order",10,10,10,6,0.176,solved,
Harvey,wbp_10_10.txt,"Warwick 70: balanced products, 4 products per order",10,10,10,6,0.174,solved,
Harvey,wbp_10_10.txt,"Warwick 71: balanced products, 5 products per order",10,10,10,8,0.176,solved,
Harvey,wbp_10_10.txt,"Warwick 72: balanced products, 5 products per order",10,10,10,7,0.173,solved,
Harvey,wbp_10_10.txt,"Warwick 73: balanced products, 5 products per order",10,10,10,7,0.17,solved,
Harvey,wbp_10_10.txt,"Warwick 74: balanced products, 5 products per order",10,10,10,7,0.173,solved,
Harvey,wbp_10_10.txt,"Warwick 75: balanced products, 5 products per order",10,10,10,8,0.176,solved,
Harvey,wbp_10_10.txt,"Warwick 76: balanced products, 5 products per order",10,10,10,8,0.171,solved,
Harvey,wbp_10_10.txt,"Warwick 77: balanced products, 5 products per order",10,10,10,8,0.174,solved,
Harvey,wbp_10_10.txt,"Warwick 78: balanced products, 5 products per order",10,10,10,8,0.17,solved,
Harvey,wbp_10_10.txt,"Warwick 79: balanced products, 5 products per order",10,10,10,7,0.168,solved,
Harvey,wbp_10_10.txt,"Warwick 80: balanced products, 5 products per order",10,10,10,7,0.176,solved,
Harvey,wbp_15_15.txt,"Warwick 511: balanced products, 2 products per order",15,15,5,2,1.289,solved,
Harvey,wbp_15_15.txt,"Warwick 512: balanced products, 2 products per order",15,15,6,2,1.282,solved,
Harvey,wbp_15_15.txt,"Warwick 513: balanced products, 2 products per order",15,15,4,2,1.287,solved,
Harvey,wbp_15_15.txt,"Warwick 514: balanced products, 2 products per order",15,15,5,2,1.268,solved,
Harvey,wbp_15_15.txt,"Warwick 515: balanced products, 2 products per order",15,15,5,2,1.29,solved,
Harvey,wbp_15_15.txt,"Warwick 516: balanced products, 2 products per order",15,15,5,2,1.286,solved,
Harvey,wbp_15_15.txt,"Warwick 517: balanced products, 2 products per order",15,15,4,2,1.328,solved,
Harvey,wbp_15_15.txt,"Warwick 518: balanced products, 2 products per order",15,15,6,2,1.285,solved,
Harvey,wbp_15_15.txt,"Warwick 519: balanced products, 2 products per order",15,15,6,2,1.276,solved,
Harvey,wbp_15_15.txt,"Warwick 520: balanced products, 2 products per order",15,15,7,2,1.299,solved,
Harvey,wbp_15_15.txt,"Warwick 521: balanced products, 3 products per order",15,15,12,5,1.28,solved,
Harvey,wbp_15_15.txt,"Warwick 522: balanced products, 3 products per order",15,15,12,5,1.273,solved,
Harvey,wbp_15_15.txt,"Warwick 523: balanced products, 3 products per order",15,15,9,4,1.283,solved,
Harvey,wbp_15_15.txt,"Warwick 524: balanced products, 3 products per order",15,15,12,5,1.299,solved,
Harvey,wbp_15_15.txt,"Warwick 525: balanced products, 3 products per order",15,15,11,5,1.301,solved,
Harvey,wbp_15_15.txt,"Warwick 526: balanced products, 3 products per order",15,15,10,5,1.293,solved,
Harvey,wbp_15_15.txt,"Warwick 527: balanced products, 3 products per order",15,15,12,6,1.293,solved,
Harvey,wbp_15_15.txt,"Warwick 528: balanced products, 3 products per order",15,15,10,5,1.312,solved,
Harvey,wbp_15_15.txt,"Warwick 529: balanced products, 3 products per order",15,15,10,5,1.301,solved,
Harvey,wbp_15_15.txt,"Warwick 530: balanced products, 3 products per order",15,15,11,5,1.296,solved,
Harvey,wbp_15_15.txt,"Warwick 531: balanced products, 4 products per order",15,15,15,8,1.269,solved,
Harvey,wbp_15_15.txt,"Warwick 532: balanced products, 4 products per order",15,15,15,8,1.276,solved,
Harvey,wbp_15_15.txt,"Warwick 533: balanced products, 4 products per order",15,15,13,8,1.28,solved,
Harvey,wbp_15_15.txt,"Warwick 534: balanced products, 4 products per order",15,15,15,9,1.291,solved,
Harvey,wbp_15_15.txt,"Warwick 535: balanced products, 4 products per order",15,15,14,8,1.279,solved,
Harvey,wbp_15_15.txt,"Warwick 536: balanced products, 4 products per order",15,15,14,8,1.29,solved,
Harvey,wbp_15_15.txt,"Warwick 537: balanced products, 4 products per order",15,15,15,7,1.272,solved,
Harvey,wbp_15_15.txt,"Warwick 538: balanced products, 4 products per order",15,15,12,7,1.277,solved,
Harvey,wbp_15_15.txt,"Warwick 539: balanced products, 4 products per order",15,15,15,9,1.279,solved,
Harvey,wbp_15_15.txt,"Warwick 540: balanced products, 4 products per order",15,15,15,8,1.282,solved,
Harvey,wbp_15_15.txt,"Warwick 541: balanced products, 5 products per order",15,15,15,10,1.301,solved,
Harvey,wbp_15_15.txt,"Warwick 542: balanced products, 5 products per order",15,15,14,10,1.276,solved,
Harvey,wbp_15_15.txt,"Warwick 543: balanced products, 5 products per order",15,15,15,10,1.28,solved,
Harvey,wbp_15_15.txt,"Warwick 544: balanced products, 5 products per order",15,15,15,11,1.28,solved,
Harvey,wbp_15_15.txt,"Warwick 545: balanced products, 5 products per order",15,15,15,10,1.29,solved,
Harvey,wbp_15_15.txt,"Warwick 546: balanced products, 5 products per order",15,15,15,10,1.286,solved,
Harvey,wbp_15_15.txt,"Warwick 547: balanced products, 5 products per order",15,15,14,10,1.265,solved,
Harvey,wbp_15_15.txt,"Warwick 548: balanced products, 5 products per order",15,15,15,10,1.26,solved,
Harvey,wbp_15_15.txt,"Warwick 549: balanced products, 5 products per order",15,15,15,10,1.281,solved,
Harvey,wbp_15_15.txt,"Warwick 550: balanced products, 5 products per order",15,15,15,10,1.29,solved,
Harvey,wbp_15_15.txt,"Warwick 551: balanced products, 6 products per order",15,15,15,12,1.761,solved,
Harvey,wbp_15_15.txt,"Warwick 552: balanced products, 6 products per order",15,15,15,11,1.841,solved,
Harvey,wbp_15_15.txt,"Warwick 553: balanced products, 6 products per order",15,15,15,11,1.382,solved,
Harvey,wbp_15_15.txt,"Warwick 554: balanced products, 6 products per order",15,15,15,11,1.29,solved,
Harvey,wbp_15_15.txt,"Warwick 555: balanced products, 6 products per order",15,15,15,13,1.299,solved,
Harvey,wbp_15_15.txt,"Warwick 556: balanced products, 6 products per order",15,15,15,12,1.326,solved,
Harvey,wbp_15_15.txt,"Warwick 557: balanced products, 6 products per order",15,15,15,11,1.325,solved,
Harvey,wbp_15_15.txt,"Warwick 558: balanced products, 6 products per order",15,15,15,11,1.44,solved,
Harvey,wbp_15_15.txt,"Warwick 559: balanced products, 6 products per order",15,15,15,10,1.485,solved,
Harvey,wbp_15_15.txt,"Warwick 560: balanced products, 6 products per order",15,15,15,11,1.341,solved,
Harvey,wbp_15_15.txt,"Warwick 561: balanced products, 7 products per order",15,15,15,13,1.306,solved,
Harvey,wbp_15_15.txt,"Warwick 562: balanced products, 7 products per order",15,15,15,13,1.303,solved,
Harvey,wbp_15_15.txt,"Warwick 563: balanced products, 7 products per order",15,15,15,13,1.299,solved,
Harvey,wbp_15_15.txt,"Warwick 564: balanced products, 7 products per order",15,15,15,12,1.316,solved,
Harvey,wbp_15_15.txt,"Warwick 565: balanced products, 7 products per order",15,15,15,13,1.318,solved,
Harvey,wbp_15_15.txt,"Warwick 566: balanced products, 7 products per order",15,15,15,13,1.332,solved,
Harvey,wbp_15_15.txt,"Warwick 567: balanced products, 7 products per order",15,15,15,13,1.323,solved,
Harvey,wbp_15_15.txt,"Warwick 568: balanced products, 7 products per order",15,15,15,12,1.301,solved,
Harvey,wbp_15_15.txt,"Warwick 569: balanced products, 7 products per order",15,15,15,14,1.283,solved,
Harvey,wbp_15_15.txt,"Warwick 570: balanced products, 7 products per order",15,15,15,13,1.319,solved,
Harvey,wbp_20_10.txt,"Warwick 941: balanced products, 2 products per order",20,10,10,2,0.181,solved,
Harvey,wbp_20_10.txt,"Warwick 942: balanced products, 2 products per order",20,10,9,3,0.177,solved,
Harvey,wbp_20_10.txt,"Warwick 943: balanced products, 2 products per order",20,10,12,4,0.179,solved,
Harvey,wbp_20_10.txt,"Warwick 944: balanced products, 2 products per order",20,10,15,4,0.178,solved,
Harvey,wbp_20_10.txt,"Warwick 945: balanced products, 2 products per order",20,10,13,3,0.18,solved,
Harvey,wbp_20_10.txt,"Warwick 946: balanced products, 2 products per order",20,10,12,3,0.178,solved,
Harvey,wbp_20_10.txt,"Warwick 947: balanced products, 2 products per order",20,10,13,3,0.177,solved,
Harvey,wbp_20_10.txt,"Warwick 948: balanced products, 2 products per order",20,10,11,3,0.178,solved,
Harvey,wbp_20_10.txt,"Warwick 949: balanced products, 2 products per order",20,10,12,3,0.179,solved,
Harvey,wbp_20_10.txt,"Warwick 950: balanced products, 2 products per order",20,10,13,3,0.177,solved,
Harvey,wbp_20_10.txt,"Warwick 951: balanced products, 3 products per order",20,10,16,7,0.179,solved,
Harvey,wbp_20_10.txt,"Warwick 952: balanced products, 3 products per order",20,10,17,5,0.18,solved,
Harvey,wbp_20_10.txt,"Warwick 953: balanced products, 3 products per order",20,10,18,6,0.173,solved,
Harvey,wbp_20_10.txt,"Warwick 954: balanced products, 3 products per order",20,10,18,5,0.179,solved,
Harvey,wbp_20_10.txt,"Warwick 955: balanced products, 3 products per order",20,10,18,6,0.178,solved,
Harvey,wbp_20_10.txt,"Warwick 956: balanced products, 3 products per order",20,10,19,6,0.178,solved,
Harvey,wbp_20_10.txt,"Warwick 957: balanced products, 3 products per order",20,10,18,6,0.18,solved,
Harvey,wbp_20_10.txt,"Warwick 958: balanced products, 3 products per order",20,10,17,7,0.177,solved,
Harvey,wbp_20_10.txt,"Warwick 959: balanced products, 3 products per order",20,10,19,6,0.184,solved,
Harvey,wbp_20_10.txt,"Warwick 960: balanced products, 3 products per order",20,10,20,6,0.185,solved,
Harvey,wbp_20_10.txt,"Warwick 961: balanced products, 4 products per order",20,10,20,8,0.18,solved,
Harvey,wbp_20_10.txt,"Warwick 962: balanced products, 4 products per order",20,10,19,8,0.179,solved,
Harvey,wbp_20_10.txt,"Warwick 963: balanced products, 4 products per order",20,10,20,8,0.181,solved,
Harvey,wbp_20_10.txt,"Warwick 964: balanced products, 4 products per order",20,10,20,7,0.176,solved,
Harvey,wbp_20_10.txt,"Warwick 965: balanced products, 4 products per order",20,10,20,8,0.179,solved,
Harvey,wbp_20_10.txt,"Warwick 966: balanced products, 4 products per order",20,10,20,7,0.18,solved,
Harvey,wbp_20_10.txt,"Warwick 967: balanced products, 4 products per order",20,10,20,8,0.18,solved,
Harvey,wbp_20_10.txt,"Warwick 968: balanced products, 4 products per order",20,10,20,8,0.18,solved,
Harvey,wbp_20_10.txt,"Warwick 969: balanced products, 4 products per order",20,10,20,8,0.18,solved,
Harvey,wbp_20_10.txt,"Warwick 970: balanced products, 4 products per order",20,10,20,8,0.177,solved,
Harvey,wbp_20_10.txt,"Warwick 971: balanced products, 5 products per order",20,10,20,9,0.18,solved,
Harvey,wbp_20_10.txt,"Warwick 972: balanced products, 5 products per order",20,10,20,9,0.178,solved,
Harvey,wbp_20_10.txt,"Warwick 973: balanced products, 5 products per order",20,10,20,9,0.178,solved,
Harvey,wbp_20_10.txt,"Warwick 974: balanced products, 5 products per order",20,10,20,8,0.179,solved,
Harvey,wbp_20_10.txt,"Warwick 975: balanced products, 5 products per order",20,10,20,9,0.176,solved,
Harvey,wbp_20_10.txt,"Warwick 976: balanced products, 5 products per order",20,10,20,9,0.172,solved,
Harvey,wbp_20_10.txt,"Warwick 977: balanced products, 5 products per order",20,10,20,9,0.175,solved,
Harvey,wbp_20_10.txt,"Warwick 978: balanced products, 5 products per order",20,10,20,9,0.177,solved,
Harvey,wbp_20_10.txt,"Warwick 979: balanced products, 5 products per order",20,10,20,8,0.177,solved,
Harvey,wbp_20_10.txt,"Warwick 980: balanced products, 5 products per order",20,10,20,9,0.179,solved,
Harvey,wbp_30_10.txt,"Warwick 1391: balanced products, 2 products per order",30,10,18,5,0.175,solved,
Harvey,wbp_30_10.txt,"Warwick 1392: balanced products, 2 products per order",30,10,24,4,0.17,solved,
Harvey,wbp_30_10.txt,"Warwick 1393: balanced products, 2 products per order",30,10,18,4,0.178,solved,
Harvey,wbp_30_10.txt,"Warwick 1394: balanced products, 2 products per order",30,10,19,5,0.178,solved,
Harvey,wbp_30_10.txt,"Warwick 1395: balanced products, 2 products per order",30,10,22,5,0.179,solved,
Harvey,wbp_30_10.txt,"Warwick 1396: balanced products, 2 products per order",30,10,20,4,0.177,solved,
Harvey,wbp_30_10.txt,"Warwick 1397: balanced products, 2 products per order",30,10,18,4,0.172,solved,
Harvey,wbp_30_10.txt,"Warwick 1398: balanced products, 2 products per order",30,10,20,5,0.171,solved,
Harvey,wbp_30_10.txt,"Warwick 1399: balanced products, 2 products per order",30,10,16,4,0.197,solved,
Harvey,wbp_30_10.txt,"Warwick 1400: balanced products, 2 products per order",30,10,22,5,0.182,solved,
Harvey,wbp_30_10.txt,"Warwick 1401: balanced products, 3 products per order",30,10,27,8,0.181,solved,
Harvey,wbp_30_10.txt,"Warwick 1402: balanced products, 3 products per order",30,10,27,7,0.176,solved,
Harvey,wbp_30_10.txt,"Warwick 1403: balanced products, 3 products per order",30,10,28,7,0.176,solved,
Harvey,wbp_30_10.txt,"Warwick 1404: balanced products, 3 products per order",30,10,29,8,0.175,solved,
Harvey,wbp_30_10.txt,"Warwick 1405: balanced products, 3 products per order",30,10,27,8,0.177,solved,
Harvey,wbp_30_10.txt,"Warwick 1406: balanced products, 3 products per order",30,10,29,7,0.179,solved,
Harvey,wbp_30_10.txt,"Warwick 1407: balanced products, 3 products per order",30,10,27,7,0.178,solved,
Harvey,wbp_30_10.txt,"Warwick 1408: balanced products, 3 products per order",30,10,28,7,0.175,solved,
Harvey,wbp_30_10.txt,"Warwick 1409: balanced products, 3 products per order",30,10,28,6,0.172,solved,
Harvey,wbp_30_10.txt,"Warwick 1410: balanced products, 3 products per order",30,10,28,7,0.18,solved,
Harvey,wbp_30_10.txt,"Warwick 1411: balanced products, 4 products per order",30,10,30,9,0.179,solved,
Harvey,wbp_30_10.txt,"Warwick 1412: balanced products, 4 products per order",30,10,30,8,0.177,solved,
Harvey,wbp_30_10.txt,"Warwick 1413: balanced products, 4 products per order",30,10,28,9,0.177,solved,
Harvey,wbp_30_10.txt,"Warwick 1414: balanced products, 4 products per order",30,10,30,9,0.178,solved,
Harvey,wbp_30_10.txt,"Warwick 1415: balanced products, 4 products per order",30,10,30,8,0.175,solved,
Harvey,wbp_30_10.txt,"Warwick 1416: balanced products, 4 products per order",30,10,27,8,0.173,solved,
Harvey,wbp_30_10.txt,"Warwick 1417: balanced products, 4 products per order",30,10,28,8,0.178,solved,
Harvey,wbp_30_10.txt,"Warwick 1418: balanced products, 4 products per order",30,10,30,9,0.179,solved,
Harvey,wbp_30_10.txt,"Warwick 1419: balanced products, 4 products per order",30,10,30,9,0.177,solved,
Harvey,wbp_30_10.txt,"Warwick 1420: balanced products, 4 products per order",30,10,30,9,0.18,solved,
Harvey,wbp_30_10.txt,"Warwick 1421: balanced products, 5 products per order",30,10,30,9,0.176,solved,
Harvey,wbp_30_10.txt,"Warwick 1422: balanced products, 5 products per order",30,10,30,9,0.178,solved,
Harvey,wbp_30_10.txt,"Warwick 1423: balanced products, 5 products per order",30,10,30,9,0.176,solved,
Harvey,wbp_30_10.txt,"Warwick 1424: balanced products, 5 products per order",30,10,30,9,0.178,solved,
Harvey,wbp_30_10.txt,"Warwick 1425: balanced products, 5 products per order",30,10,30,9,0.182,solved,
Harvey,wbp_30_10.txt,"Warwick 1426: balanced products, 5 products per order",30,10,30,9,0.18,solved,
Harvey,wbp_30_10.txt,"Warwick 1427: balanced products, 5 products per order",30,10,30,9,0.176,solved,
Harvey,wbp_30_10.txt,"Warwick 1428: balanced products, 5 products per order",30,10,30,9,0.183,solved,
Harvey,wbp_30_10.txt,"Warwick 1429: balanced products, 5 products per order",30,10,30,9,0.178,solved,
Harvey,wbp_30_10.txt,"Warwick 1430: balanced products, 5 products per order",30,10,30,9,0.18,solved,
Harvey,wbp_30_15.txt,"Warwick 1591: balanced products, 2 products per order",30,15,14,4,1.355,solved,
Harvey,wbp_30_15.txt,"Warwick 1592: balanced products, 2 products per order",30,15,17,5,1.364,solved,
Harvey,wbp_30_15.txt,"Warwick 1593: balanced products, 2 products per order",30,15,17,4,1.31,solved,
Harvey,wbp_30_15.txt,"Warwick 1594: balanced products, 2 products per order",30,15,15,5,1.31,solved,
Harvey,wbp_30_15.txt,"Warwick 1595: balanced products, 2 products per order",30,15,13,4,1.297,solved,
Harvey,wbp_30_15.txt,"Warwick 1596: balanced products, 2 products per order",30,15,17,4,1.301,solved,
Harvey,wbp_30_15.txt,"Warwick 1597: balanced products, 2 products per order",30,15,12,4,1.343,solved,
Harvey,wbp_30_15.txt,"Warwick 1598: balanced products, 2 products per order",30,15,18,5,1.329,solved,
Harvey,wbp_30_15.txt,"Warwick 1599: balanced products, 2 products per order",30,15,13,4,1.31,solved,
Harvey,wbp_30_15.txt,"Warwick 1600: balanced products, 2 products per order",30,15,18,4,1.316,solved,
Harvey,wbp_30_15.txt,"Warwick 1601: balanced products, 3 products per order",30,15,25,8,1.294,solved,
Harvey,wbp_30_15.txt,"Warwick 1602: balanced products, 3 products per order",30,15,24,8,1.279,solved,
Harvey,wbp_30_15.txt,"Warwick 1603: balanced products, 3 products per order",30,15,26,8,1.269,solved,
Harvey,wbp_30_15.txt,"Warwick 1604: balanced products, 3 products per order",30,15,26,9,1.259,solved,
Harvey,wbp_30_15.txt,"Warwick 1605: balanced products, 3 products per order",30,15,28,9,1.272,solved,
Harvey,wbp_30_15.txt,"Warwick 1606: balanced products, 3 products per order",30,15,26,8,1.291,solved,
Harvey,wbp_30_15.txt,"Warwick 1607: balanced products, 3 products per order",30,15,22,8,1.287,solved,
Harvey,wbp_30_15.txt,"Warwick 1608: balanced products, 3 products per order",30,15,24,9,1.278,solved,
Harvey,wbp_30_15.txt,"Warwick 1609: balanced products, 3 products per order",30,15,25,9,1.277,solved,
Harvey,wbp_30_15.txt,"Warwick 1610: balanced products, 3 products per order",30,15,27,8,1.269,solved,
Harvey,wbp_30_15.txt,"Warwick 1611: balanced products, 4 products per order",30,15,29,10,1.271,solved,
Harvey,wbp_30_15.txt,"Warwick 1612: balanced products, 4 products per order",30,15,27,11,1.26,solved,
Harvey,wbp_30_15.txt,"Warwick 1613: balanced products, 4 products per order",30,15,28,11,1.263,solved,
Harvey,wbp_30_15.txt,"Warwick 1614: balanced products, 4 products per order",30,15,30,10,1.264,solved,
Harvey,wbp_30_15.txt,"Warwick 1615: balanced products, 4 products per order",30,15,29,11,1.289,solved,
Harvey,wbp_30_15.txt,"Warwick 1616: balanced products, 4 products per order",30,15,29,12,1.275,solved,
Harvey,wbp_30_15.txt,"Warwick 1617: balanced products, 4 products per order",30,15,30,12,1.254,solved,
Harvey,wbp_30_15.txt,"Warwick 1618: balanced products, 4 products per order",30,15,29,11,1.265,solved,
Harvey,wbp_30_15.txt,"Warwick 1619: balanced products, 4 products per order",30,15,29,10,1.285,solved,
Harvey,wbp_30_15.txt,"Warwick 1620: balanced products, 4 products per order",30,15,29,10,1.284,solved,
Harvey,wbp_30_15.txt,"Warwick 1621: balanced products, 5 products per order",30,15,30,13,1.262,solved,
Harvey,wbp_30_15.txt,"Warwick 1622: balanced products, 5 products per order",30,15,30,13,1.27,solved,
Harvey,wbp_30_15.txt,"Warwick 1623: balanced products, 5 products per order",30,15,30,12,1.263,solved,
Harvey,wbp_30_15.txt,"Warwick 1624: balanced products, 5 products per order",30,15,30,13,1.255,solved,
Harvey,wbp_30_15.txt,"Warwick 1625: balanced products, 5 products per order",30,15,30,12,1.258,solved,
Harvey,wbp_30_15.txt,"Warwick 1626: balanced products, 5 products per order",30,15,30,12,1.239,solved,
Harvey,wbp_30_15.txt,"Warwick 1627: balanced products, 5 products per order",30,15,30,12,1.243,solved,
Harvey,wbp_30_15.txt,"Warwick 1628: balanced products, 5 products per order",30,15,30,13,1.241,solved,
Harvey,wbp_30_15.txt,"Warwick 1629: balanced products, 5 products per order",30,15,30,13,1.248,solved,
Harvey,wbp_30_15.txt,"Warwick 1630: balanced products, 5 products per order",30,15,30,12,1.255,solved,
Harvey,wbp_30_15.txt,"Warwick 1631: balanced products, 6 products per order",30,15,30,13,1.25,solved,
Harvey,wbp_30_15.txt,"Warwick 1632: balanced products, 6 products per order",30,15,30,13,1.259,solved,
Harvey,wbp_30_15.txt,"Warwick 1633: balanced products, 6 products per order",30,15,30,13,1.279,solved,
Harvey,wbp_30_15.txt,"Warwick 1634: balanced products, 6 products per order",30,15,30,13,1.247,solved,
Harvey,wbp_30_15.txt,"Warwick 1635: balanced products, 6 products per order",30,15,30,14,1.238,solved,
Harvey,wbp_30_15.txt,"Warwick 1636: balanced products, 6 products per order",30,15,30,13,1.239,solved,
Harvey,wbp_30_15.txt,"Warwick 1637: balanced products, 6 products per order",30,15,30,14,1.288,solved,
Harvey,wbp_30_15.txt,"Warwick 1638: balanced products, 6 products per order",30,15,30,13,1.32,solved,
Harvey,wbp_30_15.txt,"Warwick 1639: balanced products, 6 products per order",30,15,30,13,1.3,solved,
Harvey,wbp_30_15.txt,"Warwick 1640: balanced products, 6 products per order",30,15,30,13,1.275,solved,
Harvey,wbp_30_15.txt,"Warwick 1641: balanced products, 7 products per order",30,15,30,14,1.296,solved,
Harvey,wbp_30_15.txt,"Warwick 1642: balanced products, 7 products per order",30,15,30,14,1.3,solved,
Harvey,wbp_30_15.txt,"Warwick 1643: balanced products, 7 products per order",30,15,30,14,1.499,solved,
Harvey,wbp_30_15.txt,"Warwick 1644: balanced products, 7 products per order",30,15,30,14,1.317,solved,
Harvey,wbp_30_15.txt,"Warwick 1645: balanced products, 7 products per order",30,15,30,14,1.278,solved,
Harvey,wbp_30_15.txt,"Warwick 1646: balanced products, 7 products per order",30,15,30,14,1.265,solved,
Harvey,wbp_30_15.txt,"Warwick 1647: balanced products, 7 products per order",30,15,30,14,1.268,solved,
Harvey,wbp_30_15.txt,"Warwick 1648: balanced products, 7 products per order",30,15,30,14,1.308,solved,
Harvey,wbp_30_15.txt,"Warwick 1649: balanced products, 7 products per order",30,15,30,14,1.305,solved,
Harvey,wbp_30_15.txt,"Warwick 1650: balanced products, 7 products per order",30,15,30,14,1.286,solved,
Simonis,problem_10_10.dat,HS problem 1 size 10 10 density  0.20,10,10,7,4,0.18,solved,
Simonis,problem_10_10.dat,HS problem 2 size 10 10 density  0.20,10,10,5,4,0.173,solved,
Simonis,problem_10_10.dat,HS problem 3 size 10 10 density  0.20,10,10,6,3,0.178,solved,
Simonis,problem_10_10.dat,HS problem 4 size 10 10 density  0.20,10,10,7,3,0.193,solved,
Simonis,problem_10_10.dat,HS problem 5 size 10 10 density  0.20,10,10,4,4,0.187,solved,
Simonis,problem_10_10.dat,HS problem 6 size 10 10 density  0.20,10,10,5,3,0.218,solved,
Simonis,problem_10_10.dat,HS problem 7 size 10 10 density  0.20,10,10,7,5,0.193,solved,
Simonis,problem_10_10.dat,HS problem 8 size 10 10 density  0.20,10,10,8,4,0.181,solved,
Simonis,problem_10_10.dat,HS problem 9 size 10 10 density  0.20,10,10,4,3,0.171,solved,
Simonis,problem_10_10.dat,HS problem 10 size 10 10 density  0.20,10,10,9,4,0.203,solved,
Simonis,problem_10_10.dat,HS problem 11 size 10 10 density  0.20,10,10,7,4,0.177,solved,
Simonis,problem_10_10.dat,HS problem 12 size 10 10 density  0.20,10,10,4,2,0.179,solved,
Simonis,problem_10_10.dat,HS problem 13 size 10 10 density  0.20,10,10,7,4,0.178,solved,
Simonis,problem_10_10.dat,HS problem 14 size 10 10 density  0.20,10,10,8,5,0.177,solved,
Simonis,problem_10_10.dat,HS problem 15 size 10 10 density  0.20,10,10,8,4,0.182,solved,
Simonis,problem_10_10.dat,HS problem 16 size 10 10 density  0.20,10,10,6,4,0.181,solved,
Simonis,problem_10_10.dat,HS problem 17 size 10 10 density  0.20,10,10,6,4,0.175,solved,
Simonis,problem_10_10.dat,HS problem 18 size 10 10 density  0.20,10,10,7,4,0.177,solved,
Simonis,problem_10_10.dat,HS problem 19 size 10 10 density  0.20,10,10,4,3,0.174,solved,
Simonis,problem_10_10.dat,HS problem 20 size 10 10 density  0.20,10,10,6,3,0.171,solved,
Simonis,problem_10_10.dat,HS problem 21 size 10 10 density  0.20,10,10,9,6,0.17,solved,
Simonis,problem_10_10.dat,HS problem 22 size 10 10 density  0.20,10,10,5,3,0.179,solved,
Simonis,problem_10_10.dat,HS problem 23 size 10 10 density  0.20,10,10,8,6,0.176,solved,
Simonis,problem_10_10.dat,HS problem 24 size 10 10 density  0.20,10,10,6,4,0.177,solved,
Simonis,problem_10_10.dat,HS problem 25 size 10 10 density  0.20,10,10,4,3,0.175,solved,
Simonis,problem_10_10.dat,HS problem 26 size 10 10 density  0.20,10,10,6,4,0.172,solved,
Simonis,problem_10_10.dat,HS problem 27 size 10 10 density  0.20,10,10,6,3,0.17,solved,
Simonis,problem_10_10.dat,HS problem 28 size 10 10 density  0.20,10,10,7,4,0.18,solved,
Simonis,problem_10_10.dat,HS problem 29 size 10 10 density  0.20,10,10,7,4,0.185,solved,
Simonis,problem_10_10.dat,HS problem 30 size 10 10 density  0.20,10,10,8,5,0.186,solved,
Simonis,problem_10_10.dat,HS problem 31 size 10 10 density  0.20,10,10,7,4,0.179,solved,
Simonis,problem_10_10.dat,HS problem 32 size 10 10 density  0.20,10,10,5,3,0.174,solved,
Simonis,problem_10_10.dat,HS problem 33 size 10 10 density  0.20,10,10,7,3,0.171,solved,
Simonis,problem_10_10.dat,HS problem 34 size 10 10 density  0.20,10,10,7,4,0.181,solved,
Simonis,problem_10_10.dat,HS problem 35 size 10 10 density  0.20,10,10,9,6,0.181,solved,
Simonis,problem_10_10.dat,HS problem 36 size 10 10 density  0.20,10,10,7,4,0.183,solved,
Simonis,problem_10_10.dat,HS problem 37 size 10 10 density  0.20,10,10,8,6,0.181,solved,
Simonis,problem_10_10.dat,HS problem 38 size 10 10 density  0.20,10,10,8,3,0.175,solved,
Simonis,problem_10_10.dat,HS problem 39 size 10 10 density  0.20,10,10,7,5,0.176,solved,
Simonis,problem_10_10.dat,HS problem 40 size 10 10 density  0.20,10,10,6,3,0.179,solved,
Simonis,problem_10_10.dat,HS problem 41 size 10 10 density  0.20,10,10,7,5,0.186,solved,
Simonis,problem_10_10.dat,HS problem 42 size 10 10 density  0.20,10,10,8,4,0.181,solved,
Simonis,problem_10_10.dat,HS problem 43 size 10 10 density  0.20,10,10,6,3,0.175,solved,
Simonis,problem_10_10.dat,HS problem 44 size 10 10 density  0.20,10,10,6,4,0.176,solved,
Simonis,problem_10_10.dat,HS problem 45 size 10 10 density  0.20,10,10,6,3,0.177,solved,
Simonis,problem_10_10.dat,HS problem 46 size 10 10 density  0.20,10,10,6,3,0.178,solved,
Simonis,problem_10_10.dat,HS problem 47 size 10 10 density  0.20,10,10,5,3,0.178,solved,
Simonis,problem_10_10.dat,HS problem 48 size 10 10 density  0.20,10,10,6,4,0.182,solved,
Simonis,problem_10_10.dat,HS problem 49 size 10 10 density  0.20,10,10,5,3,0.179,solved,
Simonis,problem_10_10.dat,HS problem 50 size 10 10 density  0.20,10,10,7,5,0.18,solved,
Simonis,problem_10_10.dat,HS problem 51 size 10 10 density  0.25,10,10,7,4,0.177,solved,
Simonis,problem_10_10.dat,HS problem 52 size 10 10 density  0.25,10,10,9,5,0.18,solved,
Simonis,problem_10_10.dat,HS problem 53 size 10 10 density  0.25,10,10,5,3,0.221,solved,
Simonis,problem_10_10.dat,HS problem 54 size 10 10 density  0.25,10,10,7,5,0.181,solved,
Simonis,problem_10_10.dat,HS problem 55 size 10 10 density  0.25,10,10,9,6,0.174,solved,
Simonis,problem_10_10.dat,HS problem 56 size 10 10 density  0.25,10,10,7,6,0.182,solved,
Simonis,problem_10_10.dat,HS problem 57 size 10 10 density  0.25,10,10,6,3,0.186,solved,
Simonis,problem_10_10.dat,HS problem 58 size 10 10 density  0.25,10,10,8,4,0.192,solved,
Simonis,problem_10_10.dat,HS problem 59 size 10 10 density  0.25,10,10,7,6,0.234,solved,
Simonis,problem_10_10.dat,HS problem 60 size 10 10 density  0.25,10,10,7,4,0.196,solved,
Simonis,problem_10_10.dat,HS problem 61 size 10 10 density  0.25,10,10,5,3,0.19,solved,
Simonis,problem_10_10.dat,HS problem 62 size 10 10 density  0.25,10,10,7,4,0.183,solved,
Simonis,problem_10_10.dat,HS problem 63 size 10 10 density  0.25,10,10,8,6,0.179,solved,
Simonis,problem_10_10.dat,HS problem 64 size 10 10 density  0.25,10,10,8,4,0.185,solved,
Simonis,problem_10_10.dat,HS problem 65 size 10 10 density  0.25,10,10,4,2,0.178,solved,
Simonis,problem_10_10.dat,HS problem 66 size 10 10 density  0.25,10,10,6,3,0.173,solved,
Simonis,problem_10_10.dat,HS problem 67 size 10 10 density  0.25,10,10,8,5,0.178,solved,
Simonis,problem_10_10.dat,HS problem 68 size 10 10 density  0.25,10,10,9,4,0.184,solved,
Simonis,problem_10_10.dat,HS problem 69 size 10 10 density  0.25,10,10,8,4,0.18,solved,
Simonis,problem_10_10.dat,HS problem 70 size 10 10 density  0.25,10,10,4,4,0.179,solved,
Simonis,problem_10_10.dat,HS problem 71 size 10 10 density  0.25,10,10,8,5,0.192,solved,
Simonis,problem_10_10.dat,HS problem 72 size 10 10 density  0.25,10,10,8,5,0.182,solved,
Simonis,problem_10_10.dat,HS problem 73 size 10 10 density  0.25,10,10,8,7,0.19,solved,
Simonis,problem_10_10.dat,HS problem 74 size 10 10 density  0.25,10,10,8,5,0.182,solved,
Simonis,problem_10_10.dat,HS problem 75 size 10 10 density  0.25,10,10,6,5,0.183,solved,
Simonis,problem_10_10.dat,HS problem 76 size 10 10 density  0.25,10,10,9,6,0.183,solved,
Simonis,problem_10_10.dat,HS problem 77 size 10 10 density  0.25,10,10,9,5,0.176,solved,
Simonis,problem_10_10.dat,HS problem 78 size 10 10 density  0.25,10,10,9,4,0.175,solved,
Simonis,problem_10_10.dat,HS problem 79 size 10 10 density  0.25,10,10,9,5,0.18,solved,
Simonis,problem_10_10.dat,HS problem 80 size 10 10 density  0.25,10,10,6,5,0.179,solved,
Simonis,problem_10_10.dat,HS problem 81 size 10 10 density  0.25,10,10,5,4,0.178,solved,
Simonis,problem_10_10.dat,HS problem 82 size 10 10 density  0.25,10,10,9,5,0.174,solved,
Simonis,problem_10_10.dat,HS problem 83 size 10 10 density  0.25,10,10,5,2,0.172,solved,
Simonis,problem_10_10.dat,HS problem 84 size 10 10 density  0.25,10,10,10,6,0.179,solved,
Simonis,problem_10_10.dat,HS problem 85 size 10 10 density  0.25,10,10,5,3,0.183,solved,
Simonis,problem_10_10.dat,HS problem 86 size 10 10 density  0.25,10,10,8,6,0.175,solved,
Simonis,problem_10_10.dat,HS problem 87 size 10 10 density  0.25,10,10,6,6,0.175,solved,
Simonis,problem_10_10.dat,HS problem 88 size 10 10 density  0.25,10,10,7,5,0.173,solved,
Simonis,problem_10_10.dat,HS problem 89 size 10 10 density  0.25,10,10,7,4,0.18,solved,
Simonis,problem_10_10.dat,HS problem 90 size 10 10 density  0.25,10,10,8,6,0.192,solved,
Simonis,problem_10_10.dat,HS problem 91 size 10 10 density  0.25,10,10,10,6,0.182,solved,
Simonis,problem_10_10.dat,HS problem 92 size 10 10 density  0.25,10,10,7,5,0.182,solved,
Simonis,problem_10_10.dat,HS problem 93 size 10 10 density  0.25,10,10,7,6,0.181,solved,
Simonis,problem_10_10.dat,HS problem 94 size 10 10 density  0.25,10,10,6,3,0.182,solved,
Simonis,problem_10_10.dat,HS problem 95 size 10 10 density  0.25,10,10,5,4,0.182,solved,
Simonis,problem_10_10.dat,HS problem 96 size 10 10 density  0.25,10,10,9,6,0.181,solved,
Simonis,problem_10_10.dat,HS problem 97 size 10 10 density  0.25,10,10,8,5,0.181,solved,
Simonis,problem_10_10.dat,HS problem 98 size 10 10 density  0.25,10,10,5,3,0.179,solved,
Simonis,problem_10_10.dat,HS problem 99 size 10 10 density  0.25,10,10,8,7,0.181,solved,
Simonis,problem_10_10.dat,HS problem 100 size 10 10 density  0.25,10,10,8,5,0.177,solved,
Simonis,problem_10_10.dat,HS problem 101 size 10 10 density  0.30,10,10,7,6,0.181,solved,
Simonis,problem_10_10.dat,HS problem 102 size 10 10 density  0.30,10,10,7,5,0.18,solved,
Simonis,problem_10_10.dat,HS problem 103 size 10 10 density  0.30,10,10,9,5,0.186,solved,
Simonis,problem_10_10.dat,HS problem 104 size 10 10 density  0.30,10,10,9,5,0.185,solved,
Simonis,problem_10_10.dat,HS problem 105 size 10 10 density  0.30,10,10,10,6,0.183,solved,
Simonis,problem_10_10.dat,HS problem 106 size 10 10 density  0.30,10,10,8,7,0.181,solved,
Simonis,problem_10_10.dat,HS problem 107 size 10 10 density  0.30,10,10,10,6,0.182,solved,
Simonis,problem_10_10.dat,HS problem 108 size 10 10 density  0.30,10,10,8,6,0.18,solved,
Simonis,problem_10_10.dat,HS problem 109 size 10 10 density  0.30,10,10,8,5,0.183,solved,
Simonis,problem_10_10.dat,HS problem 110 size 10 10 density  0.30,10,10,10,6,0.185,solved,
Simonis,problem_10_10.dat,HS problem 111 size 10 10 density  0.30,10,10,7,5,0.179,solved,
Simonis,problem_10_10.dat,HS problem 112 size 10 10 density  0.30,10,10,8,5,0.178,solved,
Simonis,problem_10_10.dat,HS problem 113 size 10 10 density  0.30,10,10,8,5,0.185,solved,
Simonis,problem_10_10.dat,HS problem 114 size 10 10 density  0.30,10,10,10,6,0.184,solved,
Simonis,problem_10_10.dat,HS problem 115 size 10 10 density  0.30,10,10,7,6,0.187,solved,
Simonis,problem_10_10.dat,HS problem 116 size 10 10 density  0.30,10,10,7,5,0.183,solved,
Simonis,problem_10_10.dat,HS problem 117 size 10 10 density  0.30,10,10,8,4,0.196,solved,
Simonis,problem_10_10.dat,HS problem 118 size 10 10 density  0.30,10,10,8,4,0.205,solved,
Simonis,problem_10_10.dat,HS problem 119 size 10 10 density  0.30,10,10,7,6,0.196,solved,
Simonis,problem_10_10.dat,HS problem 120 size 10 10 density  0.30,10,10,9,6,0.186,solved,
Simonis,problem_10_10.dat,HS problem 121 size 10 10 density  0.30,10,10,10,5,0.183,solved,
Simonis,problem_10_10.dat,HS problem 122 size 10 10 density  0.30,10,10,6,4,0.179,solved,
Simonis,problem_10_10.dat,HS problem 123 size 10 10 density  0.30,10,10,7,5,0.179,solved,
Simonis,problem_10_10.dat,HS problem 124 size 10 10 density  0.30,10,10,9,5,0.181,solved,
Simonis,problem_10_10.dat,HS problem 125 size 10 10 density  0.30,10,10,9,5,0.182,solved,
Simonis,problem_10_10.dat,HS problem 126 size 10 10 density  0.30,10,10,9,5,0.188,solved,
Simonis,problem_10_10.dat,HS problem 127 size 10 10 density  0.30,10,10,10,5,0.182,solved,
Simonis,problem_10_10.dat,HS problem 128 size 10 10 density  0.30,10,10,9,6,0.184,solved,
Simonis,problem_10_10.dat,HS problem 129 size 10 10 density  0.30,10,10,8,6,0.183,solved,
Simonis,problem_10_10.dat,HS problem 130 size 10 10 density  0.30,10,10,9,5,0.183,solved,
Simonis,problem_10_10.dat,HS problem 131 size 10 10 density  0.30,10,10,8,6,0.179,solved,
Simonis,problem_10_10.dat,HS problem 132 size 10 10 density  0.30,10,10,7,6,0.181,solved,
Simonis,problem_10_10.dat,HS problem 133 size 10 10 density  0.30,10,10,8,4,0.178,solved,
Simonis,problem_10_10.dat,HS problem 134 size 10 10 density  0.30,10,10,9,4,0.174,solved,
Simonis,problem_10_10.dat,HS problem 135 size 10 10 density  0.30,10,10,7,4,0.177,solved,
Simonis,problem_10_10.dat,HS problem 136 size 10 10 density  0.30,10,10,10,7,0.178,solved,
Simonis,problem_10_10.dat,HS problem 137 size 10 10 density  0.30,10,10,9,6,0.179,solved,
Simonis,problem_10_10.dat,HS problem 138 size 10 10 density  0.30,10,10,7,6,0.179,solved,
Simonis,problem_10_10.dat,HS problem 139 size 10 10 density  0.30,10,10,6,7,0.205,solved,
Simonis,problem_10_10.dat,HS problem 140 size 10 10 density  0.30,10,10,10,7,0.182,solved,
Simonis,problem_10_10.dat,HS problem 141 size 10 10 density  0.30,10,10,8,6,0.181,solved,
Simonis,problem_10_10.dat,HS problem 142 size 10 10 density  0.30,10,10,8,5,0.207,solved,
Simonis,problem_10_10.dat,HS problem 143 size 10 10 density  0.30,10,10,9,7,0.189,solved,
Simonis,problem_10_10.dat,HS problem 144 size 10 10 density  0.30,10,10,8,6,0.18,solved,
Simonis,problem_10_10.dat,HS problem 145 size 10 10 density  0.30,10,10,10,5,0.182,solved,
Simonis,problem_10_10.dat,HS problem 146 size 10 10 density  0.30,10,10,9,6,0.189,solved,
Simonis,problem_10_10.dat,HS problem 147 size 10 10 density  0.30,10,10,9,5,0.183,solved,
Simonis,problem_10_10.dat,HS problem 148 size 10 10 density  0.30,10,10,8,6,0.181,solved,
Simonis,problem_10_10.dat,HS problem 149 size 10 10 density  0.30,10,10,8,5,0.181,solved,
Simonis,problem_10_10.dat,HS problem 150 size 10 10 density  0.30,10,10,7,6,0.178,solved,
Simonis,problem_10_10.dat,HS problem 151 size 10 10 density  0.35,10,10,10,6,0.181,solved,
Simonis,problem_10_10.dat,HS problem 152 size 10 10 density  0.35,10,10,9,8,0.181,solved,
Simonis,problem_10_10.dat,HS problem 153 size 10 10 density  0.35,10,10,9,5,0.185,solved,
Simonis,problem_10_10.dat,HS problem 154 size 10 10 density  0.35,10,10,9,5,0.184,solved,
Simonis,problem_10_10.dat,HS problem 155 size 10 10 density  0.35,10,10,10,7,0.184,solved,
Simonis,problem_10_10.dat,HS problem 156 size 10 10 density  0.35,10,10,10,7,0.181,solved,
Simonis,problem_10_10.dat,HS problem 157 size 10 10 density  0.35,10,10,10,7,0.187,solved,
Simonis,problem_10_10.dat,HS problem 158 size 10 10 density  0.35,10,10,7,6,0.185,solved,
Simonis,problem_10_10.dat,HS problem 159 size 10 10 density  0.35,10,10,9,7,0.184,solved,
Simonis,problem_10_10.dat,HS problem 160 size 10 10 density  0.35,10,10,9,6,0.194,solved,
Simonis,problem_10_10.dat,HS problem 161 size 10 10 density  0.35,10,10,10,6,0.184,solved,
Simonis,problem_10_10.dat,HS problem 162 size 10 10 density  0.35,10,10,10,7,0.18,solved,
Simonis,problem_10_10.dat,HS problem 163 size 10 10 density  0.35,10,10,8,7,0.184,solved,
Simonis,problem_10_10.dat,HS problem 164 size 10 10 density  0.35,10,10,10,6,0.183,solved,
Simonis,problem_10_10.dat,HS problem 165 size 10 10 density  0.35,10,10,10,6,0.187,solved,
Simonis,problem_10_10.dat,HS problem 166 size 10 10 density  0.35,10,10,8,7,0.19,solved,
Simonis,problem_10_10.dat,HS problem 167 size 10 10 density  0.35,10,10,7,4,0.178,solved,
Simonis,problem_10_10.dat,HS problem 168 size 10 10 density  0.35,10,10,10,7,0.182,solved,
Simonis,problem_10_10.dat,HS problem 169 size 10 10 density  0.35,10,10,10,7,0.183,solved,
Simonis,problem_10_10.dat,HS problem 170 size 10 10 density  0.35,10,10,10,6,0.181,solved,
Simonis,problem_10_10.dat,HS problem 171 size 10 10 density  0.35,10,10,8,7,0.183,solved,
Simonis,problem_10_10.dat,HS problem 172 size 10 10 density  0.35,10,10,8,5,0.179,solved,
Simonis,problem_10_10.dat,HS problem 173 size 10 10 density  0.35,10,10,9,7,0.177,solved,
Simonis,problem_10_10.dat,HS problem 174 size 10 10 density  0.35,10,10,8,6,0.181,solved,
Simonis,problem_10_10.dat,HS problem 175 size 10 10 density  0.35,10,10,9,6,0.181,solved,
Simonis,problem_10_10.dat,HS problem 176 size 10 10 density  0.35,10,10,8,5,0.178,solved,
Simonis,problem_10_10.dat,HS problem 177 size 10 10 density  0.35,10,10,9,7,0.184,solved,
Simonis,problem_10_10.dat,HS problem 178 size 10 10 density  0.35,10,10,8,5,0.177,solved,
Simonis,problem_10_10.dat,HS problem 179 size 10 10 density  0.35,10,10,9,7,0.178,solved,
Simonis,problem_10_10.dat,HS problem 180 size 10 10 density  0.35,10,10,8,5,0.182,solved,
Simonis,problem_10_10.dat,HS problem 181 size 10 10 density  0.35,10,10,9,7,0.187,solved,
Simonis,problem_10_10.dat,HS problem 182 size 10 10 density  0.35,10,10,9,7,0.184,solved,
Simonis,problem_10_10.dat,HS problem 183 size 10 10 density  0.35,10,10,10,7,0.185,solved,
Simonis,problem_10_10.dat,HS problem 184 size 10 10 density  0.35,10,10,8,6,0.177,solved,
Simonis,problem_10_10.dat,HS problem 185 size 10 10 density  0.35,10,10,9,7,0.177,solved,
Simonis,problem_10_10.dat,HS problem 186 size 10 10 density  0.35,10,10,9,5,0.183,solved,
Simonis,problem_10_10.dat,HS problem 187 size 10 10 density  0.35,10,10,10,8,0.185,solved,
Simonis,problem_10_10.dat,HS problem 188 size 10 10 density  0.35,10,10,9,7,0.183,solved,
Simonis,problem_10_10.dat,HS problem 189 size 10 10 density  0.35,10,10,10,6,0.179,solved,
Simonis,problem_10_10.dat,HS problem 190 size 10 10 density  0.35,10,10,9,6,0.178,solved,
Simonis,problem_10_10.dat,HS problem 191 size 10 10 density  0.35,10,10,8,6,0.181,solved,
Simonis,problem_10_10.dat,HS problem 192 size 10 10 density  0.35,10,10,9,8,0.182,solved,
Simonis,problem_10_10.dat,HS problem 193 size 10 10 density  0.35,10,10,8,5,0.186,solved,
Simonis,problem_10_10.dat,HS problem 194 size 10 10 density  0.35,10,10,10,7,0.184,solved,
Simonis,problem_10_10.dat,HS problem 195 size 10 10 density  0.35,10,10,8,4,0.177,solved,
Simonis,problem_10_10.dat,HS problem 196 size 10 10 density  0.35,10,10,8,5,0.177,solved,
Simonis,problem_10_10.dat,HS problem 197 size 10 10 density  0.35,10,10,9,7,0.182,solved,
Simonis,problem_10_10.dat,HS problem 198 size 10 10 density  0.35,10,10,10,6,0.181,solved,
Simonis,problem_10_10.dat,HS problem 199 size 10 10 density  0.35,10,10,8,5,0.185,solved,
Simonis,problem_10_10.dat,HS problem 200 size 10 10 density  0.35,10,10,10,7,0.18,solved,
Simonis,problem_10_10.dat,HS problem 201 size 10 10 density  0.40,10,10,10,7,0.176,solved,
Simonis,problem_10_10.dat,HS problem 202 size 10 10 density  0.40,10,10,10,8,0.178,solved,
Simonis,problem_10_10.dat,HS problem 203 size 10 10 density  0.40,10,10,10,7,0.187,solved,
Simonis,problem_10_10.dat,HS problem 204 size 10 10 density  0.40,10,10,9,7,0.184,solved,
Simonis,problem_10_10.dat,HS problem 205 size 10 10 density  0.40,10,10,9,6,0.184,solved,
Simonis,problem_10_10.dat,HS problem 206 size 10 10 density  0.40,10,10,10,7,0.185,solved,
Simonis,problem_10_10.dat,HS problem 207 size 10 10 density  0.40,10,10,10,7,0.18,solved,
Simonis,problem_10_10.dat,HS problem 208 size 10 10 density  0.40,10,10,10,6,0.188,solved,
Simonis,problem_10_10.dat,HS problem 209 size 10 10 density  0.40,10,10,8,6,0.185,solved,
Simonis,problem_10_10.dat,HS problem 210 size 10 10 density  0.40,10,10,9,7,0.192,solved,
Simonis,problem_10_10.dat,HS problem 211 size 10 10 density  0.40,10,10,10,6,0.187,solved,
Simonis,problem_10_10.dat,HS problem 212 size 10 10 density  0.40,10,10,10,7,0.189,solved,
Simonis,problem_10_10.dat,HS problem 213 size 10 10 density  0.40,10,10,10,7,0.185,solved,
Simonis,problem_10_10.dat,HS problem 214 size 10 10 density  0.40,10,10,10,8,0.188,solved,
Simonis,problem_10_10.dat,HS problem 215 size 10 10 density  0.40,10,10,10,7,0.186,solved,
Simonis,problem_10_10.dat,HS problem 216 size 10 10 density  0.40,10,10,9,7,0.188,solved,
Simonis,problem_10_10.dat,HS problem 217 size 10 10 density  0.40,10,10,10,7,0.186,solved,
Simonis,problem_10_10.dat,HS problem 218 size 10 10 density  0.40,10,10,10,8,0.181,solved,
Simonis,problem_10_10.dat,HS problem 219 size 10 10 density  0.40,10,10,9,6,0.181,solved,
Simonis,problem_10_10.dat,HS problem 220 size 10 10 density  0.40,10,10,7,5,0.185,solved,
Simonis,problem_10_10.dat,HS problem 221 size 10 10 density  0.40,10,10,10,7,0.184,solved,
Simonis,problem_10_10.dat,HS problem 222 size 10 10 density  0.40,10,10,9,7,0.187,solved,
Simonis,problem_10_10.dat,HS problem 223 size 10 10 density  0.40,10,10,10,8,0.181,solved,
Simonis,problem_10_10.dat,HS problem 224 size 10 10 density  0.40,10,10,10,9,0.178,solved,
Simonis,problem_10_10.dat,HS problem 225 size 10 10 density  0.40,10,10,10,7,0.185,solved,
Simonis,problem_10_10.dat,HS problem 226 size 10 10 density  0.40,10,10,10,7,0.184,solved,
Simonis,problem_10_10.dat,HS problem 227 size 10 10 density  0.40,10,10,10,7,0.186,solved,
Simonis,problem_10_10.dat,HS problem 228 size 10 10 density  0.40,10,10,9,5,0.187,solved,
Simonis,problem_10_10.dat,HS problem 229 size 10 10 density  0.40,10,10,9,6,0.184,solved,
Simonis,problem_10_10.dat,HS problem 230 size 10 10 density  0.40,10,10,9,5,0.179,solved,
Simonis,problem_10_10.dat,HS problem 231 size 10 10 density  0.40,10,10,9,5,0.201,solved,
Simonis,problem_10_10.dat,HS problem 232 size 10 10 density  0.40,10,10,8,8,0.2,solved,
Simonis,problem_10_10.dat,HS problem 233 size 10 10 density  0.40,10,10,10,7,0.211,solved,
Simonis,problem_10_10.dat,HS problem 234 size 10 10 density  0.40,10,10,10,7,0.207,solved,
Simonis,problem_10_10.dat,HS problem 235 size 10 10 density  0.40,10,10,9,6,0.207,solved,
Simonis,problem_10_10.dat,HS problem 236 size 10 10 density  0.40,10,10,10,7,0.212,solved,
Simonis,problem_10_10.dat,HS problem 237 size 10 10 density  0.40,10,10,8,5,0.192,solved,
Simonis,problem_10_10.dat,HS problem 238 size 10 10 density  0.40,10,10,10,6,0.188,solved,
Simonis,problem_10_10.dat,HS problem 239 size 10 10 density  0.40,10,10,9,6,0.185,solved,
Simonis,problem_10_10.dat,HS problem 240 size 10 10 density  0.40,10,10,9,6,0.178,solved,
Simonis,problem_10_10.dat,HS problem 241 size 10 10 density  0.40,10,10,9,6,0.183,solved,
Simonis,problem_10_10.dat,HS problem 242 size 10 10 density  0.40,10,10,9,8,0.183,solved,
Simonis,problem_10_10.dat,HS problem 243 size 10 10 density  0.40,10,10,9,6,0.181,solved,
Simonis,problem_10_10.dat,HS problem 244 size 10 10 density  0.40,10,10,9,8,0.183,solved,
Simonis,problem_10_10.dat,HS problem 245 size 10 10 density  0.40,10,10,9,7,0.179,solved,
Simonis,problem_10_10.dat,HS problem 246 size 10 10 density  0.40,10,10,9,5,0.176,solved,
Simonis,problem_10_10.dat,HS problem 247 size 10 10 density  0.40,10,10,9,6,0.183,solved,
Simonis,problem_10_10.dat,HS problem 248 size 10 10 density  0.40,10,10,8,6,0.188,solved,
Simonis,problem_10_10.dat,HS problem 249 size 10 10 density  0.40,10,10,10,6,0.183,solved,
Simonis,problem_10_10.dat,HS problem 250 size 10 10 density  0.40,10,10,10,7,0.184,solved,
Simonis,problem_10_10.dat,HS problem 251 size 10 10 density  0.45,10,10,10,8,0.182,solved,
Simonis,problem_10_10.dat,HS problem 252 size 10 10 density  0.45,10,10,10,7,0.18,solved,
Simonis,problem_10_10.dat,HS problem 253 size 10 10 density  0.45,10,10,9,6,0.186,solved,
Simonis,problem_10_10.dat,HS problem 254 size 10 10 density  0.45,10,10,9,7,0.183,solved,
Simonis,problem_10_10.dat,HS problem 255 size 10 10 density  0.45,10,10,10,6,0.186,solved,
Simonis,problem_10_10.dat,HS problem 256 size 10 10 density  0.45,10,10,10,7,0.189,solved,
Simonis,problem_10_10.dat,HS problem 257 size 10 10 density  0.45,10,10,10,8,0.177,solved,
Simonis,problem_10_10.dat,HS problem 258 size 10 10 density  0.45,10,10,9,7,0.205,solved,
Simonis,problem_10_10.dat,HS problem 259 size 10 10 density  0.45,10,10,10,8,0.189,solved,
Simonis,problem_10_10.dat,HS problem 260 size 10 10 density  0.45,10,10,9,7,0.189,solved,
Simonis,problem_10_10.dat,HS problem 261 size 10 10 density  0.45,10,10,9,6,0.181,solved,
Simonis,problem_10_10.dat,HS problem 262 size 10 10 density  0.45,10,10,9,8,0.179,solved,
Simonis,problem_10_10.dat,HS problem 263 size 10 10 density  0.45,10,10,10,7,0.181,solved,
Simonis,problem_10_10.dat,HS problem 264 size 10 10 density  0.45,10,10,10,8,0.187,solved,
Simonis,problem_10_10.dat,HS problem 265 size 10 10 density  0.45,10,10,10,7,0.182,solved,
Simonis,problem_10_10.dat,HS problem 266 size 10 10 density  0.45,10,10,10,6,0.182,solved,
Simonis,problem_10_10.dat,HS problem 267 size 10 10 density  0.45,10,10,9,7,0.185,solved,
Simonis,problem_10_10.dat,HS problem 268 size 10 10 density  0.45,10,10,10,8,0.181,solved,
Simonis,problem_10_10.dat,HS problem 269 size 10 10 density  0.45,10,10,10,9,0.18,solved,
Simonis,problem_10_10.dat,HS problem 270 size 10 10 density  0.45,10,10,9,7,0.189,solved,
Simonis,problem_10_10.dat,HS problem 271 size 10 10 density  0.45,10,10,10,8,0.185,solved,
Simonis,problem_10_10.dat,HS problem 272 size 10 10 density  0.45,10,10,9,6,0.185,solved,
Simonis,problem_10_10.dat,HS problem 273 size 10 10 density  0.45,10,10,9,8,0.189,solved,
Simonis,problem_10_10.dat,HS problem 274 size 10 10 density  0.45,10,10,9,7,0.186,solved,
Simonis,problem_10_10.dat,HS problem 275 size 10 10 density  0.45,10,10,10,8,0.215,solved,
Simonis,problem_10_10.dat,HS problem 276 size 10 10 density  0.45,10,10,9,7,0.193,solved,
Simonis,problem_10_10.dat,HS problem 277 size 10 10 density  0.45,10,10,10,8,0.187,solved,
Simonis,problem_10_10.dat,HS problem 278 size 10 10 density  0.45,10,10,10,7,0.192,solved,
Simonis,problem_10_10.dat,HS problem 279 size 10 10 density  0.45,10,10,10,8,0.195,solved,
Simonis,problem_10_10.dat,HS problem 280 size 10 10 density  0.45,10,10,10,8,0.186,solved,
Simonis,problem_10_10.dat,HS problem 281 size 10 10 density  0.45,10,10,9,7,0.186,solved,
Simonis,problem_10_10.dat,HS problem 282 size 10 10 density  0.45,10,10,10,7,0.186,solved,
Simonis,problem_10_10.dat,HS problem 283 size 10 10 density  0.45,10,10,10,7,0.183,solved,
Simonis,problem_10_10.dat,HS problem 284 size 10 10 density  0.45,10,10,10,8,0.186,solved,
Simonis,problem_10_10.dat,HS problem 285 size 10 10 density  0.45,10,10,10,9,0.196,solved,
Simonis,problem_10_10.dat,HS problem 286 size 10 10 density  0.45,10,10,9,7,0.195,solved,
Simonis,problem_10_10.dat,HS problem 287 size 10 10 density  0.45,10,10,10,8,0.192,solved,
Simonis,problem_10_10.dat,HS problem 288 size 10 10 density  0.45,10,10,9,8,0.188,solved,
Simonis,problem_10_10.dat,HS problem 289 size 10 10 density  0.45,10,10,10,7,0.19,solved,
Simonis,problem_10_10.dat,HS problem 290 size 10 10 density  0.45,10,10,8,8,0.192,solved,
Simonis,problem_10_10.dat,HS problem 291 size 10 10 density  0.45,10,10,9,8,0.176,solved,
Simonis,problem_10_10.dat,HS problem 292 size 10 10 density  0.45,10,10,9,8,0.182,solved,
Simonis,problem_10_10.dat,HS problem 293 size 10 10 density  0.45,10,10,10,6,0.18,solved,
Simonis,problem_10_10.dat,HS problem 294 size 10 10 density  0.45,10,10,10,8,0.181,solved,
Simonis,problem_10_10.dat,HS problem 295 size 10 10 density  0.45,10,10,9,7,0.185,solved,
Simonis,problem_10_10.dat,HS problem 296 size 10 10 density  0.45,10,10,10,7,0.175,solved,
Simonis,problem_10_10.dat,HS problem 297 size 10 10 density  0.45,10,10,9,7,0.174,solved,
Simonis,problem_10_10.dat,HS problem 298 size 10 10 density  0.45,10,10,10,7,0.193,solved,
Simonis,problem_10_10.dat,HS problem 299 size 10 10 density  0.45,10,10,10,7,0.193,solved,
Simonis,problem_10_10.dat,HS problem 300 size 10 10 density  0.45,10,10,9,6,0.187,solved,
Simonis,problem_10_10.dat,HS problem 301 size 10 10 density  0.50,10,10,10,7,0.187,solved,
Simonis,problem_10_10.dat,HS problem 302 size 10 10 density  0.50,10,10,10,9,0.184,solved,
Simonis,problem_10_10.dat,HS problem 303 size 10 10 density  0.50,10,10,10,8,0.184,solved,
Simonis,problem_10_10.dat,HS problem 304 size 10 10 density  0.50,10,10,10,8,0.18,solved,
Simonis,problem_10_10.dat,HS problem 305 size 10 10 density  0.50,10,10,10,8,0.179,solved,
Simonis,problem_10_10.dat,HS problem 306 size 10 10 density  0.50,10,10,10,7,0.183,solved,
Simonis,problem_10_10.dat,HS problem 307 size 10 10 density  0.50,10,10,10,9,0.175,solved,
Simonis,problem_10_10.dat,HS problem 308 size 10 10 density  0.50,10,10,10,7,0.182,solved,
Simonis,problem_10_10.dat,HS problem 309 size 10 10 density  0.50,10,10,10,8,0.187,solved,
Simonis,problem_10_10.dat,HS problem 310 size 10 10 density  0.50,10,10,10,8,0.179,solved,
Simonis,problem_10_10.dat,HS problem 311 size 10 10 density  0.50,10,10,10,8,0.182,solved,
Simonis,problem_10_10.dat,HS problem 312 size 10 10 density  0.50,10,10,10,8,0.178,solved,
Simonis,problem_10_10.dat,HS problem 313 size 10 10 density  0.50,10,10,9,7,0.176,solved,
Simonis,problem_10_10.dat,HS problem 314 size 10 10 density  0.50,10,10,9,7,0.177,solved,
Simonis,problem_10_10.dat,HS problem 315 size 10 10 density  0.50,10,10,10,8,0.182,solved,
Simonis,problem_10_10.dat,HS problem 316 size 10 10 density  0.50,10,10,10,7,0.182,solved,
Simonis,problem_10_10.dat,HS problem 317 size 10 10 density  0.50,10,10,10,7,0.187,solved,
Simonis,problem_10_10.dat,HS problem 318 size 10 10 density  0.50,10,10,10,8,0.182,solved,
Simonis,problem_10_10.dat,HS problem 319 size 10 10 density  0.50,10,10,10,8,0.188,solved,
Simonis,problem_10_10.dat,HS problem 320 size 10 10 density  0.50,10,10,10,8,0.188,solved,
Simonis,problem_10_10.dat,HS problem 321 size 10 10 density  0.50,10,10,10,9,0.185,solved,
Simonis,problem_10_10.dat,HS problem 322 size 10 10 density  0.50,10,10,9,9,0.186,solved,
Simonis,problem_10_10.dat,HS problem 323 size 10 10 density  0.50,10,10,10,7,0.185,solved,
Simonis,problem_10_10.dat,HS problem 324 size 10 10 density  0.50,10,10,9,8,0.178,solved,
Simonis,problem_10_10.dat,HS problem 325 size 10 10 density  0.50,10,10,10,8,0.179,solved,
Simonis,problem_10_10.dat,HS problem 326 size 10 10 density  0.50,10,10,10,9,0.201,solved,
Simonis,problem_10_10.dat,HS problem 327 size 10 10 density  0.50,10,10,9,8,0.191,solved,
Simonis,problem_10_10.dat,HS problem 328 size 10 10 density  0.50,10,10,9,7,0.196,solved,
Simonis,problem_10_10.dat,HS problem 329 size 10 10 density  0.50,10,10,9,8,0.193,solved,
Simonis,problem_10_10.dat,HS problem 330 size 10 10 density  0.50,10,10,10,8,0.185,solved,
Simonis,problem_10_10.dat,HS problem 331 size 10 10 density  0.50,10,10,10,8,0.189,solved,
Simonis,problem_10_10.dat,HS problem 332 size 10 10 density  0.50,10,10,10,9,0.188,solved,
Simonis,problem_10_10.dat,HS problem 333 size 10 10 density  0.50,10,10,9,7,0.189,solved,
Simonis,problem_10_10.dat,HS problem 334 size 10 10 density  0.50,10,10,10,8,0.188,solved,
Simonis,problem_10_10.dat,HS problem 335 size 10 10 density  0.50,10,10,10,8,0.188,solved,
Simonis,problem_10_10.dat,HS problem 336 size 10 10 density  0.50,10,10,10,8,0.182,solved,
Simonis,problem_10_10.dat,HS problem 337 size 10 10 density  0.50,10,10,10,8,0.194,solved,
Simonis,problem_10_10.dat,HS problem 338 size 10 10 density  0.50,10,10,10,9,0.191,solved,
Simonis,problem_10_10.dat,HS problem 339 size 10 10 density  0.50,10,10,10,8,0.192,solved,
Simonis,problem_10_10.dat,HS problem 340 size 10 10 density  0.50,10,10,10,7,0.191,solved,
Simonis,problem_10_10.dat,HS problem 341 size 10 10 density  0.50,10,10,10,8,0.182,solved,
Simonis,problem_10_10.dat,HS problem 342 size 10 10 density  0.50,10,10,10,8,0.18,solved,
Simonis,problem_10_10.dat,HS problem 343 size 10 10 density  0.50,10,10,9,9,0.183,solved,
Simonis,problem_10_10.dat,HS problem 344 size 10 10 density  0.50,10,10,10,8,0.191,solved,
Simonis,problem_10_10.dat,HS problem 345 size 10 10 density  0.50,10,10,10,9,0.187,solved,
Simonis,problem_10_10.dat,HS problem 346 size 10 10 density  0.50,10,10,9,8,0.181,solved,
Simonis,problem_10_10.dat,HS problem 347 size 10 10 density  0.50,10,10,7,6,0.182,solved,
Simonis,problem_10_10.dat,HS problem 348 size 10 10 density  0.50,10,10,10,9,0.181,solved,
Simonis,problem_10_10.dat,HS problem 349 size 10 10 density  0.50,10,10,9,8,0.186,solved,
Simonis,problem_10_10.dat,HS problem 350 size 10 10 density  0.50,10,10,10,9,0.18,solved,
Simonis,problem_10_10.dat,HS problem 351 size 10 10 density  0.55,10,10,10,9,0.178,solved,
Simonis,problem_10_10.dat,HS problem 352 size 10 10 density  0.55,10,10,10,9,0.175,solved,
Simonis,problem_10_10.dat,HS problem 353 size 10 10 density  0.55,10,10,10,8,0.175,solved,
Simonis,problem_10_10.dat,HS problem 354 size 10 10 density  0.55,10,10,10,9,0.18,solved,
Simonis,problem_10_10.dat,HS problem 355 size 10 10 density  0.55,10,10,10,9,0.183,solved,
Simonis,problem_10_10.dat,HS problem 356 size 10 10 density  0.55,10,10,10,9,0.181,solved,
Simonis,problem_10_10.dat,HS problem 357 size 10 10 density  0.55,10,10,10,8,0.183,solved,
Simonis,problem_10_10.dat,HS problem 358 size 10 10 density  0.55,10,10,10,9,0.176,solved,
Simonis,problem_10_10.dat,HS problem 359 size 10 10 density  0.55,10,10,10,8,0.176,solved,
Simonis,problem_10_10.dat,HS problem 360 size 10 10 density  0.55,10,10,10,8,0.185,solved,
Simonis,problem_10_10.dat,HS problem 361 size 10 10 density  0.55,10,10,10,8,0.197,solved,
Simonis,problem_10_10.dat,HS problem 362 size 10 10 density  0.55,10,10,10,9,0.186,solved,
Simonis,problem_10_10.dat,HS problem 363 size 10 10 density  0.55,10,10,10,9,0.185,solved,
Simonis,problem_10_10.dat,HS problem 364 size 10 10 density  0.55,10,10,10,8,0.176,solved,
Simonis,problem_10_10.dat,HS problem 365 size 10 10 density  0.55,10,10,10,8,0.182,solved,
Simonis,problem_10_10.dat,HS problem 366 size 10 10 density  0.55,10,10,10,9,0.188,solved,
Simonis,problem_10_10.dat,HS problem 367 size 10 10 density  0.55,10,10,10,8,0.186,solved,
Simonis,problem_10_10.dat,HS problem 368 size 10 10 density  0.55,10,10,10,9,0.207,solved,
Simonis,problem_10_10.dat,HS problem 369 size 10 10 density  0.55,10,10,10,9,0.194,solved,
Simonis,problem_10_10.dat,HS problem 370 size 10 10 density  0.55,10,10,10,9,0.178,solved,
Simonis,problem_10_10.dat,HS problem 371 size 10 10 density  0.55,10,10,10,8,0.182,solved,
Simonis,problem_10_10.dat,HS problem 372 size 10 10 density  0.55,10,10,10,9,0.181,solved,
Simonis,problem_10_10.dat,HS problem 373 size 10 10 density  0.55,10,10,10,8,0.182,solved,
Simonis,problem_10_10.dat,HS problem 374 size 10 10 density  0.55,10,10,9,8,0.182,solved,
Simonis,problem_10_10.dat,HS problem 375 size 10 10 density  0.55,10,10,10,7,0.178,solved,
Simonis,problem_10_10.dat,HS problem 376 size 10 10 density  0.55,10,10,10,8,0.183,solved,
Simonis,problem_10_10.dat,HS problem 377 size 10 10 density  0.55,10,10,10,8,0.189,solved,
Simonis,problem_10_10.dat,HS problem 378 size 10 10 density  0.55,10,10,10,8,0.183,solved,
Simonis,problem_10_10.dat,HS problem 379 size 10 10 density  0.55,10,10,10,9,0.181,solved,
Simonis,problem_10_10.dat,HS problem 380 size 10 10 density  0.55,10,10,10,9,0.192,solved,
Simonis,problem_10_10.dat,HS problem 381 size 10 10 density  0.55,10,10,10,8,0.181,solved,
Simonis,problem_10_10.dat,HS problem 382 size 10 10 density  0.55,10,10,10,9,0.192,solved,
Simonis,problem_10_10.dat,HS problem 383 size 10 10 density  0.55,10,10,10,8,0.186,solved,
Simonis,problem_10_10.dat,HS problem 384 size 10 10 density  0.55,10,10,10,9,0.195,solved,
Simonis,problem_10_10.dat,HS problem 385 size 10 10 density  0.55,10,10,10,8,0.189,solved,
Simonis,problem_10_10.dat,HS problem 386 size 10 10 density  0.55,10,10,10,7,0.185,solved,
Simonis,problem_10_10.dat,HS problem 387 size 10 10 density  0.55,10,10,10,9,0.182,solved,
Simonis,problem_10_10.dat,HS problem 388 size 10 10 density  0.55,10,10,10,9,0.186,solved,
Simonis,problem_10_10.dat,HS problem 389 size 10 10 density  0.55,10,10,10,9,0.186,solved,
Simonis,problem_10_10.dat,HS problem 390 size 10 10 density  0.55,10,10,10,9,0.186,solved,
Simonis,problem_10_10.dat,HS problem 391 size 10 10 density  0.55,10,10,10,9,0.185,solved,
Simonis,problem_10_10.dat,HS problem 392 size 10 10 density  0.55,10,10,10,9,0.182,solved,
Simonis,problem_10_10.dat,HS problem 393 size 10 10 density  0.55,10,10,10,8,0.189,solved,
Simonis,problem_10_10.dat,HS problem 394 size 10 10 density  0.55,10,10,10,9,0.189,solved,
Simonis,problem_10_10.dat,HS problem 395 size 10 10 density  0.55,10,10,10,8,0.187,solved,
Simonis,problem_10_10.dat,HS problem 396 size 10 10 density  0.55,10,10,10,8,0.182,solved,
Simonis,problem_10_10.dat,HS problem 397 size 10 10 density  0.55,10,10,10,8,0.183,solved,
Simonis,problem_10_10.dat,HS problem 398 size 10 10 density  0.55,10,10,10,7,0.185,solved,
Simonis,problem_10_10.dat,HS problem 399 size 10 10 density  0.55,10,10,10,8,0.201,solved,
Simonis,problem_10_10.dat,HS problem 400 size 10 10 density  0.55,10,10,10,8,0.19,solved,
Simonis,problem_10_10.dat,HS problem 401 size 10 10 density  0.60,10,10,10,9,0.191,solved,
Simonis,problem_10_10.dat,HS problem 402 size 10 10 density  0.60,10,10,10,8,0.189,solved,
Simonis,problem_10_10.dat,HS problem 403 size 10 10 density  0.60,10,10,10,9,0.181,solved,
Simonis,problem_10_10.dat,HS problem 404 size 10 10 density  0.60,10,10,10,8,0.178,solved,
Simonis,problem_10_10.dat,HS problem 405 size 10 10 density  0.60,10,10,10,9,0.181,solved,
Simonis,problem_10_10.dat,HS problem 406 size 10 10 density  0.60,10,10,10,8,0.18,solved,
Simonis,problem_10_10.dat,HS problem 407 size 10 10 density  0.60,10,10,10,9,0.181,solved,
Simonis,problem_10_10.dat,HS problem 408 size 10 10 density  0.60,10,10,10,9,0.183,solved,
Simonis,problem_10_10.dat,HS problem 409 size 10 10 density  0.60,10,10,10,9,0.177,solved,
Simonis,problem_10_10.dat,HS problem 410 size 10 10 density  0.60,10,10,10,8,0.176,solved,
Simonis,problem_10_10.dat,HS problem 411 size 10 10 density  0.60,10,10,10,8,0.183,solved,
Simonis,problem_10_10.dat,HS problem 412 size 10 10 density  0.60,10,10,10,9,0.179,solved,
Simonis,problem_10_10.dat,HS problem 413 size 10 10 density  0.60,10,10,10,8,0.185,solved,
Simonis,problem_10_10.dat,HS problem 414 size 10 10 density  0.60,10,10,10,8,0.18,solved,
Simonis,problem_10_10.dat,HS problem 415 size 10 10 density  0.60,10,10,10,9,0.176,solved,
Simonis,problem_10_10.dat,HS problem 416 size 10 10 density  0.60,10,10,10,9,0.177,solved,
Simonis,problem_10_10.dat,HS problem 417 size 10 10 density  0.60,10,10,10,9,0.182,solved,
Simonis,problem_10_10.dat,HS problem 418 size 10 10 density  0.60,10,10,10,8,0.178,solved,
Simonis,problem_10_10.dat,HS problem 419 size 10 10 density  0.60,10,10,10,9,0.184,solved,
Simonis,problem_10_10.dat,HS problem 420 size 10 10 density  0.60,10,10,10,9,0.179,solved,
Simonis,problem_10_10.dat,HS problem 421 size 10 10 density  0.60,10,10,10,9,0.179,solved,
Simonis,problem_10_10.dat,HS problem 422 size 10 10 density  0.60,10,10,10,9,0.178,solved,
Simonis,problem_10_10.dat,HS problem 423 size 10 10 density  0.60,10,10,10,9,0.181,solved,
Simonis,problem_10_10.dat,HS problem 424 size 10 10 density  0.60,10,10,10,8,0.178,solved,
Simonis,problem_10_10.dat,HS problem 425 size 10 10 density  0.60,10,10,10,8,0.188,solved,
Simonis,problem_10_10.dat,HS problem 426 size 10 10 density  0.60,10,10,10,9,0.177,solved,
Simonis,problem_10_10.dat,HS problem 427 size 10 10 density  0.60,10,10,10,9,0.175,solved,
Simonis,problem_10_10.dat,HS problem 428 size 10 10 density  0.60,10,10,10,9,0.179,solved,
Simonis,problem_10_10.dat,HS problem 429 size 10 10 density  0.60,10,10,10,8,0.182,solved,
Simonis,problem_10_10.dat,HS problem 430 size 10 10 density  0.60,10,10,10,9,0.184,solved,
Simonis,problem_10_10.dat,HS problem 431 size 10 10 density  0.60,10,10,10,9,0.182,solved,
Simonis,problem_10_10.dat,HS problem 432 size 10 10 density  0.60,10,10,10,9,0.181,solved,
Simonis,problem_10_10.dat,HS problem 433 size 10 10 density  0.60,10,10,10,9,0.182,solved,
Simonis,problem_10_10.dat,HS problem 434 size 10 10 density  0.60,10,10,10,9,0.182,solved,
Simonis,problem_10_10.dat,HS problem 435 size 10 10 density  0.60,10,10,10,9,0.183,solved,
Simonis,problem_10_10.dat,HS problem 436 size 10 10 density  0.60,10,10,10,8,0.182,solved,
Simonis,problem_10_10.dat,HS problem 437 size 10 10 density  0.60,10,10,10,8,0.183,solved,
Simonis,problem_10_10.dat,HS problem 438 size 10 10 density  0.60,10,10,10,9,0.182,solved,
Simonis,problem_10_10.dat,HS problem 439 size 10 10 density  0.60,10,10,10,9,0.183,solved,
Simonis,problem_10_10.dat,HS problem 440 size 10 10 density  0.60,10,10,10,9,0.184,solved,
Simonis,problem_10_10.dat,HS problem 441 size 10 10 density  0.60,10,10,10,8,0.183,solved,
Simonis,problem_10_10.dat,HS problem 442 size 10 10 density  0.60,10,10,10,9,0.188,solved,
Simonis,problem_10_10.dat,HS problem 443 size 10 10 density  0.60,10,10,10,8,0.185,solved,
Simonis,problem_10_10.dat,HS problem 444 size 10 10 density  0.60,10,10,10,8,0.181,solved,
Simonis,problem_10_10.dat,HS problem 445 size 10 10 density  0.60,10,10,10,9,0.185,solved,
Simonis,problem_10_10.dat,HS problem 446 size 10 10 density  0.60,10,10,10,9,0.183,solved,
Simonis,problem_10_10.dat,HS problem 447 size 10 10 density  0.60,10,10,10,8,0.187,solved,
Simonis,problem_10_10.dat,HS problem 448 size 10 10 density  0.60,10,10,10,9,0.181,solved,
Simonis,problem_10_10.dat,HS problem 449 size 10 10 density  0.60,10,10,10,9,0.181,solved,
Simonis,problem_10_10.dat,HS problem 450 size 10 10 density  0.60,10,10,10,9,0.18,solved,
Simonis,problem_10_10.dat,HS problem 451 size 10 10 density  0.65,10,10,10,9,0.187,solved,
Simonis,problem_10_10.dat,HS problem 452 size 10 10 density  0.65,10,10,10,9,0.183,solved,
Simonis,problem_10_10.dat,HS problem 453 size 10 10 density  0.65,10,10,10,9,0.19,solved,
Simonis,problem_10_10.dat,HS problem 454 size 10 10 density  0.65,10,10,10,9,0.194,solved,
Simonis,problem_10_10.dat,HS problem 455 size 10 10 density  0.65,10,10,10,9,0.183,solved,
Simonis,problem_10_10.dat,HS problem 456 size 10 10 density  0.65,10,10,10,9,0.184,solved,
Simonis,problem_10_10.dat,HS problem 457 size 10 10 density  0.65,10,10,10,9,0.182,solved,
Simonis,problem_10_10.dat,HS problem 458 size 10 10 density  0.65,10,10,10,9,0.185,solved,
Simonis,problem_10_10.dat,HS problem 459 size 10 10 density  0.65,10,10,10,8,0.181,solved,
Simonis,problem_10_10.dat,HS problem 460 size 10 10 density  0.65,10,10,10,9,0.177,solved,
Simonis,problem_10_10.dat,HS problem 461 size 10 10 density  0.65,10,10,10,9,0.176,solved,
Simonis,problem_10_10.dat,HS problem 462 size 10 10 density  0.65,10,10,10,9,0.182,solved,
Simonis,problem_10_10.dat,HS problem 463 size 10 10 density  0.65,10,10,10,8,0.183,solved,
Simonis,problem_10_10.dat,HS problem 464 size 10 10 density  0.65,10,10,10,9,0.183,solved,
Simonis,problem_10_10.dat,HS problem 465 size 10 10 density  0.65,10,10,10,9,0.182,solved,
Simonis,problem_10_10.dat,HS problem 466 size 10 10 density  0.65,10,10,10,9,0.183,solved,
Simonis,problem_10_10.dat,HS problem 467 size 10 10 density  0.65,10,10,10,9,0.179,solved,
Simonis,problem_10_10.dat,HS problem 468 size 10 10 density  0.65,10,10,10,8,0.186,solved,
Simonis,problem_10_10.dat,HS problem 469 size 10 10 density  0.65,10,10,10,9,0.184,solved,
Simonis,problem_10_10.dat,HS problem 470 size 10 10 density  0.65,10,10,10,9,0.182,solved,
Simonis,problem_10_10.dat,HS problem 471 size 10 10 density  0.65,10,10,10,9,0.178,solved,
Simonis,problem_10_10.dat,HS problem 472 size 10 10 density  0.65,10,10,10,9,0.175,solved,
Simonis,problem_10_10.dat,HS problem 473 size 10 10 density  0.65,10,10,10,9,0.181,solved,
Simonis,problem_10_10.dat,HS problem 474 size 10 10 density  0.65,10,10,10,9,0.182,solved,
Simonis,problem_10_10.dat,HS problem 475 size 10 10 density  0.65,10,10,10,9,0.18,solved,
Simonis,problem_10_10.dat,HS problem 476 size 10 10 density  0.65,10,10,10,9,0.179,solved,
Simonis,problem_10_10.dat,HS problem 477 size 10 10 density  0.65,10,10,10,9,0.176,solved,
Simonis,problem_10_10.dat,HS problem 478 size 10 10 density  0.65,10,10,10,8,0.176,solved,
Simonis,problem_10_10.dat,HS problem 479 size 10 10 density  0.65,10,10,10,9,0.18,solved,
Simonis,problem_10_10.dat,HS problem 480 size 10 10 density  0.65,10,10,10,9,0.183,solved,
Simonis,problem_10_10.dat,HS problem 481 size 10 10 density  0.65,10,10,10,9,0.184,solved,
Simonis,problem_10_10.dat,HS problem 482 size 10 10 density  0.65,10,10,10,9,0.183,solved,
Simonis,problem_10_10.dat,HS problem 483 size 10 10 density  0.65,10,10,10,9,0.178,solved,
Simonis,problem_10_10.dat,HS problem 484 size 10 10 density  0.65,10,10,10,9,0.179,solved,
Simonis,problem_10_10.dat,HS problem 485 size 10 10 density  0.65,10,10,10,9,0.189,solved,
Simonis,problem_10_10.dat,HS problem 486 size 10 10 density  0.65,10,10,10,9,0.183,solved,
Simonis,problem_10_10.dat,HS problem 487 size 10 10 density  0.65,10,10,10,9,0.181,solved,
Simonis,problem_10_10.dat,HS problem 488 size 10 10 density  0.65,10,10,10,8,0.177,solved,
Simonis,problem_10_10.dat,HS problem 489 size 10 10 density  0.65,10,10,10,9,0.182,solved,
Simonis,problem_10_10.dat,HS problem 490 size 10 10 density  0.65,10,10,10,9,0.185,solved,
Simonis,problem_10_10.dat,HS problem 491 size 10 10 density  0.65,10,10,10,9,0.186,solved,
Simonis,problem_10_10.dat,HS problem 492 size 10 10 density  0.65,10,10,10,9,0.185,solved,
Simonis,problem_10_10.dat,HS problem 493 size 10 10 density  0.65,10,10,10,7,0.182,solved,
Simonis,problem_10_10.dat,HS problem 494 size 10 10 density  0.65,10,10,10,9,0.182,solved,
Simonis,problem_10_10.dat,HS problem 495 size 10 10 density  0.65,10,10,10,9,0.18,solved,
Simonis,problem_10_10.dat,HS problem 496 size 10 10 density  0.65,10,10,10,9,0.184,solved,
Simonis,problem_10_10.dat,HS problem 497 size 10 10 density  0.65,10,10,10,9,0.186,solved,
Simonis,problem_10_10.dat,HS problem 498 size 10 10 density  0.65,10,10,10,9,0.187,solved,
Simonis,problem_10_10.dat,HS problem 499 size 10 10 density  0.65,10,10,10,9,0.182,solved,
Simonis,problem_10_10.dat,HS problem 500 size 10 10 density  0.65,10,10,10,9,0.181,solved,
Simonis,problem_10_10.dat,HS problem 501 size 10 10 density  0.70,10,10,10,9,0.187,solved,
Simonis,problem_10_10.dat,HS problem 502 size 10 10 density  0.70,10,10,10,9,0.188,solved,
Simonis,problem_10_10.dat,HS problem 503 size 10 10 density  0.70,10,10,10,9,0.183,solved,
Simonis,problem_10_10.dat,HS problem 504 size 10 10 density  0.70,10,10,10,9,0.186,solved,
Simonis,problem_10_10.dat,HS problem 505 size 10 10 density  0.70,10,10,10,9,0.183,solved,
Simonis,problem_10_10.dat,HS problem 506 size 10 10 density  0.70,10,10,10,9,0.182,solved,
Simonis,problem_10_10.dat,HS problem 507 size 10 10 density  0.70,10,10,10,9,0.185,solved,
Simonis,problem_10_10.dat,HS problem 508 size 10 10 density  0.70,10,10,10,9,0.185,solved,
Simonis,problem_10_10.dat,HS problem 509 size 10 10 density  0.70,10,10,10,9,0.193,solved,
Simonis,problem_10_10.dat,HS problem 510 size 10 10 density  0.70,10,10,10,8,0.221,solved,
Simonis,problem_10_10.dat,HS problem 511 size 10 10 density  0.70,10,10,10,9,0.191,solved,
Simonis,problem_10_10.dat,HS problem 512 size 10 10 density  0.70,10,10,10,9,0.189,solved,
Simonis,problem_10_10.dat,HS problem 513 size 10 10 density  0.70,10,10,10,9,0.189,solved,
Simonis,problem_10_10.dat,HS problem 514 size 10 10 density  0.70,10,10,10,9,0.185,solved,
Simonis,problem_10_10.dat,HS problem 515 size 10 10 density  0.70,10,10,10,9,0.183,solved,
Simonis,problem_10_10.dat,HS problem 516 size 10 10 density  0.70,10,10,10,9,0.178,solved,
Simonis,problem_10_10.dat,HS problem 517 size 10 10 density  0.70,10,10,10,9,0.177,solved,
Simonis,problem_10_10.dat,HS problem 518 size 10 10 density  0.70,10,10,10,9,0.182,solved,
Simonis,problem_10_10.dat,HS problem 519 size 10 10 density  0.70,10,10,10,9,0.185,solved,
Simonis,problem_10_10.dat,HS problem 520 size 10 10 density  0.70,10,10,10,9,0.183,solved,
Simonis,problem_10_10.dat,HS problem 521 size 10 10 density  0.70,10,10,10,9,0.18,solved,
Simonis,problem_10_10.dat,HS problem 522 size 10 10 density  0.70,10,10,10,9,0.175,solved,
Simonis,problem_10_10.dat,HS problem 523 size 10 10 density  0.70,10,10,10,9,0.179,solved,
Simonis,problem_10_10.dat,HS problem 524 size 10 10 density  0.70,10,10,10,9,0.185,solved,
Simonis,problem_10_10.dat,HS problem 525 size 10 10 density  0.70,10,10,10,9,0.184,solved,
Simonis,problem_10_10.dat,HS problem 526 size 10 10 density  0.70,10,10,10,9,0.184,solved,
Simonis,problem_10_10.dat,HS problem 527 size 10 10 density  0.70,10,10,10,9,0.181,solved,
Simonis,problem_10_10.dat,HS problem 528 size 10 10 density  0.70,10,10,10,9,0.179,solved,
Simonis,problem_10_10.dat,HS problem 529 size 10 10 density  0.70,10,10,10,9,0.185,solved,
Simonis,problem_10_10.dat,HS problem 530 size 10 10 density  0.70,10,10,10,9,0.183,solved,
Simonis,problem_10_10.dat,HS problem 531 size 10 10 density  0.70,10,10,10,9,0.185,solved,
Simonis,problem_10_10.dat,HS problem 532 size 10 10 density  0.70,10,10,10,9,0.178,solved,
Simonis,problem_10_10.dat,HS problem 533 size 10 10 density  0.70,10,10,10,9,0.177,solved,
Simonis,problem_10_10.dat,HS problem 534 size 10 10 density  0.70,10,10,10,9,0.179,solved,
Simonis,problem_10_10.dat,HS problem 535 size 10 10 density  0.70,10,10,10,9,0.183,solved,
Simonis,problem_10_10.dat,HS problem 536 size 10 10 density  0.70,10,10,10,8,0.18,solved,
Simonis,problem_10_10.dat,HS problem 537 size 10 10 density  0.70,10,10,10,9,0.183,solved,
Simonis,problem_10_10.dat,HS problem 538 size 10 10 density  0.70,10,10,10,9,0.178,solved,
Simonis,problem_10_10.dat,HS problem 539 size 10 10 density  0.70,10,10,10,9,0.176,solved,
Simonis,problem_10_10.dat,HS problem 540 size 10 10 density  0.70,10,10,10,9,0.179,solved,
Simonis,problem_10_10.dat,HS problem 541 size 10 10 density  0.70,10,10,10,9,0.182,solved,
Simonis,problem_10_10.dat,HS problem 542 size 10 10 density  0.70,10,10,10,9,0.177,solved,
Simonis,problem_10_10.dat,HS problem 543 size 10 10 density  0.70,10,10,10,8,0.184,solved,
Simonis,problem_10_10.dat,HS problem 544 size 10 10 density  0.70,10,10,10,9,0.174,solved,
Simonis,problem_10_10.dat,HS problem 545 size 10 10 density  0.70,10,10,10,9,0.177,solved,
Simonis,problem_10_10.dat,HS problem 546 size 10 10 density  0.70,10,10,10,9,0.184,solved,
Simonis,problem_10_10.dat,HS problem 547 size 10 10 density  0.70,10,10,10,9,0.18,solved,
Simonis,problem_10_10.dat,HS problem 548 size 10 10 density  0.70,10,10,10,9,0.183,solved,
Simonis,problem_10_10.dat,HS problem 549 size 10 10 density  0.70,10,10,10,9,0.186,solved,
Simonis,problem_10_10.dat,HS problem 550 size 10 10 density  0.70,10,10,10,9,0.181,solved,
Simonis,problem_15_15.dat,HS problem 1651 size 15 15 density  0.20,15,15,10,8,1.455,solved,
Simonis,problem_15_15.dat,HS problem 1652 size 15 15 density  0.20,15,15,12,6,1.385,solved,
Simonis,problem_15_15.dat,HS problem 1653 size 15 15 density  0.20,15,15,12,6,1.388,solved,
Simonis,problem_15_15.dat,HS problem 1654 size 15 15 density  0.20,15,15,11,6,1.37,solved,
Simonis,problem_15_15.dat,HS problem 1655 size 15 15 density  0.20,15,15,13,8,1.426,solved,
Simonis,problem_15_15.dat,HS problem 1656 size 15 15 density  0.20,15,15,10,5,1.357,solved,
Simonis,problem_15_15.dat,HS problem 1657 size 15 15 density  0.20,15,15,9,7,1.351,solved,
Simonis,problem_15_15.dat,HS problem 1658 size 15 15 density  0.20,15,15,12,6,1.356,solved,
Simonis,problem_15_15.dat,HS problem 1659 size 15 15 density  0.20,15,15,13,8,1.353,solved,
Simonis,problem_15_15.dat,HS problem 1660 size 15 15 density  0.20,15,15,10,6,1.466,solved,
Simonis,problem_15_15.dat,HS problem 1661 size 15 15 density  0.20,15,15,11,8,1.397,solved,
Simonis,problem_15_15.dat,HS problem 1662 size 15 15 density  0.20,15,15,10,7,1.351,solved,
Simonis,problem_15_15.dat,HS problem 1663 size 15 15 density  0.20,15,15,10,7,1.341,solved,
Simonis,problem_15_15.dat,HS problem 1664 size 15 15 density  0.20,15,15,11,8,1.346,solved,
Simonis,problem_15_15.dat,HS problem 1665 size 15 15 density  0.20,15,15,13,6,1.423,solved,
Simonis,problem_15_15.dat,HS problem 1666 size 15 15 density  0.20,15,15,12,7,1.379,solved,
Simonis,problem_15_15.dat,HS problem 1667 size 15 15 density  0.20,15,15,12,10,1.364,solved,
Simonis,problem_15_15.dat,HS problem 1668 size 15 15 density  0.20,15,15,10,8,1.445,solved,
Simonis,problem_15_15.dat,HS problem 1669 size 15 15 density  0.20,15,15,13,8,1.353,solved,
Simonis,problem_15_15.dat,HS problem 1670 size 15 15 density  0.20,15,15,13,8,1.371,solved,
Simonis,problem_15_15.dat,HS problem 1671 size 15 15 density  0.20,15,15,13,7,1.385,solved,
Simonis,problem_15_15.dat,HS problem 1672 size 15 15 density  0.20,15,15,13,8,1.373,solved,
Simonis,problem_15_15.dat,HS problem 1673 size 15 15 density  0.20,15,15,13,8,1.343,solved,
Simonis,problem_15_15.dat,HS problem 1674 size 15 15 density  0.20,15,15,13,8,1.389,solved,
Simonis,problem_15_15.dat,HS problem 1675 size 15 15 density  0.20,15,15,12,8,1.381,solved,
Simonis,problem_15_15.dat,HS problem 1676 size 15 15 density  0.20,15,15,9,5,1.391,solved,
Simonis,problem_15_15.dat,HS problem 1677 size 15 15 density  0.20,15,15,13,10,1.497,solved,
Simonis,problem_15_15.dat,HS problem 1678 size 15 15 density  0.20,15,15,12,5,1.382,solved,
Simonis,problem_15_15.dat,HS problem 1679 size 15 15 density  0.20,15,15,13,7,1.346,solved,
Simonis,problem_15_15.dat,HS problem 1680 size 15 15 density  0.20,15,15,8,8,1.422,solved,
Simonis,problem_15_15.dat,HS problem 1681 size 15 15 density  0.20,15,15,13,8,1.354,solved,
Simonis,problem_15_15.dat,HS problem 1682 size 15 15 density  0.20,15,15,12,7,1.37,solved,
Simonis,problem_15_15.dat,HS problem 1683 size 15 15 density  0.20,15,15,13,6,1.369,solved,
Simonis,problem_15_15.dat,HS problem 1684 size 15 15 density  0.20,15,15,11,6,1.358,solved,
Simonis,problem_15_15.dat,HS problem 1685 size 15 15 density  0.20,15,15,11,8,1.424,solved,
Simonis,problem_15_15.dat,HS problem 1686 size 15 15 density  0.20,15,15,11,6,1.35,solved,
Simonis,problem_15_15.dat,HS problem 1687 size 15 15 density  0.20,15,15,11,7,1.386,solved,
Simonis,problem_15_15.dat,HS problem 1688 size 15 15 density  0.20,15,15,9,6,1.346,solved,
Simonis,problem_15_15.dat,HS problem 1689 size 15 15 density  0.20,15,15,13,9,1.39,solved,
Simonis,problem_15_15.dat,HS problem 1690 size 15 15 density  0.20,15,15,15,9,1.394,solved,
Simonis,problem_15_15.dat,HS problem 1691 size 15 15 density  0.20,15,15,13,9,1.446,solved,
Simonis,problem_15_15.dat,HS problem 1692 size 15 15 density  0.20,15,15,11,5,1.379,solved,
Simonis,problem_15_15.dat,HS problem 1693 size 15 15 density  0.20,15,15,9,5,1.339,solved,
Simonis,problem_15_15.dat,HS problem 1694 size 15 15 density  0.20,15,15,11,6,1.338,solved,
Simonis,problem_15_15.dat,HS problem 1695 size 15 15 density  0.20,15,15,11,7,1.432,solved,
Simonis,problem_15_15.dat,HS problem 1696 size 15 15 density  0.20,15,15,15,9,1.351,solved,
Simonis,problem_15_15.dat,HS problem 1697 size 15 15 density  0.20,15,15,11,8,1.381,solved,
Simonis,problem_15_15.dat,HS problem 1698 size 15 15 density  0.20,15,15,11,7,1.365,solved,
Simonis,problem_15_15.dat,HS problem 1699 size 15 15 density  0.20,15,15,13,6,1.366,solved,
Simonis,problem_15_15.dat,HS problem 1700 size 15 15 density  0.20,15,15,12,6,1.35,solved,
Simonis,problem_15_15.dat,HS problem 1701 size 15 15 density  0.25,15,15,13,8,1.336,solved,
Simonis,problem_15_15.dat,HS problem 1702 size 15 15 density  0.25,15,15,15,10,1.314,solved,
Simonis,problem_15_15.dat,HS problem 1703 size 15 15 density  0.25,15,15,15,8,1.336,solved,
Simonis,problem_15_15.dat,HS problem 1704 size 15 15 density  0.25,15,15,13,6,1.347,solved,
Simonis,problem_15_15.dat,HS problem 1705 size 15 15 density  0.25,15,15,10,6,1.363,solved,
Simonis,problem_15_15.dat,HS problem 1706 size 15 15 density  0.25,15,15,13,8,1.354,solved,
Simonis,problem_15_15.dat,HS problem 1707 size 15 15 density  0.25,15,15,15,9,1.358,solved,
Simonis,problem_15_15.dat,HS problem 1708 size 15 15 density  0.25,15,15,14,8,1.337,solved,
Simonis,problem_15_15.dat,HS problem 1709 size 15 15 density  0.25,15,15,13,9,1.329,solved,
Simonis,problem_15_15.dat,HS problem 1710 size 15 15 density  0.25,15,15,14,10,1.293,solved,
Simonis,problem_15_15.dat,HS problem 1711 size 15 15 density  0.25,15,15,11,7,1.328,solved,
Simonis,problem_15_15.dat,HS problem 1712 size 15 15 density  0.25,15,15,10,6,1.344,solved,
Simonis,problem_15_15.dat,HS problem 1713 size 15 15 density  0.25,15,15,13,8,1.348,solved,
Simonis,problem_15_15.dat,HS problem 1714 size 15 15 density  0.25,15,15,12,8,1.325,solved,
Simonis,problem_15_15.dat,HS problem 1715 size 15 15 density  0.25,15,15,14,10,1.319,solved,
Simonis,problem_15_15.dat,HS problem 1716 size 15 15 density  0.25,15,15,11,7,1.317,solved,
Simonis,problem_15_15.dat,HS problem 1717 size 15 15 density  0.25,15,15,13,8,1.311,solved,
Simonis,problem_15_15.dat,HS problem 1718 size 15 15 density  0.25,15,15,11,5,1.306,solved,
Simonis,problem_15_15.dat,HS problem 1719 size 15 15 density  0.25,15,15,13,9,1.31,solved,
Simonis,problem_15_15.dat,HS problem 1720 size 15 15 density  0.25,15,15,13,10,1.308,solved,
Simonis,problem_15_15.dat,HS problem 1721 size 15 15 density  0.25,15,15,11,6,1.358,solved,
Simonis,problem_15_15.dat,HS problem 1722 size 15 15 density  0.25,15,15,13,9,1.313,solved,
Simonis,problem_15_15.dat,HS problem 1723 size 15 15 density  0.25,15,15,14,10,1.319,solved,
Simonis,problem_15_15.dat,HS problem 1724 size 15 15 density  0.25,15,15,14,10,1.321,solved,
Simonis,problem_15_15.dat,HS problem 1725 size 15 15 density  0.25,15,15,11,9,1.305,solved,
Simonis,problem_15_15.dat,HS problem 1726 size 15 15 density  0.25,15,15,13,9,1.3,solved,
Simonis,problem_15_15.dat,HS problem 1727 size 15 15 density  0.25,15,15,14,9,1.312,solved,
Simonis,problem_15_15.dat,HS problem 1728 size 15 15 density  0.25,15,15,13,9,1.313,solved,
Simonis,problem_15_15.dat,HS problem 1729 size 15 15 density  0.25,15,15,13,9,1.301,solved,
Simonis,problem_15_15.dat,HS problem 1730 size 15 15 density  0.25,15,15,13,8,1.309,solved,
Simonis,problem_15_15.dat,HS problem 1731 size 15 15 density  0.25,15,15,12,9,1.325,solved,
Simonis,problem_15_15.dat,HS problem 1732 size 15 15 density  0.25,15,15,13,7,1.313,solved,
Simonis,problem_15_15.dat,HS problem 1733 size 15 15 density  0.25,15,15,15,9,1.381,solved,
Simonis,problem_15_15.dat,HS problem 1734 size 15 15 density  0.25,15,15,14,8,1.31,solved,
Simonis,problem_15_15.dat,HS problem 1735 size 15 15 density  0.25,15,15,12,7,1.374,solved,
Simonis,problem_15_15.dat,HS problem 1736 size 15 15 density  0.25,15,15,15,10,1.271,solved,
Simonis,problem_15_15.dat,HS problem 1737 size 15 15 density  0.25,15,15,14,9,1.274,solved,
Simonis,problem_15_15.dat,HS problem 1738 size 15 15 density  0.25,15,15,13,10,1.282,solved,
Simonis,problem_15_15.dat,HS problem 1739 size 15 15 density  0.25,15,15,12,8,1.294,solved,
Simonis,problem_15_15.dat,HS problem 1740 size 15 15 density  0.25,15,15,12,9,1.312,solved,
Simonis,problem_15_15.dat,HS problem 1741 size 15 15 density  0.25,15,15,11,7,1.287,solved,
Simonis,problem_15_15.dat,HS problem 1742 size 15 15 density  0.25,15,15,14,9,1.268,solved,
Simonis,problem_15_15.dat,HS problem 1743 size 15 15 density  0.25,15,15,14,9,1.276,solved,
Simonis,problem_15_15.dat,HS problem 1744 size 15 15 density  0.25,15,15,12,9,1.291,solved,
Simonis,problem_15_15.dat,HS problem 1745 size 15 15 density  0.25,15,15,13,9,1.287,solved,
Simonis,problem_15_15.dat,HS problem 1746 size 15 15 density  0.25,15,15,13,8,1.309,solved,
Simonis,problem_15_15.dat,HS problem 1747 size 15 15 density  0.25,15,15,13,8,1.299,solved,
Simonis,problem_15_15.dat,HS problem 1748 size 15 15 density  0.25,15,15,13,9,1.284,solved,
Simonis,problem_15_15.dat,HS problem 1749 size 15 15 density  0.25,15,15,12,7,1.274,solved,
Simonis,problem_15_15.dat,HS problem 1750 size 15 15 density  0.25,15,15,15,10,1.267,solved,
Simonis,problem_15_15.dat,HS problem 1751 size 15 15 density  0.30,15,15,15,9,1.268,solved,
Simonis,problem_15_15.dat,HS problem 1752 size 15 15 density  0.30,15,15,14,11,1.257,solved,
Simonis,problem_15_15.dat,HS problem 1753 size 15 15 density  0.30,15,15,14,12,1.266,solved,
Simonis,problem_15_15.dat,HS problem 1754 size 15 15 density  0.30,15,15,14,10,1.27,solved,
Simonis,problem_15_15.dat,HS problem 1755 size 15 15 density  0.30,15,15,13,9,1.286,solved,
Simonis,problem_15_15.dat,HS problem 1756 size 15 15 density  0.30,15,15,13,10,1.28,solved,
Simonis,problem_15_15.dat,HS problem 1757 size 15 15 density  0.30,15,15,14,10,1.304,solved,
Simonis,problem_15_15.dat,HS problem 1758 size 15 15 density  0.30,15,15,15,11,1.266,solved,
Simonis,problem_15_15.dat,HS problem 1759 size 15 15 density  0.30,15,15,12,8,1.304,solved,
Simonis,problem_15_15.dat,HS problem 1760 size 15 15 density  0.30,15,15,14,10,1.281,solved,
Simonis,problem_15_15.dat,HS problem 1761 size 15 15 density  0.30,15,15,15,10,1.275,solved,
Simonis,problem_15_15.dat,HS problem 1762 size 15 15 density  0.30,15,15,14,10,1.28,solved,
Simonis,problem_15_15.dat,HS problem 1763 size 15 15 density  0.30,15,15,14,12,1.27,solved,
Simonis,problem_15_15.dat,HS problem 1764 size 15 15 density  0.30,15,15,15,12,1.284,solved,
Simonis,problem_15_15.dat,HS problem 1765 size 15 15 density  0.30,15,15,15,12,1.281,solved,
Simonis,problem_15_15.dat,HS problem 1766 size 15 15 density  0.30,15,15,15,10,1.288,solved,
Simonis,problem_15_15.dat,HS problem 1767 size 15 15 density  0.30,15,15,13,11,1.28,solved,
Simonis,problem_15_15.dat,HS problem 1768 size 15 15 density  0.30,15,15,14,11,1.265,solved,
Simonis,problem_15_15.dat,HS problem 1769 size 15 15 density  0.30,15,15,14,11,1.257,solved,
Simonis,problem_15_15.dat,HS problem 1770 size 15 15 density  0.30,15,15,13,11,1.283,solved,
Simonis,problem_15_15.dat,HS problem 1771 size 15 15 density  0.30,15,15,14,11,1.274,solved,
Simonis,problem_15_15.dat,HS problem 1772 size 15 15 density  0.30,15,15,14,11,1.274,solved,
Simonis,problem_15_15.dat,HS problem 1773 size 15 15 density  0.30,15,15,15,10,1.297,solved,
Simonis,problem_15_15.dat,HS problem 1774 size 15 15 density  0.30,15,15,13,10,1.271,solved,
Simonis,problem_15_15.dat,HS problem 1775 size 15 15 density  0.30,15,15,14,9,1.263,solved,
Simonis,problem_15_15.dat,HS problem 1776 size 15 15 density  0.30,15,15,14,11,1.252,solved,
Simonis,problem_15_15.dat,HS problem 1777 size 15 15 density  0.30,15,15,15,11,1.248,solved,
Simonis,problem_15_15.dat,HS problem 1778 size 15 15 density  0.30,15,15,14,11,1.247,solved,
Simonis,problem_15_15.dat,HS problem 1779 size 15 15 density  0.30,15,15,14,10,1.281,solved,
Simonis,problem_15_15.dat,HS problem 1780 size 15 15 density  0.30,15,15,15,10,1.286,solved,
Simonis,problem_15_15.dat,HS problem 1781 size 15 15 density  0.30,15,15,15,11,1.307,solved,
Simonis,problem_15_15.dat,HS problem 1782 size 15 15 density  0.30,15,15,14,10,1.284,solved,
Simonis,problem_15_15.dat,HS problem 1783 size 15 15 density  0.30,15,15,15,9,1.265,solved,
Simonis,problem_15_15.dat,HS problem 1784 size 15 15 density  0.30,15,15,13,10,1.259,solved,
Simonis,problem_15_15.dat,HS problem 1785 size 15 15 density  0.30,15,15,13,9,1.268,solved,
Simonis,problem_15_15.dat,HS problem 1786 size 15 15 density  0.30,15,15,15,11,1.254,solved,
Simonis,problem_15_15.dat,HS problem 1787 size 15 15 density  0.30,15,15,14,7,1.267,solved,
Simonis,problem_15_15.dat,HS problem 1788 size 15 15 density  0.30,15,15,14,10,1.267,solved,
Simonis,problem_15_15.dat,HS problem 1789 size 15 15 density  0.30,15,15,13,10,1.279,solved,
Simonis,problem_15_15.dat,HS problem 1790 size 15 15 density  0.30,15,15,15,10,1.296,solved,
Simonis,problem_15_15.dat,HS problem 1791 size 15 15 density  0.30,15,15,14,9,1.276,solved,
Simonis,problem_15_15.dat,HS problem 1792 size 15 15 density  0.30,15,15,15,10,1.254,solved,
Simonis,problem_15_15.dat,HS problem 1793 size 15 15 density  0.30,15,15,14,9,1.292,solved,
Simonis,problem_15_15.dat,HS problem 1794 size 15 15 density  0.30,15,15,12,10,1.248,solved,
Simonis,problem_15_15.dat,HS problem 1795 size 15 15 density  0.30,15,15,15,10,1.241,solved,
Simonis,problem_15_15.dat,HS problem 1796 size 15 15 density  0.30,15,15,14,10,1.258,solved,
Simonis,problem_15_15.dat,HS problem 1797 size 15 15 density  0.30,15,15,15,10,1.263,solved,
Simonis,problem_15_15.dat,HS problem 1798 size 15 15 density  0.30,15,15,15,12,1.259,solved,
Simonis,problem_15_15.dat,HS problem 1799 size 15 15 density  0.30,15,15,13,9,1.279,solved,
Simonis,problem_15_15.dat,HS problem 1800 size 15 15 density  0.30,15,15,14,11,1.256,solved,
Simonis,problem_15_15.dat,HS problem 1801 size 15 15 density  0.35,15,15,14,12,1.257,solved,
Simonis,problem_15_15.dat,HS problem 1802 size 15 15 density  0.35,15,15,14,11,1.25,solved,
Simonis,problem_15_15.dat,HS problem 1803 size 15 15 density  0.35,15,15,14,11,1.253,solved,
Simonis,problem_15_15.dat,HS problem 1804 size 15 15 density  0.35,15,15,15,10,1.27,solved,
Simonis,problem_15_15.dat,HS problem 1805 size 15 15 density  0.35,15,15,14,11,1.274,solved,
Simonis,problem_15_15.dat,HS problem 1806 size 15 15 density  0.35,15,15,15,10,1.298,solved,
Simonis,problem_15_15.dat,HS problem 1807 size 15 15 density  0.35,15,15,15,11,1.281,solved,
Simonis,problem_15_15.dat,HS problem 1808 size 15 15 density  0.35,15,15,15,11,1.257,solved,
Simonis,problem_15_15.dat,HS problem 1809 size 15 15 density  0.35,15,15,14,12,1.291,solved,
Simonis,problem_15_15.dat,HS problem 1810 size 15 15 density  0.35,15,15,14,11,1.249,solved,
Simonis,problem_15_15.dat,HS problem 1811 size 15 15 density  0.35,15,15,15,11,1.25,solved,
Simonis,problem_15_15.dat,HS problem 1812 size 15 15 density  0.35,15,15,14,11,1.258,solved,
Simonis,problem_15_15.dat,HS problem 1813 size 15 15 density  0.35,15,15,15,10,1.269,solved,
Simonis,problem_15_15.dat,HS problem 1814 size 15 15 density  0.35,15,15,15,11,1.261,solved,
Simonis,problem_15_15.dat,HS problem 1815 size 15 15 density  0.35,15,15,15,11,1.268,solved,
Simonis,problem_15_15.dat,HS problem 1816 size 15 15 density  0.35,15,15,15,13,1.26,solved,
Simonis,problem_15_15.dat,HS problem 1817 size 15 15 density  0.35,15,15,13,11,1.288,solved,
Simonis,problem_15_15.dat,HS problem 1818 size 15 15 density  0.35,15,15,15,11,1.291,solved,
Simonis,problem_15_15.dat,HS problem 1819 size 15 15 density  0.35,15,15,15,12,1.252,solved,
Simonis,problem_15_15.dat,HS problem 1820 size 15 15 density  0.35,15,15,15,12,1.251,solved,
Simonis,problem_15_15.dat,HS problem 1821 size 15 15 density  0.35,15,15,15,11,1.262,solved,
Simonis,problem_15_15.dat,HS problem 1822 size 15 15 density  0.35,15,15,15,11,1.278,solved,
Simonis,problem_15_15.dat,HS problem 1823 size 15 15 density  0.35,15,15,15,11,1.28,solved,
Simonis,problem_15_15.dat,HS problem 1824 size 15 15 density  0.35,15,15,15,12,1.268,solved,
Simonis,problem_15_15.dat,HS problem 1825 size 15 15 density  0.35,15,15,15,12,1.257,solved,
Simonis,problem_15_15.dat,HS problem 1826 size 15 15 density  0.35,15,15,15,13,1.245,solved,
Simonis,problem_15_15.dat,HS problem 1827 size 15 15 density  0.35,15,15,15,11,1.251,solved,
Simonis,problem_15_15.dat,HS problem 1828 size 15 15 density  0.35,15,15,15,12,1.257,solved,
Simonis,problem_15_15.dat,HS problem 1829 size 15 15 density  0.35,15,15,14,12,1.283,solved,
Simonis,problem_15_15.dat,HS problem 1830 size 15 15 density  0.35,15,15,15,13,1.275,solved,
Simonis,problem_15_15.dat,HS problem 1831 size 15 15 density  0.35,15,15,14,12,1.266,solved,
Simonis,problem_15_15.dat,HS problem 1832 size 15 15 density  0.35,15,15,14,11,1.282,solved,
Simonis,problem_15_15.dat,HS problem 1833 size 15 15 density  0.35,15,15,15,12,1.266,solved,
Simonis,problem_15_15.dat,HS problem 1834 size 15 15 density  0.35,15,15,15,12,1.258,solved,
Simonis,problem_15_15.dat,HS problem 1835 size 15 15 density  0.35,15,15,13,10,1.27,solved,
Simonis,problem_15_15.dat,HS problem 1836 size 15 15 density  0.35,15,15,15,13,1.245,solved,
Simonis,problem_15_15.dat,HS problem 1837 size 15 15 density  0.35,15,15,14,10,1.261,solved,
Simonis,problem_15_15.dat,HS problem 1838 size 15 15 density  0.35,15,15,15,12,1.261,solved,
Simonis,problem_15_15.dat,HS problem 1839 size 15 15 density  0.35,15,15,14,9,1.272,solved,
Simonis,problem_15_15.dat,HS problem 1840 size 15 15 density  0.35,15,15,14,10,1.283,solved,
Simonis,problem_15_15.dat,HS problem 1841 size 15 15 density  0.35,15,15,13,11,1.276,solved,
Simonis,problem_15_15.dat,HS problem 1842 size 15 15 density  0.35,15,15,15,11,1.279,solved,
Simonis,problem_15_15.dat,HS problem 1843 size 15 15 density  0.35,15,15,15,11,1.265,solved,
Simonis,problem_15_15.dat,HS problem 1844 size 15 15 density  0.35,15,15,14,11,1.266,solved,
Simonis,problem_15_15.dat,HS problem 1845 size 15 15 density  0.35,15,15,15,11,1.277,solved,
Simonis,problem_15_15.dat,HS problem 1846 size 15 15 density  0.35,15,15,15,11,1.272,solved,
Simonis,problem_15_15.dat,HS problem 1847 size 15 15 density  0.35,15,15,15,11,1.272,solved,
Simonis,problem_15_15.dat,HS problem 1848 size 15 15 density  0.35,15,15,15,11,1.293,solved,
Simonis,problem_15_15.dat,HS problem 1849 size 15 15 density  0.35,15,15,14,11,1.276,solved,
Simonis,problem_15_15.dat,HS problem 1850 size 15 15 density  0.35,15,15,15,10,1.265,solved,
Simonis,problem_15_15.dat,HS problem 1851 size 15 15 density  0.40,15,15,15,13,1.26,solved,
Simonis,problem_15_15.dat,HS problem 1852 size 15 15 density  0.40,15,15,15,12,1.312,solved,
Simonis,problem_15_15.dat,HS problem 1853 size 15 15 density  0.40,15,15,15,12,1.278,solved,
Simonis,problem_15_15.dat,HS problem 1854 size 15 15 density  0.40,15,15,14,11,1.283,solved,
Simonis,problem_15_15.dat,HS problem 1855 size 15 15 density  0.40,15,15,15,11,1.295,solved,
Simonis,problem_15_15.dat,HS problem 1856 size 15 15 density  0.40,15,15,14,12,1.313,solved,
Simonis,problem_15_15.dat,HS problem 1857 size 15 15 density  0.40,15,15,15,12,1.314,solved,
Simonis,problem_15_15.dat,HS problem 1858 size 15 15 density  0.40,15,15,15,12,1.288,solved,
Simonis,problem_15_15.dat,HS problem 1859 size 15 15 density  0.40,15,15,14,10,1.262,solved,
Simonis,problem_15_15.dat,HS problem 1860 size 15 15 density  0.40,15,15,15,13,1.268,solved,
Simonis,problem_15_15.dat,HS problem 1861 size 15 15 density  0.40,15,15,14,12,1.275,solved,
Simonis,problem_15_15.dat,HS problem 1862 size 15 15 density  0.40,15,15,15,11,1.278,solved,
Simonis,problem_15_15.dat,HS problem 1863 size 15 15 density  0.40,15,15,15,11,1.267,solved,
Simonis,problem_15_15.dat,HS problem 1864 size 15 15 density  0.40,15,15,15,12,1.279,solved,
Simonis,problem_15_15.dat,HS problem 1865 size 15 15 density  0.40,15,15,15,10,1.299,solved,
Simonis,problem_15_15.dat,HS problem 1866 size 15 15 density  0.40,15,15,15,12,1.285,solved,
Simonis,problem_15_15.dat,HS problem 1867 size 15 15 density  0.40,15,15,15,12,1.266,solved,
Simonis,problem_15_15.dat,HS problem 1868 size 15 15 density  0.40,15,15,15,12,1.305,solved,
Simonis,problem_15_15.dat,HS problem 1869 size 15 15 density  0.40,15,15,15,13,1.288,solved,
Simonis,problem_15_15.dat,HS problem 1870 size 15 15 density  0.40,15,15,15,12,1.279,solved,
Simonis,problem_15_15.dat,HS problem 1871 size 15 15 density  0.40,15,15,15,11,1.271,solved,
Simonis,problem_15_15.dat,HS problem 1872 size 15 15 density  0.40,15,15,15,13,1.279,solved,
Simonis,problem_15_15.dat,HS problem 1873 size 15 15 density  0.40,15,15,15,11,1.294,solved,
Simonis,problem_15_15.dat,HS problem 1874 size 15 15 density  0.40,15,15,15,13,1.283,solved,
Simonis,problem_15_15.dat,HS problem 1875 size 15 15 density  0.40,15,15,14,11,1.293,solved,
Simonis,problem_15_15.dat,HS problem 1876 size 15 15 density  0.40,15,15,15,10,1.292,solved,
Simonis,problem_15_15.dat,HS problem 1877 size 15 15 density  0.40,15,15,15,11,1.292,solved,
Simonis,problem_15_15.dat,HS problem 1878 size 15 15 density  0.40,15,15,14,11,1.276,solved,
Simonis,problem_15_15.dat,HS problem 1879 size 15 15 density  0.40,15,15,14,13,1.274,solved,
Simonis,problem_15_15.dat,HS problem 1880 size 15 15 density  0.40,15,15,15,13,1.295,solved,
Simonis,problem_15_15.dat,HS problem 1881 size 15 15 density  0.40,15,15,15,12,1.296,solved,
Simonis,problem_15_15.dat,HS problem 1882 size 15 15 density  0.40,15,15,15,13,1.293,solved,
Simonis,problem_15_15.dat,HS problem 1883 size 15 15 density  0.40,15,15,15,12,1.287,solved,
Simonis,problem_15_15.dat,HS problem 1884 size 15 15 density  0.40,15,15,15,11,1.28,solved,
Simonis,problem_15_15.dat,HS problem 1885 size 15 15 density  0.40,15,15,15,12,1.302,solved,
Simonis,problem_15_15.dat,HS problem 1886 size 15 15 density  0.40,15,15,15,13,1.284,solved,
Simonis,problem_15_15.dat,HS problem 1887 size 15 15 density  0.40,15,15,15,12,1.274,solved,
Simonis,problem_15_15.dat,HS problem 1888 size 15 15 density  0.40,15,15,15,11,1.283,solved,
Simonis,problem_15_15.dat,HS problem 1889 size 15 15 density  0.40,15,15,15,11,1.302,solved,
Simonis,problem_15_15.dat,HS problem 1890 size 15 15 density  0.40,15,15,15,12,1.283,solved,
Simonis,problem_15_15.dat,HS problem 1891 size 15 15 density  0.40,15,15,15,13,1.285,solved,
Simonis,problem_15_15.dat,HS problem 1892 size 15 15 density  0.40,15,15,15,11,1.288,solved,
Simonis,problem_15_15.dat,HS problem 1893 size 15 15 density  0.40,15,15,14,12,1.281,solved,
Simonis,problem_15_15.dat,HS problem 1894 size 15 15 density  0.40,15,15,15,14,1.26,solved,
Simonis,problem_15_15.dat,HS problem 1895 size 15 15 density  0.40,15,15,15,9,1.282,solved,
Simonis,problem_15_15.dat,HS problem 1896 size 15 15 density  0.40,15,15,15,12,1.28,solved,
Simonis,problem_15_15.dat,HS problem 1897 size 15 15 density  0.40,15,15,15,12,1.287,solved,
Simonis,problem_15_15.dat,HS problem 1898 size 15 15 density  0.40,15,15,15,12,1.279,solved,
Simonis,problem_15_15.dat,HS problem 1899 size 15 15 density  0.40,15,15,15,13,1.285,solved,
Simonis,problem_15_15.dat,HS problem 1900 size 15 15 density  0.40,15,15,15,12,1.338,solved,
Simonis,problem_15_15.dat,HS problem 1901 size 15 15 density  0.45,15,15,15,13,1.313,solved,
Simonis,problem_15_15.dat,HS problem 1902 size 15 15 density  0.45,15,15,15,14,1.272,solved,
Simonis,problem_15_15.dat,HS problem 1903 size 15 15 density  0.45,15,15,15,12,1.272,solved,
Simonis,problem_15_15.dat,HS problem 1904 size 15 15 density  0.45,15,15,15,12,1.27,solved,
Simonis,problem_15_15.dat,HS problem 1905 size 15 15 density  0.45,15,15,15,13,1.27,solved,
Simonis,problem_15_15.dat,HS problem 1906 size 15 15 density  0.45,15,15,15,12,1.292,solved,
Simonis,problem_15_15.dat,HS problem 1907 size 15 15 density  0.45,15,15,15,13,1.285,solved,
Simonis,problem_15_15.dat,HS problem 1908 size 15 15 density  0.45,15,15,15,13,1.291,solved,
Simonis,problem_15_15.dat,HS problem 1909 size 15 15 density  0.45,15,15,15,13,1.28,solved,
Simonis,problem_15_15.dat,HS problem 1910 size 15 15 density  0.45,15,15,15,11,1.264,solved,
Simonis,problem_15_15.dat,HS problem 1911 size 15 15 density  0.45,15,15,15,13,1.259,solved,
Simonis,problem_15_15.dat,HS problem 1912 size 15 15 density  0.45,15,15,15,13,1.248,solved,
Simonis,problem_15_15.dat,HS problem 1913 size 15 15 density  0.45,15,15,15,13,1.255,solved,
Simonis,problem_15_15.dat,HS problem 1914 size 15 15 density  0.45,15,15,15,12,1.271,solved,
Simonis,problem_15_15.dat,HS problem 1915 size 15 15 density  0.45,15,15,14,12,1.285,solved,
Simonis,problem_15_15.dat,HS problem 1916 size 15 15 density  0.45,15,15,15,14,1.274,solved,
Simonis,problem_15_15.dat,HS problem 1917 size 15 15 density  0.45,15,15,15,13,1.29,solved,
Simonis,problem_15_15.dat,HS problem 1918 size 15 15 density  0.45,15,15,15,12,1.3,solved,
Simonis,problem_15_15.dat,HS problem 1919 size 15 15 density  0.45,15,15,15,12,1.27,solved,
Simonis,problem_15_15.dat,HS problem 1920 size 15 15 density  0.45,15,15,15,13,1.276,solved,
Simonis,problem_15_15.dat,HS problem 1921 size 15 15 density  0.45,15,15,15,12,1.279,solved,
Simonis,problem_15_15.dat,HS problem 1922 size 15 15 density  0.45,15,15,15,13,1.279,solved,
Simonis,problem_15_15.dat,HS problem 1923 size 15 15 density  0.45,15,15,15,13,1.303,solved,
Simonis,problem_15_15.dat,HS problem 1924 size 15 15 density  0.45,15,15,15,13,1.298,solved,
Simonis,problem_15_15.dat,HS problem 1925 size 15 15 density  0.45,15,15,15,11,1.289,solved,
Simonis,problem_15_15.dat,HS problem 1926 size 15 15 density  0.45,15,15,15,13,1.269,solved,
Simonis,problem_15_15.dat,HS problem 1927 size 15 15 density  0.45,15,15,15,13,1.269,solved,
Simonis,problem_15_15.dat,HS problem 1928 size 15 15 density  0.45,15,15,15,13,1.264,solved,
Simonis,problem_15_15.dat,HS problem 1929 size 15 15 density  0.45,15,15,15,12,1.26,solved,
Simonis,problem_15_15.dat,HS problem 1930 size 15 15 density  0.45,15,15,15,13,1.27,solved,
Simonis,problem_15_15.dat,HS problem 1931 size 15 15 density  0.45,15,15,15,13,1.269,solved,
Simonis,problem_15_15.dat,HS problem 1932 size 15 15 density  0.45,15,15,15,13,1.302,solved,
Simonis,problem_15_15.dat,HS problem 1933 size 15 15 density  0.45,15,15,15,13,1.288,solved,
Simonis,problem_15_15.dat,HS problem 1934 size 15 15 density  0.45,15,15,15,13,1.261,solved,
Simonis,problem_15_15.dat,HS problem 1935 size 15 15 density  0.45,15,15,14,13,1.259,solved,
Simonis,problem_15_15.dat,HS problem 1936 size 15 15 density  0.45,15,15,15,14,1.265,solved,
Simonis,problem_15_15.dat,HS problem 1937 size 15 15 density  0.45,15,15,15,13,1.277,solved,
Simonis,problem_15_15.dat,HS problem 1938 size 15 15 density  0.45,15,15,15,12,1.275,solved,
Simonis,problem_15_15.dat,HS problem 1939 size 15 15 density  0.45,15,15,15,14,1.288,solved,
Simonis,problem_15_15.dat,HS problem 1940 size 15 15 density  0.45,15,15,15,12,1.335,solved,
Simonis,problem_15_15.dat,HS problem 1941 size 15 15 density  0.45,15,15,15,12,1.289,solved,
Simonis,problem_15_15.dat,HS problem 1942 size 15 15 density  0.45,15,15,15,13,1.291,solved,
Simonis,problem_15_15.dat,HS problem 1943 size 15 15 density  0.45,15,15,15,13,1.263,solved,
Simonis,problem_15_15.dat,HS problem 1944 size 15 15 density  0.45,15,15,15,12,1.26,solved,
Simonis,problem_15_15.dat,HS problem 1945 size 15 15 density  0.45,15,15,15,12,1.295,solved,
Simonis,problem_15_15.dat,HS problem 1946 size 15 15 density  0.45,15,15,15,13,1.259,solved,
Simonis,problem_15_15.dat,HS problem 1947 size 15 15 density  0.45,15,15,15,12,1.282,solved,
Simonis,problem_15_15.dat,HS problem 1948 size 15 15 density  0.45,15,15,15,14,1.305,solved,
Simonis,problem_15_15.dat,HS problem 1949 size 15 15 density  0.45,15,15,15,12,1.31,solved,
Simonis,problem_15_15.dat,HS problem 1950 size 15 15 density  0.45,15,15,15,14,1.307,solved,
Simonis,problem_15_15.dat,HS problem 1951 size 15 15 density  0.50,15,15,15,13,1.285,solved,
Simonis,problem_15_15.dat,HS problem 1952 size 15 15 density  0.50,15,15,15,14,1.303,solved,
Simonis,problem_15_15.dat,HS problem 1953 size 15 15 density  0.50,15,15,15,14,1.277,solved,
Simonis,problem_15_15.dat,HS problem 1954 size 15 15 density  0.50,15,15,15,13,1.268,solved,
Simonis,problem_15_15.dat,HS problem 1955 size 15 15 density  0.50,15,15,15,13,1.271,solved,
Simonis,problem_15_15.dat,HS problem 1956 size 15 15 density  0.50,15,15,15,14,1.31,solved,
Simonis,problem_15_15.dat,HS problem 1957 size 15 15 density  0.50,15,15,15,14,1.286,solved,
Simonis,problem_15_15.dat,HS problem 1958 size 15 15 density  0.50,15,15,15,13,1.286,solved,
Simonis,problem_15_15.dat,HS problem 1959 size 15 15 density  0.50,15,15,15,13,1.273,solved,
Simonis,problem_15_15.dat,HS problem 1960 size 15 15 density  0.50,15,15,15,14,1.273,solved,
Simonis,problem_15_15.dat,HS problem 1961 size 15 15 density  0.50,15,15,14,13,1.281,solved,
Simonis,problem_15_15.dat,HS problem 1962 size 15 15 density  0.50,15,15,15,13,1.263,solved,
Simonis,problem_15_15.dat,HS problem 1963 size 15 15 density  0.50,15,15,15,14,1.285,solved,
Simonis,problem_15_15.dat,HS problem 1964 size 15 15 density  0.50,15,15,15,13,1.286,solved,
Simonis,problem_15_15.dat,HS problem 1965 size 15 15 density  0.50,15,15,15,13,1.29,solved,
Simonis,problem_15_15.dat,HS problem 1966 size 15 15 density  0.50,15,15,15,14,1.276,solved,
Simonis,problem_15_15.dat,HS problem 1967 size 15 15 density  0.50,15,15,15,14,1.281,solved,
Simonis,problem_15_15.dat,HS problem 1968 size 15 15 density  0.50,15,15,15,12,1.269,solved,
Simonis,problem_15_15.dat,HS problem 1969 size 15 15 density  0.50,15,15,15,14,1.315,solved,
Simonis,problem_15_15.dat,HS problem 1970 size 15 15 density  0.50,15,15,15,14,1.265,solved,
Simonis,problem_15_15.dat,HS problem 1971 size 15 15 density  0.50,15,15,15,14,1.268,solved,
Simonis,problem_15_15.dat,HS problem 1972 size 15 15 density  0.50,15,15,15,14,1.275,solved,
Simonis,problem_15_15.dat,HS problem 1973 size 15 15 density  0.50,15,15,15,14,1.319,solved,
Simonis,problem_15_15.dat,HS problem 1974 size 15 15 density  0.50,15,15,15,13,1.298,solved,
Simonis,problem_15_15.dat,HS problem 1975 size 15 15 density  0.50,15,15,15,14,1.297,solved,
Simonis,problem_15_15.dat,HS problem 1976 size 15 15 density  0.50,15,15,15,13,1.272,solved,
Simonis,problem_15_15.dat,HS problem 1977 size 15 15 density  0.50,15,15,15,13,1.28,solved,
Simonis,problem_15_15.dat,HS problem 1978 size 15 15 density  0.50,15,15,15,13,1.263,solved,
Simonis,problem_15_15.dat,HS problem 1979 size 15 15 density  0.50,15,15,15,13,1.263,solved,
Simonis,problem_15_15.dat,HS problem 1980 size 15 15 density  0.50,15,15,15,12,1.287,solved,
Simonis,problem_15_15.dat,HS problem 1981 size 15 15 density  0.50,15,15,15,14,1.288,solved,
Simonis,problem_15_15.dat,HS problem 1982 size 15 15 density  0.50,15,15,15,13,1.305,solved,
Simonis,problem_15_15.dat,HS problem 1983 size 15 15 density  0.50,15,15,15,12,1.31,solved,
Simonis,problem_15_15.dat,HS problem 1984 size 15 15 density  0.50,15,15,15,13,1.28,solved,
Simonis,problem_15_15.dat,HS problem 1985 size 15 15 density  0.50,15,15,15,14,1.265,solved,
Simonis,problem_15_15.dat,HS problem 1986 size 15 15 density  0.50,15,15,15,14,1.262,solved,
Simonis,problem_15_15.dat,HS problem 1987 size 15 15 density  0.50,15,15,15,14,1.283,solved,
Simonis,problem_15_15.dat,HS problem 1988 size 15 15 density  0.50,15,15,15,14,1.265,solved,
Simonis,problem_15_15.dat,HS problem 1989 size 15 15 density  0.50,15,15,15,12,1.277,solved,
Simonis,problem_15_15.dat,HS problem 1990 size 15 15 density  0.50,15,15,15,14,1.28,solved,
Simonis,problem_15_15.dat,HS problem 1991 size 15 15 density  0.50,15,15,15,13,1.29,solved,
Simonis,problem_15_15.dat,HS problem 1992 size 15 15 density  0.50,15,15,15,14,1.275,solved,
Simonis,problem_15_15.dat,HS problem 1993 size 15 15 density  0.50,15,15,15,13,1.264,solved,
Simonis,problem_15_15.dat,HS problem 1994 size 15 15 density  0.50,15,15,15,13,1.282,solved,
Simonis,problem_15_15.dat,HS problem 1995 size 15 15 density  0.50,15,15,15,13,1.275,solved,
Simonis,problem_15_15.dat,HS problem 1996 size 15 15 density  0.50,15,15,15,14,1.298,solved,
Simonis,problem_15_15.dat,HS problem 1997 size 15 15 density  0.50,15,15,15,13,1.283,solved,
Simonis,problem_15_15.dat,HS problem 1998 size 15 15 density  0.50,15,15,15,14,1.3,solved,
Simonis,problem_15_15.dat,HS problem 1999 size 15 15 density  0.50,15,15,15,13,1.304,solved,
Simonis,problem_15_15.dat,HS problem 2000 size 15 15 density  0.50,15,15,15,14,1.288,solved,
Simonis,problem_15_15.dat,HS problem 2001 size 15 15 density  0.55,15,15,15,13,1.281,solved,
Simonis,problem_15_15.dat,HS problem 2002 size 15 15 density  0.55,15,15,15,14,1.317,solved,
Simonis,problem_15_15.dat,HS problem 2003 size 15 15 density  0.55,15,15,15,14,1.29,solved,
Simonis,problem_15_15.dat,HS problem 2004 size 15 15 density  0.55,15,15,15,14,1.27,solved,
Simonis,problem_15_15.dat,HS problem 2005 size 15 15 density  0.55,15,15,15,14,1.266,solved,
Simonis,problem_15_15.dat,HS problem 2006 size 15 15 density  0.55,15,15,15,13,1.277,solved,
Simonis,problem_15_15.dat,HS problem 2007 size 15 15 density  0.55,15,15,15,13,1.29,solved,
Simonis,problem_15_15.dat,HS problem 2008 size 15 15 density  0.55,15,15,15,13,1.284,solved,
Simonis,problem_15_15.dat,HS problem 2009 size 15 15 density  0.55,15,15,15,14,1.274,solved,
Simonis,problem_15_15.dat,HS problem 2010 size 15 15 density  0.55,15,15,15,14,1.262,solved,
Simonis,problem_15_15.dat,HS problem 2011 size 15 15 density  0.55,15,15,15,13,1.317,solved,
Simonis,problem_15_15.dat,HS problem 2012 size 15 15 density  0.55,15,15,15,14,1.27,solved,
Simonis,problem_15_15.dat,HS problem 2013 size 15 15 density  0.55,15,15,15,14,1.268,solved,
Simonis,problem_15_15.dat,HS problem 2014 size 15 15 density  0.55,15,15,15,14,1.28,solved,
Simonis,problem_15_15.dat,HS problem 2015 size 15 15 density  0.55,15,15,15,14,1.272,solved,
Simonis,problem_15_15.dat,HS problem 2016 size 15 15 density  0.55,15,15,15,13,1.284,solved,
Simonis,problem_15_15.dat,HS problem 2017 size 15 15 density  0.55,15,15,15,14,1.283,solved,
Simonis,problem_15_15.dat,HS problem 2018 size 15 15 density  0.55,15,15,15,13,1.285,solved,
Simonis,problem_15_15.dat,HS problem 2019 size 15 15 density  0.55,15,15,15,14,1.29,solved,
Simonis,problem_15_15.dat,HS problem 2020 size 15 15 density  0.55,15,15,15,13,1.298,solved,
Simonis,problem_15_15.dat,HS problem 2021 size 15 15 density  0.55,15,15,15,14,1.285,solved,
Simonis,problem_15_15.dat,HS problem 2022 size 15 15 density  0.55,15,15,15,14,1.27,solved,
Simonis,problem_15_15.dat,HS problem 2023 size 15 15 density  0.55,15,15,15,14,1.293,solved,
Simonis,problem_15_15.dat,HS problem 2024 size 15 15 density  0.55,15,15,15,14,1.296,solved,
Simonis,problem_15_15.dat,HS problem 2025 size 15 15 density  0.55,15,15,15,14,1.33,solved,
Simonis,problem_15_15.dat,HS problem 2026 size 15 15 density  0.55,15,15,15,14,1.285,solved,
Simonis,problem_15_15.dat,HS problem 2027 size 15 15 density  0.55,15,15,15,14,1.281,solved,
Simonis,problem_15_15.dat,HS problem 2028 size 15 15 density  0.55,15,15,15,13,1.278,solved,
Simonis,problem_15_15.dat,HS problem 2029 size 15 15 density  0.55,15,15,15,14,1.268,solved,
Simonis,problem_15_15.dat,HS problem 2030 size 15 15 density  0.55,15,15,15,13,1.273,solved,
Simonis,problem_15_15.dat,HS problem 2031 size 15 15 density  0.55,15,15,15,14,1.279,solved,
Simonis,problem_15_15.dat,HS problem 2032 size 15 15 density  0.55,15,15,15,13,1.281,solved,
Simonis,problem_15_15.dat,HS problem 2033 size 15 15 density  0.55,15,15,15,14,1.276,solved,
Simonis,problem_15_15.dat,HS problem 2034 size 15 15 density  0.55,15,15,15,14,1.283,solved,
Simonis,problem_15_15.dat,HS problem 2035 size 15 15 density  0.55,15,15,15,12,1.272,solved,
Simonis,problem_15_15.dat,HS problem 2036 size 15 15 density  0.55,15,15,15,14,1.258,solved,
Simonis,problem_15_15.dat,HS problem 2037 size 15 15 density  0.55,15,15,15,14,1.255,solved,
Simonis,problem_15_15.dat,HS problem 2038 size 15 15 density  0.55,15,15,15,14,1.262,solved,
Simonis,problem_15_15.dat,HS problem 2039 size 15 15 density  0.55,15,15,14,14,1.271,solved,
Simonis,problem_15_15.dat,HS problem 2040 size 15 15 density  0.55,15,15,15,13,1.282,solved,
Simonis,problem_15_15.dat,HS problem 2041 size 15 15 density  0.55,15,15,15,14,1.279,solved,
Simonis,problem_15_15.dat,HS problem 2042 size 15 15 density  0.55,15,15,15,14,1.287,solved,
Simonis,problem_15_15.dat,HS problem 2043 size 15 15 density  0.55,15,15,15,14,1.277,solved,
Simonis,problem_15_15.dat,HS problem 2044 size 15 15 density  0.55,15,15,15,13,1.273,solved,
Simonis,problem_15_15.dat,HS problem 2045 size 15 15 density  0.55,15,15,15,14,1.264,solved,
Simonis,problem_15_15.dat,HS problem 2046 size 15 15 density  0.55,15,15,15,13,1.257,solved,
Simonis,problem_15_15.dat,HS problem 2047 size 15 15 density  0.55,15,15,15,14,1.271,solved,
Simonis,problem_15_15.dat,HS problem 2048 size 15 15 density  0.55,15,15,15,14,1.288,solved,
Simonis,problem_15_15.dat,HS problem 2049 size 15 15 density  0.55,15,15,15,13,1.326,solved,
Simonis,problem_15_15.dat,HS problem 2050 size 15 15 density  0.55,15,15,15,14,1.313,solved,
Simonis,problem_15_15.dat,HS problem 2051 size 15 15 density  0.60,15,15,15,13,1.286,solved,
Simonis,problem_15_15.dat,HS problem 2052 size 15 15 density  0.60,15,15,15,14,1.275,solved,
Simonis,problem_15_15.dat,HS problem 2053 size 15 15 density  0.60,15,15,15,14,1.266,solved,
Simonis,problem_15_15.dat,HS problem 2054 size 15 15 density  0.60,15,15,15,14,1.265,solved,
Simonis,problem_15_15.dat,HS problem 2055 size 15 15 density  0.60,15,15,15,14,1.284,solved,
Simonis,problem_15_15.dat,HS problem 2056 size 15 15 density  0.60,15,15,15,14,1.282,solved,
Simonis,problem_15_15.dat,HS problem 2057 size 15 15 density  0.60,15,15,15,14,1.294,solved,
Simonis,problem_15_15.dat,HS problem 2058 size 15 15 density  0.60,15,15,15,14,1.296,solved,
Simonis,problem_15_15.dat,HS problem 2059 size 15 15 density  0.60,15,15,15,13,1.291,solved,
Simonis,problem_15_15.dat,HS problem 2060 size 15 15 density  0.60,15,15,15,14,1.277,solved,
Simonis,problem_15_15.dat,HS problem 2061 size 15 15 density  0.60,15,15,15,14,1.274,solved,
Simonis,problem_15_15.dat,HS problem 2062 size 15 15 density  0.60,15,15,15,13,1.272,solved,
Simonis,problem_15_15.dat,HS problem 2063 size 15 15 density  0.60,15,15,15,14,1.28,solved,
Simonis,problem_15_15.dat,HS problem 2064 size 15 15 density  0.60,15,15,15,14,1.279,solved,
Simonis,problem_15_15.dat,HS problem 2065 size 15 15 density  0.60,15,15,15,14,1.306,solved,
Simonis,problem_15_15.dat,HS problem 2066 size 15 15 density  0.60,15,15,15,14,1.304,solved,
Simonis,problem_15_15.dat,HS problem 2067 size 15 15 density  0.60,15,15,15,14,1.77,solved,
Simonis,problem_15_15.dat,HS problem 2068 size 15 15 density  0.60,15,15,15,14,1.836,solved,
Simonis,problem_15_15.dat,HS problem 2069 size 15 15 density  0.60,15,15,15,14,1.453,solved,
Simonis,problem_15_15.dat,HS problem 2070 size 15 15 density  0.60,15,15,15,14,1.323,solved,
Simonis,problem_15_15.dat,HS problem 2071 size 15 15 density  0.60,15,15,15,14,1.322,solved,
Simonis,problem_15_15.dat,HS problem 2072 size 15 15 density  0.60,15,15,15,14,1.327,solved,
Simonis,problem_15_15.dat,HS problem 2073 size 15 15 density  0.60,15,15,15,14,1.379,solved,
Simonis,problem_15_15.dat,HS problem 2074 size 15 15 density  0.60,15,15,15,14,1.327,solved,
Simonis,problem_15_15.dat,HS problem 2075 size 15 15 density  0.60,15,15,15,13,1.456,solved,
Simonis,problem_15_15.dat,HS problem 2076 size 15 15 density  0.60,15,15,15,14,1.333,solved,
Simonis,problem_15_15.dat,HS problem 2077 size 15 15 density  0.60,15,15,15,13,1.315,solved,
Simonis,problem_15_15.dat,HS problem 2078 size 15 15 density  0.60,15,15,15,14,1.34,solved,
Simonis,problem_15_15.dat,HS problem 2079 size 15 15 density  0.60,15,15,15,14,1.326,solved,
Simonis,problem_15_15.dat,HS problem 2080 size 15 15 density  0.60,15,15,15,14,1.334,solved,
Simonis,problem_15_15.dat,HS problem 2081 size 15 15 density  0.60,15,15,15,14,1.318,solved,
Simonis,problem_15_15.dat,HS problem 2082 size 15 15 density  0.60,15,15,15,14,1.292,solved,
Simonis,problem_15_15.dat,HS problem 2083 size 15 15 density  0.60,15,15,15,14,1.295,solved,
Simonis,problem_15_15.dat,HS problem 2084 size 15 15 density  0.60,15,15,15,14,1.295,solved,
Simonis,problem_15_15.dat,HS problem 2085 size 15 15 density  0.60,15,15,15,14,1.294,solved,
Simonis,problem_15_15.dat,HS problem 2086 size 15 15 density  0.60,15,15,15,14,1.398,solved,
Simonis,problem_15_15.dat,HS problem 2087 size 15 15 density  0.60,15,15,15,14,1.361,solved,
Simonis,problem_15_15.dat,HS problem 2088 size 15 15 density  0.60,15,15,15,14,1.409,solved,
Simonis,problem_15_15.dat,HS problem 2089 size 15 15 density  0.60,15,15,15,14,1.333,solved,
Simonis,problem_15_15.dat,HS problem 2090 size 15 15 density  0.60,15,15,15,14,1.331,solved,
Simonis,problem_15_15.dat,HS problem 2091 size 15 15 density  0.60,15,15,15,13,1.329,solved,
Simonis,problem_15_15.dat,HS problem 2092 size 15 15 density  0.60,15,15,15,14,1.319,solved,
Simonis,problem_15_15.dat,HS problem 2093 size 15 15 density  0.60,15,15,15,14,1.299,solved,
Simonis,problem_15_15.dat,HS problem 2094 size 15 15 density  0.60,15,15,15,14,1.343,solved,
Simonis,problem_15_15.dat,HS problem 2095 size 15 15 density  0.60,15,15,15,14,1.344,solved,
Simonis,problem_15_15.dat,HS problem 2096 size 15 15 density  0.60,15,15,15,14,1.358,solved,
Simonis,problem_15_15.dat,HS problem 2097 size 15 15 density  0.60,15,15,15,14,1.337,solved,
Simonis,problem_15_15.dat,HS problem 2098 size 15 15 density  0.60,15,15,15,14,1.317,solved,
Simonis,problem_15_15.dat,HS problem 2099 size 15 15 density  0.60,15,15,15,14,1.333,solved,
Simonis,problem_15_15.dat,HS problem 2100 size 15 15 density  0.60,15,15,15,14,1.312,solved,
Simonis,problem_15_15.dat,HS problem 2101 size 15 15 density  0.65,15,15,15,14,1.351,solved,
Simonis,problem_15_15.dat,HS problem 2102 size 15 15 density  0.65,15,15,15,14,1.312,solved,
Simonis,problem_15_15.dat,HS problem 2103 size 15 15 density  0.65,15,15,15,14,1.332,solved,
Simonis,problem_15_15.dat,HS problem 2104 size 15 15 density  0.65,15,15,15,14,1.329,solved,
Simonis,problem_15_15.dat,HS problem 2105 size 15 15 density  0.65,15,15,15,14,1.332,solved,
Simonis,problem_15_15.dat,HS problem 2106 size 15 15 density  0.65,15,15,15,14,1.327,solved,
Simonis,problem_15_15.dat,HS problem 2107 size 15 15 density  0.65,15,15,15,14,1.306,solved,
Simonis,problem_15_15.dat,HS problem 2108 size 15 15 density  0.65,15,15,15,14,1.307,solved,
Simonis,problem_15_15.dat,HS problem 2109 size 15 15 density  0.65,15,15,15,13,1.349,solved,
Simonis,problem_15_15.dat,HS problem 2110 size 15 15 density  0.65,15,15,15,14,1.32,solved,
Simonis,problem_15_15.dat,HS problem 2111 size 15 15 density  0.65,15,15,15,14,1.329,solved,
Simonis,problem_15_15.dat,HS problem 2112 size 15 15 density  0.65,15,15,15,14,1.322,solved,
Simonis,problem_15_15.dat,HS problem 2113 size 15 15 density  0.65,15,15,15,14,1.332,solved,
Simonis,problem_15_15.dat,HS problem 2114 size 15 15 density  0.65,15,15,15,14,1.32,solved,
Simonis,problem_15_15.dat,HS problem 2115 size 15 15 density  0.65,15,15,15,14,1.304,solved,
Simonis,problem_15_15.dat,HS problem 2116 size 15 15 density  0.65,15,15,15,14,1.321,solved,
Simonis,problem_15_15.dat,HS problem 2117 size 15 15 density  0.65,15,15,15,14,1.314,solved,
Simonis,problem_15_15.dat,HS problem 2118 size 15 15 density  0.65,15,15,15,14,1.31,solved,
Simonis,problem_15_15.dat,HS problem 2119 size 15 15 density  0.65,15,15,15,14,1.319,solved,
Simonis,problem_15_15.dat,HS problem 2120 size 15 15 density  0.65,15,15,15,14,1.337,solved,
Simonis,problem_15_15.dat,HS problem 2121 size 15 15 density  0.65,15,15,15,14,1.319,solved,
Simonis,problem_15_15.dat,HS problem 2122 size 15 15 density  0.65,15,15,15,14,1.309,solved,
Simonis,problem_15_15.dat,HS problem 2123 size 15 15 density  0.65,15,15,15,14,1.298,solved,
Simonis,problem_15_15.dat,HS problem 2124 size 15 15 density  0.65,15,15,15,14,1.299,solved,
Simonis,problem_15_15.dat,HS problem 2125 size 15 15 density  0.65,15,15,15,13,1.295,solved,
Simonis,problem_15_15.dat,HS problem 2126 size 15 15 density  0.65,15,15,15,14,1.308,solved,
Simonis,problem_15_15.dat,HS problem 2127 size 15 15 density  0.65,15,15,15,14,1.304,solved,
Simonis,problem_15_15.dat,HS problem 2128 size 15 15 density  0.65,15,15,15,14,1.305,solved,
Simonis,problem_15_15.dat,HS problem 2129 size 15 15 density  0.65,15,15,15,14,1.299,solved,
Simonis,problem_15_15.dat,HS problem 2130 size 15 15 density  0.65,15,15,15,14,1.32,solved,
Simonis,problem_15_15.dat,HS problem 2131 size 15 15 density  0.65,15,15,15,14,1.292,solved,
Simonis,problem_15_15.dat,HS problem 2132 size 15 15 density  0.65,15,15,15,14,1.294,solved,
Simonis,problem_15_15.dat,HS problem 2133 size 15 15 density  0.65,15,15,15,14,1.305,solved,
Simonis,problem_15_15.dat,HS problem 2134 size 15 15 density  0.65,15,15,15,14,1.29,solved,
Simonis,problem_15_15.dat,HS problem 2135 size 15 15 density  0.65,15,15,15,14,1.318,solved,
Simonis,problem_15_15.dat,HS problem 2136 size 15 15 density  0.65,15,15,15,14,1.324,solved,
Simonis,problem_15_15.dat,HS problem 2137 size 15 15 density  0.65,15,15,15,14,1.31,solved,
Simonis,problem_15_15.dat,HS problem 2138 size 15 15 density  0.65,15,15,15,14,1.316,solved,
Simonis,problem_15_15.dat,HS problem 2139 size 15 15 density  0.65,15,15,15,14,1.303,solved,
Simonis,problem_15_15.dat,HS problem 2140 size 15 15 density  0.65,15,15,15,14,1.304,solved,
Simonis,problem_15_15.dat,HS problem 2141 size 15 15 density  0.65,15,15,15,14,1.299,solved,
Simonis,problem_15_15.dat,HS problem 2142 size 15 15 density  0.65,15,15,15,13,1.295,solved,
Simonis,problem_15_15.dat,HS problem 2143 size 15 15 density  0.65,15,15,15,14,1.299,solved,
Simonis,problem_15_15.dat,HS problem 2144 size 15 15 density  0.65,15,15,15,14,1.315,solved,
Simonis,problem_15_15.dat,HS problem 2145 size 15 15 density  0.65,15,15,15,14,1.309,solved,
Simonis,problem_15_15.dat,HS problem 2146 size 15 15 density  0.65,15,15,15,14,1.327,solved,
Simonis,problem_15_15.dat,HS problem 2147 size 15 15 density  0.65,15,15,15,14,1.329,solved,
Simonis,problem_15_15.dat,HS problem 2148 size 15 15 density  0.65,15,15,15,14,1.289,solved,
Simonis,problem_15_15.dat,HS problem 2149 size 15 15 density  0.65,15,15,15,14,1.3,solved,
Simonis,problem_15_15.dat,HS problem 2150 size 15 15 density  0.65,15,15,15,14,1.299,solved,
Simonis,problem_15_15.dat,HS problem 2151 size 15 15 density  0.70,15,15,15,14,1.319,solved,
Simonis,problem_15_15.dat,HS problem 2152 size 15 15 density  0.70,15,15,15,14,1.339,solved,
Simonis,problem_15_15.dat,HS problem 2153 size 15 15 density  0.70,15,15,15,14,1.322,solved,
Simonis,problem_15_15.dat,HS problem 2154 size 15 15 density  0.70,15,15,15,14,1.333,solved,
Simonis,problem_15_15.dat,HS problem 2155 size 15 15 density  0.70,15,15,15,14,1.318,solved,
Simonis,problem_15_15.dat,HS problem 2156 size 15 15 density  0.70,15,15,15,14,1.299,solved,
Simonis,problem_15_15.dat,HS problem 2157 size 15 15 density  0.70,15,15,15,14,1.334,solved,
Simonis,problem_15_15.dat,HS problem 2158 size 15 15 density  0.70,15,15,15,14,1.302,solved,
Simonis,problem_15_15.dat,HS problem 2159 size 15 15 density  0.70,15,15,15,14,1.305,solved,
Simonis,problem_15_15.dat,HS problem 2160 size 15 15 density  0.70,15,15,15,14,1.317,solved,
Simonis,problem_15_15.dat,HS problem 2161 size 15 15 density  0.70,15,15,15,14,1.319,solved,
Simonis,problem_15_15.dat,HS problem 2162 size 15 15 density  0.70,15,15,15,14,1.336,solved,
Simonis,problem_15_15.dat,HS problem 2163 size 15 15 density  0.70,15,15,15,14,1.33,solved,
Simonis,problem_15_15.dat,HS problem 2164 size 15 15 density  0.70,15,15,15,14,1.307,solved,
Simonis,problem_15_15.dat,HS problem 2165 size 15 15 density  0.70,15,15,15,14,1.329,solved,
Simonis,problem_15_15.dat,HS problem 2166 size 15 15 density  0.70,15,15,15,14,1.3,solved,
Simonis,problem_15_15.dat,HS problem 2167 size 15 15 density  0.70,15,15,15,14,1.311,solved,
Simonis,problem_15_15.dat,HS problem 2168 size 15 15 density  0.70,15,15,15,14,1.313,solved,
Simonis,problem_15_15.dat,HS problem 2169 size 15 15 density  0.70,15,15,15,14,1.315,solved,
Simonis,problem_15_15.dat,HS problem 2170 size 15 15 density  0.70,15,15,15,14,1.368,solved,
Simonis,problem_15_15.dat,HS problem 2171 size 15 15 density  0.70,15,15,15,14,1.316,solved,
Simonis,problem_15_15.dat,HS problem 2172 size 15 15 density  0.70,15,15,15,14,1.31,solved,
Simonis,problem_15_15.dat,HS problem 2173 size 15 15 density  0.70,15,15,15,14,1.304,solved,
Simonis,problem_15_15.dat,HS problem 2174 size 15 15 density  0.70,15,15,15,14,1.298,solved,
Simonis,problem_15_15.dat,HS problem 2175 size 15 15 density  0.70,15,15,15,14,1.286,solved,
Simonis,problem_15_15.dat,HS problem 2176 size 15 15 density  0.70,15,15,15,14,1.308,solved,
Simonis,problem_15_15.dat,HS problem 2177 size 15 15 density  0.70,15,15,15,14,1.316,solved,
Simonis,problem_15_15.dat,HS problem 2178 size 15 15 density  0.70,15,15,15,14,1.317,solved,
Simonis,problem_15_15.dat,HS problem 2179 size 15 15 density  0.70,15,15,15,14,1.316,solved,
Simonis,problem_15_15.dat,HS problem 2180 size 15 15 density  0.70,15,15,15,14,1.317,solved,
Simonis,problem_15_15.dat,HS problem 2181 size 15 15 density  0.70,15,15,15,14,1.307,solved,
Simonis,problem_15_15.dat,HS problem 2182 size 15 15 density  0.70,15,15,15,14,1.287,solved,
Simonis,problem_15_15.dat,HS problem 2183 size 15 15 density  0.70,15,15,15,14,1.291,solved,
Simonis,problem_15_15.dat,HS problem 2184 size 15 15 density  0.70,15,15,15,14,1.3,solved,
Simonis,problem_15_15.dat,HS problem 2185 size 15 15 density  0.70,15,15,15,14,1.309,solved,
Simonis,problem_15_15.dat,HS problem 2186 size 15 15 density  0.70,15,15,15,14,1.328,solved,
Simonis,problem_15_15.dat,HS problem 2187 size 15 15 density  0.70,15,15,15,14,1.324,solved,
Simonis,problem_15_15.dat,HS problem 2188 size 15 15 density  0.70,15,15,15,14,1.323,solved,
Simonis,problem_15_15.dat,HS problem 2189 size 15 15 density  0.70,15,15,15,14,1.313,solved,
Simonis,problem_15_15.dat,HS problem 2190 size 15 15 density  0.70,15,15,15,14,1.295,solved,
Simonis,problem_15_15.dat,HS problem 2191 size 15 15 density  0.70,15,15,15,14,1.323,solved,
Simonis,problem_15_15.dat,HS problem 2192 size 15 15 density  0.70,15,15,15,14,1.332,solved,
Simonis,problem_15_15.dat,HS problem 2193 size 15 15 density  0.70,15,15,15,14,1.327,solved,
Simonis,problem_15_15.dat,HS problem 2194 size 15 15 density  0.70,15,15,15,14,1.319,solved,
Simonis,problem_15_15.dat,HS problem 2195 size 15 15 density  0.70,15,15,15,14,1.334,solved,
Simonis,problem_15_15.dat,HS problem 2196 size 15 15 density  0.70,15,15,15,14,1.339,solved,
Simonis,problem_15_15.dat,HS problem 2197 size 15 15 density  0.70,15,15,15,14,1.565,solved,
Simonis,problem_15_15.dat,HS problem 2198 size 15 15 density  0.70,15,15,15,14,1.977,solved,
Simonis,problem_15_15.dat,HS problem 2199 size 15 15 density  0.70,15,15,15,14,1.493,solved,
Simonis,problem_15_15.dat,HS problem 2200 size 15 15 density  0.70,15,15,15,14,1.379,solved,
Simonis,problem_20_10.dat,HS problem 551 size 20 10 density  0.20,20,10,12,6,0.191,solved,
Simonis,problem_20_10.dat,HS problem 552 size 20 10 density  0.20,20,10,12,6,0.187,solved,
Simonis,problem_20_10.dat,HS problem 553 size 20 10 density  0.20,20,10,12,4,0.188,solved,
Simonis,problem_20_10.dat,HS problem 554 size 20 10 density  0.20,20,10,14,5,0.192,solved,
Simonis,problem_20_10.dat,HS problem 555 size 20 10 density  0.20,20,10,10,4,0.192,solved,
Simonis,problem_20_10.dat,HS problem 556 size 20 10 density  0.20,20,10,13,5,0.188,solved,
Simonis,problem_20_10.dat,HS problem 557 size 20 10 density  0.20,20,10,17,7,0.187,solved,
Simonis,problem_20_10.dat,HS problem 558 size 20 10 density  0.20,20,10,11,6,0.192,solved,
Simonis,problem_20_10.dat,HS problem 559 size 20 10 density  0.20,20,10,14,5,0.197,solved,
Simonis,problem_20_10.dat,HS problem 560 size 20 10 density  0.20,20,10,9,5,0.188,solved,
Simonis,problem_20_10.dat,HS problem 561 size 20 10 density  0.20,20,10,13,4,0.189,solved,
Simonis,problem_20_10.dat,HS problem 562 size 20 10 density  0.20,20,10,14,5,0.185,solved,
Simonis,problem_20_10.dat,HS problem 563 size 20 10 density  0.20,20,10,11,5,0.184,solved,
Simonis,problem_20_10.dat,HS problem 564 size 20 10 density  0.20,20,10,15,6,0.183,solved,
Simonis,problem_20_10.dat,HS problem 565 size 20 10 density  0.20,20,10,10,4,0.187,solved,
Simonis,problem_20_10.dat,HS problem 566 size 20 10 density  0.20,20,10,14,6,0.188,solved,
Simonis,problem_20_10.dat,HS problem 567 size 20 10 density  0.20,20,10,13,5,0.184,solved,
Simonis,problem_20_10.dat,HS problem 568 size 20 10 density  0.20,20,10,14,5,0.185,solved,
Simonis,problem_20_10.dat,HS problem 569 size 20 10 density  0.20,20,10,14,7,0.176,solved,
Simonis,problem_20_10.dat,HS problem 570 size 20 10 density  0.20,20,10,10,5,0.185,solved,
Simonis,problem_20_10.dat,HS problem 571 size 20 10 density  0.20,20,10,14,6,0.185,solved,
Simonis,problem_20_10.dat,HS problem 572 size 20 10 density  0.20,20,10,16,7,0.183,solved,
Simonis,problem_20_10.dat,HS problem 573 size 20 10 density  0.20,20,10,14,6,0.185,solved,
Simonis,problem_20_10.dat,HS problem 574 size 20 10 density  0.20,20,10,15,5,0.176,solved,
Simonis,problem_20_10.dat,HS problem 575 size 20 10 density  0.20,20,10,14,5,0.178,solved,
Simonis,problem_20_10.dat,HS problem 576 size 20 10 density  0.20,20,10,11,5,0.212,solved,
Simonis,problem_20_10.dat,HS problem 577 size 20 10 density  0.20,20,10,16,6,0.186,solved,
Simonis,problem_20_10.dat,HS problem 578 size 20 10 density  0.20,20,10,11,4,0.218,solved,
Simonis,problem_20_10.dat,HS problem 579 size 20 10 density  0.20,20,10,15,7,0.194,solved,
Simonis,problem_20_10.dat,HS problem 580 size 20 10 density  0.20,20,10,16,6,0.229,solved,
Simonis,problem_20_10.dat,HS problem 581 size 20 10 density  0.20,20,10,14,6,0.222,solved,
Simonis,problem_20_10.dat,HS problem 582 size 20 10 density  0.20,20,10,13,4,0.199,solved,
Simonis,problem_20_10.dat,HS problem 583 size 20 10 density  0.20,20,10,10,4,0.191,solved,
Simonis,problem_20_10.dat,HS problem 584 size 20 10 density  0.20,20,10,13,5,0.182,solved,
Simonis,problem_20_10.dat,HS problem 585 size 20 10 density  0.20,20,10,13,5,0.189,solved,
Simonis,problem_20_10.dat,HS problem 586 size 20 10 density  0.20,20,10,11,5,0.186,solved,
Simonis,problem_20_10.dat,HS problem 587 size 20 10 density  0.20,20,10,14,6,0.185,solved,
Simonis,problem_20_10.dat,HS problem 588 size 20 10 density  0.20,20,10,9,5,0.197,solved,
Simonis,problem_20_10.dat,HS problem 589 size 20 10 density  0.20,20,10,12,5,0.199,solved,
Simonis,problem_20_10.dat,HS problem 590 size 20 10 density  0.20,20,10,12,4,0.184,solved,
Simonis,problem_20_10.dat,HS problem 591 size 20 10 density  0.20,20,10,15,5,0.184,solved,
Simonis,problem_20_10.dat,HS problem 592 size 20 10 density  0.20,20,10,12,5,0.183,solved,
Simonis,problem_20_10.dat,HS problem 593 size 20 10 density  0.20,20,10,12,5,0.18,solved,
Simonis,problem_20_10.dat,HS problem 594 size 20 10 density  0.20,20,10,11,4,0.184,solved,
Simonis,problem_20_10.dat,HS problem 595 size 20 10 density  0.20,20,10,12,4,0.182,solved,
Simonis,problem_20_10.dat,HS problem 596 size 20 10 density  0.20,20,10,17,6,0.177,solved,
Simonis,problem_20_10.dat,HS problem 597 size 20 10 density  0.20,20,10,10,5,0.183,solved,
Simonis,problem_20_10.dat,HS problem 598 size 20 10 density  0.20,20,10,13,5,0.182,solved,
Simonis,problem_20_10.dat,HS problem 599 size 20 10 density  0.20,20,10,10,6,0.182,solved,
Simonis,problem_20_10.dat,HS problem 600 size 20 10 density  0.20,20,10,10,5,0.184,solved,
Simonis,problem_20_10.dat,HS problem 601 size 20 10 density  0.25,20,10,13,5,0.182,solved,
Simonis,problem_20_10.dat,HS problem 602 size 20 10 density  0.25,20,10,16,7,0.186,solved,
Simonis,problem_20_10.dat,HS problem 603 size 20 10 density  0.25,20,10,13,6,0.188,solved,
Simonis,problem_20_10.dat,HS problem 604 size 20 10 density  0.25,20,10,17,6,0.19,solved,
Simonis,problem_20_10.dat,HS problem 605 size 20 10 density  0.25,20,10,12,6,0.188,solved,
Simonis,problem_20_10.dat,HS problem 606 size 20 10 density  0.25,20,10,15,6,0.187,solved,
Simonis,problem_20_10.dat,HS problem 607 size 20 10 density  0.25,20,10,14,6,0.193,solved,
Simonis,problem_20_10.dat,HS problem 608 size 20 10 density  0.25,20,10,14,6,0.236,solved,
Simonis,problem_20_10.dat,HS problem 609 size 20 10 density  0.25,20,10,13,6,0.189,solved,
Simonis,problem_20_10.dat,HS problem 610 size 20 10 density  0.25,20,10,16,7,0.189,solved,
Simonis,problem_20_10.dat,HS problem 611 size 20 10 density  0.25,20,10,14,5,0.193,solved,
Simonis,problem_20_10.dat,HS problem 612 size 20 10 density  0.25,20,10,14,7,0.189,solved,
Simonis,problem_20_10.dat,HS problem 613 size 20 10 density  0.25,20,10,12,6,0.195,solved,
Simonis,problem_20_10.dat,HS problem 614 size 20 10 density  0.25,20,10,14,7,0.188,solved,
Simonis,problem_20_10.dat,HS problem 615 size 20 10 density  0.25,20,10,15,5,0.185,solved,
Simonis,problem_20_10.dat,HS problem 616 size 20 10 density  0.25,20,10,13,6,0.19,solved,
Simonis,problem_20_10.dat,HS problem 617 size 20 10 density  0.25,20,10,17,7,0.185,solved,
Simonis,problem_20_10.dat,HS problem 618 size 20 10 density  0.25,20,10,16,6,0.185,solved,
Simonis,problem_20_10.dat,HS problem 619 size 20 10 density  0.25,20,10,10,5,0.189,solved,
Simonis,problem_20_10.dat,HS problem 620 size 20 10 density  0.25,20,10,16,6,0.192,solved,
Simonis,problem_20_10.dat,HS problem 621 size 20 10 density  0.25,20,10,14,7,0.189,solved,
Simonis,problem_20_10.dat,HS problem 622 size 20 10 density  0.25,20,10,17,6,0.192,solved,
Simonis,problem_20_10.dat,HS problem 623 size 20 10 density  0.25,20,10,13,6,0.184,solved,
Simonis,problem_20_10.dat,HS problem 624 size 20 10 density  0.25,20,10,15,6,0.188,solved,
Simonis,problem_20_10.dat,HS problem 625 size 20 10 density  0.25,20,10,13,7,0.187,solved,
Simonis,problem_20_10.dat,HS problem 626 size 20 10 density  0.25,20,10,17,6,0.184,solved,
Simonis,problem_20_10.dat,HS problem 627 size 20 10 density  0.25,20,10,13,7,0.182,solved,
Simonis,problem_20_10.dat,HS problem 628 size 20 10 density  0.25,20,10,14,6,0.179,solved,
Simonis,problem_20_10.dat,HS problem 629 size 20 10 density  0.25,20,10,14,5,0.179,solved,
Simonis,problem_20_10.dat,HS problem 630 size 20 10 density  0.25,20,10,17,7,0.183,solved,
Simonis,problem_20_10.dat,HS problem 631 size 20 10 density  0.25,20,10,13,5,0.185,solved,
Simonis,problem_20_10.dat,HS problem 632 size 20 10 density  0.25,20,10,14,6,0.185,solved,
Simonis,problem_20_10.dat,HS problem 633 size 20 10 density  0.25,20,10,14,7,0.183,solved,
Simonis,problem_20_10.dat,HS problem 634 size 20 10 density  0.25,20,10,14,7,0.18,solved,
Simonis,problem_20_10.dat,HS problem 635 size 20 10 density  0.25,20,10,15,6,0.182,solved,
Simonis,problem_20_10.dat,HS problem 636 size 20 10 density  0.25,20,10,13,5,0.186,solved,
Simonis,problem_20_10.dat,HS problem 637 size 20 10 density  0.25,20,10,17,8,0.186,solved,
Simonis,problem_20_10.dat,HS problem 638 size 20 10 density  0.25,20,10,19,6,0.189,solved,
Simonis,problem_20_10.dat,HS problem 639 size 20 10 density  0.25,20,10,12,6,0.184,solved,
Simonis,problem_20_10.dat,HS problem 640 size 20 10 density  0.25,20,10,14,5,0.181,solved,
Simonis,problem_20_10.dat,HS problem 641 size 20 10 density  0.25,20,10,17,6,0.185,solved,
Simonis,problem_20_10.dat,HS problem 642 size 20 10 density  0.25,20,10,17,6,0.181,solved,
Simonis,problem_20_10.dat,HS problem 643 size 20 10 density  0.25,20,10,13,7,0.183,solved,
Simonis,problem_20_10.dat,HS problem 644 size 20 10 density  0.25,20,10,19,8,0.188,solved,
Simonis,problem_20_10.dat,HS problem 645 size 20 10 density  0.25,20,10,12,5,0.181,solved,
Simonis,problem_20_10.dat,HS problem 646 size 20 10 density  0.25,20,10,16,8,0.179,solved,
Simonis,problem_20_10.dat,HS problem 647 size 20 10 density  0.25,20,10,13,7,0.185,solved,
Simonis,problem_20_10.dat,HS problem 648 size 20 10 density  0.25,20,10,10,5,0.184,solved,
Simonis,problem_20_10.dat,HS problem 649 size 20 10 density  0.25,20,10,14,6,0.182,solved,
Simonis,problem_20_10.dat,HS problem 650 size 20 10 density  0.25,20,10,16,7,0.181,solved,
Simonis,problem_20_10.dat,HS problem 651 size 20 10 density  0.30,20,10,14,6,0.177,solved,
Simonis,problem_20_10.dat,HS problem 652 size 20 10 density  0.30,20,10,15,9,0.179,solved,
Simonis,problem_20_10.dat,HS problem 653 size 20 10 density  0.30,20,10,17,7,0.182,solved,
Simonis,problem_20_10.dat,HS problem 654 size 20 10 density  0.30,20,10,17,7,0.182,solved,
Simonis,problem_20_10.dat,HS problem 655 size 20 10 density  0.30,20,10,14,8,0.184,solved,
Simonis,problem_20_10.dat,HS problem 656 size 20 10 density  0.30,20,10,15,7,0.178,solved,
Simonis,problem_20_10.dat,HS problem 657 size 20 10 density  0.30,20,10,14,6,0.176,solved,
Simonis,problem_20_10.dat,HS problem 658 size 20 10 density  0.30,20,10,16,7,0.185,solved,
Simonis,problem_20_10.dat,HS problem 659 size 20 10 density  0.30,20,10,16,8,0.186,solved,
Simonis,problem_20_10.dat,HS problem 660 size 20 10 density  0.30,20,10,17,7,0.194,solved,
Simonis,problem_20_10.dat,HS problem 661 size 20 10 density  0.30,20,10,17,7,0.189,solved,
Simonis,problem_20_10.dat,HS problem 662 size 20 10 density  0.30,20,10,19,7,0.185,solved,
Simonis,problem_20_10.dat,HS problem 663 size 20 10 density  0.30,20,10,17,8,0.187,solved,
Simonis,problem_20_10.dat,HS problem 664 size 20 10 density  0.30,20,10,18,7,0.189,solved,
Simonis,problem_20_10.dat,HS problem 665 size 20 10 density  0.30,20,10,16,7,0.186,solved,
Simonis,problem_20_10.dat,HS problem 666 size 20 10 density  0.30,20,10,16,6,0.197,solved,
Simonis,problem_20_10.dat,HS problem 667 size 20 10 density  0.30,20,10,14,7,0.184,solved,
Simonis,problem_20_10.dat,HS problem 668 size 20 10 density  0.30,20,10,16,7,0.185,solved,
Simonis,problem_20_10.dat,HS problem 669 size 20 10 density  0.30,20,10,14,7,0.188,solved,
Simonis,problem_20_10.dat,HS problem 670 size 20 10 density  0.30,20,10,15,8,0.192,solved,
Simonis,problem_20_10.dat,HS problem 671 size 20 10 density  0.30,20,10,19,7,0.188,solved,
Simonis,problem_20_10.dat,HS problem 672 size 20 10 density  0.30,20,10,16,6,0.193,solved,
Simonis,problem_20_10.dat,HS problem 673 size 20 10 density  0.30,20,10,17,6,0.188,solved,
Simonis,problem_20_10.dat,HS problem 674 size 20 10 density  0.30,20,10,18,7,0.19,solved,
Simonis,problem_20_10.dat,HS problem 675 size 20 10 density  0.30,20,10,16,7,0.189,solved,
Simonis,problem_20_10.dat,HS problem 676 size 20 10 density  0.30,20,10,15,7,0.189,solved,
Simonis,problem_20_10.dat,HS problem 677 size 20 10 density  0.30,20,10,14,7,0.191,solved,
Simonis,problem_20_10.dat,HS problem 678 size 20 10 density  0.30,20,10,17,6,0.191,solved,
Simonis,problem_20_10.dat,HS problem 679 size 20 10 density  0.30,20,10,17,6,0.188,solved,
Simonis,problem_20_10.dat,HS problem 680 size 20 10 density  0.30,20,10,16,7,0.192,solved,
Simonis,problem_20_10.dat,HS problem 681 size 20 10 density  0.30,20,10,20,7,0.188,solved,
Simonis,problem_20_10.dat,HS problem 682 size 20 10 density  0.30,20,10,18,7,0.19,solved,
Simonis,problem_20_10.dat,HS problem 683 size 20 10 density  0.30,20,10,17,7,0.186,solved,
Simonis,problem_20_10.dat,HS problem 684 size 20 10 density  0.30,20,10,14,7,0.19,solved,
Simonis,problem_20_10.dat,HS problem 685 size 20 10 density  0.30,20,10,17,8,0.187,solved,
Simonis,problem_20_10.dat,HS problem 686 size 20 10 density  0.30,20,10,13,6,0.187,solved,
Simonis,problem_20_10.dat,HS problem 687 size 20 10 density  0.30,20,10,19,7,0.188,solved,
Simonis,problem_20_10.dat,HS problem 688 size 20 10 density  0.30,20,10,18,7,0.186,solved,
Simonis,problem_20_10.dat,HS problem 689 size 20 10 density  0.30,20,10,15,8,0.182,solved,
Simonis,problem_20_10.dat,HS problem 690 size 20 10 density  0.30,20,10,17,7,0.182,solved,
Simonis,problem_20_10.dat,HS problem 691 size 20 10 density  0.30,20,10,15,7,0.187,solved,
Simonis,problem_20_10.dat,HS problem 692 size 20 10 density  0.30,20,10,14,6,0.185,solved,
Simonis,problem_20_10.dat,HS problem 693 size 20 10 density  0.30,20,10,18,7,0.186,solved,
Simonis,problem_20_10.dat,HS problem 694 size 20 10 density  0.30,20,10,13,7,0.218,solved,
Simonis,problem_20_10.dat,HS problem 695 size 20 10 density  0.30,20,10,15,6,0.183,solved,
Simonis,problem_20_10.dat,HS problem 696 size 20 10 density  0.30,20,10,17,8,0.188,solved,
Simonis,problem_20_10.dat,HS problem 697 size 20 10 density  0.30,20,10,18,7,0.189,solved,
Simonis,problem_20_10.dat,HS problem 698 size 20 10 density  0.30,20,10,17,7,0.188,solved,
Simonis,problem_20_10.dat,HS problem 699 size 20 10 density  0.30,20,10,17,7,0.186,solved,
Simonis,problem_20_10.dat,HS problem 700 size 20 10 density  0.30,20,10,17,7,0.18,solved,
Simonis,problem_20_10.dat,HS problem 701 size 20 10 density  0.35,20,10,19,8,0.179,solved,
Simonis,problem_20_10.dat,HS problem 702 size 20 10 density  0.35,20,10,17,8,0.188,solved,
Simonis,problem_20_10.dat,HS problem 703 size 20 10 density  0.35,20,10,20,8,0.186,solved,
Simonis,problem_20_10.dat,HS problem 704 size 20 10 density  0.35,20,10,16,6,0.187,solved,
Simonis,problem_20_10.dat,HS problem 705 size 20 10 density  0.35,20,10,15,5,0.182,solved,
Simonis,problem_20_10.dat,HS problem 706 size 20 10 density  0.35,20,10,19,8,0.176,solved,
Simonis,problem_20_10.dat,HS problem 707 size 20 10 density  0.35,20,10,18,8,0.184,solved,
Simonis,problem_20_10.dat,HS problem 708 size 20 10 density  0.35,20,10,17,7,0.187,solved,
Simonis,problem_20_10.dat,HS problem 709 size 20 10 density  0.35,20,10,17,7,0.186,solved,
Simonis,problem_20_10.dat,HS problem 710 size 20 10 density  0.35,20,10,16,6,0.188,solved,
Simonis,problem_20_10.dat,HS problem 711 size 20 10 density  0.35,20,10,17,7,0.184,solved,
Simonis,problem_20_10.dat,HS problem 712 size 20 10 density  0.35,20,10,17,8,0.186,solved,
Simonis,problem_20_10.dat,HS problem 713 size 20 10 density  0.35,20,10,15,6,0.199,solved,
Simonis,problem_20_10.dat,HS problem 714 size 20 10 density  0.35,20,10,17,7,0.196,solved,
Simonis,problem_20_10.dat,HS problem 715 size 20 10 density  0.35,20,10,19,8,0.187,solved,
Simonis,problem_20_10.dat,HS problem 716 size 20 10 density  0.35,20,10,20,9,0.186,solved,
Simonis,problem_20_10.dat,HS problem 717 size 20 10 density  0.35,20,10,16,9,0.184,solved,
Simonis,problem_20_10.dat,HS problem 718 size 20 10 density  0.35,20,10,18,9,0.19,solved,
Simonis,problem_20_10.dat,HS problem 719 size 20 10 density  0.35,20,10,18,8,0.195,solved,
Simonis,problem_20_10.dat,HS problem 720 size 20 10 density  0.35,20,10,17,9,0.194,solved,
Simonis,problem_20_10.dat,HS problem 721 size 20 10 density  0.35,20,10,18,7,0.188,solved,
Simonis,problem_20_10.dat,HS problem 722 size 20 10 density  0.35,20,10,18,7,0.189,solved,
Simonis,problem_20_10.dat,HS problem 723 size 20 10 density  0.35,20,10,14,6,0.189,solved,
Simonis,problem_20_10.dat,HS problem 724 size 20 10 density  0.35,20,10,17,7,0.19,solved,
Simonis,problem_20_10.dat,HS problem 725 size 20 10 density  0.35,20,10,17,7,0.191,solved,
Simonis,problem_20_10.dat,HS problem 726 size 20 10 density  0.35,20,10,19,7,0.192,solved,
Simonis,problem_20_10.dat,HS problem 727 size 20 10 density  0.35,20,10,17,8,0.188,solved,
Simonis,problem_20_10.dat,HS problem 728 size 20 10 density  0.35,20,10,16,7,0.188,solved,
Simonis,problem_20_10.dat,HS problem 729 size 20 10 density  0.35,20,10,17,6,0.197,solved,
Simonis,problem_20_10.dat,HS problem 730 size 20 10 density  0.35,20,10,18,8,0.188,solved,
Simonis,problem_20_10.dat,HS problem 731 size 20 10 density  0.35,20,10,17,8,0.189,solved,
Simonis,problem_20_10.dat,HS problem 732 size 20 10 density  0.35,20,10,17,7,0.191,solved,
Simonis,problem_20_10.dat,HS problem 733 size 20 10 density  0.35,20,10,19,7,0.186,solved,
Simonis,problem_20_10.dat,HS problem 734 size 20 10 density  0.35,20,10,17,8,0.195,solved,
Simonis,problem_20_10.dat,HS problem 735 size 20 10 density  0.35,20,10,17,8,0.191,solved,
Simonis,problem_20_10.dat,HS problem 736 size 20 10 density  0.35,20,10,19,8,0.187,solved,
Simonis,problem_20_10.dat,HS problem 737 size 20 10 density  0.35,20,10,20,8,0.195,solved,
Simonis,problem_20_10.dat,HS problem 738 size 20 10 density  0.35,20,10,19,9,0.189,solved,
Simonis,problem_20_10.dat,HS problem 739 size 20 10 density  0.35,20,10,17,7,0.186,solved,
Simonis,problem_20_10.dat,HS problem 740 size 20 10 density  0.35,20,10,17,6,0.19,solved,
Simonis,problem_20_10.dat,HS problem 741 size 20 10 density  0.35,20,10,16,8,0.192,solved,
Simonis,problem_20_10.dat,HS problem 742 size 20 10 density  0.35,20,10,19,8,0.187,solved,
Simonis,problem_20_10.dat,HS problem 743 size 20 10 density  0.35,20,10,19,7,0.188,solved,
Simonis,problem_20_10.dat,HS problem 744 size 20 10 density  0.35,20,10,18,7,0.182,solved,
Simonis,problem_20_10.dat,HS problem 745 size 20 10 density  0.35,20,10,17,7,0.187,solved,
Simonis,problem_20_10.dat,HS problem 746 size 20 10 density  0.35,20,10,18,8,0.186,solved,
Simonis,problem_20_10.dat,HS problem 747 size 20 10 density  0.35,20,10,17,8,0.186,solved,
Simonis,problem_20_10.dat,HS problem 748 size 20 10 density  0.35,20,10,17,9,0.187,solved,
Simonis,problem_20_10.dat,HS problem 749 size 20 10 density  0.35,20,10,18,6,0.183,solved,
Simonis,problem_20_10.dat,HS problem 750 size 20 10 density  0.35,20,10,19,7,0.184,solved,
Simonis,problem_20_10.dat,HS problem 751 size 20 10 density  0.40,20,10,19,8,0.188,solved,
Simonis,problem_20_10.dat,HS problem 752 size 20 10 density  0.40,20,10,19,9,0.186,solved,
Simonis,problem_20_10.dat,HS problem 753 size 20 10 density  0.40,20,10,19,9,0.218,solved,
Simonis,problem_20_10.dat,HS problem 754 size 20 10 density  0.40,20,10,18,8,0.186,solved,
Simonis,problem_20_10.dat,HS problem 755 size 20 10 density  0.40,20,10,20,9,0.183,solved,
Simonis,problem_20_10.dat,HS problem 756 size 20 10 density  0.40,20,10,20,9,0.189,solved,
Simonis,problem_20_10.dat,HS problem 757 size 20 10 density  0.40,20,10,19,8,0.187,solved,
Simonis,problem_20_10.dat,HS problem 758 size 20 10 density  0.40,20,10,17,7,0.187,solved,
Simonis,problem_20_10.dat,HS problem 759 size 20 10 density  0.40,20,10,19,8,0.186,solved,
Simonis,problem_20_10.dat,HS problem 760 size 20 10 density  0.40,20,10,14,8,0.182,solved,
Simonis,problem_20_10.dat,HS problem 761 size 20 10 density  0.40,20,10,18,9,0.183,solved,
Simonis,problem_20_10.dat,HS problem 762 size 20 10 density  0.40,20,10,19,8,0.185,solved,
Simonis,problem_20_10.dat,HS problem 763 size 20 10 density  0.40,20,10,20,9,0.186,solved,
Simonis,problem_20_10.dat,HS problem 764 size 20 10 density  0.40,20,10,16,9,0.185,solved,
Simonis,problem_20_10.dat,HS problem 765 size 20 10 density  0.40,20,10,19,8,0.185,solved,
Simonis,problem_20_10.dat,HS problem 766 size 20 10 density  0.40,20,10,18,9,0.182,solved,
Simonis,problem_20_10.dat,HS problem 767 size 20 10 density  0.40,20,10,16,8,0.182,solved,
Simonis,problem_20_10.dat,HS problem 768 size 20 10 density  0.40,20,10,18,9,0.187,solved,
Simonis,problem_20_10.dat,HS problem 769 size 20 10 density  0.40,20,10,20,8,0.183,solved,
Simonis,problem_20_10.dat,HS problem 770 size 20 10 density  0.40,20,10,17,7,0.189,solved,
Simonis,problem_20_10.dat,HS problem 771 size 20 10 density  0.40,20,10,18,8,0.182,solved,
Simonis,problem_20_10.dat,HS problem 772 size 20 10 density  0.40,20,10,20,8,0.181,solved,
Simonis,problem_20_10.dat,HS problem 773 size 20 10 density  0.40,20,10,16,9,0.192,solved,
Simonis,problem_20_10.dat,HS problem 774 size 20 10 density  0.40,20,10,19,8,0.186,solved,
Simonis,problem_20_10.dat,HS problem 775 size 20 10 density  0.40,20,10,19,8,0.19,solved,
Simonis,problem_20_10.dat,HS problem 776 size 20 10 density  0.40,20,10,19,8,0.187,solved,
Simonis,problem_20_10.dat,HS problem 777 size 20 10 density  0.40,20,10,20,9,0.186,solved,
Simonis,problem_20_10.dat,HS problem 778 size 20 10 density  0.40,20,10,20,8,0.187,solved,
Simonis,problem_20_10.dat,HS problem 779 size 20 10 density  0.40,20,10,17,7,0.189,solved,
Simonis,problem_20_10.dat,HS problem 780 size 20 10 density  0.40,20,10,19,8,0.189,solved,
Simonis,problem_20_10.dat,HS problem 781 size 20 10 density  0.40,20,10,19,8,0.188,solved,
Simonis,problem_20_10.dat,HS problem 782 size 20 10 density  0.40,20,10,17,8,0.186,solved,
Simonis,problem_20_10.dat,HS problem 783 size 20 10 density  0.40,20,10,18,9,0.187,solved,
Simonis,problem_20_10.dat,HS problem 784 size 20 10 density  0.40,20,10,18,9,0.191,solved,
Simonis,problem_20_10.dat,HS problem 785 size 20 10 density  0.40,20,10,20,8,0.186,solved,
Simonis,problem_20_10.dat,HS problem 786 size 20 10 density  0.40,20,10,19,8,0.191,solved,
Simonis,problem_20_10.dat,HS problem 787 size 20 10 density  0.40,20,10,19,8,0.192,solved,
Simonis,problem_20_10.dat,HS problem 788 size 20 10 density  0.40,20,10,20,9,0.189,solved,
Simonis,problem_20_10.dat,HS problem 789 size 20 10 density  0.40,20,10,18,9,0.188,solved,
Simonis,problem_20_10.dat,HS problem 790 size 20 10 density  0.40,20,10,20,8,0.188,solved,
Simonis,problem_20_10.dat,HS problem 791 size 20 10 density  0.40,20,10,18,9,0.193,solved,
Simonis,problem_20_10.dat,HS problem 792 size 20 10 density  0.40,20,10,18,8,0.189,solved,
Simonis,problem_20_10.dat,HS problem 793 size 20 10 density  0.40,20,10,18,8,0.187,solved,
Simonis,problem_20_10.dat,HS problem 794 size 20 10 density  0.40,20,10,18,8,0.187,solved,
Simonis,problem_20_10.dat,HS problem 795 size 20 10 density  0.40,20,10,20,8,0.192,solved,
Simonis,problem_20_10.dat,HS problem 796 size 20 10 density  0.40,20,10,19,9,0.188,solved,
Simonis,problem_20_10.dat,HS problem 797 size 20 10 density  0.40,20,10,19,9,0.185,solved,
Simonis,problem_20_10.dat,HS problem 798 size 20 10 density  0.40,20,10,19,9,0.191,solved,
Simonis,problem_20_10.dat,HS problem 799 size 20 10 density  0.40,20,10,19,8,0.183,solved,
Simonis,problem_20_10.dat,HS problem 800 size 20 10 density  0.40,20,10,19,9,0.184,solved,
Simonis,problem_20_10.dat,HS problem 801 size 20 10 density  0.45,20,10,16,8,0.192,solved,
Simonis,problem_20_10.dat,HS problem 802 size 20 10 density  0.45,20,10,18,8,0.187,solved,
Simonis,problem_20_10.dat,HS problem 803 size 20 10 density  0.45,20,10,19,8,0.185,solved,
Simonis,problem_20_10.dat,HS problem 804 size 20 10 density  0.45,20,10,20,9,0.184,solved,
Simonis,problem_20_10.dat,HS problem 805 size 20 10 density  0.45,20,10,18,9,0.183,solved,
Simonis,problem_20_10.dat,HS problem 806 size 20 10 density  0.45,20,10,19,9,0.185,solved,
Simonis,problem_20_10.dat,HS problem 807 size 20 10 density  0.45,20,10,20,9,0.187,solved,
Simonis,problem_20_10.dat,HS problem 808 size 20 10 density  0.45,20,10,19,9,0.183,solved,
Simonis,problem_20_10.dat,HS problem 809 size 20 10 density  0.45,20,10,19,9,0.189,solved,
Simonis,problem_20_10.dat,HS problem 810 size 20 10 density  0.45,20,10,19,9,0.182,solved,
Simonis,problem_20_10.dat,HS problem 811 size 20 10 density  0.45,20,10,19,9,0.182,solved,
Simonis,problem_20_10.dat,HS problem 812 size 20 10 density  0.45,20,10,20,9,0.187,solved,
Simonis,problem_20_10.dat,HS problem 813 size 20 10 density  0.45,20,10,17,8,0.188,solved,
Simonis,problem_20_10.dat,HS problem 814 size 20 10 density  0.45,20,10,20,9,0.186,solved,
Simonis,problem_20_10.dat,HS problem 815 size 20 10 density  0.45,20,10,20,8,0.185,solved,
Simonis,problem_20_10.dat,HS problem 816 size 20 10 density  0.45,20,10,18,9,0.183,solved,
Simonis,problem_20_10.dat,HS problem 817 size 20 10 density  0.45,20,10,20,9,0.186,solved,
Simonis,problem_20_10.dat,HS problem 818 size 20 10 density  0.45,20,10,19,8,0.185,solved,
Simonis,problem_20_10.dat,HS problem 819 size 20 10 density  0.45,20,10,19,9,0.184,solved,
Simonis,problem_20_10.dat,HS problem 820 size 20 10 density  0.45,20,10,19,9,0.189,solved,
Simonis,problem_20_10.dat,HS problem 821 size 20 10 density  0.45,20,10,20,9,0.183,solved,
Simonis,problem_20_10.dat,HS problem 822 size 20 10 density  0.45,20,10,20,9,0.181,solved,
Simonis,problem_20_10.dat,HS problem 823 size 20 10 density  0.45,20,10,19,9,0.191,solved,
Simonis,problem_20_10.dat,HS problem 824 size 20 10 density  0.45,20,10,19,9,0.184,solved,
Simonis,problem_20_10.dat,HS problem 825 size 20 10 density  0.45,20,10,18,9,0.187,solved,
Simonis,problem_20_10.dat,HS problem 826 size 20 10 density  0.45,20,10,18,8,0.185,solved,
Simonis,problem_20_10.dat,HS problem 827 size 20 10 density  0.45,20,10,20,8,0.19,solved,
Simonis,problem_20_10.dat,HS problem 828 size 20 10 density  0.45,20,10,19,9,0.188,solved,
Simonis,problem_20_10.dat,HS problem 829 size 20 10 density  0.45,20,10,20,9,0.185,solved,
Simonis,problem_20_10.dat,HS problem 830 size 20 10 density  0.45,20,10,19,8,0.186,solved,
Simonis,problem_20_10.dat,HS problem 831 size 20 10 density  0.45,20,10,19,9,0.188,solved,
Simonis,problem_20_10.dat,HS problem 832 size 20 10 density  0.45,20,10,18,8,0.188,solved,
Simonis,problem_20_10.dat,HS problem 833 size 20 10 density  0.45,20,10,19,8,0.183,solved,
Simonis,problem_20_10.dat,HS problem 834 size 20 10 density  0.45,20,10,20,9,0.187,solved,
Simonis,problem_20_10.dat,HS problem 835 size 20 10 density  0.45,20,10,17,8,0.188,solved,
Simonis,problem_20_10.dat,HS problem 836 size 20 10 density  0.45,20,10,20,9,0.192,solved,
Simonis,problem_20_10.dat,HS problem 837 size 20 10 density  0.45,20,10,20,9,0.188,solved,
Simonis,problem_20_10.dat,HS problem 838 size 20 10 density  0.45,20,10,20,9,0.187,solved,
Simonis,problem_20_10.dat,HS problem 839 size 20 10 density  0.45,20,10,20,9,0.189,solved,
Simonis,problem_20_10.dat,HS problem 840 size 20 10 density  0.45,20,10,18,9,0.187,solved,
Simonis,problem_20_10.dat,HS problem 841 size 20 10 density  0.45,20,10,19,8,0.191,solved,
Simonis,problem_20_10.dat,HS problem 842 size 20 10 density  0.45,20,10,19,9,0.192,solved,
Simonis,problem_20_10.dat,HS problem 843 size 20 10 density  0.45,20,10,18,9,0.189,solved,
Simonis,problem_20_10.dat,HS problem 844 size 20 10 density  0.45,20,10,20,8,0.185,solved,
Simonis,problem_20_10.dat,HS problem 845 size 20 10 density  0.45,20,10,19,9,0.192,solved,
Simonis,problem_20_10.dat,HS problem 846 size 20 10 density  0.45,20,10,17,9,0.19,solved,
Simonis,problem_20_10.dat,HS problem 847 size 20 10 density  0.45,20,10,18,9,0.191,solved,
Simonis,problem_20_10.dat,HS problem 848 size 20 10 density  0.45,20,10,19,9,0.191,solved,
Simonis,problem_20_10.dat,HS problem 849 size 20 10 density  0.45,20,10,20,9,0.185,solved,
Simonis,problem_20_10.dat,HS problem 850 size 20 10 density  0.45,20,10,20,9,0.186,solved,
Simonis,problem_20_10.dat,HS problem 851 size 20 10 density  0.50,20,10,19,9,0.189,solved,
Simonis,problem_20_10.dat,HS problem 852 size 20 10 density  0.50,20,10,20,9,0.19,solved,
Simonis,problem_20_10.dat,HS problem 853 size 20 10 density  0.50,20,10,19,9,0.189,solved,
Simonis,problem_20_10.dat,HS problem 854 size 20 10 density  0.50,20,10,20,9,0.187,solved,
Simonis,problem_20_10.dat,HS problem 855 size 20 10 density  0.50,20,10,18,9,0.184,solved,
Simonis,problem_20_10.dat,HS problem 856 size 20 10 density  0.50,20,10,20,9,0.183,solved,
Simonis,problem_20_10.dat,HS problem 857 size 20 10 density  0.50,20,10,20,9,0.186,solved,
Simonis,problem_20_10.dat,HS problem 858 size 20 10 density  0.50,20,10,20,9,0.187,solved,
Simonis,problem_20_10.dat,HS problem 859 size 20 10 density  0.50,20,10,19,9,0.186,solved,
Simonis,problem_20_10.dat,HS problem 860 size 20 10 density  0.50,20,10,19,9,0.181,solved,
Simonis,problem_20_10.dat,HS problem 861 size 20 10 density  0.50,20,10,20,9,0.184,solved,
Simonis,problem_20_10.dat,HS problem 862 size 20 10 density  0.50,20,10,18,9,0.187,solved,
Simonis,problem_20_10.dat,HS problem 863 size 20 10 density  0.50,20,10,20,9,0.184,solved,
Simonis,problem_20_10.dat,HS problem 864 size 20 10 density  0.50,20,10,20,9,0.189,solved,
Simonis,problem_20_10.dat,HS problem 865 size 20 10 density  0.50,20,10,20,9,0.182,solved,
Simonis,problem_20_10.dat,HS problem 866 size 20 10 density  0.50,20,10,19,9,0.182,solved,
Simonis,problem_20_10.dat,HS problem 867 size 20 10 density  0.50,20,10,20,9,0.184,solved,
Simonis,problem_20_10.dat,HS problem 868 size 20 10 density  0.50,20,10,20,9,0.187,solved,
Simonis,problem_20_10.dat,HS problem 869 size 20 10 density  0.50,20,10,20,8,0.186,solved,
Simonis,problem_20_10.dat,HS problem 870 size 20 10 density  0.50,20,10,20,9,0.186,solved,
Simonis,problem_20_10.dat,HS problem 871 size 20 10 density  0.50,20,10,20,9,0.182,solved,
Simonis,problem_20_10.dat,HS problem 872 size 20 10 density  0.50,20,10,20,9,0.182,solved,
Simonis,problem_20_10.dat,HS problem 873 size 20 10 density  0.50,20,10,20,9,0.188,solved,
Simonis,problem_20_10.dat,HS problem 874 size 20 10 density  0.50,20,10,20,9,0.185,solved,
Simonis,problem_20_10.dat,HS problem 875 size 20 10 density  0.50,20,10,19,9,0.188,solved,
Simonis,problem_20_10.dat,HS problem 876 size 20 10 density  0.50,20,10,20,9,0.183,solved,
Simonis,problem_20_10.dat,HS problem 877 size 20 10 density  0.50,20,10,20,9,0.179,solved,
Simonis,problem_20_10.dat,HS problem 878 size 20 10 density  0.50,20,10,20,9,0.184,solved,
Simonis,problem_20_10.dat,HS problem 879 size 20 10 density  0.50,20,10,20,8,0.186,solved,
Simonis,problem_20_10.dat,HS problem 880 size 20 10 density  0.50,20,10,20,9,0.187,solved,
Simonis,problem_20_10.dat,HS problem 881 size 20 10 density  0.50,20,10,20,9,0.191,solved,
Simonis,problem_20_10.dat,HS problem 882 size 20 10 density  0.50,20,10,20,9,0.182,solved,
Simonis,problem_20_10.dat,HS problem 883 size 20 10 density  0.50,20,10,20,9,0.181,solved,
Simonis,problem_20_10.dat,HS problem 884 size 20 10 density  0.50,20,10,20,9,0.187,solved,
Simonis,problem_20_10.dat,HS problem 885 size 20 10 density  0.50,20,10,20,8,0.184,solved,
Simonis,problem_20_10.dat,HS problem 886 size 20 10 density  0.50,20,10,20,9,0.186,solved,
Simonis,problem_20_10.dat,HS problem 887 size 20 10 density  0.50,20,10,20,9,0.179,solved,
Simonis,problem_20_10.dat,HS problem 888 size 20 10 density  0.50,20,10,20,9,0.183,solved,
Simonis,problem_20_10.dat,HS problem 889 size 20 10 density  0.50,20,10,20,9,0.187,solved,
Simonis,problem_20_10.dat,HS problem 890 size 20 10 density  0.50,20,10,20,9,0.186,solved,
Simonis,problem_20_10.dat,HS problem 891 size 20 10 density  0.50,20,10,20,9,0.187,solved,
Simonis,problem_20_10.dat,HS problem 892 size 20 10 density  0.50,20,10,20,9,0.187,solved,
Simonis,problem_20_10.dat,HS problem 893 size 20 10 density  0.50,20,10,20,9,0.183,solved,
Simonis,problem_20_10.dat,HS problem 894 size 20 10 density  0.50,20,10,20,9,0.188,solved,
Simonis,problem_20_10.dat,HS problem 895 size 20 10 density  0.50,20,10,19,9,0.188,solved,
Simonis,problem_20_10.dat,HS problem 896 size 20 10 density  0.50,20,10,18,9,0.188,solved,
Simonis,problem_20_10.dat,HS problem 897 size 20 10 density  0.50,20,10,20,9,0.19,solved,
Simonis,problem_20_10.dat,HS problem 898 size 20 10 density  0.50,20,10,19,9,0.185,solved,
Simonis,problem_20_10.dat,HS problem 899 size 20 10 density  0.50,20,10,20,9,0.183,solved,
Simonis,problem_20_10.dat,HS problem 900 size 20 10 density  0.50,20,10,18,9,0.187,solved,
Simonis,problem_20_10.dat,HS problem 901 size 20 10 density  0.55,20,10,20,9,0.193,solved,
Simonis,problem_20_10.dat,HS problem 902 size 20 10 density  0.55,20,10,19,9,0.185,solved,
Simonis,problem_20_10.dat,HS problem 903 size 20 10 density  0.55,20,10,19,9,0.187,solved,
Simonis,problem_20_10.dat,HS problem 904 size 20 10 density  0.55,20,10,20,9,0.185,solved,
Simonis,problem_20_10.dat,HS problem 905 size 20 10 density  0.55,20,10,20,9,0.189,solved,
Simonis,problem_20_10.dat,HS problem 906 size 20 10 density  0.55,20,10,20,9,0.187,solved,
Simonis,problem_20_10.dat,HS problem 907 size 20 10 density  0.55,20,10,19,9,0.183,solved,
Simonis,problem_20_10.dat,HS problem 908 size 20 10 density  0.55,20,10,20,9,0.188,solved,
Simonis,problem_20_10.dat,HS problem 909 size 20 10 density  0.55,20,10,20,9,0.183,solved,
Simonis,problem_20_10.dat,HS problem 910 size 20 10 density  0.55,20,10,20,9,0.186,solved,
Simonis,problem_20_10.dat,HS problem 911 size 20 10 density  0.55,20,10,19,9,0.191,solved,
Simonis,problem_20_10.dat,HS problem 912 size 20 10 density  0.55,20,10,20,9,0.186,solved,
Simonis,problem_20_10.dat,HS problem 913 size 20 10 density  0.55,20,10,20,9,0.186,solved,
Simonis,problem_20_10.dat,HS problem 914 size 20 10 density  0.55,20,10,20,9,0.183,solved,
Simonis,problem_20_10.dat,HS problem 915 size 20 10 density  0.55,20,10,19,9,0.181,solved,
Simonis,problem_20_10.dat,HS problem 916 size 20 10 density  0.55,20,10,19,9,0.185,solved,
Simonis,problem_20_10.dat,HS problem 917 size 20 10 density  0.55,20,10,20,9,0.192,solved,
Simonis,problem_20_10.dat,HS problem 918 size 20 10 density  0.55,20,10,20,9,0.187,solved,
Simonis,problem_20_10.dat,HS problem 919 size 20 10 density  0.55,20,10,19,9,0.184,solved,
Simonis,problem_20_10.dat,HS problem 920 size 20 10 density  0.55,20,10,20,9,0.181,solved,
Simonis,problem_20_10.dat,HS problem 921 size 20 10 density  0.55,20,10,20,9,0.183,solved,
Simonis,problem_20_10.dat,HS problem 922 size 20 10 density  0.55,20,10,20,9,0.187,solved,
Simonis,problem_20_10.dat,HS problem 923 size 20 10 density  0.55,20,10,20,9,0.184,solved,
Simonis,problem_20_10.dat,HS problem 924 size 20 10 density  0.55,20,10,20,9,0.185,solved,
Simonis,problem_20_10.dat,HS problem 925 size 20 10 density  0.55,20,10,20,9,0.182,solved,
Simonis,problem_20_10.dat,HS problem 926 size 20 10 density  0.55,20,10,20,9,0.178,solved,
Simonis,problem_20_10.dat,HS problem 927 size 20 10 density  0.55,20,10,20,8,0.183,solved,
Simonis,problem_20_10.dat,HS problem 928 size 20 10 density  0.55,20,10,20,9,0.186,solved,
Simonis,problem_20_10.dat,HS problem 929 size 20 10 density  0.55,20,10,20,9,0.182,solved,
Simonis,problem_20_10.dat,HS problem 930 size 20 10 density  0.55,20,10,20,9,0.184,solved,
Simonis,problem_20_10.dat,HS problem 931 size 20 10 density  0.55,20,10,20,9,0.176,solved,
Simonis,problem_20_10.dat,HS problem 932 size 20 10 density  0.55,20,10,20,9,0.202,solved,
Simonis,problem_20_10.dat,HS problem 933 size 20 10 density  0.55,20,10,19,9,0.184,solved,
Simonis,problem_20_10.dat,HS problem 934 size 20 10 density  0.55,20,10,20,9,0.185,solved,
Simonis,problem_20_10.dat,HS problem 935 size 20 10 density  0.55,20,10,20,9,0.191,solved,
Simonis,problem_20_10.dat,HS problem 936 size 20 10 density  0.55,20,10,19,9,0.185,solved,
Simonis,problem_20_10.dat,HS problem 937 size 20 10 density  0.55,20,10,20,9,0.181,solved,
Simonis,problem_20_10.dat,HS problem 938 size 20 10 density  0.55,20,10,20,9,0.182,solved,
Simonis,problem_20_10.dat,HS problem 939 size 20 10 density  0.55,20,10,20,9,0.187,solved,
Simonis,problem_20_10.dat,HS problem 940 size 20 10 density  0.55,20,10,20,9,0.179,solved,
Simonis,problem_20_10.dat,HS problem 941 size 20 10 density  0.55,20,10,20,9,0.18,solved,
Simonis,problem_20_10.dat,HS problem 942 size 20 10 density  0.55,20,10,20,9,0.178,solved,
Simonis,problem_20_10.dat,HS problem 943 size 20 10 density  0.55,20,10,20,9,0.177,solved,
Simonis,problem_20_10.dat,HS problem 944 size 20 10 density  0.55,20,10,20,9,0.18,solved,
Simonis,problem_20_10.dat,HS problem 945 size 20 10 density  0.55,20,10,19,9,0.185,solved,
Simonis,problem_20_10.dat,HS problem 946 size 20 10 density  0.55,20,10,20,9,0.185,solved,
Simonis,problem_20_10.dat,HS problem 947 size 20 10 density  0.55,20,10,20,9,0.185,solved,
Simonis,problem_20_10.dat,HS problem 948 size 20 10 density  0.55,20,10,20,9,0.181,solved,
Simonis,problem_20_10.dat,HS problem 949 size 20 10 density  0.55,20,10,20,9,0.183,solved,
Simonis,problem_20_10.dat,HS problem 950 size 20 10 density  0.55,20,10,20,9,0.185,solved,
Simonis,problem_20_10.dat,HS problem 951 size 20 10 density  0.60,20,10,20,9,0.184,solved,
Simonis,problem_20_10.dat,HS problem 952 size 20 10 density  0.60,20,10,20,9,0.183,solved,
Simonis,problem_20_10.dat,HS problem 953 size 20 10 density  0.60,20,10,20,9,0.185,solved,
Simonis,problem_20_10.dat,HS problem 954 size 20 10 density  0.60,20,10,20,9,0.185,solved,
Simonis,problem_20_10.dat,HS problem 955 size 20 10 density  0.60,20,10,19,9,0.182,solved,
Simonis,problem_20_10.dat,HS problem 956 size 20 10 density  0.60,20,10,20,9,0.187,solved,
Simonis,problem_20_10.dat,HS problem 957 size 20 10 density  0.60,20,10,20,9,0.187,solved,
Simonis,problem_20_10.dat,HS problem 958 size 20 10 density  0.60,20,10,20,9,0.186,solved,
Simonis,problem_20_10.dat,HS problem 959 size 20 10 density  0.60,20,10,20,9,0.187,solved,
Simonis,problem_20_10.dat,HS problem 960 size 20 10 density  0.60,20,10,20,9,0.183,solved,
Simonis,problem_20_10.dat,HS problem 961 size 20 10 density  0.60,20,10,20,9,0.183,solved,
Simonis,problem_20_10.dat,HS problem 962 size 20 10 density  0.60,20,10,20,9,0.187,solved,
Simonis,problem_20_10.dat,HS problem 963 size 20 10 density  0.60,20,10,20,9,0.183,solved,
Simonis,problem_20_10.dat,HS problem 964 size 20 10 density  0.60,20,10,20,9,0.184,solved,
Simonis,problem_20_10.dat,HS problem 965 size 20 10 density  0.60,20,10,20,9,0.188,solved,
Simonis,problem_20_10.dat,HS problem 966 size 20 10 density  0.60,20,10,20,9,0.18,solved,
Simonis,problem_20_10.dat,HS problem 967 size 20 10 density  0.60,20,10,20,9,0.182,solved,
Simonis,problem_20_10.dat,HS problem 968 size 20 10 density  0.60,20,10,20,9,0.186,solved,
Simonis,problem_20_10.dat,HS problem 969 size 20 10 density  0.60,20,10,20,9,0.188,solved,
Simonis,problem_20_10.dat,HS problem 970 size 20 10 density  0.60,20,10,20,9,0.183,solved,
Simonis,problem_20_10.dat,HS problem 971 size 20 10 density  0.60,20,10,19,9,0.182,solved,
Simonis,problem_20_10.dat,HS problem 972 size 20 10 density  0.60,20,10,20,9,0.176,solved,
Simonis,problem_20_10.dat,HS problem 973 size 20 10 density  0.60,20,10,20,9,0.176,solved,
Simonis,problem_20_10.dat,HS problem 974 size 20 10 density  0.60,20,10,20,9,0.185,solved,
Simonis,problem_20_10.dat,HS problem 975 size 20 10 density  0.60,20,10,20,9,0.179,solved,
Simonis,problem_20_10.dat,HS problem 976 size 20 10 density  0.60,20,10,20,9,0.181,solved,
Simonis,problem_20_10.dat,HS problem 977 size 20 10 density  0.60,20,10,20,9,0.181,solved,
Simonis,problem_20_10.dat,HS problem 978 size 20 10 density  0.60,20,10,20,9,0.175,solved,
Simonis,problem_20_10.dat,HS problem 979 size 20 10 density  0.60,20,10,20,9,0.176,solved,
Simonis,problem_20_10.dat,HS problem 980 size 20 10 density  0.60,20,10,20,9,0.184,solved,
Simonis,problem_20_10.dat,HS problem 981 size 20 10 density  0.60,20,10,20,9,0.18,solved,
Simonis,problem_20_10.dat,HS problem 982 size 20 10 density  0.60,20,10,19,9,0.184,solved,
Simonis,problem_20_10.dat,HS problem 983 size 20 10 density  0.60,20,10,20,9,0.178,solved,
Simonis,problem_20_10.dat,HS problem 984 size 20 10 density  0.60,20,10,20,9,0.174,solved,
Simonis,problem_20_10.dat,HS problem 985 size 20 10 density  0.60,20,10,20,9,0.181,solved,
Simonis,problem_20_10.dat,HS problem 986 size 20 10 density  0.60,20,10,20,9,0.188,solved,
Simonis,problem_20_10.dat,HS problem 987 size 20 10 density  0.60,20,10,20,9,0.182,solved,
Simonis,problem_20_10.dat,HS problem 988 size 20 10 density  0.60,20,10,20,9,0.195,solved,
Simonis,problem_20_10.dat,HS problem 989 size 20 10 density  0.60,20,10,20,9,0.181,solved,
Simonis,problem_20_10.dat,HS problem 990 size 20 10 density  0.60,20,10,20,9,0.185,solved,
Simonis,problem_20_10.dat,HS problem 991 size 20 10 density  0.60,20,10,20,9,0.187,solved,
Simonis,problem_20_10.dat,HS problem 992 size 20 10 density  0.60,20,10,20,9,0.185,solved,
Simonis,problem_20_10.dat,HS problem 993 size 20 10 density  0.60,20,10,20,9,0.183,solved,
Simonis,problem_20_10.dat,HS problem 994 size 20 10 density  0.60,20,10,20,9,0.182,solved,
Simonis,problem_20_10.dat,HS problem 995 size 20 10 density  0.60,20,10,20,9,0.175,solved,
Simonis,problem_20_10.dat,HS problem 996 size 20 10 density  0.60,20,10,20,9,0.175,solved,
Simonis,problem_20_10.dat,HS problem 997 size 20 10 density  0.60,20,10,20,9,0.184,solved,
Simonis,problem_20_10.dat,HS problem 998 size 20 10 density  0.60,20,10,20,9,0.202,solved,
Simonis,problem_20_10.dat,HS problem 999 size 20 10 density  0.60,20,10,20,9,0.192,solved,
Simonis,problem_20_10.dat,HS problem 1000 size 20 10 density  0.60,20,10,20,9,0.182,solved,
Simonis,problem_20_10.dat,HS problem 1001 size 20 10 density  0.65,20,10,20,9,0.181,solved,
Simonis,problem_20_10.dat,HS problem 1002 size 20 10 density  0.65,20,10,20,9,0.182,solved,
Simonis,problem_20_10.dat,HS problem 1003 size 20 10 density  0.65,20,10,20,9,0.184,solved,
Simonis,problem_20_10.dat,HS problem 1004 size 20 10 density  0.65,20,10,20,9,0.185,solved,
Simonis,problem_20_10.dat,HS problem 1005 size 20 10 density  0.65,20,10,20,9,0.185,solved,
Simonis,problem_20_10.dat,HS problem 1006 size 20 10 density  0.65,20,10,20,9,0.182,solved,
Simonis,problem_20_10.dat,HS problem 1007 size 20 10 density  0.65,20,10,20,9,0.181,solved,
Simonis,problem_20_10.dat,HS problem 1008 size 20 10 density  0.65,20,10,20,9,0.187,solved,
Simonis,problem_20_10.dat,HS problem 1009 size 20 10 density  0.65,20,10,20,9,0.186,solved,
Simonis,problem_20_10.dat,HS problem 1010 size 20 10 density  0.65,20,10,20,9,0.183,solved,
Simonis,problem_20_10.dat,HS problem 1011 size 20 10 density  0.65,20,10,19,9,0.187,solved,
Simonis,problem_20_10.dat,HS problem 1012 size 20 10 density  0.65,20,10,20,9,0.179,solved,
Simonis,problem_20_10.dat,HS problem 1013 size 20 10 density  0.65,20,10,20,9,0.18,solved,
Simonis,problem_20_10.dat,HS problem 1014 size 20 10 density  0.65,20,10,20,9,0.185,solved,
Simonis,problem_20_10.dat,HS problem 1015 size 20 10 density  0.65,20,10,20,9,0.187,solved,
Simonis,problem_20_10.dat,HS problem 1016 size 20 10 density  0.65,20,10,20,9,0.185,solved,
Simonis,problem_20_10.dat,HS problem 1017 size 20 10 density  0.65,20,10,20,9,0.187,solved,
Simonis,problem_20_10.dat,HS problem 1018 size 20 10 density  0.65,20,10,20,9,0.182,solved,
Simonis,problem_20_10.dat,HS problem 1019 size 20 10 density  0.65,20,10,20,9,0.187,solved,
Simonis,problem_20_10.dat,HS problem 1020 size 20 10 density  0.65,20,10,20,9,0.187,solved,
Simonis,problem_20_10.dat,HS problem 1021 size 20 10 density  0.65,20,10,20,9,0.183,solved,
Simonis,problem_20_10.dat,HS problem 1022 size 20 10 density  0.65,20,10,20,9,0.183,solved,
Simonis,problem_20_10.dat,HS problem 1023 size 20 10 density  0.65,20,10,20,9,0.182,solved,
Simonis,problem_20_10.dat,HS problem 1024 size 20 10 density  0.65,20,10,20,9,0.179,solved,
Simonis,problem_20_10.dat,HS problem 1025 size 20 10 density  0.65,20,10,20,9,0.185,solved,
Simonis,problem_20_10.dat,HS problem 1026 size 20 10 density  0.65,20,10,20,9,0.184,solved,
Simonis,problem_20_10.dat,HS problem 1027 size 20 10 density  0.65,20,10,20,9,0.184,solved,
Simonis,problem_20_10.dat,HS problem 1028 size 20 10 density  0.65,20,10,20,9,0.18,solved,
Simonis,problem_20_10.dat,HS problem 1029 size 20 10 density  0.65,20,10,20,9,0.178,solved,
Simonis,problem_20_10.dat,HS problem 1030 size 20 10 density  0.65,20,10,20,9,0.174,solved,
Simonis,problem_20_10.dat,HS problem 1031 size 20 10 density  0.65,20,10,20,9,0.184,solved,
Simonis,problem_20_10.dat,HS problem 1032 size 20 10 density  0.65,20,10,20,9,0.18,solved,
Simonis,problem_20_10.dat,HS problem 1033 size 20 10 density  0.65,20,10,20,9,0.181,solved,
Simonis,problem_20_10.dat,HS problem 1034 size 20 10 density  0.65,20,10,20,9,0.178,solved,
Simonis,problem_20_10.dat,HS problem 1035 size 20 10 density  0.65,20,10,20,9,0.183,solved,
Simonis,problem_20_10.dat,HS problem 1036 size 20 10 density  0.65,20,10,20,9,0.178,solved,
Simonis,problem_20_10.dat,HS problem 1037 size 20 10 density  0.65,20,10,20,9,0.184,solved,
Simonis,problem_20_10.dat,HS problem 1038 size 20 10 density  0.65,20,10,20,9,0.181,solved,
Simonis,problem_20_10.dat,HS problem 1039 size 20 10 density  0.65,20,10,19,9,0.181,solved,
Simonis,problem_20_10.dat,HS problem 1040 size 20 10 density  0.65,20,10,20,9,0.178,solved,
Simonis,problem_20_10.dat,HS problem 1041 size 20 10 density  0.65,20,10,20,9,0.174,solved,
Simonis,problem_20_10.dat,HS problem 1042 size 20 10 density  0.65,20,10,20,9,0.178,solved,
Simonis,problem_20_10.dat,HS problem 1043 size 20 10 density  0.65,20,10,20,9,0.183,solved,
Simonis,problem_20_10.dat,HS problem 1044 size 20 10 density  0.65,20,10,20,9,0.178,solved,
Simonis,problem_20_10.dat,HS problem 1045 size 20 10 density  0.65,20,10,20,9,0.191,solved,
Simonis,problem_20_10.dat,HS problem 1046 size 20 10 density  0.65,20,10,20,9,0.182,solved,
Simonis,problem_20_10.dat,HS problem 1047 size 20 10 density  0.65,20,10,20,9,0.179,solved,
Simonis,problem_20_10.dat,HS problem 1048 size 20 10 density  0.65,20,10,20,9,0.18,solved,
Simonis,problem_20_10.dat,HS problem 1049 size 20 10 density  0.65,20,10,20,9,0.18,solved,
Simonis,problem_20_10.dat,HS problem 1050 size 20 10 density  0.65,20,10,20,9,0.182,solved,
Simonis,problem_20_10.dat,HS problem 1051 size 20 10 density  0.70,20,10,20,9,0.177,solved,
Simonis,problem_20_10.dat,HS problem 1052 size 20 10 density  0.70,20,10,20,9,0.173,solved,
Simonis,problem_20_10.dat,HS problem 1053 size 20 10 density  0.70,20,10,20,9,0.178,solved,
Simonis,problem_20_10.dat,HS problem 1054 size 20 10 density  0.70,20,10,20,9,0.182,solved,
Simonis,problem_20_10.dat,HS problem 1055 size 20 10 density  0.70,20,10,20,9,0.179,solved,
Simonis,problem_20_10.dat,HS problem 1056 size 20 10 density  0.70,20,10,20,9,0.179,solved,
Simonis,problem_20_10.dat,HS problem 1057 size 20 10 density  0.70,20,10,20,9,0.182,solved,
Simonis,problem_20_10.dat,HS problem 1058 size 20 10 density  0.70,20,10,20,9,0.183,solved,
Simonis,problem_20_10.dat,HS problem 1059 size 20 10 density  0.70,20,10,20,9,0.184,solved,
Simonis,problem_20_10.dat,HS problem 1060 size 20 10 density  0.70,20,10,20,9,0.185,solved,
Simonis,problem_20_10.dat,HS problem 1061 size 20 10 density  0.70,20,10,20,9,0.183,solved,
Simonis,problem_20_10.dat,HS problem 1062 size 20 10 density  0.70,20,10,20,9,0.187,solved,
Simonis,problem_20_10.dat,HS problem 1063 size 20 10 density  0.70,20,10,20,9,0.182,solved,
Simonis,problem_20_10.dat,HS problem 1064 size 20 10 density  0.70,20,10,20,9,0.186,solved,
Simonis,problem_20_10.dat,HS problem 1065 size 20 10 density  0.70,20,10,20,9,0.186,solved,
Simonis,problem_20_10.dat,HS problem 1066 size 20 10 density  0.70,20,10,20,9,0.185,solved,
Simonis,problem_20_10.dat,HS problem 1067 size 20 10 density  0.70,20,10,20,9,0.184,solved,
Simonis,problem_20_10.dat,HS problem 1068 size 20 10 density  0.70,20,10,20,9,0.185,solved,
Simonis,problem_20_10.dat,HS problem 1069 size 20 10 density  0.70,20,10,20,9,0.182,solved,
Simonis,problem_20_10.dat,HS problem 1070 size 20 10 density  0.70,20,10,20,9,0.186,solved,
Simonis,problem_20_10.dat,HS problem 1071 size 20 10 density  0.70,20,10,20,9,0.185,solved,
Simonis,problem_20_10.dat,HS problem 1072 size 20 10 density  0.70,20,10,20,9,0.186,solved,
Simonis,problem_20_10.dat,HS problem 1073 size 20 10 density  0.70,20,10,20,9,0.189,solved,
Simonis,problem_20_10.dat,HS problem 1074 size 20 10 density  0.70,20,10,20,9,0.187,solved,
Simonis,problem_20_10.dat,HS problem 1075 size 20 10 density  0.70,20,10,20,9,0.187,solved,
Simonis,problem_20_10.dat,HS problem 1076 size 20 10 density  0.70,20,10,20,9,0.187,solved,
Simonis,problem_20_10.dat,HS problem 1077 size 20 10 density  0.70,20,10,20,9,0.21,solved,
Simonis,problem_20_10.dat,HS problem 1078 size 20 10 density  0.70,20,10,20,9,0.188,solved,
Simonis,problem_20_10.dat,HS problem 1079 size 20 10 density  0.70,20,10,20,9,0.186,solved,
Simonis,problem_20_10.dat,HS problem 1080 size 20 10 density  0.70,20,10,20,9,0.183,solved,
Simonis,problem_20_10.dat,HS problem 1081 size 20 10 density  0.70,20,10,20,9,0.186,solved,
Simonis,problem_20_10.dat,HS problem 1082 size 20 10 density  0.70,20,10,20,9,0.188,solved,
Simonis,problem_20_10.dat,HS problem 1083 size 20 10 density  0.70,20,10,20,9,0.184,solved,
Simonis,problem_20_10.dat,HS problem 1084 size 20 10 density  0.70,20,10,20,9,0.187,solved,
Simonis,problem_20_10.dat,HS problem 1085 size 20 10 density  0.70,20,10,20,9,0.192,solved,
Simonis,problem_20_10.dat,HS problem 1086 size 20 10 density  0.70,20,10,20,9,0.188,solved,
Simonis,problem_20_10.dat,HS problem 1087 size 20 10 density  0.70,20,10,20,9,0.187,solved,
Simonis,problem_20_10.dat,HS problem 1088 size 20 10 density  0.70,20,10,20,9,0.187,solved,
Simonis,problem_20_10.dat,HS problem 1089 size 20 10 density  0.70,20,10,20,9,0.186,solved,
Simonis,problem_20_10.dat,HS problem 1090 size 20 10 density  0.70,20,10,20,9,0.181,solved,
Simonis,problem_20_10.dat,HS problem 1091 size 20 10 density  0.70,20,10,20,9,0.179,solved,
Simonis,problem_20_10.dat,HS problem 1092 size 20 10 density  0.70,20,10,20,9,0.181,solved,
Simonis,problem_20_10.dat,HS problem 1093 size 20 10 density  0.70,20,10,20,9,0.186,solved,
Simonis,problem_20_10.dat,HS problem 1094 size 20 10 density  0.70,20,10,20,9,0.189,solved,
Simonis,problem_20_10.dat,HS problem 1095 size 20 10 density  0.70,20,10,20,9,0.189,solved,
Simonis,problem_20_10.dat,HS problem 1096 size 20 10 density  0.70,20,10,20,9,0.184,solved,
Simonis,problem_20_10.dat,HS problem 1097 size 20 10 density  0.70,20,10,20,9,0.175,solved,
Simonis,problem_20_10.dat,HS problem 1098 size 20 10 density  0.70,20,10,20,9,0.184,solved,
Simonis,problem_20_10.dat,HS problem 1099 size 20 10 density  0.70,20,10,20,9,0.186,solved,
Simonis,problem_20_10.dat,HS problem 1100 size 20 10 density  0.70,20,10,20,9,0.192,solved,
Simonis,problem_30_10.dat,HS problem 1101 size 30 10 density  0.20,30,10,16,5,0.189,solved,
Simonis,problem_30_10.dat,HS problem 1102 size 30 10 density  0.20,30,10,21,6,0.18,solved,
Simonis,problem_30_10.dat,HS problem 1103 size 30 10 density  0.20,30,10,19,6,0.18,solved,
Simonis,problem_30_10.dat,HS problem 1104 size 30 10 density  0.20,30,10,21,6,0.185,solved,
Simonis,problem_30_10.dat,HS problem 1105 size 30 10 density  0.20,30,10,19,7,0.181,solved,
Simonis,problem_30_10.dat,HS problem 1106 size 30 10 density  0.20,30,10,19,6,0.183,solved,
Simonis,problem_30_10.dat,HS problem 1107 size 30 10 density  0.20,30,10,21,6,0.178,solved,
Simonis,problem_30_10.dat,HS problem 1108 size 30 10 density  0.20,30,10,21,7,0.177,solved,
Simonis,problem_30_10.dat,HS problem 1109 size 30 10 density  0.20,30,10,16,5,0.183,solved,
Simonis,problem_30_10.dat,HS problem 1110 size 30 10 density  0.20,30,10,22,8,0.181,solved,
Simonis,problem_30_10.dat,HS problem 1111 size 30 10 density  0.20,30,10,18,6,0.178,solved,
Simonis,problem_30_10.dat,HS problem 1112 size 30 10 density  0.20,30,10,22,6,0.184,solved,
Simonis,problem_30_10.dat,HS problem 1113 size 30 10 density  0.20,30,10,19,7,0.176,solved,
Simonis,problem_30_10.dat,HS problem 1114 size 30 10 density  0.20,30,10,16,7,0.176,solved,
Simonis,problem_30_10.dat,HS problem 1115 size 30 10 density  0.20,30,10,19,7,0.184,solved,
Simonis,problem_30_10.dat,HS problem 1116 size 30 10 density  0.20,30,10,18,6,0.183,solved,
Simonis,problem_30_10.dat,HS problem 1117 size 30 10 density  0.20,30,10,18,5,0.186,solved,
Simonis,problem_30_10.dat,HS problem 1118 size 30 10 density  0.20,30,10,21,6,0.185,solved,
Simonis,problem_30_10.dat,HS problem 1119 size 30 10 density  0.20,30,10,18,5,0.179,solved,
Simonis,problem_30_10.dat,HS problem 1120 size 30 10 density  0.20,30,10,18,8,0.181,solved,
Simonis,problem_30_10.dat,HS problem 1121 size 30 10 density  0.20,30,10,19,6,0.187,solved,
Simonis,problem_30_10.dat,HS problem 1122 size 30 10 density  0.20,30,10,20,6,0.185,solved,
Simonis,problem_30_10.dat,HS problem 1123 size 30 10 density  0.20,30,10,14,4,0.188,solved,
Simonis,problem_30_10.dat,HS problem 1124 size 30 10 density  0.20,30,10,18,7,0.181,solved,
Simonis,problem_30_10.dat,HS problem 1125 size 30 10 density  0.20,30,10,17,6,0.18,solved,
Simonis,problem_30_10.dat,HS problem 1126 size 30 10 density  0.20,30,10,20,6,0.186,solved,
Simonis,problem_30_10.dat,HS problem 1127 size 30 10 density  0.20,30,10,16,6,0.184,solved,
Simonis,problem_30_10.dat,HS problem 1128 size 30 10 density  0.20,30,10,22,7,0.186,solved,
Simonis,problem_30_10.dat,HS problem 1129 size 30 10 density  0.20,30,10,19,7,0.189,solved,
Simonis,problem_30_10.dat,HS problem 1130 size 30 10 density  0.20,30,10,20,7,0.189,solved,
Simonis,problem_30_10.dat,HS problem 1131 size 30 10 density  0.20,30,10,13,4,0.186,solved,
Simonis,problem_30_10.dat,HS problem 1132 size 30 10 density  0.20,30,10,15,6,0.189,solved,
Simonis,problem_30_10.dat,HS problem 1133 size 30 10 density  0.20,30,10,20,7,0.187,solved,
Simonis,problem_30_10.dat,HS problem 1134 size 30 10 density  0.20,30,10,16,6,0.189,solved,
Simonis,problem_30_10.dat,HS problem 1135 size 30 10 density  0.20,30,10,21,7,0.188,solved,
Simonis,problem_30_10.dat,HS problem 1136 size 30 10 density  0.20,30,10,22,7,0.182,solved,
Simonis,problem_30_10.dat,HS problem 1137 size 30 10 density  0.20,30,10,21,6,0.183,solved,
Simonis,problem_30_10.dat,HS problem 1138 size 30 10 density  0.20,30,10,19,7,0.187,solved,
Simonis,problem_30_10.dat,HS problem 1139 size 30 10 density  0.20,30,10,20,7,0.186,solved,
Simonis,problem_30_10.dat,HS problem 1140 size 30 10 density  0.20,30,10,18,6,0.182,solved,
Simonis,problem_30_10.dat,HS problem 1141 size 30 10 density  0.20,30,10,18,6,0.185,solved,
Simonis,problem_30_10.dat,HS problem 1142 size 30 10 density  0.20,30,10,22,7,0.179,solved,
Simonis,problem_30_10.dat,HS problem 1143 size 30 10 density  0.20,30,10,22,6,0.184,solved,
Simonis,problem_30_10.dat,HS problem 1144 size 30 10 density  0.20,30,10,15,5,0.186,solved,
Simonis,problem_30_10.dat,HS problem 1145 size 30 10 density  0.20,30,10,23,6,0.182,solved,
Simonis,problem_30_10.dat,HS problem 1146 size 30 10 density  0.20,30,10,20,6,0.183,solved,
Simonis,problem_30_10.dat,HS problem 1147 size 30 10 density  0.20,30,10,17,7,0.176,solved,
Simonis,problem_30_10.dat,HS problem 1148 size 30 10 density  0.20,30,10,15,6,0.176,solved,
Simonis,problem_30_10.dat,HS problem 1149 size 30 10 density  0.20,30,10,23,6,0.182,solved,
Simonis,problem_30_10.dat,HS problem 1150 size 30 10 density  0.20,30,10,16,6,0.185,solved,
Simonis,problem_30_10.dat,HS problem 1151 size 30 10 density  0.25,30,10,24,9,0.181,solved,
Simonis,problem_30_10.dat,HS problem 1152 size 30 10 density  0.25,30,10,20,7,0.182,solved,
Simonis,problem_30_10.dat,HS problem 1153 size 30 10 density  0.25,30,10,19,7,0.176,solved,
Simonis,problem_30_10.dat,HS problem 1154 size 30 10 density  0.25,30,10,22,6,0.184,solved,
Simonis,problem_30_10.dat,HS problem 1155 size 30 10 density  0.25,30,10,18,6,0.194,solved,
Simonis,problem_30_10.dat,HS problem 1156 size 30 10 density  0.25,30,10,21,6,0.187,solved,
Simonis,problem_30_10.dat,HS problem 1157 size 30 10 density  0.25,30,10,17,7,0.185,solved,
Simonis,problem_30_10.dat,HS problem 1158 size 30 10 density  0.25,30,10,15,6,0.18,solved,
Simonis,problem_30_10.dat,HS problem 1159 size 30 10 density  0.25,30,10,19,6,0.176,solved,
Simonis,problem_30_10.dat,HS problem 1160 size 30 10 density  0.25,30,10,23,8,0.179,solved,
Simonis,problem_30_10.dat,HS problem 1161 size 30 10 density  0.25,30,10,22,7,0.184,solved,
Simonis,problem_30_10.dat,HS problem 1162 size 30 10 density  0.25,30,10,23,7,0.178,solved,
Simonis,problem_30_10.dat,HS problem 1163 size 30 10 density  0.25,30,10,21,7,0.183,solved,
Simonis,problem_30_10.dat,HS problem 1164 size 30 10 density  0.25,30,10,21,7,0.174,solved,
Simonis,problem_30_10.dat,HS problem 1165 size 30 10 density  0.25,30,10,21,7,0.174,solved,
Simonis,problem_30_10.dat,HS problem 1166 size 30 10 density  0.25,30,10,20,7,0.183,solved,
Simonis,problem_30_10.dat,HS problem 1167 size 30 10 density  0.25,30,10,25,7,0.183,solved,
Simonis,problem_30_10.dat,HS problem 1168 size 30 10 density  0.25,30,10,22,7,0.179,solved,
Simonis,problem_30_10.dat,HS problem 1169 size 30 10 density  0.25,30,10,20,6,0.186,solved,
Simonis,problem_30_10.dat,HS problem 1170 size 30 10 density  0.25,30,10,23,8,0.174,solved,
Simonis,problem_30_10.dat,HS problem 1171 size 30 10 density  0.25,30,10,22,8,0.174,solved,
Simonis,problem_30_10.dat,HS problem 1172 size 30 10 density  0.25,30,10,25,8,0.182,solved,
Simonis,problem_30_10.dat,HS problem 1173 size 30 10 density  0.25,30,10,20,6,0.184,solved,
Simonis,problem_30_10.dat,HS problem 1174 size 30 10 density  0.25,30,10,21,6,0.209,solved,
Simonis,problem_30_10.dat,HS problem 1175 size 30 10 density  0.25,30,10,21,7,0.186,solved,
Simonis,problem_30_10.dat,HS problem 1176 size 30 10 density  0.25,30,10,22,8,0.177,solved,
Simonis,problem_30_10.dat,HS problem 1177 size 30 10 density  0.25,30,10,18,7,0.179,solved,
Simonis,problem_30_10.dat,HS problem 1178 size 30 10 density  0.25,30,10,18,7,0.186,solved,
Simonis,problem_30_10.dat,HS problem 1179 size 30 10 density  0.25,30,10,21,7,0.187,solved,
Simonis,problem_30_10.dat,HS problem 1180 size 30 10 density  0.25,30,10,19,6,0.184,solved,
Simonis,problem_30_10.dat,HS problem 1181 size 30 10 density  0.25,30,10,19,7,0.186,solved,
Simonis,problem_30_10.dat,HS problem 1182 size 30 10 density  0.25,30,10,20,6,0.181,solved,
Simonis,problem_30_10.dat,HS problem 1183 size 30 10 density  0.25,30,10,26,8,0.186,solved,
Simonis,problem_30_10.dat,HS problem 1184 size 30 10 density  0.25,30,10,20,6,0.187,solved,
Simonis,problem_30_10.dat,HS problem 1185 size 30 10 density  0.25,30,10,20,7,0.187,solved,
Simonis,problem_30_10.dat,HS problem 1186 size 30 10 density  0.25,30,10,17,5,0.183,solved,
Simonis,problem_30_10.dat,HS problem 1187 size 30 10 density  0.25,30,10,20,6,0.187,solved,
Simonis,problem_30_10.dat,HS problem 1188 size 30 10 density  0.25,30,10,21,7,0.184,solved,
Simonis,problem_30_10.dat,HS problem 1189 size 30 10 density  0.25,30,10,24,7,0.189,solved,
Simonis,problem_30_10.dat,HS problem 1190 size 30 10 density  0.25,30,10,24,7,0.189,solved,
Simonis,problem_30_10.dat,HS problem 1191 size 30 10 density  0.25,30,10,20,8,0.185,solved,
Simonis,problem_30_10.dat,HS problem 1192 size 30 10 density  0.25,30,10,23,6,0.189,solved,
Simonis,problem_30_10.dat,HS problem 1193 size 30 10 density  0.25,30,10,25,8,0.185,solved,
Simonis,problem_30_10.dat,HS problem 1194 size 30 10 density  0.25,30,10,23,7,0.184,solved,
Simonis,problem_30_10.dat,HS problem 1195 size 30 10 density  0.25,30,10,18,7,0.188,solved,
Simonis,problem_30_10.dat,HS problem 1196 size 30 10 density  0.25,30,10,20,7,0.183,solved,
Simonis,problem_30_10.dat,HS problem 1197 size 30 10 density  0.25,30,10,24,7,0.183,solved,
Simonis,problem_30_10.dat,HS problem 1198 size 30 10 density  0.25,30,10,21,7,0.185,solved,
Simonis,problem_30_10.dat,HS problem 1199 size 30 10 density  0.25,30,10,25,8,0.185,solved,
Simonis,problem_30_10.dat,HS problem 1200 size 30 10 density  0.25,30,10,24,9,0.185,solved,
Simonis,problem_30_10.dat,HS problem 1201 size 30 10 density  0.30,30,10,24,8,0.187,solved,
Simonis,problem_30_10.dat,HS problem 1202 size 30 10 density  0.30,30,10,22,7,0.186,solved,
Simonis,problem_30_10.dat,HS problem 1203 size 30 10 density  0.30,30,10,27,8,0.189,solved,
Simonis,problem_30_10.dat,HS problem 1204 size 30 10 density  0.30,30,10,22,7,0.185,solved,
Simonis,problem_30_10.dat,HS problem 1205 size 30 10 density  0.30,30,10,22,9,0.183,solved,
Simonis,problem_30_10.dat,HS problem 1206 size 30 10 density  0.30,30,10,25,8,0.186,solved,
Simonis,problem_30_10.dat,HS problem 1207 size 30 10 density  0.30,30,10,28,7,0.181,solved,
Simonis,problem_30_10.dat,HS problem 1208 size 30 10 density  0.30,30,10,24,8,0.185,solved,
Simonis,problem_30_10.dat,HS problem 1209 size 30 10 density  0.30,30,10,24,8,0.189,solved,
Simonis,problem_30_10.dat,HS problem 1210 size 30 10 density  0.30,30,10,19,7,0.184,solved,
Simonis,problem_30_10.dat,HS problem 1211 size 30 10 density  0.30,30,10,21,8,0.181,solved,
Simonis,problem_30_10.dat,HS problem 1212 size 30 10 density  0.30,30,10,23,7,0.184,solved,
Simonis,problem_30_10.dat,HS problem 1213 size 30 10 density  0.30,30,10,23,8,0.181,solved,
Simonis,problem_30_10.dat,HS problem 1214 size 30 10 density  0.30,30,10,22,8,0.185,solved,
Simonis,problem_30_10.dat,HS problem 1215 size 30 10 density  0.30,30,10,25,9,0.179,solved,
Simonis,problem_30_10.dat,HS problem 1216 size 30 10 density  0.30,30,10,25,8,0.176,solved,
Simonis,problem_30_10.dat,HS problem 1217 size 30 10 density  0.30,30,10,26,8,0.18,solved,
Simonis,problem_30_10.dat,HS problem 1218 size 30 10 density  0.30,30,10,24,9,0.182,solved,
Simonis,problem_30_10.dat,HS problem 1219 size 30 10 density  0.30,30,10,24,8,0.181,solved,
Simonis,problem_30_10.dat,HS problem 1220 size 30 10 density  0.30,30,10,25,7,0.184,solved,
Simonis,problem_30_10.dat,HS problem 1221 size 30 10 density  0.30,30,10,25,8,0.179,solved,
Simonis,problem_30_10.dat,HS problem 1222 size 30 10 density  0.30,30,10,22,9,0.176,solved,
Simonis,problem_30_10.dat,HS problem 1223 size 30 10 density  0.30,30,10,25,9,0.186,solved,
Simonis,problem_30_10.dat,HS problem 1224 size 30 10 density  0.30,30,10,27,8,0.179,solved,
Simonis,problem_30_10.dat,HS problem 1225 size 30 10 density  0.30,30,10,22,8,0.182,solved,
Simonis,problem_30_10.dat,HS problem 1226 size 30 10 density  0.30,30,10,24,9,0.186,solved,
Simonis,problem_30_10.dat,HS problem 1227 size 30 10 density  0.30,30,10,23,8,0.177,solved,
Simonis,problem_30_10.dat,HS problem 1228 size 30 10 density  0.30,30,10,28,8,0.184,solved,
Simonis,problem_30_10.dat,HS problem 1229 size 30 10 density  0.30,30,10,25,8,0.189,solved,
Simonis,problem_30_10.dat,HS problem 1230 size 30 10 density  0.30,30,10,26,9,0.186,solved,
Simonis,problem_30_10.dat,HS problem 1231 size 30 10 density  0.30,30,10,24,8,0.184,solved,
Simonis,problem_30_10.dat,HS problem 1232 size 30 10 density  0.30,30,10,21,7,0.184,solved,
Simonis,problem_30_10.dat,HS problem 1233 size 30 10 density  0.30,30,10,27,8,0.176,solved,
Simonis,problem_30_10.dat,HS problem 1234 size 30 10 density  0.30,30,10,21,7,0.178,solved,
Simonis,problem_30_10.dat,HS problem 1235 size 30 10 density  0.30,30,10,24,7,0.187,solved,
Simonis,problem_30_10.dat,HS problem 1236 size 30 10 density  0.30,30,10,25,8,0.183,solved,
Simonis,problem_30_10.dat,HS problem 1237 size 30 10 density  0.30,30,10,25,8,0.186,solved,
Simonis,problem_30_10.dat,HS problem 1238 size 30 10 density  0.30,30,10,22,7,0.185,solved,
Simonis,problem_30_10.dat,HS problem 1239 size 30 10 density  0.30,30,10,27,8,0.183,solved,
Simonis,problem_30_10.dat,HS problem 1240 size 30 10 density  0.30,30,10,23,8,0.187,solved,
Simonis,problem_30_10.dat,HS problem 1241 size 30 10 density  0.30,30,10,21,7,0.189,solved,
Simonis,problem_30_10.dat,HS problem 1242 size 30 10 density  0.30,30,10,21,7,0.189,solved,
Simonis,problem_30_10.dat,HS problem 1243 size 30 10 density  0.30,30,10,20,7,0.187,solved,
Simonis,problem_30_10.dat,HS problem 1244 size 30 10 density  0.30,30,10,24,8,0.183,solved,
Simonis,problem_30_10.dat,HS problem 1245 size 30 10 density  0.30,30,10,28,7,0.183,solved,
Simonis,problem_30_10.dat,HS problem 1246 size 30 10 density  0.30,30,10,26,8,0.186,solved,
Simonis,problem_30_10.dat,HS problem 1247 size 30 10 density  0.30,30,10,22,8,0.187,solved,
Simonis,problem_30_10.dat,HS problem 1248 size 30 10 density  0.30,30,10,23,8,0.188,solved,
Simonis,problem_30_10.dat,HS problem 1249 size 30 10 density  0.30,30,10,28,7,0.188,solved,
Simonis,problem_30_10.dat,HS problem 1250 size 30 10 density  0.30,30,10,22,7,0.184,solved,
Simonis,problem_30_10.dat,HS problem 1251 size 30 10 density  0.35,30,10,24,9,0.186,solved,
Simonis,problem_30_10.dat,HS problem 1252 size 30 10 density  0.35,30,10,26,9,0.187,solved,
Simonis,problem_30_10.dat,HS problem 1253 size 30 10 density  0.35,30,10,26,9,0.186,solved,
Simonis,problem_30_10.dat,HS problem 1254 size 30 10 density  0.35,30,10,27,8,0.189,solved,
Simonis,problem_30_10.dat,HS problem 1255 size 30 10 density  0.35,30,10,27,8,0.184,solved,
Simonis,problem_30_10.dat,HS problem 1256 size 30 10 density  0.35,30,10,28,8,0.185,solved,
Simonis,problem_30_10.dat,HS problem 1257 size 30 10 density  0.35,30,10,25,8,0.187,solved,
Simonis,problem_30_10.dat,HS problem 1258 size 30 10 density  0.35,30,10,28,9,0.189,solved,
Simonis,problem_30_10.dat,HS problem 1259 size 30 10 density  0.35,30,10,25,9,0.189,solved,
Simonis,problem_30_10.dat,HS problem 1260 size 30 10 density  0.35,30,10,26,8,0.192,solved,
Simonis,problem_30_10.dat,HS problem 1261 size 30 10 density  0.35,30,10,24,9,0.184,solved,
Simonis,problem_30_10.dat,HS problem 1262 size 30 10 density  0.35,30,10,27,9,0.183,solved,
Simonis,problem_30_10.dat,HS problem 1263 size 30 10 density  0.35,30,10,24,9,0.186,solved,
Simonis,problem_30_10.dat,HS problem 1264 size 30 10 density  0.35,30,10,26,9,0.195,solved,
Simonis,problem_30_10.dat,HS problem 1265 size 30 10 density  0.35,30,10,24,9,0.186,solved,
Simonis,problem_30_10.dat,HS problem 1266 size 30 10 density  0.35,30,10,27,8,0.185,solved,
Simonis,problem_30_10.dat,HS problem 1267 size 30 10 density  0.35,30,10,26,9,0.178,solved,
Simonis,problem_30_10.dat,HS problem 1268 size 30 10 density  0.35,30,10,25,8,0.183,solved,
Simonis,problem_30_10.dat,HS problem 1269 size 30 10 density  0.35,30,10,29,9,0.184,solved,
Simonis,problem_30_10.dat,HS problem 1270 size 30 10 density  0.35,30,10,25,9,0.186,solved,
Simonis,problem_30_10.dat,HS problem 1271 size 30 10 density  0.35,30,10,26,8,0.182,solved,
Simonis,problem_30_10.dat,HS problem 1272 size 30 10 density  0.35,30,10,28,9,0.177,solved,
Simonis,problem_30_10.dat,HS problem 1273 size 30 10 density  0.35,30,10,26,8,0.177,solved,
Simonis,problem_30_10.dat,HS problem 1274 size 30 10 density  0.35,30,10,27,8,0.184,solved,
Simonis,problem_30_10.dat,HS problem 1275 size 30 10 density  0.35,30,10,26,8,0.182,solved,
Simonis,problem_30_10.dat,HS problem 1276 size 30 10 density  0.35,30,10,27,8,0.186,solved,
Simonis,problem_30_10.dat,HS problem 1277 size 30 10 density  0.35,30,10,26,9,0.18,solved,
Simonis,problem_30_10.dat,HS problem 1278 size 30 10 density  0.35,30,10,27,9,0.175,solved,
Simonis,problem_30_10.dat,HS problem 1279 size 30 10 density  0.35,30,10,28,8,0.175,solved,
Simonis,problem_30_10.dat,HS problem 1280 size 30 10 density  0.35,30,10,27,9,0.184,solved,
Simonis,problem_30_10.dat,HS problem 1281 size 30 10 density  0.35,30,10,25,8,0.185,solved,
Simonis,problem_30_10.dat,HS problem 1282 size 30 10 density  0.35,30,10,27,8,0.185,solved,
Simonis,problem_30_10.dat,HS problem 1283 size 30 10 density  0.35,30,10,21,8,0.178,solved,
Simonis,problem_30_10.dat,HS problem 1284 size 30 10 density  0.35,30,10,26,8,0.177,solved,
Simonis,problem_30_10.dat,HS problem 1285 size 30 10 density  0.35,30,10,30,8,0.176,solved,
Simonis,problem_30_10.dat,HS problem 1286 size 30 10 density  0.35,30,10,30,9,0.185,solved,
Simonis,problem_30_10.dat,HS problem 1287 size 30 10 density  0.35,30,10,26,9,0.184,solved,
Simonis,problem_30_10.dat,HS problem 1288 size 30 10 density  0.35,30,10,27,9,0.184,solved,
Simonis,problem_30_10.dat,HS problem 1289 size 30 10 density  0.35,30,10,30,9,0.198,solved,
Simonis,problem_30_10.dat,HS problem 1290 size 30 10 density  0.35,30,10,25,8,0.178,solved,
Simonis,problem_30_10.dat,HS problem 1291 size 30 10 density  0.35,30,10,24,8,0.179,solved,
Simonis,problem_30_10.dat,HS problem 1292 size 30 10 density  0.35,30,10,24,8,0.188,solved,
Simonis,problem_30_10.dat,HS problem 1293 size 30 10 density  0.35,30,10,26,8,0.179,solved,
Simonis,problem_30_10.dat,HS problem 1294 size 30 10 density  0.35,30,10,26,8,0.184,solved,
Simonis,problem_30_10.dat,HS problem 1295 size 30 10 density  0.35,30,10,23,8,0.184,solved,
Simonis,problem_30_10.dat,HS problem 1296 size 30 10 density  0.35,30,10,26,8,0.18,solved,
Simonis,problem_30_10.dat,HS problem 1297 size 30 10 density  0.35,30,10,28,7,0.187,solved,
Simonis,problem_30_10.dat,HS problem 1298 size 30 10 density  0.35,30,10,28,9,0.184,solved,
Simonis,problem_30_10.dat,HS problem 1299 size 30 10 density  0.35,30,10,26,9,0.183,solved,
Simonis,problem_30_10.dat,HS problem 1300 size 30 10 density  0.35,30,10,25,8,0.186,solved,
Simonis,problem_30_10.dat,HS problem 1301 size 30 10 density  0.40,30,10,27,9,0.182,solved,
Simonis,problem_30_10.dat,HS problem 1302 size 30 10 density  0.40,30,10,29,9,0.181,solved,
Simonis,problem_30_10.dat,HS problem 1303 size 30 10 density  0.40,30,10,28,9,0.188,solved,
Simonis,problem_30_10.dat,HS problem 1304 size 30 10 density  0.40,30,10,30,9,0.183,solved,
Simonis,problem_30_10.dat,HS problem 1305 size 30 10 density  0.40,30,10,29,9,0.183,solved,
Simonis,problem_30_10.dat,HS problem 1306 size 30 10 density  0.40,30,10,27,9,0.186,solved,
Simonis,problem_30_10.dat,HS problem 1307 size 30 10 density  0.40,30,10,29,9,0.188,solved,
Simonis,problem_30_10.dat,HS problem 1308 size 30 10 density  0.40,30,10,28,9,0.189,solved,
Simonis,problem_30_10.dat,HS problem 1309 size 30 10 density  0.40,30,10,29,8,0.186,solved,
Simonis,problem_30_10.dat,HS problem 1310 size 30 10 density  0.40,30,10,28,9,0.186,solved,
Simonis,problem_30_10.dat,HS problem 1311 size 30 10 density  0.40,30,10,29,8,0.186,solved,
Simonis,problem_30_10.dat,HS problem 1312 size 30 10 density  0.40,30,10,28,9,0.182,solved,
Simonis,problem_30_10.dat,HS problem 1313 size 30 10 density  0.40,30,10,27,9,0.181,solved,
Simonis,problem_30_10.dat,HS problem 1314 size 30 10 density  0.40,30,10,27,9,0.186,solved,
Simonis,problem_30_10.dat,HS problem 1315 size 30 10 density  0.40,30,10,29,9,0.183,solved,
Simonis,problem_30_10.dat,HS problem 1316 size 30 10 density  0.40,30,10,28,8,0.183,solved,
Simonis,problem_30_10.dat,HS problem 1317 size 30 10 density  0.40,30,10,25,9,0.187,solved,
Simonis,problem_30_10.dat,HS problem 1318 size 30 10 density  0.40,30,10,29,9,0.183,solved,
Simonis,problem_30_10.dat,HS problem 1319 size 30 10 density  0.40,30,10,27,9,0.194,solved,
Simonis,problem_30_10.dat,HS problem 1320 size 30 10 density  0.40,30,10,29,9,0.188,solved,
Simonis,problem_30_10.dat,HS problem 1321 size 30 10 density  0.40,30,10,25,9,0.188,solved,
Simonis,problem_30_10.dat,HS problem 1322 size 30 10 density  0.40,30,10,28,9,0.187,solved,
Simonis,problem_30_10.dat,HS problem 1323 size 30 10 density  0.40,30,10,29,8,0.179,solved,
Simonis,problem_30_10.dat,HS problem 1324 size 30 10 density  0.40,30,10,29,9,0.179,solved,
Simonis,problem_30_10.dat,HS problem 1325 size 30 10 density  0.40,30,10,28,9,0.18,solved,
Simonis,problem_30_10.dat,HS problem 1326 size 30 10 density  0.40,30,10,28,8,0.183,solved,
Simonis,problem_30_10.dat,HS problem 1327 size 30 10 density  0.40,30,10,26,9,0.181,solved,
Simonis,problem_30_10.dat,HS problem 1328 size 30 10 density  0.40,30,10,29,9,0.182,solved,
Simonis,problem_30_10.dat,HS problem 1329 size 30 10 density  0.40,30,10,28,9,0.179,solved,
Simonis,problem_30_10.dat,HS problem 1330 size 30 10 density  0.40,30,10,29,8,0.178,solved,
Simonis,problem_30_10.dat,HS problem 1331 size 30 10 density  0.40,30,10,29,8,0.184,solved,
Simonis,problem_30_10.dat,HS problem 1332 size 30 10 density  0.40,30,10,28,9,0.184,solved,
Simonis,problem_30_10.dat,HS problem 1333 size 30 10 density  0.40,30,10,29,9,0.179,solved,
Simonis,problem_30_10.dat,HS problem 1334 size 30 10 density  0.40,30,10,25,9,0.183,solved,
Simonis,problem_30_10.dat,HS problem 1335 size 30 10 density  0.40,30,10,27,9,0.177,solved,
Simonis,problem_30_10.dat,HS problem 1336 size 30 10 density  0.40,30,10,25,9,0.177,solved,
Simonis,problem_30_10.dat,HS problem 1337 size 30 10 density  0.40,30,10,29,9,0.182,solved,
Simonis,problem_30_10.dat,HS problem 1338 size 30 10 density  0.40,30,10,28,9,0.182,solved,
Simonis,problem_30_10.dat,HS problem 1339 size 30 10 density  0.40,30,10,28,9,0.184,solved,
Simonis,problem_30_10.dat,HS problem 1340 size 30 10 density  0.40,30,10,27,9,0.182,solved,
Simonis,problem_30_10.dat,HS problem 1341 size 30 10 density  0.40,30,10,27,9,0.176,solved,
Simonis,problem_30_10.dat,HS problem 1342 size 30 10 density  0.40,30,10,23,9,0.175,solved,
Simonis,problem_30_10.dat,HS problem 1343 size 30 10 density  0.40,30,10,28,9,0.187,solved,
Simonis,problem_30_10.dat,HS problem 1344 size 30 10 density  0.40,30,10,28,9,0.186,solved,
Simonis,problem_30_10.dat,HS problem 1345 size 30 10 density  0.40,30,10,26,8,0.184,solved,
Simonis,problem_30_10.dat,HS problem 1346 size 30 10 density  0.40,30,10,27,9,0.183,solved,
Simonis,problem_30_10.dat,HS problem 1347 size 30 10 density  0.40,30,10,29,9,0.182,solved,
Simonis,problem_30_10.dat,HS problem 1348 size 30 10 density  0.40,30,10,27,9,0.183,solved,
Simonis,problem_30_10.dat,HS problem 1349 size 30 10 density  0.40,30,10,26,8,0.187,solved,
Simonis,problem_30_10.dat,HS problem 1350 size 30 10 density  0.40,30,10,29,9,0.183,solved,
Simonis,problem_30_10.dat,HS problem 1351 size 30 10 density  0.45,30,10,28,9,0.182,solved,
Simonis,problem_30_10.dat,HS problem 1352 size 30 10 density  0.45,30,10,29,9,0.179,solved,
Simonis,problem_30_10.dat,HS problem 1353 size 30 10 density  0.45,30,10,29,9,0.18,solved,
Simonis,problem_30_10.dat,HS problem 1354 size 30 10 density  0.45,30,10,28,9,0.186,solved,
Simonis,problem_30_10.dat,HS problem 1355 size 30 10 density  0.45,30,10,29,9,0.183,solved,
Simonis,problem_30_10.dat,HS problem 1356 size 30 10 density  0.45,30,10,29,9,0.186,solved,
Simonis,problem_30_10.dat,HS problem 1357 size 30 10 density  0.45,30,10,27,9,0.184,solved,
Simonis,problem_30_10.dat,HS problem 1358 size 30 10 density  0.45,30,10,29,9,0.181,solved,
Simonis,problem_30_10.dat,HS problem 1359 size 30 10 density  0.45,30,10,30,9,0.184,solved,
Simonis,problem_30_10.dat,HS problem 1360 size 30 10 density  0.45,30,10,28,9,0.185,solved,
Simonis,problem_30_10.dat,HS problem 1361 size 30 10 density  0.45,30,10,29,9,0.188,solved,
Simonis,problem_30_10.dat,HS problem 1362 size 30 10 density  0.45,30,10,29,9,0.188,solved,
Simonis,problem_30_10.dat,HS problem 1363 size 30 10 density  0.45,30,10,29,8,0.19,solved,
Simonis,problem_30_10.dat,HS problem 1364 size 30 10 density  0.45,30,10,29,9,0.183,solved,
Simonis,problem_30_10.dat,HS problem 1365 size 30 10 density  0.45,30,10,30,9,0.19,solved,
Simonis,problem_30_10.dat,HS problem 1366 size 30 10 density  0.45,30,10,30,9,0.188,solved,
Simonis,problem_30_10.dat,HS problem 1367 size 30 10 density  0.45,30,10,30,9,0.186,solved,
Simonis,problem_30_10.dat,HS problem 1368 size 30 10 density  0.45,30,10,28,9,0.189,solved,
Simonis,problem_30_10.dat,HS problem 1369 size 30 10 density  0.45,30,10,27,9,0.185,solved,
Simonis,problem_30_10.dat,HS problem 1370 size 30 10 density  0.45,30,10,30,9,0.184,solved,
Simonis,problem_30_10.dat,HS problem 1371 size 30 10 density  0.45,30,10,29,9,0.186,solved,
Simonis,problem_30_10.dat,HS problem 1372 size 30 10 density  0.45,30,10,29,9,0.181,solved,
Simonis,problem_30_10.dat,HS problem 1373 size 30 10 density  0.45,30,10,29,9,0.191,solved,
Simonis,problem_30_10.dat,HS problem 1374 size 30 10 density  0.45,30,10,29,9,0.194,solved,
Simonis,problem_30_10.dat,HS problem 1375 size 30 10 density  0.45,30,10,28,9,0.185,solved,
Simonis,problem_30_10.dat,HS problem 1376 size 30 10 density  0.45,30,10,27,9,0.182,solved,
Simonis,problem_30_10.dat,HS problem 1377 size 30 10 density  0.45,30,10,28,9,0.186,solved,
Simonis,problem_30_10.dat,HS problem 1378 size 30 10 density  0.45,30,10,27,9,0.187,solved,
Simonis,problem_30_10.dat,HS problem 1379 size 30 10 density  0.45,30,10,29,9,0.184,solved,
Simonis,problem_30_10.dat,HS problem 1380 size 30 10 density  0.45,30,10,29,9,0.176,solved,
Simonis,problem_30_10.dat,HS problem 1381 size 30 10 density  0.45,30,10,24,9,0.175,solved,
Simonis,problem_30_10.dat,HS problem 1382 size 30 10 density  0.45,30,10,30,9,0.18,solved,
Simonis,problem_30_10.dat,HS problem 1383 size 30 10 density  0.45,30,10,27,9,0.185,solved,
Simonis,problem_30_10.dat,HS problem 1384 size 30 10 density  0.45,30,10,27,9,0.182,solved,
Simonis,problem_30_10.dat,HS problem 1385 size 30 10 density  0.45,30,10,26,9,0.186,solved,
Simonis,problem_30_10.dat,HS problem 1386 size 30 10 density  0.45,30,10,30,9,0.178,solved,
Simonis,problem_30_10.dat,HS problem 1387 size 30 10 density  0.45,30,10,29,9,0.176,solved,
Simonis,problem_30_10.dat,HS problem 1388 size 30 10 density  0.45,30,10,29,9,0.178,solved,
Simonis,problem_30_10.dat,HS problem 1389 size 30 10 density  0.45,30,10,30,9,0.186,solved,
Simonis,problem_30_10.dat,HS problem 1390 size 30 10 density  0.45,30,10,29,9,0.183,solved,
Simonis,problem_30_10.dat,HS problem 1391 size 30 10 density  0.45,30,10,29,9,0.181,solved,
Simonis,problem_30_10.dat,HS problem 1392 size 30 10 density  0.45,30,10,30,9,0.178,solved,
Simonis,problem_30_10.dat,HS problem 1393 size 30 10 density  0.45,30,10,29,9,0.175,solved,
Simonis,problem_30_10.dat,HS problem 1394 size 30 10 density  0.45,30,10,28,9,0.181,solved,
Simonis,problem_30_10.dat,HS problem 1395 size 30 10 density  0.45,30,10,29,9,0.183,solved,
Simonis,problem_30_10.dat,HS problem 1396 size 30 10 density  0.45,30,10,28,9,0.184,solved,
Simonis,problem_30_10.dat,HS problem 1397 size 30 10 density  0.45,30,10,27,9,0.18,solved,
Simonis,problem_30_10.dat,HS problem 1398 size 30 10 density  0.45,30,10,30,9,0.174,solved,
Simonis,problem_30_10.dat,HS problem 1399 size 30 10 density  0.45,30,10,27,9,0.175,solved,
Simonis,problem_30_10.dat,HS problem 1400 size 30 10 density  0.45,30,10,28,9,0.183,solved,
Simonis,problem_30_10.dat,HS problem 1401 size 30 10 density  0.50,30,10,30,9,0.184,solved,
Simonis,problem_30_10.dat,HS problem 1402 size 30 10 density  0.50,30,10,29,9,0.181,solved,
Simonis,problem_30_10.dat,HS problem 1403 size 30 10 density  0.50,30,10,27,9,0.18,solved,
Simonis,problem_30_10.dat,HS problem 1404 size 30 10 density  0.50,30,10,30,9,0.174,solved,
Simonis,problem_30_10.dat,HS problem 1405 size 30 10 density  0.50,30,10,29,9,0.179,solved,
Simonis,problem_30_10.dat,HS problem 1406 size 30 10 density  0.50,30,10,29,9,0.184,solved,
Simonis,problem_30_10.dat,HS problem 1407 size 30 10 density  0.50,30,10,28,9,0.178,solved,
Simonis,problem_30_10.dat,HS problem 1408 size 30 10 density  0.50,30,10,27,9,0.183,solved,
Simonis,problem_30_10.dat,HS problem 1409 size 30 10 density  0.50,30,10,29,9,0.175,solved,
Simonis,problem_30_10.dat,HS problem 1410 size 30 10 density  0.50,30,10,28,9,0.173,solved,
Simonis,problem_30_10.dat,HS problem 1411 size 30 10 density  0.50,30,10,30,9,0.18,solved,
Simonis,problem_30_10.dat,HS problem 1412 size 30 10 density  0.50,30,10,30,9,0.186,solved,
Simonis,problem_30_10.dat,HS problem 1413 size 30 10 density  0.50,30,10,27,9,0.182,solved,
Simonis,problem_30_10.dat,HS problem 1414 size 30 10 density  0.50,30,10,30,9,0.184,solved,
Simonis,problem_30_10.dat,HS problem 1415 size 30 10 density  0.50,30,10,29,9,0.179,solved,
Simonis,problem_30_10.dat,HS problem 1416 size 30 10 density  0.50,30,10,29,9,0.181,solved,
Simonis,problem_30_10.dat,HS problem 1417 size 30 10 density  0.50,30,10,28,9,0.183,solved,
Simonis,problem_30_10.dat,HS problem 1418 size 30 10 density  0.50,30,10,28,9,0.187,solved,
Simonis,problem_30_10.dat,HS problem 1419 size 30 10 density  0.50,30,10,29,9,0.183,solved,
Simonis,problem_30_10.dat,HS problem 1420 size 30 10 density  0.50,30,10,30,9,0.184,solved,
Simonis,problem_30_10.dat,HS problem 1421 size 30 10 density  0.50,30,10,29,9,0.18,solved,
Simonis,problem_30_10.dat,HS problem 1422 size 30 10 density  0.50,30,10,29,9,0.187,solved,
Simonis,problem_30_10.dat,HS problem 1423 size 30 10 density  0.50,30,10,28,9,0.186,solved,
Simonis,problem_30_10.dat,HS problem 1424 size 30 10 density  0.50,30,10,30,9,0.183,solved,
Simonis,problem_30_10.dat,HS problem 1425 size 30 10 density  0.50,30,10,29,9,0.186,solved,
Simonis,problem_30_10.dat,HS problem 1426 size 30 10 density  0.50,30,10,29,9,0.182,solved,
Simonis,problem_30_10.dat,HS problem 1427 size 30 10 density  0.50,30,10,30,9,0.181,solved,
Simonis,problem_30_10.dat,HS problem 1428 size 30 10 density  0.50,30,10,30,9,0.188,solved,
Simonis,problem_30_10.dat,HS problem 1429 size 30 10 density  0.50,30,10,29,9,0.196,solved,
Simonis,problem_30_10.dat,HS problem 1430 size 30 10 density  0.50,30,10,29,9,0.186,solved,
Simonis,problem_30_10.dat,HS problem 1431 size 30 10 density  0.50,30,10,30,9,0.184,solved,
Simonis,problem_30_10.dat,HS problem 1432 size 30 10 density  0.50,30,10,30,9,0.182,solved,
Simonis,problem_30_10.dat,HS problem 1433 size 30 10 density  0.50,30,10,29,9,0.182,solved,
Simonis,problem_30_10.dat,HS problem 1434 size 30 10 density  0.50,30,10,29,9,0.186,solved,
Simonis,problem_30_10.dat,HS problem 1435 size 30 10 density  0.50,30,10,30,9,0.182,solved,
Simonis,problem_30_10.dat,HS problem 1436 size 30 10 density  0.50,30,10,29,9,0.184,solved,
Simonis,problem_30_10.dat,HS problem 1437 size 30 10 density  0.50,30,10,30,9,0.18,solved,
Simonis,problem_30_10.dat,HS problem 1438 size 30 10 density  0.50,30,10,28,9,0.174,solved,
Simonis,problem_30_10.dat,HS problem 1439 size 30 10 density  0.50,30,10,30,9,0.184,solved,
Simonis,problem_30_10.dat,HS problem 1440 size 30 10 density  0.50,30,10,29,9,0.183,solved,
Simonis,problem_30_10.dat,HS problem 1441 size 30 10 density  0.50,30,10,30,9,0.178,solved,
Simonis,problem_30_10.dat,HS problem 1442 size 30 10 density  0.50,30,10,28,9,0.18,solved,
Simonis,problem_30_10.dat,HS problem 1443 size 30 10 density  0.50,30,10,29,9,0.173,solved,
Simonis,problem_30_10.dat,HS problem 1444 size 30 10 density  0.50,30,10,29,9,0.178,solved,
Simonis,problem_30_10.dat,HS problem 1445 size 30 10 density  0.50,30,10,29,9,0.183,solved,
Simonis,problem_30_10.dat,HS problem 1446 size 30 10 density  0.50,30,10,29,9,0.181,solved,
Simonis,problem_30_10.dat,HS problem 1447 size 30 10 density  0.50,30,10,28,9,0.183,solved,
Simonis,problem_30_10.dat,HS problem 1448 size 30 10 density  0.50,30,10,28,9,0.178,solved,
Simonis,problem_30_10.dat,HS problem 1449 size 30 10 density  0.50,30,10,30,9,0.175,solved,
Simonis,problem_30_10.dat,HS problem 1450 size 30 10 density  0.50,30,10,30,9,0.176,solved,
Simonis,problem_30_10.dat,HS problem 1451 size 30 10 density  0.55,30,10,30,9,0.183,solved,
Simonis,problem_30_10.dat,HS problem 1452 size 30 10 density  0.55,30,10,29,9,0.181,solved,
Simonis,problem_30_10.dat,HS problem 1453 size 30 10 density  0.55,30,10,30,9,0.179,solved,
Simonis,problem_30_10.dat,HS problem 1454 size 30 10 density  0.55,30,10,29,9,0.177,solved,
Simonis,problem_30_10.dat,HS problem 1455 size 30 10 density  0.55,30,10,30,9,0.176,solved,
Simonis,problem_30_10.dat,HS problem 1456 size 30 10 density  0.55,30,10,30,9,0.18,solved,
Simonis,problem_30_10.dat,HS problem 1457 size 30 10 density  0.55,30,10,30,9,0.18,solved,
Simonis,problem_30_10.dat,HS problem 1458 size 30 10 density  0.55,30,10,30,9,0.179,solved,
Simonis,problem_30_10.dat,HS problem 1459 size 30 10 density  0.55,30,10,30,9,0.188,solved,
Simonis,problem_30_10.dat,HS problem 1460 size 30 10 density  0.55,30,10,30,9,0.184,solved,
Simonis,problem_30_10.dat,HS problem 1461 size 30 10 density  0.55,30,10,30,9,0.179,solved,
Simonis,problem_30_10.dat,HS problem 1462 size 30 10 density  0.55,30,10,29,9,0.18,solved,
Simonis,problem_30_10.dat,HS problem 1463 size 30 10 density  0.55,30,10,30,9,0.181,solved,
Simonis,problem_30_10.dat,HS problem 1464 size 30 10 density  0.55,30,10,30,9,0.182,solved,
Simonis,problem_30_10.dat,HS problem 1465 size 30 10 density  0.55,30,10,30,9,0.176,solved,
Simonis,problem_30_10.dat,HS problem 1466 size 30 10 density  0.55,30,10,30,9,0.175,solved,
Simonis,problem_30_10.dat,HS problem 1467 size 30 10 density  0.55,30,10,30,9,0.176,solved,
Simonis,problem_30_10.dat,HS problem 1468 size 30 10 density  0.55,30,10,30,9,0.181,solved,
Simonis,problem_30_10.dat,HS problem 1469 size 30 10 density  0.55,30,10,30,9,0.181,solved,
Simonis,problem_30_10.dat,HS problem 1470 size 30 10 density  0.55,30,10,30,9,0.184,solved,
Simonis,problem_30_10.dat,HS problem 1471 size 30 10 density  0.55,30,10,30,9,0.202,solved,
Simonis,problem_30_10.dat,HS problem 1472 size 30 10 density  0.55,30,10,30,9,0.19,solved,
Simonis,problem_30_10.dat,HS problem 1473 size 30 10 density  0.55,30,10,30,9,0.187,solved,
Simonis,problem_30_10.dat,HS problem 1474 size 30 10 density  0.55,30,10,30,9,0.186,solved,
Simonis,problem_30_10.dat,HS problem 1475 size 30 10 density  0.55,30,10,27,9,0.185,solved,
Simonis,problem_30_10.dat,HS problem 1476 size 30 10 density  0.55,30,10,30,9,0.186,solved,
Simonis,problem_30_10.dat,HS problem 1477 size 30 10 density  0.55,30,10,30,9,0.185,solved,
Simonis,problem_30_10.dat,HS problem 1478 size 30 10 density  0.55,30,10,30,9,0.181,solved,
Simonis,problem_30_10.dat,HS problem 1479 size 30 10 density  0.55,30,10,30,9,0.184,solved,
Simonis,problem_30_10.dat,HS problem 1480 size 30 10 density  0.55,30,10,30,9,0.181,solved,
Simonis,problem_30_10.dat,HS problem 1481 size 30 10 density  0.55,30,10,30,9,0.184,solved,
Simonis,problem_30_10.dat,HS problem 1482 size 30 10 density  0.55,30,10,30,9,0.223,solved,
Simonis,problem_30_10.dat,HS problem 1483 size 30 10 density  0.55,30,10,29,9,0.191,solved,
Simonis,problem_30_10.dat,HS problem 1484 size 30 10 density  0.55,30,10,29,9,0.2,solved,
Simonis,problem_30_10.dat,HS problem 1485 size 30 10 density  0.55,30,10,30,9,0.191,solved,
Simonis,problem_30_10.dat,HS problem 1486 size 30 10 density  0.55,30,10,30,9,0.188,solved,
Simonis,problem_30_10.dat,HS problem 1487 size 30 10 density  0.55,30,10,30,9,0.191,solved,
Simonis,problem_30_10.dat,HS problem 1488 size 30 10 density  0.55,30,10,30,9,0.186,solved,
Simonis,problem_30_10.dat,HS problem 1489 size 30 10 density  0.55,30,10,30,9,0.183,solved,
Simonis,problem_30_10.dat,HS problem 1490 size 30 10 density  0.55,30,10,29,9,0.187,solved,
Simonis,problem_30_10.dat,HS problem 1491 size 30 10 density  0.55,30,10,28,9,0.186,solved,
Simonis,problem_30_10.dat,HS problem 1492 size 30 10 density  0.55,30,10,29,9,0.184,solved,
Simonis,problem_30_10.dat,HS problem 1493 size 30 10 density  0.55,30,10,30,9,0.189,solved,
Simonis,problem_30_10.dat,HS problem 1494 size 30 10 density  0.55,30,10,30,9,0.183,solved,
Simonis,problem_30_10.dat,HS problem 1495 size 30 10 density  0.55,30,10,30,9,0.182,solved,
Simonis,problem_30_10.dat,HS problem 1496 size 30 10 density  0.55,30,10,30,9,0.188,solved,
Simonis,problem_30_10.dat,HS problem 1497 size 30 10 density  0.55,30,10,30,9,0.185,solved,
Simonis,problem_30_10.dat,HS problem 1498 size 30 10 density  0.55,30,10,30,9,0.186,solved,
Simonis,problem_30_10.dat,HS problem 1499 size 30 10 density  0.55,30,10,30,9,0.182,solved,
Simonis,problem_30_10.dat,HS problem 1500 size 30 10 density  0.55,30,10,29,9,0.181,solved,
Simonis,problem_30_10.dat,HS problem 1501 size 30 10 density  0.60,30,10,30,9,0.184,solved,
Simonis,problem_30_10.dat,HS problem 1502 size 30 10 density  0.60,30,10,29,9,0.185,solved,
Simonis,problem_30_10.dat,HS problem 1503 size 30 10 density  0.60,30,10,30,9,0.185,solved,
Simonis,problem_30_10.dat,HS problem 1504 size 30 10 density  0.60,30,10,30,9,0.184,solved,
Simonis,problem_30_10.dat,HS problem 1505 size 30 10 density  0.60,30,10,30,9,0.176,solved,
Simonis,problem_30_10.dat,HS problem 1506 size 30 10 density  0.60,30,10,29,9,0.174,solved,
Simonis,problem_30_10.dat,HS problem 1507 size 30 10 density  0.60,30,10,30,9,0.183,solved,
Simonis,problem_30_10.dat,HS problem 1508 size 30 10 density  0.60,30,10,30,9,0.183,solved,
Simonis,problem_30_10.dat,HS problem 1509 size 30 10 density  0.60,30,10,30,9,0.184,solved,
Simonis,problem_30_10.dat,HS problem 1510 size 30 10 density  0.60,30,10,30,9,0.188,solved,
Simonis,problem_30_10.dat,HS problem 1511 size 30 10 density  0.60,30,10,30,9,0.202,solved,
Simonis,problem_30_10.dat,HS problem 1512 size 30 10 density  0.60,30,10,30,9,0.2,solved,
Simonis,problem_30_10.dat,HS problem 1513 size 30 10 density  0.60,30,10,30,9,0.216,solved,
Simonis,problem_30_10.dat,HS problem 1514 size 30 10 density  0.60,30,10,30,9,0.196,solved,
Simonis,problem_30_10.dat,HS problem 1515 size 30 10 density  0.60,30,10,30,9,0.188,solved,
Simonis,problem_30_10.dat,HS problem 1516 size 30 10 density  0.60,30,10,30,9,0.183,solved,
Simonis,problem_30_10.dat,HS problem 1517 size 30 10 density  0.60,30,10,29,9,0.179,solved,
Simonis,problem_30_10.dat,HS problem 1518 size 30 10 density  0.60,30,10,30,9,0.179,solved,
Simonis,problem_30_10.dat,HS problem 1519 size 30 10 density  0.60,30,10,30,9,0.184,solved,
Simonis,problem_30_10.dat,HS problem 1520 size 30 10 density  0.60,30,10,30,9,0.179,solved,
Simonis,problem_30_10.dat,HS problem 1521 size 30 10 density  0.60,30,10,30,9,0.183,solved,
Simonis,problem_30_10.dat,HS problem 1522 size 30 10 density  0.60,30,10,29,9,0.175,solved,
Simonis,problem_30_10.dat,HS problem 1523 size 30 10 density  0.60,30,10,30,9,0.183,solved,
Simonis,problem_30_10.dat,HS problem 1524 size 30 10 density  0.60,30,10,30,9,0.183,solved,
Simonis,problem_30_10.dat,HS problem 1525 size 30 10 density  0.60,30,10,30,9,0.181,solved,
Simonis,problem_30_10.dat,HS problem 1526 size 30 10 density  0.60,30,10,30,9,0.183,solved,
Simonis,problem_30_10.dat,HS problem 1527 size 30 10 density  0.60,30,10,30,9,0.181,solved,
Simonis,problem_30_10.dat,HS problem 1528 size 30 10 density  0.60,30,10,30,9,0.175,solved,
Simonis,problem_30_10.dat,HS problem 1529 size 30 10 density  0.60,30,10,29,9,0.181,solved,
Simonis,problem_30_10.dat,HS problem 1530 size 30 10 density  0.60,30,10,30,9,0.188,solved,
Simonis,problem_30_10.dat,HS problem 1531 size 30 10 density  0.60,30,10,30,9,0.185,solved,
Simonis,problem_30_10.dat,HS problem 1532 size 30 10 density  0.60,30,10,30,9,0.181,solved,
Simonis,problem_30_10.dat,HS problem 1533 size 30 10 density  0.60,30,10,30,9,0.183,solved,
Simonis,problem_30_10.dat,HS problem 1534 size 30 10 density  0.60,30,10,30,9,0.181,solved,
Simonis,problem_30_10.dat,HS problem 1535 size 30 10 density  0.60,30,10,30,9,0.183,solved,
Simonis,problem_30_10.dat,HS problem 1536 size 30 10 density  0.60,30,10,30,9,0.185,solved,
Simonis,problem_30_10.dat,HS problem 1537 size 30 10 density  0.60,30,10,30,9,0.19,solved,
Simonis,problem_30_10.dat,HS problem 1538 size 30 10 density  0.60,30,10,29,9,0.189,solved,
Simonis,problem_30_10.dat,HS problem 1539 size 30 10 density  0.60,30,10,30,9,0.19,solved,
Simonis,problem_30_10.dat,HS problem 1540 size 30 10 density  0.60,30,10,30,9,0.187,solved,
Simonis,problem_30_10.dat,HS problem 1541 size 30 10 density  0.60,30,10,29,9,0.19,solved,
Simonis,problem_30_10.dat,HS problem 1542 size 30 10 density  0.60,30,10,30,9,0.184,solved,
Simonis,problem_30_10.dat,HS problem 1543 size 30 10 density  0.60,30,10,30,9,0.183,solved,
Simonis,problem_30_10.dat,HS problem 1544 size 30 10 density  0.60,30,10,30,9,0.187,solved,
Simonis,problem_30_10.dat,HS problem 1545 size 30 10 density  0.60,30,10,30,9,0.183,solved,
Simonis,problem_30_10.dat,HS problem 1546 size 30 10 density  0.60,30,10,30,9,0.185,solved,
Simonis,problem_30_10.dat,HS problem 1547 size 30 10 density  0.60,30,10,30,9,0.185,solved,
Simonis,problem_30_10.dat,HS problem 1548 size 30 10 density  0.60,30,10,30,9,0.184,solved,
Simonis,problem_30_10.dat,HS problem 1549 size 30 10 density  0.60,30,10,30,9,0.181,solved,
Simonis,problem_30_10.dat,HS problem 1550 size 30 10 density  0.60,30,10,30,9,0.209,solved,
Simonis,problem_30_10.dat,HS problem 1551 size 30 10 density  0.65,30,10,30,9,0.183,solved,
Simonis,problem_30_10.dat,HS problem 1552 size 30 10 density  0.65,30,10,30,9,0.192,solved,
Simonis,problem_30_10.dat,HS problem 1553 size 30 10 density  0.65,30,10,30,9,0.189,solved,
Simonis,problem_30_10.dat,HS problem 1554 size 30 10 density  0.65,30,10,30,9,0.186,solved,
Simonis,problem_30_10.dat,HS problem 1555 size 30 10 density  0.65,30,10,30,9,0.188,solved,
Simonis,problem_30_10.dat,HS problem 1556 size 30 10 density  0.65,30,10,30,9,0.183,solved,
Simonis,problem_30_10.dat,HS problem 1557 size 30 10 density  0.65,30,10,30,9,0.184,solved,
Simonis,problem_30_10.dat,HS problem 1558 size 30 10 density  0.65,30,10,30,9,0.186,solved,
Simonis,problem_30_10.dat,HS problem 1559 size 30 10 density  0.65,30,10,30,9,0.183,solved,
Simonis,problem_30_10.dat,HS problem 1560 size 30 10 density  0.65,30,10,30,9,0.182,solved,
Simonis,problem_30_10.dat,HS problem 1561 size 30 10 density  0.65,30,10,30,9,0.179,solved,
Simonis,problem_30_10.dat,HS problem 1562 size 30 10 density  0.65,30,10,30,9,0.176,solved,
Simonis,problem_30_10.dat,HS problem 1563 size 30 10 density  0.65,30,10,30,9,0.181,solved,
Simonis,problem_30_10.dat,HS problem 1564 size 30 10 density  0.65,30,10,30,9,0.182,solved,
Simonis,problem_30_10.dat,HS problem 1565 size 30 10 density  0.65,30,10,30,9,0.18,solved,
Simonis,problem_30_10.dat,HS problem 1566 size 30 10 density  0.65,30,10,30,9,0.181,solved,
Simonis,problem_30_10.dat,HS problem 1567 size 30 10 density  0.65,30,10,30,9,0.175,solved,
Simonis,problem_30_10.dat,HS problem 1568 size 30 10 density  0.65,30,10,29,9,0.177,solved,
Simonis,problem_30_10.dat,HS problem 1569 size 30 10 density  0.65,30,10,30,9,0.183,solved,
Simonis,problem_30_10.dat,HS problem 1570 size 30 10 density  0.65,30,10,30,9,0.181,solved,
Simonis,problem_30_10.dat,HS problem 1571 size 30 10 density  0.65,30,10,30,9,0.184,solved,
Simonis,problem_30_10.dat,HS problem 1572 size 30 10 density  0.65,30,10,30,9,0.185,solved,
Simonis,problem_30_10.dat,HS problem 1573 size 30 10 density  0.65,30,10,30,9,0.178,solved,
Simonis,problem_30_10.dat,HS problem 1574 size 30 10 density  0.65,30,10,30,9,0.18,solved,
Simonis,problem_30_10.dat,HS problem 1575 size 30 10 density  0.65,30,10,30,9,0.185,solved,
Simonis,problem_30_10.dat,HS problem 1576 size 30 10 density  0.65,30,10,30,9,0.181,solved,
Simonis,problem_30_10.dat,HS problem 1577 size 30 10 density  0.65,30,10,30,9,0.181,solved,
Simonis,problem_30_10.dat,HS problem 1578 size 30 10 density  0.65,30,10,29,9,0.178,solved,
Simonis,problem_30_10.dat,HS problem 1579 size 30 10 density  0.65,30,10,30,9,0.183,solved,
Simonis,problem_30_10.dat,HS problem 1580 size 30 10 density  0.65,30,10,30,9,0.183,solved,
Simonis,problem_30_10.dat,HS problem 1581 size 30 10 density  0.65,30,10,30,9,0.184,solved,
Simonis,problem_30_10.dat,HS problem 1582 size 30 10 density  0.65,30,10,30,9,0.179,solved,
Simonis,problem_30_10.dat,HS problem 1583 size 30 10 density  0.65,30,10,30,9,0.185,solved,
Simonis,problem_30_10.dat,HS problem 1584 size 30 10 density  0.65,30,10,30,9,0.174,solved,
Simonis,problem_30_10.dat,HS problem 1585 size 30 10 density  0.65,30,10,30,9,0.178,solved,
Simonis,problem_30_10.dat,HS problem 1586 size 30 10 density  0.65,30,10,30,9,0.184,solved,
Simonis,problem_30_10.dat,HS problem 1587 size 30 10 density  0.65,30,10,30,9,0.181,solved,
Simonis,problem_30_10.dat,HS problem 1588 size 30 10 density  0.65,30,10,30,9,0.186,solved,
Simonis,problem_30_10.dat,HS problem 1589 size 30 10 density  0.65,30,10,30,9,0.183,solved,
Simonis,problem_30_10.dat,HS problem 1590 size 30 10 density  0.65,30,10,30,9,0.179,solved,
Simonis,problem_30_10.dat,HS problem 1591 size 30 10 density  0.65,30,10,30,9,0.184,solved,
Simonis,problem_30_10.dat,HS problem 1592 size 30 10 density  0.65,30,10,30,9,0.186,solved,
Simonis,problem_30_10.dat,HS problem 1593 size 30 10 density  0.65,30,10,30,9,0.189,solved,
Simonis,problem_30_10.dat,HS problem 1594 size 30 10 density  0.65,30,10,30,9,0.194,solved,
Simonis,problem_30_10.dat,HS problem 1595 size 30 10 density  0.65,30,10,30,9,0.189,solved,
Simonis,problem_30_10.dat,HS problem 1596 size 30 10 density  0.65,30,10,30,9,0.188,solved,
Simonis,problem_30_10.dat,HS problem 1597 size 30 10 density  0.65,30,10,30,9,0.19,solved,
Simonis,problem_30_10.dat,HS problem 1598 size 30 10 density  0.65,30,10,30,9,0.187,solved,
Simonis,problem_30_10.dat,HS problem 1599 size 30 10 density  0.65,30,10,30,9,0.185,solved,
Simonis,problem_30_10.dat,HS problem 1600 size 30 10 density  0.65,30,10,30,9,0.192,solved,
Simonis,problem_30_10.dat,HS problem 1601 size 30 10 density  0.70,30,10,30,9,0.186,solved,
Simonis,problem_30_10.dat,HS problem 1602 size 30 10 density  0.70,30,10,30,9,0.187,solved,
Simonis,problem_30_10.dat,HS problem 1603 size 30 10 density  0.70,30,10,30,9,0.187,solved,
Simonis,problem_30_10.dat,HS problem 1604 size 30 10 density  0.70,30,10,30,9,0.188,solved,
Simonis,problem_30_10.dat,HS problem 1605 size 30 10 density  0.70,30,10,30,9,0.184,solved,
Simonis,problem_30_10.dat,HS problem 1606 size 30 10 density  0.70,30,10,30,9,0.192,solved,
Simonis,problem_30_10.dat,HS problem 1607 size 30 10 density  0.70,30,10,30,9,0.187,solved,
Simonis,problem_30_10.dat,HS problem 1608 size 30 10 density  0.70,30,10,30,9,0.187,solved,
Simonis,problem_30_10.dat,HS problem 1609 size 30 10 density  0.70,30,10,30,9,0.188,solved,
Simonis,problem_30_10.dat,HS problem 1610 size 30 10 density  0.70,30,10,30,9,0.187,solved,
Simonis,problem_30_10.dat,HS problem 1611 size 30 10 density  0.70,30,10,30,9,0.186,solved,
Simonis,problem_30_10.dat,HS problem 1612 size 30 10 density  0.70,30,10,30,9,0.183,solved,
Simonis,problem_30_10.dat,HS problem 1613 size 30 10 density  0.70,30,10,30,9,0.194,solved,
Simonis,problem_30_10.dat,HS problem 1614 size 30 10 density  0.70,30,10,30,9,0.187,solved,
Simonis,problem_30_10.dat,HS problem 1615 size 30 10 density  0.70,30,10,30,9,0.179,solved,
Simonis,problem_30_10.dat,HS problem 1616 size 30 10 density  0.70,30,10,30,9,0.186,solved,
Simonis,problem_30_10.dat,HS problem 1617 size 30 10 density  0.70,30,10,30,9,0.18,solved,
Simonis,problem_30_10.dat,HS problem 1618 size 30 10 density  0.70,30,10,30,9,0.176,solved,
Simonis,problem_30_10.dat,HS problem 1619 size 30 10 density  0.70,30,10,30,9,0.181,solved,
Simonis,problem_30_10.dat,HS problem 1620 size 30 10 density  0.70,30,10,30,9,0.183,solved,
Simonis,problem_30_10.dat,HS problem 1621 size 30 10 density  0.70,30,10,30,9,0.184,solved,
Simonis,problem_30_10.dat,HS problem 1622 size 30 10 density  0.70,30,10,30,9,0.187,solved,
Simonis,problem_30_10.dat,HS problem 1623 size 30 10 density  0.70,30,10,30,9,0.178,solved,
Simonis,problem_30_10.dat,HS problem 1624 size 30 10 density  0.70,30,10,30,9,0.18,solved,
Simonis,problem_30_10.dat,HS problem 1625 size 30 10 density  0.70,30,10,30,9,0.184,solved,
Simonis,problem_30_10.dat,HS problem 1626 size 30 10 density  0.70,30,10,30,9,0.192,solved,
Simonis,problem_30_10.dat,HS problem 1627 size 30 10 density  0.70,30,10,30,9,0.186,solved,
Simonis,problem_30_10.dat,HS problem 1628 size 30 10 density  0.70,30,10,30,9,0.184,solved,
Simonis,problem_30_10.dat,HS problem 1629 size 30 10 density  0.70,30,10,30,9,0.178,solved,
Simonis,problem_30_10.dat,HS problem 1630 size 30 10 density  0.70,30,10,30,9,0.18,solved,
Simonis,problem_30_10.dat,HS problem 1631 size 30 10 density  0.70,30,10,30,9,0.186,solved,
Simonis,problem_30_10.dat,HS problem 1632 size 30 10 density  0.70,30,10,30,9,0.181,solved,
Simonis,problem_30_10.dat,HS problem 1633 size 30 10 density  0.70,30,10,30,9,0.185,solved,
Simonis,problem_30_10.dat,HS problem 1634 size 30 10 density  0.70,30,10,30,9,0.177,solved,
Simonis,problem_30_10.dat,HS problem 1635 size 30 10 density  0.70,30,10,30,9,0.175,solved,
Simonis,problem_30_10.dat,HS problem 1636 size 30 10 density  0.70,30,10,30,9,0.187,solved,
Simonis,problem_30_10.dat,HS problem 1637 size 30 10 density  0.70,30,10,30,9,0.183,solved,
Simonis,problem_30_10.dat,HS problem 1638 size 30 10 density  0.70,30,10,30,9,0.182,solved,
Simonis,problem_30_10.dat,HS problem 1639 size 30 10 density  0.70,30,10,30,9,0.205,solved,
Simonis,problem_30_10.dat,HS problem 1640 size 30 10 density  0.70,30,10,30,9,0.181,solved,
Simonis,problem_30_10.dat,HS problem 1641 size 30 10 density  0.70,30,10,30,9,0.181,solved,
Simonis,problem_30_10.dat,HS problem 1642 size 30 10 density  0.70,30,10,30,9,0.191,solved,
Simonis,problem_30_10.dat,HS problem 1643 size 30 10 density  0.70,30,10,30,9,0.184,solved,
Simonis,problem_30_10.dat,HS problem 1644 size 30 10 density  0.70,30,10,30,9,0.187,solved,
Simonis,problem_30_10.dat,HS problem 1645 size 30 10 density  0.70,30,10,30,9,0.185,solved,
Simonis,problem_30_10.dat,HS problem 1646 size 30 10 density  0.70,30,10,30,9,0.178,solved,
Simonis,problem_30_10.dat,HS problem 1647 size 30 10 density  0.70,30,10,30,9,0.189,solved,
Simonis,problem_30_10.dat,HS problem 1648 size 30 10 density  0.70,30,10,30,9,0.197,solved,
Simonis,problem_30_10.dat,HS problem 1649 size 30 10 density  0.70,30,10,30,9,0.188,solved,
Simonis,problem_30_10.dat,HS problem 1650 size 30 10 density  0.70,30,10,30,9,0.187,solved,
Simonis,problem_30_15.dat,HS problem 2421 size 30 15 density  0.20,30,15,20,9,1.372,solved,
Simonis,problem_30_15.dat,HS problem 2422 size 30 15 density  0.20,30,15,25,9,1.407,solved,
Simonis,problem_30_15.dat,HS problem 2423 size 30 15 density  0.20,30,15,21,10,1.387,solved,
Simonis,problem_30_15.dat,HS problem 2424 size 30 15 density  0.20,30,15,23,10,1.36,solved,
Simonis,problem_30_15.dat,HS problem 2425 size 30 15 density  0.20,30,15,21,10,1.358,solved,
Simonis,problem_30_15.dat,HS problem 2426 size 30 15 density  0.20,30,15,21,12,1.332,solved,
Simonis,problem_30_15.dat,HS problem 2427 size 30 15 density  0.20,30,15,21,11,1.325,solved,
Simonis,problem_30_15.dat,HS problem 2428 size 30 15 density  0.20,30,15,22,9,1.357,solved,
Simonis,problem_30_15.dat,HS problem 2429 size 30 15 density  0.20,30,15,21,8,1.367,solved,
Simonis,problem_30_15.dat,HS problem 2430 size 30 15 density  0.20,30,15,19,8,1.365,solved,
Simonis,problem_30_15.dat,HS problem 2431 size 30 15 density  0.20,30,15,23,9,1.36,solved,
Simonis,problem_30_15.dat,HS problem 2432 size 30 15 density  0.20,30,15,22,10,1.346,solved,
Simonis,problem_30_15.dat,HS problem 2433 size 30 15 density  0.20,30,15,23,11,1.337,solved,
Simonis,problem_30_15.dat,HS problem 2434 size 30 15 density  0.20,30,15,21,10,1.342,solved,
Simonis,problem_30_15.dat,HS problem 2435 size 30 15 density  0.20,30,15,25,11,1.331,solved,
Simonis,problem_30_15.dat,HS problem 2436 size 30 15 density  0.20,30,15,22,9,1.362,solved,
Simonis,problem_30_15.dat,HS problem 2437 size 30 15 density  0.20,30,15,22,10,1.402,solved,
Simonis,problem_30_15.dat,HS problem 2438 size 30 15 density  0.20,30,15,23,9,1.372,solved,
Simonis,problem_30_15.dat,HS problem 2439 size 30 15 density  0.20,30,15,26,10,1.37,solved,
Simonis,problem_30_15.dat,HS problem 2440 size 30 15 density  0.20,30,15,21,9,1.353,solved,
Simonis,problem_30_15.dat,HS problem 2441 size 30 15 density  0.25,30,15,30,11,1.337,solved,
Simonis,problem_30_15.dat,HS problem 2442 size 30 15 density  0.25,30,15,26,11,1.346,solved,
Simonis,problem_30_15.dat,HS problem 2443 size 30 15 density  0.25,30,15,25,12,1.333,solved,
Simonis,problem_30_15.dat,HS problem 2444 size 30 15 density  0.25,30,15,27,11,1.338,solved,
Simonis,problem_30_15.dat,HS problem 2445 size 30 15 density  0.25,30,15,27,11,1.348,solved,
Simonis,problem_30_15.dat,HS problem 2446 size 30 15 density  0.25,30,15,25,11,1.471,solved,
Simonis,problem_30_15.dat,HS problem 2447 size 30 15 density  0.25,30,15,25,12,1.408,solved,
Simonis,problem_30_15.dat,HS problem 2448 size 30 15 density  0.25,30,15,24,12,1.355,solved,
Simonis,problem_30_15.dat,HS problem 2449 size 30 15 density  0.25,30,15,27,11,1.32,solved,
Simonis,problem_30_15.dat,HS problem 2450 size 30 15 density  0.25,30,15,25,11,1.325,solved,
Simonis,problem_30_15.dat,HS problem 2451 size 30 15 density  0.25,30,15,27,12,1.319,solved,
Simonis,problem_30_15.dat,HS problem 2452 size 30 15 density  0.25,30,15,25,10,1.338,solved,
Simonis,problem_30_15.dat,HS problem 2453 size 30 15 density  0.25,30,15,28,12,1.339,solved,
Simonis,problem_30_15.dat,HS problem 2454 size 30 15 density  0.25,30,15,23,11,1.344,solved,
Simonis,problem_30_15.dat,HS problem 2455 size 30 15 density  0.25,30,15,25,11,1.348,solved,
Simonis,problem_30_15.dat,HS problem 2456 size 30 15 density  0.25,30,15,26,11,1.317,solved,
Simonis,problem_30_15.dat,HS problem 2457 size 30 15 density  0.25,30,15,26,12,1.376,solved,
Simonis,problem_30_15.dat,HS problem 2458 size 30 15 density  0.25,30,15,27,12,1.323,solved,
Simonis,problem_30_15.dat,HS problem 2459 size 30 15 density  0.25,30,15,26,12,1.317,solved,
Simonis,problem_30_15.dat,HS problem 2460 size 30 15 density  0.25,30,15,23,11,1.343,solved,
Simonis,problem_30_15.dat,HS problem 2461 size 30 15 density  0.30,30,15,28,13,1.327,solved,
Simonis,problem_30_15.dat,HS problem 2462 size 30 15 density  0.30,30,15,26,11,1.371,solved,
Simonis,problem_30_15.dat,HS problem 2463 size 30 15 density  0.30,30,15,29,13,1.368,solved,
Simonis,problem_30_15.dat,HS problem 2464 size 30 15 density  0.30,30,15,25,11,1.333,solved,
Simonis,problem_30_15.dat,HS problem 2465 size 30 15 density  0.30,30,15,27,13,1.315,solved,
Simonis,problem_30_15.dat,HS problem 2466 size 30 15 density  0.30,30,15,27,12,1.346,solved,
Simonis,problem_30_15.dat,HS problem 2467 size 30 15 density  0.30,30,15,30,13,1.32,solved,
Simonis,problem_30_15.dat,HS problem 2468 size 30 15 density  0.30,30,15,27,13,1.326,solved,
Simonis,problem_30_15.dat,HS problem 2469 size 30 15 density  0.30,30,15,27,12,1.335,solved,
Simonis,problem_30_15.dat,HS problem 2470 size 30 15 density  0.30,30,15,29,11,1.343,solved,
Simonis,problem_30_15.dat,HS problem 2471 size 30 15 density  0.30,30,15,29,11,1.343,solved,
Simonis,problem_30_15.dat,HS problem 2472 size 30 15 density  0.30,30,15,27,11,1.318,solved,
Simonis,problem_30_15.dat,HS problem 2473 size 30 15 density  0.30,30,15,26,13,1.337,solved,
Simonis,problem_30_15.dat,HS problem 2474 size 30 15 density  0.30,30,15,27,13,1.331,solved,
Simonis,problem_30_15.dat,HS problem 2475 size 30 15 density  0.30,30,15,27,13,1.317,solved,
Simonis,problem_30_15.dat,HS problem 2476 size 30 15 density  0.30,30,15,28,13,1.324,solved,
Simonis,problem_30_15.dat,HS problem 2477 size 30 15 density  0.30,30,15,26,13,1.35,solved,
Simonis,problem_30_15.dat,HS problem 2478 size 30 15 density  0.30,30,15,28,12,1.346,solved,
Simonis,problem_30_15.dat,HS problem 2479 size 30 15 density  0.30,30,15,26,13,1.339,solved,
Simonis,problem_30_15.dat,HS problem 2480 size 30 15 density  0.30,30,15,25,12,1.327,solved,
Simonis,problem_30_15.dat,HS problem 2481 size 30 15 density  0.35,30,15,30,13,1.328,solved,
Simonis,problem_30_15.dat,HS problem 2482 size 30 15 density  0.35,30,15,29,13,1.361,solved,
Simonis,problem_30_15.dat,HS problem 2483 size 30 15 density  0.35,30,15,29,14,1.314,solved,
Simonis,problem_30_15.dat,HS problem 2484 size 30 15 density  0.35,30,15,29,13,1.352,solved,
Simonis,problem_30_15.dat,HS problem 2485 size 30 15 density  0.35,30,15,28,14,1.343,solved,
Simonis,problem_30_15.dat,HS problem 2486 size 30 15 density  0.35,30,15,29,14,1.348,solved,
Simonis,problem_30_15.dat,HS problem 2487 size 30 15 density  0.35,30,15,28,14,1.326,solved,
Simonis,problem_30_15.dat,HS problem 2488 size 30 15 density  0.35,30,15,30,13,1.339,solved,
Simonis,problem_30_15.dat,HS problem 2489 size 30 15 density  0.35,30,15,29,13,1.329,solved,
Simonis,problem_30_15.dat,HS problem 2490 size 30 15 density  0.35,30,15,28,13,1.319,solved,
Simonis,problem_30_15.dat,HS problem 2491 size 30 15 density  0.35,30,15,30,13,1.323,solved,
Simonis,problem_30_15.dat,HS problem 2492 size 30 15 density  0.35,30,15,29,13,1.338,solved,
Simonis,problem_30_15.dat,HS problem 2493 size 30 15 density  0.35,30,15,30,14,1.35,solved,
Simonis,problem_30_15.dat,HS problem 2494 size 30 15 density  0.35,30,15,29,13,1.353,solved,
Simonis,problem_30_15.dat,HS problem 2495 size 30 15 density  0.35,30,15,28,13,1.352,solved,
Simonis,problem_30_15.dat,HS problem 2496 size 30 15 density  0.35,30,15,28,13,1.337,solved,
Simonis,problem_30_15.dat,HS problem 2497 size 30 15 density  0.35,30,15,30,13,1.343,solved,
Simonis,problem_30_15.dat,HS problem 2498 size 30 15 density  0.35,30,15,27,13,1.311,solved,
Simonis,problem_30_15.dat,HS problem 2499 size 30 15 density  0.35,30,15,28,13,1.317,solved,
Simonis,problem_30_15.dat,HS problem 2500 size 30 15 density  0.35,30,15,28,14,1.324,solved,
Simonis,problem_30_15.dat,HS problem 2501 size 30 15 density  0.40,30,15,30,14,1.329,solved,
Simonis,problem_30_15.dat,HS problem 2502 size 30 15 density  0.40,30,15,30,14,1.329,solved,
Simonis,problem_30_15.dat,HS problem 2503 size 30 15 density  0.40,30,15,30,14,1.342,solved,
Simonis,problem_30_15.dat,HS problem 2504 size 30 15 density  0.40,30,15,30,14,1.369,solved,
Simonis,problem_30_15.dat,HS problem 2505 size 30 15 density  0.40,30,15,30,13,1.309,solved,
Simonis,problem_30_15.dat,HS problem 2506 size 30 15 density  0.40,30,15,29,14,1.308,solved,
Simonis,problem_30_15.dat,HS problem 2507 size 30 15 density  0.40,30,15,29,14,1.319,solved,
Simonis,problem_30_15.dat,HS problem 2508 size 30 15 density  0.40,30,15,30,14,1.327,solved,
Simonis,problem_30_15.dat,HS problem 2509 size 30 15 density  0.40,30,15,30,13,1.356,solved,
Simonis,problem_30_15.dat,HS problem 2510 size 30 15 density  0.40,30,15,30,14,1.357,solved,
Simonis,problem_30_15.dat,HS problem 2511 size 30 15 density  0.40,30,15,30,13,1.345,solved,
Simonis,problem_30_15.dat,HS problem 2512 size 30 15 density  0.40,30,15,29,13,1.312,solved,
Simonis,problem_30_15.dat,HS problem 2513 size 30 15 density  0.40,30,15,29,14,1.32,solved,
Simonis,problem_30_15.dat,HS problem 2514 size 30 15 density  0.40,30,15,30,14,1.325,solved,
Simonis,problem_30_15.dat,HS problem 2515 size 30 15 density  0.40,30,15,30,14,1.312,solved,
Simonis,problem_30_15.dat,HS problem 2516 size 30 15 density  0.40,30,15,30,14,1.316,solved,
Simonis,problem_30_15.dat,HS problem 2517 size 30 15 density  0.40,30,15,29,13,1.36,solved,
Simonis,problem_30_15.dat,HS problem 2518 size 30 15 density  0.40,30,15,30,14,1.389,solved,
Simonis,problem_30_15.dat,HS problem 2519 size 30 15 density  0.40,30,15,28,14,1.351,solved,
Simonis,problem_30_15.dat,HS problem 2520 size 30 15 density  0.40,30,15,29,14,1.316,solved,
Simonis,problem_30_15.dat,HS problem 2521 size 30 15 density  0.45,30,15,29,14,1.304,solved,
Simonis,problem_30_15.dat,HS problem 2522 size 30 15 density  0.45,30,15,30,13,1.308,solved,
Simonis,problem_30_15.dat,HS problem 2523 size 30 15 density  0.45,30,15,29,13,1.297,solved,
Simonis,problem_30_15.dat,HS problem 2524 size 30 15 density  0.45,30,15,29,14,1.315,solved,
Simonis,problem_30_15.dat,HS problem 2525 size 30 15 density  0.45,30,15,29,14,1.342,solved,
Simonis,problem_30_15.dat,HS problem 2526 size 30 15 density  0.45,30,15,30,14,1.344,solved,
Simonis,problem_30_15.dat,HS problem 2527 size 30 15 density  0.45,30,15,30,14,1.311,solved,
Simonis,problem_30_15.dat,HS problem 2528 size 30 15 density  0.45,30,15,30,14,1.3,solved,
Simonis,problem_30_15.dat,HS problem 2529 size 30 15 density  0.45,30,15,30,14,1.308,solved,
Simonis,problem_30_15.dat,HS problem 2530 size 30 15 density  0.45,30,15,30,14,1.3,solved,
Simonis,problem_30_15.dat,HS problem 2531 size 30 15 density  0.45,30,15,30,13,1.302,solved,
Simonis,problem_30_15.dat,HS problem 2532 size 30 15 density  0.45,30,15,30,14,1.31,solved,
Simonis,problem_30_15.dat,HS problem 2533 size 30 15 density  0.45,30,15,30,14,1.322,solved,
Simonis,problem_30_15.dat,HS problem 2534 size 30 15 density  0.45,30,15,30,14,1.323,solved,
Simonis,problem_30_15.dat,HS problem 2535 size 30 15 density  0.45,30,15,30,14,1.303,solved,
Simonis,problem_30_15.dat,HS problem 2536 size 30 15 density  0.45,30,15,29,14,1.293,solved,
Simonis,problem_30_15.dat,HS problem 2537 size 30 15 density  0.45,30,15,30,14,1.288,solved,
Simonis,problem_30_15.dat,HS problem 2538 size 30 15 density  0.45,30,15,30,14,1.329,solved,
Simonis,problem_30_15.dat,HS problem 2539 size 30 15 density  0.45,30,15,28,14,1.29,solved,
Simonis,problem_30_15.dat,HS problem 2540 size 30 15 density  0.45,30,15,30,14,1.323,solved,
Simonis,problem_30_15.dat,HS problem 2541 size 30 15 density  0.50,30,15,29,14,1.325,solved,
Simonis,problem_30_15.dat,HS problem 2542 size 30 15 density  0.50,30,15,30,14,1.321,solved,
Simonis,problem_30_15.dat,HS problem 2543 size 30 15 density  0.50,30,15,30,14,1.314,solved,
Simonis,problem_30_15.dat,HS problem 2544 size 30 15 density  0.50,30,15,30,14,1.3,solved,
Simonis,problem_30_15.dat,HS problem 2545 size 30 15 density  0.50,30,15,30,14,1.301,solved,
Simonis,problem_30_15.dat,HS problem 2546 size 30 15 density  0.50,30,15,30,14,1.293,solved,
Simonis,problem_30_15.dat,HS problem 2547 size 30 15 density  0.50,30,15,30,14,1.295,solved,
Simonis,problem_30_15.dat,HS problem 2548 size 30 15 density  0.50,30,15,30,14,1.306,solved,
Simonis,problem_30_15.dat,HS problem 2549 size 30 15 density  0.50,30,15,30,14,1.328,solved,
Simonis,problem_30_15.dat,HS problem 2550 size 30 15 density  0.50,30,15,30,14,1.319,solved,
Simonis,problem_30_15.dat,HS problem 2551 size 30 15 density  0.50,30,15,30,14,1.316,solved,
Simonis,problem_30_15.dat,HS problem 2552 size 30 15 density  0.50,30,15,30,14,1.304,solved,
Simonis,problem_30_15.dat,HS problem 2553 size 30 15 density  0.50,30,15,30,14,1.312,solved,
Simonis,problem_30_15.dat,HS problem 2554 size 30 15 density  0.50,30,15,30,14,1.292,solved,
Simonis,problem_30_15.dat,HS problem 2555 size 30 15 density  0.50,30,15,30,14,1.298,solved,
Simonis,problem_30_15.dat,HS problem 2556 size 30 15 density  0.50,30,15,30,14,1.312,solved,
Simonis,problem_30_15.dat,HS problem 2557 size 30 15 density  0.50,30,15,30,14,1.343,solved,
Simonis,problem_30_15.dat,HS problem 2558 size 30 15 density  0.50,30,15,29,14,1.326,solved,
Simonis,problem_30_15.dat,HS problem 2559 size 30 15 density  0.50,30,15,30,14,1.314,solved,
Simonis,problem_30_15.dat,HS problem 2560 size 30 15 density  0.50,30,15,30,14,1.351,solved,
Simonis,problem_30_15.dat,HS problem 2561 size 30 15 density  0.55,30,15,30,14,1.307,solved,
Simonis,problem_30_15.dat,HS problem 2562 size 30 15 density  0.55,30,15,30,14,1.291,solved,
Simonis,problem_30_15.dat,HS problem 2563 size 30 15 density  0.55,30,15,30,14,1.31,solved,
Simonis,problem_30_15.dat,HS problem 2564 size 30 15 density  0.55,30,15,30,14,1.315,solved,
Simonis,problem_30_15.dat,HS problem 2565 size 30 15 density  0.55,30,15,30,14,1.316,solved,
Simonis,problem_30_15.dat,HS problem 2566 size 30 15 density  0.55,30,15,30,14,1.318,solved,
Simonis,problem_30_15.dat,HS problem 2567 size 30 15 density  0.55,30,15,30,14,1.318,solved,
Simonis,problem_30_15.dat,HS problem 2568 size 30 15 density  0.55,30,15,30,14,1.315,solved,
Simonis,problem_30_15.dat,HS problem 2569 size 30 15 density  0.55,30,15,30,14,1.308,solved,
Simonis,problem_30_15.dat,HS problem 2570 size 30 15 density  0.55,30,15,30,14,1.311,solved,
Simonis,problem_30_15.dat,HS problem 2571 size 30 15 density  0.55,30,15,30,14,1.302,solved,
Simonis,problem_30_15.dat,HS problem 2572 size 30 15 density  0.55,30,15,30,14,1.316,solved,
Simonis,problem_30_15.dat,HS problem 2573 size 30 15 density  0.55,30,15,30,14,1.336,solved,
Simonis,problem_30_15.dat,HS problem 2574 size 30 15 density  0.55,30,15,30,14,1.338,solved,
Simonis,problem_30_15.dat,HS problem 2575 size 30 15 density  0.55,30,15,30,14,1.363,solved,
Simonis,problem_30_15.dat,HS problem 2576 size 30 15 density  0.55,30,15,30,14,1.32,solved,
Simonis,problem_30_15.dat,HS problem 2577 size 30 15 density  0.55,30,15,30,14,1.311,solved,
Simonis,problem_30_15.dat,HS problem 2578 size 30 15 density  0.55,30,15,29,14,1.313,solved,
Simonis,problem_30_15.dat,HS problem 2579 size 30 15 density  0.55,30,15,30,14,1.317,solved,
Simonis,problem_30_15.dat,HS problem 2580 size 30 15 density  0.55,30,15,30,14,1.327,solved,
Simonis,problem_30_15.dat,HS problem 2581 size 30 15 density  0.60,30,15,30,14,1.317,solved,
Simonis,problem_30_15.dat,HS problem 2582 size 30 15 density  0.60,30,15,30,14,1.334,solved,
Simonis,problem_30_15.dat,HS problem 2583 size 30 15 density  0.60,30,15,30,14,1.339,solved,
Simonis,problem_30_15.dat,HS problem 2584 size 30 15 density  0.60,30,15,30,14,1.313,solved,
Simonis,problem_30_15.dat,HS problem 2585 size 30 15 density  0.60,30,15,30,14,1.305,solved,
Simonis,problem_30_15.dat,HS problem 2586 size 30 15 density  0.60,30,15,30,14,1.302,solved,
Simonis,problem_30_15.dat,HS problem 2587 size 30 15 density  0.60,30,15,30,14,1.311,solved,
Simonis,problem_30_15.dat,HS problem 2588 size 30 15 density  0.60,30,15,30,14,1.309,solved,
Simonis,problem_30_15.dat,HS problem 2589 size 30 15 density  0.60,30,15,30,14,1.312,solved,
Simonis,problem_30_15.dat,HS problem 2590 size 30 15 density  0.60,30,15,30,14,1.322,solved,
Simonis,problem_30_15.dat,HS problem 2591 size 30 15 density  0.60,30,15,30,14,1.335,solved,
Simonis,problem_30_15.dat,HS problem 2592 size 30 15 density  0.60,30,15,30,14,1.326,solved,
Simonis,problem_30_15.dat,HS problem 2593 size 30 15 density  0.60,30,15,30,14,1.301,solved,
Simonis,problem_30_15.dat,HS problem 2594 size 30 15 density  0.60,30,15,30,14,1.312,solved,
Simonis,problem_30_15.dat,HS problem 2595 size 30 15 density  0.60,30,15,30,14,1.32,solved,
Simonis,problem_30_15.dat,HS problem 2596 size 30 15 density  0.60,30,15,30,14,1.324,solved,
Simonis,problem_30_15.dat,HS problem 2597 size 30 15 density  0.60,30,15,30,14,1.318,solved,
Simonis,problem_30_15.dat,HS problem 2598 size 30 15 density  0.60,30,15,30,14,1.343,solved,
Simonis,problem_30_15.dat,HS problem 2599 size 30 15 density  0.60,30,15,30,14,1.324,solved,
Simonis,problem_30_15.dat,HS problem 2600 size 30 15 density  0.60,30,15,30,14,1.314,solved,
Simonis,problem_30_15.dat,HS problem 2601 size 30 15 density  0.65,30,15,30,14,1.311,solved,
Simonis,problem_30_15.dat,HS problem 2602 size 30 15 density  0.65,30,15,30,14,1.324,solved,
Simonis,problem_30_15.dat,HS problem 2603 size 30 15 density  0.65,30,15,30,14,1.31,solved,
Simonis,problem_30_15.dat,HS problem 2604 size 30 15 density  0.65,30,15,30,14,1.299,solved,
Simonis,problem_30_15.dat,HS problem 2605 size 30 15 density  0.65,30,15,30,14,1.329,solved,
Simonis,problem_30_15.dat,HS problem 2606 size 30 15 density  0.65,30,15,30,14,1.359,solved,
Simonis,problem_30_15.dat,HS problem 2607 size 30 15 density  0.65,30,15,30,14,1.329,solved,
Simonis,problem_30_15.dat,HS problem 2608 size 30 15 density  0.65,30,15,30,14,1.34,solved,
Simonis,problem_30_15.dat,HS problem 2609 size 30 15 density  0.65,30,15,30,14,1.321,solved,
Simonis,problem_30_15.dat,HS problem 2610 size 30 15 density  0.65,30,15,30,14,1.363,solved,
Simonis,problem_30_15.dat,HS problem 2611 size 30 15 density  0.65,30,15,30,14,1.352,solved,
Simonis,problem_30_15.dat,HS problem 2612 size 30 15 density  0.65,30,15,30,14,1.329,solved,
Simonis,problem_30_15.dat,HS problem 2613 size 30 15 density  0.65,30,15,30,14,1.336,solved,
Simonis,problem_30_15.dat,HS problem 2614 size 30 15 density  0.65,30,15,30,14,1.344,solved,
Simonis,problem_30_15.dat,HS problem 2615 size 30 15 density  0.65,30,15,30,14,1.358,solved,
Simonis,problem_30_15.dat,HS problem 2616 size 30 15 density  0.65,30,15,30,14,1.347,solved,
Simonis,problem_30_15.dat,HS problem 2617 size 30 15 density  0.65,30,15,30,14,1.334,solved,
Simonis,problem_30_15.dat,HS problem 2618 size 30 15 density  0.65,30,15,30,14,1.331,solved,
Simonis,problem_30_15.dat,HS problem 2619 size 30 15 density  0.65,30,15,30,14,1.321,solved,
Simonis,problem_30_15.dat,HS problem 2620 size 30 15 density  0.65,30,15,30,14,1.361,solved,
Simonis,problem_30_15.dat,HS problem 2621 size 30 15 density  0.70,30,15,30,14,1.666,solved,
Simonis,problem_30_15.dat,HS problem 2622 size 30 15 density  0.70,30,15,30,14,2.119,solved,
Simonis,problem_30_15.dat,HS problem 2623 size 30 15 density  0.70,30,15,30,14,1.569,solved,
Simonis,problem_30_15.dat,HS problem 2624 size 30 15 density  0.70,30,15,30,14,1.371,solved,
Simonis,problem_30_15.dat,HS problem 2625 size 30 15 density  0.70,30,15,30,14,1.374,solved,
Simonis,problem_30_15.dat,HS problem 2626 size 30 15 density  0.70,30,15,30,14,1.355,solved,
Simonis,problem_30_15.dat,HS problem 2627 size 30 15 density  0.70,30,15,30,14,1.378,solved,
Simonis,problem_30_15.dat,HS problem 2628 size 30 15 density  0.70,30,15,30,14,1.378,solved,
Simonis,problem_30_15.dat,HS problem 2629 size 30 15 density  0.70,30,15,30,14,1.383,solved,
Simonis,problem_30_15.dat,HS problem 2630 size 30 15 density  0.70,30,15,30,14,1.499,solved,
Simonis,problem_30_15.dat,HS problem 2631 size 30 15 density  0.70,30,15,30,14,1.43,solved,
Simonis,problem_30_15.dat,HS problem 2632 size 30 15 density  0.70,30,15,30,14,1.375,solved,
Simonis,problem_30_15.dat,HS problem 2633 size 30 15 density  0.70,30,15,30,14,1.364,solved,
Simonis,problem_30_15.dat,HS problem 2634 size 30 15 density  0.70,30,15,30,14,1.379,solved,
Simonis,problem_30_15.dat,HS problem 2635 size 30 15 density  0.70,30,15,30,14,1.379,solved,
Simonis,problem_30_15.dat,HS problem 2636 size 30 15 density  0.70,30,15,30,14,1.384,solved,
Simonis,problem_30_15.dat,HS problem 2637 size 30 15 density  0.70,30,15,30,14,1.406,solved,
Simonis,problem_30_15.dat,HS problem 2638 size 30 15 density  0.70,30,15,30,14,1.479,solved,
Simonis,problem_30_15.dat,HS problem 2639 size 30 15 density  0.70,30,15,30,14,1.409,solved,
Simonis,problem_30_15.dat,HS problem 2640 size 30 15 density  0.70,30,15,30,14,1.408,solved,
Faggioli_Bentivoglio,p1010n1.txt,p1010n1_0,9,10,5,5,0.201,solved,
Faggioli_Bentivoglio,p1010n10.txt,p1010n10_0,9,10,8,6,0.188,solved,
Faggioli_Bentivoglio,p1010n2.txt,p1010n2_0,9,10,7,6,0.2,solved,
Faggioli_Bentivoglio,p1010n3.txt,p1010n3_0,9,10,7,7,0.194,solved,
Faggioli_Bentivoglio,p1010n4.txt,p1010n4_0,9,10,8,6,0.193,solved,
Faggioli_Bentivoglio,p1010n5.txt,p1010n5_0,9,10,7,5,0.188,solved,
Faggioli_Bentivoglio,p1010n6.txt,p1010n6_0,9,10,8,5,0.183,solved,
Faggioli_Bentivoglio,p1010n7.txt,p1010n7_0,9,10,5,5,0.189,solved,
Faggioli_Bentivoglio,p1010n8.txt,p1010n8_0,9,10,8,6,0.189,solved,
Faggioli_Bentivoglio,p1010n9.txt,p1010n9_0,9,10,6,7,0.191,solved,
Faggioli_Bentivoglio,p1020n1.txt,p1020n1_0,20,10,10,4,0.193,solved,
Faggioli_Bentivoglio,p1020n10.txt,p1020n10_0,20,10,11,5,0.189,solved,
Faggioli_Bentivoglio,p1020n2.txt,p1020n2_0,20,10,13,5,0.19,solved,
Faggioli_Bentivoglio,p1020n3.txt,p1020n3_0,20,10,7,4,0.19,solved,
Faggioli_Bentivoglio,p1020n4.txt,p1020n4_0,20,10,8,4,0.193,solved,
Faggioli_Bentivoglio,p1020n5.txt,p1020n5_0,20,10,8,4,0.192,solved,
Faggioli_Bentivoglio,p1020n6.txt,p1020n6_0,20,10,10,4,0.193,solved,
Faggioli_Bentivoglio,p1020n7.txt,p1020n7_0,20,10,8,3,0.186,solved,
Faggioli_Bentivoglio,p1020n8.txt,p1020n8_0,20,10,8,3,0.193,solved,
Faggioli_Bentivoglio,p1020n9.txt,p1020n9_0,20,10,9,5,0.19,solved,
Faggioli_Bentivoglio,p1030n1.txt,p1030n1_0,30,10,9,4,0.192,solved,
Faggioli_Bentivoglio,p1030n10.txt,p1030n10_0,30,10,9,3,0.19,solved,
Faggioli_Bentivoglio,p1030n2.txt,p1030n2_0,30,10,9,3,0.199,solved,
Faggioli_Bentivoglio,p1030n3.txt,p1030n3_0,30,10,8,3,0.195,solved,
Faggioli_Bentivoglio,p1030n4.txt,p1030n4_0,30,10,8,2,0.202,solved,
Faggioli_Bentivoglio,p1030n5.txt,p1030n5_0,30,10,7,4,0.193,solved,
Faggioli_Bentivoglio,p1030n6.txt,p1030n6_0,30,10,8,3,0.196,solved,
Faggioli_Bentivoglio,p1030n7.txt,p1030n7_0,30,10,10,3,0.189,solved,
Faggioli_Bentivoglio,p1030n8.txt,p1030n8_0,30,10,7,2,0.188,solved,
Faggioli_Bentivoglio,p1030n9.txt,p1030n9_0,30,10,9,2,0.191,solved,
Faggioli_Bentivoglio,p1040n1.txt,p1040n1_0,40,10,8,3,0.194,solved,
Faggioli_Bentivoglio,p1040n10.txt,p1040n10_0,40,10,8,2,0.191,solved,
Faggioli_Bentivoglio,p1040n2.txt,p1040n2_0,40,10,9,3,0.195,solved,
Faggioli_Bentivoglio,p1040n3.txt,p1040n3_0,40,10,9,3,0.186,solved,
Faggioli_Bentivoglio,p1040n4.txt,p1040n4_0,40,10,9,2,0.211,solved,
Faggioli_Bentivoglio,p1040n5.txt,p1040n5_0,40,10,9,3,0.235,solved,
Faggioli_Bentivoglio,p1040n6.txt,p1040n6_0,40,10,11,3,0.209,solved,
Faggioli_Bentivoglio,p1040n7.txt,p1040n7_0,40,10,13,3,0.25,solved,
Faggioli_Bentivoglio,p1040n8.txt,p1040n8_0,40,10,12,3,0.204,solved,
Faggioli_Bentivoglio,p1040n9.txt,p1040n9_0,40,10,8,2,0.196,solved,
Faggioli_Bentivoglio,p1050n1.txt,p1050n1_0,50,10,11,3,0.206,solved,
Faggioli_Bentivoglio,p1050n10.txt,p1050n10_0,50,10,10,3,0.194,solved,
Faggioli_Bentivoglio,p1050n2.txt,p1050n2_0,50,10,11,2,0.191,solved,
Faggioli_Bentivoglio,p1050n3.txt,p1050n3_0,50,10,7,1,0.187,solved,
Faggioli_Bentivoglio,p1050n4.txt,p1050n4_0,50,10,9,2,0.193,solved,
Faggioli_Bentivoglio,p1050n5.txt,p1050n5_0,50,10,12,3,0.198,solved,
Faggioli_Bentivoglio,p1050n6.txt,p1050n6_0,50,10,10,2,0.187,solved,
Faggioli_Bentivoglio,p1050n7.txt,p1050n7_0,50,10,9,2,0.19,solved,
Faggioli_Bentivoglio,p1050n8.txt,p1050n8_0,50,10,9,2,0.184,solved,
Faggioli_Bentivoglio,p1050n9.txt,p1050n9_0,50,10,10,2,0.185,solved,
Faggioli_Bentivoglio,p1510n1.txt,p1510n1_0,10,15,9,9,1.416,solved,
Faggioli_Bentivoglio,p1510n10.txt,p1510n10_0,10,15,9,9,1.397,solved,
Faggioli_Bentivoglio,p1510n2.txt,p1510n2_0,10,15,10,10,1.406,solved,
Faggioli_Bentivoglio,p1510n3.txt,p1510n3_0,10,15,10,10,1.417,solved,
Faggioli_Bentivoglio,p1510n4.txt,p1510n4_0,10,15,8,10,1.47,solved,
Faggioli_Bentivoglio,p1510n5.txt,p1510n5_0,10,15,9,9,1.594,solved,
Faggioli_Bentivoglio,p1510n6.txt,p1510n6_0,10,15,10,9,1.424,solved,
Faggioli_Bentivoglio,p1510n7.txt,p1510n7_0,10,15,10,8,1.449,solved,
Faggioli_Bentivoglio,p1510n8.txt,p1510n8_0,10,15,8,10,1.419,solved,
Faggioli_Bentivoglio,p1510n9.txt,p1510n9_0,10,15,8,10,1.683,solved,
Faggioli_Bentivoglio,p1520n1.txt,p1520n1_0,20,15,13,7,1.924,solved,
Faggioli_Bentivoglio,p1520n10.txt,p1520n10_0,20,15,14,9,1.545,solved,
Faggioli_Bentivoglio,p1520n2.txt,p1520n2_0,20,15,9,6,1.449,solved,
Faggioli_Bentivoglio,p1520n3.txt,p1520n3_0,20,15,13,7,1.432,solved,
Faggioli_Bentivoglio,p1520n4.txt,p1520n4_0,20,15,14,7,1.409,solved,
Faggioli_Bentivoglio,p1520n5.txt,p1520n5_0,20,15,12,7,1.42,solved,
Faggioli_Bentivoglio,p1520n6.txt,p1520n6_0,20,15,11,7,1.466,solved,
Faggioli_Bentivoglio,p1520n7.txt,p1520n7_0,20,15,12,7,1.505,solved,
Faggioli_Bentivoglio,p1520n8.txt,p1520n8_0,20,15,13,7,1.608,solved,
Faggioli_Bentivoglio,p1520n9.txt,p1520n9_0,20,15,9,7,1.801,solved,
Faggioli_Bentivoglio,p1530n1.txt,p1530n1_0,30,15,10,6,1.55,solved,
Faggioli_Bentivoglio,p1530n10.txt,p1530n10_0,30,15,10,5,1.449,solved,
Faggioli_Bentivoglio,p1530n2.txt,p1530n2_0,30,15,9,5,1.445,solved,
Faggioli_Bentivoglio,p1530n3.txt,p1530n3_0,30,15,9,6,1.465,solved,
Faggioli_Bentivoglio,p1530n4.txt,p1530n4_0,30,15,12,6,1.464,solved,
Faggioli_Bentivoglio,p1530n5.txt,p1530n5_0,30,15,10,4,1.466,solved,
Faggioli_Bentivoglio,p1530n6.txt,p1530n6_0,30,15,10,5,1.433,solved,
Faggioli_Bentivoglio,p1530n7.txt,p1530n7_0,30,15,12,6,1.446,solved,
Faggioli_Bentivoglio,p1530n8.txt,p1530n8_0,30,15,11,5,1.446,solved,
Faggioli_Bentivoglio,p1530n9.txt,p1530n9_0,30,15,9,5,1.459,solved,
Faggioli_Bentivoglio,p1540n1.txt,p1540n1_0,40,15,12,5,1.459,solved,
Faggioli_Bentivoglio,p1540n10.txt,p1540n10_0,40,15,12,4,1.512,solved,
Faggioli_Bentivoglio,p1540n2.txt,p1540n2_0,40,15,9,3,1.496,solved,
Faggioli_Bentivoglio,p1540n3.txt,p1540n3_0,40,15,11,4,1.491,solved,
Faggioli_Bentivoglio,p1540n4.txt,p1540n4_0,40,15,9,3,1.456,solved,
Faggioli_Bentivoglio,p1540n5.txt,p1540n5_0,40,15,10,4,1.461,solved,
Faggioli_Bentivoglio,p1540n6.txt,p1540n6_0,40,15,11,4,1.439,solved,
Faggioli_Bentivoglio,p1540n7.txt,p1540n7_0,40,15,12,4,1.458,solved,
Faggioli_Bentivoglio,p1540n8.txt,p1540n8_0,40,15,14,5,1.479,solved,
Faggioli_Bentivoglio,p1540n9.txt,p1540n9_0,40,15,10,4,1.508,solved,
Faggioli_Bentivoglio,p1550n1.txt,p1550n1_0,50,15,10,4,1.463,solved,
Faggioli_Bentivoglio,p1550n10.txt,p1550n10_0,50,15,10,4,1.45,solved,
Faggioli_Bentivoglio,p1550n2.txt,p1550n2_0,50,15,11,3,1.458,solved,
Faggioli_Bentivoglio,p1550n3.txt,p1550n3_0,50,15,10,3,1.431,solved,
Faggioli_Bentivoglio,p1550n4.txt,p1550n4_0,50,15,10,4,1.453,solved,
Faggioli_Bentivoglio,p1550n5.txt,p1550n5_0,50,15,11,3,1.453,solved,
Faggioli_Bentivoglio,p1550n6.txt,p1550n6_0,50,15,10,3,1.478,solved,
Faggioli_Bentivoglio,p1550n7.txt,p1550n7_0,50,15,9,3,1.444,solved,
Faggioli_Bentivoglio,p1550n8.txt,p1550n8_0,50,15,11,4,1.464,solved,
Faggioli_Bentivoglio,p1550n9.txt,p1550n9_0,50,15,11,4,1.454,solved,
SCOOP,scoop-A_AP-9.d_10.txt,scoop-A_AP-9.d_10_0,20,13,7,4,0.43,solved,
SCOOP,scoop-B_12F18_11.txt,scoop-B_12F18_11_0,21,15,6,5,1.41,solved,
SCOOP,scoop-B_18AB1_32.txt,scoop-B_18AB1_32_0,14,11,6,6,0.218,solved,
SCOOP,scoop-B_22X18_50.txt,scoop-B_22X18_50_0,14,10,10,6,0.192,solved,
SCOOP,scoop-B_39Q18_82.txt,scoop-B_39Q18_82_0,14,10,7,7,0.195,solved,
SCOOP,scoop-B_42F22_93.txt,scoop-B_42F22_93_0,17,10,5,3,0.192,solved,
SCOOP,scoop-B_CARLET_137.txt,scoop-B_CARLET_137_0,13,12,5,4,0.285,solved,
