dataset,filename,instance_name,n_customers,n_patterns,mosp_value,verified,time_seconds,status,error
Harvey,wbo_10_10.txt,"Warwick 1: balanced orders, 2 orders per product",10,10,3,3,0.025,solved,
Harvey,wbo_10_10.txt,"Warwick 2: balanced orders, 2 orders per product",10,10,3,3,0.024,solved,
Harvey,wbo_10_10.txt,"Warwick 3: balanced orders, 2 orders per product",10,10,3,3,0.024,solved,
Harvey,wbo_10_10.txt,"Warwick 4: balanced orders, 2 orders per product",10,10,3,3,0.023,solved,
Harvey,wbo_10_10.txt,"Warwick 5: balanced orders, 2 orders per product",10,10,2,2,0.022,solved,
Harvey,wbo_10_10.txt,"Warwick 6: balanced orders, 2 orders per product",10,10,3,3,0.021,solved,
Harvey,wbo_10_10.txt,"Warwick 7: balanced orders, 2 orders per product",10,10,3,3,0.02,solved,
Harvey,wbo_10_10.txt,"Warwick 8: balanced orders, 2 orders per product",10,10,3,3,0.019,solved,
Harvey,wbo_10_10.txt,"Warwick 9: balanced orders, 2 orders per product",10,10,3,3,0.019,solved,
Harvey,wbo_10_10.txt,"Warwick 10: balanced orders, 2 orders per product",10,10,2,2,0.018,solved,
Harvey,wbo_10_10.txt,"Warwick 11: balanced orders, 3 orders per product",10,10,5,5,0.017,solved,
Harvey,wbo_10_10.txt,"Warwick 12: balanced orders, 3 orders per product",10,10,5,5,0.016,solved,
Harvey,wbo_10_10.txt,"Warwick 13: balanced orders, 3 orders per product",10,10,5,5,0.015,solved,
Harvey,wbo_10_10.txt,"Warwick 14: balanced orders, 3 orders per product",10,10,6,6,0.015,solved,
Harvey,wbo_10_10.txt,"Warwick 15: balanced orders, 3 orders per product",10,10,4,4,0.014,solved,
Harvey,wbo_10_10.txt,"Warwick 16: balanced orders, 3 orders per product",10,10,5,5,0.013,solved,
Harvey,wbo_10_10.txt,"Warwick 17: balanced orders, 3 orders per product",10,10,5,5,0.012,solved,
Harvey,wbo_10_10.txt,"Warwick 18: balanced orders, 3 orders per product",10,10,6,6,0.011,solved,
Harvey,wbo_10_10.txt,"Warwick 19: balanced orders, 3 orders per product",10,10,5,5,0.01,solved,
Harvey,wbo_10_10.txt,"Warwick 20: balanced orders, 3 orders per product",10,10,6,6,0.009,solved,
Harvey,wbo_10_10.txt,"Warwick 21: balanced orders, 4 orders per product",10,10,7,7,0.009,solved,
Harvey,wbo_10_10.txt,"Warwick 22: balanced orders, 4 orders per product",10,10,8,8,0.008,solved,
Harvey,wbo_10_10.txt,"Warwick 23: balanced orders, 4 orders per product",10,10,7,7,0.007,solved,
Harvey,wbo_10_10.txt,"Warwick 24: balanced orders, 4 orders per product",10,10,7,7,0.006,solved,
Harvey,wbo_10_10.txt,"Warwick 25: balanced orders, 4 orders per product",10,10,6,6,0.005,solved,
Harvey,wbo_10_10.txt,"Warwick 26: balanced orders, 4 orders per product",10,10,7,7,0.004,solved,
Harvey,wbo_10_10.txt,"Warwick 27: balanced orders, 4 orders per product",10,10,6,6,0.003,solved,
Harvey,wbo_10_10.txt,"Warwick 28: balanced orders, 4 orders per product",10,10,7,7,0.003,solved,
Harvey,wbo_10_10.txt,"Warwick 29: balanced orders, 4 orders per product",10,10,7,7,0.077,solved,
Harvey,wbo_10_10.txt,"Warwick 30: balanced orders, 4 orders per product",10,10,8,8,0.076,solved,
Harvey,wbo_10_10.txt,"Warwick 31: balanced orders, 5 orders per product",10,10,8,8,0.025,solved,
Harvey,wbo_10_10.txt,"Warwick 32: balanced orders, 5 orders per product",10,10,9,9,0.024,solved,
Harvey,wbo_10_10.txt,"Warwick 33: balanced orders, 5 orders per product",10,10,9,9,0.023,solved,
Harvey,wbo_10_10.txt,"Warwick 34: balanced orders, 5 orders per product",10,10,8,8,0.023,solved,
Harvey,wbo_10_10.txt,"Warwick 35: balanced orders, 5 orders per product",10,10,9,9,0.022,solved,
Harvey,wbo_10_10.txt,"Warwick 36: balanced orders, 5 orders per product",10,10,8,8,0.021,solved,
Harvey,wbo_10_10.txt,"Warwick 37: balanced orders, 5 orders per product",10,10,10,10,0.02,solved,
Harvey,wbo_10_10.txt,"Warwick 38: balanced orders, 5 orders per product",10,10,9,9,0.019,solved,
Harvey,wbo_10_10.txt,"Warwick 39: balanced orders, 5 orders per product",10,10,9,9,0.018,solved,
Harvey,wbo_10_10.txt,"Warwick 40: balanced orders, 5 orders per product",10,10,8,8,0.017,solved,
Harvey,wbo_10_20.txt,"Warwick 121: balanced orders, 2 orders per product",10,20,5,5,0.016,solved,
Harvey,wbo_10_20.txt,"Warwick 122: balanced orders, 2 orders per product",10,20,4,4,0.015,solved,
Harvey,wbo_10_20.txt,"Warwick 123: balanced orders, 2 orders per product",10,20,4,4,0.014,solved,
Harvey,wbo_10_20.txt,"Warwick 124: balanced orders, 2 orders per product",10,20,4,4,0.014,solved,
Harvey,wbo_10_20.txt,"Warwick 125: balanced orders, 2 orders per product",10,20,4,4,0.013,solved,
Harvey,wbo_10_20.txt,"Warwick 126: balanced orders, 2 orders per product",10,20,4,4,0.012,solved,
Harvey,wbo_10_20.txt,"Warwick 127: balanced orders, 2 orders per product",10,20,3,3,0.011,solved,
Harvey,wbo_10_20.txt,"Warwick 128: balanced orders, 2 orders per product",10,20,3,3,0.01,solved,
Harvey,wbo_10_20.txt,"Warwick 129: balanced orders, 2 orders per product",10,20,4,4,0.009,solved,
Harvey,wbo_10_20.txt,"Warwick 130: balanced orders, 2 orders per product",10,20,4,4,0.008,solved,
Harvey,wbo_10_20.txt,"Warwick 131: balanced orders, 3 orders per product",10,20,7,7,0.007,solved,
Harvey,wbo_10_20.txt,"Warwick 132: balanced orders, 3 orders per product",10,20,7,7,0.006,solved,
Harvey,wbo_10_20.txt,"Warwick 133: balanced orders, 3 orders per product",10,20,7,7,0.005,solved,
Harvey,wbo_10_20.txt,"Warwick 134: balanced orders, 3 orders per product",10,20,7,7,0.005,solved,
Harvey,wbo_10_20.txt,"Warwick 135: balanced orders, 3 orders per product",10,20,6,6,0.004,solved,
Harvey,wbo_10_20.txt,"Warwick 136: balanced orders, 3 orders per product",10,20,6,6,0.003,solved,
Harvey,wbo_10_20.txt,"Warwick 137: balanced orders, 3 orders per product",10,20,7,7,0.078,solved,
Harvey,wbo_10_20.txt,"Warwick 138: balanced orders, 3 orders per product",10,20,8,8,0.077,solved,
Harvey,wbo_10_20.txt,"Warwick 139: balanced orders, 3 orders per product",10,20,7,7,0.026,solved,
Harvey,wbo_10_20.txt,"Warwick 140: balanced orders, 3 orders per product",10,20,7,7,0.025,solved,
Harvey,wbo_10_20.txt,"Warwick 141: balanced orders, 4 orders per product",10,20,8,8,0.024,solved,
Harvey,wbo_10_20.txt,"Warwick 142: balanced orders, 4 orders per product",10,20,9,9,0.023,solved,
Harvey,wbo_10_20.txt,"Warwick 143: balanced orders, 4 orders per product",10,20,8,8,0.022,solved,
Harvey,wbo_10_20.txt,"Warwick 144: balanced orders, 4 orders per product",10,20,9,9,0.021,solved,
Harvey,wbo_10_20.txt,"Warwick 145: balanced orders, 4 orders per product",10,20,9,9,0.02,solved,
Harvey,wbo_10_20.txt,"Warwick 146: balanced orders, 4 orders per product",10,20,9,9,0.019,solved,
Harvey,wbo_10_20.txt,"Warwick 147: balanced orders, 4 orders per product",10,20,9,9,0.019,solved,
Harvey,wbo_10_20.txt,"Warwick 148: balanced orders, 4 orders per product",10,20,9,9,0.018,solved,
Harvey,wbo_10_20.txt,"Warwick 149: balanced orders, 4 orders per product",10,20,8,8,0.017,solved,
Harvey,wbo_10_20.txt,"Warwick 150: balanced orders, 4 orders per product",10,20,10,10,0.016,solved,
Harvey,wbo_10_20.txt,"Warwick 151: balanced orders, 5 orders per product",10,20,10,10,0.015,solved,
Harvey,wbo_10_20.txt,"Warwick 152: balanced orders, 5 orders per product",10,20,10,10,0.014,solved,
Harvey,wbo_10_20.txt,"Warwick 153: balanced orders, 5 orders per product",10,20,10,10,0.013,solved,
Harvey,wbo_10_20.txt,"Warwick 154: balanced orders, 5 orders per product",10,20,10,10,0.012,solved,
Harvey,wbo_10_20.txt,"Warwick 155: balanced orders, 5 orders per product",10,20,10,10,0.011,solved,
Harvey,wbo_10_20.txt,"Warwick 156: balanced orders, 5 orders per product",10,20,10,10,0.01,solved,
Harvey,wbo_10_20.txt,"Warwick 157: balanced orders, 5 orders per product",10,20,10,10,0.01,solved,
Harvey,wbo_10_20.txt,"Warwick 158: balanced orders, 5 orders per product",10,20,10,10,0.009,solved,
Harvey,wbo_10_20.txt,"Warwick 159: balanced orders, 5 orders per product",10,20,9,9,0.008,solved,
Harvey,wbo_10_20.txt,"Warwick 160: balanced orders, 5 orders per product",10,20,9,9,0.007,solved,
Harvey,wbo_10_30.txt,"Warwick 271: balanced orders, 2 orders per product",10,30,6,6,0.006,solved,
Harvey,wbo_10_30.txt,"Warwick 272: balanced orders, 2 orders per product",10,30,5,5,0.006,solved,
Harvey,wbo_10_30.txt,"Warwick 273: balanced orders, 2 orders per product",10,30,5,5,0.005,solved,
Harvey,wbo_10_30.txt,"Warwick 274: balanced orders, 2 orders per product",10,30,6,6,0.004,solved,
Harvey,wbo_10_30.txt,"Warwick 275: balanced orders, 2 orders per product",10,30,5,5,0.003,solved,
Harvey,wbo_10_30.txt,"Warwick 276: balanced orders, 2 orders per product",10,30,5,5,0.076,solved,
Harvey,wbo_10_30.txt,"Warwick 277: balanced orders, 2 orders per product",10,30,5,5,0.024,solved,
Harvey,wbo_10_30.txt,"Warwick 278: balanced orders, 2 orders per product",10,30,5,5,0.023,solved,
Harvey,wbo_10_30.txt,"Warwick 279: balanced orders, 2 orders per product",10,30,5,5,0.023,solved,
Harvey,wbo_10_30.txt,"Warwick 280: balanced orders, 2 orders per product",10,30,6,6,0.022,solved,
Harvey,wbo_10_30.txt,"Warwick 281: balanced orders, 3 orders per product",10,30,8,8,0.021,solved,
Harvey,wbo_10_30.txt,"Warwick 282: balanced orders, 3 orders per product",10,30,8,8,0.02,solved,
Harvey,wbo_10_30.txt,"Warwick 283: balanced orders, 3 orders per product",10,30,8,8,0.019,solved,
Harvey,wbo_10_30.txt,"Warwick 284: balanced orders, 3 orders per product",10,30,8,8,0.018,solved,
Harvey,wbo_10_30.txt,"Warwick 285: balanced orders, 3 orders per product",10,30,8,8,0.018,solved,
Harvey,wbo_10_30.txt,"Warwick 286: balanced orders, 3 orders per product",10,30,8,8,0.017,solved,
Harvey,wbo_10_30.txt,"Warwick 287: balanced orders, 3 orders per product",10,30,8,8,0.016,solved,
Harvey,wbo_10_30.txt,"Warwick 288: balanced orders, 3 orders per product",10,30,8,8,0.015,solved,
Harvey,wbo_10_30.txt,"Warwick 289: balanced orders, 3 orders per product",10,30,7,7,0.014,solved,
Harvey,wbo_10_30.txt,"Warwick 290: balanced orders, 3 orders per product",10,30,8,8,0.013,solved,
Harvey,wbo_10_30.txt,"Warwick 291: balanced orders, 4 orders per product",10,30,10,10,0.013,solved,
Harvey,wbo_10_30.txt,"Warwick 292: balanced orders, 4 orders per product",10,30,9,9,0.012,solved,
Harvey,wbo_10_30.txt,"Warwick 293: balanced orders, 4 orders per product",10,30,10,10,0.011,solved,
Harvey,wbo_10_30.txt,"Warwick 294: balanced orders, 4 orders per product",10,30,9,9,0.01,solved,
Harvey,wbo_10_30.txt,"Warwick 295: balanced orders, 4 orders per product",10,30,10,10,0.009,solved,
Harvey,wbo_10_30.txt,"Warwick 296: balanced orders, 4 orders per product",10,30,9,9,0.008,solved,
Harvey,wbo_10_30.txt,"Warwick 297: balanced orders, 4 orders per product",10,30,10,10,0.008,solved,
Harvey,wbo_10_30.txt,"Warwick 298: balanced orders, 4 orders per product",10,30,9,9,0.007,solved,
Harvey,wbo_10_30.txt,"Warwick 299: balanced orders, 4 orders per product",10,30,10,10,0.006,solved,
Harvey,wbo_10_30.txt,"Warwick 300: balanced orders, 4 orders per product",10,30,10,10,0.005,solved,
Harvey,wbo_10_30.txt,"Warwick 301: balanced orders, 5 orders per product",10,30,10,10,0.004,solved,
Harvey,wbo_10_30.txt,"Warwick 302: balanced orders, 5 orders per product",10,30,10,10,0.003,solved,
Harvey,wbo_10_30.txt,"Warwick 303: balanced orders, 5 orders per product",10,30,10,10,0.076,solved,
Harvey,wbo_10_30.txt,"Warwick 304: balanced orders, 5 orders per product",10,30,10,10,0.076,solved,
Harvey,wbo_10_30.txt,"Warwick 305: balanced orders, 5 orders per product",10,30,10,10,0.075,solved,
Harvey,wbo_10_30.txt,"Warwick 306: balanced orders, 5 orders per product",10,30,10,10,0.024,solved,
Harvey,wbo_10_30.txt,"Warwick 307: balanced orders, 5 orders per product",10,30,10,10,0.023,solved,
Harvey,wbo_10_30.txt,"Warwick 308: balanced orders, 5 orders per product",10,30,10,10,0.022,solved,
Harvey,wbo_10_30.txt,"Warwick 309: balanced orders, 5 orders per product",10,30,10,10,0.021,solved,
Harvey,wbo_10_30.txt,"Warwick 310: balanced orders, 5 orders per product",10,30,10,10,0.02,solved,
Harvey,wbo_15_15.txt,"Warwick 451: balanced orders, 2 orders per product",15,15,3,3,0.019,solved,
Harvey,wbo_15_15.txt,"Warwick 452: balanced orders, 2 orders per product",15,15,3,3,0.019,solved,
Harvey,wbo_15_15.txt,"Warwick 453: balanced orders, 2 orders per product",15,15,3,3,0.018,solved,
Harvey,wbo_15_15.txt,"Warwick 454: balanced orders, 2 orders per product",15,15,3,3,0.017,solved,
Harvey,wbo_15_15.txt,"Warwick 455: balanced orders, 2 orders per product",15,15,3,3,0.016,solved,
Harvey,wbo_15_15.txt,"Warwick 456: balanced orders, 2 orders per product",15,15,3,3,0.016,solved,
Harvey,wbo_15_15.txt,"Warwick 457: balanced orders, 2 orders per product",15,15,3,3,0.015,solved,
Harvey,wbo_15_15.txt,"Warwick 458: balanced orders, 2 orders per product",15,15,3,3,0.013,solved,
Harvey,wbo_15_15.txt,"Warwick 459: balanced orders, 2 orders per product",15,15,3,3,0.013,solved,
Harvey,wbo_15_15.txt,"Warwick 460: balanced orders, 2 orders per product",15,15,3,3,0.012,solved,
Harvey,wbo_15_15.txt,"Warwick 461: balanced orders, 3 orders per product",15,15,6,6,0.011,solved,
Harvey,wbo_15_15.txt,"Warwick 462: balanced orders, 3 orders per product",15,15,6,6,0.01,solved,
Harvey,wbo_15_15.txt,"Warwick 463: balanced orders, 3 orders per product",15,15,6,6,0.009,solved,
Harvey,wbo_15_15.txt,"Warwick 464: balanced orders, 3 orders per product",15,15,7,7,0.008,solved,
Harvey,wbo_15_15.txt,"Warwick 465: balanced orders, 3 orders per product",15,15,6,6,0.008,solved,
Harvey,wbo_15_15.txt,"Warwick 466: balanced orders, 3 orders per product",15,15,8,8,0.006,solved,
Harvey,wbo_15_15.txt,"Warwick 467: balanced orders, 3 orders per product",15,15,7,7,0.006,solved,
Harvey,wbo_15_15.txt,"Warwick 468: balanced orders, 3 orders per product",15,15,7,7,0.005,solved,
Harvey,wbo_15_15.txt,"Warwick 469: balanced orders, 3 orders per product",15,15,5,5,0.004,solved,
Harvey,wbo_15_15.txt,"Warwick 470: balanced orders, 3 orders per product",15,15,6,6,0.003,solved,
Harvey,wbo_15_15.txt,"Warwick 471: balanced orders, 4 orders per product",15,15,9,9,0.078,solved,
Harvey,wbo_15_15.txt,"Warwick 472: balanced orders, 4 orders per product",15,15,9,9,0.077,solved,
Harvey,wbo_15_15.txt,"Warwick 473: balanced orders, 4 orders per product",15,15,9,9,0.026,solved,
Harvey,wbo_15_15.txt,"Warwick 474: balanced orders, 4 orders per product",15,15,9,9,0.025,solved,
Harvey,wbo_15_15.txt,"Warwick 475: balanced orders, 4 orders per product",15,15,10,10,0.025,solved,
Harvey,wbo_15_15.txt,"Warwick 476: balanced orders, 4 orders per product",15,15,9,9,0.024,solved,
Harvey,wbo_15_15.txt,"Warwick 477: balanced orders, 4 orders per product",15,15,9,9,0.023,solved,
Harvey,wbo_15_15.txt,"Warwick 478: balanced orders, 4 orders per product",15,15,9,9,0.022,solved,
Harvey,wbo_15_15.txt,"Warwick 479: balanced orders, 4 orders per product",15,15,10,10,0.021,solved,
Harvey,wbo_15_15.txt,"Warwick 480: balanced orders, 4 orders per product",15,15,10,10,0.02,solved,
Harvey,wbo_15_15.txt,"Warwick 481: balanced orders, 5 orders per product",15,15,11,11,0.019,solved,
Harvey,wbo_15_15.txt,"Warwick 482: balanced orders, 5 orders per product",15,15,11,11,0.017,solved,
Harvey,wbo_15_15.txt,"Warwick 483: balanced orders, 5 orders per product",15,15,11,11,0.017,solved,
Harvey,wbo_15_15.txt,"Warwick 484: balanced orders, 5 orders per product",15,15,12,12,0.016,solved,
Harvey,wbo_15_15.txt,"Warwick 485: balanced orders, 5 orders per product",15,15,12,12,0.015,solved,
Harvey,wbo_15_15.txt,"Warwick 486: balanced orders, 5 orders per product",15,15,11,11,0.015,solved,
Harvey,wbo_15_15.txt,"Warwick 487: balanced orders, 5 orders per product",15,15,11,11,0.014,solved,
Harvey,wbo_15_15.txt,"Warwick 488: balanced orders, 5 orders per product",15,15,10,10,0.013,solved,
Harvey,wbo_15_15.txt,"Warwick 489: balanced orders, 5 orders per product",15,15,11,11,0.011,solved,
Harvey,wbo_15_15.txt,"Warwick 490: balanced orders, 5 orders per product",15,15,11,11,0.011,solved,
Harvey,wbo_15_15.txt,"Warwick 491: balanced orders, 6 orders per product",15,15,12,12,0.01,solved,
Harvey,wbo_15_15.txt,"Warwick 492: balanced orders, 6 orders per product",15,15,12,12,0.009,solved,
Harvey,wbo_15_15.txt,"Warwick 493: balanced orders, 6 orders per product",15,15,13,13,0.008,solved,
Harvey,wbo_15_15.txt,"Warwick 494: balanced orders, 6 orders per product",15,15,13,13,0.007,solved,
Harvey,wbo_15_15.txt,"Warwick 495: balanced orders, 6 orders per product",15,15,12,12,0.006,solved,
Harvey,wbo_15_15.txt,"Warwick 496: balanced orders, 6 orders per product",15,15,13,13,0.005,solved,
Harvey,wbo_15_15.txt,"Warwick 497: balanced orders, 6 orders per product",15,15,12,12,0.004,solved,
Harvey,wbo_15_15.txt,"Warwick 498: balanced orders, 6 orders per product",15,15,13,13,0.004,solved,
Harvey,wbo_15_15.txt,"Warwick 499: balanced orders, 6 orders per product",15,15,13,13,0.079,solved,
Harvey,wbo_15_15.txt,"Warwick 500: balanced orders, 6 orders per product",15,15,12,12,0.079,solved,
Harvey,wbo_15_15.txt,"Warwick 501: balanced orders, 7 orders per product",15,15,13,13,0.027,solved,
Harvey,wbo_15_15.txt,"Warwick 502: balanced orders, 7 orders per product",15,15,14,14,0.026,solved,
Harvey,wbo_15_15.txt,"Warwick 503: balanced orders, 7 orders per product",15,15,14,14,0.025,solved,
Harvey,wbo_15_15.txt,"Warwick 504: balanced orders, 7 orders per product",15,15,14,14,0.024,solved,
Harvey,wbo_15_15.txt,"Warwick 505: balanced orders, 7 orders per product",15,15,14,14,0.023,solved,
Harvey,wbo_15_15.txt,"Warwick 506: balanced orders, 7 orders per product",15,15,14,14,0.021,solved,
Harvey,wbo_15_15.txt,"Warwick 507: balanced orders, 7 orders per product",15,15,13,13,0.021,solved,
Harvey,wbo_15_15.txt,"Warwick 508: balanced orders, 7 orders per product",15,15,14,14,0.02,solved,
Harvey,wbo_15_15.txt,"Warwick 509: balanced orders, 7 orders per product",15,15,14,14,0.019,solved,
Harvey,wbo_15_15.txt,"Warwick 510: balanced orders, 7 orders per product",15,15,14,14,0.019,solved,
Harvey,wbo_15_30.txt,"Warwick 631: balanced orders, 2 orders per product",15,30,4,4,0.018,solved,
Harvey,wbo_15_30.txt,"Warwick 632: balanced orders, 2 orders per product",15,30,6,6,0.017,solved,
Harvey,wbo_15_30.txt,"Warwick 633: balanced orders, 2 orders per product",15,30,6,6,0.016,solved,
Harvey,wbo_15_30.txt,"Warwick 634: balanced orders, 2 orders per product",15,30,6,6,0.015,solved,
Harvey,wbo_15_30.txt,"Warwick 635: balanced orders, 2 orders per product",15,30,5,5,0.013,solved,
Harvey,wbo_15_30.txt,"Warwick 636: balanced orders, 2 orders per product",15,30,6,6,0.013,solved,
Harvey,wbo_15_30.txt,"Warwick 637: balanced orders, 2 orders per product",15,30,6,6,0.012,solved,
Harvey,wbo_15_30.txt,"Warwick 638: balanced orders, 2 orders per product",15,30,5,5,0.011,solved,
Harvey,wbo_15_30.txt,"Warwick 639: balanced orders, 2 orders per product",15,30,6,6,0.01,solved,
Harvey,wbo_15_30.txt,"Warwick 640: balanced orders, 2 orders per product",15,30,6,6,0.009,solved,
Harvey,wbo_15_30.txt,"Warwick 641: balanced orders, 3 orders per product",15,30,9,9,0.008,solved,
Harvey,wbo_15_30.txt,"Warwick 642: balanced orders, 3 orders per product",15,30,8,8,0.007,solved,
Harvey,wbo_15_30.txt,"Warwick 643: balanced orders, 3 orders per product",15,30,9,9,0.006,solved,
Harvey,wbo_15_30.txt,"Warwick 644: balanced orders, 3 orders per product",15,30,10,10,0.005,solved,
Harvey,wbo_15_30.txt,"Warwick 645: balanced orders, 3 orders per product",15,30,10,10,0.004,solved,
Harvey,wbo_15_30.txt,"Warwick 646: balanced orders, 3 orders per product",15,30,9,9,0.003,solved,
Harvey,wbo_15_30.txt,"Warwick 647: balanced orders, 3 orders per product",15,30,9,9,0.08,solved,
Harvey,wbo_15_30.txt,"Warwick 648: balanced orders, 3 orders per product",15,30,9,9,0.079,solved,
Harvey,wbo_15_30.txt,"Warwick 649: balanced orders, 3 orders per product",15,30,10,10,0.028,solved,
Harvey,wbo_15_30.txt,"Warwick 650: balanced orders, 3 orders per product",15,30,10,10,0.026,solved,
Harvey,wbo_15_30.txt,"Warwick 651: balanced orders, 4 orders per product",15,30,12,12,0.026,solved,
Harvey,wbo_15_30.txt,"Warwick 652: balanced orders, 4 orders per product",15,30,12,12,0.025,solved,
Harvey,wbo_15_30.txt,"Warwick 653: balanced orders, 4 orders per product",15,30,12,12,0.024,solved,
Harvey,wbo_15_30.txt,"Warwick 654: balanced orders, 4 orders per product",15,30,11,11,0.023,solved,
Harvey,wbo_15_30.txt,"Warwick 655: balanced orders, 4 orders per product",15,30,12,12,0.021,solved,
Harvey,wbo_15_30.txt,"Warwick 656: balanced orders, 4 orders per product",15,30,12,12,0.021,solved,
Harvey,wbo_15_30.txt,"Warwick 657: balanced orders, 4 orders per product",15,30,12,12,0.019,solved,
Harvey,wbo_15_30.txt,"Warwick 658: balanced orders, 4 orders per product",15,30,11,11,0.019,solved,
Harvey,wbo_15_30.txt,"Warwick 659: balanced orders, 4 orders per product",15,30,12,12,0.018,solved,
Harvey,wbo_15_30.txt,"Warwick 660: balanced orders, 4 orders per product",15,30,12,12,0.017,solved,
Harvey,wbo_15_30.txt,"Warwick 661: balanced orders, 5 orders per product",15,30,13,13,0.016,solved,
Harvey,wbo_15_30.txt,"Warwick 662: balanced orders, 5 orders per product",15,30,14,14,0.015,solved,
Harvey,wbo_15_30.txt,"Warwick 663: balanced orders, 5 orders per product",15,30,14,14,0.014,solved,
Harvey,wbo_15_30.txt,"Warwick 664: balanced orders, 5 orders per product",15,30,14,14,0.013,solved,
Harvey,wbo_15_30.txt,"Warwick 665: balanced orders, 5 orders per product",15,30,14,14,0.012,solved,
Harvey,wbo_15_30.txt,"Warwick 666: balanced orders, 5 orders per product",15,30,14,14,0.011,solved,
Harvey,wbo_15_30.txt,"Warwick 667: balanced orders, 5 orders per product",15,30,14,14,0.01,solved,
Harvey,wbo_15_30.txt,"Warwick 668: balanced orders, 5 orders per product",15,30,13,13,0.009,solved,
Harvey,wbo_15_30.txt,"Warwick 669: balanced orders, 5 orders per product",15,30,13,13,0.008,solved,
Harvey,wbo_15_30.txt,"Warwick 670: balanced orders, 5 orders per product",15,30,13,13,0.007,solved,
Harvey,wbo_15_30.txt,"Warwick 671: balanced orders, 6 orders per product",15,30,14,14,0.006,solved,
Harvey,wbo_15_30.txt,"Warwick 672: balanced orders, 6 orders per product",15,30,14,14,0.005,solved,
Harvey,wbo_15_30.txt,"Warwick 673: balanced orders, 6 orders per product",15,30,15,15,0.004,solved,
Harvey,wbo_15_30.txt,"Warwick 674: balanced orders, 6 orders per product",15,30,14,14,0.003,solved,
Harvey,wbo_15_30.txt,"Warwick 675: balanced orders, 6 orders per product",15,30,15,15,0.08,solved,
Harvey,wbo_15_30.txt,"Warwick 676: balanced orders, 6 orders per product",15,30,15,15,0.079,solved,
Harvey,wbo_15_30.txt,"Warwick 677: balanced orders, 6 orders per product",15,30,14,14,0.028,solved,
Harvey,wbo_15_30.txt,"Warwick 678: balanced orders, 6 orders per product",15,30,14,14,0.027,solved,
Harvey,wbo_15_30.txt,"Warwick 679: balanced orders, 6 orders per product",15,30,14,14,0.026,solved,
Harvey,wbo_15_30.txt,"Warwick 680: balanced orders, 6 orders per product",15,30,15,15,0.025,solved,
Harvey,wbo_15_30.txt,"Warwick 681: balanced orders, 7 orders per product",15,30,15,15,0.024,solved,
Harvey,wbo_15_30.txt,"Warwick 682: balanced orders, 7 orders per product",15,30,15,15,0.023,solved,
Harvey,wbo_15_30.txt,"Warwick 683: balanced orders, 7 orders per product",15,30,15,15,0.022,solved,
Harvey,wbo_15_30.txt,"Warwick 684: balanced orders, 7 orders per product",15,30,15,15,0.021,solved,
Harvey,wbo_15_30.txt,"Warwick 685: balanced orders, 7 orders per product",15,30,15,15,0.02,solved,
Harvey,wbo_15_30.txt,"Warwick 686: balanced orders, 7 orders per product",15,30,15,15,0.019,solved,
Harvey,wbo_15_30.txt,"Warwick 687: balanced orders, 7 orders per product",15,30,14,14,0.018,solved,
Harvey,wbo_15_30.txt,"Warwick 688: balanced orders, 7 orders per product",15,30,15,15,0.017,solved,
Harvey,wbo_15_30.txt,"Warwick 689: balanced orders, 7 orders per product",15,30,14,14,0.016,solved,
Harvey,wbo_15_30.txt,"Warwick 690: balanced orders, 7 orders per product",15,30,15,15,0.015,solved,
Harvey,wbo_20_10.txt,"Warwick 871: balanced orders, 4 orders per product",20,10,6,6,0.014,solved,
Harvey,wbo_20_10.txt,"Warwick 872: balanced orders, 4 orders per product",20,10,7,7,0.013,solved,
Harvey,wbo_20_10.txt,"Warwick 873: balanced orders, 4 orders per product",20,10,6,6,0.012,solved,
Harvey,wbo_20_10.txt,"Warwick 874: balanced orders, 4 orders per product",20,10,6,6,0.011,solved,
Harvey,wbo_20_10.txt,"Warwick 875: balanced orders, 4 orders per product",20,10,7,7,0.01,solved,
Harvey,wbo_20_10.txt,"Warwick 876: balanced orders, 4 orders per product",20,10,6,6,0.009,solved,
Harvey,wbo_20_10.txt,"Warwick 877: balanced orders, 4 orders per product",20,10,8,8,0.008,solved,
Harvey,wbo_20_10.txt,"Warwick 878: balanced orders, 4 orders per product",20,10,7,7,0.007,solved,
Harvey,wbo_20_10.txt,"Warwick 879: balanced orders, 4 orders per product",20,10,8,8,0.006,solved,
Harvey,wbo_20_10.txt,"Warwick 880: balanced orders, 4 orders per product",20,10,7,7,0.005,solved,
Harvey,wbo_20_10.txt,"Warwick 881: balanced orders, 5 orders per product",20,10,9,9,0.004,solved,
Harvey,wbo_20_10.txt,"Warwick 882: balanced orders, 5 orders per product",20,10,8,8,0.003,solved,
Harvey,wbo_20_10.txt,"Warwick 883: balanced orders, 5 orders per product",20,10,9,9,0.079,solved,
Harvey,wbo_20_10.txt,"Warwick 884: balanced orders, 5 orders per product",20,10,10,10,0.079,solved,
Harvey,wbo_20_10.txt,"Warwick 885: balanced orders, 5 orders per product",20,10,10,10,0.027,solved,
Harvey,wbo_20_10.txt,"Warwick 886: balanced orders, 5 orders per product",20,10,9,9,0.026,solved,
Harvey,wbo_20_10.txt,"Warwick 887: balanced orders, 5 orders per product",20,10,9,9,0.025,solved,
Harvey,wbo_20_10.txt,"Warwick 888: balanced orders, 5 orders per product",20,10,9,9,0.024,solved,
Harvey,wbo_20_10.txt,"Warwick 889: balanced orders, 5 orders per product",20,10,9,9,0.023,solved,
Harvey,wbo_20_10.txt,"Warwick 890: balanced orders, 5 orders per product",20,10,9,9,0.022,solved,
Harvey,wbo_20_10.txt,"Warwick 891: balanced orders, 6 orders per product",20,10,12,12,0.022,solved,
Harvey,wbo_20_10.txt,"Warwick 892: balanced orders, 6 orders per product",20,10,12,12,0.021,solved,
Harvey,wbo_20_10.txt,"Warwick 893: balanced orders, 6 orders per product",20,10,12,12,0.019,solved,
Harvey,wbo_20_10.txt,"Warwick 894: balanced orders, 6 orders per product",20,10,13,13,0.019,solved,
Harvey,wbo_20_10.txt,"Warwick 895: balanced orders, 6 orders per product",20,10,12,12,0.018,solved,
Harvey,wbo_20_10.txt,"Warwick 896: balanced orders, 6 orders per product",20,10,12,12,0.017,solved,
Harvey,wbo_20_10.txt,"Warwick 897: balanced orders, 6 orders per product",20,10,12,12,0.016,solved,
Harvey,wbo_20_10.txt,"Warwick 898: balanced orders, 6 orders per product",20,10,12,12,0.015,solved,
Harvey,wbo_20_10.txt,"Warwick 899: balanced orders, 6 orders per product",20,10,12,12,0.014,solved,
Harvey,wbo_20_10.txt,"Warwick 900: balanced orders, 6 orders per product",20,10,11,11,0.013,solved,
Harvey,wbo_20_10.txt,"Warwick 901: balanced orders, 7 orders per product",20,10,14,14,0.012,solved,
Harvey,wbo_20_10.txt,"Warwick 902: balanced orders, 7 orders per product",20,10,15,15,0.011,solved,
Harvey,wbo_20_10.txt,"Warwick 903: balanced orders, 7 orders per product",20,10,14,14,0.01,solved,
Harvey,wbo_20_10.txt,"Warwick 904: balanced orders, 7 orders per product",20,10,14,14,0.009,solved,
Harvey,wbo_20_10.txt,"Warwick 905: balanced orders, 7 orders per product",20,10,13,13,0.008,solved,
Harvey,wbo_20_10.txt,"Warwick 906: balanced orders, 7 orders per product",20,10,14,14,0.007,solved,
Harvey,wbo_20_10.txt,"Warwick 907: balanced orders, 7 orders per product",20,10,15,15,0.007,solved,
Harvey,wbo_20_10.txt,"Warwick 908: balanced orders, 7 orders per product",20,10,13,13,0.005,solved,
Harvey,wbo_20_10.txt,"Warwick 909: balanced orders, 7 orders per product",20,10,15,15,0.004,solved,
Harvey,wbo_20_10.txt,"Warwick 910: balanced orders, 7 orders per product",20,10,14,14,0.004,solved,
Harvey,wbo_20_10.txt,"Warwick 911: balanced orders, 8 orders per product",20,10,14,14,0.083,solved,
Harvey,wbo_20_10.txt,"Warwick 912: balanced orders, 8 orders per product",20,10,15,15,0.082,solved,
Harvey,wbo_20_10.txt,"Warwick 913: balanced orders, 8 orders per product",20,10,15,15,0.031,solved,
Harvey,wbo_20_10.txt,"Warwick 914: balanced orders, 8 orders per product",20,10,15,15,0.03,solved,
Harvey,wbo_20_10.txt,"Warwick 915: balanced orders, 8 orders per product",20,10,15,15,0.029,solved,
Harvey,wbo_20_10.txt,"Warwick 916: balanced orders, 8 orders per product",20,10,15,15,0.028,solved,
Harvey,wbo_20_10.txt,"Warwick 917: balanced orders, 8 orders per product",20,10,14,14,0.026,solved,
Harvey,wbo_20_10.txt,"Warwick 918: balanced orders, 8 orders per product",20,10,14,14,0.026,solved,
Harvey,wbo_20_10.txt,"Warwick 919: balanced orders, 8 orders per product",20,10,14,14,0.024,solved,
Harvey,wbo_20_10.txt,"Warwick 920: balanced orders, 8 orders per product",20,10,15,15,0.023,solved,
Harvey,wbo_20_10.txt,"Warwick 921: balanced orders, 9 orders per product",20,10,16,16,0.022,solved,
Harvey,wbo_20_10.txt,"Warwick 922: balanced orders, 9 orders per product",20,10,17,17,0.021,solved,
Harvey,wbo_20_10.txt,"Warwick 923: balanced orders, 9 orders per product",20,10,18,18,0.02,solved,
Harvey,wbo_20_10.txt,"Warwick 924: balanced orders, 9 orders per product",20,10,15,15,0.02,solved,
Harvey,wbo_20_10.txt,"Warwick 925: balanced orders, 9 orders per product",20,10,16,16,0.018,solved,
Harvey,wbo_20_10.txt,"Warwick 926: balanced orders, 9 orders per product",20,10,16,16,0.017,solved,
Harvey,wbo_20_10.txt,"Warwick 927: balanced orders, 9 orders per product",20,10,17,17,0.016,solved,
Harvey,wbo_20_10.txt,"Warwick 928: balanced orders, 9 orders per product",20,10,16,16,0.015,solved,
Harvey,wbo_20_10.txt,"Warwick 929: balanced orders, 9 orders per product",20,10,16,16,0.014,solved,
Harvey,wbo_20_10.txt,"Warwick 930: balanced orders, 9 orders per product",20,10,15,15,0.013,solved,
Harvey,wbo_20_10.txt,"Warwick 931: balanced orders, 10 orders per product",20,10,17,17,0.012,solved,
Harvey,wbo_20_10.txt,"Warwick 932: balanced orders, 10 orders per product",20,10,17,17,0.011,solved,
Harvey,wbo_20_10.txt,"Warwick 933: balanced orders, 10 orders per product",20,10,17,17,0.01,solved,
Harvey,wbo_20_10.txt,"Warwick 934: balanced orders, 10 orders per product",20,10,18,18,0.009,solved,
Harvey,wbo_20_10.txt,"Warwick 935: balanced orders, 10 orders per product",20,10,18,18,0.007,solved,
Harvey,wbo_20_10.txt,"Warwick 936: balanced orders, 10 orders per product",20,10,18,18,0.006,solved,
Harvey,wbo_20_10.txt,"Warwick 937: balanced orders, 10 orders per product",20,10,17,17,0.005,solved,
Harvey,wbo_20_10.txt,"Warwick 938: balanced orders, 10 orders per product",20,10,19,19,0.083,solved,
Harvey,wbo_20_10.txt,"Warwick 939: balanced orders, 10 orders per product",20,10,17,17,0.082,solved,
Harvey,wbo_20_10.txt,"Warwick 940: balanced orders, 10 orders per product",20,10,17,17,0.081,solved,
Harvey,wbo_20_20.txt,"Warwick 1021: balanced orders, 2 orders per product",20,20,3,3,0.029,solved,
Harvey,wbo_20_20.txt,"Warwick 1022: balanced orders, 2 orders per product",20,20,3,3,0.028,solved,
Harvey,wbo_20_20.txt,"Warwick 1023: balanced orders, 2 orders per product",20,20,3,3,0.028,solved,
Harvey,wbo_20_20.txt,"Warwick 1024: balanced orders, 2 orders per product",20,20,3,3,0.027,solved,
Harvey,wbo_20_20.txt,"Warwick 1025: balanced orders, 2 orders per product",20,20,4,4,0.025,solved,
Harvey,wbo_20_20.txt,"Warwick 1026: balanced orders, 2 orders per product",20,20,3,3,0.024,solved,
Harvey,wbo_20_20.txt,"Warwick 1027: balanced orders, 2 orders per product",20,20,3,3,0.023,solved,
Harvey,wbo_20_20.txt,"Warwick 1028: balanced orders, 2 orders per product",20,20,3,3,0.022,solved,
Harvey,wbo_20_20.txt,"Warwick 1029: balanced orders, 2 orders per product",20,20,3,3,0.02,solved,
Harvey,wbo_20_20.txt,"Warwick 1030: balanced orders, 2 orders per product",20,20,3,3,0.019,solved,
Harvey,wbo_20_20.txt,"Warwick 1031: balanced orders, 3 orders per product",20,20,8,8,0.019,solved,
Harvey,wbo_20_20.txt,"Warwick 1032: balanced orders, 3 orders per product",20,20,8,8,0.017,solved,
Harvey,wbo_20_20.txt,"Warwick 1033: balanced orders, 3 orders per product",20,20,7,7,0.016,solved,
Harvey,wbo_20_20.txt,"Warwick 1034: balanced orders, 3 orders per product",20,20,8,8,0.015,solved,
Harvey,wbo_20_20.txt,"Warwick 1035: balanced orders, 3 orders per product",20,20,8,8,0.014,solved,
Harvey,wbo_20_20.txt,"Warwick 1036: balanced orders, 3 orders per product",20,20,7,7,0.013,solved,
Harvey,wbo_20_20.txt,"Warwick 1037: balanced orders, 3 orders per product",20,20,7,7,0.011,solved,
Harvey,wbo_20_20.txt,"Warwick 1038: balanced orders, 3 orders per product",20,20,7,7,0.011,solved,
Harvey,wbo_20_20.txt,"Warwick 1039: balanced orders, 3 orders per product",20,20,7,7,0.01,solved,
Harvey,wbo_20_20.txt,"Warwick 1040: balanced orders, 3 orders per product",20,20,7,7,0.009,solved,
Harvey,wbo_20_20.txt,"Warwick 1041: balanced orders, 4 orders per product",20,20,11,11,0.007,solved,
Harvey,wbo_20_20.txt,"Warwick 1042: balanced orders, 4 orders per product",20,20,11,11,0.007,solved,
Harvey,wbo_20_20.txt,"Warwick 1043: balanced orders, 4 orders per product",20,20,12,12,0.006,solved,
Harvey,wbo_20_20.txt,"Warwick 1044: balanced orders, 4 orders per product",20,20,10,10,0.004,solved,
Harvey,wbo_20_20.txt,"Warwick 1045: balanced orders, 4 orders per product",20,20,10,10,0.003,solved,
Harvey,wbo_20_20.txt,"Warwick 1046: balanced orders, 4 orders per product",20,20,12,12,0.082,solved,
Harvey,wbo_20_20.txt,"Warwick 1047: balanced orders, 4 orders per product",20,20,10,10,0.082,solved,
Harvey,wbo_20_20.txt,"Warwick 1048: balanced orders, 4 orders per product",20,20,11,11,0.03,solved,
Harvey,wbo_20_20.txt,"Warwick 1049: balanced orders, 4 orders per product",20,20,10,10,0.029,solved,
Harvey,wbo_20_20.txt,"Warwick 1050: balanced orders, 4 orders per product",20,20,11,11,0.028,solved,
Harvey,wbo_20_20.txt,"Warwick 1051: balanced orders, 5 orders per product",20,20,13,13,0.027,solved,
Harvey,wbo_20_20.txt,"Warwick 1052: balanced orders, 5 orders per product",20,20,13,13,0.026,solved,
Harvey,wbo_20_20.txt,"Warwick 1053: balanced orders, 5 orders per product",20,20,13,13,0.025,solved,
Harvey,wbo_20_20.txt,"Warwick 1054: balanced orders, 5 orders per product",20,20,14,14,0.024,solved,
Harvey,wbo_20_20.txt,"Warwick 1055: balanced orders, 5 orders per product",20,20,13,13,0.023,solved,
Harvey,wbo_20_20.txt,"Warwick 1056: balanced orders, 5 orders per product",20,20,12,12,0.022,solved,
Harvey,wbo_20_20.txt,"Warwick 1057: balanced orders, 5 orders per product",20,20,13,13,0.02,solved,
Harvey,wbo_20_20.txt,"Warwick 1058: balanced orders, 5 orders per product",20,20,14,14,0.02,solved,
Harvey,wbo_20_20.txt,"Warwick 1059: balanced orders, 5 orders per product",20,20,13,13,0.019,solved,
Harvey,wbo_20_20.txt,"Warwick 1060: balanced orders, 5 orders per product",20,20,13,13,0.018,solved,
Harvey,wbo_20_20.txt,"Warwick 1061: balanced orders, 6 orders per product",20,20,15,15,0.016,solved,
Harvey,wbo_20_20.txt,"Warwick 1062: balanced orders, 6 orders per product",20,20,15,15,0.016,solved,
Harvey,wbo_20_20.txt,"Warwick 1063: balanced orders, 6 orders per product",20,20,15,15,0.015,solved,
Harvey,wbo_20_20.txt,"Warwick 1064: balanced orders, 6 orders per product",20,20,15,15,0.013,solved,
Harvey,wbo_20_20.txt,"Warwick 1065: balanced orders, 6 orders per product",20,20,16,16,0.012,solved,
Harvey,wbo_20_20.txt,"Warwick 1066: balanced orders, 6 orders per product",20,20,16,16,0.011,solved,
Harvey,wbo_20_20.txt,"Warwick 1067: balanced orders, 6 orders per product",20,20,15,15,0.011,solved,
Harvey,wbo_20_20.txt,"Warwick 1068: balanced orders, 6 orders per product",20,20,15,15,0.009,solved,
Harvey,wbo_20_20.txt,"Warwick 1069: balanced orders, 6 orders per product",20,20,16,16,0.008,solved,
Harvey,wbo_20_20.txt,"Warwick 1070: balanced orders, 6 orders per product",20,20,16,16,0.007,solved,
Harvey,wbo_20_20.txt,"Warwick 1071: balanced orders, 7 orders per product",20,20,17,17,0.006,solved,
Harvey,wbo_20_20.txt,"Warwick 1072: balanced orders, 7 orders per product",20,20,17,17,0.005,solved,
Harvey,wbo_20_20.txt,"Warwick 1073: balanced orders, 7 orders per product",20,20,17,17,0.004,solved,
Harvey,wbo_20_20.txt,"Warwick 1074: balanced orders, 7 orders per product",20,20,17,17,0.086,solved,
Harvey,wbo_20_20.txt,"Warwick 1075: balanced orders, 7 orders per product",20,20,16,16,0.084,solved,
Harvey,wbo_20_20.txt,"Warwick 1076: balanced orders, 7 orders per product",20,20,16,16,0.033,solved,
Harvey,wbo_20_20.txt,"Warwick 1077: balanced orders, 7 orders per product",20,20,18,18,0.032,solved,
Harvey,wbo_20_20.txt,"Warwick 1078: balanced orders, 7 orders per product",20,20,16,16,0.031,solved,
Harvey,wbo_20_20.txt,"Warwick 1079: balanced orders, 7 orders per product",20,20,17,17,0.03,solved,
Harvey,wbo_20_20.txt,"Warwick 1080: balanced orders, 7 orders per product",20,20,17,17,0.029,solved,
Harvey,wbo_20_20.txt,"Warwick 1081: balanced orders, 8 orders per product",20,20,18,18,0.027,solved,
Harvey,wbo_20_20.txt,"Warwick 1082: balanced orders, 8 orders per product",20,20,17,17,0.026,solved,
Harvey,wbo_20_20.txt,"Warwick 1083: balanced orders, 8 orders per product",20,20,19,19,0.025,solved,
Harvey,wbo_20_20.txt,"Warwick 1084: balanced orders, 8 orders per product",20,20,18,18,0.024,solved,
Harvey,wbo_20_20.txt,"Warwick 1085: balanced orders, 8 orders per product",20,20,18,18,0.022,solved,
Harvey,wbo_20_20.txt,"Warwick 1086: balanced orders, 8 orders per product",20,20,19,19,0.021,solved,
Harvey,wbo_20_20.txt,"Warwick 1087: balanced orders, 8 orders per product",20,20,18,18,0.02,solved,
Harvey,wbo_20_20.txt,"Warwick 1088: balanced orders, 8 orders per product",20,20,17,17,0.019,solved,
Harvey,wbo_20_20.txt,"Warwick 1089: balanced orders, 8 orders per product",20,20,18,18,0.017,solved,
Harvey,wbo_20_20.txt,"Warwick 1090: balanced orders, 8 orders per product",20,20,18,18,0.016,solved,
Harvey,wbo_20_20.txt,"Warwick 1091: balanced orders, 9 orders per product",20,20,19,19,0.015,solved,
Harvey,wbo_20_20.txt,"Warwick 1092: balanced orders, 9 orders per product",20,20,19,19,0.014,solved,
Harvey,wbo_20_20.txt,"Warwick 1093: balanced orders, 9 orders per product",20,20,19,19,0.013,solved,
Harvey,wbo_20_20.txt,"Warwick 1094: balanced orders, 9 orders per product",20,20,19,19,0.011,solved,
Harvey,wbo_20_20.txt,"Warwick 1095: balanced orders, 9 orders per product",20,20,18,18,0.011,solved,
Harvey,wbo_20_20.txt,"Warwick 1096: balanced orders, 9 orders per product",20,20,19,19,0.01,solved,
Harvey,wbo_20_20.txt,"Warwick 1097: balanced orders, 9 orders per product",20,20,18,18,0.008,solved,
Harvey,wbo_20_20.txt,"Warwick 1098: balanced orders, 9 orders per product",20,20,19,19,0.007,solved,
Harvey,wbo_20_20.txt,"Warwick 1099: balanced orders, 9 orders per product",20,20,19,19,0.006,solved,
Harvey,wbo_20_20.txt,"Warwick 1100: balanced orders, 9 orders per product",20,20,20,20,0.005,solved,
Harvey,wbo_20_20.txt,"Warwick 1101: balanced orders, 10 orders per product",20,20,20,20,0.004,solved,
Harvey,wbo_20_20.txt,"Warwick 1102: balanced orders, 10 orders per product",20,20,20,20,0.087,solved,
Harvey,wbo_20_20.txt,"Warwick 1103: balanced orders, 10 orders per product",20,20,20,20,0.086,solved,
Harvey,wbo_20_20.txt,"Warwick 1104: balanced orders, 10 orders per product",20,20,20,20,0.035,solved,
Harvey,wbo_20_20.txt,"Warwick 1105: balanced orders, 10 orders per product",20,20,19,19,0.033,solved,
Harvey,wbo_20_20.txt,"Warwick 1106: balanced orders, 10 orders per product",20,20,19,19,0.032,solved,
Harvey,wbo_20_20.txt,"Warwick 1107: balanced orders, 10 orders per product",20,20,20,20,0.031,solved,
Harvey,wbo_20_20.txt,"Warwick 1108: balanced orders, 10 orders per product",20,20,20,20,0.03,solved,
Harvey,wbo_20_20.txt,"Warwick 1109: balanced orders, 10 orders per product",20,20,20,20,0.029,solved,
Harvey,wbo_20_20.txt,"Warwick 1110: balanced orders, 10 orders per product",20,20,19,19,0.027,solved,
Harvey,wbo_30_10.txt,"Warwick 1291: balanced orders, 6 orders per product",30,10,10,10,0.026,solved,
Harvey,wbo_30_10.txt,"Warwick 1292: balanced orders, 6 orders per product",30,10,11,11,0.025,solved,
Harvey,wbo_30_10.txt,"Warwick 1293: balanced orders, 6 orders per product",30,10,11,11,0.023,solved,
Harvey,wbo_30_10.txt,"Warwick 1294: balanced orders, 6 orders per product",30,10,11,11,0.022,solved,
Harvey,wbo_30_10.txt,"Warwick 1295: balanced orders, 6 orders per product",30,10,12,12,0.021,solved,
Harvey,wbo_30_10.txt,"Warwick 1296: balanced orders, 6 orders per product",30,10,12,12,0.02,solved,
Harvey,wbo_30_10.txt,"Warwick 1297: balanced orders, 6 orders per product",30,10,10,10,0.019,solved,
Harvey,wbo_30_10.txt,"Warwick 1298: balanced orders, 6 orders per product",30,10,11,11,0.017,solved,
Harvey,wbo_30_10.txt,"Warwick 1299: balanced orders, 6 orders per product",30,10,12,12,0.016,solved,
Harvey,wbo_30_10.txt,"Warwick 1300: balanced orders, 6 orders per product",30,10,12,12,0.015,solved,
Harvey,wbo_30_10.txt,"Warwick 1301: balanced orders, 7 orders per product",30,10,12,12,0.014,solved,
Harvey,wbo_30_10.txt,"Warwick 1302: balanced orders, 7 orders per product",30,10,13,13,0.012,solved,
Harvey,wbo_30_10.txt,"Warwick 1303: balanced orders, 7 orders per product",30,10,13,13,0.012,solved,
Harvey,wbo_30_10.txt,"Warwick 1304: balanced orders, 7 orders per product",30,10,14,14,0.01,solved,
Harvey,wbo_30_10.txt,"Warwick 1305: balanced orders, 7 orders per product",30,10,14,14,0.009,solved,
Harvey,wbo_30_10.txt,"Warwick 1306: balanced orders, 7 orders per product",30,10,12,12,0.008,solved,
Harvey,wbo_30_10.txt,"Warwick 1307: balanced orders, 7 orders per product",30,10,14,14,0.006,solved,
Harvey,wbo_30_10.txt,"Warwick 1308: balanced orders, 7 orders per product",30,10,13,13,0.005,solved,
Harvey,wbo_30_10.txt,"Warwick 1309: balanced orders, 7 orders per product",30,10,15,15,0.004,solved,
Harvey,wbo_30_10.txt,"Warwick 1310: balanced orders, 7 orders per product",30,10,13,13,0.085,solved,
Harvey,wbo_30_10.txt,"Warwick 1311: balanced orders, 8 orders per product",30,10,16,16,0.084,solved,
Harvey,wbo_30_10.txt,"Warwick 1312: balanced orders, 8 orders per product",30,10,17,17,0.033,solved,
Harvey,wbo_30_10.txt,"Warwick 1313: balanced orders, 8 orders per product",30,10,17,17,0.032,solved,
Harvey,wbo_30_10.txt,"Warwick 1314: balanced orders, 8 orders per product",30,10,16,16,0.031,solved,
Harvey,wbo_30_10.txt,"Warwick 1315: balanced orders, 8 orders per product",30,10,18,18,0.03,solved,
Harvey,wbo_30_10.txt,"Warwick 1316: balanced orders, 8 orders per product",30,10,17,17,0.029,solved,
Harvey,wbo_30_10.txt,"Warwick 1317: balanced orders, 8 orders per product",30,10,15,15,0.028,solved,
Harvey,wbo_30_10.txt,"Warwick 1318: balanced orders, 8 orders per product",30,10,16,16,0.026,solved,
Harvey,wbo_30_10.txt,"Warwick 1319: balanced orders, 8 orders per product",30,10,16,16,0.025,solved,
Harvey,wbo_30_10.txt,"Warwick 1320: balanced orders, 8 orders per product",30,10,17,17,0.024,solved,
Harvey,wbo_30_10.txt,"Warwick 1321: balanced orders, 9 orders per product",30,10,17,17,0.023,solved,
Harvey,wbo_30_10.txt,"Warwick 1322: balanced orders, 9 orders per product",30,10,19,19,0.022,solved,
Harvey,wbo_30_10.txt,"Warwick 1323: balanced orders, 9 orders per product",30,10,19,19,0.02,solved,
Harvey,wbo_30_10.txt,"Warwick 1324: balanced orders, 9 orders per product",30,10,18,18,0.019,solved,
Harvey,wbo_30_10.txt,"Warwick 1325: balanced orders, 9 orders per product",30,10,18,18,0.019,solved,
Harvey,wbo_30_10.txt,"Warwick 1326: balanced orders, 9 orders per product",30,10,18,18,0.017,solved,
Harvey,wbo_30_10.txt,"Warwick 1327: balanced orders, 9 orders per product",30,10,17,17,0.016,solved,
Harvey,wbo_30_10.txt,"Warwick 1328: balanced orders, 9 orders per product",30,10,18,18,0.014,solved,
Harvey,wbo_30_10.txt,"Warwick 1329: balanced orders, 9 orders per product",30,10,19,19,0.013,solved,
Harvey,wbo_30_10.txt,"Warwick 1330: balanced orders, 9 orders per product",30,10,18,18,0.012,solved,
Harvey,wbo_30_10.txt,"Warwick 1331: balanced orders, 10 orders per product",30,10,21,21,0.011,solved,
Harvey,wbo_30_10.txt,"Warwick 1332: balanced orders, 10 orders per product",30,10,20,20,0.01,solved,
Harvey,wbo_30_10.txt,"Warwick 1333: balanced orders, 10 orders per product",30,10,21,21,0.008,solved,
Harvey,wbo_30_10.txt,"Warwick 1334: balanced orders, 10 orders per product",30,10,20,20,0.008,solved,
Harvey,wbo_30_10.txt,"Warwick 1335: balanced orders, 10 orders per product",30,10,19,19,0.007,solved,
Harvey,wbo_30_10.txt,"Warwick 1336: balanced orders, 10 orders per product",30,10,18,18,0.005,solved,
Harvey,wbo_30_10.txt,"Warwick 1337: balanced orders, 10 orders per product",30,10,20,20,0.086,solved,
Harvey,wbo_30_10.txt,"Warwick 1338: balanced orders, 10 orders per product",30,10,21,21,0.085,solved,
Harvey,wbo_30_10.txt,"Warwick 1339: balanced orders, 10 orders per product",30,10,21,21,0.084,solved,
Harvey,wbo_30_10.txt,"Warwick 1340: balanced orders, 10 orders per product",30,10,21,21,0.032,solved,
Harvey,wbo_30_10.txt,"Warwick 1341: balanced orders, 11 orders per product",30,10,21,21,0.031,solved,
Harvey,wbo_30_10.txt,"Warwick 1342: balanced orders, 11 orders per product",30,10,21,21,0.03,solved,
Harvey,wbo_30_10.txt,"Warwick 1343: balanced orders, 11 orders per product",30,10,20,20,0.029,solved,
Harvey,wbo_30_10.txt,"Warwick 1344: balanced orders, 11 orders per product",30,10,21,21,0.028,solved,
Harvey,wbo_30_10.txt,"Warwick 1345: balanced orders, 11 orders per product",30,10,22,22,0.027,solved,
Harvey,wbo_30_10.txt,"Warwick 1346: balanced orders, 11 orders per product",30,10,20,20,0.025,solved,
Harvey,wbo_30_10.txt,"Warwick 1347: balanced orders, 11 orders per product",30,10,22,22,0.024,solved,
Harvey,wbo_30_10.txt,"Warwick 1348: balanced orders, 11 orders per product",30,10,20,20,0.023,solved,
Harvey,wbo_30_10.txt,"Warwick 1349: balanced orders, 11 orders per product",30,10,23,23,0.021,solved,
Harvey,wbo_30_10.txt,"Warwick 1350: balanced orders, 11 orders per product",30,10,23,23,0.02,solved,
Harvey,wbo_30_10.txt,"Warwick 1351: balanced orders, 12 orders per product",30,10,23,23,0.019,solved,
Harvey,wbo_30_10.txt,"Warwick 1352: balanced orders, 12 orders per product",30,10,23,23,0.018,solved,
Harvey,wbo_30_10.txt,"Warwick 1353: balanced orders, 12 orders per product",30,10,22,22,0.017,solved,
Harvey,wbo_30_10.txt,"Warwick 1354: balanced orders, 12 orders per product",30,10,22,22,0.016,solved,
Harvey,wbo_30_10.txt,"Warwick 1355: balanced orders, 12 orders per product",30,10,24,24,0.015,solved,
Harvey,wbo_30_10.txt,"Warwick 1356: balanced orders, 12 orders per product",30,10,24,24,0.013,solved,
Harvey,wbo_30_10.txt,"Warwick 1357: balanced orders, 12 orders per product",30,10,25,25,0.013,solved,
Harvey,wbo_30_10.txt,"Warwick 1358: balanced orders, 12 orders per product",30,10,25,25,0.012,solved,
Harvey,wbo_30_10.txt,"Warwick 1359: balanced orders, 12 orders per product",30,10,23,23,0.011,solved,
Harvey,wbo_30_10.txt,"Warwick 1360: balanced orders, 12 orders per product",30,10,24,24,0.009,solved,
Harvey,wbo_30_10.txt,"Warwick 1361: balanced orders, 13 orders per product",30,10,26,26,0.008,solved,
Harvey,wbo_30_10.txt,"Warwick 1362: balanced orders, 13 orders per product",30,10,24,24,0.007,solved,
Harvey,wbo_30_10.txt,"Warwick 1363: balanced orders, 13 orders per product",30,10,24,24,0.006,solved,
Harvey,wbo_30_10.txt,"Warwick 1364: balanced orders, 13 orders per product",30,10,26,26,0.088,solved,
Harvey,wbo_30_10.txt,"Warwick 1365: balanced orders, 13 orders per product",30,10,24,24,0.087,solved,
Harvey,wbo_30_10.txt,"Warwick 1366: balanced orders, 13 orders per product",30,10,25,25,0.086,solved,
Harvey,wbo_30_10.txt,"Warwick 1367: balanced orders, 13 orders per product",30,10,24,24,0.034,solved,
Harvey,wbo_30_10.txt,"Warwick 1368: balanced orders, 13 orders per product",30,10,23,23,0.033,solved,
Harvey,wbo_30_10.txt,"Warwick 1369: balanced orders, 13 orders per product",30,10,24,24,0.032,solved,
Harvey,wbo_30_10.txt,"Warwick 1370: balanced orders, 13 orders per product",30,10,24,24,0.031,solved,
Harvey,wbo_30_10.txt,"Warwick 1371: balanced orders, 14 orders per product",30,10,24,24,0.03,solved,
Harvey,wbo_30_10.txt,"Warwick 1372: balanced orders, 14 orders per product",30,10,26,26,0.028,solved,
Harvey,wbo_30_10.txt,"Warwick 1373: balanced orders, 14 orders per product",30,10,25,25,0.027,solved,
Harvey,wbo_30_10.txt,"Warwick 1374: balanced orders, 14 orders per product",30,10,25,25,0.026,solved,
Harvey,wbo_30_10.txt,"Warwick 1375: balanced orders, 14 orders per product",30,10,27,27,0.024,solved,
Harvey,wbo_30_10.txt,"Warwick 1376: balanced orders, 14 orders per product",30,10,26,26,0.023,solved,
Harvey,wbo_30_10.txt,"Warwick 1377: balanced orders, 14 orders per product",30,10,25,25,0.022,solved,
Harvey,wbo_30_10.txt,"Warwick 1378: balanced orders, 14 orders per product",30,10,25,25,0.021,solved,
Harvey,wbo_30_10.txt,"Warwick 1379: balanced orders, 14 orders per product",30,10,26,26,0.019,solved,
Harvey,wbo_30_10.txt,"Warwick 1380: balanced orders, 14 orders per product",30,10,24,24,0.018,solved,
Harvey,wbo_30_10.txt,"Warwick 1381: balanced orders, 15 orders per product",30,10,27,27,0.017,solved,
Harvey,wbo_30_10.txt,"Warwick 1382: balanced orders, 15 orders per product",30,10,25,25,0.015,solved,
Harvey,wbo_30_10.txt,"Warwick 1383: balanced orders, 15 orders per product",30,10,26,26,0.014,solved,
Harvey,wbo_30_10.txt,"Warwick 1384: balanced orders, 15 orders per product",30,10,26,26,0.013,solved,
Harvey,wbo_30_10.txt,"Warwick 1385: balanced orders, 15 orders per product",30,10,27,27,0.012,solved,
Harvey,wbo_30_10.txt,"Warwick 1386: balanced orders, 15 orders per product",30,10,27,27,0.01,solved,
Harvey,wbo_30_10.txt,"Warwick 1387: balanced orders, 15 orders per product",30,10,26,26,0.009,solved,
Harvey,wbo_30_10.txt,"Warwick 1388: balanced orders, 15 orders per product",30,10,27,27,0.008,solved,
Harvey,wbo_30_10.txt,"Warwick 1389: balanced orders, 15 orders per product",30,10,28,28,0.007,solved,
Harvey,wbo_30_10.txt,"Warwick 1390: balanced orders, 15 orders per product",30,10,28,28,0.089,solved,
Harvey,wbo_30_15.txt,"Warwick 1471: balanced orders, 4 orders per product",30,15,7,7,0.087,solved,
Harvey,wbo_30_15.txt,"Warwick 1472: balanced orders, 4 orders per product",30,15,8,8,0.087,solved,
Harvey,wbo_30_15.txt,"Warwick 1473: balanced orders, 4 orders per product",30,15,8,8,0.086,solved,
Harvey,wbo_30_15.txt,"Warwick 1474: balanced orders, 4 orders per product",30,15,8,8,0.034,solved,
Harvey,wbo_30_15.txt,"Warwick 1475: balanced orders, 4 orders per product",30,15,7,7,0.032,solved,
Harvey,wbo_30_15.txt,"Warwick 1476: balanced orders, 4 orders per product",30,15,8,8,0.031,solved,
Harvey,wbo_30_15.txt,"Warwick 1477: balanced orders, 4 orders per product",30,15,8,8,0.03,solved,
Harvey,wbo_30_15.txt,"Warwick 1478: balanced orders, 4 orders per product",30,15,8,8,0.029,solved,
Harvey,wbo_30_15.txt,"Warwick 1479: balanced orders, 4 orders per product",30,15,9,9,0.028,solved,
Harvey,wbo_30_15.txt,"Warwick 1480: balanced orders, 4 orders per product",30,15,7,7,0.026,solved,
Harvey,wbo_30_15.txt,"Warwick 1481: balanced orders, 5 orders per product",30,15,12,12,0.025,solved,
Harvey,wbo_30_15.txt,"Warwick 1482: balanced orders, 5 orders per product",30,15,11,11,0.023,solved,
Harvey,wbo_30_15.txt,"Warwick 1483: balanced orders, 5 orders per product",30,15,11,11,0.022,solved,
Harvey,wbo_30_15.txt,"Warwick 1484: balanced orders, 5 orders per product",30,15,12,12,0.021,solved,
Harvey,wbo_30_15.txt,"Warwick 1485: balanced orders, 5 orders per product",30,15,12,12,0.019,solved,
Harvey,wbo_30_15.txt,"Warwick 1486: balanced orders, 5 orders per product",30,15,11,11,0.018,solved,
Harvey,wbo_30_15.txt,"Warwick 1487: balanced orders, 5 orders per product",30,15,10,10,0.017,solved,
Harvey,wbo_30_15.txt,"Warwick 1488: balanced orders, 5 orders per product",30,15,12,12,0.015,solved,
Harvey,wbo_30_15.txt,"Warwick 1489: balanced orders, 5 orders per product",30,15,13,13,0.014,solved,
Harvey,wbo_30_15.txt,"Warwick 1490: balanced orders, 5 orders per product",30,15,11,11,0.013,solved,
Harvey,wbo_30_15.txt,"Warwick 1491: balanced orders, 6 orders per product",30,15,15,15,0.012,solved,
Harvey,wbo_30_15.txt,"Warwick 1492: balanced orders, 6 orders per product",30,15,16,16,0.01,solved,
Harvey,wbo_30_15.txt,"Warwick 1493: balanced orders, 6 orders per product",30,15,15,15,0.009,solved,
Harvey,wbo_30_15.txt,"Warwick 1494: balanced orders, 6 orders per product",30,15,15,15,0.008,solved,
Harvey,wbo_30_15.txt,"Warwick 1495: balanced orders, 6 orders per product",30,15,16,16,0.007,solved,
Harvey,wbo_30_15.txt,"Warwick 1496: balanced orders, 6 orders per product",30,15,14,14,0.005,solved,
Harvey,wbo_30_15.txt,"Warwick 1497: balanced orders, 6 orders per product",30,15,16,16,0.09,solved,
Harvey,wbo_30_15.txt,"Warwick 1498: balanced orders, 6 orders per product",30,15,15,15,0.089,solved,
Harvey,wbo_30_15.txt,"Warwick 1499: balanced orders, 6 orders per product",30,15,15,15,0.088,solved,
Harvey,wbo_30_15.txt,"Warwick 1500: balanced orders, 6 orders per product",30,15,16,16,0.036,solved,
Harvey,wbo_30_15.txt,"Warwick 1501: balanced orders, 7 orders per product",30,15,16,16,0.034,solved,
Harvey,wbo_30_15.txt,"Warwick 1502: balanced orders, 7 orders per product",30,15,17,17,0.033,solved,
Harvey,wbo_30_15.txt,"Warwick 1503: balanced orders, 7 orders per product",30,15,18,18,0.032,solved,
Harvey,wbo_30_15.txt,"Warwick 1504: balanced orders, 7 orders per product",30,15,17,17,0.03,solved,
Harvey,wbo_30_15.txt,"Warwick 1505: balanced orders, 7 orders per product",30,15,18,18,0.029,solved,
Harvey,wbo_30_15.txt,"Warwick 1506: balanced orders, 7 orders per product",30,15,17,17,0.028,solved,
Harvey,wbo_30_15.txt,"Warwick 1507: balanced orders, 7 orders per product",30,15,17,17,0.026,solved,
Harvey,wbo_30_15.txt,"Warwick 1508: balanced orders, 7 orders per product",30,15,19,19,0.025,solved,
Harvey,wbo_30_15.txt,"Warwick 1509: balanced orders, 7 orders per product",30,15,20,20,0.024,solved,
Harvey,wbo_30_15.txt,"Warwick 1510: balanced orders, 7 orders per product",30,15,18,18,0.023,solved,
Harvey,wbo_30_15.txt,"Warwick 1511: balanced orders, 8 orders per product",30,15,20,20,0.021,solved,
Harvey,wbo_30_15.txt,"Warwick 1512: balanced orders, 8 orders per product",30,15,19,19,0.019,solved,
Harvey,wbo_30_15.txt,"Warwick 1513: balanced orders, 8 orders per product",30,15,18,18,0.019,solved,
Harvey,wbo_30_15.txt,"Warwick 1514: balanced orders, 8 orders per product",30,15,21,21,0.017,solved,
Harvey,wbo_30_15.txt,"Warwick 1515: balanced orders, 8 orders per product",30,15,22,22,0.015,solved,
Harvey,wbo_30_15.txt,"Warwick 1516: balanced orders, 8 orders per product",30,15,21,21,0.014,solved,
Harvey,wbo_30_15.txt,"Warwick 1517: balanced orders, 8 orders per product",30,15,21,21,0.014,solved,
Harvey,wbo_30_15.txt,"Warwick 1518: balanced orders, 8 orders per product",30,15,21,21,0.012,solved,
Harvey,wbo_30_15.txt,"Warwick 1519: balanced orders, 8 orders per product",30,15,21,21,0.01,solved,
Harvey,wbo_30_15.txt,"Warwick 1520: balanced orders, 8 orders per product",30,15,20,20,0.009,solved,
Harvey,wbo_30_15.txt,"Warwick 1521: balanced orders, 9 orders per product",30,15,22,22,0.008,solved,
Harvey,wbo_30_15.txt,"Warwick 1522: balanced orders, 9 orders per product",30,15,20,20,0.007,solved,
Harvey,wbo_30_15.txt,"Warwick 1523: balanced orders, 9 orders per product",30,15,21,21,0.005,solved,
Harvey,wbo_30_15.txt,"Warwick 1524: balanced orders, 9 orders per product",30,15,20,20,0.093,solved,
Harvey,wbo_30_15.txt,"Warwick 1525: balanced orders, 9 orders per product",30,15,22,22,0.092,solved,
Harvey,wbo_30_15.txt,"Warwick 1526: balanced orders, 9 orders per product",30,15,23,23,0.091,solved,
Harvey,wbo_30_15.txt,"Warwick 1527: balanced orders, 9 orders per product",30,15,22,22,0.039,solved,
Harvey,wbo_30_15.txt,"Warwick 1528: balanced orders, 9 orders per product",30,15,21,21,0.037,solved,
Harvey,wbo_30_15.txt,"Warwick 1529: balanced orders, 9 orders per product",30,15,22,22,0.036,solved,
Harvey,wbo_30_15.txt,"Warwick 1530: balanced orders, 9 orders per product",30,15,23,23,0.035,solved,
Harvey,wbo_30_15.txt,"Warwick 1531: balanced orders, 10 orders per product",30,15,24,24,0.033,solved,
Harvey,wbo_30_15.txt,"Warwick 1532: balanced orders, 10 orders per product",30,15,23,23,0.032,solved,
Harvey,wbo_30_15.txt,"Warwick 1533: balanced orders, 10 orders per product",30,15,24,24,0.03,solved,
Harvey,wbo_30_15.txt,"Warwick 1534: balanced orders, 10 orders per product",30,15,24,24,0.029,solved,
Harvey,wbo_30_15.txt,"Warwick 1535: balanced orders, 10 orders per product",30,15,23,23,0.027,solved,
Harvey,wbo_30_15.txt,"Warwick 1536: balanced orders, 10 orders per product",30,15,24,24,0.026,solved,
Harvey,wbo_30_15.txt,"Warwick 1537: balanced orders, 10 orders per product",30,15,24,24,0.025,solved,
Harvey,wbo_30_15.txt,"Warwick 1538: balanced orders, 10 orders per product",30,15,23,23,0.023,solved,
Harvey,wbo_30_15.txt,"Warwick 1539: balanced orders, 10 orders per product",30,15,23,23,0.021,solved,
Harvey,wbo_30_15.txt,"Warwick 1540: balanced orders, 10 orders per product",30,15,24,24,0.02,solved,
Harvey,wbo_30_15.txt,"Warwick 1541: balanced orders, 11 orders per product",30,15,24,24,0.019,solved,
Harvey,wbo_30_15.txt,"Warwick 1542: balanced orders, 11 orders per product",30,15,26,26,0.017,solved,
Harvey,wbo_30_15.txt,"Warwick 1543: balanced orders, 11 orders per product",30,15,25,25,0.016,solved,
Harvey,wbo_30_15.txt,"Warwick 1544: balanced orders, 11 orders per product",30,15,26,26,0.015,solved,
Harvey,wbo_30_15.txt,"Warwick 1545: balanced orders, 11 orders per product",30,15,25,25,0.013,solved,
Harvey,wbo_30_15.txt,"Warwick 1546: balanced orders, 11 orders per product",30,15,23,23,0.012,solved,
Harvey,wbo_30_15.txt,"Warwick 1547: balanced orders, 11 orders per product",30,15,23,23,0.011,solved,
Harvey,wbo_30_15.txt,"Warwick 1548: balanced orders, 11 orders per product",30,15,26,26,0.009,solved,
Harvey,wbo_30_15.txt,"Warwick 1549: balanced orders, 11 orders per product",30,15,26,26,0.007,solved,
Harvey,wbo_30_15.txt,"Warwick 1550: balanced orders, 11 orders per product",30,15,25,25,0.006,solved,
Harvey,wbo_30_15.txt,"Warwick 1551: balanced orders, 12 orders per product",30,15,26,26,0.005,solved,
Harvey,wbo_30_15.txt,"Warwick 1552: balanced orders, 12 orders per product",30,15,25,25,0.091,solved,
Harvey,wbo_30_15.txt,"Warwick 1553: balanced orders, 12 orders per product",30,15,25,25,0.09,solved,
Harvey,wbo_30_15.txt,"Warwick 1554: balanced orders, 12 orders per product",30,15,26,26,0.038,solved,
Harvey,wbo_30_15.txt,"Warwick 1555: balanced orders, 12 orders per product",30,15,26,26,0.036,solved,
Harvey,wbo_30_15.txt,"Warwick 1556: balanced orders, 12 orders per product",30,15,26,26,0.035,solved,
Harvey,wbo_30_15.txt,"Warwick 1557: balanced orders, 12 orders per product",30,15,25,25,0.034,solved,
Harvey,wbo_30_15.txt,"Warwick 1558: balanced orders, 12 orders per product",30,15,26,26,0.032,solved,
Harvey,wbo_30_15.txt,"Warwick 1559: balanced orders, 12 orders per product",30,15,26,26,0.031,solved,
Harvey,wbo_30_15.txt,"Warwick 1560: balanced orders, 12 orders per product",30,15,27,27,0.03,solved,
Harvey,wbo_30_15.txt,"Warwick 1561: balanced orders, 13 orders per product",30,15,28,28,0.029,solved,
Harvey,wbo_30_15.txt,"Warwick 1562: balanced orders, 13 orders per product",30,15,27,27,0.027,solved,
Harvey,wbo_30_15.txt,"Warwick 1563: balanced orders, 13 orders per product",30,15,28,28,0.026,solved,
Harvey,wbo_30_15.txt,"Warwick 1564: balanced orders, 13 orders per product",30,15,28,28,0.024,solved,
Harvey,wbo_30_15.txt,"Warwick 1565: balanced orders, 13 orders per product",30,15,27,27,0.023,solved,
Harvey,wbo_30_15.txt,"Warwick 1566: balanced orders, 13 orders per product",30,15,27,27,0.022,solved,
Harvey,wbo_30_15.txt,"Warwick 1567: balanced orders, 13 orders per product",30,15,28,28,0.02,solved,
Harvey,wbo_30_15.txt,"Warwick 1568: balanced orders, 13 orders per product",30,15,26,26,0.019,solved,
Harvey,wbo_30_15.txt,"Warwick 1569: balanced orders, 13 orders per product",30,15,28,28,0.018,solved,
Harvey,wbo_30_15.txt,"Warwick 1570: balanced orders, 13 orders per product",30,15,27,27,0.016,solved,
Harvey,wbo_30_15.txt,"Warwick 1571: balanced orders, 14 orders per product",30,15,27,27,0.015,solved,
Harvey,wbo_30_15.txt,"Warwick 1572: balanced orders, 14 orders per product",30,15,27,27,0.014,solved,
Harvey,wbo_30_15.txt,"Warwick 1573: balanced orders, 14 orders per product",30,15,27,27,0.012,solved,
Harvey,wbo_30_15.txt,"Warwick 1574: balanced orders, 14 orders per product",30,15,28,28,0.011,solved,
Harvey,wbo_30_15.txt,"Warwick 1575: balanced orders, 14 orders per product",30,15,28,28,0.009,solved,
Harvey,wbo_30_15.txt,"Warwick 1576: balanced orders, 14 orders per product",30,15,28,28,0.008,solved,
Harvey,wbo_30_15.txt,"Warwick 1577: balanced orders, 14 orders per product",30,15,27,27,0.007,solved,
Harvey,wbo_30_15.txt,"Warwick 1578: balanced orders, 14 orders per product",30,15,27,27,0.089,solved,
Harvey,wbo_30_15.txt,"Warwick 1579: balanced orders, 14 orders per product",30,15,27,27,0.088,solved,
Harvey,wbo_30_15.txt,"Warwick 1580: balanced orders, 14 orders per product",30,15,27,27,0.087,solved,
Harvey,wbo_30_15.txt,"Warwick 1581: balanced orders, 15 orders per product",30,15,29,29,0.086,solved,
Harvey,wbo_30_15.txt,"Warwick 1582: balanced orders, 15 orders per product",30,15,28,28,0.033,solved,
Harvey,wbo_30_15.txt,"Warwick 1583: balanced orders, 15 orders per product",30,15,28,28,0.032,solved,
Harvey,wbo_30_15.txt,"Warwick 1584: balanced orders, 15 orders per product",30,15,28,28,0.031,solved,
Harvey,wbo_30_15.txt,"Warwick 1585: balanced orders, 15 orders per product",30,15,28,28,0.03,solved,
Harvey,wbo_30_15.txt,"Warwick 1586: balanced orders, 15 orders per product",30,15,29,29,0.028,solved,
Harvey,wbo_30_15.txt,"Warwick 1587: balanced orders, 15 orders per product",30,15,27,27,0.026,solved,
Harvey,wbo_30_15.txt,"Warwick 1588: balanced orders, 15 orders per product",30,15,28,28,0.026,solved,
Harvey,wbo_30_15.txt,"Warwick 1589: balanced orders, 15 orders per product",30,15,28,28,0.025,solved,
Harvey,wbo_30_15.txt,"Warwick 1590: balanced orders, 15 orders per product",30,15,29,29,0.023,solved,
Harvey,wbo_30_30.txt,"Warwick 1711: balanced orders, 2 orders per product",30,30,4,4,0.022,solved,
Harvey,wbo_30_30.txt,"Warwick 1712: balanced orders, 2 orders per product",30,30,3,3,0.021,solved,
Harvey,wbo_30_30.txt,"Warwick 1713: balanced orders, 2 orders per product",30,30,3,3,0.02,solved,
Harvey,wbo_30_30.txt,"Warwick 1714: balanced orders, 2 orders per product",30,30,3,3,0.018,solved,
Harvey,wbo_30_30.txt,"Warwick 1715: balanced orders, 2 orders per product",30,30,3,3,0.017,solved,
Harvey,wbo_30_30.txt,"Warwick 1716: balanced orders, 2 orders per product",30,30,4,4,0.016,solved,
Harvey,wbo_30_30.txt,"Warwick 1717: balanced orders, 2 orders per product",30,30,4,4,0.015,solved,
Harvey,wbo_30_30.txt,"Warwick 1718: balanced orders, 2 orders per product",30,30,4,4,0.013,solved,
Harvey,wbo_30_30.txt,"Warwick 1719: balanced orders, 2 orders per product",30,30,4,4,0.011,solved,
Harvey,wbo_30_30.txt,"Warwick 1720: balanced orders, 2 orders per product",30,30,3,3,0.011,solved,
Harvey,wbo_30_30.txt,"Warwick 1721: balanced orders, 3 orders per product",30,30,10,10,0.01,solved,
Harvey,wbo_30_30.txt,"Warwick 1722: balanced orders, 3 orders per product",30,30,8,8,0.008,solved,
Harvey,wbo_30_30.txt,"Warwick 1723: balanced orders, 3 orders per product",30,30,8,8,0.006,solved,
Harvey,wbo_30_30.txt,"Warwick 1724: balanced orders, 3 orders per product",30,30,8,8,0.006,solved,
Harvey,wbo_30_30.txt,"Warwick 1725: balanced orders, 3 orders per product",30,30,9,9,0.005,solved,
Harvey,wbo_30_30.txt,"Warwick 1726: balanced orders, 3 orders per product",30,30,9,9,0.096,solved,
Harvey,wbo_30_30.txt,"Warwick 1727: balanced orders, 3 orders per product",30,30,9,9,0.094,solved,
Harvey,wbo_30_30.txt,"Warwick 1728: balanced orders, 3 orders per product",30,30,10,10,0.043,solved,
Harvey,wbo_30_30.txt,"Warwick 1729: balanced orders, 3 orders per product",30,30,9,9,0.041,solved,
Harvey,wbo_30_30.txt,"Warwick 1730: balanced orders, 3 orders per product",30,30,9,9,0.04,solved,
Harvey,wbo_30_30.txt,"Warwick 1731: balanced orders, 4 orders per product",30,30,15,15,0.039,solved,
Harvey,wbo_30_30.txt,"Warwick 1732: balanced orders, 4 orders per product",30,30,15,15,0.037,solved,
Harvey,wbo_30_30.txt,"Warwick 1733: balanced orders, 4 orders per product",30,30,14,14,0.036,solved,
Harvey,wbo_30_30.txt,"Warwick 1734: balanced orders, 4 orders per product",30,30,16,16,0.034,solved,
Harvey,wbo_30_30.txt,"Warwick 1735: balanced orders, 4 orders per product",30,30,14,14,0.033,solved,
Harvey,wbo_30_30.txt,"Warwick 1736: balanced orders, 4 orders per product",30,30,14,14,0.031,solved,
Harvey,wbo_30_30.txt,"Warwick 1737: balanced orders, 4 orders per product",30,30,14,14,0.029,solved,
Harvey,wbo_30_30.txt,"Warwick 1738: balanced orders, 4 orders per product",30,30,15,15,0.027,solved,
Harvey,wbo_30_30.txt,"Warwick 1739: balanced orders, 4 orders per product",30,30,14,14,0.026,solved,
Harvey,wbo_30_30.txt,"Warwick 1740: balanced orders, 4 orders per product",30,30,14,14,0.025,solved,
Harvey,wbo_30_30.txt,"Warwick 1741: balanced orders, 5 orders per product",30,30,18,18,0.023,solved,
Harvey,wbo_30_30.txt,"Warwick 1742: balanced orders, 5 orders per product",30,30,19,19,0.021,solved,
Harvey,wbo_30_30.txt,"Warwick 1743: balanced orders, 5 orders per product",30,30,18,18,0.02,solved,
Harvey,wbo_30_30.txt,"Warwick 1744: balanced orders, 5 orders per product",30,30,19,19,0.019,solved,
Harvey,wbo_30_30.txt,"Warwick 1745: balanced orders, 5 orders per product",30,30,19,19,0.018,solved,
Harvey,wbo_30_30.txt,"Warwick 1746: balanced orders, 5 orders per product",30,30,17,17,0.016,solved,
Harvey,wbo_30_30.txt,"Warwick 1747: balanced orders, 5 orders per product",30,30,18,18,0.014,solved,
Harvey,wbo_30_30.txt,"Warwick 1748: balanced orders, 5 orders per product",30,30,17,17,0.012,solved,
Harvey,wbo_30_30.txt,"Warwick 1749: balanced orders, 5 orders per product",30,30,18,18,0.01,solved,
Harvey,wbo_30_30.txt,"Warwick 1750: balanced orders, 5 orders per product",30,30,18,18,0.009,solved,
Harvey,wbo_30_30.txt,"Warwick 1751: balanced orders, 6 orders per product",30,30,22,22,0.008,solved,
Harvey,wbo_30_30.txt,"Warwick 1752: balanced orders, 6 orders per product",30,30,22,22,0.093,solved,
Harvey,wbo_30_30.txt,"Warwick 1753: balanced orders, 6 orders per product",30,30,23,23,0.091,solved,
Harvey,wbo_30_30.txt,"Warwick 1754: balanced orders, 6 orders per product",30,30,20,20,0.09,solved,
Harvey,wbo_30_30.txt,"Warwick 1755: balanced orders, 6 orders per product",30,30,22,22,0.089,solved,
Harvey,wbo_30_30.txt,"Warwick 1756: balanced orders, 6 orders per product",30,30,22,22,0.037,solved,
Harvey,wbo_30_30.txt,"Warwick 1757: balanced orders, 6 orders per product",30,30,22,22,0.036,solved,
Harvey,wbo_30_30.txt,"Warwick 1758: balanced orders, 6 orders per product",30,30,22,22,0.035,solved,
Harvey,wbo_30_30.txt,"Warwick 1759: balanced orders, 6 orders per product",30,30,21,21,0.033,solved,
Harvey,wbo_30_30.txt,"Warwick 1760: balanced orders, 6 orders per product",30,30,21,21,0.032,solved,
Harvey,wbo_30_30.txt,"Warwick 1761: balanced orders, 7 orders per product",30,30,24,24,0.03,solved,
Harvey,wbo_30_30.txt,"Warwick 1762: balanced orders, 7 orders per product",30,30,24,24,0.029,solved,
Harvey,wbo_30_30.txt,"Warwick 1763: balanced orders, 7 orders per product",30,30,24,24,0.027,solved,
Harvey,wbo_30_30.txt,"Warwick 1764: balanced orders, 7 orders per product",30,30,24,24,0.025,solved,
Harvey,wbo_30_30.txt,"Warwick 1765: balanced orders, 7 orders per product",30,30,23,23,0.024,solved,
Harvey,wbo_30_30.txt,"Warwick 1766: balanced orders, 7 orders per product",30,30,23,23,0.023,solved,
Harvey,wbo_30_30.txt,"Warwick 1767: balanced orders, 7 orders per product",30,30,24,24,0.021,solved,
Harvey,wbo_30_30.txt,"Warwick 1768: balanced orders, 7 orders per product",30,30,25,25,0.019,solved,
Harvey,wbo_30_30.txt,"Warwick 1769: balanced orders, 7 orders per product",30,30,24,24,0.018,solved,
Harvey,wbo_30_30.txt,"Warwick 1770: balanced orders, 7 orders per product",30,30,24,24,0.016,solved,
Harvey,wbo_30_30.txt,"Warwick 1771: balanced orders, 8 orders per product",30,30,26,26,0.015,solved,
Harvey,wbo_30_30.txt,"Warwick 1772: balanced orders, 8 orders per product",30,30,26,26,0.014,solved,
Harvey,wbo_30_30.txt,"Warwick 1773: balanced orders, 8 orders per product",30,30,25,25,0.013,solved,
Harvey,wbo_30_30.txt,"Warwick 1774: balanced orders, 8 orders per product",30,30,24,24,0.011,solved,
Harvey,wbo_30_30.txt,"Warwick 1775: balanced orders, 8 orders per product",30,30,26,26,0.01,solved,
Harvey,wbo_30_30.txt,"Warwick 1776: balanced orders, 8 orders per product",30,30,24,24,0.008,solved,
Harvey,wbo_30_30.txt,"Warwick 1777: balanced orders, 8 orders per product",30,30,25,25,0.007,solved,
Harvey,wbo_30_30.txt,"Warwick 1778: balanced orders, 8 orders per product",30,30,26,26,0.093,solved,
Harvey,wbo_30_30.txt,"Warwick 1779: balanced orders, 8 orders per product",30,30,26,26,0.091,solved,
Harvey,wbo_30_30.txt,"Warwick 1780: balanced orders, 8 orders per product",30,30,26,26,0.09,solved,
Harvey,wbo_30_30.txt,"Warwick 1781: balanced orders, 9 orders per product",30,30,27,27,0.089,solved,
Harvey,wbo_30_30.txt,"Warwick 1782: balanced orders, 9 orders per product",30,30,27,27,0.037,solved,
Harvey,wbo_30_30.txt,"Warwick 1783: balanced orders, 9 orders per product",30,30,26,26,0.036,solved,
Harvey,wbo_30_30.txt,"Warwick 1784: balanced orders, 9 orders per product",30,30,27,27,0.034,solved,
Harvey,wbo_30_30.txt,"Warwick 1785: balanced orders, 9 orders per product",30,30,26,26,0.033,solved,
Harvey,wbo_30_30.txt,"Warwick 1786: balanced orders, 9 orders per product",30,30,27,27,0.031,solved,
Harvey,wbo_30_30.txt,"Warwick 1787: balanced orders, 9 orders per product",30,30,28,28,0.03,solved,
Harvey,wbo_30_30.txt,"Warwick 1788: balanced orders, 9 orders per product",30,30,26,26,0.028,solved,
Harvey,wbo_30_30.txt,"Warwick 1789: balanced orders, 9 orders per product",30,30,27,27,0.027,solved,
Harvey,wbo_30_30.txt,"Warwick 1790: balanced orders, 9 orders per product",30,30,27,27,0.025,solved,
Harvey,wbo_30_30.txt,"Warwick 1791: balanced orders, 10 orders per product",30,30,28,28,0.023,solved,
Harvey,wbo_30_30.txt,"Warwick 1792: balanced orders, 10 orders per product",30,30,27,27,0.022,solved,
Harvey,wbo_30_30.txt,"Warwick 1793: balanced orders, 10 orders per product",30,30,26,26,0.02,solved,
Harvey,wbo_30_30.txt,"Warwick 1794: balanced orders, 10 orders per product",30,30,27,27,0.018,solved,
Harvey,wbo_30_30.txt,"Warwick 1795: balanced orders, 10 orders per product",30,30,27,27,0.017,solved,
Harvey,wbo_30_30.txt,"Warwick 1796: balanced orders, 10 orders per product",30,30,27,27,0.016,solved,
Harvey,wbo_30_30.txt,"Warwick 1797: balanced orders, 10 orders per product",30,30,27,27,0.015,solved,
Harvey,wbo_30_30.txt,"Warwick 1798: balanced orders, 10 orders per product",30,30,27,27,0.013,solved,
Harvey,wbo_30_30.txt,"Warwick 1799: balanced orders, 10 orders per product",30,30,27,27,0.012,solved,
Harvey,wbo_30_30.txt,"Warwick 1800: balanced orders, 10 orders per product",30,30,27,27,0.011,solved,
Harvey,wbo_30_30.txt,"Warwick 1801: balanced orders, 11 orders per product",30,30,29,29,0.01,solved,
Harvey,wbo_30_30.txt,"Warwick 1802: balanced orders, 11 orders per product",30,30,28,28,0.008,solved,
Harvey,wbo_30_30.txt,"Warwick 1803: balanced orders, 11 orders per product",30,30,29,29,0.007,solved,
Harvey,wbo_30_30.txt,"Warwick 1804: balanced orders, 11 orders per product",30,30,27,27,0.006,solved,
Harvey,wbo_30_30.txt,"Warwick 1805: balanced orders, 11 orders per product",30,30,29,29,0.096,solved,
Harvey,wbo_30_30.txt,"Warwick 1806: balanced orders, 11 orders per product",30,30,29,29,0.094,solved,
Harvey,wbo_30_30.txt,"Warwick 1807: balanced orders, 11 orders per product",30,30,28,28,0.093,solved,
Harvey,wbo_30_30.txt,"Warwick 1808: balanced orders, 11 orders per product",30,30,28,28,0.041,solved,
Harvey,wbo_30_30.txt,"Warwick 1809: balanced orders, 11 orders per product",30,30,28,28,0.04,solved,
Harvey,wbo_30_30.txt,"Warwick 1810: balanced orders, 11 orders per product",30,30,28,28,0.038,solved,
Harvey,wbo_30_30.txt,"Warwick 1811: balanced orders, 12 orders per product",30,30,29,29,0.037,solved,
Harvey,wbo_30_30.txt,"Warwick 1812: balanced orders, 12 orders per product",30,30,28,28,0.035,solved,
Harvey,wbo_30_30.txt,"Warwick 1813: balanced orders, 12 orders per product",30,30,29,29,0.034,solved,
Harvey,wbo_30_30.txt,"Warwick 1814: balanced orders, 12 orders per product",30,30,29,29,0.032,solved,
Harvey,wbo_30_30.txt,"Warwick 1815: balanced orders, 12 orders per product",30,30,28,28,0.031,solved,
Harvey,wbo_30_30.txt,"Warwick 1816: balanced orders, 12 orders per product",30,30,29,29,0.029,solved,
Harvey,wbo_30_30.txt,"Warwick 1817: balanced orders, 12 orders per product",30,30,29,29,0.027,solved,
Harvey,wbo_30_30.txt,"Warwick 1818: balanced orders, 12 orders per product",30,30,29,29,0.025,solved,
Harvey,wbo_30_30.txt,"Warwick 1819: balanced orders, 12 orders per product",30,30,29,29,0.023,solved,
Harvey,wbo_30_30.txt,"Warwick 1820: balanced orders, 12 orders per product",30,30,30,30,0.022,solved,
Harvey,wbo_30_30.txt,"Warwick 1821: balanced orders, 13 orders per product",30,30,30,30,0.02,solved,
Harvey,wbo_30_30.txt,"Warwick 1822: balanced orders, 13 orders per product",30,30,29,29,0.019,solved,
Harvey,wbo_30_30.txt,"Warwick 1823: balanced orders, 13 orders per product",30,30,29,29,0.018,solved,
Harvey,wbo_30_30.txt,"Warwick 1824: balanced orders, 13 orders per product",30,30,30,30,0.017,solved,
Harvey,wbo_30_30.txt,"Warwick 1825: balanced orders, 13 orders per product",30,30,29,29,0.015,solved,
Harvey,wbo_30_30.txt,"Warwick 1826: balanced orders, 13 orders per product",30,30,29,29,0.013,solved,
Harvey,wbo_30_30.txt,"Warwick 1827: balanced orders, 13 orders per product",30,30,29,29,0.012,solved,
Harvey,wbo_30_30.txt,"Warwick 1828: balanced orders, 13 orders per product",30,30,29,29,0.011,solved,
Harvey,wbo_30_30.txt,"Warwick 1829: balanced orders, 13 orders per product",30,30,30,30,0.009,solved,
Harvey,wbo_30_30.txt,"Warwick 1830: balanced orders, 13 orders per product",30,30,29,29,0.007,solved,
Harvey,wbo_30_30.txt,"Warwick 1831: balanced orders, 14 orders per product",30,30,29,29,0.006,solved,
Harvey,wbo_30_30.txt,"Warwick 1832: balanced orders, 14 orders per product",30,30,30,30,0.099,solved,
Harvey,wbo_30_30.txt,"Warwick 1833: balanced orders, 14 orders per product",30,30,30,30,0.097,solved,
Harvey,wbo_30_30.txt,"Warwick 1834: balanced orders, 14 orders per product",30,30,30,30,0.095,solved,
Harvey,wbo_30_30.txt,"Warwick 1835: balanced orders, 14 orders per product",30,30,30,30,0.044,solved,
Harvey,wbo_30_30.txt,"Warwick 1836: balanced orders, 14 orders per product",30,30,30,30,0.041,solved,
Harvey,wbo_30_30.txt,"Warwick 1837: balanced orders, 14 orders per product",30,30,29,29,0.039,solved,
Harvey,wbo_30_30.txt,"Warwick 1838: balanced orders, 14 orders per product",30,30,30,30,0.037,solved,
Harvey,wbo_30_30.txt,"Warwick 1839: balanced orders, 14 orders per product",30,30,29,29,0.035,solved,
Harvey,wbo_30_30.txt,"Warwick 1840: balanced orders, 14 orders per product",30,30,30,30,0.034,solved,
Harvey,wbo_30_30.txt,"Warwick 1841: balanced orders, 15 orders per product",30,30,30,30,0.032,solved,
Harvey,wbo_30_30.txt,"Warwick 1842: balanced orders, 15 orders per product",30,30,30,30,0.03,solved,
Harvey,wbo_30_30.txt,"Warwick 1843: balanced orders, 15 orders per product",30,30,30,30,0.029,solved,
Harvey,wbo_30_30.txt,"Warwick 1844: balanced orders, 15 orders per product",30,30,30,30,0.028,solved,
Harvey,wbo_30_30.txt,"Warwick 1845: balanced orders, 15 orders per product",30,30,30,30,0.026,solved,
Harvey,wbo_30_30.txt,"Warwick 1846: balanced orders, 15 orders per product",30,30,30,30,0.024,solved,
Harvey,wbo_30_30.txt,"Warwick 1847: balanced orders, 15 orders per product",30,30,29,29,0.022,solved,
Harvey,wbo_30_30.txt,"Warwick 1848: balanced orders, 15 orders per product",30,30,30,30,0.021,solved,
Harvey,wbo_30_30.txt,"Warwick 1849: balanced orders, 15 orders per product",30,30,30,30,0.019,solved,
Harvey,wbo_30_30.txt,"Warwick 1850: balanced orders, 15 orders per product",30,30,30,30,0.017,solved,
Harvey,wbop_10_10.txt,"Warwick 81: balanced orders and products, 2 products per order",10,10,3,3,0.016,solved,
Harvey,wbop_10_10.txt,"Warwick 82: balanced orders and products, 2 products per order",10,10,3,3,0.015,solved,
Harvey,wbop_10_10.txt,"Warwick 83: balanced orders and products, 2 products per order",10,10,3,3,0.014,solved,
Harvey,wbop_10_10.txt,"Warwick 84: balanced orders and products, 2 products per order",10,10,3,3,0.012,solved,
Harvey,wbop_10_10.txt,"Warwick 85: balanced orders and products, 2 products per order",10,10,3,3,0.011,solved,
Harvey,wbop_10_10.txt,"Warwick 86: balanced orders and products, 2 products per order",10,10,3,3,0.01,solved,
Harvey,wbop_10_10.txt,"Warwick 87: balanced orders and products, 2 products per order",10,10,3,3,0.008,solved,
Harvey,wbop_10_10.txt,"Warwick 88: balanced orders and products, 2 products per order",10,10,3,3,0.006,solved,
Harvey,wbop_10_10.txt,"Warwick 89: balanced orders and products, 2 products per order",10,10,3,3,0.005,solved,
Harvey,wbop_10_10.txt,"Warwick 90: balanced orders and products, 2 products per order",10,10,3,3,0.1,solved,
Harvey,wbop_10_10.txt,"Warwick 91: balanced orders and products, 3 products per order",10,10,5,5,0.099,solved,
Harvey,wbop_10_10.txt,"Warwick 92: balanced orders and products, 3 products per order",10,10,5,5,0.047,solved,
Harvey,wbop_10_10.txt,"Warwick 93: balanced orders and products, 3 products per order",10,10,6,6,0.045,solved,
Harvey,wbop_10_10.txt,"Warwick 94: balanced orders and products, 3 products per order",10,10,5,5,0.043,solved,
Harvey,wbop_10_10.txt,"Warwick 95: balanced orders and products, 3 products per order",10,10,6,6,0.042,solved,
Harvey,wbop_10_10.txt,"Warwick 96: balanced orders and products, 3 products per order",10,10,7,7,0.04,solved,
Harvey,wbop_10_10.txt,"Warwick 97: balanced orders and products, 3 products per order",10,10,7,7,0.038,solved,
Harvey,wbop_10_10.txt,"Warwick 98: balanced orders and products, 3 products per order",10,10,6,6,0.037,solved,
Harvey,wbop_10_10.txt,"Warwick 99: balanced orders and products, 3 products per order",10,10,5,5,0.035,solved,
Harvey,wbop_10_10.txt,"Warwick 100: balanced orders and products, 3 products per order",10,10,6,6,0.033,solved,
Harvey,wbop_10_10.txt,"Warwick 101: balanced orders and products, 4 products per order",10,10,8,8,0.032,solved,
Harvey,wbop_10_10.txt,"Warwick 102: balanced orders and products, 4 products per order",10,10,8,8,0.03,solved,
Harvey,wbop_10_10.txt,"Warwick 103: balanced orders and products, 4 products per order",10,10,8,8,0.029,solved,
Harvey,wbop_10_10.txt,"Warwick 104: balanced orders and products, 4 products per order",10,10,9,9,0.027,solved,
Harvey,wbop_10_10.txt,"Warwick 105: balanced orders and products, 4 products per order",10,10,9,9,0.025,solved,
Harvey,wbop_10_10.txt,"Warwick 106: balanced orders and products, 4 products per order",10,10,8,8,0.024,solved,
Harvey,wbop_10_10.txt,"Warwick 107: balanced orders and products, 4 products per order",10,10,9,9,0.022,solved,
Harvey,wbop_10_10.txt,"Warwick 108: balanced orders and products, 4 products per order",10,10,9,9,0.02,solved,
Harvey,wbop_10_10.txt,"Warwick 109: balanced orders and products, 4 products per order",10,10,9,9,0.018,solved,
Harvey,wbop_10_10.txt,"Warwick 110: balanced orders and products, 4 products per order",10,10,9,9,0.017,solved,
Harvey,wbop_10_10.txt,"Warwick 111: balanced orders and products, 5 products per order",10,10,10,10,0.015,solved,
Harvey,wbop_10_10.txt,"Warwick 112: balanced orders and products, 5 products per order",10,10,9,9,0.013,solved,
Harvey,wbop_10_10.txt,"Warwick 113: balanced orders and products, 5 products per order",10,10,10,10,0.012,solved,
Harvey,wbop_10_10.txt,"Warwick 114: balanced orders and products, 5 products per order",10,10,10,10,0.01,solved,
Harvey,wbop_10_10.txt,"Warwick 115: balanced orders and products, 5 products per order",10,10,9,9,0.009,solved,
Harvey,wbop_10_10.txt,"Warwick 116: balanced orders and products, 5 products per order",10,10,9,9,0.007,solved,
Harvey,wbop_10_10.txt,"Warwick 117: balanced orders and products, 5 products per order",10,10,9,9,0.102,solved,
Harvey,wbop_10_10.txt,"Warwick 118: balanced orders and products, 5 products per order",10,10,10,10,0.101,solved,
Harvey,wbop_10_10.txt,"Warwick 119: balanced orders and products, 5 products per order",10,10,10,10,0.099,solved,
Harvey,wbop_10_10.txt,"Warwick 120: balanced orders and products, 5 products per order",10,10,10,10,0.047,solved,
Harvey,wbop_10_20.txt,"Warwick 231: balanced orders and products, 4 products per order",10,20,5,5,0.045,solved,
Harvey,wbop_10_20.txt,"Warwick 232: balanced orders and products, 4 products per order",10,20,4,4,0.043,solved,
Harvey,wbop_10_20.txt,"Warwick 233: balanced orders and products, 4 products per order",10,20,5,5,0.042,solved,
Harvey,wbop_10_20.txt,"Warwick 234: balanced orders and products, 4 products per order",10,20,4,4,0.04,solved,
Harvey,wbop_10_20.txt,"Warwick 235: balanced orders and products, 4 products per order",10,20,5,5,0.038,solved,
Harvey,wbop_10_20.txt,"Warwick 236: balanced orders and products, 4 products per order",10,20,5,5,0.036,solved,
Harvey,wbop_10_20.txt,"Warwick 237: balanced orders and products, 4 products per order",10,20,5,5,0.035,solved,
Harvey,wbop_10_20.txt,"Warwick 238: balanced orders and products, 4 products per order",10,20,6,6,0.033,solved,
Harvey,wbop_10_20.txt,"Warwick 239: balanced orders and products, 4 products per order",10,20,5,5,0.032,solved,
Harvey,wbop_10_20.txt,"Warwick 240: balanced orders and products, 4 products per order",10,20,5,5,0.03,solved,
Harvey,wbop_10_20.txt,"Warwick 241: balanced orders and products, 6 products per order",10,20,7,7,0.028,solved,
Harvey,wbop_10_20.txt,"Warwick 242: balanced orders and products, 6 products per order",10,20,9,9,0.026,solved,
Harvey,wbop_10_20.txt,"Warwick 243: balanced orders and products, 6 products per order",10,20,8,8,0.025,solved,
Harvey,wbop_10_20.txt,"Warwick 244: balanced orders and products, 6 products per order",10,20,8,8,0.023,solved,
Harvey,wbop_10_20.txt,"Warwick 245: balanced orders and products, 6 products per order",10,20,7,7,0.022,solved,
Harvey,wbop_10_20.txt,"Warwick 246: balanced orders and products, 6 products per order",10,20,8,8,0.02,solved,
Harvey,wbop_10_20.txt,"Warwick 247: balanced orders and products, 6 products per order",10,20,7,7,0.018,solved,
Harvey,wbop_10_20.txt,"Warwick 248: balanced orders and products, 6 products per order",10,20,8,8,0.016,solved,
Harvey,wbop_10_20.txt,"Warwick 249: balanced orders and products, 6 products per order",10,20,8,8,0.015,solved,
Harvey,wbop_10_20.txt,"Warwick 250: balanced orders and products, 6 products per order",10,20,8,8,0.013,solved,
Harvey,wbop_10_20.txt,"Warwick 251: balanced orders and products, 8 products per order",10,20,9,9,0.012,solved,
Harvey,wbop_10_20.txt,"Warwick 252: balanced orders and products, 8 products per order",10,20,9,9,0.01,solved,
Harvey,wbop_10_20.txt,"Warwick 253: balanced orders and products, 8 products per order",10,20,10,10,0.009,solved,
Harvey,wbop_10_20.txt,"Warwick 254: balanced orders and products, 8 products per order",10,20,10,10,0.104,solved,
Harvey,wbop_10_20.txt,"Warwick 255: balanced orders and products, 8 products per order",10,20,10,10,0.102,solved,
Harvey,wbop_10_20.txt,"Warwick 256: balanced orders and products, 8 products per order",10,20,10,10,0.101,solved,
Harvey,wbop_10_20.txt,"Warwick 257: balanced orders and products, 8 products per order",10,20,9,9,0.048,solved,
Harvey,wbop_10_20.txt,"Warwick 258: balanced orders and products, 8 products per order",10,20,9,9,0.046,solved,
Harvey,wbop_10_20.txt,"Warwick 259: balanced orders and products, 8 products per order",10,20,10,10,0.044,solved,
Harvey,wbop_10_20.txt,"Warwick 260: balanced orders and products, 8 products per order",10,20,10,10,0.043,solved,
Harvey,wbop_10_20.txt,"Warwick 261: balanced orders and products, 10 products per order",10,20,10,10,0.041,solved,
Harvey,wbop_10_20.txt,"Warwick 262: balanced orders and products, 10 products per order",10,20,10,10,0.039,solved,
Harvey,wbop_10_20.txt,"Warwick 263: balanced orders and products, 10 products per order",10,20,10,10,0.037,solved,
Harvey,wbop_10_20.txt,"Warwick 264: balanced orders and products, 10 products per order",10,20,10,10,0.036,solved,
Harvey,wbop_10_20.txt,"Warwick 265: balanced orders and products, 10 products per order",10,20,10,10,0.033,solved,
Harvey,wbop_10_20.txt,"Warwick 266: balanced orders and products, 10 products per order",10,20,10,10,0.032,solved,
Harvey,wbop_10_20.txt,"Warwick 267: balanced orders and products, 10 products per order",10,20,10,10,0.03,solved,
Harvey,wbop_10_20.txt,"Warwick 268: balanced orders and products, 10 products per order",10,20,10,10,0.029,solved,
Harvey,wbop_10_20.txt,"Warwick 269: balanced orders and products, 10 products per order",10,20,10,10,0.026,solved,
Harvey,wbop_10_20.txt,"Warwick 270: balanced orders and products, 10 products per order",10,20,10,10,0.025,solved,
Harvey,wbop_10_30.txt,"Warwick 411: balanced orders and products, 6 products per order",10,30,6,6,0.023,solved,
Harvey,wbop_10_30.txt,"Warwick 412: balanced orders and products, 6 products per order",10,30,6,6,0.022,solved,
Harvey,wbop_10_30.txt,"Warwick 413: balanced orders and products, 6 products per order",10,30,6,6,0.019,solved,
Harvey,wbop_10_30.txt,"Warwick 414: balanced orders and products, 6 products per order",10,30,5,5,0.018,solved,
Harvey,wbop_10_30.txt,"Warwick 415: balanced orders and products, 6 products per order",10,30,6,6,0.016,solved,
Harvey,wbop_10_30.txt,"Warwick 416: balanced orders and products, 6 products per order",10,30,6,6,0.014,solved,
Harvey,wbop_10_30.txt,"Warwick 417: balanced orders and products, 6 products per order",10,30,7,7,0.012,solved,
Harvey,wbop_10_30.txt,"Warwick 418: balanced orders and products, 6 products per order",10,30,5,5,0.01,solved,
Harvey,wbop_10_30.txt,"Warwick 419: balanced orders and products, 6 products per order",10,30,6,6,0.009,solved,
Harvey,wbop_10_30.txt,"Warwick 420: balanced orders and products, 6 products per order",10,30,6,6,0.008,solved,
Harvey,wbop_10_30.txt,"Warwick 421: balanced orders and products, 9 products per order",10,30,8,8,0.006,solved,
Harvey,wbop_10_30.txt,"Warwick 422: balanced orders and products, 9 products per order",10,30,8,8,0.101,solved,
Harvey,wbop_10_30.txt,"Warwick 423: balanced orders and products, 9 products per order",10,30,9,9,0.098,solved,
Harvey,wbop_10_30.txt,"Warwick 424: balanced orders and products, 9 products per order",10,30,9,9,0.046,solved,
Harvey,wbop_10_30.txt,"Warwick 425: balanced orders and products, 9 products per order",10,30,9,9,0.044,solved,
Harvey,wbop_10_30.txt,"Warwick 426: balanced orders and products, 9 products per order",10,30,8,8,0.042,solved,
Harvey,wbop_10_30.txt,"Warwick 427: balanced orders and products, 9 products per order",10,30,9,9,0.041,solved,
Harvey,wbop_10_30.txt,"Warwick 428: balanced orders and products, 9 products per order",10,30,9,9,0.039,solved,
Harvey,wbop_10_30.txt,"Warwick 429: balanced orders and products, 9 products per order",10,30,8,8,0.037,solved,
Harvey,wbop_10_30.txt,"Warwick 430: balanced orders and products, 9 products per order",10,30,8,8,0.035,solved,
Harvey,wbop_10_30.txt,"Warwick 431: balanced orders and products, 12 products per order",10,30,10,10,0.034,solved,
Harvey,wbop_10_30.txt,"Warwick 432: balanced orders and products, 12 products per order",10,30,10,10,0.032,solved,
Harvey,wbop_10_30.txt,"Warwick 433: balanced orders and products, 12 products per order",10,30,10,10,0.03,solved,
Harvey,wbop_10_30.txt,"Warwick 434: balanced orders and products, 12 products per order",10,30,10,10,0.028,solved,
Harvey,wbop_10_30.txt,"Warwick 435: balanced orders and products, 12 products per order",10,30,10,10,0.027,solved,
Harvey,wbop_10_30.txt,"Warwick 436: balanced orders and products, 12 products per order",10,30,9,9,0.025,solved,
Harvey,wbop_10_30.txt,"Warwick 437: balanced orders and products, 12 products per order",10,30,10,10,0.023,solved,
Harvey,wbop_10_30.txt,"Warwick 438: balanced orders and products, 12 products per order",10,30,10,10,0.022,solved,
Harvey,wbop_10_30.txt,"Warwick 439: balanced orders and products, 12 products per order",10,30,10,10,0.021,solved,
Harvey,wbop_10_30.txt,"Warwick 440: balanced orders and products, 12 products per order",10,30,9,9,0.019,solved,
Harvey,wbop_10_30.txt,"Warwick 441: balanced orders and products, 15 products per order",10,30,10,10,0.017,solved,
Harvey,wbop_10_30.txt,"Warwick 442: balanced orders and products, 15 products per order",10,30,10,10,0.016,solved,
Harvey,wbop_10_30.txt,"Warwick 443: balanced orders and products, 15 products per order",10,30,10,10,0.015,solved,
Harvey,wbop_10_30.txt,"Warwick 444: balanced orders and products, 15 products per order",10,30,10,10,0.013,solved,
Harvey,wbop_10_30.txt,"Warwick 445: balanced orders and products, 15 products per order",10,30,10,10,0.011,solved,
Harvey,wbop_10_30.txt,"Warwick 446: balanced orders and products, 15 products per order",10,30,10,10,0.01,solved,
Harvey,wbop_10_30.txt,"Warwick 447: balanced orders and products, 15 products per order",10,30,10,10,0.008,solved,
Harvey,wbop_10_30.txt,"Warwick 448: balanced orders and products, 15 products per order",10,30,10,10,0.102,solved,
Harvey,wbop_10_30.txt,"Warwick 449: balanced orders and products, 15 products per order",10,30,10,10,0.1,solved,
Harvey,wbop_10_30.txt,"Warwick 450: balanced orders and products, 15 products per order",10,30,10,10,0.099,solved,
Harvey,wbop_15_15.txt,"Warwick 571: balanced orders and products, 2 products per order",15,15,3,3,0.097,solved,
Harvey,wbop_15_15.txt,"Warwick 572: balanced orders and products, 2 products per order",15,15,3,3,0.045,solved,
Harvey,wbop_15_15.txt,"Warwick 573: balanced orders and products, 2 products per order",15,15,3,3,0.043,solved,
Harvey,wbop_15_15.txt,"Warwick 574: balanced orders and products, 2 products per order",15,15,3,3,0.042,solved,
Harvey,wbop_15_15.txt,"Warwick 575: balanced orders and products, 2 products per order",15,15,3,3,0.04,solved,
Harvey,wbop_15_15.txt,"Warwick 576: balanced orders and products, 2 products per order",15,15,3,3,0.038,solved,
Harvey,wbop_15_15.txt,"Warwick 577: balanced orders and products, 2 products per order",15,15,3,3,0.037,solved,
Harvey,wbop_15_15.txt,"Warwick 578: balanced orders and products, 2 products per order",15,15,3,3,0.034,solved,
Harvey,wbop_15_15.txt,"Warwick 579: balanced orders and products, 2 products per order",15,15,3,3,0.033,solved,
Harvey,wbop_15_15.txt,"Warwick 580: balanced orders and products, 2 products per order",15,15,3,3,0.031,solved,
Harvey,wbop_15_15.txt,"Warwick 581: balanced orders and products, 3 products per order",15,15,6,6,0.03,solved,
Harvey,wbop_15_15.txt,"Warwick 582: balanced orders and products, 3 products per order",15,15,7,7,0.028,solved,
Harvey,wbop_15_15.txt,"Warwick 583: balanced orders and products, 3 products per order",15,15,8,8,0.026,solved,
Harvey,wbop_15_15.txt,"Warwick 584: balanced orders and products, 3 products per order",15,15,8,8,0.024,solved,
Harvey,wbop_15_15.txt,"Warwick 585: balanced orders and products, 3 products per order",15,15,8,8,0.023,solved,
Harvey,wbop_15_15.txt,"Warwick 586: balanced orders and products, 3 products per order",15,15,8,8,0.021,solved,
Harvey,wbop_15_15.txt,"Warwick 587: balanced orders and products, 3 products per order",15,15,8,8,0.019,solved,
Harvey,wbop_15_15.txt,"Warwick 588: balanced orders and products, 3 products per order",15,15,8,8,0.017,solved,
Harvey,wbop_15_15.txt,"Warwick 589: balanced orders and products, 3 products per order",15,15,7,7,0.015,solved,
Harvey,wbop_15_15.txt,"Warwick 590: balanced orders and products, 3 products per order",15,15,7,7,0.014,solved,
Harvey,wbop_15_15.txt,"Warwick 591: balanced orders and products, 4 products per order",15,15,10,10,0.012,solved,
Harvey,wbop_15_15.txt,"Warwick 592: balanced orders and products, 4 products per order",15,15,10,10,0.01,solved,
Harvey,wbop_15_15.txt,"Warwick 593: balanced orders and products, 4 products per order",15,15,10,10,0.008,solved,
Harvey,wbop_15_15.txt,"Warwick 594: balanced orders and products, 4 products per order",15,15,10,10,0.007,solved,
Harvey,wbop_15_15.txt,"Warwick 595: balanced orders and products, 4 products per order",15,15,11,11,0.102,solved,
Harvey,wbop_15_15.txt,"Warwick 596: balanced orders and products, 4 products per order",15,15,11,11,0.101,solved,
Harvey,wbop_15_15.txt,"Warwick 597: balanced orders and products, 4 products per order",15,15,11,11,0.099,solved,
Harvey,wbop_15_15.txt,"Warwick 598: balanced orders and products, 4 products per order",15,15,10,10,0.047,solved,
Harvey,wbop_15_15.txt,"Warwick 599: balanced orders and products, 4 products per order",15,15,11,11,0.045,solved,
Harvey,wbop_15_15.txt,"Warwick 600: balanced orders and products, 4 products per order",15,15,10,10,0.043,solved,
Harvey,wbop_15_15.txt,"Warwick 601: balanced orders and products, 5 products per order",15,15,13,13,0.041,solved,
Harvey,wbop_15_15.txt,"Warwick 602: balanced orders and products, 5 products per order",15,15,12,12,0.04,solved,
Harvey,wbop_15_15.txt,"Warwick 603: balanced orders and products, 5 products per order",15,15,12,12,0.038,solved,
Harvey,wbop_15_15.txt,"Warwick 604: balanced orders and products, 5 products per order",15,15,12,12,0.036,solved,
Harvey,wbop_15_15.txt,"Warwick 605: balanced orders and products, 5 products per order",15,15,13,13,0.034,solved,
Harvey,wbop_15_15.txt,"Warwick 606: balanced orders and products, 5 products per order",15,15,12,12,0.032,solved,
Harvey,wbop_15_15.txt,"Warwick 607: balanced orders and products, 5 products per order",15,15,13,13,0.03,solved,
Harvey,wbop_15_15.txt,"Warwick 608: balanced orders and products, 5 products per order",15,15,12,12,0.028,solved,
Harvey,wbop_15_15.txt,"Warwick 609: balanced orders and products, 5 products per order",15,15,13,13,0.027,solved,
Harvey,wbop_15_15.txt,"Warwick 610: balanced orders and products, 5 products per order",15,15,13,13,0.026,solved,
Harvey,wbop_15_15.txt,"Warwick 611: balanced orders and products, 6 products per order",15,15,14,14,0.024,solved,
Harvey,wbop_15_15.txt,"Warwick 612: balanced orders and products, 6 products per order",15,15,14,14,0.022,solved,
Harvey,wbop_15_15.txt,"Warwick 613: balanced orders and products, 6 products per order",15,15,14,14,0.021,solved,
Harvey,wbop_15_15.txt,"Warwick 614: balanced orders and products, 6 products per order",15,15,14,14,0.019,solved,
Harvey,wbop_15_15.txt,"Warwick 615: balanced orders and products, 6 products per order",15,15,14,14,0.018,solved,
Harvey,wbop_15_15.txt,"Warwick 616: balanced orders and products, 6 products per order",15,15,14,14,0.015,solved,
Harvey,wbop_15_15.txt,"Warwick 617: balanced orders and products, 6 products per order",15,15,14,14,0.014,solved,
Harvey,wbop_15_15.txt,"Warwick 618: balanced orders and products, 6 products per order",15,15,14,14,0.013,solved,
Harvey,wbop_15_15.txt,"Warwick 619: balanced orders and products, 6 products per order",15,15,14,14,0.011,solved,
Harvey,wbop_15_15.txt,"Warwick 620: balanced orders and products, 6 products per order",15,15,14,14,0.009,solved,
Harvey,wbop_15_15.txt,"Warwick 621: balanced orders and products, 7 products per order",15,15,15,15,0.008,solved,
Harvey,wbop_15_15.txt,"Warwick 622: balanced orders and products, 7 products per order",15,15,15,15,0.103,solved,
Harvey,wbop_15_15.txt,"Warwick 623: balanced orders and products, 7 products per order",15,15,14,14,0.101,solved,
Harvey,wbop_15_15.txt,"Warwick 624: balanced orders and products, 7 products per order",15,15,15,15,0.099,solved,
Harvey,wbop_15_15.txt,"Warwick 625: balanced orders and products, 7 products per order",15,15,15,15,0.047,solved,
Harvey,wbop_15_15.txt,"Warwick 626: balanced orders and products, 7 products per order",15,15,14,14,0.046,solved,
Harvey,wbop_15_15.txt,"Warwick 627: balanced orders and products, 7 products per order",15,15,15,15,0.044,solved,
Harvey,wbop_15_15.txt,"Warwick 628: balanced orders and products, 7 products per order",15,15,15,15,0.043,solved,
Harvey,wbop_15_15.txt,"Warwick 629: balanced orders and products, 7 products per order",15,15,15,15,0.04,solved,
Harvey,wbop_15_15.txt,"Warwick 630: balanced orders and products, 7 products per order",15,15,15,15,0.039,solved,
Harvey,wbop_15_30.txt,"Warwick 811: balanced orders and products, 4 products per order",15,30,6,6,0.037,solved,
Harvey,wbop_15_30.txt,"Warwick 812: balanced orders and products, 4 products per order",15,30,5,5,0.034,solved,
Harvey,wbop_15_30.txt,"Warwick 813: balanced orders and products, 4 products per order",15,30,5,5,0.033,solved,
Harvey,wbop_15_30.txt,"Warwick 814: balanced orders and products, 4 products per order",15,30,7,7,0.032,solved,
Harvey,wbop_15_30.txt,"Warwick 815: balanced orders and products, 4 products per order",15,30,6,6,0.03,solved,
Harvey,wbop_15_30.txt,"Warwick 816: balanced orders and products, 4 products per order",15,30,6,6,0.028,solved,
Harvey,wbop_15_30.txt,"Warwick 817: balanced orders and products, 4 products per order",15,30,6,6,0.026,solved,
Harvey,wbop_15_30.txt,"Warwick 818: balanced orders and products, 4 products per order",15,30,6,6,0.025,solved,
Harvey,wbop_15_30.txt,"Warwick 819: balanced orders and products, 4 products per order",15,30,6,6,0.023,solved,
Harvey,wbop_15_30.txt,"Warwick 820: balanced orders and products, 4 products per order",15,30,6,6,0.021,solved,
Harvey,wbop_15_30.txt,"Warwick 821: balanced orders and products, 6 products per order",15,30,9,9,0.02,solved,
Harvey,wbop_15_30.txt,"Warwick 822: balanced orders and products, 6 products per order",15,30,11,11,0.019,solved,
Harvey,wbop_15_30.txt,"Warwick 823: balanced orders and products, 6 products per order",15,30,10,10,0.017,solved,
Harvey,wbop_15_30.txt,"Warwick 824: balanced orders and products, 6 products per order",15,30,10,10,0.015,solved,
Harvey,wbop_15_30.txt,"Warwick 825: balanced orders and products, 6 products per order",15,30,11,11,0.013,solved,
Harvey,wbop_15_30.txt,"Warwick 826: balanced orders and products, 6 products per order",15,30,11,11,0.012,solved,
Harvey,wbop_15_30.txt,"Warwick 827: balanced orders and products, 6 products per order",15,30,10,10,0.01,solved,
Harvey,wbop_15_30.txt,"Warwick 828: balanced orders and products, 6 products per order",15,30,10,10,0.008,solved,
Harvey,wbop_15_30.txt,"Warwick 829: balanced orders and products, 6 products per order",15,30,10,10,0.105,solved,
Harvey,wbop_15_30.txt,"Warwick 830: balanced orders and products, 6 products per order",15,30,10,10,0.104,solved,
Harvey,wbop_15_30.txt,"Warwick 831: balanced orders and products, 8 products per order",15,30,13,13,0.102,solved,
Harvey,wbop_15_30.txt,"Warwick 832: balanced orders and products, 8 products per order",15,30,13,13,0.049,solved,
Harvey,wbop_15_30.txt,"Warwick 833: balanced orders and products, 8 products per order",15,30,12,12,0.047,solved,
Harvey,wbop_15_30.txt,"Warwick 834: balanced orders and products, 8 products per order",15,30,12,12,0.045,solved,
Harvey,wbop_15_30.txt,"Warwick 835: balanced orders and products, 8 products per order",15,30,12,12,0.043,solved,
Harvey,wbop_15_30.txt,"Warwick 836: balanced orders and products, 8 products per order",15,30,13,13,0.041,solved,
Harvey,wbop_15_30.txt,"Warwick 837: balanced orders and products, 8 products per order",15,30,13,13,0.039,solved,
Harvey,wbop_15_30.txt,"Warwick 838: balanced orders and products, 8 products per order",15,30,13,13,0.037,solved,
Harvey,wbop_15_30.txt,"Warwick 839: balanced orders and products, 8 products per order",15,30,12,12,0.035,solved,
Harvey,wbop_15_30.txt,"Warwick 840: balanced orders and products, 8 products per order",15,30,13,13,0.034,solved,
Harvey,wbop_15_30.txt,"Warwick 841: balanced orders and products, 10 products per order",15,30,15,15,0.031,solved,
Harvey,wbop_15_30.txt,"Warwick 842: balanced orders and products, 10 products per order",15,30,14,14,0.029,solved,
Harvey,wbop_15_30.txt,"Warwick 843: balanced orders and products, 10 products per order",15,30,14,14,0.028,solved,
Harvey,wbop_15_30.txt,"Warwick 844: balanced orders and products, 10 products per order",15,30,14,14,0.027,solved,
Harvey,wbop_15_30.txt,"Warwick 845: balanced orders and products, 10 products per order",15,30,14,14,0.025,solved,
Harvey,wbop_15_30.txt,"Warwick 846: balanced orders and products, 10 products per order",15,30,14,14,0.023,solved,
Harvey,wbop_15_30.txt,"Warwick 847: balanced orders and products, 10 products per order",15,30,14,14,0.021,solved,
Harvey,wbop_15_30.txt,"Warwick 848: balanced orders and products, 10 products per order",15,30,14,14,0.02,solved,
Harvey,wbop_15_30.txt,"Warwick 849: balanced orders and products, 10 products per order",15,30,14,14,0.018,solved,
Harvey,wbop_15_30.txt,"Warwick 850: balanced orders and products, 10 products per order",15,30,15,15,0.016,solved,
Harvey,wbop_15_30.txt,"Warwick 851: balanced orders and products, 12 products per order",15,30,15,15,0.014,solved,
Harvey,wbop_15_30.txt,"Warwick 852: balanced orders and products, 12 products per order",15,30,15,15,0.013,solved,
Harvey,wbop_15_30.txt,"Warwick 853: balanced orders and products, 12 products per order",15,30,15,15,0.011,solved,
Harvey,wbop_15_30.txt,"Warwick 854: balanced orders and products, 12 products per order",15,30,15,15,0.009,solved,
Harvey,wbop_15_30.txt,"Warwick 855: balanced orders and products, 12 products per order",15,30,15,15,0.007,solved,
Harvey,wbop_15_30.txt,"Warwick 856: balanced orders and products, 12 products per order",15,30,15,15,0.107,solved,
Harvey,wbop_15_30.txt,"Warwick 857: balanced orders and products, 12 products per order",15,30,15,15,0.105,solved,
Harvey,wbop_15_30.txt,"Warwick 858: balanced orders and products, 12 products per order",15,30,15,15,0.103,solved,
Harvey,wbop_15_30.txt,"Warwick 859: balanced orders and products, 12 products per order",15,30,15,15,0.051,solved,
Harvey,wbop_15_30.txt,"Warwick 860: balanced orders and products, 12 products per order",15,30,15,15,0.049,solved,
Harvey,wbop_15_30.txt,"Warwick 861: balanced orders and products, 14 products per order",15,30,15,15,0.047,solved,
Harvey,wbop_15_30.txt,"Warwick 862: balanced orders and products, 14 products per order",15,30,15,15,0.045,solved,
Harvey,wbop_15_30.txt,"Warwick 863: balanced orders and products, 14 products per order",15,30,15,15,0.043,solved,
Harvey,wbop_15_30.txt,"Warwick 864: balanced orders and products, 14 products per order",15,30,15,15,0.042,solved,
Harvey,wbop_15_30.txt,"Warwick 865: balanced orders and products, 14 products per order",15,30,15,15,0.041,solved,
Harvey,wbop_15_30.txt,"Warwick 866: balanced orders and products, 14 products per order",15,30,15,15,0.037,solved,
Harvey,wbop_15_30.txt,"Warwick 867: balanced orders and products, 14 products per order",15,30,15,15,0.036,solved,
Harvey,wbop_15_30.txt,"Warwick 868: balanced orders and products, 14 products per order",15,30,15,15,0.035,solved,
Harvey,wbop_15_30.txt,"Warwick 869: balanced orders and products, 14 products per order",15,30,15,15,0.033,solved,
Harvey,wbop_15_30.txt,"Warwick 870: balanced orders and products, 14 products per order",15,30,15,15,0.03,solved,
Harvey,wbop_20_10.txt,"Warwick 981: balanced orders and products, 2 products per order",20,10,8,8,0.029,solved,
Harvey,wbop_20_10.txt,"Warwick 982: balanced orders and products, 2 products per order",20,10,8,8,0.026,solved,
Harvey,wbop_20_10.txt,"Warwick 983: balanced orders and products, 2 products per order",20,10,6,6,0.024,solved,
Harvey,wbop_20_10.txt,"Warwick 984: balanced orders and products, 2 products per order",20,10,7,7,0.023,solved,
Harvey,wbop_20_10.txt,"Warwick 985: balanced orders and products, 2 products per order",20,10,6,6,0.022,solved,
Harvey,wbop_20_10.txt,"Warwick 986: balanced orders and products, 2 products per order",20,10,8,8,0.02,solved,
Harvey,wbop_20_10.txt,"Warwick 987: balanced orders and products, 2 products per order",20,10,7,7,0.017,solved,
Harvey,wbop_20_10.txt,"Warwick 988: balanced orders and products, 2 products per order",20,10,10,10,0.016,solved,
Harvey,wbop_20_10.txt,"Warwick 989: balanced orders and products, 2 products per order",20,10,6,6,0.014,solved,
Harvey,wbop_20_10.txt,"Warwick 990: balanced orders and products, 2 products per order",20,10,8,8,0.013,solved,
Harvey,wbop_20_10.txt,"Warwick 991: balanced orders and products, 3 products per order",20,10,13,13,0.011,solved,
Harvey,wbop_20_10.txt,"Warwick 992: balanced orders and products, 3 products per order",20,10,12,12,0.009,solved,
Harvey,wbop_20_10.txt,"Warwick 993: balanced orders and products, 3 products per order",20,10,13,13,0.112,solved,
Harvey,wbop_20_10.txt,"Warwick 994: balanced orders and products, 3 products per order",20,10,14,14,0.109,solved,
Harvey,wbop_20_10.txt,"Warwick 995: balanced orders and products, 3 products per order",20,10,12,12,0.108,solved,
Harvey,wbop_20_10.txt,"Warwick 996: balanced orders and products, 3 products per order",20,10,14,14,0.055,solved,
Harvey,wbop_20_10.txt,"Warwick 997: balanced orders and products, 3 products per order",20,10,13,13,0.053,solved,
Harvey,wbop_20_10.txt,"Warwick 998: balanced orders and products, 3 products per order",20,10,14,14,0.051,solved,
Harvey,wbop_20_10.txt,"Warwick 999: balanced orders and products, 3 products per order",20,10,14,14,0.049,solved,
Harvey,wbop_20_10.txt,"Warwick 1000: balanced orders and products, 3 products per order",20,10,15,15,0.047,solved,
Harvey,wbop_20_10.txt,"Warwick 1001: balanced orders and products, 4 products per order",20,10,18,18,0.045,solved,
Harvey,wbop_20_10.txt,"Warwick 1002: balanced orders and products, 4 products per order",20,10,17,17,0.043,solved,
Harvey,wbop_20_10.txt,"Warwick 1003: balanced orders and products, 4 products per order",20,10,17,17,0.04,solved,
Harvey,wbop_20_10.txt,"Warwick 1004: balanced orders and products, 4 products per order",20,10,17,17,0.039,solved,
Harvey,wbop_20_10.txt,"Warwick 1005: balanced orders and products, 4 products per order",20,10,17,17,0.038,solved,
Harvey,wbop_20_10.txt,"Warwick 1006: balanced orders and products, 4 products per order",20,10,16,16,0.035,solved,
Harvey,wbop_20_10.txt,"Warwick 1007: balanced orders and products, 4 products per order",20,10,17,17,0.032,solved,
Harvey,wbop_20_10.txt,"Warwick 1008: balanced orders and products, 4 products per order",20,10,17,17,0.03,solved,
Harvey,wbop_20_10.txt,"Warwick 1009: balanced orders and products, 4 products per order",20,10,18,18,0.027,solved,
Harvey,wbop_20_10.txt,"Warwick 1010: balanced orders and products, 4 products per order",20,10,17,17,0.025,solved,
Harvey,wbop_20_10.txt,"Warwick 1011: balanced orders and products, 5 products per order",20,10,19,19,0.024,solved,
Harvey,wbop_20_10.txt,"Warwick 1012: balanced orders and products, 5 products per order",20,10,20,20,0.022,solved,
Harvey,wbop_20_10.txt,"Warwick 1013: balanced orders and products, 5 products per order",20,10,19,19,0.02,solved,
Harvey,wbop_20_10.txt,"Warwick 1014: balanced orders and products, 5 products per order",20,10,20,20,0.019,solved,
Harvey,wbop_20_10.txt,"Warwick 1015: balanced orders and products, 5 products per order",20,10,19,19,0.016,solved,
Harvey,wbop_20_10.txt,"Warwick 1016: balanced orders and products, 5 products per order",20,10,19,19,0.014,solved,
Harvey,wbop_20_10.txt,"Warwick 1017: balanced orders and products, 5 products per order",20,10,19,19,0.013,solved,
Harvey,wbop_20_10.txt,"Warwick 1018: balanced orders and products, 5 products per order",20,10,19,19,0.011,solved,
Harvey,wbop_20_10.txt,"Warwick 1019: balanced orders and products, 5 products per order",20,10,19,19,0.109,solved,
Harvey,wbop_20_10.txt,"Warwick 1020: balanced orders and products, 5 products per order",20,10,19,19,0.107,solved,
Harvey,wbop_20_20.txt,"Warwick 1201: balanced orders and products, 2 products per order",20,20,3,3,0.105,solved,
Harvey,wbop_20_20.txt,"Warwick 1202: balanced orders and products, 2 products per order",20,20,3,3,0.104,solved,
Harvey,wbop_20_20.txt,"Warwick 1203: balanced orders and products, 2 products per order",20,20,3,3,0.051,solved,
Harvey,wbop_20_20.txt,"Warwick 1204: balanced orders and products, 2 products per order",20,20,3,3,0.049,solved,
Harvey,wbop_20_20.txt,"Warwick 1205: balanced orders and products, 2 products per order",20,20,3,3,0.048,solved,
Harvey,wbop_20_20.txt,"Warwick 1206: balanced orders and products, 2 products per order",20,20,3,3,0.046,solved,
Harvey,wbop_20_20.txt,"Warwick 1207: balanced orders and products, 2 products per order",20,20,3,3,0.044,solved,
Harvey,wbop_20_20.txt,"Warwick 1208: balanced orders and products, 2 products per order",20,20,3,3,0.042,solved,
Harvey,wbop_20_20.txt,"Warwick 1209: balanced orders and products, 2 products per order",20,20,3,3,0.04,solved,
Harvey,wbop_20_20.txt,"Warwick 1210: balanced orders and products, 2 products per order",20,20,3,3,0.038,solved,
Harvey,wbop_20_20.txt,"Warwick 1211: balanced orders and products, 3 products per order",20,20,9,9,0.035,solved,
Harvey,wbop_20_20.txt,"Warwick 1212: balanced orders and products, 3 products per order",20,20,9,9,0.034,solved,
Harvey,wbop_20_20.txt,"Warwick 1213: balanced orders and products, 3 products per order",20,20,9,9,0.032,solved,
Harvey,wbop_20_20.txt,"Warwick 1214: balanced orders and products, 3 products per order",20,20,9,9,0.03,solved,
Harvey,wbop_20_20.txt,"Warwick 1215: balanced orders and products, 3 products per order",20,20,9,9,0.027,solved,
Harvey,wbop_20_20.txt,"Warwick 1216: balanced orders and products, 3 products per order",20,20,8,8,0.026,solved,
Harvey,wbop_20_20.txt,"Warwick 1217: balanced orders and products, 3 products per order",20,20,8,8,0.023,solved,
Harvey,wbop_20_20.txt,"Warwick 1218: balanced orders and products, 3 products per order",20,20,7,7,0.022,solved,
Harvey,wbop_20_20.txt,"Warwick 1219: balanced orders and products, 3 products per order",20,20,9,9,0.019,solved,
Harvey,wbop_20_20.txt,"Warwick 1220: balanced orders and products, 3 products per order",20,20,9,9,0.018,solved,
Harvey,wbop_20_20.txt,"Warwick 1221: balanced orders and products, 4 products per order",20,20,12,12,0.016,solved,
Harvey,wbop_20_20.txt,"Warwick 1222: balanced orders and products, 4 products per order",20,20,13,13,0.013,solved,
Harvey,wbop_20_20.txt,"Warwick 1223: balanced orders and products, 4 products per order",20,20,13,13,0.011,solved,
Harvey,wbop_20_20.txt,"Warwick 1224: balanced orders and products, 4 products per order",20,20,11,11,0.01,solved,
Harvey,wbop_20_20.txt,"Warwick 1225: balanced orders and products, 4 products per order",20,20,13,13,0.109,solved,
Harvey,wbop_20_20.txt,"Warwick 1226: balanced orders and products, 4 products per order",20,20,12,12,0.107,solved,
Harvey,wbop_20_20.txt,"Warwick 1227: balanced orders and products, 4 products per order",20,20,12,12,0.105,solved,
Harvey,wbop_20_20.txt,"Warwick 1228: balanced orders and products, 4 products per order",20,20,13,13,0.104,solved,
Harvey,wbop_20_20.txt,"Warwick 1229: balanced orders and products, 4 products per order",20,20,13,13,0.052,solved,
Harvey,wbop_20_20.txt,"Warwick 1230: balanced orders and products, 4 products per order",20,20,12,12,0.05,solved,
Harvey,wbop_20_20.txt,"Warwick 1231: balanced orders and products, 5 products per order",20,20,16,16,0.048,solved,
Harvey,wbop_20_20.txt,"Warwick 1232: balanced orders and products, 5 products per order",20,20,16,16,0.047,solved,
Harvey,wbop_20_20.txt,"Warwick 1233: balanced orders and products, 5 products per order",20,20,15,15,0.045,solved,
Harvey,wbop_20_20.txt,"Warwick 1234: balanced orders and products, 5 products per order",20,20,16,16,0.043,solved,
Harvey,wbop_20_20.txt,"Warwick 1235: balanced orders and products, 5 products per order",20,20,16,16,0.042,solved,
Harvey,wbop_20_20.txt,"Warwick 1236: balanced orders and products, 5 products per order",20,20,15,15,0.039,solved,
Harvey,wbop_20_20.txt,"Warwick 1237: balanced orders and products, 5 products per order",20,20,15,15,0.037,solved,
Harvey,wbop_20_20.txt,"Warwick 1238: balanced orders and products, 5 products per order",20,20,15,15,0.035,solved,
Harvey,wbop_20_20.txt,"Warwick 1239: balanced orders and products, 5 products per order",20,20,15,15,0.033,solved,
Harvey,wbop_20_20.txt,"Warwick 1240: balanced orders and products, 5 products per order",20,20,15,15,0.031,solved,
Harvey,wbop_20_20.txt,"Warwick 1241: balanced orders and products, 6 products per order",20,20,18,18,0.029,solved,
Harvey,wbop_20_20.txt,"Warwick 1242: balanced orders and products, 6 products per order",20,20,17,17,0.027,solved,
Harvey,wbop_20_20.txt,"Warwick 1243: balanced orders and products, 6 products per order",20,20,17,17,0.025,solved,
Harvey,wbop_20_20.txt,"Warwick 1244: balanced orders and products, 6 products per order",20,20,17,17,0.023,solved,
Harvey,wbop_20_20.txt,"Warwick 1245: balanced orders and products, 6 products per order",20,20,17,17,0.021,solved,
Harvey,wbop_20_20.txt,"Warwick 1246: balanced orders and products, 6 products per order",20,20,17,17,0.018,solved,
Harvey,wbop_20_20.txt,"Warwick 1247: balanced orders and products, 6 products per order",20,20,17,17,0.017,solved,
Harvey,wbop_20_20.txt,"Warwick 1248: balanced orders and products, 6 products per order",20,20,18,18,0.014,solved,
Harvey,wbop_20_20.txt,"Warwick 1249: balanced orders and products, 6 products per order",20,20,17,17,0.012,solved,
Harvey,wbop_20_20.txt,"Warwick 1250: balanced orders and products, 6 products per order",20,20,18,18,0.011,solved,
Harvey,wbop_20_20.txt,"Warwick 1251: balanced orders and products, 7 products per order",20,20,18,18,0.009,solved,
Harvey,wbop_20_20.txt,"Warwick 1252: balanced orders and products, 7 products per order",20,20,18,18,0.112,solved,
Harvey,wbop_20_20.txt,"Warwick 1253: balanced orders and products, 7 products per order",20,20,18,18,0.111,solved,
Harvey,wbop_20_20.txt,"Warwick 1254: balanced orders and products, 7 products per order",20,20,18,18,0.108,solved,
Harvey,wbop_20_20.txt,"Warwick 1255: balanced orders and products, 7 products per order",20,20,19,19,0.055,solved,
Harvey,wbop_20_20.txt,"Warwick 1256: balanced orders and products, 7 products per order",20,20,18,18,0.052,solved,
Harvey,wbop_20_20.txt,"Warwick 1257: balanced orders and products, 7 products per order",20,20,18,18,0.05,solved,
Harvey,wbop_20_20.txt,"Warwick 1258: balanced orders and products, 7 products per order",20,20,19,19,0.048,solved,
Harvey,wbop_20_20.txt,"Warwick 1259: balanced orders and products, 7 products per order",20,20,18,18,0.046,solved,
Harvey,wbop_20_20.txt,"Warwick 1260: balanced orders and products, 7 products per order",20,20,18,18,0.044,solved,
Harvey,wbop_20_20.txt,"Warwick 1261: balanced orders and products, 8 products per order",20,20,19,19,0.042,solved,
Harvey,wbop_20_20.txt,"Warwick 1262: balanced orders and products, 8 products per order",20,20,19,19,0.04,solved,
Harvey,wbop_20_20.txt,"Warwick 1263: balanced orders and products, 8 products per order",20,20,19,19,0.038,solved,
Harvey,wbop_20_20.txt,"Warwick 1264: balanced orders and products, 8 products per order",20,20,19,19,0.036,solved,
Harvey,wbop_20_20.txt,"Warwick 1265: balanced orders and products, 8 products per order",20,20,19,19,0.033,solved,
Harvey,wbop_20_20.txt,"Warwick 1266: balanced orders and products, 8 products per order",20,20,19,19,0.032,solved,
Harvey,wbop_20_20.txt,"Warwick 1267: balanced orders and products, 8 products per order",20,20,19,19,0.029,solved,
Harvey,wbop_20_20.txt,"Warwick 1268: balanced orders and products, 8 products per order",20,20,19,19,0.028,solved,
Harvey,wbop_20_20.txt,"Warwick 1269: balanced orders and products, 8 products per order",20,20,19,19,0.025,solved,
Harvey,wbop_20_20.txt,"Warwick 1270: balanced orders and products, 8 products per order",20,20,19,19,0.024,solved,
Harvey,wbop_20_20.txt,"Warwick 1271: balanced orders and products, 9 products per order",20,20,20,20,0.022,solved,
Harvey,wbop_20_20.txt,"Warwick 1272: balanced orders and products, 9 products per order",20,20,20,20,0.019,solved,
Harvey,wbop_20_20.txt,"Warwick 1273: balanced orders and products, 9 products per order",20,20,20,20,0.018,solved,
Harvey,wbop_20_20.txt,"Warwick 1274: balanced orders and products, 9 products per order",20,20,20,20,0.016,solved,
Harvey,wbop_20_20.txt,"Warwick 1275: balanced orders and products, 9 products per order",20,20,20,20,0.015,solved,
Harvey,wbop_20_20.txt,"Warwick 1276: balanced orders and products, 9 products per order",20,20,20,20,0.014,solved,
Harvey,wbop_20_20.txt,"Warwick 1277: balanced orders and products, 9 products per order",20,20,20,20,0.01,solved,
Harvey,wbop_20_20.txt,"Warwick 1278: balanced orders and products, 9 products per order",20,20,20,20,0.008,solved,
Harvey,wbop_20_20.txt,"Warwick 1279: balanced orders and products, 9 products per order",20,20,20,20,0.111,solved,
Harvey,wbop_20_20.txt,"Warwick 1280: balanced orders and products, 9 products per order",20,20,19,19,0.109,solved,
Harvey,wbop_20_20.txt,"Warwick 1281: balanced orders and products, 10 products per order",20,20,20,20,0.107,solved,
Harvey,wbop_20_20.txt,"Warwick 1282: balanced orders and products, 10 products per order",20,20,20,20,0.054,solved,
Harvey,wbop_20_20.txt,"Warwick 1283: balanced orders and products, 10 products per order",20,20,20,20,0.052,solved,
Harvey,wbop_20_20.txt,"Warwick 1284: balanced orders and products, 10 products per order",20,20,20,20,0.05,solved,
Harvey,wbop_20_20.txt,"Warwick 1285: balanced orders and products, 10 products per order",20,20,20,20,0.048,solved,
Harvey,wbop_20_20.txt,"Warwick 1286: balanced orders and products, 10 products per order",20,20,20,20,0.046,solved,
Harvey,wbop_20_20.txt,"Warwick 1287: balanced orders and products, 10 products per order",20,20,20,20,0.044,solved,
Harvey,wbop_20_20.txt,"Warwick 1288: balanced orders and products, 10 products per order",20,20,20,20,0.042,solved,
Harvey,wbop_20_20.txt,"Warwick 1289: balanced orders and products, 10 products per order",20,20,20,20,0.039,solved,
Harvey,wbop_20_20.txt,"Warwick 1290: balanced orders and products, 10 products per order",20,20,20,20,0.038,solved,
Harvey,wbop_30_10.txt,"Warwick 1431: balanced orders and products, 2 products per order",30,10,14,14,0.037,solved,
Harvey,wbop_30_10.txt,"Warwick 1432: balanced orders and products, 2 products per order",30,10,14,14,0.035,solved,
Harvey,wbop_30_10.txt,"Warwick 1433: balanced orders and products, 2 products per order",30,10,14,14,0.032,solved,
Harvey,wbop_30_10.txt,"Warwick 1434: balanced orders and products, 2 products per order",30,10,13,13,0.03,solved,
Harvey,wbop_30_10.txt,"Warwick 1435: balanced orders and products, 2 products per order",30,10,13,13,0.029,solved,
Harvey,wbop_30_10.txt,"Warwick 1436: balanced orders and products, 2 products per order",30,10,13,13,0.027,solved,
Harvey,wbop_30_10.txt,"Warwick 1437: balanced orders and products, 2 products per order",30,10,14,14,0.025,solved,
Harvey,wbop_30_10.txt,"Warwick 1438: balanced orders and products, 2 products per order",30,10,13,13,0.023,solved,
Harvey,wbop_30_10.txt,"Warwick 1439: balanced orders and products, 2 products per order",30,10,13,13,0.021,solved,
Harvey,wbop_30_10.txt,"Warwick 1440: balanced orders and products, 2 products per order",30,10,13,13,0.019,solved,
Harvey,wbop_30_10.txt,"Warwick 1441: balanced orders and products, 3 products per order",30,10,20,20,0.016,solved,
Harvey,wbop_30_10.txt,"Warwick 1442: balanced orders and products, 3 products per order",30,10,20,20,0.014,solved,
Harvey,wbop_30_10.txt,"Warwick 1443: balanced orders and products, 3 products per order",30,10,20,20,0.013,solved,
Harvey,wbop_30_10.txt,"Warwick 1444: balanced orders and products, 3 products per order",30,10,21,21,0.011,solved,
Harvey,wbop_30_10.txt,"Warwick 1445: balanced orders and products, 3 products per order",30,10,22,22,0.008,solved,
Harvey,wbop_30_10.txt,"Warwick 1446: balanced orders and products, 3 products per order",30,10,22,22,0.114,solved,
Harvey,wbop_30_10.txt,"Warwick 1447: balanced orders and products, 3 products per order",30,10,21,21,0.113,solved,
Harvey,wbop_30_10.txt,"Warwick 1448: balanced orders and products, 3 products per order",30,10,20,20,0.111,solved,
Harvey,wbop_30_10.txt,"Warwick 1449: balanced orders and products, 3 products per order",30,10,23,23,0.058,solved,
Harvey,wbop_30_10.txt,"Warwick 1450: balanced orders and products, 3 products per order",30,10,19,19,0.056,solved,
Harvey,wbop_30_10.txt,"Warwick 1451: balanced orders and products, 4 products per order",30,10,27,27,0.055,solved,
Harvey,wbop_30_10.txt,"Warwick 1452: balanced orders and products, 4 products per order",30,10,27,27,0.053,solved,
Harvey,wbop_30_10.txt,"Warwick 1453: balanced orders and products, 4 products per order",30,10,27,27,0.051,solved,
Harvey,wbop_30_10.txt,"Warwick 1454: balanced orders and products, 4 products per order",30,10,26,26,0.049,solved,
Harvey,wbop_30_10.txt,"Warwick 1455: balanced orders and products, 4 products per order",30,10,27,27,0.046,solved,
Harvey,wbop_30_10.txt,"Warwick 1456: balanced orders and products, 4 products per order",30,10,26,26,0.044,solved,
Harvey,wbop_30_10.txt,"Warwick 1457: balanced orders and products, 4 products per order",30,10,26,26,0.042,solved,
Harvey,wbop_30_10.txt,"Warwick 1458: balanced orders and products, 4 products per order",30,10,27,27,0.04,solved,
Harvey,wbop_30_10.txt,"Warwick 1459: balanced orders and products, 4 products per order",30,10,27,27,0.038,solved,
Harvey,wbop_30_10.txt,"Warwick 1460: balanced orders and products, 4 products per order",30,10,26,26,0.036,solved,
Harvey,wbop_30_10.txt,"Warwick 1461: balanced orders and products, 5 products per order",30,10,29,29,0.033,solved,
Harvey,wbop_30_10.txt,"Warwick 1462: balanced orders and products, 5 products per order",30,10,29,29,0.032,solved,
Harvey,wbop_30_10.txt,"Warwick 1463: balanced orders and products, 5 products per order",30,10,29,29,0.029,solved,
Harvey,wbop_30_10.txt,"Warwick 1464: balanced orders and products, 5 products per order",30,10,29,29,0.027,solved,
Harvey,wbop_30_10.txt,"Warwick 1465: balanced orders and products, 5 products per order",30,10,29,29,0.025,solved,
Harvey,wbop_30_10.txt,"Warwick 1466: balanced orders and products, 5 products per order",30,10,29,29,0.023,solved,
Harvey,wbop_30_10.txt,"Warwick 1467: balanced orders and products, 5 products per order",30,10,29,29,0.021,solved,
Harvey,wbop_30_10.txt,"Warwick 1468: balanced orders and products, 5 products per order",30,10,29,29,0.019,solved,
Harvey,wbop_30_10.txt,"Warwick 1469: balanced orders and products, 5 products per order",30,10,29,29,0.016,solved,
Harvey,wbop_30_10.txt,"Warwick 1470: balanced orders and products, 5 products per order",30,10,30,30,0.014,solved,
Harvey,wbop_30_15.txt,"Warwick 1651: balanced orders and products, 2 products per order",30,15,10,10,0.011,solved,
Harvey,wbop_30_15.txt,"Warwick 1652: balanced orders and products, 2 products per order",30,15,10,10,0.01,solved,
Harvey,wbop_30_15.txt,"Warwick 1653: balanced orders and products, 2 products per order",30,15,9,9,0.113,solved,
Harvey,wbop_30_15.txt,"Warwick 1654: balanced orders and products, 2 products per order",30,15,8,8,0.11,solved,
Harvey,wbop_30_15.txt,"Warwick 1655: balanced orders and products, 2 products per order",30,15,10,10,0.108,solved,
Harvey,wbop_30_15.txt,"Warwick 1656: balanced orders and products, 2 products per order",30,15,10,10,0.055,solved,
Harvey,wbop_30_15.txt,"Warwick 1657: balanced orders and products, 2 products per order",30,15,8,8,0.054,solved,
Harvey,wbop_30_15.txt,"Warwick 1658: balanced orders and products, 2 products per order",30,15,9,9,0.052,solved,
Harvey,wbop_30_15.txt,"Warwick 1659: balanced orders and products, 2 products per order",30,15,10,10,0.05,solved,
Harvey,wbop_30_15.txt,"Warwick 1660: balanced orders and products, 2 products per order",30,15,10,10,0.048,solved,
Harvey,wbop_30_15.txt,"Warwick 1661: balanced orders and products, 3 products per order",30,15,18,18,0.046,solved,
Harvey,wbop_30_15.txt,"Warwick 1662: balanced orders and products, 3 products per order",30,15,19,19,0.043,solved,
Harvey,wbop_30_15.txt,"Warwick 1663: balanced orders and products, 3 products per order",30,15,18,18,0.042,solved,
Harvey,wbop_30_15.txt,"Warwick 1664: balanced orders and products, 3 products per order",30,15,17,17,0.039,solved,
Harvey,wbop_30_15.txt,"Warwick 1665: balanced orders and products, 3 products per order",30,15,17,17,0.037,solved,
Harvey,wbop_30_15.txt,"Warwick 1666: balanced orders and products, 3 products per order",30,15,16,16,0.035,solved,
Harvey,wbop_30_15.txt,"Warwick 1667: balanced orders and products, 3 products per order",30,15,19,19,0.033,solved,
Harvey,wbop_30_15.txt,"Warwick 1668: balanced orders and products, 3 products per order",30,15,18,18,0.03,solved,
Harvey,wbop_30_15.txt,"Warwick 1669: balanced orders and products, 3 products per order",30,15,18,18,0.029,solved,
Harvey,wbop_30_15.txt,"Warwick 1670: balanced orders and products, 3 products per order",30,15,17,17,0.026,solved,
Harvey,wbop_30_15.txt,"Warwick 1671: balanced orders and products, 4 products per order",30,15,24,24,0.024,solved,
Harvey,wbop_30_15.txt,"Warwick 1672: balanced orders and products, 4 products per order",30,15,23,23,0.023,solved,
Harvey,wbop_30_15.txt,"Warwick 1673: balanced orders and products, 4 products per order",30,15,23,23,0.02,solved,
Harvey,wbop_30_15.txt,"Warwick 1674: balanced orders and products, 4 products per order",30,15,22,22,0.019,solved,
Harvey,wbop_30_15.txt,"Warwick 1675: balanced orders and products, 4 products per order",30,15,25,25,0.017,solved,
Harvey,wbop_30_15.txt,"Warwick 1676: balanced orders and products, 4 products per order",30,15,24,24,0.014,solved,
Harvey,wbop_30_15.txt,"Warwick 1677: balanced orders and products, 4 products per order",30,15,23,23,0.012,solved,
Harvey,wbop_30_15.txt,"Warwick 1678: balanced orders and products, 4 products per order",30,15,25,25,0.011,solved,
Harvey,wbop_30_15.txt,"Warwick 1679: balanced orders and products, 4 products per order",30,15,22,22,0.115,solved,
Harvey,wbop_30_15.txt,"Warwick 1680: balanced orders and products, 4 products per order",30,15,23,23,0.112,solved,
Harvey,wbop_30_15.txt,"Warwick 1681: balanced orders and products, 5 products per order",30,15,26,26,0.111,solved,
Harvey,wbop_30_15.txt,"Warwick 1682: balanced orders and products, 5 products per order",30,15,25,25,0.109,solved,
Harvey,wbop_30_15.txt,"Warwick 1683: balanced orders and products, 5 products per order",30,15,26,26,0.056,solved,
Harvey,wbop_30_15.txt,"Warwick 1684: balanced orders and products, 5 products per order",30,15,26,26,0.053,solved,
Harvey,wbop_30_15.txt,"Warwick 1685: balanced orders and products, 5 products per order",30,15,27,27,0.051,solved,
Harvey,wbop_30_15.txt,"Warwick 1686: balanced orders and products, 5 products per order",30,15,27,27,0.05,solved,
Harvey,wbop_30_15.txt,"Warwick 1687: balanced orders and products, 5 products per order",30,15,26,26,0.048,solved,
Harvey,wbop_30_15.txt,"Warwick 1688: balanced orders and products, 5 products per order",30,15,27,27,0.046,solved,
Harvey,wbop_30_15.txt,"Warwick 1689: balanced orders and products, 5 products per order",30,15,27,27,0.044,solved,
Harvey,wbop_30_15.txt,"Warwick 1690: balanced orders and products, 5 products per order",30,15,27,27,0.041,solved,
Harvey,wbop_30_15.txt,"Warwick 1691: balanced orders and products, 6 products per order",30,15,28,28,0.039,solved,
Harvey,wbop_30_15.txt,"Warwick 1692: balanced orders and products, 6 products per order",30,15,28,28,0.037,solved,
Harvey,wbop_30_15.txt,"Warwick 1693: balanced orders and products, 6 products per order",30,15,29,29,0.035,solved,
Harvey,wbop_30_15.txt,"Warwick 1694: balanced orders and products, 6 products per order",30,15,28,28,0.033,solved,
Harvey,wbop_30_15.txt,"Warwick 1695: balanced orders and products, 6 products per order",30,15,27,27,0.03,solved,
Harvey,wbop_30_15.txt,"Warwick 1696: balanced orders and products, 6 products per order",30,15,28,28,0.028,solved,
Harvey,wbop_30_15.txt,"Warwick 1697: balanced orders and products, 6 products per order",30,15,28,28,0.026,solved,
Harvey,wbop_30_15.txt,"Warwick 1698: balanced orders and products, 6 products per order",30,15,28,28,0.024,solved,
Harvey,wbop_30_15.txt,"Warwick 1699: balanced orders and products, 6 products per order",30,15,27,27,0.021,solved,
Harvey,wbop_30_15.txt,"Warwick 1700: balanced orders and products, 6 products per order",30,15,28,28,0.019,solved,
Harvey,wbop_30_15.txt,"Warwick 1701: balanced orders and products, 7 products per order",30,15,29,29,0.017,solved,
Harvey,wbop_30_15.txt,"Warwick 1702: balanced orders and products, 7 products per order",30,15,30,30,0.015,solved,
Harvey,wbop_30_15.txt,"Warwick 1703: balanced orders and products, 7 products per order",30,15,30,30,0.013,solved,
Harvey,wbop_30_15.txt,"Warwick 1704: balanced orders and products, 7 products per order",30,15,29,29,0.012,solved,
Harvey,wbop_30_15.txt,"Warwick 1705: balanced orders and products, 7 products per order",30,15,30,30,0.116,solved,
Harvey,wbop_30_15.txt,"Warwick 1706: balanced orders and products, 7 products per order",30,15,29,29,0.114,solved,
Harvey,wbop_30_15.txt,"Warwick 1707: balanced orders and products, 7 products per order",30,15,29,29,0.112,solved,
Harvey,wbop_30_15.txt,"Warwick 1708: balanced orders and products, 7 products per order",30,15,30,30,0.11,solved,
Harvey,wbop_30_15.txt,"Warwick 1709: balanced orders and products, 7 products per order",30,15,29,29,0.057,solved,
Harvey,wbop_30_15.txt,"Warwick 1710: balanced orders and products, 7 products per order",30,15,30,30,0.055,solved,
Harvey,wbop_30_30.txt,"Warwick 1991: balanced orders and products, 2 products per order",30,30,3,3,0.053,solved,
Harvey,wbop_30_30.txt,"Warwick 1992: balanced orders and products, 2 products per order",30,30,3,3,0.052,solved,
Harvey,wbop_30_30.txt,"Warwick 1993: balanced orders and products, 2 products per order",30,30,3,3,0.05,solved,
Harvey,wbop_30_30.txt,"Warwick 1994: balanced orders and products, 2 products per order",30,30,3,3,0.047,solved,
Harvey,wbop_30_30.txt,"Warwick 1995: balanced orders and products, 2 products per order",30,30,3,3,0.045,solved,
Harvey,wbop_30_30.txt,"Warwick 1996: balanced orders and products, 2 products per order",30,30,3,3,0.043,solved,
Harvey,wbop_30_30.txt,"Warwick 1997: balanced orders and products, 2 products per order",30,30,3,3,0.04,solved,
Harvey,wbop_30_30.txt,"Warwick 1998: balanced orders and products, 2 products per order",30,30,3,3,0.038,solved,
Harvey,wbop_30_30.txt,"Warwick 1999: balanced orders and products, 2 products per order",30,30,3,3,0.035,solved,
Harvey,wbop_30_30.txt,"Warwick 2000: balanced orders and products, 2 products per order",30,30,3,3,0.034,solved,
Harvey,wbop_30_30.txt,"Warwick 2001: balanced orders and products, 3 products per order",30,30,11,11,0.031,solved,
Harvey,wbop_30_30.txt,"Warwick 2002: balanced orders and products, 3 products per order",30,30,11,11,0.029,solved,
Harvey,wbop_30_30.txt,"Warwick 2003: balanced orders and products, 3 products per order",30,30,11,11,0.026,solved,
Harvey,wbop_30_30.txt,"Warwick 2004: balanced orders and products, 3 products per order",30,30,10,10,0.024,solved,
Harvey,wbop_30_30.txt,"Warwick 2005: balanced orders and products, 3 products per order",30,30,12,12,0.022,solved,
Harvey,wbop_30_30.txt,"Warwick 2006: balanced orders and products, 3 products per order",30,30,10,10,0.019,solved,
Harvey,wbop_30_30.txt,"Warwick 2007: balanced orders and products, 3 products per order",30,30,10,10,0.017,solved,
Harvey,wbop_30_30.txt,"Warwick 2008: balanced orders and products, 3 products per order",30,30,11,11,0.016,solved,
Harvey,wbop_30_30.txt,"Warwick 2009: balanced orders and products, 3 products per order",30,30,11,11,0.013,solved,
Harvey,wbop_30_30.txt,"Warwick 2010: balanced orders and products, 3 products per order",30,30,9,9,0.011,solved,
Harvey,wbop_30_30.txt,"Warwick 2011: balanced orders and products, 4 products per order",30,30,18,18,0.009,solved,
Harvey,wbop_30_30.txt,"Warwick 2012: balanced orders and products, 4 products per order",30,30,17,17,0.117,solved,
Harvey,wbop_30_30.txt,"Warwick 2013: balanced orders and products, 4 products per order",30,30,18,18,0.115,solved,
Harvey,wbop_30_30.txt,"Warwick 2014: balanced orders and products, 4 products per order",30,30,18,18,0.112,solved,
Harvey,wbop_30_30.txt,"Warwick 2015: balanced orders and products, 4 products per order",30,30,16,16,0.059,solved,
Harvey,wbop_30_30.txt,"Warwick 2016: balanced orders and products, 4 products per order",30,30,15,15,0.057,solved,
Harvey,wbop_30_30.txt,"Warwick 2017: balanced orders and products, 4 products per order",30,30,18,18,0.055,solved,
Harvey,wbop_30_30.txt,"Warwick 2018: balanced orders and products, 4 products per order",30,30,17,17,0.053,solved,
Harvey,wbop_30_30.txt,"Warwick 2019: balanced orders and products, 4 products per order",30,30,17,17,0.051,solved,
Harvey,wbop_30_30.txt,"Warwick 2020: balanced orders and products, 4 products per order",30,30,18,18,0.049,solved,
Harvey,wbop_30_30.txt,"Warwick 2021: balanced orders and products, 5 products per order",30,30,21,21,0.046,solved,
Harvey,wbop_30_30.txt,"Warwick 2022: balanced orders and products, 5 products per order",30,30,22,22,0.044,solved,
Harvey,wbop_30_30.txt,"Warwick 2023: balanced orders and products, 5 products per order",30,30,22,22,0.042,solved,
Harvey,wbop_30_30.txt,"Warwick 2024: balanced orders and products, 5 products per order",30,30,22,22,0.04,solved,
Harvey,wbop_30_30.txt,"Warwick 2025: balanced orders and products, 5 products per order",30,30,21,21,0.038,solved,
Harvey,wbop_30_30.txt,"Warwick 2026: balanced orders and products, 5 products per order",30,30,20,20,0.036,solved,
Harvey,wbop_30_30.txt,"Warwick 2027: balanced orders and products, 5 products per order",30,30,20,20,0.033,solved,
Harvey,wbop_30_30.txt,"Warwick 2028: balanced orders and products, 5 products per order",30,30,22,22,0.032,solved,
Harvey,wbop_30_30.txt,"Warwick 2029: balanced orders and products, 5 products per order",30,30,19,19,0.03,solved,
Harvey,wbop_30_30.txt,"Warwick 2030: balanced orders and products, 5 products per order",30,30,21,21,0.027,solved,
Harvey,wbop_30_30.txt,"Warwick 2031: balanced orders and products, 6 products per order",30,30,24,24,0.025,solved,
Harvey,wbop_30_30.txt,"Warwick 2032: balanced orders and products, 6 products per order",30,30,23,23,0.023,solved,
Harvey,wbop_30_30.txt,"Warwick 2033: balanced orders and products, 6 products per order",30,30,24,24,0.021,solved,
Harvey,wbop_30_30.txt,"Warwick 2034: balanced orders and products, 6 products per order",30,30,24,24,0.018,solved,
Harvey,wbop_30_30.txt,"Warwick 2035: balanced orders and products, 6 products per order",30,30,24,24,0.016,solved,
Harvey,wbop_30_30.txt,"Warwick 2036: balanced orders and products, 6 products per order",30,30,24,24,0.014,solved,
Harvey,wbop_30_30.txt,"Warwick 2037: balanced orders and products, 6 products per order",30,30,23,23,0.011,solved,
Harvey,wbop_30_30.txt,"Warwick 2038: balanced orders and products, 6 products per order",30,30,24,24,0.009,solved,
Harvey,wbop_30_30.txt,"Warwick 2039: balanced orders and products, 6 products per order",30,30,23,23,0.117,solved,
Harvey,wbop_30_30.txt,"Warwick 2040: balanced orders and products, 6 products per order",30,30,24,24,0.115,solved,
Harvey,wbop_30_30.txt,"Warwick 2041: balanced orders and products, 7 products per order",30,30,26,26,0.112,solved,
Harvey,wbop_30_30.txt,"Warwick 2042: balanced orders and products, 7 products per order",30,30,25,25,0.059,solved,
Harvey,wbop_30_30.txt,"Warwick 2043: balanced orders and products, 7 products per order",30,30,24,24,0.056,solved,
Harvey,wbop_30_30.txt,"Warwick 2044: balanced orders and products, 7 products per order",30,30,25,25,0.054,solved,
Harvey,wbop_30_30.txt,"Warwick 2045: balanced orders and products, 7 products per order",30,30,27,27,0.052,solved,
Harvey,wbop_30_30.txt,"Warwick 2046: balanced orders and products, 7 products per order",30,30,27,27,0.05,solved,
Harvey,wbop_30_30.txt,"Warwick 2047: balanced orders and products, 7 products per order",30,30,26,26,0.048,solved,
Harvey,wbop_30_30.txt,"Warwick 2048: balanced orders and products, 7 products per order",30,30,25,25,0.045,solved,
Harvey,wbop_30_30.txt,"Warwick 2049: balanced orders and products, 7 products per order",30,30,25,25,0.042,solved,
Harvey,wbop_30_30.txt,"Warwick 2050: balanced orders and products, 7 products per order",30,30,25,25,0.041,solved,
Harvey,wbop_30_30.txt,"Warwick 2051: balanced orders and products, 8 products per order",30,30,27,27,0.039,solved,
Harvey,wbop_30_30.txt,"Warwick 2052: balanced orders and products, 8 products per order",30,30,27,27,0.037,solved,
Harvey,wbop_30_30.txt,"Warwick 2053: balanced orders and products, 8 products per order",30,30,27,27,0.035,solved,
Harvey,wbop_30_30.txt,"Warwick 2054: balanced orders and products, 8 products per order",30,30,27,27,0.032,solved,
Harvey,wbop_30_30.txt,"Warwick 2055: balanced orders and products, 8 products per order",30,30,27,27,0.031,solved,
Harvey,wbop_30_30.txt,"Warwick 2056: balanced orders and products, 8 products per order",30,30,27,27,0.029,solved,
Harvey,wbop_30_30.txt,"Warwick 2057: balanced orders and products, 8 products per order",30,30,27,27,0.026,solved,
Harvey,wbop_30_30.txt,"Warwick 2058: balanced orders and products, 8 products per order",30,30,26,26,0.024,solved,
Harvey,wbop_30_30.txt,"Warwick 2059: balanced orders and products, 8 products per order",30,30,27,27,0.022,solved,
Harvey,wbop_30_30.txt,"Warwick 2060: balanced orders and products, 8 products per order",30,30,27,27,0.02,solved,
Harvey,wbop_30_30.txt,"Warwick 2061: balanced orders and products, 9 products per order",30,30,28,28,0.018,solved,
Harvey,wbop_30_30.txt,"Warwick 2062: balanced orders and products, 9 products per order",30,30,28,28,0.015,solved,
Harvey,wbop_30_30.txt,"Warwick 2063: balanced orders and products, 9 products per order",30,30,28,28,0.014,solved,
Harvey,wbop_30_30.txt,"Warwick 2064: balanced orders and products, 9 products per order",30,30,28,28,0.012,solved,
Harvey,wbop_30_30.txt,"Warwick 2065: balanced orders and products, 9 products per order",30,30,28,28,0.117,solved,
Harvey,wbop_30_30.txt,"Warwick 2066: balanced orders and products, 9 products per order",30,30,29,29,0.116,solved,
Harvey,wbop_30_30.txt,"Warwick 2067: balanced orders and products, 9 products per order",30,30,28,28,0.114,solved,
Harvey,wbop_30_30.txt,"Warwick 2068: balanced orders and products, 9 products per order",30,30,28,28,0.112,solved,
Harvey,wbop_30_30.txt,"Warwick 2069: balanced orders and products, 9 products per order",30,30,28,28,0.059,solved,
Harvey,wbop_30_30.txt,"Warwick 2070: balanced orders and products, 9 products per order",30,30,28,28,0.057,solved,
Harvey,wbop_30_30.txt,"Warwick 2071: balanced orders and products, 10 products per order",30,30,29,29,0.055,solved,
Harvey,wbop_30_30.txt,"Warwick 2072: balanced orders and products, 10 products per order",30,30,29,29,0.053,solved,
Harvey,wbop_30_30.txt,"Warwick 2073: balanced orders and products, 10 products per order",30,30,29,29,0.05,solved,
Harvey,wbop_30_30.txt,"Warwick 2074: balanced orders and products, 10 products per order",30,30,29,29,0.048,solved,
Harvey,wbop_30_30.txt,"Warwick 2075: balanced orders and products, 10 products per order",30,30,29,29,0.045,solved,
Harvey,wbop_30_30.txt,"Warwick 2076: balanced orders and products, 10 products per order",30,30,29,29,0.042,solved,
Harvey,wbop_30_30.txt,"Warwick 2077: balanced orders and products, 10 products per order",30,30,29,29,0.04,solved,
Harvey,wbop_30_30.txt,"Warwick 2078: balanced orders and products, 10 products per order",30,30,29,29,0.039,solved,
Harvey,wbop_30_30.txt,"Warwick 2079: balanced orders and products, 10 products per order",30,30,28,28,0.037,solved,
Harvey,wbop_30_30.txt,"Warwick 2080: balanced orders and products, 10 products per order",30,30,29,29,0.034,solved,
Harvey,wbop_30_30.txt,"Warwick 2081: balanced orders and products, 11 products per order",30,30,29,29,0.031,solved,
Harvey,wbop_30_30.txt,"Warwick 2082: balanced orders and products, 11 products per order",30,30,29,29,0.03,solved,
Harvey,wbop_30_30.txt,"Warwick 2083: balanced orders and products, 11 products per order",30,30,30,30,0.027,solved,
Harvey,wbop_30_30.txt,"Warwick 2084: balanced orders and products, 11 products per order",30,30,29,29,0.025,solved,
Harvey,wbop_30_30.txt,"Warwick 2085: balanced orders and products, 11 products per order",30,30,29,29,0.023,solved,
Harvey,wbop_30_30.txt,"Warwick 2086: balanced orders and products, 11 products per order",30,30,29,29,0.021,solved,
Harvey,wbop_30_30.txt,"Warwick 2087: balanced orders and products, 11 products per order",30,30,29,29,0.019,solved,
Harvey,wbop_30_30.txt,"Warwick 2088: balanced orders and products, 11 products per order",30,30,30,30,0.016,solved,
Harvey,wbop_30_30.txt,"Warwick 2089: balanced orders and products, 11 products per order",30,30,29,29,0.014,solved,
Harvey,wbop_30_30.txt,"Warwick 2090: balanced orders and products, 11 products per order",30,30,30,30,0.012,solved,
Harvey,wbop_30_30.txt,"Warwick 2091: balanced orders and products, 12 products per order",30,30,30,30,0.121,solved,
Harvey,wbop_30_30.txt,"Warwick 2092: balanced orders and products, 12 products per order",30,30,29,29,0.118,solved,
Harvey,wbop_30_30.txt,"Warwick 2093: balanced orders and products, 12 products per order",30,30,29,29,0.116,solved,
Harvey,wbop_30_30.txt,"Warwick 2094: balanced orders and products, 12 products per order",30,30,30,30,0.114,solved,
Harvey,wbop_30_30.txt,"Warwick 2095: balanced orders and products, 12 products per order",30,30,30,30,0.061,solved,
Harvey,wbop_30_30.txt,"Warwick 2096: balanced orders and products, 12 products per order",30,30,30,30,0.059,solved,
Harvey,wbop_30_30.txt,"Warwick 2097: balanced orders and products, 12 products per order",30,30,29,29,0.057,solved,
Harvey,wbop_30_30.txt,"Warwick 2098: balanced orders and products, 12 products per order",30,30,30,30,0.055,solved,
Harvey,wbop_30_30.txt,"Warwick 2099: balanced orders and products, 12 products per order",30,30,30,30,0.052,solved,
Harvey,wbop_30_30.txt,"Warwick 2100: balanced orders and products, 12 products per order",30,30,29,29,0.049,solved,
Harvey,wbop_30_30.txt,"Warwick 2101: balanced orders and products, 13 products per order",30,30,30,30,0.047,solved,
Harvey,wbop_30_30.txt,"Warwick 2102: balanced orders and products, 13 products per order",30,30,30,30,0.045,solved,
Harvey,wbop_30_30.txt,"Warwick 2103: balanced orders and products, 13 products per order",30,30,30,30,0.042,solved,
Harvey,wbop_30_30.txt,"Warwick 2104: balanced orders and products, 13 products per order",30,30,30,30,0.04,solved,
Harvey,wbop_30_30.txt,"Warwick 2105: balanced orders and products, 13 products per order",30,30,30,30,0.037,solved,
Harvey,wbop_30_30.txt,"Warwick 2106: balanced orders and products, 13 products per order",30,30,30,30,0.035,solved,
Harvey,wbop_30_30.txt,"Warwick 2107: balanced orders and products, 13 products per order",30,30,30,30,0.032,solved,
Harvey,wbop_30_30.txt,"Warwick 2108: balanced orders and products, 13 products per order",30,30,30,30,0.03,solved,
Harvey,wbop_30_30.txt,"Warwick 2109: balanced orders and products, 13 products per order",30,30,30,30,0.026,solved,
Harvey,wbop_30_30.txt,"Warwick 2110: balanced orders and products, 13 products per order",30,30,30,30,0.024,solved,
Harvey,wbop_30_30.txt,"Warwick 2111: balanced orders and products, 14 products per order",30,30,30,30,0.023,solved,
Harvey,wbop_30_30.txt,"Warwick 2112: balanced orders and products, 14 products per order",30,30,30,30,0.021,solved,
Harvey,wbop_30_30.txt,"Warwick 2113: balanced orders and products, 14 products per order",30,30,30,30,0.018,solved,
Harvey,wbop_30_30.txt,"Warwick 2114: balanced orders and products, 14 products per order",30,30,30,30,0.015,solved,
Harvey,wbop_30_30.txt,"Warwick 2115: balanced orders and products, 14 products per order",30,30,30,30,0.014,solved,
Harvey,wbop_30_30.txt,"Warwick 2116: balanced orders and products, 14 products per order",30,30,30,30,0.012,solved,
Harvey,wbop_30_30.txt,"Warwick 2117: balanced orders and products, 14 products per order",30,30,30,30,0.122,solved,
Harvey,wbop_30_30.txt,"Warwick 2118: balanced orders and products, 14 products per order",30,30,30,30,0.118,solved,
Harvey,wbop_30_30.txt,"Warwick 2119: balanced orders and products, 14 products per order",30,30,30,30,0.116,solved,
Harvey,wbop_30_30.txt,"Warwick 2120: balanced orders and products, 14 products per order",30,30,30,30,0.114,solved,
Harvey,wbop_30_30.txt,"Warwick 2121: balanced orders and products, 15 products per order",30,30,30,30,0.061,solved,
Harvey,wbop_30_30.txt,"Warwick 2122: balanced orders and products, 15 products per order",30,30,30,30,0.059,solved,
Harvey,wbop_30_30.txt,"Warwick 2123: balanced orders and products, 15 products per order",30,30,30,30,0.057,solved,
Harvey,wbop_30_30.txt,"Warwick 2124: balanced orders and products, 15 products per order",30,30,30,30,0.055,solved,
Harvey,wbop_30_30.txt,"Warwick 2125: balanced orders and products, 15 products per order",30,30,30,30,0.053,solved,
Harvey,wbop_30_30.txt,"Warwick 2126: balanced orders and products, 15 products per order",30,30,30,30,0.05,solved,
Harvey,wbop_30_30.txt,"Warwick 2127: balanced orders and products, 15 products per order",30,30,30,30,0.047,solved,
Harvey,wbop_30_30.txt,"Warwick 2128: balanced orders and products, 15 products per order",30,30,30,30,0.045,solved,
Harvey,wbop_30_30.txt,"Warwick 2129: balanced orders and products, 15 products per order",30,30,30,30,0.043,solved,
Harvey,wbop_30_30.txt,"Warwick 2130: balanced orders and products, 15 products per order",30,30,30,30,0.041,solved,
Harvey,wbp_10_10.txt,"Warwick 41: balanced products, 2 products per order",10,10,3,3,0.038,solved,
Harvey,wbp_10_10.txt,"Warwick 42: balanced products, 2 products per order",10,10,4,4,0.035,solved,
Harvey,wbp_10_10.txt,"Warwick 43: balanced products, 2 products per order",10,10,3,3,0.033,solved,
Harvey,wbp_10_10.txt,"Warwick 44: balanced products, 2 products per order",10,10,4,4,0.03,solved,
Harvey,wbp_10_10.txt,"Warwick 45: balanced products, 2 products per order",10,10,4,4,0.028,solved,
Harvey,wbp_10_10.txt,"Warwick 46: balanced products, 2 products per order",10,10,4,4,0.026,solved,
Harvey,wbp_10_10.txt,"Warwick 47: balanced products, 2 products per order",10,10,4,4,0.024,solved,
Harvey,wbp_10_10.txt,"Warwick 48: balanced products, 2 products per order",10,10,4,4,0.022,solved,
Harvey,wbp_10_10.txt,"Warwick 49: balanced products, 2 products per order",10,10,3,3,0.019,solved,
Harvey,wbp_10_10.txt,"Warwick 50: balanced products, 2 products per order",10,10,3,3,0.016,solved,
Harvey,wbp_10_10.txt,"Warwick 51: balanced products, 3 products per order",10,10,7,7,0.015,solved,
Harvey,wbp_10_10.txt,"Warwick 52: balanced products, 3 products per order",10,10,7,7,0.013,solved,
Harvey,wbp_10_10.txt,"Warwick 53: balanced products, 3 products per order",10,10,7,7,0.01,solved,
Harvey,wbp_10_10.txt,"Warwick 54: balanced products, 3 products per order",10,10,7,7,0.123,solved,
Harvey,wbp_10_10.txt,"Warwick 55: balanced products, 3 products per order",10,10,6,6,0.121,solved,
Harvey,wbp_10_10.txt,"Warwick 56: balanced products, 3 products per order",10,10,7,7,0.119,solved,
Harvey,wbp_10_10.txt,"Warwick 57: balanced products, 3 products per order",10,10,7,7,0.065,solved,
Harvey,wbp_10_10.txt,"Warwick 58: balanced products, 3 products per order",10,10,5,5,0.063,solved,
Harvey,wbp_10_10.txt,"Warwick 59: balanced products, 3 products per order",10,10,8,8,0.061,solved,
Harvey,wbp_10_10.txt,"Warwick 60: balanced products, 3 products per order",10,10,7,7,0.059,solved,
Harvey,wbp_10_10.txt,"Warwick 61: balanced products, 4 products per order",10,10,9,9,0.057,solved,
Harvey,wbp_10_10.txt,"Warwick 62: balanced products, 4 products per order",10,10,9,9,0.054,solved,
Harvey,wbp_10_10.txt,"Warwick 63: balanced products, 4 products per order",10,10,9,9,0.051,solved,
Harvey,wbp_10_10.txt,"Warwick 64: balanced products, 4 products per order",10,10,9,9,0.049,solved,
Harvey,wbp_10_10.txt,"Warwick 65: balanced products, 4 products per order",10,10,8,8,0.046,solved,
Harvey,wbp_10_10.txt,"Warwick 66: balanced products, 4 products per order",10,10,8,8,0.044,solved,
Harvey,wbp_10_10.txt,"Warwick 67: balanced products, 4 products per order",10,10,9,9,0.041,solved,
Harvey,wbp_10_10.txt,"Warwick 68: balanced products, 4 products per order",10,10,9,9,0.039,solved,
Harvey,wbp_10_10.txt,"Warwick 69: balanced products, 4 products per order",10,10,9,9,0.036,solved,
Harvey,wbp_10_10.txt,"Warwick 70: balanced products, 4 products per order",10,10,9,9,0.034,solved,
Harvey,wbp_10_10.txt,"Warwick 71: balanced products, 5 products per order",10,10,10,10,0.031,solved,
Harvey,wbp_10_10.txt,"Warwick 72: balanced products, 5 products per order",10,10,10,10,0.029,solved,
Harvey,wbp_10_10.txt,"Warwick 73: balanced products, 5 products per order",10,10,10,10,0.026,solved,
Harvey,wbp_10_10.txt,"Warwick 74: balanced products, 5 products per order",10,10,10,10,0.024,solved,
Harvey,wbp_10_10.txt,"Warwick 75: balanced products, 5 products per order",10,10,10,10,0.021,solved,
Harvey,wbp_10_10.txt,"Warwick 76: balanced products, 5 products per order",10,10,9,9,0.019,solved,
Harvey,wbp_10_10.txt,"Warwick 77: balanced products, 5 products per order",10,10,10,10,0.017,solved,
Harvey,wbp_10_10.txt,"Warwick 78: balanced products, 5 products per order",10,10,10,10,0.013,solved,
Harvey,wbp_10_10.txt,"Warwick 79: balanced products, 5 products per order",10,10,10,10,0.011,solved,
Harvey,wbp_10_10.txt,"Warwick 80: balanced products, 5 products per order",10,10,10,10,0.123,solved,
Harvey,wbp_10_20.txt,"Warwick 161: balanced products, 4 products per order",10,20,6,6,0.121,solved,
Harvey,wbp_10_20.txt,"Warwick 162: balanced products, 4 products per order",10,20,6,6,0.12,solved,
Harvey,wbp_10_20.txt,"Warwick 163: balanced products, 4 products per order",10,20,6,6,0.117,solved,
Harvey,wbp_10_20.txt,"Warwick 164: balanced products, 4 products per order",10,20,6,6,0.064,solved,
Harvey,wbp_10_20.txt,"Warwick 165: balanced products, 4 products per order",10,20,5,5,0.061,solved,
Harvey,wbp_10_20.txt,"Warwick 166: balanced products, 4 products per order",10,20,5,5,0.059,solved,
Harvey,wbp_10_20.txt,"Warwick 167: balanced products, 4 products per order",10,20,6,6,0.057,solved,
Harvey,wbp_10_20.txt,"Warwick 168: balanced products, 4 products per order",10,20,6,6,0.054,solved,
Harvey,wbp_10_20.txt,"Warwick 169: balanced products, 4 products per order",10,20,6,6,0.052,solved,
Harvey,wbp_10_20.txt,"Warwick 170: balanced products, 4 products per order",10,20,6,6,0.049,solved,
Harvey,wbp_10_20.txt,"Warwick 171: balanced products, 5 products per order",10,20,7,7,0.047,solved,
Harvey,wbp_10_20.txt,"Warwick 172: balanced products, 5 products per order",10,20,7,7,0.044,solved,
Harvey,wbp_10_20.txt,"Warwick 173: balanced products, 5 products per order",10,20,8,8,0.041,solved,
Harvey,wbp_10_20.txt,"Warwick 174: balanced products, 5 products per order",10,20,7,7,0.038,solved,
Harvey,wbp_10_20.txt,"Warwick 175: balanced products, 5 products per order",10,20,7,7,0.036,solved,
Harvey,wbp_10_20.txt,"Warwick 176: balanced products, 5 products per order",10,20,7,7,0.033,solved,
Harvey,wbp_10_20.txt,"Warwick 177: balanced products, 5 products per order",10,20,9,9,0.031,solved,
Harvey,wbp_10_20.txt,"Warwick 178: balanced products, 5 products per order",10,20,8,8,0.029,solved,
Harvey,wbp_10_20.txt,"Warwick 179: balanced products, 5 products per order",10,20,6,6,0.027,solved,
Harvey,wbp_10_20.txt,"Warwick 180: balanced products, 5 products per order",10,20,7,7,0.025,solved,
Harvey,wbp_10_20.txt,"Warwick 181: balanced products, 6 products per order",10,20,9,9,0.021,solved,
Harvey,wbp_10_20.txt,"Warwick 182: balanced products, 6 products per order",10,20,9,9,0.019,solved,
Harvey,wbp_10_20.txt,"Warwick 183: balanced products, 6 products per order",10,20,9,9,0.018,solved,
Harvey,wbp_10_20.txt,"Warwick 184: balanced products, 6 products per order",10,20,8,8,0.015,solved,
Harvey,wbp_10_20.txt,"Warwick 185: balanced products, 6 products per order",10,20,8,8,0.012,solved,
Harvey,wbp_10_20.txt,"Warwick 186: balanced products, 6 products per order",10,20,9,9,0.01,solved,
Harvey,wbp_10_20.txt,"Warwick 187: balanced products, 6 products per order",10,20,9,9,0.124,solved,
Harvey,wbp_10_20.txt,"Warwick 188: balanced products, 6 products per order",10,20,9,9,0.122,solved,
Harvey,wbp_10_20.txt,"Warwick 189: balanced products, 6 products per order",10,20,8,8,0.119,solved,
Harvey,wbp_10_20.txt,"Warwick 190: balanced products, 6 products per order",10,20,9,9,0.066,solved,
Harvey,wbp_10_20.txt,"Warwick 191: balanced products, 7 products per order",10,20,10,10,0.063,solved,
Harvey,wbp_10_20.txt,"Warwick 192: balanced products, 7 products per order",10,20,9,9,0.061,solved,
Harvey,wbp_10_20.txt,"Warwick 193: balanced products, 7 products per order",10,20,9,9,0.059,solved,
Harvey,wbp_10_20.txt,"Warwick 194: balanced products, 7 products per order",10,20,10,10,0.056,solved,
Harvey,wbp_10_20.txt,"Warwick 195: balanced products, 7 products per order",10,20,9,9,0.054,solved,
Harvey,wbp_10_20.txt,"Warwick 196: balanced products, 7 products per order",10,20,9,9,0.051,solved,
Harvey,wbp_10_20.txt,"Warwick 197: balanced products, 7 products per order",10,20,10,10,0.049,solved,
Harvey,wbp_10_20.txt,"Warwick 198: balanced products, 7 products per order",10,20,9,9,0.047,solved,
Harvey,wbp_10_20.txt,"Warwick 199: balanced products, 7 products per order",10,20,9,9,0.044,solved,
Harvey,wbp_10_20.txt,"Warwick 200: balanced products, 7 products per order",10,20,9,9,0.041,solved,
Harvey,wbp_10_20.txt,"Warwick 201: balanced products, 8 products per order",10,20,10,10,0.04,solved,
Harvey,wbp_10_20.txt,"Warwick 202: balanced products, 8 products per order",10,20,10,10,0.037,solved,
Harvey,wbp_10_20.txt,"Warwick 203: balanced products, 8 products per order",10,20,10,10,0.034,solved,
Harvey,wbp_10_20.txt,"Warwick 204: balanced products, 8 products per order",10,20,10,10,0.031,solved,
Harvey,wbp_10_20.txt,"Warwick 205: balanced products, 8 products per order",10,20,10,10,0.03,solved,
Harvey,wbp_10_20.txt,"Warwick 206: balanced products, 8 products per order",10,20,9,9,0.028,solved,
Harvey,wbp_10_20.txt,"Warwick 207: balanced products, 8 products per order",10,20,10,10,0.026,solved,
Harvey,wbp_10_20.txt,"Warwick 208: balanced products, 8 products per order",10,20,10,10,0.023,solved,
Harvey,wbp_10_20.txt,"Warwick 209: balanced products, 8 products per order",10,20,10,10,0.02,solved,
Harvey,wbp_10_20.txt,"Warwick 210: balanced products, 8 products per order",10,20,10,10,0.018,solved,
Harvey,wbp_10_20.txt,"Warwick 211: balanced products, 9 products per order",10,20,10,10,0.016,solved,
Harvey,wbp_10_20.txt,"Warwick 212: balanced products, 9 products per order",10,20,10,10,0.013,solved,
Harvey,wbp_10_20.txt,"Warwick 213: balanced products, 9 products per order",10,20,10,10,0.01,solved,
Harvey,wbp_10_20.txt,"Warwick 214: balanced products, 9 products per order",10,20,10,10,0.124,solved,
Harvey,wbp_10_20.txt,"Warwick 215: balanced products, 9 products per order",10,20,10,10,0.122,solved,
Harvey,wbp_10_20.txt,"Warwick 216: balanced products, 9 products per order",10,20,10,10,0.119,solved,
Harvey,wbp_10_20.txt,"Warwick 217: balanced products, 9 products per order",10,20,10,10,0.065,solved,
Harvey,wbp_10_20.txt,"Warwick 218: balanced products, 9 products per order",10,20,10,10,0.062,solved,
Harvey,wbp_10_20.txt,"Warwick 219: balanced products, 9 products per order",10,20,10,10,0.06,solved,
Harvey,wbp_10_20.txt,"Warwick 220: balanced products, 9 products per order",10,20,10,10,0.058,solved,
Harvey,wbp_10_20.txt,"Warwick 221: balanced products, 10 products per order",10,20,10,10,0.055,solved,
Harvey,wbp_10_20.txt,"Warwick 222: balanced products, 10 products per order",10,20,10,10,0.053,solved,
Harvey,wbp_10_20.txt,"Warwick 223: balanced products, 10 products per order",10,20,10,10,0.05,solved,
Harvey,wbp_10_20.txt,"Warwick 224: balanced products, 10 products per order",10,20,10,10,0.048,solved,
Harvey,wbp_10_20.txt,"Warwick 225: balanced products, 10 products per order",10,20,10,10,0.045,solved,
Harvey,wbp_10_20.txt,"Warwick 226: balanced products, 10 products per order",10,20,10,10,0.043,solved,
Harvey,wbp_10_20.txt,"Warwick 227: balanced products, 10 products per order",10,20,10,10,0.04,solved,
Harvey,wbp_10_20.txt,"Warwick 228: balanced products, 10 products per order",10,20,10,10,0.037,solved,
Harvey,wbp_10_20.txt,"Warwick 229: balanced products, 10 products per order",10,20,10,10,0.035,solved,
Harvey,wbp_10_20.txt,"Warwick 230: balanced products, 10 products per order",10,20,10,10,0.034,solved,
Harvey,wbp_10_30.txt,"Warwick 311: balanced products, 6 products per order",10,30,7,7,0.032,solved,
Harvey,wbp_10_30.txt,"Warwick 312: balanced products, 6 products per order",10,30,7,7,0.028,solved,
Harvey,wbp_10_30.txt,"Warwick 313: balanced products, 6 products per order",10,30,7,7,0.025,solved,
Harvey,wbp_10_30.txt,"Warwick 314: balanced products, 6 products per order",10,30,8,8,0.024,solved,
Harvey,wbp_10_30.txt,"Warwick 315: balanced products, 6 products per order",10,30,7,7,0.021,solved,
Harvey,wbp_10_30.txt,"Warwick 316: balanced products, 6 products per order",10,30,7,7,0.02,solved,
Harvey,wbp_10_30.txt,"Warwick 317: balanced products, 6 products per order",10,30,7,7,0.017,solved,
Harvey,wbp_10_30.txt,"Warwick 318: balanced products, 6 products per order",10,30,7,7,0.014,solved,
Harvey,wbp_10_30.txt,"Warwick 319: balanced products, 6 products per order",10,30,6,6,0.013,solved,
Harvey,wbp_10_30.txt,"Warwick 320: balanced products, 6 products per order",10,30,6,6,0.127,solved,
Harvey,wbp_10_30.txt,"Warwick 321: balanced products, 7 products per order",10,30,8,8,0.124,solved,
Harvey,wbp_10_30.txt,"Warwick 322: balanced products, 7 products per order",10,30,8,8,0.121,solved,
Harvey,wbp_10_30.txt,"Warwick 323: balanced products, 7 products per order",10,30,9,9,0.12,solved,
Harvey,wbp_10_30.txt,"Warwick 324: balanced products, 7 products per order",10,30,8,8,0.067,solved,
Harvey,wbp_10_30.txt,"Warwick 325: balanced products, 7 products per order",10,30,9,9,0.065,solved,
Harvey,wbp_10_30.txt,"Warwick 326: balanced products, 7 products per order",10,30,9,9,0.062,solved,
Harvey,wbp_10_30.txt,"Warwick 327: balanced products, 7 products per order",10,30,8,8,0.06,solved,
Harvey,wbp_10_30.txt,"Warwick 328: balanced products, 7 products per order",10,30,8,8,0.057,solved,
Harvey,wbp_10_30.txt,"Warwick 329: balanced products, 7 products per order",10,30,7,7,0.055,solved,
Harvey,wbp_10_30.txt,"Warwick 330: balanced products, 7 products per order",10,30,8,8,0.051,solved,
Harvey,wbp_10_30.txt,"Warwick 331: balanced products, 8 products per order",10,30,9,9,0.049,solved,
Harvey,wbp_10_30.txt,"Warwick 332: balanced products, 8 products per order",10,30,9,9,0.047,solved,
Harvey,wbp_10_30.txt,"Warwick 333: balanced products, 8 products per order",10,30,9,9,0.045,solved,
Harvey,wbp_10_30.txt,"Warwick 334: balanced products, 8 products per order",10,30,8,8,0.042,solved,
Harvey,wbp_10_30.txt,"Warwick 335: balanced products, 8 products per order",10,30,9,9,0.039,solved,
Harvey,wbp_10_30.txt,"Warwick 336: balanced products, 8 products per order",10,30,9,9,0.036,solved,
Harvey,wbp_10_30.txt,"Warwick 337: balanced products, 8 products per order",10,30,9,9,0.035,solved,
Harvey,wbp_10_30.txt,"Warwick 338: balanced products, 8 products per order",10,30,9,9,0.033,solved,
Harvey,wbp_10_30.txt,"Warwick 339: balanced products, 8 products per order",10,30,8,8,0.029,solved,
Harvey,wbp_10_30.txt,"Warwick 340: balanced products, 8 products per order",10,30,8,8,0.027,solved,
Harvey,wbp_10_30.txt,"Warwick 341: balanced products, 9 products per order",10,30,10,10,0.025,solved,
Harvey,wbp_10_30.txt,"Warwick 342: balanced products, 9 products per order",10,30,9,9,0.022,solved,
Harvey,wbp_10_30.txt,"Warwick 343: balanced products, 9 products per order",10,30,10,10,0.02,solved,
Harvey,wbp_10_30.txt,"Warwick 344: balanced products, 9 products per order",10,30,9,9,0.017,solved,
Harvey,wbp_10_30.txt,"Warwick 345: balanced products, 9 products per order",10,30,10,10,0.015,solved,
Harvey,wbp_10_30.txt,"Warwick 346: balanced products, 9 products per order",10,30,9,9,0.012,solved,
Harvey,wbp_10_30.txt,"Warwick 347: balanced products, 9 products per order",10,30,9,9,0.128,solved,
Harvey,wbp_10_30.txt,"Warwick 348: balanced products, 9 products per order",10,30,9,9,0.126,solved,
Harvey,wbp_10_30.txt,"Warwick 349: balanced products, 9 products per order",10,30,9,9,0.123,solved,
Harvey,wbp_10_30.txt,"Warwick 350: balanced products, 9 products per order",10,30,10,10,0.069,solved,
Harvey,wbp_10_30.txt,"Warwick 351: balanced products, 10 products per order",10,30,10,10,0.066,solved,
Harvey,wbp_10_30.txt,"Warwick 352: balanced products, 10 products per order",10,30,10,10,0.064,solved,
Harvey,wbp_10_30.txt,"Warwick 353: balanced products, 10 products per order",10,30,9,9,0.062,solved,
Harvey,wbp_10_30.txt,"Warwick 354: balanced products, 10 products per order",10,30,10,10,0.06,solved,
Harvey,wbp_10_30.txt,"Warwick 355: balanced products, 10 products per order",10,30,10,10,0.057,solved,
Harvey,wbp_10_30.txt,"Warwick 356: balanced products, 10 products per order",10,30,10,10,0.054,solved,
Harvey,wbp_10_30.txt,"Warwick 357: balanced products, 10 products per order",10,30,10,10,0.052,solved,
Harvey,wbp_10_30.txt,"Warwick 358: balanced products, 10 products per order",10,30,10,10,0.049,solved,
Harvey,wbp_10_30.txt,"Warwick 359: balanced products, 10 products per order",10,30,10,10,0.046,solved,
Harvey,wbp_10_30.txt,"Warwick 360: balanced products, 10 products per order",10,30,10,10,0.044,solved,
Harvey,wbp_10_30.txt,"Warwick 361: balanced products, 11 products per order",10,30,10,10,0.041,solved,
Harvey,wbp_10_30.txt,"Warwick 362: balanced products, 11 products per order",10,30,10,10,0.037,solved,
Harvey,wbp_10_30.txt,"Warwick 363: balanced products, 11 products per order",10,30,10,10,0.036,solved,
Harvey,wbp_10_30.txt,"Warwick 364: balanced products, 11 products per order",10,30,10,10,0.034,solved,
Harvey,wbp_10_30.txt,"Warwick 365: balanced products, 11 products per order",10,30,10,10,0.032,solved,
Harvey,wbp_10_30.txt,"Warwick 366: balanced products, 11 products per order",10,30,10,10,0.029,solved,
Harvey,wbp_10_30.txt,"Warwick 367: balanced products, 11 products per order",10,30,10,10,0.026,solved,
Harvey,wbp_10_30.txt,"Warwick 368: balanced products, 11 products per order",10,30,10,10,0.024,solved,
Harvey,wbp_10_30.txt,"Warwick 369: balanced products, 11 products per order",10,30,10,10,0.021,solved,
Harvey,wbp_10_30.txt,"Warwick 370: balanced products, 11 products per order",10,30,10,10,0.018,solved,
Harvey,wbp_10_30.txt,"Warwick 371: balanced products, 12 products per order",10,30,10,10,0.015,solved,
Harvey,wbp_10_30.txt,"Warwick 372: balanced products, 12 products per order",10,30,10,10,0.013,solved,
Harvey,wbp_10_30.txt,"Warwick 373: balanced products, 12 products per order",10,30,10,10,0.011,solved,
Harvey,wbp_10_30.txt,"Warwick 374: balanced products, 12 products per order",10,30,10,10,0.132,solved,
Harvey,wbp_10_30.txt,"Warwick 375: balanced products, 12 products per order",10,30,10,10,0.128,solved,
Harvey,wbp_10_30.txt,"Warwick 376: balanced products, 12 products per order",10,30,10,10,0.125,solved,
Harvey,wbp_10_30.txt,"Warwick 377: balanced products, 12 products per order",10,30,10,10,0.073,solved,
Harvey,wbp_10_30.txt,"Warwick 378: balanced products, 12 products per order",10,30,10,10,0.07,solved,
Harvey,wbp_10_30.txt,"Warwick 379: balanced products, 12 products per order",10,30,10,10,0.068,solved,
Harvey,wbp_10_30.txt,"Warwick 380: balanced products, 12 products per order",10,30,10,10,0.066,solved,
Harvey,wbp_10_30.txt,"Warwick 381: balanced products, 13 products per order",10,30,10,10,0.063,solved,
Harvey,wbp_10_30.txt,"Warwick 382: balanced products, 13 products per order",10,30,10,10,0.06,solved,
Harvey,wbp_10_30.txt,"Warwick 383: balanced products, 13 products per order",10,30,10,10,0.057,solved,
Harvey,wbp_10_30.txt,"Warwick 384: balanced products, 13 products per order",10,30,10,10,0.055,solved,
Harvey,wbp_10_30.txt,"Warwick 385: balanced products, 13 products per order",10,30,10,10,0.052,solved,
Harvey,wbp_10_30.txt,"Warwick 386: balanced products, 13 products per order",10,30,10,10,0.049,solved,
Harvey,wbp_10_30.txt,"Warwick 387: balanced products, 13 products per order",10,30,10,10,0.046,solved,
Harvey,wbp_10_30.txt,"Warwick 388: balanced products, 13 products per order",10,30,10,10,0.044,solved,
Harvey,wbp_10_30.txt,"Warwick 389: balanced products, 13 products per order",10,30,10,10,0.041,solved,
Harvey,wbp_10_30.txt,"Warwick 390: balanced products, 13 products per order",10,30,10,10,0.038,solved,
Harvey,wbp_10_30.txt,"Warwick 391: balanced products, 14 products per order",10,30,10,10,0.035,solved,
Harvey,wbp_10_30.txt,"Warwick 392: balanced products, 14 products per order",10,30,10,10,0.033,solved,
Harvey,wbp_10_30.txt,"Warwick 393: balanced products, 14 products per order",10,30,10,10,0.03,solved,
Harvey,wbp_10_30.txt,"Warwick 394: balanced products, 14 products per order",10,30,10,10,0.028,solved,
Harvey,wbp_10_30.txt,"Warwick 395: balanced products, 14 products per order",10,30,10,10,0.025,solved,
Harvey,wbp_10_30.txt,"Warwick 396: balanced products, 14 products per order",10,30,10,10,0.022,solved,
Harvey,wbp_10_30.txt,"Warwick 397: balanced products, 14 products per order",10,30,10,10,0.019,solved,
Harvey,wbp_10_30.txt,"Warwick 398: balanced products, 14 products per order",10,30,10,10,0.016,solved,
Harvey,wbp_10_30.txt,"Warwick 399: balanced products, 14 products per order",10,30,10,10,0.013,solved,
Harvey,wbp_10_30.txt,"Warwick 400: balanced products, 14 products per order",10,30,10,10,0.011,solved,
Harvey,wbp_10_30.txt,"Warwick 401: balanced products, 15 products per order",10,30,10,10,0.128,solved,
Harvey,wbp_10_30.txt,"Warwick 402: balanced products, 15 products per order",10,30,10,10,0.126,solved,
Harvey,wbp_10_30.txt,"Warwick 403: balanced products, 15 products per order",10,30,10,10,0.123,solved,
Harvey,wbp_10_30.txt,"Warwick 404: balanced products, 15 products per order",10,30,10,10,0.07,solved,
Harvey,wbp_10_30.txt,"Warwick 405: balanced products, 15 products per order",10,30,10,10,0.067,solved,
Harvey,wbp_10_30.txt,"Warwick 406: balanced products, 15 products per order",10,30,10,10,0.065,solved,
Harvey,wbp_10_30.txt,"Warwick 407: balanced products, 15 products per order",10,30,10,10,0.062,solved,
Harvey,wbp_10_30.txt,"Warwick 408: balanced products, 15 products per order",10,30,10,10,0.059,solved,
Harvey,wbp_10_30.txt,"Warwick 409: balanced products, 15 products per order",10,30,10,10,0.056,solved,
Harvey,wbp_10_30.txt,"Warwick 410: balanced products, 15 products per order",10,30,10,10,0.055,solved,
Harvey,wbp_15_15.txt,"Warwick 511: balanced products, 2 products per order",15,15,4,4,0.052,solved,
Harvey,wbp_15_15.txt,"Warwick 512: balanced products, 2 products per order",15,15,3,3,0.049,solved,
Harvey,wbp_15_15.txt,"Warwick 513: balanced products, 2 products per order",15,15,3,3,0.046,solved,
Harvey,wbp_15_15.txt,"Warwick 514: balanced products, 2 products per order",15,15,4,4,0.045,solved,
Harvey,wbp_15_15.txt,"Warwick 515: balanced products, 2 products per order",15,15,4,4,0.042,solved,
Harvey,wbp_15_15.txt,"Warwick 516: balanced products, 2 products per order",15,15,3,3,0.039,solved,
Harvey,wbp_15_15.txt,"Warwick 517: balanced products, 2 products per order",15,15,4,4,0.035,solved,
Harvey,wbp_15_15.txt,"Warwick 518: balanced products, 2 products per order",15,15,6,6,0.034,solved,
Harvey,wbp_15_15.txt,"Warwick 519: balanced products, 2 products per order",15,15,4,4,0.031,solved,
Harvey,wbp_15_15.txt,"Warwick 520: balanced products, 2 products per order",15,15,6,6,0.029,solved,
Harvey,wbp_15_15.txt,"Warwick 521: balanced products, 3 products per order",15,15,9,9,0.025,solved,
Harvey,wbp_15_15.txt,"Warwick 522: balanced products, 3 products per order",15,15,9,9,0.022,solved,
Harvey,wbp_15_15.txt,"Warwick 523: balanced products, 3 products per order",15,15,8,8,0.021,solved,
Harvey,wbp_15_15.txt,"Warwick 524: balanced products, 3 products per order",15,15,9,9,0.019,solved,
Harvey,wbp_15_15.txt,"Warwick 525: balanced products, 3 products per order",15,15,9,9,0.017,solved,
Harvey,wbp_15_15.txt,"Warwick 526: balanced products, 3 products per order",15,15,8,8,0.014,solved,
Harvey,wbp_15_15.txt,"Warwick 527: balanced products, 3 products per order",15,15,9,9,0.128,solved,
Harvey,wbp_15_15.txt,"Warwick 528: balanced products, 3 products per order",15,15,9,9,0.124,solved,
Harvey,wbp_15_15.txt,"Warwick 529: balanced products, 3 products per order",15,15,9,9,0.121,solved,
Harvey,wbp_15_15.txt,"Warwick 530: balanced products, 3 products per order",15,15,7,7,0.12,solved,
Harvey,wbp_15_15.txt,"Warwick 531: balanced products, 4 products per order",15,15,10,10,0.067,solved,
Harvey,wbp_15_15.txt,"Warwick 532: balanced products, 4 products per order",15,15,11,11,0.065,solved,
Harvey,wbp_15_15.txt,"Warwick 533: balanced products, 4 products per order",15,15,10,10,0.062,solved,
Harvey,wbp_15_15.txt,"Warwick 534: balanced products, 4 products per order",15,15,12,12,0.06,solved,
Harvey,wbp_15_15.txt,"Warwick 535: balanced products, 4 products per order",15,15,11,11,0.057,solved,
Harvey,wbp_15_15.txt,"Warwick 536: balanced products, 4 products per order",15,15,12,12,0.056,solved,
Harvey,wbp_15_15.txt,"Warwick 537: balanced products, 4 products per order",15,15,12,12,0.052,solved,
Harvey,wbp_15_15.txt,"Warwick 538: balanced products, 4 products per order",15,15,11,11,0.049,solved,
Harvey,wbp_15_15.txt,"Warwick 539: balanced products, 4 products per order",15,15,12,12,0.046,solved,
Harvey,wbp_15_15.txt,"Warwick 540: balanced products, 4 products per order",15,15,10,10,0.044,solved,
Harvey,wbp_15_15.txt,"Warwick 541: balanced products, 5 products per order",15,15,13,13,0.041,solved,
Harvey,wbp_15_15.txt,"Warwick 542: balanced products, 5 products per order",15,15,14,14,0.038,solved,
Harvey,wbp_15_15.txt,"Warwick 543: balanced products, 5 products per order",15,15,14,14,0.036,solved,
Harvey,wbp_15_15.txt,"Warwick 544: balanced products, 5 products per order",15,15,13,13,0.034,solved,
Harvey,wbp_15_15.txt,"Warwick 545: balanced products, 5 products per order",15,15,14,14,0.029,solved,
Harvey,wbp_15_15.txt,"Warwick 546: balanced products, 5 products per order",15,15,13,13,0.028,solved,
Harvey,wbp_15_15.txt,"Warwick 547: balanced products, 5 products per order",15,15,14,14,0.026,solved,
Harvey,wbp_15_15.txt,"Warwick 548: balanced products, 5 products per order",15,15,13,13,0.024,solved,
Harvey,wbp_15_15.txt,"Warwick 549: balanced products, 5 products per order",15,15,12,12,0.021,solved,
Harvey,wbp_15_15.txt,"Warwick 550: balanced products, 5 products per order",15,15,13,13,0.017,solved,
Harvey,wbp_15_15.txt,"Warwick 551: balanced products, 6 products per order",15,15,14,14,0.016,solved,
Harvey,wbp_15_15.txt,"Warwick 552: balanced products, 6 products per order",15,15,14,14,0.013,solved,
Harvey,wbp_15_15.txt,"Warwick 553: balanced products, 6 products per order",15,15,14,14,0.129,solved,
Harvey,wbp_15_15.txt,"Warwick 554: balanced products, 6 products per order",15,15,14,14,0.126,solved,
Harvey,wbp_15_15.txt,"Warwick 555: balanced products, 6 products per order",15,15,15,15,0.124,solved,
Harvey,wbp_15_15.txt,"Warwick 556: balanced products, 6 products per order",15,15,14,14,0.122,solved,
Harvey,wbp_15_15.txt,"Warwick 557: balanced products, 6 products per order",15,15,15,15,0.069,solved,
Harvey,wbp_15_15.txt,"Warwick 558: balanced products, 6 products per order",15,15,14,14,0.067,solved,
Harvey,wbp_15_15.txt,"Warwick 559: balanced products, 6 products per order",15,15,15,15,0.065,solved,
Harvey,wbp_15_15.txt,"Warwick 560: balanced products, 6 products per order",15,15,14,14,0.062,solved,
Harvey,wbp_15_15.txt,"Warwick 561: balanced products, 7 products per order",15,15,15,15,0.059,solved,
Harvey,wbp_15_15.txt,"Warwick 562: balanced products, 7 products per order",15,15,15,15,0.057,solved,
Harvey,wbp_15_15.txt,"Warwick 563: balanced products, 7 products per order",15,15,15,15,0.053,solved,
Harvey,wbp_15_15.txt,"Warwick 564: balanced products, 7 products per order",15,15,15,15,0.051,solved,
Harvey,wbp_15_15.txt,"Warwick 565: balanced products, 7 products per order",15,15,15,15,0.048,solved,
Harvey,wbp_15_15.txt,"Warwick 566: balanced products, 7 products per order",15,15,14,14,0.045,solved,
Harvey,wbp_15_15.txt,"Warwick 567: balanced products, 7 products per order",15,15,15,15,0.042,solved,
Harvey,wbp_15_15.txt,"Warwick 568: balanced products, 7 products per order",15,15,15,15,0.04,solved,
Harvey,wbp_15_15.txt,"Warwick 569: balanced products, 7 products per order",15,15,15,15,0.036,solved,
Harvey,wbp_15_15.txt,"Warwick 570: balanced products, 7 products per order",15,15,15,15,0.034,solved,
Harvey,wbp_15_30.txt,"Warwick 691: balanced products, 4 products per order",15,30,6,6,0.031,solved,
Harvey,wbp_15_30.txt,"Warwick 692: balanced products, 4 products per order",15,30,7,7,0.029,solved,
Harvey,wbp_15_30.txt,"Warwick 693: balanced products, 4 products per order",15,30,7,7,0.026,solved,
Harvey,wbp_15_30.txt,"Warwick 694: balanced products, 4 products per order",15,30,7,7,0.024,solved,
Harvey,wbp_15_30.txt,"Warwick 695: balanced products, 4 products per order",15,30,7,7,0.022,solved,
Harvey,wbp_15_30.txt,"Warwick 696: balanced products, 4 products per order",15,30,7,7,0.018,solved,
Harvey,wbp_15_30.txt,"Warwick 697: balanced products, 4 products per order",15,30,7,7,0.015,solved,
Harvey,wbp_15_30.txt,"Warwick 698: balanced products, 4 products per order",15,30,7,7,0.013,solved,
Harvey,wbp_15_30.txt,"Warwick 699: balanced products, 4 products per order",15,30,8,8,0.131,solved,
Harvey,wbp_15_30.txt,"Warwick 700: balanced products, 4 products per order",15,30,7,7,0.128,solved,
Harvey,wbp_15_30.txt,"Warwick 701: balanced products, 5 products per order",15,30,8,8,0.125,solved,
Harvey,wbp_15_30.txt,"Warwick 702: balanced products, 5 products per order",15,30,10,10,0.123,solved,
Harvey,wbp_15_30.txt,"Warwick 703: balanced products, 5 products per order",15,30,9,9,0.07,solved,
Harvey,wbp_15_30.txt,"Warwick 704: balanced products, 5 products per order",15,30,9,9,0.067,solved,
Harvey,wbp_15_30.txt,"Warwick 705: balanced products, 5 products per order",15,30,10,10,0.065,solved,
Harvey,wbp_15_30.txt,"Warwick 706: balanced products, 5 products per order",15,30,10,10,0.063,solved,
Harvey,wbp_15_30.txt,"Warwick 707: balanced products, 5 products per order",15,30,10,10,0.06,solved,
Harvey,wbp_15_30.txt,"Warwick 708: balanced products, 5 products per order",15,30,10,10,0.057,solved,
Harvey,wbp_15_30.txt,"Warwick 709: balanced products, 5 products per order",15,30,9,9,0.054,solved,
Harvey,wbp_15_30.txt,"Warwick 710: balanced products, 5 products per order",15,30,10,10,0.051,solved,
Harvey,wbp_15_30.txt,"Warwick 711: balanced products, 6 products per order",15,30,11,11,0.048,solved,
Harvey,wbp_15_30.txt,"Warwick 712: balanced products, 6 products per order",15,30,11,11,0.046,solved,
Harvey,wbp_15_30.txt,"Warwick 713: balanced products, 6 products per order",15,30,11,11,0.044,solved,
Harvey,wbp_15_30.txt,"Warwick 714: balanced products, 6 products per order",15,30,12,12,0.041,solved,
Harvey,wbp_15_30.txt,"Warwick 715: balanced products, 6 products per order",15,30,12,12,0.037,solved,
Harvey,wbp_15_30.txt,"Warwick 716: balanced products, 6 products per order",15,30,12,12,0.035,solved,
Harvey,wbp_15_30.txt,"Warwick 717: balanced products, 6 products per order",15,30,11,11,0.033,solved,
Harvey,wbp_15_30.txt,"Warwick 718: balanced products, 6 products per order",15,30,11,11,0.031,solved,
Harvey,wbp_15_30.txt,"Warwick 719: balanced products, 6 products per order",15,30,11,11,0.026,solved,
Harvey,wbp_15_30.txt,"Warwick 720: balanced products, 6 products per order",15,30,11,11,0.024,solved,
Harvey,wbp_15_30.txt,"Warwick 721: balanced products, 7 products per order",15,30,13,13,0.022,solved,
Harvey,wbp_15_30.txt,"Warwick 722: balanced products, 7 products per order",15,30,12,12,0.019,solved,
Harvey,wbp_15_30.txt,"Warwick 723: balanced products, 7 products per order",15,30,13,13,0.016,solved,
Harvey,wbp_15_30.txt,"Warwick 724: balanced products, 7 products per order",15,30,13,13,0.013,solved,
Harvey,wbp_15_30.txt,"Warwick 725: balanced products, 7 products per order",15,30,12,12,0.011,solved,
Harvey,wbp_15_30.txt,"Warwick 726: balanced products, 7 products per order",15,30,12,12,0.137,solved,
Harvey,wbp_15_30.txt,"Warwick 727: balanced products, 7 products per order",15,30,12,12,0.133,solved,
Harvey,wbp_15_30.txt,"Warwick 728: balanced products, 7 products per order",15,30,12,12,0.13,solved,
Harvey,wbp_15_30.txt,"Warwick 729: balanced products, 7 products per order",15,30,13,13,0.078,solved,
Harvey,wbp_15_30.txt,"Warwick 730: balanced products, 7 products per order",15,30,13,13,0.075,solved,
Harvey,wbp_15_30.txt,"Warwick 731: balanced products, 8 products per order",15,30,14,14,0.073,solved,
Harvey,wbp_15_30.txt,"Warwick 732: balanced products, 8 products per order",15,30,13,13,0.071,solved,
Harvey,wbp_15_30.txt,"Warwick 733: balanced products, 8 products per order",15,30,14,14,0.068,solved,
Harvey,wbp_15_30.txt,"Warwick 734: balanced products, 8 products per order",15,30,13,13,0.065,solved,
Harvey,wbp_15_30.txt,"Warwick 735: balanced products, 8 products per order",15,30,14,14,0.062,solved,
Harvey,wbp_15_30.txt,"Warwick 736: balanced products, 8 products per order",15,30,14,14,0.059,solved,
Harvey,wbp_15_30.txt,"Warwick 737: balanced products, 8 products per order",15,30,13,13,0.056,solved,
Harvey,wbp_15_30.txt,"Warwick 738: balanced products, 8 products per order",15,30,13,13,0.053,solved,
Harvey,wbp_15_30.txt,"Warwick 739: balanced products, 8 products per order",15,30,13,13,0.05,solved,
Harvey,wbp_15_30.txt,"Warwick 740: balanced products, 8 products per order",15,30,14,14,0.047,solved,
Harvey,wbp_15_30.txt,"Warwick 741: balanced products, 9 products per order",15,30,14,14,0.044,solved,
Harvey,wbp_15_30.txt,"Warwick 742: balanced products, 9 products per order",15,30,14,14,0.043,solved,
Harvey,wbp_15_30.txt,"Warwick 743: balanced products, 9 products per order",15,30,14,14,0.04,solved,
Harvey,wbp_15_30.txt,"Warwick 744: balanced products, 9 products per order",15,30,15,15,0.037,solved,
Harvey,wbp_15_30.txt,"Warwick 745: balanced products, 9 products per order",15,30,14,14,0.033,solved,
Harvey,wbp_15_30.txt,"Warwick 746: balanced products, 9 products per order",15,30,14,14,0.03,solved,
Harvey,wbp_15_30.txt,"Warwick 747: balanced products, 9 products per order",15,30,15,15,0.028,solved,
Harvey,wbp_15_30.txt,"Warwick 748: balanced products, 9 products per order",15,30,14,14,0.025,solved,
Harvey,wbp_15_30.txt,"Warwick 749: balanced products, 9 products per order",15,30,14,14,0.022,solved,
Harvey,wbp_15_30.txt,"Warwick 750: balanced products, 9 products per order",15,30,14,14,0.018,solved,
Harvey,wbp_15_30.txt,"Warwick 751: balanced products, 10 products per order",15,30,14,14,0.016,solved,
Harvey,wbp_15_30.txt,"Warwick 752: balanced products, 10 products per order",15,30,15,15,0.136,solved,
Harvey,wbp_15_30.txt,"Warwick 753: balanced products, 10 products per order",15,30,14,14,0.134,solved,
Harvey,wbp_15_30.txt,"Warwick 754: balanced products, 10 products per order",15,30,14,14,0.131,solved,
Harvey,wbp_15_30.txt,"Warwick 755: balanced products, 10 products per order",15,30,15,15,0.128,solved,
Harvey,wbp_15_30.txt,"Warwick 756: balanced products, 10 products per order",15,30,14,14,0.074,solved,
Harvey,wbp_15_30.txt,"Warwick 757: balanced products, 10 products per order",15,30,14,14,0.072,solved,
Harvey,wbp_15_30.txt,"Warwick 758: balanced products, 10 products per order",15,30,15,15,0.07,solved,
Harvey,wbp_15_30.txt,"Warwick 759: balanced products, 10 products per order",15,30,14,14,0.067,solved,
Harvey,wbp_15_30.txt,"Warwick 760: balanced products, 10 products per order",15,30,15,15,0.065,solved,
Harvey,wbp_15_30.txt,"Warwick 761: balanced products, 11 products per order",15,30,14,14,0.062,solved,
Harvey,wbp_15_30.txt,"Warwick 762: balanced products, 11 products per order",15,30,14,14,0.058,solved,
Harvey,wbp_15_30.txt,"Warwick 763: balanced products, 11 products per order",15,30,15,15,0.056,solved,
Harvey,wbp_15_30.txt,"Warwick 764: balanced products, 11 products per order",15,30,15,15,0.052,solved,
Harvey,wbp_15_30.txt,"Warwick 765: balanced products, 11 products per order",15,30,15,15,0.049,solved,
Harvey,wbp_15_30.txt,"Warwick 766: balanced products, 11 products per order",15,30,15,15,0.046,solved,
Harvey,wbp_15_30.txt,"Warwick 767: balanced products, 11 products per order",15,30,15,15,0.043,solved,
Harvey,wbp_15_30.txt,"Warwick 768: balanced products, 11 products per order",15,30,15,15,0.041,solved,
Harvey,wbp_15_30.txt,"Warwick 769: balanced products, 11 products per order",15,30,15,15,0.038,solved,
Harvey,wbp_15_30.txt,"Warwick 770: balanced products, 11 products per order",15,30,15,15,0.035,solved,
Harvey,wbp_15_30.txt,"Warwick 771: balanced products, 12 products per order",15,30,15,15,0.032,solved,
Harvey,wbp_15_30.txt,"Warwick 772: balanced products, 12 products per order",15,30,15,15,0.028,solved,
Harvey,wbp_15_30.txt,"Warwick 773: balanced products, 12 products per order",15,30,15,15,0.026,solved,
Harvey,wbp_15_30.txt,"Warwick 774: balanced products, 12 products per order",15,30,15,15,0.023,solved,
Harvey,wbp_15_30.txt,"Warwick 775: balanced products, 12 products per order",15,30,15,15,0.02,solved,
Harvey,wbp_15_30.txt,"Warwick 776: balanced products, 12 products per order",15,30,15,15,0.017,solved,
Harvey,wbp_15_30.txt,"Warwick 777: balanced products, 12 products per order",15,30,14,14,0.014,solved,
Harvey,wbp_15_30.txt,"Warwick 778: balanced products, 12 products per order",15,30,15,15,0.136,solved,
Harvey,wbp_15_30.txt,"Warwick 779: balanced products, 12 products per order",15,30,15,15,0.134,solved,
Harvey,wbp_15_30.txt,"Warwick 780: balanced products, 12 products per order",15,30,15,15,0.13,solved,
Harvey,wbp_15_30.txt,"Warwick 781: balanced products, 13 products per order",15,30,15,15,0.128,solved,
Harvey,wbp_15_30.txt,"Warwick 782: balanced products, 13 products per order",15,30,15,15,0.075,solved,
Harvey,wbp_15_30.txt,"Warwick 783: balanced products, 13 products per order",15,30,15,15,0.073,solved,
Harvey,wbp_15_30.txt,"Warwick 784: balanced products, 13 products per order",15,30,15,15,0.07,solved,
Harvey,wbp_15_30.txt,"Warwick 785: balanced products, 13 products per order",15,30,15,15,0.068,solved,
Harvey,wbp_15_30.txt,"Warwick 786: balanced products, 13 products per order",15,30,15,15,0.064,solved,
Harvey,wbp_15_30.txt,"Warwick 787: balanced products, 13 products per order",15,30,15,15,0.062,solved,
Harvey,wbp_15_30.txt,"Warwick 788: balanced products, 13 products per order",15,30,15,15,0.059,solved,
Harvey,wbp_15_30.txt,"Warwick 789: balanced products, 13 products per order",15,30,15,15,0.056,solved,
Harvey,wbp_15_30.txt,"Warwick 790: balanced products, 13 products per order",15,30,15,15,0.052,solved,
Harvey,wbp_15_30.txt,"Warwick 791: balanced products, 14 products per order",15,30,15,15,0.05,solved,
Harvey,wbp_15_30.txt,"Warwick 792: balanced products, 14 products per order",15,30,15,15,0.047,solved,
Harvey,wbp_15_30.txt,"Warwick 793: balanced products, 14 products per order",15,30,15,15,0.044,solved,
Harvey,wbp_15_30.txt,"Warwick 794: balanced products, 14 products per order",15,30,15,15,0.04,solved,
Harvey,wbp_15_30.txt,"Warwick 795: balanced products, 14 products per order",15,30,15,15,0.037,solved,
Harvey,wbp_15_30.txt,"Warwick 796: balanced products, 14 products per order",15,30,15,15,0.035,solved,
Harvey,wbp_15_30.txt,"Warwick 797: balanced products, 14 products per order",15,30,15,15,0.032,solved,
Harvey,wbp_15_30.txt,"Warwick 798: balanced products, 14 products per order",15,30,15,15,0.028,solved,
Harvey,wbp_15_30.txt,"Warwick 799: balanced products, 14 products per order",15,30,15,15,0.026,solved,
Harvey,wbp_15_30.txt,"Warwick 800: balanced products, 14 products per order",15,30,15,15,0.024,solved,
Harvey,wbp_15_30.txt,"Warwick 801: balanced products, 15 products per order",15,30,15,15,0.021,solved,
Harvey,wbp_15_30.txt,"Warwick 802: balanced products, 15 products per order",15,30,15,15,0.018,solved,
Harvey,wbp_15_30.txt,"Warwick 803: balanced products, 15 products per order",15,30,15,15,0.014,solved,
Harvey,wbp_15_30.txt,"Warwick 804: balanced products, 15 products per order",15,30,15,15,0.012,solved,
Harvey,wbp_15_30.txt,"Warwick 805: balanced products, 15 products per order",15,30,15,15,0.137,solved,
Harvey,wbp_15_30.txt,"Warwick 806: balanced products, 15 products per order",15,30,15,15,0.134,solved,
Harvey,wbp_15_30.txt,"Warwick 807: balanced products, 15 products per order",15,30,15,15,0.129,solved,
Harvey,wbp_15_30.txt,"Warwick 808: balanced products, 15 products per order",15,30,15,15,0.077,solved,
Harvey,wbp_15_30.txt,"Warwick 809: balanced products, 15 products per order",15,30,15,15,0.074,solved,
Harvey,wbp_15_30.txt,"Warwick 810: balanced products, 15 products per order",15,30,15,15,0.071,solved,
Harvey,wbp_20_10.txt,"Warwick 941: balanced products, 2 products per order",20,10,8,8,0.068,solved,
Harvey,wbp_20_10.txt,"Warwick 942: balanced products, 2 products per order",20,10,9,9,0.066,solved,
Harvey,wbp_20_10.txt,"Warwick 943: balanced products, 2 products per order",20,10,9,9,0.063,solved,
Harvey,wbp_20_10.txt,"Warwick 944: balanced products, 2 products per order",20,10,10,10,0.059,solved,
Harvey,wbp_20_10.txt,"Warwick 945: balanced products, 2 products per order",20,10,9,9,0.056,solved,
Harvey,wbp_20_10.txt,"Warwick 946: balanced products, 2 products per order",20,10,10,10,0.054,solved,
Harvey,wbp_20_10.txt,"Warwick 947: balanced products, 2 products per order",20,10,8,8,0.052,solved,
Harvey,wbp_20_10.txt,"Warwick 948: balanced products, 2 products per order",20,10,8,8,0.048,solved,
Harvey,wbp_20_10.txt,"Warwick 949: balanced products, 2 products per order",20,10,10,10,0.045,solved,
Harvey,wbp_20_10.txt,"Warwick 950: balanced products, 2 products per order",20,10,9,9,0.043,solved,
Harvey,wbp_20_10.txt,"Warwick 951: balanced products, 3 products per order",20,10,14,14,0.041,solved,
Harvey,wbp_20_10.txt,"Warwick 952: balanced products, 3 products per order",20,10,14,14,0.038,solved,
Harvey,wbp_20_10.txt,"Warwick 953: balanced products, 3 products per order",20,10,14,14,0.035,solved,
Harvey,wbp_20_10.txt,"Warwick 954: balanced products, 3 products per order",20,10,14,14,0.032,solved,
Harvey,wbp_20_10.txt,"Warwick 955: balanced products, 3 products per order",20,10,15,15,0.03,solved,
Harvey,wbp_20_10.txt,"Warwick 956: balanced products, 3 products per order",20,10,15,15,0.026,solved,
Harvey,wbp_20_10.txt,"Warwick 957: balanced products, 3 products per order",20,10,14,14,0.023,solved,
Harvey,wbp_20_10.txt,"Warwick 958: balanced products, 3 products per order",20,10,15,15,0.02,solved,
Harvey,wbp_20_10.txt,"Warwick 959: balanced products, 3 products per order",20,10,14,14,0.018,solved,
Harvey,wbp_20_10.txt,"Warwick 960: balanced products, 3 products per order",20,10,15,15,0.014,solved,
Harvey,wbp_20_10.txt,"Warwick 961: balanced products, 4 products per order",20,10,18,18,0.14,solved,
Harvey,wbp_20_10.txt,"Warwick 962: balanced products, 4 products per order",20,10,18,18,0.136,solved,
Harvey,wbp_20_10.txt,"Warwick 963: balanced products, 4 products per order",20,10,17,17,0.134,solved,
Harvey,wbp_20_10.txt,"Warwick 964: balanced products, 4 products per order",20,10,17,17,0.132,solved,
Harvey,wbp_20_10.txt,"Warwick 965: balanced products, 4 products per order",20,10,18,18,0.078,solved,
Harvey,wbp_20_10.txt,"Warwick 966: balanced products, 4 products per order",20,10,18,18,0.075,solved,
Harvey,wbp_20_10.txt,"Warwick 967: balanced products, 4 products per order",20,10,17,17,0.072,solved,
Harvey,wbp_20_10.txt,"Warwick 968: balanced products, 4 products per order",20,10,18,18,0.069,solved,
Harvey,wbp_20_10.txt,"Warwick 969: balanced products, 4 products per order",20,10,18,18,0.065,solved,
Harvey,wbp_20_10.txt,"Warwick 970: balanced products, 4 products per order",20,10,17,17,0.062,solved,
Harvey,wbp_20_10.txt,"Warwick 971: balanced products, 5 products per order",20,10,19,19,0.058,solved,
Harvey,wbp_20_10.txt,"Warwick 972: balanced products, 5 products per order",20,10,20,20,0.055,solved,
Harvey,wbp_20_10.txt,"Warwick 973: balanced products, 5 products per order",20,10,19,19,0.051,solved,
Harvey,wbp_20_10.txt,"Warwick 974: balanced products, 5 products per order",20,10,19,19,0.049,solved,
Harvey,wbp_20_10.txt,"Warwick 975: balanced products, 5 products per order",20,10,20,20,0.045,solved,
Harvey,wbp_20_10.txt,"Warwick 976: balanced products, 5 products per order",20,10,20,20,0.042,solved,
Harvey,wbp_20_10.txt,"Warwick 977: balanced products, 5 products per order",20,10,19,19,0.039,solved,
Harvey,wbp_20_10.txt,"Warwick 978: balanced products, 5 products per order",20,10,20,20,0.036,solved,
Harvey,wbp_20_10.txt,"Warwick 979: balanced products, 5 products per order",20,10,20,20,0.033,solved,
Harvey,wbp_20_10.txt,"Warwick 980: balanced products, 5 products per order",20,10,19,19,0.031,solved,
Harvey,wbp_20_20.txt,"Warwick 1111: balanced products, 2 products per order",20,20,4,4,0.028,solved,
Harvey,wbp_20_20.txt,"Warwick 1112: balanced products, 2 products per order",20,20,4,4,0.027,solved,
Harvey,wbp_20_20.txt,"Warwick 1113: balanced products, 2 products per order",20,20,5,5,0.024,solved,
Harvey,wbp_20_20.txt,"Warwick 1114: balanced products, 2 products per order",20,20,5,5,0.019,solved,
Harvey,wbp_20_20.txt,"Warwick 1115: balanced products, 2 products per order",20,20,4,4,0.017,solved,
Harvey,wbp_20_20.txt,"Warwick 1116: balanced products, 2 products per order",20,20,4,4,0.015,solved,
Harvey,wbp_20_20.txt,"Warwick 1117: balanced products, 2 products per order",20,20,4,4,0.206,solved,
Harvey,wbp_20_20.txt,"Warwick 1118: balanced products, 2 products per order",20,20,4,4,0.203,solved,
Harvey,wbp_20_20.txt,"Warwick 1119: balanced products, 2 products per order",20,20,5,5,0.2,solved,
Harvey,wbp_20_20.txt,"Warwick 1120: balanced products, 2 products per order",20,20,5,5,0.198,solved,
Harvey,wbp_20_20.txt,"Warwick 1121: balanced products, 3 products per order",20,20,9,9,0.144,solved,
Harvey,wbp_20_20.txt,"Warwick 1122: balanced products, 3 products per order",20,20,9,9,0.14,solved,
Harvey,wbp_20_20.txt,"Warwick 1123: balanced products, 3 products per order",20,20,11,11,0.138,solved,
Harvey,wbp_20_20.txt,"Warwick 1124: balanced products, 3 products per order",20,20,10,10,0.136,solved,
Harvey,wbp_20_20.txt,"Warwick 1125: balanced products, 3 products per order",20,20,10,10,0.133,solved,
Harvey,wbp_20_20.txt,"Warwick 1126: balanced products, 3 products per order",20,20,9,9,0.13,solved,
Harvey,wbp_20_20.txt,"Warwick 1127: balanced products, 3 products per order",20,20,10,10,0.127,solved,
Harvey,wbp_20_20.txt,"Warwick 1128: balanced products, 3 products per order",20,20,11,11,0.123,solved,
Harvey,wbp_20_20.txt,"Warwick 1129: balanced products, 3 products per order",20,20,9,9,0.119,solved,
Harvey,wbp_20_20.txt,"Warwick 1130: balanced products, 3 products per order",20,20,8,8,0.111,solved,
Harvey,wbp_20_20.txt,"Warwick 1131: balanced products, 4 products per order",20,20,13,13,0.104,solved,
Harvey,wbp_20_20.txt,"Warwick 1132: balanced products, 4 products per order",20,20,14,14,0.097,solved,
Harvey,wbp_20_20.txt,"Warwick 1133: balanced products, 4 products per order",20,20,13,13,0.09,solved,
Harvey,wbp_20_20.txt,"Warwick 1134: balanced products, 4 products per order",20,20,14,14,0.085,solved,
Harvey,wbp_20_20.txt,"Warwick 1135: balanced products, 4 products per order",20,20,14,14,0.079,solved,
Harvey,wbp_20_20.txt,"Warwick 1136: balanced products, 4 products per order",20,20,13,13,0.073,solved,
Harvey,wbp_20_20.txt,"Warwick 1137: balanced products, 4 products per order",20,20,13,13,0.066,solved,
Harvey,wbp_20_20.txt,"Warwick 1138: balanced products, 4 products per order",20,20,12,12,0.058,solved,
Harvey,wbp_20_20.txt,"Warwick 1139: balanced products, 4 products per order",20,20,14,14,0.052,solved,
Harvey,wbp_20_20.txt,"Warwick 1140: balanced products, 4 products per order",20,20,14,14,0.227,solved,
Harvey,wbp_20_20.txt,"Warwick 1141: balanced products, 5 products per order",20,20,15,15,0.222,solved,
Harvey,wbp_20_20.txt,"Warwick 1142: balanced products, 5 products per order",20,20,15,15,0.215,solved,
Harvey,wbp_20_20.txt,"Warwick 1143: balanced products, 5 products per order",20,20,15,15,0.209,solved,
Harvey,wbp_20_20.txt,"Warwick 1144: balanced products, 5 products per order",20,20,16,16,0.202,solved,
Harvey,wbp_20_20.txt,"Warwick 1145: balanced products, 5 products per order",20,20,16,16,0.195,solved,
Harvey,wbp_20_20.txt,"Warwick 1146: balanced products, 5 products per order",20,20,16,16,0.187,solved,
Harvey,wbp_20_20.txt,"Warwick 1147: balanced products, 5 products per order",20,20,16,16,0.131,solved,
Harvey,wbp_20_20.txt,"Warwick 1148: balanced products, 5 products per order",20,20,16,16,0.127,solved,
Harvey,wbp_20_20.txt,"Warwick 1149: balanced products, 5 products per order",20,20,16,16,0.125,solved,
Harvey,wbp_20_20.txt,"Warwick 1150: balanced products, 5 products per order",20,20,15,15,0.122,solved,
Harvey,wbp_20_20.txt,"Warwick 1151: balanced products, 6 products per order",20,20,18,18,0.118,solved,
Harvey,wbp_20_20.txt,"Warwick 1152: balanced products, 6 products per order",20,20,18,18,0.114,solved,
Harvey,wbp_20_20.txt,"Warwick 1153: balanced products, 6 products per order",20,20,16,16,0.11,solved,
Harvey,wbp_20_20.txt,"Warwick 1154: balanced products, 6 products per order",20,20,18,18,0.103,solved,
Harvey,wbp_20_20.txt,"Warwick 1155: balanced products, 6 products per order",20,20,17,17,0.095,solved,
Harvey,wbp_20_20.txt,"Warwick 1156: balanced products, 6 products per order",20,20,17,17,0.088,solved,
Harvey,wbp_20_20.txt,"Warwick 1157: balanced products, 6 products per order",20,20,18,18,0.082,solved,
Harvey,wbp_20_20.txt,"Warwick 1158: balanced products, 6 products per order",20,20,17,17,0.075,solved,
Harvey,wbp_20_20.txt,"Warwick 1159: balanced products, 6 products per order",20,20,18,18,0.07,solved,
Harvey,wbp_20_20.txt,"Warwick 1160: balanced products, 6 products per order",20,20,17,17,0.064,solved,
Harvey,wbp_20_20.txt,"Warwick 1161: balanced products, 7 products per order",20,20,19,19,0.059,solved,
Harvey,wbp_20_20.txt,"Warwick 1162: balanced products, 7 products per order",20,20,18,18,0.052,solved,
Harvey,wbp_20_20.txt,"Warwick 1163: balanced products, 7 products per order",20,20,19,19,0.227,solved,
Harvey,wbp_20_20.txt,"Warwick 1164: balanced products, 7 products per order",20,20,19,19,0.22,solved,
Harvey,wbp_20_20.txt,"Warwick 1165: balanced products, 7 products per order",20,20,19,19,0.214,solved,
Harvey,wbp_20_20.txt,"Warwick 1166: balanced products, 7 products per order",20,20,18,18,0.208,solved,
Harvey,wbp_20_20.txt,"Warwick 1167: balanced products, 7 products per order",20,20,18,18,0.202,solved,
Harvey,wbp_20_20.txt,"Warwick 1168: balanced products, 7 products per order",20,20,18,18,0.196,solved,
Harvey,wbp_20_20.txt,"Warwick 1169: balanced products, 7 products per order",20,20,19,19,0.19,solved,
Harvey,wbp_20_20.txt,"Warwick 1170: balanced products, 7 products per order",20,20,19,19,0.133,solved,
Harvey,wbp_20_20.txt,"Warwick 1171: balanced products, 8 products per order",20,20,20,20,0.129,solved,
Harvey,wbp_20_20.txt,"Warwick 1172: balanced products, 8 products per order",20,20,20,20,0.127,solved,
Harvey,wbp_20_20.txt,"Warwick 1173: balanced products, 8 products per order",20,20,19,19,0.124,solved,
Harvey,wbp_20_20.txt,"Warwick 1174: balanced products, 8 products per order",20,20,20,20,0.121,solved,
Harvey,wbp_20_20.txt,"Warwick 1175: balanced products, 8 products per order",20,20,20,20,0.117,solved,
Harvey,wbp_20_20.txt,"Warwick 1176: balanced products, 8 products per order",20,20,20,20,0.113,solved,
Harvey,wbp_20_20.txt,"Warwick 1177: balanced products, 8 products per order",20,20,19,19,0.105,solved,
Harvey,wbp_20_20.txt,"Warwick 1178: balanced products, 8 products per order",20,20,20,20,0.097,solved,
Harvey,wbp_20_20.txt,"Warwick 1179: balanced products, 8 products per order",20,20,20,20,0.089,solved,
Harvey,wbp_20_20.txt,"Warwick 1180: balanced products, 8 products per order",20,20,19,19,0.082,solved,
Harvey,wbp_20_20.txt,"Warwick 1181: balanced products, 9 products per order",20,20,20,20,0.078,solved,
Harvey,wbp_20_20.txt,"Warwick 1182: balanced products, 9 products per order",20,20,20,20,0.071,solved,
Harvey,wbp_20_20.txt,"Warwick 1183: balanced products, 9 products per order",20,20,20,20,0.064,solved,
Harvey,wbp_20_20.txt,"Warwick 1184: balanced products, 9 products per order",20,20,20,20,0.058,solved,
Harvey,wbp_20_20.txt,"Warwick 1185: balanced products, 9 products per order",20,20,20,20,0.231,solved,
Harvey,wbp_20_20.txt,"Warwick 1186: balanced products, 9 products per order",20,20,20,20,0.225,solved,
Harvey,wbp_20_20.txt,"Warwick 1187: balanced products, 9 products per order",20,20,20,20,0.218,solved,
Harvey,wbp_20_20.txt,"Warwick 1188: balanced products, 9 products per order",20,20,20,20,0.214,solved,
Harvey,wbp_20_20.txt,"Warwick 1189: balanced products, 9 products per order",20,20,20,20,0.208,solved,
Harvey,wbp_20_20.txt,"Warwick 1190: balanced products, 9 products per order",20,20,20,20,0.202,solved,
Harvey,wbp_20_20.txt,"Warwick 1191: balanced products, 10 products per order",20,20,20,20,0.195,solved,
Harvey,wbp_20_20.txt,"Warwick 1192: balanced products, 10 products per order",20,20,20,20,0.188,solved,
Harvey,wbp_20_20.txt,"Warwick 1193: balanced products, 10 products per order",20,20,20,20,0.13,solved,
Harvey,wbp_20_20.txt,"Warwick 1194: balanced products, 10 products per order",20,20,20,20,0.127,solved,
Harvey,wbp_20_20.txt,"Warwick 1195: balanced products, 10 products per order",20,20,20,20,0.125,solved,
Harvey,wbp_20_20.txt,"Warwick 1196: balanced products, 10 products per order",20,20,20,20,0.122,solved,
Harvey,wbp_20_20.txt,"Warwick 1197: balanced products, 10 products per order",20,20,20,20,0.118,solved,
Harvey,wbp_20_20.txt,"Warwick 1198: balanced products, 10 products per order",20,20,20,20,0.114,solved,
Harvey,wbp_20_20.txt,"Warwick 1199: balanced products, 10 products per order",20,20,20,20,0.107,solved,
Harvey,wbp_20_20.txt,"Warwick 1200: balanced products, 10 products per order",20,20,20,20,0.098,solved,
Harvey,wbp_30_10.txt,"Warwick 1391: balanced products, 2 products per order",30,10,15,15,0.09,solved,
Harvey,wbp_30_10.txt,"Warwick 1392: balanced products, 2 products per order",30,10,14,14,0.084,solved,
Harvey,wbp_30_10.txt,"Warwick 1393: balanced products, 2 products per order",30,10,15,15,0.08,solved,
Harvey,wbp_30_10.txt,"Warwick 1394: balanced products, 2 products per order",30,10,16,16,0.073,solved,
Harvey,wbp_30_10.txt,"Warwick 1395: balanced products, 2 products per order",30,10,14,14,0.066,solved,
Harvey,wbp_30_10.txt,"Warwick 1396: balanced products, 2 products per order",30,10,14,14,0.059,solved,
Harvey,wbp_30_10.txt,"Warwick 1397: balanced products, 2 products per order",30,10,14,14,0.234,solved,
Harvey,wbp_30_10.txt,"Warwick 1398: balanced products, 2 products per order",30,10,16,16,0.226,solved,
Harvey,wbp_30_10.txt,"Warwick 1399: balanced products, 2 products per order",30,10,15,15,0.22,solved,
Harvey,wbp_30_10.txt,"Warwick 1400: balanced products, 2 products per order",30,10,15,15,0.216,solved,
Harvey,wbp_30_10.txt,"Warwick 1401: balanced products, 3 products per order",30,10,23,23,0.213,solved,
Harvey,wbp_30_10.txt,"Warwick 1402: balanced products, 3 products per order",30,10,21,21,0.204,solved,
Harvey,wbp_30_10.txt,"Warwick 1403: balanced products, 3 products per order",30,10,21,21,0.197,solved,
Harvey,wbp_30_10.txt,"Warwick 1404: balanced products, 3 products per order",30,10,23,23,0.189,solved,
Harvey,wbp_30_10.txt,"Warwick 1405: balanced products, 3 products per order",30,10,24,24,0.131,solved,
Harvey,wbp_30_10.txt,"Warwick 1406: balanced products, 3 products per order",30,10,22,22,0.128,solved,
Harvey,wbp_30_10.txt,"Warwick 1407: balanced products, 3 products per order",30,10,22,22,0.125,solved,
Harvey,wbp_30_10.txt,"Warwick 1408: balanced products, 3 products per order",30,10,23,23,0.122,solved,
Harvey,wbp_30_10.txt,"Warwick 1409: balanced products, 3 products per order",30,10,21,21,0.119,solved,
Harvey,wbp_30_10.txt,"Warwick 1410: balanced products, 3 products per order",30,10,23,23,0.114,solved,
Harvey,wbp_30_10.txt,"Warwick 1411: balanced products, 4 products per order",30,10,27,27,0.109,solved,
Harvey,wbp_30_10.txt,"Warwick 1412: balanced products, 4 products per order",30,10,27,27,0.101,solved,
Harvey,wbp_30_10.txt,"Warwick 1413: balanced products, 4 products per order",30,10,26,26,0.093,solved,
Harvey,wbp_30_10.txt,"Warwick 1414: balanced products, 4 products per order",30,10,26,26,0.086,solved,
Harvey,wbp_30_10.txt,"Warwick 1415: balanced products, 4 products per order",30,10,27,27,0.079,solved,
Harvey,wbp_30_10.txt,"Warwick 1416: balanced products, 4 products per order",30,10,26,26,0.073,solved,
Harvey,wbp_30_10.txt,"Warwick 1417: balanced products, 4 products per order",30,10,25,25,0.066,solved,
Harvey,wbp_30_10.txt,"Warwick 1418: balanced products, 4 products per order",30,10,27,27,0.061,solved,
Harvey,wbp_30_10.txt,"Warwick 1419: balanced products, 4 products per order",30,10,27,27,0.055,solved,
Harvey,wbp_30_10.txt,"Warwick 1420: balanced products, 4 products per order",30,10,26,26,0.226,solved,
Harvey,wbp_30_10.txt,"Warwick 1421: balanced products, 5 products per order",30,10,29,29,0.219,solved,
Harvey,wbp_30_10.txt,"Warwick 1422: balanced products, 5 products per order",30,10,29,29,0.211,solved,
Harvey,wbp_30_10.txt,"Warwick 1423: balanced products, 5 products per order",30,10,29,29,0.205,solved,
Harvey,wbp_30_10.txt,"Warwick 1424: balanced products, 5 products per order",30,10,29,29,0.196,solved,
Harvey,wbp_30_10.txt,"Warwick 1425: balanced products, 5 products per order",30,10,30,30,0.191,solved,
Harvey,wbp_30_10.txt,"Warwick 1426: balanced products, 5 products per order",30,10,29,29,0.184,solved,
Harvey,wbp_30_10.txt,"Warwick 1427: balanced products, 5 products per order",30,10,30,30,0.127,solved,
Harvey,wbp_30_10.txt,"Warwick 1428: balanced products, 5 products per order",30,10,29,29,0.124,solved,
Harvey,wbp_30_10.txt,"Warwick 1429: balanced products, 5 products per order",30,10,29,29,0.121,solved,
Harvey,wbp_30_10.txt,"Warwick 1430: balanced products, 5 products per order",30,10,29,29,0.119,solved,
Harvey,wbp_30_15.txt,"Warwick 1591: balanced products, 2 products per order",30,15,10,10,0.115,solved,
Harvey,wbp_30_15.txt,"Warwick 1592: balanced products, 2 products per order",30,15,10,10,0.111,solved,
Harvey,wbp_30_15.txt,"Warwick 1593: balanced products, 2 products per order",30,15,11,11,0.106,solved,
Harvey,wbp_30_15.txt,"Warwick 1594: balanced products, 2 products per order",30,15,11,11,0.099,solved,
Harvey,wbp_30_15.txt,"Warwick 1595: balanced products, 2 products per order",30,15,10,10,0.092,solved,
Harvey,wbp_30_15.txt,"Warwick 1596: balanced products, 2 products per order",30,15,11,11,0.085,solved,
Harvey,wbp_30_15.txt,"Warwick 1597: balanced products, 2 products per order",30,15,11,11,0.079,solved,
Harvey,wbp_30_15.txt,"Warwick 1598: balanced products, 2 products per order",30,15,12,12,0.073,solved,
Harvey,wbp_30_15.txt,"Warwick 1599: balanced products, 2 products per order",30,15,10,10,0.067,solved,
Harvey,wbp_30_15.txt,"Warwick 1600: balanced products, 2 products per order",30,15,9,9,0.062,solved,
Harvey,wbp_30_15.txt,"Warwick 1601: balanced products, 3 products per order",30,15,19,19,0.221,solved,
Harvey,wbp_30_15.txt,"Warwick 1602: balanced products, 3 products per order",30,15,19,19,0.214,solved,
Harvey,wbp_30_15.txt,"Warwick 1603: balanced products, 3 products per order",30,15,18,18,0.207,solved,
Harvey,wbp_30_15.txt,"Warwick 1604: balanced products, 3 products per order",30,15,18,18,0.201,solved,
Harvey,wbp_30_15.txt,"Warwick 1605: balanced products, 3 products per order",30,15,19,19,0.196,solved,
Harvey,wbp_30_15.txt,"Warwick 1606: balanced products, 3 products per order",30,15,19,19,0.191,solved,
Harvey,wbp_30_15.txt,"Warwick 1607: balanced products, 3 products per order",30,15,20,20,0.184,solved,
Harvey,wbp_30_15.txt,"Warwick 1608: balanced products, 3 products per order",30,15,19,19,0.176,solved,
Harvey,wbp_30_15.txt,"Warwick 1609: balanced products, 3 products per order",30,15,20,20,0.169,solved,
Harvey,wbp_30_15.txt,"Warwick 1610: balanced products, 3 products per order",30,15,19,19,0.114,solved,
Harvey,wbp_30_15.txt,"Warwick 1611: balanced products, 4 products per order",30,15,24,24,0.111,solved,
Harvey,wbp_30_15.txt,"Warwick 1612: balanced products, 4 products per order",30,15,24,24,0.108,solved,
Harvey,wbp_30_15.txt,"Warwick 1613: balanced products, 4 products per order",30,15,23,23,0.105,solved,
Harvey,wbp_30_15.txt,"Warwick 1614: balanced products, 4 products per order",30,15,25,25,0.102,solved,
Harvey,wbp_30_15.txt,"Warwick 1615: balanced products, 4 products per order",30,15,25,25,0.098,solved,
Harvey,wbp_30_15.txt,"Warwick 1616: balanced products, 4 products per order",30,15,24,24,0.093,solved,
Harvey,wbp_30_15.txt,"Warwick 1617: balanced products, 4 products per order",30,15,24,24,0.086,solved,
Harvey,wbp_30_15.txt,"Warwick 1618: balanced products, 4 products per order",30,15,23,23,0.078,solved,
Harvey,wbp_30_15.txt,"Warwick 1619: balanced products, 4 products per order",30,15,23,23,0.071,solved,
Harvey,wbp_30_15.txt,"Warwick 1620: balanced products, 4 products per order",30,15,24,24,0.064,solved,
Harvey,wbp_30_15.txt,"Warwick 1621: balanced products, 5 products per order",30,15,27,27,0.059,solved,
Harvey,wbp_30_15.txt,"Warwick 1622: balanced products, 5 products per order",30,15,27,27,0.184,solved,
Harvey,wbp_30_15.txt,"Warwick 1623: balanced products, 5 products per order",30,15,27,27,0.18,solved,
Harvey,wbp_30_15.txt,"Warwick 1624: balanced products, 5 products per order",30,15,26,26,0.176,solved,
Harvey,wbp_30_15.txt,"Warwick 1625: balanced products, 5 products per order",30,15,27,27,0.17,solved,
Harvey,wbp_30_15.txt,"Warwick 1626: balanced products, 5 products per order",30,15,26,26,0.164,solved,
Harvey,wbp_30_15.txt,"Warwick 1627: balanced products, 5 products per order",30,15,27,27,0.158,solved,
Harvey,wbp_30_15.txt,"Warwick 1628: balanced products, 5 products per order",30,15,27,27,0.15,solved,
Harvey,wbp_30_15.txt,"Warwick 1629: balanced products, 5 products per order",30,15,26,26,0.145,solved,
Harvey,wbp_30_15.txt,"Warwick 1630: balanced products, 5 products per order",30,15,27,27,0.137,solved,
Harvey,wbp_30_15.txt,"Warwick 1631: balanced products, 6 products per order",30,15,28,28,0.067,solved,
Harvey,wbp_30_15.txt,"Warwick 1632: balanced products, 6 products per order",30,15,29,29,0.063,solved,
Harvey,wbp_30_15.txt,"Warwick 1633: balanced products, 6 products per order",30,15,28,28,0.059,solved,
Harvey,wbp_30_15.txt,"Warwick 1634: balanced products, 6 products per order",30,15,28,28,0.056,solved,
Harvey,wbp_30_15.txt,"Warwick 1635: balanced products, 6 products per order",30,15,28,28,0.054,solved,
Harvey,wbp_30_15.txt,"Warwick 1636: balanced products, 6 products per order",30,15,28,28,0.051,solved,
Harvey,wbp_30_15.txt,"Warwick 1637: balanced products, 6 products per order",30,15,28,28,0.047,solved,
Harvey,wbp_30_15.txt,"Warwick 1638: balanced products, 6 products per order",30,15,28,28,0.043,solved,
Harvey,wbp_30_15.txt,"Warwick 1639: balanced products, 6 products per order",30,15,29,29,0.042,solved,
Harvey,wbp_30_15.txt,"Warwick 1640: balanced products, 6 products per order",30,15,29,29,0.038,solved,
Harvey,wbp_30_15.txt,"Warwick 1641: balanced products, 7 products per order",30,15,29,29,0.034,solved,
Harvey,wbp_30_15.txt,"Warwick 1642: balanced products, 7 products per order",30,15,29,29,0.031,solved,
Harvey,wbp_30_15.txt,"Warwick 1643: balanced products, 7 products per order",30,15,30,30,0.028,solved,
Harvey,wbp_30_15.txt,"Warwick 1644: balanced products, 7 products per order",30,15,30,30,0.026,solved,
Harvey,wbp_30_15.txt,"Warwick 1645: balanced products, 7 products per order",30,15,29,29,0.023,solved,
Harvey,wbp_30_15.txt,"Warwick 1646: balanced products, 7 products per order",30,15,29,29,0.019,solved,
Harvey,wbp_30_15.txt,"Warwick 1647: balanced products, 7 products per order",30,15,30,30,0.015,solved,
Harvey,wbp_30_15.txt,"Warwick 1648: balanced products, 7 products per order",30,15,29,29,0.013,solved,
Harvey,wbp_30_15.txt,"Warwick 1649: balanced products, 7 products per order",30,15,30,30,0.144,solved,
Harvey,wbp_30_15.txt,"Warwick 1650: balanced products, 7 products per order",30,15,30,30,0.14,solved,
Harvey,wbp_30_30.txt,"Warwick 1851: balanced products, 2 products per order",30,30,6,6,0.137,solved,
Harvey,wbp_30_30.txt,"Warwick 1852: balanced products, 2 products per order",30,30,4,4,0.084,solved,
Harvey,wbp_30_30.txt,"Warwick 1853: balanced products, 2 products per order",30,30,4,4,0.081,solved,
Harvey,wbp_30_30.txt,"Warwick 1854: balanced products, 2 products per order",30,30,5,5,0.079,solved,
Harvey,wbp_30_30.txt,"Warwick 1855: balanced products, 2 products per order",30,30,5,5,0.076,solved,
Harvey,wbp_30_30.txt,"Warwick 1856: balanced products, 2 products per order",30,30,5,5,0.073,solved,
Harvey,wbp_30_30.txt,"Warwick 1857: balanced products, 2 products per order",30,30,5,5,0.071,solved,
Harvey,wbp_30_30.txt,"Warwick 1858: balanced products, 2 products per order",30,30,6,6,0.067,solved,
Harvey,wbp_30_30.txt,"Warwick 1859: balanced products, 2 products per order",30,30,5,5,0.063,solved,
Harvey,wbp_30_30.txt,"Warwick 1860: balanced products, 2 products per order",30,30,4,4,0.061,solved,
Harvey,wbp_30_30.txt,"Warwick 1861: balanced products, 3 products per order",30,30,14,14,0.058,solved,
Harvey,wbp_30_30.txt,"Warwick 1862: balanced products, 3 products per order",30,30,13,13,0.053,solved,
Harvey,wbp_30_30.txt,"Warwick 1863: balanced products, 3 products per order",30,30,11,11,0.051,solved,
Harvey,wbp_30_30.txt,"Warwick 1864: balanced products, 3 products per order",30,30,13,13,0.049,solved,
Harvey,wbp_30_30.txt,"Warwick 1865: balanced products, 3 products per order",30,30,13,13,0.046,solved,
Harvey,wbp_30_30.txt,"Warwick 1866: balanced products, 3 products per order",30,30,11,11,0.043,solved,
Harvey,wbp_30_30.txt,"Warwick 1867: balanced products, 3 products per order",30,30,12,12,0.04,solved,
Harvey,wbp_30_30.txt,"Warwick 1868: balanced products, 3 products per order",30,30,12,12,0.038,solved,
Harvey,wbp_30_30.txt,"Warwick 1869: balanced products, 3 products per order",30,30,12,12,0.033,solved,
Harvey,wbp_30_30.txt,"Warwick 1870: balanced products, 3 products per order",30,30,13,13,0.03,solved,
Harvey,wbp_30_30.txt,"Warwick 1871: balanced products, 4 products per order",30,30,17,17,0.027,solved,
Harvey,wbp_30_30.txt,"Warwick 1872: balanced products, 4 products per order",30,30,19,19,0.023,solved,
Harvey,wbp_30_30.txt,"Warwick 1873: balanced products, 4 products per order",30,30,18,18,0.018,solved,
Harvey,wbp_30_30.txt,"Warwick 1874: balanced products, 4 products per order",30,30,19,19,0.016,solved,
Harvey,wbp_30_30.txt,"Warwick 1875: balanced products, 4 products per order",30,30,19,19,0.013,solved,
Harvey,wbp_30_30.txt,"Warwick 1876: balanced products, 4 products per order",30,30,18,18,0.147,solved,
Harvey,wbp_30_30.txt,"Warwick 1877: balanced products, 4 products per order",30,30,18,18,0.145,solved,
Harvey,wbp_30_30.txt,"Warwick 1878: balanced products, 4 products per order",30,30,17,17,0.141,solved,
Harvey,wbp_30_30.txt,"Warwick 1879: balanced products, 4 products per order",30,30,18,18,0.088,solved,
Harvey,wbp_30_30.txt,"Warwick 1880: balanced products, 4 products per order",30,30,20,20,0.085,solved,
Harvey,wbp_30_30.txt,"Warwick 1881: balanced products, 5 products per order",30,30,20,20,0.082,solved,
Harvey,wbp_30_30.txt,"Warwick 1882: balanced products, 5 products per order",30,30,22,22,0.079,solved,
Harvey,wbp_30_30.txt,"Warwick 1883: balanced products, 5 products per order",30,30,22,22,0.076,solved,
Harvey,wbp_30_30.txt,"Warwick 1884: balanced products, 5 products per order",30,30,22,22,0.072,solved,
Harvey,wbp_30_30.txt,"Warwick 1885: balanced products, 5 products per order",30,30,22,22,0.068,solved,
Harvey,wbp_30_30.txt,"Warwick 1886: balanced products, 5 products per order",30,30,22,22,0.065,solved,
Harvey,wbp_30_30.txt,"Warwick 1887: balanced products, 5 products per order",30,30,22,22,0.063,solved,
Harvey,wbp_30_30.txt,"Warwick 1888: balanced products, 5 products per order",30,30,21,21,0.06,solved,
Harvey,wbp_30_30.txt,"Warwick 1889: balanced products, 5 products per order",30,30,21,21,0.055,solved,
Harvey,wbp_30_30.txt,"Warwick 1890: balanced products, 5 products per order",30,30,23,23,0.052,solved,
Harvey,wbp_30_30.txt,"Warwick 1891: balanced products, 6 products per order",30,30,25,25,0.05,solved,
Harvey,wbp_30_30.txt,"Warwick 1892: balanced products, 6 products per order",30,30,24,24,0.047,solved,
Harvey,wbp_30_30.txt,"Warwick 1893: balanced products, 6 products per order",30,30,24,24,0.043,solved,
Harvey,wbp_30_30.txt,"Warwick 1894: balanced products, 6 products per order",30,30,25,25,0.039,solved,
Harvey,wbp_30_30.txt,"Warwick 1895: balanced products, 6 products per order",30,30,25,25,0.038,solved,
Harvey,wbp_30_30.txt,"Warwick 1896: balanced products, 6 products per order",30,30,25,25,0.034,solved,
Harvey,wbp_30_30.txt,"Warwick 1897: balanced products, 6 products per order",30,30,25,25,0.03,solved,
Harvey,wbp_30_30.txt,"Warwick 1898: balanced products, 6 products per order",30,30,24,24,0.027,solved,
Harvey,wbp_30_30.txt,"Warwick 1899: balanced products, 6 products per order",30,30,25,25,0.024,solved,
Harvey,wbp_30_30.txt,"Warwick 1900: balanced products, 6 products per order",30,30,24,24,0.019,solved,
Harvey,wbp_30_30.txt,"Warwick 1901: balanced products, 7 products per order",30,30,25,25,0.016,solved,
Harvey,wbp_30_30.txt,"Warwick 1902: balanced products, 7 products per order",30,30,25,25,0.014,solved,
Harvey,wbp_30_30.txt,"Warwick 1903: balanced products, 7 products per order",30,30,27,27,0.15,solved,
Harvey,wbp_30_30.txt,"Warwick 1904: balanced products, 7 products per order",30,30,26,26,0.146,solved,
Harvey,wbp_30_30.txt,"Warwick 1905: balanced products, 7 products per order",30,30,27,27,0.141,solved,
Harvey,wbp_30_30.txt,"Warwick 1906: balanced products, 7 products per order",30,30,26,26,0.089,solved,
Harvey,wbp_30_30.txt,"Warwick 1907: balanced products, 7 products per order",30,30,25,25,0.086,solved,
Harvey,wbp_30_30.txt,"Warwick 1908: balanced products, 7 products per order",30,30,27,27,0.083,solved,
Harvey,wbp_30_30.txt,"Warwick 1909: balanced products, 7 products per order",30,30,26,26,0.08,solved,
Harvey,wbp_30_30.txt,"Warwick 1910: balanced products, 7 products per order",30,30,26,26,0.077,solved,
Harvey,wbp_30_30.txt,"Warwick 1911: balanced products, 8 products per order",30,30,27,27,0.074,solved,
Harvey,wbp_30_30.txt,"Warwick 1912: balanced products, 8 products per order",30,30,27,27,0.068,solved,
Harvey,wbp_30_30.txt,"Warwick 1913: balanced products, 8 products per order",30,30,28,28,0.066,solved,
Harvey,wbp_30_30.txt,"Warwick 1914: balanced products, 8 products per order",30,30,28,28,0.063,solved,
Harvey,wbp_30_30.txt,"Warwick 1915: balanced products, 8 products per order",30,30,28,28,0.06,solved,
Harvey,wbp_30_30.txt,"Warwick 1916: balanced products, 8 products per order",30,30,27,27,0.057,solved,
Harvey,wbp_30_30.txt,"Warwick 1917: balanced products, 8 products per order",30,30,26,26,0.054,solved,
Harvey,wbp_30_30.txt,"Warwick 1918: balanced products, 8 products per order",30,30,28,28,0.052,solved,
Harvey,wbp_30_30.txt,"Warwick 1919: balanced products, 8 products per order",30,30,28,28,0.048,solved,
Harvey,wbp_30_30.txt,"Warwick 1920: balanced products, 8 products per order",30,30,27,27,0.044,solved,
Harvey,wbp_30_30.txt,"Warwick 1921: balanced products, 9 products per order",30,30,28,28,0.04,solved,
Harvey,wbp_30_30.txt,"Warwick 1922: balanced products, 9 products per order",30,30,28,28,0.037,solved,
Harvey,wbp_30_30.txt,"Warwick 1923: balanced products, 9 products per order",30,30,28,28,0.033,solved,
Harvey,wbp_30_30.txt,"Warwick 1924: balanced products, 9 products per order",30,30,29,29,0.029,solved,
Harvey,wbp_30_30.txt,"Warwick 1925: balanced products, 9 products per order",30,30,29,29,0.026,solved,
Harvey,wbp_30_30.txt,"Warwick 1926: balanced products, 9 products per order",30,30,29,29,0.024,solved,
Harvey,wbp_30_30.txt,"Warwick 1927: balanced products, 9 products per order",30,30,28,28,0.021,solved,
Harvey,wbp_30_30.txt,"Warwick 1928: balanced products, 9 products per order",30,30,29,29,0.161,solved,
Harvey,wbp_30_30.txt,"Warwick 1929: balanced products, 9 products per order",30,30,29,29,0.157,solved,
Harvey,wbp_30_30.txt,"Warwick 1930: balanced products, 9 products per order",30,30,29,29,0.154,solved,
Harvey,wbp_30_30.txt,"Warwick 1931: balanced products, 10 products per order",30,30,29,29,0.152,solved,
Harvey,wbp_30_30.txt,"Warwick 1932: balanced products, 10 products per order",30,30,29,29,0.148,solved,
Harvey,wbp_30_30.txt,"Warwick 1933: balanced products, 10 products per order",30,30,28,28,0.094,solved,
Harvey,wbp_30_30.txt,"Warwick 1934: balanced products, 10 products per order",30,30,29,29,0.091,solved,
Harvey,wbp_30_30.txt,"Warwick 1935: balanced products, 10 products per order",30,30,29,29,0.088,solved,
Harvey,wbp_30_30.txt,"Warwick 1936: balanced products, 10 products per order",30,30,29,29,0.085,solved,
Harvey,wbp_30_30.txt,"Warwick 1937: balanced products, 10 products per order",30,30,29,29,0.082,solved,
Harvey,wbp_30_30.txt,"Warwick 1938: balanced products, 10 products per order",30,30,29,29,0.08,solved,
Harvey,wbp_30_30.txt,"Warwick 1939: balanced products, 10 products per order",30,30,29,29,0.076,solved,
Harvey,wbp_30_30.txt,"Warwick 1940: balanced products, 10 products per order",30,30,29,29,0.072,solved,
Harvey,wbp_30_30.txt,"Warwick 1941: balanced products, 11 products per order",30,30,30,30,0.068,solved,
Harvey,wbp_30_30.txt,"Warwick 1942: balanced products, 11 products per order",30,30,30,30,0.066,solved,
Harvey,wbp_30_30.txt,"Warwick 1943: balanced products, 11 products per order",30,30,29,29,0.062,solved,
Harvey,wbp_30_30.txt,"Warwick 1944: balanced products, 11 products per order",30,30,30,30,0.058,solved,
Harvey,wbp_30_30.txt,"Warwick 1945: balanced products, 11 products per order",30,30,30,30,0.054,solved,
Harvey,wbp_30_30.txt,"Warwick 1946: balanced products, 11 products per order",30,30,29,29,0.051,solved,
Harvey,wbp_30_30.txt,"Warwick 1947: balanced products, 11 products per order",30,30,30,30,0.047,solved,
Harvey,wbp_30_30.txt,"Warwick 1948: balanced products, 11 products per order",30,30,30,30,0.043,solved,
Harvey,wbp_30_30.txt,"Warwick 1949: balanced products, 11 products per order",30,30,30,30,0.039,solved,
Harvey,wbp_30_30.txt,"Warwick 1950: balanced products, 11 products per order",30,30,29,29,0.036,solved,
Harvey,wbp_30_30.txt,"Warwick 1951: balanced products, 12 products per order",30,30,30,30,0.032,solved,
Harvey,wbp_30_30.txt,"Warwick 1952: balanced products, 12 products per order",30,30,30,30,0.029,solved,
Harvey,wbp_30_30.txt,"Warwick 1953: balanced products, 12 products per order",30,30,30,30,0.021,solved,
Harvey,wbp_30_30.txt,"Warwick 1954: balanced products, 12 products per order",30,30,30,30,0.015,solved,
Harvey,wbp_30_30.txt,"Warwick 1955: balanced products, 12 products per order",30,30,30,30,0.156,solved,
Harvey,wbp_30_30.txt,"Warwick 1956: balanced products, 12 products per order",30,30,30,30,0.152,solved,
Harvey,wbp_30_30.txt,"Warwick 1957: balanced products, 12 products per order",30,30,30,30,0.149,solved,
Harvey,wbp_30_30.txt,"Warwick 1958: balanced products, 12 products per order",30,30,30,30,0.096,solved,
Harvey,wbp_30_30.txt,"Warwick 1959: balanced products, 12 products per order",30,30,30,30,0.093,solved,
Harvey,wbp_30_30.txt,"Warwick 1960: balanced products, 12 products per order",30,30,30,30,0.09,solved,
Harvey,wbp_30_30.txt,"Warwick 1961: balanced products, 13 products per order",30,30,30,30,0.087,solved,
Harvey,wbp_30_30.txt,"Warwick 1962: balanced products, 13 products per order",30,30,30,30,0.083,solved,
Harvey,wbp_30_30.txt,"Warwick 1963: balanced products, 13 products per order",30,30,30,30,0.081,solved,
Harvey,wbp_30_30.txt,"Warwick 1964: balanced products, 13 products per order",30,30,30,30,0.075,solved,
Harvey,wbp_30_30.txt,"Warwick 1965: balanced products, 13 products per order",30,30,30,30,0.071,solved,
Harvey,wbp_30_30.txt,"Warwick 1966: balanced products, 13 products per order",30,30,30,30,0.068,solved,
Harvey,wbp_30_30.txt,"Warwick 1967: balanced products, 13 products per order",30,30,30,30,0.064,solved,
Harvey,wbp_30_30.txt,"Warwick 1968: balanced products, 13 products per order",30,30,30,30,0.06,solved,
Harvey,wbp_30_30.txt,"Warwick 1969: balanced products, 13 products per order",30,30,30,30,0.055,solved,
Harvey,wbp_30_30.txt,"Warwick 1970: balanced products, 13 products per order",30,30,30,30,0.052,solved,
Harvey,wbp_30_30.txt,"Warwick 1971: balanced products, 14 products per order",30,30,30,30,0.05,solved,
Harvey,wbp_30_30.txt,"Warwick 1972: balanced products, 14 products per order",30,30,30,30,0.047,solved,
Harvey,wbp_30_30.txt,"Warwick 1973: balanced products, 14 products per order",30,30,30,30,0.043,solved,
Harvey,wbp_30_30.txt,"Warwick 1974: balanced products, 14 products per order",30,30,30,30,0.038,solved,
Harvey,wbp_30_30.txt,"Warwick 1975: balanced products, 14 products per order",30,30,30,30,0.036,solved,
Harvey,wbp_30_30.txt,"Warwick 1976: balanced products, 14 products per order",30,30,30,30,0.033,solved,
Harvey,wbp_30_30.txt,"Warwick 1977: balanced products, 14 products per order",30,30,30,30,0.029,solved,
Harvey,wbp_30_30.txt,"Warwick 1978: balanced products, 14 products per order",30,30,30,30,0.024,solved,
Harvey,wbp_30_30.txt,"Warwick 1979: balanced products, 14 products per order",30,30,30,30,0.022,solved,
Harvey,wbp_30_30.txt,"Warwick 1980: balanced products, 14 products per order",30,30,30,30,0.019,solved,
Harvey,wbp_30_30.txt,"Warwick 1981: balanced products, 15 products per order",30,30,30,30,0.016,solved,
Harvey,wbp_30_30.txt,"Warwick 1982: balanced products, 15 products per order",30,30,30,30,0.16,solved,
Harvey,wbp_30_30.txt,"Warwick 1983: balanced products, 15 products per order",30,30,30,30,0.156,solved,
Harvey,wbp_30_30.txt,"Warwick 1984: balanced products, 15 products per order",30,30,30,30,0.152,solved,
Harvey,wbp_30_30.txt,"Warwick 1985: balanced products, 15 products per order",30,30,30,30,0.097,solved,
Harvey,wbp_30_30.txt,"Warwick 1986: balanced products, 15 products per order",30,30,30,30,0.094,solved,
Harvey,wbp_30_30.txt,"Warwick 1987: balanced products, 15 products per order",30,30,30,30,0.091,solved,
Harvey,wbp_30_30.txt,"Warwick 1988: balanced products, 15 products per order",30,30,30,30,0.088,solved,
Harvey,wbp_30_30.txt,"Warwick 1989: balanced products, 15 products per order",30,30,30,30,0.084,solved,
Harvey,wbp_30_30.txt,"Warwick 1990: balanced products, 15 products per order",30,30,30,30,0.08,solved,
Miller,Miller19.txt,Miller19_0,20,40,13,13,0.076,solved,
Shaw,ShawInstances.txt,ShawInstances_0,20,20,14,14,0.073,solved,
Shaw,ShawInstances.txt,ShawInstances_1,20,20,12,12,0.069,solved,
Shaw,ShawInstances.txt,ShawInstances_2,20,20,14,14,0.067,solved,
Shaw,ShawInstances.txt,ShawInstances_3,20,20,13,13,0.063,solved,
Shaw,ShawInstances.txt,ShawInstances_4,20,20,14,14,0.059,solved,
Shaw,ShawInstances.txt,ShawInstances_5,20,20,14,14,0.055,solved,
Shaw,ShawInstances.txt,ShawInstances_6,20,20,13,13,0.053,solved,
Shaw,ShawInstances.txt,ShawInstances_7,20,20,14,14,0.049,solved,
Shaw,ShawInstances.txt,ShawInstances_8,20,20,13,13,0.045,solved,
Shaw,ShawInstances.txt,ShawInstances_9,20,20,13,13,0.041,solved,
Shaw,ShawInstances.txt,ShawInstances_10,20,20,15,15,0.039,solved,
Shaw,ShawInstances.txt,ShawInstances_11,20,20,13,13,0.035,solved,
Shaw,ShawInstances.txt,ShawInstances_12,20,20,13,13,0.031,solved,
Shaw,ShawInstances.txt,ShawInstances_13,20,20,14,14,0.027,solved,
Shaw,ShawInstances.txt,ShawInstances_14,20,20,14,14,0.024,solved,
Shaw,ShawInstances.txt,ShawInstances_15,20,20,14,14,0.02,solved,
Shaw,ShawInstances.txt,ShawInstances_16,20,20,15,15,0.159,solved,
Shaw,ShawInstances.txt,ShawInstances_17,20,20,14,14,0.154,solved,
Shaw,ShawInstances.txt,ShawInstances_18,20,20,14,14,0.151,solved,
Shaw,ShawInstances.txt,ShawInstances_19,20,20,14,14,0.147,solved,
Shaw,ShawInstances.txt,ShawInstances_20,20,20,12,12,0.092,solved,
Shaw,ShawInstances.txt,ShawInstances_21,20,20,14,14,0.088,solved,
Shaw,ShawInstances.txt,ShawInstances_22,20,20,14,14,0.085,solved,
Shaw,ShawInstances.txt,ShawInstances_23,20,20,14,14,0.082,solved,
Shaw,ShawInstances.txt,ShawInstances_24,20,20,14,14,0.079,solved,
Simonis,problem_10_10.dat,HS problem 1 size 10 10 density  0.20,10,10,5,5,0.076,solved,
Simonis,problem_10_10.dat,HS problem 2 size 10 10 density  0.20,10,10,4,4,0.071,solved,
Simonis,problem_10_10.dat,HS problem 3 size 10 10 density  0.20,10,10,5,5,0.068,solved,
Simonis,problem_10_10.dat,HS problem 4 size 10 10 density  0.20,10,10,5,5,0.066,solved,
Simonis,problem_10_10.dat,HS problem 5 size 10 10 density  0.20,10,10,3,3,0.062,solved,
Simonis,problem_10_10.dat,HS problem 6 size 10 10 density  0.20,10,10,4,4,0.058,solved,
Simonis,problem_10_10.dat,HS problem 7 size 10 10 density  0.20,10,10,5,5,0.054,solved,
Simonis,problem_10_10.dat,HS problem 8 size 10 10 density  0.20,10,10,4,4,0.052,solved,
Simonis,problem_10_10.dat,HS problem 9 size 10 10 density  0.20,10,10,4,4,0.048,solved,
Simonis,problem_10_10.dat,HS problem 10 size 10 10 density  0.20,10,10,5,5,0.044,solved,
Simonis,problem_10_10.dat,HS problem 11 size 10 10 density  0.20,10,10,5,5,0.04,solved,
Simonis,problem_10_10.dat,HS problem 12 size 10 10 density  0.20,10,10,3,3,0.037,solved,
Simonis,problem_10_10.dat,HS problem 13 size 10 10 density  0.20,10,10,5,5,0.033,solved,
Simonis,problem_10_10.dat,HS problem 14 size 10 10 density  0.20,10,10,5,5,0.03,solved,
Simonis,problem_10_10.dat,HS problem 15 size 10 10 density  0.20,10,10,6,6,0.025,solved,
Simonis,problem_10_10.dat,HS problem 16 size 10 10 density  0.20,10,10,5,5,0.022,solved,
Simonis,problem_10_10.dat,HS problem 17 size 10 10 density  0.20,10,10,4,4,0.018,solved,
Simonis,problem_10_10.dat,HS problem 18 size 10 10 density  0.20,10,10,6,6,0.015,solved,
Simonis,problem_10_10.dat,HS problem 19 size 10 10 density  0.20,10,10,4,4,0.158,solved,
Simonis,problem_10_10.dat,HS problem 20 size 10 10 density  0.20,10,10,5,5,0.153,solved,
Simonis,problem_10_10.dat,HS problem 21 size 10 10 density  0.20,10,10,6,6,0.148,solved,
Simonis,problem_10_10.dat,HS problem 22 size 10 10 density  0.20,10,10,4,4,0.095,solved,
Simonis,problem_10_10.dat,HS problem 23 size 10 10 density  0.20,10,10,5,5,0.092,solved,
Simonis,problem_10_10.dat,HS problem 24 size 10 10 density  0.20,10,10,4,4,0.089,solved,
Simonis,problem_10_10.dat,HS problem 25 size 10 10 density  0.20,10,10,4,4,0.086,solved,
Simonis,problem_10_10.dat,HS problem 26 size 10 10 density  0.20,10,10,4,4,0.082,solved,
Simonis,problem_10_10.dat,HS problem 27 size 10 10 density  0.20,10,10,5,5,0.079,solved,
Simonis,problem_10_10.dat,HS problem 28 size 10 10 density  0.20,10,10,5,5,0.074,solved,
Simonis,problem_10_10.dat,HS problem 29 size 10 10 density  0.20,10,10,6,6,0.07,solved,
Simonis,problem_10_10.dat,HS problem 30 size 10 10 density  0.20,10,10,6,6,0.068,solved,
Simonis,problem_10_10.dat,HS problem 31 size 10 10 density  0.20,10,10,5,5,0.064,solved,
Simonis,problem_10_10.dat,HS problem 32 size 10 10 density  0.20,10,10,3,3,0.061,solved,
Simonis,problem_10_10.dat,HS problem 33 size 10 10 density  0.20,10,10,4,4,0.056,solved,
Simonis,problem_10_10.dat,HS problem 34 size 10 10 density  0.20,10,10,5,5,0.053,solved,
Simonis,problem_10_10.dat,HS problem 35 size 10 10 density  0.20,10,10,6,6,0.048,solved,
Simonis,problem_10_10.dat,HS problem 36 size 10 10 density  0.20,10,10,4,4,0.045,solved,
Simonis,problem_10_10.dat,HS problem 37 size 10 10 density  0.20,10,10,6,6,0.042,solved,
Simonis,problem_10_10.dat,HS problem 38 size 10 10 density  0.20,10,10,4,4,0.038,solved,
Simonis,problem_10_10.dat,HS problem 39 size 10 10 density  0.20,10,10,5,5,0.035,solved,
Simonis,problem_10_10.dat,HS problem 40 size 10 10 density  0.20,10,10,4,4,0.032,solved,
Simonis,problem_10_10.dat,HS problem 41 size 10 10 density  0.20,10,10,7,7,0.028,solved,
Simonis,problem_10_10.dat,HS problem 42 size 10 10 density  0.20,10,10,6,6,0.025,solved,
Simonis,problem_10_10.dat,HS problem 43 size 10 10 density  0.20,10,10,6,6,0.02,solved,
Simonis,problem_10_10.dat,HS problem 44 size 10 10 density  0.20,10,10,5,5,0.16,solved,
Simonis,problem_10_10.dat,HS problem 45 size 10 10 density  0.20,10,10,5,5,0.158,solved,
Simonis,problem_10_10.dat,HS problem 46 size 10 10 density  0.20,10,10,4,4,0.154,solved,
Simonis,problem_10_10.dat,HS problem 47 size 10 10 density  0.20,10,10,5,5,0.152,solved,
Simonis,problem_10_10.dat,HS problem 48 size 10 10 density  0.20,10,10,4,4,0.148,solved,
Simonis,problem_10_10.dat,HS problem 49 size 10 10 density  0.20,10,10,4,4,0.093,solved,
Simonis,problem_10_10.dat,HS problem 50 size 10 10 density  0.20,10,10,5,5,0.089,solved,
Simonis,problem_10_10.dat,HS problem 51 size 10 10 density  0.25,10,10,5,5,0.086,solved,
Simonis,problem_10_10.dat,HS problem 52 size 10 10 density  0.25,10,10,6,6,0.083,solved,
Simonis,problem_10_10.dat,HS problem 53 size 10 10 density  0.25,10,10,3,3,0.079,solved,
Simonis,problem_10_10.dat,HS problem 54 size 10 10 density  0.25,10,10,6,6,0.076,solved,
Simonis,problem_10_10.dat,HS problem 55 size 10 10 density  0.25,10,10,6,6,0.071,solved,
Simonis,problem_10_10.dat,HS problem 56 size 10 10 density  0.25,10,10,5,5,0.068,solved,
Simonis,problem_10_10.dat,HS problem 57 size 10 10 density  0.25,10,10,4,4,0.063,solved,
Simonis,problem_10_10.dat,HS problem 58 size 10 10 density  0.25,10,10,6,6,0.06,solved,
Simonis,problem_10_10.dat,HS problem 59 size 10 10 density  0.25,10,10,7,7,0.056,solved,
Simonis,problem_10_10.dat,HS problem 60 size 10 10 density  0.25,10,10,5,5,0.052,solved,
Simonis,problem_10_10.dat,HS problem 61 size 10 10 density  0.25,10,10,4,4,0.048,solved,
Simonis,problem_10_10.dat,HS problem 62 size 10 10 density  0.25,10,10,5,5,0.043,solved,
Simonis,problem_10_10.dat,HS problem 63 size 10 10 density  0.25,10,10,7,7,0.039,solved,
Simonis,problem_10_10.dat,HS problem 64 size 10 10 density  0.25,10,10,5,5,0.036,solved,
Simonis,problem_10_10.dat,HS problem 65 size 10 10 density  0.25,10,10,4,4,0.032,solved,
Simonis,problem_10_10.dat,HS problem 66 size 10 10 density  0.25,10,10,4,4,0.029,solved,
Simonis,problem_10_10.dat,HS problem 67 size 10 10 density  0.25,10,10,6,6,0.026,solved,
Simonis,problem_10_10.dat,HS problem 68 size 10 10 density  0.25,10,10,7,7,0.023,solved,
Simonis,problem_10_10.dat,HS problem 69 size 10 10 density  0.25,10,10,5,5,0.163,solved,
Simonis,problem_10_10.dat,HS problem 70 size 10 10 density  0.25,10,10,3,3,0.158,solved,
Simonis,problem_10_10.dat,HS problem 71 size 10 10 density  0.25,10,10,7,7,0.155,solved,
Simonis,problem_10_10.dat,HS problem 72 size 10 10 density  0.25,10,10,6,6,0.153,solved,
Simonis,problem_10_10.dat,HS problem 73 size 10 10 density  0.25,10,10,7,7,0.15,solved,
Simonis,problem_10_10.dat,HS problem 74 size 10 10 density  0.25,10,10,6,6,0.094,solved,
Simonis,problem_10_10.dat,HS problem 75 size 10 10 density  0.25,10,10,5,5,0.091,solved,
Simonis,problem_10_10.dat,HS problem 76 size 10 10 density  0.25,10,10,6,6,0.088,solved,
Simonis,problem_10_10.dat,HS problem 77 size 10 10 density  0.25,10,10,6,6,0.085,solved,
Simonis,problem_10_10.dat,HS problem 78 size 10 10 density  0.25,10,10,6,6,0.081,solved,
Simonis,problem_10_10.dat,HS problem 79 size 10 10 density  0.25,10,10,6,6,0.078,solved,
Simonis,problem_10_10.dat,HS problem 80 size 10 10 density  0.25,10,10,6,6,0.073,solved,
Simonis,problem_10_10.dat,HS problem 81 size 10 10 density  0.25,10,10,5,5,0.07,solved,
Simonis,problem_10_10.dat,HS problem 82 size 10 10 density  0.25,10,10,8,8,0.065,solved,
Simonis,problem_10_10.dat,HS problem 83 size 10 10 density  0.25,10,10,4,4,0.062,solved,
Simonis,problem_10_10.dat,HS problem 84 size 10 10 density  0.25,10,10,7,7,0.058,solved,
Simonis,problem_10_10.dat,HS problem 85 size 10 10 density  0.25,10,10,4,4,0.054,solved,
Simonis,problem_10_10.dat,HS problem 86 size 10 10 density  0.25,10,10,6,6,0.05,solved,
Simonis,problem_10_10.dat,HS problem 87 size 10 10 density  0.25,10,10,6,6,0.046,solved,
Simonis,problem_10_10.dat,HS problem 88 size 10 10 density  0.25,10,10,6,6,0.042,solved,
Simonis,problem_10_10.dat,HS problem 89 size 10 10 density  0.25,10,10,6,6,0.039,solved,
Simonis,problem_10_10.dat,HS problem 90 size 10 10 density  0.25,10,10,6,6,0.034,solved,
Simonis,problem_10_10.dat,HS problem 91 size 10 10 density  0.25,10,10,7,7,0.031,solved,
Simonis,problem_10_10.dat,HS problem 92 size 10 10 density  0.25,10,10,5,5,0.027,solved,
Simonis,problem_10_10.dat,HS problem 93 size 10 10 density  0.25,10,10,7,7,0.023,solved,
Simonis,problem_10_10.dat,HS problem 94 size 10 10 density  0.25,10,10,5,5,0.019,solved,
Simonis,problem_10_10.dat,HS problem 95 size 10 10 density  0.25,10,10,5,5,0.015,solved,
Simonis,problem_10_10.dat,HS problem 96 size 10 10 density  0.25,10,10,9,9,0.162,solved,
Simonis,problem_10_10.dat,HS problem 97 size 10 10 density  0.25,10,10,6,6,0.158,solved,
Simonis,problem_10_10.dat,HS problem 98 size 10 10 density  0.25,10,10,4,4,0.154,solved,
Simonis,problem_10_10.dat,HS problem 99 size 10 10 density  0.25,10,10,6,6,0.101,solved,
Simonis,problem_10_10.dat,HS problem 100 size 10 10 density  0.25,10,10,6,6,0.098,solved,
Simonis,problem_10_10.dat,HS problem 101 size 10 10 density  0.30,10,10,5,5,0.095,solved,
Simonis,problem_10_10.dat,HS problem 102 size 10 10 density  0.30,10,10,6,6,0.091,solved,
Simonis,problem_10_10.dat,HS problem 103 size 10 10 density  0.30,10,10,7,7,0.087,solved,
Simonis,problem_10_10.dat,HS problem 104 size 10 10 density  0.30,10,10,6,6,0.085,solved,
Simonis,problem_10_10.dat,HS problem 105 size 10 10 density  0.30,10,10,8,8,0.078,solved,
Simonis,problem_10_10.dat,HS problem 106 size 10 10 density  0.30,10,10,5,5,0.075,solved,
Simonis,problem_10_10.dat,HS problem 107 size 10 10 density  0.30,10,10,7,7,0.073,solved,
Simonis,problem_10_10.dat,HS problem 108 size 10 10 density  0.30,10,10,6,6,0.069,solved,
Simonis,problem_10_10.dat,HS problem 109 size 10 10 density  0.30,10,10,7,7,0.064,solved,
Simonis,problem_10_10.dat,HS problem 110 size 10 10 density  0.30,10,10,8,8,0.059,solved,
Simonis,problem_10_10.dat,HS problem 111 size 10 10 density  0.30,10,10,6,6,0.057,solved,
Simonis,problem_10_10.dat,HS problem 112 size 10 10 density  0.30,10,10,6,6,0.054,solved,
Simonis,problem_10_10.dat,HS problem 113 size 10 10 density  0.30,10,10,6,6,0.051,solved,
Simonis,problem_10_10.dat,HS problem 114 size 10 10 density  0.30,10,10,6,6,0.045,solved,
Simonis,problem_10_10.dat,HS problem 115 size 10 10 density  0.30,10,10,7,7,0.041,solved,
Simonis,problem_10_10.dat,HS problem 116 size 10 10 density  0.30,10,10,6,6,0.039,solved,
Simonis,problem_10_10.dat,HS problem 117 size 10 10 density  0.30,10,10,7,7,0.035,solved,
Simonis,problem_10_10.dat,HS problem 118 size 10 10 density  0.30,10,10,7,7,0.031,solved,
Simonis,problem_10_10.dat,HS problem 119 size 10 10 density  0.30,10,10,5,5,0.027,solved,
Simonis,problem_10_10.dat,HS problem 120 size 10 10 density  0.30,10,10,8,8,0.024,solved,
Simonis,problem_10_10.dat,HS problem 121 size 10 10 density  0.30,10,10,8,8,0.02,solved,
Simonis,problem_10_10.dat,HS problem 122 size 10 10 density  0.30,10,10,4,4,0.167,solved,
Simonis,problem_10_10.dat,HS problem 123 size 10 10 density  0.30,10,10,6,6,0.163,solved,
Simonis,problem_10_10.dat,HS problem 124 size 10 10 density  0.30,10,10,7,7,0.16,solved,
Simonis,problem_10_10.dat,HS problem 125 size 10 10 density  0.30,10,10,6,6,0.157,solved,
Simonis,problem_10_10.dat,HS problem 126 size 10 10 density  0.30,10,10,7,7,0.101,solved,
Simonis,problem_10_10.dat,HS problem 127 size 10 10 density  0.30,10,10,7,7,0.097,solved,
Simonis,problem_10_10.dat,HS problem 128 size 10 10 density  0.30,10,10,6,6,0.093,solved,
Simonis,problem_10_10.dat,HS problem 129 size 10 10 density  0.30,10,10,6,6,0.09,solved,
Simonis,problem_10_10.dat,HS problem 130 size 10 10 density  0.30,10,10,8,8,0.085,solved,
Simonis,problem_10_10.dat,HS problem 131 size 10 10 density  0.30,10,10,6,6,0.082,solved,
Simonis,problem_10_10.dat,HS problem 132 size 10 10 density  0.30,10,10,5,5,0.077,solved,
Simonis,problem_10_10.dat,HS problem 133 size 10 10 density  0.30,10,10,5,5,0.074,solved,
Simonis,problem_10_10.dat,HS problem 134 size 10 10 density  0.30,10,10,7,7,0.069,solved,
Simonis,problem_10_10.dat,HS problem 135 size 10 10 density  0.30,10,10,6,6,0.066,solved,
Simonis,problem_10_10.dat,HS problem 136 size 10 10 density  0.30,10,10,8,8,0.061,solved,
Simonis,problem_10_10.dat,HS problem 137 size 10 10 density  0.30,10,10,7,7,0.058,solved,
Simonis,problem_10_10.dat,HS problem 138 size 10 10 density  0.30,10,10,6,6,0.053,solved,
Simonis,problem_10_10.dat,HS problem 139 size 10 10 density  0.30,10,10,6,6,0.05,solved,
Simonis,problem_10_10.dat,HS problem 140 size 10 10 density  0.30,10,10,8,8,0.045,solved,
Simonis,problem_10_10.dat,HS problem 141 size 10 10 density  0.30,10,10,7,7,0.042,solved,
Simonis,problem_10_10.dat,HS problem 142 size 10 10 density  0.30,10,10,7,7,0.037,solved,
Simonis,problem_10_10.dat,HS problem 143 size 10 10 density  0.30,10,10,9,9,0.034,solved,
Simonis,problem_10_10.dat,HS problem 144 size 10 10 density  0.30,10,10,6,6,0.03,solved,
Simonis,problem_10_10.dat,HS problem 145 size 10 10 density  0.30,10,10,9,9,0.027,solved,
Simonis,problem_10_10.dat,HS problem 146 size 10 10 density  0.30,10,10,7,7,0.024,solved,
Simonis,problem_10_10.dat,HS problem 147 size 10 10 density  0.30,10,10,7,7,0.019,solved,
Simonis,problem_10_10.dat,HS problem 148 size 10 10 density  0.30,10,10,6,6,0.167,solved,
Simonis,problem_10_10.dat,HS problem 149 size 10 10 density  0.30,10,10,6,6,0.165,solved,
Simonis,problem_10_10.dat,HS problem 150 size 10 10 density  0.30,10,10,6,6,0.162,solved,
Simonis,problem_10_10.dat,HS problem 151 size 10 10 density  0.35,10,10,8,8,0.157,solved,
Simonis,problem_10_10.dat,HS problem 152 size 10 10 density  0.35,10,10,8,8,0.102,solved,
Simonis,problem_10_10.dat,HS problem 153 size 10 10 density  0.35,10,10,8,8,0.099,solved,
Simonis,problem_10_10.dat,HS problem 154 size 10 10 density  0.35,10,10,6,6,0.095,solved,
Simonis,problem_10_10.dat,HS problem 155 size 10 10 density  0.35,10,10,8,8,0.092,solved,
Simonis,problem_10_10.dat,HS problem 156 size 10 10 density  0.35,10,10,7,7,0.088,solved,
Simonis,problem_10_10.dat,HS problem 157 size 10 10 density  0.35,10,10,8,8,0.084,solved,
Simonis,problem_10_10.dat,HS problem 158 size 10 10 density  0.35,10,10,6,6,0.08,solved,
Simonis,problem_10_10.dat,HS problem 159 size 10 10 density  0.35,10,10,6,6,0.076,solved,
Simonis,problem_10_10.dat,HS problem 160 size 10 10 density  0.35,10,10,7,7,0.072,solved,
Simonis,problem_10_10.dat,HS problem 161 size 10 10 density  0.35,10,10,8,8,0.068,solved,
Simonis,problem_10_10.dat,HS problem 162 size 10 10 density  0.35,10,10,8,8,0.064,solved,
Simonis,problem_10_10.dat,HS problem 163 size 10 10 density  0.35,10,10,7,7,0.06,solved,
Simonis,problem_10_10.dat,HS problem 164 size 10 10 density  0.35,10,10,7,7,0.056,solved,
Simonis,problem_10_10.dat,HS problem 165 size 10 10 density  0.35,10,10,7,7,0.052,solved,
Simonis,problem_10_10.dat,HS problem 166 size 10 10 density  0.35,10,10,8,8,0.048,solved,
Simonis,problem_10_10.dat,HS problem 167 size 10 10 density  0.35,10,10,6,6,0.044,solved,
Simonis,problem_10_10.dat,HS problem 168 size 10 10 density  0.35,10,10,8,8,0.039,solved,
Simonis,problem_10_10.dat,HS problem 169 size 10 10 density  0.35,10,10,9,9,0.036,solved,
Simonis,problem_10_10.dat,HS problem 170 size 10 10 density  0.35,10,10,8,8,0.032,solved,
Simonis,problem_10_10.dat,HS problem 171 size 10 10 density  0.35,10,10,6,6,0.028,solved,
Simonis,problem_10_10.dat,HS problem 172 size 10 10 density  0.35,10,10,8,8,0.024,solved,
Simonis,problem_10_10.dat,HS problem 173 size 10 10 density  0.35,10,10,6,6,0.021,solved,
Simonis,problem_10_10.dat,HS problem 174 size 10 10 density  0.35,10,10,8,8,0.163,solved,
Simonis,problem_10_10.dat,HS problem 175 size 10 10 density  0.35,10,10,8,8,0.16,solved,
Simonis,problem_10_10.dat,HS problem 176 size 10 10 density  0.35,10,10,7,7,0.156,solved,
Simonis,problem_10_10.dat,HS problem 177 size 10 10 density  0.35,10,10,8,8,0.152,solved,
Simonis,problem_10_10.dat,HS problem 178 size 10 10 density  0.35,10,10,6,6,0.096,solved,
Simonis,problem_10_10.dat,HS problem 179 size 10 10 density  0.35,10,10,7,7,0.092,solved,
Simonis,problem_10_10.dat,HS problem 180 size 10 10 density  0.35,10,10,6,6,0.088,solved,
Simonis,problem_10_10.dat,HS problem 181 size 10 10 density  0.35,10,10,8,8,0.084,solved,
Simonis,problem_10_10.dat,HS problem 182 size 10 10 density  0.35,10,10,7,7,0.081,solved,
Simonis,problem_10_10.dat,HS problem 183 size 10 10 density  0.35,10,10,8,8,0.078,solved,
Simonis,problem_10_10.dat,HS problem 184 size 10 10 density  0.35,10,10,7,7,0.073,solved,
Simonis,problem_10_10.dat,HS problem 185 size 10 10 density  0.35,10,10,8,8,0.069,solved,
Simonis,problem_10_10.dat,HS problem 186 size 10 10 density  0.35,10,10,8,8,0.066,solved,
Simonis,problem_10_10.dat,HS problem 187 size 10 10 density  0.35,10,10,7,7,0.063,solved,
Simonis,problem_10_10.dat,HS problem 188 size 10 10 density  0.35,10,10,8,8,0.058,solved,
Simonis,problem_10_10.dat,HS problem 189 size 10 10 density  0.35,10,10,7,7,0.055,solved,
Simonis,problem_10_10.dat,HS problem 190 size 10 10 density  0.35,10,10,7,7,0.052,solved,
Simonis,problem_10_10.dat,HS problem 191 size 10 10 density  0.35,10,10,6,6,0.05,solved,
Simonis,problem_10_10.dat,HS problem 192 size 10 10 density  0.35,10,10,6,6,0.044,solved,
Simonis,problem_10_10.dat,HS problem 193 size 10 10 density  0.35,10,10,7,7,0.04,solved,
Simonis,problem_10_10.dat,HS problem 194 size 10 10 density  0.35,10,10,6,6,0.038,solved,
Simonis,problem_10_10.dat,HS problem 195 size 10 10 density  0.35,10,10,5,5,0.034,solved,
Simonis,problem_10_10.dat,HS problem 196 size 10 10 density  0.35,10,10,6,6,0.031,solved,
Simonis,problem_10_10.dat,HS problem 197 size 10 10 density  0.35,10,10,8,8,0.027,solved,
Simonis,problem_10_10.dat,HS problem 198 size 10 10 density  0.35,10,10,9,9,0.023,solved,
Simonis,problem_10_10.dat,HS problem 199 size 10 10 density  0.35,10,10,6,6,0.019,solved,
Simonis,problem_10_10.dat,HS problem 200 size 10 10 density  0.35,10,10,9,9,0.017,solved,
Simonis,problem_10_10.dat,HS problem 201 size 10 10 density  0.40,10,10,9,9,0.165,solved,
Simonis,problem_10_10.dat,HS problem 202 size 10 10 density  0.40,10,10,9,9,0.16,solved,
Simonis,problem_10_10.dat,HS problem 203 size 10 10 density  0.40,10,10,7,7,0.156,solved,
Simonis,problem_10_10.dat,HS problem 204 size 10 10 density  0.40,10,10,8,8,0.102,solved,
Simonis,problem_10_10.dat,HS problem 205 size 10 10 density  0.40,10,10,7,7,0.098,solved,
Simonis,problem_10_10.dat,HS problem 206 size 10 10 density  0.40,10,10,7,7,0.095,solved,
Simonis,problem_10_10.dat,HS problem 207 size 10 10 density  0.40,10,10,9,9,0.091,solved,
Simonis,problem_10_10.dat,HS problem 208 size 10 10 density  0.40,10,10,9,9,0.086,solved,
Simonis,problem_10_10.dat,HS problem 209 size 10 10 density  0.40,10,10,7,7,0.082,solved,
Simonis,problem_10_10.dat,HS problem 210 size 10 10 density  0.40,10,10,7,7,0.08,solved,
Simonis,problem_10_10.dat,HS problem 211 size 10 10 density  0.40,10,10,9,9,0.076,solved,
Simonis,problem_10_10.dat,HS problem 212 size 10 10 density  0.40,10,10,8,8,0.074,solved,
Simonis,problem_10_10.dat,HS problem 213 size 10 10 density  0.40,10,10,8,8,0.069,solved,
Simonis,problem_10_10.dat,HS problem 214 size 10 10 density  0.40,10,10,7,7,0.065,solved,
Simonis,problem_10_10.dat,HS problem 215 size 10 10 density  0.40,10,10,8,8,0.06,solved,
Simonis,problem_10_10.dat,HS problem 216 size 10 10 density  0.40,10,10,9,9,0.057,solved,
Simonis,problem_10_10.dat,HS problem 217 size 10 10 density  0.40,10,10,8,8,0.052,solved,
Simonis,problem_10_10.dat,HS problem 218 size 10 10 density  0.40,10,10,9,9,0.049,solved,
Simonis,problem_10_10.dat,HS problem 219 size 10 10 density  0.40,10,10,7,7,0.044,solved,
Simonis,problem_10_10.dat,HS problem 220 size 10 10 density  0.40,10,10,6,6,0.042,solved,
Simonis,problem_10_10.dat,HS problem 221 size 10 10 density  0.40,10,10,8,8,0.038,solved,
Simonis,problem_10_10.dat,HS problem 222 size 10 10 density  0.40,10,10,8,8,0.034,solved,
Simonis,problem_10_10.dat,HS problem 223 size 10 10 density  0.40,10,10,9,9,0.029,solved,
Simonis,problem_10_10.dat,HS problem 224 size 10 10 density  0.40,10,10,9,9,0.026,solved,
Simonis,problem_10_10.dat,HS problem 225 size 10 10 density  0.40,10,10,7,7,0.022,solved,
Simonis,problem_10_10.dat,HS problem 226 size 10 10 density  0.40,10,10,9,9,0.168,solved,
Simonis,problem_10_10.dat,HS problem 227 size 10 10 density  0.40,10,10,8,8,0.162,solved,
Simonis,problem_10_10.dat,HS problem 228 size 10 10 density  0.40,10,10,7,7,0.158,solved,
Simonis,problem_10_10.dat,HS problem 229 size 10 10 density  0.40,10,10,8,8,0.156,solved,
Simonis,problem_10_10.dat,HS problem 230 size 10 10 density  0.40,10,10,8,8,0.153,solved,
Simonis,problem_10_10.dat,HS problem 231 size 10 10 density  0.40,10,10,8,8,0.098,solved,
Simonis,problem_10_10.dat,HS problem 232 size 10 10 density  0.40,10,10,6,6,0.094,solved,
Simonis,problem_10_10.dat,HS problem 233 size 10 10 density  0.40,10,10,9,9,0.089,solved,
Simonis,problem_10_10.dat,HS problem 234 size 10 10 density  0.40,10,10,8,8,0.084,solved,
Simonis,problem_10_10.dat,HS problem 235 size 10 10 density  0.40,10,10,7,7,0.081,solved,
Simonis,problem_10_10.dat,HS problem 236 size 10 10 density  0.40,10,10,8,8,0.078,solved,
Simonis,problem_10_10.dat,HS problem 237 size 10 10 density  0.40,10,10,6,6,0.073,solved,
Simonis,problem_10_10.dat,HS problem 238 size 10 10 density  0.40,10,10,9,9,0.068,solved,
Simonis,problem_10_10.dat,HS problem 239 size 10 10 density  0.40,10,10,6,6,0.066,solved,
Simonis,problem_10_10.dat,HS problem 240 size 10 10 density  0.40,10,10,8,8,0.062,solved,
Simonis,problem_10_10.dat,HS problem 241 size 10 10 density  0.40,10,10,8,8,0.057,solved,
Simonis,problem_10_10.dat,HS problem 242 size 10 10 density  0.40,10,10,8,8,0.053,solved,
Simonis,problem_10_10.dat,HS problem 243 size 10 10 density  0.40,10,10,6,6,0.051,solved,
Simonis,problem_10_10.dat,HS problem 244 size 10 10 density  0.40,10,10,8,8,0.048,solved,
Simonis,problem_10_10.dat,HS problem 245 size 10 10 density  0.40,10,10,8,8,0.043,solved,
Simonis,problem_10_10.dat,HS problem 246 size 10 10 density  0.40,10,10,7,7,0.038,solved,
Simonis,problem_10_10.dat,HS problem 247 size 10 10 density  0.40,10,10,8,8,0.035,solved,
Simonis,problem_10_10.dat,HS problem 248 size 10 10 density  0.40,10,10,7,7,0.032,solved,
Simonis,problem_10_10.dat,HS problem 249 size 10 10 density  0.40,10,10,8,8,0.029,solved,
Simonis,problem_10_10.dat,HS problem 250 size 10 10 density  0.40,10,10,9,9,0.025,solved,
Simonis,problem_10_10.dat,HS problem 251 size 10 10 density  0.45,10,10,9,9,0.021,solved,
Simonis,problem_10_10.dat,HS problem 252 size 10 10 density  0.45,10,10,8,8,0.169,solved,
Simonis,problem_10_10.dat,HS problem 253 size 10 10 density  0.45,10,10,8,8,0.165,solved,
Simonis,problem_10_10.dat,HS problem 254 size 10 10 density  0.45,10,10,8,8,0.16,solved,
Simonis,problem_10_10.dat,HS problem 255 size 10 10 density  0.45,10,10,7,7,0.155,solved,
Simonis,problem_10_10.dat,HS problem 256 size 10 10 density  0.45,10,10,8,8,0.101,solved,
Simonis,problem_10_10.dat,HS problem 257 size 10 10 density  0.45,10,10,9,9,0.098,solved,
Simonis,problem_10_10.dat,HS problem 258 size 10 10 density  0.45,10,10,7,7,0.095,solved,
Simonis,problem_10_10.dat,HS problem 259 size 10 10 density  0.45,10,10,10,10,0.091,solved,
Simonis,problem_10_10.dat,HS problem 260 size 10 10 density  0.45,10,10,8,8,0.087,solved,
Simonis,problem_10_10.dat,HS problem 261 size 10 10 density  0.45,10,10,8,8,0.083,solved,
Simonis,problem_10_10.dat,HS problem 262 size 10 10 density  0.45,10,10,7,7,0.078,solved,
Simonis,problem_10_10.dat,HS problem 263 size 10 10 density  0.45,10,10,9,9,0.074,solved,
Simonis,problem_10_10.dat,HS problem 264 size 10 10 density  0.45,10,10,8,8,0.071,solved,
Simonis,problem_10_10.dat,HS problem 265 size 10 10 density  0.45,10,10,9,9,0.066,solved,
Simonis,problem_10_10.dat,HS problem 266 size 10 10 density  0.45,10,10,9,9,0.063,solved,
Simonis,problem_10_10.dat,HS problem 267 size 10 10 density  0.45,10,10,8,8,0.059,solved,
Simonis,problem_10_10.dat,HS problem 268 size 10 10 density  0.45,10,10,9,9,0.054,solved,
Simonis,problem_10_10.dat,HS problem 269 size 10 10 density  0.45,10,10,8,8,0.05,solved,
Simonis,problem_10_10.dat,HS problem 270 size 10 10 density  0.45,10,10,8,8,0.047,solved,
Simonis,problem_10_10.dat,HS problem 271 size 10 10 density  0.45,10,10,9,9,0.043,solved,
Simonis,problem_10_10.dat,HS problem 272 size 10 10 density  0.45,10,10,8,8,0.038,solved,
Simonis,problem_10_10.dat,HS problem 273 size 10 10 density  0.45,10,10,7,7,0.035,solved,
Simonis,problem_10_10.dat,HS problem 274 size 10 10 density  0.45,10,10,8,8,0.029,solved,
Simonis,problem_10_10.dat,HS problem 275 size 10 10 density  0.45,10,10,9,9,0.025,solved,
Simonis,problem_10_10.dat,HS problem 276 size 10 10 density  0.45,10,10,8,8,0.022,solved,
Simonis,problem_10_10.dat,HS problem 277 size 10 10 density  0.45,10,10,8,8,0.018,solved,
Simonis,problem_10_10.dat,HS problem 278 size 10 10 density  0.45,10,10,8,8,0.171,solved,
Simonis,problem_10_10.dat,HS problem 279 size 10 10 density  0.45,10,10,10,10,0.167,solved,
Simonis,problem_10_10.dat,HS problem 280 size 10 10 density  0.45,10,10,9,9,0.162,solved,
Simonis,problem_10_10.dat,HS problem 281 size 10 10 density  0.45,10,10,8,8,0.159,solved,
Simonis,problem_10_10.dat,HS problem 282 size 10 10 density  0.45,10,10,9,9,0.105,solved,
Simonis,problem_10_10.dat,HS problem 283 size 10 10 density  0.45,10,10,9,9,0.101,solved,
Simonis,problem_10_10.dat,HS problem 284 size 10 10 density  0.45,10,10,8,8,0.097,solved,
Simonis,problem_10_10.dat,HS problem 285 size 10 10 density  0.45,10,10,10,10,0.093,solved,
Simonis,problem_10_10.dat,HS problem 286 size 10 10 density  0.45,10,10,8,8,0.088,solved,
Simonis,problem_10_10.dat,HS problem 287 size 10 10 density  0.45,10,10,9,9,0.083,solved,
Simonis,problem_10_10.dat,HS problem 288 size 10 10 density  0.45,10,10,8,8,0.08,solved,
Simonis,problem_10_10.dat,HS problem 289 size 10 10 density  0.45,10,10,9,9,0.077,solved,
Simonis,problem_10_10.dat,HS problem 290 size 10 10 density  0.45,10,10,8,8,0.074,solved,
Simonis,problem_10_10.dat,HS problem 291 size 10 10 density  0.45,10,10,8,8,0.068,solved,
Simonis,problem_10_10.dat,HS problem 292 size 10 10 density  0.45,10,10,7,7,0.064,solved,
Simonis,problem_10_10.dat,HS problem 293 size 10 10 density  0.45,10,10,9,9,0.062,solved,
Simonis,problem_10_10.dat,HS problem 294 size 10 10 density  0.45,10,10,10,10,0.058,solved,
Simonis,problem_10_10.dat,HS problem 295 size 10 10 density  0.45,10,10,8,8,0.054,solved,
Simonis,problem_10_10.dat,HS problem 296 size 10 10 density  0.45,10,10,9,9,0.049,solved,
Simonis,problem_10_10.dat,HS problem 297 size 10 10 density  0.45,10,10,8,8,0.045,solved,
Simonis,problem_10_10.dat,HS problem 298 size 10 10 density  0.45,10,10,9,9,0.039,solved,
Simonis,problem_10_10.dat,HS problem 299 size 10 10 density  0.45,10,10,9,9,0.035,solved,
Simonis,problem_10_10.dat,HS problem 300 size 10 10 density  0.45,10,10,7,7,0.032,solved,
Simonis,problem_10_10.dat,HS problem 301 size 10 10 density  0.50,10,10,9,9,0.028,solved,
Simonis,problem_10_10.dat,HS problem 302 size 10 10 density  0.50,10,10,8,8,0.025,solved,
Simonis,problem_10_10.dat,HS problem 303 size 10 10 density  0.50,10,10,9,9,0.021,solved,
Simonis,problem_10_10.dat,HS problem 304 size 10 10 density  0.50,10,10,8,8,0.173,solved,
Simonis,problem_10_10.dat,HS problem 305 size 10 10 density  0.50,10,10,9,9,0.168,solved,
Simonis,problem_10_10.dat,HS problem 306 size 10 10 density  0.50,10,10,9,9,0.164,solved,
Simonis,problem_10_10.dat,HS problem 307 size 10 10 density  0.50,10,10,8,8,0.159,solved,
Simonis,problem_10_10.dat,HS problem 308 size 10 10 density  0.50,10,10,9,9,0.105,solved,
Simonis,problem_10_10.dat,HS problem 309 size 10 10 density  0.50,10,10,10,10,0.101,solved,
Simonis,problem_10_10.dat,HS problem 310 size 10 10 density  0.50,10,10,9,9,0.097,solved,
Simonis,problem_10_10.dat,HS problem 311 size 10 10 density  0.50,10,10,9,9,0.094,solved,
Simonis,problem_10_10.dat,HS problem 312 size 10 10 density  0.50,10,10,9,9,0.089,solved,
Simonis,problem_10_10.dat,HS problem 313 size 10 10 density  0.50,10,10,8,8,0.086,solved,
Simonis,problem_10_10.dat,HS problem 314 size 10 10 density  0.50,10,10,9,9,0.081,solved,
Simonis,problem_10_10.dat,HS problem 315 size 10 10 density  0.50,10,10,8,8,0.077,solved,
Simonis,problem_10_10.dat,HS problem 316 size 10 10 density  0.50,10,10,10,10,0.072,solved,
Simonis,problem_10_10.dat,HS problem 317 size 10 10 density  0.50,10,10,9,9,0.069,solved,
Simonis,problem_10_10.dat,HS problem 318 size 10 10 density  0.50,10,10,10,10,0.065,solved,
Simonis,problem_10_10.dat,HS problem 319 size 10 10 density  0.50,10,10,8,8,0.061,solved,
Simonis,problem_10_10.dat,HS problem 320 size 10 10 density  0.50,10,10,10,10,0.057,solved,
Simonis,problem_10_10.dat,HS problem 321 size 10 10 density  0.50,10,10,10,10,0.054,solved,
Simonis,problem_10_10.dat,HS problem 322 size 10 10 density  0.50,10,10,9,9,0.049,solved,
Simonis,problem_10_10.dat,HS problem 323 size 10 10 density  0.50,10,10,9,9,0.045,solved,
Simonis,problem_10_10.dat,HS problem 324 size 10 10 density  0.50,10,10,8,8,0.041,solved,
Simonis,problem_10_10.dat,HS problem 325 size 10 10 density  0.50,10,10,9,9,0.037,solved,
Simonis,problem_10_10.dat,HS problem 326 size 10 10 density  0.50,10,10,10,10,0.032,solved,
Simonis,problem_10_10.dat,HS problem 327 size 10 10 density  0.50,10,10,9,9,0.028,solved,
Simonis,problem_10_10.dat,HS problem 328 size 10 10 density  0.50,10,10,9,9,0.024,solved,
Simonis,problem_10_10.dat,HS problem 329 size 10 10 density  0.50,10,10,8,8,0.174,solved,
Simonis,problem_10_10.dat,HS problem 330 size 10 10 density  0.50,10,10,10,10,0.17,solved,
Simonis,problem_10_10.dat,HS problem 331 size 10 10 density  0.50,10,10,8,8,0.166,solved,
Simonis,problem_10_10.dat,HS problem 332 size 10 10 density  0.50,10,10,9,9,0.162,solved,
Simonis,problem_10_10.dat,HS problem 333 size 10 10 density  0.50,10,10,9,9,0.159,solved,
Simonis,problem_10_10.dat,HS problem 334 size 10 10 density  0.50,10,10,8,8,0.103,solved,
Simonis,problem_10_10.dat,HS problem 335 size 10 10 density  0.50,10,10,10,10,0.099,solved,
Simonis,problem_10_10.dat,HS problem 336 size 10 10 density  0.50,10,10,9,9,0.096,solved,
Simonis,problem_10_10.dat,HS problem 337 size 10 10 density  0.50,10,10,9,9,0.093,solved,
Simonis,problem_10_10.dat,HS problem 338 size 10 10 density  0.50,10,10,10,10,0.088,solved,
Simonis,problem_10_10.dat,HS problem 339 size 10 10 density  0.50,10,10,9,9,0.084,solved,
Simonis,problem_10_10.dat,HS problem 340 size 10 10 density  0.50,10,10,9,9,0.079,solved,
Simonis,problem_10_10.dat,HS problem 341 size 10 10 density  0.50,10,10,9,9,0.075,solved,
Simonis,problem_10_10.dat,HS problem 342 size 10 10 density  0.50,10,10,9,9,0.07,solved,
Simonis,problem_10_10.dat,HS problem 343 size 10 10 density  0.50,10,10,9,9,0.066,solved,
Simonis,problem_10_10.dat,HS problem 344 size 10 10 density  0.50,10,10,9,9,0.063,solved,
Simonis,problem_10_10.dat,HS problem 345 size 10 10 density  0.50,10,10,9,9,0.059,solved,
Simonis,problem_10_10.dat,HS problem 346 size 10 10 density  0.50,10,10,8,8,0.053,solved,
Simonis,problem_10_10.dat,HS problem 347 size 10 10 density  0.50,10,10,6,6,0.049,solved,
Simonis,problem_10_10.dat,HS problem 348 size 10 10 density  0.50,10,10,10,10,0.046,solved,
Simonis,problem_10_10.dat,HS problem 349 size 10 10 density  0.50,10,10,8,8,0.042,solved,
Simonis,problem_10_10.dat,HS problem 350 size 10 10 density  0.50,10,10,10,10,0.037,solved,
Simonis,problem_10_10.dat,HS problem 351 size 10 10 density  0.55,10,10,9,9,0.033,solved,
Simonis,problem_10_10.dat,HS problem 352 size 10 10 density  0.55,10,10,10,10,0.031,solved,
Simonis,problem_10_10.dat,HS problem 353 size 10 10 density  0.55,10,10,10,10,0.027,solved,
Simonis,problem_10_10.dat,HS problem 354 size 10 10 density  0.55,10,10,10,10,0.021,solved,
Simonis,problem_10_10.dat,HS problem 355 size 10 10 density  0.55,10,10,10,10,0.173,solved,
Simonis,problem_10_10.dat,HS problem 356 size 10 10 density  0.55,10,10,10,10,0.17,solved,
Simonis,problem_10_10.dat,HS problem 357 size 10 10 density  0.55,10,10,9,9,0.166,solved,
Simonis,problem_10_10.dat,HS problem 358 size 10 10 density  0.55,10,10,10,10,0.161,solved,
Simonis,problem_10_10.dat,HS problem 359 size 10 10 density  0.55,10,10,9,9,0.106,solved,
Simonis,problem_10_10.dat,HS problem 360 size 10 10 density  0.55,10,10,9,9,0.102,solved,
Simonis,problem_10_10.dat,HS problem 361 size 10 10 density  0.55,10,10,9,9,0.098,solved,
Simonis,problem_10_10.dat,HS problem 362 size 10 10 density  0.55,10,10,9,9,0.094,solved,
Simonis,problem_10_10.dat,HS problem 363 size 10 10 density  0.55,10,10,10,10,0.09,solved,
Simonis,problem_10_10.dat,HS problem 364 size 10 10 density  0.55,10,10,9,9,0.087,solved,
Simonis,problem_10_10.dat,HS problem 365 size 10 10 density  0.55,10,10,9,9,0.084,solved,
Simonis,problem_10_10.dat,HS problem 366 size 10 10 density  0.55,10,10,9,9,0.079,solved,
Simonis,problem_10_10.dat,HS problem 367 size 10 10 density  0.55,10,10,10,10,0.073,solved,
Simonis,problem_10_10.dat,HS problem 368 size 10 10 density  0.55,10,10,10,10,0.07,solved,
Simonis,problem_10_10.dat,HS problem 369 size 10 10 density  0.55,10,10,10,10,0.068,solved,
Simonis,problem_10_10.dat,HS problem 370 size 10 10 density  0.55,10,10,10,10,0.063,solved,
Simonis,problem_10_10.dat,HS problem 371 size 10 10 density  0.55,10,10,10,10,0.058,solved,
Simonis,problem_10_10.dat,HS problem 372 size 10 10 density  0.55,10,10,9,9,0.053,solved,
Simonis,problem_10_10.dat,HS problem 373 size 10 10 density  0.55,10,10,9,9,0.051,solved,
Simonis,problem_10_10.dat,HS problem 374 size 10 10 density  0.55,10,10,9,9,0.047,solved,
Simonis,problem_10_10.dat,HS problem 375 size 10 10 density  0.55,10,10,10,10,0.042,solved,
Simonis,problem_10_10.dat,HS problem 376 size 10 10 density  0.55,10,10,9,9,0.038,solved,
Simonis,problem_10_10.dat,HS problem 377 size 10 10 density  0.55,10,10,10,10,0.036,solved,
Simonis,problem_10_10.dat,HS problem 378 size 10 10 density  0.55,10,10,9,9,0.032,solved,
Simonis,problem_10_10.dat,HS problem 379 size 10 10 density  0.55,10,10,10,10,0.027,solved,
Simonis,problem_10_10.dat,HS problem 380 size 10 10 density  0.55,10,10,10,10,0.021,solved,
Simonis,problem_10_10.dat,HS problem 381 size 10 10 density  0.55,10,10,9,9,0.173,solved,
Simonis,problem_10_10.dat,HS problem 382 size 10 10 density  0.55,10,10,10,10,0.171,solved,
Simonis,problem_10_10.dat,HS problem 383 size 10 10 density  0.55,10,10,10,10,0.167,solved,
Simonis,problem_10_10.dat,HS problem 384 size 10 10 density  0.55,10,10,10,10,0.162,solved,
Simonis,problem_10_10.dat,HS problem 385 size 10 10 density  0.55,10,10,10,10,0.107,solved,
Simonis,problem_10_10.dat,HS problem 386 size 10 10 density  0.55,10,10,10,10,0.103,solved,
Simonis,problem_10_10.dat,HS problem 387 size 10 10 density  0.55,10,10,10,10,0.099,solved,
Simonis,problem_10_10.dat,HS problem 388 size 10 10 density  0.55,10,10,9,9,0.094,solved,
Simonis,problem_10_10.dat,HS problem 389 size 10 10 density  0.55,10,10,10,10,0.09,solved,
Simonis,problem_10_10.dat,HS problem 390 size 10 10 density  0.55,10,10,10,10,0.086,solved,
Simonis,problem_10_10.dat,HS problem 391 size 10 10 density  0.55,10,10,10,10,0.082,solved,
Simonis,problem_10_10.dat,HS problem 392 size 10 10 density  0.55,10,10,9,9,0.079,solved,
Simonis,problem_10_10.dat,HS problem 393 size 10 10 density  0.55,10,10,10,10,0.073,solved,
Simonis,problem_10_10.dat,HS problem 394 size 10 10 density  0.55,10,10,10,10,0.069,solved,
Simonis,problem_10_10.dat,HS problem 395 size 10 10 density  0.55,10,10,8,8,0.067,solved,
Simonis,problem_10_10.dat,HS problem 396 size 10 10 density  0.55,10,10,9,9,0.063,solved,
Simonis,problem_10_10.dat,HS problem 397 size 10 10 density  0.55,10,10,8,8,0.059,solved,
Simonis,problem_10_10.dat,HS problem 398 size 10 10 density  0.55,10,10,9,9,0.055,solved,
Simonis,problem_10_10.dat,HS problem 399 size 10 10 density  0.55,10,10,10,10,0.052,solved,
Simonis,problem_10_10.dat,HS problem 400 size 10 10 density  0.55,10,10,10,10,0.049,solved,
Simonis,problem_10_10.dat,HS problem 401 size 10 10 density  0.60,10,10,10,10,0.044,solved,
Simonis,problem_10_10.dat,HS problem 402 size 10 10 density  0.60,10,10,9,9,0.039,solved,
Simonis,problem_10_10.dat,HS problem 403 size 10 10 density  0.60,10,10,9,9,0.034,solved,
Simonis,problem_10_10.dat,HS problem 404 size 10 10 density  0.60,10,10,10,10,0.031,solved,
Simonis,problem_10_10.dat,HS problem 405 size 10 10 density  0.60,10,10,10,10,0.026,solved,
Simonis,problem_10_10.dat,HS problem 406 size 10 10 density  0.60,10,10,9,9,0.024,solved,
Simonis,problem_10_10.dat,HS problem 407 size 10 10 density  0.60,10,10,10,10,0.184,solved,
Simonis,problem_10_10.dat,HS problem 408 size 10 10 density  0.60,10,10,10,10,0.179,solved,
Simonis,problem_10_10.dat,HS problem 409 size 10 10 density  0.60,10,10,9,9,0.173,solved,
Simonis,problem_10_10.dat,HS problem 410 size 10 10 density  0.60,10,10,10,10,0.169,solved,
Simonis,problem_10_10.dat,HS problem 411 size 10 10 density  0.60,10,10,10,10,0.113,solved,
Simonis,problem_10_10.dat,HS problem 412 size 10 10 density  0.60,10,10,10,10,0.109,solved,
Simonis,problem_10_10.dat,HS problem 413 size 10 10 density  0.60,10,10,9,9,0.105,solved,
Simonis,problem_10_10.dat,HS problem 414 size 10 10 density  0.60,10,10,9,9,0.101,solved,
Simonis,problem_10_10.dat,HS problem 415 size 10 10 density  0.60,10,10,10,10,0.097,solved,
Simonis,problem_10_10.dat,HS problem 416 size 10 10 density  0.60,10,10,10,10,0.092,solved,
Simonis,problem_10_10.dat,HS problem 417 size 10 10 density  0.60,10,10,9,9,0.087,solved,
Simonis,problem_10_10.dat,HS problem 418 size 10 10 density  0.60,10,10,8,8,0.085,solved,
Simonis,problem_10_10.dat,HS problem 419 size 10 10 density  0.60,10,10,10,10,0.081,solved,
Simonis,problem_10_10.dat,HS problem 420 size 10 10 density  0.60,10,10,10,10,0.076,solved,
Simonis,problem_10_10.dat,HS problem 421 size 10 10 density  0.60,10,10,10,10,0.071,solved,
Simonis,problem_10_10.dat,HS problem 422 size 10 10 density  0.60,10,10,10,10,0.068,solved,
Simonis,problem_10_10.dat,HS problem 423 size 10 10 density  0.60,10,10,10,10,0.064,solved,
Simonis,problem_10_10.dat,HS problem 424 size 10 10 density  0.60,10,10,10,10,0.058,solved,
Simonis,problem_10_10.dat,HS problem 425 size 10 10 density  0.60,10,10,10,10,0.054,solved,
Simonis,problem_10_10.dat,HS problem 426 size 10 10 density  0.60,10,10,10,10,0.052,solved,
Simonis,problem_10_10.dat,HS problem 427 size 10 10 density  0.60,10,10,10,10,0.048,solved,
Simonis,problem_10_10.dat,HS problem 428 size 10 10 density  0.60,10,10,10,10,0.043,solved,
Simonis,problem_10_10.dat,HS problem 429 size 10 10 density  0.60,10,10,10,10,0.038,solved,
Simonis,problem_10_10.dat,HS problem 430 size 10 10 density  0.60,10,10,10,10,0.035,solved,
Simonis,problem_10_10.dat,HS problem 431 size 10 10 density  0.60,10,10,10,10,0.031,solved,
Simonis,problem_10_10.dat,HS problem 432 size 10 10 density  0.60,10,10,10,10,0.026,solved,
Simonis,problem_10_10.dat,HS problem 433 size 10 10 density  0.60,10,10,10,10,0.02,solved,
Simonis,problem_10_10.dat,HS problem 434 size 10 10 density  0.60,10,10,10,10,0.187,solved,
Simonis,problem_10_10.dat,HS problem 435 size 10 10 density  0.60,10,10,10,10,0.184,solved,
Simonis,problem_10_10.dat,HS problem 436 size 10 10 density  0.60,10,10,9,9,0.178,solved,
Simonis,problem_10_10.dat,HS problem 437 size 10 10 density  0.60,10,10,9,9,0.121,solved,
Simonis,problem_10_10.dat,HS problem 438 size 10 10 density  0.60,10,10,10,10,0.117,solved,
Simonis,problem_10_10.dat,HS problem 439 size 10 10 density  0.60,10,10,10,10,0.113,solved,
Simonis,problem_10_10.dat,HS problem 440 size 10 10 density  0.60,10,10,10,10,0.109,solved,
Simonis,problem_10_10.dat,HS problem 441 size 10 10 density  0.60,10,10,10,10,0.104,solved,
Simonis,problem_10_10.dat,HS problem 442 size 10 10 density  0.60,10,10,10,10,0.1,solved,
Simonis,problem_10_10.dat,HS problem 443 size 10 10 density  0.60,10,10,9,9,0.095,solved,
Simonis,problem_10_10.dat,HS problem 444 size 10 10 density  0.60,10,10,10,10,0.091,solved,
Simonis,problem_10_10.dat,HS problem 445 size 10 10 density  0.60,10,10,10,10,0.086,solved,
Simonis,problem_10_10.dat,HS problem 446 size 10 10 density  0.60,10,10,10,10,0.082,solved,
Simonis,problem_10_10.dat,HS problem 447 size 10 10 density  0.60,10,10,9,9,0.079,solved,
Simonis,problem_10_10.dat,HS problem 448 size 10 10 density  0.60,10,10,9,9,0.073,solved,
Simonis,problem_10_10.dat,HS problem 449 size 10 10 density  0.60,10,10,9,9,0.067,solved,
Simonis,problem_10_10.dat,HS problem 450 size 10 10 density  0.60,10,10,10,10,0.064,solved,
Simonis,problem_10_10.dat,HS problem 451 size 10 10 density  0.65,10,10,10,10,0.06,solved,
Simonis,problem_10_10.dat,HS problem 452 size 10 10 density  0.65,10,10,10,10,0.057,solved,
Simonis,problem_10_10.dat,HS problem 453 size 10 10 density  0.65,10,10,10,10,0.05,solved,
Simonis,problem_10_10.dat,HS problem 454 size 10 10 density  0.65,10,10,10,10,0.045,solved,
Simonis,problem_10_10.dat,HS problem 455 size 10 10 density  0.65,10,10,9,9,0.041,solved,
Simonis,problem_10_10.dat,HS problem 456 size 10 10 density  0.65,10,10,10,10,0.037,solved,
Simonis,problem_10_10.dat,HS problem 457 size 10 10 density  0.65,10,10,10,10,0.031,solved,
Simonis,problem_10_10.dat,HS problem 458 size 10 10 density  0.65,10,10,10,10,0.026,solved,
Simonis,problem_10_10.dat,HS problem 459 size 10 10 density  0.65,10,10,10,10,0.024,solved,
Simonis,problem_10_10.dat,HS problem 460 size 10 10 density  0.65,10,10,10,10,0.179,solved,
Simonis,problem_10_10.dat,HS problem 461 size 10 10 density  0.65,10,10,10,10,0.176,solved,
Simonis,problem_10_10.dat,HS problem 462 size 10 10 density  0.65,10,10,10,10,0.17,solved,
Simonis,problem_10_10.dat,HS problem 463 size 10 10 density  0.65,10,10,10,10,0.167,solved,
Simonis,problem_10_10.dat,HS problem 464 size 10 10 density  0.65,10,10,10,10,0.109,solved,
Simonis,problem_10_10.dat,HS problem 465 size 10 10 density  0.65,10,10,10,10,0.106,solved,
Simonis,problem_10_10.dat,HS problem 466 size 10 10 density  0.65,10,10,10,10,0.103,solved,
Simonis,problem_10_10.dat,HS problem 467 size 10 10 density  0.65,10,10,10,10,0.099,solved,
Simonis,problem_10_10.dat,HS problem 468 size 10 10 density  0.65,10,10,9,9,0.094,solved,
Simonis,problem_10_10.dat,HS problem 469 size 10 10 density  0.65,10,10,9,9,0.09,solved,
Simonis,problem_10_10.dat,HS problem 470 size 10 10 density  0.65,10,10,10,10,0.085,solved,
Simonis,problem_10_10.dat,HS problem 471 size 10 10 density  0.65,10,10,10,10,0.081,solved,
Simonis,problem_10_10.dat,HS problem 472 size 10 10 density  0.65,10,10,10,10,0.077,solved,
Simonis,problem_10_10.dat,HS problem 473 size 10 10 density  0.65,10,10,10,10,0.074,solved,
Simonis,problem_10_10.dat,HS problem 474 size 10 10 density  0.65,10,10,10,10,0.071,solved,
Simonis,problem_10_10.dat,HS problem 475 size 10 10 density  0.65,10,10,10,10,0.067,solved,
Simonis,problem_10_10.dat,HS problem 476 size 10 10 density  0.65,10,10,10,10,0.061,solved,
Simonis,problem_10_10.dat,HS problem 477 size 10 10 density  0.65,10,10,10,10,0.056,solved,
Simonis,problem_10_10.dat,HS problem 478 size 10 10 density  0.65,10,10,10,10,0.052,solved,
Simonis,problem_10_10.dat,HS problem 479 size 10 10 density  0.65,10,10,10,10,0.047,solved,
Simonis,problem_10_10.dat,HS problem 480 size 10 10 density  0.65,10,10,10,10,0.043,solved,
Simonis,problem_10_10.dat,HS problem 481 size 10 10 density  0.65,10,10,9,9,0.039,solved,
Simonis,problem_10_10.dat,HS problem 482 size 10 10 density  0.65,10,10,10,10,0.035,solved,
Simonis,problem_10_10.dat,HS problem 483 size 10 10 density  0.65,10,10,10,10,0.029,solved,
Simonis,problem_10_10.dat,HS problem 484 size 10 10 density  0.65,10,10,10,10,0.024,solved,
Simonis,problem_10_10.dat,HS problem 485 size 10 10 density  0.65,10,10,10,10,0.022,solved,
Simonis,problem_10_10.dat,HS problem 486 size 10 10 density  0.65,10,10,10,10,0.184,solved,
Simonis,problem_10_10.dat,HS problem 487 size 10 10 density  0.65,10,10,10,10,0.179,solved,
Simonis,problem_10_10.dat,HS problem 488 size 10 10 density  0.65,10,10,10,10,0.175,solved,
Simonis,problem_10_10.dat,HS problem 489 size 10 10 density  0.65,10,10,10,10,0.172,solved,
Simonis,problem_10_10.dat,HS problem 490 size 10 10 density  0.65,10,10,10,10,0.116,solved,
Simonis,problem_10_10.dat,HS problem 491 size 10 10 density  0.65,10,10,9,9,0.112,solved,
Simonis,problem_10_10.dat,HS problem 492 size 10 10 density  0.65,10,10,10,10,0.108,solved,
Simonis,problem_10_10.dat,HS problem 493 size 10 10 density  0.65,10,10,9,9,0.105,solved,
Simonis,problem_10_10.dat,HS problem 494 size 10 10 density  0.65,10,10,10,10,0.1,solved,
Simonis,problem_10_10.dat,HS problem 495 size 10 10 density  0.65,10,10,10,10,0.095,solved,
Simonis,problem_10_10.dat,HS problem 496 size 10 10 density  0.65,10,10,10,10,0.09,solved,
Simonis,problem_10_10.dat,HS problem 497 size 10 10 density  0.65,10,10,10,10,0.086,solved,
Simonis,problem_10_10.dat,HS problem 498 size 10 10 density  0.65,10,10,10,10,0.081,solved,
Simonis,problem_10_10.dat,HS problem 499 size 10 10 density  0.65,10,10,9,9,0.077,solved,
Simonis,problem_10_10.dat,HS problem 500 size 10 10 density  0.65,10,10,10,10,0.072,solved,
Simonis,problem_10_10.dat,HS problem 501 size 10 10 density  0.70,10,10,10,10,0.068,solved,
Simonis,problem_10_10.dat,HS problem 502 size 10 10 density  0.70,10,10,10,10,0.062,solved,
Simonis,problem_10_10.dat,HS problem 503 size 10 10 density  0.70,10,10,10,10,0.058,solved,
Simonis,problem_10_10.dat,HS problem 504 size 10 10 density  0.70,10,10,10,10,0.053,solved,
Simonis,problem_10_10.dat,HS problem 505 size 10 10 density  0.70,10,10,10,10,0.049,solved,
Simonis,problem_10_10.dat,HS problem 506 size 10 10 density  0.70,10,10,10,10,0.044,solved,
Simonis,problem_10_10.dat,HS problem 507 size 10 10 density  0.70,10,10,10,10,0.04,solved,
Simonis,problem_10_10.dat,HS problem 508 size 10 10 density  0.70,10,10,10,10,0.035,solved,
Simonis,problem_10_10.dat,HS problem 509 size 10 10 density  0.70,10,10,10,10,0.031,solved,
Simonis,problem_10_10.dat,HS problem 510 size 10 10 density  0.70,10,10,10,10,0.024,solved,
Simonis,problem_10_10.dat,HS problem 511 size 10 10 density  0.70,10,10,10,10,0.02,solved,
Simonis,problem_10_10.dat,HS problem 512 size 10 10 density  0.70,10,10,10,10,0.018,solved,
Simonis,problem_10_10.dat,HS problem 513 size 10 10 density  0.70,10,10,10,10,0.186,solved,
Simonis,problem_10_10.dat,HS problem 514 size 10 10 density  0.70,10,10,10,10,0.181,solved,
Simonis,problem_10_10.dat,HS problem 515 size 10 10 density  0.70,10,10,10,10,0.176,solved,
Simonis,problem_10_10.dat,HS problem 516 size 10 10 density  0.70,10,10,10,10,0.122,solved,
Simonis,problem_10_10.dat,HS problem 517 size 10 10 density  0.70,10,10,10,10,0.118,solved,
Simonis,problem_10_10.dat,HS problem 518 size 10 10 density  0.70,10,10,10,10,0.114,solved,
Simonis,problem_10_10.dat,HS problem 519 size 10 10 density  0.70,10,10,10,10,0.111,solved,
Simonis,problem_10_10.dat,HS problem 520 size 10 10 density  0.70,10,10,10,10,0.106,solved,
Simonis,problem_10_10.dat,HS problem 521 size 10 10 density  0.70,10,10,10,10,0.102,solved,
Simonis,problem_10_10.dat,HS problem 522 size 10 10 density  0.70,10,10,10,10,0.096,solved,
Simonis,problem_10_10.dat,HS problem 523 size 10 10 density  0.70,10,10,10,10,0.091,solved,
Simonis,problem_10_10.dat,HS problem 524 size 10 10 density  0.70,10,10,10,10,0.087,solved,
Simonis,problem_10_10.dat,HS problem 525 size 10 10 density  0.70,10,10,10,10,0.083,solved,
Simonis,problem_10_10.dat,HS problem 526 size 10 10 density  0.70,10,10,10,10,0.078,solved,
Simonis,problem_10_10.dat,HS problem 527 size 10 10 density  0.70,10,10,10,10,0.073,solved,
Simonis,problem_10_10.dat,HS problem 528 size 10 10 density  0.70,10,10,10,10,0.068,solved,
Simonis,problem_10_10.dat,HS problem 529 size 10 10 density  0.70,10,10,10,10,0.064,solved,
Simonis,problem_10_10.dat,HS problem 530 size 10 10 density  0.70,10,10,9,9,0.059,solved,
Simonis,problem_10_10.dat,HS problem 531 size 10 10 density  0.70,10,10,10,10,0.054,solved,
Simonis,problem_10_10.dat,HS problem 532 size 10 10 density  0.70,10,10,10,10,0.049,solved,
Simonis,problem_10_10.dat,HS problem 533 size 10 10 density  0.70,10,10,10,10,0.045,solved,
Simonis,problem_10_10.dat,HS problem 534 size 10 10 density  0.70,10,10,10,10,0.04,solved,
Simonis,problem_10_10.dat,HS problem 535 size 10 10 density  0.70,10,10,10,10,0.036,solved,
Simonis,problem_10_10.dat,HS problem 536 size 10 10 density  0.70,10,10,10,10,0.03,solved,
Simonis,problem_10_10.dat,HS problem 537 size 10 10 density  0.70,10,10,10,10,0.026,solved,
Simonis,problem_10_10.dat,HS problem 538 size 10 10 density  0.70,10,10,10,10,0.022,solved,
Simonis,problem_10_10.dat,HS problem 539 size 10 10 density  0.70,10,10,10,10,0.018,solved,
Simonis,problem_10_10.dat,HS problem 540 size 10 10 density  0.70,10,10,10,10,0.191,solved,
Simonis,problem_10_10.dat,HS problem 541 size 10 10 density  0.70,10,10,9,9,0.186,solved,
Simonis,problem_10_10.dat,HS problem 542 size 10 10 density  0.70,10,10,10,10,0.18,solved,
Simonis,problem_10_10.dat,HS problem 543 size 10 10 density  0.70,10,10,10,10,0.127,solved,
Simonis,problem_10_10.dat,HS problem 544 size 10 10 density  0.70,10,10,9,9,0.122,solved,
Simonis,problem_10_10.dat,HS problem 545 size 10 10 density  0.70,10,10,10,10,0.118,solved,
Simonis,problem_10_10.dat,HS problem 546 size 10 10 density  0.70,10,10,10,10,0.114,solved,
Simonis,problem_10_10.dat,HS problem 547 size 10 10 density  0.70,10,10,10,10,0.109,solved,
Simonis,problem_10_10.dat,HS problem 548 size 10 10 density  0.70,10,10,10,10,0.105,solved,
Simonis,problem_10_10.dat,HS problem 549 size 10 10 density  0.70,10,10,10,10,0.099,solved,
Simonis,problem_10_10.dat,HS problem 550 size 10 10 density  0.70,10,10,10,10,0.095,solved,
Simonis,problem_10_20.dat,HS problem 2641 size 10 20 density  0.20,10,20,7,7,0.089,solved,
Simonis,problem_10_20.dat,HS problem 2642 size 10 20 density  0.20,10,20,6,6,0.086,solved,
Simonis,problem_10_20.dat,HS problem 2643 size 10 20 density  0.20,10,20,5,5,0.08,solved,
Simonis,problem_10_20.dat,HS problem 2644 size 10 20 density  0.20,10,20,7,7,0.076,solved,
Simonis,problem_10_20.dat,HS problem 2645 size 10 20 density  0.20,10,20,6,6,0.071,solved,
Simonis,problem_10_20.dat,HS problem 2646 size 10 20 density  0.20,10,20,7,7,0.067,solved,
Simonis,problem_10_20.dat,HS problem 2647 size 10 20 density  0.20,10,20,7,7,0.061,solved,
Simonis,problem_10_20.dat,HS problem 2648 size 10 20 density  0.20,10,20,5,5,0.056,solved,
Simonis,problem_10_20.dat,HS problem 2649 size 10 20 density  0.20,10,20,5,5,0.051,solved,
Simonis,problem_10_20.dat,HS problem 2650 size 10 20 density  0.20,10,20,6,6,0.047,solved,
Simonis,problem_10_20.dat,HS problem 2651 size 10 20 density  0.20,10,20,5,5,0.041,solved,
Simonis,problem_10_20.dat,HS problem 2652 size 10 20 density  0.20,10,20,7,7,0.037,solved,
Simonis,problem_10_20.dat,HS problem 2653 size 10 20 density  0.20,10,20,4,4,0.03,solved,
Simonis,problem_10_20.dat,HS problem 2654 size 10 20 density  0.20,10,20,7,7,0.026,solved,
Simonis,problem_10_20.dat,HS problem 2655 size 10 20 density  0.20,10,20,7,7,0.186,solved,
Simonis,problem_10_20.dat,HS problem 2656 size 10 20 density  0.20,10,20,6,6,0.181,solved,
Simonis,problem_10_20.dat,HS problem 2657 size 10 20 density  0.20,10,20,4,4,0.177,solved,
Simonis,problem_10_20.dat,HS problem 2658 size 10 20 density  0.20,10,20,5,5,0.173,solved,
Simonis,problem_10_20.dat,HS problem 2659 size 10 20 density  0.20,10,20,7,7,0.17,solved,
Simonis,problem_10_20.dat,HS problem 2660 size 10 20 density  0.20,10,20,6,6,0.115,solved,
Simonis,problem_10_20.dat,HS problem 2661 size 10 20 density  0.20,10,20,4,4,0.111,solved,
Simonis,problem_10_20.dat,HS problem 2662 size 10 20 density  0.20,10,20,6,6,0.107,solved,
Simonis,problem_10_20.dat,HS problem 2663 size 10 20 density  0.20,10,20,5,5,0.104,solved,
Simonis,problem_10_20.dat,HS problem 2664 size 10 20 density  0.20,10,20,6,6,0.098,solved,
Simonis,problem_10_20.dat,HS problem 2665 size 10 20 density  0.20,10,20,5,5,0.094,solved,
Simonis,problem_10_20.dat,HS problem 2666 size 10 20 density  0.20,10,20,8,8,0.088,solved,
Simonis,problem_10_20.dat,HS problem 2667 size 10 20 density  0.20,10,20,5,5,0.084,solved,
Simonis,problem_10_20.dat,HS problem 2668 size 10 20 density  0.20,10,20,6,6,0.079,solved,
Simonis,problem_10_20.dat,HS problem 2669 size 10 20 density  0.20,10,20,6,6,0.074,solved,
Simonis,problem_10_20.dat,HS problem 2670 size 10 20 density  0.20,10,20,5,5,0.069,solved,
Simonis,problem_10_20.dat,HS problem 2671 size 10 20 density  0.20,10,20,5,5,0.065,solved,
Simonis,problem_10_20.dat,HS problem 2672 size 10 20 density  0.20,10,20,7,7,0.059,solved,
Simonis,problem_10_20.dat,HS problem 2673 size 10 20 density  0.20,10,20,7,7,0.055,solved,
Simonis,problem_10_20.dat,HS problem 2674 size 10 20 density  0.20,10,20,5,5,0.05,solved,
Simonis,problem_10_20.dat,HS problem 2675 size 10 20 density  0.20,10,20,6,6,0.047,solved,
Simonis,problem_10_20.dat,HS problem 2676 size 10 20 density  0.20,10,20,7,7,0.042,solved,
Simonis,problem_10_20.dat,HS problem 2677 size 10 20 density  0.20,10,20,6,6,0.037,solved,
Simonis,problem_10_20.dat,HS problem 2678 size 10 20 density  0.20,10,20,7,7,0.033,solved,
Simonis,problem_10_20.dat,HS problem 2679 size 10 20 density  0.20,10,20,5,5,0.029,solved,
Simonis,problem_10_20.dat,HS problem 2680 size 10 20 density  0.20,10,20,6,6,0.023,solved,
Simonis,problem_10_20.dat,HS problem 2681 size 10 20 density  0.20,10,20,7,7,0.19,solved,
Simonis,problem_10_20.dat,HS problem 2682 size 10 20 density  0.20,10,20,6,6,0.188,solved,
Simonis,problem_10_20.dat,HS problem 2683 size 10 20 density  0.20,10,20,5,5,0.183,solved,
Simonis,problem_10_20.dat,HS problem 2684 size 10 20 density  0.20,10,20,4,4,0.177,solved,
Simonis,problem_10_20.dat,HS problem 2685 size 10 20 density  0.20,10,20,7,7,0.121,solved,
Simonis,problem_10_20.dat,HS problem 2686 size 10 20 density  0.20,10,20,5,5,0.118,solved,
Simonis,problem_10_20.dat,HS problem 2687 size 10 20 density  0.20,10,20,6,6,0.114,solved,
Simonis,problem_10_20.dat,HS problem 2688 size 10 20 density  0.20,10,20,6,6,0.109,solved,
Simonis,problem_10_20.dat,HS problem 2689 size 10 20 density  0.20,10,20,6,6,0.104,solved,
Simonis,problem_10_20.dat,HS problem 2690 size 10 20 density  0.20,10,20,6,6,0.1,solved,
Simonis,problem_10_20.dat,HS problem 2691 size 10 20 density  0.25,10,20,7,7,0.094,solved,
Simonis,problem_10_20.dat,HS problem 2692 size 10 20 density  0.25,10,20,7,7,0.089,solved,
Simonis,problem_10_20.dat,HS problem 2693 size 10 20 density  0.25,10,20,8,8,0.084,solved,
Simonis,problem_10_20.dat,HS problem 2694 size 10 20 density  0.25,10,20,6,6,0.079,solved,
Simonis,problem_10_20.dat,HS problem 2695 size 10 20 density  0.25,10,20,6,6,0.075,solved,
Simonis,problem_10_20.dat,HS problem 2696 size 10 20 density  0.25,10,20,7,7,0.069,solved,
Simonis,problem_10_20.dat,HS problem 2697 size 10 20 density  0.25,10,20,7,7,0.065,solved,
Simonis,problem_10_20.dat,HS problem 2698 size 10 20 density  0.25,10,20,5,5,0.06,solved,
Simonis,problem_10_20.dat,HS problem 2699 size 10 20 density  0.25,10,20,7,7,0.056,solved,
Simonis,problem_10_20.dat,HS problem 2700 size 10 20 density  0.25,10,20,8,8,0.05,solved,
Simonis,problem_10_20.dat,HS problem 2701 size 10 20 density  0.25,10,20,6,6,0.044,solved,
Simonis,problem_10_20.dat,HS problem 2702 size 10 20 density  0.25,10,20,8,8,0.041,solved,
Simonis,problem_10_20.dat,HS problem 2703 size 10 20 density  0.25,10,20,8,8,0.037,solved,
Simonis,problem_10_20.dat,HS problem 2704 size 10 20 density  0.25,10,20,6,6,0.033,solved,
Simonis,problem_10_20.dat,HS problem 2705 size 10 20 density  0.25,10,20,6,6,0.028,solved,
Simonis,problem_10_20.dat,HS problem 2706 size 10 20 density  0.25,10,20,7,7,0.023,solved,
Simonis,problem_10_20.dat,HS problem 2707 size 10 20 density  0.25,10,20,8,8,0.186,solved,
Simonis,problem_10_20.dat,HS problem 2708 size 10 20 density  0.25,10,20,8,8,0.182,solved,
Simonis,problem_10_20.dat,HS problem 2709 size 10 20 density  0.25,10,20,7,7,0.179,solved,
Simonis,problem_10_20.dat,HS problem 2710 size 10 20 density  0.25,10,20,7,7,0.174,solved,
Simonis,problem_10_20.dat,HS problem 2711 size 10 20 density  0.25,10,20,6,6,0.117,solved,
Simonis,problem_10_20.dat,HS problem 2712 size 10 20 density  0.25,10,20,6,6,0.112,solved,
Simonis,problem_10_20.dat,HS problem 2713 size 10 20 density  0.25,10,20,8,8,0.108,solved,
Simonis,problem_10_20.dat,HS problem 2714 size 10 20 density  0.25,10,20,7,7,0.105,solved,
Simonis,problem_10_20.dat,HS problem 2715 size 10 20 density  0.25,10,20,8,8,0.101,solved,
Simonis,problem_10_20.dat,HS problem 2716 size 10 20 density  0.25,10,20,6,6,0.095,solved,
Simonis,problem_10_20.dat,HS problem 2717 size 10 20 density  0.25,10,20,6,6,0.089,solved,
Simonis,problem_10_20.dat,HS problem 2718 size 10 20 density  0.25,10,20,7,7,0.087,solved,
Simonis,problem_10_20.dat,HS problem 2719 size 10 20 density  0.25,10,20,5,5,0.082,solved,
Simonis,problem_10_20.dat,HS problem 2720 size 10 20 density  0.25,10,20,7,7,0.077,solved,
Simonis,problem_10_20.dat,HS problem 2721 size 10 20 density  0.25,10,20,6,6,0.072,solved,
Simonis,problem_10_20.dat,HS problem 2722 size 10 20 density  0.25,10,20,9,9,0.068,solved,
Simonis,problem_10_20.dat,HS problem 2723 size 10 20 density  0.25,10,20,8,8,0.064,solved,
Simonis,problem_10_20.dat,HS problem 2724 size 10 20 density  0.25,10,20,6,6,0.059,solved,
Simonis,problem_10_20.dat,HS problem 2725 size 10 20 density  0.25,10,20,6,6,0.053,solved,
Simonis,problem_10_20.dat,HS problem 2726 size 10 20 density  0.25,10,20,8,8,0.05,solved,
Simonis,problem_10_20.dat,HS problem 2727 size 10 20 density  0.25,10,20,7,7,0.046,solved,
Simonis,problem_10_20.dat,HS problem 2728 size 10 20 density  0.25,10,20,6,6,0.04,solved,
Simonis,problem_10_20.dat,HS problem 2729 size 10 20 density  0.25,10,20,7,7,0.034,solved,
Simonis,problem_10_20.dat,HS problem 2730 size 10 20 density  0.25,10,20,6,6,0.031,solved,
Simonis,problem_10_20.dat,HS problem 2731 size 10 20 density  0.25,10,20,7,7,0.027,solved,
Simonis,problem_10_20.dat,HS problem 2732 size 10 20 density  0.25,10,20,8,8,0.187,solved,
Simonis,problem_10_20.dat,HS problem 2733 size 10 20 density  0.25,10,20,8,8,0.18,solved,
Simonis,problem_10_20.dat,HS problem 2734 size 10 20 density  0.25,10,20,6,6,0.176,solved,
Simonis,problem_10_20.dat,HS problem 2735 size 10 20 density  0.25,10,20,7,7,0.173,solved,
Simonis,problem_10_20.dat,HS problem 2736 size 10 20 density  0.25,10,20,7,7,0.169,solved,
Simonis,problem_10_20.dat,HS problem 2737 size 10 20 density  0.25,10,20,7,7,0.114,solved,
Simonis,problem_10_20.dat,HS problem 2738 size 10 20 density  0.25,10,20,8,8,0.111,solved,
Simonis,problem_10_20.dat,HS problem 2739 size 10 20 density  0.25,10,20,7,7,0.107,solved,
Simonis,problem_10_20.dat,HS problem 2740 size 10 20 density  0.25,10,20,6,6,0.103,solved,
Simonis,problem_10_20.dat,HS problem 2741 size 10 20 density  0.30,10,20,8,8,0.098,solved,
Simonis,problem_10_20.dat,HS problem 2742 size 10 20 density  0.30,10,20,9,9,0.094,solved,
Simonis,problem_10_20.dat,HS problem 2743 size 10 20 density  0.30,10,20,8,8,0.088,solved,
Simonis,problem_10_20.dat,HS problem 2744 size 10 20 density  0.30,10,20,7,7,0.084,solved,
Simonis,problem_10_20.dat,HS problem 2745 size 10 20 density  0.30,10,20,8,8,0.079,solved,
Simonis,problem_10_20.dat,HS problem 2746 size 10 20 density  0.30,10,20,7,7,0.074,solved,
Simonis,problem_10_20.dat,HS problem 2747 size 10 20 density  0.30,10,20,7,7,0.069,solved,
Simonis,problem_10_20.dat,HS problem 2748 size 10 20 density  0.30,10,20,8,8,0.066,solved,
Simonis,problem_10_20.dat,HS problem 2749 size 10 20 density  0.30,10,20,8,8,0.061,solved,
Simonis,problem_10_20.dat,HS problem 2750 size 10 20 density  0.30,10,20,9,9,0.057,solved,
Simonis,problem_10_20.dat,HS problem 2751 size 10 20 density  0.30,10,20,8,8,0.05,solved,
Simonis,problem_10_20.dat,HS problem 2752 size 10 20 density  0.30,10,20,7,7,0.045,solved,
Simonis,problem_10_20.dat,HS problem 2753 size 10 20 density  0.30,10,20,9,9,0.041,solved,
Simonis,problem_10_20.dat,HS problem 2754 size 10 20 density  0.30,10,20,8,8,0.036,solved,
Simonis,problem_10_20.dat,HS problem 2755 size 10 20 density  0.30,10,20,8,8,0.031,solved,
Simonis,problem_10_20.dat,HS problem 2756 size 10 20 density  0.30,10,20,9,9,0.026,solved,
Simonis,problem_10_20.dat,HS problem 2757 size 10 20 density  0.30,10,20,9,9,0.023,solved,
Simonis,problem_10_20.dat,HS problem 2758 size 10 20 density  0.30,10,20,8,8,0.19,solved,
Simonis,problem_10_20.dat,HS problem 2759 size 10 20 density  0.30,10,20,7,7,0.188,solved,
Simonis,problem_10_20.dat,HS problem 2760 size 10 20 density  0.30,10,20,7,7,0.183,solved,
Simonis,problem_10_20.dat,HS problem 2761 size 10 20 density  0.30,10,20,7,7,0.177,solved,
Simonis,problem_10_20.dat,HS problem 2762 size 10 20 density  0.30,10,20,8,8,0.121,solved,
Simonis,problem_10_20.dat,HS problem 2763 size 10 20 density  0.30,10,20,9,9,0.117,solved,
Simonis,problem_10_20.dat,HS problem 2764 size 10 20 density  0.30,10,20,8,8,0.113,solved,
Simonis,problem_10_20.dat,HS problem 2765 size 10 20 density  0.30,10,20,7,7,0.11,solved,
Simonis,problem_10_20.dat,HS problem 2766 size 10 20 density  0.30,10,20,8,8,0.104,solved,
Simonis,problem_10_20.dat,HS problem 2767 size 10 20 density  0.30,10,20,8,8,0.099,solved,
Simonis,problem_10_20.dat,HS problem 2768 size 10 20 density  0.30,10,20,8,8,0.093,solved,
Simonis,problem_10_20.dat,HS problem 2769 size 10 20 density  0.30,10,20,7,7,0.089,solved,
Simonis,problem_10_20.dat,HS problem 2770 size 10 20 density  0.30,10,20,9,9,0.083,solved,
Simonis,problem_10_20.dat,HS problem 2771 size 10 20 density  0.30,10,20,7,7,0.079,solved,
Simonis,problem_10_20.dat,HS problem 2772 size 10 20 density  0.30,10,20,8,8,0.073,solved,
Simonis,problem_10_20.dat,HS problem 2773 size 10 20 density  0.30,10,20,7,7,0.069,solved,
Simonis,problem_10_20.dat,HS problem 2774 size 10 20 density  0.30,10,20,8,8,0.063,solved,
Simonis,problem_10_20.dat,HS problem 2775 size 10 20 density  0.30,10,20,8,8,0.06,solved,
Simonis,problem_10_20.dat,HS problem 2776 size 10 20 density  0.30,10,20,8,8,0.056,solved,
Simonis,problem_10_20.dat,HS problem 2777 size 10 20 density  0.30,10,20,8,8,0.05,solved,
Simonis,problem_10_20.dat,HS problem 2778 size 10 20 density  0.30,10,20,7,7,0.045,solved,
Simonis,problem_10_20.dat,HS problem 2779 size 10 20 density  0.30,10,20,6,6,0.042,solved,
Simonis,problem_10_20.dat,HS problem 2780 size 10 20 density  0.30,10,20,8,8,0.037,solved,
Simonis,problem_10_20.dat,HS problem 2781 size 10 20 density  0.30,10,20,8,8,0.032,solved,
Simonis,problem_10_20.dat,HS problem 2782 size 10 20 density  0.30,10,20,8,8,0.027,solved,
Simonis,problem_10_20.dat,HS problem 2783 size 10 20 density  0.30,10,20,8,8,0.023,solved,
Simonis,problem_10_20.dat,HS problem 2784 size 10 20 density  0.30,10,20,8,8,0.187,solved,
Simonis,problem_10_20.dat,HS problem 2785 size 10 20 density  0.30,10,20,8,8,0.185,solved,
Simonis,problem_10_20.dat,HS problem 2786 size 10 20 density  0.30,10,20,8,8,0.18,solved,
Simonis,problem_10_20.dat,HS problem 2787 size 10 20 density  0.30,10,20,7,7,0.174,solved,
Simonis,problem_10_20.dat,HS problem 2788 size 10 20 density  0.30,10,20,9,9,0.118,solved,
Simonis,problem_10_20.dat,HS problem 2789 size 10 20 density  0.30,10,20,7,7,0.115,solved,
Simonis,problem_10_20.dat,HS problem 2790 size 10 20 density  0.30,10,20,9,9,0.111,solved,
Simonis,problem_10_20.dat,HS problem 2791 size 10 20 density  0.35,10,20,8,8,0.107,solved,
Simonis,problem_10_20.dat,HS problem 2792 size 10 20 density  0.35,10,20,10,10,0.102,solved,
Simonis,problem_10_20.dat,HS problem 2793 size 10 20 density  0.35,10,20,7,7,0.097,solved,
Simonis,problem_10_20.dat,HS problem 2794 size 10 20 density  0.35,10,20,9,9,0.091,solved,
Simonis,problem_10_20.dat,HS problem 2795 size 10 20 density  0.35,10,20,8,8,0.089,solved,
Simonis,problem_10_20.dat,HS problem 2796 size 10 20 density  0.35,10,20,9,9,0.084,solved,
Simonis,problem_10_20.dat,HS problem 2797 size 10 20 density  0.35,10,20,9,9,0.079,solved,
Simonis,problem_10_20.dat,HS problem 2798 size 10 20 density  0.35,10,20,9,9,0.073,solved,
Simonis,problem_10_20.dat,HS problem 2799 size 10 20 density  0.35,10,20,9,9,0.07,solved,
Simonis,problem_10_20.dat,HS problem 2800 size 10 20 density  0.35,10,20,8,8,0.065,solved,
Simonis,problem_10_20.dat,HS problem 2801 size 10 20 density  0.35,10,20,10,10,0.061,solved,
Simonis,problem_10_20.dat,HS problem 2802 size 10 20 density  0.35,10,20,10,10,0.056,solved,
Simonis,problem_10_20.dat,HS problem 2803 size 10 20 density  0.35,10,20,9,9,0.053,solved,
Simonis,problem_10_20.dat,HS problem 2804 size 10 20 density  0.35,10,20,10,10,0.048,solved,
Simonis,problem_10_20.dat,HS problem 2805 size 10 20 density  0.35,10,20,9,9,0.045,solved,
Simonis,problem_10_20.dat,HS problem 2806 size 10 20 density  0.35,10,20,10,10,0.037,solved,
Simonis,problem_10_20.dat,HS problem 2807 size 10 20 density  0.35,10,20,8,8,0.033,solved,
Simonis,problem_10_20.dat,HS problem 2808 size 10 20 density  0.35,10,20,9,9,0.028,solved,
Simonis,problem_10_20.dat,HS problem 2809 size 10 20 density  0.35,10,20,9,9,0.023,solved,
Simonis,problem_10_20.dat,HS problem 2810 size 10 20 density  0.35,10,20,9,9,0.194,solved,
Simonis,problem_10_20.dat,HS problem 2811 size 10 20 density  0.35,10,20,8,8,0.188,solved,
Simonis,problem_10_20.dat,HS problem 2812 size 10 20 density  0.35,10,20,8,8,0.183,solved,
Simonis,problem_10_20.dat,HS problem 2813 size 10 20 density  0.35,10,20,7,7,0.18,solved,
Simonis,problem_10_20.dat,HS problem 2814 size 10 20 density  0.35,10,20,9,9,0.125,solved,
Simonis,problem_10_20.dat,HS problem 2815 size 10 20 density  0.35,10,20,8,8,0.121,solved,
Simonis,problem_10_20.dat,HS problem 2816 size 10 20 density  0.35,10,20,9,9,0.117,solved,
Simonis,problem_10_20.dat,HS problem 2817 size 10 20 density  0.35,10,20,9,9,0.113,solved,
Simonis,problem_10_20.dat,HS problem 2818 size 10 20 density  0.35,10,20,10,10,0.107,solved,
Simonis,problem_10_20.dat,HS problem 2819 size 10 20 density  0.35,10,20,10,10,0.103,solved,
Simonis,problem_10_20.dat,HS problem 2820 size 10 20 density  0.35,10,20,8,8,0.096,solved,
Simonis,problem_10_20.dat,HS problem 2821 size 10 20 density  0.35,10,20,9,9,0.092,solved,
Simonis,problem_10_20.dat,HS problem 2822 size 10 20 density  0.35,10,20,8,8,0.086,solved,
Simonis,problem_10_20.dat,HS problem 2823 size 10 20 density  0.35,10,20,10,10,0.082,solved,
Simonis,problem_10_20.dat,HS problem 2824 size 10 20 density  0.35,10,20,8,8,0.076,solved,
Simonis,problem_10_20.dat,HS problem 2825 size 10 20 density  0.35,10,20,9,9,0.072,solved,
Simonis,problem_10_20.dat,HS problem 2826 size 10 20 density  0.35,10,20,8,8,0.066,solved,
Simonis,problem_10_20.dat,HS problem 2827 size 10 20 density  0.35,10,20,9,9,0.062,solved,
Simonis,problem_10_20.dat,HS problem 2828 size 10 20 density  0.35,10,20,8,8,0.057,solved,
Simonis,problem_10_20.dat,HS problem 2829 size 10 20 density  0.35,10,20,8,8,0.051,solved,
Simonis,problem_10_20.dat,HS problem 2830 size 10 20 density  0.35,10,20,8,8,0.046,solved,
Simonis,problem_10_20.dat,HS problem 2831 size 10 20 density  0.35,10,20,9,9,0.043,solved,
Simonis,problem_10_20.dat,HS problem 2832 size 10 20 density  0.35,10,20,8,8,0.038,solved,
Simonis,problem_10_20.dat,HS problem 2833 size 10 20 density  0.35,10,20,9,9,0.033,solved,
Simonis,problem_10_20.dat,HS problem 2834 size 10 20 density  0.35,10,20,9,9,0.027,solved,
Simonis,problem_10_20.dat,HS problem 2835 size 10 20 density  0.35,10,20,8,8,0.024,solved,
Simonis,problem_10_20.dat,HS problem 2836 size 10 20 density  0.35,10,20,10,10,0.191,solved,
Simonis,problem_10_20.dat,HS problem 2837 size 10 20 density  0.35,10,20,9,9,0.186,solved,
Simonis,problem_10_20.dat,HS problem 2838 size 10 20 density  0.35,10,20,9,9,0.18,solved,
Simonis,problem_10_20.dat,HS problem 2839 size 10 20 density  0.35,10,20,10,10,0.177,solved,
Simonis,problem_10_20.dat,HS problem 2840 size 10 20 density  0.35,10,20,10,10,0.122,solved,
Simonis,problem_10_20.dat,HS problem 2841 size 10 20 density  0.40,10,20,9,9,0.117,solved,
Simonis,problem_10_20.dat,HS problem 2842 size 10 20 density  0.40,10,20,10,10,0.113,solved,
Simonis,problem_10_20.dat,HS problem 2843 size 10 20 density  0.40,10,20,9,9,0.109,solved,
Simonis,problem_10_20.dat,HS problem 2844 size 10 20 density  0.40,10,20,8,8,0.102,solved,
Simonis,problem_10_20.dat,HS problem 2845 size 10 20 density  0.40,10,20,9,9,0.1,solved,
Simonis,problem_10_20.dat,HS problem 2846 size 10 20 density  0.40,10,20,10,10,0.095,solved,
Simonis,problem_10_20.dat,HS problem 2847 size 10 20 density  0.40,10,20,10,10,0.089,solved,
Simonis,problem_10_20.dat,HS problem 2848 size 10 20 density  0.40,10,20,9,9,0.084,solved,
Simonis,problem_10_20.dat,HS problem 2849 size 10 20 density  0.40,10,20,9,9,0.08,solved,
Simonis,problem_10_20.dat,HS problem 2850 size 10 20 density  0.40,10,20,9,9,0.076,solved,
Simonis,problem_10_20.dat,HS problem 2851 size 10 20 density  0.40,10,20,9,9,0.069,solved,
Simonis,problem_10_20.dat,HS problem 2852 size 10 20 density  0.40,10,20,9,9,0.064,solved,
Simonis,problem_10_20.dat,HS problem 2853 size 10 20 density  0.40,10,20,10,10,0.061,solved,
Simonis,problem_10_20.dat,HS problem 2854 size 10 20 density  0.40,10,20,9,9,0.056,solved,
Simonis,problem_10_20.dat,HS problem 2855 size 10 20 density  0.40,10,20,8,8,0.054,solved,
Simonis,problem_10_20.dat,HS problem 2856 size 10 20 density  0.40,10,20,10,10,0.049,solved,
Simonis,problem_10_20.dat,HS problem 2857 size 10 20 density  0.40,10,20,10,10,0.043,solved,
Simonis,problem_10_20.dat,HS problem 2858 size 10 20 density  0.40,10,20,9,9,0.037,solved,
Simonis,problem_10_20.dat,HS problem 2859 size 10 20 density  0.40,10,20,10,10,0.033,solved,
Simonis,problem_10_20.dat,HS problem 2860 size 10 20 density  0.40,10,20,9,9,0.027,solved,
Simonis,problem_10_20.dat,HS problem 2861 size 10 20 density  0.40,10,20,10,10,0.024,solved,
Simonis,problem_10_20.dat,HS problem 2862 size 10 20 density  0.40,10,20,10,10,0.199,solved,
Simonis,problem_10_20.dat,HS problem 2863 size 10 20 density  0.40,10,20,9,9,0.194,solved,
Simonis,problem_10_20.dat,HS problem 2864 size 10 20 density  0.40,10,20,9,9,0.188,solved,
Simonis,problem_10_20.dat,HS problem 2865 size 10 20 density  0.40,10,20,9,9,0.184,solved,
Simonis,problem_10_20.dat,HS problem 2866 size 10 20 density  0.40,10,20,10,10,0.129,solved,
Simonis,problem_10_20.dat,HS problem 2867 size 10 20 density  0.40,10,20,9,9,0.124,solved,
Simonis,problem_10_20.dat,HS problem 2868 size 10 20 density  0.40,10,20,9,9,0.12,solved,
Simonis,problem_10_20.dat,HS problem 2869 size 10 20 density  0.40,10,20,8,8,0.116,solved,
Simonis,problem_10_20.dat,HS problem 2870 size 10 20 density  0.40,10,20,10,10,0.111,solved,
Simonis,problem_10_20.dat,HS problem 2871 size 10 20 density  0.40,10,20,10,10,0.106,solved,
Simonis,problem_10_20.dat,HS problem 2872 size 10 20 density  0.40,10,20,10,10,0.1,solved,
Simonis,problem_10_20.dat,HS problem 2873 size 10 20 density  0.40,10,20,9,9,0.097,solved,
Simonis,problem_10_20.dat,HS problem 2874 size 10 20 density  0.40,10,20,9,9,0.092,solved,
Simonis,problem_10_20.dat,HS problem 2875 size 10 20 density  0.40,10,20,9,9,0.086,solved,
Simonis,problem_10_20.dat,HS problem 2876 size 10 20 density  0.40,10,20,8,8,0.081,solved,
Simonis,problem_10_20.dat,HS problem 2877 size 10 20 density  0.40,10,20,9,9,0.076,solved,
Simonis,problem_10_20.dat,HS problem 2878 size 10 20 density  0.40,10,20,10,10,0.071,solved,
Simonis,problem_10_20.dat,HS problem 2879 size 10 20 density  0.40,10,20,9,9,0.066,solved,
Simonis,problem_10_20.dat,HS problem 2880 size 10 20 density  0.40,10,20,10,10,0.061,solved,
Simonis,problem_10_20.dat,HS problem 2881 size 10 20 density  0.40,10,20,8,8,0.055,solved,
Simonis,problem_10_20.dat,HS problem 2882 size 10 20 density  0.40,10,20,9,9,0.051,solved,
Simonis,problem_10_20.dat,HS problem 2883 size 10 20 density  0.40,10,20,8,8,0.045,solved,
Simonis,problem_10_20.dat,HS problem 2884 size 10 20 density  0.40,10,20,9,9,0.04,solved,
Simonis,problem_10_20.dat,HS problem 2885 size 10 20 density  0.40,10,20,9,9,0.035,solved,
Simonis,problem_10_20.dat,HS problem 2886 size 10 20 density  0.40,10,20,9,9,0.03,solved,
Simonis,problem_10_20.dat,HS problem 2887 size 10 20 density  0.40,10,20,10,10,0.024,solved,
Simonis,problem_10_20.dat,HS problem 2888 size 10 20 density  0.40,10,20,9,9,0.197,solved,
Simonis,problem_10_20.dat,HS problem 2889 size 10 20 density  0.40,10,20,9,9,0.192,solved,
Simonis,problem_10_20.dat,HS problem 2890 size 10 20 density  0.40,10,20,10,10,0.186,solved,
Simonis,problem_10_20.dat,HS problem 2891 size 10 20 density  0.45,10,20,10,10,0.182,solved,
Simonis,problem_10_20.dat,HS problem 2892 size 10 20 density  0.45,10,20,10,10,0.127,solved,
Simonis,problem_10_20.dat,HS problem 2893 size 10 20 density  0.45,10,20,9,9,0.123,solved,
Simonis,problem_10_20.dat,HS problem 2894 size 10 20 density  0.45,10,20,9,9,0.118,solved,
Simonis,problem_10_20.dat,HS problem 2895 size 10 20 density  0.45,10,20,10,10,0.113,solved,
Simonis,problem_10_20.dat,HS problem 2896 size 10 20 density  0.45,10,20,9,9,0.11,solved,
Simonis,problem_10_20.dat,HS problem 2897 size 10 20 density  0.45,10,20,10,10,0.105,solved,
Simonis,problem_10_20.dat,HS problem 2898 size 10 20 density  0.45,10,20,9,9,0.099,solved,
Simonis,problem_10_20.dat,HS problem 2899 size 10 20 density  0.45,10,20,10,10,0.095,solved,
Simonis,problem_10_20.dat,HS problem 2900 size 10 20 density  0.45,10,20,10,10,0.088,solved,
Simonis,problem_10_20.dat,HS problem 2901 size 10 20 density  0.45,10,20,9,9,0.083,solved,
Simonis,problem_10_20.dat,HS problem 2902 size 10 20 density  0.45,10,20,10,10,0.079,solved,
Simonis,problem_10_20.dat,HS problem 2903 size 10 20 density  0.45,10,20,10,10,0.075,solved,
Simonis,problem_10_20.dat,HS problem 2904 size 10 20 density  0.45,10,20,10,10,0.068,solved,
Simonis,problem_10_20.dat,HS problem 2905 size 10 20 density  0.45,10,20,10,10,0.063,solved,
Simonis,problem_10_20.dat,HS problem 2906 size 10 20 density  0.45,10,20,9,9,0.06,solved,
Simonis,problem_10_20.dat,HS problem 2907 size 10 20 density  0.45,10,20,9,9,0.056,solved,
Simonis,problem_10_20.dat,HS problem 2908 size 10 20 density  0.45,10,20,10,10,0.05,solved,
Simonis,problem_10_20.dat,HS problem 2909 size 10 20 density  0.45,10,20,10,10,0.043,solved,
Simonis,problem_10_20.dat,HS problem 2910 size 10 20 density  0.45,10,20,10,10,0.04,solved,
Simonis,problem_10_20.dat,HS problem 2911 size 10 20 density  0.45,10,20,9,9,0.036,solved,
Simonis,problem_10_20.dat,HS problem 2912 size 10 20 density  0.45,10,20,10,10,0.033,solved,
Simonis,problem_10_20.dat,HS problem 2913 size 10 20 density  0.45,10,20,10,10,0.197,solved,
Simonis,problem_10_20.dat,HS problem 2914 size 10 20 density  0.45,10,20,10,10,0.192,solved,
Simonis,problem_10_20.dat,HS problem 2915 size 10 20 density  0.45,10,20,10,10,0.189,solved,
Simonis,problem_10_20.dat,HS problem 2916 size 10 20 density  0.45,10,20,9,9,0.184,solved,
Simonis,problem_10_20.dat,HS problem 2917 size 10 20 density  0.45,10,20,9,9,0.179,solved,
Simonis,problem_10_20.dat,HS problem 2918 size 10 20 density  0.45,10,20,10,10,0.121,solved,
Simonis,problem_10_20.dat,HS problem 2919 size 10 20 density  0.45,10,20,9,9,0.117,solved,
Simonis,problem_10_20.dat,HS problem 2920 size 10 20 density  0.45,10,20,10,10,0.112,solved,
Simonis,problem_10_20.dat,HS problem 2921 size 10 20 density  0.45,10,20,10,10,0.108,solved,
Simonis,problem_10_20.dat,HS problem 2922 size 10 20 density  0.45,10,20,9,9,0.101,solved,
Simonis,problem_10_20.dat,HS problem 2923 size 10 20 density  0.45,10,20,10,10,0.097,solved,
Simonis,problem_10_20.dat,HS problem 2924 size 10 20 density  0.45,10,20,10,10,0.092,solved,
Simonis,problem_10_20.dat,HS problem 2925 size 10 20 density  0.45,10,20,10,10,0.088,solved,
Simonis,problem_10_20.dat,HS problem 2926 size 10 20 density  0.45,10,20,10,10,0.08,solved,
Simonis,problem_10_20.dat,HS problem 2927 size 10 20 density  0.45,10,20,10,10,0.076,solved,
Simonis,problem_10_20.dat,HS problem 2928 size 10 20 density  0.45,10,20,10,10,0.073,solved,
Simonis,problem_10_20.dat,HS problem 2929 size 10 20 density  0.45,10,20,10,10,0.069,solved,
Simonis,problem_10_20.dat,HS problem 2930 size 10 20 density  0.45,10,20,9,9,0.063,solved,
Simonis,problem_10_20.dat,HS problem 2931 size 10 20 density  0.45,10,20,10,10,0.057,solved,
Simonis,problem_10_20.dat,HS problem 2932 size 10 20 density  0.45,10,20,9,9,0.054,solved,
Simonis,problem_10_20.dat,HS problem 2933 size 10 20 density  0.45,10,20,10,10,0.05,solved,
Simonis,problem_10_20.dat,HS problem 2934 size 10 20 density  0.45,10,20,10,10,0.045,solved,
Simonis,problem_10_20.dat,HS problem 2935 size 10 20 density  0.45,10,20,10,10,0.038,solved,
Simonis,problem_10_20.dat,HS problem 2936 size 10 20 density  0.45,10,20,10,10,0.033,solved,
Simonis,problem_10_20.dat,HS problem 2937 size 10 20 density  0.45,10,20,10,10,0.029,solved,
Simonis,problem_10_20.dat,HS problem 2938 size 10 20 density  0.45,10,20,8,8,0.024,solved,
Simonis,problem_10_20.dat,HS problem 2939 size 10 20 density  0.45,10,20,9,9,0.021,solved,
Simonis,problem_10_20.dat,HS problem 2940 size 10 20 density  0.45,10,20,10,10,0.2,solved,
Simonis,problem_10_20.dat,HS problem 2941 size 10 20 density  0.50,10,20,10,10,0.194,solved,
Simonis,problem_10_20.dat,HS problem 2942 size 10 20 density  0.50,10,20,10,10,0.188,solved,
Simonis,problem_10_20.dat,HS problem 2943 size 10 20 density  0.50,10,20,8,8,0.133,solved,
Simonis,problem_10_20.dat,HS problem 2944 size 10 20 density  0.50,10,20,10,10,0.129,solved,
Simonis,problem_10_20.dat,HS problem 2945 size 10 20 density  0.50,10,20,10,10,0.126,solved,
Simonis,problem_10_20.dat,HS problem 2946 size 10 20 density  0.50,10,20,10,10,0.122,solved,
Simonis,problem_10_20.dat,HS problem 2947 size 10 20 density  0.50,10,20,10,10,0.116,solved,
Simonis,problem_10_20.dat,HS problem 2948 size 10 20 density  0.50,10,20,10,10,0.111,solved,
Simonis,problem_10_20.dat,HS problem 2949 size 10 20 density  0.50,10,20,10,10,0.104,solved,
Simonis,problem_10_20.dat,HS problem 2950 size 10 20 density  0.50,10,20,10,10,0.1,solved,
Simonis,problem_10_20.dat,HS problem 2951 size 10 20 density  0.50,10,20,10,10,0.095,solved,
Simonis,problem_10_20.dat,HS problem 2952 size 10 20 density  0.50,10,20,10,10,0.091,solved,
Simonis,problem_10_20.dat,HS problem 2953 size 10 20 density  0.50,10,20,10,10,0.085,solved,
Simonis,problem_10_20.dat,HS problem 2954 size 10 20 density  0.50,10,20,10,10,0.08,solved,
Simonis,problem_10_20.dat,HS problem 2955 size 10 20 density  0.50,10,20,10,10,0.074,solved,
Simonis,problem_10_20.dat,HS problem 2956 size 10 20 density  0.50,10,20,10,10,0.069,solved,
Simonis,problem_10_20.dat,HS problem 2957 size 10 20 density  0.50,10,20,9,9,0.064,solved,
Simonis,problem_10_20.dat,HS problem 2958 size 10 20 density  0.50,10,20,10,10,0.06,solved,
Simonis,problem_10_20.dat,HS problem 2959 size 10 20 density  0.50,10,20,10,10,0.053,solved,
Simonis,problem_10_20.dat,HS problem 2960 size 10 20 density  0.50,10,20,9,9,0.048,solved,
Simonis,problem_10_20.dat,HS problem 2961 size 10 20 density  0.50,10,20,10,10,0.045,solved,
Simonis,problem_10_20.dat,HS problem 2962 size 10 20 density  0.50,10,20,10,10,0.04,solved,
Simonis,problem_10_20.dat,HS problem 2963 size 10 20 density  0.50,10,20,9,9,0.034,solved,
Simonis,problem_10_20.dat,HS problem 2964 size 10 20 density  0.50,10,20,10,10,0.029,solved,
Simonis,problem_10_20.dat,HS problem 2965 size 10 20 density  0.50,10,20,10,10,0.025,solved,
Simonis,problem_10_20.dat,HS problem 2966 size 10 20 density  0.50,10,20,9,9,0.2,solved,
Simonis,problem_10_20.dat,HS problem 2967 size 10 20 density  0.50,10,20,9,9,0.197,solved,
Simonis,problem_10_20.dat,HS problem 2968 size 10 20 density  0.50,10,20,10,10,0.192,solved,
Simonis,problem_10_20.dat,HS problem 2969 size 10 20 density  0.50,10,20,10,10,0.185,solved,
Simonis,problem_10_20.dat,HS problem 2970 size 10 20 density  0.50,10,20,10,10,0.129,solved,
Simonis,problem_10_20.dat,HS problem 2971 size 10 20 density  0.50,10,20,10,10,0.123,solved,
Simonis,problem_10_20.dat,HS problem 2972 size 10 20 density  0.50,10,20,10,10,0.12,solved,
Simonis,problem_10_20.dat,HS problem 2973 size 10 20 density  0.50,10,20,10,10,0.116,solved,
Simonis,problem_10_20.dat,HS problem 2974 size 10 20 density  0.50,10,20,10,10,0.111,solved,
Simonis,problem_10_20.dat,HS problem 2975 size 10 20 density  0.50,10,20,10,10,0.107,solved,
Simonis,problem_10_20.dat,HS problem 2976 size 10 20 density  0.50,10,20,9,9,0.103,solved,
Simonis,problem_10_20.dat,HS problem 2977 size 10 20 density  0.50,10,20,10,10,0.097,solved,
Simonis,problem_10_20.dat,HS problem 2978 size 10 20 density  0.50,10,20,10,10,0.089,solved,
Simonis,problem_10_20.dat,HS problem 2979 size 10 20 density  0.50,10,20,10,10,0.085,solved,
Simonis,problem_10_20.dat,HS problem 2980 size 10 20 density  0.50,10,20,10,10,0.082,solved,
Simonis,problem_10_20.dat,HS problem 2981 size 10 20 density  0.50,10,20,10,10,0.077,solved,
Simonis,problem_10_20.dat,HS problem 2982 size 10 20 density  0.50,10,20,10,10,0.07,solved,
Simonis,problem_10_20.dat,HS problem 2983 size 10 20 density  0.50,10,20,10,10,0.066,solved,
Simonis,problem_10_20.dat,HS problem 2984 size 10 20 density  0.50,10,20,10,10,0.061,solved,
Simonis,problem_10_20.dat,HS problem 2985 size 10 20 density  0.50,10,20,10,10,0.056,solved,
Simonis,problem_10_20.dat,HS problem 2986 size 10 20 density  0.50,10,20,10,10,0.048,solved,
Simonis,problem_10_20.dat,HS problem 2987 size 10 20 density  0.50,10,20,10,10,0.044,solved,
Simonis,problem_10_20.dat,HS problem 2988 size 10 20 density  0.50,10,20,10,10,0.04,solved,
Simonis,problem_10_20.dat,HS problem 2989 size 10 20 density  0.50,10,20,10,10,0.036,solved,
Simonis,problem_10_20.dat,HS problem 2990 size 10 20 density  0.50,10,20,10,10,0.031,solved,
Simonis,problem_10_20.dat,HS problem 2991 size 10 20 density  0.55,10,20,10,10,0.026,solved,
Simonis,problem_10_20.dat,HS problem 2992 size 10 20 density  0.55,10,20,10,10,0.204,solved,
Simonis,problem_10_20.dat,HS problem 2993 size 10 20 density  0.55,10,20,10,10,0.198,solved,
Simonis,problem_10_20.dat,HS problem 2994 size 10 20 density  0.55,10,20,10,10,0.192,solved,
Simonis,problem_10_20.dat,HS problem 2995 size 10 20 density  0.55,10,20,10,10,0.189,solved,
Simonis,problem_10_20.dat,HS problem 2996 size 10 20 density  0.55,10,20,10,10,0.134,solved,
Simonis,problem_10_20.dat,HS problem 2997 size 10 20 density  0.55,10,20,10,10,0.129,solved,
Simonis,problem_10_20.dat,HS problem 2998 size 10 20 density  0.55,10,20,10,10,0.125,solved,
Simonis,problem_10_20.dat,HS problem 2999 size 10 20 density  0.55,10,20,10,10,0.12,solved,
Simonis,problem_10_20.dat,HS problem 3000 size 10 20 density  0.55,10,20,10,10,0.114,solved,
Simonis,problem_10_20.dat,HS problem 3001 size 10 20 density  0.55,10,20,10,10,0.109,solved,
Simonis,problem_10_20.dat,HS problem 3002 size 10 20 density  0.55,10,20,10,10,0.102,solved,
Simonis,problem_10_20.dat,HS problem 3003 size 10 20 density  0.55,10,20,10,10,0.098,solved,
Simonis,problem_10_20.dat,HS problem 3004 size 10 20 density  0.55,10,20,10,10,0.092,solved,
Simonis,problem_10_20.dat,HS problem 3005 size 10 20 density  0.55,10,20,10,10,0.087,solved,
Simonis,problem_10_20.dat,HS problem 3006 size 10 20 density  0.55,10,20,10,10,0.082,solved,
Simonis,problem_10_20.dat,HS problem 3007 size 10 20 density  0.55,10,20,10,10,0.077,solved,
Simonis,problem_10_20.dat,HS problem 3008 size 10 20 density  0.55,10,20,10,10,0.072,solved,
Simonis,problem_10_20.dat,HS problem 3009 size 10 20 density  0.55,10,20,10,10,0.067,solved,
Simonis,problem_10_20.dat,HS problem 3010 size 10 20 density  0.55,10,20,10,10,0.061,solved,
Simonis,problem_10_20.dat,HS problem 3011 size 10 20 density  0.55,10,20,10,10,0.055,solved,
Simonis,problem_10_20.dat,HS problem 3012 size 10 20 density  0.55,10,20,10,10,0.05,solved,
Simonis,problem_10_20.dat,HS problem 3013 size 10 20 density  0.55,10,20,10,10,0.046,solved,
Simonis,problem_10_20.dat,HS problem 3014 size 10 20 density  0.55,10,20,10,10,0.041,solved,
Simonis,problem_10_20.dat,HS problem 3015 size 10 20 density  0.55,10,20,10,10,0.036,solved,
Simonis,problem_10_20.dat,HS problem 3016 size 10 20 density  0.55,10,20,10,10,0.03,solved,
Simonis,problem_10_20.dat,HS problem 3017 size 10 20 density  0.55,10,20,10,10,0.026,solved,
Simonis,problem_10_20.dat,HS problem 3018 size 10 20 density  0.55,10,20,10,10,0.205,solved,
Simonis,problem_10_20.dat,HS problem 3019 size 10 20 density  0.55,10,20,10,10,0.199,solved,
Simonis,problem_10_20.dat,HS problem 3020 size 10 20 density  0.55,10,20,10,10,0.193,solved,
Simonis,problem_10_20.dat,HS problem 3021 size 10 20 density  0.55,10,20,10,10,0.189,solved,
Simonis,problem_10_20.dat,HS problem 3022 size 10 20 density  0.55,10,20,9,9,0.134,solved,
Simonis,problem_10_20.dat,HS problem 3023 size 10 20 density  0.55,10,20,10,10,0.129,solved,
Simonis,problem_10_20.dat,HS problem 3024 size 10 20 density  0.55,10,20,10,10,0.125,solved,
Simonis,problem_10_20.dat,HS problem 3025 size 10 20 density  0.55,10,20,10,10,0.12,solved,
Simonis,problem_10_20.dat,HS problem 3026 size 10 20 density  0.55,10,20,10,10,0.114,solved,
Simonis,problem_10_20.dat,HS problem 3027 size 10 20 density  0.55,10,20,10,10,0.109,solved,
Simonis,problem_10_20.dat,HS problem 3028 size 10 20 density  0.55,10,20,10,10,0.103,solved,
Simonis,problem_10_20.dat,HS problem 3029 size 10 20 density  0.55,10,20,10,10,0.099,solved,
Simonis,problem_10_20.dat,HS problem 3030 size 10 20 density  0.55,10,20,10,10,0.094,solved,
Simonis,problem_10_20.dat,HS problem 3031 size 10 20 density  0.55,10,20,10,10,0.088,solved,
Simonis,problem_10_20.dat,HS problem 3032 size 10 20 density  0.55,10,20,10,10,0.083,solved,
Simonis,problem_10_20.dat,HS problem 3033 size 10 20 density  0.55,10,20,10,10,0.077,solved,
Simonis,problem_10_20.dat,HS problem 3034 size 10 20 density  0.55,10,20,10,10,0.072,solved,
Simonis,problem_10_20.dat,HS problem 3035 size 10 20 density  0.55,10,20,10,10,0.066,solved,
Simonis,problem_10_20.dat,HS problem 3036 size 10 20 density  0.55,10,20,10,10,0.061,solved,
Simonis,problem_10_20.dat,HS problem 3037 size 10 20 density  0.55,10,20,10,10,0.055,solved,
Simonis,problem_10_20.dat,HS problem 3038 size 10 20 density  0.55,10,20,10,10,0.05,solved,
Simonis,problem_10_20.dat,HS problem 3039 size 10 20 density  0.55,10,20,10,10,0.044,solved,
Simonis,problem_10_20.dat,HS problem 3040 size 10 20 density  0.55,10,20,10,10,0.039,solved,
Simonis,problem_10_20.dat,HS problem 3041 size 10 20 density  0.60,10,20,10,10,0.035,solved,
Simonis,problem_10_20.dat,HS problem 3042 size 10 20 density  0.60,10,20,10,10,0.032,solved,
Simonis,problem_10_20.dat,HS problem 3043 size 10 20 density  0.60,10,20,10,10,0.027,solved,
Simonis,problem_10_20.dat,HS problem 3044 size 10 20 density  0.60,10,20,10,10,0.021,solved,
Simonis,problem_10_20.dat,HS problem 3045 size 10 20 density  0.60,10,20,10,10,0.207,solved,
Simonis,problem_10_20.dat,HS problem 3046 size 10 20 density  0.60,10,20,10,10,0.202,solved,
Simonis,problem_10_20.dat,HS problem 3047 size 10 20 density  0.60,10,20,10,10,0.196,solved,
Simonis,problem_10_20.dat,HS problem 3048 size 10 20 density  0.60,10,20,10,10,0.143,solved,
Simonis,problem_10_20.dat,HS problem 3049 size 10 20 density  0.60,10,20,10,10,0.138,solved,
Simonis,problem_10_20.dat,HS problem 3050 size 10 20 density  0.60,10,20,10,10,0.134,solved,
Simonis,problem_10_20.dat,HS problem 3051 size 10 20 density  0.60,10,20,10,10,0.13,solved,
Simonis,problem_10_20.dat,HS problem 3052 size 10 20 density  0.60,10,20,10,10,0.123,solved,
Simonis,problem_10_20.dat,HS problem 3053 size 10 20 density  0.60,10,20,10,10,0.119,solved,
Simonis,problem_10_20.dat,HS problem 3054 size 10 20 density  0.60,10,20,10,10,0.112,solved,
Simonis,problem_10_20.dat,HS problem 3055 size 10 20 density  0.60,10,20,10,10,0.108,solved,
Simonis,problem_10_20.dat,HS problem 3056 size 10 20 density  0.60,10,20,10,10,0.101,solved,
Simonis,problem_10_20.dat,HS problem 3057 size 10 20 density  0.60,10,20,9,9,0.096,solved,
Simonis,problem_10_20.dat,HS problem 3058 size 10 20 density  0.60,10,20,10,10,0.09,solved,
Simonis,problem_10_20.dat,HS problem 3059 size 10 20 density  0.60,10,20,10,10,0.085,solved,
Simonis,problem_10_20.dat,HS problem 3060 size 10 20 density  0.60,10,20,10,10,0.079,solved,
Simonis,problem_10_20.dat,HS problem 3061 size 10 20 density  0.60,10,20,10,10,0.073,solved,
Simonis,problem_10_20.dat,HS problem 3062 size 10 20 density  0.60,10,20,10,10,0.066,solved,
Simonis,problem_10_20.dat,HS problem 3063 size 10 20 density  0.60,10,20,10,10,0.062,solved,
Simonis,problem_10_20.dat,HS problem 3064 size 10 20 density  0.60,10,20,10,10,0.058,solved,
Simonis,problem_10_20.dat,HS problem 3065 size 10 20 density  0.60,10,20,10,10,0.053,solved,
Simonis,problem_10_20.dat,HS problem 3066 size 10 20 density  0.60,10,20,10,10,0.047,solved,
Simonis,problem_10_20.dat,HS problem 3067 size 10 20 density  0.60,10,20,10,10,0.041,solved,
Simonis,problem_10_20.dat,HS problem 3068 size 10 20 density  0.60,10,20,10,10,0.038,solved,
Simonis,problem_10_20.dat,HS problem 3069 size 10 20 density  0.60,10,20,10,10,0.033,solved,
Simonis,problem_10_20.dat,HS problem 3070 size 10 20 density  0.60,10,20,10,10,0.029,solved,
Simonis,problem_10_20.dat,HS problem 3071 size 10 20 density  0.60,10,20,10,10,0.207,solved,
Simonis,problem_10_20.dat,HS problem 3072 size 10 20 density  0.60,10,20,10,10,0.202,solved,
Simonis,problem_10_20.dat,HS problem 3073 size 10 20 density  0.60,10,20,10,10,0.196,solved,
Simonis,problem_10_20.dat,HS problem 3074 size 10 20 density  0.60,10,20,10,10,0.191,solved,
Simonis,problem_10_20.dat,HS problem 3075 size 10 20 density  0.60,10,20,10,10,0.134,solved,
Simonis,problem_10_20.dat,HS problem 3076 size 10 20 density  0.60,10,20,10,10,0.129,solved,
Simonis,problem_10_20.dat,HS problem 3077 size 10 20 density  0.60,10,20,10,10,0.125,solved,
Simonis,problem_10_20.dat,HS problem 3078 size 10 20 density  0.60,10,20,10,10,0.12,solved,
Simonis,problem_10_20.dat,HS problem 3079 size 10 20 density  0.60,10,20,10,10,0.114,solved,
Simonis,problem_10_20.dat,HS problem 3080 size 10 20 density  0.60,10,20,10,10,0.11,solved,
Simonis,problem_10_20.dat,HS problem 3081 size 10 20 density  0.60,10,20,10,10,0.103,solved,
Simonis,problem_10_20.dat,HS problem 3082 size 10 20 density  0.60,10,20,10,10,0.098,solved,
Simonis,problem_10_20.dat,HS problem 3083 size 10 20 density  0.60,10,20,10,10,0.092,solved,
Simonis,problem_10_20.dat,HS problem 3084 size 10 20 density  0.60,10,20,10,10,0.087,solved,
Simonis,problem_10_20.dat,HS problem 3085 size 10 20 density  0.60,10,20,10,10,0.081,solved,
Simonis,problem_10_20.dat,HS problem 3086 size 10 20 density  0.60,10,20,10,10,0.075,solved,
Simonis,problem_10_20.dat,HS problem 3087 size 10 20 density  0.60,10,20,10,10,0.07,solved,
Simonis,problem_10_20.dat,HS problem 3088 size 10 20 density  0.60,10,20,10,10,0.067,solved,
Simonis,problem_10_20.dat,HS problem 3089 size 10 20 density  0.60,10,20,10,10,0.058,solved,
Simonis,problem_10_20.dat,HS problem 3090 size 10 20 density  0.60,10,20,10,10,0.053,solved,
Simonis,problem_10_20.dat,HS problem 3091 size 10 20 density  0.65,10,20,10,10,0.051,solved,
Simonis,problem_10_20.dat,HS problem 3092 size 10 20 density  0.65,10,20,10,10,0.046,solved,
Simonis,problem_10_20.dat,HS problem 3093 size 10 20 density  0.65,10,20,10,10,0.041,solved,
Simonis,problem_10_20.dat,HS problem 3094 size 10 20 density  0.65,10,20,10,10,0.035,solved,
Simonis,problem_10_20.dat,HS problem 3095 size 10 20 density  0.65,10,20,10,10,0.03,solved,
Simonis,problem_10_20.dat,HS problem 3096 size 10 20 density  0.65,10,20,10,10,0.025,solved,
Simonis,problem_10_20.dat,HS problem 3097 size 10 20 density  0.65,10,20,10,10,0.21,solved,
Simonis,problem_10_20.dat,HS problem 3098 size 10 20 density  0.65,10,20,10,10,0.203,solved,
Simonis,problem_10_20.dat,HS problem 3099 size 10 20 density  0.65,10,20,10,10,0.197,solved,
Simonis,problem_10_20.dat,HS problem 3100 size 10 20 density  0.65,10,20,10,10,0.193,solved,
Simonis,problem_10_20.dat,HS problem 3101 size 10 20 density  0.65,10,20,10,10,0.138,solved,
Simonis,problem_10_20.dat,HS problem 3102 size 10 20 density  0.65,10,20,10,10,0.134,solved,
Simonis,problem_10_20.dat,HS problem 3103 size 10 20 density  0.65,10,20,10,10,0.128,solved,
Simonis,problem_10_20.dat,HS problem 3104 size 10 20 density  0.65,10,20,10,10,0.122,solved,
Simonis,problem_10_20.dat,HS problem 3105 size 10 20 density  0.65,10,20,10,10,0.116,solved,
Simonis,problem_10_20.dat,HS problem 3106 size 10 20 density  0.65,10,20,10,10,0.114,solved,
Simonis,problem_10_20.dat,HS problem 3107 size 10 20 density  0.65,10,20,10,10,0.107,solved,
Simonis,problem_10_20.dat,HS problem 3108 size 10 20 density  0.65,10,20,10,10,0.102,solved,
Simonis,problem_10_20.dat,HS problem 3109 size 10 20 density  0.65,10,20,10,10,0.098,solved,
Simonis,problem_10_20.dat,HS problem 3110 size 10 20 density  0.65,10,20,10,10,0.09,solved,
Simonis,problem_10_20.dat,HS problem 3111 size 10 20 density  0.65,10,20,10,10,0.085,solved,
Simonis,problem_10_20.dat,HS problem 3112 size 10 20 density  0.65,10,20,10,10,0.082,solved,
Simonis,problem_10_20.dat,HS problem 3113 size 10 20 density  0.65,10,20,10,10,0.076,solved,
Simonis,problem_10_20.dat,HS problem 3114 size 10 20 density  0.65,10,20,10,10,0.07,solved,
Simonis,problem_10_20.dat,HS problem 3115 size 10 20 density  0.65,10,20,10,10,0.063,solved,
Simonis,problem_10_20.dat,HS problem 3116 size 10 20 density  0.65,10,20,10,10,0.059,solved,
Simonis,problem_10_20.dat,HS problem 3117 size 10 20 density  0.65,10,20,10,10,0.054,solved,
Simonis,problem_10_20.dat,HS problem 3118 size 10 20 density  0.65,10,20,10,10,0.051,solved,
Simonis,problem_10_20.dat,HS problem 3119 size 10 20 density  0.65,10,20,10,10,0.042,solved,
Simonis,problem_10_20.dat,HS problem 3120 size 10 20 density  0.65,10,20,10,10,0.037,solved,
Simonis,problem_10_20.dat,HS problem 3121 size 10 20 density  0.65,10,20,10,10,0.034,solved,
Simonis,problem_10_20.dat,HS problem 3122 size 10 20 density  0.65,10,20,10,10,0.028,solved,
Simonis,problem_10_20.dat,HS problem 3123 size 10 20 density  0.65,10,20,10,10,0.219,solved,
Simonis,problem_10_20.dat,HS problem 3124 size 10 20 density  0.65,10,20,10,10,0.213,solved,
Simonis,problem_10_20.dat,HS problem 3125 size 10 20 density  0.65,10,20,10,10,0.208,solved,
Simonis,problem_10_20.dat,HS problem 3126 size 10 20 density  0.65,10,20,10,10,0.201,solved,
Simonis,problem_10_20.dat,HS problem 3127 size 10 20 density  0.65,10,20,10,10,0.146,solved,
Simonis,problem_10_20.dat,HS problem 3128 size 10 20 density  0.65,10,20,10,10,0.141,solved,
Simonis,problem_10_20.dat,HS problem 3129 size 10 20 density  0.65,10,20,10,10,0.136,solved,
Simonis,problem_10_20.dat,HS problem 3130 size 10 20 density  0.65,10,20,10,10,0.132,solved,
Simonis,problem_10_20.dat,HS problem 3131 size 10 20 density  0.65,10,20,10,10,0.124,solved,
Simonis,problem_10_20.dat,HS problem 3132 size 10 20 density  0.65,10,20,10,10,0.119,solved,
Simonis,problem_10_20.dat,HS problem 3133 size 10 20 density  0.65,10,20,10,10,0.114,solved,
Simonis,problem_10_20.dat,HS problem 3134 size 10 20 density  0.65,10,20,10,10,0.108,solved,
Simonis,problem_10_20.dat,HS problem 3135 size 10 20 density  0.65,10,20,10,10,0.1,solved,
Simonis,problem_10_20.dat,HS problem 3136 size 10 20 density  0.65,10,20,10,10,0.096,solved,
Simonis,problem_10_20.dat,HS problem 3137 size 10 20 density  0.65,10,20,10,10,0.093,solved,
Simonis,problem_10_20.dat,HS problem 3138 size 10 20 density  0.65,10,20,10,10,0.088,solved,
Simonis,problem_10_20.dat,HS problem 3139 size 10 20 density  0.65,10,20,10,10,0.081,solved,
Simonis,problem_10_20.dat,HS problem 3140 size 10 20 density  0.65,10,20,10,10,0.074,solved,
Simonis,problem_10_20.dat,HS problem 3141 size 10 20 density  0.70,10,20,10,10,0.07,solved,
Simonis,problem_10_20.dat,HS problem 3142 size 10 20 density  0.70,10,20,10,10,0.064,solved,
Simonis,problem_10_20.dat,HS problem 3143 size 10 20 density  0.70,10,20,10,10,0.058,solved,
Simonis,problem_10_20.dat,HS problem 3144 size 10 20 density  0.70,10,20,10,10,0.053,solved,
Simonis,problem_10_20.dat,HS problem 3145 size 10 20 density  0.70,10,20,10,10,0.049,solved,
Simonis,problem_10_20.dat,HS problem 3146 size 10 20 density  0.70,10,20,10,10,0.042,solved,
Simonis,problem_10_20.dat,HS problem 3147 size 10 20 density  0.70,10,20,10,10,0.035,solved,
Simonis,problem_10_20.dat,HS problem 3148 size 10 20 density  0.70,10,20,10,10,0.03,solved,
Simonis,problem_10_20.dat,HS problem 3149 size 10 20 density  0.70,10,20,10,10,0.026,solved,
Simonis,problem_10_20.dat,HS problem 3150 size 10 20 density  0.70,10,20,10,10,0.216,solved,
Simonis,problem_10_20.dat,HS problem 3151 size 10 20 density  0.70,10,20,10,10,0.21,solved,
Simonis,problem_10_20.dat,HS problem 3152 size 10 20 density  0.70,10,20,10,10,0.203,solved,
Simonis,problem_10_20.dat,HS problem 3153 size 10 20 density  0.70,10,20,10,10,0.146,solved,
Simonis,problem_10_20.dat,HS problem 3154 size 10 20 density  0.70,10,20,10,10,0.141,solved,
Simonis,problem_10_20.dat,HS problem 3155 size 10 20 density  0.70,10,20,10,10,0.136,solved,
Simonis,problem_10_20.dat,HS problem 3156 size 10 20 density  0.70,10,20,10,10,0.131,solved,
Simonis,problem_10_20.dat,HS problem 3157 size 10 20 density  0.70,10,20,10,10,0.125,solved,
Simonis,problem_10_20.dat,HS problem 3158 size 10 20 density  0.70,10,20,10,10,0.12,solved,
Simonis,problem_10_20.dat,HS problem 3159 size 10 20 density  0.70,10,20,10,10,0.113,solved,
Simonis,problem_10_20.dat,HS problem 3160 size 10 20 density  0.70,10,20,10,10,0.108,solved,
Simonis,problem_10_20.dat,HS problem 3161 size 10 20 density  0.70,10,20,10,10,0.102,solved,
Simonis,problem_10_20.dat,HS problem 3162 size 10 20 density  0.70,10,20,10,10,0.095,solved,
Simonis,problem_10_20.dat,HS problem 3163 size 10 20 density  0.70,10,20,10,10,0.09,solved,
Simonis,problem_10_20.dat,HS problem 3164 size 10 20 density  0.70,10,20,10,10,0.086,solved,
Simonis,problem_10_20.dat,HS problem 3165 size 10 20 density  0.70,10,20,10,10,0.081,solved,
Simonis,problem_10_20.dat,HS problem 3166 size 10 20 density  0.70,10,20,10,10,0.077,solved,
Simonis,problem_10_20.dat,HS problem 3167 size 10 20 density  0.70,10,20,10,10,0.068,solved,
Simonis,problem_10_20.dat,HS problem 3168 size 10 20 density  0.70,10,20,10,10,0.062,solved,
Simonis,problem_10_20.dat,HS problem 3169 size 10 20 density  0.70,10,20,10,10,0.059,solved,
Simonis,problem_10_20.dat,HS problem 3170 size 10 20 density  0.70,10,20,10,10,0.052,solved,
Simonis,problem_10_20.dat,HS problem 3171 size 10 20 density  0.70,10,20,10,10,0.048,solved,
Simonis,problem_10_20.dat,HS problem 3172 size 10 20 density  0.70,10,20,10,10,0.043,solved,
Simonis,problem_10_20.dat,HS problem 3173 size 10 20 density  0.70,10,20,10,10,0.037,solved,
Simonis,problem_10_20.dat,HS problem 3174 size 10 20 density  0.70,10,20,10,10,0.03,solved,
Simonis,problem_10_20.dat,HS problem 3175 size 10 20 density  0.70,10,20,10,10,0.025,solved,
Simonis,problem_10_20.dat,HS problem 3176 size 10 20 density  0.70,10,20,10,10,0.021,solved,
Simonis,problem_10_20.dat,HS problem 3177 size 10 20 density  0.70,10,20,10,10,0.216,solved,
Simonis,problem_10_20.dat,HS problem 3178 size 10 20 density  0.70,10,20,10,10,0.209,solved,
Simonis,problem_10_20.dat,HS problem 3179 size 10 20 density  0.70,10,20,10,10,0.202,solved,
Simonis,problem_10_20.dat,HS problem 3180 size 10 20 density  0.70,10,20,10,10,0.149,solved,
Simonis,problem_10_20.dat,HS problem 3181 size 10 20 density  0.70,10,20,10,10,0.144,solved,
Simonis,problem_10_20.dat,HS problem 3182 size 10 20 density  0.70,10,20,10,10,0.14,solved,
Simonis,problem_10_20.dat,HS problem 3183 size 10 20 density  0.70,10,20,10,10,0.135,solved,
Simonis,problem_10_20.dat,HS problem 3184 size 10 20 density  0.70,10,20,10,10,0.127,solved,
Simonis,problem_10_20.dat,HS problem 3185 size 10 20 density  0.70,10,20,10,10,0.123,solved,
Simonis,problem_10_20.dat,HS problem 3186 size 10 20 density  0.70,10,20,10,10,0.116,solved,
Simonis,problem_10_20.dat,HS problem 3187 size 10 20 density  0.70,10,20,10,10,0.111,solved,
Simonis,problem_10_20.dat,HS problem 3188 size 10 20 density  0.70,10,20,10,10,0.105,solved,
Simonis,problem_10_20.dat,HS problem 3189 size 10 20 density  0.70,10,20,10,10,0.1,solved,
Simonis,problem_10_20.dat,HS problem 3190 size 10 20 density  0.70,10,20,10,10,0.094,solved,
Simonis,problem_15_15.dat,HS problem 1651 size 15 15 density  0.20,15,15,7,7,0.089,solved,
Simonis,problem_15_15.dat,HS problem 1652 size 15 15 density  0.20,15,15,9,9,0.083,solved,
Simonis,problem_15_15.dat,HS problem 1653 size 15 15 density  0.20,15,15,7,7,0.077,solved,
Simonis,problem_15_15.dat,HS problem 1654 size 15 15 density  0.20,15,15,8,8,0.071,solved,
Simonis,problem_15_15.dat,HS problem 1655 size 15 15 density  0.20,15,15,7,7,0.065,solved,
Simonis,problem_15_15.dat,HS problem 1656 size 15 15 density  0.20,15,15,5,5,0.061,solved,
Simonis,problem_15_15.dat,HS problem 1657 size 15 15 density  0.20,15,15,8,8,0.056,solved,
Simonis,problem_15_15.dat,HS problem 1658 size 15 15 density  0.20,15,15,7,7,0.05,solved,
Simonis,problem_15_15.dat,HS problem 1659 size 15 15 density  0.20,15,15,8,8,0.043,solved,
Simonis,problem_15_15.dat,HS problem 1660 size 15 15 density  0.20,15,15,7,7,0.041,solved,
Simonis,problem_15_15.dat,HS problem 1661 size 15 15 density  0.20,15,15,8,8,0.035,solved,
Simonis,problem_15_15.dat,HS problem 1662 size 15 15 density  0.20,15,15,8,8,0.029,solved,
Simonis,problem_15_15.dat,HS problem 1663 size 15 15 density  0.20,15,15,9,9,0.217,solved,
Simonis,problem_15_15.dat,HS problem 1664 size 15 15 density  0.20,15,15,8,8,0.214,solved,
Simonis,problem_15_15.dat,HS problem 1665 size 15 15 density  0.20,15,15,8,8,0.208,solved,
Simonis,problem_15_15.dat,HS problem 1666 size 15 15 density  0.20,15,15,8,8,0.205,solved,
Simonis,problem_15_15.dat,HS problem 1667 size 15 15 density  0.20,15,15,8,8,0.146,solved,
Simonis,problem_15_15.dat,HS problem 1668 size 15 15 density  0.20,15,15,7,7,0.141,solved,
Simonis,problem_15_15.dat,HS problem 1669 size 15 15 density  0.20,15,15,8,8,0.135,solved,
Simonis,problem_15_15.dat,HS problem 1670 size 15 15 density  0.20,15,15,11,11,0.129,solved,
Simonis,problem_15_15.dat,HS problem 1671 size 15 15 density  0.20,15,15,11,11,0.125,solved,
Simonis,problem_15_15.dat,HS problem 1672 size 15 15 density  0.20,15,15,8,8,0.12,solved,
Simonis,problem_15_15.dat,HS problem 1673 size 15 15 density  0.20,15,15,9,9,0.114,solved,
Simonis,problem_15_15.dat,HS problem 1674 size 15 15 density  0.20,15,15,8,8,0.106,solved,
Simonis,problem_15_15.dat,HS problem 1675 size 15 15 density  0.20,15,15,7,7,0.102,solved,
Simonis,problem_15_15.dat,HS problem 1676 size 15 15 density  0.20,15,15,6,6,0.098,solved,
Simonis,problem_15_15.dat,HS problem 1677 size 15 15 density  0.20,15,15,10,10,0.093,solved,
Simonis,problem_15_15.dat,HS problem 1678 size 15 15 density  0.20,15,15,7,7,0.087,solved,
Simonis,problem_15_15.dat,HS problem 1679 size 15 15 density  0.20,15,15,10,10,0.08,solved,
Simonis,problem_15_15.dat,HS problem 1680 size 15 15 density  0.20,15,15,8,8,0.077,solved,
Simonis,problem_15_15.dat,HS problem 1681 size 15 15 density  0.20,15,15,9,9,0.071,solved,
Simonis,problem_15_15.dat,HS problem 1682 size 15 15 density  0.20,15,15,8,8,0.065,solved,
Simonis,problem_15_15.dat,HS problem 1683 size 15 15 density  0.20,15,15,10,10,0.059,solved,
Simonis,problem_15_15.dat,HS problem 1684 size 15 15 density  0.20,15,15,7,7,0.054,solved,
Simonis,problem_15_15.dat,HS problem 1685 size 15 15 density  0.20,15,15,7,7,0.05,solved,
Simonis,problem_15_15.dat,HS problem 1686 size 15 15 density  0.20,15,15,8,8,0.042,solved,
Simonis,problem_15_15.dat,HS problem 1687 size 15 15 density  0.20,15,15,7,7,0.036,solved,
Simonis,problem_15_15.dat,HS problem 1688 size 15 15 density  0.20,15,15,7,7,0.031,solved,
Simonis,problem_15_15.dat,HS problem 1689 size 15 15 density  0.20,15,15,8,8,0.212,solved,
Simonis,problem_15_15.dat,HS problem 1690 size 15 15 density  0.20,15,15,11,11,0.206,solved,
Simonis,problem_15_15.dat,HS problem 1691 size 15 15 density  0.20,15,15,9,9,0.2,solved,
Simonis,problem_15_15.dat,HS problem 1692 size 15 15 density  0.20,15,15,8,8,0.194,solved,
Simonis,problem_15_15.dat,HS problem 1693 size 15 15 density  0.20,15,15,6,6,0.137,solved,
Simonis,problem_15_15.dat,HS problem 1694 size 15 15 density  0.20,15,15,10,10,0.133,solved,
Simonis,problem_15_15.dat,HS problem 1695 size 15 15 density  0.20,15,15,8,8,0.127,solved,
Simonis,problem_15_15.dat,HS problem 1696 size 15 15 density  0.20,15,15,10,10,0.122,solved,
Simonis,problem_15_15.dat,HS problem 1697 size 15 15 density  0.20,15,15,9,9,0.117,solved,
Simonis,problem_15_15.dat,HS problem 1698 size 15 15 density  0.20,15,15,7,7,0.112,solved,
Simonis,problem_15_15.dat,HS problem 1699 size 15 15 density  0.20,15,15,8,8,0.104,solved,
Simonis,problem_15_15.dat,HS problem 1700 size 15 15 density  0.20,15,15,9,9,0.101,solved,
Simonis,problem_15_15.dat,HS problem 1701 size 15 15 density  0.25,15,15,8,8,0.096,solved,
Simonis,problem_15_15.dat,HS problem 1702 size 15 15 density  0.25,15,15,10,10,0.092,solved,
Simonis,problem_15_15.dat,HS problem 1703 size 15 15 density  0.25,15,15,10,10,0.083,solved,
Simonis,problem_15_15.dat,HS problem 1704 size 15 15 density  0.25,15,15,9,9,0.079,solved,
Simonis,problem_15_15.dat,HS problem 1705 size 15 15 density  0.25,15,15,7,7,0.075,solved,
Simonis,problem_15_15.dat,HS problem 1706 size 15 15 density  0.25,15,15,9,9,0.07,solved,
Simonis,problem_15_15.dat,HS problem 1707 size 15 15 density  0.25,15,15,11,11,0.063,solved,
Simonis,problem_15_15.dat,HS problem 1708 size 15 15 density  0.25,15,15,11,11,0.057,solved,
Simonis,problem_15_15.dat,HS problem 1709 size 15 15 density  0.25,15,15,10,10,0.054,solved,
Simonis,problem_15_15.dat,HS problem 1710 size 15 15 density  0.25,15,15,11,11,0.049,solved,
Simonis,problem_15_15.dat,HS problem 1711 size 15 15 density  0.25,15,15,9,9,0.043,solved,
Simonis,problem_15_15.dat,HS problem 1712 size 15 15 density  0.25,15,15,6,6,0.036,solved,
Simonis,problem_15_15.dat,HS problem 1713 size 15 15 density  0.25,15,15,9,9,0.033,solved,
Simonis,problem_15_15.dat,HS problem 1714 size 15 15 density  0.25,15,15,9,9,0.22,solved,
Simonis,problem_15_15.dat,HS problem 1715 size 15 15 density  0.25,15,15,10,10,0.214,solved,
Simonis,problem_15_15.dat,HS problem 1716 size 15 15 density  0.25,15,15,9,9,0.208,solved,
Simonis,problem_15_15.dat,HS problem 1717 size 15 15 density  0.25,15,15,10,10,0.205,solved,
Simonis,problem_15_15.dat,HS problem 1718 size 15 15 density  0.25,15,15,9,9,0.2,solved,
Simonis,problem_15_15.dat,HS problem 1719 size 15 15 density  0.25,15,15,10,10,0.143,solved,
Simonis,problem_15_15.dat,HS problem 1720 size 15 15 density  0.25,15,15,9,9,0.137,solved,
Simonis,problem_15_15.dat,HS problem 1721 size 15 15 density  0.25,15,15,7,7,0.133,solved,
Simonis,problem_15_15.dat,HS problem 1722 size 15 15 density  0.25,15,15,8,8,0.128,solved,
Simonis,problem_15_15.dat,HS problem 1723 size 15 15 density  0.25,15,15,12,12,0.121,solved,
Simonis,problem_15_15.dat,HS problem 1724 size 15 15 density  0.25,15,15,11,11,0.116,solved,
Simonis,problem_15_15.dat,HS problem 1725 size 15 15 density  0.25,15,15,8,8,0.109,solved,
Simonis,problem_15_15.dat,HS problem 1726 size 15 15 density  0.25,15,15,9,9,0.104,solved,
Simonis,problem_15_15.dat,HS problem 1727 size 15 15 density  0.25,15,15,9,9,0.099,solved,
Simonis,problem_15_15.dat,HS problem 1728 size 15 15 density  0.25,15,15,10,10,0.095,solved,
Simonis,problem_15_15.dat,HS problem 1729 size 15 15 density  0.25,15,15,8,8,0.087,solved,
Simonis,problem_15_15.dat,HS problem 1730 size 15 15 density  0.25,15,15,9,9,0.08,solved,
Simonis,problem_15_15.dat,HS problem 1731 size 15 15 density  0.25,15,15,9,9,0.077,solved,
Simonis,problem_15_15.dat,HS problem 1732 size 15 15 density  0.25,15,15,10,10,0.071,solved,
Simonis,problem_15_15.dat,HS problem 1733 size 15 15 density  0.25,15,15,11,11,0.067,solved,
Simonis,problem_15_15.dat,HS problem 1734 size 15 15 density  0.25,15,15,8,8,0.059,solved,
Simonis,problem_15_15.dat,HS problem 1735 size 15 15 density  0.25,15,15,8,8,0.055,solved,
Simonis,problem_15_15.dat,HS problem 1736 size 15 15 density  0.25,15,15,11,11,0.046,solved,
Simonis,problem_15_15.dat,HS problem 1737 size 15 15 density  0.25,15,15,11,11,0.041,solved,
Simonis,problem_15_15.dat,HS problem 1738 size 15 15 density  0.25,15,15,10,10,0.037,solved,
Simonis,problem_15_15.dat,HS problem 1739 size 15 15 density  0.25,15,15,8,8,0.033,solved,
Simonis,problem_15_15.dat,HS problem 1740 size 15 15 density  0.25,15,15,11,11,0.225,solved,
Simonis,problem_15_15.dat,HS problem 1741 size 15 15 density  0.25,15,15,10,10,0.219,solved,
Simonis,problem_15_15.dat,HS problem 1742 size 15 15 density  0.25,15,15,11,11,0.212,solved,
Simonis,problem_15_15.dat,HS problem 1743 size 15 15 density  0.25,15,15,12,12,0.207,solved,
Simonis,problem_15_15.dat,HS problem 1744 size 15 15 density  0.25,15,15,9,9,0.15,solved,
Simonis,problem_15_15.dat,HS problem 1745 size 15 15 density  0.25,15,15,10,10,0.145,solved,
Simonis,problem_15_15.dat,HS problem 1746 size 15 15 density  0.25,15,15,10,10,0.14,solved,
Simonis,problem_15_15.dat,HS problem 1747 size 15 15 density  0.25,15,15,11,11,0.134,solved,
Simonis,problem_15_15.dat,HS problem 1748 size 15 15 density  0.25,15,15,11,11,0.128,solved,
Simonis,problem_15_15.dat,HS problem 1749 size 15 15 density  0.25,15,15,9,9,0.122,solved,
Simonis,problem_15_15.dat,HS problem 1750 size 15 15 density  0.25,15,15,11,11,0.115,solved,
Simonis,problem_15_15.dat,HS problem 1751 size 15 15 density  0.30,15,15,11,11,0.11,solved,
Simonis,problem_15_15.dat,HS problem 1752 size 15 15 density  0.30,15,15,12,12,0.103,solved,
Simonis,problem_15_15.dat,HS problem 1753 size 15 15 density  0.30,15,15,11,11,0.097,solved,
Simonis,problem_15_15.dat,HS problem 1754 size 15 15 density  0.30,15,15,12,12,0.093,solved,
Simonis,problem_15_15.dat,HS problem 1755 size 15 15 density  0.30,15,15,10,10,0.088,solved,
Simonis,problem_15_15.dat,HS problem 1756 size 15 15 density  0.30,15,15,10,10,0.08,solved,
Simonis,problem_15_15.dat,HS problem 1757 size 15 15 density  0.30,15,15,11,11,0.075,solved,
Simonis,problem_15_15.dat,HS problem 1758 size 15 15 density  0.30,15,15,11,11,0.07,solved,
Simonis,problem_15_15.dat,HS problem 1759 size 15 15 density  0.30,15,15,8,8,0.066,solved,
Simonis,problem_15_15.dat,HS problem 1760 size 15 15 density  0.30,15,15,11,11,0.06,solved,
Simonis,problem_15_15.dat,HS problem 1761 size 15 15 density  0.30,15,15,10,10,0.053,solved,
Simonis,problem_15_15.dat,HS problem 1762 size 15 15 density  0.30,15,15,10,10,0.047,solved,
Simonis,problem_15_15.dat,HS problem 1763 size 15 15 density  0.30,15,15,12,12,0.041,solved,
Simonis,problem_15_15.dat,HS problem 1764 size 15 15 density  0.30,15,15,12,12,0.034,solved,
Simonis,problem_15_15.dat,HS problem 1765 size 15 15 density  0.30,15,15,13,13,0.028,solved,
Simonis,problem_15_15.dat,HS problem 1766 size 15 15 density  0.30,15,15,12,12,0.22,solved,
Simonis,problem_15_15.dat,HS problem 1767 size 15 15 density  0.30,15,15,9,9,0.214,solved,
Simonis,problem_15_15.dat,HS problem 1768 size 15 15 density  0.30,15,15,13,13,0.208,solved,
Simonis,problem_15_15.dat,HS problem 1769 size 15 15 density  0.30,15,15,13,13,0.203,solved,
Simonis,problem_15_15.dat,HS problem 1770 size 15 15 density  0.30,15,15,10,10,0.148,solved,
Simonis,problem_15_15.dat,HS problem 1771 size 15 15 density  0.30,15,15,10,10,0.144,solved,
Simonis,problem_15_15.dat,HS problem 1772 size 15 15 density  0.30,15,15,12,12,0.139,solved,
Simonis,problem_15_15.dat,HS problem 1773 size 15 15 density  0.30,15,15,11,11,0.136,solved,
Simonis,problem_15_15.dat,HS problem 1774 size 15 15 density  0.30,15,15,10,10,0.13,solved,
Simonis,problem_15_15.dat,HS problem 1775 size 15 15 density  0.30,15,15,11,11,0.124,solved,
Simonis,problem_15_15.dat,HS problem 1776 size 15 15 density  0.30,15,15,10,10,0.117,solved,
Simonis,problem_15_15.dat,HS problem 1777 size 15 15 density  0.30,15,15,12,12,0.111,solved,
Simonis,problem_15_15.dat,HS problem 1778 size 15 15 density  0.30,15,15,11,11,0.107,solved,
Simonis,problem_15_15.dat,HS problem 1779 size 15 15 density  0.30,15,15,12,12,0.101,solved,
Simonis,problem_15_15.dat,HS problem 1780 size 15 15 density  0.30,15,15,12,12,0.093,solved,
Simonis,problem_15_15.dat,HS problem 1781 size 15 15 density  0.30,15,15,11,11,0.089,solved,
Simonis,problem_15_15.dat,HS problem 1782 size 15 15 density  0.30,15,15,10,10,0.082,solved,
Simonis,problem_15_15.dat,HS problem 1783 size 15 15 density  0.30,15,15,12,12,0.077,solved,
Simonis,problem_15_15.dat,HS problem 1784 size 15 15 density  0.30,15,15,10,10,0.07,solved,
Simonis,problem_15_15.dat,HS problem 1785 size 15 15 density  0.30,15,15,10,10,0.064,solved,
Simonis,problem_15_15.dat,HS problem 1786 size 15 15 density  0.30,15,15,11,11,0.058,solved,
Simonis,problem_15_15.dat,HS problem 1787 size 15 15 density  0.30,15,15,11,11,0.052,solved,
Simonis,problem_15_15.dat,HS problem 1788 size 15 15 density  0.30,15,15,10,10,0.046,solved,
Simonis,problem_15_15.dat,HS problem 1789 size 15 15 density  0.30,15,15,11,11,0.042,solved,
Simonis,problem_15_15.dat,HS problem 1790 size 15 15 density  0.30,15,15,13,13,0.037,solved,
Simonis,problem_15_15.dat,HS problem 1791 size 15 15 density  0.30,15,15,11,11,0.226,solved,
Simonis,problem_15_15.dat,HS problem 1792 size 15 15 density  0.30,15,15,11,11,0.218,solved,
Simonis,problem_15_15.dat,HS problem 1793 size 15 15 density  0.30,15,15,11,11,0.214,solved,
Simonis,problem_15_15.dat,HS problem 1794 size 15 15 density  0.30,15,15,10,10,0.209,solved,
Simonis,problem_15_15.dat,HS problem 1795 size 15 15 density  0.30,15,15,11,11,0.202,solved,
Simonis,problem_15_15.dat,HS problem 1796 size 15 15 density  0.30,15,15,9,9,0.144,solved,
Simonis,problem_15_15.dat,HS problem 1797 size 15 15 density  0.30,15,15,13,13,0.139,solved,
Simonis,problem_15_15.dat,HS problem 1798 size 15 15 density  0.30,15,15,11,11,0.134,solved,
Simonis,problem_15_15.dat,HS problem 1799 size 15 15 density  0.30,15,15,11,11,0.129,solved,
Simonis,problem_15_15.dat,HS problem 1800 size 15 15 density  0.30,15,15,12,12,0.122,solved,
Simonis,problem_15_15.dat,HS problem 1801 size 15 15 density  0.35,15,15,12,12,0.118,solved,
Simonis,problem_15_15.dat,HS problem 1802 size 15 15 density  0.35,15,15,12,12,0.11,solved,
Simonis,problem_15_15.dat,HS problem 1803 size 15 15 density  0.35,15,15,12,12,0.104,solved,
Simonis,problem_15_15.dat,HS problem 1804 size 15 15 density  0.35,15,15,11,11,0.1,solved,
Simonis,problem_15_15.dat,HS problem 1805 size 15 15 density  0.35,15,15,12,12,0.094,solved,
Simonis,problem_15_15.dat,HS problem 1806 size 15 15 density  0.35,15,15,12,12,0.087,solved,
Simonis,problem_15_15.dat,HS problem 1807 size 15 15 density  0.35,15,15,14,14,0.08,solved,
Simonis,problem_15_15.dat,HS problem 1808 size 15 15 density  0.35,15,15,12,12,0.075,solved,
Simonis,problem_15_15.dat,HS problem 1809 size 15 15 density  0.35,15,15,13,13,0.07,solved,
Simonis,problem_15_15.dat,HS problem 1810 size 15 15 density  0.35,15,15,11,11,0.066,solved,
Simonis,problem_15_15.dat,HS problem 1811 size 15 15 density  0.35,15,15,12,12,0.058,solved,
Simonis,problem_15_15.dat,HS problem 1812 size 15 15 density  0.35,15,15,12,12,0.052,solved,
Simonis,problem_15_15.dat,HS problem 1813 size 15 15 density  0.35,15,15,12,12,0.048,solved,
Simonis,problem_15_15.dat,HS problem 1814 size 15 15 density  0.35,15,15,12,12,0.042,solved,
Simonis,problem_15_15.dat,HS problem 1815 size 15 15 density  0.35,15,15,12,12,0.039,solved,
Simonis,problem_15_15.dat,HS problem 1816 size 15 15 density  0.35,15,15,12,12,0.031,solved,
Simonis,problem_15_15.dat,HS problem 1817 size 15 15 density  0.35,15,15,12,12,0.222,solved,
Simonis,problem_15_15.dat,HS problem 1818 size 15 15 density  0.35,15,15,12,12,0.215,solved,
Simonis,problem_15_15.dat,HS problem 1819 size 15 15 density  0.35,15,15,12,12,0.21,solved,
Simonis,problem_15_15.dat,HS problem 1820 size 15 15 density  0.35,15,15,14,14,0.203,solved,
Simonis,problem_15_15.dat,HS problem 1821 size 15 15 density  0.35,15,15,12,12,0.147,solved,
Simonis,problem_15_15.dat,HS problem 1822 size 15 15 density  0.35,15,15,14,14,0.142,solved,
Simonis,problem_15_15.dat,HS problem 1823 size 15 15 density  0.35,15,15,13,13,0.136,solved,
Simonis,problem_15_15.dat,HS problem 1824 size 15 15 density  0.35,15,15,14,14,0.13,solved,
Simonis,problem_15_15.dat,HS problem 1825 size 15 15 density  0.35,15,15,14,14,0.125,solved,
Simonis,problem_15_15.dat,HS problem 1826 size 15 15 density  0.35,15,15,13,13,0.119,solved,
Simonis,problem_15_15.dat,HS problem 1827 size 15 15 density  0.35,15,15,12,12,0.116,solved,
Simonis,problem_15_15.dat,HS problem 1828 size 15 15 density  0.35,15,15,13,13,0.107,solved,
Simonis,problem_15_15.dat,HS problem 1829 size 15 15 density  0.35,15,15,12,12,0.102,solved,
Simonis,problem_15_15.dat,HS problem 1830 size 15 15 density  0.35,15,15,13,13,0.097,solved,
Simonis,problem_15_15.dat,HS problem 1831 size 15 15 density  0.35,15,15,12,12,0.091,solved,
Simonis,problem_15_15.dat,HS problem 1832 size 15 15 density  0.35,15,15,11,11,0.084,solved,
Simonis,problem_15_15.dat,HS problem 1833 size 15 15 density  0.35,15,15,12,12,0.08,solved,
Simonis,problem_15_15.dat,HS problem 1834 size 15 15 density  0.35,15,15,13,13,0.074,solved,
Simonis,problem_15_15.dat,HS problem 1835 size 15 15 density  0.35,15,15,11,11,0.068,solved,
Simonis,problem_15_15.dat,HS problem 1836 size 15 15 density  0.35,15,15,14,14,0.061,solved,
Simonis,problem_15_15.dat,HS problem 1837 size 15 15 density  0.35,15,15,11,11,0.058,solved,
Simonis,problem_15_15.dat,HS problem 1838 size 15 15 density  0.35,15,15,12,12,0.053,solved,
Simonis,problem_15_15.dat,HS problem 1839 size 15 15 density  0.35,15,15,11,11,0.047,solved,
Simonis,problem_15_15.dat,HS problem 1840 size 15 15 density  0.35,15,15,12,12,0.039,solved,
Simonis,problem_15_15.dat,HS problem 1841 size 15 15 density  0.35,15,15,12,12,0.034,solved,
Simonis,problem_15_15.dat,HS problem 1842 size 15 15 density  0.35,15,15,12,12,0.028,solved,
Simonis,problem_15_15.dat,HS problem 1843 size 15 15 density  0.35,15,15,12,12,0.226,solved,
Simonis,problem_15_15.dat,HS problem 1844 size 15 15 density  0.35,15,15,12,12,0.217,solved,
Simonis,problem_15_15.dat,HS problem 1845 size 15 15 density  0.35,15,15,12,12,0.212,solved,
Simonis,problem_15_15.dat,HS problem 1846 size 15 15 density  0.35,15,15,12,12,0.208,solved,
Simonis,problem_15_15.dat,HS problem 1847 size 15 15 density  0.35,15,15,13,13,0.152,solved,
Simonis,problem_15_15.dat,HS problem 1848 size 15 15 density  0.35,15,15,13,13,0.147,solved,
Simonis,problem_15_15.dat,HS problem 1849 size 15 15 density  0.35,15,15,12,12,0.142,solved,
Simonis,problem_15_15.dat,HS problem 1850 size 15 15 density  0.35,15,15,11,11,0.137,solved,
Simonis,problem_15_15.dat,HS problem 1851 size 15 15 density  0.40,15,15,14,14,0.13,solved,
Simonis,problem_15_15.dat,HS problem 1852 size 15 15 density  0.40,15,15,12,12,0.125,solved,
Simonis,problem_15_15.dat,HS problem 1853 size 15 15 density  0.40,15,15,12,12,0.117,solved,
Simonis,problem_15_15.dat,HS problem 1854 size 15 15 density  0.40,15,15,13,13,0.11,solved,
Simonis,problem_15_15.dat,HS problem 1855 size 15 15 density  0.40,15,15,13,13,0.107,solved,
Simonis,problem_15_15.dat,HS problem 1856 size 15 15 density  0.40,15,15,13,13,0.101,solved,
Simonis,problem_15_15.dat,HS problem 1857 size 15 15 density  0.40,15,15,13,13,0.094,solved,
Simonis,problem_15_15.dat,HS problem 1858 size 15 15 density  0.40,15,15,13,13,0.088,solved,
Simonis,problem_15_15.dat,HS problem 1859 size 15 15 density  0.40,15,15,12,12,0.083,solved,
Simonis,problem_15_15.dat,HS problem 1860 size 15 15 density  0.40,15,15,13,13,0.076,solved,
Simonis,problem_15_15.dat,HS problem 1861 size 15 15 density  0.40,15,15,13,13,0.071,solved,
Simonis,problem_15_15.dat,HS problem 1862 size 15 15 density  0.40,15,15,14,14,0.064,solved,
Simonis,problem_15_15.dat,HS problem 1863 size 15 15 density  0.40,15,15,13,13,0.058,solved,
Simonis,problem_15_15.dat,HS problem 1864 size 15 15 density  0.40,15,15,15,15,0.053,solved,
Simonis,problem_15_15.dat,HS problem 1865 size 15 15 density  0.40,15,15,12,12,0.046,solved,
Simonis,problem_15_15.dat,HS problem 1866 size 15 15 density  0.40,15,15,13,13,0.042,solved,
Simonis,problem_15_15.dat,HS problem 1867 size 15 15 density  0.40,15,15,13,13,0.036,solved,
Simonis,problem_15_15.dat,HS problem 1868 size 15 15 density  0.40,15,15,13,13,0.029,solved,
Simonis,problem_15_15.dat,HS problem 1869 size 15 15 density  0.40,15,15,14,14,0.226,solved,
Simonis,problem_15_15.dat,HS problem 1870 size 15 15 density  0.40,15,15,14,14,0.222,solved,
Simonis,problem_15_15.dat,HS problem 1871 size 15 15 density  0.40,15,15,12,12,0.217,solved,
Simonis,problem_15_15.dat,HS problem 1872 size 15 15 density  0.40,15,15,14,14,0.213,solved,
Simonis,problem_15_15.dat,HS problem 1873 size 15 15 density  0.40,15,15,14,14,0.154,solved,
Simonis,problem_15_15.dat,HS problem 1874 size 15 15 density  0.40,15,15,13,13,0.149,solved,
Simonis,problem_15_15.dat,HS problem 1875 size 15 15 density  0.40,15,15,13,13,0.143,solved,
Simonis,problem_15_15.dat,HS problem 1876 size 15 15 density  0.40,15,15,13,13,0.137,solved,
Simonis,problem_15_15.dat,HS problem 1877 size 15 15 density  0.40,15,15,14,14,0.132,solved,
Simonis,problem_15_15.dat,HS problem 1878 size 15 15 density  0.40,15,15,13,13,0.126,solved,
Simonis,problem_15_15.dat,HS problem 1879 size 15 15 density  0.40,15,15,14,14,0.119,solved,
Simonis,problem_15_15.dat,HS problem 1880 size 15 15 density  0.40,15,15,12,12,0.113,solved,
Simonis,problem_15_15.dat,HS problem 1881 size 15 15 density  0.40,15,15,14,14,0.106,solved,
Simonis,problem_15_15.dat,HS problem 1882 size 15 15 density  0.40,15,15,14,14,0.1,solved,
Simonis,problem_15_15.dat,HS problem 1883 size 15 15 density  0.40,15,15,11,11,0.093,solved,
Simonis,problem_15_15.dat,HS problem 1884 size 15 15 density  0.40,15,15,14,14,0.088,solved,
Simonis,problem_15_15.dat,HS problem 1885 size 15 15 density  0.40,15,15,13,13,0.081,solved,
Simonis,problem_15_15.dat,HS problem 1886 size 15 15 density  0.40,15,15,14,14,0.077,solved,
Simonis,problem_15_15.dat,HS problem 1887 size 15 15 density  0.40,15,15,12,12,0.071,solved,
Simonis,problem_15_15.dat,HS problem 1888 size 15 15 density  0.40,15,15,12,12,0.065,solved,
Simonis,problem_15_15.dat,HS problem 1889 size 15 15 density  0.40,15,15,13,13,0.058,solved,
Simonis,problem_15_15.dat,HS problem 1890 size 15 15 density  0.40,15,15,12,12,0.054,solved,
Simonis,problem_15_15.dat,HS problem 1891 size 15 15 density  0.40,15,15,14,14,0.049,solved,
Simonis,problem_15_15.dat,HS problem 1892 size 15 15 density  0.40,15,15,13,13,0.044,solved,
Simonis,problem_15_15.dat,HS problem 1893 size 15 15 density  0.40,15,15,12,12,0.038,solved,
Simonis,problem_15_15.dat,HS problem 1894 size 15 15 density  0.40,15,15,13,13,0.033,solved,
Simonis,problem_15_15.dat,HS problem 1895 size 15 15 density  0.40,15,15,13,13,0.024,solved,
Simonis,problem_15_15.dat,HS problem 1896 size 15 15 density  0.40,15,15,13,13,0.235,solved,
Simonis,problem_15_15.dat,HS problem 1897 size 15 15 density  0.40,15,15,14,14,0.228,solved,
Simonis,problem_15_15.dat,HS problem 1898 size 15 15 density  0.40,15,15,12,12,0.221,solved,
Simonis,problem_15_15.dat,HS problem 1899 size 15 15 density  0.40,15,15,13,13,0.166,solved,
Simonis,problem_15_15.dat,HS problem 1900 size 15 15 density  0.40,15,15,14,14,0.16,solved,
Simonis,problem_15_15.dat,HS problem 1901 size 15 15 density  0.45,15,15,14,14,0.154,solved,
Simonis,problem_15_15.dat,HS problem 1902 size 15 15 density  0.45,15,15,13,13,0.148,solved,
Simonis,problem_15_15.dat,HS problem 1903 size 15 15 density  0.45,15,15,14,14,0.141,solved,
Simonis,problem_15_15.dat,HS problem 1904 size 15 15 density  0.45,15,15,13,13,0.136,solved,
Simonis,problem_15_15.dat,HS problem 1905 size 15 15 density  0.45,15,15,12,12,0.129,solved,
Simonis,problem_15_15.dat,HS problem 1906 size 15 15 density  0.45,15,15,14,14,0.123,solved,
Simonis,problem_15_15.dat,HS problem 1907 size 15 15 density  0.45,15,15,14,14,0.118,solved,
Simonis,problem_15_15.dat,HS problem 1908 size 15 15 density  0.45,15,15,15,15,0.111,solved,
Simonis,problem_15_15.dat,HS problem 1909 size 15 15 density  0.45,15,15,14,14,0.103,solved,
Simonis,problem_15_15.dat,HS problem 1910 size 15 15 density  0.45,15,15,13,13,0.098,solved,
Simonis,problem_15_15.dat,HS problem 1911 size 15 15 density  0.45,15,15,13,13,0.093,solved,
Simonis,problem_15_15.dat,HS problem 1912 size 15 15 density  0.45,15,15,14,14,0.088,solved,
Simonis,problem_15_15.dat,HS problem 1913 size 15 15 density  0.45,15,15,14,14,0.083,solved,
Simonis,problem_15_15.dat,HS problem 1914 size 15 15 density  0.45,15,15,14,14,0.074,solved,
Simonis,problem_15_15.dat,HS problem 1915 size 15 15 density  0.45,15,15,12,12,0.069,solved,
Simonis,problem_15_15.dat,HS problem 1916 size 15 15 density  0.45,15,15,14,14,0.063,solved,
Simonis,problem_15_15.dat,HS problem 1917 size 15 15 density  0.45,15,15,15,15,0.058,solved,
Simonis,problem_15_15.dat,HS problem 1918 size 15 15 density  0.45,15,15,12,12,0.053,solved,
Simonis,problem_15_15.dat,HS problem 1919 size 15 15 density  0.45,15,15,13,13,0.044,solved,
Simonis,problem_15_15.dat,HS problem 1920 size 15 15 density  0.45,15,15,14,14,0.038,solved,
Simonis,problem_15_15.dat,HS problem 1921 size 15 15 density  0.45,15,15,13,13,0.035,solved,
Simonis,problem_15_15.dat,HS problem 1922 size 15 15 density  0.45,15,15,14,14,0.237,solved,
Simonis,problem_15_15.dat,HS problem 1923 size 15 15 density  0.45,15,15,14,14,0.23,solved,
Simonis,problem_15_15.dat,HS problem 1924 size 15 15 density  0.45,15,15,14,14,0.224,solved,
Simonis,problem_15_15.dat,HS problem 1925 size 15 15 density  0.45,15,15,13,13,0.218,solved,
Simonis,problem_15_15.dat,HS problem 1926 size 15 15 density  0.45,15,15,14,14,0.159,solved,
Simonis,problem_15_15.dat,HS problem 1927 size 15 15 density  0.45,15,15,14,14,0.153,solved,
Simonis,problem_15_15.dat,HS problem 1928 size 15 15 density  0.45,15,15,13,13,0.148,solved,
Simonis,problem_15_15.dat,HS problem 1929 size 15 15 density  0.45,15,15,13,13,0.143,solved,
Simonis,problem_15_15.dat,HS problem 1930 size 15 15 density  0.45,15,15,14,14,0.135,solved,
Simonis,problem_15_15.dat,HS problem 1931 size 15 15 density  0.45,15,15,14,14,0.13,solved,
Simonis,problem_15_15.dat,HS problem 1932 size 15 15 density  0.45,15,15,14,14,0.123,solved,
Simonis,problem_15_15.dat,HS problem 1933 size 15 15 density  0.45,15,15,14,14,0.116,solved,
Simonis,problem_15_15.dat,HS problem 1934 size 15 15 density  0.45,15,15,15,15,0.11,solved,
Simonis,problem_15_15.dat,HS problem 1935 size 15 15 density  0.45,15,15,14,14,0.104,solved,
Simonis,problem_15_15.dat,HS problem 1936 size 15 15 density  0.45,15,15,14,14,0.097,solved,
Simonis,problem_15_15.dat,HS problem 1937 size 15 15 density  0.45,15,15,14,14,0.091,solved,
Simonis,problem_15_15.dat,HS problem 1938 size 15 15 density  0.45,15,15,15,15,0.086,solved,
Simonis,problem_15_15.dat,HS problem 1939 size 15 15 density  0.45,15,15,14,14,0.081,solved,
Simonis,problem_15_15.dat,HS problem 1940 size 15 15 density  0.45,15,15,12,12,0.072,solved,
Simonis,problem_15_15.dat,HS problem 1941 size 15 15 density  0.45,15,15,14,14,0.066,solved,
Simonis,problem_15_15.dat,HS problem 1942 size 15 15 density  0.45,15,15,15,15,0.062,solved,
Simonis,problem_15_15.dat,HS problem 1943 size 15 15 density  0.45,15,15,13,13,0.056,solved,
Simonis,problem_15_15.dat,HS problem 1944 size 15 15 density  0.45,15,15,14,14,0.052,solved,
Simonis,problem_15_15.dat,HS problem 1945 size 15 15 density  0.45,15,15,14,14,0.044,solved,
Simonis,problem_15_15.dat,HS problem 1946 size 15 15 density  0.45,15,15,15,15,0.038,solved,
Simonis,problem_15_15.dat,HS problem 1947 size 15 15 density  0.45,15,15,14,14,0.031,solved,
Simonis,problem_15_15.dat,HS problem 1948 size 15 15 density  0.45,15,15,15,15,0.231,solved,
Simonis,problem_15_15.dat,HS problem 1949 size 15 15 density  0.45,15,15,13,13,0.225,solved,
Simonis,problem_15_15.dat,HS problem 1950 size 15 15 density  0.45,15,15,15,15,0.218,solved,
Simonis,problem_15_15.dat,HS problem 1951 size 15 15 density  0.50,15,15,14,14,0.211,solved,
Simonis,problem_15_15.dat,HS problem 1952 size 15 15 density  0.50,15,15,14,14,0.156,solved,
Simonis,problem_15_15.dat,HS problem 1953 size 15 15 density  0.50,15,15,15,15,0.151,solved,
Simonis,problem_15_15.dat,HS problem 1954 size 15 15 density  0.50,15,15,14,14,0.146,solved,
Simonis,problem_15_15.dat,HS problem 1955 size 15 15 density  0.50,15,15,14,14,0.142,solved,
Simonis,problem_15_15.dat,HS problem 1956 size 15 15 density  0.50,15,15,15,15,0.134,solved,
Simonis,problem_15_15.dat,HS problem 1957 size 15 15 density  0.50,15,15,13,13,0.129,solved,
Simonis,problem_15_15.dat,HS problem 1958 size 15 15 density  0.50,15,15,14,14,0.121,solved,
Simonis,problem_15_15.dat,HS problem 1959 size 15 15 density  0.50,15,15,15,15,0.116,solved,
Simonis,problem_15_15.dat,HS problem 1960 size 15 15 density  0.50,15,15,14,14,0.11,solved,
Simonis,problem_15_15.dat,HS problem 1961 size 15 15 density  0.50,15,15,13,13,0.105,solved,
Simonis,problem_15_15.dat,HS problem 1962 size 15 15 density  0.50,15,15,15,15,0.1,solved,
Simonis,problem_15_15.dat,HS problem 1963 size 15 15 density  0.50,15,15,13,13,0.093,solved,
Simonis,problem_15_15.dat,HS problem 1964 size 15 15 density  0.50,15,15,14,14,0.085,solved,
Simonis,problem_15_15.dat,HS problem 1965 size 15 15 density  0.50,15,15,14,14,0.081,solved,
Simonis,problem_15_15.dat,HS problem 1966 size 15 15 density  0.50,15,15,14,14,0.074,solved,
Simonis,problem_15_15.dat,HS problem 1967 size 15 15 density  0.50,15,15,15,15,0.069,solved,
Simonis,problem_15_15.dat,HS problem 1968 size 15 15 density  0.50,15,15,14,14,0.064,solved,
Simonis,problem_15_15.dat,HS problem 1969 size 15 15 density  0.50,15,15,15,15,0.056,solved,
Simonis,problem_15_15.dat,HS problem 1970 size 15 15 density  0.50,15,15,14,14,0.051,solved,
Simonis,problem_15_15.dat,HS problem 1971 size 15 15 density  0.50,15,15,14,14,0.047,solved,
Simonis,problem_15_15.dat,HS problem 1972 size 15 15 density  0.50,15,15,14,14,0.039,solved,
Simonis,problem_15_15.dat,HS problem 1973 size 15 15 density  0.50,15,15,14,14,0.031,solved,
Simonis,problem_15_15.dat,HS problem 1974 size 15 15 density  0.50,15,15,14,14,0.236,solved,
Simonis,problem_15_15.dat,HS problem 1975 size 15 15 density  0.50,15,15,15,15,0.23,solved,
Simonis,problem_15_15.dat,HS problem 1976 size 15 15 density  0.50,15,15,14,14,0.224,solved,
Simonis,problem_15_15.dat,HS problem 1977 size 15 15 density  0.50,15,15,14,14,0.216,solved,
Simonis,problem_15_15.dat,HS problem 1978 size 15 15 density  0.50,15,15,15,15,0.159,solved,
Simonis,problem_15_15.dat,HS problem 1979 size 15 15 density  0.50,15,15,15,15,0.153,solved,
Simonis,problem_15_15.dat,HS problem 1980 size 15 15 density  0.50,15,15,13,13,0.148,solved,
Simonis,problem_15_15.dat,HS problem 1981 size 15 15 density  0.50,15,15,15,15,0.143,solved,
Simonis,problem_15_15.dat,HS problem 1982 size 15 15 density  0.50,15,15,15,15,0.135,solved,
Simonis,problem_15_15.dat,HS problem 1983 size 15 15 density  0.50,15,15,14,14,0.13,solved,
Simonis,problem_15_15.dat,HS problem 1984 size 15 15 density  0.50,15,15,14,14,0.123,solved,
Simonis,problem_15_15.dat,HS problem 1985 size 15 15 density  0.50,15,15,15,15,0.115,solved,
Simonis,problem_15_15.dat,HS problem 1986 size 15 15 density  0.50,15,15,14,14,0.109,solved,
Simonis,problem_15_15.dat,HS problem 1987 size 15 15 density  0.50,15,15,15,15,0.105,solved,
Simonis,problem_15_15.dat,HS problem 1988 size 15 15 density  0.50,15,15,13,13,0.099,solved,
Simonis,problem_15_15.dat,HS problem 1989 size 15 15 density  0.50,15,15,14,14,0.091,solved,
Simonis,problem_15_15.dat,HS problem 1990 size 15 15 density  0.50,15,15,15,15,0.086,solved,
Simonis,problem_15_15.dat,HS problem 1991 size 15 15 density  0.50,15,15,15,15,0.081,solved,
Simonis,problem_15_15.dat,HS problem 1992 size 15 15 density  0.50,15,15,15,15,0.074,solved,
Simonis,problem_15_15.dat,HS problem 1993 size 15 15 density  0.50,15,15,15,15,0.067,solved,
Simonis,problem_15_15.dat,HS problem 1994 size 15 15 density  0.50,15,15,15,15,0.062,solved,
Simonis,problem_15_15.dat,HS problem 1995 size 15 15 density  0.50,15,15,14,14,0.057,solved,
Simonis,problem_15_15.dat,HS problem 1996 size 15 15 density  0.50,15,15,14,14,0.052,solved,
Simonis,problem_15_15.dat,HS problem 1997 size 15 15 density  0.50,15,15,15,15,0.043,solved,
Simonis,problem_15_15.dat,HS problem 1998 size 15 15 density  0.50,15,15,14,14,0.036,solved,
Simonis,problem_15_15.dat,HS problem 1999 size 15 15 density  0.50,15,15,13,13,0.032,solved,
Simonis,problem_15_15.dat,HS problem 2000 size 15 15 density  0.50,15,15,15,15,0.237,solved,
Simonis,problem_15_15.dat,HS problem 2001 size 15 15 density  0.55,15,15,13,13,0.233,solved,
Simonis,problem_15_15.dat,HS problem 2002 size 15 15 density  0.55,15,15,15,15,0.225,solved,
Simonis,problem_15_15.dat,HS problem 2003 size 15 15 density  0.55,15,15,15,15,0.219,solved,
Simonis,problem_15_15.dat,HS problem 2004 size 15 15 density  0.55,15,15,14,14,0.161,solved,
Simonis,problem_15_15.dat,HS problem 2005 size 15 15 density  0.55,15,15,15,15,0.156,solved,
Simonis,problem_15_15.dat,HS problem 2006 size 15 15 density  0.55,15,15,15,15,0.151,solved,
Simonis,problem_15_15.dat,HS problem 2007 size 15 15 density  0.55,15,15,14,14,0.146,solved,
Simonis,problem_15_15.dat,HS problem 2008 size 15 15 density  0.55,15,15,14,14,0.138,solved,
Simonis,problem_15_15.dat,HS problem 2009 size 15 15 density  0.55,15,15,14,14,0.133,solved,
Simonis,problem_15_15.dat,HS problem 2010 size 15 15 density  0.55,15,15,14,14,0.125,solved,
Simonis,problem_15_15.dat,HS problem 2011 size 15 15 density  0.55,15,15,14,14,0.119,solved,
Simonis,problem_15_15.dat,HS problem 2012 size 15 15 density  0.55,15,15,15,15,0.113,solved,
Simonis,problem_15_15.dat,HS problem 2013 size 15 15 density  0.55,15,15,15,15,0.106,solved,
Simonis,problem_15_15.dat,HS problem 2014 size 15 15 density  0.55,15,15,15,15,0.099,solved,
Simonis,problem_15_15.dat,HS problem 2015 size 15 15 density  0.55,15,15,15,15,0.095,solved,
Simonis,problem_15_15.dat,HS problem 2016 size 15 15 density  0.55,15,15,15,15,0.088,solved,
Simonis,problem_15_15.dat,HS problem 2017 size 15 15 density  0.55,15,15,15,15,0.081,solved,
Simonis,problem_15_15.dat,HS problem 2018 size 15 15 density  0.55,15,15,15,15,0.075,solved,
Simonis,problem_15_15.dat,HS problem 2019 size 15 15 density  0.55,15,15,15,15,0.071,solved,
Simonis,problem_15_15.dat,HS problem 2020 size 15 15 density  0.55,15,15,13,13,0.065,solved,
Simonis,problem_15_15.dat,HS problem 2021 size 15 15 density  0.55,15,15,15,15,0.057,solved,
Simonis,problem_15_15.dat,HS problem 2022 size 15 15 density  0.55,15,15,14,14,0.051,solved,
Simonis,problem_15_15.dat,HS problem 2023 size 15 15 density  0.55,15,15,15,15,0.044,solved,
Simonis,problem_15_15.dat,HS problem 2024 size 15 15 density  0.55,15,15,15,15,0.038,solved,
Simonis,problem_15_15.dat,HS problem 2025 size 15 15 density  0.55,15,15,14,14,0.032,solved,
Simonis,problem_15_15.dat,HS problem 2026 size 15 15 density  0.55,15,15,15,15,0.237,solved,
Simonis,problem_15_15.dat,HS problem 2027 size 15 15 density  0.55,15,15,15,15,0.229,solved,
Simonis,problem_15_15.dat,HS problem 2028 size 15 15 density  0.55,15,15,15,15,0.223,solved,
Simonis,problem_15_15.dat,HS problem 2029 size 15 15 density  0.55,15,15,15,15,0.22,solved,
Simonis,problem_15_15.dat,HS problem 2030 size 15 15 density  0.55,15,15,14,14,0.162,solved,
Simonis,problem_15_15.dat,HS problem 2031 size 15 15 density  0.55,15,15,14,14,0.156,solved,
Simonis,problem_15_15.dat,HS problem 2032 size 15 15 density  0.55,15,15,15,15,0.152,solved,
Simonis,problem_15_15.dat,HS problem 2033 size 15 15 density  0.55,15,15,15,15,0.146,solved,
Simonis,problem_15_15.dat,HS problem 2034 size 15 15 density  0.55,15,15,15,15,0.139,solved,
Simonis,problem_15_15.dat,HS problem 2035 size 15 15 density  0.55,15,15,14,14,0.133,solved,
Simonis,problem_15_15.dat,HS problem 2036 size 15 15 density  0.55,15,15,14,14,0.127,solved,
Simonis,problem_15_15.dat,HS problem 2037 size 15 15 density  0.55,15,15,15,15,0.122,solved,
Simonis,problem_15_15.dat,HS problem 2038 size 15 15 density  0.55,15,15,14,14,0.116,solved,
Simonis,problem_15_15.dat,HS problem 2039 size 15 15 density  0.55,15,15,14,14,0.107,solved,
Simonis,problem_15_15.dat,HS problem 2040 size 15 15 density  0.55,15,15,15,15,0.102,solved,
Simonis,problem_15_15.dat,HS problem 2041 size 15 15 density  0.55,15,15,15,15,0.094,solved,
Simonis,problem_15_15.dat,HS problem 2042 size 15 15 density  0.55,15,15,15,15,0.087,solved,
Simonis,problem_15_15.dat,HS problem 2043 size 15 15 density  0.55,15,15,14,14,0.083,solved,
Simonis,problem_15_15.dat,HS problem 2044 size 15 15 density  0.55,15,15,15,15,0.075,solved,
Simonis,problem_15_15.dat,HS problem 2045 size 15 15 density  0.55,15,15,14,14,0.068,solved,
Simonis,problem_15_15.dat,HS problem 2046 size 15 15 density  0.55,15,15,14,14,0.062,solved,
Simonis,problem_15_15.dat,HS problem 2047 size 15 15 density  0.55,15,15,15,15,0.057,solved,
Simonis,problem_15_15.dat,HS problem 2048 size 15 15 density  0.55,15,15,15,15,0.052,solved,
Simonis,problem_15_15.dat,HS problem 2049 size 15 15 density  0.55,15,15,15,15,0.047,solved,
Simonis,problem_15_15.dat,HS problem 2050 size 15 15 density  0.55,15,15,15,15,0.04,solved,
Simonis,problem_15_15.dat,HS problem 2051 size 15 15 density  0.60,15,15,14,14,0.031,solved,
Simonis,problem_15_15.dat,HS problem 2052 size 15 15 density  0.60,15,15,15,15,0.269,solved,
Simonis,problem_15_15.dat,HS problem 2053 size 15 15 density  0.60,15,15,15,15,0.264,solved,
Simonis,problem_15_15.dat,HS problem 2054 size 15 15 density  0.60,15,15,15,15,0.259,solved,
Simonis,problem_15_15.dat,HS problem 2055 size 15 15 density  0.60,15,15,15,15,0.25,solved,
Simonis,problem_15_15.dat,HS problem 2056 size 15 15 density  0.60,15,15,15,15,0.193,solved,
Simonis,problem_15_15.dat,HS problem 2057 size 15 15 density  0.60,15,15,15,15,0.189,solved,
Simonis,problem_15_15.dat,HS problem 2058 size 15 15 density  0.60,15,15,15,15,0.184,solved,
Simonis,problem_15_15.dat,HS problem 2059 size 15 15 density  0.60,15,15,14,14,0.18,solved,
Simonis,problem_15_15.dat,HS problem 2060 size 15 15 density  0.60,15,15,15,15,0.173,solved,
Simonis,problem_15_15.dat,HS problem 2061 size 15 15 density  0.60,15,15,15,15,0.166,solved,
Simonis,problem_15_15.dat,HS problem 2062 size 15 15 density  0.60,15,15,15,15,0.159,solved,
Simonis,problem_15_15.dat,HS problem 2063 size 15 15 density  0.60,15,15,15,15,0.155,solved,
Simonis,problem_15_15.dat,HS problem 2064 size 15 15 density  0.60,15,15,15,15,0.148,solved,
Simonis,problem_15_15.dat,HS problem 2065 size 15 15 density  0.60,15,15,15,15,0.141,solved,
Simonis,problem_15_15.dat,HS problem 2066 size 15 15 density  0.60,15,15,15,15,0.134,solved,
Simonis,problem_15_15.dat,HS problem 2067 size 15 15 density  0.60,15,15,15,15,0.129,solved,
Simonis,problem_15_15.dat,HS problem 2068 size 15 15 density  0.60,15,15,14,14,0.123,solved,
Simonis,problem_15_15.dat,HS problem 2069 size 15 15 density  0.60,15,15,15,15,0.117,solved,
Simonis,problem_15_15.dat,HS problem 2070 size 15 15 density  0.60,15,15,15,15,0.11,solved,
Simonis,problem_15_15.dat,HS problem 2071 size 15 15 density  0.60,15,15,15,15,0.104,solved,
Simonis,problem_15_15.dat,HS problem 2072 size 15 15 density  0.60,15,15,15,15,0.096,solved,
Simonis,problem_15_15.dat,HS problem 2073 size 15 15 density  0.60,15,15,15,15,0.089,solved,
Simonis,problem_15_15.dat,HS problem 2074 size 15 15 density  0.60,15,15,15,15,0.084,solved,
Simonis,problem_15_15.dat,HS problem 2075 size 15 15 density  0.60,15,15,15,15,0.371,solved,
Simonis,problem_15_15.dat,HS problem 2076 size 15 15 density  0.60,15,15,15,15,0.361,solved,
Simonis,problem_15_15.dat,HS problem 2077 size 15 15 density  0.60,15,15,15,15,0.35,solved,
Simonis,problem_15_15.dat,HS problem 2078 size 15 15 density  0.60,15,15,15,15,0.339,solved,
Simonis,problem_15_15.dat,HS problem 2079 size 15 15 density  0.60,15,15,15,15,0.328,solved,
Simonis,problem_15_15.dat,HS problem 2080 size 15 15 density  0.60,15,15,15,15,0.315,solved,
Simonis,problem_15_15.dat,HS problem 2081 size 15 15 density  0.60,15,15,15,15,0.303,solved,
Simonis,problem_15_15.dat,HS problem 2082 size 15 15 density  0.60,15,15,15,15,0.244,solved,
Simonis,problem_15_15.dat,HS problem 2083 size 15 15 density  0.60,15,15,15,15,0.238,solved,
Simonis,problem_15_15.dat,HS problem 2084 size 15 15 density  0.60,15,15,15,15,0.232,solved,
Simonis,problem_15_15.dat,HS problem 2085 size 15 15 density  0.60,15,15,14,14,0.225,solved,
Simonis,problem_15_15.dat,HS problem 2086 size 15 15 density  0.60,15,15,15,15,0.214,solved,
Simonis,problem_15_15.dat,HS problem 2087 size 15 15 density  0.60,15,15,15,15,0.204,solved,
Simonis,problem_15_15.dat,HS problem 2088 size 15 15 density  0.60,15,15,15,15,0.193,solved,
Simonis,problem_15_15.dat,HS problem 2089 size 15 15 density  0.60,15,15,15,15,0.181,solved,
Simonis,problem_15_15.dat,HS problem 2090 size 15 15 density  0.60,15,15,15,15,0.173,solved,
Simonis,problem_15_15.dat,HS problem 2091 size 15 15 density  0.60,15,15,15,15,0.16,solved,
Simonis,problem_15_15.dat,HS problem 2092 size 15 15 density  0.60,15,15,15,15,0.148,solved,
Simonis,problem_15_15.dat,HS problem 2093 size 15 15 density  0.60,15,15,15,15,0.137,solved,
Simonis,problem_15_15.dat,HS problem 2094 size 15 15 density  0.60,15,15,15,15,0.128,solved,
Simonis,problem_15_15.dat,HS problem 2095 size 15 15 density  0.60,15,15,15,15,0.117,solved,
Simonis,problem_15_15.dat,HS problem 2096 size 15 15 density  0.60,15,15,15,15,0.107,solved,
Simonis,problem_15_15.dat,HS problem 2097 size 15 15 density  0.60,15,15,14,14,0.095,solved,
Simonis,problem_15_15.dat,HS problem 2098 size 15 15 density  0.60,15,15,15,15,0.368,solved,
Simonis,problem_15_15.dat,HS problem 2099 size 15 15 density  0.60,15,15,15,15,0.356,solved,
Simonis,problem_15_15.dat,HS problem 2100 size 15 15 density  0.60,15,15,14,14,0.345,solved,
Simonis,problem_15_15.dat,HS problem 2101 size 15 15 density  0.65,15,15,15,15,0.332,solved,
Simonis,problem_15_15.dat,HS problem 2102 size 15 15 density  0.65,15,15,15,15,0.321,solved,
Simonis,problem_15_15.dat,HS problem 2103 size 15 15 density  0.65,15,15,15,15,0.308,solved,
Simonis,problem_15_15.dat,HS problem 2104 size 15 15 density  0.65,15,15,15,15,0.297,solved,
Simonis,problem_15_15.dat,HS problem 2105 size 15 15 density  0.65,15,15,15,15,0.236,solved,
Simonis,problem_15_15.dat,HS problem 2106 size 15 15 density  0.65,15,15,15,15,0.232,solved,
Simonis,problem_15_15.dat,HS problem 2107 size 15 15 density  0.65,15,15,15,15,0.227,solved,
Simonis,problem_15_15.dat,HS problem 2108 size 15 15 density  0.65,15,15,15,15,0.221,solved,
Simonis,problem_15_15.dat,HS problem 2109 size 15 15 density  0.65,15,15,15,15,0.213,solved,
Simonis,problem_15_15.dat,HS problem 2110 size 15 15 density  0.65,15,15,15,15,0.204,solved,
Simonis,problem_15_15.dat,HS problem 2111 size 15 15 density  0.65,15,15,15,15,0.192,solved,
Simonis,problem_15_15.dat,HS problem 2112 size 15 15 density  0.65,15,15,15,15,0.18,solved,
Simonis,problem_15_15.dat,HS problem 2113 size 15 15 density  0.65,15,15,15,15,0.169,solved,
Simonis,problem_15_15.dat,HS problem 2114 size 15 15 density  0.65,15,15,15,15,0.157,solved,
Simonis,problem_15_15.dat,HS problem 2115 size 15 15 density  0.65,15,15,15,15,0.145,solved,
Simonis,problem_15_15.dat,HS problem 2116 size 15 15 density  0.65,15,15,15,15,0.135,solved,
Simonis,problem_15_15.dat,HS problem 2117 size 15 15 density  0.65,15,15,15,15,0.123,solved,
Simonis,problem_15_15.dat,HS problem 2118 size 15 15 density  0.65,15,15,15,15,0.111,solved,
Simonis,problem_15_15.dat,HS problem 2119 size 15 15 density  0.65,15,15,15,15,0.099,solved,
Simonis,problem_15_15.dat,HS problem 2120 size 15 15 density  0.65,15,15,15,15,0.365,solved,
Simonis,problem_15_15.dat,HS problem 2121 size 15 15 density  0.65,15,15,15,15,0.354,solved,
Simonis,problem_15_15.dat,HS problem 2122 size 15 15 density  0.65,15,15,15,15,0.345,solved,
Simonis,problem_15_15.dat,HS problem 2123 size 15 15 density  0.65,15,15,15,15,0.332,solved,
Simonis,problem_15_15.dat,HS problem 2124 size 15 15 density  0.65,15,15,15,15,0.322,solved,
Simonis,problem_15_15.dat,HS problem 2125 size 15 15 density  0.65,15,15,15,15,0.311,solved,
Simonis,problem_15_15.dat,HS problem 2126 size 15 15 density  0.65,15,15,15,15,0.3,solved,
Simonis,problem_15_15.dat,HS problem 2127 size 15 15 density  0.65,15,15,15,15,0.289,solved,
Simonis,problem_15_15.dat,HS problem 2128 size 15 15 density  0.65,15,15,15,15,0.228,solved,
Simonis,problem_15_15.dat,HS problem 2129 size 15 15 density  0.65,15,15,15,15,0.222,solved,
Simonis,problem_15_15.dat,HS problem 2130 size 15 15 density  0.65,15,15,15,15,0.215,solved,
Simonis,problem_15_15.dat,HS problem 2131 size 15 15 density  0.65,15,15,15,15,0.21,solved,
Simonis,problem_15_15.dat,HS problem 2132 size 15 15 density  0.65,15,15,15,15,0.202,solved,
Simonis,problem_15_15.dat,HS problem 2133 size 15 15 density  0.65,15,15,15,15,0.194,solved,
Simonis,problem_15_15.dat,HS problem 2134 size 15 15 density  0.65,15,15,15,15,0.181,solved,
Simonis,problem_15_15.dat,HS problem 2135 size 15 15 density  0.65,15,15,15,15,0.169,solved,
Simonis,problem_15_15.dat,HS problem 2136 size 15 15 density  0.65,15,15,15,15,0.159,solved,
Simonis,problem_15_15.dat,HS problem 2137 size 15 15 density  0.65,15,15,15,15,0.148,solved,
Simonis,problem_15_15.dat,HS problem 2138 size 15 15 density  0.65,15,15,15,15,0.137,solved,
Simonis,problem_15_15.dat,HS problem 2139 size 15 15 density  0.65,15,15,15,15,0.124,solved,
Simonis,problem_15_15.dat,HS problem 2140 size 15 15 density  0.65,15,15,15,15,0.112,solved,
Simonis,problem_15_15.dat,HS problem 2141 size 15 15 density  0.65,15,15,15,15,0.099,solved,
Simonis,problem_15_15.dat,HS problem 2142 size 15 15 density  0.65,15,15,15,15,0.088,solved,
Simonis,problem_15_15.dat,HS problem 2143 size 15 15 density  0.65,15,15,15,15,0.378,solved,
Simonis,problem_15_15.dat,HS problem 2144 size 15 15 density  0.65,15,15,15,15,0.369,solved,
Simonis,problem_15_15.dat,HS problem 2145 size 15 15 density  0.65,15,15,15,15,0.356,solved,
Simonis,problem_15_15.dat,HS problem 2146 size 15 15 density  0.65,15,15,15,15,0.345,solved,
Simonis,problem_15_15.dat,HS problem 2147 size 15 15 density  0.65,15,15,15,15,0.332,solved,
Simonis,problem_15_15.dat,HS problem 2148 size 15 15 density  0.65,15,15,15,15,0.321,solved,
Simonis,problem_15_15.dat,HS problem 2149 size 15 15 density  0.65,15,15,15,15,0.309,solved,
Simonis,problem_15_15.dat,HS problem 2150 size 15 15 density  0.65,15,15,15,15,0.248,solved,
Simonis,problem_15_15.dat,HS problem 2151 size 15 15 density  0.70,15,15,15,15,0.242,solved,
Simonis,problem_15_15.dat,HS problem 2152 size 15 15 density  0.70,15,15,15,15,0.236,solved,
Simonis,problem_15_15.dat,HS problem 2153 size 15 15 density  0.70,15,15,15,15,0.229,solved,
Simonis,problem_15_15.dat,HS problem 2154 size 15 15 density  0.70,15,15,15,15,0.217,solved,
Simonis,problem_15_15.dat,HS problem 2155 size 15 15 density  0.70,15,15,15,15,0.207,solved,
Simonis,problem_15_15.dat,HS problem 2156 size 15 15 density  0.70,15,15,15,15,0.195,solved,
Simonis,problem_15_15.dat,HS problem 2157 size 15 15 density  0.70,15,15,15,15,0.183,solved,
Simonis,problem_15_15.dat,HS problem 2158 size 15 15 density  0.70,15,15,15,15,0.174,solved,
Simonis,problem_15_15.dat,HS problem 2159 size 15 15 density  0.70,15,15,15,15,0.166,solved,
Simonis,problem_15_15.dat,HS problem 2160 size 15 15 density  0.70,15,15,15,15,0.152,solved,
Simonis,problem_15_15.dat,HS problem 2161 size 15 15 density  0.70,15,15,15,15,0.139,solved,
Simonis,problem_15_15.dat,HS problem 2162 size 15 15 density  0.70,15,15,15,15,0.128,solved,
Simonis,problem_15_15.dat,HS problem 2163 size 15 15 density  0.70,15,15,15,15,0.116,solved,
Simonis,problem_15_15.dat,HS problem 2164 size 15 15 density  0.70,15,15,15,15,0.104,solved,
Simonis,problem_15_15.dat,HS problem 2165 size 15 15 density  0.70,15,15,15,15,0.095,solved,
Simonis,problem_15_15.dat,HS problem 2166 size 15 15 density  0.70,15,15,15,15,0.377,solved,
Simonis,problem_15_15.dat,HS problem 2167 size 15 15 density  0.70,15,15,15,15,0.363,solved,
Simonis,problem_15_15.dat,HS problem 2168 size 15 15 density  0.70,15,15,15,15,0.353,solved,
Simonis,problem_15_15.dat,HS problem 2169 size 15 15 density  0.70,15,15,15,15,0.338,solved,
Simonis,problem_15_15.dat,HS problem 2170 size 15 15 density  0.70,15,15,15,15,0.326,solved,
Simonis,problem_15_15.dat,HS problem 2171 size 15 15 density  0.70,15,15,15,15,0.318,solved,
Simonis,problem_15_15.dat,HS problem 2172 size 15 15 density  0.70,15,15,15,15,0.307,solved,
Simonis,problem_15_15.dat,HS problem 2173 size 15 15 density  0.70,15,15,15,15,0.244,solved,
Simonis,problem_15_15.dat,HS problem 2174 size 15 15 density  0.70,15,15,15,15,0.238,solved,
Simonis,problem_15_15.dat,HS problem 2175 size 15 15 density  0.70,15,15,15,15,0.234,solved,
Simonis,problem_15_15.dat,HS problem 2176 size 15 15 density  0.70,15,15,15,15,0.227,solved,
Simonis,problem_15_15.dat,HS problem 2177 size 15 15 density  0.70,15,15,15,15,0.218,solved,
Simonis,problem_15_15.dat,HS problem 2178 size 15 15 density  0.70,15,15,15,15,0.209,solved,
Simonis,problem_15_15.dat,HS problem 2179 size 15 15 density  0.70,15,15,15,15,0.196,solved,
Simonis,problem_15_15.dat,HS problem 2180 size 15 15 density  0.70,15,15,15,15,0.184,solved,
Simonis,problem_15_15.dat,HS problem 2181 size 15 15 density  0.70,15,15,15,15,0.172,solved,
Simonis,problem_15_15.dat,HS problem 2182 size 15 15 density  0.70,15,15,15,15,0.164,solved,
Simonis,problem_15_15.dat,HS problem 2183 size 15 15 density  0.70,15,15,15,15,0.151,solved,
Simonis,problem_15_15.dat,HS problem 2184 size 15 15 density  0.70,15,15,15,15,0.139,solved,
Simonis,problem_15_15.dat,HS problem 2185 size 15 15 density  0.70,15,15,15,15,0.127,solved,
Simonis,problem_15_15.dat,HS problem 2186 size 15 15 density  0.70,15,15,15,15,0.114,solved,
Simonis,problem_15_15.dat,HS problem 2187 size 15 15 density  0.70,15,15,15,15,0.104,solved,
Simonis,problem_15_15.dat,HS problem 2188 size 15 15 density  0.70,15,15,15,15,0.096,solved,
Simonis,problem_15_15.dat,HS problem 2189 size 15 15 density  0.70,15,15,15,15,0.373,solved,
Simonis,problem_15_15.dat,HS problem 2190 size 15 15 density  0.70,15,15,15,15,0.362,solved,
Simonis,problem_15_15.dat,HS problem 2191 size 15 15 density  0.70,15,15,15,15,0.35,solved,
Simonis,problem_15_15.dat,HS problem 2192 size 15 15 density  0.70,15,15,15,15,0.337,solved,
Simonis,problem_15_15.dat,HS problem 2193 size 15 15 density  0.70,15,15,15,15,0.325,solved,
Simonis,problem_15_15.dat,HS problem 2194 size 15 15 density  0.70,15,15,15,15,0.313,solved,
Simonis,problem_15_15.dat,HS problem 2195 size 15 15 density  0.70,15,15,15,15,0.301,solved,
Simonis,problem_15_15.dat,HS problem 2196 size 15 15 density  0.70,15,15,15,15,0.24,solved,
Simonis,problem_15_15.dat,HS problem 2197 size 15 15 density  0.70,15,15,15,15,0.235,solved,
Simonis,problem_15_15.dat,HS problem 2198 size 15 15 density  0.70,15,15,15,15,0.23,solved,
Simonis,problem_15_15.dat,HS problem 2199 size 15 15 density  0.70,15,15,15,15,0.224,solved,
Simonis,problem_15_15.dat,HS problem 2200 size 15 15 density  0.70,15,15,15,15,0.216,solved,
Simonis,problem_15_30.dat,HS problem 3191 size 15 30 density  0.20,15,30,10,10,0.207,solved,
Simonis,problem_15_30.dat,HS problem 3192 size 15 30 density  0.20,15,30,10,10,0.195,solved,
Simonis,problem_15_30.dat,HS problem 3193 size 15 30 density  0.20,15,30,9,9,0.182,solved,
Simonis,problem_15_30.dat,HS problem 3194 size 15 30 density  0.20,15,30,10,10,0.174,solved,
Simonis,problem_15_30.dat,HS problem 3195 size 15 30 density  0.20,15,30,10,10,0.161,solved,
Simonis,problem_15_30.dat,HS problem 3196 size 15 30 density  0.20,15,30,10,10,0.148,solved,
Simonis,problem_15_30.dat,HS problem 3197 size 15 30 density  0.20,15,30,9,9,0.135,solved,
Simonis,problem_15_30.dat,HS problem 3198 size 15 30 density  0.20,15,30,10,10,0.123,solved,
Simonis,problem_15_30.dat,HS problem 3199 size 15 30 density  0.20,15,30,11,11,0.114,solved,
Simonis,problem_15_30.dat,HS problem 3200 size 15 30 density  0.20,15,30,11,11,0.103,solved,
Simonis,problem_15_30.dat,HS problem 3201 size 15 30 density  0.20,15,30,12,12,0.092,solved,
Simonis,problem_15_30.dat,HS problem 3202 size 15 30 density  0.20,15,30,11,11,0.369,solved,
Simonis,problem_15_30.dat,HS problem 3203 size 15 30 density  0.20,15,30,10,10,0.359,solved,
Simonis,problem_15_30.dat,HS problem 3204 size 15 30 density  0.20,15,30,12,12,0.348,solved,
Simonis,problem_15_30.dat,HS problem 3205 size 15 30 density  0.20,15,30,11,11,0.335,solved,
Simonis,problem_15_30.dat,HS problem 3206 size 15 30 density  0.20,15,30,12,12,0.322,solved,
Simonis,problem_15_30.dat,HS problem 3207 size 15 30 density  0.20,15,30,11,11,0.31,solved,
Simonis,problem_15_30.dat,HS problem 3208 size 15 30 density  0.20,15,30,11,11,0.298,solved,
Simonis,problem_15_30.dat,HS problem 3209 size 15 30 density  0.20,15,30,11,11,0.238,solved,
Simonis,problem_15_30.dat,HS problem 3210 size 15 30 density  0.20,15,30,12,12,0.233,solved,
Simonis,problem_15_30.dat,HS problem 3211 size 15 30 density  0.25,15,30,12,12,0.228,solved,
Simonis,problem_15_30.dat,HS problem 3212 size 15 30 density  0.25,15,30,12,12,0.223,solved,
Simonis,problem_15_30.dat,HS problem 3213 size 15 30 density  0.25,15,30,12,12,0.214,solved,
Simonis,problem_15_30.dat,HS problem 3214 size 15 30 density  0.25,15,30,12,12,0.206,solved,
Simonis,problem_15_30.dat,HS problem 3215 size 15 30 density  0.25,15,30,13,13,0.193,solved,
Simonis,problem_15_30.dat,HS problem 3216 size 15 30 density  0.25,15,30,11,11,0.18,solved,
Simonis,problem_15_30.dat,HS problem 3217 size 15 30 density  0.25,15,30,12,12,0.169,solved,
Simonis,problem_15_30.dat,HS problem 3218 size 15 30 density  0.25,15,30,12,12,0.159,solved,
Simonis,problem_15_30.dat,HS problem 3219 size 15 30 density  0.25,15,30,11,11,0.147,solved,
Simonis,problem_15_30.dat,HS problem 3220 size 15 30 density  0.25,15,30,10,10,0.134,solved,
Simonis,problem_15_30.dat,HS problem 3221 size 15 30 density  0.25,15,30,13,13,0.121,solved,
Simonis,problem_15_30.dat,HS problem 3222 size 15 30 density  0.25,15,30,12,12,0.109,solved,
Simonis,problem_15_30.dat,HS problem 3223 size 15 30 density  0.25,15,30,10,10,0.1,solved,
Simonis,problem_15_30.dat,HS problem 3224 size 15 30 density  0.25,15,30,11,11,0.086,solved,
Simonis,problem_15_30.dat,HS problem 3225 size 15 30 density  0.25,15,30,13,13,0.368,solved,
Simonis,problem_15_30.dat,HS problem 3226 size 15 30 density  0.25,15,30,12,12,0.36,solved,
Simonis,problem_15_30.dat,HS problem 3227 size 15 30 density  0.25,15,30,11,11,0.346,solved,
Simonis,problem_15_30.dat,HS problem 3228 size 15 30 density  0.25,15,30,11,11,0.334,solved,
Simonis,problem_15_30.dat,HS problem 3229 size 15 30 density  0.25,15,30,11,11,0.323,solved,
Simonis,problem_15_30.dat,HS problem 3230 size 15 30 density  0.25,15,30,11,11,0.314,solved,
Simonis,problem_15_30.dat,HS problem 3231 size 15 30 density  0.30,15,30,13,13,0.304,solved,
Simonis,problem_15_30.dat,HS problem 3232 size 15 30 density  0.30,15,30,12,12,0.243,solved,
Simonis,problem_15_30.dat,HS problem 3233 size 15 30 density  0.30,15,30,13,13,0.237,solved,
Simonis,problem_15_30.dat,HS problem 3234 size 15 30 density  0.30,15,30,13,13,0.232,solved,
Simonis,problem_15_30.dat,HS problem 3235 size 15 30 density  0.30,15,30,13,13,0.227,solved,
Simonis,problem_15_30.dat,HS problem 3236 size 15 30 density  0.30,15,30,13,13,0.219,solved,
Simonis,problem_15_30.dat,HS problem 3237 size 15 30 density  0.30,15,30,14,14,0.211,solved,
Simonis,problem_15_30.dat,HS problem 3238 size 15 30 density  0.30,15,30,14,14,0.198,solved,
Simonis,problem_15_30.dat,HS problem 3239 size 15 30 density  0.30,15,30,14,14,0.186,solved,
Simonis,problem_15_30.dat,HS problem 3240 size 15 30 density  0.30,15,30,13,13,0.174,solved,
Simonis,problem_15_30.dat,HS problem 3241 size 15 30 density  0.30,15,30,14,14,0.163,solved,
Simonis,problem_15_30.dat,HS problem 3242 size 15 30 density  0.30,15,30,13,13,0.15,solved,
Simonis,problem_15_30.dat,HS problem 3243 size 15 30 density  0.30,15,30,14,14,0.139,solved,
Simonis,problem_15_30.dat,HS problem 3244 size 15 30 density  0.30,15,30,13,13,0.126,solved,
Simonis,problem_15_30.dat,HS problem 3245 size 15 30 density  0.30,15,30,12,12,0.114,solved,
Simonis,problem_15_30.dat,HS problem 3246 size 15 30 density  0.30,15,30,14,14,0.103,solved,
Simonis,problem_15_30.dat,HS problem 3247 size 15 30 density  0.30,15,30,14,14,0.093,solved,
Simonis,problem_15_30.dat,HS problem 3248 size 15 30 density  0.30,15,30,14,14,0.081,solved,
Simonis,problem_15_30.dat,HS problem 3249 size 15 30 density  0.30,15,30,13,13,0.383,solved,
Simonis,problem_15_30.dat,HS problem 3250 size 15 30 density  0.30,15,30,13,13,0.37,solved,
Simonis,problem_15_30.dat,HS problem 3251 size 15 30 density  0.35,15,30,14,14,0.359,solved,
Simonis,problem_15_30.dat,HS problem 3252 size 15 30 density  0.35,15,30,13,13,0.347,solved,
Simonis,problem_15_30.dat,HS problem 3253 size 15 30 density  0.35,15,30,14,14,0.337,solved,
Simonis,problem_15_30.dat,HS problem 3254 size 15 30 density  0.35,15,30,14,14,0.324,solved,
Simonis,problem_15_30.dat,HS problem 3255 size 15 30 density  0.35,15,30,15,15,0.264,solved,
Simonis,problem_15_30.dat,HS problem 3256 size 15 30 density  0.35,15,30,14,14,0.258,solved,
Simonis,problem_15_30.dat,HS problem 3257 size 15 30 density  0.35,15,30,14,14,0.255,solved,
Simonis,problem_15_30.dat,HS problem 3258 size 15 30 density  0.35,15,30,13,13,0.248,solved,
Simonis,problem_15_30.dat,HS problem 3259 size 15 30 density  0.35,15,30,14,14,0.236,solved,
Simonis,problem_15_30.dat,HS problem 3260 size 15 30 density  0.35,15,30,14,14,0.226,solved,
Simonis,problem_15_30.dat,HS problem 3261 size 15 30 density  0.35,15,30,14,14,0.214,solved,
Simonis,problem_15_30.dat,HS problem 3262 size 15 30 density  0.35,15,30,14,14,0.202,solved,
Simonis,problem_15_30.dat,HS problem 3263 size 15 30 density  0.35,15,30,14,14,0.192,solved,
Simonis,problem_15_30.dat,HS problem 3264 size 15 30 density  0.35,15,30,15,15,0.18,solved,
Simonis,problem_15_30.dat,HS problem 3265 size 15 30 density  0.35,15,30,15,15,0.168,solved,
Simonis,problem_15_30.dat,HS problem 3266 size 15 30 density  0.35,15,30,14,14,0.155,solved,
Simonis,problem_15_30.dat,HS problem 3267 size 15 30 density  0.35,15,30,14,14,0.144,solved,
Simonis,problem_15_30.dat,HS problem 3268 size 15 30 density  0.35,15,30,14,14,0.132,solved,
Simonis,problem_15_30.dat,HS problem 3269 size 15 30 density  0.35,15,30,14,14,0.121,solved,
Simonis,problem_15_30.dat,HS problem 3270 size 15 30 density  0.35,15,30,13,13,0.112,solved,
Simonis,problem_15_30.dat,HS problem 3271 size 15 30 density  0.40,15,30,15,15,0.099,solved,
Simonis,problem_15_30.dat,HS problem 3272 size 15 30 density  0.40,15,30,14,14,0.387,solved,
Simonis,problem_15_30.dat,HS problem 3273 size 15 30 density  0.40,15,30,15,15,0.377,solved,
Simonis,problem_15_30.dat,HS problem 3274 size 15 30 density  0.40,15,30,14,14,0.363,solved,
Simonis,problem_15_30.dat,HS problem 3275 size 15 30 density  0.40,15,30,14,14,0.351,solved,
Simonis,problem_15_30.dat,HS problem 3276 size 15 30 density  0.40,15,30,15,15,0.338,solved,
Simonis,problem_15_30.dat,HS problem 3277 size 15 30 density  0.40,15,30,15,15,0.324,solved,
Simonis,problem_15_30.dat,HS problem 3278 size 15 30 density  0.40,15,30,15,15,0.313,solved,
Simonis,problem_15_30.dat,HS problem 3279 size 15 30 density  0.40,15,30,15,15,0.25,solved,
Simonis,problem_15_30.dat,HS problem 3280 size 15 30 density  0.40,15,30,15,15,0.243,solved,
Simonis,problem_15_30.dat,HS problem 3281 size 15 30 density  0.40,15,30,15,15,0.237,solved,
Simonis,problem_15_30.dat,HS problem 3282 size 15 30 density  0.40,15,30,15,15,0.232,solved,
Simonis,problem_15_30.dat,HS problem 3283 size 15 30 density  0.40,15,30,15,15,0.224,solved,
Simonis,problem_15_30.dat,HS problem 3284 size 15 30 density  0.40,15,30,14,14,0.214,solved,
Simonis,problem_15_30.dat,HS problem 3285 size 15 30 density  0.40,15,30,14,14,0.201,solved,
Simonis,problem_15_30.dat,HS problem 3286 size 15 30 density  0.40,15,30,15,15,0.188,solved,
Simonis,problem_15_30.dat,HS problem 3287 size 15 30 density  0.40,15,30,15,15,0.176,solved,
Simonis,problem_15_30.dat,HS problem 3288 size 15 30 density  0.40,15,30,15,15,0.166,solved,
Simonis,problem_15_30.dat,HS problem 3289 size 15 30 density  0.40,15,30,15,15,0.155,solved,
Simonis,problem_15_30.dat,HS problem 3290 size 15 30 density  0.40,15,30,14,14,0.145,solved,
Simonis,problem_15_30.dat,HS problem 3291 size 15 30 density  0.45,15,30,15,15,0.133,solved,
Simonis,problem_15_30.dat,HS problem 3292 size 15 30 density  0.45,15,30,15,15,0.12,solved,
Simonis,problem_15_30.dat,HS problem 3293 size 15 30 density  0.45,15,30,15,15,0.107,solved,
Simonis,problem_15_30.dat,HS problem 3294 size 15 30 density  0.45,15,30,15,15,0.094,solved,
Simonis,problem_15_30.dat,HS problem 3295 size 15 30 density  0.45,15,30,15,15,0.385,solved,
Simonis,problem_15_30.dat,HS problem 3296 size 15 30 density  0.45,15,30,14,14,0.371,solved,
Simonis,problem_15_30.dat,HS problem 3297 size 15 30 density  0.45,15,30,15,15,0.361,solved,
Simonis,problem_15_30.dat,HS problem 3298 size 15 30 density  0.45,15,30,15,15,0.351,solved,
Simonis,problem_15_30.dat,HS problem 3299 size 15 30 density  0.45,15,30,15,15,0.338,solved,
Simonis,problem_15_30.dat,HS problem 3300 size 15 30 density  0.45,15,30,15,15,0.325,solved,
Simonis,problem_15_30.dat,HS problem 3301 size 15 30 density  0.45,15,30,15,15,0.314,solved,
Simonis,problem_15_30.dat,HS problem 3302 size 15 30 density  0.45,15,30,15,15,0.252,solved,
Simonis,problem_15_30.dat,HS problem 3303 size 15 30 density  0.45,15,30,15,15,0.247,solved,
Simonis,problem_15_30.dat,HS problem 3304 size 15 30 density  0.45,15,30,15,15,0.241,solved,
Simonis,problem_15_30.dat,HS problem 3305 size 15 30 density  0.45,15,30,15,15,0.234,solved,
Simonis,problem_15_30.dat,HS problem 3306 size 15 30 density  0.45,15,30,15,15,0.224,solved,
Simonis,problem_15_30.dat,HS problem 3307 size 15 30 density  0.45,15,30,15,15,0.214,solved,
Simonis,problem_15_30.dat,HS problem 3308 size 15 30 density  0.45,15,30,15,15,0.202,solved,
Simonis,problem_15_30.dat,HS problem 3309 size 15 30 density  0.45,15,30,15,15,0.19,solved,
Simonis,problem_15_30.dat,HS problem 3310 size 15 30 density  0.45,15,30,15,15,0.182,solved,
Simonis,problem_15_30.dat,HS problem 3311 size 15 30 density  0.50,15,30,15,15,0.168,solved,
Simonis,problem_15_30.dat,HS problem 3312 size 15 30 density  0.50,15,30,15,15,0.155,solved,
Simonis,problem_15_30.dat,HS problem 3313 size 15 30 density  0.50,15,30,15,15,0.145,solved,
Simonis,problem_15_30.dat,HS problem 3314 size 15 30 density  0.50,15,30,15,15,0.132,solved,
Simonis,problem_15_30.dat,HS problem 3315 size 15 30 density  0.50,15,30,15,15,0.12,solved,
Simonis,problem_15_30.dat,HS problem 3316 size 15 30 density  0.50,15,30,15,15,0.108,solved,
Simonis,problem_15_30.dat,HS problem 3317 size 15 30 density  0.50,15,30,15,15,0.095,solved,
Simonis,problem_15_30.dat,HS problem 3318 size 15 30 density  0.50,15,30,15,15,0.387,solved,
Simonis,problem_15_30.dat,HS problem 3319 size 15 30 density  0.50,15,30,15,15,0.378,solved,
Simonis,problem_15_30.dat,HS problem 3320 size 15 30 density  0.50,15,30,15,15,0.366,solved,
Simonis,problem_15_30.dat,HS problem 3321 size 15 30 density  0.50,15,30,15,15,0.353,solved,
Simonis,problem_15_30.dat,HS problem 3322 size 15 30 density  0.50,15,30,15,15,0.341,solved,
Simonis,problem_15_30.dat,HS problem 3323 size 15 30 density  0.50,15,30,15,15,0.331,solved,
Simonis,problem_15_30.dat,HS problem 3324 size 15 30 density  0.50,15,30,15,15,0.318,solved,
Simonis,problem_15_30.dat,HS problem 3325 size 15 30 density  0.50,15,30,15,15,0.255,solved,
Simonis,problem_15_30.dat,HS problem 3326 size 15 30 density  0.50,15,30,15,15,0.248,solved,
Simonis,problem_15_30.dat,HS problem 3327 size 15 30 density  0.50,15,30,15,15,0.241,solved,
Simonis,problem_15_30.dat,HS problem 3328 size 15 30 density  0.50,15,30,15,15,0.233,solved,
Simonis,problem_15_30.dat,HS problem 3329 size 15 30 density  0.50,15,30,15,15,0.221,solved,
Simonis,problem_15_30.dat,HS problem 3330 size 15 30 density  0.50,15,30,15,15,0.211,solved,
Simonis,problem_15_30.dat,HS problem 3331 size 15 30 density  0.55,15,30,15,15,0.198,solved,
Simonis,problem_15_30.dat,HS problem 3332 size 15 30 density  0.55,15,30,15,15,0.187,solved,
Simonis,problem_15_30.dat,HS problem 3333 size 15 30 density  0.55,15,30,15,15,0.177,solved,
Simonis,problem_15_30.dat,HS problem 3334 size 15 30 density  0.55,15,30,15,15,0.168,solved,
Simonis,problem_15_30.dat,HS problem 3335 size 15 30 density  0.55,15,30,15,15,0.155,solved,
Simonis,problem_15_30.dat,HS problem 3336 size 15 30 density  0.55,15,30,15,15,0.14,solved,
Simonis,problem_15_30.dat,HS problem 3337 size 15 30 density  0.55,15,30,15,15,0.131,solved,
Simonis,problem_15_30.dat,HS problem 3338 size 15 30 density  0.55,15,30,15,15,0.116,solved,
Simonis,problem_15_30.dat,HS problem 3339 size 15 30 density  0.55,15,30,15,15,0.105,solved,
Simonis,problem_15_30.dat,HS problem 3340 size 15 30 density  0.55,15,30,15,15,0.094,solved,
Simonis,problem_15_30.dat,HS problem 3341 size 15 30 density  0.55,15,30,15,15,0.382,solved,
Simonis,problem_15_30.dat,HS problem 3342 size 15 30 density  0.55,15,30,15,15,0.368,solved,
Simonis,problem_15_30.dat,HS problem 3343 size 15 30 density  0.55,15,30,15,15,0.359,solved,
Simonis,problem_15_30.dat,HS problem 3344 size 15 30 density  0.55,15,30,15,15,0.347,solved,
Simonis,problem_15_30.dat,HS problem 3345 size 15 30 density  0.55,15,30,15,15,0.336,solved,
Simonis,problem_15_30.dat,HS problem 3346 size 15 30 density  0.55,15,30,15,15,0.326,solved,
Simonis,problem_15_30.dat,HS problem 3347 size 15 30 density  0.55,15,30,15,15,0.315,solved,
Simonis,problem_15_30.dat,HS problem 3348 size 15 30 density  0.55,15,30,15,15,0.25,solved,
Simonis,problem_15_30.dat,HS problem 3349 size 15 30 density  0.55,15,30,15,15,0.244,solved,
Simonis,problem_15_30.dat,HS problem 3350 size 15 30 density  0.55,15,30,15,15,0.239,solved,
Simonis,problem_15_30.dat,HS problem 3351 size 15 30 density  0.60,15,30,15,15,0.233,solved,
Simonis,problem_15_30.dat,HS problem 3352 size 15 30 density  0.60,15,30,15,15,0.225,solved,
Simonis,problem_15_30.dat,HS problem 3353 size 15 30 density  0.60,15,30,15,15,0.216,solved,
Simonis,problem_15_30.dat,HS problem 3354 size 15 30 density  0.60,15,30,15,15,0.204,solved,
Simonis,problem_15_30.dat,HS problem 3355 size 15 30 density  0.60,15,30,15,15,0.191,solved,
Simonis,problem_15_30.dat,HS problem 3356 size 15 30 density  0.60,15,30,15,15,0.18,solved,
Simonis,problem_15_30.dat,HS problem 3357 size 15 30 density  0.60,15,30,15,15,0.167,solved,
Simonis,problem_15_30.dat,HS problem 3358 size 15 30 density  0.60,15,30,15,15,0.154,solved,
Simonis,problem_15_30.dat,HS problem 3359 size 15 30 density  0.60,15,30,15,15,0.142,solved,
Simonis,problem_15_30.dat,HS problem 3360 size 15 30 density  0.60,15,30,15,15,0.13,solved,
Simonis,problem_15_30.dat,HS problem 3361 size 15 30 density  0.60,15,30,15,15,0.118,solved,
Simonis,problem_15_30.dat,HS problem 3362 size 15 30 density  0.60,15,30,15,15,0.106,solved,
Simonis,problem_15_30.dat,HS problem 3363 size 15 30 density  0.60,15,30,15,15,0.095,solved,
Simonis,problem_15_30.dat,HS problem 3364 size 15 30 density  0.60,15,30,15,15,0.362,solved,
Simonis,problem_15_30.dat,HS problem 3365 size 15 30 density  0.60,15,30,15,15,0.348,solved,
Simonis,problem_15_30.dat,HS problem 3366 size 15 30 density  0.60,15,30,15,15,0.337,solved,
Simonis,problem_15_30.dat,HS problem 3367 size 15 30 density  0.60,15,30,15,15,0.327,solved,
Simonis,problem_15_30.dat,HS problem 3368 size 15 30 density  0.60,15,30,15,15,0.313,solved,
Simonis,problem_15_30.dat,HS problem 3369 size 15 30 density  0.60,15,30,15,15,0.302,solved,
Simonis,problem_15_30.dat,HS problem 3370 size 15 30 density  0.60,15,30,15,15,0.289,solved,
Simonis,problem_15_30.dat,HS problem 3371 size 15 30 density  0.65,15,30,15,15,0.227,solved,
Simonis,problem_15_30.dat,HS problem 3372 size 15 30 density  0.65,15,30,15,15,0.22,solved,
Simonis,problem_15_30.dat,HS problem 3373 size 15 30 density  0.65,15,30,15,15,0.214,solved,
Simonis,problem_15_30.dat,HS problem 3374 size 15 30 density  0.65,15,30,15,15,0.207,solved,
Simonis,problem_15_30.dat,HS problem 3375 size 15 30 density  0.65,15,30,15,15,0.195,solved,
Simonis,problem_15_30.dat,HS problem 3376 size 15 30 density  0.65,15,30,15,15,0.185,solved,
Simonis,problem_15_30.dat,HS problem 3377 size 15 30 density  0.65,15,30,15,15,0.172,solved,
Simonis,problem_15_30.dat,HS problem 3378 size 15 30 density  0.65,15,30,15,15,0.161,solved,
Simonis,problem_15_30.dat,HS problem 3379 size 15 30 density  0.65,15,30,15,15,0.153,solved,
Simonis,problem_15_30.dat,HS problem 3380 size 15 30 density  0.65,15,30,15,15,0.099,solved,
Simonis,problem_15_30.dat,HS problem 3381 size 15 30 density  0.65,15,30,15,15,0.093,solved,
Simonis,problem_15_30.dat,HS problem 3382 size 15 30 density  0.65,15,30,15,15,0.088,solved,
Simonis,problem_15_30.dat,HS problem 3383 size 15 30 density  0.65,15,30,15,15,0.082,solved,
Simonis,problem_15_30.dat,HS problem 3384 size 15 30 density  0.65,15,30,15,15,0.073,solved,
Simonis,problem_15_30.dat,HS problem 3385 size 15 30 density  0.65,15,30,15,15,0.068,solved,
Simonis,problem_15_30.dat,HS problem 3386 size 15 30 density  0.65,15,30,15,15,0.059,solved,
Simonis,problem_15_30.dat,HS problem 3387 size 15 30 density  0.65,15,30,15,15,0.052,solved,
Simonis,problem_15_30.dat,HS problem 3388 size 15 30 density  0.65,15,30,15,15,0.045,solved,
Simonis,problem_15_30.dat,HS problem 3389 size 15 30 density  0.65,15,30,15,15,0.037,solved,
Simonis,problem_15_30.dat,HS problem 3390 size 15 30 density  0.65,15,30,15,15,0.267,solved,
Simonis,problem_15_30.dat,HS problem 3391 size 15 30 density  0.70,15,30,15,15,0.259,solved,
Simonis,problem_15_30.dat,HS problem 3392 size 15 30 density  0.70,15,30,15,15,0.253,solved,
Simonis,problem_15_30.dat,HS problem 3393 size 15 30 density  0.70,15,30,15,15,0.246,solved,
Simonis,problem_15_30.dat,HS problem 3394 size 15 30 density  0.70,15,30,15,15,0.186,solved,
Simonis,problem_15_30.dat,HS problem 3395 size 15 30 density  0.70,15,30,15,15,0.179,solved,
Simonis,problem_15_30.dat,HS problem 3396 size 15 30 density  0.70,15,30,15,15,0.17,solved,
Simonis,problem_15_30.dat,HS problem 3397 size 15 30 density  0.70,15,30,15,15,0.162,solved,
Simonis,problem_15_30.dat,HS problem 3398 size 15 30 density  0.70,15,30,15,15,0.155,solved,
Simonis,problem_15_30.dat,HS problem 3399 size 15 30 density  0.70,15,30,15,15,0.147,solved,
Simonis,problem_15_30.dat,HS problem 3400 size 15 30 density  0.70,15,30,15,15,0.141,solved,
Simonis,problem_15_30.dat,HS problem 3401 size 15 30 density  0.70,15,30,15,15,0.136,solved,
Simonis,problem_15_30.dat,HS problem 3402 size 15 30 density  0.70,15,30,15,15,0.128,solved,
Simonis,problem_15_30.dat,HS problem 3403 size 15 30 density  0.70,15,30,15,15,0.122,solved,
Simonis,problem_15_30.dat,HS problem 3404 size 15 30 density  0.70,15,30,15,15,0.114,solved,
Simonis,problem_15_30.dat,HS problem 3405 size 15 30 density  0.70,15,30,15,15,0.108,solved,
Simonis,problem_15_30.dat,HS problem 3406 size 15 30 density  0.70,15,30,15,15,0.101,solved,
Simonis,problem_15_30.dat,HS problem 3407 size 15 30 density  0.70,15,30,15,15,0.092,solved,
Simonis,problem_15_30.dat,HS problem 3408 size 15 30 density  0.70,15,30,15,15,0.085,solved,
Simonis,problem_15_30.dat,HS problem 3409 size 15 30 density  0.70,15,30,15,15,0.077,solved,
Simonis,problem_15_30.dat,HS problem 3410 size 15 30 density  0.70,15,30,15,15,0.07,solved,
Simonis,problem_20_10.dat,HS problem 551 size 20 10 density  0.20,20,10,9,9,0.061,solved,
Simonis,problem_20_10.dat,HS problem 552 size 20 10 density  0.20,20,10,9,9,0.054,solved,
Simonis,problem_20_10.dat,HS problem 553 size 20 10 density  0.20,20,10,9,9,0.049,solved,
Simonis,problem_20_10.dat,HS problem 554 size 20 10 density  0.20,20,10,9,9,0.042,solved,
Simonis,problem_20_10.dat,HS problem 555 size 20 10 density  0.20,20,10,9,9,0.263,solved,
Simonis,problem_20_10.dat,HS problem 556 size 20 10 density  0.20,20,10,8,8,0.256,solved,
Simonis,problem_20_10.dat,HS problem 557 size 20 10 density  0.20,20,10,12,12,0.25,solved,
Simonis,problem_20_10.dat,HS problem 558 size 20 10 density  0.20,20,10,11,11,0.243,solved,
Simonis,problem_20_10.dat,HS problem 559 size 20 10 density  0.20,20,10,10,10,0.233,solved,
Simonis,problem_20_10.dat,HS problem 560 size 20 10 density  0.20,20,10,9,9,0.179,solved,
Simonis,problem_20_10.dat,HS problem 561 size 20 10 density  0.20,20,10,9,9,0.172,solved,
Simonis,problem_20_10.dat,HS problem 562 size 20 10 density  0.20,20,10,10,10,0.166,solved,
Simonis,problem_20_10.dat,HS problem 563 size 20 10 density  0.20,20,10,8,8,0.158,solved,
Simonis,problem_20_10.dat,HS problem 564 size 20 10 density  0.20,20,10,9,9,0.151,solved,
Simonis,problem_20_10.dat,HS problem 565 size 20 10 density  0.20,20,10,7,7,0.145,solved,
Simonis,problem_20_10.dat,HS problem 566 size 20 10 density  0.20,20,10,10,10,0.137,solved,
Simonis,problem_20_10.dat,HS problem 567 size 20 10 density  0.20,20,10,9,9,0.13,solved,
Simonis,problem_20_10.dat,HS problem 568 size 20 10 density  0.20,20,10,11,11,0.122,solved,
Simonis,problem_20_10.dat,HS problem 569 size 20 10 density  0.20,20,10,13,13,0.116,solved,
Simonis,problem_20_10.dat,HS problem 570 size 20 10 density  0.20,20,10,8,8,0.107,solved,
Simonis,problem_20_10.dat,HS problem 571 size 20 10 density  0.20,20,10,10,10,0.1,solved,
Simonis,problem_20_10.dat,HS problem 572 size 20 10 density  0.20,20,10,11,11,0.092,solved,
Simonis,problem_20_10.dat,HS problem 573 size 20 10 density  0.20,20,10,11,11,0.087,solved,
Simonis,problem_20_10.dat,HS problem 574 size 20 10 density  0.20,20,10,11,11,0.077,solved,
Simonis,problem_20_10.dat,HS problem 575 size 20 10 density  0.20,20,10,10,10,0.07,solved,
Simonis,problem_20_10.dat,HS problem 576 size 20 10 density  0.20,20,10,8,8,0.063,solved,
Simonis,problem_20_10.dat,HS problem 577 size 20 10 density  0.20,20,10,10,10,0.055,solved,
Simonis,problem_20_10.dat,HS problem 578 size 20 10 density  0.20,20,10,8,8,0.048,solved,
Simonis,problem_20_10.dat,HS problem 579 size 20 10 density  0.20,20,10,10,10,0.039,solved,
Simonis,problem_20_10.dat,HS problem 580 size 20 10 density  0.20,20,10,12,12,0.035,solved,
Simonis,problem_20_10.dat,HS problem 581 size 20 10 density  0.20,20,10,10,10,0.256,solved,
Simonis,problem_20_10.dat,HS problem 582 size 20 10 density  0.20,20,10,10,10,0.249,solved,
Simonis,problem_20_10.dat,HS problem 583 size 20 10 density  0.20,20,10,8,8,0.241,solved,
Simonis,problem_20_10.dat,HS problem 584 size 20 10 density  0.20,20,10,8,8,0.237,solved,
Simonis,problem_20_10.dat,HS problem 585 size 20 10 density  0.20,20,10,9,9,0.179,solved,
Simonis,problem_20_10.dat,HS problem 586 size 20 10 density  0.20,20,10,9,9,0.173,solved,
Simonis,problem_20_10.dat,HS problem 587 size 20 10 density  0.20,20,10,9,9,0.167,solved,
Simonis,problem_20_10.dat,HS problem 588 size 20 10 density  0.20,20,10,7,7,0.162,solved,
Simonis,problem_20_10.dat,HS problem 589 size 20 10 density  0.20,20,10,10,10,0.152,solved,
Simonis,problem_20_10.dat,HS problem 590 size 20 10 density  0.20,20,10,10,10,0.147,solved,
Simonis,problem_20_10.dat,HS problem 591 size 20 10 density  0.20,20,10,9,9,0.139,solved,
Simonis,problem_20_10.dat,HS problem 592 size 20 10 density  0.20,20,10,10,10,0.134,solved,
Simonis,problem_20_10.dat,HS problem 593 size 20 10 density  0.20,20,10,9,9,0.123,solved,
Simonis,problem_20_10.dat,HS problem 594 size 20 10 density  0.20,20,10,9,9,0.119,solved,
Simonis,problem_20_10.dat,HS problem 595 size 20 10 density  0.20,20,10,9,9,0.113,solved,
Simonis,problem_20_10.dat,HS problem 596 size 20 10 density  0.20,20,10,12,12,0.107,solved,
Simonis,problem_20_10.dat,HS problem 597 size 20 10 density  0.20,20,10,8,8,0.097,solved,
Simonis,problem_20_10.dat,HS problem 598 size 20 10 density  0.20,20,10,8,8,0.091,solved,
Simonis,problem_20_10.dat,HS problem 599 size 20 10 density  0.20,20,10,9,9,0.085,solved,
Simonis,problem_20_10.dat,HS problem 600 size 20 10 density  0.20,20,10,8,8,0.079,solved,
Simonis,problem_20_10.dat,HS problem 601 size 20 10 density  0.25,20,10,10,10,0.067,solved,
Simonis,problem_20_10.dat,HS problem 602 size 20 10 density  0.25,20,10,12,12,0.062,solved,
Simonis,problem_20_10.dat,HS problem 603 size 20 10 density  0.25,20,10,10,10,0.055,solved,
Simonis,problem_20_10.dat,HS problem 604 size 20 10 density  0.25,20,10,12,12,0.05,solved,
Simonis,problem_20_10.dat,HS problem 605 size 20 10 density  0.25,20,10,9,9,0.039,solved,
Simonis,problem_20_10.dat,HS problem 606 size 20 10 density  0.25,20,10,10,10,0.035,solved,
Simonis,problem_20_10.dat,HS problem 607 size 20 10 density  0.25,20,10,11,11,0.268,solved,
Simonis,problem_20_10.dat,HS problem 608 size 20 10 density  0.25,20,10,11,11,0.263,solved,
Simonis,problem_20_10.dat,HS problem 609 size 20 10 density  0.25,20,10,8,8,0.251,solved,
Simonis,problem_20_10.dat,HS problem 610 size 20 10 density  0.25,20,10,13,13,0.245,solved,
Simonis,problem_20_10.dat,HS problem 611 size 20 10 density  0.25,20,10,10,10,0.19,solved,
Simonis,problem_20_10.dat,HS problem 612 size 20 10 density  0.25,20,10,11,11,0.184,solved,
Simonis,problem_20_10.dat,HS problem 613 size 20 10 density  0.25,20,10,9,9,0.178,solved,
Simonis,problem_20_10.dat,HS problem 614 size 20 10 density  0.25,20,10,10,10,0.172,solved,
Simonis,problem_20_10.dat,HS problem 615 size 20 10 density  0.25,20,10,12,12,0.162,solved,
Simonis,problem_20_10.dat,HS problem 616 size 20 10 density  0.25,20,10,8,8,0.156,solved,
Simonis,problem_20_10.dat,HS problem 617 size 20 10 density  0.25,20,10,13,13,0.147,solved,
Simonis,problem_20_10.dat,HS problem 618 size 20 10 density  0.25,20,10,11,11,0.139,solved,
Simonis,problem_20_10.dat,HS problem 619 size 20 10 density  0.25,20,10,9,9,0.132,solved,
Simonis,problem_20_10.dat,HS problem 620 size 20 10 density  0.25,20,10,13,13,0.126,solved,
Simonis,problem_20_10.dat,HS problem 621 size 20 10 density  0.25,20,10,10,10,0.119,solved,
Simonis,problem_20_10.dat,HS problem 622 size 20 10 density  0.25,20,10,14,14,0.11,solved,
Simonis,problem_20_10.dat,HS problem 623 size 20 10 density  0.25,20,10,12,12,0.102,solved,
Simonis,problem_20_10.dat,HS problem 624 size 20 10 density  0.25,20,10,11,11,0.098,solved,
Simonis,problem_20_10.dat,HS problem 625 size 20 10 density  0.25,20,10,11,11,0.09,solved,
Simonis,problem_20_10.dat,HS problem 626 size 20 10 density  0.25,20,10,10,10,0.082,solved,
Simonis,problem_20_10.dat,HS problem 627 size 20 10 density  0.25,20,10,9,9,0.074,solved,
Simonis,problem_20_10.dat,HS problem 628 size 20 10 density  0.25,20,10,11,11,0.066,solved,
Simonis,problem_20_10.dat,HS problem 629 size 20 10 density  0.25,20,10,11,11,0.057,solved,
Simonis,problem_20_10.dat,HS problem 630 size 20 10 density  0.25,20,10,13,13,0.054,solved,
Simonis,problem_20_10.dat,HS problem 631 size 20 10 density  0.25,20,10,9,9,0.045,solved,
Simonis,problem_20_10.dat,HS problem 632 size 20 10 density  0.25,20,10,13,13,0.037,solved,
Simonis,problem_20_10.dat,HS problem 633 size 20 10 density  0.25,20,10,10,10,0.277,solved,
Simonis,problem_20_10.dat,HS problem 634 size 20 10 density  0.25,20,10,9,9,0.27,solved,
Simonis,problem_20_10.dat,HS problem 635 size 20 10 density  0.25,20,10,11,11,0.264,solved,
Simonis,problem_20_10.dat,HS problem 636 size 20 10 density  0.25,20,10,9,9,0.253,solved,
Simonis,problem_20_10.dat,HS problem 637 size 20 10 density  0.25,20,10,14,14,0.196,solved,
Simonis,problem_20_10.dat,HS problem 638 size 20 10 density  0.25,20,10,13,13,0.19,solved,
Simonis,problem_20_10.dat,HS problem 639 size 20 10 density  0.25,20,10,10,10,0.182,solved,
Simonis,problem_20_10.dat,HS problem 640 size 20 10 density  0.25,20,10,11,11,0.175,solved,
Simonis,problem_20_10.dat,HS problem 641 size 20 10 density  0.25,20,10,12,12,0.167,solved,
Simonis,problem_20_10.dat,HS problem 642 size 20 10 density  0.25,20,10,12,12,0.161,solved,
Simonis,problem_20_10.dat,HS problem 643 size 20 10 density  0.25,20,10,12,12,0.152,solved,
Simonis,problem_20_10.dat,HS problem 644 size 20 10 density  0.25,20,10,14,14,0.146,solved,
Simonis,problem_20_10.dat,HS problem 645 size 20 10 density  0.25,20,10,9,9,0.136,solved,
Simonis,problem_20_10.dat,HS problem 646 size 20 10 density  0.25,20,10,12,12,0.13,solved,
Simonis,problem_20_10.dat,HS problem 647 size 20 10 density  0.25,20,10,10,10,0.122,solved,
Simonis,problem_20_10.dat,HS problem 648 size 20 10 density  0.25,20,10,9,9,0.114,solved,
Simonis,problem_20_10.dat,HS problem 649 size 20 10 density  0.25,20,10,10,10,0.104,solved,
Simonis,problem_20_10.dat,HS problem 650 size 20 10 density  0.25,20,10,11,11,0.098,solved,
Simonis,problem_20_10.dat,HS problem 651 size 20 10 density  0.30,20,10,11,11,0.092,solved,
Simonis,problem_20_10.dat,HS problem 652 size 20 10 density  0.30,20,10,12,12,0.085,solved,
Simonis,problem_20_10.dat,HS problem 653 size 20 10 density  0.30,20,10,14,14,0.076,solved,
Simonis,problem_20_10.dat,HS problem 654 size 20 10 density  0.30,20,10,14,14,0.07,solved,
Simonis,problem_20_10.dat,HS problem 655 size 20 10 density  0.30,20,10,12,12,0.061,solved,
Simonis,problem_20_10.dat,HS problem 656 size 20 10 density  0.30,20,10,11,11,0.054,solved,
Simonis,problem_20_10.dat,HS problem 657 size 20 10 density  0.30,20,10,11,11,0.045,solved,
Simonis,problem_20_10.dat,HS problem 658 size 20 10 density  0.30,20,10,11,11,0.037,solved,
Simonis,problem_20_10.dat,HS problem 659 size 20 10 density  0.30,20,10,11,11,0.275,solved,
Simonis,problem_20_10.dat,HS problem 660 size 20 10 density  0.30,20,10,12,12,0.269,solved,
Simonis,problem_20_10.dat,HS problem 661 size 20 10 density  0.30,20,10,12,12,0.263,solved,
Simonis,problem_20_10.dat,HS problem 662 size 20 10 density  0.30,20,10,16,16,0.252,solved,
Simonis,problem_20_10.dat,HS problem 663 size 20 10 density  0.30,20,10,13,13,0.195,solved,
Simonis,problem_20_10.dat,HS problem 664 size 20 10 density  0.30,20,10,13,13,0.189,solved,
Simonis,problem_20_10.dat,HS problem 665 size 20 10 density  0.30,20,10,13,13,0.183,solved,
Simonis,problem_20_10.dat,HS problem 666 size 20 10 density  0.30,20,10,12,12,0.177,solved,
Simonis,problem_20_10.dat,HS problem 667 size 20 10 density  0.30,20,10,11,11,0.167,solved,
Simonis,problem_20_10.dat,HS problem 668 size 20 10 density  0.30,20,10,13,13,0.162,solved,
Simonis,problem_20_10.dat,HS problem 669 size 20 10 density  0.30,20,10,11,11,0.153,solved,
Simonis,problem_20_10.dat,HS problem 670 size 20 10 density  0.30,20,10,13,13,0.145,solved,
Simonis,problem_20_10.dat,HS problem 671 size 20 10 density  0.30,20,10,14,14,0.137,solved,
Simonis,problem_20_10.dat,HS problem 672 size 20 10 density  0.30,20,10,13,13,0.131,solved,
Simonis,problem_20_10.dat,HS problem 673 size 20 10 density  0.30,20,10,14,14,0.122,solved,
Simonis,problem_20_10.dat,HS problem 674 size 20 10 density  0.30,20,10,12,12,0.114,solved,
Simonis,problem_20_10.dat,HS problem 675 size 20 10 density  0.30,20,10,13,13,0.106,solved,
Simonis,problem_20_10.dat,HS problem 676 size 20 10 density  0.30,20,10,13,13,0.099,solved,
Simonis,problem_20_10.dat,HS problem 677 size 20 10 density  0.30,20,10,11,11,0.09,solved,
Simonis,problem_20_10.dat,HS problem 678 size 20 10 density  0.30,20,10,12,12,0.084,solved,
Simonis,problem_20_10.dat,HS problem 679 size 20 10 density  0.30,20,10,13,13,0.074,solved,
Simonis,problem_20_10.dat,HS problem 680 size 20 10 density  0.30,20,10,12,12,0.067,solved,
Simonis,problem_20_10.dat,HS problem 681 size 20 10 density  0.30,20,10,15,15,0.058,solved,
Simonis,problem_20_10.dat,HS problem 682 size 20 10 density  0.30,20,10,15,15,0.051,solved,
Simonis,problem_20_10.dat,HS problem 683 size 20 10 density  0.30,20,10,13,13,0.043,solved,
Simonis,problem_20_10.dat,HS problem 684 size 20 10 density  0.30,20,10,12,12,0.038,solved,
Simonis,problem_20_10.dat,HS problem 685 size 20 10 density  0.30,20,10,14,14,0.269,solved,
Simonis,problem_20_10.dat,HS problem 686 size 20 10 density  0.30,20,10,12,12,0.26,solved,
Simonis,problem_20_10.dat,HS problem 687 size 20 10 density  0.30,20,10,14,14,0.252,solved,
Simonis,problem_20_10.dat,HS problem 688 size 20 10 density  0.30,20,10,15,15,0.247,solved,
Simonis,problem_20_10.dat,HS problem 689 size 20 10 density  0.30,20,10,12,12,0.189,solved,
Simonis,problem_20_10.dat,HS problem 690 size 20 10 density  0.30,20,10,15,15,0.183,solved,
Simonis,problem_20_10.dat,HS problem 691 size 20 10 density  0.30,20,10,12,12,0.177,solved,
Simonis,problem_20_10.dat,HS problem 692 size 20 10 density  0.30,20,10,12,12,0.17,solved,
Simonis,problem_20_10.dat,HS problem 693 size 20 10 density  0.30,20,10,15,15,0.161,solved,
Simonis,problem_20_10.dat,HS problem 694 size 20 10 density  0.30,20,10,12,12,0.154,solved,
Simonis,problem_20_10.dat,HS problem 695 size 20 10 density  0.30,20,10,11,11,0.149,solved,
Simonis,problem_20_10.dat,HS problem 696 size 20 10 density  0.30,20,10,14,14,0.141,solved,
Simonis,problem_20_10.dat,HS problem 697 size 20 10 density  0.30,20,10,15,15,0.132,solved,
Simonis,problem_20_10.dat,HS problem 698 size 20 10 density  0.30,20,10,13,13,0.125,solved,
Simonis,problem_20_10.dat,HS problem 699 size 20 10 density  0.30,20,10,15,15,0.118,solved,
Simonis,problem_20_10.dat,HS problem 700 size 20 10 density  0.30,20,10,15,15,0.11,solved,
Simonis,problem_20_10.dat,HS problem 701 size 20 10 density  0.35,20,10,14,14,0.1,solved,
Simonis,problem_20_10.dat,HS problem 702 size 20 10 density  0.35,20,10,14,14,0.096,solved,
Simonis,problem_20_10.dat,HS problem 703 size 20 10 density  0.35,20,10,15,15,0.089,solved,
Simonis,problem_20_10.dat,HS problem 704 size 20 10 density  0.35,20,10,14,14,0.081,solved,
Simonis,problem_20_10.dat,HS problem 705 size 20 10 density  0.35,20,10,12,12,0.074,solved,
Simonis,problem_20_10.dat,HS problem 706 size 20 10 density  0.35,20,10,17,17,0.068,solved,
Simonis,problem_20_10.dat,HS problem 707 size 20 10 density  0.35,20,10,14,14,0.06,solved,
Simonis,problem_20_10.dat,HS problem 708 size 20 10 density  0.35,20,10,15,15,0.051,solved,
Simonis,problem_20_10.dat,HS problem 709 size 20 10 density  0.35,20,10,11,11,0.045,solved,
Simonis,problem_20_10.dat,HS problem 710 size 20 10 density  0.35,20,10,16,16,0.036,solved,
Simonis,problem_20_10.dat,HS problem 711 size 20 10 density  0.35,20,10,16,16,0.271,solved,
Simonis,problem_20_10.dat,HS problem 712 size 20 10 density  0.35,20,10,13,13,0.265,solved,
Simonis,problem_20_10.dat,HS problem 713 size 20 10 density  0.35,20,10,11,11,0.256,solved,
Simonis,problem_20_10.dat,HS problem 714 size 20 10 density  0.35,20,10,15,15,0.25,solved,
Simonis,problem_20_10.dat,HS problem 715 size 20 10 density  0.35,20,10,15,15,0.193,solved,
Simonis,problem_20_10.dat,HS problem 716 size 20 10 density  0.35,20,10,17,17,0.188,solved,
Simonis,problem_20_10.dat,HS problem 717 size 20 10 density  0.35,20,10,15,15,0.183,solved,
Simonis,problem_20_10.dat,HS problem 718 size 20 10 density  0.35,20,10,14,14,0.176,solved,
Simonis,problem_20_10.dat,HS problem 719 size 20 10 density  0.35,20,10,14,14,0.166,solved,
Simonis,problem_20_10.dat,HS problem 720 size 20 10 density  0.35,20,10,16,16,0.161,solved,
Simonis,problem_20_10.dat,HS problem 721 size 20 10 density  0.35,20,10,16,16,0.152,solved,
Simonis,problem_20_10.dat,HS problem 722 size 20 10 density  0.35,20,10,15,15,0.145,solved,
Simonis,problem_20_10.dat,HS problem 723 size 20 10 density  0.35,20,10,12,12,0.136,solved,
Simonis,problem_20_10.dat,HS problem 724 size 20 10 density  0.35,20,10,15,15,0.127,solved,
Simonis,problem_20_10.dat,HS problem 725 size 20 10 density  0.35,20,10,12,12,0.12,solved,
Simonis,problem_20_10.dat,HS problem 726 size 20 10 density  0.35,20,10,15,15,0.111,solved,
Simonis,problem_20_10.dat,HS problem 727 size 20 10 density  0.35,20,10,14,14,0.107,solved,
Simonis,problem_20_10.dat,HS problem 728 size 20 10 density  0.35,20,10,14,14,0.099,solved,
Simonis,problem_20_10.dat,HS problem 729 size 20 10 density  0.35,20,10,14,14,0.091,solved,
Simonis,problem_20_10.dat,HS problem 730 size 20 10 density  0.35,20,10,14,14,0.083,solved,
Simonis,problem_20_10.dat,HS problem 731 size 20 10 density  0.35,20,10,14,14,0.078,solved,
Simonis,problem_20_10.dat,HS problem 732 size 20 10 density  0.35,20,10,15,15,0.07,solved,
Simonis,problem_20_10.dat,HS problem 733 size 20 10 density  0.35,20,10,15,15,0.061,solved,
Simonis,problem_20_10.dat,HS problem 734 size 20 10 density  0.35,20,10,16,16,0.054,solved,
Simonis,problem_20_10.dat,HS problem 735 size 20 10 density  0.35,20,10,16,16,0.046,solved,
Simonis,problem_20_10.dat,HS problem 736 size 20 10 density  0.35,20,10,14,14,0.039,solved,
Simonis,problem_20_10.dat,HS problem 737 size 20 10 density  0.35,20,10,15,15,0.274,solved,
Simonis,problem_20_10.dat,HS problem 738 size 20 10 density  0.35,20,10,16,16,0.268,solved,
Simonis,problem_20_10.dat,HS problem 739 size 20 10 density  0.35,20,10,13,13,0.261,solved,
Simonis,problem_20_10.dat,HS problem 740 size 20 10 density  0.35,20,10,14,14,0.252,solved,
Simonis,problem_20_10.dat,HS problem 741 size 20 10 density  0.35,20,10,13,13,0.193,solved,
Simonis,problem_20_10.dat,HS problem 742 size 20 10 density  0.35,20,10,17,17,0.187,solved,
Simonis,problem_20_10.dat,HS problem 743 size 20 10 density  0.35,20,10,13,13,0.179,solved,
Simonis,problem_20_10.dat,HS problem 744 size 20 10 density  0.35,20,10,14,14,0.171,solved,
Simonis,problem_20_10.dat,HS problem 745 size 20 10 density  0.35,20,10,13,13,0.166,solved,
Simonis,problem_20_10.dat,HS problem 746 size 20 10 density  0.35,20,10,15,15,0.157,solved,
Simonis,problem_20_10.dat,HS problem 747 size 20 10 density  0.35,20,10,14,14,0.152,solved,
Simonis,problem_20_10.dat,HS problem 748 size 20 10 density  0.35,20,10,16,16,0.144,solved,
Simonis,problem_20_10.dat,HS problem 749 size 20 10 density  0.35,20,10,16,16,0.139,solved,
Simonis,problem_20_10.dat,HS problem 750 size 20 10 density  0.35,20,10,15,15,0.13,solved,
Simonis,problem_20_10.dat,HS problem 751 size 20 10 density  0.40,20,10,15,15,0.122,solved,
Simonis,problem_20_10.dat,HS problem 752 size 20 10 density  0.40,20,10,16,16,0.115,solved,
Simonis,problem_20_10.dat,HS problem 753 size 20 10 density  0.40,20,10,16,16,0.108,solved,
Simonis,problem_20_10.dat,HS problem 754 size 20 10 density  0.40,20,10,13,13,0.098,solved,
Simonis,problem_20_10.dat,HS problem 755 size 20 10 density  0.40,20,10,18,18,0.092,solved,
Simonis,problem_20_10.dat,HS problem 756 size 20 10 density  0.40,20,10,18,18,0.085,solved,
Simonis,problem_20_10.dat,HS problem 757 size 20 10 density  0.40,20,10,16,16,0.075,solved,
Simonis,problem_20_10.dat,HS problem 758 size 20 10 density  0.40,20,10,14,14,0.066,solved,
Simonis,problem_20_10.dat,HS problem 759 size 20 10 density  0.40,20,10,13,13,0.062,solved,
Simonis,problem_20_10.dat,HS problem 760 size 20 10 density  0.40,20,10,14,14,0.054,solved,
Simonis,problem_20_10.dat,HS problem 761 size 20 10 density  0.40,20,10,16,16,0.049,solved,
Simonis,problem_20_10.dat,HS problem 762 size 20 10 density  0.40,20,10,16,16,0.039,solved,
Simonis,problem_20_10.dat,HS problem 763 size 20 10 density  0.40,20,10,16,16,0.275,solved,
Simonis,problem_20_10.dat,HS problem 764 size 20 10 density  0.40,20,10,14,14,0.268,solved,
Simonis,problem_20_10.dat,HS problem 765 size 20 10 density  0.40,20,10,16,16,0.262,solved,
Simonis,problem_20_10.dat,HS problem 766 size 20 10 density  0.40,20,10,15,15,0.254,solved,
Simonis,problem_20_10.dat,HS problem 767 size 20 10 density  0.40,20,10,15,15,0.194,solved,
Simonis,problem_20_10.dat,HS problem 768 size 20 10 density  0.40,20,10,14,14,0.188,solved,
Simonis,problem_20_10.dat,HS problem 769 size 20 10 density  0.40,20,10,17,17,0.181,solved,
Simonis,problem_20_10.dat,HS problem 770 size 20 10 density  0.40,20,10,14,14,0.174,solved,
Simonis,problem_20_10.dat,HS problem 771 size 20 10 density  0.40,20,10,16,16,0.165,solved,
Simonis,problem_20_10.dat,HS problem 772 size 20 10 density  0.40,20,10,16,16,0.159,solved,
Simonis,problem_20_10.dat,HS problem 773 size 20 10 density  0.40,20,10,15,15,0.15,solved,
Simonis,problem_20_10.dat,HS problem 774 size 20 10 density  0.40,20,10,15,15,0.141,solved,
Simonis,problem_20_10.dat,HS problem 775 size 20 10 density  0.40,20,10,16,16,0.137,solved,
Simonis,problem_20_10.dat,HS problem 776 size 20 10 density  0.40,20,10,17,17,0.127,solved,
Simonis,problem_20_10.dat,HS problem 777 size 20 10 density  0.40,20,10,16,16,0.121,solved,
Simonis,problem_20_10.dat,HS problem 778 size 20 10 density  0.40,20,10,16,16,0.113,solved,
Simonis,problem_20_10.dat,HS problem 779 size 20 10 density  0.40,20,10,13,13,0.106,solved,
Simonis,problem_20_10.dat,HS problem 780 size 20 10 density  0.40,20,10,17,17,0.095,solved,
Simonis,problem_20_10.dat,HS problem 781 size 20 10 density  0.40,20,10,16,16,0.088,solved,
Simonis,problem_20_10.dat,HS problem 782 size 20 10 density  0.40,20,10,16,16,0.082,solved,
Simonis,problem_20_10.dat,HS problem 783 size 20 10 density  0.40,20,10,16,16,0.075,solved,
Simonis,problem_20_10.dat,HS problem 784 size 20 10 density  0.40,20,10,17,17,0.065,solved,
Simonis,problem_20_10.dat,HS problem 785 size 20 10 density  0.40,20,10,17,17,0.057,solved,
Simonis,problem_20_10.dat,HS problem 786 size 20 10 density  0.40,20,10,17,17,0.054,solved,
Simonis,problem_20_10.dat,HS problem 787 size 20 10 density  0.40,20,10,17,17,0.046,solved,
Simonis,problem_20_10.dat,HS problem 788 size 20 10 density  0.40,20,10,17,17,0.04,solved,
Simonis,problem_20_10.dat,HS problem 789 size 20 10 density  0.40,20,10,14,14,0.267,solved,
Simonis,problem_20_10.dat,HS problem 790 size 20 10 density  0.40,20,10,17,17,0.262,solved,
Simonis,problem_20_10.dat,HS problem 791 size 20 10 density  0.40,20,10,16,16,0.252,solved,
Simonis,problem_20_10.dat,HS problem 792 size 20 10 density  0.40,20,10,16,16,0.246,solved,
Simonis,problem_20_10.dat,HS problem 793 size 20 10 density  0.40,20,10,15,15,0.187,solved,
Simonis,problem_20_10.dat,HS problem 794 size 20 10 density  0.40,20,10,17,17,0.181,solved,
Simonis,problem_20_10.dat,HS problem 795 size 20 10 density  0.40,20,10,16,16,0.175,solved,
Simonis,problem_20_10.dat,HS problem 796 size 20 10 density  0.40,20,10,15,15,0.167,solved,
Simonis,problem_20_10.dat,HS problem 797 size 20 10 density  0.40,20,10,17,17,0.16,solved,
Simonis,problem_20_10.dat,HS problem 798 size 20 10 density  0.40,20,10,15,15,0.154,solved,
Simonis,problem_20_10.dat,HS problem 799 size 20 10 density  0.40,20,10,16,16,0.146,solved,
Simonis,problem_20_10.dat,HS problem 800 size 20 10 density  0.40,20,10,17,17,0.136,solved,
Simonis,problem_20_10.dat,HS problem 801 size 20 10 density  0.45,20,10,14,14,0.13,solved,
Simonis,problem_20_10.dat,HS problem 802 size 20 10 density  0.45,20,10,17,17,0.124,solved,
Simonis,problem_20_10.dat,HS problem 803 size 20 10 density  0.45,20,10,15,15,0.116,solved,
Simonis,problem_20_10.dat,HS problem 804 size 20 10 density  0.45,20,10,17,17,0.106,solved,
Simonis,problem_20_10.dat,HS problem 805 size 20 10 density  0.45,20,10,17,17,0.1,solved,
Simonis,problem_20_10.dat,HS problem 806 size 20 10 density  0.45,20,10,18,18,0.093,solved,
Simonis,problem_20_10.dat,HS problem 807 size 20 10 density  0.45,20,10,18,18,0.086,solved,
Simonis,problem_20_10.dat,HS problem 808 size 20 10 density  0.45,20,10,17,17,0.075,solved,
Simonis,problem_20_10.dat,HS problem 809 size 20 10 density  0.45,20,10,18,18,0.068,solved,
Simonis,problem_20_10.dat,HS problem 810 size 20 10 density  0.45,20,10,16,16,0.061,solved,
Simonis,problem_20_10.dat,HS problem 811 size 20 10 density  0.45,20,10,17,17,0.054,solved,
Simonis,problem_20_10.dat,HS problem 812 size 20 10 density  0.45,20,10,18,18,0.049,solved,
Simonis,problem_20_10.dat,HS problem 813 size 20 10 density  0.45,20,10,15,15,0.043,solved,
Simonis,problem_20_10.dat,HS problem 814 size 20 10 density  0.45,20,10,17,17,0.279,solved,
Simonis,problem_20_10.dat,HS problem 815 size 20 10 density  0.45,20,10,16,16,0.268,solved,
Simonis,problem_20_10.dat,HS problem 816 size 20 10 density  0.45,20,10,16,16,0.261,solved,
Simonis,problem_20_10.dat,HS problem 817 size 20 10 density  0.45,20,10,18,18,0.256,solved,
Simonis,problem_20_10.dat,HS problem 818 size 20 10 density  0.45,20,10,16,16,0.248,solved,
Simonis,problem_20_10.dat,HS problem 819 size 20 10 density  0.45,20,10,16,16,0.193,solved,
Simonis,problem_20_10.dat,HS problem 820 size 20 10 density  0.45,20,10,16,16,0.187,solved,
Simonis,problem_20_10.dat,HS problem 821 size 20 10 density  0.45,20,10,17,17,0.18,solved,
Simonis,problem_20_10.dat,HS problem 822 size 20 10 density  0.45,20,10,19,19,0.174,solved,
Simonis,problem_20_10.dat,HS problem 823 size 20 10 density  0.45,20,10,17,17,0.164,solved,
Simonis,problem_20_10.dat,HS problem 824 size 20 10 density  0.45,20,10,17,17,0.158,solved,
Simonis,problem_20_10.dat,HS problem 825 size 20 10 density  0.45,20,10,15,15,0.149,solved,
Simonis,problem_20_10.dat,HS problem 826 size 20 10 density  0.45,20,10,16,16,0.14,solved,
Simonis,problem_20_10.dat,HS problem 827 size 20 10 density  0.45,20,10,18,18,0.132,solved,
Simonis,problem_20_10.dat,HS problem 828 size 20 10 density  0.45,20,10,16,16,0.123,solved,
Simonis,problem_20_10.dat,HS problem 829 size 20 10 density  0.45,20,10,16,16,0.116,solved,
Simonis,problem_20_10.dat,HS problem 830 size 20 10 density  0.45,20,10,14,14,0.108,solved,
Simonis,problem_20_10.dat,HS problem 831 size 20 10 density  0.45,20,10,18,18,0.101,solved,
Simonis,problem_20_10.dat,HS problem 832 size 20 10 density  0.45,20,10,16,16,0.093,solved,
Simonis,problem_20_10.dat,HS problem 833 size 20 10 density  0.45,20,10,17,17,0.083,solved,
Simonis,problem_20_10.dat,HS problem 834 size 20 10 density  0.45,20,10,17,17,0.075,solved,
Simonis,problem_20_10.dat,HS problem 835 size 20 10 density  0.45,20,10,15,15,0.071,solved,
Simonis,problem_20_10.dat,HS problem 836 size 20 10 density  0.45,20,10,17,17,0.062,solved,
Simonis,problem_20_10.dat,HS problem 837 size 20 10 density  0.45,20,10,17,17,0.054,solved,
Simonis,problem_20_10.dat,HS problem 838 size 20 10 density  0.45,20,10,18,18,0.048,solved,
Simonis,problem_20_10.dat,HS problem 839 size 20 10 density  0.45,20,10,16,16,0.037,solved,
Simonis,problem_20_10.dat,HS problem 840 size 20 10 density  0.45,20,10,15,15,0.284,solved,
Simonis,problem_20_10.dat,HS problem 841 size 20 10 density  0.45,20,10,17,17,0.275,solved,
Simonis,problem_20_10.dat,HS problem 842 size 20 10 density  0.45,20,10,16,16,0.268,solved,
Simonis,problem_20_10.dat,HS problem 843 size 20 10 density  0.45,20,10,15,15,0.26,solved,
Simonis,problem_20_10.dat,HS problem 844 size 20 10 density  0.45,20,10,17,17,0.203,solved,
Simonis,problem_20_10.dat,HS problem 845 size 20 10 density  0.45,20,10,16,16,0.198,solved,
Simonis,problem_20_10.dat,HS problem 846 size 20 10 density  0.45,20,10,15,15,0.192,solved,
Simonis,problem_20_10.dat,HS problem 847 size 20 10 density  0.45,20,10,17,17,0.186,solved,
Simonis,problem_20_10.dat,HS problem 848 size 20 10 density  0.45,20,10,16,16,0.176,solved,
Simonis,problem_20_10.dat,HS problem 849 size 20 10 density  0.45,20,10,19,19,0.17,solved,
Simonis,problem_20_10.dat,HS problem 850 size 20 10 density  0.45,20,10,17,17,0.16,solved,
Simonis,problem_20_10.dat,HS problem 851 size 20 10 density  0.50,20,10,17,17,0.153,solved,
Simonis,problem_20_10.dat,HS problem 852 size 20 10 density  0.50,20,10,16,16,0.143,solved,
Simonis,problem_20_10.dat,HS problem 853 size 20 10 density  0.50,20,10,17,17,0.137,solved,
Simonis,problem_20_10.dat,HS problem 854 size 20 10 density  0.50,20,10,19,19,0.13,solved,
Simonis,problem_20_10.dat,HS problem 855 size 20 10 density  0.50,20,10,16,16,0.12,solved,
Simonis,problem_20_10.dat,HS problem 856 size 20 10 density  0.50,20,10,18,18,0.114,solved,
Simonis,problem_20_10.dat,HS problem 857 size 20 10 density  0.50,20,10,17,17,0.105,solved,
Simonis,problem_20_10.dat,HS problem 858 size 20 10 density  0.50,20,10,18,18,0.094,solved,
Simonis,problem_20_10.dat,HS problem 859 size 20 10 density  0.50,20,10,18,18,0.09,solved,
Simonis,problem_20_10.dat,HS problem 860 size 20 10 density  0.50,20,10,18,18,0.082,solved,
Simonis,problem_20_10.dat,HS problem 861 size 20 10 density  0.50,20,10,19,19,0.075,solved,
Simonis,problem_20_10.dat,HS problem 862 size 20 10 density  0.50,20,10,16,16,0.063,solved,
Simonis,problem_20_10.dat,HS problem 863 size 20 10 density  0.50,20,10,18,18,0.058,solved,
Simonis,problem_20_10.dat,HS problem 864 size 20 10 density  0.50,20,10,18,18,0.049,solved,
Simonis,problem_20_10.dat,HS problem 865 size 20 10 density  0.50,20,10,17,17,0.042,solved,
Simonis,problem_20_10.dat,HS problem 866 size 20 10 density  0.50,20,10,17,17,0.279,solved,
Simonis,problem_20_10.dat,HS problem 867 size 20 10 density  0.50,20,10,19,19,0.271,solved,
Simonis,problem_20_10.dat,HS problem 868 size 20 10 density  0.50,20,10,18,18,0.263,solved,
Simonis,problem_20_10.dat,HS problem 869 size 20 10 density  0.50,20,10,18,18,0.256,solved,
Simonis,problem_20_10.dat,HS problem 870 size 20 10 density  0.50,20,10,17,17,0.196,solved,
Simonis,problem_20_10.dat,HS problem 871 size 20 10 density  0.50,20,10,18,18,0.189,solved,
Simonis,problem_20_10.dat,HS problem 872 size 20 10 density  0.50,20,10,18,18,0.182,solved,
Simonis,problem_20_10.dat,HS problem 873 size 20 10 density  0.50,20,10,18,18,0.174,solved,
Simonis,problem_20_10.dat,HS problem 874 size 20 10 density  0.50,20,10,17,17,0.165,solved,
Simonis,problem_20_10.dat,HS problem 875 size 20 10 density  0.50,20,10,16,16,0.161,solved,
Simonis,problem_20_10.dat,HS problem 876 size 20 10 density  0.50,20,10,18,18,0.153,solved,
Simonis,problem_20_10.dat,HS problem 877 size 20 10 density  0.50,20,10,17,17,0.144,solved,
Simonis,problem_20_10.dat,HS problem 878 size 20 10 density  0.50,20,10,18,18,0.135,solved,
Simonis,problem_20_10.dat,HS problem 879 size 20 10 density  0.50,20,10,18,18,0.131,solved,
Simonis,problem_20_10.dat,HS problem 880 size 20 10 density  0.50,20,10,18,18,0.122,solved,
Simonis,problem_20_10.dat,HS problem 881 size 20 10 density  0.50,20,10,19,19,0.113,solved,
Simonis,problem_20_10.dat,HS problem 882 size 20 10 density  0.50,20,10,16,16,0.108,solved,
Simonis,problem_20_10.dat,HS problem 883 size 20 10 density  0.50,20,10,18,18,0.102,solved,
Simonis,problem_20_10.dat,HS problem 884 size 20 10 density  0.50,20,10,18,18,0.094,solved,
Simonis,problem_20_10.dat,HS problem 885 size 20 10 density  0.50,20,10,17,17,0.082,solved,
Simonis,problem_20_10.dat,HS problem 886 size 20 10 density  0.50,20,10,18,18,0.077,solved,
Simonis,problem_20_10.dat,HS problem 887 size 20 10 density  0.50,20,10,18,18,0.071,solved,
Simonis,problem_20_10.dat,HS problem 888 size 20 10 density  0.50,20,10,19,19,0.061,solved,
Simonis,problem_20_10.dat,HS problem 889 size 20 10 density  0.50,20,10,20,20,0.052,solved,
Simonis,problem_20_10.dat,HS problem 890 size 20 10 density  0.50,20,10,18,18,0.046,solved,
Simonis,problem_20_10.dat,HS problem 891 size 20 10 density  0.50,20,10,18,18,0.039,solved,
Simonis,problem_20_10.dat,HS problem 892 size 20 10 density  0.50,20,10,18,18,0.287,solved,
Simonis,problem_20_10.dat,HS problem 893 size 20 10 density  0.50,20,10,19,19,0.275,solved,
Simonis,problem_20_10.dat,HS problem 894 size 20 10 density  0.50,20,10,18,18,0.268,solved,
Simonis,problem_20_10.dat,HS problem 895 size 20 10 density  0.50,20,10,18,18,0.263,solved,
Simonis,problem_20_10.dat,HS problem 896 size 20 10 density  0.50,20,10,17,17,0.204,solved,
Simonis,problem_20_10.dat,HS problem 897 size 20 10 density  0.50,20,10,19,19,0.198,solved,
Simonis,problem_20_10.dat,HS problem 898 size 20 10 density  0.50,20,10,18,18,0.192,solved,
Simonis,problem_20_10.dat,HS problem 899 size 20 10 density  0.50,20,10,19,19,0.186,solved,
Simonis,problem_20_10.dat,HS problem 900 size 20 10 density  0.50,20,10,17,17,0.175,solved,
Simonis,problem_20_10.dat,HS problem 901 size 20 10 density  0.55,20,10,18,18,0.169,solved,
Simonis,problem_20_10.dat,HS problem 902 size 20 10 density  0.55,20,10,18,18,0.16,solved,
Simonis,problem_20_10.dat,HS problem 903 size 20 10 density  0.55,20,10,18,18,0.151,solved,
Simonis,problem_20_10.dat,HS problem 904 size 20 10 density  0.55,20,10,19,19,0.146,solved,
Simonis,problem_20_10.dat,HS problem 905 size 20 10 density  0.55,20,10,19,19,0.135,solved,
Simonis,problem_20_10.dat,HS problem 906 size 20 10 density  0.55,20,10,18,18,0.13,solved,
Simonis,problem_20_10.dat,HS problem 907 size 20 10 density  0.55,20,10,17,17,0.122,solved,
Simonis,problem_20_10.dat,HS problem 908 size 20 10 density  0.55,20,10,19,19,0.113,solved,
Simonis,problem_20_10.dat,HS problem 909 size 20 10 density  0.55,20,10,18,18,0.105,solved,
Simonis,problem_20_10.dat,HS problem 910 size 20 10 density  0.55,20,10,19,19,0.1,solved,
Simonis,problem_20_10.dat,HS problem 911 size 20 10 density  0.55,20,10,18,18,0.09,solved,
Simonis,problem_20_10.dat,HS problem 912 size 20 10 density  0.55,20,10,19,19,0.081,solved,
Simonis,problem_20_10.dat,HS problem 913 size 20 10 density  0.55,20,10,18,18,0.074,solved,
Simonis,problem_20_10.dat,HS problem 914 size 20 10 density  0.55,20,10,19,19,0.063,solved,
Simonis,problem_20_10.dat,HS problem 915 size 20 10 density  0.55,20,10,18,18,0.057,solved,
Simonis,problem_20_10.dat,HS problem 916 size 20 10 density  0.55,20,10,18,18,0.049,solved,
Simonis,problem_20_10.dat,HS problem 917 size 20 10 density  0.55,20,10,19,19,0.044,solved,
Simonis,problem_20_10.dat,HS problem 918 size 20 10 density  0.55,20,10,18,18,0.283,solved,
Simonis,problem_20_10.dat,HS problem 919 size 20 10 density  0.55,20,10,18,18,0.275,solved,
Simonis,problem_20_10.dat,HS problem 920 size 20 10 density  0.55,20,10,19,19,0.267,solved,
Simonis,problem_20_10.dat,HS problem 921 size 20 10 density  0.55,20,10,19,19,0.262,solved,
Simonis,problem_20_10.dat,HS problem 922 size 20 10 density  0.55,20,10,18,18,0.2,solved,
Simonis,problem_20_10.dat,HS problem 923 size 20 10 density  0.55,20,10,18,18,0.194,solved,
Simonis,problem_20_10.dat,HS problem 924 size 20 10 density  0.55,20,10,18,18,0.189,solved,
Simonis,problem_20_10.dat,HS problem 925 size 20 10 density  0.55,20,10,18,18,0.184,solved,
Simonis,problem_20_10.dat,HS problem 926 size 20 10 density  0.55,20,10,19,19,0.176,solved,
Simonis,problem_20_10.dat,HS problem 927 size 20 10 density  0.55,20,10,18,18,0.167,solved,
Simonis,problem_20_10.dat,HS problem 928 size 20 10 density  0.55,20,10,17,17,0.159,solved,
Simonis,problem_20_10.dat,HS problem 929 size 20 10 density  0.55,20,10,19,19,0.153,solved,
Simonis,problem_20_10.dat,HS problem 930 size 20 10 density  0.55,20,10,18,18,0.144,solved,
Simonis,problem_20_10.dat,HS problem 931 size 20 10 density  0.55,20,10,19,19,0.136,solved,
Simonis,problem_20_10.dat,HS problem 932 size 20 10 density  0.55,20,10,18,18,0.127,solved,
Simonis,problem_20_10.dat,HS problem 933 size 20 10 density  0.55,20,10,18,18,0.118,solved,
Simonis,problem_20_10.dat,HS problem 934 size 20 10 density  0.55,20,10,18,18,0.112,solved,
Simonis,problem_20_10.dat,HS problem 935 size 20 10 density  0.55,20,10,19,19,0.102,solved,
Simonis,problem_20_10.dat,HS problem 936 size 20 10 density  0.55,20,10,18,18,0.094,solved,
Simonis,problem_20_10.dat,HS problem 937 size 20 10 density  0.55,20,10,18,18,0.088,solved,
Simonis,problem_20_10.dat,HS problem 938 size 20 10 density  0.55,20,10,18,18,0.08,solved,
Simonis,problem_20_10.dat,HS problem 939 size 20 10 density  0.55,20,10,19,19,0.069,solved,
Simonis,problem_20_10.dat,HS problem 940 size 20 10 density  0.55,20,10,20,20,0.062,solved,
Simonis,problem_20_10.dat,HS problem 941 size 20 10 density  0.55,20,10,19,19,0.056,solved,
Simonis,problem_20_10.dat,HS problem 942 size 20 10 density  0.55,20,10,18,18,0.048,solved,
Simonis,problem_20_10.dat,HS problem 943 size 20 10 density  0.55,20,10,18,18,0.288,solved,
Simonis,problem_20_10.dat,HS problem 944 size 20 10 density  0.55,20,10,20,20,0.28,solved,
Simonis,problem_20_10.dat,HS problem 945 size 20 10 density  0.55,20,10,17,17,0.275,solved,
Simonis,problem_20_10.dat,HS problem 946 size 20 10 density  0.55,20,10,18,18,0.266,solved,
Simonis,problem_20_10.dat,HS problem 947 size 20 10 density  0.55,20,10,19,19,0.261,solved,
Simonis,problem_20_10.dat,HS problem 948 size 20 10 density  0.55,20,10,19,19,0.2,solved,
Simonis,problem_20_10.dat,HS problem 949 size 20 10 density  0.55,20,10,19,19,0.194,solved,
Simonis,problem_20_10.dat,HS problem 950 size 20 10 density  0.55,20,10,18,18,0.188,solved,
Simonis,problem_20_10.dat,HS problem 951 size 20 10 density  0.60,20,10,20,20,0.182,solved,
Simonis,problem_20_10.dat,HS problem 952 size 20 10 density  0.60,20,10,20,20,0.171,solved,
Simonis,problem_20_10.dat,HS problem 953 size 20 10 density  0.60,20,10,18,18,0.165,solved,
Simonis,problem_20_10.dat,HS problem 954 size 20 10 density  0.60,20,10,19,19,0.156,solved,
Simonis,problem_20_10.dat,HS problem 955 size 20 10 density  0.60,20,10,19,19,0.147,solved,
Simonis,problem_20_10.dat,HS problem 956 size 20 10 density  0.60,20,10,19,19,0.139,solved,
Simonis,problem_20_10.dat,HS problem 957 size 20 10 density  0.60,20,10,20,20,0.131,solved,
Simonis,problem_20_10.dat,HS problem 958 size 20 10 density  0.60,20,10,19,19,0.122,solved,
Simonis,problem_20_10.dat,HS problem 959 size 20 10 density  0.60,20,10,18,18,0.116,solved,
Simonis,problem_20_10.dat,HS problem 960 size 20 10 density  0.60,20,10,19,19,0.107,solved,
Simonis,problem_20_10.dat,HS problem 961 size 20 10 density  0.60,20,10,18,18,0.098,solved,
Simonis,problem_20_10.dat,HS problem 962 size 20 10 density  0.60,20,10,20,20,0.092,solved,
Simonis,problem_20_10.dat,HS problem 963 size 20 10 density  0.60,20,10,19,19,0.081,solved,
Simonis,problem_20_10.dat,HS problem 964 size 20 10 density  0.60,20,10,19,19,0.072,solved,
Simonis,problem_20_10.dat,HS problem 965 size 20 10 density  0.60,20,10,19,19,0.066,solved,
Simonis,problem_20_10.dat,HS problem 966 size 20 10 density  0.60,20,10,19,19,0.06,solved,
Simonis,problem_20_10.dat,HS problem 967 size 20 10 density  0.60,20,10,19,19,0.051,solved,
Simonis,problem_20_10.dat,HS problem 968 size 20 10 density  0.60,20,10,20,20,0.044,solved,
Simonis,problem_20_10.dat,HS problem 969 size 20 10 density  0.60,20,10,20,20,0.292,solved,
Simonis,problem_20_10.dat,HS problem 970 size 20 10 density  0.60,20,10,20,20,0.282,solved,
Simonis,problem_20_10.dat,HS problem 971 size 20 10 density  0.60,20,10,19,19,0.276,solved,
Simonis,problem_20_10.dat,HS problem 972 size 20 10 density  0.60,20,10,20,20,0.265,solved,
Simonis,problem_20_10.dat,HS problem 973 size 20 10 density  0.60,20,10,20,20,0.208,solved,
Simonis,problem_20_10.dat,HS problem 974 size 20 10 density  0.60,20,10,19,19,0.202,solved,
Simonis,problem_20_10.dat,HS problem 975 size 20 10 density  0.60,20,10,20,20,0.196,solved,
Simonis,problem_20_10.dat,HS problem 976 size 20 10 density  0.60,20,10,19,19,0.19,solved,
Simonis,problem_20_10.dat,HS problem 977 size 20 10 density  0.60,20,10,20,20,0.179,solved,
Simonis,problem_20_10.dat,HS problem 978 size 20 10 density  0.60,20,10,20,20,0.173,solved,
Simonis,problem_20_10.dat,HS problem 979 size 20 10 density  0.60,20,10,19,19,0.163,solved,
Simonis,problem_20_10.dat,HS problem 980 size 20 10 density  0.60,20,10,18,18,0.154,solved,
Simonis,problem_20_10.dat,HS problem 981 size 20 10 density  0.60,20,10,20,20,0.146,solved,
Simonis,problem_20_10.dat,HS problem 982 size 20 10 density  0.60,20,10,18,18,0.136,solved,
Simonis,problem_20_10.dat,HS problem 983 size 20 10 density  0.60,20,10,19,19,0.13,solved,
Simonis,problem_20_10.dat,HS problem 984 size 20 10 density  0.60,20,10,20,20,0.123,solved,
Simonis,problem_20_10.dat,HS problem 985 size 20 10 density  0.60,20,10,18,18,0.114,solved,
Simonis,problem_20_10.dat,HS problem 986 size 20 10 density  0.60,20,10,20,20,0.105,solved,
Simonis,problem_20_10.dat,HS problem 987 size 20 10 density  0.60,20,10,20,20,0.097,solved,
Simonis,problem_20_10.dat,HS problem 988 size 20 10 density  0.60,20,10,19,19,0.088,solved,
Simonis,problem_20_10.dat,HS problem 989 size 20 10 density  0.60,20,10,20,20,0.078,solved,
Simonis,problem_20_10.dat,HS problem 990 size 20 10 density  0.60,20,10,20,20,0.072,solved,
Simonis,problem_20_10.dat,HS problem 991 size 20 10 density  0.60,20,10,19,19,0.064,solved,
Simonis,problem_20_10.dat,HS problem 992 size 20 10 density  0.60,20,10,19,19,0.055,solved,
Simonis,problem_20_10.dat,HS problem 993 size 20 10 density  0.60,20,10,19,19,0.048,solved,
Simonis,problem_20_10.dat,HS problem 994 size 20 10 density  0.60,20,10,20,20,0.039,solved,
Simonis,problem_20_10.dat,HS problem 995 size 20 10 density  0.60,20,10,20,20,0.293,solved,
Simonis,problem_20_10.dat,HS problem 996 size 20 10 density  0.60,20,10,19,19,0.285,solved,
Simonis,problem_20_10.dat,HS problem 997 size 20 10 density  0.60,20,10,19,19,0.275,solved,
Simonis,problem_20_10.dat,HS problem 998 size 20 10 density  0.60,20,10,20,20,0.267,solved,
Simonis,problem_20_10.dat,HS problem 999 size 20 10 density  0.60,20,10,19,19,0.21,solved,
Simonis,problem_20_10.dat,HS problem 1000 size 20 10 density  0.60,20,10,19,19,0.203,solved,
Simonis,problem_20_10.dat,HS problem 1001 size 20 10 density  0.65,20,10,20,20,0.196,solved,
Simonis,problem_20_10.dat,HS problem 1002 size 20 10 density  0.65,20,10,19,19,0.19,solved,
Simonis,problem_20_10.dat,HS problem 1003 size 20 10 density  0.65,20,10,20,20,0.179,solved,
Simonis,problem_20_10.dat,HS problem 1004 size 20 10 density  0.65,20,10,20,20,0.173,solved,
Simonis,problem_20_10.dat,HS problem 1005 size 20 10 density  0.65,20,10,19,19,0.164,solved,
Simonis,problem_20_10.dat,HS problem 1006 size 20 10 density  0.65,20,10,20,20,0.155,solved,
Simonis,problem_20_10.dat,HS problem 1007 size 20 10 density  0.65,20,10,20,20,0.146,solved,
Simonis,problem_20_10.dat,HS problem 1008 size 20 10 density  0.65,20,10,20,20,0.139,solved,
Simonis,problem_20_10.dat,HS problem 1009 size 20 10 density  0.65,20,10,19,19,0.129,solved,
Simonis,problem_20_10.dat,HS problem 1010 size 20 10 density  0.65,20,10,19,19,0.12,solved,
Simonis,problem_20_10.dat,HS problem 1011 size 20 10 density  0.65,20,10,19,19,0.112,solved,
Simonis,problem_20_10.dat,HS problem 1012 size 20 10 density  0.65,20,10,20,20,0.105,solved,
Simonis,problem_20_10.dat,HS problem 1013 size 20 10 density  0.65,20,10,19,19,0.098,solved,
Simonis,problem_20_10.dat,HS problem 1014 size 20 10 density  0.65,20,10,20,20,0.09,solved,
Simonis,problem_20_10.dat,HS problem 1015 size 20 10 density  0.65,20,10,19,19,0.083,solved,
Simonis,problem_20_10.dat,HS problem 1016 size 20 10 density  0.65,20,10,19,19,0.074,solved,
Simonis,problem_20_10.dat,HS problem 1017 size 20 10 density  0.65,20,10,20,20,0.065,solved,
Simonis,problem_20_10.dat,HS problem 1018 size 20 10 density  0.65,20,10,20,20,0.057,solved,
Simonis,problem_20_10.dat,HS problem 1019 size 20 10 density  0.65,20,10,18,18,0.048,solved,
Simonis,problem_20_10.dat,HS problem 1020 size 20 10 density  0.65,20,10,20,20,0.294,solved,
Simonis,problem_20_10.dat,HS problem 1021 size 20 10 density  0.65,20,10,19,19,0.287,solved,
Simonis,problem_20_10.dat,HS problem 1022 size 20 10 density  0.65,20,10,18,18,0.279,solved,
Simonis,problem_20_10.dat,HS problem 1023 size 20 10 density  0.65,20,10,19,19,0.273,solved,
Simonis,problem_20_10.dat,HS problem 1024 size 20 10 density  0.65,20,10,19,19,0.263,solved,
Simonis,problem_20_10.dat,HS problem 1025 size 20 10 density  0.65,20,10,20,20,0.204,solved,
Simonis,problem_20_10.dat,HS problem 1026 size 20 10 density  0.65,20,10,19,19,0.198,solved,
Simonis,problem_20_10.dat,HS problem 1027 size 20 10 density  0.65,20,10,20,20,0.191,solved,
Simonis,problem_20_10.dat,HS problem 1028 size 20 10 density  0.65,20,10,20,20,0.184,solved,
Simonis,problem_20_10.dat,HS problem 1029 size 20 10 density  0.65,20,10,20,20,0.174,solved,
Simonis,problem_20_10.dat,HS problem 1030 size 20 10 density  0.65,20,10,19,19,0.167,solved,
Simonis,problem_20_10.dat,HS problem 1031 size 20 10 density  0.65,20,10,20,20,0.159,solved,
Simonis,problem_20_10.dat,HS problem 1032 size 20 10 density  0.65,20,10,19,19,0.151,solved,
Simonis,problem_20_10.dat,HS problem 1033 size 20 10 density  0.65,20,10,19,19,0.144,solved,
Simonis,problem_20_10.dat,HS problem 1034 size 20 10 density  0.65,20,10,19,19,0.134,solved,
Simonis,problem_20_10.dat,HS problem 1035 size 20 10 density  0.65,20,10,20,20,0.123,solved,
Simonis,problem_20_10.dat,HS problem 1036 size 20 10 density  0.65,20,10,20,20,0.117,solved,
Simonis,problem_20_10.dat,HS problem 1037 size 20 10 density  0.65,20,10,20,20,0.111,solved,
Simonis,problem_20_10.dat,HS problem 1038 size 20 10 density  0.65,20,10,20,20,0.103,solved,
Simonis,problem_20_10.dat,HS problem 1039 size 20 10 density  0.65,20,10,19,19,0.093,solved,
Simonis,problem_20_10.dat,HS problem 1040 size 20 10 density  0.65,20,10,20,20,0.085,solved,
Simonis,problem_20_10.dat,HS problem 1041 size 20 10 density  0.65,20,10,20,20,0.076,solved,
Simonis,problem_20_10.dat,HS problem 1042 size 20 10 density  0.65,20,10,20,20,0.07,solved,
Simonis,problem_20_10.dat,HS problem 1043 size 20 10 density  0.65,20,10,18,18,0.062,solved,
Simonis,problem_20_10.dat,HS problem 1044 size 20 10 density  0.65,20,10,20,20,0.051,solved,
Simonis,problem_20_10.dat,HS problem 1045 size 20 10 density  0.65,20,10,20,20,0.043,solved,
Simonis,problem_20_10.dat,HS problem 1046 size 20 10 density  0.65,20,10,19,19,0.3,solved,
Simonis,problem_20_10.dat,HS problem 1047 size 20 10 density  0.65,20,10,20,20,0.291,solved,
Simonis,problem_20_10.dat,HS problem 1048 size 20 10 density  0.65,20,10,18,18,0.282,solved,
Simonis,problem_20_10.dat,HS problem 1049 size 20 10 density  0.65,20,10,20,20,0.273,solved,
Simonis,problem_20_10.dat,HS problem 1050 size 20 10 density  0.65,20,10,20,20,0.215,solved,
Simonis,problem_20_10.dat,HS problem 1051 size 20 10 density  0.70,20,10,20,20,0.21,solved,
Simonis,problem_20_10.dat,HS problem 1052 size 20 10 density  0.70,20,10,20,20,0.204,solved,
Simonis,problem_20_10.dat,HS problem 1053 size 20 10 density  0.70,20,10,20,20,0.197,solved,
Simonis,problem_20_10.dat,HS problem 1054 size 20 10 density  0.70,20,10,19,19,0.185,solved,
Simonis,problem_20_10.dat,HS problem 1055 size 20 10 density  0.70,20,10,19,19,0.179,solved,
Simonis,problem_20_10.dat,HS problem 1056 size 20 10 density  0.70,20,10,19,19,0.169,solved,
Simonis,problem_20_10.dat,HS problem 1057 size 20 10 density  0.70,20,10,20,20,0.161,solved,
Simonis,problem_20_10.dat,HS problem 1058 size 20 10 density  0.70,20,10,19,19,0.152,solved,
Simonis,problem_20_10.dat,HS problem 1059 size 20 10 density  0.70,20,10,20,20,0.14,solved,
Simonis,problem_20_10.dat,HS problem 1060 size 20 10 density  0.70,20,10,20,20,0.133,solved,
Simonis,problem_20_10.dat,HS problem 1061 size 20 10 density  0.70,20,10,20,20,0.127,solved,
Simonis,problem_20_10.dat,HS problem 1062 size 20 10 density  0.70,20,10,20,20,0.119,solved,
Simonis,problem_20_10.dat,HS problem 1063 size 20 10 density  0.70,20,10,19,19,0.108,solved,
Simonis,problem_20_10.dat,HS problem 1064 size 20 10 density  0.70,20,10,20,20,0.102,solved,
Simonis,problem_20_10.dat,HS problem 1065 size 20 10 density  0.70,20,10,20,20,0.094,solved,
Simonis,problem_20_10.dat,HS problem 1066 size 20 10 density  0.70,20,10,20,20,0.088,solved,
Simonis,problem_20_10.dat,HS problem 1067 size 20 10 density  0.70,20,10,20,20,0.076,solved,
Simonis,problem_20_10.dat,HS problem 1068 size 20 10 density  0.70,20,10,20,20,0.07,solved,
Simonis,problem_20_10.dat,HS problem 1069 size 20 10 density  0.70,20,10,20,20,0.06,solved,
Simonis,problem_20_10.dat,HS problem 1070 size 20 10 density  0.70,20,10,19,19,0.05,solved,
Simonis,problem_20_10.dat,HS problem 1071 size 20 10 density  0.70,20,10,20,20,0.291,solved,
Simonis,problem_20_10.dat,HS problem 1072 size 20 10 density  0.70,20,10,20,20,0.282,solved,
Simonis,problem_20_10.dat,HS problem 1073 size 20 10 density  0.70,20,10,20,20,0.275,solved,
Simonis,problem_20_10.dat,HS problem 1074 size 20 10 density  0.70,20,10,19,19,0.269,solved,
Simonis,problem_20_10.dat,HS problem 1075 size 20 10 density  0.70,20,10,20,20,0.259,solved,
Simonis,problem_20_10.dat,HS problem 1076 size 20 10 density  0.70,20,10,20,20,0.199,solved,
Simonis,problem_20_10.dat,HS problem 1077 size 20 10 density  0.70,20,10,19,19,0.193,solved,
Simonis,problem_20_10.dat,HS problem 1078 size 20 10 density  0.70,20,10,20,20,0.187,solved,
Simonis,problem_20_10.dat,HS problem 1079 size 20 10 density  0.70,20,10,20,20,0.18,solved,
Simonis,problem_20_10.dat,HS problem 1080 size 20 10 density  0.70,20,10,20,20,0.168,solved,
Simonis,problem_20_10.dat,HS problem 1081 size 20 10 density  0.70,20,10,20,20,0.164,solved,
Simonis,problem_20_10.dat,HS problem 1082 size 20 10 density  0.70,20,10,20,20,0.155,solved,
Simonis,problem_20_10.dat,HS problem 1083 size 20 10 density  0.70,20,10,20,20,0.145,solved,
Simonis,problem_20_10.dat,HS problem 1084 size 20 10 density  0.70,20,10,20,20,0.139,solved,
Simonis,problem_20_10.dat,HS problem 1085 size 20 10 density  0.70,20,10,20,20,0.133,solved,
Simonis,problem_20_10.dat,HS problem 1086 size 20 10 density  0.70,20,10,20,20,0.126,solved,
Simonis,problem_20_10.dat,HS problem 1087 size 20 10 density  0.70,20,10,20,20,0.115,solved,
Simonis,problem_20_10.dat,HS problem 1088 size 20 10 density  0.70,20,10,20,20,0.106,solved,
Simonis,problem_20_10.dat,HS problem 1089 size 20 10 density  0.70,20,10,20,20,0.101,solved,
Simonis,problem_20_10.dat,HS problem 1090 size 20 10 density  0.70,20,10,20,20,0.091,solved,
Simonis,problem_20_10.dat,HS problem 1091 size 20 10 density  0.70,20,10,20,20,0.08,solved,
Simonis,problem_20_10.dat,HS problem 1092 size 20 10 density  0.70,20,10,20,20,0.074,solved,
Simonis,problem_20_10.dat,HS problem 1093 size 20 10 density  0.70,20,10,19,19,0.068,solved,
Simonis,problem_20_10.dat,HS problem 1094 size 20 10 density  0.70,20,10,20,20,0.061,solved,
Simonis,problem_20_10.dat,HS problem 1095 size 20 10 density  0.70,20,10,20,20,0.048,solved,
Simonis,problem_20_10.dat,HS problem 1096 size 20 10 density  0.70,20,10,19,19,0.042,solved,
Simonis,problem_20_10.dat,HS problem 1097 size 20 10 density  0.70,20,10,20,20,0.303,solved,
Simonis,problem_20_10.dat,HS problem 1098 size 20 10 density  0.70,20,10,20,20,0.295,solved,
Simonis,problem_20_10.dat,HS problem 1099 size 20 10 density  0.70,20,10,19,19,0.284,solved,
Simonis,problem_20_10.dat,HS problem 1100 size 20 10 density  0.70,20,10,20,20,0.276,solved,
Simonis,problem_20_20.dat,HS problem 2201 size 20 20 density  0.20,20,20,11,11,0.219,solved,
Simonis,problem_20_20.dat,HS problem 2202 size 20 20 density  0.20,20,20,10,10,0.211,solved,
Simonis,problem_20_20.dat,HS problem 2203 size 20 20 density  0.20,20,20,13,13,0.206,solved,
Simonis,problem_20_20.dat,HS problem 2204 size 20 20 density  0.20,20,20,15,15,0.2,solved,
Simonis,problem_20_20.dat,HS problem 2205 size 20 20 density  0.20,20,20,12,12,0.188,solved,
Simonis,problem_20_20.dat,HS problem 2206 size 20 20 density  0.20,20,20,12,12,0.182,solved,
Simonis,problem_20_20.dat,HS problem 2207 size 20 20 density  0.20,20,20,12,12,0.172,solved,
Simonis,problem_20_20.dat,HS problem 2208 size 20 20 density  0.20,20,20,13,13,0.162,solved,
Simonis,problem_20_20.dat,HS problem 2209 size 20 20 density  0.20,20,20,10,10,0.154,solved,
Simonis,problem_20_20.dat,HS problem 2210 size 20 20 density  0.20,20,20,10,10,0.144,solved,
Simonis,problem_20_20.dat,HS problem 2211 size 20 20 density  0.20,20,20,13,13,0.135,solved,
Simonis,problem_20_20.dat,HS problem 2212 size 20 20 density  0.20,20,20,12,12,0.128,solved,
Simonis,problem_20_20.dat,HS problem 2213 size 20 20 density  0.20,20,20,12,12,0.119,solved,
Simonis,problem_20_20.dat,HS problem 2214 size 20 20 density  0.20,20,20,14,14,0.108,solved,
Simonis,problem_20_20.dat,HS problem 2215 size 20 20 density  0.20,20,20,13,13,0.101,solved,
Simonis,problem_20_20.dat,HS problem 2216 size 20 20 density  0.20,20,20,11,11,0.094,solved,
Simonis,problem_20_20.dat,HS problem 2217 size 20 20 density  0.20,20,20,13,13,0.082,solved,
Simonis,problem_20_20.dat,HS problem 2218 size 20 20 density  0.20,20,20,14,14,0.075,solved,
Simonis,problem_20_20.dat,HS problem 2219 size 20 20 density  0.20,20,20,13,13,0.068,solved,
Simonis,problem_20_20.dat,HS problem 2220 size 20 20 density  0.20,20,20,10,10,0.058,solved,
Simonis,problem_20_20.dat,HS problem 2221 size 20 20 density  0.25,20,20,15,15,0.051,solved,
Simonis,problem_20_20.dat,HS problem 2222 size 20 20 density  0.25,20,20,17,17,0.296,solved,
Simonis,problem_20_20.dat,HS problem 2223 size 20 20 density  0.25,20,20,14,14,0.289,solved,
Simonis,problem_20_20.dat,HS problem 2224 size 20 20 density  0.25,20,20,15,15,0.284,solved,
Simonis,problem_20_20.dat,HS problem 2225 size 20 20 density  0.25,20,20,15,15,0.273,solved,
Simonis,problem_20_20.dat,HS problem 2226 size 20 20 density  0.25,20,20,13,13,0.264,solved,
Simonis,problem_20_20.dat,HS problem 2227 size 20 20 density  0.25,20,20,15,15,0.208,solved,
Simonis,problem_20_20.dat,HS problem 2228 size 20 20 density  0.25,20,20,13,13,0.201,solved,
Simonis,problem_20_20.dat,HS problem 2229 size 20 20 density  0.25,20,20,15,15,0.194,solved,
Simonis,problem_20_20.dat,HS problem 2230 size 20 20 density  0.25,20,20,15,15,0.186,solved,
Simonis,problem_20_20.dat,HS problem 2231 size 20 20 density  0.25,20,20,15,15,0.176,solved,
Simonis,problem_20_20.dat,HS problem 2232 size 20 20 density  0.25,20,20,14,14,0.169,solved,
Simonis,problem_20_20.dat,HS problem 2233 size 20 20 density  0.25,20,20,14,14,0.158,solved,
Simonis,problem_20_20.dat,HS problem 2234 size 20 20 density  0.25,20,20,15,15,0.151,solved,
Simonis,problem_20_20.dat,HS problem 2235 size 20 20 density  0.25,20,20,15,15,0.141,solved,
Simonis,problem_20_20.dat,HS problem 2236 size 20 20 density  0.25,20,20,15,15,0.135,solved,
Simonis,problem_20_20.dat,HS problem 2237 size 20 20 density  0.25,20,20,15,15,0.124,solved,
Simonis,problem_20_20.dat,HS problem 2238 size 20 20 density  0.25,20,20,16,16,0.118,solved,
Simonis,problem_20_20.dat,HS problem 2239 size 20 20 density  0.25,20,20,15,15,0.108,solved,
Simonis,problem_20_20.dat,HS problem 2240 size 20 20 density  0.25,20,20,15,15,0.098,solved,
Simonis,problem_20_20.dat,HS problem 2241 size 20 20 density  0.30,20,20,17,17,0.091,solved,
Simonis,problem_20_20.dat,HS problem 2242 size 20 20 density  0.30,20,20,16,16,0.083,solved,
Simonis,problem_20_20.dat,HS problem 2243 size 20 20 density  0.30,20,20,17,17,0.077,solved,
Simonis,problem_20_20.dat,HS problem 2244 size 20 20 density  0.30,20,20,16,16,0.07,solved,
Simonis,problem_20_20.dat,HS problem 2245 size 20 20 density  0.30,20,20,16,16,0.06,solved,
Simonis,problem_20_20.dat,HS problem 2246 size 20 20 density  0.30,20,20,16,16,0.052,solved,
Simonis,problem_20_20.dat,HS problem 2247 size 20 20 density  0.30,20,20,17,17,0.045,solved,
Simonis,problem_20_20.dat,HS problem 2248 size 20 20 density  0.30,20,20,17,17,0.303,solved,
Simonis,problem_20_20.dat,HS problem 2249 size 20 20 density  0.30,20,20,17,17,0.294,solved,
Simonis,problem_20_20.dat,HS problem 2250 size 20 20 density  0.30,20,20,15,15,0.286,solved,
Simonis,problem_20_20.dat,HS problem 2251 size 20 20 density  0.30,20,20,14,14,0.277,solved,
Simonis,problem_20_20.dat,HS problem 2252 size 20 20 density  0.30,20,20,16,16,0.218,solved,
Simonis,problem_20_20.dat,HS problem 2253 size 20 20 density  0.30,20,20,17,17,0.211,solved,
Simonis,problem_20_20.dat,HS problem 2254 size 20 20 density  0.30,20,20,17,17,0.205,solved,
Simonis,problem_20_20.dat,HS problem 2255 size 20 20 density  0.30,20,20,17,17,0.198,solved,
Simonis,problem_20_20.dat,HS problem 2256 size 20 20 density  0.30,20,20,16,16,0.186,solved,
Simonis,problem_20_20.dat,HS problem 2257 size 20 20 density  0.30,20,20,17,17,0.179,solved,
Simonis,problem_20_20.dat,HS problem 2258 size 20 20 density  0.30,20,20,17,17,0.17,solved,
Simonis,problem_20_20.dat,HS problem 2259 size 20 20 density  0.30,20,20,18,18,0.159,solved,
Simonis,problem_20_20.dat,HS problem 2260 size 20 20 density  0.30,20,20,12,12,0.153,solved,
Simonis,problem_20_20.dat,HS problem 2261 size 20 20 density  0.35,20,20,18,18,0.144,solved,
Simonis,problem_20_20.dat,HS problem 2262 size 20 20 density  0.35,20,20,18,18,0.137,solved,
Simonis,problem_20_20.dat,HS problem 2263 size 20 20 density  0.35,20,20,16,16,0.129,solved,
Simonis,problem_20_20.dat,HS problem 2264 size 20 20 density  0.35,20,20,18,18,0.12,solved,
Simonis,problem_20_20.dat,HS problem 2265 size 20 20 density  0.35,20,20,18,18,0.111,solved,
Simonis,problem_20_20.dat,HS problem 2266 size 20 20 density  0.35,20,20,16,16,0.103,solved,
Simonis,problem_20_20.dat,HS problem 2267 size 20 20 density  0.35,20,20,18,18,0.095,solved,
Simonis,problem_20_20.dat,HS problem 2268 size 20 20 density  0.35,20,20,18,18,0.087,solved,
Simonis,problem_20_20.dat,HS problem 2269 size 20 20 density  0.35,20,20,17,17,0.076,solved,
Simonis,problem_20_20.dat,HS problem 2270 size 20 20 density  0.35,20,20,17,17,0.069,solved,
Simonis,problem_20_20.dat,HS problem 2271 size 20 20 density  0.35,20,20,17,17,0.06,solved,
Simonis,problem_20_20.dat,HS problem 2272 size 20 20 density  0.35,20,20,18,18,0.049,solved,
Simonis,problem_20_20.dat,HS problem 2273 size 20 20 density  0.35,20,20,16,16,0.041,solved,
Simonis,problem_20_20.dat,HS problem 2274 size 20 20 density  0.35,20,20,18,18,0.3,solved,
Simonis,problem_20_20.dat,HS problem 2275 size 20 20 density  0.35,20,20,18,18,0.29,solved,
Simonis,problem_20_20.dat,HS problem 2276 size 20 20 density  0.35,20,20,17,17,0.281,solved,
Simonis,problem_20_20.dat,HS problem 2277 size 20 20 density  0.35,20,20,18,18,0.272,solved,
Simonis,problem_20_20.dat,HS problem 2278 size 20 20 density  0.35,20,20,17,17,0.215,solved,
Simonis,problem_20_20.dat,HS problem 2279 size 20 20 density  0.35,20,20,17,17,0.208,solved,
Simonis,problem_20_20.dat,HS problem 2280 size 20 20 density  0.35,20,20,17,17,0.201,solved,
Simonis,problem_20_20.dat,HS problem 2281 size 20 20 density  0.40,20,20,19,19,0.194,solved,
Simonis,problem_20_20.dat,HS problem 2282 size 20 20 density  0.40,20,20,19,19,0.183,solved,
Simonis,problem_20_20.dat,HS problem 2283 size 20 20 density  0.40,20,20,18,18,0.176,solved,
Simonis,problem_20_20.dat,HS problem 2284 size 20 20 density  0.40,20,20,18,18,0.166,solved,
Simonis,problem_20_20.dat,HS problem 2285 size 20 20 density  0.40,20,20,18,18,0.157,solved,
Simonis,problem_20_20.dat,HS problem 2286 size 20 20 density  0.40,20,20,18,18,0.148,solved,
Simonis,problem_20_20.dat,HS problem 2287 size 20 20 density  0.40,20,20,18,18,0.139,solved,
Simonis,problem_20_20.dat,HS problem 2288 size 20 20 density  0.40,20,20,19,19,0.131,solved,
Simonis,problem_20_20.dat,HS problem 2289 size 20 20 density  0.40,20,20,20,20,0.125,solved,
Simonis,problem_20_20.dat,HS problem 2290 size 20 20 density  0.40,20,20,18,18,0.117,solved,
Simonis,problem_20_20.dat,HS problem 2291 size 20 20 density  0.40,20,20,20,20,0.105,solved,
Simonis,problem_20_20.dat,HS problem 2292 size 20 20 density  0.40,20,20,19,19,0.099,solved,
Simonis,problem_20_20.dat,HS problem 2293 size 20 20 density  0.40,20,20,18,18,0.093,solved,
Simonis,problem_20_20.dat,HS problem 2294 size 20 20 density  0.40,20,20,18,18,0.082,solved,
Simonis,problem_20_20.dat,HS problem 2295 size 20 20 density  0.40,20,20,18,18,0.072,solved,
Simonis,problem_20_20.dat,HS problem 2296 size 20 20 density  0.40,20,20,18,18,0.065,solved,
Simonis,problem_20_20.dat,HS problem 2297 size 20 20 density  0.40,20,20,19,19,0.059,solved,
Simonis,problem_20_20.dat,HS problem 2298 size 20 20 density  0.40,20,20,18,18,0.05,solved,
Simonis,problem_20_20.dat,HS problem 2299 size 20 20 density  0.40,20,20,17,17,0.298,solved,
Simonis,problem_20_20.dat,HS problem 2300 size 20 20 density  0.40,20,20,19,19,0.292,solved,
Simonis,problem_20_20.dat,HS problem 2301 size 20 20 density  0.45,20,20,19,19,0.285,solved,
Simonis,problem_20_20.dat,HS problem 2302 size 20 20 density  0.45,20,20,20,20,0.276,solved,
Simonis,problem_20_20.dat,HS problem 2303 size 20 20 density  0.45,20,20,19,19,0.266,solved,
Simonis,problem_20_20.dat,HS problem 2304 size 20 20 density  0.45,20,20,19,19,0.21,solved,
Simonis,problem_20_20.dat,HS problem 2305 size 20 20 density  0.45,20,20,18,18,0.203,solved,
Simonis,problem_20_20.dat,HS problem 2306 size 20 20 density  0.45,20,20,19,19,0.195,solved,
Simonis,problem_20_20.dat,HS problem 2307 size 20 20 density  0.45,20,20,18,18,0.185,solved,
Simonis,problem_20_20.dat,HS problem 2308 size 20 20 density  0.45,20,20,19,19,0.179,solved,
Simonis,problem_20_20.dat,HS problem 2309 size 20 20 density  0.45,20,20,19,19,0.169,solved,
Simonis,problem_20_20.dat,HS problem 2310 size 20 20 density  0.45,20,20,19,19,0.16,solved,
Simonis,problem_20_20.dat,HS problem 2311 size 20 20 density  0.45,20,20,19,19,0.155,solved,
Simonis,problem_20_20.dat,HS problem 2312 size 20 20 density  0.45,20,20,19,19,0.149,solved,
Simonis,problem_20_20.dat,HS problem 2313 size 20 20 density  0.45,20,20,20,20,0.142,solved,
Simonis,problem_20_20.dat,HS problem 2314 size 20 20 density  0.45,20,20,19,19,0.128,solved,
Simonis,problem_20_20.dat,HS problem 2315 size 20 20 density  0.45,20,20,20,20,0.121,solved,
Simonis,problem_20_20.dat,HS problem 2316 size 20 20 density  0.45,20,20,20,20,0.116,solved,
Simonis,problem_20_20.dat,HS problem 2317 size 20 20 density  0.45,20,20,19,19,0.106,solved,
Simonis,problem_20_20.dat,HS problem 2318 size 20 20 density  0.45,20,20,19,19,0.097,solved,
Simonis,problem_20_20.dat,HS problem 2319 size 20 20 density  0.45,20,20,20,20,0.089,solved,
Simonis,problem_20_20.dat,HS problem 2320 size 20 20 density  0.45,20,20,19,19,0.08,solved,
Simonis,problem_20_20.dat,HS problem 2321 size 20 20 density  0.50,20,20,19,19,0.069,solved,
Simonis,problem_20_20.dat,HS problem 2322 size 20 20 density  0.50,20,20,20,20,0.061,solved,
Simonis,problem_20_20.dat,HS problem 2323 size 20 20 density  0.50,20,20,19,19,0.056,solved,
Simonis,problem_20_20.dat,HS problem 2324 size 20 20 density  0.50,20,20,20,20,0.045,solved,
Simonis,problem_20_20.dat,HS problem 2325 size 20 20 density  0.50,20,20,19,19,0.305,solved,
Simonis,problem_20_20.dat,HS problem 2326 size 20 20 density  0.50,20,20,20,20,0.298,solved,
Simonis,problem_20_20.dat,HS problem 2327 size 20 20 density  0.50,20,20,20,20,0.29,solved,
Simonis,problem_20_20.dat,HS problem 2328 size 20 20 density  0.50,20,20,20,20,0.282,solved,
Simonis,problem_20_20.dat,HS problem 2329 size 20 20 density  0.50,20,20,19,19,0.219,solved,
Simonis,problem_20_20.dat,HS problem 2330 size 20 20 density  0.50,20,20,20,20,0.212,solved,
Simonis,problem_20_20.dat,HS problem 2331 size 20 20 density  0.50,20,20,19,19,0.206,solved,
Simonis,problem_20_20.dat,HS problem 2332 size 20 20 density  0.50,20,20,20,20,0.198,solved,
Simonis,problem_20_20.dat,HS problem 2333 size 20 20 density  0.50,20,20,20,20,0.187,solved,
Simonis,problem_20_20.dat,HS problem 2334 size 20 20 density  0.50,20,20,19,19,0.18,solved,
Simonis,problem_20_20.dat,HS problem 2335 size 20 20 density  0.50,20,20,19,19,0.171,solved,
Simonis,problem_20_20.dat,HS problem 2336 size 20 20 density  0.50,20,20,19,19,0.16,solved,
Simonis,problem_20_20.dat,HS problem 2337 size 20 20 density  0.50,20,20,20,20,0.154,solved,
Simonis,problem_20_20.dat,HS problem 2338 size 20 20 density  0.50,20,20,20,20,0.146,solved,
Simonis,problem_20_20.dat,HS problem 2339 size 20 20 density  0.50,20,20,20,20,0.138,solved,
Simonis,problem_20_20.dat,HS problem 2340 size 20 20 density  0.50,20,20,20,20,0.125,solved,
Simonis,problem_20_20.dat,HS problem 2341 size 20 20 density  0.55,20,20,20,20,0.118,solved,
Simonis,problem_20_20.dat,HS problem 2342 size 20 20 density  0.55,20,20,20,20,0.112,solved,
Simonis,problem_20_20.dat,HS problem 2343 size 20 20 density  0.55,20,20,20,20,0.102,solved,
Simonis,problem_20_20.dat,HS problem 2344 size 20 20 density  0.55,20,20,20,20,0.092,solved,
Simonis,problem_20_20.dat,HS problem 2345 size 20 20 density  0.55,20,20,20,20,0.085,solved,
Simonis,problem_20_20.dat,HS problem 2346 size 20 20 density  0.55,20,20,20,20,0.077,solved,
Simonis,problem_20_20.dat,HS problem 2347 size 20 20 density  0.55,20,20,20,20,0.068,solved,
Simonis,problem_20_20.dat,HS problem 2348 size 20 20 density  0.55,20,20,20,20,0.056,solved,
Simonis,problem_20_20.dat,HS problem 2349 size 20 20 density  0.55,20,20,20,20,0.049,solved,
Simonis,problem_20_20.dat,HS problem 2350 size 20 20 density  0.55,20,20,20,20,0.3,solved,
Simonis,problem_20_20.dat,HS problem 2351 size 20 20 density  0.55,20,20,20,20,0.288,solved,
Simonis,problem_20_20.dat,HS problem 2352 size 20 20 density  0.55,20,20,20,20,0.28,solved,
Simonis,problem_20_20.dat,HS problem 2353 size 20 20 density  0.55,20,20,19,19,0.274,solved,
Simonis,problem_20_20.dat,HS problem 2354 size 20 20 density  0.55,20,20,20,20,0.267,solved,
Simonis,problem_20_20.dat,HS problem 2355 size 20 20 density  0.55,20,20,20,20,0.207,solved,
Simonis,problem_20_20.dat,HS problem 2356 size 20 20 density  0.55,20,20,20,20,0.2,solved,
Simonis,problem_20_20.dat,HS problem 2357 size 20 20 density  0.55,20,20,20,20,0.192,solved,
Simonis,problem_20_20.dat,HS problem 2358 size 20 20 density  0.55,20,20,20,20,0.184,solved,
Simonis,problem_20_20.dat,HS problem 2359 size 20 20 density  0.55,20,20,20,20,0.174,solved,
Simonis,problem_20_20.dat,HS problem 2360 size 20 20 density  0.55,20,20,20,20,0.167,solved,
Simonis,problem_20_20.dat,HS problem 2361 size 20 20 density  0.60,20,20,20,20,0.156,solved,
Simonis,problem_20_20.dat,HS problem 2362 size 20 20 density  0.60,20,20,20,20,0.149,solved,
Simonis,problem_20_20.dat,HS problem 2363 size 20 20 density  0.60,20,20,20,20,0.141,solved,
Simonis,problem_20_20.dat,HS problem 2364 size 20 20 density  0.60,20,20,20,20,0.133,solved,
Simonis,problem_20_20.dat,HS problem 2365 size 20 20 density  0.60,20,20,20,20,0.12,solved,
Simonis,problem_20_20.dat,HS problem 2366 size 20 20 density  0.60,20,20,20,20,0.115,solved,
Simonis,problem_20_20.dat,HS problem 2367 size 20 20 density  0.60,20,20,20,20,0.109,solved,
Simonis,problem_20_20.dat,HS problem 2368 size 20 20 density  0.60,20,20,20,20,0.1,solved,
Simonis,problem_20_20.dat,HS problem 2369 size 20 20 density  0.60,20,20,20,20,0.089,solved,
Simonis,problem_20_20.dat,HS problem 2370 size 20 20 density  0.60,20,20,20,20,0.084,solved,
Simonis,problem_20_20.dat,HS problem 2371 size 20 20 density  0.60,20,20,20,20,0.079,solved,
Simonis,problem_20_20.dat,HS problem 2372 size 20 20 density  0.60,20,20,20,20,0.072,solved,
Simonis,problem_20_20.dat,HS problem 2373 size 20 20 density  0.60,20,20,20,20,0.058,solved,
Simonis,problem_20_20.dat,HS problem 2374 size 20 20 density  0.60,20,20,20,20,0.051,solved,
Simonis,problem_20_20.dat,HS problem 2375 size 20 20 density  0.60,20,20,20,20,0.045,solved,
Simonis,problem_20_20.dat,HS problem 2376 size 20 20 density  0.60,20,20,20,20,0.305,solved,
Simonis,problem_20_20.dat,HS problem 2377 size 20 20 density  0.60,20,20,20,20,0.296,solved,
Simonis,problem_20_20.dat,HS problem 2378 size 20 20 density  0.60,20,20,20,20,0.287,solved,
Simonis,problem_20_20.dat,HS problem 2379 size 20 20 density  0.60,20,20,20,20,0.278,solved,
Simonis,problem_20_20.dat,HS problem 2380 size 20 20 density  0.60,20,20,20,20,0.217,solved,
Simonis,problem_20_20.dat,HS problem 2381 size 20 20 density  0.65,20,20,20,20,0.211,solved,
Simonis,problem_20_20.dat,HS problem 2382 size 20 20 density  0.65,20,20,20,20,0.203,solved,
Simonis,problem_20_20.dat,HS problem 2383 size 20 20 density  0.65,20,20,20,20,0.195,solved,
Simonis,problem_20_20.dat,HS problem 2384 size 20 20 density  0.65,20,20,20,20,0.184,solved,
Simonis,problem_20_20.dat,HS problem 2385 size 20 20 density  0.65,20,20,20,20,0.178,solved,
Simonis,problem_20_20.dat,HS problem 2386 size 20 20 density  0.65,20,20,20,20,0.169,solved,
Simonis,problem_20_20.dat,HS problem 2387 size 20 20 density  0.65,20,20,20,20,0.161,solved,
Simonis,problem_20_20.dat,HS problem 2388 size 20 20 density  0.65,20,20,20,20,0.153,solved,
Simonis,problem_20_20.dat,HS problem 2389 size 20 20 density  0.65,20,20,20,20,0.142,solved,
Simonis,problem_20_20.dat,HS problem 2390 size 20 20 density  0.65,20,20,20,20,0.133,solved,
Simonis,problem_20_20.dat,HS problem 2391 size 20 20 density  0.65,20,20,20,20,0.127,solved,
Simonis,problem_20_20.dat,HS problem 2392 size 20 20 density  0.65,20,20,20,20,0.115,solved,
Simonis,problem_20_20.dat,HS problem 2393 size 20 20 density  0.65,20,20,20,20,0.109,solved,
Simonis,problem_20_20.dat,HS problem 2394 size 20 20 density  0.65,20,20,20,20,0.103,solved,
Simonis,problem_20_20.dat,HS problem 2395 size 20 20 density  0.65,20,20,20,20,0.097,solved,
Simonis,problem_20_20.dat,HS problem 2396 size 20 20 density  0.65,20,20,20,20,0.083,solved,
Simonis,problem_20_20.dat,HS problem 2397 size 20 20 density  0.65,20,20,20,20,0.075,solved,
Simonis,problem_20_20.dat,HS problem 2398 size 20 20 density  0.65,20,20,20,20,0.069,solved,
Simonis,problem_20_20.dat,HS problem 2399 size 20 20 density  0.65,20,20,20,20,0.059,solved,
Simonis,problem_20_20.dat,HS problem 2400 size 20 20 density  0.65,20,20,20,20,0.051,solved,
Simonis,problem_20_20.dat,HS problem 2401 size 20 20 density  0.70,20,20,20,20,0.043,solved,
Simonis,problem_20_20.dat,HS problem 2402 size 20 20 density  0.70,20,20,20,20,0.311,solved,
Simonis,problem_20_20.dat,HS problem 2403 size 20 20 density  0.70,20,20,20,20,0.301,solved,
Simonis,problem_20_20.dat,HS problem 2404 size 20 20 density  0.70,20,20,20,20,0.293,solved,
Simonis,problem_20_20.dat,HS problem 2405 size 20 20 density  0.70,20,20,20,20,0.286,solved,
Simonis,problem_20_20.dat,HS problem 2406 size 20 20 density  0.70,20,20,20,20,0.226,solved,
Simonis,problem_20_20.dat,HS problem 2407 size 20 20 density  0.70,20,20,20,20,0.218,solved,
Simonis,problem_20_20.dat,HS problem 2408 size 20 20 density  0.70,20,20,20,20,0.209,solved,
Simonis,problem_20_20.dat,HS problem 2409 size 20 20 density  0.70,20,20,20,20,0.2,solved,
Simonis,problem_20_20.dat,HS problem 2410 size 20 20 density  0.70,20,20,20,20,0.194,solved,
Simonis,problem_20_20.dat,HS problem 2411 size 20 20 density  0.70,20,20,20,20,0.183,solved,
Simonis,problem_20_20.dat,HS problem 2412 size 20 20 density  0.70,20,20,20,20,0.176,solved,
Simonis,problem_20_20.dat,HS problem 2413 size 20 20 density  0.70,20,20,20,20,0.17,solved,
Simonis,problem_20_20.dat,HS problem 2414 size 20 20 density  0.70,20,20,20,20,0.164,solved,
Simonis,problem_20_20.dat,HS problem 2415 size 20 20 density  0.70,20,20,20,20,0.155,solved,
Simonis,problem_20_20.dat,HS problem 2416 size 20 20 density  0.70,20,20,20,20,0.145,solved,
Simonis,problem_20_20.dat,HS problem 2417 size 20 20 density  0.70,20,20,20,20,0.137,solved,
Simonis,problem_20_20.dat,HS problem 2418 size 20 20 density  0.70,20,20,20,20,0.127,solved,
Simonis,problem_20_20.dat,HS problem 2419 size 20 20 density  0.70,20,20,20,20,0.116,solved,
Simonis,problem_20_20.dat,HS problem 2420 size 20 20 density  0.70,20,20,20,20,0.108,solved,
Simonis,problem_30_10.dat,HS problem 1101 size 30 10 density  0.20,30,10,12,12,0.102,solved,
Simonis,problem_30_10.dat,HS problem 1102 size 30 10 density  0.20,30,10,14,14,0.094,solved,
Simonis,problem_30_10.dat,HS problem 1103 size 30 10 density  0.20,30,10,13,13,0.082,solved,
Simonis,problem_30_10.dat,HS problem 1104 size 30 10 density  0.20,30,10,16,16,0.074,solved,
Simonis,problem_30_10.dat,HS problem 1105 size 30 10 density  0.20,30,10,16,16,0.068,solved,
Simonis,problem_30_10.dat,HS problem 1106 size 30 10 density  0.20,30,10,14,14,0.058,solved,
Simonis,problem_30_10.dat,HS problem 1107 size 30 10 density  0.20,30,10,14,14,0.05,solved,
Simonis,problem_30_10.dat,HS problem 1108 size 30 10 density  0.20,30,10,15,15,0.322,solved,
Simonis,problem_30_10.dat,HS problem 1109 size 30 10 density  0.20,30,10,12,12,0.313,solved,
Simonis,problem_30_10.dat,HS problem 1110 size 30 10 density  0.20,30,10,17,17,0.303,solved,
Simonis,problem_30_10.dat,HS problem 1111 size 30 10 density  0.20,30,10,14,14,0.294,solved,
Simonis,problem_30_10.dat,HS problem 1112 size 30 10 density  0.20,30,10,15,15,0.232,solved,
Simonis,problem_30_10.dat,HS problem 1113 size 30 10 density  0.20,30,10,15,15,0.226,solved,
Simonis,problem_30_10.dat,HS problem 1114 size 30 10 density  0.20,30,10,13,13,0.219,solved,
Simonis,problem_30_10.dat,HS problem 1115 size 30 10 density  0.20,30,10,17,17,0.211,solved,
Simonis,problem_30_10.dat,HS problem 1116 size 30 10 density  0.20,30,10,15,15,0.199,solved,
Simonis,problem_30_10.dat,HS problem 1117 size 30 10 density  0.20,30,10,14,14,0.192,solved,
Simonis,problem_30_10.dat,HS problem 1118 size 30 10 density  0.20,30,10,17,17,0.183,solved,
Simonis,problem_30_10.dat,HS problem 1119 size 30 10 density  0.20,30,10,13,13,0.172,solved,
Simonis,problem_30_10.dat,HS problem 1120 size 30 10 density  0.20,30,10,16,16,0.165,solved,
Simonis,problem_30_10.dat,HS problem 1121 size 30 10 density  0.20,30,10,13,13,0.158,solved,
Simonis,problem_30_10.dat,HS problem 1122 size 30 10 density  0.20,30,10,14,14,0.15,solved,
Simonis,problem_30_10.dat,HS problem 1123 size 30 10 density  0.20,30,10,11,11,0.142,solved,
Simonis,problem_30_10.dat,HS problem 1124 size 30 10 density  0.20,30,10,16,16,0.133,solved,
Simonis,problem_30_10.dat,HS problem 1125 size 30 10 density  0.20,30,10,12,12,0.124,solved,
Simonis,problem_30_10.dat,HS problem 1126 size 30 10 density  0.20,30,10,15,15,0.114,solved,
Simonis,problem_30_10.dat,HS problem 1127 size 30 10 density  0.20,30,10,14,14,0.104,solved,
Simonis,problem_30_10.dat,HS problem 1128 size 30 10 density  0.20,30,10,17,17,0.093,solved,
Simonis,problem_30_10.dat,HS problem 1129 size 30 10 density  0.20,30,10,16,16,0.083,solved,
Simonis,problem_30_10.dat,HS problem 1130 size 30 10 density  0.20,30,10,15,15,0.078,solved,
Simonis,problem_30_10.dat,HS problem 1131 size 30 10 density  0.20,30,10,9,9,0.068,solved,
Simonis,problem_30_10.dat,HS problem 1132 size 30 10 density  0.20,30,10,13,13,0.058,solved,
Simonis,problem_30_10.dat,HS problem 1133 size 30 10 density  0.20,30,10,14,14,0.05,solved,
Simonis,problem_30_10.dat,HS problem 1134 size 30 10 density  0.20,30,10,13,13,0.317,solved,
Simonis,problem_30_10.dat,HS problem 1135 size 30 10 density  0.20,30,10,17,17,0.307,solved,
Simonis,problem_30_10.dat,HS problem 1136 size 30 10 density  0.20,30,10,16,16,0.295,solved,
Simonis,problem_30_10.dat,HS problem 1137 size 30 10 density  0.20,30,10,15,15,0.286,solved,
Simonis,problem_30_10.dat,HS problem 1138 size 30 10 density  0.20,30,10,15,15,0.224,solved,
Simonis,problem_30_10.dat,HS problem 1139 size 30 10 density  0.20,30,10,16,16,0.217,solved,
Simonis,problem_30_10.dat,HS problem 1140 size 30 10 density  0.20,30,10,13,13,0.21,solved,
Simonis,problem_30_10.dat,HS problem 1141 size 30 10 density  0.20,30,10,11,11,0.202,solved,
Simonis,problem_30_10.dat,HS problem 1142 size 30 10 density  0.20,30,10,14,14,0.19,solved,
Simonis,problem_30_10.dat,HS problem 1143 size 30 10 density  0.20,30,10,15,15,0.184,solved,
Simonis,problem_30_10.dat,HS problem 1144 size 30 10 density  0.20,30,10,13,13,0.174,solved,
Simonis,problem_30_10.dat,HS problem 1145 size 30 10 density  0.20,30,10,16,16,0.164,solved,
Simonis,problem_30_10.dat,HS problem 1146 size 30 10 density  0.20,30,10,16,16,0.155,solved,
Simonis,problem_30_10.dat,HS problem 1147 size 30 10 density  0.20,30,10,14,14,0.146,solved,
Simonis,problem_30_10.dat,HS problem 1148 size 30 10 density  0.20,30,10,13,13,0.136,solved,
Simonis,problem_30_10.dat,HS problem 1149 size 30 10 density  0.20,30,10,16,16,0.13,solved,
Simonis,problem_30_10.dat,HS problem 1150 size 30 10 density  0.20,30,10,14,14,0.119,solved,
Simonis,problem_30_10.dat,HS problem 1151 size 30 10 density  0.25,30,10,19,19,0.112,solved,
Simonis,problem_30_10.dat,HS problem 1152 size 30 10 density  0.25,30,10,17,17,0.103,solved,
Simonis,problem_30_10.dat,HS problem 1153 size 30 10 density  0.25,30,10,17,17,0.096,solved,
Simonis,problem_30_10.dat,HS problem 1154 size 30 10 density  0.25,30,10,17,17,0.084,solved,
Simonis,problem_30_10.dat,HS problem 1155 size 30 10 density  0.25,30,10,15,15,0.077,solved,
Simonis,problem_30_10.dat,HS problem 1156 size 30 10 density  0.25,30,10,16,16,0.071,solved,
Simonis,problem_30_10.dat,HS problem 1157 size 30 10 density  0.25,30,10,13,13,0.061,solved,
Simonis,problem_30_10.dat,HS problem 1158 size 30 10 density  0.25,30,10,14,14,0.049,solved,
Simonis,problem_30_10.dat,HS problem 1159 size 30 10 density  0.25,30,10,13,13,0.043,solved,
Simonis,problem_30_10.dat,HS problem 1160 size 30 10 density  0.25,30,10,20,20,0.308,solved,
Simonis,problem_30_10.dat,HS problem 1161 size 30 10 density  0.25,30,10,19,19,0.301,solved,
Simonis,problem_30_10.dat,HS problem 1162 size 30 10 density  0.25,30,10,16,16,0.287,solved,
Simonis,problem_30_10.dat,HS problem 1163 size 30 10 density  0.25,30,10,17,17,0.28,solved,
Simonis,problem_30_10.dat,HS problem 1164 size 30 10 density  0.25,30,10,17,17,0.222,solved,
Simonis,problem_30_10.dat,HS problem 1165 size 30 10 density  0.25,30,10,18,18,0.214,solved,
Simonis,problem_30_10.dat,HS problem 1166 size 30 10 density  0.25,30,10,16,16,0.207,solved,
Simonis,problem_30_10.dat,HS problem 1167 size 30 10 density  0.25,30,10,17,17,0.199,solved,
Simonis,problem_30_10.dat,HS problem 1168 size 30 10 density  0.25,30,10,17,17,0.188,solved,
Simonis,problem_30_10.dat,HS problem 1169 size 30 10 density  0.25,30,10,16,16,0.181,solved,
Simonis,problem_30_10.dat,HS problem 1170 size 30 10 density  0.25,30,10,17,17,0.173,solved,
Simonis,problem_30_10.dat,HS problem 1171 size 30 10 density  0.25,30,10,17,17,0.167,solved,
Simonis,problem_30_10.dat,HS problem 1172 size 30 10 density  0.25,30,10,16,16,0.156,solved,
Simonis,problem_30_10.dat,HS problem 1173 size 30 10 density  0.25,30,10,16,16,0.147,solved,
Simonis,problem_30_10.dat,HS problem 1174 size 30 10 density  0.25,30,10,16,16,0.137,solved,
Simonis,problem_30_10.dat,HS problem 1175 size 30 10 density  0.25,30,10,17,17,0.13,solved,
Simonis,problem_30_10.dat,HS problem 1176 size 30 10 density  0.25,30,10,19,19,0.121,solved,
Simonis,problem_30_10.dat,HS problem 1177 size 30 10 density  0.25,30,10,17,17,0.113,solved,
Simonis,problem_30_10.dat,HS problem 1178 size 30 10 density  0.25,30,10,14,14,0.101,solved,
Simonis,problem_30_10.dat,HS problem 1179 size 30 10 density  0.25,30,10,17,17,0.096,solved,
Simonis,problem_30_10.dat,HS problem 1180 size 30 10 density  0.25,30,10,15,15,0.089,solved,
Simonis,problem_30_10.dat,HS problem 1181 size 30 10 density  0.25,30,10,15,15,0.083,solved,
Simonis,problem_30_10.dat,HS problem 1182 size 30 10 density  0.25,30,10,17,17,0.071,solved,
Simonis,problem_30_10.dat,HS problem 1183 size 30 10 density  0.25,30,10,21,21,0.062,solved,
Simonis,problem_30_10.dat,HS problem 1184 size 30 10 density  0.25,30,10,16,16,0.052,solved,
Simonis,problem_30_10.dat,HS problem 1185 size 30 10 density  0.25,30,10,15,15,0.044,solved,
Simonis,problem_30_10.dat,HS problem 1186 size 30 10 density  0.25,30,10,13,13,0.309,solved,
Simonis,problem_30_10.dat,HS problem 1187 size 30 10 density  0.25,30,10,14,14,0.299,solved,
Simonis,problem_30_10.dat,HS problem 1188 size 30 10 density  0.25,30,10,18,18,0.292,solved,
Simonis,problem_30_10.dat,HS problem 1189 size 30 10 density  0.25,30,10,20,20,0.284,solved,
Simonis,problem_30_10.dat,HS problem 1190 size 30 10 density  0.25,30,10,17,17,0.227,solved,
Simonis,problem_30_10.dat,HS problem 1191 size 30 10 density  0.25,30,10,18,18,0.219,solved,
Simonis,problem_30_10.dat,HS problem 1192 size 30 10 density  0.25,30,10,17,17,0.212,solved,
Simonis,problem_30_10.dat,HS problem 1193 size 30 10 density  0.25,30,10,20,20,0.205,solved,
Simonis,problem_30_10.dat,HS problem 1194 size 30 10 density  0.25,30,10,16,16,0.193,solved,
Simonis,problem_30_10.dat,HS problem 1195 size 30 10 density  0.25,30,10,14,14,0.186,solved,
Simonis,problem_30_10.dat,HS problem 1196 size 30 10 density  0.25,30,10,18,18,0.177,solved,
Simonis,problem_30_10.dat,HS problem 1197 size 30 10 density  0.25,30,10,18,18,0.166,solved,
Simonis,problem_30_10.dat,HS problem 1198 size 30 10 density  0.25,30,10,16,16,0.16,solved,
Simonis,problem_30_10.dat,HS problem 1199 size 30 10 density  0.25,30,10,19,19,0.155,solved,
Simonis,problem_30_10.dat,HS problem 1200 size 30 10 density  0.25,30,10,19,19,0.145,solved,
Simonis,problem_30_10.dat,HS problem 1201 size 30 10 density  0.30,30,10,18,18,0.133,solved,
Simonis,problem_30_10.dat,HS problem 1202 size 30 10 density  0.30,30,10,17,17,0.125,solved,
Simonis,problem_30_10.dat,HS problem 1203 size 30 10 density  0.30,30,10,21,21,0.113,solved,
Simonis,problem_30_10.dat,HS problem 1204 size 30 10 density  0.30,30,10,19,19,0.105,solved,
Simonis,problem_30_10.dat,HS problem 1205 size 30 10 density  0.30,30,10,17,17,0.095,solved,
Simonis,problem_30_10.dat,HS problem 1206 size 30 10 density  0.30,30,10,22,22,0.084,solved,
Simonis,problem_30_10.dat,HS problem 1207 size 30 10 density  0.30,30,10,22,22,0.075,solved,
Simonis,problem_30_10.dat,HS problem 1208 size 30 10 density  0.30,30,10,20,20,0.068,solved,
Simonis,problem_30_10.dat,HS problem 1209 size 30 10 density  0.30,30,10,19,19,0.058,solved,
Simonis,problem_30_10.dat,HS problem 1210 size 30 10 density  0.30,30,10,15,15,0.053,solved,
Simonis,problem_30_10.dat,HS problem 1211 size 30 10 density  0.30,30,10,19,19,0.306,solved,
Simonis,problem_30_10.dat,HS problem 1212 size 30 10 density  0.30,30,10,19,19,0.297,solved,
Simonis,problem_30_10.dat,HS problem 1213 size 30 10 density  0.30,30,10,18,18,0.287,solved,
Simonis,problem_30_10.dat,HS problem 1214 size 30 10 density  0.30,30,10,18,18,0.28,solved,
Simonis,problem_30_10.dat,HS problem 1215 size 30 10 density  0.30,30,10,20,20,0.273,solved,
Simonis,problem_30_10.dat,HS problem 1216 size 30 10 density  0.30,30,10,22,22,0.215,solved,
Simonis,problem_30_10.dat,HS problem 1217 size 30 10 density  0.30,30,10,20,20,0.209,solved,
Simonis,problem_30_10.dat,HS problem 1218 size 30 10 density  0.30,30,10,19,19,0.202,solved,
Simonis,problem_30_10.dat,HS problem 1219 size 30 10 density  0.30,30,10,18,18,0.194,solved,
Simonis,problem_30_10.dat,HS problem 1220 size 30 10 density  0.30,30,10,20,20,0.181,solved,
Simonis,problem_30_10.dat,HS problem 1221 size 30 10 density  0.30,30,10,19,19,0.177,solved,
Simonis,problem_30_10.dat,HS problem 1222 size 30 10 density  0.30,30,10,18,18,0.171,solved,
Simonis,problem_30_10.dat,HS problem 1223 size 30 10 density  0.30,30,10,20,20,0.163,solved,
Simonis,problem_30_10.dat,HS problem 1224 size 30 10 density  0.30,30,10,20,20,0.149,solved,
Simonis,problem_30_10.dat,HS problem 1225 size 30 10 density  0.30,30,10,18,18,0.141,solved,
Simonis,problem_30_10.dat,HS problem 1226 size 30 10 density  0.30,30,10,19,19,0.134,solved,
Simonis,problem_30_10.dat,HS problem 1227 size 30 10 density  0.30,30,10,20,20,0.125,solved,
Simonis,problem_30_10.dat,HS problem 1228 size 30 10 density  0.30,30,10,22,22,0.114,solved,
Simonis,problem_30_10.dat,HS problem 1229 size 30 10 density  0.30,30,10,19,19,0.105,solved,
Simonis,problem_30_10.dat,HS problem 1230 size 30 10 density  0.30,30,10,22,22,0.097,solved,
Simonis,problem_30_10.dat,HS problem 1231 size 30 10 density  0.30,30,10,19,19,0.09,solved,
Simonis,problem_30_10.dat,HS problem 1232 size 30 10 density  0.30,30,10,16,16,0.084,solved,
Simonis,problem_30_10.dat,HS problem 1233 size 30 10 density  0.30,30,10,22,22,0.073,solved,
Simonis,problem_30_10.dat,HS problem 1234 size 30 10 density  0.30,30,10,17,17,0.062,solved,
Simonis,problem_30_10.dat,HS problem 1235 size 30 10 density  0.30,30,10,19,19,0.053,solved,
Simonis,problem_30_10.dat,HS problem 1236 size 30 10 density  0.30,30,10,21,21,0.044,solved,
Simonis,problem_30_10.dat,HS problem 1237 size 30 10 density  0.30,30,10,20,20,0.321,solved,
Simonis,problem_30_10.dat,HS problem 1238 size 30 10 density  0.30,30,10,20,20,0.313,solved,
Simonis,problem_30_10.dat,HS problem 1239 size 30 10 density  0.30,30,10,21,21,0.302,solved,
Simonis,problem_30_10.dat,HS problem 1240 size 30 10 density  0.30,30,10,17,17,0.291,solved,
Simonis,problem_30_10.dat,HS problem 1241 size 30 10 density  0.30,30,10,18,18,0.235,solved,
Simonis,problem_30_10.dat,HS problem 1242 size 30 10 density  0.30,30,10,20,20,0.227,solved,
Simonis,problem_30_10.dat,HS problem 1243 size 30 10 density  0.30,30,10,16,16,0.218,solved,
Simonis,problem_30_10.dat,HS problem 1244 size 30 10 density  0.30,30,10,19,19,0.21,solved,
Simonis,problem_30_10.dat,HS problem 1245 size 30 10 density  0.30,30,10,21,21,0.199,solved,
Simonis,problem_30_10.dat,HS problem 1246 size 30 10 density  0.30,30,10,21,21,0.191,solved,
Simonis,problem_30_10.dat,HS problem 1247 size 30 10 density  0.30,30,10,18,18,0.181,solved,
Simonis,problem_30_10.dat,HS problem 1248 size 30 10 density  0.30,30,10,17,17,0.173,solved,
Simonis,problem_30_10.dat,HS problem 1249 size 30 10 density  0.30,30,10,22,22,0.163,solved,
Simonis,problem_30_10.dat,HS problem 1250 size 30 10 density  0.30,30,10,18,18,0.153,solved,
Simonis,problem_30_10.dat,HS problem 1251 size 30 10 density  0.35,30,10,21,21,0.144,solved,
Simonis,problem_30_10.dat,HS problem 1252 size 30 10 density  0.35,30,10,21,21,0.135,solved,
Simonis,problem_30_10.dat,HS problem 1253 size 30 10 density  0.35,30,10,21,21,0.126,solved,
Simonis,problem_30_10.dat,HS problem 1254 size 30 10 density  0.35,30,10,24,24,0.12,solved,
Simonis,problem_30_10.dat,HS problem 1255 size 30 10 density  0.35,30,10,22,22,0.11,solved,
Simonis,problem_30_10.dat,HS problem 1256 size 30 10 density  0.35,30,10,24,24,0.099,solved,
Simonis,problem_30_10.dat,HS problem 1257 size 30 10 density  0.35,30,10,19,19,0.093,solved,
Simonis,problem_30_10.dat,HS problem 1258 size 30 10 density  0.35,30,10,23,23,0.086,solved,
Simonis,problem_30_10.dat,HS problem 1259 size 30 10 density  0.35,30,10,21,21,0.079,solved,
Simonis,problem_30_10.dat,HS problem 1260 size 30 10 density  0.35,30,10,21,21,0.067,solved,
Simonis,problem_30_10.dat,HS problem 1261 size 30 10 density  0.35,30,10,21,21,0.059,solved,
Simonis,problem_30_10.dat,HS problem 1262 size 30 10 density  0.35,30,10,22,22,0.048,solved,
Simonis,problem_30_10.dat,HS problem 1263 size 30 10 density  0.35,30,10,16,16,0.322,solved,
Simonis,problem_30_10.dat,HS problem 1264 size 30 10 density  0.35,30,10,20,20,0.314,solved,
Simonis,problem_30_10.dat,HS problem 1265 size 30 10 density  0.35,30,10,22,22,0.304,solved,
Simonis,problem_30_10.dat,HS problem 1266 size 30 10 density  0.35,30,10,24,24,0.291,solved,
Simonis,problem_30_10.dat,HS problem 1267 size 30 10 density  0.35,30,10,21,21,0.233,solved,
Simonis,problem_30_10.dat,HS problem 1268 size 30 10 density  0.35,30,10,18,18,0.225,solved,
Simonis,problem_30_10.dat,HS problem 1269 size 30 10 density  0.35,30,10,22,22,0.217,solved,
Simonis,problem_30_10.dat,HS problem 1270 size 30 10 density  0.35,30,10,22,22,0.208,solved,
Simonis,problem_30_10.dat,HS problem 1271 size 30 10 density  0.35,30,10,22,22,0.198,solved,
Simonis,problem_30_10.dat,HS problem 1272 size 30 10 density  0.35,30,10,24,24,0.19,solved,
Simonis,problem_30_10.dat,HS problem 1273 size 30 10 density  0.35,30,10,20,20,0.181,solved,
Simonis,problem_30_10.dat,HS problem 1274 size 30 10 density  0.35,30,10,21,21,0.169,solved,
Simonis,problem_30_10.dat,HS problem 1275 size 30 10 density  0.35,30,10,20,20,0.162,solved,
Simonis,problem_30_10.dat,HS problem 1276 size 30 10 density  0.35,30,10,23,23,0.153,solved,
Simonis,problem_30_10.dat,HS problem 1277 size 30 10 density  0.35,30,10,23,23,0.144,solved,
Simonis,problem_30_10.dat,HS problem 1278 size 30 10 density  0.35,30,10,23,23,0.138,solved,
Simonis,problem_30_10.dat,HS problem 1279 size 30 10 density  0.35,30,10,24,24,0.125,solved,
Simonis,problem_30_10.dat,HS problem 1280 size 30 10 density  0.35,30,10,23,23,0.115,solved,
Simonis,problem_30_10.dat,HS problem 1281 size 30 10 density  0.35,30,10,20,20,0.11,solved,
Simonis,problem_30_10.dat,HS problem 1282 size 30 10 density  0.35,30,10,22,22,0.1,solved,
Simonis,problem_30_10.dat,HS problem 1283 size 30 10 density  0.35,30,10,18,18,0.091,solved,
Simonis,problem_30_10.dat,HS problem 1284 size 30 10 density  0.35,30,10,19,19,0.08,solved,
Simonis,problem_30_10.dat,HS problem 1285 size 30 10 density  0.35,30,10,23,23,0.073,solved,
Simonis,problem_30_10.dat,HS problem 1286 size 30 10 density  0.35,30,10,25,25,0.065,solved,
Simonis,problem_30_10.dat,HS problem 1287 size 30 10 density  0.35,30,10,22,22,0.053,solved,
Simonis,problem_30_10.dat,HS problem 1288 size 30 10 density  0.35,30,10,23,23,0.044,solved,
Simonis,problem_30_10.dat,HS problem 1289 size 30 10 density  0.35,30,10,25,25,0.331,solved,
Simonis,problem_30_10.dat,HS problem 1290 size 30 10 density  0.35,30,10,20,20,0.32,solved,
Simonis,problem_30_10.dat,HS problem 1291 size 30 10 density  0.35,30,10,22,22,0.31,solved,
Simonis,problem_30_10.dat,HS problem 1292 size 30 10 density  0.35,30,10,20,20,0.304,solved,
Simonis,problem_30_10.dat,HS problem 1293 size 30 10 density  0.35,30,10,20,20,0.244,solved,
Simonis,problem_30_10.dat,HS problem 1294 size 30 10 density  0.35,30,10,22,22,0.237,solved,
Simonis,problem_30_10.dat,HS problem 1295 size 30 10 density  0.35,30,10,22,22,0.229,solved,
Simonis,problem_30_10.dat,HS problem 1296 size 30 10 density  0.35,30,10,22,22,0.221,solved,
Simonis,problem_30_10.dat,HS problem 1297 size 30 10 density  0.35,30,10,20,20,0.209,solved,
Simonis,problem_30_10.dat,HS problem 1298 size 30 10 density  0.35,30,10,21,21,0.202,solved,
Simonis,problem_30_10.dat,HS problem 1299 size 30 10 density  0.35,30,10,24,24,0.19,solved,
Simonis,problem_30_10.dat,HS problem 1300 size 30 10 density  0.35,30,10,23,23,0.184,solved,
Simonis,problem_30_10.dat,HS problem 1301 size 30 10 density  0.40,30,10,25,25,0.172,solved,
Simonis,problem_30_10.dat,HS problem 1302 size 30 10 density  0.40,30,10,24,24,0.163,solved,
Simonis,problem_30_10.dat,HS problem 1303 size 30 10 density  0.40,30,10,26,26,0.154,solved,
Simonis,problem_30_10.dat,HS problem 1304 size 30 10 density  0.40,30,10,25,25,0.142,solved,
Simonis,problem_30_10.dat,HS problem 1305 size 30 10 density  0.40,30,10,27,27,0.135,solved,
Simonis,problem_30_10.dat,HS problem 1306 size 30 10 density  0.40,30,10,25,25,0.125,solved,
Simonis,problem_30_10.dat,HS problem 1307 size 30 10 density  0.40,30,10,25,25,0.116,solved,
Simonis,problem_30_10.dat,HS problem 1308 size 30 10 density  0.40,30,10,25,25,0.107,solved,
Simonis,problem_30_10.dat,HS problem 1309 size 30 10 density  0.40,30,10,24,24,0.096,solved,
Simonis,problem_30_10.dat,HS problem 1310 size 30 10 density  0.40,30,10,24,24,0.088,solved,
Simonis,problem_30_10.dat,HS problem 1311 size 30 10 density  0.40,30,10,25,25,0.077,solved,
Simonis,problem_30_10.dat,HS problem 1312 size 30 10 density  0.40,30,10,21,21,0.068,solved,
Simonis,problem_30_10.dat,HS problem 1313 size 30 10 density  0.40,30,10,25,25,0.058,solved,
Simonis,problem_30_10.dat,HS problem 1314 size 30 10 density  0.40,30,10,22,22,0.048,solved,
Simonis,problem_30_10.dat,HS problem 1315 size 30 10 density  0.40,30,10,26,26,0.326,solved,
Simonis,problem_30_10.dat,HS problem 1316 size 30 10 density  0.40,30,10,24,24,0.316,solved,
Simonis,problem_30_10.dat,HS problem 1317 size 30 10 density  0.40,30,10,24,24,0.304,solved,
Simonis,problem_30_10.dat,HS problem 1318 size 30 10 density  0.40,30,10,26,26,0.295,solved,
Simonis,problem_30_10.dat,HS problem 1319 size 30 10 density  0.40,30,10,24,24,0.235,solved,
Simonis,problem_30_10.dat,HS problem 1320 size 30 10 density  0.40,30,10,24,24,0.227,solved,
Simonis,problem_30_10.dat,HS problem 1321 size 30 10 density  0.40,30,10,23,23,0.219,solved,
Simonis,problem_30_10.dat,HS problem 1322 size 30 10 density  0.40,30,10,23,23,0.21,solved,
Simonis,problem_30_10.dat,HS problem 1323 size 30 10 density  0.40,30,10,24,24,0.199,solved,
Simonis,problem_30_10.dat,HS problem 1324 size 30 10 density  0.40,30,10,25,25,0.192,solved,
Simonis,problem_30_10.dat,HS problem 1325 size 30 10 density  0.40,30,10,23,23,0.181,solved,
Simonis,problem_30_10.dat,HS problem 1326 size 30 10 density  0.40,30,10,25,25,0.171,solved,
Simonis,problem_30_10.dat,HS problem 1327 size 30 10 density  0.40,30,10,22,22,0.163,solved,
Simonis,problem_30_10.dat,HS problem 1328 size 30 10 density  0.40,30,10,23,23,0.155,solved,
Simonis,problem_30_10.dat,HS problem 1329 size 30 10 density  0.40,30,10,23,23,0.146,solved,
Simonis,problem_30_10.dat,HS problem 1330 size 30 10 density  0.40,30,10,24,24,0.137,solved,
Simonis,problem_30_10.dat,HS problem 1331 size 30 10 density  0.40,30,10,24,24,0.129,solved,
Simonis,problem_30_10.dat,HS problem 1332 size 30 10 density  0.40,30,10,24,24,0.118,solved,
Simonis,problem_30_10.dat,HS problem 1333 size 30 10 density  0.40,30,10,25,25,0.108,solved,
Simonis,problem_30_10.dat,HS problem 1334 size 30 10 density  0.40,30,10,24,24,0.096,solved,
Simonis,problem_30_10.dat,HS problem 1335 size 30 10 density  0.40,30,10,25,25,0.088,solved,
Simonis,problem_30_10.dat,HS problem 1336 size 30 10 density  0.40,30,10,23,23,0.078,solved,
Simonis,problem_30_10.dat,HS problem 1337 size 30 10 density  0.40,30,10,23,23,0.071,solved,
Simonis,problem_30_10.dat,HS problem 1338 size 30 10 density  0.40,30,10,25,25,0.059,solved,
Simonis,problem_30_10.dat,HS problem 1339 size 30 10 density  0.40,30,10,23,23,0.052,solved,
Simonis,problem_30_10.dat,HS problem 1340 size 30 10 density  0.40,30,10,24,24,0.31,solved,
Simonis,problem_30_10.dat,HS problem 1341 size 30 10 density  0.40,30,10,25,25,0.303,solved,
Simonis,problem_30_10.dat,HS problem 1342 size 30 10 density  0.40,30,10,21,21,0.295,solved,
Simonis,problem_30_10.dat,HS problem 1343 size 30 10 density  0.40,30,10,24,24,0.287,solved,
Simonis,problem_30_10.dat,HS problem 1344 size 30 10 density  0.40,30,10,24,24,0.279,solved,
Simonis,problem_30_10.dat,HS problem 1345 size 30 10 density  0.40,30,10,23,23,0.221,solved,
Simonis,problem_30_10.dat,HS problem 1346 size 30 10 density  0.40,30,10,23,23,0.213,solved,
Simonis,problem_30_10.dat,HS problem 1347 size 30 10 density  0.40,30,10,24,24,0.204,solved,
Simonis,problem_30_10.dat,HS problem 1348 size 30 10 density  0.40,30,10,24,24,0.194,solved,
Simonis,problem_30_10.dat,HS problem 1349 size 30 10 density  0.40,30,10,24,24,0.187,solved,
Simonis,problem_30_10.dat,HS problem 1350 size 30 10 density  0.40,30,10,26,26,0.176,solved,
Simonis,problem_30_10.dat,HS problem 1351 size 30 10 density  0.45,30,10,27,27,0.166,solved,
Simonis,problem_30_10.dat,HS problem 1352 size 30 10 density  0.45,30,10,25,25,0.157,solved,
Simonis,problem_30_10.dat,HS problem 1353 size 30 10 density  0.45,30,10,25,25,0.151,solved,
Simonis,problem_30_10.dat,HS problem 1354 size 30 10 density  0.45,30,10,25,25,0.143,solved,
Simonis,problem_30_10.dat,HS problem 1355 size 30 10 density  0.45,30,10,27,27,0.137,solved,
Simonis,problem_30_10.dat,HS problem 1356 size 30 10 density  0.45,30,10,25,25,0.127,solved,
Simonis,problem_30_10.dat,HS problem 1357 size 30 10 density  0.45,30,10,25,25,0.118,solved,
Simonis,problem_30_10.dat,HS problem 1358 size 30 10 density  0.45,30,10,27,27,0.11,solved,
Simonis,problem_30_10.dat,HS problem 1359 size 30 10 density  0.45,30,10,26,26,0.1,solved,
Simonis,problem_30_10.dat,HS problem 1360 size 30 10 density  0.45,30,10,25,25,0.09,solved,
Simonis,problem_30_10.dat,HS problem 1361 size 30 10 density  0.45,30,10,25,25,0.084,solved,
Simonis,problem_30_10.dat,HS problem 1362 size 30 10 density  0.45,30,10,25,25,0.076,solved,
Simonis,problem_30_10.dat,HS problem 1363 size 30 10 density  0.45,30,10,25,25,0.068,solved,
Simonis,problem_30_10.dat,HS problem 1364 size 30 10 density  0.45,30,10,27,27,0.058,solved,
Simonis,problem_30_10.dat,HS problem 1365 size 30 10 density  0.45,30,10,28,28,0.049,solved,
Simonis,problem_30_10.dat,HS problem 1366 size 30 10 density  0.45,30,10,26,26,0.323,solved,
Simonis,problem_30_10.dat,HS problem 1367 size 30 10 density  0.45,30,10,28,28,0.312,solved,
Simonis,problem_30_10.dat,HS problem 1368 size 30 10 density  0.45,30,10,26,26,0.305,solved,
Simonis,problem_30_10.dat,HS problem 1369 size 30 10 density  0.45,30,10,24,24,0.297,solved,
Simonis,problem_30_10.dat,HS problem 1370 size 30 10 density  0.45,30,10,25,25,0.235,solved,
Simonis,problem_30_10.dat,HS problem 1371 size 30 10 density  0.45,30,10,26,26,0.23,solved,
Simonis,problem_30_10.dat,HS problem 1372 size 30 10 density  0.45,30,10,26,26,0.223,solved,
Simonis,problem_30_10.dat,HS problem 1373 size 30 10 density  0.45,30,10,26,26,0.216,solved,
Simonis,problem_30_10.dat,HS problem 1374 size 30 10 density  0.45,30,10,26,26,0.203,solved,
Simonis,problem_30_10.dat,HS problem 1375 size 30 10 density  0.45,30,10,27,27,0.196,solved,
Simonis,problem_30_10.dat,HS problem 1376 size 30 10 density  0.45,30,10,24,24,0.184,solved,
Simonis,problem_30_10.dat,HS problem 1377 size 30 10 density  0.45,30,10,26,26,0.173,solved,
Simonis,problem_30_10.dat,HS problem 1378 size 30 10 density  0.45,30,10,25,25,0.165,solved,
Simonis,problem_30_10.dat,HS problem 1379 size 30 10 density  0.45,30,10,27,27,0.153,solved,
Simonis,problem_30_10.dat,HS problem 1380 size 30 10 density  0.45,30,10,26,26,0.144,solved,
Simonis,problem_30_10.dat,HS problem 1381 size 30 10 density  0.45,30,10,23,23,0.135,solved,
Simonis,problem_30_10.dat,HS problem 1382 size 30 10 density  0.45,30,10,25,25,0.126,solved,
Simonis,problem_30_10.dat,HS problem 1383 size 30 10 density  0.45,30,10,25,25,0.116,solved,
Simonis,problem_30_10.dat,HS problem 1384 size 30 10 density  0.45,30,10,25,25,0.108,solved,
Simonis,problem_30_10.dat,HS problem 1385 size 30 10 density  0.45,30,10,24,24,0.096,solved,
Simonis,problem_30_10.dat,HS problem 1386 size 30 10 density  0.45,30,10,25,25,0.087,solved,
Simonis,problem_30_10.dat,HS problem 1387 size 30 10 density  0.45,30,10,27,27,0.08,solved,
Simonis,problem_30_10.dat,HS problem 1388 size 30 10 density  0.45,30,10,26,26,0.073,solved,
Simonis,problem_30_10.dat,HS problem 1389 size 30 10 density  0.45,30,10,27,27,0.065,solved,
Simonis,problem_30_10.dat,HS problem 1390 size 30 10 density  0.45,30,10,26,26,0.052,solved,
Simonis,problem_30_10.dat,HS problem 1391 size 30 10 density  0.45,30,10,25,25,0.043,solved,
Simonis,problem_30_10.dat,HS problem 1392 size 30 10 density  0.45,30,10,26,26,0.325,solved,
Simonis,problem_30_10.dat,HS problem 1393 size 30 10 density  0.45,30,10,26,26,0.313,solved,
Simonis,problem_30_10.dat,HS problem 1394 size 30 10 density  0.45,30,10,26,26,0.306,solved,
Simonis,problem_30_10.dat,HS problem 1395 size 30 10 density  0.45,30,10,25,25,0.297,solved,
Simonis,problem_30_10.dat,HS problem 1396 size 30 10 density  0.45,30,10,24,24,0.238,solved,
Simonis,problem_30_10.dat,HS problem 1397 size 30 10 density  0.45,30,10,24,24,0.231,solved,
Simonis,problem_30_10.dat,HS problem 1398 size 30 10 density  0.45,30,10,25,25,0.225,solved,
Simonis,problem_30_10.dat,HS problem 1399 size 30 10 density  0.45,30,10,25,25,0.217,solved,
Simonis,problem_30_10.dat,HS problem 1400 size 30 10 density  0.45,30,10,25,25,0.207,solved,
Simonis,problem_30_10.dat,HS problem 1401 size 30 10 density  0.50,30,10,28,28,0.202,solved,
Simonis,problem_30_10.dat,HS problem 1402 size 30 10 density  0.50,30,10,26,26,0.189,solved,
Simonis,problem_30_10.dat,HS problem 1403 size 30 10 density  0.50,30,10,26,26,0.18,solved,
Simonis,problem_30_10.dat,HS problem 1404 size 30 10 density  0.50,30,10,26,26,0.172,solved,
Simonis,problem_30_10.dat,HS problem 1405 size 30 10 density  0.50,30,10,26,26,0.16,solved,
Simonis,problem_30_10.dat,HS problem 1406 size 30 10 density  0.50,30,10,28,28,0.151,solved,
Simonis,problem_30_10.dat,HS problem 1407 size 30 10 density  0.50,30,10,27,27,0.14,solved,
Simonis,problem_30_10.dat,HS problem 1408 size 30 10 density  0.50,30,10,26,26,0.132,solved,
Simonis,problem_30_10.dat,HS problem 1409 size 30 10 density  0.50,30,10,28,28,0.123,solved,
Simonis,problem_30_10.dat,HS problem 1410 size 30 10 density  0.50,30,10,25,25,0.111,solved,
Simonis,problem_30_10.dat,HS problem 1411 size 30 10 density  0.50,30,10,26,26,0.101,solved,
Simonis,problem_30_10.dat,HS problem 1412 size 30 10 density  0.50,30,10,28,28,0.095,solved,
Simonis,problem_30_10.dat,HS problem 1413 size 30 10 density  0.50,30,10,25,25,0.085,solved,
Simonis,problem_30_10.dat,HS problem 1414 size 30 10 density  0.50,30,10,29,29,0.079,solved,
Simonis,problem_30_10.dat,HS problem 1415 size 30 10 density  0.50,30,10,28,28,0.065,solved,
Simonis,problem_30_10.dat,HS problem 1416 size 30 10 density  0.50,30,10,26,26,0.058,solved,
Simonis,problem_30_10.dat,HS problem 1417 size 30 10 density  0.50,30,10,25,25,0.049,solved,
Simonis,problem_30_10.dat,HS problem 1418 size 30 10 density  0.50,30,10,26,26,0.34,solved,
Simonis,problem_30_10.dat,HS problem 1419 size 30 10 density  0.50,30,10,27,27,0.329,solved,
Simonis,problem_30_10.dat,HS problem 1420 size 30 10 density  0.50,30,10,27,27,0.318,solved,
Simonis,problem_30_10.dat,HS problem 1421 size 30 10 density  0.50,30,10,25,25,0.311,solved,
Simonis,problem_30_10.dat,HS problem 1422 size 30 10 density  0.50,30,10,27,27,0.25,solved,
Simonis,problem_30_10.dat,HS problem 1423 size 30 10 density  0.50,30,10,25,25,0.242,solved,
Simonis,problem_30_10.dat,HS problem 1424 size 30 10 density  0.50,30,10,26,26,0.232,solved,
Simonis,problem_30_10.dat,HS problem 1425 size 30 10 density  0.50,30,10,26,26,0.222,solved,
Simonis,problem_30_10.dat,HS problem 1426 size 30 10 density  0.50,30,10,25,25,0.214,solved,
Simonis,problem_30_10.dat,HS problem 1427 size 30 10 density  0.50,30,10,26,26,0.205,solved,
Simonis,problem_30_10.dat,HS problem 1428 size 30 10 density  0.50,30,10,27,27,0.195,solved,
Simonis,problem_30_10.dat,HS problem 1429 size 30 10 density  0.50,30,10,25,25,0.183,solved,
Simonis,problem_30_10.dat,HS problem 1430 size 30 10 density  0.50,30,10,27,27,0.175,solved,
Simonis,problem_30_10.dat,HS problem 1431 size 30 10 density  0.50,30,10,29,29,0.167,solved,
Simonis,problem_30_10.dat,HS problem 1432 size 30 10 density  0.50,30,10,28,28,0.154,solved,
Simonis,problem_30_10.dat,HS problem 1433 size 30 10 density  0.50,30,10,27,27,0.147,solved,
Simonis,problem_30_10.dat,HS problem 1434 size 30 10 density  0.50,30,10,27,27,0.138,solved,
Simonis,problem_30_10.dat,HS problem 1435 size 30 10 density  0.50,30,10,26,26,0.132,solved,
Simonis,problem_30_10.dat,HS problem 1436 size 30 10 density  0.50,30,10,25,25,0.12,solved,
Simonis,problem_30_10.dat,HS problem 1437 size 30 10 density  0.50,30,10,28,28,0.11,solved,
Simonis,problem_30_10.dat,HS problem 1438 size 30 10 density  0.50,30,10,27,27,0.099,solved,
Simonis,problem_30_10.dat,HS problem 1439 size 30 10 density  0.50,30,10,25,25,0.089,solved,
Simonis,problem_30_10.dat,HS problem 1440 size 30 10 density  0.50,30,10,27,27,0.08,solved,
Simonis,problem_30_10.dat,HS problem 1441 size 30 10 density  0.50,30,10,25,25,0.07,solved,
Simonis,problem_30_10.dat,HS problem 1442 size 30 10 density  0.50,30,10,27,27,0.059,solved,
Simonis,problem_30_10.dat,HS problem 1443 size 30 10 density  0.50,30,10,27,27,0.049,solved,
Simonis,problem_30_10.dat,HS problem 1444 size 30 10 density  0.50,30,10,27,27,0.324,solved,
Simonis,problem_30_10.dat,HS problem 1445 size 30 10 density  0.50,30,10,27,27,0.313,solved,
Simonis,problem_30_10.dat,HS problem 1446 size 30 10 density  0.50,30,10,27,27,0.304,solved,
Simonis,problem_30_10.dat,HS problem 1447 size 30 10 density  0.50,30,10,26,26,0.294,solved,
Simonis,problem_30_10.dat,HS problem 1448 size 30 10 density  0.50,30,10,26,26,0.232,solved,
Simonis,problem_30_10.dat,HS problem 1449 size 30 10 density  0.50,30,10,27,27,0.226,solved,
Simonis,problem_30_10.dat,HS problem 1450 size 30 10 density  0.50,30,10,27,27,0.219,solved,
Simonis,problem_30_10.dat,HS problem 1451 size 30 10 density  0.55,30,10,28,28,0.211,solved,
Simonis,problem_30_10.dat,HS problem 1452 size 30 10 density  0.55,30,10,26,26,0.201,solved,
Simonis,problem_30_10.dat,HS problem 1453 size 30 10 density  0.55,30,10,28,28,0.195,solved,
Simonis,problem_30_10.dat,HS problem 1454 size 30 10 density  0.55,30,10,28,28,0.183,solved,
Simonis,problem_30_10.dat,HS problem 1455 size 30 10 density  0.55,30,10,27,27,0.175,solved,
Simonis,problem_30_10.dat,HS problem 1456 size 30 10 density  0.55,30,10,28,28,0.166,solved,
Simonis,problem_30_10.dat,HS problem 1457 size 30 10 density  0.55,30,10,29,29,0.153,solved,
Simonis,problem_30_10.dat,HS problem 1458 size 30 10 density  0.55,30,10,28,28,0.144,solved,
Simonis,problem_30_10.dat,HS problem 1459 size 30 10 density  0.55,30,10,27,27,0.136,solved,
Simonis,problem_30_10.dat,HS problem 1460 size 30 10 density  0.55,30,10,29,29,0.127,solved,
Simonis,problem_30_10.dat,HS problem 1461 size 30 10 density  0.55,30,10,28,28,0.12,solved,
Simonis,problem_30_10.dat,HS problem 1462 size 30 10 density  0.55,30,10,27,27,0.107,solved,
Simonis,problem_30_10.dat,HS problem 1463 size 30 10 density  0.55,30,10,28,28,0.1,solved,
Simonis,problem_30_10.dat,HS problem 1464 size 30 10 density  0.55,30,10,28,28,0.092,solved,
Simonis,problem_30_10.dat,HS problem 1465 size 30 10 density  0.55,30,10,27,27,0.086,solved,
Simonis,problem_30_10.dat,HS problem 1466 size 30 10 density  0.55,30,10,28,28,0.072,solved,
Simonis,problem_30_10.dat,HS problem 1467 size 30 10 density  0.55,30,10,28,28,0.062,solved,
Simonis,problem_30_10.dat,HS problem 1468 size 30 10 density  0.55,30,10,28,28,0.054,solved,
Simonis,problem_30_10.dat,HS problem 1469 size 30 10 density  0.55,30,10,28,28,0.318,solved,
Simonis,problem_30_10.dat,HS problem 1470 size 30 10 density  0.55,30,10,28,28,0.311,solved,
Simonis,problem_30_10.dat,HS problem 1471 size 30 10 density  0.55,30,10,29,29,0.304,solved,
Simonis,problem_30_10.dat,HS problem 1472 size 30 10 density  0.55,30,10,28,28,0.297,solved,
Simonis,problem_30_10.dat,HS problem 1473 size 30 10 density  0.55,30,10,29,29,0.287,solved,
Simonis,problem_30_10.dat,HS problem 1474 size 30 10 density  0.55,30,10,28,28,0.226,solved,
Simonis,problem_30_10.dat,HS problem 1475 size 30 10 density  0.55,30,10,25,25,0.218,solved,
Simonis,problem_30_10.dat,HS problem 1476 size 30 10 density  0.55,30,10,29,29,0.21,solved,
Simonis,problem_30_10.dat,HS problem 1477 size 30 10 density  0.55,30,10,29,29,0.201,solved,
Simonis,problem_30_10.dat,HS problem 1478 size 30 10 density  0.55,30,10,28,28,0.19,solved,
Simonis,problem_30_10.dat,HS problem 1479 size 30 10 density  0.55,30,10,28,28,0.185,solved,
Simonis,problem_30_10.dat,HS problem 1480 size 30 10 density  0.55,30,10,27,27,0.179,solved,
Simonis,problem_30_10.dat,HS problem 1481 size 30 10 density  0.55,30,10,29,29,0.172,solved,
Simonis,problem_30_10.dat,HS problem 1482 size 30 10 density  0.55,30,10,29,29,0.157,solved,
Simonis,problem_30_10.dat,HS problem 1483 size 30 10 density  0.55,30,10,27,27,0.149,solved,
Simonis,problem_30_10.dat,HS problem 1484 size 30 10 density  0.55,30,10,29,29,0.143,solved,
Simonis,problem_30_10.dat,HS problem 1485 size 30 10 density  0.55,30,10,26,26,0.131,solved,
Simonis,problem_30_10.dat,HS problem 1486 size 30 10 density  0.55,30,10,27,27,0.122,solved,
Simonis,problem_30_10.dat,HS problem 1487 size 30 10 density  0.55,30,10,29,29,0.115,solved,
Simonis,problem_30_10.dat,HS problem 1488 size 30 10 density  0.55,30,10,30,30,0.107,solved,
Simonis,problem_30_10.dat,HS problem 1489 size 30 10 density  0.55,30,10,28,28,0.096,solved,
Simonis,problem_30_10.dat,HS problem 1490 size 30 10 density  0.55,30,10,27,27,0.085,solved,
Simonis,problem_30_10.dat,HS problem 1491 size 30 10 density  0.55,30,10,27,27,0.077,solved,
Simonis,problem_30_10.dat,HS problem 1492 size 30 10 density  0.55,30,10,27,27,0.068,solved,
Simonis,problem_30_10.dat,HS problem 1493 size 30 10 density  0.55,30,10,28,28,0.059,solved,
Simonis,problem_30_10.dat,HS problem 1494 size 30 10 density  0.55,30,10,27,27,0.045,solved,
Simonis,problem_30_10.dat,HS problem 1495 size 30 10 density  0.55,30,10,28,28,0.333,solved,
Simonis,problem_30_10.dat,HS problem 1496 size 30 10 density  0.55,30,10,28,28,0.323,solved,
Simonis,problem_30_10.dat,HS problem 1497 size 30 10 density  0.55,30,10,29,29,0.315,solved,
Simonis,problem_30_10.dat,HS problem 1498 size 30 10 density  0.55,30,10,27,27,0.307,solved,
Simonis,problem_30_10.dat,HS problem 1499 size 30 10 density  0.55,30,10,29,29,0.245,solved,
Simonis,problem_30_10.dat,HS problem 1500 size 30 10 density  0.55,30,10,28,28,0.237,solved,
Simonis,problem_30_10.dat,HS problem 1501 size 30 10 density  0.60,30,10,29,29,0.229,solved,
Simonis,problem_30_10.dat,HS problem 1502 size 30 10 density  0.60,30,10,28,28,0.22,solved,
Simonis,problem_30_10.dat,HS problem 1503 size 30 10 density  0.60,30,10,29,29,0.208,solved,
Simonis,problem_30_10.dat,HS problem 1504 size 30 10 density  0.60,30,10,28,28,0.2,solved,
Simonis,problem_30_10.dat,HS problem 1505 size 30 10 density  0.60,30,10,29,29,0.191,solved,
Simonis,problem_30_10.dat,HS problem 1506 size 30 10 density  0.60,30,10,29,29,0.18,solved,
Simonis,problem_30_10.dat,HS problem 1507 size 30 10 density  0.60,30,10,29,29,0.172,solved,
Simonis,problem_30_10.dat,HS problem 1508 size 30 10 density  0.60,30,10,29,29,0.166,solved,
Simonis,problem_30_10.dat,HS problem 1509 size 30 10 density  0.60,30,10,28,28,0.155,solved,
Simonis,problem_30_10.dat,HS problem 1510 size 30 10 density  0.60,30,10,29,29,0.143,solved,
Simonis,problem_30_10.dat,HS problem 1511 size 30 10 density  0.60,30,10,29,29,0.135,solved,
Simonis,problem_30_10.dat,HS problem 1512 size 30 10 density  0.60,30,10,28,28,0.125,solved,
Simonis,problem_30_10.dat,HS problem 1513 size 30 10 density  0.60,30,10,28,28,0.118,solved,
Simonis,problem_30_10.dat,HS problem 1514 size 30 10 density  0.60,30,10,28,28,0.104,solved,
Simonis,problem_30_10.dat,HS problem 1515 size 30 10 density  0.60,30,10,29,29,0.099,solved,
Simonis,problem_30_10.dat,HS problem 1516 size 30 10 density  0.60,30,10,29,29,0.092,solved,
Simonis,problem_30_10.dat,HS problem 1517 size 30 10 density  0.60,30,10,28,28,0.083,solved,
Simonis,problem_30_10.dat,HS problem 1518 size 30 10 density  0.60,30,10,28,28,0.069,solved,
Simonis,problem_30_10.dat,HS problem 1519 size 30 10 density  0.60,30,10,29,29,0.062,solved,
Simonis,problem_30_10.dat,HS problem 1520 size 30 10 density  0.60,30,10,29,29,0.054,solved,
Simonis,problem_30_10.dat,HS problem 1521 size 30 10 density  0.60,30,10,28,28,0.342,solved,
Simonis,problem_30_10.dat,HS problem 1522 size 30 10 density  0.60,30,10,28,28,0.328,solved,
Simonis,problem_30_10.dat,HS problem 1523 size 30 10 density  0.60,30,10,30,30,0.323,solved,
Simonis,problem_30_10.dat,HS problem 1524 size 30 10 density  0.60,30,10,28,28,0.313,solved,
Simonis,problem_30_10.dat,HS problem 1525 size 30 10 density  0.60,30,10,28,28,0.249,solved,
Simonis,problem_30_10.dat,HS problem 1526 size 30 10 density  0.60,30,10,29,29,0.241,solved,
Simonis,problem_30_10.dat,HS problem 1527 size 30 10 density  0.60,30,10,28,28,0.232,solved,
Simonis,problem_30_10.dat,HS problem 1528 size 30 10 density  0.60,30,10,29,29,0.223,solved,
Simonis,problem_30_10.dat,HS problem 1529 size 30 10 density  0.60,30,10,28,28,0.211,solved,
Simonis,problem_30_10.dat,HS problem 1530 size 30 10 density  0.60,30,10,28,28,0.204,solved,
Simonis,problem_30_10.dat,HS problem 1531 size 30 10 density  0.60,30,10,28,28,0.192,solved,
Simonis,problem_30_10.dat,HS problem 1532 size 30 10 density  0.60,30,10,30,30,0.184,solved,
Simonis,problem_30_10.dat,HS problem 1533 size 30 10 density  0.60,30,10,29,29,0.173,solved,
Simonis,problem_30_10.dat,HS problem 1534 size 30 10 density  0.60,30,10,29,29,0.163,solved,
Simonis,problem_30_10.dat,HS problem 1535 size 30 10 density  0.60,30,10,29,29,0.153,solved,
Simonis,problem_30_10.dat,HS problem 1536 size 30 10 density  0.60,30,10,29,29,0.146,solved,
Simonis,problem_30_10.dat,HS problem 1537 size 30 10 density  0.60,30,10,28,28,0.139,solved,
Simonis,problem_30_10.dat,HS problem 1538 size 30 10 density  0.60,30,10,28,28,0.131,solved,
Simonis,problem_30_10.dat,HS problem 1539 size 30 10 density  0.60,30,10,29,29,0.117,solved,
Simonis,problem_30_10.dat,HS problem 1540 size 30 10 density  0.60,30,10,29,29,0.108,solved,
Simonis,problem_30_10.dat,HS problem 1541 size 30 10 density  0.60,30,10,28,28,0.101,solved,
Simonis,problem_30_10.dat,HS problem 1542 size 30 10 density  0.60,30,10,29,29,0.09,solved,
Simonis,problem_30_10.dat,HS problem 1543 size 30 10 density  0.60,30,10,29,29,0.079,solved,
Simonis,problem_30_10.dat,HS problem 1544 size 30 10 density  0.60,30,10,29,29,0.069,solved,
Simonis,problem_30_10.dat,HS problem 1545 size 30 10 density  0.60,30,10,29,29,0.056,solved,
Simonis,problem_30_10.dat,HS problem 1546 size 30 10 density  0.60,30,10,28,28,0.05,solved,
Simonis,problem_30_10.dat,HS problem 1547 size 30 10 density  0.60,30,10,29,29,0.326,solved,
Simonis,problem_30_10.dat,HS problem 1548 size 30 10 density  0.60,30,10,29,29,0.32,solved,
Simonis,problem_30_10.dat,HS problem 1549 size 30 10 density  0.60,30,10,30,30,0.307,solved,
Simonis,problem_30_10.dat,HS problem 1550 size 30 10 density  0.60,30,10,29,29,0.299,solved,
Simonis,problem_30_10.dat,HS problem 1551 size 30 10 density  0.65,30,10,30,30,0.236,solved,
Simonis,problem_30_10.dat,HS problem 1552 size 30 10 density  0.65,30,10,30,30,0.229,solved,
Simonis,problem_30_10.dat,HS problem 1553 size 30 10 density  0.65,30,10,30,30,0.222,solved,
Simonis,problem_30_10.dat,HS problem 1554 size 30 10 density  0.65,30,10,30,30,0.213,solved,
Simonis,problem_30_10.dat,HS problem 1555 size 30 10 density  0.65,30,10,30,30,0.201,solved,
Simonis,problem_30_10.dat,HS problem 1556 size 30 10 density  0.65,30,10,29,29,0.195,solved,
Simonis,problem_30_10.dat,HS problem 1557 size 30 10 density  0.65,30,10,29,29,0.183,solved,
Simonis,problem_30_10.dat,HS problem 1558 size 30 10 density  0.65,30,10,29,29,0.173,solved,
Simonis,problem_30_10.dat,HS problem 1559 size 30 10 density  0.65,30,10,29,29,0.163,solved,
Simonis,problem_30_10.dat,HS problem 1560 size 30 10 density  0.65,30,10,29,29,0.156,solved,
Simonis,problem_30_10.dat,HS problem 1561 size 30 10 density  0.65,30,10,29,29,0.145,solved,
Simonis,problem_30_10.dat,HS problem 1562 size 30 10 density  0.65,30,10,29,29,0.134,solved,
Simonis,problem_30_10.dat,HS problem 1563 size 30 10 density  0.65,30,10,28,28,0.127,solved,
Simonis,problem_30_10.dat,HS problem 1564 size 30 10 density  0.65,30,10,29,29,0.121,solved,
Simonis,problem_30_10.dat,HS problem 1565 size 30 10 density  0.65,30,10,30,30,0.113,solved,
Simonis,problem_30_10.dat,HS problem 1566 size 30 10 density  0.65,30,10,30,30,0.099,solved,
Simonis,problem_30_10.dat,HS problem 1567 size 30 10 density  0.65,30,10,29,29,0.09,solved,
Simonis,problem_30_10.dat,HS problem 1568 size 30 10 density  0.65,30,10,27,27,0.083,solved,
Simonis,problem_30_10.dat,HS problem 1569 size 30 10 density  0.65,30,10,29,29,0.072,solved,
Simonis,problem_30_10.dat,HS problem 1570 size 30 10 density  0.65,30,10,29,29,0.066,solved,
Simonis,problem_30_10.dat,HS problem 1571 size 30 10 density  0.65,30,10,29,29,0.053,solved,
Simonis,problem_30_10.dat,HS problem 1572 size 30 10 density  0.65,30,10,30,30,0.046,solved,
Simonis,problem_30_10.dat,HS problem 1573 size 30 10 density  0.65,30,10,29,29,0.334,solved,
Simonis,problem_30_10.dat,HS problem 1574 size 30 10 density  0.65,30,10,29,29,0.328,solved,
Simonis,problem_30_10.dat,HS problem 1575 size 30 10 density  0.65,30,10,29,29,0.314,solved,
Simonis,problem_30_10.dat,HS problem 1576 size 30 10 density  0.65,30,10,29,29,0.307,solved,
Simonis,problem_30_10.dat,HS problem 1577 size 30 10 density  0.65,30,10,28,28,0.249,solved,
Simonis,problem_30_10.dat,HS problem 1578 size 30 10 density  0.65,30,10,29,29,0.24,solved,
Simonis,problem_30_10.dat,HS problem 1579 size 30 10 density  0.65,30,10,30,30,0.232,solved,
Simonis,problem_30_10.dat,HS problem 1580 size 30 10 density  0.65,30,10,30,30,0.223,solved,
Simonis,problem_30_10.dat,HS problem 1581 size 30 10 density  0.65,30,10,28,28,0.212,solved,
Simonis,problem_30_10.dat,HS problem 1582 size 30 10 density  0.65,30,10,30,30,0.206,solved,
Simonis,problem_30_10.dat,HS problem 1583 size 30 10 density  0.65,30,10,30,30,0.196,solved,
Simonis,problem_30_10.dat,HS problem 1584 size 30 10 density  0.65,30,10,28,28,0.184,solved,
Simonis,problem_30_10.dat,HS problem 1585 size 30 10 density  0.65,30,10,29,29,0.176,solved,
Simonis,problem_30_10.dat,HS problem 1586 size 30 10 density  0.65,30,10,29,29,0.17,solved,
Simonis,problem_30_10.dat,HS problem 1587 size 30 10 density  0.65,30,10,29,29,0.157,solved,
Simonis,problem_30_10.dat,HS problem 1588 size 30 10 density  0.65,30,10,29,29,0.146,solved,
Simonis,problem_30_10.dat,HS problem 1589 size 30 10 density  0.65,30,10,29,29,0.137,solved,
Simonis,problem_30_10.dat,HS problem 1590 size 30 10 density  0.65,30,10,29,29,0.126,solved,
Simonis,problem_30_10.dat,HS problem 1591 size 30 10 density  0.65,30,10,30,30,0.118,solved,
Simonis,problem_30_10.dat,HS problem 1592 size 30 10 density  0.65,30,10,30,30,0.109,solved,
Simonis,problem_30_10.dat,HS problem 1593 size 30 10 density  0.65,30,10,28,28,0.097,solved,
Simonis,problem_30_10.dat,HS problem 1594 size 30 10 density  0.65,30,10,29,29,0.086,solved,
Simonis,problem_30_10.dat,HS problem 1595 size 30 10 density  0.65,30,10,29,29,0.08,solved,
Simonis,problem_30_10.dat,HS problem 1596 size 30 10 density  0.65,30,10,30,30,0.071,solved,
Simonis,problem_30_10.dat,HS problem 1597 size 30 10 density  0.65,30,10,29,29,0.062,solved,
Simonis,problem_30_10.dat,HS problem 1598 size 30 10 density  0.65,30,10,30,30,0.048,solved,
Simonis,problem_30_10.dat,HS problem 1599 size 30 10 density  0.65,30,10,28,28,0.341,solved,
Simonis,problem_30_10.dat,HS problem 1600 size 30 10 density  0.65,30,10,30,30,0.329,solved,
Simonis,problem_30_10.dat,HS problem 1601 size 30 10 density  0.70,30,10,30,30,0.32,solved,
Simonis,problem_30_10.dat,HS problem 1602 size 30 10 density  0.70,30,10,29,29,0.311,solved,
Simonis,problem_30_10.dat,HS problem 1603 size 30 10 density  0.70,30,10,30,30,0.25,solved,
Simonis,problem_30_10.dat,HS problem 1604 size 30 10 density  0.70,30,10,30,30,0.242,solved,
Simonis,problem_30_10.dat,HS problem 1605 size 30 10 density  0.70,30,10,30,30,0.234,solved,
Simonis,problem_30_10.dat,HS problem 1606 size 30 10 density  0.70,30,10,30,30,0.225,solved,
Simonis,problem_30_10.dat,HS problem 1607 size 30 10 density  0.70,30,10,29,29,0.214,solved,
Simonis,problem_30_10.dat,HS problem 1608 size 30 10 density  0.70,30,10,29,29,0.205,solved,
Simonis,problem_30_10.dat,HS problem 1609 size 30 10 density  0.70,30,10,30,30,0.193,solved,
Simonis,problem_30_10.dat,HS problem 1610 size 30 10 density  0.70,30,10,30,30,0.185,solved,
Simonis,problem_30_10.dat,HS problem 1611 size 30 10 density  0.70,30,10,29,29,0.175,solved,
Simonis,problem_30_10.dat,HS problem 1612 size 30 10 density  0.70,30,10,29,29,0.161,solved,
Simonis,problem_30_10.dat,HS problem 1613 size 30 10 density  0.70,30,10,30,30,0.153,solved,
Simonis,problem_30_10.dat,HS problem 1614 size 30 10 density  0.70,30,10,30,30,0.145,solved,
Simonis,problem_30_10.dat,HS problem 1615 size 30 10 density  0.70,30,10,29,29,0.132,solved,
Simonis,problem_30_10.dat,HS problem 1616 size 30 10 density  0.70,30,10,30,30,0.124,solved,
Simonis,problem_30_10.dat,HS problem 1617 size 30 10 density  0.70,30,10,29,29,0.113,solved,
Simonis,problem_30_10.dat,HS problem 1618 size 30 10 density  0.70,30,10,30,30,0.103,solved,
Simonis,problem_30_10.dat,HS problem 1619 size 30 10 density  0.70,30,10,30,30,0.092,solved,
Simonis,problem_30_10.dat,HS problem 1620 size 30 10 density  0.70,30,10,29,29,0.081,solved,
Simonis,problem_30_10.dat,HS problem 1621 size 30 10 density  0.70,30,10,30,30,0.076,solved,
Simonis,problem_30_10.dat,HS problem 1622 size 30 10 density  0.70,30,10,30,30,0.065,solved,
Simonis,problem_30_10.dat,HS problem 1623 size 30 10 density  0.70,30,10,30,30,0.056,solved,
Simonis,problem_30_10.dat,HS problem 1624 size 30 10 density  0.70,30,10,29,29,0.046,solved,
Simonis,problem_30_10.dat,HS problem 1625 size 30 10 density  0.70,30,10,30,30,0.348,solved,
Simonis,problem_30_10.dat,HS problem 1626 size 30 10 density  0.70,30,10,30,30,0.342,solved,
Simonis,problem_30_10.dat,HS problem 1627 size 30 10 density  0.70,30,10,29,29,0.332,solved,
Simonis,problem_30_10.dat,HS problem 1628 size 30 10 density  0.70,30,10,29,29,0.318,solved,
Simonis,problem_30_10.dat,HS problem 1629 size 30 10 density  0.70,30,10,30,30,0.259,solved,
Simonis,problem_30_10.dat,HS problem 1630 size 30 10 density  0.70,30,10,30,30,0.251,solved,
Simonis,problem_30_10.dat,HS problem 1631 size 30 10 density  0.70,30,10,29,29,0.243,solved,
Simonis,problem_30_10.dat,HS problem 1632 size 30 10 density  0.70,30,10,30,30,0.236,solved,
Simonis,problem_30_10.dat,HS problem 1633 size 30 10 density  0.70,30,10,30,30,0.225,solved,
Simonis,problem_30_10.dat,HS problem 1634 size 30 10 density  0.70,30,10,30,30,0.216,solved,
Simonis,problem_30_10.dat,HS problem 1635 size 30 10 density  0.70,30,10,29,29,0.204,solved,
Simonis,problem_30_10.dat,HS problem 1636 size 30 10 density  0.70,30,10,29,29,0.195,solved,
Simonis,problem_30_10.dat,HS problem 1637 size 30 10 density  0.70,30,10,30,30,0.185,solved,
Simonis,problem_30_10.dat,HS problem 1638 size 30 10 density  0.70,30,10,30,30,0.182,solved,
Simonis,problem_30_10.dat,HS problem 1639 size 30 10 density  0.70,30,10,29,29,0.174,solved,
Simonis,problem_30_10.dat,HS problem 1640 size 30 10 density  0.70,30,10,30,30,0.163,solved,
Simonis,problem_30_10.dat,HS problem 1641 size 30 10 density  0.70,30,10,30,30,0.152,solved,
Simonis,problem_30_10.dat,HS problem 1642 size 30 10 density  0.70,30,10,30,30,0.143,solved,
Simonis,problem_30_10.dat,HS problem 1643 size 30 10 density  0.70,30,10,29,29,0.134,solved,
Simonis,problem_30_10.dat,HS problem 1644 size 30 10 density  0.70,30,10,29,29,0.126,solved,
Simonis,problem_30_10.dat,HS problem 1645 size 30 10 density  0.70,30,10,30,30,0.112,solved,
Simonis,problem_30_10.dat,HS problem 1646 size 30 10 density  0.70,30,10,29,29,0.102,solved,
Simonis,problem_30_10.dat,HS problem 1647 size 30 10 density  0.70,30,10,29,29,0.093,solved,
Simonis,problem_30_10.dat,HS problem 1648 size 30 10 density  0.70,30,10,30,30,0.079,solved,
Simonis,problem_30_10.dat,HS problem 1649 size 30 10 density  0.70,30,10,29,29,0.073,solved,
Simonis,problem_30_10.dat,HS problem 1650 size 30 10 density  0.70,30,10,30,30,0.063,solved,
Simonis,problem_30_15.dat,HS problem 2421 size 30 15 density  0.20,30,15,14,14,0.052,solved,
Simonis,problem_30_15.dat,HS problem 2422 size 30 15 density  0.20,30,15,20,20,0.349,solved,
Simonis,problem_30_15.dat,HS problem 2423 size 30 15 density  0.20,30,15,17,17,0.34,solved,
Simonis,problem_30_15.dat,HS problem 2424 size 30 15 density  0.20,30,15,17,17,0.327,solved,
Simonis,problem_30_15.dat,HS problem 2425 size 30 15 density  0.20,30,15,15,15,0.256,solved,
Simonis,problem_30_15.dat,HS problem 2426 size 30 15 density  0.20,30,15,15,15,0.249,solved,
Simonis,problem_30_15.dat,HS problem 2427 size 30 15 density  0.20,30,15,16,16,0.242,solved,
Simonis,problem_30_15.dat,HS problem 2428 size 30 15 density  0.20,30,15,16,16,0.233,solved,
Simonis,problem_30_15.dat,HS problem 2429 size 30 15 density  0.20,30,15,16,16,0.22,solved,
Simonis,problem_30_15.dat,HS problem 2430 size 30 15 density  0.20,30,15,14,14,0.215,solved,
Simonis,problem_30_15.dat,HS problem 2431 size 30 15 density  0.20,30,15,17,17,0.204,solved,
Simonis,problem_30_15.dat,HS problem 2432 size 30 15 density  0.20,30,15,17,17,0.199,solved,
Simonis,problem_30_15.dat,HS problem 2433 size 30 15 density  0.20,30,15,18,18,0.189,solved,
Simonis,problem_30_15.dat,HS problem 2434 size 30 15 density  0.20,30,15,16,16,0.178,solved,
Simonis,problem_30_15.dat,HS problem 2435 size 30 15 density  0.20,30,15,19,19,0.17,solved,
Simonis,problem_30_15.dat,HS problem 2436 size 30 15 density  0.20,30,15,18,18,0.159,solved,
Simonis,problem_30_15.dat,HS problem 2437 size 30 15 density  0.20,30,15,19,19,0.151,solved,
Simonis,problem_30_15.dat,HS problem 2438 size 30 15 density  0.20,30,15,17,17,0.138,solved,
Simonis,problem_30_15.dat,HS problem 2439 size 30 15 density  0.20,30,15,17,17,0.128,solved,
Simonis,problem_30_15.dat,HS problem 2440 size 30 15 density  0.20,30,15,16,16,0.12,solved,
Simonis,problem_30_15.dat,HS problem 2441 size 30 15 density  0.25,30,15,22,22,0.109,solved,
Simonis,problem_30_15.dat,HS problem 2442 size 30 15 density  0.25,30,15,21,21,0.099,solved,
Simonis,problem_30_15.dat,HS problem 2443 size 30 15 density  0.25,30,15,20,20,0.091,solved,
Simonis,problem_30_15.dat,HS problem 2444 size 30 15 density  0.25,30,15,22,22,0.078,solved,
Simonis,problem_30_15.dat,HS problem 2445 size 30 15 density  0.25,30,15,20,20,0.069,solved,
Simonis,problem_30_15.dat,HS problem 2446 size 30 15 density  0.25,30,15,19,19,0.062,solved,
Simonis,problem_30_15.dat,HS problem 2447 size 30 15 density  0.25,30,15,21,21,0.047,solved,
Simonis,problem_30_15.dat,HS problem 2448 size 30 15 density  0.25,30,15,21,21,0.347,solved,
Simonis,problem_30_15.dat,HS problem 2449 size 30 15 density  0.25,30,15,20,20,0.34,solved,
Simonis,problem_30_15.dat,HS problem 2450 size 30 15 density  0.25,30,15,20,20,0.331,solved,
Simonis,problem_30_15.dat,HS problem 2451 size 30 15 density  0.25,30,15,23,23,0.316,solved,
Simonis,problem_30_15.dat,HS problem 2452 size 30 15 density  0.25,30,15,19,19,0.257,solved,
Simonis,problem_30_15.dat,HS problem 2453 size 30 15 density  0.25,30,15,21,21,0.249,solved,
Simonis,problem_30_15.dat,HS problem 2454 size 30 15 density  0.25,30,15,18,18,0.242,solved,
Simonis,problem_30_15.dat,HS problem 2455 size 30 15 density  0.25,30,15,19,19,0.232,solved,
Simonis,problem_30_15.dat,HS problem 2456 size 30 15 density  0.25,30,15,22,22,0.219,solved,
Simonis,problem_30_15.dat,HS problem 2457 size 30 15 density  0.25,30,15,22,22,0.212,solved,
Simonis,problem_30_15.dat,HS problem 2458 size 30 15 density  0.25,30,15,19,19,0.199,solved,
Simonis,problem_30_15.dat,HS problem 2459 size 30 15 density  0.25,30,15,20,20,0.19,solved,
Simonis,problem_30_15.dat,HS problem 2460 size 30 15 density  0.25,30,15,19,19,0.181,solved,
Simonis,problem_30_15.dat,HS problem 2461 size 30 15 density  0.30,30,15,24,24,0.175,solved,
Simonis,problem_30_15.dat,HS problem 2462 size 30 15 density  0.30,30,15,20,20,0.165,solved,
Simonis,problem_30_15.dat,HS problem 2463 size 30 15 density  0.30,30,15,26,26,0.152,solved,
Simonis,problem_30_15.dat,HS problem 2464 size 30 15 density  0.30,30,15,20,20,0.143,solved,
Simonis,problem_30_15.dat,HS problem 2465 size 30 15 density  0.30,30,15,23,23,0.135,solved,
Simonis,problem_30_15.dat,HS problem 2466 size 30 15 density  0.30,30,15,22,22,0.122,solved,
Simonis,problem_30_15.dat,HS problem 2467 size 30 15 density  0.30,30,15,24,24,0.111,solved,
Simonis,problem_30_15.dat,HS problem 2468 size 30 15 density  0.30,30,15,22,22,0.103,solved,
Simonis,problem_30_15.dat,HS problem 2469 size 30 15 density  0.30,30,15,21,21,0.089,solved,
Simonis,problem_30_15.dat,HS problem 2470 size 30 15 density  0.30,30,15,23,23,0.083,solved,
Simonis,problem_30_15.dat,HS problem 2471 size 30 15 density  0.30,30,15,22,22,0.07,solved,
Simonis,problem_30_15.dat,HS problem 2472 size 30 15 density  0.30,30,15,21,21,0.059,solved,
Simonis,problem_30_15.dat,HS problem 2473 size 30 15 density  0.30,30,15,22,22,0.051,solved,
Simonis,problem_30_15.dat,HS problem 2474 size 30 15 density  0.30,30,15,19,19,0.35,solved,
Simonis,problem_30_15.dat,HS problem 2475 size 30 15 density  0.30,30,15,24,24,0.339,solved,
Simonis,problem_30_15.dat,HS problem 2476 size 30 15 density  0.30,30,15,23,23,0.326,solved,
Simonis,problem_30_15.dat,HS problem 2477 size 30 15 density  0.30,30,15,19,19,0.319,solved,
Simonis,problem_30_15.dat,HS problem 2478 size 30 15 density  0.30,30,15,23,23,0.258,solved,
Simonis,problem_30_15.dat,HS problem 2479 size 30 15 density  0.30,30,15,21,21,0.25,solved,
Simonis,problem_30_15.dat,HS problem 2480 size 30 15 density  0.30,30,15,23,23,0.239,solved,
Simonis,problem_30_15.dat,HS problem 2481 size 30 15 density  0.35,30,15,26,26,0.228,solved,
Simonis,problem_30_15.dat,HS problem 2482 size 30 15 density  0.35,30,15,26,26,0.221,solved,
Simonis,problem_30_15.dat,HS problem 2483 size 30 15 density  0.35,30,15,25,25,0.21,solved,
Simonis,problem_30_15.dat,HS problem 2484 size 30 15 density  0.35,30,15,25,25,0.203,solved,
Simonis,problem_30_15.dat,HS problem 2485 size 30 15 density  0.35,30,15,24,24,0.19,solved,
Simonis,problem_30_15.dat,HS problem 2486 size 30 15 density  0.35,30,15,25,25,0.181,solved,
Simonis,problem_30_15.dat,HS problem 2487 size 30 15 density  0.35,30,15,27,27,0.169,solved,
Simonis,problem_30_15.dat,HS problem 2488 size 30 15 density  0.35,30,15,26,26,0.161,solved,
Simonis,problem_30_15.dat,HS problem 2489 size 30 15 density  0.35,30,15,25,25,0.15,solved,
Simonis,problem_30_15.dat,HS problem 2490 size 30 15 density  0.35,30,15,24,24,0.138,solved,
Simonis,problem_30_15.dat,HS problem 2491 size 30 15 density  0.35,30,15,26,26,0.129,solved,
Simonis,problem_30_15.dat,HS problem 2492 size 30 15 density  0.35,30,15,23,23,0.116,solved,
Simonis,problem_30_15.dat,HS problem 2493 size 30 15 density  0.35,30,15,25,25,0.106,solved,
Simonis,problem_30_15.dat,HS problem 2494 size 30 15 density  0.35,30,15,25,25,0.096,solved,
Simonis,problem_30_15.dat,HS problem 2495 size 30 15 density  0.35,30,15,24,24,0.085,solved,
Simonis,problem_30_15.dat,HS problem 2496 size 30 15 density  0.35,30,15,24,24,0.075,solved,
Simonis,problem_30_15.dat,HS problem 2497 size 30 15 density  0.35,30,15,26,26,0.069,solved,
Simonis,problem_30_15.dat,HS problem 2498 size 30 15 density  0.35,30,15,25,25,0.059,solved,
Simonis,problem_30_15.dat,HS problem 2499 size 30 15 density  0.35,30,15,24,24,0.052,solved,
Simonis,problem_30_15.dat,HS problem 2500 size 30 15 density  0.35,30,15,24,24,0.341,solved,
Simonis,problem_30_15.dat,HS problem 2501 size 30 15 density  0.40,30,15,27,27,0.333,solved,
Simonis,problem_30_15.dat,HS problem 2502 size 30 15 density  0.40,30,15,27,27,0.32,solved,
Simonis,problem_30_15.dat,HS problem 2503 size 30 15 density  0.40,30,15,27,27,0.309,solved,
Simonis,problem_30_15.dat,HS problem 2504 size 30 15 density  0.40,30,15,27,27,0.248,solved,
Simonis,problem_30_15.dat,HS problem 2505 size 30 15 density  0.40,30,15,27,27,0.241,solved,
Simonis,problem_30_15.dat,HS problem 2506 size 30 15 density  0.40,30,15,25,25,0.233,solved,
Simonis,problem_30_15.dat,HS problem 2507 size 30 15 density  0.40,30,15,27,27,0.223,solved,
Simonis,problem_30_15.dat,HS problem 2508 size 30 15 density  0.40,30,15,26,26,0.211,solved,
Simonis,problem_30_15.dat,HS problem 2509 size 30 15 density  0.40,30,15,27,27,0.206,solved,
Simonis,problem_30_15.dat,HS problem 2510 size 30 15 density  0.40,30,15,28,28,0.2,solved,
Simonis,problem_30_15.dat,HS problem 2511 size 30 15 density  0.40,30,15,28,28,0.193,solved,
Simonis,problem_30_15.dat,HS problem 2512 size 30 15 density  0.40,30,15,26,26,0.178,solved,
Simonis,problem_30_15.dat,HS problem 2513 size 30 15 density  0.40,30,15,26,26,0.17,solved,
Simonis,problem_30_15.dat,HS problem 2514 size 30 15 density  0.40,30,15,26,26,0.157,solved,
Simonis,problem_30_15.dat,HS problem 2515 size 30 15 density  0.40,30,15,26,26,0.146,solved,
Simonis,problem_30_15.dat,HS problem 2516 size 30 15 density  0.40,30,15,26,26,0.14,solved,
Simonis,problem_30_15.dat,HS problem 2517 size 30 15 density  0.40,30,15,26,26,0.13,solved,
Simonis,problem_30_15.dat,HS problem 2518 size 30 15 density  0.40,30,15,28,28,0.123,solved,
Simonis,problem_30_15.dat,HS problem 2519 size 30 15 density  0.40,30,15,27,27,0.11,solved,
Simonis,problem_30_15.dat,HS problem 2520 size 30 15 density  0.40,30,15,27,27,0.101,solved,
Simonis,problem_30_15.dat,HS problem 2521 size 30 15 density  0.45,30,15,27,27,0.091,solved,
Simonis,problem_30_15.dat,HS problem 2522 size 30 15 density  0.45,30,15,28,28,0.083,solved,
Simonis,problem_30_15.dat,HS problem 2523 size 30 15 density  0.45,30,15,27,27,0.068,solved,
Simonis,problem_30_15.dat,HS problem 2524 size 30 15 density  0.45,30,15,26,26,0.06,solved,
Simonis,problem_30_15.dat,HS problem 2525 size 30 15 density  0.45,30,15,27,27,0.052,solved,
Simonis,problem_30_15.dat,HS problem 2526 size 30 15 density  0.45,30,15,28,28,0.35,solved,
Simonis,problem_30_15.dat,HS problem 2527 size 30 15 density  0.45,30,15,28,28,0.338,solved,
Simonis,problem_30_15.dat,HS problem 2528 size 30 15 density  0.45,30,15,28,28,0.331,solved,
Simonis,problem_30_15.dat,HS problem 2529 size 30 15 density  0.45,30,15,28,28,0.319,solved,
Simonis,problem_30_15.dat,HS problem 2530 size 30 15 density  0.45,30,15,28,28,0.26,solved,
Simonis,problem_30_15.dat,HS problem 2531 size 30 15 density  0.45,30,15,27,27,0.251,solved,
Simonis,problem_30_15.dat,HS problem 2532 size 30 15 density  0.45,30,15,27,27,0.241,solved,
Simonis,problem_30_15.dat,HS problem 2533 size 30 15 density  0.45,30,15,28,28,0.231,solved,
Simonis,problem_30_15.dat,HS problem 2534 size 30 15 density  0.45,30,15,28,28,0.221,solved,
Simonis,problem_30_15.dat,HS problem 2535 size 30 15 density  0.45,30,15,28,28,0.21,solved,
Simonis,problem_30_15.dat,HS problem 2536 size 30 15 density  0.45,30,15,27,27,0.199,solved,
Simonis,problem_30_15.dat,HS problem 2537 size 30 15 density  0.45,30,15,28,28,0.19,solved,
Simonis,problem_30_15.dat,HS problem 2538 size 30 15 density  0.45,30,15,27,27,0.179,solved,
Simonis,problem_30_15.dat,HS problem 2539 size 30 15 density  0.45,30,15,27,27,0.168,solved,
Simonis,problem_30_15.dat,HS problem 2540 size 30 15 density  0.45,30,15,26,26,0.159,solved,
Simonis,problem_30_15.dat,HS problem 2541 size 30 15 density  0.50,30,15,27,27,0.151,solved,
Simonis,problem_30_15.dat,HS problem 2542 size 30 15 density  0.50,30,15,28,28,0.14,solved,
Simonis,problem_30_15.dat,HS problem 2543 size 30 15 density  0.50,30,15,29,29,0.128,solved,
Simonis,problem_30_15.dat,HS problem 2544 size 30 15 density  0.50,30,15,30,30,0.122,solved,
Simonis,problem_30_15.dat,HS problem 2545 size 30 15 density  0.50,30,15,28,28,0.114,solved,
Simonis,problem_30_15.dat,HS problem 2546 size 30 15 density  0.50,30,15,28,28,0.103,solved,
Simonis,problem_30_15.dat,HS problem 2547 size 30 15 density  0.50,30,15,29,29,0.09,solved,
Simonis,problem_30_15.dat,HS problem 2548 size 30 15 density  0.50,30,15,29,29,0.083,solved,
Simonis,problem_30_15.dat,HS problem 2549 size 30 15 density  0.50,30,15,28,28,0.072,solved,
Simonis,problem_30_15.dat,HS problem 2550 size 30 15 density  0.50,30,15,28,28,0.061,solved,
Simonis,problem_30_15.dat,HS problem 2551 size 30 15 density  0.50,30,15,28,28,0.051,solved,
Simonis,problem_30_15.dat,HS problem 2552 size 30 15 density  0.50,30,15,29,29,0.35,solved,
Simonis,problem_30_15.dat,HS problem 2553 size 30 15 density  0.50,30,15,29,29,0.338,solved,
Simonis,problem_30_15.dat,HS problem 2554 size 30 15 density  0.50,30,15,29,29,0.327,solved,
Simonis,problem_30_15.dat,HS problem 2555 size 30 15 density  0.50,30,15,28,28,0.319,solved,
Simonis,problem_30_15.dat,HS problem 2556 size 30 15 density  0.50,30,15,29,29,0.258,solved,
Simonis,problem_30_15.dat,HS problem 2557 size 30 15 density  0.50,30,15,29,29,0.251,solved,
Simonis,problem_30_15.dat,HS problem 2558 size 30 15 density  0.50,30,15,29,29,0.243,solved,
Simonis,problem_30_15.dat,HS problem 2559 size 30 15 density  0.50,30,15,28,28,0.234,solved,
Simonis,problem_30_15.dat,HS problem 2560 size 30 15 density  0.50,30,15,29,29,0.221,solved,
Simonis,problem_30_15.dat,HS problem 2561 size 30 15 density  0.55,30,15,29,29,0.213,solved,
Simonis,problem_30_15.dat,HS problem 2562 size 30 15 density  0.55,30,15,29,29,0.204,solved,
Simonis,problem_30_15.dat,HS problem 2563 size 30 15 density  0.55,30,15,30,30,0.196,solved,
Simonis,problem_30_15.dat,HS problem 2564 size 30 15 density  0.55,30,15,29,29,0.183,solved,
Simonis,problem_30_15.dat,HS problem 2565 size 30 15 density  0.55,30,15,29,29,0.172,solved,
Simonis,problem_30_15.dat,HS problem 2566 size 30 15 density  0.55,30,15,29,29,0.164,solved,
Simonis,problem_30_15.dat,HS problem 2567 size 30 15 density  0.55,30,15,29,29,0.156,solved,
Simonis,problem_30_15.dat,HS problem 2568 size 30 15 density  0.55,30,15,29,29,0.147,solved,
Simonis,problem_30_15.dat,HS problem 2569 size 30 15 density  0.55,30,15,30,30,0.134,solved,
Simonis,problem_30_15.dat,HS problem 2570 size 30 15 density  0.55,30,15,29,29,0.124,solved,
Simonis,problem_30_15.dat,HS problem 2571 size 30 15 density  0.55,30,15,29,29,0.113,solved,
Simonis,problem_30_15.dat,HS problem 2572 size 30 15 density  0.55,30,15,30,30,0.104,solved,
Simonis,problem_30_15.dat,HS problem 2573 size 30 15 density  0.55,30,15,29,29,0.092,solved,
Simonis,problem_30_15.dat,HS problem 2574 size 30 15 density  0.55,30,15,30,30,0.081,solved,
Simonis,problem_30_15.dat,HS problem 2575 size 30 15 density  0.55,30,15,29,29,0.072,solved,
Simonis,problem_30_15.dat,HS problem 2576 size 30 15 density  0.55,30,15,29,29,0.062,solved,
Simonis,problem_30_15.dat,HS problem 2577 size 30 15 density  0.55,30,15,29,29,0.055,solved,
Simonis,problem_30_15.dat,HS problem 2578 size 30 15 density  0.55,30,15,29,29,0.351,solved,
Simonis,problem_30_15.dat,HS problem 2579 size 30 15 density  0.55,30,15,29,29,0.34,solved,
Simonis,problem_30_15.dat,HS problem 2580 size 30 15 density  0.55,30,15,29,29,0.334,solved,
Simonis,problem_30_15.dat,HS problem 2581 size 30 15 density  0.60,30,15,30,30,0.322,solved,
Simonis,problem_30_15.dat,HS problem 2582 size 30 15 density  0.60,30,15,30,30,0.26,solved,
Simonis,problem_30_15.dat,HS problem 2583 size 30 15 density  0.60,30,15,30,30,0.252,solved,
Simonis,problem_30_15.dat,HS problem 2584 size 30 15 density  0.60,30,15,30,30,0.242,solved,
Simonis,problem_30_15.dat,HS problem 2585 size 30 15 density  0.60,30,15,30,30,0.234,solved,
Simonis,problem_30_15.dat,HS problem 2586 size 30 15 density  0.60,30,15,30,30,0.221,solved,
Simonis,problem_30_15.dat,HS problem 2587 size 30 15 density  0.60,30,15,30,30,0.213,solved,
Simonis,problem_30_15.dat,HS problem 2588 size 30 15 density  0.60,30,15,29,29,0.204,solved,
Simonis,problem_30_15.dat,HS problem 2589 size 30 15 density  0.60,30,15,29,29,0.197,solved,
Simonis,problem_30_15.dat,HS problem 2590 size 30 15 density  0.60,30,15,30,30,0.189,solved,
Simonis,problem_30_15.dat,HS problem 2591 size 30 15 density  0.60,30,15,29,29,0.178,solved,
Simonis,problem_30_15.dat,HS problem 2592 size 30 15 density  0.60,30,15,29,29,0.164,solved,
Simonis,problem_30_15.dat,HS problem 2593 size 30 15 density  0.60,30,15,30,30,0.156,solved,
Simonis,problem_30_15.dat,HS problem 2594 size 30 15 density  0.60,30,15,30,30,0.145,solved,
Simonis,problem_30_15.dat,HS problem 2595 size 30 15 density  0.60,30,15,30,30,0.133,solved,
Simonis,problem_30_15.dat,HS problem 2596 size 30 15 density  0.60,30,15,30,30,0.122,solved,
Simonis,problem_30_15.dat,HS problem 2597 size 30 15 density  0.60,30,15,30,30,0.114,solved,
Simonis,problem_30_15.dat,HS problem 2598 size 30 15 density  0.60,30,15,29,29,0.1,solved,
Simonis,problem_30_15.dat,HS problem 2599 size 30 15 density  0.60,30,15,30,30,0.093,solved,
Simonis,problem_30_15.dat,HS problem 2600 size 30 15 density  0.60,30,15,30,30,0.084,solved,
Simonis,problem_30_15.dat,HS problem 2601 size 30 15 density  0.65,30,15,30,30,0.073,solved,
Simonis,problem_30_15.dat,HS problem 2602 size 30 15 density  0.65,30,15,30,30,0.059,solved,
Simonis,problem_30_15.dat,HS problem 2603 size 30 15 density  0.65,30,15,30,30,0.054,solved,
Simonis,problem_30_15.dat,HS problem 2604 size 30 15 density  0.65,30,15,30,30,0.454,solved,
Simonis,problem_30_15.dat,HS problem 2605 size 30 15 density  0.65,30,15,30,30,0.444,solved,
Simonis,problem_30_15.dat,HS problem 2606 size 30 15 density  0.65,30,15,30,30,0.435,solved,
Simonis,problem_30_15.dat,HS problem 2607 size 30 15 density  0.65,30,15,30,30,0.424,solved,
Simonis,problem_30_15.dat,HS problem 2608 size 30 15 density  0.65,30,15,29,29,0.364,solved,
Simonis,problem_30_15.dat,HS problem 2609 size 30 15 density  0.65,30,15,30,30,0.356,solved,
Simonis,problem_30_15.dat,HS problem 2610 size 30 15 density  0.65,30,15,30,30,0.348,solved,
Simonis,problem_30_15.dat,HS problem 2611 size 30 15 density  0.65,30,15,30,30,0.338,solved,
Simonis,problem_30_15.dat,HS problem 2612 size 30 15 density  0.65,30,15,30,30,0.325,solved,
Simonis,problem_30_15.dat,HS problem 2613 size 30 15 density  0.65,30,15,30,30,0.318,solved,
Simonis,problem_30_15.dat,HS problem 2614 size 30 15 density  0.65,30,15,30,30,0.308,solved,
Simonis,problem_30_15.dat,HS problem 2615 size 30 15 density  0.65,30,15,30,30,0.302,solved,
Simonis,problem_30_15.dat,HS problem 2616 size 30 15 density  0.65,30,15,30,30,0.292,solved,
Simonis,problem_30_15.dat,HS problem 2617 size 30 15 density  0.65,30,15,30,30,0.277,solved,
Simonis,problem_30_15.dat,HS problem 2618 size 30 15 density  0.65,30,15,30,30,0.262,solved,
Simonis,problem_30_15.dat,HS problem 2619 size 30 15 density  0.65,30,15,30,30,0.249,solved,
Simonis,problem_30_15.dat,HS problem 2620 size 30 15 density  0.65,30,15,30,30,0.231,solved,
Simonis,problem_30_15.dat,HS problem 2621 size 30 15 density  0.70,30,15,30,30,0.215,solved,
Simonis,problem_30_15.dat,HS problem 2622 size 30 15 density  0.70,30,15,30,30,0.201,solved,
Simonis,problem_30_15.dat,HS problem 2623 size 30 15 density  0.70,30,15,30,30,0.184,solved,
Simonis,problem_30_15.dat,HS problem 2624 size 30 15 density  0.70,30,15,30,30,0.165,solved,
Simonis,problem_30_15.dat,HS problem 2625 size 30 15 density  0.70,30,15,30,30,0.147,solved,
Simonis,problem_30_15.dat,HS problem 2626 size 30 15 density  0.70,30,15,30,30,0.129,solved,
Simonis,problem_30_15.dat,HS problem 2627 size 30 15 density  0.70,30,15,30,30,0.509,solved,
Simonis,problem_30_15.dat,HS problem 2628 size 30 15 density  0.70,30,15,30,30,0.495,solved,
Simonis,problem_30_15.dat,HS problem 2629 size 30 15 density  0.70,30,15,30,30,0.48,solved,
Simonis,problem_30_15.dat,HS problem 2630 size 30 15 density  0.70,30,15,29,29,0.461,solved,
Simonis,problem_30_15.dat,HS problem 2631 size 30 15 density  0.70,30,15,30,30,0.446,solved,
Simonis,problem_30_15.dat,HS problem 2632 size 30 15 density  0.70,30,15,30,30,0.428,solved,
Simonis,problem_30_15.dat,HS problem 2633 size 30 15 density  0.70,30,15,30,30,0.414,solved,
Simonis,problem_30_15.dat,HS problem 2634 size 30 15 density  0.70,30,15,30,30,0.345,solved,
Simonis,problem_30_15.dat,HS problem 2635 size 30 15 density  0.70,30,15,30,30,0.334,solved,
Simonis,problem_30_15.dat,HS problem 2636 size 30 15 density  0.70,30,15,30,30,0.327,solved,
Simonis,problem_30_15.dat,HS problem 2637 size 30 15 density  0.70,30,15,30,30,0.319,solved,
Simonis,problem_30_15.dat,HS problem 2638 size 30 15 density  0.70,30,15,30,30,0.306,solved,
Simonis,problem_30_15.dat,HS problem 2639 size 30 15 density  0.70,30,15,30,30,0.291,solved,
Simonis,problem_30_15.dat,HS problem 2640 size 30 15 density  0.70,30,15,30,30,0.275,solved,
Simonis,problem_30_30.dat,HS problem 3521 size 30 30 density  0.20,30,30,21,21,0.259,solved,
Simonis,problem_30_30.dat,HS problem 3522 size 30 30 density  0.20,30,30,24,24,0.244,solved,
Simonis,problem_30_30.dat,HS problem 3523 size 30 30 density  0.20,30,30,22,22,0.225,solved,
Simonis,problem_30_30.dat,HS problem 3524 size 30 30 density  0.20,30,30,22,22,0.209,solved,
Simonis,problem_30_30.dat,HS problem 3525 size 30 30 density  0.20,30,30,22,22,0.195,solved,
Simonis,problem_30_30.dat,HS problem 3526 size 30 30 density  0.20,30,30,22,22,0.177,solved,
Simonis,problem_30_30.dat,HS problem 3527 size 30 30 density  0.20,30,30,20,20,0.161,solved,
Simonis,problem_30_30.dat,HS problem 3528 size 30 30 density  0.20,30,30,22,22,0.143,solved,
Simonis,problem_30_30.dat,HS problem 3529 size 30 30 density  0.20,30,30,22,22,0.128,solved,
Simonis,problem_30_30.dat,HS problem 3530 size 30 30 density  0.20,30,30,22,22,0.518,solved,
Simonis,problem_30_30.dat,HS problem 3531 size 30 30 density  0.25,30,30,27,27,0.501,solved,
Simonis,problem_30_30.dat,HS problem 3532 size 30 30 density  0.25,30,30,26,26,0.485,solved,
Simonis,problem_30_30.dat,HS problem 3533 size 30 30 density  0.25,30,30,25,25,0.47,solved,
Simonis,problem_30_30.dat,HS problem 3534 size 30 30 density  0.25,30,30,25,25,0.452,solved,
Simonis,problem_30_30.dat,HS problem 3535 size 30 30 density  0.25,30,30,26,26,0.437,solved,
Simonis,problem_30_30.dat,HS problem 3536 size 30 30 density  0.25,30,30,23,23,0.419,solved,
Simonis,problem_30_30.dat,HS problem 3537 size 30 30 density  0.25,30,30,24,24,0.356,solved,
Simonis,problem_30_30.dat,HS problem 3538 size 30 30 density  0.25,30,30,27,27,0.347,solved,
Simonis,problem_30_30.dat,HS problem 3539 size 30 30 density  0.25,30,30,26,26,0.333,solved,
Simonis,problem_30_30.dat,HS problem 3540 size 30 30 density  0.25,30,30,26,26,0.326,solved,
Simonis,problem_30_30.dat,HS problem 3541 size 30 30 density  0.30,30,30,28,28,0.309,solved,
Simonis,problem_30_30.dat,HS problem 3542 size 30 30 density  0.30,30,30,27,27,0.295,solved,
Simonis,problem_30_30.dat,HS problem 3543 size 30 30 density  0.30,30,30,28,28,0.277,solved,
Simonis,problem_30_30.dat,HS problem 3544 size 30 30 density  0.30,30,30,26,26,0.26,solved,
Simonis,problem_30_30.dat,HS problem 3545 size 30 30 density  0.30,30,30,27,27,0.243,solved,
Simonis,problem_30_30.dat,HS problem 3546 size 30 30 density  0.30,30,30,27,27,0.231,solved,
Simonis,problem_30_30.dat,HS problem 3547 size 30 30 density  0.30,30,30,28,28,0.215,solved,
Simonis,problem_30_30.dat,HS problem 3548 size 30 30 density  0.30,30,30,28,28,0.196,solved,
Simonis,problem_30_30.dat,HS problem 3549 size 30 30 density  0.30,30,30,26,26,0.179,solved,
Simonis,problem_30_30.dat,HS problem 3550 size 30 30 density  0.30,30,30,27,27,0.162,solved,
Simonis,problem_30_30.dat,HS problem 3551 size 30 30 density  0.35,30,30,26,26,0.148,solved,
Simonis,problem_30_30.dat,HS problem 3552 size 30 30 density  0.35,30,30,28,28,0.133,solved,
Simonis,problem_30_30.dat,HS problem 3553 size 30 30 density  0.35,30,30,28,28,0.522,solved,
Simonis,problem_30_30.dat,HS problem 3554 size 30 30 density  0.35,30,30,28,28,0.502,solved,
Simonis,problem_30_30.dat,HS problem 3555 size 30 30 density  0.35,30,30,28,28,0.486,solved,
Simonis,problem_30_30.dat,HS problem 3556 size 30 30 density  0.35,30,30,28,28,0.466,solved,
Simonis,problem_30_30.dat,HS problem 3557 size 30 30 density  0.35,30,30,29,29,0.452,solved,
Simonis,problem_30_30.dat,HS problem 3558 size 30 30 density  0.35,30,30,29,29,0.439,solved,
Simonis,problem_30_30.dat,HS problem 3559 size 30 30 density  0.35,30,30,29,29,0.421,solved,
Simonis,problem_30_30.dat,HS problem 3560 size 30 30 density  0.35,30,30,29,29,0.356,solved,
Simonis,problem_30_30.dat,HS problem 3561 size 30 30 density  0.40,30,30,29,29,0.346,solved,
Simonis,problem_30_30.dat,HS problem 3562 size 30 30 density  0.40,30,30,30,30,0.334,solved,
Simonis,problem_30_30.dat,HS problem 3563 size 30 30 density  0.40,30,30,29,29,0.326,solved,
Simonis,problem_30_30.dat,HS problem 3564 size 30 30 density  0.40,30,30,28,28,0.309,solved,
Simonis,problem_30_30.dat,HS problem 3565 size 30 30 density  0.40,30,30,29,29,0.296,solved,
Simonis,problem_30_30.dat,HS problem 3566 size 30 30 density  0.40,30,30,29,29,0.277,solved,
Simonis,problem_30_30.dat,HS problem 3567 size 30 30 density  0.40,30,30,28,28,0.26,solved,
Simonis,problem_30_30.dat,HS problem 3568 size 30 30 density  0.40,30,30,29,29,0.246,solved,
Simonis,problem_30_30.dat,HS problem 3569 size 30 30 density  0.40,30,30,30,30,0.233,solved,
Simonis,problem_30_30.dat,HS problem 3570 size 30 30 density  0.40,30,30,29,29,0.214,solved,
Simonis,problem_30_30.dat,HS problem 3571 size 30 30 density  0.45,30,30,30,30,0.198,solved,
Simonis,problem_30_30.dat,HS problem 3572 size 30 30 density  0.45,30,30,30,30,0.181,solved,
Simonis,problem_30_30.dat,HS problem 3573 size 30 30 density  0.45,30,30,30,30,0.164,solved,
Simonis,problem_30_30.dat,HS problem 3574 size 30 30 density  0.45,30,30,30,30,0.151,solved,
Simonis,problem_30_30.dat,HS problem 3575 size 30 30 density  0.45,30,30,30,30,0.132,solved,
Simonis,problem_30_30.dat,HS problem 3576 size 30 30 density  0.45,30,30,29,29,0.516,solved,
Simonis,problem_30_30.dat,HS problem 3577 size 30 30 density  0.45,30,30,29,29,0.499,solved,
Simonis,problem_30_30.dat,HS problem 3578 size 30 30 density  0.45,30,30,30,30,0.482,solved,
Simonis,problem_30_30.dat,HS problem 3579 size 30 30 density  0.45,30,30,29,29,0.47,solved,
Simonis,problem_30_30.dat,HS problem 3580 size 30 30 density  0.45,30,30,30,30,0.456,solved,
Simonis,problem_30_30.dat,HS problem 3581 size 30 30 density  0.50,30,30,30,30,0.437,solved,
Simonis,problem_30_30.dat,HS problem 3582 size 30 30 density  0.50,30,30,30,30,0.42,solved,
Simonis,problem_30_30.dat,HS problem 3583 size 30 30 density  0.50,30,30,30,30,0.352,solved,
Simonis,problem_30_30.dat,HS problem 3584 size 30 30 density  0.50,30,30,30,30,0.343,solved,
Simonis,problem_30_30.dat,HS problem 3585 size 30 30 density  0.50,30,30,30,30,0.338,solved,
Simonis,problem_30_30.dat,HS problem 3586 size 30 30 density  0.50,30,30,30,30,0.329,solved,
Simonis,problem_30_30.dat,HS problem 3587 size 30 30 density  0.50,30,30,30,30,0.316,solved,
Simonis,problem_30_30.dat,HS problem 3588 size 30 30 density  0.50,30,30,30,30,0.301,solved,
Simonis,problem_30_30.dat,HS problem 3589 size 30 30 density  0.50,30,30,30,30,0.283,solved,
Simonis,problem_30_30.dat,HS problem 3590 size 30 30 density  0.50,30,30,30,30,0.266,solved,
Simonis,problem_30_30.dat,HS problem 3591 size 30 30 density  0.55,30,30,30,30,0.251,solved,
Simonis,problem_30_30.dat,HS problem 3592 size 30 30 density  0.55,30,30,30,30,0.235,solved,
Simonis,problem_30_30.dat,HS problem 3593 size 30 30 density  0.55,30,30,30,30,0.219,solved,
Simonis,problem_30_30.dat,HS problem 3594 size 30 30 density  0.55,30,30,30,30,0.204,solved,
Simonis,problem_30_30.dat,HS problem 3595 size 30 30 density  0.55,30,30,30,30,0.185,solved,
Simonis,problem_30_30.dat,HS problem 3596 size 30 30 density  0.55,30,30,30,30,0.17,solved,
Simonis,problem_30_30.dat,HS problem 3597 size 30 30 density  0.55,30,30,30,30,0.152,solved,
Simonis,problem_30_30.dat,HS problem 3598 size 30 30 density  0.55,30,30,30,30,0.137,solved,
Simonis,problem_30_30.dat,HS problem 3599 size 30 30 density  0.55,30,30,30,30,0.535,solved,
Simonis,problem_30_30.dat,HS problem 3600 size 30 30 density  0.55,30,30,30,30,0.524,solved,
Simonis,problem_30_30.dat,HS problem 3601 size 30 30 density  0.60,30,30,30,30,0.504,solved,
Simonis,problem_30_30.dat,HS problem 3602 size 30 30 density  0.60,30,30,30,30,0.488,solved,
Simonis,problem_30_30.dat,HS problem 3603 size 30 30 density  0.60,30,30,30,30,0.469,solved,
Simonis,problem_30_30.dat,HS problem 3604 size 30 30 density  0.60,30,30,30,30,0.455,solved,
Simonis,problem_30_30.dat,HS problem 3605 size 30 30 density  0.60,30,30,30,30,0.436,solved,
Simonis,problem_30_30.dat,HS problem 3606 size 30 30 density  0.60,30,30,30,30,0.366,solved,
Simonis,problem_30_30.dat,HS problem 3607 size 30 30 density  0.60,30,30,30,30,0.356,solved,
Simonis,problem_30_30.dat,HS problem 3608 size 30 30 density  0.60,30,30,30,30,0.345,solved,
Simonis,problem_30_30.dat,HS problem 3609 size 30 30 density  0.60,30,30,30,30,0.333,solved,
Simonis,problem_30_30.dat,HS problem 3610 size 30 30 density  0.60,30,30,30,30,0.315,solved,
Simonis,problem_30_30.dat,HS problem 3611 size 30 30 density  0.65,30,30,30,30,0.302,solved,
Simonis,problem_30_30.dat,HS problem 3612 size 30 30 density  0.65,30,30,30,30,0.285,solved,
Simonis,problem_30_30.dat,HS problem 3613 size 30 30 density  0.65,30,30,30,30,0.269,solved,
Simonis,problem_30_30.dat,HS problem 3614 size 30 30 density  0.65,30,30,30,30,0.252,solved,
Simonis,problem_30_30.dat,HS problem 3615 size 30 30 density  0.65,30,30,30,30,0.235,solved,
Simonis,problem_30_30.dat,HS problem 3616 size 30 30 density  0.65,30,30,30,30,0.219,solved,
Simonis,problem_30_30.dat,HS problem 3617 size 30 30 density  0.65,30,30,30,30,0.199,solved,
Simonis,problem_30_30.dat,HS problem 3618 size 30 30 density  0.65,30,30,30,30,0.183,solved,
Simonis,problem_30_30.dat,HS problem 3619 size 30 30 density  0.65,30,30,30,30,0.17,solved,
Simonis,problem_30_30.dat,HS problem 3620 size 30 30 density  0.65,30,30,30,30,0.153,solved,
Simonis,problem_30_30.dat,HS problem 3621 size 30 30 density  0.70,30,30,30,30,0.136,solved,
Simonis,problem_30_30.dat,HS problem 3622 size 30 30 density  0.70,30,30,30,30,0.528,solved,
Simonis,problem_30_30.dat,HS problem 3623 size 30 30 density  0.70,30,30,30,30,0.509,solved,
Simonis,problem_30_30.dat,HS problem 3624 size 30 30 density  0.70,30,30,30,30,0.492,solved,
Simonis,problem_30_30.dat,HS problem 3625 size 30 30 density  0.70,30,30,30,30,0.481,solved,
Simonis,problem_30_30.dat,HS problem 3626 size 30 30 density  0.70,30,30,30,30,0.465,solved,
Simonis,problem_30_30.dat,HS problem 3627 size 30 30 density  0.70,30,30,30,30,0.446,solved,
Simonis,problem_30_30.dat,HS problem 3628 size 30 30 density  0.70,30,30,30,30,0.43,solved,
Simonis,problem_30_30.dat,HS problem 3629 size 30 30 density  0.70,30,30,30,30,0.361,solved,
Simonis,problem_30_30.dat,HS problem 3630 size 30 30 density  0.70,30,30,30,30,0.349,solved,
Simonis,problem_40_20.dat,HS problem 3411 size 40 20 density  0.20,40,20,30,30,0.34,solved,
Simonis,problem_40_20.dat,HS problem 3412 size 40 20 density  0.20,40,20,25,25,0.33,solved,
Simonis,problem_40_20.dat,HS problem 3413 size 40 20 density  0.20,40,20,25,25,0.316,solved,
Simonis,problem_40_20.dat,HS problem 3414 size 40 20 density  0.20,40,20,25,25,0.301,solved,
Simonis,problem_40_20.dat,HS problem 3415 size 40 20 density  0.20,40,20,27,27,0.284,solved,
Simonis,problem_40_20.dat,HS problem 3416 size 40 20 density  0.20,40,20,24,24,0.267,solved,
Simonis,problem_40_20.dat,HS problem 3417 size 40 20 density  0.20,40,20,25,25,0.254,solved,
Simonis,problem_40_20.dat,HS problem 3418 size 40 20 density  0.20,40,20,27,27,0.238,solved,
Simonis,problem_40_20.dat,HS problem 3419 size 40 20 density  0.20,40,20,28,28,0.219,solved,
Simonis,problem_40_20.dat,HS problem 3420 size 40 20 density  0.20,40,20,25,25,0.202,solved,
Simonis,problem_40_20.dat,HS problem 3421 size 40 20 density  0.25,40,20,32,32,0.185,solved,
Simonis,problem_40_20.dat,HS problem 3422 size 40 20 density  0.25,40,20,28,28,0.168,solved,
Simonis,problem_40_20.dat,HS problem 3423 size 40 20 density  0.25,40,20,33,33,0.152,solved,
Simonis,problem_40_20.dat,HS problem 3424 size 40 20 density  0.25,40,20,28,28,0.139,solved,
Simonis,problem_40_20.dat,HS problem 3425 size 40 20 density  0.25,40,20,31,31,0.535,solved,
Simonis,problem_40_20.dat,HS problem 3426 size 40 20 density  0.25,40,20,31,31,0.518,solved,
Simonis,problem_40_20.dat,HS problem 3427 size 40 20 density  0.25,40,20,31,31,0.5,solved,
Simonis,problem_40_20.dat,HS problem 3428 size 40 20 density  0.25,40,20,30,30,0.485,solved,
Simonis,problem_40_20.dat,HS problem 3429 size 40 20 density  0.25,40,20,29,29,0.466,solved,
Simonis,problem_40_20.dat,HS problem 3430 size 40 20 density  0.25,40,20,32,32,0.452,solved,
Simonis,problem_40_20.dat,HS problem 3431 size 40 20 density  0.30,40,20,34,34,0.434,solved,
Simonis,problem_40_20.dat,HS problem 3432 size 40 20 density  0.30,40,20,33,33,0.364,solved,
Simonis,problem_40_20.dat,HS problem 3433 size 40 20 density  0.30,40,20,35,35,0.352,solved,
Simonis,problem_40_20.dat,HS problem 3434 size 40 20 density  0.30,40,20,34,34,0.341,solved,
Simonis,problem_40_20.dat,HS problem 3435 size 40 20 density  0.30,40,20,32,32,0.334,solved,
Simonis,problem_40_20.dat,HS problem 3436 size 40 20 density  0.30,40,20,32,32,0.319,solved,
Simonis,problem_40_20.dat,HS problem 3437 size 40 20 density  0.30,40,20,34,34,0.305,solved,
Simonis,problem_40_20.dat,HS problem 3438 size 40 20 density  0.30,40,20,33,33,0.288,solved,
Simonis,problem_40_20.dat,HS problem 3439 size 40 20 density  0.30,40,20,35,35,0.271,solved,
Simonis,problem_40_20.dat,HS problem 3440 size 40 20 density  0.30,40,20,31,31,0.256,solved,
Simonis,problem_40_20.dat,HS problem 3441 size 40 20 density  0.35,40,20,37,37,0.24,solved,
Simonis,problem_40_20.dat,HS problem 3442 size 40 20 density  0.35,40,20,35,35,0.222,solved,
Simonis,problem_40_20.dat,HS problem 3443 size 40 20 density  0.35,40,20,34,34,0.203,solved,
Simonis,problem_40_20.dat,HS problem 3444 size 40 20 density  0.35,40,20,35,35,0.187,solved,
Simonis,problem_40_20.dat,HS problem 3445 size 40 20 density  0.35,40,20,38,38,0.176,solved,
Simonis,problem_40_20.dat,HS problem 3446 size 40 20 density  0.35,40,20,36,36,0.157,solved,
Simonis,problem_40_20.dat,HS problem 3447 size 40 20 density  0.35,40,20,35,35,0.142,solved,
Simonis,problem_40_20.dat,HS problem 3448 size 40 20 density  0.35,40,20,36,36,0.534,solved,
Simonis,problem_40_20.dat,HS problem 3449 size 40 20 density  0.35,40,20,36,36,0.514,solved,
Simonis,problem_40_20.dat,HS problem 3450 size 40 20 density  0.35,40,20,34,34,0.499,solved,
Simonis,problem_40_20.dat,HS problem 3451 size 40 20 density  0.40,40,20,38,38,0.486,solved,
Simonis,problem_40_20.dat,HS problem 3452 size 40 20 density  0.40,40,20,36,36,0.468,solved,
Simonis,problem_40_20.dat,HS problem 3453 size 40 20 density  0.40,40,20,36,36,0.449,solved,
Simonis,problem_40_20.dat,HS problem 3454 size 40 20 density  0.40,40,20,36,36,0.431,solved,
Simonis,problem_40_20.dat,HS problem 3455 size 40 20 density  0.40,40,20,38,38,0.36,solved,
Simonis,problem_40_20.dat,HS problem 3456 size 40 20 density  0.40,40,20,38,38,0.346,solved,
Simonis,problem_40_20.dat,HS problem 3457 size 40 20 density  0.40,40,20,37,37,0.337,solved,
Simonis,problem_40_20.dat,HS problem 3458 size 40 20 density  0.40,40,20,38,38,0.329,solved,
Simonis,problem_40_20.dat,HS problem 3459 size 40 20 density  0.40,40,20,39,39,0.316,solved,
Simonis,problem_40_20.dat,HS problem 3460 size 40 20 density  0.40,40,20,36,36,0.303,solved,
Simonis,problem_40_20.dat,HS problem 3461 size 40 20 density  0.45,40,20,38,38,0.287,solved,
Simonis,problem_40_20.dat,HS problem 3462 size 40 20 density  0.45,40,20,39,39,0.269,solved,
Simonis,problem_40_20.dat,HS problem 3463 size 40 20 density  0.45,40,20,38,38,0.254,solved,
Simonis,problem_40_20.dat,HS problem 3464 size 40 20 density  0.45,40,20,38,38,0.236,solved,
Simonis,problem_40_20.dat,HS problem 3465 size 40 20 density  0.45,40,20,38,38,0.219,solved,
Simonis,problem_40_20.dat,HS problem 3466 size 40 20 density  0.45,40,20,38,38,0.201,solved,
Simonis,problem_40_20.dat,HS problem 3467 size 40 20 density  0.45,40,20,39,39,0.184,solved,
Simonis,problem_40_20.dat,HS problem 3468 size 40 20 density  0.45,40,20,39,39,0.169,solved,
Simonis,problem_40_20.dat,HS problem 3469 size 40 20 density  0.45,40,20,38,38,0.153,solved,
Simonis,problem_40_20.dat,HS problem 3470 size 40 20 density  0.45,40,20,38,38,0.137,solved,
Simonis,problem_40_20.dat,HS problem 3471 size 40 20 density  0.50,40,20,39,39,0.53,solved,
Simonis,problem_40_20.dat,HS problem 3472 size 40 20 density  0.50,40,20,39,39,0.511,solved,
Simonis,problem_40_20.dat,HS problem 3473 size 40 20 density  0.50,40,20,40,40,0.495,solved,
Simonis,problem_40_20.dat,HS problem 3474 size 40 20 density  0.50,40,20,39,39,0.48,solved,
Simonis,problem_40_20.dat,HS problem 3475 size 40 20 density  0.50,40,20,39,39,0.462,solved,
Simonis,problem_40_20.dat,HS problem 3476 size 40 20 density  0.50,40,20,40,40,0.447,solved,
Simonis,problem_40_20.dat,HS problem 3477 size 40 20 density  0.50,40,20,40,40,0.43,solved,
Simonis,problem_40_20.dat,HS problem 3478 size 40 20 density  0.50,40,20,39,39,0.361,solved,
Simonis,problem_40_20.dat,HS problem 3479 size 40 20 density  0.50,40,20,40,40,0.348,solved,
Simonis,problem_40_20.dat,HS problem 3480 size 40 20 density  0.50,40,20,39,39,0.342,solved,
Simonis,problem_40_20.dat,HS problem 3481 size 40 20 density  0.55,40,20,40,40,0.33,solved,
Simonis,problem_40_20.dat,HS problem 3482 size 40 20 density  0.55,40,20,40,40,0.318,solved,
Simonis,problem_40_20.dat,HS problem 3483 size 40 20 density  0.55,40,20,40,40,0.301,solved,
Simonis,problem_40_20.dat,HS problem 3484 size 40 20 density  0.55,40,20,40,40,0.286,solved,
Simonis,problem_40_20.dat,HS problem 3485 size 40 20 density  0.55,40,20,40,40,0.27,solved,
Simonis,problem_40_20.dat,HS problem 3486 size 40 20 density  0.55,40,20,40,40,0.253,solved,
Simonis,problem_40_20.dat,HS problem 3487 size 40 20 density  0.55,40,20,39,39,0.237,solved,
Simonis,problem_40_20.dat,HS problem 3488 size 40 20 density  0.55,40,20,40,40,0.219,solved,
Simonis,problem_40_20.dat,HS problem 3489 size 40 20 density  0.55,40,20,40,40,0.202,solved,
Simonis,problem_40_20.dat,HS problem 3490 size 40 20 density  0.55,40,20,39,39,0.184,solved,
Simonis,problem_40_20.dat,HS problem 3491 size 40 20 density  0.60,40,20,40,40,0.169,solved,
Simonis,problem_40_20.dat,HS problem 3492 size 40 20 density  0.60,40,20,40,40,0.153,solved,
Simonis,problem_40_20.dat,HS problem 3493 size 40 20 density  0.60,40,20,40,40,0.137,solved,
Simonis,problem_40_20.dat,HS problem 3494 size 40 20 density  0.60,40,20,40,40,0.119,solved,
Simonis,problem_40_20.dat,HS problem 3495 size 40 20 density  0.60,40,20,40,40,0.533,solved,
Simonis,problem_40_20.dat,HS problem 3496 size 40 20 density  0.60,40,20,40,40,0.515,solved,
Simonis,problem_40_20.dat,HS problem 3497 size 40 20 density  0.60,40,20,40,40,0.499,solved,
Simonis,problem_40_20.dat,HS problem 3498 size 40 20 density  0.60,40,20,40,40,0.482,solved,
Simonis,problem_40_20.dat,HS problem 3499 size 40 20 density  0.60,40,20,40,40,0.466,solved,
Simonis,problem_40_20.dat,HS problem 3500 size 40 20 density  0.60,40,20,40,40,0.446,solved,
Simonis,problem_40_20.dat,HS problem 3501 size 40 20 density  0.65,40,20,40,40,0.38,solved,
Simonis,problem_40_20.dat,HS problem 3502 size 40 20 density  0.65,40,20,40,40,0.368,solved,
Simonis,problem_40_20.dat,HS problem 3503 size 40 20 density  0.65,40,20,40,40,0.359,solved,
Simonis,problem_40_20.dat,HS problem 3504 size 40 20 density  0.65,40,20,40,40,0.351,solved,
Simonis,problem_40_20.dat,HS problem 3505 size 40 20 density  0.65,40,20,40,40,0.337,solved,
Simonis,problem_40_20.dat,HS problem 3506 size 40 20 density  0.65,40,20,40,40,0.321,solved,
Simonis,problem_40_20.dat,HS problem 3507 size 40 20 density  0.65,40,20,40,40,0.304,solved,
Simonis,problem_40_20.dat,HS problem 3508 size 40 20 density  0.65,40,20,40,40,0.287,solved,
Simonis,problem_40_20.dat,HS problem 3509 size 40 20 density  0.65,40,20,40,40,0.27,solved,
Simonis,problem_40_20.dat,HS problem 3510 size 40 20 density  0.65,40,20,40,40,0.257,solved,
Simonis,problem_40_20.dat,HS problem 3511 size 40 20 density  0.70,40,20,40,40,0.239,solved,
Simonis,problem_40_20.dat,HS problem 3512 size 40 20 density  0.70,40,20,40,40,0.221,solved,
Simonis,problem_40_20.dat,HS problem 3513 size 40 20 density  0.70,40,20,40,40,0.206,solved,
Simonis,problem_40_20.dat,HS problem 3514 size 40 20 density  0.70,40,20,40,40,0.185,solved,
Simonis,problem_40_20.dat,HS problem 3515 size 40 20 density  0.70,40,20,40,40,0.171,solved,
Simonis,problem_40_20.dat,HS problem 3516 size 40 20 density  0.70,40,20,40,40,0.155,solved,
Simonis,problem_40_20.dat,HS problem 3517 size 40 20 density  0.70,40,20,40,40,0.138,solved,
Simonis,problem_40_20.dat,HS problem 3518 size 40 20 density  0.70,40,20,40,40,0.544,solved,
Simonis,problem_40_20.dat,HS problem 3519 size 40 20 density  0.70,40,20,40,40,0.525,solved,
Simonis,problem_40_20.dat,HS problem 3520 size 40 20 density  0.70,40,20,40,40,0.508,solved,
Wilson,gp100by100.txt,"GP5:  100 customers,  100 products,  high path width",100,100,95,95,0.494,solved,
Wilson,gp100by100.txt,"GP6:  100 customers,  100 products,  medium path width",100,100,75,75,0.474,solved,
Wilson,gp100by100.txt,"GP7:  100 customers,  100 products,  medium path width",100,100,75,75,0.459,solved,
Wilson,gp50by50.txt,"GP1:  50 customers,  50 products,  high path width",50,50,45,45,0.373,solved,
Wilson,gp50by50.txt,"GP2:  50 customers,  50 products,  medium path width",50,50,40,40,0.365,solved,
Wilson,gp50by50.txt,"GP3:  50 customers,  50 products,  medium path width",50,50,40,40,0.351,solved,
Wilson,gp50by50.txt,"GP4:  50 customers,  50 products,  low path width",50,50,30,30,0.341,solved,
Wilson,nrwsLarger4.txt,NWRS5  20 customers  30 products,20,30,12,12,0.326,solved,
Wilson,nrwsLarger4.txt,NWRS6  20 customers  30 products,20,30,12,12,0.311,solved,
Wilson,nrwsLarger4.txt,NWRS7 25 customers  60 products,25,60,10,10,0.293,solved,
Wilson,nrwsLarger4.txt,NWRS8 randomised 25 customers  60 products,25,60,16,16,0.277,solved,
Wilson,nwrsSmaller4.txt,NWRS1 10 customers  20 products,10,20,3,3,0.259,solved,
Wilson,nwrsSmaller4.txt,NWRS2 10 customers  20 products,10,20,4,4,0.242,solved,
Wilson,nwrsSmaller4.txt,NWRS3 15 customers  25 products,15,25,7,7,0.223,solved,
Wilson,nwrsSmaller4.txt,NWRS4 15 customers  25 products,15,25,7,7,0.205,solved,
Wilson,sp4.txt,SP1,25,25,9,9,0.188,solved,
Wilson,sp4.txt,SP2,50,50,19,19,0.17,solved,
Challenge,GP1.txt,GP1_0,50,50,45,45,0.488,solved,
Challenge,GP2.txt,GP2_0,50,50,40,40,0.471,solved,
Challenge,GP3.txt,GP3_0,50,50,40,40,0.454,solved,
Challenge,GP4.txt,GP4_0,50,50,30,30,0.437,solved,
Challenge,GP5.txt,GP5_0,100,100,95,95,0.42,solved,
Challenge,GP6.txt,GP6_0,100,100,75,75,0.402,solved,
Challenge,GP7.txt,GP7_0,100,100,75,75,0.387,solved,
Challenge,Miller.txt,Miller_0,20,40,13,13,0.31,solved,
Challenge,NWRS1.txt,NWRS1_0,10,20,3,3,0.3,solved,
Challenge,NWRS2.txt,NWRS2_0,10,20,4,4,0.292,solved,
Challenge,NWRS3.txt,NWRS3_0,15,25,7,7,0.273,solved,
Challenge,NWRS4.txt,NWRS4_0,15,25,7,7,0.253,solved,
Challenge,NWRS5.txt,NWRS5_0,20,30,12,12,0.236,solved,
Challenge,NWRS6.txt,NWRS6_0,20,30,12,12,0.221,solved,
Challenge,NWRS7.txt,NWRS7_0,25,59,10,10,0.206,solved,
Challenge,NWRS8.txt,NWRS8_0,25,59,16,16,0.193,solved,
Challenge,SP1.txt,SP1_0,25,25,9,9,0.177,solved,
Challenge,SP2.txt,SP2_0,50,50,19,19,0.157,solved,
Challenge,Shaw1.txt,Shaw1_0,20,20,14,14,0.417,solved,
Challenge,Shaw10.txt,Shaw10_0,20,20,13,13,0.399,solved,
Challenge,Shaw11.txt,Shaw11_0,20,20,15,15,0.382,solved,
Challenge,Shaw12.txt,Shaw12_0,20,20,13,13,0.364,solved,
Challenge,Shaw13.txt,Shaw13_0,20,20,13,13,0.346,solved,
Challenge,Shaw14.txt,Shaw14_0,20,20,14,14,0.326,solved,
Challenge,Shaw15.txt,Shaw15_0,20,20,14,14,0.26,solved,
Challenge,Shaw16.txt,Shaw16_0,20,20,14,14,0.248,solved,
Challenge,Shaw17.txt,Shaw17_0,20,20,15,15,0.235,solved,
Challenge,Shaw18.txt,Shaw18_0,20,20,14,14,0.227,solved,
Challenge,Shaw19.txt,Shaw19_0,20,20,14,14,0.216,solved,
Challenge,Shaw2.txt,Shaw2_0,20,20,12,12,0.201,solved,
Challenge,Shaw20.txt,Shaw20_0,20,20,14,14,0.194,solved,
Challenge,Shaw21.txt,Shaw21_0,20,20,12,12,0.183,solved,
Challenge,Shaw22.txt,Shaw22_0,20,20,14,14,0.167,solved,
Challenge,Shaw23.txt,Shaw23_0,20,20,14,14,0.149,solved,
Challenge,Shaw24.txt,Shaw24_0,20,20,14,14,0.131,solved,
Challenge,Shaw25.txt,Shaw25_0,20,20,14,14,0.437,solved,
Challenge,Shaw3.txt,Shaw3_0,20,20,14,14,0.418,solved,
Challenge,Shaw4.txt,Shaw4_0,20,20,13,13,0.404,solved,
Challenge,Shaw5.txt,Shaw5_0,20,20,14,14,0.386,solved,
Challenge,Shaw6.txt,Shaw6_0,20,20,14,14,0.371,solved,
Challenge,Shaw7.txt,Shaw7_0,20,20,13,13,0.357,solved,
Challenge,Shaw8.txt,Shaw8_0,20,20,14,14,0.339,solved,
Challenge,Shaw9.txt,Shaw9_0,20,20,13,13,0.27,solved,
Wilson,gp100by100.txt,"GP8:  100 customers,  100 products,  low path width",100,100,,,3600.038,timeout,
Wilson,sp4.txt,SP3,75,75,,,3600.021,timeout,
Wilson,sp4.txt,SP4,100,100,,,3600.043,timeout,
Challenge,GP8.txt,GP8_0,100,100,,,3600.072,timeout,
Challenge,SP3.txt,SP3_0,75,75,,,3600.033,timeout,
Challenge,SP4.txt,SP4_0,100,100,,,3600.075,timeout,
Chu_Stuckey,Random-100-100-10-1.txt,Random-100-100-10-1_0,100,100,,,3600.048,timeout,
Chu_Stuckey,Random-100-100-10-2.txt,Random-100-100-10-2_0,100,100,,,3600.102,timeout,
Chu_Stuckey,Random-100-100-10-3.txt,Random-100-100-10-3_0,100,100,,,3600.156,timeout,
Chu_Stuckey,Random-100-100-10-4.txt,Random-100-100-10-4_0,100,100,,,3600.201,timeout,
Chu_Stuckey,Random-100-100-10-5.txt,Random-100-100-10-5_0,100,100,,,3600.242,timeout,
Chu_Stuckey,Random-100-100-2-1.txt,Random-100-100-2-1_0,100,100,,,3600.322,timeout,
Chu_Stuckey,Random-100-100-2-2.txt,Random-100-100-2-2_0,100,100,,,3600.356,timeout,
Chu_Stuckey,Random-100-100-2-3.txt,Random-100-100-2-3_0,100,100,,,3600.386,timeout,
Chu_Stuckey,Random-100-100-2-4.txt,Random-100-100-2-4_0,100,100,,,3600.434,timeout,
Chu_Stuckey,Random-100-100-2-5.txt,Random-100-100-2-5_0,100,100,,,3600.457,timeout,
Chu_Stuckey,Random-100-100-4-1.txt,Random-100-100-4-1_0,100,100,,,3600.484,timeout,
Chu_Stuckey,Random-100-100-4-2.txt,Random-100-100-4-2_0,100,100,,,3600.527,timeout,
Chu_Stuckey,Random-100-100-4-3.txt,Random-100-100-4-3_0,100,100,,,3600.561,timeout,
Chu_Stuckey,Random-100-100-4-4.txt,Random-100-100-4-4_0,100,100,,,3600.586,timeout,
Chu_Stuckey,Random-100-100-4-5.txt,Random-100-100-4-5_0,100,100,,,3600.596,timeout,
Chu_Stuckey,Random-100-100-6-1.txt,Random-100-100-6-1_0,100,100,,,3600.612,timeout,
Chu_Stuckey,Random-100-100-6-2.txt,Random-100-100-6-2_0,100,100,,,3600.582,timeout,
Chu_Stuckey,Random-100-100-6-3.txt,Random-100-100-6-3_0,100,100,,,3600.607,timeout,
Chu_Stuckey,Random-100-100-6-4.txt,Random-100-100-6-4_0,100,100,,,3600.63,timeout,
Chu_Stuckey,Random-100-100-6-5.txt,Random-100-100-6-5_0,100,100,,,3600.717,timeout,
Chu_Stuckey,Random-100-100-8-1.txt,Random-100-100-8-1_0,100,100,,,3600.758,timeout,
Chu_Stuckey,Random-100-100-8-2.txt,Random-100-100-8-2_0,100,100,,,3600.776,timeout,
Chu_Stuckey,Random-100-100-8-3.txt,Random-100-100-8-3_0,100,100,,,3600.836,timeout,
Chu_Stuckey,Random-100-100-8-4.txt,Random-100-100-8-4_0,100,100,,,3600.863,timeout,
Chu_Stuckey,Random-100-50-2-1.txt,Random-100-50-2-1_0,100,50,12,12,0.458,solved,
Chu_Stuckey,Random-100-50-2-2.txt,Random-100-50-2-2_0,100,50,11,11,0.443,solved,
Chu_Stuckey,Random-100-50-2-3.txt,Random-100-50-2-3_0,100,50,15,15,0.425,solved,
Chu_Stuckey,Random-100-50-2-4.txt,Random-100-50-2-4_0,100,50,8,8,0.407,solved,
Chu_Stuckey,Random-100-50-2-5.txt,Random-100-50-2-5_0,100,50,12,12,0.391,solved,
Chu_Stuckey,Random-100-100-8-5.txt,Random-100-100-8-5_0,100,100,,,3600.037,timeout,
Chu_Stuckey,Random-100-50-10-1.txt,Random-100-50-10-1_0,100,50,,,3600.044,timeout,
Chu_Stuckey,Random-100-50-10-2.txt,Random-100-50-10-2_0,100,50,,,3600.077,timeout,
Chu_Stuckey,Random-100-50-10-3.txt,Random-100-50-10-3_0,100,50,,,3600.104,timeout,
Chu_Stuckey,Random-100-50-10-4.txt,Random-100-50-10-4_0,100,50,,,3600.039,timeout,
Chu_Stuckey,Random-100-50-10-5.txt,Random-100-50-10-5_0,100,50,,,3600.069,timeout,
Chu_Stuckey,Random-100-50-4-1.txt,Random-100-50-4-1_0,100,50,,,3600.038,timeout,
Chu_Stuckey,Random-100-50-4-2.txt,Random-100-50-4-2_0,100,50,,,3600.084,timeout,
Chu_Stuckey,Random-100-50-4-3.txt,Random-100-50-4-3_0,100,50,,,3600.112,timeout,
Chu_Stuckey,Random-100-50-4-4.txt,Random-100-50-4-4_0,100,50,,,3600.142,timeout,
Chu_Stuckey,Random-100-50-4-5.txt,Random-100-50-4-5_0,100,50,,,3600.168,timeout,
Chu_Stuckey,Random-100-50-6-1.txt,Random-100-50-6-1_0,100,50,,,3600.205,timeout,
Chu_Stuckey,Random-100-50-6-2.txt,Random-100-50-6-2_0,100,50,,,3600.238,timeout,
Chu_Stuckey,Random-100-50-6-3.txt,Random-100-50-6-3_0,100,50,,,3600.267,timeout,
Chu_Stuckey,Random-100-50-6-4.txt,Random-100-50-6-4_0,100,50,,,3600.284,timeout,
Chu_Stuckey,Random-100-50-6-5.txt,Random-100-50-6-5_0,100,50,,,3600.323,timeout,
Chu_Stuckey,Random-100-50-8-1.txt,Random-100-50-8-1_0,100,50,,,3600.347,timeout,
Chu_Stuckey,Random-100-50-8-2.txt,Random-100-50-8-2_0,100,50,,,3600.367,timeout,
Chu_Stuckey,Random-100-50-8-3.txt,Random-100-50-8-3_0,100,50,,,3600.38,timeout,
Chu_Stuckey,Random-100-50-8-4.txt,Random-100-50-8-4_0,100,50,,,3600.4,timeout,
Chu_Stuckey,Random-100-50-8-5.txt,Random-100-50-8-5_0,100,50,,,3600.41,timeout,
Chu_Stuckey,Random-125-125-10-1.txt,Random-125-125-10-1_0,125,125,,,3600.419,timeout,
Chu_Stuckey,Random-125-125-10-2.txt,Random-125-125-10-2_0,125,125,,,3600.451,timeout,
Chu_Stuckey,Random-125-125-10-3.txt,Random-125-125-10-3_0,125,125,,,3600.483,timeout,
Chu_Stuckey,Random-125-125-10-4.txt,Random-125-125-10-4_0,125,125,,,3600.541,timeout,
Chu_Stuckey,Random-125-125-10-5.txt,Random-125-125-10-5_0,125,125,,,3600.507,timeout,
Chu_Stuckey,Random-125-125-2-1.txt,Random-125-125-2-1_0,125,125,,,3600.531,timeout,
Chu_Stuckey,Random-125-125-2-2.txt,Random-125-125-2-2_0,125,125,,,3600.557,timeout,
Chu_Stuckey,Random-125-125-2-3.txt,Random-125-125-2-3_0,125,125,,,3600.571,timeout,
Chu_Stuckey,Random-125-125-2-4.txt,Random-125-125-2-4_0,125,125,,,3600.588,timeout,
Chu_Stuckey,Random-30-30-10-1.txt,Random-30-30-10-1_0,30,30,27,27,0.311,solved,
Chu_Stuckey,Random-30-30-10-2.txt,Random-30-30-10-2_0,30,30,26,26,0.283,solved,
Chu_Stuckey,Random-30-30-10-3.txt,Random-30-30-10-3_0,30,30,27,27,0.263,solved,
Chu_Stuckey,Random-30-30-10-4.txt,Random-30-30-10-4_0,30,30,27,27,0.241,solved,
Chu_Stuckey,Random-30-30-10-5.txt,Random-30-30-10-5_0,30,30,28,28,0.22,solved,
Chu_Stuckey,Random-30-30-2-1.txt,Random-30-30-2-1_0,30,30,9,9,0.196,solved,
Chu_Stuckey,Random-30-30-2-2.txt,Random-30-30-2-2_0,30,30,8,8,0.176,solved,
Chu_Stuckey,Random-30-30-2-3.txt,Random-30-30-2-3_0,30,30,9,9,0.329,solved,
Chu_Stuckey,Random-30-30-2-4.txt,Random-30-30-2-4_0,30,30,9,9,0.31,solved,
Chu_Stuckey,Random-30-30-2-5.txt,Random-30-30-2-5_0,30,30,8,8,0.291,solved,
Chu_Stuckey,Random-30-30-4-1.txt,Random-30-30-4-1_0,30,30,17,17,0.271,solved,
Chu_Stuckey,Random-30-30-4-2.txt,Random-30-30-4-2_0,30,30,15,15,0.246,solved,
Chu_Stuckey,Random-30-30-4-3.txt,Random-30-30-4-3_0,30,30,16,16,0.224,solved,
Chu_Stuckey,Random-30-30-4-4.txt,Random-30-30-4-4_0,30,30,15,15,0.198,solved,
Chu_Stuckey,Random-30-30-4-5.txt,Random-30-30-4-5_0,30,30,17,17,0.299,solved,
Chu_Stuckey,Random-30-30-6-1.txt,Random-30-30-6-1_0,30,30,23,23,0.282,solved,
Chu_Stuckey,Random-30-30-6-2.txt,Random-30-30-6-2_0,30,30,20,20,0.26,solved,
Chu_Stuckey,Random-30-30-6-3.txt,Random-30-30-6-3_0,30,30,22,22,0.246,solved,
Chu_Stuckey,Random-30-30-6-4.txt,Random-30-30-6-4_0,30,30,21,21,0.23,solved,
Chu_Stuckey,Random-30-30-6-5.txt,Random-30-30-6-5_0,30,30,20,20,0.212,solved,
Chu_Stuckey,Random-30-30-8-1.txt,Random-30-30-8-1_0,30,30,25,25,0.192,solved,
Chu_Stuckey,Random-30-30-8-2.txt,Random-30-30-8-2_0,30,30,25,25,0.311,solved,
Chu_Stuckey,Random-30-30-8-3.txt,Random-30-30-8-3_0,30,30,26,26,0.293,solved,
Chu_Stuckey,Random-30-30-8-4.txt,Random-30-30-8-4_0,30,30,25,25,0.278,solved,
Chu_Stuckey,Random-30-30-8-5.txt,Random-30-30-8-5_0,30,30,25,25,0.256,solved,
Chu_Stuckey,Random-40-40-10-1.txt,Random-40-40-10-1_0,40,40,36,36,0.243,solved,
Chu_Stuckey,Random-40-40-10-2.txt,Random-40-40-10-2_0,40,40,36,36,0.224,solved,
Chu_Stuckey,Random-40-40-10-3.txt,Random-40-40-10-3_0,40,40,34,34,0.207,solved,
Chu_Stuckey,Random-40-40-10-5.txt,Random-40-40-10-5_0,40,40,35,35,0.306,solved,
Chu_Stuckey,Random-40-40-2-1.txt,Random-40-40-2-1_0,40,40,11,11,0.288,solved,
Chu_Stuckey,Random-40-40-2-2.txt,Random-40-40-2-2_0,40,40,14,14,0.27,solved,
Chu_Stuckey,Random-40-40-2-3.txt,Random-40-40-2-3_0,40,40,10,10,0.248,solved,
Chu_Stuckey,Random-40-40-2-4.txt,Random-40-40-2-4_0,40,40,7,7,0.23,solved,
Chu_Stuckey,Random-40-40-2-5.txt,Random-40-40-2-5_0,40,40,13,13,0.21,solved,
Chu_Stuckey,Random-40-40-4-1.txt,Random-40-40-4-1_0,40,40,21,21,0.136,solved,
Chu_Stuckey,Random-40-40-4-2.txt,Random-40-40-4-2_0,40,40,21,21,0.303,solved,
Chu_Stuckey,Random-40-40-4-3.txt,Random-40-40-4-3_0,40,40,19,19,0.286,solved,
Chu_Stuckey,Random-40-40-4-4.txt,Random-40-40-4-4_0,40,40,18,18,0.268,solved,
Chu_Stuckey,Random-40-40-4-5.txt,Random-40-40-4-5_0,40,40,22,22,0.252,solved,
Chu_Stuckey,Random-40-40-6-1.txt,Random-40-40-6-1_0,40,40,28,28,0.233,solved,
Chu_Stuckey,Random-40-40-6-3.txt,Random-40-40-6-3_0,40,40,26,26,0.287,solved,
Chu_Stuckey,Random-40-40-6-5.txt,Random-40-40-6-5_0,40,40,28,28,0.252,solved,
Chu_Stuckey,Random-40-40-8-1.txt,Random-40-40-8-1_0,40,40,34,34,0.235,solved,
Chu_Stuckey,Random-40-40-8-2.txt,Random-40-40-8-2_0,40,40,32,32,0.216,solved,
Chu_Stuckey,Random-40-40-8-3.txt,Random-40-40-8-3_0,40,40,30,30,0.193,solved,
Chu_Stuckey,Random-40-40-8-5.txt,Random-40-40-8-5_0,40,40,34,34,0.258,solved,
