dataset,filename,instance_name,n_customers,n_patterns,mosp_value,verified,time_seconds,status,error
Harvey,wbo_10_10.txt,"Warwick 1: balanced orders, 2 orders per product",10,10,3,3,0.109,solved,
Harvey,wbo_10_10.txt,"Warwick 2: balanced orders, 2 orders per product",10,10,3,3,0.108,solved,
Harvey,wbo_10_10.txt,"Warwick 3: balanced orders, 2 orders per product",10,10,3,3,0.108,solved,
Harvey,wbo_10_10.txt,"Warwick 4: balanced orders, 2 orders per product",10,10,3,3,0.107,solved,
Harvey,wbo_10_10.txt,"Warwick 5: balanced orders, 2 orders per product",10,10,2,2,0.106,solved,
Harvey,wbo_10_10.txt,"Warwick 6: balanced orders, 2 orders per product",10,10,3,3,0.106,solved,
Harvey,wbo_10_10.txt,"Warwick 7: balanced orders, 2 orders per product",10,10,3,3,0.105,solved,
Harvey,wbo_10_10.txt,"Warwick 8: balanced orders, 2 orders per product",10,10,3,3,0.104,solved,
Harvey,wbo_10_10.txt,"Warwick 9: balanced orders, 2 orders per product",10,10,3,3,0.104,solved,
Harvey,wbo_10_10.txt,"Warwick 10: balanced orders, 2 orders per product",10,10,2,2,0.103,solved,
Harvey,wbo_10_10.txt,"Warwick 11: balanced orders, 3 orders per product",10,10,5,5,0.102,solved,
Harvey,wbo_10_10.txt,"Warwick 12: balanced orders, 3 orders per product",10,10,5,5,0.101,solved,
Harvey,wbo_10_10.txt,"Warwick 13: balanced orders, 3 orders per product",10,10,5,5,0.101,solved,
Harvey,wbo_10_10.txt,"Warwick 14: balanced orders, 3 orders per product",10,10,6,6,0.1,solved,
Harvey,wbo_10_10.txt,"Warwick 15: balanced orders, 3 orders per product",10,10,4,4,0.099,solved,
Harvey,wbo_10_10.txt,"Warwick 16: balanced orders, 3 orders per product",10,10,5,5,0.098,solved,
Harvey,wbo_10_10.txt,"Warwick 17: balanced orders, 3 orders per product",10,10,5,5,0.098,solved,
Harvey,wbo_10_10.txt,"Warwick 18: balanced orders, 3 orders per product",10,10,6,6,0.096,solved,
Harvey,wbo_10_10.txt,"Warwick 19: balanced orders, 3 orders per product",10,10,5,5,0.095,solved,
Harvey,wbo_10_10.txt,"Warwick 20: balanced orders, 3 orders per product",10,10,6,6,0.094,solved,
Harvey,wbo_10_10.txt,"Warwick 21: balanced orders, 4 orders per product",10,10,7,7,0.092,solved,
Harvey,wbo_10_10.txt,"Warwick 22: balanced orders, 4 orders per product",10,10,8,8,0.089,solved,
Harvey,wbo_10_10.txt,"Warwick 23: balanced orders, 4 orders per product",10,10,7,7,0.085,solved,
Harvey,wbo_10_10.txt,"Warwick 24: balanced orders, 4 orders per product",10,10,7,7,0.082,solved,
Harvey,wbo_10_10.txt,"Warwick 25: balanced orders, 4 orders per product",10,10,6,6,0.077,solved,
Harvey,wbo_10_10.txt,"Warwick 26: balanced orders, 4 orders per product",10,10,7,7,0.073,solved,
Harvey,wbo_10_10.txt,"Warwick 27: balanced orders, 4 orders per product",10,10,6,6,0.068,solved,
Harvey,wbo_10_10.txt,"Warwick 28: balanced orders, 4 orders per product",10,10,7,7,0.064,solved,
Harvey,wbo_10_10.txt,"Warwick 29: balanced orders, 4 orders per product",10,10,7,7,0.059,solved,
Harvey,wbo_10_10.txt,"Warwick 30: balanced orders, 4 orders per product",10,10,8,8,0.148,solved,
Harvey,wbo_10_10.txt,"Warwick 31: balanced orders, 5 orders per product",10,10,8,8,0.095,solved,
Harvey,wbo_10_10.txt,"Warwick 32: balanced orders, 5 orders per product",10,10,9,9,0.094,solved,
Harvey,wbo_10_10.txt,"Warwick 33: balanced orders, 5 orders per product",10,10,9,9,0.094,solved,
Harvey,wbo_10_10.txt,"Warwick 34: balanced orders, 5 orders per product",10,10,8,8,0.093,solved,
Harvey,wbo_10_10.txt,"Warwick 35: balanced orders, 5 orders per product",10,10,9,9,0.092,solved,
Harvey,wbo_10_10.txt,"Warwick 36: balanced orders, 5 orders per product",10,10,8,8,0.092,solved,
Harvey,wbo_10_10.txt,"Warwick 37: balanced orders, 5 orders per product",10,10,10,10,0.091,solved,
Harvey,wbo_10_10.txt,"Warwick 38: balanced orders, 5 orders per product",10,10,9,9,0.09,solved,
Harvey,wbo_10_10.txt,"Warwick 39: balanced orders, 5 orders per product",10,10,9,9,0.09,solved,
Harvey,wbo_10_10.txt,"Warwick 40: balanced orders, 5 orders per product",10,10,8,8,0.089,solved,
Harvey,wbo_10_20.txt,"Warwick 125: balanced orders, 2 orders per product",10,20,4,4,0.648,solved,
Harvey,wbo_10_20.txt,"Warwick 128: balanced orders, 2 orders per product",10,20,3,3,0.797,solved,
Harvey,wbo_10_20.txt,"Warwick 124: balanced orders, 2 orders per product",10,20,4,4,0.905,solved,
Harvey,wbo_10_20.txt,"Warwick 130: balanced orders, 2 orders per product",10,20,4,4,0.897,solved,
Harvey,wbo_10_20.txt,"Warwick 129: balanced orders, 2 orders per product",10,20,4,4,0.954,solved,
Harvey,wbo_10_20.txt,"Warwick 136: balanced orders, 3 orders per product",10,20,6,6,0.934,solved,
Harvey,wbo_10_20.txt,"Warwick 126: balanced orders, 2 orders per product",10,20,4,4,1.014,solved,
Harvey,wbo_10_20.txt,"Warwick 127: balanced orders, 2 orders per product",10,20,3,3,1.013,solved,
Harvey,wbo_10_20.txt,"Warwick 140: balanced orders, 3 orders per product",10,20,7,7,1.038,solved,
Harvey,wbo_10_20.txt,"Warwick 135: balanced orders, 3 orders per product",10,20,6,6,1.2,solved,
Harvey,wbo_10_20.txt,"Warwick 122: balanced orders, 2 orders per product",10,20,4,4,1.279,solved,
Harvey,wbo_10_20.txt,"Warwick 121: balanced orders, 2 orders per product",10,20,5,5,1.333,solved,
Harvey,wbo_10_20.txt,"Warwick 123: balanced orders, 2 orders per product",10,20,4,4,1.332,solved,
Harvey,wbo_10_20.txt,"Warwick 141: balanced orders, 4 orders per product",10,20,8,8,1.55,solved,
Harvey,wbo_10_20.txt,"Warwick 134: balanced orders, 3 orders per product",10,20,7,7,1.717,solved,
Harvey,wbo_10_20.txt,"Warwick 133: balanced orders, 3 orders per product",10,20,7,7,1.777,solved,
Harvey,wbo_10_20.txt,"Warwick 132: balanced orders, 3 orders per product",10,20,7,7,1.987,solved,
Harvey,wbo_10_20.txt,"Warwick 137: balanced orders, 3 orders per product",10,20,7,7,1.975,solved,
Harvey,wbo_10_20.txt,"Warwick 143: balanced orders, 4 orders per product",10,20,8,8,1.97,solved,
Harvey,wbo_10_20.txt,"Warwick 159: balanced orders, 5 orders per product",10,20,9,9,1.091,solved,
Harvey,wbo_10_20.txt,"Warwick 146: balanced orders, 4 orders per product",10,20,9,9,2.174,solved,
Harvey,wbo_10_20.txt,"Warwick 149: balanced orders, 4 orders per product",10,20,8,8,2.17,solved,
Harvey,wbo_10_20.txt,"Warwick 131: balanced orders, 3 orders per product",10,20,7,7,2.409,solved,
Harvey,wbo_10_20.txt,"Warwick 139: balanced orders, 3 orders per product",10,20,7,7,2.39,solved,
Harvey,wbo_10_20.txt,"Warwick 155: balanced orders, 5 orders per product",10,20,10,10,1.516,solved,
Harvey,wbo_10_20.txt,"Warwick 157: balanced orders, 5 orders per product",10,20,10,10,1.46,solved,
Harvey,wbo_10_20.txt,"Warwick 158: balanced orders, 5 orders per product",10,20,10,10,1.512,solved,
Harvey,wbo_10_20.txt,"Warwick 160: balanced orders, 5 orders per product",10,20,9,9,1.307,solved,
Harvey,wbo_10_20.txt,"Warwick 151: balanced orders, 5 orders per product",10,20,10,10,2.192,solved,
Harvey,wbo_10_20.txt,"Warwick 148: balanced orders, 4 orders per product",10,20,9,9,2.8,solved,
Harvey,wbo_10_20.txt,"Warwick 144: balanced orders, 4 orders per product",10,20,9,9,2.86,solved,
Harvey,wbo_10_20.txt,"Warwick 154: balanced orders, 5 orders per product",10,20,10,10,2.145,solved,
Harvey,wbo_10_20.txt,"Warwick 138: balanced orders, 3 orders per product",10,20,8,8,3.477,solved,
Harvey,wbo_10_20.txt,"Warwick 150: balanced orders, 4 orders per product",10,20,10,10,3.413,solved,
Harvey,wbo_10_20.txt,"Warwick 156: balanced orders, 5 orders per product",10,20,10,10,2.6,solved,
Harvey,wbo_10_20.txt,"Warwick 145: balanced orders, 4 orders per product",10,20,9,9,3.526,solved,
Harvey,wbo_10_20.txt,"Warwick 147: balanced orders, 4 orders per product",10,20,9,9,3.524,solved,
Harvey,wbo_10_20.txt,"Warwick 142: balanced orders, 4 orders per product",10,20,9,9,3.634,solved,
Harvey,wbo_10_30.txt,"Warwick 273: balanced orders, 2 orders per product",10,30,5,5,3.344,solved,
Harvey,wbo_10_30.txt,"Warwick 278: balanced orders, 2 orders per product",10,30,5,5,3.529,solved,
Harvey,wbo_10_30.txt,"Warwick 276: balanced orders, 2 orders per product",10,30,5,5,3.894,solved,
Harvey,wbo_10_20.txt,"Warwick 152: balanced orders, 5 orders per product",10,20,10,10,5.192,solved,
Harvey,wbo_10_30.txt,"Warwick 272: balanced orders, 2 orders per product",10,30,5,5,5.519,solved,
Harvey,wbo_10_20.txt,"Warwick 153: balanced orders, 5 orders per product",10,20,10,10,6.357,solved,
Harvey,wbo_10_30.txt,"Warwick 275: balanced orders, 2 orders per product",10,30,5,5,5.981,solved,
Harvey,wbo_10_30.txt,"Warwick 277: balanced orders, 2 orders per product",10,30,5,5,5.825,solved,
Harvey,wbo_10_30.txt,"Warwick 301: balanced orders, 5 orders per product",10,30,10,10,3.352,solved,
Harvey,wbo_10_30.txt,"Warwick 279: balanced orders, 2 orders per product",10,30,5,5,7.542,solved,
Harvey,wbo_10_30.txt,"Warwick 289: balanced orders, 3 orders per product",10,30,7,7,7.672,solved,
Harvey,wbo_10_30.txt,"Warwick 291: balanced orders, 4 orders per product",10,30,10,10,7.62,solved,
Harvey,wbo_10_30.txt,"Warwick 297: balanced orders, 4 orders per product",10,30,10,10,7.058,solved,
Harvey,wbo_15_15.txt,"Warwick 451: balanced orders, 2 orders per product",15,15,3,3,0.207,solved,
Harvey,wbo_10_30.txt,"Warwick 305: balanced orders, 5 orders per product",10,30,10,10,3.421,solved,
Harvey,wbo_15_15.txt,"Warwick 452: balanced orders, 2 orders per product",15,15,3,3,0.264,solved,
Harvey,wbo_15_15.txt,"Warwick 453: balanced orders, 2 orders per product",15,15,3,3,0.164,solved,
Harvey,wbo_10_30.txt,"Warwick 304: balanced orders, 5 orders per product",10,30,10,10,4.148,solved,
Harvey,wbo_15_15.txt,"Warwick 454: balanced orders, 2 orders per product",15,15,3,3,0.163,solved,
Harvey,wbo_15_15.txt,"Warwick 457: balanced orders, 2 orders per product",15,15,3,3,0.304,solved,
Harvey,wbo_15_15.txt,"Warwick 455: balanced orders, 2 orders per product",15,15,3,3,0.568,solved,
Harvey,wbo_15_15.txt,"Warwick 456: balanced orders, 2 orders per product",15,15,3,3,0.516,solved,
Harvey,wbo_15_15.txt,"Warwick 458: balanced orders, 2 orders per product",15,15,3,3,0.239,solved,
Harvey,wbo_15_15.txt,"Warwick 460: balanced orders, 2 orders per product",15,15,3,3,0.106,solved,
Harvey,wbo_15_15.txt,"Warwick 459: balanced orders, 2 orders per product",15,15,3,3,0.163,solved,
Harvey,wbo_15_15.txt,"Warwick 461: balanced orders, 3 orders per product",15,15,6,6,0.21,solved,
Harvey,wbo_10_30.txt,"Warwick 303: balanced orders, 5 orders per product",10,30,10,10,5.674,solved,
Harvey,wbo_15_15.txt,"Warwick 462: balanced orders, 3 orders per product",15,15,6,6,0.311,solved,
Harvey,wbo_10_30.txt,"Warwick 306: balanced orders, 5 orders per product",10,30,10,10,4.752,solved,
Harvey,wbo_10_30.txt,"Warwick 300: balanced orders, 4 orders per product",10,30,10,10,7.099,solved,
Harvey,wbo_15_15.txt,"Warwick 463: balanced orders, 3 orders per product",15,15,6,6,0.368,solved,
Harvey,wbo_10_30.txt,"Warwick 295: balanced orders, 4 orders per product",10,30,10,10,9.129,solved,
Harvey,wbo_10_30.txt,"Warwick 299: balanced orders, 4 orders per product",10,30,10,10,8.068,solved,
Harvey,wbo_15_15.txt,"Warwick 464: balanced orders, 3 orders per product",15,15,7,7,0.379,solved,
Harvey,wbo_15_15.txt,"Warwick 465: balanced orders, 3 orders per product",15,15,6,6,0.278,solved,
Harvey,wbo_15_15.txt,"Warwick 470: balanced orders, 3 orders per product",15,15,6,6,0.265,solved,
Harvey,wbo_15_15.txt,"Warwick 466: balanced orders, 3 orders per product",15,15,8,8,0.483,solved,
Harvey,wbo_15_15.txt,"Warwick 468: balanced orders, 3 orders per product",15,15,7,7,0.376,solved,
Harvey,wbo_15_15.txt,"Warwick 469: balanced orders, 3 orders per product",15,15,5,5,0.372,solved,
Harvey,wbo_15_15.txt,"Warwick 472: balanced orders, 4 orders per product",15,15,9,9,0.211,solved,
Harvey,wbo_15_15.txt,"Warwick 467: balanced orders, 3 orders per product",15,15,7,7,0.493,solved,
Harvey,wbo_15_15.txt,"Warwick 471: balanced orders, 4 orders per product",15,15,9,9,0.382,solved,
Harvey,wbo_15_15.txt,"Warwick 473: balanced orders, 4 orders per product",15,15,9,9,0.379,solved,
Harvey,wbo_10_30.txt,"Warwick 307: balanced orders, 5 orders per product",10,30,10,10,4.244,solved,
Harvey,wbo_15_15.txt,"Warwick 474: balanced orders, 4 orders per product",15,15,9,9,0.278,solved,
Harvey,wbo_15_15.txt,"Warwick 476: balanced orders, 4 orders per product",15,15,9,9,0.329,solved,
Harvey,wbo_15_15.txt,"Warwick 475: balanced orders, 4 orders per product",15,15,10,10,0.386,solved,
Harvey,wbo_15_15.txt,"Warwick 478: balanced orders, 4 orders per product",15,15,9,9,0.376,solved,
Harvey,wbo_15_15.txt,"Warwick 477: balanced orders, 4 orders per product",15,15,9,9,0.437,solved,
Harvey,wbo_10_30.txt,"Warwick 308: balanced orders, 5 orders per product",10,30,10,10,4.008,solved,
Harvey,wbo_15_15.txt,"Warwick 479: balanced orders, 4 orders per product",15,15,10,10,0.484,solved,
Harvey,wbo_15_15.txt,"Warwick 481: balanced orders, 5 orders per product",15,15,11,11,0.326,solved,
Harvey,wbo_15_15.txt,"Warwick 483: balanced orders, 5 orders per product",15,15,11,11,0.38,solved,
Harvey,wbo_15_15.txt,"Warwick 482: balanced orders, 5 orders per product",15,15,11,11,0.538,solved,
Harvey,wbo_15_15.txt,"Warwick 486: balanced orders, 5 orders per product",15,15,11,11,0.374,solved,
Harvey,wbo_15_15.txt,"Warwick 487: balanced orders, 5 orders per product",15,15,11,11,0.32,solved,
Harvey,wbo_15_15.txt,"Warwick 490: balanced orders, 5 orders per product",15,15,11,11,0.372,solved,
Harvey,wbo_15_15.txt,"Warwick 480: balanced orders, 4 orders per product",15,15,10,10,0.914,solved,
Harvey,wbo_15_15.txt,"Warwick 491: balanced orders, 6 orders per product",15,15,12,12,0.322,solved,
Harvey,wbo_15_15.txt,"Warwick 485: balanced orders, 5 orders per product",15,15,12,12,0.653,solved,
Harvey,wbo_15_15.txt,"Warwick 488: balanced orders, 5 orders per product",15,15,10,10,0.491,solved,
Harvey,wbo_15_15.txt,"Warwick 484: balanced orders, 5 orders per product",15,15,12,12,0.764,solved,
Harvey,wbo_15_15.txt,"Warwick 492: balanced orders, 6 orders per product",15,15,12,12,0.437,solved,
Harvey,wbo_15_15.txt,"Warwick 493: balanced orders, 6 orders per product",15,15,13,13,0.432,solved,
Harvey,wbo_10_30.txt,"Warwick 310: balanced orders, 5 orders per product",10,30,10,10,3.851,solved,
Harvey,wbo_15_15.txt,"Warwick 494: balanced orders, 6 orders per product",15,15,13,13,0.54,solved,
Harvey,wbo_15_15.txt,"Warwick 495: balanced orders, 6 orders per product",15,15,12,12,0.386,solved,
Harvey,wbo_15_15.txt,"Warwick 489: balanced orders, 5 orders per product",15,15,11,11,0.869,solved,
Harvey,wbo_15_15.txt,"Warwick 497: balanced orders, 6 orders per product",15,15,12,12,0.385,solved,
Harvey,wbo_15_15.txt,"Warwick 500: balanced orders, 6 orders per product",15,15,12,12,0.481,solved,
Harvey,wbo_15_15.txt,"Warwick 501: balanced orders, 7 orders per product",15,15,13,13,0.327,solved,
Harvey,wbo_15_15.txt,"Warwick 496: balanced orders, 6 orders per product",15,15,13,13,0.854,solved,
Harvey,wbo_15_15.txt,"Warwick 499: balanced orders, 6 orders per product",15,15,13,13,0.793,solved,
Harvey,wbo_15_15.txt,"Warwick 507: balanced orders, 7 orders per product",15,15,13,13,0.411,solved,
Harvey,wbo_15_15.txt,"Warwick 498: balanced orders, 6 orders per product",15,15,13,13,0.856,solved,
Harvey,wbo_15_15.txt,"Warwick 502: balanced orders, 7 orders per product",15,15,14,14,0.695,solved,
Harvey,wbo_15_15.txt,"Warwick 504: balanced orders, 7 orders per product",15,15,14,14,0.638,solved,
Harvey,wbo_15_15.txt,"Warwick 506: balanced orders, 7 orders per product",15,15,14,14,0.635,solved,
Harvey,wbo_15_15.txt,"Warwick 505: balanced orders, 7 orders per product",15,15,14,14,0.743,solved,
Harvey,wbo_15_15.txt,"Warwick 503: balanced orders, 7 orders per product",15,15,14,14,0.854,solved,
Harvey,wbo_15_15.txt,"Warwick 508: balanced orders, 7 orders per product",15,15,14,14,0.588,solved,
Harvey,wbo_15_15.txt,"Warwick 509: balanced orders, 7 orders per product",15,15,14,14,0.585,solved,
Harvey,wbo_15_15.txt,"Warwick 510: balanced orders, 7 orders per product",15,15,14,14,0.798,solved,
Harvey,wbo_10_30.txt,"Warwick 280: balanced orders, 2 orders per product",10,30,6,6,13.739,solved,
Harvey,wbo_10_30.txt,"Warwick 293: balanced orders, 4 orders per product",10,30,10,10,12.95,solved,
Harvey,wbo_15_30.txt,"Warwick 631: balanced orders, 2 orders per product",15,30,4,4,1.964,solved,
Harvey,wbo_10_30.txt,"Warwick 296: balanced orders, 4 orders per product",10,30,9,9,14.112,solved,
Harvey,wbo_10_30.txt,"Warwick 309: balanced orders, 5 orders per product",10,30,10,10,7.826,solved,
Harvey,wbo_15_30.txt,"Warwick 635: balanced orders, 2 orders per product",15,30,5,5,3.383,solved,
Harvey,wbo_15_30.txt,"Warwick 638: balanced orders, 2 orders per product",15,30,5,5,6.143,solved,
Harvey,wbo_10_30.txt,"Warwick 271: balanced orders, 2 orders per product",10,30,6,6,20.854,solved,
Harvey,wbo_10_30.txt,"Warwick 274: balanced orders, 2 orders per product",10,30,6,6,22.809,solved,
Harvey,wbo_15_30.txt,"Warwick 633: balanced orders, 2 orders per product",15,30,6,6,9.49,solved,
Harvey,wbo_10_30.txt,"Warwick 284: balanced orders, 3 orders per product",10,30,8,8,22.38,solved,
Harvey,wbo_15_30.txt,"Warwick 642: balanced orders, 3 orders per product",15,30,8,8,9.258,solved,
Harvey,wbo_15_30.txt,"Warwick 634: balanced orders, 2 orders per product",15,30,6,6,11.508,solved,
Harvey,wbo_15_30.txt,"Warwick 637: balanced orders, 2 orders per product",15,30,6,6,11.348,solved,
Harvey,wbo_15_30.txt,"Warwick 640: balanced orders, 2 orders per product",15,30,6,6,11.792,solved,
Harvey,wbo_15_30.txt,"Warwick 632: balanced orders, 2 orders per product",15,30,6,6,13.736,solved,
Harvey,wbo_15_30.txt,"Warwick 639: balanced orders, 2 orders per product",15,30,6,6,14.168,solved,
Harvey,wbo_15_30.txt,"Warwick 636: balanced orders, 2 orders per product",15,30,6,6,14.386,solved,
Harvey,wbo_10_30.txt,"Warwick 283: balanced orders, 3 orders per product",10,30,8,8,32.264,solved,
Harvey,wbo_10_30.txt,"Warwick 288: balanced orders, 3 orders per product",10,30,8,8,37.073,solved,
Harvey,wbo_10_30.txt,"Warwick 302: balanced orders, 5 orders per product",10,30,10,10,38.59,solved,
Harvey,wbo_10_30.txt,"Warwick 287: balanced orders, 3 orders per product",10,30,8,8,50.05,solved,
Harvey,wbo_15_30.txt,"Warwick 658: balanced orders, 4 orders per product",15,30,11,11,28.316,solved,
Harvey,wbo_10_30.txt,"Warwick 281: balanced orders, 3 orders per product",10,30,,,60.036,timeout,
Harvey,wbo_10_30.txt,"Warwick 282: balanced orders, 3 orders per product",10,30,,,60.04,timeout,
Harvey,wbo_10_30.txt,"Warwick 285: balanced orders, 3 orders per product",10,30,,,60.047,timeout,
Harvey,wbo_10_30.txt,"Warwick 286: balanced orders, 3 orders per product",10,30,,,60.051,timeout,
Harvey,wbo_10_30.txt,"Warwick 290: balanced orders, 3 orders per product",10,30,,,60.005,timeout,
Harvey,wbo_10_30.txt,"Warwick 292: balanced orders, 4 orders per product",10,30,9,9,60.011,solved,
Harvey,wbo_10_30.txt,"Warwick 294: balanced orders, 4 orders per product",10,30,,,60.01,timeout,
Harvey,wbo_10_30.txt,"Warwick 298: balanced orders, 4 orders per product",10,30,,,60.01,timeout,
Harvey,wbo_15_30.txt,"Warwick 647: balanced orders, 3 orders per product",15,30,9,9,49.164,solved,
Harvey,wbo_15_30.txt,"Warwick 641: balanced orders, 3 orders per product",15,30,,,60.014,timeout,
Harvey,wbo_15_30.txt,"Warwick 643: balanced orders, 3 orders per product",15,30,,,60.017,timeout,
Harvey,wbo_15_30.txt,"Warwick 644: balanced orders, 3 orders per product",15,30,,,60.022,timeout,
Harvey,wbo_15_30.txt,"Warwick 645: balanced orders, 3 orders per product",15,30,,,60.025,timeout,
Harvey,wbo_15_30.txt,"Warwick 646: balanced orders, 3 orders per product",15,30,,,60.025,timeout,
Harvey,wbo_15_30.txt,"Warwick 663: balanced orders, 5 orders per product",15,30,14,14,28.139,solved,
Harvey,wbo_15_30.txt,"Warwick 648: balanced orders, 3 orders per product",15,30,,,60.018,timeout,
Harvey,wbo_15_30.txt,"Warwick 649: balanced orders, 3 orders per product",15,30,,,60.028,timeout,
Harvey,wbo_15_30.txt,"Warwick 650: balanced orders, 3 orders per product",15,30,,,60.041,timeout,
Harvey,wbo_15_30.txt,"Warwick 651: balanced orders, 4 orders per product",15,30,,,60.048,timeout,
Harvey,wbo_15_30.txt,"Warwick 652: balanced orders, 4 orders per product",15,30,,,60.006,timeout,
Harvey,wbo_15_30.txt,"Warwick 653: balanced orders, 4 orders per product",15,30,,,60.019,timeout,
Harvey,wbo_15_30.txt,"Warwick 654: balanced orders, 4 orders per product",15,30,,,60.028,timeout,
Harvey,wbo_15_30.txt,"Warwick 655: balanced orders, 4 orders per product",15,30,,,60.032,timeout,
Harvey,wbo_15_30.txt,"Warwick 656: balanced orders, 4 orders per product",15,30,,,60.043,timeout,
Harvey,wbo_15_30.txt,"Warwick 657: balanced orders, 4 orders per product",15,30,,,60.049,timeout,
Harvey,wbo_15_30.txt,"Warwick 659: balanced orders, 4 orders per product",15,30,,,60.001,timeout,
Harvey,wbo_15_30.txt,"Warwick 660: balanced orders, 4 orders per product",15,30,,,60.006,timeout,
Harvey,wbo_20_10.txt,"Warwick 871: balanced orders, 4 orders per product",20,10,6,6,0.104,solved,
Harvey,wbo_20_10.txt,"Warwick 872: balanced orders, 4 orders per product",20,10,7,7,0.105,solved,
Harvey,wbo_20_10.txt,"Warwick 873: balanced orders, 4 orders per product",20,10,6,6,0.111,solved,
Harvey,wbo_20_10.txt,"Warwick 874: balanced orders, 4 orders per product",20,10,6,6,0.104,solved,
Harvey,wbo_20_10.txt,"Warwick 875: balanced orders, 4 orders per product",20,10,7,7,0.104,solved,
Harvey,wbo_20_10.txt,"Warwick 876: balanced orders, 4 orders per product",20,10,6,6,0.104,solved,
Harvey,wbo_20_10.txt,"Warwick 877: balanced orders, 4 orders per product",20,10,8,8,0.104,solved,
Harvey,wbo_20_10.txt,"Warwick 878: balanced orders, 4 orders per product",20,10,7,7,0.104,solved,
Harvey,wbo_20_10.txt,"Warwick 879: balanced orders, 4 orders per product",20,10,8,8,0.104,solved,
Harvey,wbo_20_10.txt,"Warwick 880: balanced orders, 4 orders per product",20,10,7,7,0.104,solved,
Harvey,wbo_20_10.txt,"Warwick 881: balanced orders, 5 orders per product",20,10,9,9,0.104,solved,
Harvey,wbo_20_10.txt,"Warwick 882: balanced orders, 5 orders per product",20,10,8,8,0.104,solved,
Harvey,wbo_20_10.txt,"Warwick 883: balanced orders, 5 orders per product",20,10,9,9,0.104,solved,
Harvey,wbo_20_10.txt,"Warwick 884: balanced orders, 5 orders per product",20,10,10,10,0.104,solved,
Harvey,wbo_15_30.txt,"Warwick 671: balanced orders, 6 orders per product",15,30,14,14,33.45,solved,
Harvey,wbo_20_10.txt,"Warwick 885: balanced orders, 5 orders per product",20,10,10,10,0.159,solved,
Harvey,wbo_20_10.txt,"Warwick 886: balanced orders, 5 orders per product",20,10,9,9,0.108,solved,
Harvey,wbo_20_10.txt,"Warwick 887: balanced orders, 5 orders per product",20,10,9,9,0.108,solved,
Harvey,wbo_20_10.txt,"Warwick 888: balanced orders, 5 orders per product",20,10,9,9,0.108,solved,
Harvey,wbo_20_10.txt,"Warwick 889: balanced orders, 5 orders per product",20,10,9,9,0.109,solved,
Harvey,wbo_20_10.txt,"Warwick 890: balanced orders, 5 orders per product",20,10,9,9,0.109,solved,
Harvey,wbo_20_10.txt,"Warwick 891: balanced orders, 6 orders per product",20,10,12,12,0.108,solved,
Harvey,wbo_20_10.txt,"Warwick 892: balanced orders, 6 orders per product",20,10,12,12,0.159,solved,
Harvey,wbo_20_10.txt,"Warwick 893: balanced orders, 6 orders per product",20,10,12,12,0.158,solved,
Harvey,wbo_20_10.txt,"Warwick 894: balanced orders, 6 orders per product",20,10,13,13,0.112,solved,
Harvey,wbo_20_10.txt,"Warwick 895: balanced orders, 6 orders per product",20,10,12,12,0.167,solved,
Harvey,wbo_20_10.txt,"Warwick 896: balanced orders, 6 orders per product",20,10,12,12,0.111,solved,
Harvey,wbo_20_10.txt,"Warwick 897: balanced orders, 6 orders per product",20,10,12,12,0.108,solved,
Harvey,wbo_20_10.txt,"Warwick 898: balanced orders, 6 orders per product",20,10,12,12,0.159,solved,
Harvey,wbo_20_10.txt,"Warwick 899: balanced orders, 6 orders per product",20,10,12,12,0.109,solved,
Harvey,wbo_20_10.txt,"Warwick 900: balanced orders, 6 orders per product",20,10,11,11,0.113,solved,
Harvey,wbo_20_10.txt,"Warwick 901: balanced orders, 7 orders per product",20,10,14,14,0.163,solved,
Harvey,wbo_20_10.txt,"Warwick 902: balanced orders, 7 orders per product",20,10,15,15,0.165,solved,
Harvey,wbo_20_10.txt,"Warwick 903: balanced orders, 7 orders per product",20,10,14,14,0.162,solved,
Harvey,wbo_20_10.txt,"Warwick 904: balanced orders, 7 orders per product",20,10,14,14,0.161,solved,
Harvey,wbo_20_10.txt,"Warwick 905: balanced orders, 7 orders per product",20,10,13,13,0.11,solved,
Harvey,wbo_20_10.txt,"Warwick 906: balanced orders, 7 orders per product",20,10,14,14,0.159,solved,
Harvey,wbo_20_10.txt,"Warwick 907: balanced orders, 7 orders per product",20,10,15,15,0.159,solved,
Harvey,wbo_20_10.txt,"Warwick 908: balanced orders, 7 orders per product",20,10,13,13,0.112,solved,
Harvey,wbo_20_10.txt,"Warwick 909: balanced orders, 7 orders per product",20,10,15,15,0.162,solved,
Harvey,wbo_20_10.txt,"Warwick 910: balanced orders, 7 orders per product",20,10,14,14,0.109,solved,
Harvey,wbo_20_10.txt,"Warwick 911: balanced orders, 8 orders per product",20,10,14,14,0.109,solved,
Harvey,wbo_20_10.txt,"Warwick 912: balanced orders, 8 orders per product",20,10,15,15,0.163,solved,
Harvey,wbo_15_30.txt,"Warwick 661: balanced orders, 5 orders per product",15,30,,,60.037,timeout,
Harvey,wbo_20_10.txt,"Warwick 913: balanced orders, 8 orders per product",20,10,15,15,0.169,solved,
Harvey,wbo_20_10.txt,"Warwick 914: balanced orders, 8 orders per product",20,10,15,15,0.12,solved,
Harvey,wbo_20_10.txt,"Warwick 915: balanced orders, 8 orders per product",20,10,15,15,0.168,solved,
Harvey,wbo_20_10.txt,"Warwick 916: balanced orders, 8 orders per product",20,10,15,15,0.164,solved,
Harvey,wbo_20_10.txt,"Warwick 917: balanced orders, 8 orders per product",20,10,14,14,0.169,solved,
Harvey,wbo_20_10.txt,"Warwick 918: balanced orders, 8 orders per product",20,10,14,14,0.115,solved,
Harvey,wbo_20_10.txt,"Warwick 919: balanced orders, 8 orders per product",20,10,14,14,0.112,solved,
Harvey,wbo_20_10.txt,"Warwick 920: balanced orders, 8 orders per product",20,10,15,15,0.113,solved,
Harvey,wbo_20_10.txt,"Warwick 921: balanced orders, 9 orders per product",20,10,16,16,0.112,solved,
Harvey,wbo_20_10.txt,"Warwick 922: balanced orders, 9 orders per product",20,10,17,17,0.163,solved,
Harvey,wbo_20_10.txt,"Warwick 923: balanced orders, 9 orders per product",20,10,18,18,0.163,solved,
Harvey,wbo_20_10.txt,"Warwick 924: balanced orders, 9 orders per product",20,10,15,15,0.163,solved,
Harvey,wbo_20_10.txt,"Warwick 925: balanced orders, 9 orders per product",20,10,16,16,0.164,solved,
Harvey,wbo_20_10.txt,"Warwick 926: balanced orders, 9 orders per product",20,10,16,16,0.164,solved,
Harvey,wbo_20_10.txt,"Warwick 927: balanced orders, 9 orders per product",20,10,17,17,0.164,solved,
Harvey,wbo_20_10.txt,"Warwick 928: balanced orders, 9 orders per product",20,10,16,16,0.163,solved,
Harvey,wbo_20_10.txt,"Warwick 929: balanced orders, 9 orders per product",20,10,16,16,0.163,solved,
Harvey,wbo_20_10.txt,"Warwick 930: balanced orders, 9 orders per product",20,10,15,15,0.113,solved,
Harvey,wbo_20_10.txt,"Warwick 931: balanced orders, 10 orders per product",20,10,17,17,0.166,solved,
Harvey,wbo_20_10.txt,"Warwick 932: balanced orders, 10 orders per product",20,10,17,17,0.166,solved,
Harvey,wbo_20_10.txt,"Warwick 933: balanced orders, 10 orders per product",20,10,17,17,0.166,solved,
Harvey,wbo_20_10.txt,"Warwick 934: balanced orders, 10 orders per product",20,10,18,18,0.163,solved,
Harvey,wbo_20_10.txt,"Warwick 935: balanced orders, 10 orders per product",20,10,18,18,0.163,solved,
Harvey,wbo_20_10.txt,"Warwick 936: balanced orders, 10 orders per product",20,10,18,18,0.163,solved,
Harvey,wbo_20_10.txt,"Warwick 937: balanced orders, 10 orders per product",20,10,17,17,0.165,solved,
Harvey,wbo_20_10.txt,"Warwick 938: balanced orders, 10 orders per product",20,10,19,19,0.165,solved,
Harvey,wbo_20_10.txt,"Warwick 939: balanced orders, 10 orders per product",20,10,17,17,0.165,solved,
Harvey,wbo_20_10.txt,"Warwick 940: balanced orders, 10 orders per product",20,10,17,17,0.115,solved,
Harvey,wbo_20_20.txt,"Warwick 1021: balanced orders, 2 orders per product",20,20,3,3,1.526,solved,
Harvey,wbo_20_20.txt,"Warwick 1022: balanced orders, 2 orders per product",20,20,3,3,1.576,solved,
Harvey,wbo_20_20.txt,"Warwick 1023: balanced orders, 2 orders per product",20,20,3,3,1.673,solved,
Harvey,wbo_15_30.txt,"Warwick 662: balanced orders, 5 orders per product",15,30,,,60.047,timeout,
Harvey,wbo_20_20.txt,"Warwick 1024: balanced orders, 2 orders per product",20,20,3,3,1.788,solved,
Harvey,wbo_20_20.txt,"Warwick 1026: balanced orders, 2 orders per product",20,20,3,3,1.986,solved,
Harvey,wbo_20_20.txt,"Warwick 1025: balanced orders, 2 orders per product",20,20,4,4,2.45,solved,
Harvey,wbo_20_20.txt,"Warwick 1027: balanced orders, 2 orders per product",20,20,3,3,1.985,solved,
Harvey,wbo_20_20.txt,"Warwick 1028: balanced orders, 2 orders per product",20,20,3,3,1.981,solved,
Harvey,wbo_20_20.txt,"Warwick 1029: balanced orders, 2 orders per product",20,20,3,3,1.98,solved,
Harvey,wbo_20_20.txt,"Warwick 1030: balanced orders, 2 orders per product",20,20,3,3,1.975,solved,
Harvey,wbo_15_30.txt,"Warwick 684: balanced orders, 7 orders per product",15,30,15,15,23.229,solved,
Harvey,wbo_20_20.txt,"Warwick 1031: balanced orders, 3 orders per product",20,20,8,8,2.681,solved,
Harvey,wbo_20_20.txt,"Warwick 1033: balanced orders, 3 orders per product",20,20,7,7,2.578,solved,
Harvey,wbo_20_20.txt,"Warwick 1034: balanced orders, 3 orders per product",20,20,8,8,2.93,solved,
Harvey,wbo_20_20.txt,"Warwick 1032: balanced orders, 3 orders per product",20,20,8,8,3.795,solved,
Harvey,wbo_20_20.txt,"Warwick 1035: balanced orders, 3 orders per product",20,20,8,8,3.132,solved,
Harvey,wbo_20_20.txt,"Warwick 1036: balanced orders, 3 orders per product",20,20,7,7,2.431,solved,
Harvey,wbo_20_20.txt,"Warwick 1040: balanced orders, 3 orders per product",20,20,7,7,1.922,solved,
Harvey,wbo_20_20.txt,"Warwick 1037: balanced orders, 3 orders per product",20,20,7,7,3.398,solved,
Harvey,wbo_20_20.txt,"Warwick 1038: balanced orders, 3 orders per product",20,20,7,7,2.85,solved,
Harvey,wbo_15_30.txt,"Warwick 683: balanced orders, 7 orders per product",15,30,15,15,28.978,solved,
Harvey,wbo_20_20.txt,"Warwick 1039: balanced orders, 3 orders per product",20,20,7,7,3.415,solved,
Harvey,wbo_20_20.txt,"Warwick 1041: balanced orders, 4 orders per product",20,20,11,11,3.164,solved,
Harvey,wbo_20_20.txt,"Warwick 1044: balanced orders, 4 orders per product",20,20,10,10,2.896,solved,
Harvey,wbo_15_30.txt,"Warwick 664: balanced orders, 5 orders per product",15,30,14,14,58.763,solved,
Harvey,wbo_20_20.txt,"Warwick 1045: balanced orders, 4 orders per product",20,20,10,10,3.05,solved,
Harvey,wbo_20_20.txt,"Warwick 1042: balanced orders, 4 orders per product",20,20,11,11,4.387,solved,
Harvey,wbo_20_20.txt,"Warwick 1046: balanced orders, 4 orders per product",20,20,12,12,4.312,solved,
Harvey,wbo_20_20.txt,"Warwick 1047: balanced orders, 4 orders per product",20,20,10,10,3.35,solved,
Harvey,wbo_20_20.txt,"Warwick 1043: balanced orders, 4 orders per product",20,20,12,12,6.52,solved,
Harvey,wbo_20_20.txt,"Warwick 1048: balanced orders, 4 orders per product",20,20,11,11,3.464,solved,
Harvey,wbo_20_20.txt,"Warwick 1049: balanced orders, 4 orders per product",20,20,10,10,3.874,solved,
Harvey,wbo_20_20.txt,"Warwick 1050: balanced orders, 4 orders per product",20,20,11,11,4.175,solved,
Harvey,wbo_20_20.txt,"Warwick 1051: balanced orders, 5 orders per product",20,20,13,13,3.42,solved,
Harvey,wbo_15_30.txt,"Warwick 665: balanced orders, 5 orders per product",15,30,,,60.014,timeout,
Harvey,wbo_15_30.txt,"Warwick 666: balanced orders, 5 orders per product",15,30,,,60.016,timeout,
Harvey,wbo_15_30.txt,"Warwick 667: balanced orders, 5 orders per product",15,30,,,60.014,timeout,
Harvey,wbo_15_30.txt,"Warwick 668: balanced orders, 5 orders per product",15,30,,,60.014,timeout,
Harvey,wbo_15_30.txt,"Warwick 669: balanced orders, 5 orders per product",15,30,,,60.018,timeout,
Harvey,wbo_15_30.txt,"Warwick 670: balanced orders, 5 orders per product",15,30,,,60.023,timeout,
Harvey,wbo_20_20.txt,"Warwick 1052: balanced orders, 5 orders per product",20,20,13,13,4.535,solved,
Harvey,wbo_15_30.txt,"Warwick 690: balanced orders, 7 orders per product",15,30,15,15,33.539,solved,
Harvey,wbo_15_30.txt,"Warwick 672: balanced orders, 6 orders per product",15,30,,,60.022,timeout,
Harvey,wbo_20_20.txt,"Warwick 1053: balanced orders, 5 orders per product",20,20,13,13,5.199,solved,
Harvey,wbo_20_20.txt,"Warwick 1055: balanced orders, 5 orders per product",20,20,13,13,4.283,solved,
Harvey,wbo_20_20.txt,"Warwick 1056: balanced orders, 5 orders per product",20,20,12,12,3.725,solved,
Harvey,wbo_20_20.txt,"Warwick 1054: balanced orders, 5 orders per product",20,20,14,14,4.75,solved,
Harvey,wbo_20_20.txt,"Warwick 1062: balanced orders, 6 orders per product",20,20,15,15,3.278,solved,
Harvey,wbo_20_20.txt,"Warwick 1057: balanced orders, 5 orders per product",20,20,13,13,5.189,solved,
Harvey,wbo_20_20.txt,"Warwick 1060: balanced orders, 5 orders per product",20,20,13,13,3.907,solved,
Harvey,wbo_20_20.txt,"Warwick 1064: balanced orders, 6 orders per product",20,20,15,15,4.021,solved,
Harvey,wbo_20_20.txt,"Warwick 1059: balanced orders, 5 orders per product",20,20,13,13,5.129,solved,
Harvey,wbo_20_20.txt,"Warwick 1058: balanced orders, 5 orders per product",20,20,14,14,6.66,solved,
Harvey,wbo_15_30.txt,"Warwick 673: balanced orders, 6 orders per product",15,30,,,60.018,timeout,
Harvey,wbo_20_20.txt,"Warwick 1061: balanced orders, 6 orders per product",20,20,15,15,5.534,solved,
Harvey,wbo_20_20.txt,"Warwick 1068: balanced orders, 6 orders per product",20,20,15,15,4.586,solved,
Harvey,wbo_20_20.txt,"Warwick 1067: balanced orders, 6 orders per product",20,20,15,15,4.9,solved,
Harvey,wbo_20_20.txt,"Warwick 1063: balanced orders, 6 orders per product",20,20,15,15,6.494,solved,
Harvey,wbo_20_20.txt,"Warwick 1065: balanced orders, 6 orders per product",20,20,16,16,6.329,solved,
Harvey,wbo_20_20.txt,"Warwick 1066: balanced orders, 6 orders per product",20,20,16,16,6.786,solved,
Harvey,wbo_20_20.txt,"Warwick 1074: balanced orders, 7 orders per product",20,20,17,17,5.344,solved,
Harvey,wbo_20_20.txt,"Warwick 1073: balanced orders, 7 orders per product",20,20,17,17,5.403,solved,
Harvey,wbo_20_20.txt,"Warwick 1075: balanced orders, 7 orders per product",20,20,16,16,4.745,solved,
Harvey,wbo_20_20.txt,"Warwick 1078: balanced orders, 7 orders per product",20,20,16,16,4.022,solved,
Harvey,wbo_20_20.txt,"Warwick 1071: balanced orders, 7 orders per product",20,20,17,17,7.482,solved,
Harvey,wbo_20_20.txt,"Warwick 1076: balanced orders, 7 orders per product",20,20,16,16,4.803,solved,
Harvey,wbo_20_20.txt,"Warwick 1082: balanced orders, 8 orders per product",20,20,17,17,3.504,solved,
Harvey,wbo_20_20.txt,"Warwick 1070: balanced orders, 6 orders per product",20,20,16,16,8.908,solved,
Harvey,wbo_20_20.txt,"Warwick 1069: balanced orders, 6 orders per product",20,20,16,16,9.619,solved,
Harvey,wbo_20_20.txt,"Warwick 1072: balanced orders, 7 orders per product",20,20,17,17,8.054,solved,
Harvey,wbo_20_20.txt,"Warwick 1088: balanced orders, 8 orders per product",20,20,17,17,3.345,solved,
Harvey,wbo_15_30.txt,"Warwick 674: balanced orders, 6 orders per product",15,30,,,60.05,timeout,
Harvey,wbo_15_30.txt,"Warwick 675: balanced orders, 6 orders per product",15,30,,,60.049,timeout,
Harvey,wbo_15_30.txt,"Warwick 676: balanced orders, 6 orders per product",15,30,,,60.049,timeout,
Harvey,wbo_20_20.txt,"Warwick 1080: balanced orders, 7 orders per product",20,20,17,17,8.8,solved,
Harvey,wbo_15_30.txt,"Warwick 677: balanced orders, 6 orders per product",15,30,,,60.005,timeout,
Harvey,wbo_20_20.txt,"Warwick 1079: balanced orders, 7 orders per product",20,20,17,17,9.98,solved,
Harvey,wbo_15_30.txt,"Warwick 678: balanced orders, 6 orders per product",15,30,,,60.011,timeout,
Harvey,wbo_20_20.txt,"Warwick 1087: balanced orders, 8 orders per product",20,20,18,18,7.387,solved,
Harvey,wbo_20_20.txt,"Warwick 1077: balanced orders, 7 orders per product",20,20,18,18,11.727,solved,
Harvey,wbo_20_20.txt,"Warwick 1095: balanced orders, 9 orders per product",20,20,18,18,4.753,solved,
Harvey,wbo_20_20.txt,"Warwick 1084: balanced orders, 8 orders per product",20,20,18,18,10.13,solved,
Harvey,wbo_20_20.txt,"Warwick 1091: balanced orders, 9 orders per product",20,20,19,19,7.344,solved,
Harvey,wbo_20_20.txt,"Warwick 1093: balanced orders, 9 orders per product",20,20,19,19,6.484,solved,
Harvey,wbo_20_20.txt,"Warwick 1097: balanced orders, 9 orders per product",20,20,18,18,4.098,solved,
Harvey,wbo_15_30.txt,"Warwick 679: balanced orders, 6 orders per product",15,30,,,60.022,timeout,
Harvey,wbo_20_20.txt,"Warwick 1089: balanced orders, 8 orders per product",20,20,18,18,8.477,solved,
Harvey,wbo_20_20.txt,"Warwick 1081: balanced orders, 8 orders per product",20,20,18,18,12.14,solved,
Harvey,wbo_30_10.txt,"Warwick 1291: balanced orders, 6 orders per product",30,10,10,10,0.16,solved,
Harvey,wbo_20_20.txt,"Warwick 1085: balanced orders, 8 orders per product",20,20,18,18,9.316,solved,
Harvey,wbo_30_10.txt,"Warwick 1292: balanced orders, 6 orders per product",30,10,11,11,0.164,solved,
Harvey,wbo_30_10.txt,"Warwick 1293: balanced orders, 6 orders per product",30,10,11,11,0.164,solved,
Harvey,wbo_30_10.txt,"Warwick 1294: balanced orders, 6 orders per product",30,10,11,11,0.11,solved,
Harvey,wbo_30_10.txt,"Warwick 1295: balanced orders, 6 orders per product",30,10,12,12,0.164,solved,
Harvey,wbo_30_10.txt,"Warwick 1296: balanced orders, 6 orders per product",30,10,12,12,0.113,solved,
Harvey,wbo_30_10.txt,"Warwick 1297: balanced orders, 6 orders per product",30,10,10,10,0.109,solved,
Harvey,wbo_30_10.txt,"Warwick 1298: balanced orders, 6 orders per product",30,10,11,11,0.163,solved,
Harvey,wbo_30_10.txt,"Warwick 1300: balanced orders, 6 orders per product",30,10,12,12,0.159,solved,
Harvey,wbo_15_30.txt,"Warwick 680: balanced orders, 6 orders per product",15,30,,,60.015,timeout,
Harvey,wbo_30_10.txt,"Warwick 1299: balanced orders, 6 orders per product",30,10,12,12,0.223,solved,
Harvey,wbo_30_10.txt,"Warwick 1301: balanced orders, 7 orders per product",30,10,12,12,0.172,solved,
Harvey,wbo_30_10.txt,"Warwick 1302: balanced orders, 7 orders per product",30,10,13,13,0.222,solved,
Harvey,wbo_30_10.txt,"Warwick 1303: balanced orders, 7 orders per product",30,10,13,13,0.163,solved,
Harvey,wbo_30_10.txt,"Warwick 1304: balanced orders, 7 orders per product",30,10,14,14,0.217,solved,
Harvey,wbo_30_10.txt,"Warwick 1305: balanced orders, 7 orders per product",30,10,14,14,0.167,solved,
Harvey,wbo_30_10.txt,"Warwick 1306: balanced orders, 7 orders per product",30,10,12,12,0.117,solved,
Harvey,wbo_30_10.txt,"Warwick 1307: balanced orders, 7 orders per product",30,10,14,14,0.168,solved,
Harvey,wbo_30_10.txt,"Warwick 1308: balanced orders, 7 orders per product",30,10,13,13,0.168,solved,
Harvey,wbo_15_30.txt,"Warwick 681: balanced orders, 7 orders per product",15,30,,,60.043,timeout,
Harvey,wbo_20_20.txt,"Warwick 1083: balanced orders, 8 orders per product",20,20,19,19,12.684,solved,
Harvey,wbo_30_10.txt,"Warwick 1309: balanced orders, 7 orders per product",30,10,15,15,0.232,solved,
Harvey,wbo_30_10.txt,"Warwick 1310: balanced orders, 7 orders per product",30,10,13,13,0.178,solved,
Harvey,wbo_30_10.txt,"Warwick 1311: balanced orders, 8 orders per product",30,10,16,16,0.182,solved,
Harvey,wbo_30_10.txt,"Warwick 1312: balanced orders, 8 orders per product",30,10,17,17,0.181,solved,
Harvey,wbo_30_10.txt,"Warwick 1313: balanced orders, 8 orders per product",30,10,17,17,0.176,solved,
Harvey,wbo_30_10.txt,"Warwick 1314: balanced orders, 8 orders per product",30,10,16,16,0.173,solved,
Harvey,wbo_30_10.txt,"Warwick 1316: balanced orders, 8 orders per product",30,10,17,17,0.223,solved,
Harvey,wbo_30_10.txt,"Warwick 1317: balanced orders, 8 orders per product",30,10,15,15,0.169,solved,
Harvey,wbo_30_10.txt,"Warwick 1315: balanced orders, 8 orders per product",30,10,18,18,0.285,solved,
Harvey,wbo_30_10.txt,"Warwick 1318: balanced orders, 8 orders per product",30,10,16,16,0.172,solved,
Harvey,wbo_30_10.txt,"Warwick 1319: balanced orders, 8 orders per product",30,10,16,16,0.176,solved,
Harvey,wbo_30_10.txt,"Warwick 1320: balanced orders, 8 orders per product",30,10,17,17,0.226,solved,
Harvey,wbo_30_10.txt,"Warwick 1321: balanced orders, 9 orders per product",30,10,17,17,0.226,solved,
Harvey,wbo_30_10.txt,"Warwick 1322: balanced orders, 9 orders per product",30,10,19,19,0.222,solved,
Harvey,wbo_30_10.txt,"Warwick 1323: balanced orders, 9 orders per product",30,10,19,19,0.226,solved,
Harvey,wbo_30_10.txt,"Warwick 1324: balanced orders, 9 orders per product",30,10,18,18,0.222,solved,
Harvey,wbo_30_10.txt,"Warwick 1325: balanced orders, 9 orders per product",30,10,18,18,0.224,solved,
Harvey,wbo_30_10.txt,"Warwick 1326: balanced orders, 9 orders per product",30,10,18,18,0.17,solved,
Harvey,wbo_30_10.txt,"Warwick 1327: balanced orders, 9 orders per product",30,10,17,17,0.174,solved,
Harvey,wbo_30_10.txt,"Warwick 1328: balanced orders, 9 orders per product",30,10,18,18,0.225,solved,
Harvey,wbo_30_10.txt,"Warwick 1330: balanced orders, 9 orders per product",30,10,18,18,0.168,solved,
Harvey,wbo_20_20.txt,"Warwick 1101: balanced orders, 10 orders per product",20,20,20,20,4.94,solved,
Harvey,wbo_30_10.txt,"Warwick 1329: balanced orders, 9 orders per product",30,10,19,19,0.23,solved,
Harvey,wbo_30_10.txt,"Warwick 1331: balanced orders, 10 orders per product",30,10,21,21,0.232,solved,
Harvey,wbo_30_10.txt,"Warwick 1332: balanced orders, 10 orders per product",30,10,20,20,0.228,solved,
Harvey,wbo_20_20.txt,"Warwick 1100: balanced orders, 9 orders per product",20,20,20,20,5.415,solved,
Harvey,wbo_30_10.txt,"Warwick 1333: balanced orders, 10 orders per product",30,10,21,21,0.238,solved,
Harvey,wbo_30_10.txt,"Warwick 1334: balanced orders, 10 orders per product",30,10,20,20,0.238,solved,
Harvey,wbo_30_10.txt,"Warwick 1335: balanced orders, 10 orders per product",30,10,19,19,0.234,solved,
Harvey,wbo_30_10.txt,"Warwick 1336: balanced orders, 10 orders per product",30,10,18,18,0.178,solved,
Harvey,wbo_30_10.txt,"Warwick 1337: balanced orders, 10 orders per product",30,10,20,20,0.239,solved,
Harvey,wbo_30_10.txt,"Warwick 1338: balanced orders, 10 orders per product",30,10,21,21,0.184,solved,
Harvey,wbo_30_10.txt,"Warwick 1339: balanced orders, 10 orders per product",30,10,21,21,0.237,solved,
Harvey,wbo_30_10.txt,"Warwick 1341: balanced orders, 11 orders per product",30,10,21,21,0.182,solved,
Harvey,wbo_30_10.txt,"Warwick 1342: balanced orders, 11 orders per product",30,10,21,21,0.181,solved,
Harvey,wbo_30_10.txt,"Warwick 1343: balanced orders, 11 orders per product",30,10,20,20,0.176,solved,
Harvey,wbo_30_10.txt,"Warwick 1340: balanced orders, 10 orders per product",30,10,21,21,0.35,solved,
Harvey,wbo_30_10.txt,"Warwick 1344: balanced orders, 11 orders per product",30,10,21,21,0.23,solved,
Harvey,wbo_30_10.txt,"Warwick 1345: balanced orders, 11 orders per product",30,10,22,22,0.175,solved,
Harvey,wbo_30_10.txt,"Warwick 1346: balanced orders, 11 orders per product",30,10,20,20,0.171,solved,
Harvey,wbo_30_10.txt,"Warwick 1348: balanced orders, 11 orders per product",30,10,20,20,0.182,solved,
Harvey,wbo_30_10.txt,"Warwick 1347: balanced orders, 11 orders per product",30,10,22,22,0.293,solved,
Harvey,wbo_30_10.txt,"Warwick 1349: balanced orders, 11 orders per product",30,10,23,23,0.184,solved,
Harvey,wbo_30_10.txt,"Warwick 1350: balanced orders, 11 orders per product",30,10,23,23,0.239,solved,
Harvey,wbo_30_10.txt,"Warwick 1351: balanced orders, 12 orders per product",30,10,23,23,0.185,solved,
Harvey,wbo_30_10.txt,"Warwick 1353: balanced orders, 12 orders per product",30,10,22,22,0.175,solved,
Harvey,wbo_30_10.txt,"Warwick 1352: balanced orders, 12 orders per product",30,10,23,23,0.244,solved,
Harvey,wbo_30_10.txt,"Warwick 1354: balanced orders, 12 orders per product",30,10,22,22,0.234,solved,
Harvey,wbo_15_30.txt,"Warwick 689: balanced orders, 7 orders per product",15,30,14,14,55.096,solved,
Harvey,wbo_30_10.txt,"Warwick 1355: balanced orders, 12 orders per product",30,10,24,24,0.187,solved,
Harvey,wbo_20_20.txt,"Warwick 1090: balanced orders, 8 orders per product",20,20,18,18,11.681,solved,
Harvey,wbo_20_20.txt,"Warwick 1096: balanced orders, 9 orders per product",20,20,19,19,8.085,solved,
Harvey,wbo_20_20.txt,"Warwick 1102: balanced orders, 10 orders per product",20,20,20,20,5.621,solved,
Harvey,wbo_30_10.txt,"Warwick 1356: balanced orders, 12 orders per product",30,10,24,24,0.248,solved,
Harvey,wbo_30_10.txt,"Warwick 1357: balanced orders, 12 orders per product",30,10,25,25,0.243,solved,
Harvey,wbo_30_10.txt,"Warwick 1359: balanced orders, 12 orders per product",30,10,23,23,0.184,solved,
Harvey,wbo_30_10.txt,"Warwick 1358: balanced orders, 12 orders per product",30,10,25,25,0.259,solved,
Harvey,wbo_30_10.txt,"Warwick 1360: balanced orders, 12 orders per product",30,10,24,24,0.251,solved,
Harvey,wbo_30_10.txt,"Warwick 1361: balanced orders, 13 orders per product",30,10,26,26,0.196,solved,
Harvey,wbo_30_10.txt,"Warwick 1362: balanced orders, 13 orders per product",30,10,24,24,0.256,solved,
Harvey,wbo_30_10.txt,"Warwick 1363: balanced orders, 13 orders per product",30,10,24,24,0.201,solved,
Harvey,wbo_30_10.txt,"Warwick 1364: balanced orders, 13 orders per product",30,10,26,26,0.196,solved,
Harvey,wbo_30_10.txt,"Warwick 1365: balanced orders, 13 orders per product",30,10,24,24,0.14,solved,
Harvey,wbo_30_10.txt,"Warwick 1367: balanced orders, 13 orders per product",30,10,24,24,0.152,solved,
Harvey,wbo_30_10.txt,"Warwick 1366: balanced orders, 13 orders per product",30,10,25,25,0.21,solved,
Harvey,wbo_30_10.txt,"Warwick 1368: balanced orders, 13 orders per product",30,10,23,23,0.203,solved,
Harvey,wbo_30_10.txt,"Warwick 1369: balanced orders, 13 orders per product",30,10,24,24,0.199,solved,
Harvey,wbo_30_10.txt,"Warwick 1370: balanced orders, 13 orders per product",30,10,24,24,0.257,solved,
Harvey,wbo_30_10.txt,"Warwick 1372: balanced orders, 14 orders per product",30,10,26,26,0.197,solved,
Harvey,wbo_30_10.txt,"Warwick 1373: balanced orders, 14 orders per product",30,10,25,25,0.193,solved,
Harvey,wbo_15_30.txt,"Warwick 682: balanced orders, 7 orders per product",15,30,,,60.007,timeout,
Harvey,wbo_30_10.txt,"Warwick 1371: balanced orders, 14 orders per product",30,10,24,24,0.269,solved,
Harvey,wbo_30_10.txt,"Warwick 1374: balanced orders, 14 orders per product",30,10,25,25,0.205,solved,
Harvey,wbo_30_10.txt,"Warwick 1376: balanced orders, 14 orders per product",30,10,26,26,0.196,solved,
Harvey,wbo_30_10.txt,"Warwick 1377: balanced orders, 14 orders per product",30,10,25,25,0.191,solved,
Harvey,wbo_30_10.txt,"Warwick 1375: balanced orders, 14 orders per product",30,10,27,27,0.272,solved,
Harvey,wbo_30_10.txt,"Warwick 1378: balanced orders, 14 orders per product",30,10,25,25,0.207,solved,
Harvey,wbo_30_10.txt,"Warwick 1380: balanced orders, 14 orders per product",30,10,24,24,0.148,solved,
Harvey,wbo_30_10.txt,"Warwick 1379: balanced orders, 14 orders per product",30,10,26,26,0.217,solved,
Harvey,wbo_30_10.txt,"Warwick 1381: balanced orders, 15 orders per product",30,10,27,27,0.209,solved,
Harvey,wbo_30_10.txt,"Warwick 1382: balanced orders, 15 orders per product",30,10,25,25,0.153,solved,
Harvey,wbo_30_10.txt,"Warwick 1384: balanced orders, 15 orders per product",30,10,26,26,0.145,solved,
Harvey,wbo_30_10.txt,"Warwick 1383: balanced orders, 15 orders per product",30,10,26,26,0.217,solved,
Harvey,wbo_30_10.txt,"Warwick 1385: balanced orders, 15 orders per product",30,10,27,27,0.208,solved,
Harvey,wbo_30_10.txt,"Warwick 1386: balanced orders, 15 orders per product",30,10,27,27,0.205,solved,
Harvey,wbo_30_10.txt,"Warwick 1388: balanced orders, 15 orders per product",30,10,27,27,0.196,solved,
Harvey,wbo_30_10.txt,"Warwick 1387: balanced orders, 15 orders per product",30,10,26,26,0.264,solved,
Harvey,wbo_30_10.txt,"Warwick 1389: balanced orders, 15 orders per product",30,10,28,28,0.256,solved,
Harvey,wbo_30_10.txt,"Warwick 1390: balanced orders, 15 orders per product",30,10,28,28,0.26,solved,
Harvey,wbo_20_20.txt,"Warwick 1103: balanced orders, 10 orders per product",20,20,20,20,5.541,solved,
Harvey,wbo_15_30.txt,"Warwick 687: balanced orders, 7 orders per product",15,30,14,14,58.228,solved,
Harvey,wbo_30_15.txt,"Warwick 1471: balanced orders, 4 orders per product",30,15,7,7,0.366,solved,
Harvey,wbo_30_15.txt,"Warwick 1472: balanced orders, 4 orders per product",30,15,8,8,0.471,solved,
Harvey,wbo_30_15.txt,"Warwick 1480: balanced orders, 4 orders per product",30,15,7,7,0.284,solved,
Harvey,wbo_30_15.txt,"Warwick 1473: balanced orders, 4 orders per product",30,15,8,8,0.475,solved,
Harvey,wbo_30_15.txt,"Warwick 1475: balanced orders, 4 orders per product",30,15,7,7,0.466,solved,
Harvey,wbo_15_30.txt,"Warwick 685: balanced orders, 7 orders per product",15,30,,,60.037,timeout,
Harvey,wbo_20_20.txt,"Warwick 1104: balanced orders, 10 orders per product",20,20,20,20,5.725,solved,
Harvey,wbo_30_15.txt,"Warwick 1474: balanced orders, 4 orders per product",30,15,8,8,0.636,solved,
Harvey,wbo_30_15.txt,"Warwick 1476: balanced orders, 4 orders per product",30,15,8,8,0.692,solved,
Harvey,wbo_30_15.txt,"Warwick 1477: balanced orders, 4 orders per product",30,15,8,8,0.693,solved,
Harvey,wbo_30_15.txt,"Warwick 1479: balanced orders, 4 orders per product",30,15,9,9,0.634,solved,
Harvey,wbo_30_15.txt,"Warwick 1481: balanced orders, 5 orders per product",30,15,12,12,0.735,solved,
Harvey,wbo_30_15.txt,"Warwick 1482: balanced orders, 5 orders per product",30,15,11,11,0.731,solved,
Harvey,wbo_30_15.txt,"Warwick 1478: balanced orders, 4 orders per product",30,15,8,8,0.86,solved,
Harvey,wbo_30_15.txt,"Warwick 1483: balanced orders, 5 orders per product",30,15,11,11,0.737,solved,
Harvey,wbo_30_15.txt,"Warwick 1487: balanced orders, 5 orders per product",30,15,10,10,0.518,solved,
Harvey,wbo_30_15.txt,"Warwick 1484: balanced orders, 5 orders per product",30,15,12,12,0.748,solved,
Harvey,wbo_30_15.txt,"Warwick 1485: balanced orders, 5 orders per product",30,15,12,12,0.748,solved,
Harvey,wbo_30_15.txt,"Warwick 1486: balanced orders, 5 orders per product",30,15,11,11,0.744,solved,
Harvey,wbo_30_15.txt,"Warwick 1490: balanced orders, 5 orders per product",30,15,11,11,0.634,solved,
Harvey,wbo_30_15.txt,"Warwick 1488: balanced orders, 5 orders per product",30,15,12,12,0.749,solved,
Harvey,wbo_20_20.txt,"Warwick 1099: balanced orders, 9 orders per product",20,20,19,19,8.707,solved,
Harvey,wbo_30_15.txt,"Warwick 1493: balanced orders, 6 orders per product",30,15,15,15,0.575,solved,
Harvey,wbo_20_20.txt,"Warwick 1106: balanced orders, 10 orders per product",20,20,19,19,5.805,solved,
Harvey,wbo_20_20.txt,"Warwick 1109: balanced orders, 10 orders per product",20,20,20,20,5.44,solved,
Harvey,wbo_20_20.txt,"Warwick 1107: balanced orders, 10 orders per product",20,20,20,20,5.811,solved,
Harvey,wbo_30_15.txt,"Warwick 1491: balanced orders, 6 orders per product",30,15,15,15,0.965,solved,
Harvey,wbo_30_15.txt,"Warwick 1498: balanced orders, 6 orders per product",30,15,15,15,0.735,solved,
Harvey,wbo_30_15.txt,"Warwick 1492: balanced orders, 6 orders per product",30,15,16,16,1.123,solved,
Harvey,wbo_30_15.txt,"Warwick 1496: balanced orders, 6 orders per product",30,15,14,14,1.002,solved,
Harvey,wbo_30_15.txt,"Warwick 1489: balanced orders, 5 orders per product",30,15,13,13,1.354,solved,
Harvey,wbo_20_20.txt,"Warwick 1092: balanced orders, 9 orders per product",20,20,19,19,13.186,solved,
Harvey,wbo_30_15.txt,"Warwick 1495: balanced orders, 6 orders per product",30,15,16,16,1.125,solved,
Harvey,wbo_30_15.txt,"Warwick 1499: balanced orders, 6 orders per product",30,15,15,15,0.962,solved,
Harvey,wbo_20_20.txt,"Warwick 1086: balanced orders, 8 orders per product",20,20,19,19,14.985,solved,
Harvey,wbo_15_30.txt,"Warwick 686: balanced orders, 7 orders per product",15,30,,,60.034,timeout,
Harvey,wbo_30_15.txt,"Warwick 1497: balanced orders, 6 orders per product",30,15,16,16,1.139,solved,
Harvey,wbo_30_15.txt,"Warwick 1501: balanced orders, 7 orders per product",30,15,16,16,1.068,solved,
Harvey,wbo_30_15.txt,"Warwick 1504: balanced orders, 7 orders per product",30,15,17,17,1.066,solved,
Harvey,wbo_30_15.txt,"Warwick 1502: balanced orders, 7 orders per product",30,15,17,17,1.182,solved,
Harvey,wbo_30_15.txt,"Warwick 1494: balanced orders, 6 orders per product",30,15,15,15,1.581,solved,
Harvey,wbo_30_15.txt,"Warwick 1506: balanced orders, 7 orders per product",30,15,17,17,1.067,solved,
Harvey,wbo_30_15.txt,"Warwick 1505: balanced orders, 7 orders per product",30,15,18,18,1.182,solved,
Harvey,wbo_20_20.txt,"Warwick 1108: balanced orders, 10 orders per product",20,20,20,20,6.661,solved,
Harvey,wbo_30_15.txt,"Warwick 1500: balanced orders, 6 orders per product",30,15,16,16,1.469,solved,
Harvey,wbo_15_30.txt,"Warwick 688: balanced orders, 7 orders per product",15,30,,,60.023,timeout,
Harvey,wbo_30_15.txt,"Warwick 1507: balanced orders, 7 orders per product",30,15,17,17,1.395,solved,
Harvey,wbo_30_15.txt,"Warwick 1511: balanced orders, 8 orders per product",30,15,20,20,1.179,solved,
Harvey,wbo_30_15.txt,"Warwick 1509: balanced orders, 7 orders per product",30,15,20,20,1.395,solved,
Harvey,wbo_30_15.txt,"Warwick 1513: balanced orders, 8 orders per product",30,15,18,18,1.12,solved,
Harvey,wbo_30_15.txt,"Warwick 1522: balanced orders, 9 orders per product",30,15,20,20,0.716,solved,
Harvey,wbo_30_15.txt,"Warwick 1523: balanced orders, 9 orders per product",30,15,21,21,0.78,solved,
Harvey,wbo_20_20.txt,"Warwick 1105: balanced orders, 10 orders per product",20,20,19,19,7.532,solved,
Harvey,wbo_30_15.txt,"Warwick 1508: balanced orders, 7 orders per product",30,15,19,19,1.677,solved,
Harvey,wbo_30_15.txt,"Warwick 1512: balanced orders, 8 orders per product",30,15,19,19,1.3,solved,
Harvey,wbo_20_20.txt,"Warwick 1098: balanced orders, 9 orders per product",20,20,19,19,10.557,solved,
Harvey,wbo_30_15.txt,"Warwick 1510: balanced orders, 7 orders per product",30,15,18,18,1.578,solved,
Harvey,wbo_30_15.txt,"Warwick 1503: balanced orders, 7 orders per product",30,15,18,18,2.024,solved,
Harvey,wbo_30_15.txt,"Warwick 1524: balanced orders, 9 orders per product",30,15,20,20,1.108,solved,
Harvey,wbo_30_15.txt,"Warwick 1516: balanced orders, 8 orders per product",30,15,21,21,1.514,solved,
Harvey,wbo_20_20.txt,"Warwick 1110: balanced orders, 10 orders per product",20,20,19,19,7.391,solved,
Harvey,wbo_30_15.txt,"Warwick 1517: balanced orders, 8 orders per product",30,15,21,21,1.513,solved,
Harvey,wbo_30_15.txt,"Warwick 1518: balanced orders, 8 orders per product",30,15,21,21,1.568,solved,
Harvey,wbo_30_15.txt,"Warwick 1520: balanced orders, 8 orders per product",30,15,20,20,1.764,solved,
Harvey,wbo_30_15.txt,"Warwick 1521: balanced orders, 9 orders per product",30,15,22,22,1.705,solved,
Harvey,wbo_30_15.txt,"Warwick 1514: balanced orders, 8 orders per product",30,15,21,21,2.21,solved,
Harvey,wbo_30_15.txt,"Warwick 1535: balanced orders, 10 orders per product",30,15,23,23,1.137,solved,
Harvey,wbo_30_15.txt,"Warwick 1527: balanced orders, 9 orders per product",30,15,22,22,1.798,solved,
Harvey,wbo_30_15.txt,"Warwick 1530: balanced orders, 9 orders per product",30,15,23,23,1.632,solved,
Harvey,wbo_30_15.txt,"Warwick 1515: balanced orders, 8 orders per product",30,15,22,22,2.377,solved,
Harvey,wbo_30_15.txt,"Warwick 1526: balanced orders, 9 orders per product",30,15,23,23,1.864,solved,
Harvey,wbo_30_15.txt,"Warwick 1528: balanced orders, 9 orders per product",30,15,21,21,1.804,solved,
Harvey,wbo_30_15.txt,"Warwick 1538: balanced orders, 10 orders per product",30,15,23,23,1.307,solved,
Harvey,wbo_30_15.txt,"Warwick 1546: balanced orders, 11 orders per product",30,15,23,23,0.816,solved,
Harvey,wbo_30_15.txt,"Warwick 1532: balanced orders, 10 orders per product",30,15,23,23,1.652,solved,
Harvey,wbo_30_15.txt,"Warwick 1534: balanced orders, 10 orders per product",30,15,24,24,1.546,solved,
Harvey,wbo_30_15.txt,"Warwick 1539: balanced orders, 10 orders per product",30,15,23,23,1.473,solved,
Harvey,wbo_30_15.txt,"Warwick 1541: balanced orders, 11 orders per product",30,15,24,24,1.415,solved,
Harvey,wbo_20_20.txt,"Warwick 1094: balanced orders, 9 orders per product",20,20,19,19,15.284,solved,
Harvey,wbo_30_15.txt,"Warwick 1519: balanced orders, 8 orders per product",30,15,21,21,2.548,solved,
Harvey,wbo_30_15.txt,"Warwick 1529: balanced orders, 9 orders per product",30,15,22,22,2.092,solved,
Harvey,wbo_30_15.txt,"Warwick 1536: balanced orders, 10 orders per product",30,15,24,24,1.648,solved,
Harvey,wbo_30_15.txt,"Warwick 1525: balanced orders, 9 orders per product",30,15,22,22,2.432,solved,
Harvey,wbo_30_15.txt,"Warwick 1537: balanced orders, 10 orders per product",30,15,24,24,1.818,solved,
Harvey,wbo_30_15.txt,"Warwick 1533: balanced orders, 10 orders per product",30,15,24,24,2.049,solved,
Harvey,wbo_30_15.txt,"Warwick 1543: balanced orders, 11 orders per product",30,15,25,25,1.753,solved,
Harvey,wbo_30_15.txt,"Warwick 1531: balanced orders, 10 orders per product",30,15,24,24,2.322,solved,
Harvey,wbo_30_15.txt,"Warwick 1552: balanced orders, 12 orders per product",30,15,25,25,0.961,solved,
Harvey,wbo_30_15.txt,"Warwick 1545: balanced orders, 11 orders per product",30,15,25,25,1.656,solved,
Harvey,wbo_30_15.txt,"Warwick 1540: balanced orders, 10 orders per product",30,15,24,24,2.192,solved,
Harvey,wbo_30_15.txt,"Warwick 1547: balanced orders, 11 orders per product",30,15,23,23,1.759,solved,
Harvey,wbo_30_15.txt,"Warwick 1553: balanced orders, 12 orders per product",30,15,25,25,1.073,solved,
Harvey,wbo_30_15.txt,"Warwick 1550: balanced orders, 11 orders per product",30,15,25,25,1.552,solved,
Harvey,wbo_30_15.txt,"Warwick 1555: balanced orders, 12 orders per product",30,15,26,26,1.173,solved,
Harvey,wbo_30_15.txt,"Warwick 1549: balanced orders, 11 orders per product",30,15,26,26,1.769,solved,
Harvey,wbo_30_15.txt,"Warwick 1542: balanced orders, 11 orders per product",30,15,26,26,2.617,solved,
Harvey,wbo_30_15.txt,"Warwick 1565: balanced orders, 13 orders per product",30,15,27,27,1.091,solved,
Harvey,wbo_30_15.txt,"Warwick 1551: balanced orders, 12 orders per product",30,15,26,26,1.672,solved,
Harvey,wbo_30_15.txt,"Warwick 1554: balanced orders, 12 orders per product",30,15,26,26,1.556,solved,
Harvey,wbo_30_15.txt,"Warwick 1559: balanced orders, 12 orders per product",30,15,26,26,1.381,solved,
Harvey,wbo_30_15.txt,"Warwick 1562: balanced orders, 13 orders per product",30,15,27,27,1.282,solved,
Harvey,wbo_30_15.txt,"Warwick 1556: balanced orders, 12 orders per product",30,15,26,26,1.617,solved,
Harvey,wbo_30_15.txt,"Warwick 1548: balanced orders, 11 orders per product",30,15,26,26,2.369,solved,
Harvey,wbo_30_15.txt,"Warwick 1566: balanced orders, 13 orders per product",30,15,27,27,1.324,solved,
Harvey,wbo_30_15.txt,"Warwick 1544: balanced orders, 11 orders per product",30,15,26,26,2.656,solved,
Harvey,wbo_30_15.txt,"Warwick 1577: balanced orders, 14 orders per product",30,15,27,27,0.781,solved,
Harvey,wbo_30_15.txt,"Warwick 1568: balanced orders, 13 orders per product",30,15,26,26,1.445,solved,
Harvey,wbo_30_15.txt,"Warwick 1558: balanced orders, 12 orders per product",30,15,26,26,1.905,solved,
Harvey,wbo_30_15.txt,"Warwick 1557: balanced orders, 12 orders per product",30,15,25,25,2.065,solved,
Harvey,wbo_30_15.txt,"Warwick 1573: balanced orders, 14 orders per product",30,15,27,27,1.284,solved,
Harvey,wbo_30_15.txt,"Warwick 1561: balanced orders, 13 orders per product",30,15,28,28,2.055,solved,
Harvey,wbo_30_15.txt,"Warwick 1575: balanced orders, 14 orders per product",30,15,28,28,1.277,solved,
Harvey,wbo_30_15.txt,"Warwick 1571: balanced orders, 14 orders per product",30,15,27,27,1.61,solved,
Harvey,wbo_30_15.txt,"Warwick 1563: balanced orders, 13 orders per product",30,15,28,28,2.161,solved,
Harvey,wbo_30_15.txt,"Warwick 1570: balanced orders, 13 orders per product",30,15,27,27,1.881,solved,
Harvey,wbo_30_15.txt,"Warwick 1564: balanced orders, 13 orders per product",30,15,28,28,2.218,solved,
Harvey,wbo_30_15.txt,"Warwick 1578: balanced orders, 14 orders per product",30,15,27,27,1.339,solved,
Harvey,wbo_30_15.txt,"Warwick 1560: balanced orders, 12 orders per product",30,15,27,27,2.45,solved,
Harvey,wbo_30_15.txt,"Warwick 1572: balanced orders, 14 orders per product",30,15,27,27,1.835,solved,
Harvey,wbo_30_15.txt,"Warwick 1574: balanced orders, 14 orders per product",30,15,28,28,1.723,solved,
Harvey,wbo_30_15.txt,"Warwick 1579: balanced orders, 14 orders per product",30,15,27,27,1.457,solved,
Harvey,wbo_30_15.txt,"Warwick 1582: balanced orders, 15 orders per product",30,15,28,28,1.191,solved,
Harvey,wbo_30_15.txt,"Warwick 1584: balanced orders, 15 orders per product",30,15,28,28,1.131,solved,
Harvey,wbo_30_15.txt,"Warwick 1587: balanced orders, 15 orders per product",30,15,27,27,1.176,solved,
Harvey,wbo_30_15.txt,"Warwick 1585: balanced orders, 15 orders per product",30,15,28,28,1.342,solved,
Harvey,wbo_30_15.txt,"Warwick 1583: balanced orders, 15 orders per product",30,15,28,28,1.408,solved,
Harvey,wbo_30_15.txt,"Warwick 1588: balanced orders, 15 orders per product",30,15,28,28,1.231,solved,
Harvey,wbo_30_15.txt,"Warwick 1580: balanced orders, 14 orders per product",30,15,27,27,1.583,solved,
Harvey,wbo_30_15.txt,"Warwick 1576: balanced orders, 14 orders per product",30,15,28,28,2.009,solved,
Harvey,wbo_30_15.txt,"Warwick 1567: balanced orders, 13 orders per product",30,15,28,28,2.869,solved,
Harvey,wbo_30_15.txt,"Warwick 1581: balanced orders, 15 orders per product",30,15,29,29,1.89,solved,
Harvey,wbo_30_15.txt,"Warwick 1586: balanced orders, 15 orders per product",30,15,29,29,1.764,solved,
Harvey,wbo_30_15.txt,"Warwick 1590: balanced orders, 15 orders per product",30,15,29,29,1.698,solved,
Harvey,wbo_30_15.txt,"Warwick 1589: balanced orders, 15 orders per product",30,15,28,28,1.859,solved,
Harvey,wbo_30_15.txt,"Warwick 1569: balanced orders, 13 orders per product",30,15,28,28,3.176,solved,
Harvey,wbo_30_30.txt,"Warwick 1715: balanced orders, 2 orders per product",30,30,3,3,3.072,solved,
Harvey,wbo_30_30.txt,"Warwick 1714: balanced orders, 2 orders per product",30,30,3,3,3.883,solved,
Harvey,wbo_30_30.txt,"Warwick 1712: balanced orders, 2 orders per product",30,30,3,3,4.254,solved,
Harvey,wbo_30_30.txt,"Warwick 1713: balanced orders, 2 orders per product",30,30,3,3,4.35,solved,
Harvey,wbo_30_30.txt,"Warwick 1711: balanced orders, 2 orders per product",30,30,4,4,4.876,solved,
Harvey,wbo_30_30.txt,"Warwick 1719: balanced orders, 2 orders per product",30,30,4,4,4.53,solved,
Harvey,wbo_30_30.txt,"Warwick 1717: balanced orders, 2 orders per product",30,30,4,4,5.149,solved,
Harvey,wbo_30_30.txt,"Warwick 1720: balanced orders, 2 orders per product",30,30,3,3,4.932,solved,
Harvey,wbo_30_30.txt,"Warwick 1718: balanced orders, 2 orders per product",30,30,4,4,6.911,solved,
Harvey,wbo_30_30.txt,"Warwick 1722: balanced orders, 3 orders per product",30,30,8,8,8.953,solved,
Harvey,wbo_30_30.txt,"Warwick 1723: balanced orders, 3 orders per product",30,30,8,8,9.003,solved,
Harvey,wbo_30_30.txt,"Warwick 1716: balanced orders, 2 orders per product",30,30,4,4,9.4,solved,
Harvey,wbo_30_30.txt,"Warwick 1724: balanced orders, 3 orders per product",30,30,8,8,12.676,solved,
Harvey,wbo_30_30.txt,"Warwick 1725: balanced orders, 3 orders per product",30,30,9,9,14.585,solved,
Harvey,wbo_30_30.txt,"Warwick 1730: balanced orders, 3 orders per product",30,30,9,9,19.441,solved,
Harvey,wbo_30_30.txt,"Warwick 1729: balanced orders, 3 orders per product",30,30,9,9,43.053,solved,
Harvey,wbo_30_30.txt,"Warwick 1727: balanced orders, 3 orders per product",30,30,9,9,46.534,solved,
Harvey,wbo_30_30.txt,"Warwick 1721: balanced orders, 3 orders per product",30,30,,,60.033,timeout,
Harvey,wbo_30_30.txt,"Warwick 1726: balanced orders, 3 orders per product",30,30,,,60.03,timeout,
Harvey,wbo_30_30.txt,"Warwick 1728: balanced orders, 3 orders per product",30,30,,,60.033,timeout,
Harvey,wbo_30_30.txt,"Warwick 1731: balanced orders, 4 orders per product",30,30,,,60.045,timeout,
Harvey,wbo_30_30.txt,"Warwick 1732: balanced orders, 4 orders per product",30,30,,,60.052,timeout,
Harvey,wbo_30_30.txt,"Warwick 1733: balanced orders, 4 orders per product",30,30,,,60.004,timeout,
Harvey,wbo_30_30.txt,"Warwick 1734: balanced orders, 4 orders per product",30,30,,,60.029,timeout,
Harvey,wbo_30_30.txt,"Warwick 1735: balanced orders, 4 orders per product",30,30,,,60.044,timeout,
Harvey,wbo_30_30.txt,"Warwick 1736: balanced orders, 4 orders per product",30,30,,,60.005,timeout,
Harvey,wbo_30_30.txt,"Warwick 1737: balanced orders, 4 orders per product",30,30,,,60.011,timeout,
Harvey,wbo_30_30.txt,"Warwick 1738: balanced orders, 4 orders per product",30,30,,,60.029,timeout,
Harvey,wbo_30_30.txt,"Warwick 1739: balanced orders, 4 orders per product",30,30,,,60.042,timeout,
Harvey,wbo_30_30.txt,"Warwick 1740: balanced orders, 4 orders per product",30,30,,,60.005,timeout,
Harvey,wbo_30_30.txt,"Warwick 1741: balanced orders, 5 orders per product",30,30,,,60.024,timeout,
Harvey,wbo_30_30.txt,"Warwick 1742: balanced orders, 5 orders per product",30,30,,,60.039,timeout,
Harvey,wbo_30_30.txt,"Warwick 1743: balanced orders, 5 orders per product",30,30,,,60.049,timeout,
Harvey,wbo_30_30.txt,"Warwick 1744: balanced orders, 5 orders per product",30,30,,,60.008,timeout,
Harvey,wbo_30_30.txt,"Warwick 1745: balanced orders, 5 orders per product",30,30,,,60.019,timeout,
Harvey,wbo_30_30.txt,"Warwick 1746: balanced orders, 5 orders per product",30,30,,,60.028,timeout,
Harvey,wbo_30_30.txt,"Warwick 1747: balanced orders, 5 orders per product",30,30,,,60.037,timeout,
Harvey,wbo_30_30.txt,"Warwick 1748: balanced orders, 5 orders per product",30,30,,,60.041,timeout,
Harvey,wbo_30_30.txt,"Warwick 1749: balanced orders, 5 orders per product",30,30,,,60.013,timeout,
Harvey,wbo_30_30.txt,"Warwick 1750: balanced orders, 5 orders per product",30,30,,,60.03,timeout,
Harvey,wbo_30_30.txt,"Warwick 1751: balanced orders, 6 orders per product",30,30,,,60.05,timeout,
Harvey,wbo_30_30.txt,"Warwick 1752: balanced orders, 6 orders per product",30,30,,,60.002,timeout,
Harvey,wbo_30_30.txt,"Warwick 1753: balanced orders, 6 orders per product",30,30,,,60.021,timeout,
Harvey,wbo_30_30.txt,"Warwick 1754: balanced orders, 6 orders per product",30,30,,,60.032,timeout,
Harvey,wbo_30_30.txt,"Warwick 1755: balanced orders, 6 orders per product",30,30,,,60.001,timeout,
Harvey,wbo_30_30.txt,"Warwick 1756: balanced orders, 6 orders per product",30,30,,,60.004,timeout,
Harvey,wbo_30_30.txt,"Warwick 1757: balanced orders, 6 orders per product",30,30,,,60.014,timeout,
Harvey,wbo_30_30.txt,"Warwick 1758: balanced orders, 6 orders per product",30,30,,,60.004,timeout,
Harvey,wbo_30_30.txt,"Warwick 1759: balanced orders, 6 orders per product",30,30,,,60.048,timeout,
Harvey,wbo_30_30.txt,"Warwick 1760: balanced orders, 6 orders per product",30,30,,,60.052,timeout,
Harvey,wbo_30_30.txt,"Warwick 1761: balanced orders, 7 orders per product",30,30,,,60.043,timeout,
Harvey,wbo_30_30.txt,"Warwick 1762: balanced orders, 7 orders per product",30,30,,,60.049,timeout,
Harvey,wbo_30_30.txt,"Warwick 1763: balanced orders, 7 orders per product",30,30,,,60.053,timeout,
Harvey,wbo_30_30.txt,"Warwick 1764: balanced orders, 7 orders per product",30,30,,,60.066,timeout,
Harvey,wbo_30_30.txt,"Warwick 1765: balanced orders, 7 orders per product",30,30,,,60.015,timeout,
Harvey,wbo_30_30.txt,"Warwick 1766: balanced orders, 7 orders per product",30,30,,,60.006,timeout,
Harvey,wbo_30_30.txt,"Warwick 1767: balanced orders, 7 orders per product",30,30,,,60.012,timeout,
Harvey,wbo_30_30.txt,"Warwick 1768: balanced orders, 7 orders per product",30,30,,,60.019,timeout,
Harvey,wbo_30_30.txt,"Warwick 1769: balanced orders, 7 orders per product",30,30,,,60.02,timeout,
Harvey,wbo_30_30.txt,"Warwick 1770: balanced orders, 7 orders per product",30,30,,,60.02,timeout,
Harvey,wbo_30_30.txt,"Warwick 1771: balanced orders, 8 orders per product",30,30,,,60.02,timeout,
Harvey,wbo_30_30.txt,"Warwick 1772: balanced orders, 8 orders per product",30,30,,,60.015,timeout,
Harvey,wbo_30_30.txt,"Warwick 1773: balanced orders, 8 orders per product",30,30,,,60.016,timeout,
Harvey,wbo_30_30.txt,"Warwick 1774: balanced orders, 8 orders per product",30,30,,,60.016,timeout,
Harvey,wbo_30_30.txt,"Warwick 1775: balanced orders, 8 orders per product",30,30,,,60.017,timeout,
Harvey,wbo_30_30.txt,"Warwick 1776: balanced orders, 8 orders per product",30,30,,,60.019,timeout,
Harvey,wbo_30_30.txt,"Warwick 1777: balanced orders, 8 orders per product",30,30,,,60.012,timeout,
Harvey,wbo_30_30.txt,"Warwick 1778: balanced orders, 8 orders per product",30,30,,,60.007,timeout,
Harvey,wbo_30_30.txt,"Warwick 1779: balanced orders, 8 orders per product",30,30,,,60.012,timeout,
Harvey,wbo_30_30.txt,"Warwick 1780: balanced orders, 8 orders per product",30,30,,,60.006,timeout,
Harvey,wbo_30_30.txt,"Warwick 1781: balanced orders, 9 orders per product",30,30,,,60.039,timeout,
Harvey,wbo_30_30.txt,"Warwick 1782: balanced orders, 9 orders per product",30,30,,,60.043,timeout,
Harvey,wbo_30_30.txt,"Warwick 1783: balanced orders, 9 orders per product",30,30,,,60.045,timeout,
Harvey,wbo_30_30.txt,"Warwick 1784: balanced orders, 9 orders per product",30,30,,,60.046,timeout,
Harvey,wbo_30_30.txt,"Warwick 1785: balanced orders, 9 orders per product",30,30,,,60.039,timeout,
Harvey,wbo_30_30.txt,"Warwick 1786: balanced orders, 9 orders per product",30,30,,,60.003,timeout,
Harvey,wbo_30_30.txt,"Warwick 1787: balanced orders, 9 orders per product",30,30,,,60.002,timeout,
Harvey,wbo_30_30.txt,"Warwick 1788: balanced orders, 9 orders per product",30,30,,,60.003,timeout,
Harvey,wbo_30_30.txt,"Warwick 1789: balanced orders, 9 orders per product",30,30,,,60.041,timeout,
Harvey,wbo_30_30.txt,"Warwick 1790: balanced orders, 9 orders per product",30,30,,,60.047,timeout,
Harvey,wbo_30_30.txt,"Warwick 1791: balanced orders, 10 orders per product",30,30,,,60.036,timeout,
Harvey,wbo_30_30.txt,"Warwick 1792: balanced orders, 10 orders per product",30,30,,,60.039,timeout,
Harvey,wbo_30_30.txt,"Warwick 1793: balanced orders, 10 orders per product",30,30,,,60.041,timeout,
Harvey,wbo_30_30.txt,"Warwick 1794: balanced orders, 10 orders per product",30,30,,,60.053,timeout,
Harvey,wbo_30_30.txt,"Warwick 1795: balanced orders, 10 orders per product",30,30,,,60.005,timeout,
Harvey,wbo_30_30.txt,"Warwick 1796: balanced orders, 10 orders per product",30,30,,,60.045,timeout,
Harvey,wbo_30_30.txt,"Warwick 1797: balanced orders, 10 orders per product",30,30,,,60.05,timeout,
Harvey,wbo_30_30.txt,"Warwick 1798: balanced orders, 10 orders per product",30,30,,,60.004,timeout,
Harvey,wbo_30_30.txt,"Warwick 1799: balanced orders, 10 orders per product",30,30,,,60.004,timeout,
Harvey,wbo_30_30.txt,"Warwick 1800: balanced orders, 10 orders per product",30,30,,,60.005,timeout,
Harvey,wbo_30_30.txt,"Warwick 1801: balanced orders, 11 orders per product",30,30,,,60.004,timeout,
Harvey,wbo_30_30.txt,"Warwick 1802: balanced orders, 11 orders per product",30,30,,,60.004,timeout,
Harvey,wbo_30_30.txt,"Warwick 1803: balanced orders, 11 orders per product",30,30,,,60.007,timeout,
Harvey,wbo_30_30.txt,"Warwick 1804: balanced orders, 11 orders per product",30,30,,,60.006,timeout,
Harvey,wbo_30_30.txt,"Warwick 1805: balanced orders, 11 orders per product",30,30,,,60.013,timeout,
Harvey,wbo_30_30.txt,"Warwick 1806: balanced orders, 11 orders per product",30,30,,,60.012,timeout,
Harvey,wbo_30_30.txt,"Warwick 1807: balanced orders, 11 orders per product",30,30,,,60.009,timeout,
Harvey,wbo_30_30.txt,"Warwick 1808: balanced orders, 11 orders per product",30,30,,,60.014,timeout,
Harvey,wbo_30_30.txt,"Warwick 1809: balanced orders, 11 orders per product",30,30,,,60.018,timeout,
Harvey,wbo_30_30.txt,"Warwick 1810: balanced orders, 11 orders per product",30,30,,,60.016,timeout,
Harvey,wbo_30_30.txt,"Warwick 1811: balanced orders, 12 orders per product",30,30,,,60.008,timeout,
Harvey,wbo_30_30.txt,"Warwick 1812: balanced orders, 12 orders per product",30,30,,,60.012,timeout,
Harvey,wbo_30_30.txt,"Warwick 1813: balanced orders, 12 orders per product",30,30,,,60.02,timeout,
Harvey,wbo_30_30.txt,"Warwick 1814: balanced orders, 12 orders per product",30,30,,,60.02,timeout,
Harvey,wbo_30_30.txt,"Warwick 1815: balanced orders, 12 orders per product",30,30,,,60.019,timeout,
Harvey,wbo_30_30.txt,"Warwick 1816: balanced orders, 12 orders per product",30,30,,,60.001,timeout,
Harvey,wbo_30_30.txt,"Warwick 1817: balanced orders, 12 orders per product",30,30,,,60.002,timeout,
Harvey,wbo_30_30.txt,"Warwick 1818: balanced orders, 12 orders per product",30,30,,,60.003,timeout,
Harvey,wbo_30_30.txt,"Warwick 1819: balanced orders, 12 orders per product",30,30,,,60.042,timeout,
Harvey,wbo_30_30.txt,"Warwick 1820: balanced orders, 12 orders per product",30,30,,,60.047,timeout,
Harvey,wbo_30_30.txt,"Warwick 1821: balanced orders, 13 orders per product",30,30,,,60.034,timeout,
Harvey,wbo_30_30.txt,"Warwick 1822: balanced orders, 13 orders per product",30,30,,,60.04,timeout,
Harvey,wbo_30_30.txt,"Warwick 1823: balanced orders, 13 orders per product",30,30,,,60.046,timeout,
Harvey,wbo_30_30.txt,"Warwick 1824: balanced orders, 13 orders per product",30,30,,,60.056,timeout,
Harvey,wbo_30_30.txt,"Warwick 1825: balanced orders, 13 orders per product",30,30,,,60.001,timeout,
Harvey,wbop_10_10.txt,"Warwick 81: balanced orders and products, 2 products per order",10,10,3,3,0.104,solved,
Harvey,wbop_10_10.txt,"Warwick 82: balanced orders and products, 2 products per order",10,10,3,3,0.097,solved,
Harvey,wbop_10_10.txt,"Warwick 83: balanced orders and products, 2 products per order",10,10,3,3,0.09,solved,
Harvey,wbop_10_10.txt,"Warwick 84: balanced orders and products, 2 products per order",10,10,3,3,0.078,solved,
Harvey,wbop_10_10.txt,"Warwick 85: balanced orders and products, 2 products per order",10,10,3,3,0.073,solved,
Harvey,wbo_30_30.txt,"Warwick 1826: balanced orders, 13 orders per product",30,30,,,60.025,timeout,
Harvey,wbo_30_30.txt,"Warwick 1827: balanced orders, 13 orders per product",30,30,,,60.031,timeout,
Harvey,wbop_10_10.txt,"Warwick 86: balanced orders and products, 2 products per order",10,10,3,3,0.101,solved,
Harvey,wbop_10_10.txt,"Warwick 87: balanced orders and products, 2 products per order",10,10,3,3,0.095,solved,
Harvey,wbop_10_10.txt,"Warwick 88: balanced orders and products, 2 products per order",10,10,3,3,0.09,solved,
Harvey,wbo_30_30.txt,"Warwick 1828: balanced orders, 13 orders per product",30,30,,,60.004,timeout,
Harvey,wbop_10_10.txt,"Warwick 89: balanced orders and products, 2 products per order",10,10,3,3,0.126,solved,
Harvey,wbop_10_10.txt,"Warwick 90: balanced orders and products, 2 products per order",10,10,3,3,0.12,solved,
Harvey,wbo_30_30.txt,"Warwick 1829: balanced orders, 13 orders per product",30,30,,,60.016,timeout,
Harvey,wbop_10_10.txt,"Warwick 91: balanced orders and products, 3 products per order",10,10,5,5,0.118,solved,
Harvey,wbop_10_10.txt,"Warwick 92: balanced orders and products, 3 products per order",10,10,5,5,0.112,solved,
Harvey,wbop_10_10.txt,"Warwick 93: balanced orders and products, 3 products per order",10,10,6,6,0.106,solved,
Harvey,wbop_10_10.txt,"Warwick 94: balanced orders and products, 3 products per order",10,10,5,5,0.1,solved,
Harvey,wbop_10_10.txt,"Warwick 95: balanced orders and products, 3 products per order",10,10,6,6,0.094,solved,
Harvey,wbop_10_10.txt,"Warwick 96: balanced orders and products, 3 products per order",10,10,7,7,0.108,solved,
Harvey,wbop_10_10.txt,"Warwick 97: balanced orders and products, 3 products per order",10,10,7,7,0.103,solved,
Harvey,wbop_10_10.txt,"Warwick 98: balanced orders and products, 3 products per order",10,10,6,6,0.097,solved,
Harvey,wbo_30_30.txt,"Warwick 1830: balanced orders, 13 orders per product",30,30,,,60.058,timeout,
Harvey,wbop_10_10.txt,"Warwick 99: balanced orders and products, 3 products per order",10,10,5,5,0.111,solved,
Harvey,wbop_10_10.txt,"Warwick 100: balanced orders and products, 3 products per order",10,10,6,6,0.107,solved,
Harvey,wbop_10_10.txt,"Warwick 101: balanced orders and products, 4 products per order",10,10,8,8,0.103,solved,
Harvey,wbop_10_10.txt,"Warwick 102: balanced orders and products, 4 products per order",10,10,8,8,0.097,solved,
Harvey,wbop_10_10.txt,"Warwick 103: balanced orders and products, 4 products per order",10,10,8,8,0.091,solved,
Harvey,wbop_10_10.txt,"Warwick 104: balanced orders and products, 4 products per order",10,10,9,9,0.084,solved,
Harvey,wbop_10_10.txt,"Warwick 105: balanced orders and products, 4 products per order",10,10,9,9,0.116,solved,
Harvey,wbop_10_10.txt,"Warwick 106: balanced orders and products, 4 products per order",10,10,8,8,0.111,solved,
Harvey,wbop_10_10.txt,"Warwick 107: balanced orders and products, 4 products per order",10,10,9,9,0.105,solved,
Harvey,wbop_10_10.txt,"Warwick 108: balanced orders and products, 4 products per order",10,10,9,9,0.103,solved,
Harvey,wbop_10_10.txt,"Warwick 109: balanced orders and products, 4 products per order",10,10,9,9,0.1,solved,
Harvey,wbop_10_10.txt,"Warwick 110: balanced orders and products, 4 products per order",10,10,9,9,0.095,solved,
Harvey,wbop_10_10.txt,"Warwick 111: balanced orders and products, 5 products per order",10,10,10,10,0.09,solved,
Harvey,wbop_10_10.txt,"Warwick 112: balanced orders and products, 5 products per order",10,10,9,9,0.084,solved,
Harvey,wbop_10_10.txt,"Warwick 113: balanced orders and products, 5 products per order",10,10,10,10,0.078,solved,
Harvey,wbop_10_10.txt,"Warwick 114: balanced orders and products, 5 products per order",10,10,10,10,0.154,solved,
Harvey,wbop_10_10.txt,"Warwick 115: balanced orders and products, 5 products per order",10,10,9,9,0.097,solved,
Harvey,wbop_10_10.txt,"Warwick 116: balanced orders and products, 5 products per order",10,10,9,9,0.093,solved,
Harvey,wbop_10_10.txt,"Warwick 117: balanced orders and products, 5 products per order",10,10,9,9,0.088,solved,
Harvey,wbop_10_10.txt,"Warwick 118: balanced orders and products, 5 products per order",10,10,10,10,0.105,solved,
Harvey,wbop_10_10.txt,"Warwick 119: balanced orders and products, 5 products per order",10,10,10,10,0.101,solved,
Harvey,wbop_10_10.txt,"Warwick 120: balanced orders and products, 5 products per order",10,10,10,10,0.096,solved,
Harvey,wbop_10_20.txt,"Warwick 231: balanced orders and products, 4 products per order",10,20,5,5,0.961,solved,
Harvey,wbop_10_20.txt,"Warwick 234: balanced orders and products, 4 products per order",10,20,4,4,0.893,solved,
Harvey,wbop_10_20.txt,"Warwick 233: balanced orders and products, 4 products per order",10,20,5,5,1.012,solved,
Harvey,wbop_10_20.txt,"Warwick 232: balanced orders and products, 4 products per order",10,20,4,4,1.074,solved,
Harvey,wbop_10_20.txt,"Warwick 240: balanced orders and products, 4 products per order",10,20,5,5,0.983,solved,
Harvey,wbop_10_20.txt,"Warwick 235: balanced orders and products, 4 products per order",10,20,5,5,1.119,solved,
Harvey,wbo_30_30.txt,"Warwick 1831: balanced orders, 14 orders per product",30,30,,,60.016,timeout,
Harvey,wbop_10_20.txt,"Warwick 237: balanced orders and products, 4 products per order",10,20,5,5,1.174,solved,
Harvey,wbop_10_20.txt,"Warwick 239: balanced orders and products, 4 products per order",10,20,5,5,1.174,solved,
Harvey,wbop_10_20.txt,"Warwick 236: balanced orders and products, 4 products per order",10,20,5,5,1.599,solved,
Harvey,wbo_30_30.txt,"Warwick 1832: balanced orders, 14 orders per product",30,30,,,60.034,timeout,
Harvey,wbop_10_20.txt,"Warwick 238: balanced orders and products, 4 products per order",10,20,6,6,2.061,solved,
Harvey,wbo_30_30.txt,"Warwick 1833: balanced orders, 14 orders per product",30,30,,,60.042,timeout,
Harvey,wbo_30_30.txt,"Warwick 1834: balanced orders, 14 orders per product",30,30,,,60.044,timeout,
Harvey,wbop_10_20.txt,"Warwick 245: balanced orders and products, 6 products per order",10,20,7,7,1.307,solved,
Harvey,wbop_10_20.txt,"Warwick 247: balanced orders and products, 6 products per order",10,20,7,7,1.341,solved,
Harvey,wbo_30_30.txt,"Warwick 1835: balanced orders, 14 orders per product",30,30,,,60.0,timeout,
Harvey,wbop_10_20.txt,"Warwick 241: balanced orders and products, 6 products per order",10,20,7,7,1.755,solved,
Harvey,wbo_30_30.txt,"Warwick 1836: balanced orders, 14 orders per product",30,30,,,60.004,timeout,
Harvey,wbop_10_20.txt,"Warwick 244: balanced orders and products, 6 products per order",10,20,8,8,2.165,solved,
Harvey,wbo_30_30.txt,"Warwick 1837: balanced orders, 14 orders per product",30,30,,,60.047,timeout,
Harvey,wbo_30_30.txt,"Warwick 1838: balanced orders, 14 orders per product",30,30,,,60.052,timeout,
Harvey,wbop_10_20.txt,"Warwick 249: balanced orders and products, 6 products per order",10,20,8,8,2.364,solved,
Harvey,wbop_10_20.txt,"Warwick 248: balanced orders and products, 6 products per order",10,20,8,8,2.526,solved,
Harvey,wbop_10_20.txt,"Warwick 243: balanced orders and products, 6 products per order",10,20,8,8,2.825,solved,
Harvey,wbop_10_20.txt,"Warwick 246: balanced orders and products, 6 products per order",10,20,8,8,2.813,solved,
Harvey,wbop_10_20.txt,"Warwick 250: balanced orders and products, 6 products per order",10,20,8,8,2.434,solved,
Harvey,wbop_10_20.txt,"Warwick 251: balanced orders and products, 8 products per order",10,20,9,9,2.121,solved,
Harvey,wbop_10_20.txt,"Warwick 252: balanced orders and products, 8 products per order",10,20,9,9,2.373,solved,
Harvey,wbop_10_20.txt,"Warwick 258: balanced orders and products, 8 products per order",10,20,9,9,2.009,solved,
Harvey,wbop_10_20.txt,"Warwick 257: balanced orders and products, 8 products per order",10,20,9,9,2.222,solved,
Harvey,wbo_30_30.txt,"Warwick 1839: balanced orders, 14 orders per product",30,30,,,60.011,timeout,
Harvey,wbop_10_20.txt,"Warwick 262: balanced orders and products, 10 products per order",10,20,10,10,2.634,solved,
Harvey,wbop_10_20.txt,"Warwick 254: balanced orders and products, 8 products per order",10,20,10,10,3.932,solved,
Harvey,wbop_10_20.txt,"Warwick 259: balanced orders and products, 8 products per order",10,20,10,10,3.331,solved,
Harvey,wbop_10_20.txt,"Warwick 267: balanced orders and products, 10 products per order",10,20,10,10,2.571,solved,
Harvey,wbop_10_20.txt,"Warwick 261: balanced orders and products, 10 products per order",10,20,10,10,3.317,solved,
Harvey,wbop_10_20.txt,"Warwick 263: balanced orders and products, 10 products per order",10,20,10,10,3.155,solved,
Harvey,wbop_10_20.txt,"Warwick 265: balanced orders and products, 10 products per order",10,20,10,10,3.104,solved,
Harvey,wbop_10_20.txt,"Warwick 268: balanced orders and products, 10 products per order",10,20,10,10,3.092,solved,
Harvey,wbop_10_20.txt,"Warwick 269: balanced orders and products, 10 products per order",10,20,10,10,2.84,solved,
Harvey,wbo_30_30.txt,"Warwick 1840: balanced orders, 14 orders per product",30,30,,,60.014,timeout,
Harvey,wbop_10_20.txt,"Warwick 256: balanced orders and products, 8 products per order",10,20,10,10,4.882,solved,
Harvey,wbop_10_20.txt,"Warwick 264: balanced orders and products, 10 products per order",10,20,10,10,3.803,solved,
Harvey,wbo_30_30.txt,"Warwick 1841: balanced orders, 15 orders per product",30,30,,,60.014,timeout,
Harvey,wbo_30_30.txt,"Warwick 1842: balanced orders, 15 orders per product",30,30,,,60.018,timeout,
Harvey,wbop_10_20.txt,"Warwick 266: balanced orders and products, 10 products per order",10,20,10,10,3.778,solved,
Harvey,wbop_10_20.txt,"Warwick 270: balanced orders and products, 10 products per order",10,20,10,10,3.107,solved,
Harvey,wbop_10_20.txt,"Warwick 242: balanced orders and products, 6 products per order",10,20,9,9,7.231,solved,
Harvey,wbop_10_30.txt,"Warwick 414: balanced orders and products, 6 products per order",10,30,5,5,2.737,solved,
Harvey,wbop_10_30.txt,"Warwick 418: balanced orders and products, 6 products per order",10,30,5,5,2.869,solved,
Harvey,wbop_10_20.txt,"Warwick 255: balanced orders and products, 8 products per order",10,20,10,10,7.679,solved,
Harvey,wbop_10_20.txt,"Warwick 253: balanced orders and products, 8 products per order",10,20,10,10,8.062,solved,
Harvey,wbo_30_30.txt,"Warwick 1843: balanced orders, 15 orders per product",30,30,,,60.013,timeout,
Harvey,wbo_30_30.txt,"Warwick 1844: balanced orders, 15 orders per product",30,30,,,60.013,timeout,
Harvey,wbop_10_30.txt,"Warwick 412: balanced orders and products, 6 products per order",10,30,6,6,9.533,solved,
Harvey,wbop_10_20.txt,"Warwick 260: balanced orders and products, 8 products per order",10,20,10,10,12.602,solved,
Harvey,wbop_10_30.txt,"Warwick 434: balanced orders and products, 12 products per order",10,30,10,10,6.01,solved,
Harvey,wbop_10_30.txt,"Warwick 431: balanced orders and products, 12 products per order",10,30,10,10,7.752,solved,
Harvey,wbo_30_30.txt,"Warwick 1845: balanced orders, 15 orders per product",30,30,,,60.037,timeout,
Harvey,wbop_10_30.txt,"Warwick 413: balanced orders and products, 6 products per order",10,30,6,6,12.48,solved,
Harvey,wbop_10_30.txt,"Warwick 420: balanced orders and products, 6 products per order",10,30,6,6,12.041,solved,
Harvey,wbop_10_30.txt,"Warwick 435: balanced orders and products, 12 products per order",10,30,10,10,6.233,solved,
Harvey,wbop_10_30.txt,"Warwick 416: balanced orders and products, 6 products per order",10,30,6,6,13.735,solved,
Harvey,wbop_10_30.txt,"Warwick 441: balanced orders and products, 15 products per order",10,30,10,10,4.09,solved,
Harvey,wbop_10_30.txt,"Warwick 439: balanced orders and products, 12 products per order",10,30,10,10,5.925,solved,
Harvey,wbop_10_30.txt,"Warwick 437: balanced orders and products, 12 products per order",10,30,10,10,7.904,solved,
Harvey,wbop_10_30.txt,"Warwick 442: balanced orders and products, 15 products per order",10,30,10,10,4.808,solved,
Harvey,wbop_10_30.txt,"Warwick 443: balanced orders and products, 15 products per order",10,30,10,10,5.065,solved,
Harvey,wbop_10_30.txt,"Warwick 444: balanced orders and products, 15 products per order",10,30,10,10,4.417,solved,
Harvey,wbop_10_30.txt,"Warwick 438: balanced orders and products, 12 products per order",10,30,10,10,8.339,solved,
Harvey,wbop_10_30.txt,"Warwick 419: balanced orders and products, 6 products per order",10,30,6,6,18.907,solved,
Harvey,wbop_10_30.txt,"Warwick 432: balanced orders and products, 12 products per order",10,30,10,10,15.943,solved,
Harvey,wbop_10_30.txt,"Warwick 411: balanced orders and products, 6 products per order",10,30,6,6,21.185,solved,
Harvey,wbop_15_15.txt,"Warwick 571: balanced orders and products, 2 products per order",15,15,3,3,0.427,solved,
Harvey,wbop_15_15.txt,"Warwick 572: balanced orders and products, 2 products per order",15,15,3,3,0.269,solved,
Harvey,wbop_15_15.txt,"Warwick 573: balanced orders and products, 2 products per order",15,15,3,3,0.175,solved,
Harvey,wbop_15_15.txt,"Warwick 574: balanced orders and products, 2 products per order",15,15,3,3,0.225,solved,
Harvey,wbop_15_15.txt,"Warwick 575: balanced orders and products, 2 products per order",15,15,3,3,0.169,solved,
Harvey,wbop_15_15.txt,"Warwick 576: balanced orders and products, 2 products per order",15,15,3,3,0.225,solved,
Harvey,wbop_15_15.txt,"Warwick 577: balanced orders and products, 2 products per order",15,15,3,3,0.174,solved,
Harvey,wbop_15_15.txt,"Warwick 578: balanced orders and products, 2 products per order",15,15,3,3,0.223,solved,
Harvey,wbop_15_15.txt,"Warwick 579: balanced orders and products, 2 products per order",15,15,3,3,0.218,solved,
Harvey,wbop_15_15.txt,"Warwick 580: balanced orders and products, 2 products per order",15,15,3,3,0.162,solved,
Harvey,wbop_15_15.txt,"Warwick 581: balanced orders and products, 3 products per order",15,15,6,6,0.172,solved,
Harvey,wbop_10_30.txt,"Warwick 424: balanced orders and products, 9 products per order",10,30,9,9,19.202,solved,
Harvey,wbop_15_15.txt,"Warwick 582: balanced orders and products, 3 products per order",15,15,7,7,0.381,solved,
Harvey,wbop_15_15.txt,"Warwick 584: balanced orders and products, 3 products per order",15,15,8,8,0.431,solved,
Harvey,wbop_15_15.txt,"Warwick 583: balanced orders and products, 3 products per order",15,15,8,8,0.492,solved,
Harvey,wbop_15_15.txt,"Warwick 585: balanced orders and products, 3 products per order",15,15,8,8,0.432,solved,
Harvey,wbop_15_15.txt,"Warwick 586: balanced orders and products, 3 products per order",15,15,8,8,0.375,solved,
Harvey,wbop_15_15.txt,"Warwick 590: balanced orders and products, 3 products per order",15,15,7,7,0.263,solved,
Harvey,wbop_15_15.txt,"Warwick 587: balanced orders and products, 3 products per order",15,15,8,8,0.441,solved,
Harvey,wbop_15_15.txt,"Warwick 589: balanced orders and products, 3 products per order",15,15,7,7,0.381,solved,
Harvey,wbop_10_30.txt,"Warwick 445: balanced orders and products, 15 products per order",10,30,10,10,4.874,solved,
Harvey,wbop_15_15.txt,"Warwick 591: balanced orders and products, 4 products per order",15,15,10,10,0.424,solved,
Harvey,wbop_10_30.txt,"Warwick 448: balanced orders and products, 15 products per order",10,30,10,10,3.664,solved,
Harvey,wbop_15_15.txt,"Warwick 588: balanced orders and products, 3 products per order",15,15,8,8,0.659,solved,
Harvey,wbop_15_15.txt,"Warwick 592: balanced orders and products, 4 products per order",15,15,10,10,0.501,solved,
Harvey,wbop_15_15.txt,"Warwick 593: balanced orders and products, 4 products per order",15,15,10,10,0.557,solved,
Harvey,wbop_10_30.txt,"Warwick 415: balanced orders and products, 6 products per order",10,30,6,6,21.941,solved,
Harvey,wbop_15_15.txt,"Warwick 596: balanced orders and products, 4 products per order",15,15,11,11,0.504,solved,
Harvey,wbop_15_15.txt,"Warwick 598: balanced orders and products, 4 products per order",15,15,10,10,0.395,solved,
Harvey,wbop_15_15.txt,"Warwick 594: balanced orders and products, 4 products per order",15,15,10,10,0.733,solved,
Harvey,wbop_15_15.txt,"Warwick 597: balanced orders and products, 4 products per order",15,15,11,11,0.512,solved,
Harvey,wbop_15_15.txt,"Warwick 595: balanced orders and products, 4 products per order",15,15,11,11,0.741,solved,
Harvey,wbop_15_15.txt,"Warwick 600: balanced orders and products, 4 products per order",15,15,10,10,0.412,solved,
Harvey,wbop_15_15.txt,"Warwick 599: balanced orders and products, 4 products per order",15,15,11,11,0.782,solved,
Harvey,wbop_15_15.txt,"Warwick 602: balanced orders and products, 5 products per order",15,15,12,12,0.6,solved,
Harvey,wbop_15_15.txt,"Warwick 604: balanced orders and products, 5 products per order",15,15,12,12,0.55,solved,
Harvey,wbop_15_15.txt,"Warwick 606: balanced orders and products, 5 products per order",15,15,12,12,0.483,solved,
Harvey,wbop_15_15.txt,"Warwick 605: balanced orders and products, 5 products per order",15,15,13,13,0.709,solved,
Harvey,wbop_15_15.txt,"Warwick 603: balanced orders and products, 5 products per order",15,15,12,12,0.933,solved,
Harvey,wbop_15_15.txt,"Warwick 601: balanced orders and products, 5 products per order",15,15,13,13,1.054,solved,
Harvey,wbop_15_15.txt,"Warwick 607: balanced orders and products, 5 products per order",15,15,13,13,0.711,solved,
Harvey,wbop_15_15.txt,"Warwick 608: balanced orders and products, 5 products per order",15,15,12,12,0.561,solved,
Harvey,wbop_15_15.txt,"Warwick 609: balanced orders and products, 5 products per order",15,15,13,13,0.866,solved,
Harvey,wbop_15_15.txt,"Warwick 611: balanced orders and products, 6 products per order",15,15,14,14,0.754,solved,
Harvey,wbop_15_15.txt,"Warwick 612: balanced orders and products, 6 products per order",15,15,14,14,0.859,solved,
Harvey,wbop_10_30.txt,"Warwick 450: balanced orders and products, 15 products per order",10,30,10,10,5.339,solved,
Harvey,wbop_15_15.txt,"Warwick 613: balanced orders and products, 6 products per order",15,15,14,14,0.91,solved,
Harvey,wbop_15_15.txt,"Warwick 616: balanced orders and products, 6 products per order",15,15,14,14,0.689,solved,
Harvey,wbop_15_15.txt,"Warwick 610: balanced orders and products, 5 products per order",15,15,13,13,1.26,solved,
Harvey,wbop_15_15.txt,"Warwick 614: balanced orders and products, 6 products per order",15,15,14,14,0.925,solved,
Harvey,wbop_15_15.txt,"Warwick 615: balanced orders and products, 6 products per order",15,15,14,14,0.869,solved,
Harvey,wbop_15_15.txt,"Warwick 617: balanced orders and products, 6 products per order",15,15,14,14,0.869,solved,
Harvey,wbop_15_15.txt,"Warwick 619: balanced orders and products, 6 products per order",15,15,14,14,0.661,solved,
Harvey,wbop_15_15.txt,"Warwick 618: balanced orders and products, 6 products per order",15,15,14,14,1.077,solved,
Harvey,wbop_15_15.txt,"Warwick 623: balanced orders and products, 7 products per order",15,15,14,14,0.639,solved,
Harvey,wbop_15_15.txt,"Warwick 620: balanced orders and products, 6 products per order",15,15,14,14,0.868,solved,
Harvey,wbop_15_15.txt,"Warwick 626: balanced orders and products, 7 products per order",15,15,14,14,0.482,solved,
Harvey,wbop_15_15.txt,"Warwick 622: balanced orders and products, 7 products per order",15,15,15,15,1.068,solved,
Harvey,wbop_15_15.txt,"Warwick 625: balanced orders and products, 7 products per order",15,15,15,15,0.999,solved,
Harvey,wbop_15_15.txt,"Warwick 621: balanced orders and products, 7 products per order",15,15,15,15,1.144,solved,
Harvey,wbop_15_15.txt,"Warwick 624: balanced orders and products, 7 products per order",15,15,15,15,1.332,solved,
Harvey,wbop_15_15.txt,"Warwick 629: balanced orders and products, 7 products per order",15,15,15,15,0.96,solved,
Harvey,wbop_15_15.txt,"Warwick 627: balanced orders and products, 7 products per order",15,15,15,15,1.28,solved,
Harvey,wbop_15_15.txt,"Warwick 628: balanced orders and products, 7 products per order",15,15,15,15,1.123,solved,
Harvey,wbop_15_15.txt,"Warwick 630: balanced orders and products, 7 products per order",15,15,15,15,1.222,solved,
Harvey,wbop_15_30.txt,"Warwick 812: balanced orders and products, 4 products per order",15,30,5,5,3.527,solved,
Harvey,wbop_15_30.txt,"Warwick 813: balanced orders and products, 4 products per order",15,30,5,5,3.514,solved,
Harvey,wbop_10_30.txt,"Warwick 436: balanced orders and products, 12 products per order",10,30,9,9,20.276,solved,
Harvey,wbop_15_30.txt,"Warwick 811: balanced orders and products, 4 products per order",15,30,6,6,4.268,solved,
Harvey,wbop_10_30.txt,"Warwick 446: balanced orders and products, 15 products per order",10,30,10,10,13.088,solved,
Harvey,wbop_10_30.txt,"Warwick 430: balanced orders and products, 9 products per order",10,30,8,8,27.836,solved,
Harvey,wbop_15_30.txt,"Warwick 816: balanced orders and products, 4 products per order",15,30,6,6,4.842,solved,
Harvey,wbop_10_30.txt,"Warwick 421: balanced orders and products, 9 products per order",10,30,8,8,29.74,solved,
Harvey,wbop_10_30.txt,"Warwick 417: balanced orders and products, 6 products per order",10,30,7,7,30.629,solved,
Harvey,wbop_15_30.txt,"Warwick 819: balanced orders and products, 4 products per order",15,30,6,6,5.66,solved,
Harvey,wbop_15_30.txt,"Warwick 817: balanced orders and products, 4 products per order",15,30,6,6,6.232,solved,
Harvey,wbop_15_30.txt,"Warwick 818: balanced orders and products, 4 products per order",15,30,6,6,7.54,solved,
Harvey,wbop_10_30.txt,"Warwick 426: balanced orders and products, 9 products per order",10,30,8,8,33.596,solved,
Harvey,wbo_30_30.txt,"Warwick 1846: balanced orders, 15 orders per product",30,30,,,60.036,timeout,
Harvey,wbop_15_30.txt,"Warwick 815: balanced orders and products, 4 products per order",15,30,6,6,10.765,solved,
Harvey,wbop_10_30.txt,"Warwick 449: balanced orders and products, 15 products per order",10,30,10,10,18.993,solved,
Harvey,wbo_30_30.txt,"Warwick 1847: balanced orders, 15 orders per product",30,30,,,60.048,timeout,
Harvey,wbop_10_30.txt,"Warwick 428: balanced orders and products, 9 products per order",10,30,9,9,38.764,solved,
Harvey,wbop_15_30.txt,"Warwick 820: balanced orders and products, 4 products per order",15,30,6,6,13.776,solved,
Harvey,wbop_10_30.txt,"Warwick 425: balanced orders and products, 9 products per order",10,30,9,9,46.725,solved,
Harvey,wbo_30_30.txt,"Warwick 1848: balanced orders, 15 orders per product",30,30,,,60.012,timeout,
Harvey,wbop_15_30.txt,"Warwick 821: balanced orders and products, 6 products per order",15,30,9,9,23.539,solved,
Harvey,wbo_30_30.txt,"Warwick 1849: balanced orders, 15 orders per product",30,30,,,60.007,timeout,
Harvey,wbo_30_30.txt,"Warwick 1850: balanced orders, 15 orders per product",30,30,,,60.01,timeout,
Harvey,wbop_10_30.txt,"Warwick 447: balanced orders and products, 15 products per order",10,30,10,10,40.605,solved,
Harvey,wbop_10_30.txt,"Warwick 422: balanced orders and products, 9 products per order",10,30,,,60.043,timeout,
Harvey,wbop_10_30.txt,"Warwick 423: balanced orders and products, 9 products per order",10,30,,,60.049,timeout,
Harvey,wbop_15_30.txt,"Warwick 814: balanced orders and products, 4 products per order",15,30,7,7,36.014,solved,
Harvey,wbop_10_30.txt,"Warwick 429: balanced orders and products, 9 products per order",10,30,8,8,59.572,solved,
Harvey,wbop_10_30.txt,"Warwick 427: balanced orders and products, 9 products per order",10,30,,,60.045,timeout,
Harvey,wbop_10_30.txt,"Warwick 433: balanced orders and products, 12 products per order",10,30,,,60.023,timeout,
Harvey,wbop_10_30.txt,"Warwick 440: balanced orders and products, 12 products per order",10,30,,,60.02,timeout,
Harvey,wbop_15_30.txt,"Warwick 824: balanced orders and products, 6 products per order",15,30,10,10,49.318,solved,
Harvey,wbop_15_30.txt,"Warwick 823: balanced orders and products, 6 products per order",15,30,10,10,55.456,solved,
Harvey,wbop_15_30.txt,"Warwick 822: balanced orders and products, 6 products per order",15,30,,,60.037,timeout,
Harvey,wbop_15_30.txt,"Warwick 825: balanced orders and products, 6 products per order",15,30,,,60.033,timeout,
Harvey,wbop_15_30.txt,"Warwick 826: balanced orders and products, 6 products per order",15,30,,,60.039,timeout,
Harvey,wbop_15_30.txt,"Warwick 827: balanced orders and products, 6 products per order",15,30,,,60.007,timeout,
Harvey,wbop_15_30.txt,"Warwick 828: balanced orders and products, 6 products per order",15,30,,,60.014,timeout,
Harvey,wbop_15_30.txt,"Warwick 829: balanced orders and products, 6 products per order",15,30,,,60.024,timeout,
Harvey,wbop_15_30.txt,"Warwick 830: balanced orders and products, 6 products per order",15,30,,,60.033,timeout,
Harvey,wbop_15_30.txt,"Warwick 831: balanced orders and products, 8 products per order",15,30,,,60.042,timeout,
Harvey,wbop_15_30.txt,"Warwick 832: balanced orders and products, 8 products per order",15,30,,,60.043,timeout,
Harvey,wbop_15_30.txt,"Warwick 833: balanced orders and products, 8 products per order",15,30,,,60.042,timeout,
Harvey,wbop_15_30.txt,"Warwick 834: balanced orders and products, 8 products per order",15,30,,,60.0,timeout,
Harvey,wbop_15_30.txt,"Warwick 835: balanced orders and products, 8 products per order",15,30,,,60.01,timeout,
Harvey,wbop_15_30.txt,"Warwick 836: balanced orders and products, 8 products per order",15,30,,,60.011,timeout,
Harvey,wbop_15_30.txt,"Warwick 837: balanced orders and products, 8 products per order",15,30,,,60.023,timeout,
Harvey,wbop_15_30.txt,"Warwick 838: balanced orders and products, 8 products per order",15,30,,,60.032,timeout,
Harvey,wbop_15_30.txt,"Warwick 839: balanced orders and products, 8 products per order",15,30,,,60.044,timeout,
Harvey,wbop_15_30.txt,"Warwick 840: balanced orders and products, 8 products per order",15,30,,,60.038,timeout,
Harvey,wbop_15_30.txt,"Warwick 841: balanced orders and products, 10 products per order",15,30,,,60.004,timeout,
Harvey,wbop_15_30.txt,"Warwick 842: balanced orders and products, 10 products per order",15,30,,,60.046,timeout,
Harvey,wbop_15_30.txt,"Warwick 843: balanced orders and products, 10 products per order",15,30,,,60.049,timeout,
Harvey,wbop_20_10.txt,"Warwick 981: balanced orders and products, 2 products per order",20,10,8,8,0.18,solved,
Harvey,wbop_20_10.txt,"Warwick 982: balanced orders and products, 2 products per order",20,10,8,8,0.12,solved,
Harvey,wbop_20_10.txt,"Warwick 983: balanced orders and products, 2 products per order",20,10,6,6,0.114,solved,
Harvey,wbop_20_10.txt,"Warwick 984: balanced orders and products, 2 products per order",20,10,7,7,0.106,solved,
Harvey,wbop_20_10.txt,"Warwick 985: balanced orders and products, 2 products per order",20,10,6,6,0.12,solved,
Harvey,wbop_20_10.txt,"Warwick 986: balanced orders and products, 2 products per order",20,10,8,8,0.114,solved,
Harvey,wbop_20_10.txt,"Warwick 987: balanced orders and products, 2 products per order",20,10,7,7,0.107,solved,
Harvey,wbop_20_10.txt,"Warwick 989: balanced orders and products, 2 products per order",20,10,6,6,0.112,solved,
Harvey,wbop_20_10.txt,"Warwick 990: balanced orders and products, 2 products per order",20,10,8,8,0.106,solved,
Harvey,wbop_20_10.txt,"Warwick 988: balanced orders and products, 2 products per order",20,10,10,10,0.182,solved,
Harvey,wbop_20_10.txt,"Warwick 991: balanced orders and products, 3 products per order",20,10,13,13,0.169,solved,
Harvey,wbop_20_10.txt,"Warwick 992: balanced orders and products, 3 products per order",20,10,12,12,0.163,solved,
Harvey,wbop_20_10.txt,"Warwick 993: balanced orders and products, 3 products per order",20,10,13,13,0.17,solved,
Harvey,wbop_20_10.txt,"Warwick 995: balanced orders and products, 3 products per order",20,10,12,12,0.113,solved,
Harvey,wbop_20_10.txt,"Warwick 994: balanced orders and products, 3 products per order",20,10,14,14,0.176,solved,
Harvey,wbop_20_10.txt,"Warwick 996: balanced orders and products, 3 products per order",20,10,14,14,0.17,solved,
Harvey,wbop_20_10.txt,"Warwick 997: balanced orders and products, 3 products per order",20,10,13,13,0.17,solved,
Harvey,wbop_20_10.txt,"Warwick 998: balanced orders and products, 3 products per order",20,10,14,14,0.17,solved,
Harvey,wbop_20_10.txt,"Warwick 999: balanced orders and products, 3 products per order",20,10,14,14,0.17,solved,
Harvey,wbop_20_10.txt,"Warwick 1000: balanced orders and products, 3 products per order",20,10,15,15,0.22,solved,
Harvey,wbop_20_10.txt,"Warwick 1001: balanced orders and products, 4 products per order",20,10,18,18,0.22,solved,
Harvey,wbop_20_10.txt,"Warwick 1002: balanced orders and products, 4 products per order",20,10,17,17,0.164,solved,
Harvey,wbop_20_10.txt,"Warwick 1003: balanced orders and products, 4 products per order",20,10,17,17,0.17,solved,
Harvey,wbop_20_10.txt,"Warwick 1004: balanced orders and products, 4 products per order",20,10,17,17,0.17,solved,
Harvey,wbop_20_10.txt,"Warwick 1005: balanced orders and products, 4 products per order",20,10,17,17,0.164,solved,
Harvey,wbop_20_10.txt,"Warwick 1006: balanced orders and products, 4 products per order",20,10,16,16,0.172,solved,
Harvey,wbop_20_10.txt,"Warwick 1007: balanced orders and products, 4 products per order",20,10,17,17,0.172,solved,
Harvey,wbop_20_10.txt,"Warwick 1008: balanced orders and products, 4 products per order",20,10,17,17,0.164,solved,
Harvey,wbop_20_10.txt,"Warwick 1009: balanced orders and products, 4 products per order",20,10,18,18,0.222,solved,
Harvey,wbop_20_10.txt,"Warwick 1010: balanced orders and products, 4 products per order",20,10,17,17,0.164,solved,
Harvey,wbop_20_10.txt,"Warwick 1011: balanced orders and products, 5 products per order",20,10,19,19,0.158,solved,
Harvey,wbop_20_10.txt,"Warwick 1012: balanced orders and products, 5 products per order",20,10,20,20,0.17,solved,
Harvey,wbop_20_10.txt,"Warwick 1013: balanced orders and products, 5 products per order",20,10,19,19,0.164,solved,
Harvey,wbop_20_10.txt,"Warwick 1014: balanced orders and products, 5 products per order",20,10,20,20,0.157,solved,
Harvey,wbop_20_10.txt,"Warwick 1015: balanced orders and products, 5 products per order",20,10,19,19,0.17,solved,
Harvey,wbop_20_10.txt,"Warwick 1016: balanced orders and products, 5 products per order",20,10,19,19,0.163,solved,
Harvey,wbop_20_10.txt,"Warwick 1017: balanced orders and products, 5 products per order",20,10,19,19,0.157,solved,
Harvey,wbop_20_10.txt,"Warwick 1018: balanced orders and products, 5 products per order",20,10,19,19,0.12,solved,
Harvey,wbop_20_10.txt,"Warwick 1019: balanced orders and products, 5 products per order",20,10,19,19,0.171,solved,
Harvey,wbop_20_10.txt,"Warwick 1020: balanced orders and products, 5 products per order",20,10,19,19,0.165,solved,
Harvey,wbop_20_20.txt,"Warwick 1201: balanced orders and products, 2 products per order",20,20,3,3,1.376,solved,
Harvey,wbop_20_20.txt,"Warwick 1202: balanced orders and products, 2 products per order",20,20,3,3,2.64,solved,
Harvey,wbop_20_20.txt,"Warwick 1203: balanced orders and products, 2 products per order",20,20,3,3,2.634,solved,
Harvey,wbop_15_30.txt,"Warwick 844: balanced orders and products, 10 products per order",15,30,,,60.018,timeout,
Harvey,wbop_20_20.txt,"Warwick 1204: balanced orders and products, 2 products per order",20,20,3,3,1.397,solved,
Harvey,wbop_20_20.txt,"Warwick 1205: balanced orders and products, 2 products per order",20,20,3,3,1.445,solved,
Harvey,wbop_20_20.txt,"Warwick 1208: balanced orders and products, 2 products per order",20,20,3,3,1.471,solved,
Harvey,wbop_20_20.txt,"Warwick 1206: balanced orders and products, 2 products per order",20,20,3,3,1.707,solved,
Harvey,wbop_20_20.txt,"Warwick 1207: balanced orders and products, 2 products per order",20,20,3,3,2.397,solved,
Harvey,wbop_20_20.txt,"Warwick 1210: balanced orders and products, 2 products per order",20,20,3,3,1.327,solved,
Harvey,wbop_15_30.txt,"Warwick 845: balanced orders and products, 10 products per order",15,30,,,60.005,timeout,
Harvey,wbop_15_30.txt,"Warwick 846: balanced orders and products, 10 products per order",15,30,,,60.006,timeout,
Harvey,wbop_15_30.txt,"Warwick 847: balanced orders and products, 10 products per order",15,30,,,60.007,timeout,
Harvey,wbop_20_20.txt,"Warwick 1209: balanced orders and products, 2 products per order",20,20,3,3,1.792,solved,
Harvey,wbop_15_30.txt,"Warwick 848: balanced orders and products, 10 products per order",15,30,,,60.037,timeout,
Harvey,wbop_15_30.txt,"Warwick 849: balanced orders and products, 10 products per order",15,30,,,60.035,timeout,
Harvey,wbop_15_30.txt,"Warwick 861: balanced orders and products, 14 products per order",15,30,15,15,29.439,solved,
Harvey,wbop_20_20.txt,"Warwick 1212: balanced orders and products, 3 products per order",20,20,9,9,2.616,solved,
Harvey,wbop_20_20.txt,"Warwick 1217: balanced orders and products, 3 products per order",20,20,8,8,2.36,solved,
Harvey,wbop_20_20.txt,"Warwick 1219: balanced orders and products, 3 products per order",20,20,9,9,2.183,solved,
Harvey,wbop_20_20.txt,"Warwick 1211: balanced orders and products, 3 products per order",20,20,9,9,4.096,solved,
Harvey,wbop_20_20.txt,"Warwick 1218: balanced orders and products, 3 products per order",20,20,7,7,2.407,solved,
Harvey,wbop_20_20.txt,"Warwick 1213: balanced orders and products, 3 products per order",20,20,9,9,2.892,solved,
Harvey,wbop_20_20.txt,"Warwick 1215: balanced orders and products, 3 products per order",20,20,9,9,2.651,solved,
Harvey,wbop_15_30.txt,"Warwick 850: balanced orders and products, 10 products per order",15,30,,,60.032,timeout,
Harvey,wbop_20_20.txt,"Warwick 1214: balanced orders and products, 3 products per order",20,20,9,9,2.781,solved,
Harvey,wbop_20_20.txt,"Warwick 1216: balanced orders and products, 3 products per order",20,20,8,8,3.384,solved,
Harvey,wbop_20_20.txt,"Warwick 1220: balanced orders and products, 3 products per order",20,20,9,9,3.144,solved,
Harvey,wbop_20_20.txt,"Warwick 1221: balanced orders and products, 4 products per order",20,20,12,12,3.695,solved,
Harvey,wbop_20_20.txt,"Warwick 1224: balanced orders and products, 4 products per order",20,20,11,11,3.383,solved,
Harvey,wbop_15_30.txt,"Warwick 866: balanced orders and products, 14 products per order",15,30,15,15,28.852,solved,
Harvey,wbop_20_20.txt,"Warwick 1227: balanced orders and products, 4 products per order",20,20,12,12,4.181,solved,
Harvey,wbop_20_20.txt,"Warwick 1226: balanced orders and products, 4 products per order",20,20,12,12,5.149,solved,
Harvey,wbop_20_20.txt,"Warwick 1230: balanced orders and products, 4 products per order",20,20,12,12,4.466,solved,
Harvey,wbop_20_20.txt,"Warwick 1225: balanced orders and products, 4 products per order",20,20,13,13,5.575,solved,
Harvey,wbop_20_20.txt,"Warwick 1229: balanced orders and products, 4 products per order",20,20,13,13,6.248,solved,
Harvey,wbop_20_20.txt,"Warwick 1222: balanced orders and products, 4 products per order",20,20,13,13,6.814,solved,
Harvey,wbop_20_20.txt,"Warwick 1223: balanced orders and products, 4 products per order",20,20,13,13,7.222,solved,
Harvey,wbop_20_20.txt,"Warwick 1228: balanced orders and products, 4 products per order",20,20,13,13,7.387,solved,
Harvey,wbop_15_30.txt,"Warwick 851: balanced orders and products, 12 products per order",15,30,,,60.041,timeout,
Harvey,wbop_15_30.txt,"Warwick 863: balanced orders and products, 14 products per order",15,30,15,15,38.786,solved,
Harvey,wbop_15_30.txt,"Warwick 868: balanced orders and products, 14 products per order",15,30,15,15,33.438,solved,
Harvey,wbop_20_20.txt,"Warwick 1233: balanced orders and products, 5 products per order",20,20,15,15,8.749,solved,
Harvey,wbop_20_20.txt,"Warwick 1239: balanced orders and products, 5 products per order",20,20,15,15,6.05,solved,
Harvey,wbop_20_20.txt,"Warwick 1237: balanced orders and products, 5 products per order",20,20,15,15,7.382,solved,
Harvey,wbop_20_20.txt,"Warwick 1236: balanced orders and products, 5 products per order",20,20,15,15,8.098,solved,
Harvey,wbop_15_30.txt,"Warwick 865: balanced orders and products, 14 products per order",15,30,15,15,40.104,solved,
Harvey,wbop_20_20.txt,"Warwick 1231: balanced orders and products, 5 products per order",20,20,16,16,11.463,solved,
Harvey,wbop_20_20.txt,"Warwick 1232: balanced orders and products, 5 products per order",20,20,16,16,11.113,solved,
Harvey,wbop_20_20.txt,"Warwick 1238: balanced orders and products, 5 products per order",20,20,15,15,8.866,solved,
Harvey,wbop_15_30.txt,"Warwick 864: balanced orders and products, 14 products per order",15,30,15,15,43.066,solved,
Harvey,wbop_20_20.txt,"Warwick 1234: balanced orders and products, 5 products per order",20,20,16,16,11.675,solved,
Harvey,wbop_15_30.txt,"Warwick 852: balanced orders and products, 12 products per order",15,30,,,60.047,timeout,
Harvey,wbop_20_20.txt,"Warwick 1240: balanced orders and products, 5 products per order",20,20,15,15,9.391,solved,
Harvey,wbop_20_20.txt,"Warwick 1242: balanced orders and products, 6 products per order",20,20,17,17,8.529,solved,
Harvey,wbop_15_30.txt,"Warwick 867: balanced orders and products, 14 products per order",15,30,15,15,39.901,solved,
Harvey,wbop_20_20.txt,"Warwick 1243: balanced orders and products, 6 products per order",20,20,17,17,10.284,solved,
Harvey,wbop_20_20.txt,"Warwick 1235: balanced orders and products, 5 products per order",20,20,16,16,14.686,solved,
Harvey,wbop_20_20.txt,"Warwick 1244: balanced orders and products, 6 products per order",20,20,17,17,9.188,solved,
Harvey,wbop_15_30.txt,"Warwick 853: balanced orders and products, 12 products per order",15,30,,,60.005,timeout,
Harvey,wbop_15_30.txt,"Warwick 870: balanced orders and products, 14 products per order",15,30,15,15,32.563,solved,
Harvey,wbop_20_20.txt,"Warwick 1249: balanced orders and products, 6 products per order",20,20,17,17,8.179,solved,
Harvey,wbop_15_30.txt,"Warwick 869: balanced orders and products, 14 products per order",15,30,15,15,37.52,solved,
Harvey,wbop_20_20.txt,"Warwick 1251: balanced orders and products, 7 products per order",20,20,18,18,8.33,solved,
Harvey,wbop_20_20.txt,"Warwick 1247: balanced orders and products, 6 products per order",20,20,17,17,9.773,solved,
Harvey,wbop_20_20.txt,"Warwick 1253: balanced orders and products, 7 products per order",20,20,18,18,8.079,solved,
Harvey,wbop_20_20.txt,"Warwick 1252: balanced orders and products, 7 products per order",20,20,18,18,8.6,solved,
Harvey,wbop_20_20.txt,"Warwick 1241: balanced orders and products, 6 products per order",20,20,18,18,15.881,solved,
Harvey,wbop_20_20.txt,"Warwick 1257: balanced orders and products, 7 products per order",20,20,18,18,8.111,solved,
Harvey,wbop_20_20.txt,"Warwick 1250: balanced orders and products, 6 products per order",20,20,18,18,10.847,solved,
Harvey,wbop_15_30.txt,"Warwick 854: balanced orders and products, 12 products per order",15,30,,,60.038,timeout,
Harvey,wbop_20_20.txt,"Warwick 1254: balanced orders and products, 7 products per order",20,20,18,18,9.739,solved,
Harvey,wbop_20_20.txt,"Warwick 1259: balanced orders and products, 7 products per order",20,20,18,18,9.044,solved,
Harvey,wbop_20_20.txt,"Warwick 1256: balanced orders and products, 7 products per order",20,20,18,18,9.677,solved,
Harvey,wbop_20_20.txt,"Warwick 1246: balanced orders and products, 6 products per order",20,20,17,17,13.64,solved,
Harvey,wbop_20_20.txt,"Warwick 1245: balanced orders and products, 6 products per order",20,20,17,17,14.057,solved,
Harvey,wbop_15_30.txt,"Warwick 855: balanced orders and products, 12 products per order",15,30,,,60.015,timeout,
Harvey,wbop_15_30.txt,"Warwick 856: balanced orders and products, 12 products per order",15,30,,,60.019,timeout,
Harvey,wbop_15_30.txt,"Warwick 857: balanced orders and products, 12 products per order",15,30,,,60.025,timeout,
Harvey,wbop_15_30.txt,"Warwick 858: balanced orders and products, 12 products per order",15,30,,,60.026,timeout,
Harvey,wbop_20_20.txt,"Warwick 1262: balanced orders and products, 8 products per order",20,20,19,19,7.97,solved,
Harvey,wbop_20_20.txt,"Warwick 1260: balanced orders and products, 7 products per order",20,20,18,18,9.349,solved,
Harvey,wbop_15_30.txt,"Warwick 859: balanced orders and products, 12 products per order",15,30,,,60.045,timeout,
Harvey,wbop_15_30.txt,"Warwick 860: balanced orders and products, 12 products per order",15,30,,,60.046,timeout,
Harvey,wbop_20_20.txt,"Warwick 1261: balanced orders and products, 8 products per order",20,20,19,19,10.89,solved,
Harvey,wbop_20_20.txt,"Warwick 1270: balanced orders and products, 8 products per order",20,20,19,19,7.65,solved,
Harvey,wbop_20_20.txt,"Warwick 1255: balanced orders and products, 7 products per order",20,20,19,19,15.029,solved,
Harvey,wbop_15_30.txt,"Warwick 862: balanced orders and products, 14 products per order",15,30,,,60.004,timeout,
Harvey,wbop_30_10.txt,"Warwick 1431: balanced orders and products, 2 products per order",30,10,14,14,0.207,solved,
Harvey,wbop_20_20.txt,"Warwick 1268: balanced orders and products, 8 products per order",20,20,19,19,9.114,solved,
Harvey,wbop_20_20.txt,"Warwick 1269: balanced orders and products, 8 products per order",20,20,19,19,8.965,solved,
Harvey,wbop_30_10.txt,"Warwick 1432: balanced orders and products, 2 products per order",30,10,14,14,0.215,solved,
Harvey,wbop_20_20.txt,"Warwick 1263: balanced orders and products, 8 products per order",20,20,19,19,10.835,solved,
Harvey,wbop_30_10.txt,"Warwick 1433: balanced orders and products, 2 products per order",30,10,14,14,0.229,solved,
Harvey,wbop_20_20.txt,"Warwick 1265: balanced orders and products, 8 products per order",20,20,19,19,10.229,solved,
Harvey,wbop_30_10.txt,"Warwick 1434: balanced orders and products, 2 products per order",30,10,13,13,0.177,solved,
Harvey,wbop_30_10.txt,"Warwick 1435: balanced orders and products, 2 products per order",30,10,13,13,0.17,solved,
Harvey,wbop_30_10.txt,"Warwick 1436: balanced orders and products, 2 products per order",30,10,13,13,0.185,solved,
Harvey,wbop_30_10.txt,"Warwick 1437: balanced orders and products, 2 products per order",30,10,14,14,0.183,solved,
Harvey,wbop_30_10.txt,"Warwick 1438: balanced orders and products, 2 products per order",30,10,13,13,0.184,solved,
Harvey,wbop_30_10.txt,"Warwick 1439: balanced orders and products, 2 products per order",30,10,13,13,0.177,solved,
Harvey,wbop_30_10.txt,"Warwick 1440: balanced orders and products, 2 products per order",30,10,13,13,0.234,solved,
Harvey,wbop_20_20.txt,"Warwick 1280: balanced orders and products, 9 products per order",20,20,19,19,5.365,solved,
Harvey,wbop_30_10.txt,"Warwick 1441: balanced orders and products, 3 products per order",30,10,20,20,0.184,solved,
Harvey,wbop_30_10.txt,"Warwick 1442: balanced orders and products, 3 products per order",30,10,20,20,0.244,solved,
Harvey,wbop_30_10.txt,"Warwick 1444: balanced orders and products, 3 products per order",30,10,21,21,0.238,solved,
Harvey,wbop_30_10.txt,"Warwick 1443: balanced orders and products, 3 products per order",30,10,20,20,0.302,solved,
Harvey,wbop_30_10.txt,"Warwick 1445: balanced orders and products, 3 products per order",30,10,22,22,0.238,solved,
Harvey,wbop_20_20.txt,"Warwick 1264: balanced orders and products, 8 products per order",20,20,19,19,11.594,solved,
Harvey,wbop_30_10.txt,"Warwick 1446: balanced orders and products, 3 products per order",30,10,22,22,0.245,solved,
Harvey,wbop_30_10.txt,"Warwick 1447: balanced orders and products, 3 products per order",30,10,21,21,0.301,solved,
Harvey,wbop_30_10.txt,"Warwick 1448: balanced orders and products, 3 products per order",30,10,20,20,0.25,solved,
Harvey,wbop_30_10.txt,"Warwick 1450: balanced orders and products, 3 products per order",30,10,19,19,0.193,solved,
Harvey,wbop_30_10.txt,"Warwick 1449: balanced orders and products, 3 products per order",30,10,23,23,0.357,solved,
Harvey,wbop_30_10.txt,"Warwick 1451: balanced orders and products, 4 products per order",30,10,27,27,0.35,solved,
Harvey,wbop_30_10.txt,"Warwick 1452: balanced orders and products, 4 products per order",30,10,27,27,0.35,solved,
Harvey,wbop_30_10.txt,"Warwick 1453: balanced orders and products, 4 products per order",30,10,27,27,0.343,solved,
Harvey,wbop_30_10.txt,"Warwick 1454: balanced orders and products, 4 products per order",30,10,26,26,0.286,solved,
Harvey,wbop_30_10.txt,"Warwick 1455: balanced orders and products, 4 products per order",30,10,27,27,0.299,solved,
Harvey,wbop_30_10.txt,"Warwick 1456: balanced orders and products, 4 products per order",30,10,26,26,0.3,solved,
Harvey,wbop_20_20.txt,"Warwick 1267: balanced orders and products, 8 products per order",20,20,19,19,10.999,solved,
Harvey,wbop_30_10.txt,"Warwick 1457: balanced orders and products, 4 products per order",30,10,26,26,0.357,solved,
Harvey,wbop_30_10.txt,"Warwick 1458: balanced orders and products, 4 products per order",30,10,27,27,0.3,solved,
Harvey,wbop_20_20.txt,"Warwick 1266: balanced orders and products, 8 products per order",20,20,19,19,11.481,solved,
Harvey,wbop_30_10.txt,"Warwick 1461: balanced orders and products, 5 products per order",30,10,29,29,0.292,solved,
Harvey,wbop_30_10.txt,"Warwick 1459: balanced orders and products, 4 products per order",30,10,27,27,0.371,solved,
Harvey,wbop_30_10.txt,"Warwick 1460: balanced orders and products, 4 products per order",30,10,26,26,0.364,solved,
Harvey,wbop_30_10.txt,"Warwick 1462: balanced orders and products, 5 products per order",30,10,29,29,0.3,solved,
Harvey,wbop_30_10.txt,"Warwick 1463: balanced orders and products, 5 products per order",30,10,29,29,0.316,solved,
Harvey,wbop_30_10.txt,"Warwick 1464: balanced orders and products, 5 products per order",30,10,29,29,0.316,solved,
Harvey,wbop_30_10.txt,"Warwick 1465: balanced orders and products, 5 products per order",30,10,29,29,0.259,solved,
Harvey,wbop_30_10.txt,"Warwick 1466: balanced orders and products, 5 products per order",30,10,29,29,0.318,solved,
Harvey,wbop_30_10.txt,"Warwick 1467: balanced orders and products, 5 products per order",30,10,29,29,0.317,solved,
Harvey,wbop_30_10.txt,"Warwick 1468: balanced orders and products, 5 products per order",30,10,29,29,0.31,solved,
Harvey,wbop_30_10.txt,"Warwick 1469: balanced orders and products, 5 products per order",30,10,29,29,0.317,solved,
Harvey,wbop_30_10.txt,"Warwick 1470: balanced orders and products, 5 products per order",30,10,30,30,0.418,solved,
Harvey,wbop_20_20.txt,"Warwick 1281: balanced orders and products, 10 products per order",20,20,20,20,7.008,solved,
Harvey,wbop_20_20.txt,"Warwick 1282: balanced orders and products, 10 products per order",20,20,20,20,6.841,solved,
Harvey,wbop_30_15.txt,"Warwick 1651: balanced orders and products, 2 products per order",30,15,10,10,0.783,solved,
Harvey,wbop_30_15.txt,"Warwick 1653: balanced orders and products, 2 products per order",30,15,9,9,0.776,solved,
Harvey,wbop_30_15.txt,"Warwick 1654: balanced orders and products, 2 products per order",30,15,8,8,0.769,solved,
Harvey,wbop_30_15.txt,"Warwick 1655: balanced orders and products, 2 products per order",30,15,10,10,0.777,solved,
Harvey,wbop_30_15.txt,"Warwick 1657: balanced orders and products, 2 products per order",30,15,8,8,0.713,solved,
Harvey,wbop_20_20.txt,"Warwick 1248: balanced orders and products, 6 products per order",20,20,18,18,21.731,solved,
Harvey,wbop_30_15.txt,"Warwick 1656: balanced orders and products, 2 products per order",30,15,10,10,0.785,solved,
Harvey,wbop_30_15.txt,"Warwick 1652: balanced orders and products, 2 products per order",30,15,10,10,1.078,solved,
Harvey,wbop_30_15.txt,"Warwick 1658: balanced orders and products, 2 products per order",30,15,9,9,0.842,solved,
Harvey,wbop_30_15.txt,"Warwick 1660: balanced orders and products, 2 products per order",30,15,10,10,0.676,solved,
Harvey,wbop_20_20.txt,"Warwick 1278: balanced orders and products, 9 products per order",20,20,20,20,8.848,solved,
Harvey,wbop_30_15.txt,"Warwick 1659: balanced orders and products, 2 products per order",30,15,10,10,1.358,solved,
Harvey,wbop_30_15.txt,"Warwick 1663: balanced orders and products, 3 products per order",30,15,18,18,0.985,solved,
Harvey,wbop_30_15.txt,"Warwick 1670: balanced orders and products, 3 products per order",30,15,17,17,0.733,solved,
Harvey,wbop_30_15.txt,"Warwick 1665: balanced orders and products, 3 products per order",30,15,17,17,0.984,solved,
Harvey,wbop_30_15.txt,"Warwick 1664: balanced orders and products, 3 products per order",30,15,17,17,1.1,solved,
Harvey,wbop_30_15.txt,"Warwick 1666: balanced orders and products, 3 products per order",30,15,16,16,1.193,solved,
Harvey,wbop_20_20.txt,"Warwick 1258: balanced orders and products, 7 products per order",20,20,19,19,19.522,solved,
Harvey,wbop_20_20.txt,"Warwick 1285: balanced orders and products, 10 products per order",20,20,20,20,7.799,solved,
Harvey,wbop_30_15.txt,"Warwick 1661: balanced orders and products, 3 products per order",30,15,18,18,1.791,solved,
Harvey,wbop_30_15.txt,"Warwick 1662: balanced orders and products, 3 products per order",30,15,19,19,1.804,solved,
Harvey,wbop_30_15.txt,"Warwick 1667: balanced orders and products, 3 products per order",30,15,19,19,1.723,solved,
Harvey,wbop_20_20.txt,"Warwick 1272: balanced orders and products, 9 products per order",20,20,20,20,12.007,solved,
Harvey,wbop_20_20.txt,"Warwick 1284: balanced orders and products, 10 products per order",20,20,20,20,8.598,solved,
Harvey,wbop_30_15.txt,"Warwick 1668: balanced orders and products, 3 products per order",30,15,18,18,1.775,solved,
Harvey,wbop_30_15.txt,"Warwick 1669: balanced orders and products, 3 products per order",30,15,18,18,1.791,solved,
Harvey,wbop_20_20.txt,"Warwick 1286: balanced orders and products, 10 products per order",20,20,20,20,8.452,solved,
Harvey,wbop_20_20.txt,"Warwick 1287: balanced orders and products, 10 products per order",20,20,20,20,8.183,solved,
Harvey,wbop_20_20.txt,"Warwick 1290: balanced orders and products, 10 products per order",20,20,20,20,5.901,solved,
Harvey,wbop_30_15.txt,"Warwick 1674: balanced orders and products, 4 products per order",30,15,22,22,1.231,solved,
Harvey,wbop_20_20.txt,"Warwick 1283: balanced orders and products, 10 products per order",20,20,20,20,9.722,solved,
Harvey,wbop_30_15.txt,"Warwick 1673: balanced orders and products, 4 products per order",30,15,23,23,2.309,solved,
Harvey,wbop_30_15.txt,"Warwick 1672: balanced orders and products, 4 products per order",30,15,23,23,2.877,solved,
Harvey,wbop_30_15.txt,"Warwick 1682: balanced orders and products, 5 products per order",30,15,25,25,1.657,solved,
Harvey,wbop_30_15.txt,"Warwick 1677: balanced orders and products, 4 products per order",30,15,23,23,2.305,solved,
Harvey,wbop_30_15.txt,"Warwick 1679: balanced orders and products, 4 products per order",30,15,22,22,2.196,solved,
Harvey,wbop_30_15.txt,"Warwick 1676: balanced orders and products, 4 products per order",30,15,24,24,2.579,solved,
Harvey,wbop_30_15.txt,"Warwick 1680: balanced orders and products, 4 products per order",30,15,23,23,2.298,solved,
Harvey,wbop_30_15.txt,"Warwick 1671: balanced orders and products, 4 products per order",30,15,24,24,3.485,solved,
Harvey,wbop_30_15.txt,"Warwick 1684: balanced orders and products, 5 products per order",30,15,26,26,1.993,solved,
Harvey,wbop_20_20.txt,"Warwick 1288: balanced orders and products, 10 products per order",20,20,20,20,8.639,solved,
Harvey,wbop_30_15.txt,"Warwick 1681: balanced orders and products, 5 products per order",30,15,26,26,2.934,solved,
Harvey,wbop_30_15.txt,"Warwick 1687: balanced orders and products, 5 products per order",30,15,26,26,2.394,solved,
Harvey,wbop_30_15.txt,"Warwick 1683: balanced orders and products, 5 products per order",30,15,26,26,2.734,solved,
Harvey,wbop_30_15.txt,"Warwick 1675: balanced orders and products, 4 products per order",30,15,25,25,3.856,solved,
Harvey,wbop_30_15.txt,"Warwick 1695: balanced orders and products, 6 products per order",30,15,27,27,1.494,solved,
Harvey,wbop_30_15.txt,"Warwick 1689: balanced orders and products, 5 products per order",30,15,27,27,2.761,solved,
Harvey,wbop_20_20.txt,"Warwick 1289: balanced orders and products, 10 products per order",20,20,20,20,8.834,solved,
Harvey,wbop_30_15.txt,"Warwick 1691: balanced orders and products, 6 products per order",30,15,28,28,2.703,solved,
Harvey,wbop_30_15.txt,"Warwick 1699: balanced orders and products, 6 products per order",30,15,27,27,1.284,solved,
Harvey,wbop_30_15.txt,"Warwick 1688: balanced orders and products, 5 products per order",30,15,27,27,2.898,solved,
Harvey,wbop_30_15.txt,"Warwick 1686: balanced orders and products, 5 products per order",30,15,27,27,3.173,solved,
Harvey,wbop_30_15.txt,"Warwick 1678: balanced orders and products, 4 products per order",30,15,25,25,3.893,solved,
Harvey,wbop_30_15.txt,"Warwick 1690: balanced orders and products, 5 products per order",30,15,27,27,3.207,solved,
Harvey,wbop_30_15.txt,"Warwick 1692: balanced orders and products, 6 products per order",30,15,28,28,2.748,solved,
Harvey,wbop_30_15.txt,"Warwick 1694: balanced orders and products, 6 products per order",30,15,28,28,2.288,solved,
Harvey,wbop_30_15.txt,"Warwick 1697: balanced orders and products, 6 products per order",30,15,28,28,2.071,solved,
Harvey,wbop_30_15.txt,"Warwick 1698: balanced orders and products, 6 products per order",30,15,28,28,1.963,solved,
Harvey,wbop_30_15.txt,"Warwick 1685: balanced orders and products, 5 products per order",30,15,27,27,3.889,solved,
Harvey,wbop_30_15.txt,"Warwick 1696: balanced orders and products, 6 products per order",30,15,28,28,2.804,solved,
Harvey,wbop_30_15.txt,"Warwick 1701: balanced orders and products, 7 products per order",30,15,29,29,2.369,solved,
Harvey,wbop_30_15.txt,"Warwick 1700: balanced orders and products, 6 products per order",30,15,28,28,2.688,solved,
Harvey,wbop_30_15.txt,"Warwick 1706: balanced orders and products, 7 products per order",30,15,29,29,1.535,solved,
Harvey,wbop_30_15.txt,"Warwick 1709: balanced orders and products, 7 products per order",30,15,29,29,1.525,solved,
Harvey,wbop_30_15.txt,"Warwick 1704: balanced orders and products, 7 products per order",30,15,29,29,2.172,solved,
Harvey,wbop_20_20.txt,"Warwick 1271: balanced orders and products, 9 products per order",20,20,20,20,18.117,solved,
Harvey,wbop_30_15.txt,"Warwick 1703: balanced orders and products, 7 products per order",30,15,30,30,2.694,solved,
Harvey,wbop_30_15.txt,"Warwick 1707: balanced orders and products, 7 products per order",30,15,29,29,2.318,solved,
Harvey,wbop_30_15.txt,"Warwick 1693: balanced orders and products, 6 products per order",30,15,29,29,4.146,solved,
Harvey,wbop_20_20.txt,"Warwick 1274: balanced orders and products, 9 products per order",20,20,20,20,16.956,solved,
Harvey,wbop_30_15.txt,"Warwick 1705: balanced orders and products, 7 products per order",30,15,30,30,2.908,solved,
Harvey,wbop_30_15.txt,"Warwick 1702: balanced orders and products, 7 products per order",30,15,30,30,3.387,solved,
Harvey,wbop_30_15.txt,"Warwick 1708: balanced orders and products, 7 products per order",30,15,30,30,2.695,solved,
Harvey,wbop_30_30.txt,"Warwick 1991: balanced orders and products, 2 products per order",30,30,3,3,2.93,solved,
Harvey,wbop_30_30.txt,"Warwick 1992: balanced orders and products, 2 products per order",30,30,3,3,2.981,solved,
Harvey,wbop_30_30.txt,"Warwick 1994: balanced orders and products, 2 products per order",30,30,3,3,2.972,solved,
Harvey,wbop_30_15.txt,"Warwick 1710: balanced orders and products, 7 products per order",30,15,30,30,3.211,solved,
Harvey,wbop_30_30.txt,"Warwick 1996: balanced orders and products, 2 products per order",30,30,3,3,2.87,solved,
Harvey,wbop_20_20.txt,"Warwick 1273: balanced orders and products, 9 products per order",20,20,20,20,18.442,solved,
Harvey,wbop_20_20.txt,"Warwick 1277: balanced orders and products, 9 products per order",20,20,20,20,18.0,solved,
Harvey,wbop_30_30.txt,"Warwick 1997: balanced orders and products, 2 products per order",30,30,3,3,3.683,solved,
Harvey,wbop_20_20.txt,"Warwick 1275: balanced orders and products, 9 products per order",20,20,20,20,18.578,solved,
Harvey,wbop_20_20.txt,"Warwick 1279: balanced orders and products, 9 products per order",20,20,20,20,17.802,solved,
Harvey,wbop_30_30.txt,"Warwick 1993: balanced orders and products, 2 products per order",30,30,3,3,5.185,solved,
Harvey,wbop_30_30.txt,"Warwick 1998: balanced orders and products, 2 products per order",30,30,3,3,5.304,solved,
Harvey,wbop_30_30.txt,"Warwick 2000: balanced orders and products, 2 products per order",30,30,3,3,5.897,solved,
Harvey,wbop_30_30.txt,"Warwick 1999: balanced orders and products, 2 products per order",30,30,3,3,6.166,solved,
Harvey,wbop_30_30.txt,"Warwick 1995: balanced orders and products, 2 products per order",30,30,3,3,6.707,solved,
Harvey,wbop_20_20.txt,"Warwick 1276: balanced orders and products, 9 products per order",20,20,20,20,22.334,solved,
Harvey,wbop_30_30.txt,"Warwick 2010: balanced orders and products, 3 products per order",30,30,9,9,11.484,solved,
Harvey,wbop_30_30.txt,"Warwick 2006: balanced orders and products, 3 products per order",30,30,10,10,17.053,solved,
Harvey,wbop_30_30.txt,"Warwick 2004: balanced orders and products, 3 products per order",30,30,10,10,18.23,solved,
Harvey,wbop_30_30.txt,"Warwick 2007: balanced orders and products, 3 products per order",30,30,10,10,20.53,solved,
Harvey,wbop_30_30.txt,"Warwick 2001: balanced orders and products, 3 products per order",30,30,11,11,34.294,solved,
Harvey,wbop_30_30.txt,"Warwick 2003: balanced orders and products, 3 products per order",30,30,11,11,37.561,solved,
Harvey,wbop_30_30.txt,"Warwick 2008: balanced orders and products, 3 products per order",30,30,11,11,41.004,solved,
Harvey,wbop_30_30.txt,"Warwick 2005: balanced orders and products, 3 products per order",30,30,12,12,50.176,solved,
Harvey,wbop_30_30.txt,"Warwick 2002: balanced orders and products, 3 products per order",30,30,11,11,57.838,solved,
Harvey,wbop_30_30.txt,"Warwick 2009: balanced orders and products, 3 products per order",30,30,,,60.014,timeout,
Harvey,wbop_30_30.txt,"Warwick 2011: balanced orders and products, 4 products per order",30,30,,,60.024,timeout,
Harvey,wbop_30_30.txt,"Warwick 2012: balanced orders and products, 4 products per order",30,30,,,60.043,timeout,
Harvey,wbop_30_30.txt,"Warwick 2013: balanced orders and products, 4 products per order",30,30,,,60.002,timeout,
Harvey,wbop_30_30.txt,"Warwick 2014: balanced orders and products, 4 products per order",30,30,,,60.026,timeout,
Harvey,wbop_30_30.txt,"Warwick 2015: balanced orders and products, 4 products per order",30,30,,,60.042,timeout,
Harvey,wbop_30_30.txt,"Warwick 2016: balanced orders and products, 4 products per order",30,30,,,60.011,timeout,
Harvey,wbop_30_30.txt,"Warwick 2017: balanced orders and products, 4 products per order",30,30,,,60.027,timeout,
Harvey,wbop_30_30.txt,"Warwick 2018: balanced orders and products, 4 products per order",30,30,,,60.042,timeout,
Harvey,wbop_30_30.txt,"Warwick 2019: balanced orders and products, 4 products per order",30,30,,,60.006,timeout,
Harvey,wbop_30_30.txt,"Warwick 2020: balanced orders and products, 4 products per order",30,30,,,60.02,timeout,
Harvey,wbop_30_30.txt,"Warwick 2021: balanced orders and products, 5 products per order",30,30,,,60.037,timeout,
Harvey,wbop_30_30.txt,"Warwick 2022: balanced orders and products, 5 products per order",30,30,,,60.002,timeout,
Harvey,wbop_30_30.txt,"Warwick 2023: balanced orders and products, 5 products per order",30,30,,,60.015,timeout,
Harvey,wbop_30_30.txt,"Warwick 2024: balanced orders and products, 5 products per order",30,30,,,60.031,timeout,
Harvey,wbop_30_30.txt,"Warwick 2025: balanced orders and products, 5 products per order",30,30,,,60.046,timeout,
Harvey,wbop_30_30.txt,"Warwick 2026: balanced orders and products, 5 products per order",30,30,,,60.005,timeout,
Harvey,wbop_30_30.txt,"Warwick 2027: balanced orders and products, 5 products per order",30,30,,,60.017,timeout,
Harvey,wbop_30_30.txt,"Warwick 2028: balanced orders and products, 5 products per order",30,30,,,60.032,timeout,
Harvey,wbop_30_30.txt,"Warwick 2029: balanced orders and products, 5 products per order",30,30,,,60.043,timeout,
Harvey,wbop_30_30.txt,"Warwick 2030: balanced orders and products, 5 products per order",30,30,,,60.005,timeout,
Harvey,wbop_30_30.txt,"Warwick 2031: balanced orders and products, 6 products per order",30,30,,,60.018,timeout,
Harvey,wbop_30_30.txt,"Warwick 2032: balanced orders and products, 6 products per order",30,30,,,60.02,timeout,
Harvey,wbop_30_30.txt,"Warwick 2033: balanced orders and products, 6 products per order",30,30,,,60.033,timeout,
Harvey,wbop_30_30.txt,"Warwick 2034: balanced orders and products, 6 products per order",30,30,,,60.0,timeout,
Harvey,wbop_30_30.txt,"Warwick 2035: balanced orders and products, 6 products per order",30,30,,,60.009,timeout,
Harvey,wbop_30_30.txt,"Warwick 2036: balanced orders and products, 6 products per order",30,30,,,60.021,timeout,
Harvey,wbop_30_30.txt,"Warwick 2037: balanced orders and products, 6 products per order",30,30,,,60.031,timeout,
Harvey,wbop_30_30.txt,"Warwick 2038: balanced orders and products, 6 products per order",30,30,,,60.043,timeout,
Harvey,wbop_30_30.txt,"Warwick 2039: balanced orders and products, 6 products per order",30,30,,,60.009,timeout,
Harvey,wbop_30_30.txt,"Warwick 2040: balanced orders and products, 6 products per order",30,30,,,60.014,timeout,
Harvey,wbop_30_30.txt,"Warwick 2041: balanced orders and products, 7 products per order",30,30,,,60.015,timeout,
Harvey,wbop_30_30.txt,"Warwick 2042: balanced orders and products, 7 products per order",30,30,,,60.004,timeout,
Harvey,wbop_30_30.txt,"Warwick 2043: balanced orders and products, 7 products per order",30,30,,,60.01,timeout,
Harvey,wbop_30_30.txt,"Warwick 2044: balanced orders and products, 7 products per order",30,30,,,60.021,timeout,
Harvey,wbop_30_30.txt,"Warwick 2045: balanced orders and products, 7 products per order",30,30,,,60.025,timeout,
Harvey,wbop_30_30.txt,"Warwick 2046: balanced orders and products, 7 products per order",30,30,,,60.02,timeout,
Harvey,wbop_30_30.txt,"Warwick 2047: balanced orders and products, 7 products per order",30,30,,,60.021,timeout,
Harvey,wbop_30_30.txt,"Warwick 2048: balanced orders and products, 7 products per order",30,30,,,60.021,timeout,
Harvey,wbop_30_30.txt,"Warwick 2049: balanced orders and products, 7 products per order",30,30,,,60.024,timeout,
Harvey,wbop_30_30.txt,"Warwick 2050: balanced orders and products, 7 products per order",30,30,,,60.023,timeout,
Harvey,wbop_30_30.txt,"Warwick 2051: balanced orders and products, 8 products per order",30,30,,,60.024,timeout,
Harvey,wbop_30_30.txt,"Warwick 2052: balanced orders and products, 8 products per order",30,30,,,60.024,timeout,
Harvey,wbop_30_30.txt,"Warwick 2053: balanced orders and products, 8 products per order",30,30,,,60.023,timeout,
Harvey,wbop_30_30.txt,"Warwick 2054: balanced orders and products, 8 products per order",30,30,,,60.025,timeout,
Harvey,wbop_30_30.txt,"Warwick 2055: balanced orders and products, 8 products per order",30,30,,,60.028,timeout,
Harvey,wbop_30_30.txt,"Warwick 2056: balanced orders and products, 8 products per order",30,30,,,60.028,timeout,
Harvey,wbop_30_30.txt,"Warwick 2057: balanced orders and products, 8 products per order",30,30,,,60.025,timeout,
Harvey,wbop_30_30.txt,"Warwick 2058: balanced orders and products, 8 products per order",30,30,,,60.026,timeout,
Harvey,wbop_30_30.txt,"Warwick 2059: balanced orders and products, 8 products per order",30,30,,,60.026,timeout,
Harvey,wbop_30_30.txt,"Warwick 2060: balanced orders and products, 8 products per order",30,30,,,60.025,timeout,
Harvey,wbop_30_30.txt,"Warwick 2061: balanced orders and products, 9 products per order",30,30,,,60.015,timeout,
Harvey,wbop_30_30.txt,"Warwick 2062: balanced orders and products, 9 products per order",30,30,,,60.016,timeout,
Harvey,wbop_30_30.txt,"Warwick 2063: balanced orders and products, 9 products per order",30,30,,,60.016,timeout,
Harvey,wbop_30_30.txt,"Warwick 2064: balanced orders and products, 9 products per order",30,30,,,60.011,timeout,
Harvey,wbop_30_30.txt,"Warwick 2065: balanced orders and products, 9 products per order",30,30,,,60.009,timeout,
Harvey,wbop_30_30.txt,"Warwick 2066: balanced orders and products, 9 products per order",30,30,,,60.005,timeout,
Harvey,wbop_30_30.txt,"Warwick 2067: balanced orders and products, 9 products per order",30,30,,,60.006,timeout,
Harvey,wbop_30_30.txt,"Warwick 2068: balanced orders and products, 9 products per order",30,30,,,60.004,timeout,
Harvey,wbop_30_30.txt,"Warwick 2069: balanced orders and products, 9 products per order",30,30,,,60.005,timeout,
Harvey,wbop_30_30.txt,"Warwick 2070: balanced orders and products, 9 products per order",30,30,,,60.001,timeout,
Harvey,wbop_30_30.txt,"Warwick 2071: balanced orders and products, 10 products per order",30,30,,,60.048,timeout,
Harvey,wbop_30_30.txt,"Warwick 2072: balanced orders and products, 10 products per order",30,30,,,60.032,timeout,
Harvey,wbop_30_30.txt,"Warwick 2073: balanced orders and products, 10 products per order",30,30,,,60.037,timeout,
Harvey,wbop_30_30.txt,"Warwick 2074: balanced orders and products, 10 products per order",30,30,,,60.046,timeout,
Harvey,wbop_30_30.txt,"Warwick 2075: balanced orders and products, 10 products per order",30,30,,,60.042,timeout,
Harvey,wbop_30_30.txt,"Warwick 2076: balanced orders and products, 10 products per order",30,30,,,60.044,timeout,
Harvey,wbop_30_30.txt,"Warwick 2077: balanced orders and products, 10 products per order",30,30,,,60.043,timeout,
Harvey,wbop_30_30.txt,"Warwick 2078: balanced orders and products, 10 products per order",30,30,,,60.043,timeout,
Harvey,wbop_30_30.txt,"Warwick 2079: balanced orders and products, 10 products per order",30,30,,,60.043,timeout,
Harvey,wbop_30_30.txt,"Warwick 2080: balanced orders and products, 10 products per order",30,30,,,60.043,timeout,
Harvey,wbop_30_30.txt,"Warwick 2081: balanced orders and products, 11 products per order",30,30,,,60.042,timeout,
Harvey,wbop_30_30.txt,"Warwick 2082: balanced orders and products, 11 products per order",30,30,,,60.042,timeout,
Harvey,wbop_30_30.txt,"Warwick 2083: balanced orders and products, 11 products per order",30,30,,,60.04,timeout,
Harvey,wbop_30_30.txt,"Warwick 2084: balanced orders and products, 11 products per order",30,30,,,60.042,timeout,
Harvey,wbop_30_30.txt,"Warwick 2085: balanced orders and products, 11 products per order",30,30,,,60.043,timeout,
Harvey,wbop_30_30.txt,"Warwick 2086: balanced orders and products, 11 products per order",30,30,,,60.04,timeout,
Harvey,wbop_30_30.txt,"Warwick 2087: balanced orders and products, 11 products per order",30,30,,,60.037,timeout,
Harvey,wbop_30_30.txt,"Warwick 2088: balanced orders and products, 11 products per order",30,30,,,60.041,timeout,
Harvey,wbop_30_30.txt,"Warwick 2089: balanced orders and products, 11 products per order",30,30,,,60.044,timeout,
Harvey,wbop_30_30.txt,"Warwick 2090: balanced orders and products, 11 products per order",30,30,,,60.0,timeout,
Harvey,wbop_30_30.txt,"Warwick 2091: balanced orders and products, 12 products per order",30,30,,,60.001,timeout,
Harvey,wbop_30_30.txt,"Warwick 2092: balanced orders and products, 12 products per order",30,30,,,60.004,timeout,
Harvey,wbop_30_30.txt,"Warwick 2093: balanced orders and products, 12 products per order",30,30,,,60.003,timeout,
Harvey,wbop_30_30.txt,"Warwick 2094: balanced orders and products, 12 products per order",30,30,,,60.009,timeout,
Harvey,wbop_30_30.txt,"Warwick 2095: balanced orders and products, 12 products per order",30,30,,,60.008,timeout,
Harvey,wbop_30_30.txt,"Warwick 2096: balanced orders and products, 12 products per order",30,30,,,60.012,timeout,
Harvey,wbop_30_30.txt,"Warwick 2097: balanced orders and products, 12 products per order",30,30,,,60.014,timeout,
Harvey,wbop_30_30.txt,"Warwick 2098: balanced orders and products, 12 products per order",30,30,,,60.021,timeout,
Harvey,wbop_30_30.txt,"Warwick 2099: balanced orders and products, 12 products per order",30,30,,,60.018,timeout,
Harvey,wbop_30_30.txt,"Warwick 2100: balanced orders and products, 12 products per order",30,30,,,60.02,timeout,
Harvey,wbop_30_30.txt,"Warwick 2101: balanced orders and products, 13 products per order",30,30,,,60.022,timeout,
Harvey,wbop_30_30.txt,"Warwick 2102: balanced orders and products, 13 products per order",30,30,,,60.007,timeout,
Harvey,wbop_30_30.txt,"Warwick 2103: balanced orders and products, 13 products per order",30,30,,,60.014,timeout,
Harvey,wbop_30_30.txt,"Warwick 2104: balanced orders and products, 13 products per order",30,30,,,60.028,timeout,
Harvey,wbp_10_10.txt,"Warwick 41: balanced products, 2 products per order",10,10,3,3,0.129,solved,
Harvey,wbp_10_10.txt,"Warwick 42: balanced products, 2 products per order",10,10,4,4,0.102,solved,
Harvey,wbp_10_10.txt,"Warwick 43: balanced products, 2 products per order",10,10,3,3,0.095,solved,
Harvey,wbp_10_10.txt,"Warwick 44: balanced products, 2 products per order",10,10,4,4,0.085,solved,
Harvey,wbp_10_10.txt,"Warwick 45: balanced products, 2 products per order",10,10,4,4,0.078,solved,
Harvey,wbp_10_10.txt,"Warwick 46: balanced products, 2 products per order",10,10,4,4,0.085,solved,
Harvey,wbp_10_10.txt,"Warwick 47: balanced products, 2 products per order",10,10,4,4,0.078,solved,
Harvey,wbp_10_10.txt,"Warwick 48: balanced products, 2 products per order",10,10,4,4,0.086,solved,
Harvey,wbp_10_10.txt,"Warwick 49: balanced products, 2 products per order",10,10,3,3,0.078,solved,
Harvey,wbop_30_30.txt,"Warwick 2105: balanced orders and products, 13 products per order",30,30,,,60.061,timeout,
Harvey,wbop_30_30.txt,"Warwick 2106: balanced orders and products, 13 products per order",30,30,,,60.006,timeout,
Harvey,wbp_10_10.txt,"Warwick 50: balanced products, 2 products per order",10,10,3,3,0.117,solved,
Harvey,wbp_10_10.txt,"Warwick 51: balanced products, 3 products per order",10,10,7,7,0.108,solved,
Harvey,wbp_10_10.txt,"Warwick 52: balanced products, 3 products per order",10,10,7,7,0.135,solved,
Harvey,wbp_10_10.txt,"Warwick 53: balanced products, 3 products per order",10,10,7,7,0.127,solved,
Harvey,wbop_30_30.txt,"Warwick 2107: balanced orders and products, 13 products per order",30,30,,,60.05,timeout,
Harvey,wbp_10_10.txt,"Warwick 54: balanced products, 3 products per order",10,10,7,7,0.12,solved,
Harvey,wbp_10_10.txt,"Warwick 55: balanced products, 3 products per order",10,10,6,6,0.112,solved,
Harvey,wbp_10_10.txt,"Warwick 56: balanced products, 3 products per order",10,10,7,7,0.103,solved,
Harvey,wbp_10_10.txt,"Warwick 57: balanced products, 3 products per order",10,10,7,7,0.093,solved,
Harvey,wbop_30_30.txt,"Warwick 2108: balanced orders and products, 13 products per order",30,30,,,60.09,timeout,
Harvey,wbop_30_30.txt,"Warwick 2109: balanced orders and products, 13 products per order",30,30,,,60.032,timeout,
Harvey,wbp_10_10.txt,"Warwick 58: balanced products, 3 products per order",10,10,5,5,0.154,solved,
Harvey,wbp_10_10.txt,"Warwick 59: balanced products, 3 products per order",10,10,8,8,0.146,solved,
Harvey,wbp_10_10.txt,"Warwick 60: balanced products, 3 products per order",10,10,7,7,0.071,solved,
Harvey,wbp_10_10.txt,"Warwick 61: balanced products, 4 products per order",10,10,9,9,0.063,solved,
Harvey,wbop_30_30.txt,"Warwick 2110: balanced orders and products, 13 products per order",30,30,,,60.025,timeout,
Harvey,wbp_10_10.txt,"Warwick 62: balanced products, 4 products per order",10,10,9,9,0.172,solved,
Harvey,wbp_10_10.txt,"Warwick 63: balanced products, 4 products per order",10,10,9,9,0.164,solved,
Harvey,wbp_10_10.txt,"Warwick 64: balanced products, 4 products per order",10,10,9,9,0.154,solved,
Harvey,wbp_10_10.txt,"Warwick 65: balanced products, 4 products per order",10,10,8,8,0.067,solved,
Harvey,wbp_10_10.txt,"Warwick 66: balanced products, 4 products per order",10,10,8,8,0.152,solved,
Harvey,wbp_10_10.txt,"Warwick 67: balanced products, 4 products per order",10,10,9,9,0.144,solved,
Harvey,wbp_10_10.txt,"Warwick 68: balanced products, 4 products per order",10,10,9,9,0.135,solved,
Harvey,wbp_10_10.txt,"Warwick 69: balanced products, 4 products per order",10,10,9,9,0.126,solved,
Harvey,wbp_10_10.txt,"Warwick 70: balanced products, 4 products per order",10,10,9,9,0.118,solved,
Harvey,wbp_10_10.txt,"Warwick 71: balanced products, 5 products per order",10,10,10,10,0.134,solved,
Harvey,wbp_10_10.txt,"Warwick 72: balanced products, 5 products per order",10,10,10,10,0.128,solved,
Harvey,wbp_10_10.txt,"Warwick 73: balanced products, 5 products per order",10,10,10,10,0.119,solved,
Harvey,wbp_10_10.txt,"Warwick 74: balanced products, 5 products per order",10,10,10,10,0.111,solved,
Harvey,wbp_10_10.txt,"Warwick 75: balanced products, 5 products per order",10,10,10,10,0.102,solved,
Harvey,wbp_10_10.txt,"Warwick 76: balanced products, 5 products per order",10,10,9,9,0.136,solved,
Harvey,wbp_10_10.txt,"Warwick 77: balanced products, 5 products per order",10,10,10,10,0.129,solved,
Harvey,wbp_10_10.txt,"Warwick 78: balanced products, 5 products per order",10,10,10,10,0.121,solved,
Harvey,wbp_10_10.txt,"Warwick 79: balanced products, 5 products per order",10,10,10,10,0.113,solved,
Harvey,wbp_10_10.txt,"Warwick 80: balanced products, 5 products per order",10,10,10,10,0.104,solved,
Harvey,wbop_30_30.txt,"Warwick 2111: balanced orders and products, 14 products per order",30,30,,,60.046,timeout,
Harvey,wbop_30_30.txt,"Warwick 2112: balanced orders and products, 14 products per order",30,30,,,60.048,timeout,
Harvey,wbop_30_30.txt,"Warwick 2113: balanced orders and products, 14 products per order",30,30,,,60.049,timeout,
Harvey,wbop_30_30.txt,"Warwick 2114: balanced orders and products, 14 products per order",30,30,,,60.001,timeout,
Harvey,wbp_10_20.txt,"Warwick 162: balanced products, 4 products per order",10,20,6,6,0.862,solved,
Harvey,wbp_10_20.txt,"Warwick 165: balanced products, 4 products per order",10,20,5,5,0.954,solved,
Harvey,wbp_10_20.txt,"Warwick 168: balanced products, 4 products per order",10,20,6,6,0.875,solved,
Harvey,wbp_10_20.txt,"Warwick 167: balanced products, 4 products per order",10,20,6,6,1.0,solved,
Harvey,wbp_10_20.txt,"Warwick 163: balanced products, 4 products per order",10,20,6,6,1.195,solved,
Harvey,wbp_10_20.txt,"Warwick 166: balanced products, 4 products per order",10,20,5,5,1.278,solved,
Harvey,wbp_10_20.txt,"Warwick 170: balanced products, 4 products per order",10,20,6,6,1.301,solved,
Harvey,wbp_10_20.txt,"Warwick 164: balanced products, 4 products per order",10,20,6,6,1.513,solved,
Harvey,wbop_30_30.txt,"Warwick 2115: balanced orders and products, 14 products per order",30,30,,,60.023,timeout,
Harvey,wbp_10_20.txt,"Warwick 161: balanced products, 4 products per order",10,20,6,6,1.722,solved,
Harvey,wbp_10_20.txt,"Warwick 172: balanced products, 5 products per order",10,20,7,7,1.104,solved,
Harvey,wbp_10_20.txt,"Warwick 169: balanced products, 4 products per order",10,20,6,6,1.718,solved,
Harvey,wbp_10_20.txt,"Warwick 171: balanced products, 5 products per order",10,20,7,7,1.393,solved,
Harvey,wbp_10_20.txt,"Warwick 177: balanced products, 5 products per order",10,20,9,9,0.849,solved,
Harvey,wbp_10_20.txt,"Warwick 175: balanced products, 5 products per order",10,20,7,7,1.04,solved,
Harvey,wbp_10_20.txt,"Warwick 176: balanced products, 5 products per order",10,20,7,7,1.189,solved,
Harvey,wbp_10_20.txt,"Warwick 179: balanced products, 5 products per order",10,20,6,6,0.965,solved,
Harvey,wbop_30_30.txt,"Warwick 2116: balanced orders and products, 14 products per order",30,30,,,60.048,timeout,
Harvey,wbp_10_20.txt,"Warwick 174: balanced products, 5 products per order",10,20,7,7,1.385,solved,
Harvey,wbp_10_20.txt,"Warwick 180: balanced products, 5 products per order",10,20,7,7,0.882,solved,
Harvey,wbp_10_20.txt,"Warwick 173: balanced products, 5 products per order",10,20,8,8,1.632,solved,
Harvey,wbp_10_20.txt,"Warwick 181: balanced products, 6 products per order",10,20,9,9,1.359,solved,
Harvey,wbop_30_30.txt,"Warwick 2117: balanced orders and products, 14 products per order",30,30,,,60.029,timeout,
Harvey,wbp_10_20.txt,"Warwick 186: balanced products, 6 products per order",10,20,9,9,1.232,solved,
Harvey,wbop_30_30.txt,"Warwick 2118: balanced orders and products, 14 products per order",30,30,,,60.036,timeout,
Harvey,wbp_10_20.txt,"Warwick 184: balanced products, 6 products per order",10,20,8,8,1.629,solved,
Harvey,wbp_10_20.txt,"Warwick 189: balanced products, 6 products per order",10,20,8,8,1.381,solved,
Harvey,wbop_30_30.txt,"Warwick 2119: balanced orders and products, 14 products per order",30,30,,,60.05,timeout,
Harvey,wbp_10_20.txt,"Warwick 194: balanced products, 7 products per order",10,20,10,10,1.104,solved,
Harvey,wbp_10_20.txt,"Warwick 183: balanced products, 6 products per order",10,20,9,9,2.03,solved,
Harvey,wbp_10_20.txt,"Warwick 185: balanced products, 6 products per order",10,20,8,8,2.021,solved,
Harvey,wbp_10_20.txt,"Warwick 191: balanced products, 7 products per order",10,20,10,10,1.625,solved,
Harvey,wbp_10_20.txt,"Warwick 190: balanced products, 6 products per order",10,20,9,9,1.691,solved,
Harvey,wbp_10_20.txt,"Warwick 192: balanced products, 7 products per order",10,20,9,9,1.723,solved,
Harvey,wbp_10_20.txt,"Warwick 178: balanced products, 5 products per order",10,20,8,8,3.083,solved,
Harvey,wbop_30_30.txt,"Warwick 2120: balanced orders and products, 14 products per order",30,30,,,60.006,timeout,
Harvey,wbp_10_20.txt,"Warwick 202: balanced products, 8 products per order",10,20,10,10,1.14,solved,
Harvey,wbp_10_20.txt,"Warwick 195: balanced products, 7 products per order",10,20,9,9,2.395,solved,
Harvey,wbp_10_20.txt,"Warwick 196: balanced products, 7 products per order",10,20,9,9,2.041,solved,
Harvey,wbp_10_20.txt,"Warwick 200: balanced products, 7 products per order",10,20,9,9,1.482,solved,
Harvey,wbp_10_20.txt,"Warwick 197: balanced products, 7 products per order",10,20,10,10,1.887,solved,
Harvey,wbp_10_20.txt,"Warwick 203: balanced products, 8 products per order",10,20,10,10,1.525,solved,
Harvey,wbp_10_20.txt,"Warwick 182: balanced products, 6 products per order",10,20,9,9,3.528,solved,
Harvey,wbp_10_20.txt,"Warwick 188: balanced products, 6 products per order",10,20,9,9,3.222,solved,
Harvey,wbp_10_20.txt,"Warwick 205: balanced products, 8 products per order",10,20,10,10,1.275,solved,
Harvey,wbp_10_20.txt,"Warwick 198: balanced products, 7 products per order",10,20,9,9,2.071,solved,
Harvey,wbp_10_20.txt,"Warwick 193: balanced products, 7 products per order",10,20,9,9,2.987,solved,
Harvey,wbp_10_20.txt,"Warwick 206: balanced products, 8 products per order",10,20,9,9,1.389,solved,
Harvey,wbp_10_20.txt,"Warwick 199: balanced products, 7 products per order",10,20,9,9,2.176,solved,
Harvey,wbp_10_20.txt,"Warwick 208: balanced products, 8 products per order",10,20,10,10,1.347,solved,
Harvey,wbp_10_20.txt,"Warwick 207: balanced products, 8 products per order",10,20,10,10,1.715,solved,
Harvey,wbp_10_20.txt,"Warwick 213: balanced products, 9 products per order",10,20,10,10,1.01,solved,
Harvey,wbp_10_20.txt,"Warwick 217: balanced products, 9 products per order",10,20,10,10,0.827,solved,
Harvey,wbp_10_20.txt,"Warwick 201: balanced products, 8 products per order",10,20,10,10,2.599,solved,
Harvey,wbp_10_20.txt,"Warwick 216: balanced products, 9 products per order",10,20,10,10,0.948,solved,
Harvey,wbp_10_20.txt,"Warwick 212: balanced products, 9 products per order",10,20,10,10,1.249,solved,
Harvey,wbp_10_20.txt,"Warwick 214: balanced products, 9 products per order",10,20,10,10,1.133,solved,
Harvey,wbp_10_20.txt,"Warwick 210: balanced products, 8 products per order",10,20,10,10,1.531,solved,
Harvey,wbp_10_20.txt,"Warwick 211: balanced products, 9 products per order",10,20,10,10,1.473,solved,
Harvey,wbp_10_20.txt,"Warwick 218: balanced products, 9 products per order",10,20,10,10,0.964,solved,
Harvey,wbp_10_20.txt,"Warwick 209: balanced products, 8 products per order",10,20,10,10,1.976,solved,
Harvey,wbp_10_20.txt,"Warwick 221: balanced products, 10 products per order",10,20,10,10,0.92,solved,
Harvey,wbp_10_20.txt,"Warwick 222: balanced products, 10 products per order",10,20,10,10,0.913,solved,
Harvey,wbp_10_20.txt,"Warwick 224: balanced products, 10 products per order",10,20,10,10,0.861,solved,
Harvey,wbp_10_20.txt,"Warwick 220: balanced products, 9 products per order",10,20,10,10,1.152,solved,
Harvey,wbp_10_20.txt,"Warwick 223: balanced products, 10 products per order",10,20,10,10,0.978,solved,
Harvey,wbp_10_20.txt,"Warwick 225: balanced products, 10 products per order",10,20,10,10,0.827,solved,
Harvey,wbp_10_20.txt,"Warwick 227: balanced products, 10 products per order",10,20,10,10,0.677,solved,
Harvey,wbp_10_20.txt,"Warwick 215: balanced products, 9 products per order",10,20,10,10,1.737,solved,
Harvey,wbp_10_20.txt,"Warwick 228: balanced products, 10 products per order",10,20,10,10,0.788,solved,
Harvey,wbp_10_20.txt,"Warwick 230: balanced products, 10 products per order",10,20,10,10,0.929,solved,
Harvey,wbp_10_20.txt,"Warwick 187: balanced products, 6 products per order",10,20,9,9,5.218,solved,
Harvey,wbp_10_20.txt,"Warwick 204: balanced products, 8 products per order",10,20,10,10,3.372,solved,
Harvey,wbp_10_20.txt,"Warwick 226: balanced products, 10 products per order",10,20,10,10,1.119,solved,
Harvey,wbp_10_20.txt,"Warwick 229: balanced products, 10 products per order",10,20,10,10,1.225,solved,
Harvey,wbp_10_30.txt,"Warwick 314: balanced products, 6 products per order",10,30,8,8,1.443,solved,
Harvey,wbp_10_30.txt,"Warwick 316: balanced products, 6 products per order",10,30,7,7,1.687,solved,
Harvey,wbp_10_30.txt,"Warwick 318: balanced products, 6 products per order",10,30,7,7,1.883,solved,
Harvey,wbp_10_30.txt,"Warwick 329: balanced products, 7 products per order",10,30,7,7,1.6,solved,
Harvey,wbp_10_30.txt,"Warwick 330: balanced products, 7 products per order",10,30,8,8,1.351,solved,
Harvey,wbp_10_30.txt,"Warwick 324: balanced products, 7 products per order",10,30,8,8,2.414,solved,
Harvey,wbp_10_30.txt,"Warwick 326: balanced products, 7 products per order",10,30,9,9,2.405,solved,
Harvey,wbp_10_30.txt,"Warwick 322: balanced products, 7 products per order",10,30,8,8,3.099,solved,
Harvey,wbp_10_20.txt,"Warwick 219: balanced products, 9 products per order",10,20,10,10,4.704,solved,
Harvey,wbop_30_30.txt,"Warwick 2121: balanced orders and products, 15 products per order",30,30,,,60.01,timeout,
Harvey,wbp_10_30.txt,"Warwick 313: balanced products, 6 products per order",10,30,7,7,4.321,solved,
Harvey,wbp_10_30.txt,"Warwick 335: balanced products, 8 products per order",10,30,9,9,1.567,solved,
Harvey,wbp_10_30.txt,"Warwick 336: balanced products, 8 products per order",10,30,9,9,1.668,solved,
Harvey,wbp_10_30.txt,"Warwick 312: balanced products, 6 products per order",10,30,7,7,5.206,solved,
Harvey,wbp_10_30.txt,"Warwick 337: balanced products, 8 products per order",10,30,9,9,2.533,solved,
Harvey,wbp_10_30.txt,"Warwick 333: balanced products, 8 products per order",10,30,9,9,3.629,solved,
Harvey,wbp_10_30.txt,"Warwick 343: balanced products, 9 products per order",10,30,10,10,1.232,solved,
Harvey,wbp_10_30.txt,"Warwick 319: balanced products, 6 products per order",10,30,6,6,6.442,solved,
Harvey,wbp_10_30.txt,"Warwick 342: balanced products, 9 products per order",10,30,9,9,1.656,solved,
Harvey,wbp_10_30.txt,"Warwick 340: balanced products, 8 products per order",10,30,8,8,2.483,solved,
Harvey,wbp_10_30.txt,"Warwick 325: balanced products, 7 products per order",10,30,9,9,6.056,solved,
Harvey,wbp_10_30.txt,"Warwick 345: balanced products, 9 products per order",10,30,10,10,1.855,solved,
Harvey,wbp_10_30.txt,"Warwick 347: balanced products, 9 products per order",10,30,9,9,1.648,solved,
Harvey,wbop_30_30.txt,"Warwick 2122: balanced orders and products, 15 products per order",30,30,,,60.016,timeout,
Harvey,wbp_10_30.txt,"Warwick 338: balanced products, 8 products per order",10,30,9,9,5.58,solved,
Harvey,wbop_30_30.txt,"Warwick 2123: balanced orders and products, 15 products per order",30,30,,,60.026,timeout,
Harvey,wbp_10_30.txt,"Warwick 339: balanced products, 8 products per order",10,30,8,8,6.396,solved,
Harvey,wbp_10_30.txt,"Warwick 353: balanced products, 10 products per order",10,30,9,9,1.546,solved,
Harvey,wbp_10_30.txt,"Warwick 350: balanced products, 9 products per order",10,30,10,10,3.609,solved,
Harvey,wbp_10_30.txt,"Warwick 315: balanced products, 6 products per order",10,30,7,7,10.615,solved,
Harvey,wbp_10_30.txt,"Warwick 351: balanced products, 10 products per order",10,30,10,10,2.46,solved,
Harvey,wbp_10_30.txt,"Warwick 341: balanced products, 9 products per order",10,30,10,10,6.419,solved,
Harvey,wbp_10_30.txt,"Warwick 334: balanced products, 8 products per order",10,30,8,8,8.455,solved,
Harvey,wbp_10_30.txt,"Warwick 352: balanced products, 10 products per order",10,30,10,10,2.922,solved,
Harvey,wbp_10_30.txt,"Warwick 320: balanced products, 6 products per order",10,30,6,6,11.326,solved,
Harvey,wbp_10_30.txt,"Warwick 327: balanced products, 7 products per order",10,30,8,8,11.023,solved,
Harvey,wbp_10_30.txt,"Warwick 346: balanced products, 9 products per order",10,30,9,9,5.574,solved,
Harvey,wbop_30_30.txt,"Warwick 2124: balanced orders and products, 15 products per order",30,30,,,60.021,timeout,
Harvey,wbp_10_30.txt,"Warwick 360: balanced products, 10 products per order",10,30,10,10,1.745,solved,
Harvey,wbp_10_30.txt,"Warwick 355: balanced products, 10 products per order",10,30,10,10,3.247,solved,
Harvey,wbp_10_30.txt,"Warwick 358: balanced products, 10 products per order",10,30,10,10,2.43,solved,
Harvey,wbp_10_30.txt,"Warwick 366: balanced products, 11 products per order",10,30,10,10,1.207,solved,
Harvey,wbp_10_30.txt,"Warwick 354: balanced products, 10 products per order",10,30,10,10,4.1,solved,
Harvey,wbp_10_30.txt,"Warwick 357: balanced products, 10 products per order",10,30,10,10,3.108,solved,
Harvey,wbp_10_30.txt,"Warwick 359: balanced products, 10 products per order",10,30,10,10,3.159,solved,
Harvey,wbp_10_30.txt,"Warwick 332: balanced products, 8 products per order",10,30,9,9,12.286,solved,
Harvey,wbp_10_30.txt,"Warwick 373: balanced products, 12 products per order",10,30,10,10,1.394,solved,
Harvey,wbp_10_30.txt,"Warwick 356: balanced products, 10 products per order",10,30,10,10,5.076,solved,
Harvey,wbp_10_30.txt,"Warwick 369: balanced products, 11 products per order",10,30,10,10,2.699,solved,
Harvey,wbp_10_30.txt,"Warwick 311: balanced products, 6 products per order",10,30,7,7,16.021,solved,
Harvey,wbp_10_30.txt,"Warwick 361: balanced products, 11 products per order",10,30,10,10,4.912,solved,
Harvey,wbp_10_30.txt,"Warwick 323: balanced products, 7 products per order",10,30,9,9,15.633,solved,
Harvey,wbp_10_30.txt,"Warwick 377: balanced products, 12 products per order",10,30,10,10,0.738,solved,
Harvey,wbp_10_30.txt,"Warwick 367: balanced products, 11 products per order",10,30,10,10,3.913,solved,
Harvey,wbp_10_30.txt,"Warwick 368: balanced products, 11 products per order",10,30,10,10,4.163,solved,
Harvey,wbp_10_30.txt,"Warwick 371: balanced products, 12 products per order",10,30,10,10,3.546,solved,
Harvey,wbp_10_30.txt,"Warwick 372: balanced products, 12 products per order",10,30,10,10,3.437,solved,
Harvey,wbp_10_30.txt,"Warwick 364: balanced products, 11 products per order",10,30,10,10,5.845,solved,
Harvey,wbp_10_30.txt,"Warwick 374: balanced products, 12 products per order",10,30,10,10,3.745,solved,
Harvey,wbp_10_30.txt,"Warwick 379: balanced products, 12 products per order",10,30,10,10,1.741,solved,
Harvey,wbp_10_30.txt,"Warwick 383: balanced products, 13 products per order",10,30,10,10,1.816,solved,
Harvey,wbp_10_30.txt,"Warwick 375: balanced products, 12 products per order",10,30,10,10,3.757,solved,
Harvey,wbp_10_30.txt,"Warwick 381: balanced products, 13 products per order",10,30,10,10,2.002,solved,
Harvey,wbp_10_30.txt,"Warwick 384: balanced products, 13 products per order",10,30,10,10,1.375,solved,
Harvey,wbp_10_30.txt,"Warwick 378: balanced products, 12 products per order",10,30,10,10,2.848,solved,
Harvey,wbp_10_30.txt,"Warwick 362: balanced products, 11 products per order",10,30,10,10,7.445,solved,
Harvey,wbp_10_30.txt,"Warwick 389: balanced products, 13 products per order",10,30,10,10,1.058,solved,
Harvey,wbp_10_30.txt,"Warwick 385: balanced products, 13 products per order",10,30,10,10,1.963,solved,
Harvey,wbp_10_30.txt,"Warwick 382: balanced products, 13 products per order",10,30,10,10,2.751,solved,
Harvey,wbp_10_30.txt,"Warwick 388: balanced products, 13 products per order",10,30,10,10,1.554,solved,
Harvey,wbp_10_30.txt,"Warwick 348: balanced products, 9 products per order",10,30,9,9,12.554,solved,
Harvey,wbp_10_30.txt,"Warwick 393: balanced products, 14 products per order",10,30,10,10,1.124,solved,
Harvey,wbp_10_30.txt,"Warwick 376: balanced products, 12 products per order",10,30,10,10,4.541,solved,
Harvey,wbp_10_30.txt,"Warwick 391: balanced products, 14 products per order",10,30,10,10,1.312,solved,
Harvey,wbp_10_30.txt,"Warwick 390: balanced products, 13 products per order",10,30,10,10,1.579,solved,
Harvey,wbp_10_30.txt,"Warwick 398: balanced products, 14 products per order",10,30,10,10,1.064,solved,
Harvey,wbp_10_30.txt,"Warwick 399: balanced products, 14 products per order",10,30,10,10,0.865,solved,
Harvey,wbp_10_30.txt,"Warwick 370: balanced products, 11 products per order",10,30,10,10,7.162,solved,
Harvey,wbp_10_30.txt,"Warwick 396: balanced products, 14 products per order",10,30,10,10,1.402,solved,
Harvey,wbp_10_30.txt,"Warwick 394: balanced products, 14 products per order",10,30,10,10,1.888,solved,
Harvey,wbp_10_30.txt,"Warwick 397: balanced products, 14 products per order",10,30,10,10,1.666,solved,
Harvey,wbp_10_30.txt,"Warwick 400: balanced products, 14 products per order",10,30,10,10,1.24,solved,
Harvey,wbp_10_30.txt,"Warwick 387: balanced products, 13 products per order",10,30,10,10,3.281,solved,
Harvey,wbp_15_15.txt,"Warwick 511: balanced products, 2 products per order",15,15,4,4,0.117,solved,
Harvey,wbp_10_30.txt,"Warwick 402: balanced products, 15 products per order",10,30,10,10,1.409,solved,
Harvey,wbp_10_30.txt,"Warwick 403: balanced products, 15 products per order",10,30,10,10,1.348,solved,
Harvey,wbp_15_15.txt,"Warwick 512: balanced products, 2 products per order",15,15,3,3,0.181,solved,
Harvey,wbp_15_15.txt,"Warwick 513: balanced products, 2 products per order",15,15,3,3,0.123,solved,
Harvey,wbp_15_15.txt,"Warwick 514: balanced products, 2 products per order",15,15,4,4,0.13,solved,
Harvey,wbp_15_15.txt,"Warwick 515: balanced products, 2 products per order",15,15,4,4,0.233,solved,
Harvey,wbp_15_15.txt,"Warwick 516: balanced products, 2 products per order",15,15,3,3,0.176,solved,
Harvey,wbp_15_15.txt,"Warwick 518: balanced products, 2 products per order",15,15,6,6,0.176,solved,
Harvey,wbp_15_15.txt,"Warwick 517: balanced products, 2 products per order",15,15,4,4,0.343,solved,
Harvey,wbp_15_15.txt,"Warwick 519: balanced products, 2 products per order",15,15,4,4,0.232,solved,
Harvey,wbp_15_15.txt,"Warwick 520: balanced products, 2 products per order",15,15,6,6,0.383,solved,
Harvey,wbp_10_30.txt,"Warwick 408: balanced products, 15 products per order",10,30,10,10,1.393,solved,
Harvey,wbp_15_15.txt,"Warwick 523: balanced products, 3 products per order",15,15,8,8,0.166,solved,
Harvey,wbp_15_15.txt,"Warwick 522: balanced products, 3 products per order",15,15,9,9,0.339,solved,
Harvey,wbp_15_15.txt,"Warwick 521: balanced products, 3 products per order",15,15,9,9,0.505,solved,
Harvey,wbp_10_30.txt,"Warwick 406: balanced products, 15 products per order",10,30,10,10,1.742,solved,
Harvey,wbp_15_15.txt,"Warwick 524: balanced products, 3 products per order",15,15,9,9,0.348,solved,
Harvey,wbp_15_15.txt,"Warwick 525: balanced products, 3 products per order",15,15,9,9,0.398,solved,
Harvey,wbp_10_30.txt,"Warwick 409: balanced products, 15 products per order",10,30,10,10,1.591,solved,
Harvey,wbp_15_15.txt,"Warwick 526: balanced products, 3 products per order",15,15,8,8,0.448,solved,
Harvey,wbp_15_15.txt,"Warwick 528: balanced products, 3 products per order",15,15,9,9,0.348,solved,
Harvey,wbp_15_15.txt,"Warwick 529: balanced products, 3 products per order",15,15,9,9,0.348,solved,
Harvey,wbp_10_30.txt,"Warwick 392: balanced products, 14 products per order",10,30,10,10,4.134,solved,
Harvey,wbp_15_15.txt,"Warwick 530: balanced products, 3 products per order",15,15,7,7,0.358,solved,
Harvey,wbp_15_15.txt,"Warwick 527: balanced products, 3 products per order",15,15,9,9,0.695,solved,
Harvey,wbp_15_15.txt,"Warwick 531: balanced products, 4 products per order",15,15,10,10,0.367,solved,
Harvey,wbp_10_30.txt,"Warwick 363: balanced products, 11 products per order",10,30,10,10,11.271,solved,
Harvey,wbp_15_15.txt,"Warwick 538: balanced products, 4 products per order",15,15,11,11,0.325,solved,
Harvey,wbp_15_15.txt,"Warwick 533: balanced products, 4 products per order",15,15,10,10,0.73,solved,
Harvey,wbp_15_15.txt,"Warwick 534: balanced products, 4 products per order",15,15,12,12,0.672,solved,
Harvey,wbp_15_15.txt,"Warwick 536: balanced products, 4 products per order",15,15,12,12,0.622,solved,
Harvey,wbp_15_15.txt,"Warwick 537: balanced products, 4 products per order",15,15,12,12,0.563,solved,
Harvey,wbp_15_15.txt,"Warwick 535: balanced products, 4 products per order",15,15,11,11,0.751,solved,
Harvey,wbp_15_15.txt,"Warwick 532: balanced products, 4 products per order",15,15,11,11,1.086,solved,
Harvey,wbp_15_15.txt,"Warwick 540: balanced products, 4 products per order",15,15,10,10,0.725,solved,
Harvey,wbp_15_15.txt,"Warwick 539: balanced products, 4 products per order",15,15,12,12,0.843,solved,
Harvey,wbp_15_15.txt,"Warwick 541: balanced products, 5 products per order",15,15,13,13,0.634,solved,
Harvey,wbp_15_15.txt,"Warwick 545: balanced products, 5 products per order",15,15,14,14,0.657,solved,
Harvey,wbp_15_15.txt,"Warwick 542: balanced products, 5 products per order",15,15,14,14,0.796,solved,
Harvey,wbp_15_15.txt,"Warwick 543: balanced products, 5 products per order",15,15,14,14,0.787,solved,
Harvey,wbp_15_15.txt,"Warwick 544: balanced products, 5 products per order",15,15,13,13,0.845,solved,
Harvey,wbp_15_15.txt,"Warwick 549: balanced products, 5 products per order",15,15,12,12,0.448,solved,
Harvey,wbp_15_15.txt,"Warwick 546: balanced products, 5 products per order",15,15,13,13,0.844,solved,
Harvey,wbp_15_15.txt,"Warwick 547: balanced products, 5 products per order",15,15,14,14,0.743,solved,
Harvey,wbp_15_15.txt,"Warwick 548: balanced products, 5 products per order",15,15,13,13,0.742,solved,
Harvey,wbp_10_30.txt,"Warwick 344: balanced products, 9 products per order",10,30,9,9,18.11,solved,
Harvey,wbp_15_15.txt,"Warwick 551: balanced products, 6 products per order",15,15,14,14,0.633,solved,
Harvey,wbp_15_15.txt,"Warwick 552: balanced products, 6 products per order",15,15,14,14,0.632,solved,
Harvey,wbp_15_15.txt,"Warwick 553: balanced products, 6 products per order",15,15,14,14,0.624,solved,
Harvey,wbp_15_15.txt,"Warwick 556: balanced products, 6 products per order",15,15,14,14,0.514,solved,
Harvey,wbp_15_15.txt,"Warwick 550: balanced products, 5 products per order",15,15,13,13,1.029,solved,
Harvey,wbp_15_15.txt,"Warwick 558: balanced products, 6 products per order",15,15,14,14,0.463,solved,
Harvey,wbp_10_30.txt,"Warwick 407: balanced products, 15 products per order",10,30,10,10,4.469,solved,
Harvey,wbp_10_30.txt,"Warwick 410: balanced products, 15 products per order",10,30,10,10,4.095,solved,
Harvey,wbp_15_15.txt,"Warwick 554: balanced products, 6 products per order",15,15,14,14,0.758,solved,
Harvey,wbp_15_15.txt,"Warwick 559: balanced products, 6 products per order",15,15,15,15,0.688,solved,
Harvey,wbp_10_30.txt,"Warwick 404: balanced products, 15 products per order",10,30,10,10,5.333,solved,
Harvey,wbp_15_15.txt,"Warwick 561: balanced products, 7 products per order",15,15,15,15,0.528,solved,
Harvey,wbp_15_15.txt,"Warwick 560: balanced products, 6 products per order",15,15,14,14,0.657,solved,
Harvey,wbp_15_15.txt,"Warwick 555: balanced products, 6 products per order",15,15,15,15,1.262,solved,
Harvey,wbp_15_15.txt,"Warwick 562: balanced products, 7 products per order",15,15,15,15,0.698,solved,
Harvey,wbp_15_15.txt,"Warwick 563: balanced products, 7 products per order",15,15,15,15,0.638,solved,
Harvey,wbp_10_30.txt,"Warwick 405: balanced products, 15 products per order",10,30,10,10,5.227,solved,
Harvey,wbp_15_15.txt,"Warwick 565: balanced products, 7 products per order",15,15,15,15,0.597,solved,
Harvey,wbp_15_15.txt,"Warwick 567: balanced products, 7 products per order",15,15,15,15,0.53,solved,
Harvey,wbp_15_15.txt,"Warwick 564: balanced products, 7 products per order",15,15,15,15,0.729,solved,
Harvey,wbp_15_15.txt,"Warwick 566: balanced products, 7 products per order",15,15,14,14,0.612,solved,
Harvey,wbp_15_15.txt,"Warwick 568: balanced products, 7 products per order",15,15,15,15,0.595,solved,
Harvey,wbop_30_30.txt,"Warwick 2125: balanced orders and products, 15 products per order",30,30,,,60.002,timeout,
Harvey,wbp_15_15.txt,"Warwick 557: balanced products, 6 products per order",15,15,15,15,1.388,solved,
Harvey,wbp_15_15.txt,"Warwick 569: balanced products, 7 products per order",15,15,15,15,0.741,solved,
Harvey,wbp_15_15.txt,"Warwick 570: balanced products, 7 products per order",15,15,15,15,0.891,solved,
Harvey,wbp_10_30.txt,"Warwick 380: balanced products, 12 products per order",10,30,10,10,10.26,solved,
Harvey,wbp_10_30.txt,"Warwick 395: balanced products, 14 products per order",10,30,10,10,8.329,solved,
Harvey,wbp_10_30.txt,"Warwick 401: balanced products, 15 products per order",10,30,10,10,7.835,solved,
Harvey,wbp_15_30.txt,"Warwick 704: balanced products, 5 products per order",15,30,9,9,1.902,solved,
Harvey,wbp_15_30.txt,"Warwick 700: balanced products, 4 products per order",15,30,7,7,2.408,solved,
Harvey,wbp_15_30.txt,"Warwick 701: balanced products, 5 products per order",15,30,8,8,2.66,solved,
Harvey,wbop_30_30.txt,"Warwick 2126: balanced orders and products, 15 products per order",30,30,,,60.023,timeout,
Harvey,wbp_15_30.txt,"Warwick 692: balanced products, 4 products per order",15,30,7,7,4.167,solved,
Harvey,wbp_15_30.txt,"Warwick 696: balanced products, 4 products per order",15,30,7,7,4.043,solved,
Harvey,wbp_15_30.txt,"Warwick 698: balanced products, 4 products per order",15,30,7,7,4.187,solved,
Harvey,wbp_15_30.txt,"Warwick 693: balanced products, 4 products per order",15,30,7,7,4.438,solved,
Harvey,wbp_15_30.txt,"Warwick 691: balanced products, 4 products per order",15,30,6,6,5.32,solved,
Harvey,wbp_15_30.txt,"Warwick 694: balanced products, 4 products per order",15,30,7,7,5.754,solved,
Harvey,wbp_15_30.txt,"Warwick 695: balanced products, 4 products per order",15,30,7,7,7.31,solved,
Harvey,wbop_30_30.txt,"Warwick 2127: balanced orders and products, 15 products per order",30,30,,,60.031,timeout,
Harvey,wbp_10_30.txt,"Warwick 328: balanced products, 7 products per order",10,30,8,8,35.843,solved,
Harvey,wbp_15_30.txt,"Warwick 716: balanced products, 6 products per order",15,30,12,12,7.051,solved,
Harvey,wbp_15_30.txt,"Warwick 697: balanced products, 4 products per order",15,30,7,7,12.069,solved,
Harvey,wbp_15_30.txt,"Warwick 709: balanced products, 5 products per order",15,30,9,9,12.615,solved,
Harvey,wbop_30_30.txt,"Warwick 2128: balanced orders and products, 15 products per order",30,30,,,60.011,timeout,
Harvey,wbp_10_30.txt,"Warwick 331: balanced products, 8 products per order",10,30,9,9,43.459,solved,
Harvey,wbp_10_30.txt,"Warwick 349: balanced products, 9 products per order",10,30,9,9,39.127,solved,
Harvey,wbp_15_30.txt,"Warwick 703: balanced products, 5 products per order",15,30,9,9,22.655,solved,
Harvey,wbop_30_30.txt,"Warwick 2129: balanced orders and products, 15 products per order",30,30,,,60.028,timeout,
Harvey,wbp_10_30.txt,"Warwick 386: balanced products, 13 products per order",10,30,10,10,33.318,solved,
Harvey,wbop_30_30.txt,"Warwick 2130: balanced orders and products, 15 products per order",30,30,,,60.024,timeout,
Harvey,wbp_15_30.txt,"Warwick 728: balanced products, 7 products per order",15,30,12,12,7.337,solved,
Harvey,wbp_10_30.txt,"Warwick 317: balanced products, 6 products per order",10,30,,,60.033,timeout,
Harvey,wbp_10_30.txt,"Warwick 321: balanced products, 7 products per order",10,30,,,60.026,timeout,
Harvey,wbp_15_30.txt,"Warwick 723: balanced products, 7 products per order",15,30,13,13,25.466,solved,
Harvey,wbp_15_30.txt,"Warwick 730: balanced products, 7 products per order",15,30,13,13,15.0,solved,
Harvey,wbp_15_30.txt,"Warwick 720: balanced products, 6 products per order",15,30,11,11,37.862,solved,
Harvey,wbp_10_30.txt,"Warwick 365: balanced products, 11 products per order",10,30,,,60.032,timeout,
Harvey,wbp_15_30.txt,"Warwick 733: balanced products, 8 products per order",15,30,14,14,12.929,solved,
Harvey,wbp_15_30.txt,"Warwick 712: balanced products, 6 products per order",15,30,11,11,45.876,solved,
Harvey,wbp_15_30.txt,"Warwick 736: balanced products, 8 products per order",15,30,14,14,10.313,solved,
Harvey,wbp_15_30.txt,"Warwick 738: balanced products, 8 products per order",15,30,13,13,8.484,solved,
Harvey,wbp_15_30.txt,"Warwick 735: balanced products, 8 products per order",15,30,14,14,19.378,solved,
Harvey,wbp_15_30.txt,"Warwick 731: balanced products, 8 products per order",15,30,14,14,31.6,solved,
Harvey,wbp_15_30.txt,"Warwick 699: balanced products, 4 products per order",15,30,,,60.034,timeout,
Harvey,wbp_15_30.txt,"Warwick 702: balanced products, 5 products per order",15,30,,,60.029,timeout,
Harvey,wbp_15_30.txt,"Warwick 705: balanced products, 5 products per order",15,30,,,60.026,timeout,
Harvey,wbp_15_30.txt,"Warwick 737: balanced products, 8 products per order",15,30,13,13,15.198,solved,
Harvey,wbp_15_30.txt,"Warwick 706: balanced products, 5 products per order",15,30,,,60.05,timeout,
Harvey,wbp_15_30.txt,"Warwick 707: balanced products, 5 products per order",15,30,,,60.014,timeout,
Harvey,wbp_15_30.txt,"Warwick 708: balanced products, 5 products per order",15,30,,,60.027,timeout,
Harvey,wbp_15_30.txt,"Warwick 710: balanced products, 5 products per order",15,30,,,60.031,timeout,
Harvey,wbp_15_30.txt,"Warwick 711: balanced products, 6 products per order",15,30,,,60.048,timeout,
Harvey,wbp_15_30.txt,"Warwick 713: balanced products, 6 products per order",15,30,,,60.038,timeout,
Harvey,wbp_15_30.txt,"Warwick 714: balanced products, 6 products per order",15,30,,,60.052,timeout,
Harvey,wbp_15_30.txt,"Warwick 715: balanced products, 6 products per order",15,30,,,60.016,timeout,
Harvey,wbp_15_30.txt,"Warwick 717: balanced products, 6 products per order",15,30,,,60.022,timeout,
Harvey,wbp_15_30.txt,"Warwick 718: balanced products, 6 products per order",15,30,,,60.034,timeout,
Harvey,wbp_15_30.txt,"Warwick 742: balanced products, 9 products per order",15,30,14,14,10.999,solved,
Harvey,wbp_15_30.txt,"Warwick 719: balanced products, 6 products per order",15,30,,,60.014,timeout,
Harvey,wbp_15_30.txt,"Warwick 755: balanced products, 10 products per order",15,30,15,15,4.985,solved,
Harvey,wbp_15_30.txt,"Warwick 721: balanced products, 7 products per order",15,30,,,60.01,timeout,
Harvey,wbp_15_30.txt,"Warwick 722: balanced products, 7 products per order",15,30,,,60.018,timeout,
Harvey,wbp_15_30.txt,"Warwick 724: balanced products, 7 products per order",15,30,,,60.024,timeout,
Harvey,wbp_15_30.txt,"Warwick 746: balanced products, 9 products per order",15,30,14,14,15.794,solved,
Harvey,wbp_15_30.txt,"Warwick 725: balanced products, 7 products per order",15,30,,,60.038,timeout,
Harvey,wbp_15_30.txt,"Warwick 753: balanced products, 10 products per order",15,30,14,14,14.623,solved,
Harvey,wbp_15_30.txt,"Warwick 740: balanced products, 8 products per order",15,30,14,14,29.246,solved,
Harvey,wbp_15_30.txt,"Warwick 758: balanced products, 10 products per order",15,30,15,15,13.573,solved,
Harvey,wbp_15_30.txt,"Warwick 726: balanced products, 7 products per order",15,30,,,60.027,timeout,
Harvey,wbp_15_30.txt,"Warwick 757: balanced products, 10 products per order",15,30,14,14,14.783,solved,
Harvey,wbp_15_30.txt,"Warwick 727: balanced products, 7 products per order",15,30,,,60.048,timeout,
Harvey,wbp_15_30.txt,"Warwick 729: balanced products, 7 products per order",15,30,,,60.049,timeout,
Harvey,wbp_15_30.txt,"Warwick 771: balanced products, 12 products per order",15,30,15,15,6.236,solved,
Harvey,wbp_15_30.txt,"Warwick 766: balanced products, 11 products per order",15,30,15,15,9.966,solved,
Harvey,wbp_15_30.txt,"Warwick 767: balanced products, 11 products per order",15,30,15,15,9.568,solved,
Harvey,wbp_15_30.txt,"Warwick 745: balanced products, 9 products per order",15,30,14,14,28.501,solved,
Harvey,wbp_15_30.txt,"Warwick 732: balanced products, 8 products per order",15,30,,,60.028,timeout,
Harvey,wbp_15_30.txt,"Warwick 764: balanced products, 11 products per order",15,30,15,15,16.483,solved,
Harvey,wbp_15_30.txt,"Warwick 734: balanced products, 8 products per order",15,30,,,60.02,timeout,
Harvey,wbp_15_30.txt,"Warwick 777: balanced products, 12 products per order",15,30,14,14,6.496,solved,
Harvey,wbp_15_30.txt,"Warwick 769: balanced products, 11 products per order",15,30,15,15,16.323,solved,
Harvey,wbp_15_30.txt,"Warwick 763: balanced products, 11 products per order",15,30,15,15,26.204,solved,
Harvey,wbp_15_30.txt,"Warwick 774: balanced products, 12 products per order",15,30,15,15,13.293,solved,
Harvey,wbp_15_30.txt,"Warwick 784: balanced products, 13 products per order",15,30,15,15,3.169,solved,
Harvey,wbp_15_30.txt,"Warwick 783: balanced products, 13 products per order",15,30,15,15,6.002,solved,
Harvey,wbp_15_30.txt,"Warwick 781: balanced products, 13 products per order",15,30,15,15,9.042,solved,
Harvey,wbp_15_30.txt,"Warwick 776: balanced products, 12 products per order",15,30,15,15,17.22,solved,
Harvey,wbp_15_30.txt,"Warwick 782: balanced products, 13 products per order",15,30,15,15,8.799,solved,
Harvey,wbp_15_30.txt,"Warwick 739: balanced products, 8 products per order",15,30,,,60.023,timeout,
Harvey,wbp_15_30.txt,"Warwick 786: balanced products, 13 products per order",15,30,15,15,6.077,solved,
Harvey,wbp_15_30.txt,"Warwick 741: balanced products, 9 products per order",15,30,,,60.021,timeout,
Harvey,wbp_15_30.txt,"Warwick 778: balanced products, 12 products per order",15,30,15,15,20.765,solved,
Harvey,wbp_15_30.txt,"Warwick 772: balanced products, 12 products per order",15,30,15,15,32.442,solved,
Harvey,wbp_15_30.txt,"Warwick 779: balanced products, 12 products per order",15,30,15,15,21.909,solved,
Harvey,wbp_15_30.txt,"Warwick 793: balanced products, 14 products per order",15,30,15,15,3.119,solved,
Harvey,wbp_15_30.txt,"Warwick 788: balanced products, 13 products per order",15,30,15,15,11.477,solved,
Harvey,wbp_15_30.txt,"Warwick 775: balanced products, 12 products per order",15,30,15,15,29.974,solved,
Harvey,wbp_15_30.txt,"Warwick 785: balanced products, 13 products per order",15,30,15,15,14.031,solved,
Harvey,wbp_15_30.txt,"Warwick 743: balanced products, 9 products per order",15,30,,,60.011,timeout,
Harvey,wbp_15_30.txt,"Warwick 787: balanced products, 13 products per order",15,30,15,15,12.993,solved,
Harvey,wbp_15_30.txt,"Warwick 790: balanced products, 13 products per order",15,30,15,15,10.056,solved,
Harvey,wbp_15_30.txt,"Warwick 797: balanced products, 14 products per order",15,30,15,15,1.925,solved,
Harvey,wbp_15_30.txt,"Warwick 744: balanced products, 9 products per order",15,30,,,60.048,timeout,
Harvey,wbp_15_30.txt,"Warwick 795: balanced products, 14 products per order",15,30,15,15,4.924,solved,
Harvey,wbp_15_30.txt,"Warwick 803: balanced products, 15 products per order",15,30,15,15,1.846,solved,
Harvey,wbp_15_30.txt,"Warwick 792: balanced products, 14 products per order",15,30,15,15,9.575,solved,
Harvey,wbp_15_30.txt,"Warwick 773: balanced products, 12 products per order",15,30,15,15,36.385,solved,
Harvey,wbp_15_30.txt,"Warwick 747: balanced products, 9 products per order",15,30,,,60.028,timeout,
Harvey,wbp_15_30.txt,"Warwick 748: balanced products, 9 products per order",15,30,,,60.039,timeout,
Harvey,wbp_15_30.txt,"Warwick 802: balanced products, 15 products per order",15,30,15,15,3.13,solved,
Harvey,wbp_20_10.txt,"Warwick 941: balanced products, 2 products per order",20,10,8,8,0.058,solved,
Harvey,wbp_15_30.txt,"Warwick 749: balanced products, 9 products per order",15,30,,,60.058,timeout,
Harvey,wbp_15_30.txt,"Warwick 796: balanced products, 14 products per order",15,30,15,15,6.843,solved,
Harvey,wbp_20_10.txt,"Warwick 942: balanced products, 2 products per order",20,10,9,9,0.092,solved,
Harvey,wbp_20_10.txt,"Warwick 943: balanced products, 2 products per order",20,10,9,9,0.178,solved,
Harvey,wbp_20_10.txt,"Warwick 944: balanced products, 2 products per order",20,10,10,10,0.169,solved,
Harvey,wbp_15_30.txt,"Warwick 798: balanced products, 14 products per order",15,30,15,15,5.031,solved,
Harvey,wbp_20_10.txt,"Warwick 945: balanced products, 2 products per order",20,10,9,9,0.192,solved,
Harvey,wbp_20_10.txt,"Warwick 946: balanced products, 2 products per order",20,10,10,10,0.151,solved,
Harvey,wbp_20_10.txt,"Warwick 947: balanced products, 2 products per order",20,10,8,8,0.191,solved,
Harvey,wbp_20_10.txt,"Warwick 949: balanced products, 2 products per order",20,10,10,10,0.119,solved,
Harvey,wbp_20_10.txt,"Warwick 948: balanced products, 2 products per order",20,10,8,8,0.195,solved,
Harvey,wbp_20_10.txt,"Warwick 950: balanced products, 2 products per order",20,10,9,9,0.135,solved,
Harvey,wbp_15_30.txt,"Warwick 750: balanced products, 9 products per order",15,30,,,60.02,timeout,
Harvey,wbp_20_10.txt,"Warwick 951: balanced products, 3 products per order",20,10,14,14,0.207,solved,
Harvey,wbp_20_10.txt,"Warwick 952: balanced products, 3 products per order",20,10,14,14,0.198,solved,
Harvey,wbp_15_30.txt,"Warwick 751: balanced products, 10 products per order",15,30,,,60.035,timeout,
Harvey,wbp_20_10.txt,"Warwick 953: balanced products, 3 products per order",20,10,14,14,0.215,solved,
Harvey,wbp_20_10.txt,"Warwick 954: balanced products, 3 products per order",20,10,14,14,0.157,solved,
Harvey,wbp_20_10.txt,"Warwick 955: balanced products, 3 products per order",20,10,15,15,0.21,solved,
Harvey,wbp_20_10.txt,"Warwick 956: balanced products, 3 products per order",20,10,15,15,0.21,solved,
Harvey,wbp_20_10.txt,"Warwick 957: balanced products, 3 products per order",20,10,14,14,0.203,solved,
Harvey,wbp_20_10.txt,"Warwick 959: balanced products, 3 products per order",20,10,14,14,0.193,solved,
Harvey,wbp_20_10.txt,"Warwick 960: balanced products, 3 products per order",20,10,15,15,0.184,solved,
Harvey,wbp_20_10.txt,"Warwick 958: balanced products, 3 products per order",20,10,15,15,0.272,solved,
Harvey,wbp_20_10.txt,"Warwick 961: balanced products, 4 products per order",20,10,18,18,0.205,solved,
Harvey,wbp_20_10.txt,"Warwick 962: balanced products, 4 products per order",20,10,18,18,0.207,solved,
Harvey,wbp_20_10.txt,"Warwick 963: balanced products, 4 products per order",20,10,17,17,0.257,solved,
Harvey,wbp_20_10.txt,"Warwick 964: balanced products, 4 products per order",20,10,17,17,0.199,solved,
Harvey,wbp_20_10.txt,"Warwick 965: balanced products, 4 products per order",20,10,18,18,0.257,solved,
Harvey,wbp_20_10.txt,"Warwick 966: balanced products, 4 products per order",20,10,18,18,0.196,solved,
Harvey,wbp_15_30.txt,"Warwick 752: balanced products, 10 products per order",15,30,,,60.064,timeout,
Harvey,wbp_20_10.txt,"Warwick 967: balanced products, 4 products per order",20,10,17,17,0.226,solved,
Harvey,wbp_20_10.txt,"Warwick 968: balanced products, 4 products per order",20,10,18,18,0.235,solved,
Harvey,wbp_20_10.txt,"Warwick 969: balanced products, 4 products per order",20,10,18,18,0.236,solved,
Harvey,wbp_20_10.txt,"Warwick 970: balanced products, 4 products per order",20,10,17,17,0.228,solved,
Harvey,wbp_20_10.txt,"Warwick 971: balanced products, 5 products per order",20,10,19,19,0.237,solved,
Harvey,wbp_20_10.txt,"Warwick 972: balanced products, 5 products per order",20,10,20,20,0.221,solved,
Harvey,wbp_20_10.txt,"Warwick 973: balanced products, 5 products per order",20,10,19,19,0.218,solved,
Harvey,wbp_20_10.txt,"Warwick 974: balanced products, 5 products per order",20,10,19,19,0.208,solved,
Harvey,wbp_20_10.txt,"Warwick 975: balanced products, 5 products per order",20,10,20,20,0.268,solved,
Harvey,wbp_20_10.txt,"Warwick 976: balanced products, 5 products per order",20,10,20,20,0.207,solved,
Harvey,wbp_20_10.txt,"Warwick 977: balanced products, 5 products per order",20,10,19,19,0.199,solved,
Harvey,wbp_20_10.txt,"Warwick 978: balanced products, 5 products per order",20,10,20,20,0.215,solved,
Harvey,wbp_20_10.txt,"Warwick 979: balanced products, 5 products per order",20,10,20,20,0.206,solved,
Harvey,wbp_20_10.txt,"Warwick 980: balanced products, 5 products per order",20,10,19,19,0.213,solved,
Harvey,wbp_15_30.txt,"Warwick 765: balanced products, 11 products per order",15,30,15,15,47.259,solved,
Harvey,wbp_15_30.txt,"Warwick 754: balanced products, 10 products per order",15,30,,,60.035,timeout,
Harvey,wbp_15_30.txt,"Warwick 756: balanced products, 10 products per order",15,30,,,60.01,timeout,
Harvey,wbp_20_20.txt,"Warwick 1114: balanced products, 2 products per order",20,20,5,5,1.185,solved,
Harvey,wbp_20_20.txt,"Warwick 1111: balanced products, 2 products per order",20,20,4,4,1.481,solved,
Harvey,wbp_20_20.txt,"Warwick 1117: balanced products, 2 products per order",20,20,4,4,1.483,solved,
Harvey,wbp_15_30.txt,"Warwick 800: balanced products, 14 products per order",15,30,15,15,8.1,solved,
Harvey,wbp_20_20.txt,"Warwick 1112: balanced products, 2 products per order",20,20,4,4,2.096,solved,
Harvey,wbp_20_20.txt,"Warwick 1113: balanced products, 2 products per order",20,20,5,5,2.089,solved,
Harvey,wbp_20_20.txt,"Warwick 1116: balanced products, 2 products per order",20,20,4,4,2.253,solved,
Harvey,wbp_20_20.txt,"Warwick 1115: balanced products, 2 products per order",20,20,4,4,2.323,solved,
Harvey,wbp_20_20.txt,"Warwick 1118: balanced products, 2 products per order",20,20,4,4,2.316,solved,
Harvey,wbp_20_20.txt,"Warwick 1120: balanced products, 2 products per order",20,20,5,5,1.577,solved,
Harvey,wbp_15_30.txt,"Warwick 759: balanced products, 10 products per order",15,30,,,60.04,timeout,
Harvey,wbp_20_20.txt,"Warwick 1119: balanced products, 2 products per order",20,20,5,5,2.18,solved,
Harvey,wbp_15_30.txt,"Warwick 761: balanced products, 11 products per order",15,30,14,14,57.481,solved,
Harvey,wbp_15_30.txt,"Warwick 808: balanced products, 15 products per order",15,30,15,15,6.379,solved,
Harvey,wbp_15_30.txt,"Warwick 760: balanced products, 10 products per order",15,30,,,60.015,timeout,
Harvey,wbp_20_20.txt,"Warwick 1121: balanced products, 3 products per order",20,20,9,9,3.405,solved,
Harvey,wbp_20_20.txt,"Warwick 1122: balanced products, 3 products per order",20,20,9,9,3.355,solved,
Harvey,wbp_20_20.txt,"Warwick 1127: balanced products, 3 products per order",20,20,10,10,2.797,solved,
Harvey,wbp_20_20.txt,"Warwick 1125: balanced products, 3 products per order",20,20,10,10,3.43,solved,
Harvey,wbp_20_20.txt,"Warwick 1130: balanced products, 3 products per order",20,20,8,8,2.718,solved,
Harvey,wbp_20_20.txt,"Warwick 1129: balanced products, 3 products per order",20,20,9,9,3.197,solved,
Harvey,wbp_20_20.txt,"Warwick 1126: balanced products, 3 products per order",20,20,9,9,3.999,solved,
Harvey,wbp_15_30.txt,"Warwick 809: balanced products, 15 products per order",15,30,15,15,8.521,solved,
Harvey,wbp_20_20.txt,"Warwick 1123: balanced products, 3 products per order",20,20,11,11,4.918,solved,
Harvey,wbp_20_20.txt,"Warwick 1128: balanced products, 3 products per order",20,20,11,11,4.147,solved,
Harvey,wbp_15_30.txt,"Warwick 799: balanced products, 14 products per order",15,30,15,15,12.946,solved,
Harvey,wbp_20_20.txt,"Warwick 1124: balanced products, 3 products per order",20,20,10,10,4.732,solved,
Harvey,wbp_20_20.txt,"Warwick 1133: balanced products, 4 products per order",20,20,13,13,3.317,solved,
Harvey,wbp_15_30.txt,"Warwick 780: balanced products, 12 products per order",15,30,15,15,35.042,solved,
Harvey,wbp_15_30.txt,"Warwick 762: balanced products, 11 products per order",15,30,,,60.041,timeout,
Harvey,wbp_15_30.txt,"Warwick 807: balanced products, 15 products per order",15,30,15,15,11.603,solved,
Harvey,wbp_20_20.txt,"Warwick 1135: balanced products, 4 products per order",20,20,14,14,4.489,solved,
Harvey,wbp_20_20.txt,"Warwick 1138: balanced products, 4 products per order",20,20,12,12,3.62,solved,
Harvey,wbp_20_20.txt,"Warwick 1137: balanced products, 4 products per order",20,20,13,13,4.19,solved,
Harvey,wbp_15_30.txt,"Warwick 806: balanced products, 15 products per order",15,30,15,15,12.355,solved,
Harvey,wbp_20_20.txt,"Warwick 1131: balanced products, 4 products per order",20,20,13,13,5.875,solved,
Harvey,wbp_20_20.txt,"Warwick 1136: balanced products, 4 products per order",20,20,13,13,4.677,solved,
Harvey,wbp_15_30.txt,"Warwick 804: balanced products, 15 products per order",15,30,15,15,14.205,solved,
Harvey,wbp_20_20.txt,"Warwick 1132: balanced products, 4 products per order",20,20,14,14,6.505,solved,
Harvey,wbp_15_30.txt,"Warwick 801: balanced products, 15 products per order",15,30,15,15,15.618,solved,
Harvey,wbp_20_20.txt,"Warwick 1143: balanced products, 5 products per order",20,20,15,15,4.248,solved,
Harvey,wbp_15_30.txt,"Warwick 805: balanced products, 15 products per order",15,30,15,15,15.085,solved,
Harvey,wbp_20_20.txt,"Warwick 1139: balanced products, 4 products per order",20,20,14,14,5.809,solved,
Harvey,wbp_20_20.txt,"Warwick 1140: balanced products, 4 products per order",20,20,14,14,5.96,solved,
Harvey,wbp_20_20.txt,"Warwick 1141: balanced products, 5 products per order",20,20,15,15,6.164,solved,
Harvey,wbp_20_20.txt,"Warwick 1142: balanced products, 5 products per order",20,20,15,15,6.767,solved,
Harvey,wbp_20_20.txt,"Warwick 1153: balanced products, 6 products per order",20,20,16,16,4.087,solved,
Harvey,wbp_20_20.txt,"Warwick 1148: balanced products, 5 products per order",20,20,16,16,6.075,solved,
Harvey,wbp_20_20.txt,"Warwick 1150: balanced products, 5 products per order",20,20,15,15,4.7,solved,
Harvey,wbp_20_20.txt,"Warwick 1155: balanced products, 6 products per order",20,20,17,17,4.608,solved,
Harvey,wbp_20_20.txt,"Warwick 1147: balanced products, 5 products per order",20,20,16,16,6.914,solved,
Harvey,wbp_20_20.txt,"Warwick 1145: balanced products, 5 products per order",20,20,16,16,7.345,solved,
Harvey,wbp_20_20.txt,"Warwick 1134: balanced products, 4 products per order",20,20,14,14,11.036,solved,
Harvey,wbp_20_20.txt,"Warwick 1156: balanced products, 6 products per order",20,20,17,17,5.941,solved,
Harvey,wbp_20_20.txt,"Warwick 1158: balanced products, 6 products per order",20,20,17,17,5.482,solved,
Harvey,wbp_20_20.txt,"Warwick 1149: balanced products, 5 products per order",20,20,16,16,8.348,solved,
Harvey,wbp_20_20.txt,"Warwick 1144: balanced products, 5 products per order",20,20,16,16,8.859,solved,
Harvey,wbp_20_20.txt,"Warwick 1162: balanced products, 7 products per order",20,20,18,18,5.023,solved,
Harvey,wbp_15_30.txt,"Warwick 768: balanced products, 11 products per order",15,30,,,60.034,timeout,
Harvey,wbp_15_30.txt,"Warwick 810: balanced products, 15 products per order",15,30,15,15,18.258,solved,
Harvey,wbp_20_20.txt,"Warwick 1157: balanced products, 6 products per order",20,20,18,18,6.761,solved,
Harvey,wbp_15_30.txt,"Warwick 770: balanced products, 11 products per order",15,30,,,60.037,timeout,
Harvey,wbp_20_20.txt,"Warwick 1152: balanced products, 6 products per order",20,20,18,18,8.191,solved,
Harvey,wbp_20_20.txt,"Warwick 1160: balanced products, 6 products per order",20,20,17,17,7.724,solved,
Harvey,wbp_20_20.txt,"Warwick 1154: balanced products, 6 products per order",20,20,18,18,8.691,solved,
Harvey,wbp_20_20.txt,"Warwick 1166: balanced products, 7 products per order",20,20,18,18,4.923,solved,
Harvey,wbp_20_20.txt,"Warwick 1168: balanced products, 7 products per order",20,20,18,18,4.966,solved,
Harvey,wbp_20_20.txt,"Warwick 1146: balanced products, 5 products per order",20,20,16,16,11.574,solved,
Harvey,wbp_20_20.txt,"Warwick 1167: balanced products, 7 products per order",20,20,18,18,5.598,solved,
Harvey,wbp_20_20.txt,"Warwick 1151: balanced products, 6 products per order",20,20,18,18,10.227,solved,
Harvey,wbp_20_20.txt,"Warwick 1173: balanced products, 8 products per order",20,20,19,19,5.31,solved,
Harvey,wbp_20_20.txt,"Warwick 1159: balanced products, 6 products per order",20,20,18,18,10.57,solved,
Harvey,wbp_20_20.txt,"Warwick 1177: balanced products, 8 products per order",20,20,19,19,5.189,solved,
Harvey,wbp_20_20.txt,"Warwick 1180: balanced products, 8 products per order",20,20,19,19,5.012,solved,
Harvey,wbp_20_20.txt,"Warwick 1178: balanced products, 8 products per order",20,20,20,20,6.151,solved,
Harvey,wbp_20_20.txt,"Warwick 1164: balanced products, 7 products per order",20,20,19,19,11.112,solved,
Harvey,wbp_20_20.txt,"Warwick 1195: balanced products, 10 products per order",20,20,20,20,1.674,solved,
Harvey,wbp_20_20.txt,"Warwick 1194: balanced products, 10 products per order",20,20,20,20,2.496,solved,
Harvey,wbp_20_20.txt,"Warwick 1182: balanced products, 9 products per order",20,20,20,20,6.789,solved,
Harvey,wbp_20_20.txt,"Warwick 1185: balanced products, 9 products per order",20,20,20,20,7.169,solved,
Harvey,wbp_20_20.txt,"Warwick 1191: balanced products, 10 products per order",20,20,20,20,4.962,solved,
Harvey,wbp_20_20.txt,"Warwick 1161: balanced products, 7 products per order",20,20,19,19,14.663,solved,
Harvey,wbp_20_20.txt,"Warwick 1193: balanced products, 10 products per order",20,20,20,20,4.45,solved,
Harvey,wbp_30_10.txt,"Warwick 1391: balanced products, 2 products per order",30,10,15,15,0.23,solved,
Harvey,wbp_20_20.txt,"Warwick 1179: balanced products, 8 products per order",20,20,20,20,9.642,solved,
Harvey,wbp_30_10.txt,"Warwick 1392: balanced products, 2 products per order",30,10,14,14,0.188,solved,
Harvey,wbp_20_20.txt,"Warwick 1196: balanced products, 10 products per order",20,20,20,20,2.716,solved,
Harvey,wbp_30_10.txt,"Warwick 1393: balanced products, 2 products per order",30,10,15,15,0.24,solved,
Harvey,wbp_30_10.txt,"Warwick 1394: balanced products, 2 products per order",30,10,16,16,0.245,solved,
Harvey,wbp_30_10.txt,"Warwick 1395: balanced products, 2 products per order",30,10,14,14,0.245,solved,
Harvey,wbp_20_20.txt,"Warwick 1192: balanced products, 10 products per order",20,20,20,20,5.296,solved,
Harvey,wbp_30_10.txt,"Warwick 1396: balanced products, 2 products per order",30,10,14,14,0.246,solved,
Harvey,wbp_30_10.txt,"Warwick 1397: balanced products, 2 products per order",30,10,14,14,0.254,solved,
Harvey,wbp_30_10.txt,"Warwick 1398: balanced products, 2 products per order",30,10,16,16,0.304,solved,
Harvey,wbp_30_10.txt,"Warwick 1399: balanced products, 2 products per order",30,10,15,15,0.245,solved,
Harvey,wbp_30_10.txt,"Warwick 1400: balanced products, 2 products per order",30,10,15,15,0.305,solved,
Harvey,wbp_30_10.txt,"Warwick 1402: balanced products, 3 products per order",30,10,21,21,0.238,solved,
Harvey,wbp_30_10.txt,"Warwick 1401: balanced products, 3 products per order",30,10,23,23,0.317,solved,
Harvey,wbp_30_10.txt,"Warwick 1403: balanced products, 3 products per order",30,10,21,21,0.309,solved,
Harvey,wbp_20_20.txt,"Warwick 1199: balanced products, 10 products per order",20,20,20,20,2.558,solved,
Harvey,wbp_30_10.txt,"Warwick 1405: balanced products, 3 products per order",30,10,24,24,0.412,solved,
Harvey,wbp_30_10.txt,"Warwick 1406: balanced products, 3 products per order",30,10,22,22,0.252,solved,
Harvey,wbp_20_20.txt,"Warwick 1170: balanced products, 7 products per order",20,20,19,19,12.718,solved,
Harvey,wbp_30_10.txt,"Warwick 1404: balanced products, 3 products per order",30,10,23,23,0.542,solved,
Harvey,wbp_30_10.txt,"Warwick 1407: balanced products, 3 products per order",30,10,22,22,0.361,solved,
Harvey,wbp_30_10.txt,"Warwick 1408: balanced products, 3 products per order",30,10,23,23,0.377,solved,
Harvey,wbp_30_10.txt,"Warwick 1409: balanced products, 3 products per order",30,10,21,21,0.317,solved,
Harvey,wbp_20_20.txt,"Warwick 1197: balanced products, 10 products per order",20,20,20,20,3.002,solved,
Harvey,wbp_30_10.txt,"Warwick 1412: balanced products, 4 products per order",30,10,27,27,0.263,solved,
Harvey,wbp_20_20.txt,"Warwick 1163: balanced products, 7 products per order",20,20,19,19,15.259,solved,
Harvey,wbp_30_10.txt,"Warwick 1410: balanced products, 3 products per order",30,10,23,23,0.393,solved,
Harvey,wbp_30_10.txt,"Warwick 1411: balanced products, 4 products per order",30,10,27,27,0.332,solved,
Harvey,wbp_30_10.txt,"Warwick 1413: balanced products, 4 products per order",30,10,26,26,0.341,solved,
Harvey,wbp_30_10.txt,"Warwick 1414: balanced products, 4 products per order",30,10,26,26,0.333,solved,
Harvey,wbp_30_10.txt,"Warwick 1415: balanced products, 4 products per order",30,10,27,27,0.324,solved,
Harvey,wbp_30_10.txt,"Warwick 1417: balanced products, 4 products per order",30,10,25,25,0.255,solved,
Harvey,wbp_20_20.txt,"Warwick 1165: balanced products, 7 products per order",20,20,19,19,14.899,solved,
Harvey,wbp_30_10.txt,"Warwick 1416: balanced products, 4 products per order",30,10,26,26,0.352,solved,
Harvey,wbp_30_10.txt,"Warwick 1419: balanced products, 4 products per order",30,10,27,27,0.292,solved,
Harvey,wbp_30_10.txt,"Warwick 1418: balanced products, 4 products per order",30,10,27,27,0.411,solved,
Harvey,wbp_30_10.txt,"Warwick 1422: balanced products, 5 products per order",30,10,29,29,0.273,solved,
Harvey,wbp_30_10.txt,"Warwick 1420: balanced products, 4 products per order",30,10,26,26,0.363,solved,
Harvey,wbp_30_10.txt,"Warwick 1421: balanced products, 5 products per order",30,10,29,29,0.354,solved,
Harvey,wbp_30_10.txt,"Warwick 1423: balanced products, 5 products per order",30,10,29,29,0.302,solved,
Harvey,wbp_30_10.txt,"Warwick 1424: balanced products, 5 products per order",30,10,29,29,0.294,solved,
Harvey,wbp_30_10.txt,"Warwick 1425: balanced products, 5 products per order",30,10,30,30,0.285,solved,
Harvey,wbp_30_10.txt,"Warwick 1426: balanced products, 5 products per order",30,10,29,29,0.275,solved,
Harvey,wbp_30_10.txt,"Warwick 1428: balanced products, 5 products per order",30,10,29,29,0.291,solved,
Harvey,wbp_30_10.txt,"Warwick 1427: balanced products, 5 products per order",30,10,30,30,0.359,solved,
Harvey,wbp_30_10.txt,"Warwick 1429: balanced products, 5 products per order",30,10,29,29,0.351,solved,
Harvey,wbp_30_10.txt,"Warwick 1430: balanced products, 5 products per order",30,10,29,29,0.292,solved,
Harvey,wbp_20_20.txt,"Warwick 1169: balanced products, 7 products per order",20,20,19,19,14.347,solved,
Harvey,wbp_20_20.txt,"Warwick 1188: balanced products, 9 products per order",20,20,20,20,9.188,solved,
Harvey,wbp_30_15.txt,"Warwick 1593: balanced products, 2 products per order",30,15,11,11,0.449,solved,
Harvey,wbp_30_15.txt,"Warwick 1592: balanced products, 2 products per order",30,15,10,10,0.717,solved,
Harvey,wbp_30_15.txt,"Warwick 1594: balanced products, 2 products per order",30,15,11,11,0.711,solved,
Harvey,wbp_30_15.txt,"Warwick 1591: balanced products, 2 products per order",30,15,10,10,0.898,solved,
Harvey,wbp_20_20.txt,"Warwick 1171: balanced products, 8 products per order",20,20,20,20,14.233,solved,
Harvey,wbp_20_20.txt,"Warwick 1172: balanced products, 8 products per order",20,20,20,20,14.133,solved,
Harvey,wbp_30_15.txt,"Warwick 1595: balanced products, 2 products per order",30,15,10,10,0.881,solved,
Harvey,wbp_30_15.txt,"Warwick 1599: balanced products, 2 products per order",30,15,10,10,0.745,solved,
Harvey,wbp_30_15.txt,"Warwick 1596: balanced products, 2 products per order",30,15,11,11,0.95,solved,
Harvey,wbp_30_15.txt,"Warwick 1597: balanced products, 2 products per order",30,15,11,11,1.0,solved,
Harvey,wbp_30_15.txt,"Warwick 1598: balanced products, 2 products per order",30,15,12,12,1.203,solved,
Harvey,wbp_30_15.txt,"Warwick 1600: balanced products, 2 products per order",30,15,9,9,1.143,solved,
Harvey,wbp_30_15.txt,"Warwick 1601: balanced products, 3 products per order",30,15,19,19,1.396,solved,
Harvey,wbp_30_15.txt,"Warwick 1603: balanced products, 3 products per order",30,15,18,18,1.438,solved,
Harvey,wbp_20_20.txt,"Warwick 1174: balanced products, 8 products per order",20,20,20,20,14.104,solved,
Harvey,wbp_30_15.txt,"Warwick 1602: balanced products, 3 products per order",30,15,19,19,1.717,solved,
Harvey,wbp_30_15.txt,"Warwick 1604: balanced products, 3 products per order",30,15,18,18,1.551,solved,
Harvey,wbp_20_20.txt,"Warwick 1200: balanced products, 10 products per order",20,20,20,20,4.378,solved,
Harvey,wbp_20_20.txt,"Warwick 1189: balanced products, 9 products per order",20,20,20,20,10.866,solved,
Harvey,wbp_30_15.txt,"Warwick 1610: balanced products, 3 products per order",30,15,19,19,1.383,solved,
Harvey,wbp_30_15.txt,"Warwick 1606: balanced products, 3 products per order",30,15,19,19,1.679,solved,
Harvey,wbp_20_20.txt,"Warwick 1186: balanced products, 9 products per order",20,20,20,20,11.879,solved,
Harvey,wbp_20_20.txt,"Warwick 1198: balanced products, 10 products per order",20,20,20,20,6.355,solved,
Harvey,wbp_30_15.txt,"Warwick 1608: balanced products, 3 products per order",30,15,19,19,1.942,solved,
Harvey,wbp_30_15.txt,"Warwick 1605: balanced products, 3 products per order",30,15,19,19,2.182,solved,
Harvey,wbp_30_15.txt,"Warwick 1607: balanced products, 3 products per order",30,15,20,20,2.122,solved,
Harvey,wbp_30_15.txt,"Warwick 1609: balanced products, 3 products per order",30,15,20,20,2.315,solved,
Harvey,wbp_30_15.txt,"Warwick 1611: balanced products, 4 products per order",30,15,24,24,2.357,solved,
Harvey,wbp_30_15.txt,"Warwick 1613: balanced products, 4 products per order",30,15,23,23,2.236,solved,
Harvey,wbp_20_20.txt,"Warwick 1187: balanced products, 9 products per order",20,20,20,20,12.752,solved,
Harvey,wbp_30_15.txt,"Warwick 1612: balanced products, 4 products per order",30,15,24,24,2.725,solved,
Harvey,wbp_20_20.txt,"Warwick 1181: balanced products, 9 products per order",20,20,20,20,14.896,solved,
Harvey,wbp_30_15.txt,"Warwick 1615: balanced products, 4 products per order",30,15,25,25,2.717,solved,
Harvey,wbp_30_15.txt,"Warwick 1620: balanced products, 4 products per order",30,15,24,24,2.066,solved,
Harvey,wbp_20_20.txt,"Warwick 1183: balanced products, 9 products per order",20,20,20,20,14.4,solved,
Harvey,wbp_30_15.txt,"Warwick 1617: balanced products, 4 products per order",30,15,24,24,2.318,solved,
Harvey,wbp_30_15.txt,"Warwick 1616: balanced products, 4 products per order",30,15,24,24,2.647,solved,
Harvey,wbp_30_15.txt,"Warwick 1619: balanced products, 4 products per order",30,15,23,23,2.326,solved,
Harvey,wbp_30_15.txt,"Warwick 1621: balanced products, 5 products per order",30,15,27,27,2.367,solved,
Harvey,wbp_30_15.txt,"Warwick 1624: balanced products, 5 products per order",30,15,26,26,2.196,solved,
Harvey,wbp_30_15.txt,"Warwick 1626: balanced products, 5 products per order",30,15,26,26,1.874,solved,
Harvey,wbp_30_15.txt,"Warwick 1614: balanced products, 4 products per order",30,15,25,25,3.467,solved,
Harvey,wbp_30_15.txt,"Warwick 1628: balanced products, 5 products per order",30,15,27,27,1.874,solved,
Harvey,wbp_20_20.txt,"Warwick 1190: balanced products, 9 products per order",20,20,20,20,13.363,solved,
Harvey,wbp_30_15.txt,"Warwick 1629: balanced products, 5 products per order",30,15,26,26,1.946,solved,
Harvey,wbp_30_15.txt,"Warwick 1618: balanced products, 4 products per order",30,15,23,23,3.065,solved,
Harvey,wbp_30_15.txt,"Warwick 1622: balanced products, 5 products per order",30,15,27,27,2.887,solved,
Harvey,wbp_30_15.txt,"Warwick 1627: balanced products, 5 products per order",30,15,27,27,2.497,solved,
Harvey,wbp_30_15.txt,"Warwick 1631: balanced products, 6 products per order",30,15,28,28,2.114,solved,
Harvey,wbp_20_20.txt,"Warwick 1184: balanced products, 9 products per order",20,20,20,20,15.239,solved,
Harvey,wbp_30_15.txt,"Warwick 1625: balanced products, 5 products per order",30,15,27,27,3.149,solved,
Harvey,wbp_30_15.txt,"Warwick 1630: balanced products, 5 products per order",30,15,27,27,2.494,solved,
Harvey,wbp_30_15.txt,"Warwick 1632: balanced products, 6 products per order",30,15,29,29,2.494,solved,
Harvey,wbp_30_15.txt,"Warwick 1623: balanced products, 5 products per order",30,15,27,27,3.647,solved,
Harvey,wbp_30_15.txt,"Warwick 1641: balanced products, 7 products per order",30,15,29,29,1.669,solved,
Harvey,wbp_30_15.txt,"Warwick 1635: balanced products, 6 products per order",30,15,28,28,2.293,solved,
Harvey,wbp_30_15.txt,"Warwick 1636: balanced products, 6 products per order",30,15,28,28,2.03,solved,
Harvey,wbp_30_15.txt,"Warwick 1646: balanced products, 7 products per order",30,15,29,29,1.397,solved,
Harvey,wbp_30_15.txt,"Warwick 1633: balanced products, 6 products per order",30,15,28,28,2.692,solved,
Harvey,wbp_30_15.txt,"Warwick 1638: balanced products, 6 products per order",30,15,28,28,2.088,solved,
Harvey,wbp_30_15.txt,"Warwick 1642: balanced products, 7 products per order",30,15,29,29,1.749,solved,
Harvey,wbp_30_15.txt,"Warwick 1648: balanced products, 7 products per order",30,15,29,29,1.519,solved,
Harvey,wbp_30_15.txt,"Warwick 1644: balanced products, 7 products per order",30,15,30,30,1.821,solved,
Harvey,wbp_30_15.txt,"Warwick 1637: balanced products, 6 products per order",30,15,28,28,2.451,solved,
Harvey,wbp_30_15.txt,"Warwick 1634: balanced products, 6 products per order",30,15,28,28,2.942,solved,
Harvey,wbp_30_15.txt,"Warwick 1639: balanced products, 6 products per order",30,15,29,29,2.489,solved,
Harvey,wbp_30_15.txt,"Warwick 1640: balanced products, 6 products per order",30,15,29,29,2.494,solved,
Harvey,wbp_30_15.txt,"Warwick 1645: balanced products, 7 products per order",30,15,29,29,2.104,solved,
Harvey,wbp_30_15.txt,"Warwick 1649: balanced products, 7 products per order",30,15,30,30,1.973,solved,
Harvey,wbp_15_30.txt,"Warwick 794: balanced products, 14 products per order",15,30,15,15,44.421,solved,
Harvey,wbp_30_15.txt,"Warwick 1650: balanced products, 7 products per order",30,15,30,30,2.132,solved,
Harvey,wbp_30_15.txt,"Warwick 1643: balanced products, 7 products per order",30,15,30,30,2.712,solved,
Harvey,wbp_30_15.txt,"Warwick 1647: balanced products, 7 products per order",30,15,30,30,2.63,solved,
Harvey,wbp_30_30.txt,"Warwick 1851: balanced products, 2 products per order",30,30,6,6,3.701,solved,
Harvey,wbp_30_30.txt,"Warwick 1852: balanced products, 2 products per order",30,30,4,4,3.591,solved,
Harvey,wbp_30_30.txt,"Warwick 1853: balanced products, 2 products per order",30,30,4,4,3.901,solved,
Harvey,wbp_30_30.txt,"Warwick 1860: balanced products, 2 products per order",30,30,4,4,3.445,solved,
Harvey,wbp_30_30.txt,"Warwick 1858: balanced products, 2 products per order",30,30,6,6,3.773,solved,
Harvey,wbp_30_30.txt,"Warwick 1859: balanced products, 2 products per order",30,30,5,5,3.775,solved,
Harvey,wbp_30_30.txt,"Warwick 1856: balanced products, 2 products per order",30,30,5,5,4.614,solved,
Harvey,wbp_30_30.txt,"Warwick 1857: balanced products, 2 products per order",30,30,5,5,4.966,solved,
Harvey,wbp_30_30.txt,"Warwick 1855: balanced products, 2 products per order",30,30,5,5,5.497,solved,
Harvey,wbp_15_30.txt,"Warwick 789: balanced products, 13 products per order",15,30,15,15,59.395,solved,
Harvey,wbp_30_30.txt,"Warwick 1854: balanced products, 2 products per order",30,30,5,5,7.836,solved,
Harvey,wbp_15_30.txt,"Warwick 791: balanced products, 14 products per order",15,30,,,60.041,timeout,
Harvey,wbp_20_20.txt,"Warwick 1176: balanced products, 8 products per order",20,20,20,20,38.529,solved,
Harvey,wbp_30_30.txt,"Warwick 1865: balanced products, 3 products per order",30,30,13,13,26.662,solved,
Harvey,wbp_20_20.txt,"Warwick 1175: balanced products, 8 products per order",20,20,,,60.024,timeout,
Harvey,wbp_30_30.txt,"Warwick 1869: balanced products, 3 products per order",30,30,12,12,47.12,solved,
Harvey,wbp_30_30.txt,"Warwick 1870: balanced products, 3 products per order",30,30,13,13,55.307,solved,
Harvey,wbp_30_30.txt,"Warwick 1864: balanced products, 3 products per order",30,30,13,13,56.126,solved,
Harvey,wbp_30_30.txt,"Warwick 1861: balanced products, 3 products per order",30,30,,,60.038,timeout,
Harvey,wbp_30_30.txt,"Warwick 1862: balanced products, 3 products per order",30,30,,,60.059,timeout,
Harvey,wbp_30_30.txt,"Warwick 1863: balanced products, 3 products per order",30,30,,,60.068,timeout,
Harvey,wbp_30_30.txt,"Warwick 1866: balanced products, 3 products per order",30,30,,,60.032,timeout,
Harvey,wbp_30_30.txt,"Warwick 1867: balanced products, 3 products per order",30,30,,,60.05,timeout,
Harvey,wbp_30_30.txt,"Warwick 1868: balanced products, 3 products per order",30,30,,,60.021,timeout,
Harvey,wbp_30_30.txt,"Warwick 1871: balanced products, 4 products per order",30,30,,,60.024,timeout,
Harvey,wbp_30_30.txt,"Warwick 1872: balanced products, 4 products per order",30,30,,,60.039,timeout,
Harvey,wbp_30_30.txt,"Warwick 1873: balanced products, 4 products per order",30,30,,,60.006,timeout,
Harvey,wbp_30_30.txt,"Warwick 1874: balanced products, 4 products per order",30,30,,,60.028,timeout,
Harvey,wbp_30_30.txt,"Warwick 1875: balanced products, 4 products per order",30,30,,,60.045,timeout,
Harvey,wbp_30_30.txt,"Warwick 1876: balanced products, 4 products per order",30,30,,,60.014,timeout,
Harvey,wbp_30_30.txt,"Warwick 1877: balanced products, 4 products per order",30,30,,,60.033,timeout,
Harvey,wbp_30_30.txt,"Warwick 1878: balanced products, 4 products per order",30,30,,,60.04,timeout,
Harvey,wbp_30_30.txt,"Warwick 1879: balanced products, 4 products per order",30,30,,,60.019,timeout,
Harvey,wbp_30_30.txt,"Warwick 1880: balanced products, 4 products per order",30,30,,,60.033,timeout,
Harvey,wbp_30_30.txt,"Warwick 1881: balanced products, 5 products per order",30,30,,,60.049,timeout,
Harvey,wbp_30_30.txt,"Warwick 1882: balanced products, 5 products per order",30,30,,,60.015,timeout,
Harvey,wbp_30_30.txt,"Warwick 1883: balanced products, 5 products per order",30,30,,,60.03,timeout,
Harvey,wbp_30_30.txt,"Warwick 1884: balanced products, 5 products per order",30,30,,,60.045,timeout,
Harvey,wbp_30_30.txt,"Warwick 1885: balanced products, 5 products per order",30,30,,,60.008,timeout,
Harvey,wbp_30_30.txt,"Warwick 1886: balanced products, 5 products per order",30,30,,,60.024,timeout,
Harvey,wbp_30_30.txt,"Warwick 1887: balanced products, 5 products per order",30,30,,,60.038,timeout,
Harvey,wbp_30_30.txt,"Warwick 1888: balanced products, 5 products per order",30,30,,,60.047,timeout,
Harvey,wbp_30_30.txt,"Warwick 1889: balanced products, 5 products per order",30,30,,,60.004,timeout,
Harvey,wbp_30_30.txt,"Warwick 1890: balanced products, 5 products per order",30,30,,,60.018,timeout,
Harvey,wbp_30_30.txt,"Warwick 1891: balanced products, 6 products per order",30,30,,,60.048,timeout,
Harvey,wbp_30_30.txt,"Warwick 1892: balanced products, 6 products per order",30,30,,,60.021,timeout,
Harvey,wbp_30_30.txt,"Warwick 1893: balanced products, 6 products per order",30,30,,,60.001,timeout,
Harvey,wbp_30_30.txt,"Warwick 1894: balanced products, 6 products per order",30,30,,,60.021,timeout,
Harvey,wbp_30_30.txt,"Warwick 1895: balanced products, 6 products per order",30,30,,,60.017,timeout,
Harvey,wbp_30_30.txt,"Warwick 1896: balanced products, 6 products per order",30,30,,,60.045,timeout,
Harvey,wbp_30_30.txt,"Warwick 1897: balanced products, 6 products per order",30,30,,,60.052,timeout,
Harvey,wbp_30_30.txt,"Warwick 1898: balanced products, 6 products per order",30,30,,,60.018,timeout,
Harvey,wbp_30_30.txt,"Warwick 1899: balanced products, 6 products per order",30,30,,,60.011,timeout,
Harvey,wbp_30_30.txt,"Warwick 1900: balanced products, 6 products per order",30,30,,,60.015,timeout,
Harvey,wbp_30_30.txt,"Warwick 1901: balanced products, 7 products per order",30,30,,,60.02,timeout,
Harvey,wbp_30_30.txt,"Warwick 1902: balanced products, 7 products per order",30,30,,,60.02,timeout,
Harvey,wbp_30_30.txt,"Warwick 1903: balanced products, 7 products per order",30,30,,,60.016,timeout,
Harvey,wbp_30_30.txt,"Warwick 1904: balanced products, 7 products per order",30,30,,,60.032,timeout,
Harvey,wbp_30_30.txt,"Warwick 1905: balanced products, 7 products per order",30,30,,,60.033,timeout,
Harvey,wbp_30_30.txt,"Warwick 1906: balanced products, 7 products per order",30,30,,,60.035,timeout,
Harvey,wbp_30_30.txt,"Warwick 1907: balanced products, 7 products per order",30,30,,,60.019,timeout,
Harvey,wbp_30_30.txt,"Warwick 1908: balanced products, 7 products per order",30,30,,,60.023,timeout,
Harvey,wbp_30_30.txt,"Warwick 1909: balanced products, 7 products per order",30,30,,,60.033,timeout,
Harvey,wbp_30_30.txt,"Warwick 1910: balanced products, 7 products per order",30,30,,,60.035,timeout,
Harvey,wbp_30_30.txt,"Warwick 1911: balanced products, 8 products per order",30,30,,,60.045,timeout,
Harvey,wbp_30_30.txt,"Warwick 1912: balanced products, 8 products per order",30,30,,,60.045,timeout,
Harvey,wbp_30_30.txt,"Warwick 1913: balanced products, 8 products per order",30,30,,,60.048,timeout,
Harvey,wbp_30_30.txt,"Warwick 1914: balanced products, 8 products per order",30,30,,,60.048,timeout,
Harvey,wbp_30_30.txt,"Warwick 1915: balanced products, 8 products per order",30,30,,,60.047,timeout,
Harvey,wbp_30_30.txt,"Warwick 1916: balanced products, 8 products per order",30,30,,,60.007,timeout,
Harvey,wbp_30_30.txt,"Warwick 1917: balanced products, 8 products per order",30,30,,,60.007,timeout,
Harvey,wbp_30_30.txt,"Warwick 1918: balanced products, 8 products per order",30,30,,,60.008,timeout,
Harvey,wbp_30_30.txt,"Warwick 1919: balanced products, 8 products per order",30,30,,,60.015,timeout,
Harvey,wbp_30_30.txt,"Warwick 1920: balanced products, 8 products per order",30,30,,,60.011,timeout,
Harvey,wbp_30_30.txt,"Warwick 1921: balanced products, 9 products per order",30,30,,,60.013,timeout,
Harvey,wbp_30_30.txt,"Warwick 1922: balanced products, 9 products per order",30,30,,,60.019,timeout,
Harvey,wbp_30_30.txt,"Warwick 1923: balanced products, 9 products per order",30,30,,,60.048,timeout,
Harvey,wbp_30_30.txt,"Warwick 1924: balanced products, 9 products per order",30,30,,,60.045,timeout,
Harvey,wbp_30_30.txt,"Warwick 1925: balanced products, 9 products per order",30,30,,,60.046,timeout,
Harvey,wbp_30_30.txt,"Warwick 1926: balanced products, 9 products per order",30,30,,,60.026,timeout,
Harvey,wbp_30_30.txt,"Warwick 1927: balanced products, 9 products per order",30,30,,,60.033,timeout,
Harvey,wbp_30_30.txt,"Warwick 1928: balanced products, 9 products per order",30,30,,,60.05,timeout,
Harvey,wbp_30_30.txt,"Warwick 1929: balanced products, 9 products per order",30,30,,,60.048,timeout,
Harvey,wbp_30_30.txt,"Warwick 1930: balanced products, 9 products per order",30,30,,,60.048,timeout,
Harvey,wbp_30_30.txt,"Warwick 1931: balanced products, 10 products per order",30,30,,,60.048,timeout,
Harvey,wbp_30_30.txt,"Warwick 1932: balanced products, 10 products per order",30,30,,,60.05,timeout,
Harvey,wbp_30_30.txt,"Warwick 1933: balanced products, 10 products per order",30,30,,,60.045,timeout,
Harvey,wbp_30_30.txt,"Warwick 1934: balanced products, 10 products per order",30,30,,,60.037,timeout,
Harvey,wbp_30_30.txt,"Warwick 1935: balanced products, 10 products per order",30,30,,,60.033,timeout,
Harvey,wbp_30_30.txt,"Warwick 1936: balanced products, 10 products per order",30,30,,,60.036,timeout,
Harvey,wbp_30_30.txt,"Warwick 1937: balanced products, 10 products per order",30,30,,,60.019,timeout,
Harvey,wbp_30_30.txt,"Warwick 1938: balanced products, 10 products per order",30,30,,,60.024,timeout,
Harvey,wbp_30_30.txt,"Warwick 1939: balanced products, 10 products per order",30,30,,,60.034,timeout,
Harvey,wbp_30_30.txt,"Warwick 1940: balanced products, 10 products per order",30,30,,,60.037,timeout,
Harvey,wbp_30_30.txt,"Warwick 1941: balanced products, 11 products per order",30,30,,,60.024,timeout,
Harvey,wbp_30_30.txt,"Warwick 1942: balanced products, 11 products per order",30,30,,,60.027,timeout,
Harvey,wbp_30_30.txt,"Warwick 1943: balanced products, 11 products per order",30,30,,,60.026,timeout,
Harvey,wbp_30_30.txt,"Warwick 1944: balanced products, 11 products per order",30,30,,,60.028,timeout,
Harvey,wbp_30_30.txt,"Warwick 1945: balanced products, 11 products per order",30,30,,,60.029,timeout,
Harvey,wbp_30_30.txt,"Warwick 1946: balanced products, 11 products per order",30,30,,,60.019,timeout,
Harvey,wbp_30_30.txt,"Warwick 1947: balanced products, 11 products per order",30,30,,,60.017,timeout,
Harvey,wbp_30_30.txt,"Warwick 1948: balanced products, 11 products per order",30,30,,,60.016,timeout,
Harvey,wbp_30_30.txt,"Warwick 1949: balanced products, 11 products per order",30,30,,,60.019,timeout,
Harvey,wbp_30_30.txt,"Warwick 1950: balanced products, 11 products per order",30,30,,,60.024,timeout,
Harvey,wbp_30_30.txt,"Warwick 1951: balanced products, 12 products per order",30,30,,,60.019,timeout,
Harvey,wbp_30_30.txt,"Warwick 1952: balanced products, 12 products per order",30,30,,,60.016,timeout,
Harvey,wbp_30_30.txt,"Warwick 1973: balanced products, 14 products per order",30,30,30,30,45.806,solved,
Harvey,wbp_30_30.txt,"Warwick 1971: balanced products, 14 products per order",30,30,30,30,48.074,solved,
Harvey,wbp_30_30.txt,"Warwick 1953: balanced products, 12 products per order",30,30,,,60.037,timeout,
Harvey,wbp_30_30.txt,"Warwick 1954: balanced products, 12 products per order",30,30,,,60.04,timeout,
Harvey,wbp_30_30.txt,"Warwick 1975: balanced products, 14 products per order",30,30,30,30,53.012,solved,
Harvey,wbp_30_30.txt,"Warwick 1972: balanced products, 14 products per order",30,30,30,30,55.512,solved,
Harvey,wbp_30_30.txt,"Warwick 1955: balanced products, 12 products per order",30,30,,,60.011,timeout,
Harvey,wbp_30_30.txt,"Warwick 1956: balanced products, 12 products per order",30,30,,,60.044,timeout,
Harvey,wbp_30_30.txt,"Warwick 1957: balanced products, 12 products per order",30,30,,,60.049,timeout,
Harvey,wbp_30_30.txt,"Warwick 1958: balanced products, 12 products per order",30,30,,,60.014,timeout,
Harvey,wbp_30_30.txt,"Warwick 1959: balanced products, 12 products per order",30,30,,,60.014,timeout,
Harvey,wbp_30_30.txt,"Warwick 1960: balanced products, 12 products per order",30,30,,,60.013,timeout,
Harvey,wbp_30_30.txt,"Warwick 1961: balanced products, 13 products per order",30,30,,,60.016,timeout,
Harvey,wbp_30_30.txt,"Warwick 1962: balanced products, 13 products per order",30,30,,,60.015,timeout,
Harvey,wbp_30_30.txt,"Warwick 1963: balanced products, 13 products per order",30,30,,,60.013,timeout,
Harvey,wbp_30_30.txt,"Warwick 1964: balanced products, 13 products per order",30,30,,,60.018,timeout,
Harvey,wbp_30_30.txt,"Warwick 1965: balanced products, 13 products per order",30,30,,,60.016,timeout,
Harvey,wbp_30_30.txt,"Warwick 1966: balanced products, 13 products per order",30,30,,,60.02,timeout,
Harvey,wbp_30_30.txt,"Warwick 1967: balanced products, 13 products per order",30,30,,,60.005,timeout,
Harvey,wbp_30_30.txt,"Warwick 1968: balanced products, 13 products per order",30,30,,,60.008,timeout,
Harvey,wbp_30_30.txt,"Warwick 1969: balanced products, 13 products per order",30,30,,,60.018,timeout,
Harvey,wbp_30_30.txt,"Warwick 1970: balanced products, 13 products per order",30,30,,,60.024,timeout,
Shaw,ShawInstances.txt,ShawInstances_2,20,20,14,14,3.549,solved,
Shaw,ShawInstances.txt,ShawInstances_3,20,20,13,13,3.38,solved,
Shaw,ShawInstances.txt,ShawInstances_1,20,20,12,12,3.8,solved,
Shaw,ShawInstances.txt,ShawInstances_0,20,20,14,14,4.389,solved,
Harvey,wbp_30_30.txt,"Warwick 1974: balanced products, 14 products per order",30,30,,,60.038,timeout,
Shaw,ShawInstances.txt,ShawInstances_4,20,20,14,14,4.12,solved,
Shaw,ShawInstances.txt,ShawInstances_8,20,20,13,13,3.655,solved,
Shaw,ShawInstances.txt,ShawInstances_6,20,20,13,13,4.034,solved,
Shaw,ShawInstances.txt,ShawInstances_7,20,20,14,14,4.114,solved,
Shaw,ShawInstances.txt,ShawInstances_5,20,20,14,14,4.684,solved,
Shaw,ShawInstances.txt,ShawInstances_11,20,20,13,13,3.228,solved,
Shaw,ShawInstances.txt,ShawInstances_12,20,20,13,13,3.162,solved,
Shaw,ShawInstances.txt,ShawInstances_9,20,20,13,13,3.793,solved,
Simonis,problem_10_10.dat,HS problem 1 size 10 10 density  0.20,10,10,5,5,0.111,solved,
Simonis,problem_10_10.dat,HS problem 2 size 10 10 density  0.20,10,10,4,4,0.109,solved,
Simonis,problem_10_10.dat,HS problem 3 size 10 10 density  0.20,10,10,5,5,0.066,solved,
Simonis,problem_10_10.dat,HS problem 4 size 10 10 density  0.20,10,10,5,5,0.058,solved,
Harvey,wbp_30_30.txt,"Warwick 1976: balanced products, 14 products per order",30,30,,,60.048,timeout,
Harvey,wbp_30_30.txt,"Warwick 1977: balanced products, 14 products per order",30,30,,,60.045,timeout,
Simonis,problem_10_10.dat,HS problem 5 size 10 10 density  0.20,10,10,3,3,0.101,solved,
Simonis,problem_10_10.dat,HS problem 6 size 10 10 density  0.20,10,10,4,4,0.096,solved,
Simonis,problem_10_10.dat,HS problem 7 size 10 10 density  0.20,10,10,5,5,0.081,solved,
Simonis,problem_10_10.dat,HS problem 8 size 10 10 density  0.20,10,10,4,4,0.071,solved,
Simonis,problem_10_10.dat,HS problem 9 size 10 10 density  0.20,10,10,4,4,0.081,solved,
Shaw,ShawInstances.txt,ShawInstances_13,20,20,14,14,3.569,solved,
Simonis,problem_10_10.dat,HS problem 10 size 10 10 density  0.20,10,10,5,5,0.077,solved,
Simonis,problem_10_10.dat,HS problem 11 size 10 10 density  0.20,10,10,5,5,0.068,solved,
Simonis,problem_10_10.dat,HS problem 12 size 10 10 density  0.20,10,10,3,3,0.088,solved,
Simonis,problem_10_10.dat,HS problem 13 size 10 10 density  0.20,10,10,5,5,0.089,solved,
Simonis,problem_10_10.dat,HS problem 14 size 10 10 density  0.20,10,10,5,5,0.081,solved,
Simonis,problem_10_10.dat,HS problem 15 size 10 10 density  0.20,10,10,6,6,0.07,solved,
Simonis,problem_10_10.dat,HS problem 16 size 10 10 density  0.20,10,10,5,5,0.087,solved,
Shaw,ShawInstances.txt,ShawInstances_10,20,20,15,15,5.02,solved,
Shaw,ShawInstances.txt,ShawInstances_20,20,20,12,12,2.65,solved,
Simonis,problem_10_10.dat,HS problem 17 size 10 10 density  0.20,10,10,4,4,0.088,solved,
Simonis,problem_10_10.dat,HS problem 18 size 10 10 density  0.20,10,10,6,6,0.08,solved,
Simonis,problem_10_10.dat,HS problem 19 size 10 10 density  0.20,10,10,4,4,0.069,solved,
Simonis,problem_10_10.dat,HS problem 20 size 10 10 density  0.20,10,10,5,5,0.112,solved,
Simonis,problem_10_10.dat,HS problem 21 size 10 10 density  0.20,10,10,6,6,0.111,solved,
Simonis,problem_10_10.dat,HS problem 22 size 10 10 density  0.20,10,10,4,4,0.103,solved,
Simonis,problem_10_10.dat,HS problem 23 size 10 10 density  0.20,10,10,5,5,0.092,solved,
Simonis,problem_10_10.dat,HS problem 24 size 10 10 density  0.20,10,10,4,4,0.082,solved,
Simonis,problem_10_10.dat,HS problem 25 size 10 10 density  0.20,10,10,4,4,0.071,solved,
Simonis,problem_10_10.dat,HS problem 26 size 10 10 density  0.20,10,10,4,4,0.11,solved,
Shaw,ShawInstances.txt,ShawInstances_19,20,20,14,14,3.231,solved,
Simonis,problem_10_10.dat,HS problem 27 size 10 10 density  0.20,10,10,5,5,0.109,solved,
Simonis,problem_10_10.dat,HS problem 28 size 10 10 density  0.20,10,10,5,5,0.1,solved,
Simonis,problem_10_10.dat,HS problem 29 size 10 10 density  0.20,10,10,6,6,0.089,solved,
Simonis,problem_10_10.dat,HS problem 31 size 10 10 density  0.20,10,10,5,5,0.069,solved,
Shaw,ShawInstances.txt,ShawInstances_14,20,20,14,14,4.212,solved,
Simonis,problem_10_10.dat,HS problem 30 size 10 10 density  0.20,10,10,6,6,0.183,solved,
Simonis,problem_10_10.dat,HS problem 32 size 10 10 density  0.20,10,10,3,3,0.111,solved,
Simonis,problem_10_10.dat,HS problem 33 size 10 10 density  0.20,10,10,4,4,0.132,solved,
Simonis,problem_10_10.dat,HS problem 34 size 10 10 density  0.20,10,10,5,5,0.123,solved,
Simonis,problem_10_10.dat,HS problem 35 size 10 10 density  0.20,10,10,6,6,0.112,solved,
Simonis,problem_10_10.dat,HS problem 36 size 10 10 density  0.20,10,10,4,4,0.102,solved,
Simonis,problem_10_10.dat,HS problem 37 size 10 10 density  0.20,10,10,6,6,0.091,solved,
Simonis,problem_10_10.dat,HS problem 38 size 10 10 density  0.20,10,10,4,4,0.13,solved,
Simonis,problem_10_10.dat,HS problem 39 size 10 10 density  0.20,10,10,5,5,0.122,solved,
Simonis,problem_10_10.dat,HS problem 40 size 10 10 density  0.20,10,10,4,4,0.112,solved,
Simonis,problem_10_10.dat,HS problem 41 size 10 10 density  0.20,10,10,7,7,0.131,solved,
Simonis,problem_10_10.dat,HS problem 42 size 10 10 density  0.20,10,10,6,6,0.123,solved,
Simonis,problem_10_10.dat,HS problem 43 size 10 10 density  0.20,10,10,6,6,0.112,solved,
Simonis,problem_10_10.dat,HS problem 44 size 10 10 density  0.20,10,10,5,5,0.103,solved,
Simonis,problem_10_10.dat,HS problem 45 size 10 10 density  0.20,10,10,5,5,0.092,solved,
Simonis,problem_10_10.dat,HS problem 46 size 10 10 density  0.20,10,10,4,4,0.132,solved,
Simonis,problem_10_10.dat,HS problem 47 size 10 10 density  0.20,10,10,5,5,0.123,solved,
Simonis,problem_10_10.dat,HS problem 48 size 10 10 density  0.20,10,10,4,4,0.113,solved,
Shaw,ShawInstances.txt,ShawInstances_22,20,20,14,14,3.145,solved,
Simonis,problem_10_10.dat,HS problem 49 size 10 10 density  0.20,10,10,4,4,0.133,solved,
Simonis,problem_10_10.dat,HS problem 50 size 10 10 density  0.20,10,10,5,5,0.123,solved,
Simonis,problem_10_10.dat,HS problem 51 size 10 10 density  0.25,10,10,5,5,0.113,solved,
Simonis,problem_10_10.dat,HS problem 52 size 10 10 density  0.25,10,10,6,6,0.103,solved,
Simonis,problem_10_10.dat,HS problem 53 size 10 10 density  0.25,10,10,3,3,0.092,solved,
Shaw,ShawInstances.txt,ShawInstances_15,20,20,14,14,4.658,solved,
Shaw,ShawInstances.txt,ShawInstances_17,20,20,14,14,4.067,solved,
Simonis,problem_10_10.dat,HS problem 54 size 10 10 density  0.25,10,10,6,6,0.141,solved,
Simonis,problem_10_10.dat,HS problem 55 size 10 10 density  0.25,10,10,6,6,0.132,solved,
Simonis,problem_10_10.dat,HS problem 56 size 10 10 density  0.25,10,10,5,5,0.121,solved,
Simonis,problem_10_10.dat,HS problem 57 size 10 10 density  0.25,10,10,4,4,0.061,solved,
Simonis,problem_10_10.dat,HS problem 58 size 10 10 density  0.25,10,10,6,6,0.161,solved,
Simonis,problem_10_10.dat,HS problem 59 size 10 10 density  0.25,10,10,7,7,0.151,solved,
Simonis,problem_10_10.dat,HS problem 60 size 10 10 density  0.25,10,10,5,5,0.141,solved,
Simonis,problem_10_10.dat,HS problem 61 size 10 10 density  0.25,10,10,4,4,0.13,solved,
Simonis,problem_10_10.dat,HS problem 62 size 10 10 density  0.25,10,10,5,5,0.121,solved,
Simonis,problem_10_10.dat,HS problem 63 size 10 10 density  0.25,10,10,7,7,0.159,solved,
Simonis,problem_10_10.dat,HS problem 64 size 10 10 density  0.25,10,10,5,5,0.153,solved,
Simonis,problem_10_10.dat,HS problem 65 size 10 10 density  0.25,10,10,4,4,0.142,solved,
Simonis,problem_10_10.dat,HS problem 66 size 10 10 density  0.25,10,10,4,4,0.133,solved,
Simonis,problem_10_10.dat,HS problem 67 size 10 10 density  0.25,10,10,6,6,0.122,solved,
Simonis,problem_10_10.dat,HS problem 68 size 10 10 density  0.25,10,10,7,7,0.111,solved,
Shaw,ShawInstances.txt,ShawInstances_21,20,20,14,14,3.839,solved,
Simonis,problem_10_10.dat,HS problem 69 size 10 10 density  0.25,10,10,5,5,0.159,solved,
Simonis,problem_10_10.dat,HS problem 70 size 10 10 density  0.25,10,10,3,3,0.152,solved,
Simonis,problem_10_10.dat,HS problem 71 size 10 10 density  0.25,10,10,7,7,0.141,solved,
Simonis,problem_10_10.dat,HS problem 72 size 10 10 density  0.25,10,10,6,6,0.131,solved,
Simonis,problem_10_10.dat,HS problem 73 size 10 10 density  0.25,10,10,7,7,0.12,solved,
Simonis,problem_10_10.dat,HS problem 74 size 10 10 density  0.25,10,10,6,6,0.171,solved,
Simonis,problem_10_10.dat,HS problem 75 size 10 10 density  0.25,10,10,5,5,0.162,solved,
Simonis,problem_10_10.dat,HS problem 76 size 10 10 density  0.25,10,10,6,6,0.153,solved,
Simonis,problem_10_10.dat,HS problem 77 size 10 10 density  0.25,10,10,6,6,0.143,solved,
Simonis,problem_10_10.dat,HS problem 78 size 10 10 density  0.25,10,10,6,6,0.134,solved,
Simonis,problem_10_10.dat,HS problem 79 size 10 10 density  0.25,10,10,6,6,0.123,solved,
Harvey,wbp_30_30.txt,"Warwick 1978: balanced products, 14 products per order",30,30,30,30,56.172,solved,
Simonis,problem_10_10.dat,HS problem 80 size 10 10 density  0.25,10,10,6,6,0.174,solved,
Simonis,problem_10_10.dat,HS problem 81 size 10 10 density  0.25,10,10,5,5,0.166,solved,
Simonis,problem_10_10.dat,HS problem 82 size 10 10 density  0.25,10,10,8,8,0.155,solved,
Simonis,problem_10_10.dat,HS problem 83 size 10 10 density  0.25,10,10,4,4,0.146,solved,
Simonis,problem_10_10.dat,HS problem 84 size 10 10 density  0.25,10,10,7,7,0.135,solved,
Simonis,problem_10_10.dat,HS problem 85 size 10 10 density  0.25,10,10,4,4,0.123,solved,
Simonis,problem_10_10.dat,HS problem 86 size 10 10 density  0.25,10,10,6,6,0.184,solved,
Simonis,problem_10_10.dat,HS problem 87 size 10 10 density  0.25,10,10,6,6,0.175,solved,
Simonis,problem_10_10.dat,HS problem 88 size 10 10 density  0.25,10,10,6,6,0.165,solved,
Simonis,problem_10_10.dat,HS problem 89 size 10 10 density  0.25,10,10,6,6,0.156,solved,
Simonis,problem_10_10.dat,HS problem 90 size 10 10 density  0.25,10,10,6,6,0.145,solved,
Simonis,problem_10_10.dat,HS problem 91 size 10 10 density  0.25,10,10,7,7,0.134,solved,
Simonis,problem_10_10.dat,HS problem 92 size 10 10 density  0.25,10,10,5,5,0.183,solved,
Simonis,problem_10_10.dat,HS problem 93 size 10 10 density  0.25,10,10,7,7,0.175,solved,
Simonis,problem_10_10.dat,HS problem 94 size 10 10 density  0.25,10,10,5,5,0.165,solved,
Simonis,problem_10_10.dat,HS problem 95 size 10 10 density  0.25,10,10,5,5,0.156,solved,
Simonis,problem_10_10.dat,HS problem 96 size 10 10 density  0.25,10,10,9,9,0.145,solved,
Simonis,problem_10_10.dat,HS problem 97 size 10 10 density  0.25,10,10,6,6,0.133,solved,
Simonis,problem_10_10.dat,HS problem 98 size 10 10 density  0.25,10,10,4,4,0.122,solved,
Shaw,ShawInstances.txt,ShawInstances_24,20,20,14,14,3.128,solved,
Simonis,problem_10_10.dat,HS problem 99 size 10 10 density  0.25,10,10,6,6,0.18,solved,
Simonis,problem_10_10.dat,HS problem 100 size 10 10 density  0.25,10,10,6,6,0.172,solved,
Simonis,problem_10_10.dat,HS problem 101 size 10 10 density  0.30,10,10,5,5,0.162,solved,
Simonis,problem_10_10.dat,HS problem 102 size 10 10 density  0.30,10,10,6,6,0.153,solved,
Simonis,problem_10_10.dat,HS problem 103 size 10 10 density  0.30,10,10,7,7,0.142,solved,
Simonis,problem_10_10.dat,HS problem 104 size 10 10 density  0.30,10,10,6,6,0.13,solved,
Simonis,problem_10_10.dat,HS problem 106 size 10 10 density  0.30,10,10,5,5,0.06,solved,
Simonis,problem_10_10.dat,HS problem 105 size 10 10 density  0.30,10,10,8,8,0.2,solved,
Simonis,problem_10_10.dat,HS problem 107 size 10 10 density  0.30,10,10,7,7,0.182,solved,
Simonis,problem_10_10.dat,HS problem 108 size 10 10 density  0.30,10,10,6,6,0.173,solved,
Simonis,problem_10_10.dat,HS problem 109 size 10 10 density  0.30,10,10,7,7,0.162,solved,
Simonis,problem_10_10.dat,HS problem 110 size 10 10 density  0.30,10,10,8,8,0.152,solved,
Simonis,problem_10_10.dat,HS problem 111 size 10 10 density  0.30,10,10,6,6,0.141,solved,
Simonis,problem_10_10.dat,HS problem 112 size 10 10 density  0.30,10,10,6,6,0.082,solved,
Simonis,problem_10_10.dat,HS problem 113 size 10 10 density  0.30,10,10,6,6,0.196,solved,
Simonis,problem_10_10.dat,HS problem 114 size 10 10 density  0.30,10,10,6,6,0.186,solved,
Simonis,problem_10_10.dat,HS problem 115 size 10 10 density  0.30,10,10,7,7,0.177,solved,
Simonis,problem_10_10.dat,HS problem 116 size 10 10 density  0.30,10,10,6,6,0.166,solved,
Simonis,problem_10_10.dat,HS problem 117 size 10 10 density  0.30,10,10,7,7,0.154,solved,
Simonis,problem_10_10.dat,HS problem 118 size 10 10 density  0.30,10,10,7,7,0.143,solved,
Simonis,problem_10_10.dat,HS problem 119 size 10 10 density  0.30,10,10,5,5,0.133,solved,
Simonis,problem_10_10.dat,HS problem 120 size 10 10 density  0.30,10,10,8,8,0.071,solved,
Simonis,problem_10_10.dat,HS problem 122 size 10 10 density  0.30,10,10,4,4,0.053,solved,
Shaw,ShawInstances.txt,ShawInstances_18,20,20,14,14,5.199,solved,
Simonis,problem_10_10.dat,HS problem 121 size 10 10 density  0.30,10,10,8,8,0.209,solved,
Simonis,problem_10_10.dat,HS problem 123 size 10 10 density  0.30,10,10,6,6,0.189,solved,
Simonis,problem_10_10.dat,HS problem 124 size 10 10 density  0.30,10,10,7,7,0.178,solved,
Simonis,problem_10_10.dat,HS problem 125 size 10 10 density  0.30,10,10,6,6,0.167,solved,
Simonis,problem_10_10.dat,HS problem 126 size 10 10 density  0.30,10,10,7,7,0.155,solved,
Simonis,problem_10_10.dat,HS problem 127 size 10 10 density  0.30,10,10,7,7,0.095,solved,
Simonis,problem_10_10.dat,HS problem 128 size 10 10 density  0.30,10,10,6,6,0.087,solved,
Simonis,problem_10_10.dat,HS problem 129 size 10 10 density  0.30,10,10,6,6,0.076,solved,
Simonis,problem_10_10.dat,HS problem 130 size 10 10 density  0.30,10,10,8,8,0.211,solved,
Simonis,problem_10_10.dat,HS problem 131 size 10 10 density  0.30,10,10,6,6,0.2,solved,
Simonis,problem_10_10.dat,HS problem 132 size 10 10 density  0.30,10,10,5,5,0.188,solved,
Simonis,problem_10_10.dat,HS problem 133 size 10 10 density  0.30,10,10,5,5,0.177,solved,
Simonis,problem_10_10.dat,HS problem 134 size 10 10 density  0.30,10,10,7,7,0.167,solved,
Simonis,problem_10_10.dat,HS problem 135 size 10 10 density  0.30,10,10,6,6,0.156,solved,
Simonis,problem_10_10.dat,HS problem 136 size 10 10 density  0.30,10,10,8,8,0.095,solved,
Simonis,problem_10_10.dat,HS problem 137 size 10 10 density  0.30,10,10,7,7,0.086,solved,
Simonis,problem_10_10.dat,HS problem 138 size 10 10 density  0.30,10,10,6,6,0.075,solved,
Shaw,ShawInstances.txt,ShawInstances_23,20,20,14,14,3.877,solved,
Simonis,problem_10_10.dat,HS problem 139 size 10 10 density  0.30,10,10,6,6,0.208,solved,
Simonis,problem_10_10.dat,HS problem 140 size 10 10 density  0.30,10,10,8,8,0.197,solved,
Simonis,problem_10_10.dat,HS problem 141 size 10 10 density  0.30,10,10,7,7,0.185,solved,
Simonis,problem_10_10.dat,HS problem 142 size 10 10 density  0.30,10,10,7,7,0.175,solved,
Simonis,problem_10_10.dat,HS problem 143 size 10 10 density  0.30,10,10,9,9,0.165,solved,
Simonis,problem_10_10.dat,HS problem 144 size 10 10 density  0.30,10,10,6,6,0.154,solved,
Simonis,problem_10_10.dat,HS problem 145 size 10 10 density  0.30,10,10,9,9,0.092,solved,
Simonis,problem_10_10.dat,HS problem 146 size 10 10 density  0.30,10,10,7,7,0.084,solved,
Simonis,problem_10_10.dat,HS problem 147 size 10 10 density  0.30,10,10,7,7,0.076,solved,
Simonis,problem_10_10.dat,HS problem 148 size 10 10 density  0.30,10,10,6,6,0.212,solved,
Simonis,problem_10_10.dat,HS problem 149 size 10 10 density  0.30,10,10,6,6,0.202,solved,
Simonis,problem_10_10.dat,HS problem 150 size 10 10 density  0.30,10,10,6,6,0.189,solved,
Simonis,problem_10_10.dat,HS problem 151 size 10 10 density  0.35,10,10,8,8,0.18,solved,
Simonis,problem_10_10.dat,HS problem 152 size 10 10 density  0.35,10,10,8,8,0.167,solved,
Simonis,problem_10_10.dat,HS problem 153 size 10 10 density  0.35,10,10,8,8,0.157,solved,
Simonis,problem_10_10.dat,HS problem 154 size 10 10 density  0.35,10,10,6,6,0.095,solved,
Simonis,problem_10_10.dat,HS problem 155 size 10 10 density  0.35,10,10,8,8,0.089,solved,
Simonis,problem_10_10.dat,HS problem 156 size 10 10 density  0.35,10,10,7,7,0.081,solved,
Simonis,problem_10_10.dat,HS problem 159 size 10 10 density  0.35,10,10,6,6,0.048,solved,
Simonis,problem_10_10.dat,HS problem 157 size 10 10 density  0.35,10,10,8,8,0.219,solved,
Simonis,problem_10_10.dat,HS problem 158 size 10 10 density  0.35,10,10,6,6,0.209,solved,
Simonis,problem_10_10.dat,HS problem 160 size 10 10 density  0.35,10,10,7,7,0.186,solved,
Simonis,problem_10_10.dat,HS problem 161 size 10 10 density  0.35,10,10,8,8,0.177,solved,
Simonis,problem_10_10.dat,HS problem 162 size 10 10 density  0.35,10,10,8,8,0.167,solved,
Simonis,problem_10_10.dat,HS problem 163 size 10 10 density  0.35,10,10,7,7,0.157,solved,
Simonis,problem_10_10.dat,HS problem 164 size 10 10 density  0.35,10,10,7,7,0.098,solved,
Simonis,problem_10_10.dat,HS problem 165 size 10 10 density  0.35,10,10,7,7,0.093,solved,
Simonis,problem_10_10.dat,HS problem 166 size 10 10 density  0.35,10,10,8,8,0.085,solved,
Simonis,problem_10_10.dat,HS problem 167 size 10 10 density  0.35,10,10,6,6,0.075,solved,
Simonis,problem_10_10.dat,HS problem 168 size 10 10 density  0.35,10,10,8,8,0.214,solved,
Simonis,problem_10_10.dat,HS problem 169 size 10 10 density  0.35,10,10,9,9,0.202,solved,
Simonis,problem_10_10.dat,HS problem 170 size 10 10 density  0.35,10,10,8,8,0.191,solved,
Simonis,problem_10_10.dat,HS problem 171 size 10 10 density  0.35,10,10,6,6,0.181,solved,
Simonis,problem_10_10.dat,HS problem 172 size 10 10 density  0.35,10,10,8,8,0.172,solved,
Simonis,problem_10_10.dat,HS problem 173 size 10 10 density  0.35,10,10,6,6,0.16,solved,
Simonis,problem_10_10.dat,HS problem 174 size 10 10 density  0.35,10,10,8,8,0.099,solved,
Simonis,problem_10_10.dat,HS problem 175 size 10 10 density  0.35,10,10,8,8,0.092,solved,
Simonis,problem_10_10.dat,HS problem 176 size 10 10 density  0.35,10,10,7,7,0.084,solved,
Simonis,problem_10_10.dat,HS problem 177 size 10 10 density  0.35,10,10,8,8,0.075,solved,
Simonis,problem_10_10.dat,HS problem 178 size 10 10 density  0.35,10,10,6,6,0.064,solved,
Simonis,problem_10_10.dat,HS problem 179 size 10 10 density  0.35,10,10,7,7,0.211,solved,
Simonis,problem_10_10.dat,HS problem 180 size 10 10 density  0.35,10,10,6,6,0.202,solved,
Simonis,problem_10_10.dat,HS problem 181 size 10 10 density  0.35,10,10,8,8,0.191,solved,
Simonis,problem_10_10.dat,HS problem 182 size 10 10 density  0.35,10,10,7,7,0.18,solved,
Simonis,problem_10_10.dat,HS problem 183 size 10 10 density  0.35,10,10,8,8,0.171,solved,
Simonis,problem_10_10.dat,HS problem 184 size 10 10 density  0.35,10,10,7,7,0.11,solved,
Simonis,problem_10_10.dat,HS problem 185 size 10 10 density  0.35,10,10,8,8,0.104,solved,
Simonis,problem_10_10.dat,HS problem 186 size 10 10 density  0.35,10,10,8,8,0.096,solved,
Simonis,problem_10_10.dat,HS problem 187 size 10 10 density  0.35,10,10,7,7,0.086,solved,
Simonis,problem_10_10.dat,HS problem 188 size 10 10 density  0.35,10,10,8,8,0.075,solved,
Simonis,problem_10_10.dat,HS problem 189 size 10 10 density  0.35,10,10,7,7,0.212,solved,
Simonis,problem_10_10.dat,HS problem 190 size 10 10 density  0.35,10,10,7,7,0.203,solved,
Simonis,problem_10_10.dat,HS problem 191 size 10 10 density  0.35,10,10,6,6,0.191,solved,
Simonis,problem_10_10.dat,HS problem 192 size 10 10 density  0.35,10,10,6,6,0.181,solved,
Simonis,problem_10_10.dat,HS problem 193 size 10 10 density  0.35,10,10,7,7,0.171,solved,
Simonis,problem_10_10.dat,HS problem 194 size 10 10 density  0.35,10,10,6,6,0.161,solved,
Simonis,problem_10_10.dat,HS problem 195 size 10 10 density  0.35,10,10,5,5,0.099,solved,
Simonis,problem_10_10.dat,HS problem 196 size 10 10 density  0.35,10,10,6,6,0.091,solved,
Simonis,problem_10_10.dat,HS problem 197 size 10 10 density  0.35,10,10,8,8,0.082,solved,
Simonis,problem_10_10.dat,HS problem 199 size 10 10 density  0.35,10,10,6,6,0.061,solved,
Simonis,problem_10_10.dat,HS problem 198 size 10 10 density  0.35,10,10,9,9,0.227,solved,
Simonis,problem_10_10.dat,HS problem 200 size 10 10 density  0.35,10,10,9,9,0.204,solved,
Simonis,problem_10_10.dat,HS problem 201 size 10 10 density  0.40,10,10,9,9,0.194,solved,
Simonis,problem_10_10.dat,HS problem 202 size 10 10 density  0.40,10,10,9,9,0.183,solved,
Simonis,problem_10_10.dat,HS problem 203 size 10 10 density  0.40,10,10,7,7,0.173,solved,
Simonis,problem_10_10.dat,HS problem 204 size 10 10 density  0.40,10,10,8,8,0.164,solved,
Simonis,problem_10_10.dat,HS problem 205 size 10 10 density  0.40,10,10,7,7,0.105,solved,
Simonis,problem_10_10.dat,HS problem 206 size 10 10 density  0.40,10,10,7,7,0.096,solved,
Simonis,problem_10_10.dat,HS problem 207 size 10 10 density  0.40,10,10,9,9,0.087,solved,
Simonis,problem_10_10.dat,HS problem 208 size 10 10 density  0.40,10,10,9,9,0.077,solved,
Simonis,problem_10_10.dat,HS problem 209 size 10 10 density  0.40,10,10,7,7,0.216,solved,
Simonis,problem_10_10.dat,HS problem 210 size 10 10 density  0.40,10,10,7,7,0.204,solved,
Simonis,problem_10_10.dat,HS problem 211 size 10 10 density  0.40,10,10,9,9,0.194,solved,
Simonis,problem_10_10.dat,HS problem 212 size 10 10 density  0.40,10,10,8,8,0.182,solved,
Simonis,problem_10_10.dat,HS problem 213 size 10 10 density  0.40,10,10,8,8,0.173,solved,
Simonis,problem_10_10.dat,HS problem 214 size 10 10 density  0.40,10,10,7,7,0.161,solved,
Simonis,problem_10_10.dat,HS problem 215 size 10 10 density  0.40,10,10,8,8,0.1,solved,
Simonis,problem_10_10.dat,HS problem 216 size 10 10 density  0.40,10,10,9,9,0.091,solved,
Simonis,problem_10_10.dat,HS problem 217 size 10 10 density  0.40,10,10,8,8,0.082,solved,
Simonis,problem_10_10.dat,HS problem 219 size 10 10 density  0.40,10,10,7,7,0.061,solved,
Simonis,problem_10_10.dat,HS problem 218 size 10 10 density  0.40,10,10,9,9,0.23,solved,
Simonis,problem_10_10.dat,HS problem 220 size 10 10 density  0.40,10,10,6,6,0.208,solved,
Simonis,problem_10_10.dat,HS problem 221 size 10 10 density  0.40,10,10,8,8,0.197,solved,
Simonis,problem_10_10.dat,HS problem 222 size 10 10 density  0.40,10,10,8,8,0.188,solved,
Simonis,problem_10_10.dat,HS problem 223 size 10 10 density  0.40,10,10,9,9,0.179,solved,
Simonis,problem_10_10.dat,HS problem 224 size 10 10 density  0.40,10,10,9,9,0.167,solved,
Simonis,problem_10_10.dat,HS problem 225 size 10 10 density  0.40,10,10,7,7,0.108,solved,
Simonis,problem_10_10.dat,HS problem 226 size 10 10 density  0.40,10,10,9,9,0.099,solved,
Simonis,problem_10_10.dat,HS problem 227 size 10 10 density  0.40,10,10,8,8,0.089,solved,
Simonis,problem_10_10.dat,HS problem 228 size 10 10 density  0.40,10,10,7,7,0.078,solved,
Simonis,problem_10_10.dat,HS problem 229 size 10 10 density  0.40,10,10,8,8,0.218,solved,
Simonis,problem_10_10.dat,HS problem 230 size 10 10 density  0.40,10,10,8,8,0.206,solved,
Simonis,problem_10_10.dat,HS problem 231 size 10 10 density  0.40,10,10,8,8,0.196,solved,
Simonis,problem_10_10.dat,HS problem 232 size 10 10 density  0.40,10,10,6,6,0.185,solved,
Simonis,problem_10_10.dat,HS problem 233 size 10 10 density  0.40,10,10,9,9,0.174,solved,
Simonis,problem_10_10.dat,HS problem 234 size 10 10 density  0.40,10,10,8,8,0.162,solved,
Simonis,problem_10_10.dat,HS problem 235 size 10 10 density  0.40,10,10,7,7,0.101,solved,
Simonis,problem_10_10.dat,HS problem 236 size 10 10 density  0.40,10,10,8,8,0.095,solved,
Simonis,problem_10_10.dat,HS problem 237 size 10 10 density  0.40,10,10,6,6,0.087,solved,
Simonis,problem_10_10.dat,HS problem 238 size 10 10 density  0.40,10,10,9,9,0.077,solved,
Simonis,problem_10_10.dat,HS problem 239 size 10 10 density  0.40,10,10,6,6,0.217,solved,
Simonis,problem_10_10.dat,HS problem 240 size 10 10 density  0.40,10,10,8,8,0.205,solved,
Simonis,problem_10_10.dat,HS problem 241 size 10 10 density  0.40,10,10,8,8,0.194,solved,
Simonis,problem_10_10.dat,HS problem 242 size 10 10 density  0.40,10,10,8,8,0.182,solved,
Simonis,problem_10_10.dat,HS problem 243 size 10 10 density  0.40,10,10,6,6,0.171,solved,
Simonis,problem_10_10.dat,HS problem 244 size 10 10 density  0.40,10,10,8,8,0.161,solved,
Simonis,problem_10_10.dat,HS problem 245 size 10 10 density  0.40,10,10,8,8,0.101,solved,
Simonis,problem_10_10.dat,HS problem 246 size 10 10 density  0.40,10,10,7,7,0.093,solved,
Simonis,problem_10_10.dat,HS problem 247 size 10 10 density  0.40,10,10,8,8,0.083,solved,
Simonis,problem_10_10.dat,HS problem 248 size 10 10 density  0.40,10,10,7,7,0.074,solved,
Simonis,problem_10_10.dat,HS problem 249 size 10 10 density  0.40,10,10,8,8,0.213,solved,
Simonis,problem_10_10.dat,HS problem 250 size 10 10 density  0.40,10,10,9,9,0.201,solved,
Simonis,problem_10_10.dat,HS problem 251 size 10 10 density  0.45,10,10,9,9,0.19,solved,
Simonis,problem_10_10.dat,HS problem 252 size 10 10 density  0.45,10,10,8,8,0.18,solved,
Simonis,problem_10_10.dat,HS problem 253 size 10 10 density  0.45,10,10,8,8,0.172,solved,
Simonis,problem_10_10.dat,HS problem 254 size 10 10 density  0.45,10,10,8,8,0.162,solved,
Simonis,problem_10_10.dat,HS problem 255 size 10 10 density  0.45,10,10,7,7,0.1,solved,
Simonis,problem_10_10.dat,HS problem 256 size 10 10 density  0.45,10,10,8,8,0.095,solved,
Simonis,problem_10_10.dat,HS problem 257 size 10 10 density  0.45,10,10,9,9,0.087,solved,
Simonis,problem_10_10.dat,HS problem 258 size 10 10 density  0.45,10,10,7,7,0.077,solved,
Shaw,ShawInstances.txt,ShawInstances_16,20,20,15,15,7.552,solved,
Simonis,problem_10_10.dat,HS problem 259 size 10 10 density  0.45,10,10,10,10,0.213,solved,
Simonis,problem_10_10.dat,HS problem 260 size 10 10 density  0.45,10,10,8,8,0.201,solved,
Simonis,problem_10_10.dat,HS problem 261 size 10 10 density  0.45,10,10,8,8,0.19,solved,
Simonis,problem_10_10.dat,HS problem 262 size 10 10 density  0.45,10,10,7,7,0.181,solved,
Simonis,problem_10_10.dat,HS problem 263 size 10 10 density  0.45,10,10,9,9,0.171,solved,
Simonis,problem_10_10.dat,HS problem 264 size 10 10 density  0.45,10,10,8,8,0.16,solved,
Simonis,problem_10_10.dat,HS problem 265 size 10 10 density  0.45,10,10,9,9,0.097,solved,
Simonis,problem_10_10.dat,HS problem 266 size 10 10 density  0.45,10,10,9,9,0.091,solved,
Simonis,problem_10_10.dat,HS problem 267 size 10 10 density  0.45,10,10,8,8,0.082,solved,
Simonis,problem_10_10.dat,HS problem 268 size 10 10 density  0.45,10,10,9,9,0.072,solved,
Harvey,wbp_30_30.txt,"Warwick 1980: balanced products, 14 products per order",30,30,30,30,45.624,solved,
Simonis,problem_10_10.dat,HS problem 269 size 10 10 density  0.45,10,10,8,8,0.221,solved,
Simonis,problem_10_10.dat,HS problem 270 size 10 10 density  0.45,10,10,8,8,0.208,solved,
Simonis,problem_10_10.dat,HS problem 271 size 10 10 density  0.45,10,10,9,9,0.197,solved,
Simonis,problem_10_10.dat,HS problem 272 size 10 10 density  0.45,10,10,8,8,0.188,solved,
Simonis,problem_10_10.dat,HS problem 273 size 10 10 density  0.45,10,10,7,7,0.179,solved,
Simonis,problem_10_10.dat,HS problem 274 size 10 10 density  0.45,10,10,8,8,0.168,solved,
Simonis,problem_10_10.dat,HS problem 275 size 10 10 density  0.45,10,10,9,9,0.11,solved,
Simonis,problem_10_10.dat,HS problem 276 size 10 10 density  0.45,10,10,8,8,0.103,solved,
Simonis,problem_10_10.dat,HS problem 277 size 10 10 density  0.45,10,10,8,8,0.096,solved,
Simonis,problem_10_10.dat,HS problem 278 size 10 10 density  0.45,10,10,8,8,0.087,solved,
Simonis,problem_10_10.dat,HS problem 279 size 10 10 density  0.45,10,10,10,10,0.076,solved,
Simonis,problem_10_10.dat,HS problem 280 size 10 10 density  0.45,10,10,9,9,0.226,solved,
Simonis,problem_10_10.dat,HS problem 281 size 10 10 density  0.45,10,10,8,8,0.216,solved,
Simonis,problem_10_10.dat,HS problem 282 size 10 10 density  0.45,10,10,9,9,0.206,solved,
Simonis,problem_10_10.dat,HS problem 283 size 10 10 density  0.45,10,10,9,9,0.194,solved,
Simonis,problem_10_10.dat,HS problem 284 size 10 10 density  0.45,10,10,8,8,0.182,solved,
Simonis,problem_10_10.dat,HS problem 285 size 10 10 density  0.45,10,10,10,10,0.173,solved,
Simonis,problem_10_10.dat,HS problem 286 size 10 10 density  0.45,10,10,8,8,0.112,solved,
Simonis,problem_10_10.dat,HS problem 287 size 10 10 density  0.45,10,10,9,9,0.105,solved,
Simonis,problem_10_10.dat,HS problem 288 size 10 10 density  0.45,10,10,8,8,0.098,solved,
Simonis,problem_10_10.dat,HS problem 289 size 10 10 density  0.45,10,10,9,9,0.089,solved,
Simonis,problem_10_10.dat,HS problem 290 size 10 10 density  0.45,10,10,8,8,0.081,solved,
Simonis,problem_10_10.dat,HS problem 291 size 10 10 density  0.45,10,10,8,8,0.07,solved,
Simonis,problem_10_10.dat,HS problem 292 size 10 10 density  0.45,10,10,7,7,0.221,solved,
Simonis,problem_10_10.dat,HS problem 293 size 10 10 density  0.45,10,10,9,9,0.21,solved,
Simonis,problem_10_10.dat,HS problem 294 size 10 10 density  0.45,10,10,10,10,0.202,solved,
Simonis,problem_10_10.dat,HS problem 295 size 10 10 density  0.45,10,10,8,8,0.193,solved,
Simonis,problem_10_10.dat,HS problem 296 size 10 10 density  0.45,10,10,9,9,0.181,solved,
Simonis,problem_10_10.dat,HS problem 297 size 10 10 density  0.45,10,10,8,8,0.17,solved,
Simonis,problem_10_10.dat,HS problem 298 size 10 10 density  0.45,10,10,9,9,0.109,solved,
Simonis,problem_10_10.dat,HS problem 299 size 10 10 density  0.45,10,10,9,9,0.101,solved,
Simonis,problem_10_10.dat,HS problem 300 size 10 10 density  0.45,10,10,7,7,0.094,solved,
Simonis,problem_10_10.dat,HS problem 301 size 10 10 density  0.50,10,10,9,9,0.085,solved,
Simonis,problem_10_10.dat,HS problem 302 size 10 10 density  0.50,10,10,8,8,0.077,solved,
Simonis,problem_10_10.dat,HS problem 303 size 10 10 density  0.50,10,10,9,9,0.068,solved,
Simonis,problem_10_10.dat,HS problem 304 size 10 10 density  0.50,10,10,8,8,0.059,solved,
Simonis,problem_10_10.dat,HS problem 305 size 10 10 density  0.50,10,10,9,9,0.218,solved,
Simonis,problem_10_10.dat,HS problem 306 size 10 10 density  0.50,10,10,9,9,0.208,solved,
Simonis,problem_10_10.dat,HS problem 307 size 10 10 density  0.50,10,10,8,8,0.199,solved,
Simonis,problem_10_10.dat,HS problem 308 size 10 10 density  0.50,10,10,9,9,0.19,solved,
Simonis,problem_10_10.dat,HS problem 309 size 10 10 density  0.50,10,10,10,10,0.179,solved,
Simonis,problem_10_10.dat,HS problem 310 size 10 10 density  0.50,10,10,9,9,0.12,solved,
Simonis,problem_10_10.dat,HS problem 311 size 10 10 density  0.50,10,10,9,9,0.113,solved,
Simonis,problem_10_10.dat,HS problem 312 size 10 10 density  0.50,10,10,9,9,0.106,solved,
Simonis,problem_10_10.dat,HS problem 313 size 10 10 density  0.50,10,10,8,8,0.098,solved,
Simonis,problem_10_10.dat,HS problem 315 size 10 10 density  0.50,10,10,8,8,0.078,solved,
Simonis,problem_10_10.dat,HS problem 317 size 10 10 density  0.50,10,10,9,9,0.06,solved,
Simonis,problem_10_10.dat,HS problem 314 size 10 10 density  0.50,10,10,9,9,0.237,solved,
Simonis,problem_10_10.dat,HS problem 316 size 10 10 density  0.50,10,10,10,10,0.218,solved,
Simonis,problem_10_10.dat,HS problem 318 size 10 10 density  0.50,10,10,10,10,0.202,solved,
Simonis,problem_10_10.dat,HS problem 319 size 10 10 density  0.50,10,10,8,8,0.193,solved,
Simonis,problem_10_10.dat,HS problem 320 size 10 10 density  0.50,10,10,10,10,0.182,solved,
Simonis,problem_10_10.dat,HS problem 321 size 10 10 density  0.50,10,10,10,10,0.17,solved,
Simonis,problem_10_10.dat,HS problem 322 size 10 10 density  0.50,10,10,9,9,0.16,solved,
Simonis,problem_10_10.dat,HS problem 323 size 10 10 density  0.50,10,10,9,9,0.098,solved,
Simonis,problem_10_10.dat,HS problem 324 size 10 10 density  0.50,10,10,8,8,0.09,solved,
Simonis,problem_10_10.dat,HS problem 325 size 10 10 density  0.50,10,10,9,9,0.083,solved,
Simonis,problem_10_10.dat,HS problem 326 size 10 10 density  0.50,10,10,10,10,0.075,solved,
Simonis,problem_10_10.dat,HS problem 327 size 10 10 density  0.50,10,10,9,9,0.067,solved,
Simonis,problem_10_10.dat,HS problem 328 size 10 10 density  0.50,10,10,9,9,0.229,solved,
Simonis,problem_10_10.dat,HS problem 329 size 10 10 density  0.50,10,10,8,8,0.218,solved,
Simonis,problem_10_10.dat,HS problem 330 size 10 10 density  0.50,10,10,10,10,0.21,solved,
Simonis,problem_10_10.dat,HS problem 331 size 10 10 density  0.50,10,10,8,8,0.202,solved,
Simonis,problem_10_10.dat,HS problem 332 size 10 10 density  0.50,10,10,9,9,0.191,solved,
Simonis,problem_10_10.dat,HS problem 333 size 10 10 density  0.50,10,10,9,9,0.182,solved,
Simonis,problem_10_10.dat,HS problem 334 size 10 10 density  0.50,10,10,8,8,0.12,solved,
Simonis,problem_10_10.dat,HS problem 335 size 10 10 density  0.50,10,10,10,10,0.112,solved,
Simonis,problem_10_10.dat,HS problem 336 size 10 10 density  0.50,10,10,9,9,0.102,solved,
Simonis,problem_10_10.dat,HS problem 337 size 10 10 density  0.50,10,10,9,9,0.092,solved,
Simonis,problem_10_10.dat,HS problem 338 size 10 10 density  0.50,10,10,10,10,0.083,solved,
Simonis,problem_10_10.dat,HS problem 339 size 10 10 density  0.50,10,10,9,9,0.072,solved,
Simonis,problem_10_10.dat,HS problem 340 size 10 10 density  0.50,10,10,9,9,0.227,solved,
Simonis,problem_10_10.dat,HS problem 341 size 10 10 density  0.50,10,10,9,9,0.218,solved,
Simonis,problem_10_10.dat,HS problem 342 size 10 10 density  0.50,10,10,9,9,0.207,solved,
Simonis,problem_10_10.dat,HS problem 343 size 10 10 density  0.50,10,10,9,9,0.197,solved,
Simonis,problem_10_10.dat,HS problem 344 size 10 10 density  0.50,10,10,9,9,0.187,solved,
Simonis,problem_10_10.dat,HS problem 345 size 10 10 density  0.50,10,10,9,9,0.176,solved,
Simonis,problem_10_10.dat,HS problem 346 size 10 10 density  0.50,10,10,8,8,0.113,solved,
Simonis,problem_10_10.dat,HS problem 347 size 10 10 density  0.50,10,10,6,6,0.105,solved,
Simonis,problem_10_10.dat,HS problem 348 size 10 10 density  0.50,10,10,10,10,0.098,solved,
Simonis,problem_10_10.dat,HS problem 349 size 10 10 density  0.50,10,10,8,8,0.09,solved,
Simonis,problem_10_10.dat,HS problem 351 size 10 10 density  0.55,10,10,9,9,0.07,solved,
Simonis,problem_10_10.dat,HS problem 352 size 10 10 density  0.55,10,10,10,10,0.062,solved,
Simonis,problem_10_10.dat,HS problem 350 size 10 10 density  0.50,10,10,10,10,0.241,solved,
Simonis,problem_10_10.dat,HS problem 353 size 10 10 density  0.55,10,10,10,10,0.214,solved,
Simonis,problem_10_10.dat,HS problem 354 size 10 10 density  0.55,10,10,10,10,0.204,solved,
Simonis,problem_10_10.dat,HS problem 355 size 10 10 density  0.55,10,10,10,10,0.194,solved,
Simonis,problem_10_10.dat,HS problem 356 size 10 10 density  0.55,10,10,10,10,0.182,solved,
Simonis,problem_10_10.dat,HS problem 357 size 10 10 density  0.55,10,10,9,9,0.171,solved,
Simonis,problem_10_10.dat,HS problem 358 size 10 10 density  0.55,10,10,10,10,0.11,solved,
Simonis,problem_10_10.dat,HS problem 359 size 10 10 density  0.55,10,10,9,9,0.103,solved,
Simonis,problem_10_10.dat,HS problem 360 size 10 10 density  0.55,10,10,9,9,0.095,solved,
Simonis,problem_10_10.dat,HS problem 361 size 10 10 density  0.55,10,10,9,9,0.087,solved,
Simonis,problem_10_10.dat,HS problem 362 size 10 10 density  0.55,10,10,9,9,0.078,solved,
Simonis,problem_10_10.dat,HS problem 363 size 10 10 density  0.55,10,10,10,10,0.067,solved,
Simonis,problem_10_10.dat,HS problem 364 size 10 10 density  0.55,10,10,9,9,0.215,solved,
Simonis,problem_10_10.dat,HS problem 365 size 10 10 density  0.55,10,10,9,9,0.205,solved,
Simonis,problem_10_10.dat,HS problem 366 size 10 10 density  0.55,10,10,9,9,0.195,solved,
Simonis,problem_10_10.dat,HS problem 367 size 10 10 density  0.55,10,10,10,10,0.185,solved,
Simonis,problem_10_10.dat,HS problem 368 size 10 10 density  0.55,10,10,10,10,0.172,solved,
Simonis,problem_10_10.dat,HS problem 369 size 10 10 density  0.55,10,10,10,10,0.163,solved,
Simonis,problem_10_10.dat,HS problem 370 size 10 10 density  0.55,10,10,10,10,0.106,solved,
Simonis,problem_10_10.dat,HS problem 371 size 10 10 density  0.55,10,10,10,10,0.102,solved,
Simonis,problem_10_10.dat,HS problem 372 size 10 10 density  0.55,10,10,9,9,0.096,solved,
Simonis,problem_10_10.dat,HS problem 373 size 10 10 density  0.55,10,10,9,9,0.088,solved,
Simonis,problem_10_10.dat,HS problem 374 size 10 10 density  0.55,10,10,9,9,0.079,solved,
Simonis,problem_10_10.dat,HS problem 375 size 10 10 density  0.55,10,10,10,10,0.067,solved,
Simonis,problem_10_10.dat,HS problem 376 size 10 10 density  0.55,10,10,9,9,0.219,solved,
Simonis,problem_10_10.dat,HS problem 377 size 10 10 density  0.55,10,10,10,10,0.21,solved,
Simonis,problem_10_10.dat,HS problem 378 size 10 10 density  0.55,10,10,9,9,0.201,solved,
Simonis,problem_10_10.dat,HS problem 379 size 10 10 density  0.55,10,10,10,10,0.189,solved,
Simonis,problem_10_10.dat,HS problem 380 size 10 10 density  0.55,10,10,10,10,0.181,solved,
Simonis,problem_10_10.dat,HS problem 381 size 10 10 density  0.55,10,10,9,9,0.172,solved,
Simonis,problem_10_10.dat,HS problem 382 size 10 10 density  0.55,10,10,10,10,0.11,solved,
Simonis,problem_10_10.dat,HS problem 383 size 10 10 density  0.55,10,10,10,10,0.104,solved,
Simonis,problem_10_10.dat,HS problem 384 size 10 10 density  0.55,10,10,10,10,0.098,solved,
Simonis,problem_10_10.dat,HS problem 385 size 10 10 density  0.55,10,10,10,10,0.09,solved,
Simonis,problem_10_10.dat,HS problem 387 size 10 10 density  0.55,10,10,10,10,0.07,solved,
Simonis,problem_10_10.dat,HS problem 388 size 10 10 density  0.55,10,10,9,9,0.061,solved,
Simonis,problem_10_10.dat,HS problem 386 size 10 10 density  0.55,10,10,10,10,0.244,solved,
Simonis,problem_10_10.dat,HS problem 389 size 10 10 density  0.55,10,10,10,10,0.216,solved,
Simonis,problem_10_10.dat,HS problem 390 size 10 10 density  0.55,10,10,10,10,0.206,solved,
Simonis,problem_10_10.dat,HS problem 391 size 10 10 density  0.55,10,10,10,10,0.197,solved,
Simonis,problem_10_10.dat,HS problem 392 size 10 10 density  0.55,10,10,9,9,0.184,solved,
Simonis,problem_10_10.dat,HS problem 393 size 10 10 density  0.55,10,10,10,10,0.175,solved,
Simonis,problem_10_10.dat,HS problem 394 size 10 10 density  0.55,10,10,10,10,0.114,solved,
Simonis,problem_10_10.dat,HS problem 395 size 10 10 density  0.55,10,10,8,8,0.107,solved,
Simonis,problem_10_10.dat,HS problem 396 size 10 10 density  0.55,10,10,9,9,0.101,solved,
Simonis,problem_10_10.dat,HS problem 397 size 10 10 density  0.55,10,10,8,8,0.092,solved,
Simonis,problem_10_10.dat,HS problem 398 size 10 10 density  0.55,10,10,9,9,0.083,solved,
Simonis,problem_10_10.dat,HS problem 399 size 10 10 density  0.55,10,10,10,10,0.072,solved,
Simonis,problem_10_10.dat,HS problem 400 size 10 10 density  0.55,10,10,10,10,0.063,solved,
Simonis,problem_10_10.dat,HS problem 401 size 10 10 density  0.60,10,10,10,10,0.231,solved,
Simonis,problem_10_10.dat,HS problem 402 size 10 10 density  0.60,10,10,9,9,0.22,solved,
Simonis,problem_10_10.dat,HS problem 403 size 10 10 density  0.60,10,10,9,9,0.209,solved,
Simonis,problem_10_10.dat,HS problem 404 size 10 10 density  0.60,10,10,10,10,0.197,solved,
Simonis,problem_10_10.dat,HS problem 405 size 10 10 density  0.60,10,10,10,10,0.187,solved,
Simonis,problem_10_10.dat,HS problem 406 size 10 10 density  0.60,10,10,9,9,0.127,solved,
Simonis,problem_10_10.dat,HS problem 407 size 10 10 density  0.60,10,10,10,10,0.12,solved,
Simonis,problem_10_10.dat,HS problem 408 size 10 10 density  0.60,10,10,10,10,0.113,solved,
Simonis,problem_10_10.dat,HS problem 409 size 10 10 density  0.60,10,10,9,9,0.105,solved,
Simonis,problem_10_10.dat,HS problem 410 size 10 10 density  0.60,10,10,10,10,0.095,solved,
Simonis,problem_10_10.dat,HS problem 411 size 10 10 density  0.60,10,10,10,10,0.083,solved,
Simonis,problem_10_10.dat,HS problem 412 size 10 10 density  0.60,10,10,10,10,0.074,solved,
Simonis,problem_10_10.dat,HS problem 413 size 10 10 density  0.60,10,10,9,9,0.063,solved,
Simonis,problem_10_10.dat,HS problem 414 size 10 10 density  0.60,10,10,9,9,0.231,solved,
Simonis,problem_10_10.dat,HS problem 415 size 10 10 density  0.60,10,10,10,10,0.219,solved,
Simonis,problem_10_10.dat,HS problem 416 size 10 10 density  0.60,10,10,10,10,0.209,solved,
Simonis,problem_10_10.dat,HS problem 417 size 10 10 density  0.60,10,10,9,9,0.199,solved,
Simonis,problem_10_10.dat,HS problem 418 size 10 10 density  0.60,10,10,8,8,0.188,solved,
Simonis,problem_10_10.dat,HS problem 419 size 10 10 density  0.60,10,10,10,10,0.128,solved,
Simonis,problem_10_10.dat,HS problem 420 size 10 10 density  0.60,10,10,10,10,0.121,solved,
Simonis,problem_10_10.dat,HS problem 421 size 10 10 density  0.60,10,10,10,10,0.114,solved,
Simonis,problem_10_10.dat,HS problem 422 size 10 10 density  0.60,10,10,10,10,0.104,solved,
Simonis,problem_10_10.dat,HS problem 423 size 10 10 density  0.60,10,10,10,10,0.095,solved,
Simonis,problem_10_10.dat,HS problem 424 size 10 10 density  0.60,10,10,10,10,0.084,solved,
Simonis,problem_10_10.dat,HS problem 425 size 10 10 density  0.60,10,10,10,10,0.226,solved,
Simonis,problem_10_10.dat,HS problem 426 size 10 10 density  0.60,10,10,10,10,0.218,solved,
Simonis,problem_10_10.dat,HS problem 427 size 10 10 density  0.60,10,10,10,10,0.207,solved,
Simonis,problem_10_10.dat,HS problem 428 size 10 10 density  0.60,10,10,10,10,0.197,solved,
Simonis,problem_10_10.dat,HS problem 429 size 10 10 density  0.60,10,10,10,10,0.184,solved,
Simonis,problem_10_10.dat,HS problem 430 size 10 10 density  0.60,10,10,10,10,0.177,solved,
Simonis,problem_10_10.dat,HS problem 431 size 10 10 density  0.60,10,10,10,10,0.166,solved,
Simonis,problem_10_10.dat,HS problem 432 size 10 10 density  0.60,10,10,10,10,0.104,solved,
Simonis,problem_10_10.dat,HS problem 433 size 10 10 density  0.60,10,10,10,10,0.097,solved,
Simonis,problem_10_10.dat,HS problem 434 size 10 10 density  0.60,10,10,10,10,0.09,solved,
Simonis,problem_10_10.dat,HS problem 435 size 10 10 density  0.60,10,10,10,10,0.082,solved,
Simonis,problem_10_10.dat,HS problem 436 size 10 10 density  0.60,10,10,9,9,0.217,solved,
Simonis,problem_10_10.dat,HS problem 437 size 10 10 density  0.60,10,10,9,9,0.205,solved,
Simonis,problem_10_10.dat,HS problem 438 size 10 10 density  0.60,10,10,10,10,0.196,solved,
Simonis,problem_10_10.dat,HS problem 439 size 10 10 density  0.60,10,10,10,10,0.187,solved,
Simonis,problem_10_10.dat,HS problem 440 size 10 10 density  0.60,10,10,10,10,0.178,solved,
Simonis,problem_10_10.dat,HS problem 441 size 10 10 density  0.60,10,10,10,10,0.169,solved,
Simonis,problem_10_10.dat,HS problem 442 size 10 10 density  0.60,10,10,10,10,0.157,solved,
Simonis,problem_10_10.dat,HS problem 443 size 10 10 density  0.60,10,10,9,9,0.095,solved,
Simonis,problem_10_10.dat,HS problem 444 size 10 10 density  0.60,10,10,10,10,0.089,solved,
Simonis,problem_10_10.dat,HS problem 445 size 10 10 density  0.60,10,10,10,10,0.082,solved,
Simonis,problem_10_10.dat,HS problem 447 size 10 10 density  0.60,10,10,9,9,0.066,solved,
Simonis,problem_10_10.dat,HS problem 448 size 10 10 density  0.60,10,10,9,9,0.055,solved,
Simonis,problem_10_10.dat,HS problem 446 size 10 10 density  0.60,10,10,10,10,0.237,solved,
Simonis,problem_10_10.dat,HS problem 449 size 10 10 density  0.60,10,10,9,9,0.209,solved,
Simonis,problem_10_10.dat,HS problem 450 size 10 10 density  0.60,10,10,10,10,0.2,solved,
Simonis,problem_10_10.dat,HS problem 451 size 10 10 density  0.65,10,10,10,10,0.192,solved,
Simonis,problem_10_10.dat,HS problem 452 size 10 10 density  0.65,10,10,10,10,0.18,solved,
Simonis,problem_10_10.dat,HS problem 453 size 10 10 density  0.65,10,10,10,10,0.172,solved,
Simonis,problem_10_10.dat,HS problem 454 size 10 10 density  0.65,10,10,10,10,0.112,solved,
Simonis,problem_10_10.dat,HS problem 455 size 10 10 density  0.65,10,10,9,9,0.106,solved,
Simonis,problem_10_10.dat,HS problem 456 size 10 10 density  0.65,10,10,10,10,0.1,solved,
Simonis,problem_10_10.dat,HS problem 457 size 10 10 density  0.65,10,10,10,10,0.092,solved,
Simonis,problem_10_10.dat,HS problem 458 size 10 10 density  0.65,10,10,10,10,0.083,solved,
Simonis,problem_10_10.dat,HS problem 459 size 10 10 density  0.65,10,10,10,10,0.071,solved,
Simonis,problem_10_10.dat,HS problem 460 size 10 10 density  0.65,10,10,10,10,0.062,solved,
Simonis,problem_10_10.dat,HS problem 461 size 10 10 density  0.65,10,10,10,10,0.224,solved,
Simonis,problem_10_10.dat,HS problem 462 size 10 10 density  0.65,10,10,10,10,0.212,solved,
Simonis,problem_10_10.dat,HS problem 463 size 10 10 density  0.65,10,10,10,10,0.201,solved,
Simonis,problem_10_10.dat,HS problem 464 size 10 10 density  0.65,10,10,10,10,0.191,solved,
Simonis,problem_10_10.dat,HS problem 465 size 10 10 density  0.65,10,10,10,10,0.182,solved,
Simonis,problem_10_10.dat,HS problem 466 size 10 10 density  0.65,10,10,10,10,0.121,solved,
Simonis,problem_10_10.dat,HS problem 467 size 10 10 density  0.65,10,10,10,10,0.114,solved,
Simonis,problem_10_10.dat,HS problem 468 size 10 10 density  0.65,10,10,9,9,0.107,solved,
Simonis,problem_10_10.dat,HS problem 469 size 10 10 density  0.65,10,10,9,9,0.098,solved,
Simonis,problem_10_10.dat,HS problem 470 size 10 10 density  0.65,10,10,10,10,0.089,solved,
Simonis,problem_10_10.dat,HS problem 471 size 10 10 density  0.65,10,10,10,10,0.078,solved,
Simonis,problem_10_10.dat,HS problem 472 size 10 10 density  0.65,10,10,10,10,0.069,solved,
Simonis,problem_10_10.dat,HS problem 473 size 10 10 density  0.65,10,10,10,10,0.219,solved,
Simonis,problem_10_10.dat,HS problem 474 size 10 10 density  0.65,10,10,10,10,0.209,solved,
Simonis,problem_10_10.dat,HS problem 475 size 10 10 density  0.65,10,10,10,10,0.198,solved,
Simonis,problem_10_10.dat,HS problem 476 size 10 10 density  0.65,10,10,10,10,0.185,solved,
Simonis,problem_10_10.dat,HS problem 477 size 10 10 density  0.65,10,10,10,10,0.176,solved,
Simonis,problem_10_10.dat,HS problem 478 size 10 10 density  0.65,10,10,10,10,0.17,solved,
Simonis,problem_10_10.dat,HS problem 479 size 10 10 density  0.65,10,10,10,10,0.11,solved,
Simonis,problem_10_10.dat,HS problem 480 size 10 10 density  0.65,10,10,10,10,0.104,solved,
Simonis,problem_10_10.dat,HS problem 481 size 10 10 density  0.65,10,10,9,9,0.097,solved,
Simonis,problem_10_10.dat,HS problem 482 size 10 10 density  0.65,10,10,10,10,0.088,solved,
Simonis,problem_10_10.dat,HS problem 483 size 10 10 density  0.65,10,10,10,10,0.079,solved,
Simonis,problem_10_10.dat,HS problem 484 size 10 10 density  0.65,10,10,10,10,0.068,solved,
Simonis,problem_10_10.dat,HS problem 485 size 10 10 density  0.65,10,10,10,10,0.059,solved,
Simonis,problem_10_10.dat,HS problem 486 size 10 10 density  0.65,10,10,10,10,0.219,solved,
Simonis,problem_10_10.dat,HS problem 487 size 10 10 density  0.65,10,10,10,10,0.21,solved,
Simonis,problem_10_10.dat,HS problem 488 size 10 10 density  0.65,10,10,10,10,0.202,solved,
Simonis,problem_10_10.dat,HS problem 489 size 10 10 density  0.65,10,10,10,10,0.191,solved,
Simonis,problem_10_10.dat,HS problem 490 size 10 10 density  0.65,10,10,10,10,0.18,solved,
Simonis,problem_10_10.dat,HS problem 491 size 10 10 density  0.65,10,10,9,9,0.119,solved,
Simonis,problem_10_10.dat,HS problem 492 size 10 10 density  0.65,10,10,10,10,0.112,solved,
Simonis,problem_10_10.dat,HS problem 493 size 10 10 density  0.65,10,10,9,9,0.105,solved,
Simonis,problem_10_10.dat,HS problem 494 size 10 10 density  0.65,10,10,10,10,0.097,solved,
Simonis,problem_10_10.dat,HS problem 495 size 10 10 density  0.65,10,10,10,10,0.088,solved,
Simonis,problem_10_10.dat,HS problem 496 size 10 10 density  0.65,10,10,10,10,0.079,solved,
Simonis,problem_10_10.dat,HS problem 497 size 10 10 density  0.65,10,10,10,10,0.068,solved,
Simonis,problem_10_10.dat,HS problem 498 size 10 10 density  0.65,10,10,10,10,0.059,solved,
Simonis,problem_10_10.dat,HS problem 499 size 10 10 density  0.65,10,10,9,9,0.224,solved,
Simonis,problem_10_10.dat,HS problem 500 size 10 10 density  0.65,10,10,10,10,0.215,solved,
Simonis,problem_10_10.dat,HS problem 501 size 10 10 density  0.70,10,10,10,10,0.206,solved,
Simonis,problem_10_10.dat,HS problem 502 size 10 10 density  0.70,10,10,10,10,0.195,solved,
Simonis,problem_10_10.dat,HS problem 503 size 10 10 density  0.70,10,10,10,10,0.185,solved,
Simonis,problem_10_10.dat,HS problem 504 size 10 10 density  0.70,10,10,10,10,0.125,solved,
Simonis,problem_10_10.dat,HS problem 505 size 10 10 density  0.70,10,10,10,10,0.118,solved,
Simonis,problem_10_10.dat,HS problem 506 size 10 10 density  0.70,10,10,10,10,0.11,solved,
Simonis,problem_10_10.dat,HS problem 507 size 10 10 density  0.70,10,10,10,10,0.102,solved,
Simonis,problem_10_10.dat,HS problem 508 size 10 10 density  0.70,10,10,10,10,0.093,solved,
Simonis,problem_10_10.dat,HS problem 509 size 10 10 density  0.70,10,10,10,10,0.081,solved,
Simonis,problem_10_10.dat,HS problem 510 size 10 10 density  0.70,10,10,10,10,0.073,solved,
Simonis,problem_10_10.dat,HS problem 511 size 10 10 density  0.70,10,10,10,10,0.228,solved,
Simonis,problem_10_10.dat,HS problem 512 size 10 10 density  0.70,10,10,10,10,0.219,solved,
Simonis,problem_10_10.dat,HS problem 513 size 10 10 density  0.70,10,10,10,10,0.209,solved,
Simonis,problem_10_10.dat,HS problem 514 size 10 10 density  0.70,10,10,10,10,0.198,solved,
Simonis,problem_10_10.dat,HS problem 515 size 10 10 density  0.70,10,10,10,10,0.187,solved,
Simonis,problem_10_10.dat,HS problem 516 size 10 10 density  0.70,10,10,10,10,0.176,solved,
Simonis,problem_10_10.dat,HS problem 517 size 10 10 density  0.70,10,10,10,10,0.114,solved,
Simonis,problem_10_10.dat,HS problem 518 size 10 10 density  0.70,10,10,10,10,0.107,solved,
Simonis,problem_10_10.dat,HS problem 519 size 10 10 density  0.70,10,10,10,10,0.1,solved,
Simonis,problem_10_10.dat,HS problem 520 size 10 10 density  0.70,10,10,10,10,0.091,solved,
Simonis,problem_10_10.dat,HS problem 521 size 10 10 density  0.70,10,10,10,10,0.082,solved,
Simonis,problem_10_10.dat,HS problem 522 size 10 10 density  0.70,10,10,10,10,0.07,solved,
Simonis,problem_10_10.dat,HS problem 523 size 10 10 density  0.70,10,10,10,10,0.062,solved,
Simonis,problem_10_10.dat,HS problem 524 size 10 10 density  0.70,10,10,10,10,0.231,solved,
Simonis,problem_10_10.dat,HS problem 525 size 10 10 density  0.70,10,10,10,10,0.22,solved,
Simonis,problem_10_10.dat,HS problem 526 size 10 10 density  0.70,10,10,10,10,0.208,solved,
Simonis,problem_10_10.dat,HS problem 527 size 10 10 density  0.70,10,10,10,10,0.197,solved,
Simonis,problem_10_10.dat,HS problem 528 size 10 10 density  0.70,10,10,10,10,0.188,solved,
Simonis,problem_10_10.dat,HS problem 529 size 10 10 density  0.70,10,10,10,10,0.129,solved,
Simonis,problem_10_10.dat,HS problem 530 size 10 10 density  0.70,10,10,9,9,0.121,solved,
Simonis,problem_10_10.dat,HS problem 531 size 10 10 density  0.70,10,10,10,10,0.114,solved,
Simonis,problem_10_10.dat,HS problem 532 size 10 10 density  0.70,10,10,10,10,0.105,solved,
Simonis,problem_10_10.dat,HS problem 533 size 10 10 density  0.70,10,10,10,10,0.094,solved,
Simonis,problem_10_10.dat,HS problem 534 size 10 10 density  0.70,10,10,10,10,0.083,solved,
Simonis,problem_10_10.dat,HS problem 535 size 10 10 density  0.70,10,10,10,10,0.072,solved,
Simonis,problem_10_10.dat,HS problem 536 size 10 10 density  0.70,10,10,10,10,0.061,solved,
Simonis,problem_10_10.dat,HS problem 537 size 10 10 density  0.70,10,10,10,10,0.231,solved,
Simonis,problem_10_10.dat,HS problem 538 size 10 10 density  0.70,10,10,10,10,0.22,solved,
Simonis,problem_10_10.dat,HS problem 539 size 10 10 density  0.70,10,10,10,10,0.21,solved,
Simonis,problem_10_10.dat,HS problem 540 size 10 10 density  0.70,10,10,10,10,0.199,solved,
Simonis,problem_10_10.dat,HS problem 541 size 10 10 density  0.70,10,10,9,9,0.189,solved,
Simonis,problem_10_10.dat,HS problem 542 size 10 10 density  0.70,10,10,10,10,0.13,solved,
Simonis,problem_10_10.dat,HS problem 543 size 10 10 density  0.70,10,10,10,10,0.122,solved,
Simonis,problem_10_10.dat,HS problem 544 size 10 10 density  0.70,10,10,9,9,0.115,solved,
Simonis,problem_10_10.dat,HS problem 545 size 10 10 density  0.70,10,10,10,10,0.106,solved,
Simonis,problem_10_10.dat,HS problem 546 size 10 10 density  0.70,10,10,10,10,0.096,solved,
Simonis,problem_10_10.dat,HS problem 547 size 10 10 density  0.70,10,10,10,10,0.085,solved,
Simonis,problem_10_10.dat,HS problem 548 size 10 10 density  0.70,10,10,10,10,0.076,solved,
Simonis,problem_10_10.dat,HS problem 549 size 10 10 density  0.70,10,10,10,10,0.065,solved,
Simonis,problem_10_10.dat,HS problem 550 size 10 10 density  0.70,10,10,10,10,0.256,solved,
Simonis,problem_10_20.dat,HS problem 2644 size 10 20 density  0.20,10,20,7,7,0.924,solved,
Simonis,problem_10_20.dat,HS problem 2646 size 10 20 density  0.20,10,20,7,7,0.854,solved,
Simonis,problem_10_20.dat,HS problem 2647 size 10 20 density  0.20,10,20,7,7,0.917,solved,
Simonis,problem_10_20.dat,HS problem 2648 size 10 20 density  0.20,10,20,5,5,0.967,solved,
Simonis,problem_10_20.dat,HS problem 2656 size 10 20 density  0.20,10,20,6,6,0.874,solved,
Simonis,problem_10_20.dat,HS problem 2651 size 10 20 density  0.20,10,20,5,5,0.999,solved,
Simonis,problem_10_20.dat,HS problem 2649 size 10 20 density  0.20,10,20,5,5,1.087,solved,
Simonis,problem_10_20.dat,HS problem 2658 size 10 20 density  0.20,10,20,5,5,0.933,solved,
Simonis,problem_10_20.dat,HS problem 2654 size 10 20 density  0.20,10,20,7,7,1.101,solved,
Simonis,problem_10_20.dat,HS problem 2655 size 10 20 density  0.20,10,20,7,7,1.09,solved,
Simonis,problem_10_20.dat,HS problem 2650 size 10 20 density  0.20,10,20,6,6,1.215,solved,
Simonis,problem_10_20.dat,HS problem 2652 size 10 20 density  0.20,10,20,7,7,1.193,solved,
Simonis,problem_10_20.dat,HS problem 2642 size 10 20 density  0.20,10,20,6,6,1.433,solved,
Simonis,problem_10_20.dat,HS problem 2643 size 10 20 density  0.20,10,20,5,5,1.423,solved,
Simonis,problem_10_20.dat,HS problem 2645 size 10 20 density  0.20,10,20,6,6,1.422,solved,
Simonis,problem_10_20.dat,HS problem 2653 size 10 20 density  0.20,10,20,4,4,1.327,solved,
Simonis,problem_10_20.dat,HS problem 2657 size 10 20 density  0.20,10,20,4,4,1.505,solved,
Simonis,problem_10_20.dat,HS problem 2660 size 10 20 density  0.20,10,20,6,6,0.981,solved,
Simonis,problem_10_20.dat,HS problem 2665 size 10 20 density  0.20,10,20,5,5,0.783,solved,
Simonis,problem_10_20.dat,HS problem 2664 size 10 20 density  0.20,10,20,6,6,0.908,solved,
Simonis,problem_10_20.dat,HS problem 2659 size 10 20 density  0.20,10,20,7,7,1.179,solved,
Simonis,problem_10_20.dat,HS problem 2666 size 10 20 density  0.20,10,20,8,8,0.897,solved,
Simonis,problem_10_20.dat,HS problem 2662 size 10 20 density  0.20,10,20,6,6,1.115,solved,
Simonis,problem_10_20.dat,HS problem 2667 size 10 20 density  0.20,10,20,5,5,0.91,solved,
Simonis,problem_10_20.dat,HS problem 2669 size 10 20 density  0.20,10,20,6,6,0.84,solved,
Simonis,problem_10_20.dat,HS problem 2661 size 10 20 density  0.20,10,20,4,4,1.263,solved,
Simonis,problem_10_20.dat,HS problem 2670 size 10 20 density  0.20,10,20,5,5,1.075,solved,
Simonis,problem_10_20.dat,HS problem 2663 size 10 20 density  0.20,10,20,5,5,1.413,solved,
Simonis,problem_10_20.dat,HS problem 2673 size 10 20 density  0.20,10,20,7,7,1.005,solved,
Simonis,problem_10_20.dat,HS problem 2674 size 10 20 density  0.20,10,20,5,5,0.994,solved,
Simonis,problem_10_20.dat,HS problem 2671 size 10 20 density  0.20,10,20,5,5,1.21,solved,
Simonis,problem_10_20.dat,HS problem 2668 size 10 20 density  0.20,10,20,6,6,1.51,solved,
Simonis,problem_10_20.dat,HS problem 2676 size 10 20 density  0.20,10,20,7,7,0.883,solved,
Simonis,problem_10_20.dat,HS problem 2677 size 10 20 density  0.20,10,20,6,6,0.822,solved,
Simonis,problem_10_20.dat,HS problem 2641 size 10 20 density  0.20,10,20,7,7,3.011,solved,
Simonis,problem_10_20.dat,HS problem 2682 size 10 20 density  0.20,10,20,6,6,0.95,solved,
Simonis,problem_10_20.dat,HS problem 2683 size 10 20 density  0.20,10,20,5,5,0.938,solved,
Simonis,problem_10_20.dat,HS problem 2672 size 10 20 density  0.20,10,20,7,7,1.836,solved,
Simonis,problem_10_20.dat,HS problem 2675 size 10 20 density  0.20,10,20,6,6,1.555,solved,
Simonis,problem_10_20.dat,HS problem 2679 size 10 20 density  0.20,10,20,5,5,1.177,solved,
Simonis,problem_10_20.dat,HS problem 2684 size 10 20 density  0.20,10,20,4,4,1.079,solved,
Simonis,problem_10_20.dat,HS problem 2680 size 10 20 density  0.20,10,20,6,6,1.29,solved,
Simonis,problem_10_20.dat,HS problem 2688 size 10 20 density  0.20,10,20,6,6,0.955,solved,
Simonis,problem_10_20.dat,HS problem 2686 size 10 20 density  0.20,10,20,5,5,1.041,solved,
Simonis,problem_10_20.dat,HS problem 2687 size 10 20 density  0.20,10,20,6,6,1.031,solved,
Simonis,problem_10_20.dat,HS problem 2689 size 10 20 density  0.20,10,20,6,6,0.907,solved,
Simonis,problem_10_20.dat,HS problem 2685 size 10 20 density  0.20,10,20,7,7,1.24,solved,
Simonis,problem_10_20.dat,HS problem 2690 size 10 20 density  0.20,10,20,6,6,0.876,solved,
Simonis,problem_10_20.dat,HS problem 2692 size 10 20 density  0.25,10,20,7,7,0.977,solved,
Harvey,wbp_30_30.txt,"Warwick 1979: balanced products, 14 products per order",30,30,,,60.014,timeout,
Simonis,problem_10_20.dat,HS problem 2681 size 10 20 density  0.20,10,20,7,7,2.007,solved,
Simonis,problem_10_20.dat,HS problem 2695 size 10 20 density  0.25,10,20,6,6,0.985,solved,
Simonis,problem_10_20.dat,HS problem 2678 size 10 20 density  0.20,10,20,7,7,2.218,solved,
Simonis,problem_10_20.dat,HS problem 2694 size 10 20 density  0.25,10,20,6,6,1.07,solved,
Simonis,problem_10_20.dat,HS problem 2701 size 10 20 density  0.25,10,20,6,6,0.743,solved,
Simonis,problem_10_20.dat,HS problem 2697 size 10 20 density  0.25,10,20,7,7,1.126,solved,
Simonis,problem_10_20.dat,HS problem 2702 size 10 20 density  0.25,10,20,8,8,0.979,solved,
Simonis,problem_10_20.dat,HS problem 2700 size 10 20 density  0.25,10,20,8,8,1.167,solved,
Simonis,problem_10_20.dat,HS problem 2703 size 10 20 density  0.25,10,20,8,8,1.143,solved,
Simonis,problem_10_20.dat,HS problem 2705 size 10 20 density  0.25,10,20,6,6,1.019,solved,
Simonis,problem_10_20.dat,HS problem 2706 size 10 20 density  0.25,10,20,7,7,1.006,solved,
Simonis,problem_10_20.dat,HS problem 2696 size 10 20 density  0.25,10,20,7,7,1.662,solved,
Simonis,problem_10_20.dat,HS problem 2693 size 10 20 density  0.25,10,20,8,8,2.056,solved,
Simonis,problem_10_20.dat,HS problem 2698 size 10 20 density  0.25,10,20,5,5,1.714,solved,
Simonis,problem_10_20.dat,HS problem 2704 size 10 20 density  0.25,10,20,6,6,1.503,solved,
Simonis,problem_10_20.dat,HS problem 2712 size 10 20 density  0.25,10,20,6,6,0.949,solved,
Simonis,problem_10_20.dat,HS problem 2699 size 10 20 density  0.25,10,20,7,7,1.942,solved,
Simonis,problem_10_20.dat,HS problem 2691 size 10 20 density  0.25,10,20,7,7,2.548,solved,
Simonis,problem_10_20.dat,HS problem 2714 size 10 20 density  0.25,10,20,7,7,1.015,solved,
Simonis,problem_10_20.dat,HS problem 2713 size 10 20 density  0.25,10,20,8,8,1.191,solved,
Simonis,problem_10_20.dat,HS problem 2709 size 10 20 density  0.25,10,20,7,7,1.351,solved,
Simonis,problem_10_20.dat,HS problem 2715 size 10 20 density  0.25,10,20,8,8,0.977,solved,
Simonis,problem_10_20.dat,HS problem 2718 size 10 20 density  0.25,10,20,7,7,0.788,solved,
Simonis,problem_10_20.dat,HS problem 2719 size 10 20 density  0.25,10,20,5,5,0.777,solved,
Simonis,problem_10_20.dat,HS problem 2711 size 10 20 density  0.25,10,20,6,6,1.376,solved,
Simonis,problem_10_20.dat,HS problem 2717 size 10 20 density  0.25,10,20,6,6,0.902,solved,
Simonis,problem_10_20.dat,HS problem 2716 size 10 20 density  0.25,10,20,6,6,1.137,solved,
Simonis,problem_10_20.dat,HS problem 2721 size 10 20 density  0.25,10,20,6,6,0.888,solved,
Simonis,problem_10_20.dat,HS problem 2723 size 10 20 density  0.25,10,20,8,8,0.876,solved,
Simonis,problem_10_20.dat,HS problem 2722 size 10 20 density  0.25,10,20,9,9,0.999,solved,
Simonis,problem_10_20.dat,HS problem 2707 size 10 20 density  0.25,10,20,8,8,2.267,solved,
Simonis,problem_10_20.dat,HS problem 2710 size 10 20 density  0.25,10,20,7,7,1.911,solved,
Simonis,problem_10_20.dat,HS problem 2720 size 10 20 density  0.25,10,20,7,7,1.411,solved,
Simonis,problem_10_20.dat,HS problem 2725 size 10 20 density  0.25,10,20,6,6,0.997,solved,
Simonis,problem_10_20.dat,HS problem 2724 size 10 20 density  0.25,10,20,6,6,1.138,solved,
Simonis,problem_10_20.dat,HS problem 2726 size 10 20 density  0.25,10,20,8,8,1.175,solved,
Simonis,problem_10_20.dat,HS problem 2727 size 10 20 density  0.25,10,20,7,7,1.326,solved,
Simonis,problem_10_20.dat,HS problem 2735 size 10 20 density  0.25,10,20,7,7,0.976,solved,
Simonis,problem_10_20.dat,HS problem 2732 size 10 20 density  0.25,10,20,8,8,1.234,solved,
Simonis,problem_10_20.dat,HS problem 2728 size 10 20 density  0.25,10,20,6,6,1.496,solved,
Simonis,problem_10_20.dat,HS problem 2708 size 10 20 density  0.25,10,20,8,8,2.96,solved,
Simonis,problem_10_20.dat,HS problem 2740 size 10 20 density  0.25,10,20,6,6,0.911,solved,
Simonis,problem_10_20.dat,HS problem 2730 size 10 20 density  0.25,10,20,6,6,1.56,solved,
Simonis,problem_10_20.dat,HS problem 2731 size 10 20 density  0.25,10,20,7,7,1.548,solved,
Simonis,problem_10_20.dat,HS problem 2734 size 10 20 density  0.25,10,20,6,6,1.458,solved,
Simonis,problem_10_20.dat,HS problem 2736 size 10 20 density  0.25,10,20,7,7,1.235,solved,
Simonis,problem_10_20.dat,HS problem 2733 size 10 20 density  0.25,10,20,8,8,1.571,solved,
Simonis,problem_10_20.dat,HS problem 2738 size 10 20 density  0.25,10,20,8,8,1.162,solved,
Simonis,problem_10_20.dat,HS problem 2739 size 10 20 density  0.25,10,20,7,7,1.098,solved,
Simonis,problem_10_20.dat,HS problem 2741 size 10 20 density  0.30,10,20,8,8,0.875,solved,
Simonis,problem_10_20.dat,HS problem 2742 size 10 20 density  0.30,10,20,9,9,0.958,solved,
Simonis,problem_10_20.dat,HS problem 2729 size 10 20 density  0.25,10,20,7,7,1.931,solved,
Simonis,problem_10_20.dat,HS problem 2743 size 10 20 density  0.30,10,20,8,8,1.171,solved,
Simonis,problem_10_20.dat,HS problem 2744 size 10 20 density  0.30,10,20,7,7,1.07,solved,
Simonis,problem_10_20.dat,HS problem 2746 size 10 20 density  0.30,10,20,7,7,0.909,solved,
Simonis,problem_10_20.dat,HS problem 2747 size 10 20 density  0.30,10,20,7,7,0.849,solved,
Simonis,problem_10_20.dat,HS problem 2737 size 10 20 density  0.25,10,20,7,7,1.797,solved,
Simonis,problem_10_20.dat,HS problem 2750 size 10 20 density  0.30,10,20,9,9,0.998,solved,
Simonis,problem_10_20.dat,HS problem 2751 size 10 20 density  0.30,10,20,8,8,0.998,solved,
Simonis,problem_10_20.dat,HS problem 2758 size 10 20 density  0.30,10,20,8,8,0.863,solved,
Simonis,problem_10_20.dat,HS problem 2748 size 10 20 density  0.30,10,20,8,8,1.257,solved,
Simonis,problem_10_20.dat,HS problem 2756 size 10 20 density  0.30,10,20,9,9,1.008,solved,
Simonis,problem_10_20.dat,HS problem 2757 size 10 20 density  0.30,10,20,9,9,1.121,solved,
Simonis,problem_10_20.dat,HS problem 2749 size 10 20 density  0.30,10,20,8,8,1.433,solved,
Simonis,problem_10_20.dat,HS problem 2752 size 10 20 density  0.30,10,20,7,7,1.348,solved,
Simonis,problem_10_20.dat,HS problem 2755 size 10 20 density  0.30,10,20,8,8,1.258,solved,
Harvey,wbp_30_30.txt,"Warwick 1982: balanced products, 15 products per order",30,30,30,30,37.416,solved,
Simonis,problem_10_20.dat,HS problem 2759 size 10 20 density  0.30,10,20,7,7,1.363,solved,
Simonis,problem_10_20.dat,HS problem 2761 size 10 20 density  0.30,10,20,7,7,1.248,solved,
Simonis,problem_10_20.dat,HS problem 2754 size 10 20 density  0.30,10,20,8,8,1.8,solved,
Simonis,problem_10_20.dat,HS problem 2764 size 10 20 density  0.30,10,20,8,8,1.225,solved,
Simonis,problem_10_20.dat,HS problem 2765 size 10 20 density  0.30,10,20,7,7,1.24,solved,
Simonis,problem_10_20.dat,HS problem 2766 size 10 20 density  0.30,10,20,8,8,0.929,solved,
Simonis,problem_10_20.dat,HS problem 2745 size 10 20 density  0.30,10,20,8,8,2.358,solved,
Simonis,problem_10_20.dat,HS problem 2753 size 10 20 density  0.30,10,20,9,9,2.027,solved,
Simonis,problem_10_20.dat,HS problem 2760 size 10 20 density  0.30,10,20,7,7,1.689,solved,
Simonis,problem_10_20.dat,HS problem 2768 size 10 20 density  0.30,10,20,8,8,1.166,solved,
Simonis,problem_10_20.dat,HS problem 2773 size 10 20 density  0.30,10,20,7,7,0.868,solved,
Simonis,problem_10_20.dat,HS problem 2762 size 10 20 density  0.30,10,20,8,8,1.863,solved,
Simonis,problem_10_20.dat,HS problem 2774 size 10 20 density  0.30,10,20,8,8,1.081,solved,
Simonis,problem_10_20.dat,HS problem 2769 size 10 20 density  0.30,10,20,7,7,1.408,solved,
Simonis,problem_10_20.dat,HS problem 2776 size 10 20 density  0.30,10,20,8,8,1.03,solved,
Simonis,problem_10_20.dat,HS problem 2771 size 10 20 density  0.30,10,20,7,7,1.509,solved,
Simonis,problem_10_20.dat,HS problem 2781 size 10 20 density  0.30,10,20,8,8,0.888,solved,
Simonis,problem_10_20.dat,HS problem 2778 size 10 20 density  0.30,10,20,7,7,1.039,solved,
Simonis,problem_10_20.dat,HS problem 2775 size 10 20 density  0.30,10,20,8,8,1.44,solved,
Simonis,problem_10_20.dat,HS problem 2783 size 10 20 density  0.30,10,20,8,8,0.951,solved,
Simonis,problem_10_20.dat,HS problem 2763 size 10 20 density  0.30,10,20,9,9,2.515,solved,
Simonis,problem_10_20.dat,HS problem 2779 size 10 20 density  0.30,10,20,6,6,1.326,solved,
Simonis,problem_10_20.dat,HS problem 2782 size 10 20 density  0.30,10,20,8,8,1.188,solved,
Simonis,problem_10_20.dat,HS problem 2780 size 10 20 density  0.30,10,20,8,8,1.338,solved,
Simonis,problem_10_20.dat,HS problem 2772 size 10 20 density  0.30,10,20,8,8,1.955,solved,
Simonis,problem_10_20.dat,HS problem 2787 size 10 20 density  0.30,10,20,7,7,0.913,solved,
Simonis,problem_10_20.dat,HS problem 2767 size 10 20 density  0.30,10,20,8,8,2.491,solved,
Simonis,problem_10_20.dat,HS problem 2790 size 10 20 density  0.30,10,20,9,9,0.96,solved,
Simonis,problem_10_20.dat,HS problem 2777 size 10 20 density  0.30,10,20,8,8,1.945,solved,
Simonis,problem_10_20.dat,HS problem 2785 size 10 20 density  0.30,10,20,8,8,1.554,solved,
Simonis,problem_10_20.dat,HS problem 2792 size 10 20 density  0.35,10,20,10,10,0.916,solved,
Simonis,problem_10_20.dat,HS problem 2788 size 10 20 density  0.30,10,20,9,9,1.339,solved,
Simonis,problem_10_20.dat,HS problem 2789 size 10 20 density  0.30,10,20,7,7,1.277,solved,
Simonis,problem_10_20.dat,HS problem 2794 size 10 20 density  0.35,10,20,9,9,0.867,solved,
Simonis,problem_10_20.dat,HS problem 2786 size 10 20 density  0.30,10,20,8,8,1.759,solved,
Simonis,problem_10_20.dat,HS problem 2791 size 10 20 density  0.35,10,20,8,8,1.306,solved,
Harvey,wbp_30_30.txt,"Warwick 1988: balanced products, 15 products per order",30,30,30,30,28.44,solved,
Simonis,problem_10_20.dat,HS problem 2784 size 10 20 density  0.30,10,20,8,8,2.17,solved,
Simonis,problem_10_20.dat,HS problem 2793 size 10 20 density  0.35,10,20,7,7,1.307,solved,
Simonis,problem_10_20.dat,HS problem 2797 size 10 20 density  0.35,10,20,9,9,1.078,solved,
Simonis,problem_10_20.dat,HS problem 2799 size 10 20 density  0.35,10,20,9,9,1.266,solved,
Simonis,problem_10_20.dat,HS problem 2800 size 10 20 density  0.35,10,20,8,8,1.319,solved,
Simonis,problem_10_20.dat,HS problem 2801 size 10 20 density  0.35,10,20,10,10,1.369,solved,
Simonis,problem_10_20.dat,HS problem 2803 size 10 20 density  0.35,10,20,9,9,1.094,solved,
Simonis,problem_10_20.dat,HS problem 2808 size 10 20 density  0.35,10,20,9,9,0.9,solved,
Simonis,problem_10_20.dat,HS problem 2802 size 10 20 density  0.35,10,20,10,10,1.344,solved,
Simonis,problem_10_20.dat,HS problem 2809 size 10 20 density  0.35,10,20,9,9,0.949,solved,
Simonis,problem_10_20.dat,HS problem 2806 size 10 20 density  0.35,10,20,10,10,1.115,solved,
Simonis,problem_10_20.dat,HS problem 2811 size 10 20 density  0.35,10,20,8,8,0.798,solved,
Simonis,problem_10_20.dat,HS problem 2813 size 10 20 density  0.35,10,20,7,7,0.798,solved,
Simonis,problem_10_20.dat,HS problem 2805 size 10 20 density  0.35,10,20,9,9,1.365,solved,
Simonis,problem_10_20.dat,HS problem 2804 size 10 20 density  0.35,10,20,10,10,1.592,solved,
Simonis,problem_10_20.dat,HS problem 2795 size 10 20 density  0.35,10,20,8,8,2.321,solved,
Simonis,problem_10_20.dat,HS problem 2798 size 10 20 density  0.35,10,20,9,9,2.197,solved,
Simonis,problem_10_20.dat,HS problem 2812 size 10 20 density  0.35,10,20,8,8,1.212,solved,
Simonis,problem_10_20.dat,HS problem 2814 size 10 20 density  0.35,10,20,9,9,1.215,solved,
Simonis,problem_10_20.dat,HS problem 2816 size 10 20 density  0.35,10,20,9,9,0.891,solved,
Simonis,problem_10_20.dat,HS problem 2815 size 10 20 density  0.35,10,20,8,8,1.229,solved,
Simonis,problem_10_20.dat,HS problem 2807 size 10 20 density  0.35,10,20,8,8,1.741,solved,
Simonis,problem_10_20.dat,HS problem 2818 size 10 20 density  0.35,10,20,10,10,0.913,solved,
Simonis,problem_10_20.dat,HS problem 2820 size 10 20 density  0.35,10,20,8,8,1.053,solved,
Simonis,problem_10_20.dat,HS problem 2823 size 10 20 density  0.35,10,20,10,10,0.916,solved,
Simonis,problem_10_20.dat,HS problem 2824 size 10 20 density  0.35,10,20,8,8,0.979,solved,
Simonis,problem_10_20.dat,HS problem 2770 size 10 20 density  0.30,10,20,9,9,5.081,solved,
Simonis,problem_10_20.dat,HS problem 2810 size 10 20 density  0.35,10,20,9,9,2.114,solved,
Simonis,problem_10_20.dat,HS problem 2819 size 10 20 density  0.35,10,20,10,10,1.404,solved,
Simonis,problem_10_20.dat,HS problem 2825 size 10 20 density  0.35,10,20,9,9,1.08,solved,
Simonis,problem_10_20.dat,HS problem 2822 size 10 20 density  0.35,10,20,8,8,1.367,solved,
Simonis,problem_10_20.dat,HS problem 2827 size 10 20 density  0.35,10,20,9,9,0.954,solved,
Simonis,problem_10_20.dat,HS problem 2832 size 10 20 density  0.35,10,20,8,8,0.912,solved,
Simonis,problem_10_20.dat,HS problem 2821 size 10 20 density  0.35,10,20,9,9,1.615,solved,
Simonis,problem_10_20.dat,HS problem 2826 size 10 20 density  0.35,10,20,8,8,1.303,solved,
Simonis,problem_10_20.dat,HS problem 2828 size 10 20 density  0.35,10,20,8,8,1.126,solved,
Simonis,problem_10_20.dat,HS problem 2831 size 10 20 density  0.35,10,20,9,9,0.988,solved,
Simonis,problem_10_20.dat,HS problem 2833 size 10 20 density  0.35,10,20,9,9,1.02,solved,
Simonis,problem_10_20.dat,HS problem 2836 size 10 20 density  0.35,10,20,10,10,0.892,solved,
Simonis,problem_10_20.dat,HS problem 2796 size 10 20 density  0.35,10,20,9,9,3.819,solved,
Simonis,problem_10_20.dat,HS problem 2817 size 10 20 density  0.35,10,20,9,9,2.31,solved,
Simonis,problem_10_20.dat,HS problem 2829 size 10 20 density  0.35,10,20,8,8,1.558,solved,
Simonis,problem_10_20.dat,HS problem 2830 size 10 20 density  0.35,10,20,8,8,1.546,solved,
Simonis,problem_10_20.dat,HS problem 2837 size 10 20 density  0.35,10,20,9,9,1.349,solved,
Simonis,problem_10_20.dat,HS problem 2839 size 10 20 density  0.35,10,20,10,10,1.073,solved,
Simonis,problem_10_20.dat,HS problem 2835 size 10 20 density  0.35,10,20,8,8,1.753,solved,
Simonis,problem_10_20.dat,HS problem 2834 size 10 20 density  0.35,10,20,9,9,1.88,solved,
Simonis,problem_10_20.dat,HS problem 2840 size 10 20 density  0.35,10,20,10,10,1.368,solved,
Simonis,problem_10_20.dat,HS problem 2843 size 10 20 density  0.40,10,20,9,9,1.277,solved,
Simonis,problem_10_20.dat,HS problem 2850 size 10 20 density  0.40,10,20,9,9,1.008,solved,
Simonis,problem_10_20.dat,HS problem 2851 size 10 20 density  0.40,10,20,9,9,0.857,solved,
Simonis,problem_10_20.dat,HS problem 2842 size 10 20 density  0.40,10,20,10,10,1.536,solved,
Simonis,problem_10_20.dat,HS problem 2845 size 10 20 density  0.40,10,20,9,9,1.3,solved,
Simonis,problem_10_20.dat,HS problem 2841 size 10 20 density  0.40,10,20,9,9,1.675,solved,
Simonis,problem_10_20.dat,HS problem 2844 size 10 20 density  0.40,10,20,8,8,1.649,solved,
Simonis,problem_10_20.dat,HS problem 2846 size 10 20 density  0.40,10,20,10,10,1.424,solved,
Simonis,problem_10_20.dat,HS problem 2848 size 10 20 density  0.40,10,20,9,9,1.47,solved,
Simonis,problem_10_20.dat,HS problem 2852 size 10 20 density  0.40,10,20,9,9,1.113,solved,
Simonis,problem_10_20.dat,HS problem 2854 size 10 20 density  0.40,10,20,9,9,0.99,solved,
Simonis,problem_10_20.dat,HS problem 2855 size 10 20 density  0.40,10,20,8,8,0.976,solved,
Simonis,problem_10_20.dat,HS problem 2847 size 10 20 density  0.40,10,20,10,10,1.588,solved,
Simonis,problem_10_20.dat,HS problem 2861 size 10 20 density  0.40,10,20,10,10,0.911,solved,
Simonis,problem_10_20.dat,HS problem 2853 size 10 20 density  0.40,10,20,10,10,1.582,solved,
Simonis,problem_10_20.dat,HS problem 2859 size 10 20 density  0.40,10,20,10,10,1.048,solved,
Simonis,problem_10_20.dat,HS problem 2860 size 10 20 density  0.40,10,20,9,9,1.061,solved,
Simonis,problem_10_20.dat,HS problem 2838 size 10 20 density  0.35,10,20,9,9,2.815,solved,
Simonis,problem_10_20.dat,HS problem 2867 size 10 20 density  0.40,10,20,9,9,0.953,solved,
Simonis,problem_10_20.dat,HS problem 2857 size 10 20 density  0.40,10,20,10,10,1.74,solved,
Simonis,problem_10_20.dat,HS problem 2862 size 10 20 density  0.40,10,20,10,10,1.538,solved,
Simonis,problem_10_20.dat,HS problem 2865 size 10 20 density  0.40,10,20,9,9,1.404,solved,
Simonis,problem_10_20.dat,HS problem 2868 size 10 20 density  0.40,10,20,9,9,1.394,solved,
Simonis,problem_10_20.dat,HS problem 2872 size 10 20 density  0.40,10,20,10,10,1.407,solved,
Simonis,problem_10_20.dat,HS problem 2876 size 10 20 density  0.40,10,20,8,8,0.854,solved,
Simonis,problem_10_20.dat,HS problem 2875 size 10 20 density  0.40,10,20,9,9,0.942,solved,
Simonis,problem_10_20.dat,HS problem 2873 size 10 20 density  0.40,10,20,9,9,1.485,solved,
Simonis,problem_10_20.dat,HS problem 2858 size 10 20 density  0.40,10,20,9,9,2.287,solved,
Simonis,problem_10_20.dat,HS problem 2863 size 10 20 density  0.40,10,20,9,9,2.026,solved,
Simonis,problem_10_20.dat,HS problem 2864 size 10 20 density  0.40,10,20,9,9,2.047,solved,
Simonis,problem_10_20.dat,HS problem 2871 size 10 20 density  0.40,10,20,10,10,1.762,solved,
Simonis,problem_10_20.dat,HS problem 2856 size 10 20 density  0.40,10,20,10,10,2.619,solved,
Simonis,problem_10_20.dat,HS problem 2866 size 10 20 density  0.40,10,20,10,10,1.994,solved,
Simonis,problem_10_20.dat,HS problem 2869 size 10 20 density  0.40,10,20,8,8,1.858,solved,
Simonis,problem_10_20.dat,HS problem 2880 size 10 20 density  0.40,10,20,10,10,0.816,solved,
Simonis,problem_10_20.dat,HS problem 2878 size 10 20 density  0.40,10,20,10,10,1.195,solved,
Simonis,problem_10_20.dat,HS problem 2882 size 10 20 density  0.40,10,20,9,9,0.855,solved,
Simonis,problem_10_20.dat,HS problem 2877 size 10 20 density  0.40,10,20,9,9,1.482,solved,
Simonis,problem_10_20.dat,HS problem 2881 size 10 20 density  0.40,10,20,8,8,1.194,solved,
Simonis,problem_10_20.dat,HS problem 2874 size 10 20 density  0.40,10,20,9,9,2.199,solved,
Simonis,problem_10_20.dat,HS problem 2879 size 10 20 density  0.40,10,20,9,9,1.785,solved,
Simonis,problem_10_20.dat,HS problem 2883 size 10 20 density  0.40,10,20,8,8,1.334,solved,
Simonis,problem_10_20.dat,HS problem 2884 size 10 20 density  0.40,10,20,9,9,1.218,solved,
Simonis,problem_10_20.dat,HS problem 2888 size 10 20 density  0.40,10,20,9,9,1.068,solved,
Simonis,problem_10_20.dat,HS problem 2849 size 10 20 density  0.40,10,20,9,9,4.446,solved,
Simonis,problem_10_20.dat,HS problem 2894 size 10 20 density  0.45,10,20,9,9,1.001,solved,
Simonis,problem_10_20.dat,HS problem 2890 size 10 20 density  0.40,10,20,10,10,1.174,solved,
Simonis,problem_10_20.dat,HS problem 2887 size 10 20 density  0.40,10,20,10,10,1.635,solved,
Simonis,problem_10_20.dat,HS problem 2889 size 10 20 density  0.40,10,20,9,9,1.566,solved,
Simonis,problem_10_20.dat,HS problem 2892 size 10 20 density  0.45,10,20,10,10,1.429,solved,
Simonis,problem_10_20.dat,HS problem 2886 size 10 20 density  0.40,10,20,9,9,1.842,solved,
Simonis,problem_10_20.dat,HS problem 2895 size 10 20 density  0.45,10,20,10,10,1.526,solved,
Simonis,problem_10_20.dat,HS problem 2896 size 10 20 density  0.45,10,20,9,9,1.463,solved,
Simonis,problem_10_20.dat,HS problem 2899 size 10 20 density  0.45,10,20,10,10,1.102,solved,
Simonis,problem_10_20.dat,HS problem 2891 size 10 20 density  0.45,10,20,10,10,1.771,solved,
Simonis,problem_10_20.dat,HS problem 2901 size 10 20 density  0.45,10,20,9,9,0.903,solved,
Simonis,problem_10_20.dat,HS problem 2903 size 10 20 density  0.45,10,20,10,10,0.936,solved,
Simonis,problem_10_20.dat,HS problem 2904 size 10 20 density  0.45,10,20,10,10,0.871,solved,
Simonis,problem_10_20.dat,HS problem 2898 size 10 20 density  0.45,10,20,9,9,1.885,solved,
Simonis,problem_10_20.dat,HS problem 2905 size 10 20 density  0.45,10,20,10,10,1.149,solved,
Simonis,problem_10_20.dat,HS problem 2893 size 10 20 density  0.45,10,20,9,9,2.277,solved,
Simonis,problem_10_20.dat,HS problem 2911 size 10 20 density  0.45,10,20,9,9,0.735,solved,
Simonis,problem_10_20.dat,HS problem 2900 size 10 20 density  0.45,10,20,10,10,1.509,solved,
Simonis,problem_10_20.dat,HS problem 2906 size 10 20 density  0.45,10,20,9,9,1.34,solved,
Simonis,problem_10_20.dat,HS problem 2907 size 10 20 density  0.45,10,20,9,9,1.278,solved,
Simonis,problem_10_20.dat,HS problem 2909 size 10 20 density  0.45,10,20,10,10,0.952,solved,
Simonis,problem_10_20.dat,HS problem 2912 size 10 20 density  0.45,10,20,10,10,0.905,solved,
Simonis,problem_10_20.dat,HS problem 2870 size 10 20 density  0.40,10,20,10,10,4.482,solved,
Simonis,problem_10_20.dat,HS problem 2910 size 10 20 density  0.45,10,20,10,10,1.096,solved,
Simonis,problem_10_20.dat,HS problem 2915 size 10 20 density  0.45,10,20,10,10,0.828,solved,
Simonis,problem_10_20.dat,HS problem 2916 size 10 20 density  0.45,10,20,9,9,0.855,solved,
Simonis,problem_10_20.dat,HS problem 2913 size 10 20 density  0.45,10,20,10,10,1.11,solved,
Simonis,problem_10_20.dat,HS problem 2897 size 10 20 density  0.45,10,20,10,10,2.586,solved,
Simonis,problem_10_20.dat,HS problem 2914 size 10 20 density  0.45,10,20,10,10,1.271,solved,
Simonis,problem_10_20.dat,HS problem 2902 size 10 20 density  0.45,10,20,10,10,2.14,solved,
Simonis,problem_10_20.dat,HS problem 2918 size 10 20 density  0.45,10,20,10,10,1.123,solved,
Simonis,problem_10_20.dat,HS problem 2920 size 10 20 density  0.45,10,20,10,10,0.746,solved,
Simonis,problem_10_20.dat,HS problem 2885 size 10 20 density  0.40,10,20,9,9,3.519,solved,
Simonis,problem_10_20.dat,HS problem 2922 size 10 20 density  0.45,10,20,9,9,0.878,solved,
Simonis,problem_10_20.dat,HS problem 2908 size 10 20 density  0.45,10,20,10,10,1.98,solved,
Simonis,problem_10_20.dat,HS problem 2917 size 10 20 density  0.45,10,20,9,9,1.586,solved,
Simonis,problem_10_20.dat,HS problem 2928 size 10 20 density  0.45,10,20,10,10,0.907,solved,
Simonis,problem_10_20.dat,HS problem 2919 size 10 20 density  0.45,10,20,9,9,1.392,solved,
Simonis,problem_10_20.dat,HS problem 2929 size 10 20 density  0.45,10,20,10,10,0.957,solved,
Simonis,problem_10_20.dat,HS problem 2932 size 10 20 density  0.45,10,20,9,9,0.943,solved,
Simonis,problem_10_20.dat,HS problem 2930 size 10 20 density  0.45,10,20,9,9,1.135,solved,
Simonis,problem_10_20.dat,HS problem 2924 size 10 20 density  0.45,10,20,10,10,1.381,solved,
Simonis,problem_10_20.dat,HS problem 2925 size 10 20 density  0.45,10,20,10,10,1.368,solved,
Simonis,problem_10_20.dat,HS problem 2926 size 10 20 density  0.45,10,20,10,10,1.352,solved,
Simonis,problem_10_20.dat,HS problem 2934 size 10 20 density  0.45,10,20,10,10,0.938,solved,
Simonis,problem_10_20.dat,HS problem 2927 size 10 20 density  0.45,10,20,10,10,1.445,solved,
Simonis,problem_10_20.dat,HS problem 2931 size 10 20 density  0.45,10,20,10,10,1.401,solved,
Simonis,problem_10_20.dat,HS problem 2937 size 10 20 density  0.45,10,20,10,10,1.026,solved,
Simonis,problem_10_20.dat,HS problem 2923 size 10 20 density  0.45,10,20,10,10,1.792,solved,
Simonis,problem_10_20.dat,HS problem 2933 size 10 20 density  0.45,10,20,10,10,1.441,solved,
Simonis,problem_10_20.dat,HS problem 2939 size 10 20 density  0.45,10,20,9,9,1.175,solved,
Simonis,problem_10_20.dat,HS problem 2942 size 10 20 density  0.50,10,20,10,10,0.861,solved,
Simonis,problem_10_20.dat,HS problem 2938 size 10 20 density  0.45,10,20,8,8,1.371,solved,
Simonis,problem_10_20.dat,HS problem 2940 size 10 20 density  0.45,10,20,10,10,1.095,solved,
Simonis,problem_10_20.dat,HS problem 2944 size 10 20 density  0.50,10,20,10,10,0.868,solved,
Simonis,problem_10_20.dat,HS problem 2941 size 10 20 density  0.50,10,20,10,10,1.106,solved,
Simonis,problem_10_20.dat,HS problem 2947 size 10 20 density  0.50,10,20,10,10,0.717,solved,
Simonis,problem_10_20.dat,HS problem 2935 size 10 20 density  0.45,10,20,10,10,1.628,solved,
Simonis,problem_10_20.dat,HS problem 2936 size 10 20 density  0.45,10,20,10,10,1.679,solved,
Simonis,problem_10_20.dat,HS problem 2946 size 10 20 density  0.50,10,20,10,10,1.03,solved,
Simonis,problem_10_20.dat,HS problem 2950 size 10 20 density  0.50,10,20,10,10,0.941,solved,
Simonis,problem_10_20.dat,HS problem 2951 size 10 20 density  0.50,10,20,10,10,0.878,solved,
Simonis,problem_10_20.dat,HS problem 2943 size 10 20 density  0.50,10,20,8,8,1.363,solved,
Simonis,problem_10_20.dat,HS problem 2945 size 10 20 density  0.50,10,20,10,10,1.301,solved,
Simonis,problem_10_20.dat,HS problem 2948 size 10 20 density  0.50,10,20,10,10,1.162,solved,
Simonis,problem_10_20.dat,HS problem 2949 size 10 20 density  0.50,10,20,10,10,1.225,solved,
Simonis,problem_10_20.dat,HS problem 2952 size 10 20 density  0.50,10,20,10,10,1.147,solved,
Simonis,problem_10_20.dat,HS problem 2955 size 10 20 density  0.50,10,20,10,10,1.048,solved,
Simonis,problem_10_20.dat,HS problem 2956 size 10 20 density  0.50,10,20,10,10,0.886,solved,
Simonis,problem_10_20.dat,HS problem 2953 size 10 20 density  0.50,10,20,10,10,1.325,solved,
Simonis,problem_10_20.dat,HS problem 2954 size 10 20 density  0.50,10,20,10,10,1.323,solved,
Simonis,problem_10_20.dat,HS problem 2957 size 10 20 density  0.50,10,20,9,9,1.128,solved,
Simonis,problem_10_20.dat,HS problem 2959 size 10 20 density  0.50,10,20,10,10,1.045,solved,
Simonis,problem_10_20.dat,HS problem 2960 size 10 20 density  0.50,10,20,9,9,1.031,solved,
Simonis,problem_10_20.dat,HS problem 2958 size 10 20 density  0.50,10,20,10,10,1.147,solved,
Simonis,problem_10_20.dat,HS problem 2961 size 10 20 density  0.50,10,20,10,10,1.121,solved,
Simonis,problem_10_20.dat,HS problem 2962 size 10 20 density  0.50,10,20,10,10,1.177,solved,
Simonis,problem_10_20.dat,HS problem 2964 size 10 20 density  0.50,10,20,10,10,1.051,solved,
Simonis,problem_10_20.dat,HS problem 2967 size 10 20 density  0.50,10,20,9,9,0.938,solved,
Simonis,problem_10_20.dat,HS problem 2966 size 10 20 density  0.50,10,20,9,9,1.013,solved,
Simonis,problem_10_20.dat,HS problem 2970 size 10 20 density  0.50,10,20,10,10,0.857,solved,
Simonis,problem_10_20.dat,HS problem 2969 size 10 20 density  0.50,10,20,10,10,0.999,solved,
Simonis,problem_10_20.dat,HS problem 2963 size 10 20 density  0.50,10,20,9,9,1.445,solved,
Simonis,problem_10_20.dat,HS problem 2971 size 10 20 density  0.50,10,20,10,10,1.199,solved,
Simonis,problem_10_20.dat,HS problem 2972 size 10 20 density  0.50,10,20,10,10,1.036,solved,
Simonis,problem_10_20.dat,HS problem 2965 size 10 20 density  0.50,10,20,10,10,1.561,solved,
Simonis,problem_10_20.dat,HS problem 2973 size 10 20 density  0.50,10,20,10,10,1.114,solved,
Simonis,problem_10_20.dat,HS problem 2975 size 10 20 density  0.50,10,20,10,10,0.987,solved,
Simonis,problem_10_20.dat,HS problem 2976 size 10 20 density  0.50,10,20,9,9,1.0,solved,
Simonis,problem_10_20.dat,HS problem 2968 size 10 20 density  0.50,10,20,10,10,1.624,solved,
Simonis,problem_10_20.dat,HS problem 2977 size 10 20 density  0.50,10,20,10,10,1.0,solved,
Simonis,problem_10_20.dat,HS problem 2978 size 10 20 density  0.50,10,20,10,10,0.986,solved,
Simonis,problem_10_20.dat,HS problem 2979 size 10 20 density  0.50,10,20,10,10,1.066,solved,
Simonis,problem_10_20.dat,HS problem 2980 size 10 20 density  0.50,10,20,10,10,1.002,solved,
Simonis,problem_10_20.dat,HS problem 2985 size 10 20 density  0.50,10,20,10,10,0.856,solved,
Simonis,problem_10_20.dat,HS problem 2974 size 10 20 density  0.50,10,20,10,10,1.524,solved,
Simonis,problem_10_20.dat,HS problem 2982 size 10 20 density  0.50,10,20,10,10,1.061,solved,
Simonis,problem_10_20.dat,HS problem 2984 size 10 20 density  0.50,10,20,10,10,1.061,solved,
Simonis,problem_10_20.dat,HS problem 2987 size 10 20 density  0.50,10,20,10,10,0.936,solved,
Simonis,problem_10_20.dat,HS problem 2983 size 10 20 density  0.50,10,20,10,10,1.35,solved,
Simonis,problem_10_20.dat,HS problem 2993 size 10 20 density  0.55,10,20,10,10,0.828,solved,
Simonis,problem_10_20.dat,HS problem 2995 size 10 20 density  0.55,10,20,10,10,0.7,solved,
Simonis,problem_10_20.dat,HS problem 2981 size 10 20 density  0.50,10,20,10,10,1.669,solved,
Simonis,problem_10_20.dat,HS problem 2990 size 10 20 density  0.50,10,20,10,10,1.044,solved,
Simonis,problem_10_20.dat,HS problem 2989 size 10 20 density  0.50,10,20,10,10,1.135,solved,
Simonis,problem_10_20.dat,HS problem 2991 size 10 20 density  0.55,10,20,10,10,1.056,solved,
Simonis,problem_10_20.dat,HS problem 2992 size 10 20 density  0.55,10,20,10,10,0.992,solved,
Simonis,problem_10_20.dat,HS problem 2988 size 10 20 density  0.50,10,20,10,10,1.44,solved,
Simonis,problem_10_20.dat,HS problem 2996 size 10 20 density  0.55,10,20,10,10,0.93,solved,
Simonis,problem_10_20.dat,HS problem 2997 size 10 20 density  0.55,10,20,10,10,0.915,solved,
Simonis,problem_10_20.dat,HS problem 2994 size 10 20 density  0.55,10,20,10,10,1.096,solved,
Simonis,problem_10_20.dat,HS problem 2998 size 10 20 density  0.55,10,20,10,10,0.939,solved,
Simonis,problem_10_20.dat,HS problem 2999 size 10 20 density  0.55,10,20,10,10,0.925,solved,
Simonis,problem_10_20.dat,HS problem 3000 size 10 20 density  0.55,10,20,10,10,1.001,solved,
Simonis,problem_10_20.dat,HS problem 3001 size 10 20 density  0.55,10,20,10,10,1.051,solved,
Simonis,problem_10_20.dat,HS problem 3004 size 10 20 density  0.55,10,20,10,10,0.911,solved,
Harvey,wbp_30_30.txt,"Warwick 1981: balanced products, 15 products per order",30,30,,,60.039,timeout,
Simonis,problem_10_20.dat,HS problem 3005 size 10 20 density  0.55,10,20,10,10,0.842,solved,
Simonis,problem_10_20.dat,HS problem 3003 size 10 20 density  0.55,10,20,10,10,1.191,solved,
Simonis,problem_10_20.dat,HS problem 3002 size 10 20 density  0.55,10,20,10,10,1.368,solved,
Simonis,problem_10_20.dat,HS problem 3006 size 10 20 density  0.55,10,20,10,10,0.981,solved,
Simonis,problem_10_20.dat,HS problem 3009 size 10 20 density  0.55,10,20,10,10,0.893,solved,
Simonis,problem_10_20.dat,HS problem 2986 size 10 20 density  0.50,10,20,10,10,2.479,solved,
Simonis,problem_10_20.dat,HS problem 3011 size 10 20 density  0.55,10,20,10,10,0.89,solved,
Simonis,problem_10_20.dat,HS problem 3008 size 10 20 density  0.55,10,20,10,10,1.058,solved,
Simonis,problem_10_20.dat,HS problem 3010 size 10 20 density  0.55,10,20,10,10,0.982,solved,
Simonis,problem_10_20.dat,HS problem 3015 size 10 20 density  0.55,10,20,10,10,0.866,solved,
Simonis,problem_10_20.dat,HS problem 3007 size 10 20 density  0.55,10,20,10,10,1.211,solved,
Simonis,problem_10_20.dat,HS problem 3014 size 10 20 density  0.55,10,20,10,10,0.969,solved,
Simonis,problem_10_20.dat,HS problem 3013 size 10 20 density  0.55,10,20,10,10,1.058,solved,
Simonis,problem_10_20.dat,HS problem 3017 size 10 20 density  0.55,10,20,10,10,0.956,solved,
Simonis,problem_10_20.dat,HS problem 3018 size 10 20 density  0.55,10,20,10,10,0.942,solved,
Simonis,problem_10_20.dat,HS problem 3016 size 10 20 density  0.55,10,20,10,10,1.155,solved,
Simonis,problem_10_20.dat,HS problem 3019 size 10 20 density  0.55,10,20,10,10,0.966,solved,
Simonis,problem_10_20.dat,HS problem 3021 size 10 20 density  0.55,10,20,10,10,0.916,solved,
Simonis,problem_10_20.dat,HS problem 3012 size 10 20 density  0.55,10,20,10,10,1.449,solved,
Simonis,problem_10_20.dat,HS problem 3022 size 10 20 density  0.55,10,20,9,9,0.964,solved,
Simonis,problem_10_20.dat,HS problem 3023 size 10 20 density  0.55,10,20,10,10,0.952,solved,
Simonis,problem_10_20.dat,HS problem 3024 size 10 20 density  0.55,10,20,10,10,0.917,solved,
Simonis,problem_10_20.dat,HS problem 3026 size 10 20 density  0.55,10,20,10,10,0.738,solved,
Simonis,problem_10_20.dat,HS problem 3025 size 10 20 density  0.55,10,20,10,10,0.878,solved,
Simonis,problem_10_20.dat,HS problem 3020 size 10 20 density  0.55,10,20,10,10,1.271,solved,
Simonis,problem_10_20.dat,HS problem 2921 size 10 20 density  0.45,10,20,10,10,7.178,solved,
Simonis,problem_10_20.dat,HS problem 3027 size 10 20 density  0.55,10,20,10,10,1.04,solved,
Simonis,problem_10_20.dat,HS problem 3029 size 10 20 density  0.55,10,20,10,10,0.962,solved,
Simonis,problem_10_20.dat,HS problem 3032 size 10 20 density  0.55,10,20,10,10,0.949,solved,
Simonis,problem_10_20.dat,HS problem 3034 size 10 20 density  0.55,10,20,10,10,0.934,solved,
Simonis,problem_10_20.dat,HS problem 3031 size 10 20 density  0.55,10,20,10,10,1.09,solved,
Simonis,problem_10_20.dat,HS problem 3035 size 10 20 density  0.55,10,20,10,10,0.934,solved,
Simonis,problem_10_20.dat,HS problem 3036 size 10 20 density  0.55,10,20,10,10,0.922,solved,
Simonis,problem_10_20.dat,HS problem 3037 size 10 20 density  0.55,10,20,10,10,0.91,solved,
Simonis,problem_10_20.dat,HS problem 3030 size 10 20 density  0.55,10,20,10,10,1.201,solved,
Simonis,problem_10_20.dat,HS problem 3040 size 10 20 density  0.55,10,20,10,10,0.881,solved,
Simonis,problem_10_20.dat,HS problem 3028 size 10 20 density  0.55,10,20,10,10,1.455,solved,
Simonis,problem_10_20.dat,HS problem 3039 size 10 20 density  0.55,10,20,10,10,1.072,solved,
Simonis,problem_10_20.dat,HS problem 3033 size 10 20 density  0.55,10,20,10,10,1.41,solved,
Simonis,problem_10_20.dat,HS problem 3038 size 10 20 density  0.55,10,20,10,10,1.147,solved,
Simonis,problem_10_20.dat,HS problem 3044 size 10 20 density  0.60,10,20,10,10,0.865,solved,
Simonis,problem_10_20.dat,HS problem 3045 size 10 20 density  0.60,10,20,10,10,0.944,solved,
Simonis,problem_10_20.dat,HS problem 3043 size 10 20 density  0.60,10,20,10,10,1.132,solved,
Simonis,problem_10_20.dat,HS problem 3046 size 10 20 density  0.60,10,20,10,10,0.995,solved,
Simonis,problem_10_20.dat,HS problem 3042 size 10 20 density  0.60,10,20,10,10,1.224,solved,
Simonis,problem_10_20.dat,HS problem 3047 size 10 20 density  0.60,10,20,10,10,1.01,solved,
Simonis,problem_10_20.dat,HS problem 3048 size 10 20 density  0.60,10,20,10,10,0.975,solved,
Simonis,problem_10_20.dat,HS problem 3049 size 10 20 density  0.60,10,20,10,10,0.978,solved,
Simonis,problem_10_20.dat,HS problem 3051 size 10 20 density  0.60,10,20,10,10,0.9,solved,
Simonis,problem_10_20.dat,HS problem 3050 size 10 20 density  0.60,10,20,10,10,1.041,solved,
Simonis,problem_10_20.dat,HS problem 3052 size 10 20 density  0.60,10,20,10,10,0.975,solved,
Simonis,problem_10_20.dat,HS problem 3053 size 10 20 density  0.60,10,20,10,10,0.913,solved,
Simonis,problem_10_20.dat,HS problem 3054 size 10 20 density  0.60,10,20,10,10,0.898,solved,
Simonis,problem_10_20.dat,HS problem 3056 size 10 20 density  0.60,10,20,10,10,0.875,solved,
Simonis,problem_10_20.dat,HS problem 3057 size 10 20 density  0.60,10,20,9,9,0.813,solved,
Simonis,problem_10_20.dat,HS problem 3059 size 10 20 density  0.60,10,20,10,10,0.637,solved,
Simonis,problem_10_20.dat,HS problem 3041 size 10 20 density  0.60,10,20,10,10,1.692,solved,
Simonis,problem_10_20.dat,HS problem 3055 size 10 20 density  0.60,10,20,10,10,1.011,solved,
Simonis,problem_10_20.dat,HS problem 3060 size 10 20 density  0.60,10,20,10,10,0.697,solved,
Simonis,problem_10_20.dat,HS problem 3058 size 10 20 density  0.60,10,20,10,10,1.008,solved,
Simonis,problem_10_20.dat,HS problem 3062 size 10 20 density  0.60,10,20,10,10,0.869,solved,
Simonis,problem_10_20.dat,HS problem 3061 size 10 20 density  0.60,10,20,10,10,0.998,solved,
Simonis,problem_10_20.dat,HS problem 3066 size 10 20 density  0.60,10,20,10,10,0.842,solved,
Simonis,problem_10_20.dat,HS problem 3068 size 10 20 density  0.60,10,20,10,10,0.765,solved,
Simonis,problem_10_20.dat,HS problem 3063 size 10 20 density  0.60,10,20,10,10,1.208,solved,
Simonis,problem_10_20.dat,HS problem 3067 size 10 20 density  0.60,10,20,10,10,0.954,solved,
Simonis,problem_10_20.dat,HS problem 3076 size 10 20 density  0.60,10,20,10,10,0.641,solved,
Simonis,problem_10_20.dat,HS problem 3064 size 10 20 density  0.60,10,20,10,10,1.23,solved,
Simonis,problem_10_20.dat,HS problem 3065 size 10 20 density  0.60,10,20,10,10,1.118,solved,
Simonis,problem_10_20.dat,HS problem 3069 size 10 20 density  0.60,10,20,10,10,0.963,solved,
Simonis,problem_10_20.dat,HS problem 3074 size 10 20 density  0.60,10,20,10,10,0.749,solved,
Simonis,problem_10_20.dat,HS problem 3070 size 10 20 density  0.60,10,20,10,10,1.001,solved,
Simonis,problem_10_20.dat,HS problem 3071 size 10 20 density  0.60,10,20,10,10,0.988,solved,
Simonis,problem_10_20.dat,HS problem 3072 size 10 20 density  0.60,10,20,10,10,0.924,solved,
Simonis,problem_10_20.dat,HS problem 3073 size 10 20 density  0.60,10,20,10,10,0.862,solved,
Simonis,problem_10_20.dat,HS problem 3075 size 10 20 density  0.60,10,20,10,10,0.951,solved,
Simonis,problem_10_20.dat,HS problem 3080 size 10 20 density  0.60,10,20,10,10,0.836,solved,
Simonis,problem_10_20.dat,HS problem 3082 size 10 20 density  0.60,10,20,10,10,0.662,solved,
Simonis,problem_10_20.dat,HS problem 3078 size 10 20 density  0.60,10,20,10,10,0.997,solved,
Simonis,problem_10_20.dat,HS problem 3081 size 10 20 density  0.60,10,20,10,10,0.913,solved,
Simonis,problem_10_20.dat,HS problem 3077 size 10 20 density  0.60,10,20,10,10,1.082,solved,
Simonis,problem_10_20.dat,HS problem 3079 size 10 20 density  0.60,10,20,10,10,1.007,solved,
Simonis,problem_10_20.dat,HS problem 3083 size 10 20 density  0.60,10,20,10,10,0.98,solved,
Simonis,problem_10_20.dat,HS problem 3084 size 10 20 density  0.60,10,20,10,10,0.981,solved,
Simonis,problem_10_20.dat,HS problem 3086 size 10 20 density  0.60,10,20,10,10,0.905,solved,
Simonis,problem_10_20.dat,HS problem 3090 size 10 20 density  0.60,10,20,10,10,0.782,solved,
Simonis,problem_10_20.dat,HS problem 3088 size 10 20 density  0.60,10,20,10,10,0.919,solved,
Simonis,problem_10_20.dat,HS problem 3087 size 10 20 density  0.60,10,20,10,10,1.044,solved,
Simonis,problem_10_20.dat,HS problem 3092 size 10 20 density  0.65,10,20,10,10,0.935,solved,
Simonis,problem_10_20.dat,HS problem 3093 size 10 20 density  0.65,10,20,10,10,0.922,solved,
Simonis,problem_10_20.dat,HS problem 3085 size 10 20 density  0.60,10,20,10,10,1.31,solved,
Simonis,problem_10_20.dat,HS problem 3094 size 10 20 density  0.65,10,20,10,10,0.946,solved,
Simonis,problem_10_20.dat,HS problem 3091 size 10 20 density  0.65,10,20,10,10,1.114,solved,
Simonis,problem_10_20.dat,HS problem 3095 size 10 20 density  0.65,10,20,10,10,1.009,solved,
Simonis,problem_10_20.dat,HS problem 3096 size 10 20 density  0.65,10,20,10,10,0.995,solved,
Simonis,problem_10_20.dat,HS problem 3097 size 10 20 density  0.65,10,20,10,10,0.981,solved,
Simonis,problem_10_20.dat,HS problem 3098 size 10 20 density  0.65,10,20,10,10,0.914,solved,
Simonis,problem_10_20.dat,HS problem 3099 size 10 20 density  0.65,10,20,10,10,0.902,solved,
Simonis,problem_10_20.dat,HS problem 3089 size 10 20 density  0.60,10,20,10,10,1.313,solved,
Simonis,problem_10_20.dat,HS problem 3100 size 10 20 density  0.65,10,20,10,10,1.014,solved,
Simonis,problem_10_20.dat,HS problem 3101 size 10 20 density  0.65,10,20,10,10,0.951,solved,
Simonis,problem_10_20.dat,HS problem 3102 size 10 20 density  0.65,10,20,10,10,0.939,solved,
Simonis,problem_10_20.dat,HS problem 3104 size 10 20 density  0.65,10,20,10,10,0.868,solved,
Simonis,problem_10_20.dat,HS problem 3103 size 10 20 density  0.65,10,20,10,10,0.99,solved,
Simonis,problem_10_20.dat,HS problem 3107 size 10 20 density  0.65,10,20,10,10,0.802,solved,
Simonis,problem_10_20.dat,HS problem 3105 size 10 20 density  0.65,10,20,10,10,1.041,solved,
Simonis,problem_10_20.dat,HS problem 3106 size 10 20 density  0.65,10,20,10,10,0.99,solved,
Simonis,problem_10_20.dat,HS problem 3108 size 10 20 density  0.65,10,20,10,10,0.93,solved,
Simonis,problem_10_20.dat,HS problem 3109 size 10 20 density  0.65,10,20,10,10,0.867,solved,
Simonis,problem_10_20.dat,HS problem 3111 size 10 20 density  0.65,10,20,10,10,0.868,solved,
Simonis,problem_10_20.dat,HS problem 3116 size 10 20 density  0.65,10,20,10,10,0.704,solved,
Simonis,problem_10_20.dat,HS problem 3110 size 10 20 density  0.65,10,20,10,10,0.96,solved,
Simonis,problem_10_20.dat,HS problem 3113 size 10 20 density  0.65,10,20,10,10,0.869,solved,
Simonis,problem_10_20.dat,HS problem 3123 size 10 20 density  0.65,10,20,10,10,0.721,solved,
Simonis,problem_10_20.dat,HS problem 3112 size 10 20 density  0.65,10,20,10,10,1.076,solved,
Simonis,problem_10_20.dat,HS problem 3114 size 10 20 density  0.65,10,20,10,10,0.999,solved,
Simonis,problem_10_20.dat,HS problem 3120 size 10 20 density  0.65,10,20,10,10,0.876,solved,
Simonis,problem_10_20.dat,HS problem 3121 size 10 20 density  0.65,10,20,10,10,0.906,solved,
Simonis,problem_10_20.dat,HS problem 3115 size 10 20 density  0.65,10,20,10,10,1.093,solved,
Simonis,problem_10_20.dat,HS problem 3117 size 10 20 density  0.65,10,20,10,10,1.073,solved,
Simonis,problem_10_20.dat,HS problem 3118 size 10 20 density  0.65,10,20,10,10,1.06,solved,
Simonis,problem_10_20.dat,HS problem 3119 size 10 20 density  0.65,10,20,10,10,1.048,solved,
Simonis,problem_10_20.dat,HS problem 3125 size 10 20 density  0.65,10,20,10,10,0.921,solved,
Simonis,problem_10_20.dat,HS problem 3126 size 10 20 density  0.65,10,20,10,10,0.858,solved,
Simonis,problem_10_20.dat,HS problem 3122 size 10 20 density  0.65,10,20,10,10,1.085,solved,
Simonis,problem_10_20.dat,HS problem 3124 size 10 20 density  0.65,10,20,10,10,1.065,solved,
Simonis,problem_10_20.dat,HS problem 3127 size 10 20 density  0.65,10,20,10,10,0.902,solved,
Simonis,problem_10_20.dat,HS problem 3133 size 10 20 density  0.65,10,20,10,10,0.634,solved,
Simonis,problem_10_20.dat,HS problem 3130 size 10 20 density  0.65,10,20,10,10,0.838,solved,
Simonis,problem_10_20.dat,HS problem 3129 size 10 20 density  0.65,10,20,10,10,0.967,solved,
Simonis,problem_10_20.dat,HS problem 3131 size 10 20 density  0.65,10,20,10,10,0.888,solved,
Simonis,problem_10_20.dat,HS problem 3128 size 10 20 density  0.65,10,20,10,10,1.108,solved,
Simonis,problem_10_20.dat,HS problem 3132 size 10 20 density  0.65,10,20,10,10,0.917,solved,
Simonis,problem_10_20.dat,HS problem 3134 size 10 20 density  0.65,10,20,10,10,0.901,solved,
Simonis,problem_10_20.dat,HS problem 3136 size 10 20 density  0.65,10,20,10,10,0.888,solved,
Simonis,problem_10_20.dat,HS problem 3135 size 10 20 density  0.65,10,20,10,10,1.016,solved,
Simonis,problem_10_20.dat,HS problem 3138 size 10 20 density  0.65,10,20,10,10,0.872,solved,
Simonis,problem_10_20.dat,HS problem 3139 size 10 20 density  0.65,10,20,10,10,0.936,solved,
Simonis,problem_10_20.dat,HS problem 3137 size 10 20 density  0.65,10,20,10,10,1.029,solved,
Simonis,problem_10_20.dat,HS problem 3140 size 10 20 density  0.65,10,20,10,10,0.999,solved,
Simonis,problem_10_20.dat,HS problem 3144 size 10 20 density  0.70,10,20,10,10,0.959,solved,
Simonis,problem_10_20.dat,HS problem 3145 size 10 20 density  0.70,10,20,10,10,0.946,solved,
Simonis,problem_10_20.dat,HS problem 3141 size 10 20 density  0.70,10,20,10,10,1.079,solved,
Simonis,problem_10_20.dat,HS problem 3142 size 10 20 density  0.70,10,20,10,10,1.067,solved,
Simonis,problem_10_20.dat,HS problem 3143 size 10 20 density  0.70,10,20,10,10,1.053,solved,
Simonis,problem_10_20.dat,HS problem 3146 size 10 20 density  0.70,10,20,10,10,1.01,solved,
Simonis,problem_10_20.dat,HS problem 3147 size 10 20 density  0.70,10,20,10,10,1.05,solved,
Simonis,problem_10_20.dat,HS problem 3148 size 10 20 density  0.70,10,20,10,10,1.038,solved,
Simonis,problem_10_20.dat,HS problem 3149 size 10 20 density  0.70,10,20,10,10,0.976,solved,
Simonis,problem_10_20.dat,HS problem 3150 size 10 20 density  0.70,10,20,10,10,0.863,solved,
Simonis,problem_10_20.dat,HS problem 3151 size 10 20 density  0.70,10,20,10,10,0.95,solved,
Simonis,problem_10_20.dat,HS problem 3152 size 10 20 density  0.70,10,20,10,10,1.003,solved,
Simonis,problem_10_20.dat,HS problem 3153 size 10 20 density  0.70,10,20,10,10,0.989,solved,
Simonis,problem_10_20.dat,HS problem 3154 size 10 20 density  0.70,10,20,10,10,0.925,solved,
Simonis,problem_10_20.dat,HS problem 3157 size 10 20 density  0.70,10,20,10,10,0.733,solved,
Simonis,problem_10_20.dat,HS problem 3155 size 10 20 density  0.70,10,20,10,10,0.973,solved,
Simonis,problem_10_20.dat,HS problem 3156 size 10 20 density  0.70,10,20,10,10,0.909,solved,
Simonis,problem_10_20.dat,HS problem 3158 size 10 20 density  0.70,10,20,10,10,0.86,solved,
Simonis,problem_10_20.dat,HS problem 3159 size 10 20 density  0.70,10,20,10,10,0.91,solved,
Simonis,problem_10_20.dat,HS problem 3160 size 10 20 density  0.70,10,20,10,10,0.846,solved,
Simonis,problem_10_20.dat,HS problem 3163 size 10 20 density  0.70,10,20,10,10,0.653,solved,
Simonis,problem_10_20.dat,HS problem 3164 size 10 20 density  0.70,10,20,10,10,0.734,solved,
Simonis,problem_10_20.dat,HS problem 3161 size 10 20 density  0.70,10,20,10,10,0.939,solved,
Simonis,problem_10_20.dat,HS problem 3162 size 10 20 density  0.70,10,20,10,10,1.038,solved,
Simonis,problem_10_20.dat,HS problem 3165 size 10 20 density  0.70,10,20,10,10,0.96,solved,
Simonis,problem_10_20.dat,HS problem 3173 size 10 20 density  0.70,10,20,10,10,0.706,solved,
Simonis,problem_10_20.dat,HS problem 3166 size 10 20 density  0.70,10,20,10,10,1.027,solved,
Simonis,problem_10_20.dat,HS problem 3167 size 10 20 density  0.70,10,20,10,10,1.014,solved,
Simonis,problem_10_20.dat,HS problem 3168 size 10 20 density  0.70,10,20,10,10,1.0,solved,
Simonis,problem_10_20.dat,HS problem 3170 size 10 20 density  0.70,10,20,10,10,0.923,solved,
Simonis,problem_10_20.dat,HS problem 3169 size 10 20 density  0.70,10,20,10,10,1.039,solved,
Simonis,problem_10_20.dat,HS problem 3172 size 10 20 density  0.70,10,20,10,10,1.001,solved,
Simonis,problem_10_20.dat,HS problem 3171 size 10 20 density  0.70,10,20,10,10,1.09,solved,
Simonis,problem_10_20.dat,HS problem 3174 size 10 20 density  0.70,10,20,10,10,0.85,solved,
Simonis,problem_10_20.dat,HS problem 3176 size 10 20 density  0.70,10,20,10,10,0.891,solved,
Simonis,problem_10_20.dat,HS problem 3177 size 10 20 density  0.70,10,20,10,10,0.878,solved,
Simonis,problem_15_15.dat,HS problem 1652 size 15 15 density  0.20,15,15,9,9,0.158,solved,
Simonis,problem_10_20.dat,HS problem 3175 size 10 20 density  0.70,10,20,10,10,0.997,solved,
Simonis,problem_10_20.dat,HS problem 3178 size 10 20 density  0.70,10,20,10,10,0.899,solved,
Harvey,wbp_30_30.txt,"Warwick 1983: balanced products, 15 products per order",30,30,,,60.015,timeout,
Simonis,problem_10_20.dat,HS problem 3179 size 10 20 density  0.70,10,20,10,10,0.973,solved,
Simonis,problem_10_20.dat,HS problem 3180 size 10 20 density  0.70,10,20,10,10,0.908,solved,
Simonis,problem_10_20.dat,HS problem 3183 size 10 20 density  0.70,10,20,10,10,0.815,solved,
Simonis,problem_15_15.dat,HS problem 1653 size 15 15 density  0.20,15,15,7,7,0.276,solved,
Simonis,problem_15_15.dat,HS problem 1656 size 15 15 density  0.20,15,15,5,5,0.191,solved,
Simonis,problem_10_20.dat,HS problem 3181 size 10 20 density  0.70,10,20,10,10,0.971,solved,
Simonis,problem_10_20.dat,HS problem 3185 size 10 20 density  0.70,10,20,10,10,0.814,solved,
Simonis,problem_15_15.dat,HS problem 1654 size 15 15 density  0.20,15,15,8,8,0.388,solved,
Simonis,problem_15_15.dat,HS problem 1658 size 15 15 density  0.20,15,15,7,7,0.242,solved,
Simonis,problem_15_15.dat,HS problem 1659 size 15 15 density  0.20,15,15,8,8,0.232,solved,
Simonis,problem_10_20.dat,HS problem 3182 size 10 20 density  0.70,10,20,10,10,1.07,solved,
Simonis,problem_10_20.dat,HS problem 3184 size 10 20 density  0.70,10,20,10,10,0.991,solved,
Simonis,problem_15_15.dat,HS problem 1651 size 15 15 density  0.20,15,15,7,7,0.594,solved,
Simonis,problem_15_15.dat,HS problem 1655 size 15 15 density  0.20,15,15,7,7,0.441,solved,
Simonis,problem_15_15.dat,HS problem 1660 size 15 15 density  0.20,15,15,7,7,0.28,solved,
Simonis,problem_15_15.dat,HS problem 1661 size 15 15 density  0.20,15,15,8,8,0.268,solved,
Simonis,problem_15_15.dat,HS problem 1662 size 15 15 density  0.20,15,15,8,8,0.192,solved,
Simonis,problem_10_20.dat,HS problem 3186 size 10 20 density  0.70,10,20,10,10,0.905,solved,
Simonis,problem_10_20.dat,HS problem 3187 size 10 20 density  0.70,10,20,10,10,0.841,solved,
Simonis,problem_15_15.dat,HS problem 1657 size 15 15 density  0.20,15,15,8,8,0.514,solved,
Simonis,problem_15_15.dat,HS problem 1667 size 15 15 density  0.20,15,15,8,8,0.27,solved,
Simonis,problem_15_15.dat,HS problem 1668 size 15 15 density  0.20,15,15,7,7,0.206,solved,
Simonis,problem_15_15.dat,HS problem 1669 size 15 15 density  0.20,15,15,8,8,0.306,solved,
Simonis,problem_15_15.dat,HS problem 1673 size 15 15 density  0.20,15,15,9,9,0.202,solved,
Simonis,problem_10_20.dat,HS problem 3188 size 10 20 density  0.70,10,20,10,10,1.009,solved,
Simonis,problem_10_20.dat,HS problem 3190 size 10 20 density  0.70,10,20,10,10,0.93,solved,
Simonis,problem_15_15.dat,HS problem 1666 size 15 15 density  0.20,15,15,8,8,0.463,solved,
Simonis,problem_15_15.dat,HS problem 1671 size 15 15 density  0.20,15,15,11,11,0.351,solved,
Simonis,problem_15_15.dat,HS problem 1674 size 15 15 density  0.20,15,15,8,8,0.262,solved,
Simonis,problem_15_15.dat,HS problem 1675 size 15 15 density  0.20,15,15,7,7,0.251,solved,
Simonis,problem_15_15.dat,HS problem 1676 size 15 15 density  0.20,15,15,6,6,0.238,solved,
Simonis,problem_10_20.dat,HS problem 3189 size 10 20 density  0.70,10,20,10,10,1.09,solved,
Simonis,problem_15_15.dat,HS problem 1663 size 15 15 density  0.20,15,15,9,9,0.65,solved,
Simonis,problem_15_15.dat,HS problem 1664 size 15 15 density  0.20,15,15,8,8,0.637,solved,
Simonis,problem_15_15.dat,HS problem 1665 size 15 15 density  0.20,15,15,8,8,0.621,solved,
Simonis,problem_15_15.dat,HS problem 1672 size 15 15 density  0.20,15,15,8,8,0.484,solved,
Simonis,problem_15_15.dat,HS problem 1677 size 15 15 density  0.20,15,15,10,10,0.368,solved,
Simonis,problem_15_15.dat,HS problem 1678 size 15 15 density  0.20,15,15,7,7,0.354,solved,
Simonis,problem_15_15.dat,HS problem 1681 size 15 15 density  0.20,15,15,9,9,0.265,solved,
Simonis,problem_15_15.dat,HS problem 1683 size 15 15 density  0.20,15,15,10,10,0.244,solved,
Simonis,problem_15_15.dat,HS problem 1679 size 15 15 density  0.20,15,15,10,10,0.505,solved,
Simonis,problem_15_15.dat,HS problem 1680 size 15 15 density  0.20,15,15,8,8,0.443,solved,
Simonis,problem_15_15.dat,HS problem 1682 size 15 15 density  0.20,15,15,8,8,0.419,solved,
Simonis,problem_15_15.dat,HS problem 1684 size 15 15 density  0.20,15,15,7,7,0.396,solved,
Simonis,problem_15_15.dat,HS problem 1685 size 15 15 density  0.20,15,15,7,7,0.332,solved,
Simonis,problem_15_15.dat,HS problem 1686 size 15 15 density  0.20,15,15,8,8,0.321,solved,
Simonis,problem_15_15.dat,HS problem 1689 size 15 15 density  0.20,15,15,8,8,0.232,solved,
Simonis,problem_15_15.dat,HS problem 1690 size 15 15 density  0.20,15,15,11,11,0.219,solved,
Simonis,problem_15_15.dat,HS problem 1687 size 15 15 density  0.20,15,15,7,7,0.412,solved,
Simonis,problem_15_15.dat,HS problem 1688 size 15 15 density  0.20,15,15,7,7,0.4,solved,
Simonis,problem_15_15.dat,HS problem 1692 size 15 15 density  0.20,15,15,8,8,0.346,solved,
Simonis,problem_15_15.dat,HS problem 1693 size 15 15 density  0.20,15,15,6,6,0.331,solved,
Simonis,problem_15_15.dat,HS problem 1695 size 15 15 density  0.20,15,15,8,8,0.256,solved,
Simonis,problem_15_15.dat,HS problem 1697 size 15 15 density  0.20,15,15,9,9,0.238,solved,
Simonis,problem_15_15.dat,HS problem 1698 size 15 15 density  0.20,15,15,7,7,0.227,solved,
Simonis,problem_15_15.dat,HS problem 1699 size 15 15 density  0.20,15,15,8,8,0.211,solved,
Simonis,problem_15_15.dat,HS problem 1670 size 15 15 density  0.20,15,15,11,11,0.987,solved,
Simonis,problem_15_15.dat,HS problem 1694 size 15 15 density  0.20,15,15,10,10,0.425,solved,
Simonis,problem_15_15.dat,HS problem 1700 size 15 15 density  0.20,15,15,9,9,0.356,solved,
Simonis,problem_15_15.dat,HS problem 1701 size 15 15 density  0.25,15,15,8,8,0.339,solved,
Simonis,problem_15_15.dat,HS problem 1702 size 15 15 density  0.25,15,15,10,10,0.325,solved,
Simonis,problem_15_15.dat,HS problem 1703 size 15 15 density  0.25,15,15,10,10,0.259,solved,
Simonis,problem_15_15.dat,HS problem 1704 size 15 15 density  0.25,15,15,9,9,0.248,solved,
Simonis,problem_15_15.dat,HS problem 1705 size 15 15 density  0.25,15,15,7,7,0.237,solved,
Simonis,problem_15_15.dat,HS problem 1706 size 15 15 density  0.25,15,15,9,9,0.225,solved,
Simonis,problem_15_15.dat,HS problem 1707 size 15 15 density  0.25,15,15,11,11,0.214,solved,
Simonis,problem_15_15.dat,HS problem 1691 size 15 15 density  0.20,15,15,9,9,0.687,solved,
Simonis,problem_15_15.dat,HS problem 1696 size 15 15 density  0.20,15,15,10,10,0.574,solved,
Simonis,problem_15_15.dat,HS problem 1708 size 15 15 density  0.25,15,15,11,11,0.373,solved,
Simonis,problem_15_15.dat,HS problem 1709 size 15 15 density  0.25,15,15,10,10,0.359,solved,
Simonis,problem_15_15.dat,HS problem 1710 size 15 15 density  0.25,15,15,11,11,0.345,solved,
Simonis,problem_15_15.dat,HS problem 1711 size 15 15 density  0.25,15,15,9,9,0.279,solved,
Simonis,problem_15_15.dat,HS problem 1712 size 15 15 density  0.25,15,15,6,6,0.266,solved,
Simonis,problem_15_15.dat,HS problem 1714 size 15 15 density  0.25,15,15,9,9,0.238,solved,
Simonis,problem_15_15.dat,HS problem 1716 size 15 15 density  0.25,15,15,9,9,0.21,solved,
Simonis,problem_15_15.dat,HS problem 1718 size 15 15 density  0.25,15,15,9,9,0.186,solved,
Simonis,problem_15_15.dat,HS problem 1715 size 15 15 density  0.25,15,15,10,10,0.409,solved,
Simonis,problem_15_15.dat,HS problem 1717 size 15 15 density  0.25,15,15,10,10,0.387,solved,
Simonis,problem_15_15.dat,HS problem 1721 size 15 15 density  0.25,15,15,7,7,0.281,solved,
Simonis,problem_15_15.dat,HS problem 1722 size 15 15 density  0.25,15,15,8,8,0.269,solved,
Simonis,problem_15_15.dat,HS problem 1723 size 15 15 density  0.25,15,15,12,12,0.259,solved,
Simonis,problem_15_15.dat,HS problem 1725 size 15 15 density  0.25,15,15,8,8,0.238,solved,
Simonis,problem_15_15.dat,HS problem 1726 size 15 15 density  0.25,15,15,9,9,0.227,solved,
Harvey,wbp_30_30.txt,"Warwick 1984: balanced products, 15 products per order",30,30,,,60.056,timeout,
Simonis,problem_15_15.dat,HS problem 1719 size 15 15 density  0.25,15,15,10,10,0.462,solved,
Simonis,problem_15_15.dat,HS problem 1727 size 15 15 density  0.25,15,15,9,9,0.371,solved,
Simonis,problem_15_15.dat,HS problem 1730 size 15 15 density  0.25,15,15,9,9,0.277,solved,
Simonis,problem_15_15.dat,HS problem 1738 size 15 15 density  0.25,15,15,10,10,0.168,solved,
Simonis,problem_15_15.dat,HS problem 1729 size 15 15 density  0.25,15,15,8,8,0.403,solved,
Simonis,problem_15_15.dat,HS problem 1732 size 15 15 density  0.25,15,15,10,10,0.359,solved,
Simonis,problem_15_15.dat,HS problem 1735 size 15 15 density  0.25,15,15,8,8,0.32,solved,
Simonis,problem_15_15.dat,HS problem 1713 size 15 15 density  0.25,15,15,9,9,0.8,solved,
Simonis,problem_15_15.dat,HS problem 1720 size 15 15 density  0.25,15,15,9,9,0.656,solved,
Simonis,problem_15_15.dat,HS problem 1728 size 15 15 density  0.25,15,15,10,10,0.563,solved,
Simonis,problem_15_15.dat,HS problem 1731 size 15 15 density  0.25,15,15,9,9,0.47,solved,
Simonis,problem_15_15.dat,HS problem 1734 size 15 15 density  0.25,15,15,8,8,0.428,solved,
Simonis,problem_15_15.dat,HS problem 1739 size 15 15 density  0.25,15,15,8,8,0.311,solved,
Simonis,problem_15_15.dat,HS problem 1724 size 15 15 density  0.25,15,15,11,11,0.743,solved,
Simonis,problem_15_15.dat,HS problem 1737 size 15 15 density  0.25,15,15,11,11,0.524,solved,
Simonis,problem_15_15.dat,HS problem 1740 size 15 15 density  0.25,15,15,11,11,0.43,solved,
Simonis,problem_15_15.dat,HS problem 1746 size 15 15 density  0.25,15,15,10,10,0.29,solved,
Simonis,problem_15_15.dat,HS problem 1748 size 15 15 density  0.25,15,15,11,11,0.265,solved,
Simonis,problem_15_15.dat,HS problem 1733 size 15 15 density  0.25,15,15,11,11,0.694,solved,
Simonis,problem_15_15.dat,HS problem 1736 size 15 15 density  0.25,15,15,11,11,0.657,solved,
Simonis,problem_15_15.dat,HS problem 1741 size 15 15 density  0.25,15,15,10,10,0.535,solved,
Simonis,problem_15_15.dat,HS problem 1742 size 15 15 density  0.25,15,15,11,11,0.522,solved,
Simonis,problem_15_15.dat,HS problem 1744 size 15 15 density  0.25,15,15,9,9,0.498,solved,
Simonis,problem_15_15.dat,HS problem 1745 size 15 15 density  0.25,15,15,10,10,0.485,solved,
Simonis,problem_15_15.dat,HS problem 1747 size 15 15 density  0.25,15,15,11,11,0.396,solved,
Simonis,problem_15_15.dat,HS problem 1755 size 15 15 density  0.30,15,15,10,10,0.189,solved,
Simonis,problem_15_15.dat,HS problem 1756 size 15 15 density  0.30,15,15,10,10,0.178,solved,
Simonis,problem_15_15.dat,HS problem 1743 size 15 15 density  0.25,15,15,12,12,0.675,solved,
Simonis,problem_15_15.dat,HS problem 1750 size 15 15 density  0.25,15,15,11,11,0.525,solved,
Simonis,problem_15_15.dat,HS problem 1751 size 15 15 density  0.30,15,15,11,11,0.463,solved,
Simonis,problem_15_15.dat,HS problem 1752 size 15 15 density  0.30,15,15,12,12,0.45,solved,
Simonis,problem_15_15.dat,HS problem 1753 size 15 15 density  0.30,15,15,11,11,0.435,solved,
Simonis,problem_15_15.dat,HS problem 1759 size 15 15 density  0.30,15,15,8,8,0.299,solved,
Simonis,problem_15_15.dat,HS problem 1749 size 15 15 density  0.25,15,15,9,9,0.669,solved,
Simonis,problem_15_15.dat,HS problem 1757 size 15 15 density  0.30,15,15,11,11,0.461,solved,
Simonis,problem_15_15.dat,HS problem 1761 size 15 15 density  0.30,15,15,10,10,0.354,solved,
Simonis,problem_15_15.dat,HS problem 1762 size 15 15 density  0.30,15,15,10,10,0.339,solved,
Simonis,problem_15_15.dat,HS problem 1754 size 15 15 density  0.30,15,15,12,12,0.602,solved,
Simonis,problem_15_15.dat,HS problem 1758 size 15 15 density  0.30,15,15,11,11,0.548,solved,
Simonis,problem_15_15.dat,HS problem 1760 size 15 15 density  0.30,15,15,11,11,0.469,solved,
Simonis,problem_15_15.dat,HS problem 1770 size 15 15 density  0.30,15,15,10,10,0.285,solved,
Simonis,problem_15_15.dat,HS problem 1764 size 15 15 density  0.30,15,15,12,12,0.516,solved,
Simonis,problem_15_15.dat,HS problem 1771 size 15 15 density  0.30,15,15,10,10,0.376,solved,
Simonis,problem_15_15.dat,HS problem 1766 size 15 15 density  0.30,15,15,12,12,0.513,solved,
Simonis,problem_15_15.dat,HS problem 1767 size 15 15 density  0.30,15,15,9,9,0.503,solved,
Simonis,problem_15_15.dat,HS problem 1773 size 15 15 density  0.30,15,15,11,11,0.424,solved,
Simonis,problem_15_15.dat,HS problem 1765 size 15 15 density  0.30,15,15,13,13,0.62,solved,
Simonis,problem_15_15.dat,HS problem 1772 size 15 15 density  0.30,15,15,12,12,0.531,solved,
Simonis,problem_15_15.dat,HS problem 1775 size 15 15 density  0.30,15,15,11,11,0.441,solved,
Simonis,problem_15_15.dat,HS problem 1777 size 15 15 density  0.30,15,15,12,12,0.415,solved,
Simonis,problem_15_15.dat,HS problem 1782 size 15 15 density  0.30,15,15,10,10,0.298,solved,
Simonis,problem_15_15.dat,HS problem 1763 size 15 15 density  0.30,15,15,12,12,0.811,solved,
Simonis,problem_15_15.dat,HS problem 1769 size 15 15 density  0.30,15,15,13,13,0.682,solved,
Simonis,problem_15_15.dat,HS problem 1776 size 15 15 density  0.30,15,15,10,10,0.539,solved,
Simonis,problem_15_15.dat,HS problem 1783 size 15 15 density  0.30,15,15,12,12,0.396,solved,
Simonis,problem_15_15.dat,HS problem 1787 size 15 15 density  0.30,15,15,11,11,0.294,solved,
Simonis,problem_15_15.dat,HS problem 1768 size 15 15 density  0.30,15,15,13,13,0.815,solved,
Simonis,problem_15_15.dat,HS problem 1778 size 15 15 density  0.30,15,15,11,11,0.631,solved,
Simonis,problem_15_15.dat,HS problem 1785 size 15 15 density  0.30,15,15,10,10,0.438,solved,
Simonis,problem_15_15.dat,HS problem 1788 size 15 15 density  0.30,15,15,10,10,0.348,solved,
Simonis,problem_15_15.dat,HS problem 1791 size 15 15 density  0.30,15,15,11,11,0.259,solved,
Simonis,problem_15_15.dat,HS problem 1780 size 15 15 density  0.30,15,15,12,12,0.669,solved,
Simonis,problem_15_15.dat,HS problem 1784 size 15 15 density  0.30,15,15,10,10,0.567,solved,
Simonis,problem_15_15.dat,HS problem 1796 size 15 15 density  0.30,15,15,9,9,0.261,solved,
Simonis,problem_15_15.dat,HS problem 1774 size 15 15 density  0.30,15,15,10,10,0.898,solved,
Simonis,problem_15_15.dat,HS problem 1779 size 15 15 density  0.30,15,15,12,12,0.831,solved,
Simonis,problem_15_15.dat,HS problem 1781 size 15 15 density  0.30,15,15,11,11,0.755,solved,
Simonis,problem_15_15.dat,HS problem 1786 size 15 15 density  0.30,15,15,11,11,0.639,solved,
Simonis,problem_15_15.dat,HS problem 1792 size 15 15 density  0.30,15,15,11,11,0.456,solved,
Simonis,problem_15_15.dat,HS problem 1799 size 15 15 density  0.30,15,15,11,11,0.269,solved,
Simonis,problem_15_15.dat,HS problem 1793 size 15 15 density  0.30,15,15,11,11,0.526,solved,
Simonis,problem_15_15.dat,HS problem 1794 size 15 15 density  0.30,15,15,10,10,0.515,solved,
Simonis,problem_15_15.dat,HS problem 1795 size 15 15 density  0.30,15,15,11,11,0.503,solved,
Simonis,problem_15_15.dat,HS problem 1798 size 15 15 density  0.30,15,15,11,11,0.416,solved,
Simonis,problem_15_15.dat,HS problem 1806 size 15 15 density  0.35,15,15,12,12,0.259,solved,
Simonis,problem_15_15.dat,HS problem 1789 size 15 15 density  0.30,15,15,11,11,0.808,solved,
Simonis,problem_15_15.dat,HS problem 1790 size 15 15 density  0.30,15,15,13,13,0.747,solved,
Simonis,problem_15_15.dat,HS problem 1797 size 15 15 density  0.30,15,15,13,13,0.606,solved,
Simonis,problem_15_15.dat,HS problem 1800 size 15 15 density  0.30,15,15,12,12,0.516,solved,
Simonis,problem_15_15.dat,HS problem 1801 size 15 15 density  0.35,15,15,12,12,0.501,solved,
Simonis,problem_15_15.dat,HS problem 1802 size 15 15 density  0.35,15,15,12,12,0.605,solved,
Simonis,problem_15_15.dat,HS problem 1804 size 15 15 density  0.35,15,15,11,11,0.529,solved,
Simonis,problem_15_15.dat,HS problem 1805 size 15 15 density  0.35,15,15,12,12,0.515,solved,
Simonis,problem_15_15.dat,HS problem 1803 size 15 15 density  0.35,15,15,12,12,0.631,solved,
Simonis,problem_15_15.dat,HS problem 1809 size 15 15 density  0.35,15,15,13,13,0.499,solved,
Simonis,problem_15_15.dat,HS problem 1810 size 15 15 density  0.35,15,15,11,11,0.486,solved,
Simonis,problem_15_15.dat,HS problem 1811 size 15 15 density  0.35,15,15,12,12,0.418,solved,
Simonis,problem_15_15.dat,HS problem 1813 size 15 15 density  0.35,15,15,12,12,0.505,solved,
Simonis,problem_15_15.dat,HS problem 1815 size 15 15 density  0.35,15,15,12,12,0.475,solved,
Simonis,problem_15_15.dat,HS problem 1808 size 15 15 density  0.35,15,15,12,12,0.71,solved,
Simonis,problem_15_15.dat,HS problem 1816 size 15 15 density  0.35,15,15,12,12,0.544,solved,
Simonis,problem_15_15.dat,HS problem 1818 size 15 15 density  0.35,15,15,12,12,0.464,solved,
Simonis,problem_15_15.dat,HS problem 1819 size 15 15 density  0.35,15,15,12,12,0.45,solved,
Simonis,problem_15_15.dat,HS problem 1807 size 15 15 density  0.35,15,15,14,14,0.887,solved,
Simonis,problem_15_15.dat,HS problem 1812 size 15 15 density  0.35,15,15,12,12,0.715,solved,
Simonis,problem_15_15.dat,HS problem 1817 size 15 15 density  0.35,15,15,12,12,0.592,solved,
Simonis,problem_15_15.dat,HS problem 1821 size 15 15 density  0.35,15,15,12,12,0.533,solved,
Simonis,problem_15_15.dat,HS problem 1814 size 15 15 density  0.35,15,15,12,12,0.796,solved,
Simonis,problem_15_15.dat,HS problem 1828 size 15 15 density  0.35,15,15,13,13,0.445,solved,
Simonis,problem_15_15.dat,HS problem 1833 size 15 15 density  0.35,15,15,12,12,0.322,solved,
Simonis,problem_15_15.dat,HS problem 1820 size 15 15 density  0.35,15,15,14,14,0.75,solved,
Simonis,problem_15_15.dat,HS problem 1823 size 15 15 density  0.35,15,15,13,13,0.656,solved,
Simonis,problem_15_15.dat,HS problem 1825 size 15 15 density  0.35,15,15,14,14,0.628,solved,
Simonis,problem_15_15.dat,HS problem 1826 size 15 15 density  0.35,15,15,13,13,0.613,solved,
Simonis,problem_15_15.dat,HS problem 1827 size 15 15 density  0.35,15,15,12,12,0.55,solved,
Simonis,problem_15_15.dat,HS problem 1829 size 15 15 density  0.35,15,15,12,12,0.524,solved,
Simonis,problem_15_15.dat,HS problem 1832 size 15 15 density  0.35,15,15,11,11,0.428,solved,
Simonis,problem_15_15.dat,HS problem 1835 size 15 15 density  0.35,15,15,11,11,0.332,solved,
Simonis,problem_15_15.dat,HS problem 1822 size 15 15 density  0.35,15,15,14,14,0.833,solved,
Simonis,problem_15_15.dat,HS problem 1830 size 15 15 density  0.35,15,15,13,13,0.624,solved,
Simonis,problem_15_15.dat,HS problem 1831 size 15 15 density  0.35,15,15,12,12,0.61,solved,
Simonis,problem_15_15.dat,HS problem 1834 size 15 15 density  0.35,15,15,13,13,0.511,solved,
Simonis,problem_15_15.dat,HS problem 1837 size 15 15 density  0.35,15,15,11,11,0.412,solved,
Simonis,problem_15_15.dat,HS problem 1838 size 15 15 density  0.35,15,15,12,12,0.397,solved,
Simonis,problem_15_15.dat,HS problem 1839 size 15 15 density  0.35,15,15,11,11,0.381,solved,
Simonis,problem_15_15.dat,HS problem 1842 size 15 15 density  0.35,15,15,12,12,0.285,solved,
Simonis,problem_15_15.dat,HS problem 1844 size 15 15 density  0.35,15,15,12,12,0.206,solved,
Simonis,problem_15_15.dat,HS problem 1836 size 15 15 density  0.35,15,15,14,14,0.612,solved,
Simonis,problem_15_15.dat,HS problem 1840 size 15 15 density  0.35,15,15,12,12,0.499,solved,
Simonis,problem_15_15.dat,HS problem 1841 size 15 15 density  0.35,15,15,12,12,0.484,solved,
Simonis,problem_15_15.dat,HS problem 1824 size 15 15 density  0.35,15,15,14,14,1.088,solved,
Simonis,problem_15_15.dat,HS problem 1843 size 15 15 density  0.35,15,15,12,12,0.553,solved,
Simonis,problem_15_15.dat,HS problem 1846 size 15 15 density  0.35,15,15,12,12,0.459,solved,
Simonis,problem_15_15.dat,HS problem 1848 size 15 15 density  0.35,15,15,13,13,0.381,solved,
Simonis,problem_15_15.dat,HS problem 1849 size 15 15 density  0.35,15,15,12,12,0.479,solved,
Simonis,problem_15_15.dat,HS problem 1850 size 15 15 density  0.35,15,15,11,11,0.465,solved,
Simonis,problem_15_15.dat,HS problem 1852 size 15 15 density  0.40,15,15,12,12,0.436,solved,
Simonis,problem_15_15.dat,HS problem 1845 size 15 15 density  0.35,15,15,12,12,0.681,solved,
Simonis,problem_15_15.dat,HS problem 1851 size 15 15 density  0.40,15,15,14,14,0.547,solved,
Simonis,problem_15_15.dat,HS problem 1853 size 15 15 density  0.40,15,15,12,12,0.518,solved,
Simonis,problem_15_15.dat,HS problem 1856 size 15 15 density  0.40,15,15,13,13,0.426,solved,
Simonis,problem_15_15.dat,HS problem 1847 size 15 15 density  0.35,15,15,13,13,0.696,solved,
Simonis,problem_15_15.dat,HS problem 1854 size 15 15 density  0.40,15,15,13,13,0.597,solved,
Simonis,problem_15_15.dat,HS problem 1855 size 15 15 density  0.40,15,15,13,13,0.532,solved,
Simonis,problem_15_15.dat,HS problem 1858 size 15 15 density  0.40,15,15,13,13,0.488,solved,
Simonis,problem_15_15.dat,HS problem 1861 size 15 15 density  0.40,15,15,13,13,0.44,solved,
Simonis,problem_15_15.dat,HS problem 1862 size 15 15 density  0.40,15,15,14,14,0.426,solved,
Simonis,problem_15_15.dat,HS problem 1866 size 15 15 density  0.40,15,15,13,13,0.315,solved,
Simonis,problem_15_15.dat,HS problem 1859 size 15 15 density  0.40,15,15,12,12,0.623,solved,
Simonis,problem_15_15.dat,HS problem 1863 size 15 15 density  0.40,15,15,13,13,0.563,solved,
Simonis,problem_15_15.dat,HS problem 1857 size 15 15 density  0.40,15,15,13,13,0.739,solved,
Simonis,problem_15_15.dat,HS problem 1860 size 15 15 density  0.40,15,15,13,13,0.689,solved,
Simonis,problem_15_15.dat,HS problem 1864 size 15 15 density  0.40,15,15,15,15,0.583,solved,
Simonis,problem_15_15.dat,HS problem 1865 size 15 15 density  0.40,15,15,12,12,0.567,solved,
Simonis,problem_15_15.dat,HS problem 1867 size 15 15 density  0.40,15,15,13,13,0.591,solved,
Simonis,problem_15_15.dat,HS problem 1868 size 15 15 density  0.40,15,15,13,13,0.575,solved,
Simonis,problem_15_15.dat,HS problem 1871 size 15 15 density  0.40,15,15,12,12,0.558,solved,
Simonis,problem_15_15.dat,HS problem 1873 size 15 15 density  0.40,15,15,14,14,0.529,solved,
Simonis,problem_15_15.dat,HS problem 1875 size 15 15 density  0.40,15,15,13,13,0.454,solved,
Simonis,problem_15_15.dat,HS problem 1869 size 15 15 density  0.40,15,15,14,14,0.738,solved,
Simonis,problem_15_15.dat,HS problem 1874 size 15 15 density  0.40,15,15,13,13,0.562,solved,
Simonis,problem_15_15.dat,HS problem 1877 size 15 15 density  0.40,15,15,14,14,0.533,solved,
Simonis,problem_15_15.dat,HS problem 1880 size 15 15 density  0.40,15,15,12,12,0.441,solved,
Simonis,problem_15_15.dat,HS problem 1872 size 15 15 density  0.40,15,15,14,14,0.749,solved,
Simonis,problem_15_15.dat,HS problem 1878 size 15 15 density  0.40,15,15,13,13,0.579,solved,
Simonis,problem_15_15.dat,HS problem 1883 size 15 15 density  0.40,15,15,11,11,0.506,solved,
Simonis,problem_15_15.dat,HS problem 1884 size 15 15 density  0.40,15,15,14,14,0.491,solved,
Simonis,problem_15_15.dat,HS problem 1888 size 15 15 density  0.40,15,15,12,12,0.33,solved,
Simonis,problem_15_15.dat,HS problem 1870 size 15 15 density  0.40,15,15,14,14,0.951,solved,
Simonis,problem_15_15.dat,HS problem 1876 size 15 15 density  0.40,15,15,13,13,0.774,solved,
Simonis,problem_15_15.dat,HS problem 1882 size 15 15 density  0.40,15,15,14,14,0.642,solved,
Simonis,problem_15_15.dat,HS problem 1887 size 15 15 density  0.40,15,15,12,12,0.466,solved,
Simonis,problem_15_15.dat,HS problem 1889 size 15 15 density  0.40,15,15,13,13,0.439,solved,
Simonis,problem_15_15.dat,HS problem 1890 size 15 15 density  0.40,15,15,12,12,0.425,solved,
Harvey,wbp_30_30.txt,"Warwick 1985: balanced products, 15 products per order",30,30,,,60.118,timeout,
Simonis,problem_15_15.dat,HS problem 1879 size 15 15 density  0.40,15,15,14,14,0.853,solved,
Simonis,problem_15_15.dat,HS problem 1881 size 15 15 density  0.40,15,15,14,14,0.822,solved,
Simonis,problem_15_15.dat,HS problem 1885 size 15 15 density  0.40,15,15,13,13,0.715,solved,
Simonis,problem_15_15.dat,HS problem 1893 size 15 15 density  0.40,15,15,12,12,0.444,solved,
Simonis,problem_15_15.dat,HS problem 1894 size 15 15 density  0.40,15,15,13,13,0.429,solved,
Simonis,problem_15_15.dat,HS problem 1886 size 15 15 density  0.40,15,15,14,14,0.836,solved,
Simonis,problem_15_15.dat,HS problem 1895 size 15 15 density  0.40,15,15,13,13,0.548,solved,
Simonis,problem_15_15.dat,HS problem 1898 size 15 15 density  0.40,15,15,12,12,0.452,solved,
Simonis,problem_15_15.dat,HS problem 1899 size 15 15 density  0.40,15,15,13,13,0.436,solved,
Simonis,problem_15_15.dat,HS problem 1902 size 15 15 density  0.45,15,15,13,13,0.344,solved,
Harvey,wbp_30_30.txt,"Warwick 1986: balanced products, 15 products per order",30,30,,,60.069,timeout,
Simonis,problem_15_15.dat,HS problem 1891 size 15 15 density  0.40,15,15,14,14,0.807,solved,
Simonis,problem_15_15.dat,HS problem 1896 size 15 15 density  0.40,15,15,13,13,0.628,solved,
Simonis,problem_15_15.dat,HS problem 1897 size 15 15 density  0.40,15,15,14,14,0.613,solved,
Simonis,problem_15_15.dat,HS problem 1901 size 15 15 density  0.45,15,15,14,14,0.505,solved,
Simonis,problem_15_15.dat,HS problem 1904 size 15 15 density  0.45,15,15,13,13,0.463,solved,
Simonis,problem_15_15.dat,HS problem 1905 size 15 15 density  0.45,15,15,12,12,0.397,solved,
Simonis,problem_15_15.dat,HS problem 1906 size 15 15 density  0.45,15,15,14,14,0.381,solved,
Simonis,problem_15_15.dat,HS problem 1892 size 15 15 density  0.40,15,15,13,13,0.953,solved,
Simonis,problem_15_15.dat,HS problem 1903 size 15 15 density  0.45,15,15,14,14,0.637,solved,
Simonis,problem_15_15.dat,HS problem 1907 size 15 15 density  0.45,15,15,14,14,0.526,solved,
Simonis,problem_15_15.dat,HS problem 1909 size 15 15 density  0.45,15,15,14,14,0.495,solved,
Simonis,problem_15_15.dat,HS problem 1911 size 15 15 density  0.45,15,15,13,13,0.393,solved,
Simonis,problem_15_15.dat,HS problem 1913 size 15 15 density  0.45,15,15,14,14,0.369,solved,
Simonis,problem_15_15.dat,HS problem 1908 size 15 15 density  0.45,15,15,15,15,0.646,solved,
Simonis,problem_15_15.dat,HS problem 1910 size 15 15 density  0.45,15,15,13,13,0.613,solved,
Simonis,problem_15_15.dat,HS problem 1912 size 15 15 density  0.45,15,15,14,14,0.519,solved,
Simonis,problem_15_15.dat,HS problem 1915 size 15 15 density  0.45,15,15,12,12,0.475,solved,
Simonis,problem_15_15.dat,HS problem 1919 size 15 15 density  0.45,15,15,13,13,0.362,solved,
Simonis,problem_15_15.dat,HS problem 1920 size 15 15 density  0.45,15,15,14,14,0.346,solved,
Simonis,problem_15_15.dat,HS problem 1900 size 15 15 density  0.40,15,15,14,14,0.957,solved,
Simonis,problem_15_15.dat,HS problem 1918 size 15 15 density  0.45,15,15,12,12,0.517,solved,
Simonis,problem_15_15.dat,HS problem 1921 size 15 15 density  0.45,15,15,13,13,0.471,solved,
Simonis,problem_15_15.dat,HS problem 1922 size 15 15 density  0.45,15,15,14,14,0.388,solved,
Simonis,problem_15_15.dat,HS problem 1928 size 15 15 density  0.45,15,15,13,13,0.309,solved,
Simonis,problem_15_15.dat,HS problem 1914 size 15 15 density  0.45,15,15,14,14,0.751,solved,
Simonis,problem_15_15.dat,HS problem 1916 size 15 15 density  0.45,15,15,14,14,0.722,solved,
Simonis,problem_15_15.dat,HS problem 1924 size 15 15 density  0.45,15,15,14,14,0.483,solved,
Simonis,problem_15_15.dat,HS problem 1925 size 15 15 density  0.45,15,15,13,13,0.47,solved,
Simonis,problem_15_15.dat,HS problem 1927 size 15 15 density  0.45,15,15,14,14,0.446,solved,
Simonis,problem_15_15.dat,HS problem 1929 size 15 15 density  0.45,15,15,13,13,0.414,solved,
Simonis,problem_15_15.dat,HS problem 1935 size 15 15 density  0.45,15,15,14,14,0.277,solved,
Simonis,problem_15_15.dat,HS problem 1923 size 15 15 density  0.45,15,15,14,14,0.662,solved,
Simonis,problem_15_15.dat,HS problem 1926 size 15 15 density  0.45,15,15,14,14,0.624,solved,
Simonis,problem_15_15.dat,HS problem 1930 size 15 15 density  0.45,15,15,14,14,0.514,solved,
Simonis,problem_15_15.dat,HS problem 1917 size 15 15 density  0.45,15,15,15,15,0.921,solved,
Simonis,problem_15_15.dat,HS problem 1936 size 15 15 density  0.45,15,15,14,14,0.477,solved,
Simonis,problem_15_15.dat,HS problem 1940 size 15 15 density  0.45,15,15,12,12,0.417,solved,
Simonis,problem_15_15.dat,HS problem 1943 size 15 15 density  0.45,15,15,13,13,0.322,solved,
Simonis,problem_15_15.dat,HS problem 1934 size 15 15 density  0.45,15,15,15,15,0.669,solved,
Simonis,problem_15_15.dat,HS problem 1937 size 15 15 density  0.45,15,15,14,14,0.576,solved,
Simonis,problem_15_15.dat,HS problem 1938 size 15 15 density  0.45,15,15,15,15,0.56,solved,
Simonis,problem_15_15.dat,HS problem 1931 size 15 15 density  0.45,15,15,14,14,0.811,solved,
Simonis,problem_15_15.dat,HS problem 1932 size 15 15 density  0.45,15,15,14,14,0.799,solved,
Simonis,problem_15_15.dat,HS problem 1933 size 15 15 density  0.45,15,15,14,14,0.783,solved,
Simonis,problem_15_15.dat,HS problem 1939 size 15 15 density  0.45,15,15,14,14,0.643,solved,
Simonis,problem_15_15.dat,HS problem 1941 size 15 15 density  0.45,15,15,14,14,0.614,solved,
Simonis,problem_15_15.dat,HS problem 1945 size 15 15 density  0.45,15,15,14,14,0.507,solved,
Simonis,problem_15_15.dat,HS problem 1946 size 15 15 density  0.45,15,15,15,15,0.491,solved,
Simonis,problem_15_15.dat,HS problem 1949 size 15 15 density  0.45,15,15,13,13,0.39,solved,
Simonis,problem_15_15.dat,HS problem 1944 size 15 15 density  0.45,15,15,14,14,0.696,solved,
Simonis,problem_15_15.dat,HS problem 1947 size 15 15 density  0.45,15,15,14,14,0.602,solved,
Simonis,problem_15_15.dat,HS problem 1953 size 15 15 density  0.50,15,15,15,15,0.503,solved,
Simonis,problem_15_15.dat,HS problem 1955 size 15 15 density  0.50,15,15,14,14,0.42,solved,
Simonis,problem_15_15.dat,HS problem 1942 size 15 15 density  0.45,15,15,15,15,0.832,solved,
Simonis,problem_15_15.dat,HS problem 1948 size 15 15 density  0.45,15,15,15,15,0.691,solved,
Simonis,problem_15_15.dat,HS problem 1951 size 15 15 density  0.50,15,15,14,14,0.64,solved,
Simonis,problem_15_15.dat,HS problem 1952 size 15 15 density  0.50,15,15,14,14,0.625,solved,
Simonis,problem_15_15.dat,HS problem 1957 size 15 15 density  0.50,15,15,13,13,0.445,solved,
Simonis,problem_15_15.dat,HS problem 1950 size 15 15 density  0.45,15,15,15,15,0.788,solved,
Simonis,problem_15_15.dat,HS problem 1954 size 15 15 density  0.50,15,15,14,14,0.674,solved,
Simonis,problem_15_15.dat,HS problem 1958 size 15 15 density  0.50,15,15,14,14,0.559,solved,
Simonis,problem_15_15.dat,HS problem 1959 size 15 15 density  0.50,15,15,15,15,0.544,solved,
Simonis,problem_15_15.dat,HS problem 1960 size 15 15 density  0.50,15,15,14,14,0.53,solved,
Simonis,problem_15_15.dat,HS problem 1965 size 15 15 density  0.50,15,15,14,14,0.35,solved,
Simonis,problem_15_15.dat,HS problem 1956 size 15 15 density  0.50,15,15,15,15,0.789,solved,
Simonis,problem_15_15.dat,HS problem 1961 size 15 15 density  0.50,15,15,13,13,0.61,solved,
Simonis,problem_15_15.dat,HS problem 1962 size 15 15 density  0.50,15,15,15,15,0.594,solved,
Simonis,problem_15_15.dat,HS problem 1963 size 15 15 density  0.50,15,15,13,13,0.578,solved,
Simonis,problem_15_15.dat,HS problem 1964 size 15 15 density  0.50,15,15,14,14,0.51,solved,
Simonis,problem_15_15.dat,HS problem 1971 size 15 15 density  0.50,15,15,14,14,0.398,solved,
Simonis,problem_15_15.dat,HS problem 1966 size 15 15 density  0.50,15,15,14,14,0.619,solved,
Simonis,problem_15_15.dat,HS problem 1968 size 15 15 density  0.50,15,15,14,14,0.586,solved,
Simonis,problem_15_15.dat,HS problem 1970 size 15 15 density  0.50,15,15,14,14,0.553,solved,
Simonis,problem_15_15.dat,HS problem 1973 size 15 15 density  0.50,15,15,14,14,0.457,solved,
Simonis,problem_15_15.dat,HS problem 1975 size 15 15 density  0.50,15,15,15,15,0.43,solved,
Simonis,problem_15_15.dat,HS problem 1980 size 15 15 density  0.50,15,15,13,13,0.304,solved,
Harvey,wbp_30_30.txt,"Warwick 1987: balanced products, 15 products per order",30,30,,,60.103,timeout,
Simonis,problem_15_15.dat,HS problem 1967 size 15 15 density  0.50,15,15,15,15,0.769,solved,
Simonis,problem_15_15.dat,HS problem 1969 size 15 15 density  0.50,15,15,15,15,0.734,solved,
Simonis,problem_15_15.dat,HS problem 1972 size 15 15 density  0.50,15,15,14,14,0.639,solved,
Simonis,problem_15_15.dat,HS problem 1974 size 15 15 density  0.50,15,15,14,14,0.61,solved,
Simonis,problem_15_15.dat,HS problem 1976 size 15 15 density  0.50,15,15,14,14,0.531,solved,
Simonis,problem_15_15.dat,HS problem 1979 size 15 15 density  0.50,15,15,15,15,0.489,solved,
Simonis,problem_15_15.dat,HS problem 1978 size 15 15 density  0.50,15,15,15,15,0.663,solved,
Simonis,problem_15_15.dat,HS problem 1982 size 15 15 density  0.50,15,15,15,15,0.543,solved,
Simonis,problem_15_15.dat,HS problem 1984 size 15 15 density  0.50,15,15,14,14,0.511,solved,
Simonis,problem_15_15.dat,HS problem 1988 size 15 15 density  0.50,15,15,13,13,0.396,solved,
Simonis,problem_15_15.dat,HS problem 1989 size 15 15 density  0.50,15,15,14,14,0.379,solved,
Simonis,problem_15_15.dat,HS problem 1977 size 15 15 density  0.50,15,15,14,14,0.807,solved,
Simonis,problem_15_15.dat,HS problem 1981 size 15 15 density  0.50,15,15,15,15,0.689,solved,
Simonis,problem_15_15.dat,HS problem 1983 size 15 15 density  0.50,15,15,14,14,0.657,solved,
Simonis,problem_15_15.dat,HS problem 1985 size 15 15 density  0.50,15,15,15,15,0.624,solved,
Simonis,problem_15_15.dat,HS problem 1986 size 15 15 density  0.50,15,15,14,14,0.608,solved,
Simonis,problem_15_15.dat,HS problem 1987 size 15 15 density  0.50,15,15,15,15,0.543,solved,
Simonis,problem_15_15.dat,HS problem 1990 size 15 15 density  0.50,15,15,15,15,0.637,solved,
Simonis,problem_15_15.dat,HS problem 1991 size 15 15 density  0.50,15,15,15,15,0.625,solved,
Simonis,problem_15_15.dat,HS problem 2001 size 15 15 density  0.55,15,15,13,13,0.348,solved,
Simonis,problem_15_15.dat,HS problem 1994 size 15 15 density  0.50,15,15,15,15,0.618,solved,
Simonis,problem_15_15.dat,HS problem 1995 size 15 15 density  0.50,15,15,14,14,0.602,solved,
Simonis,problem_15_15.dat,HS problem 1996 size 15 15 density  0.50,15,15,14,14,0.584,solved,
Simonis,problem_15_15.dat,HS problem 1999 size 15 15 density  0.50,15,15,13,13,0.469,solved,
Simonis,problem_15_15.dat,HS problem 2002 size 15 15 density  0.55,15,15,15,15,0.423,solved,
Simonis,problem_15_15.dat,HS problem 2009 size 15 15 density  0.55,15,15,14,14,0.261,solved,
Simonis,problem_15_15.dat,HS problem 1992 size 15 15 density  0.50,15,15,15,15,0.848,solved,
Simonis,problem_15_15.dat,HS problem 1993 size 15 15 density  0.50,15,15,15,15,0.782,solved,
Simonis,problem_15_15.dat,HS problem 1997 size 15 15 density  0.50,15,15,15,15,0.714,solved,
Simonis,problem_15_15.dat,HS problem 1998 size 15 15 density  0.50,15,15,14,14,0.698,solved,
Simonis,problem_15_15.dat,HS problem 2003 size 15 15 density  0.55,15,15,15,15,0.554,solved,
Simonis,problem_15_15.dat,HS problem 2004 size 15 15 density  0.55,15,15,14,14,0.537,solved,
Simonis,problem_15_15.dat,HS problem 2006 size 15 15 density  0.55,15,15,15,15,0.458,solved,
Simonis,problem_15_15.dat,HS problem 2007 size 15 15 density  0.55,15,15,14,14,0.441,solved,
Simonis,problem_15_15.dat,HS problem 2008 size 15 15 density  0.55,15,15,14,14,0.426,solved,
Simonis,problem_15_15.dat,HS problem 2011 size 15 15 density  0.55,15,15,14,14,0.327,solved,
Simonis,problem_15_15.dat,HS problem 2000 size 15 15 density  0.50,15,15,15,15,0.8,solved,
Simonis,problem_15_15.dat,HS problem 2005 size 15 15 density  0.55,15,15,15,15,0.72,solved,
Simonis,problem_15_15.dat,HS problem 2010 size 15 15 density  0.55,15,15,14,14,0.593,solved,
Simonis,problem_15_15.dat,HS problem 2012 size 15 15 density  0.55,15,15,15,15,0.512,solved,
Simonis,problem_15_15.dat,HS problem 2014 size 15 15 density  0.55,15,15,15,15,0.484,solved,
Simonis,problem_15_15.dat,HS problem 2015 size 15 15 density  0.55,15,15,15,15,0.47,solved,
Simonis,problem_15_15.dat,HS problem 2016 size 15 15 density  0.55,15,15,15,15,0.454,solved,
Simonis,problem_15_15.dat,HS problem 2020 size 15 15 density  0.55,15,15,13,13,0.296,solved,
Simonis,problem_15_15.dat,HS problem 2022 size 15 15 density  0.55,15,15,14,14,0.269,solved,
Simonis,problem_15_15.dat,HS problem 2013 size 15 15 density  0.55,15,15,15,15,0.693,solved,
Simonis,problem_15_15.dat,HS problem 2017 size 15 15 density  0.55,15,15,15,15,0.582,solved,
Simonis,problem_15_15.dat,HS problem 2018 size 15 15 density  0.55,15,15,15,15,0.57,solved,
Simonis,problem_15_15.dat,HS problem 2019 size 15 15 density  0.55,15,15,15,15,0.554,solved,
Simonis,problem_15_15.dat,HS problem 2024 size 15 15 density  0.55,15,15,15,15,0.431,solved,
Simonis,problem_15_15.dat,HS problem 2027 size 15 15 density  0.55,15,15,15,15,0.334,solved,
Simonis,problem_15_15.dat,HS problem 2021 size 15 15 density  0.55,15,15,15,15,0.617,solved,
Simonis,problem_15_15.dat,HS problem 2023 size 15 15 density  0.55,15,15,15,15,0.585,solved,
Simonis,problem_15_15.dat,HS problem 2025 size 15 15 density  0.55,15,15,14,14,0.552,solved,
Simonis,problem_15_15.dat,HS problem 2026 size 15 15 density  0.55,15,15,15,15,0.482,solved,
Simonis,problem_15_15.dat,HS problem 2030 size 15 15 density  0.55,15,15,14,14,0.432,solved,
Simonis,problem_15_15.dat,HS problem 2035 size 15 15 density  0.55,15,15,14,14,0.351,solved,
Simonis,problem_15_15.dat,HS problem 2028 size 15 15 density  0.55,15,15,15,15,0.613,solved,
Simonis,problem_15_15.dat,HS problem 2029 size 15 15 density  0.55,15,15,15,15,0.6,solved,
Simonis,problem_15_15.dat,HS problem 2031 size 15 15 density  0.55,15,15,14,14,0.568,solved,
Simonis,problem_15_15.dat,HS problem 2032 size 15 15 density  0.55,15,15,15,15,0.55,solved,
Simonis,problem_15_15.dat,HS problem 2033 size 15 15 density  0.55,15,15,15,15,0.534,solved,
Simonis,problem_15_15.dat,HS problem 2034 size 15 15 density  0.55,15,15,15,15,0.518,solved,
Simonis,problem_15_15.dat,HS problem 2036 size 15 15 density  0.55,15,15,14,14,0.434,solved,
Simonis,problem_15_15.dat,HS problem 2037 size 15 15 density  0.55,15,15,15,15,0.575,solved,
Simonis,problem_15_15.dat,HS problem 2038 size 15 15 density  0.55,15,15,14,14,0.558,solved,
Simonis,problem_15_15.dat,HS problem 2041 size 15 15 density  0.55,15,15,15,15,0.508,solved,
Simonis,problem_15_15.dat,HS problem 2040 size 15 15 density  0.55,15,15,15,15,0.617,solved,
Simonis,problem_15_15.dat,HS problem 2042 size 15 15 density  0.55,15,15,15,15,0.588,solved,
Simonis,problem_15_15.dat,HS problem 2043 size 15 15 density  0.55,15,15,14,14,0.573,solved,
Simonis,problem_15_15.dat,HS problem 2044 size 15 15 density  0.55,15,15,15,15,0.555,solved,
Simonis,problem_15_15.dat,HS problem 2045 size 15 15 density  0.55,15,15,14,14,0.488,solved,
Simonis,problem_15_15.dat,HS problem 2053 size 15 15 density  0.60,15,15,15,15,0.317,solved,
Simonis,problem_15_15.dat,HS problem 2039 size 15 15 density  0.55,15,15,14,14,0.78,solved,
Simonis,problem_15_15.dat,HS problem 2047 size 15 15 density  0.55,15,15,15,15,0.607,solved,
Simonis,problem_15_15.dat,HS problem 2048 size 15 15 density  0.55,15,15,15,15,0.592,solved,
Simonis,problem_15_15.dat,HS problem 2051 size 15 15 density  0.60,15,15,14,14,0.497,solved,
Simonis,problem_15_15.dat,HS problem 2052 size 15 15 density  0.60,15,15,15,15,0.481,solved,
Simonis,problem_15_15.dat,HS problem 2054 size 15 15 density  0.60,15,15,15,15,0.447,solved,
Harvey,wbp_30_30.txt,"Warwick 1989: balanced products, 15 products per order",30,30,,,60.061,timeout,
Simonis,problem_15_15.dat,HS problem 2046 size 15 15 density  0.55,15,15,14,14,0.777,solved,
Simonis,problem_15_15.dat,HS problem 2049 size 15 15 density  0.55,15,15,15,15,0.731,solved,
Simonis,problem_15_15.dat,HS problem 2050 size 15 15 density  0.55,15,15,15,15,0.717,solved,
Simonis,problem_15_15.dat,HS problem 2055 size 15 15 density  0.60,15,15,15,15,0.588,solved,
Simonis,problem_15_15.dat,HS problem 2056 size 15 15 density  0.60,15,15,15,15,0.57,solved,
Simonis,problem_15_15.dat,HS problem 2057 size 15 15 density  0.60,15,15,15,15,0.502,solved,
Simonis,problem_15_15.dat,HS problem 2058 size 15 15 density  0.60,15,15,15,15,0.487,solved,
Simonis,problem_15_15.dat,HS problem 2060 size 15 15 density  0.60,15,15,15,15,0.457,solved,
Simonis,problem_15_15.dat,HS problem 2061 size 15 15 density  0.60,15,15,15,15,0.442,solved,
Simonis,problem_15_15.dat,HS problem 2062 size 15 15 density  0.60,15,15,15,15,0.427,solved,
Simonis,problem_15_15.dat,HS problem 2063 size 15 15 density  0.60,15,15,15,15,0.413,solved,
Simonis,problem_15_15.dat,HS problem 2064 size 15 15 density  0.60,15,15,15,15,0.347,solved,
Simonis,problem_15_15.dat,HS problem 2065 size 15 15 density  0.60,15,15,15,15,0.333,solved,
Harvey,wbp_30_30.txt,"Warwick 1990: balanced products, 15 products per order",30,30,,,60.133,timeout,
Miller,Miller19.txt,Miller19_0,20,40,,,60.132,timeout,
Simonis,problem_15_15.dat,HS problem 2059 size 15 15 density  0.60,15,15,14,14,0.753,solved,
Simonis,problem_15_15.dat,HS problem 2066 size 15 15 density  0.60,15,15,15,15,0.601,solved,
Simonis,problem_15_15.dat,HS problem 2067 size 15 15 density  0.60,15,15,15,15,0.535,solved,
Simonis,problem_15_15.dat,HS problem 2068 size 15 15 density  0.60,15,15,14,14,0.521,solved,
Simonis,problem_15_15.dat,HS problem 2071 size 15 15 density  0.60,15,15,15,15,0.469,solved,
Simonis,problem_15_15.dat,HS problem 2073 size 15 15 density  0.60,15,15,15,15,0.388,solved,
Simonis,problem_15_15.dat,HS problem 2075 size 15 15 density  0.60,15,15,15,15,0.359,solved,
Simonis,problem_15_15.dat,HS problem 2078 size 15 15 density  0.60,15,15,15,15,0.308,solved,
Simonis,problem_15_15.dat,HS problem 2069 size 15 15 density  0.60,15,15,15,15,0.72,solved,
Simonis,problem_15_15.dat,HS problem 2070 size 15 15 density  0.60,15,15,15,15,0.701,solved,
Simonis,problem_15_15.dat,HS problem 2072 size 15 15 density  0.60,15,15,15,15,0.67,solved,
Simonis,problem_15_15.dat,HS problem 2074 size 15 15 density  0.60,15,15,15,15,0.591,solved,
Simonis,problem_15_15.dat,HS problem 2076 size 15 15 density  0.60,15,15,15,15,0.559,solved,
Simonis,problem_15_15.dat,HS problem 2077 size 15 15 density  0.60,15,15,15,15,0.542,solved,
Simonis,problem_15_15.dat,HS problem 2079 size 15 15 density  0.60,15,15,15,15,0.447,solved,
Simonis,problem_15_15.dat,HS problem 2080 size 15 15 density  0.60,15,15,15,15,0.435,solved,
Simonis,problem_15_15.dat,HS problem 2088 size 15 15 density  0.60,15,15,15,15,0.309,solved,
Simonis,problem_15_15.dat,HS problem 2081 size 15 15 density  0.60,15,15,15,15,0.601,solved,
Simonis,problem_15_15.dat,HS problem 2082 size 15 15 density  0.60,15,15,15,15,0.589,solved,
Simonis,problem_15_15.dat,HS problem 2083 size 15 15 density  0.60,15,15,15,15,0.573,solved,
Simonis,problem_15_15.dat,HS problem 2084 size 15 15 density  0.60,15,15,15,15,0.557,solved,
Simonis,problem_15_15.dat,HS problem 2085 size 15 15 density  0.60,15,15,14,14,0.541,solved,
Simonis,problem_15_15.dat,HS problem 2086 size 15 15 density  0.60,15,15,15,15,0.521,solved,
Simonis,problem_15_15.dat,HS problem 2087 size 15 15 density  0.60,15,15,15,15,0.502,solved,
Simonis,problem_15_15.dat,HS problem 2089 size 15 15 density  0.60,15,15,15,15,0.471,solved,
Simonis,problem_15_15.dat,HS problem 2090 size 15 15 density  0.60,15,15,15,15,0.459,solved,
Simonis,problem_15_15.dat,HS problem 2091 size 15 15 density  0.60,15,15,15,15,0.444,solved,
Simonis,problem_15_15.dat,HS problem 2093 size 15 15 density  0.60,15,15,15,15,0.342,solved,
Simonis,problem_15_15.dat,HS problem 2094 size 15 15 density  0.60,15,15,15,15,0.331,solved,
Simonis,problem_15_15.dat,HS problem 2100 size 15 15 density  0.60,15,15,14,14,0.227,solved,
Simonis,problem_15_15.dat,HS problem 2092 size 15 15 density  0.60,15,15,15,15,0.681,solved,
Simonis,problem_15_15.dat,HS problem 2095 size 15 15 density  0.60,15,15,15,15,0.57,solved,
Simonis,problem_15_15.dat,HS problem 2096 size 15 15 density  0.60,15,15,15,15,0.557,solved,
Simonis,problem_15_15.dat,HS problem 2097 size 15 15 density  0.60,15,15,14,14,0.538,solved,
Simonis,problem_15_15.dat,HS problem 2098 size 15 15 density  0.60,15,15,15,15,0.518,solved,
Simonis,problem_15_15.dat,HS problem 2099 size 15 15 density  0.60,15,15,15,15,0.499,solved,
Simonis,problem_15_15.dat,HS problem 2101 size 15 15 density  0.65,15,15,15,15,0.463,solved,
Simonis,problem_15_15.dat,HS problem 2102 size 15 15 density  0.65,15,15,15,15,0.444,solved,
Simonis,problem_15_15.dat,HS problem 2103 size 15 15 density  0.65,15,15,15,15,0.378,solved,
Simonis,problem_15_15.dat,HS problem 2104 size 15 15 density  0.65,15,15,15,15,0.367,solved,
Simonis,problem_15_15.dat,HS problem 2106 size 15 15 density  0.65,15,15,15,15,0.34,solved,
Simonis,problem_15_15.dat,HS problem 2107 size 15 15 density  0.65,15,15,15,15,0.327,solved,
Simonis,problem_15_15.dat,HS problem 2105 size 15 15 density  0.65,15,15,15,15,0.58,solved,
Simonis,problem_15_15.dat,HS problem 2108 size 15 15 density  0.65,15,15,15,15,0.54,solved,
Simonis,problem_15_15.dat,HS problem 2109 size 15 15 density  0.65,15,15,15,15,0.526,solved,
Simonis,problem_15_15.dat,HS problem 2110 size 15 15 density  0.65,15,15,15,15,0.508,solved,
Simonis,problem_15_15.dat,HS problem 2111 size 15 15 density  0.65,15,15,15,15,0.494,solved,
Simonis,problem_15_15.dat,HS problem 2112 size 15 15 density  0.65,15,15,15,15,0.428,solved,
Simonis,problem_15_15.dat,HS problem 2113 size 15 15 density  0.65,15,15,15,15,0.417,solved,
Simonis,problem_15_15.dat,HS problem 2114 size 15 15 density  0.65,15,15,15,15,0.403,solved,
Simonis,problem_15_15.dat,HS problem 2116 size 15 15 density  0.65,15,15,15,15,0.378,solved,
Simonis,problem_15_15.dat,HS problem 2117 size 15 15 density  0.65,15,15,15,15,0.362,solved,
Simonis,problem_15_15.dat,HS problem 2118 size 15 15 density  0.65,15,15,15,15,0.343,solved,
Simonis,problem_15_15.dat,HS problem 2119 size 15 15 density  0.65,15,15,15,15,0.329,solved,
Simonis,problem_15_15.dat,HS problem 2115 size 15 15 density  0.65,15,15,15,15,0.619,solved,
Simonis,problem_15_15.dat,HS problem 2120 size 15 15 density  0.65,15,15,15,15,0.54,solved,
Simonis,problem_15_15.dat,HS problem 2121 size 15 15 density  0.65,15,15,15,15,0.521,solved,
Simonis,problem_15_15.dat,HS problem 2122 size 15 15 density  0.65,15,15,15,15,0.501,solved,
Simonis,problem_15_15.dat,HS problem 2123 size 15 15 density  0.65,15,15,15,15,0.485,solved,
Simonis,problem_15_15.dat,HS problem 2124 size 15 15 density  0.65,15,15,15,15,0.47,solved,
Simonis,problem_15_15.dat,HS problem 2125 size 15 15 density  0.65,15,15,15,15,0.404,solved,
Simonis,problem_15_15.dat,HS problem 2126 size 15 15 density  0.65,15,15,15,15,0.392,solved,
Simonis,problem_15_15.dat,HS problem 2127 size 15 15 density  0.65,15,15,15,15,0.38,solved,
Simonis,problem_15_15.dat,HS problem 2128 size 15 15 density  0.65,15,15,15,15,0.367,solved,
Simonis,problem_15_15.dat,HS problem 2130 size 15 15 density  0.65,15,15,15,15,0.335,solved,
Simonis,problem_15_15.dat,HS problem 2132 size 15 15 density  0.65,15,15,15,15,0.314,solved,
Simonis,problem_15_15.dat,HS problem 2129 size 15 15 density  0.65,15,15,15,15,0.562,solved,
Simonis,problem_15_15.dat,HS problem 2131 size 15 15 density  0.65,15,15,15,15,0.535,solved,
Simonis,problem_15_15.dat,HS problem 2133 size 15 15 density  0.65,15,15,15,15,0.511,solved,
Simonis,problem_15_15.dat,HS problem 2134 size 15 15 density  0.65,15,15,15,15,0.492,solved,
Simonis,problem_15_15.dat,HS problem 2135 size 15 15 density  0.65,15,15,15,15,0.476,solved,
Simonis,problem_15_15.dat,HS problem 2136 size 15 15 density  0.65,15,15,15,15,0.458,solved,
Simonis,problem_15_15.dat,HS problem 2137 size 15 15 density  0.65,15,15,15,15,0.39,solved,
Simonis,problem_15_15.dat,HS problem 2138 size 15 15 density  0.65,15,15,15,15,0.378,solved,
Simonis,problem_15_15.dat,HS problem 2139 size 15 15 density  0.65,15,15,15,15,0.364,solved,
Simonis,problem_15_15.dat,HS problem 2141 size 15 15 density  0.65,15,15,15,15,0.337,solved,
Simonis,problem_15_15.dat,HS problem 2140 size 15 15 density  0.65,15,15,15,15,0.542,solved,
Simonis,problem_15_15.dat,HS problem 2142 size 15 15 density  0.65,15,15,15,15,0.515,solved,
Simonis,problem_15_15.dat,HS problem 2143 size 15 15 density  0.65,15,15,15,15,0.498,solved,
Simonis,problem_15_15.dat,HS problem 2144 size 15 15 density  0.65,15,15,15,15,0.48,solved,
Simonis,problem_15_15.dat,HS problem 2145 size 15 15 density  0.65,15,15,15,15,0.467,solved,
Simonis,problem_15_15.dat,HS problem 2146 size 15 15 density  0.65,15,15,15,15,0.45,solved,
Simonis,problem_15_15.dat,HS problem 2147 size 15 15 density  0.65,15,15,15,15,0.435,solved,
Simonis,problem_15_15.dat,HS problem 2148 size 15 15 density  0.65,15,15,15,15,0.419,solved,
Simonis,problem_15_15.dat,HS problem 2149 size 15 15 density  0.65,15,15,15,15,0.354,solved,
Simonis,problem_15_15.dat,HS problem 2154 size 15 15 density  0.70,15,15,15,15,0.293,solved,
Simonis,problem_15_15.dat,HS problem 2155 size 15 15 density  0.70,15,15,15,15,0.284,solved,
Simonis,problem_15_15.dat,HS problem 2150 size 15 15 density  0.65,15,15,15,15,0.554,solved,
Simonis,problem_15_15.dat,HS problem 2151 size 15 15 density  0.70,15,15,15,15,0.543,solved,
Simonis,problem_15_15.dat,HS problem 2152 size 15 15 density  0.70,15,15,15,15,0.53,solved,
Simonis,problem_15_15.dat,HS problem 2153 size 15 15 density  0.70,15,15,15,15,0.517,solved,
Simonis,problem_15_15.dat,HS problem 2156 size 15 15 density  0.70,15,15,15,15,0.481,solved,
Simonis,problem_15_15.dat,HS problem 2157 size 15 15 density  0.70,15,15,15,15,0.463,solved,
Simonis,problem_15_15.dat,HS problem 2158 size 15 15 density  0.70,15,15,15,15,0.447,solved,
Simonis,problem_15_15.dat,HS problem 2159 size 15 15 density  0.70,15,15,15,15,0.433,solved,
Simonis,problem_15_15.dat,HS problem 2160 size 15 15 density  0.70,15,15,15,15,0.418,solved,
Simonis,problem_15_15.dat,HS problem 2161 size 15 15 density  0.70,15,15,15,15,0.354,solved,
Simonis,problem_15_15.dat,HS problem 2162 size 15 15 density  0.70,15,15,15,15,0.344,solved,
Simonis,problem_15_15.dat,HS problem 2163 size 15 15 density  0.70,15,15,15,15,0.336,solved,
Simonis,problem_15_15.dat,HS problem 2164 size 15 15 density  0.70,15,15,15,15,0.542,solved,
Simonis,problem_15_15.dat,HS problem 2165 size 15 15 density  0.70,15,15,15,15,0.524,solved,
Simonis,problem_15_15.dat,HS problem 2166 size 15 15 density  0.70,15,15,15,15,0.503,solved,
Simonis,problem_15_15.dat,HS problem 2167 size 15 15 density  0.70,15,15,15,15,0.486,solved,
Simonis,problem_15_15.dat,HS problem 2168 size 15 15 density  0.70,15,15,15,15,0.471,solved,
Simonis,problem_15_15.dat,HS problem 2169 size 15 15 density  0.70,15,15,15,15,0.457,solved,
Simonis,problem_15_15.dat,HS problem 2170 size 15 15 density  0.70,15,15,15,15,0.443,solved,
Simonis,problem_15_15.dat,HS problem 2171 size 15 15 density  0.70,15,15,15,15,0.378,solved,
Simonis,problem_15_15.dat,HS problem 2172 size 15 15 density  0.70,15,15,15,15,0.365,solved,
Simonis,problem_15_15.dat,HS problem 2173 size 15 15 density  0.70,15,15,15,15,0.354,solved,
Simonis,problem_15_15.dat,HS problem 2174 size 15 15 density  0.70,15,15,15,15,0.342,solved,
Simonis,problem_15_15.dat,HS problem 2176 size 15 15 density  0.70,15,15,15,15,0.315,solved,
Simonis,problem_15_15.dat,HS problem 2177 size 15 15 density  0.70,15,15,15,15,0.303,solved,
Simonis,problem_15_15.dat,HS problem 2175 size 15 15 density  0.70,15,15,15,15,0.561,solved,
Simonis,problem_15_15.dat,HS problem 2178 size 15 15 density  0.70,15,15,15,15,0.521,solved,
Simonis,problem_15_15.dat,HS problem 2179 size 15 15 density  0.70,15,15,15,15,0.504,solved,
Simonis,problem_15_15.dat,HS problem 2180 size 15 15 density  0.70,15,15,15,15,0.488,solved,
Simonis,problem_15_15.dat,HS problem 2181 size 15 15 density  0.70,15,15,15,15,0.468,solved,
Simonis,problem_15_15.dat,HS problem 2182 size 15 15 density  0.70,15,15,15,15,0.399,solved,
Simonis,problem_15_15.dat,HS problem 2184 size 15 15 density  0.70,15,15,15,15,0.378,solved,
Simonis,problem_15_15.dat,HS problem 2185 size 15 15 density  0.70,15,15,15,15,0.365,solved,
Simonis,problem_15_15.dat,HS problem 2186 size 15 15 density  0.70,15,15,15,15,0.352,solved,
Simonis,problem_15_15.dat,HS problem 2187 size 15 15 density  0.70,15,15,15,15,0.341,solved,
Simonis,problem_15_15.dat,HS problem 2188 size 15 15 density  0.70,15,15,15,15,0.327,solved,
Simonis,problem_15_15.dat,HS problem 2189 size 15 15 density  0.70,15,15,15,15,0.314,solved,
Simonis,problem_15_15.dat,HS problem 2183 size 15 15 density  0.70,15,15,15,15,0.607,solved,
Simonis,problem_15_15.dat,HS problem 2190 size 15 15 density  0.70,15,15,15,15,0.518,solved,
Simonis,problem_15_15.dat,HS problem 2191 size 15 15 density  0.70,15,15,15,15,0.501,solved,
Simonis,problem_15_15.dat,HS problem 2192 size 15 15 density  0.70,15,15,15,15,0.485,solved,
Simonis,problem_15_15.dat,HS problem 2193 size 15 15 density  0.70,15,15,15,15,0.468,solved,
Simonis,problem_15_15.dat,HS problem 2194 size 15 15 density  0.70,15,15,15,15,0.401,solved,
Simonis,problem_15_15.dat,HS problem 2195 size 15 15 density  0.70,15,15,15,15,0.39,solved,
Simonis,problem_15_15.dat,HS problem 2196 size 15 15 density  0.70,15,15,15,15,0.377,solved,
Simonis,problem_15_15.dat,HS problem 2197 size 15 15 density  0.70,15,15,15,15,0.365,solved,
Simonis,problem_15_15.dat,HS problem 2198 size 15 15 density  0.70,15,15,15,15,0.352,solved,
Simonis,problem_15_15.dat,HS problem 2199 size 15 15 density  0.70,15,15,15,15,0.336,solved,
Simonis,problem_15_15.dat,HS problem 2200 size 15 15 density  0.70,15,15,15,15,0.321,solved,
Simonis,problem_15_30.dat,HS problem 3212 size 15 30 density  0.25,15,30,12,12,2.114,solved,
Simonis,problem_15_30.dat,HS problem 3216 size 15 30 density  0.25,15,30,11,11,3.744,solved,
Simonis,problem_15_30.dat,HS problem 3220 size 15 30 density  0.25,15,30,10,10,4.25,solved,
Simonis,problem_15_30.dat,HS problem 3202 size 15 30 density  0.20,15,30,11,11,4.996,solved,
Simonis,problem_15_30.dat,HS problem 3214 size 15 30 density  0.25,15,30,12,12,5.162,solved,
Simonis,problem_15_30.dat,HS problem 3219 size 15 30 density  0.25,15,30,11,11,5.81,solved,
Simonis,problem_15_30.dat,HS problem 3196 size 15 30 density  0.20,15,30,10,10,6.418,solved,
Simonis,problem_15_30.dat,HS problem 3221 size 15 30 density  0.25,15,30,13,13,4.209,solved,
Simonis,problem_15_30.dat,HS problem 3191 size 15 30 density  0.20,15,30,10,10,7.324,solved,
Simonis,problem_15_30.dat,HS problem 3205 size 15 30 density  0.20,15,30,11,11,9.113,solved,
Simonis,problem_15_30.dat,HS problem 3217 size 15 30 density  0.25,15,30,12,12,10.037,solved,
Simonis,problem_15_30.dat,HS problem 3206 size 15 30 density  0.20,15,30,12,12,11.386,solved,
Simonis,problem_15_30.dat,HS problem 3215 size 15 30 density  0.25,15,30,13,13,11.55,solved,
Simonis,problem_15_30.dat,HS problem 3210 size 15 30 density  0.20,15,30,12,12,12.562,solved,
Simonis,problem_15_30.dat,HS problem 3208 size 15 30 density  0.20,15,30,11,11,12.906,solved,
Simonis,problem_15_30.dat,HS problem 3193 size 15 30 density  0.20,15,30,9,9,14.283,solved,
Simonis,problem_15_30.dat,HS problem 3223 size 15 30 density  0.25,15,30,10,10,11.258,solved,
Simonis,problem_15_30.dat,HS problem 3207 size 15 30 density  0.20,15,30,11,11,16.858,solved,
Simonis,problem_15_30.dat,HS problem 3227 size 15 30 density  0.25,15,30,11,11,11.563,solved,
Simonis,problem_15_30.dat,HS problem 3198 size 15 30 density  0.20,15,30,10,10,18.626,solved,
Simonis,problem_15_30.dat,HS problem 3236 size 15 30 density  0.30,15,30,13,13,5.077,solved,
Simonis,problem_15_30.dat,HS problem 3204 size 15 30 density  0.20,15,30,12,12,21.899,solved,
Simonis,problem_15_30.dat,HS problem 3226 size 15 30 density  0.25,15,30,12,12,16.916,solved,
Simonis,problem_15_30.dat,HS problem 3229 size 15 30 density  0.25,15,30,11,11,16.136,solved,
Simonis,problem_15_30.dat,HS problem 3231 size 15 30 density  0.30,15,30,13,13,14.509,solved,
Simonis,problem_15_30.dat,HS problem 3199 size 15 30 density  0.20,15,30,11,11,25.695,solved,
Simonis,problem_15_30.dat,HS problem 3201 size 15 30 density  0.20,15,30,12,12,26.591,solved,
Simonis,problem_15_30.dat,HS problem 3241 size 15 30 density  0.30,15,30,14,14,7.452,solved,
Simonis,problem_15_30.dat,HS problem 3235 size 15 30 density  0.30,15,30,13,13,14.27,solved,
Simonis,problem_15_30.dat,HS problem 3232 size 15 30 density  0.30,15,30,12,12,16.692,solved,
Simonis,problem_15_30.dat,HS problem 3244 size 15 30 density  0.30,15,30,13,13,5.189,solved,
Simonis,problem_15_30.dat,HS problem 3242 size 15 30 density  0.30,15,30,13,13,7.348,solved,
Simonis,problem_15_30.dat,HS problem 3249 size 15 30 density  0.30,15,30,13,13,2.778,solved,
Simonis,problem_15_30.dat,HS problem 3228 size 15 30 density  0.25,15,30,11,11,26.057,solved,
Simonis,problem_15_30.dat,HS problem 3239 size 15 30 density  0.30,15,30,14,14,15.88,solved,
Simonis,problem_15_30.dat,HS problem 3243 size 15 30 density  0.30,15,30,14,14,10.956,solved,
Simonis,problem_15_30.dat,HS problem 3246 size 15 30 density  0.30,15,30,14,14,8.612,solved,
Simonis,problem_15_30.dat,HS problem 3257 size 15 30 density  0.35,15,30,14,14,3.787,solved,
Simonis,problem_15_30.dat,HS problem 3250 size 15 30 density  0.30,15,30,13,13,12.2,solved,
Simonis,problem_15_30.dat,HS problem 3237 size 15 30 density  0.30,15,30,14,14,26.369,solved,
Simonis,problem_15_30.dat,HS problem 3240 size 15 30 density  0.30,15,30,13,13,30.637,solved,
Simonis,problem_15_30.dat,HS problem 3225 size 15 30 density  0.25,15,30,13,13,44.719,solved,
Simonis,problem_15_30.dat,HS problem 3194 size 15 30 density  0.20,15,30,10,10,50.357,solved,
Simonis,problem_15_30.dat,HS problem 3259 size 15 30 density  0.35,15,30,14,14,11.587,solved,
Simonis,problem_15_30.dat,HS problem 3192 size 15 30 density  0.20,15,30,10,10,53.631,solved,
Simonis,problem_15_30.dat,HS problem 3258 size 15 30 density  0.35,15,30,13,13,16.009,solved,
Simonis,problem_15_30.dat,HS problem 3195 size 15 30 density  0.20,15,30,10,10,57.238,solved,
Simonis,problem_15_30.dat,HS problem 3264 size 15 30 density  0.35,15,30,15,15,6.597,solved,
Simonis,problem_15_30.dat,HS problem 3197 size 15 30 density  0.20,15,30,,,60.01,timeout,
Simonis,problem_15_30.dat,HS problem 3200 size 15 30 density  0.20,15,30,,,60.066,timeout,
Simonis,problem_15_30.dat,HS problem 3203 size 15 30 density  0.20,15,30,,,60.045,timeout,
Simonis,problem_15_30.dat,HS problem 3261 size 15 30 density  0.35,15,30,14,14,10.772,solved,
Simonis,problem_15_30.dat,HS problem 3209 size 15 30 density  0.20,15,30,,,60.034,timeout,
Simonis,problem_15_30.dat,HS problem 3211 size 15 30 density  0.25,15,30,,,60.037,timeout,
Simonis,problem_15_30.dat,HS problem 3213 size 15 30 density  0.25,15,30,,,60.045,timeout,
Simonis,problem_15_30.dat,HS problem 3218 size 15 30 density  0.25,15,30,,,60.011,timeout,
Simonis,problem_15_30.dat,HS problem 3268 size 15 30 density  0.35,15,30,14,14,1.923,solved,
Simonis,problem_15_30.dat,HS problem 3274 size 15 30 density  0.40,15,30,14,14,1.819,solved,
Simonis,problem_15_30.dat,HS problem 3222 size 15 30 density  0.25,15,30,12,12,59.444,solved,
Simonis,problem_15_30.dat,HS problem 3271 size 15 30 density  0.40,15,30,15,15,4.837,solved,
Simonis,problem_15_30.dat,HS problem 3224 size 15 30 density  0.25,15,30,,,60.012,timeout,
Simonis,problem_15_30.dat,HS problem 3277 size 15 30 density  0.40,15,30,15,15,7.417,solved,
Simonis,problem_15_30.dat,HS problem 3266 size 15 30 density  0.35,15,30,14,14,13.96,solved,
Simonis,problem_15_30.dat,HS problem 3230 size 15 30 density  0.25,15,30,11,11,59.642,solved,
Simonis,problem_15_30.dat,HS problem 3278 size 15 30 density  0.40,15,30,15,15,9.155,solved,
Simonis,problem_15_30.dat,HS problem 3233 size 15 30 density  0.30,15,30,,,60.031,timeout,
Simonis,problem_15_30.dat,HS problem 3267 size 15 30 density  0.35,15,30,14,14,14.98,solved,
Simonis,problem_15_30.dat,HS problem 3234 size 15 30 density  0.30,15,30,,,60.02,timeout,
Simonis,problem_15_30.dat,HS problem 3269 size 15 30 density  0.35,15,30,14,14,14.224,solved,
Simonis,problem_15_30.dat,HS problem 3284 size 15 30 density  0.40,15,30,14,14,7.673,solved,
Simonis,problem_15_30.dat,HS problem 3283 size 15 30 density  0.40,15,30,15,15,8.357,solved,
Simonis,problem_15_30.dat,HS problem 3238 size 15 30 density  0.30,15,30,,,60.02,timeout,
Simonis,problem_15_30.dat,HS problem 3281 size 15 30 density  0.40,15,30,15,15,12.661,solved,
Simonis,problem_15_30.dat,HS problem 3275 size 15 30 density  0.40,15,30,14,14,17.908,solved,
Simonis,problem_15_30.dat,HS problem 3282 size 15 30 density  0.40,15,30,15,15,10.922,solved,
Simonis,problem_15_30.dat,HS problem 3290 size 15 30 density  0.40,15,30,14,14,2.516,solved,
Simonis,problem_15_30.dat,HS problem 3263 size 15 30 density  0.35,15,30,14,14,30.319,solved,
Simonis,problem_15_30.dat,HS problem 3251 size 15 30 density  0.35,15,30,14,14,52.037,solved,
Simonis,problem_15_30.dat,HS problem 3291 size 15 30 density  0.45,15,30,15,15,4.223,solved,
Simonis,problem_15_30.dat,HS problem 3297 size 15 30 density  0.45,15,30,15,15,2.807,solved,
Simonis,problem_15_30.dat,HS problem 3294 size 15 30 density  0.45,15,30,15,15,5.325,solved,
Simonis,problem_15_30.dat,HS problem 3289 size 15 30 density  0.40,15,30,15,15,9.967,solved,
Simonis,problem_15_30.dat,HS problem 3245 size 15 30 density  0.30,15,30,,,60.05,timeout,
Simonis,problem_15_30.dat,HS problem 3293 size 15 30 density  0.45,15,30,15,15,7.175,solved,
Simonis,problem_15_30.dat,HS problem 3298 size 15 30 density  0.45,15,30,15,15,5.25,solved,
Simonis,problem_15_30.dat,HS problem 3299 size 15 30 density  0.45,15,30,15,15,5.651,solved,
Simonis,problem_15_30.dat,HS problem 3247 size 15 30 density  0.30,15,30,,,60.046,timeout,
Simonis,problem_15_30.dat,HS problem 3248 size 15 30 density  0.30,15,30,,,60.018,timeout,
Simonis,problem_15_30.dat,HS problem 3304 size 15 30 density  0.45,15,30,15,15,3.139,solved,
Simonis,problem_15_30.dat,HS problem 3273 size 15 30 density  0.40,15,30,15,15,27.943,solved,
Simonis,problem_15_30.dat,HS problem 3305 size 15 30 density  0.45,15,30,15,15,3.357,solved,
Simonis,problem_15_30.dat,HS problem 3252 size 15 30 density  0.35,15,30,,,60.04,timeout,
Simonis,problem_15_30.dat,HS problem 3310 size 15 30 density  0.45,15,30,15,15,1.48,solved,
Simonis,problem_15_30.dat,HS problem 3253 size 15 30 density  0.35,15,30,,,60.029,timeout,
Simonis,problem_15_30.dat,HS problem 3286 size 15 30 density  0.40,15,30,15,15,18.547,solved,
Simonis,problem_15_30.dat,HS problem 3302 size 15 30 density  0.45,15,30,15,15,6.413,solved,
Simonis,problem_15_30.dat,HS problem 3306 size 15 30 density  0.45,15,30,15,15,4.934,solved,
Simonis,problem_15_30.dat,HS problem 3295 size 15 30 density  0.45,15,30,15,15,12.822,solved,
Simonis,problem_15_30.dat,HS problem 3300 size 15 30 density  0.45,15,30,15,15,8.946,solved,
Simonis,problem_15_30.dat,HS problem 3308 size 15 30 density  0.45,15,30,15,15,5.708,solved,
Simonis,problem_15_30.dat,HS problem 3315 size 15 30 density  0.50,15,30,15,15,2.152,solved,
Simonis,problem_15_30.dat,HS problem 3254 size 15 30 density  0.35,15,30,,,60.013,timeout,
Simonis,problem_15_30.dat,HS problem 3292 size 15 30 density  0.45,15,30,15,15,16.591,solved,
Simonis,problem_15_30.dat,HS problem 3255 size 15 30 density  0.35,15,30,,,60.001,timeout,
Simonis,problem_15_30.dat,HS problem 3256 size 15 30 density  0.35,15,30,,,60.027,timeout,
Simonis,problem_15_30.dat,HS problem 3301 size 15 30 density  0.45,15,30,15,15,10.772,solved,
Simonis,problem_15_30.dat,HS problem 3279 size 15 30 density  0.40,15,30,15,15,31.02,solved,
Simonis,problem_15_30.dat,HS problem 3296 size 15 30 density  0.45,15,30,14,14,15.334,solved,
Simonis,problem_15_30.dat,HS problem 3314 size 15 30 density  0.50,15,30,15,15,4.926,solved,
Simonis,problem_15_30.dat,HS problem 3313 size 15 30 density  0.50,15,30,15,15,5.982,solved,
Simonis,problem_15_30.dat,HS problem 3311 size 15 30 density  0.50,15,30,15,15,7.36,solved,
Simonis,problem_15_30.dat,HS problem 3316 size 15 30 density  0.50,15,30,15,15,5.982,solved,
Simonis,problem_15_30.dat,HS problem 3317 size 15 30 density  0.50,15,30,15,15,5.113,solved,
Simonis,problem_15_30.dat,HS problem 3287 size 15 30 density  0.40,15,30,15,15,25.028,solved,
Simonis,problem_15_30.dat,HS problem 3318 size 15 30 density  0.50,15,30,15,15,5.566,solved,
Simonis,problem_15_30.dat,HS problem 3319 size 15 30 density  0.50,15,30,15,15,5.671,solved,
Simonis,problem_15_30.dat,HS problem 3326 size 15 30 density  0.50,15,30,15,15,3.696,solved,
Simonis,problem_15_30.dat,HS problem 3333 size 15 30 density  0.55,15,30,15,15,1.798,solved,
Simonis,problem_15_30.dat,HS problem 3334 size 15 30 density  0.55,15,30,15,15,1.795,solved,
Simonis,problem_15_30.dat,HS problem 3327 size 15 30 density  0.50,15,30,15,15,4.737,solved,
Simonis,problem_15_30.dat,HS problem 3320 size 15 30 density  0.50,15,30,15,15,6.793,solved,
Simonis,problem_15_30.dat,HS problem 3325 size 15 30 density  0.50,15,30,15,15,5.506,solved,
Simonis,problem_15_30.dat,HS problem 3321 size 15 30 density  0.50,15,30,15,15,7.059,solved,
Simonis,problem_15_30.dat,HS problem 3323 size 15 30 density  0.50,15,30,15,15,6.221,solved,
Simonis,problem_15_30.dat,HS problem 3303 size 15 30 density  0.45,15,30,15,15,15.002,solved,
Simonis,problem_15_30.dat,HS problem 3330 size 15 30 density  0.50,15,30,15,15,4.232,solved,
Simonis,problem_15_30.dat,HS problem 3338 size 15 30 density  0.55,15,30,15,15,1.6,solved,
Simonis,problem_15_30.dat,HS problem 3272 size 15 30 density  0.40,15,30,14,14,40.637,solved,
Simonis,problem_15_30.dat,HS problem 3337 size 15 30 density  0.55,15,30,15,15,2.853,solved,
Simonis,problem_15_30.dat,HS problem 3324 size 15 30 density  0.50,15,30,15,15,7.275,solved,
Simonis,problem_15_30.dat,HS problem 3331 size 15 30 density  0.55,15,30,15,15,4.431,solved,
Simonis,problem_15_30.dat,HS problem 3344 size 15 30 density  0.55,15,30,15,15,1.639,solved,
Simonis,problem_15_30.dat,HS problem 3346 size 15 30 density  0.55,15,30,15,15,1.823,solved,
Simonis,problem_15_30.dat,HS problem 3345 size 15 30 density  0.55,15,30,15,15,2.008,solved,
Simonis,problem_15_30.dat,HS problem 3335 size 15 30 density  0.55,15,30,15,15,4.605,solved,
Simonis,problem_15_30.dat,HS problem 3260 size 15 30 density  0.35,15,30,,,60.037,timeout,
Simonis,problem_15_30.dat,HS problem 3312 size 15 30 density  0.50,15,30,15,15,12.954,solved,
Simonis,problem_15_30.dat,HS problem 3341 size 15 30 density  0.55,15,30,15,15,3.267,solved,
Simonis,problem_15_30.dat,HS problem 3329 size 15 30 density  0.50,15,30,15,15,7.554,solved,
Simonis,problem_15_30.dat,HS problem 3288 size 15 30 density  0.40,15,30,15,15,30.022,solved,
Simonis,problem_15_30.dat,HS problem 3351 size 15 30 density  0.60,15,30,15,15,1.587,solved,
Simonis,problem_15_30.dat,HS problem 3350 size 15 30 density  0.55,15,30,15,15,1.84,solved,
Simonis,problem_15_30.dat,HS problem 3342 size 15 30 density  0.55,15,30,15,15,3.54,solved,
Simonis,problem_15_30.dat,HS problem 3352 size 15 30 density  0.60,15,30,15,15,1.736,solved,
Simonis,problem_15_30.dat,HS problem 3349 size 15 30 density  0.55,15,30,15,15,2.713,solved,
Simonis,problem_15_30.dat,HS problem 3332 size 15 30 density  0.55,15,30,15,15,7.379,solved,
Simonis,problem_15_30.dat,HS problem 3356 size 15 30 density  0.60,15,30,15,15,1.848,solved,
Simonis,problem_15_30.dat,HS problem 3353 size 15 30 density  0.60,15,30,15,15,2.392,solved,
Simonis,problem_15_30.dat,HS problem 3265 size 15 30 density  0.35,15,30,15,15,51.01,solved,
Simonis,problem_15_30.dat,HS problem 3348 size 15 30 density  0.55,15,30,15,15,3.771,solved,
Simonis,problem_15_30.dat,HS problem 3357 size 15 30 density  0.60,15,30,15,15,2.202,solved,
Simonis,problem_15_30.dat,HS problem 3364 size 15 30 density  0.60,15,30,15,15,1.651,solved,
Simonis,problem_15_30.dat,HS problem 3362 size 15 30 density  0.60,15,30,15,15,2.003,solved,
Simonis,problem_15_30.dat,HS problem 3354 size 15 30 density  0.60,15,30,15,15,3.135,solved,
Simonis,problem_15_30.dat,HS problem 3358 size 15 30 density  0.60,15,30,15,15,2.608,solved,
Simonis,problem_15_30.dat,HS problem 3307 size 15 30 density  0.45,15,30,15,15,18.737,solved,
Simonis,problem_15_30.dat,HS problem 3355 size 15 30 density  0.60,15,30,15,15,3.42,solved,
Simonis,problem_15_30.dat,HS problem 3276 size 15 30 density  0.40,15,30,15,15,45.699,solved,
Simonis,problem_15_30.dat,HS problem 3366 size 15 30 density  0.60,15,30,15,15,1.888,solved,
Simonis,problem_15_30.dat,HS problem 3363 size 15 30 density  0.60,15,30,15,15,2.868,solved,
Simonis,problem_15_30.dat,HS problem 3365 size 15 30 density  0.60,15,30,15,15,2.282,solved,
Simonis,problem_15_30.dat,HS problem 3371 size 15 30 density  0.65,15,30,15,15,1.554,solved,
Simonis,problem_15_30.dat,HS problem 3347 size 15 30 density  0.55,15,30,15,15,6.072,solved,
Simonis,problem_15_30.dat,HS problem 3368 size 15 30 density  0.60,15,30,15,15,1.922,solved,
Simonis,problem_15_30.dat,HS problem 3360 size 15 30 density  0.60,15,30,15,15,3.551,solved,
Simonis,problem_15_30.dat,HS problem 3367 size 15 30 density  0.60,15,30,15,15,2.238,solved,
Simonis,problem_15_30.dat,HS problem 3369 size 15 30 density  0.60,15,30,15,15,2.167,solved,
Simonis,problem_15_30.dat,HS problem 3339 size 15 30 density  0.55,15,30,15,15,7.689,solved,
Simonis,problem_15_30.dat,HS problem 3372 size 15 30 density  0.65,15,30,15,15,1.692,solved,
Simonis,problem_15_30.dat,HS problem 3359 size 15 30 density  0.60,15,30,15,15,4.057,solved,
Simonis,problem_15_30.dat,HS problem 3361 size 15 30 density  0.60,15,30,15,15,4.14,solved,
Simonis,problem_15_30.dat,HS problem 3375 size 15 30 density  0.65,15,30,15,15,1.702,solved,
Simonis,problem_15_30.dat,HS problem 3376 size 15 30 density  0.65,15,30,15,15,1.848,solved,
Simonis,problem_15_30.dat,HS problem 3377 size 15 30 density  0.65,15,30,15,15,1.702,solved,
Simonis,problem_15_30.dat,HS problem 3374 size 15 30 density  0.65,15,30,15,15,2.471,solved,
Simonis,problem_15_30.dat,HS problem 3381 size 15 30 density  0.65,15,30,15,15,1.555,solved,
Simonis,problem_15_30.dat,HS problem 3385 size 15 30 density  0.65,15,30,15,15,1.509,solved,
Simonis,problem_15_30.dat,HS problem 3343 size 15 30 density  0.55,15,30,15,15,8.293,solved,
Simonis,problem_15_30.dat,HS problem 3383 size 15 30 density  0.65,15,30,15,15,1.869,solved,
Simonis,problem_15_30.dat,HS problem 3382 size 15 30 density  0.65,15,30,15,15,2.052,solved,
Simonis,problem_15_30.dat,HS problem 3388 size 15 30 density  0.65,15,30,15,15,1.556,solved,
Simonis,problem_15_30.dat,HS problem 3386 size 15 30 density  0.65,15,30,15,15,1.928,solved,
Simonis,problem_15_30.dat,HS problem 3387 size 15 30 density  0.65,15,30,15,15,1.829,solved,
Simonis,problem_15_30.dat,HS problem 3384 size 15 30 density  0.65,15,30,15,15,2.191,solved,
Simonis,problem_15_30.dat,HS problem 3390 size 15 30 density  0.65,15,30,15,15,1.688,solved,
Simonis,problem_15_30.dat,HS problem 3340 size 15 30 density  0.55,15,30,15,15,9.429,solved,
Simonis,problem_15_30.dat,HS problem 3380 size 15 30 density  0.65,15,30,15,15,2.603,solved,
Simonis,problem_15_30.dat,HS problem 3373 size 15 30 density  0.65,15,30,15,15,3.852,solved,
Simonis,problem_15_30.dat,HS problem 3378 size 15 30 density  0.65,15,30,15,15,3.127,solved,
Simonis,problem_15_30.dat,HS problem 3392 size 15 30 density  0.70,15,30,15,15,2.034,solved,
Simonis,problem_15_30.dat,HS problem 3370 size 15 30 density  0.60,15,30,15,15,4.659,solved,
Simonis,problem_15_30.dat,HS problem 3393 size 15 30 density  0.70,15,30,15,15,1.9,solved,
Simonis,problem_15_30.dat,HS problem 3391 size 15 30 density  0.70,15,30,15,15,2.27,solved,
Simonis,problem_15_30.dat,HS problem 3379 size 15 30 density  0.65,15,30,15,15,3.345,solved,
Simonis,problem_15_30.dat,HS problem 3394 size 15 30 density  0.70,15,30,15,15,1.983,solved,
Simonis,problem_20_10.dat,HS problem 551 size 20 10 density  0.20,20,10,9,9,0.232,solved,
Simonis,problem_20_10.dat,HS problem 552 size 20 10 density  0.20,20,10,9,9,0.214,solved,
Simonis,problem_20_10.dat,HS problem 553 size 20 10 density  0.20,20,10,9,9,0.148,solved,
Simonis,problem_15_30.dat,HS problem 3389 size 15 30 density  0.65,15,30,15,15,2.799,solved,
Simonis,problem_15_30.dat,HS problem 3395 size 15 30 density  0.70,15,30,15,15,1.888,solved,
Simonis,problem_15_30.dat,HS problem 3397 size 15 30 density  0.70,15,30,15,15,1.69,solved,
Simonis,problem_20_10.dat,HS problem 554 size 20 10 density  0.20,20,10,9,9,0.206,solved,
Simonis,problem_20_10.dat,HS problem 555 size 20 10 density  0.20,20,10,9,9,0.194,solved,
Simonis,problem_20_10.dat,HS problem 556 size 20 10 density  0.20,20,10,8,8,0.225,solved,
Simonis,problem_20_10.dat,HS problem 557 size 20 10 density  0.20,20,10,12,12,0.212,solved,
Simonis,problem_20_10.dat,HS problem 558 size 20 10 density  0.20,20,10,11,11,0.195,solved,
Simonis,problem_20_10.dat,HS problem 559 size 20 10 density  0.20,20,10,10,10,0.132,solved,
Simonis,problem_15_30.dat,HS problem 3322 size 15 30 density  0.50,15,30,15,15,17.208,solved,
Simonis,problem_15_30.dat,HS problem 3396 size 15 30 density  0.70,15,30,15,15,2.12,solved,
Simonis,problem_20_10.dat,HS problem 560 size 20 10 density  0.20,20,10,9,9,0.232,solved,
Simonis,problem_20_10.dat,HS problem 561 size 20 10 density  0.20,20,10,9,9,0.164,solved,
Simonis,problem_15_30.dat,HS problem 3398 size 15 30 density  0.70,15,30,15,15,1.958,solved,
Simonis,problem_20_10.dat,HS problem 562 size 20 10 density  0.20,20,10,10,10,0.263,solved,
Simonis,problem_20_10.dat,HS problem 563 size 20 10 density  0.20,20,10,8,8,0.246,solved,
Simonis,problem_20_10.dat,HS problem 564 size 20 10 density  0.20,20,10,9,9,0.181,solved,
Simonis,problem_20_10.dat,HS problem 565 size 20 10 density  0.20,20,10,7,7,0.167,solved,
Simonis,problem_20_10.dat,HS problem 566 size 20 10 density  0.20,20,10,10,10,0.151,solved,
Simonis,problem_15_30.dat,HS problem 3262 size 15 30 density  0.35,15,30,,,60.091,timeout,
Simonis,problem_15_30.dat,HS problem 3400 size 15 30 density  0.70,15,30,15,15,1.847,solved,
Simonis,problem_20_10.dat,HS problem 567 size 20 10 density  0.20,20,10,9,9,0.305,solved,
Simonis,problem_20_10.dat,HS problem 568 size 20 10 density  0.20,20,10,11,11,0.238,solved,
Simonis,problem_20_10.dat,HS problem 569 size 20 10 density  0.20,20,10,13,13,0.22,solved,
Simonis,problem_20_10.dat,HS problem 570 size 20 10 density  0.20,20,10,8,8,0.204,solved,
Simonis,problem_20_10.dat,HS problem 571 size 20 10 density  0.20,20,10,10,10,0.189,solved,
Simonis,problem_20_10.dat,HS problem 572 size 20 10 density  0.20,20,10,11,11,0.29,solved,
Simonis,problem_20_10.dat,HS problem 573 size 20 10 density  0.20,20,10,11,11,0.27,solved,
Simonis,problem_20_10.dat,HS problem 574 size 20 10 density  0.20,20,10,11,11,0.254,solved,
Simonis,problem_20_10.dat,HS problem 575 size 20 10 density  0.20,20,10,10,10,0.237,solved,
Simonis,problem_20_10.dat,HS problem 576 size 20 10 density  0.20,20,10,8,8,0.222,solved,
Simonis,problem_20_10.dat,HS problem 577 size 20 10 density  0.20,20,10,10,10,0.209,solved,
Simonis,problem_15_30.dat,HS problem 3399 size 15 30 density  0.70,15,30,15,15,2.228,solved,
Simonis,problem_15_30.dat,HS problem 3402 size 15 30 density  0.70,15,30,15,15,2.021,solved,
Simonis,problem_15_30.dat,HS problem 3403 size 15 30 density  0.70,15,30,15,15,1.954,solved,
Simonis,problem_15_30.dat,HS problem 3404 size 15 30 density  0.70,15,30,15,15,1.889,solved,
Simonis,problem_15_30.dat,HS problem 3405 size 15 30 density  0.70,15,30,15,15,1.873,solved,
Simonis,problem_20_10.dat,HS problem 578 size 20 10 density  0.20,20,10,8,8,0.262,solved,
Simonis,problem_20_10.dat,HS problem 579 size 20 10 density  0.20,20,10,10,10,0.249,solved,
Simonis,problem_20_10.dat,HS problem 580 size 20 10 density  0.20,20,10,12,12,0.235,solved,
Simonis,problem_20_10.dat,HS problem 581 size 20 10 density  0.20,20,10,10,10,0.216,solved,
Simonis,problem_20_10.dat,HS problem 582 size 20 10 density  0.20,20,10,10,10,0.2,solved,
Simonis,problem_20_10.dat,HS problem 583 size 20 10 density  0.20,20,10,8,8,0.18,solved,
Simonis,problem_15_30.dat,HS problem 3401 size 15 30 density  0.70,15,30,15,15,2.364,solved,
Simonis,problem_15_30.dat,HS problem 3406 size 15 30 density  0.70,15,30,15,15,1.977,solved,
Simonis,problem_15_30.dat,HS problem 3408 size 15 30 density  0.70,15,30,15,15,1.694,solved,
Simonis,problem_20_10.dat,HS problem 584 size 20 10 density  0.20,20,10,8,8,0.384,solved,
Simonis,problem_20_10.dat,HS problem 585 size 20 10 density  0.20,20,10,9,9,0.315,solved,
Simonis,problem_20_10.dat,HS problem 586 size 20 10 density  0.20,20,10,9,9,0.3,solved,
Simonis,problem_20_10.dat,HS problem 587 size 20 10 density  0.20,20,10,9,9,0.286,solved,
Simonis,problem_20_10.dat,HS problem 588 size 20 10 density  0.20,20,10,7,7,0.27,solved,
Simonis,problem_20_10.dat,HS problem 589 size 20 10 density  0.20,20,10,10,10,0.255,solved,
Simonis,problem_20_10.dat,HS problem 590 size 20 10 density  0.20,20,10,10,10,0.238,solved,
Simonis,problem_20_10.dat,HS problem 591 size 20 10 density  0.20,20,10,9,9,0.171,solved,
Simonis,problem_20_10.dat,HS problem 592 size 20 10 density  0.20,20,10,10,10,0.156,solved,
Simonis,problem_20_10.dat,HS problem 593 size 20 10 density  0.20,20,10,9,9,0.141,solved,
Simonis,problem_15_30.dat,HS problem 3407 size 15 30 density  0.70,15,30,15,15,2.141,solved,
Simonis,problem_15_30.dat,HS problem 3410 size 15 30 density  0.70,15,30,15,15,1.743,solved,
Simonis,problem_20_10.dat,HS problem 594 size 20 10 density  0.20,20,10,9,9,0.357,solved,
Simonis,problem_20_10.dat,HS problem 595 size 20 10 density  0.20,20,10,9,9,0.346,solved,
Simonis,problem_20_10.dat,HS problem 596 size 20 10 density  0.20,20,10,12,12,0.328,solved,
Simonis,problem_20_10.dat,HS problem 597 size 20 10 density  0.20,20,10,8,8,0.314,solved,
Simonis,problem_20_10.dat,HS problem 598 size 20 10 density  0.20,20,10,8,8,0.297,solved,
Simonis,problem_20_10.dat,HS problem 599 size 20 10 density  0.20,20,10,9,9,0.277,solved,
Simonis,problem_20_10.dat,HS problem 600 size 20 10 density  0.20,20,10,8,8,0.262,solved,
Simonis,problem_20_10.dat,HS problem 601 size 20 10 density  0.25,20,10,10,10,0.248,solved,
Simonis,problem_20_10.dat,HS problem 602 size 20 10 density  0.25,20,10,12,12,0.18,solved,
Simonis,problem_20_10.dat,HS problem 603 size 20 10 density  0.25,20,10,10,10,0.167,solved,
Simonis,problem_20_10.dat,HS problem 605 size 20 10 density  0.25,20,10,9,9,0.146,solved,
Simonis,problem_20_10.dat,HS problem 604 size 20 10 density  0.25,20,10,12,12,0.378,solved,
Simonis,problem_20_10.dat,HS problem 606 size 20 10 density  0.25,20,10,10,10,0.354,solved,
Simonis,problem_20_10.dat,HS problem 607 size 20 10 density  0.25,20,10,11,11,0.341,solved,
Simonis,problem_20_10.dat,HS problem 608 size 20 10 density  0.25,20,10,11,11,0.327,solved,
Simonis,problem_20_10.dat,HS problem 609 size 20 10 density  0.25,20,10,8,8,0.311,solved,
Simonis,problem_20_10.dat,HS problem 610 size 20 10 density  0.25,20,10,13,13,0.296,solved,
Simonis,problem_20_10.dat,HS problem 611 size 20 10 density  0.25,20,10,10,10,0.281,solved,
Simonis,problem_20_10.dat,HS problem 612 size 20 10 density  0.25,20,10,11,11,0.267,solved,
Simonis,problem_20_10.dat,HS problem 613 size 20 10 density  0.25,20,10,9,9,0.251,solved,
Simonis,problem_20_10.dat,HS problem 614 size 20 10 density  0.25,20,10,10,10,0.237,solved,
Simonis,problem_20_10.dat,HS problem 615 size 20 10 density  0.25,20,10,12,12,0.172,solved,
Simonis,problem_20_10.dat,HS problem 616 size 20 10 density  0.25,20,10,8,8,0.16,solved,
Simonis,problem_15_30.dat,HS problem 3409 size 15 30 density  0.70,15,30,15,15,2.192,solved,
Simonis,problem_20_10.dat,HS problem 617 size 20 10 density  0.25,20,10,13,13,0.359,solved,
Simonis,problem_20_10.dat,HS problem 618 size 20 10 density  0.25,20,10,11,11,0.347,solved,
Simonis,problem_20_10.dat,HS problem 619 size 20 10 density  0.25,20,10,9,9,0.333,solved,
Simonis,problem_20_10.dat,HS problem 620 size 20 10 density  0.25,20,10,13,13,0.322,solved,
Simonis,problem_20_10.dat,HS problem 621 size 20 10 density  0.25,20,10,10,10,0.307,solved,
Simonis,problem_20_10.dat,HS problem 622 size 20 10 density  0.25,20,10,14,14,0.294,solved,
Simonis,problem_20_10.dat,HS problem 623 size 20 10 density  0.25,20,10,12,12,0.28,solved,
Simonis,problem_20_10.dat,HS problem 624 size 20 10 density  0.25,20,10,11,11,0.267,solved,
Simonis,problem_20_10.dat,HS problem 625 size 20 10 density  0.25,20,10,11,11,0.254,solved,
Simonis,problem_20_10.dat,HS problem 626 size 20 10 density  0.25,20,10,10,10,0.241,solved,
Simonis,problem_20_10.dat,HS problem 627 size 20 10 density  0.25,20,10,9,9,0.225,solved,
Simonis,problem_20_10.dat,HS problem 628 size 20 10 density  0.25,20,10,11,11,0.161,solved,
Simonis,problem_20_10.dat,HS problem 629 size 20 10 density  0.25,20,10,11,11,0.15,solved,
Simonis,problem_20_10.dat,HS problem 630 size 20 10 density  0.25,20,10,13,13,0.365,solved,
Simonis,problem_20_10.dat,HS problem 631 size 20 10 density  0.25,20,10,9,9,0.355,solved,
Simonis,problem_20_10.dat,HS problem 632 size 20 10 density  0.25,20,10,13,13,0.342,solved,
Simonis,problem_20_10.dat,HS problem 633 size 20 10 density  0.25,20,10,10,10,0.33,solved,
Simonis,problem_20_10.dat,HS problem 634 size 20 10 density  0.25,20,10,9,9,0.317,solved,
Simonis,problem_20_10.dat,HS problem 635 size 20 10 density  0.25,20,10,11,11,0.304,solved,
Simonis,problem_20_10.dat,HS problem 636 size 20 10 density  0.25,20,10,9,9,0.292,solved,
Simonis,problem_20_10.dat,HS problem 637 size 20 10 density  0.25,20,10,14,14,0.278,solved,
Simonis,problem_20_10.dat,HS problem 638 size 20 10 density  0.25,20,10,13,13,0.263,solved,
Simonis,problem_20_10.dat,HS problem 639 size 20 10 density  0.25,20,10,10,10,0.243,solved,
Simonis,problem_20_10.dat,HS problem 640 size 20 10 density  0.25,20,10,11,11,0.176,solved,
Simonis,problem_20_10.dat,HS problem 641 size 20 10 density  0.25,20,10,12,12,0.165,solved,
Simonis,problem_20_10.dat,HS problem 642 size 20 10 density  0.25,20,10,12,12,0.152,solved,
Simonis,problem_20_10.dat,HS problem 643 size 20 10 density  0.25,20,10,12,12,0.364,solved,
Simonis,problem_20_10.dat,HS problem 644 size 20 10 density  0.25,20,10,14,14,0.353,solved,
Simonis,problem_20_10.dat,HS problem 645 size 20 10 density  0.25,20,10,9,9,0.341,solved,
Simonis,problem_20_10.dat,HS problem 646 size 20 10 density  0.25,20,10,12,12,0.329,solved,
Simonis,problem_20_10.dat,HS problem 647 size 20 10 density  0.25,20,10,10,10,0.315,solved,
Simonis,problem_20_10.dat,HS problem 648 size 20 10 density  0.25,20,10,9,9,0.303,solved,
Simonis,problem_20_10.dat,HS problem 649 size 20 10 density  0.25,20,10,10,10,0.29,solved,
Simonis,problem_20_10.dat,HS problem 650 size 20 10 density  0.25,20,10,11,11,0.276,solved,
Simonis,problem_20_10.dat,HS problem 651 size 20 10 density  0.30,20,10,11,11,0.262,solved,
Simonis,problem_20_10.dat,HS problem 652 size 20 10 density  0.30,20,10,12,12,0.248,solved,
Simonis,problem_20_10.dat,HS problem 653 size 20 10 density  0.30,20,10,14,14,0.237,solved,
Simonis,problem_20_10.dat,HS problem 654 size 20 10 density  0.30,20,10,14,14,0.171,solved,
Simonis,problem_20_10.dat,HS problem 655 size 20 10 density  0.30,20,10,12,12,0.158,solved,
Simonis,problem_20_10.dat,HS problem 656 size 20 10 density  0.30,20,10,11,11,0.144,solved,
Simonis,problem_15_30.dat,HS problem 3336 size 15 30 density  0.55,15,30,15,15,13.981,solved,
Simonis,problem_20_10.dat,HS problem 657 size 20 10 density  0.30,20,10,11,11,0.367,solved,
Simonis,problem_20_10.dat,HS problem 658 size 20 10 density  0.30,20,10,11,11,0.355,solved,
Simonis,problem_20_10.dat,HS problem 659 size 20 10 density  0.30,20,10,11,11,0.345,solved,
Simonis,problem_20_10.dat,HS problem 660 size 20 10 density  0.30,20,10,12,12,0.331,solved,
Simonis,problem_20_10.dat,HS problem 661 size 20 10 density  0.30,20,10,12,12,0.316,solved,
Simonis,problem_20_10.dat,HS problem 662 size 20 10 density  0.30,20,10,16,16,0.302,solved,
Simonis,problem_20_10.dat,HS problem 663 size 20 10 density  0.30,20,10,13,13,0.289,solved,
Simonis,problem_20_10.dat,HS problem 664 size 20 10 density  0.30,20,10,13,13,0.276,solved,
Simonis,problem_20_10.dat,HS problem 665 size 20 10 density  0.30,20,10,13,13,0.262,solved,
Simonis,problem_20_10.dat,HS problem 666 size 20 10 density  0.30,20,10,12,12,0.247,solved,
Simonis,problem_20_10.dat,HS problem 667 size 20 10 density  0.30,20,10,11,11,0.184,solved,
Simonis,problem_20_10.dat,HS problem 668 size 20 10 density  0.30,20,10,13,13,0.17,solved,
Simonis,problem_20_10.dat,HS problem 669 size 20 10 density  0.30,20,10,11,11,0.158,solved,
Simonis,problem_20_10.dat,HS problem 670 size 20 10 density  0.30,20,10,13,13,0.388,solved,
Simonis,problem_20_10.dat,HS problem 671 size 20 10 density  0.30,20,10,14,14,0.374,solved,
Simonis,problem_20_10.dat,HS problem 672 size 20 10 density  0.30,20,10,13,13,0.363,solved,
Simonis,problem_20_10.dat,HS problem 673 size 20 10 density  0.30,20,10,14,14,0.353,solved,
Simonis,problem_20_10.dat,HS problem 674 size 20 10 density  0.30,20,10,12,12,0.339,solved,
Simonis,problem_20_10.dat,HS problem 675 size 20 10 density  0.30,20,10,13,13,0.324,solved,
Simonis,problem_20_10.dat,HS problem 676 size 20 10 density  0.30,20,10,13,13,0.31,solved,
Simonis,problem_20_10.dat,HS problem 677 size 20 10 density  0.30,20,10,11,11,0.297,solved,
Simonis,problem_20_10.dat,HS problem 678 size 20 10 density  0.30,20,10,12,12,0.285,solved,
Simonis,problem_20_10.dat,HS problem 679 size 20 10 density  0.30,20,10,13,13,0.269,solved,
Simonis,problem_20_10.dat,HS problem 680 size 20 10 density  0.30,20,10,12,12,0.254,solved,
Simonis,problem_20_10.dat,HS problem 681 size 20 10 density  0.30,20,10,15,15,0.192,solved,
Simonis,problem_20_10.dat,HS problem 682 size 20 10 density  0.30,20,10,15,15,0.178,solved,
Simonis,problem_20_10.dat,HS problem 683 size 20 10 density  0.30,20,10,13,13,0.41,solved,
Simonis,problem_20_10.dat,HS problem 684 size 20 10 density  0.30,20,10,12,12,0.4,solved,
Simonis,problem_20_10.dat,HS problem 685 size 20 10 density  0.30,20,10,14,14,0.391,solved,
Simonis,problem_20_10.dat,HS problem 686 size 20 10 density  0.30,20,10,12,12,0.378,solved,
Simonis,problem_20_10.dat,HS problem 687 size 20 10 density  0.30,20,10,14,14,0.364,solved,
Simonis,problem_20_10.dat,HS problem 688 size 20 10 density  0.30,20,10,15,15,0.352,solved,
Simonis,problem_20_10.dat,HS problem 689 size 20 10 density  0.30,20,10,12,12,0.336,solved,
Simonis,problem_20_10.dat,HS problem 690 size 20 10 density  0.30,20,10,15,15,0.321,solved,
Simonis,problem_20_10.dat,HS problem 691 size 20 10 density  0.30,20,10,12,12,0.307,solved,
Simonis,problem_20_10.dat,HS problem 692 size 20 10 density  0.30,20,10,12,12,0.293,solved,
Simonis,problem_20_10.dat,HS problem 693 size 20 10 density  0.30,20,10,15,15,0.274,solved,
Simonis,problem_20_10.dat,HS problem 694 size 20 10 density  0.30,20,10,12,12,0.258,solved,
Simonis,problem_20_10.dat,HS problem 695 size 20 10 density  0.30,20,10,11,11,0.193,solved,
Simonis,problem_20_10.dat,HS problem 696 size 20 10 density  0.30,20,10,14,14,0.183,solved,
Simonis,problem_20_10.dat,HS problem 697 size 20 10 density  0.30,20,10,15,15,0.173,solved,
Simonis,problem_20_10.dat,HS problem 698 size 20 10 density  0.30,20,10,13,13,0.161,solved,
Simonis,problem_20_10.dat,HS problem 699 size 20 10 density  0.30,20,10,15,15,0.376,solved,
Simonis,problem_20_10.dat,HS problem 700 size 20 10 density  0.30,20,10,15,15,0.363,solved,
Simonis,problem_20_10.dat,HS problem 701 size 20 10 density  0.35,20,10,14,14,0.31,solved,
Simonis,problem_20_10.dat,HS problem 702 size 20 10 density  0.35,20,10,14,14,0.298,solved,
Simonis,problem_20_10.dat,HS problem 703 size 20 10 density  0.35,20,10,15,15,0.287,solved,
Simonis,problem_20_10.dat,HS problem 704 size 20 10 density  0.35,20,10,14,14,0.275,solved,
Simonis,problem_20_10.dat,HS problem 705 size 20 10 density  0.35,20,10,12,12,0.261,solved,
Simonis,problem_20_10.dat,HS problem 706 size 20 10 density  0.35,20,10,17,17,0.25,solved,
Simonis,problem_20_10.dat,HS problem 707 size 20 10 density  0.35,20,10,14,14,0.236,solved,
Simonis,problem_20_10.dat,HS problem 708 size 20 10 density  0.35,20,10,15,15,0.174,solved,
Simonis,problem_20_10.dat,HS problem 709 size 20 10 density  0.35,20,10,11,11,0.165,solved,
Simonis,problem_20_10.dat,HS problem 710 size 20 10 density  0.35,20,10,16,16,0.16,solved,
Simonis,problem_20_10.dat,HS problem 711 size 20 10 density  0.35,20,10,16,16,0.151,solved,
Simonis,problem_20_10.dat,HS problem 712 size 20 10 density  0.35,20,10,13,13,0.141,solved,
Simonis,problem_20_10.dat,HS problem 713 size 20 10 density  0.35,20,10,11,11,0.131,solved,
Simonis,problem_20_10.dat,HS problem 714 size 20 10 density  0.35,20,10,15,15,0.122,solved,
Simonis,problem_20_10.dat,HS problem 715 size 20 10 density  0.35,20,10,15,15,0.109,solved,
Simonis,problem_20_10.dat,HS problem 717 size 20 10 density  0.35,20,10,15,15,0.087,solved,
Simonis,problem_15_30.dat,HS problem 3280 size 15 30 density  0.40,15,30,15,15,48.109,solved,
Simonis,problem_20_10.dat,HS problem 716 size 20 10 density  0.35,20,10,17,17,0.354,solved,
Simonis,problem_20_10.dat,HS problem 718 size 20 10 density  0.35,20,10,14,14,0.329,solved,
Simonis,problem_20_10.dat,HS problem 719 size 20 10 density  0.35,20,10,14,14,0.318,solved,
Simonis,problem_20_10.dat,HS problem 720 size 20 10 density  0.35,20,10,16,16,0.305,solved,
Simonis,problem_20_10.dat,HS problem 721 size 20 10 density  0.35,20,10,16,16,0.293,solved,
Simonis,problem_20_10.dat,HS problem 722 size 20 10 density  0.35,20,10,15,15,0.28,solved,
Simonis,problem_20_10.dat,HS problem 723 size 20 10 density  0.35,20,10,12,12,0.268,solved,
Simonis,problem_20_10.dat,HS problem 724 size 20 10 density  0.35,20,10,15,15,0.205,solved,
Simonis,problem_20_10.dat,HS problem 725 size 20 10 density  0.35,20,10,12,12,0.193,solved,
Simonis,problem_20_10.dat,HS problem 726 size 20 10 density  0.35,20,10,15,15,0.186,solved,
Simonis,problem_20_10.dat,HS problem 727 size 20 10 density  0.35,20,10,14,14,0.175,solved,
Simonis,problem_20_10.dat,HS problem 728 size 20 10 density  0.35,20,10,14,14,0.165,solved,
Simonis,problem_20_10.dat,HS problem 729 size 20 10 density  0.35,20,10,14,14,0.154,solved,
Simonis,problem_20_10.dat,HS problem 730 size 20 10 density  0.35,20,10,14,14,0.143,solved,
Simonis,problem_20_10.dat,HS problem 731 size 20 10 density  0.35,20,10,14,14,0.13,solved,
Simonis,problem_20_10.dat,HS problem 732 size 20 10 density  0.35,20,10,15,15,0.117,solved,
Simonis,problem_20_10.dat,HS problem 733 size 20 10 density  0.35,20,10,15,15,0.105,solved,
Simonis,problem_20_10.dat,HS problem 734 size 20 10 density  0.35,20,10,16,16,0.094,solved,
Simonis,problem_20_10.dat,HS problem 735 size 20 10 density  0.35,20,10,16,16,0.344,solved,
Simonis,problem_20_10.dat,HS problem 736 size 20 10 density  0.35,20,10,14,14,0.331,solved,
Simonis,problem_20_10.dat,HS problem 737 size 20 10 density  0.35,20,10,15,15,0.32,solved,
Simonis,problem_20_10.dat,HS problem 738 size 20 10 density  0.35,20,10,16,16,0.308,solved,
Simonis,problem_20_10.dat,HS problem 739 size 20 10 density  0.35,20,10,13,13,0.297,solved,
Simonis,problem_20_10.dat,HS problem 740 size 20 10 density  0.35,20,10,14,14,0.285,solved,
Simonis,problem_20_10.dat,HS problem 741 size 20 10 density  0.35,20,10,13,13,0.273,solved,
Simonis,problem_20_10.dat,HS problem 742 size 20 10 density  0.35,20,10,17,17,0.211,solved,
Simonis,problem_20_10.dat,HS problem 743 size 20 10 density  0.35,20,10,13,13,0.204,solved,
Simonis,problem_20_10.dat,HS problem 744 size 20 10 density  0.35,20,10,14,14,0.198,solved,
Simonis,problem_20_10.dat,HS problem 745 size 20 10 density  0.35,20,10,13,13,0.189,solved,
Simonis,problem_20_10.dat,HS problem 746 size 20 10 density  0.35,20,10,15,15,0.182,solved,
Simonis,problem_20_10.dat,HS problem 747 size 20 10 density  0.35,20,10,14,14,0.174,solved,
Simonis,problem_20_10.dat,HS problem 748 size 20 10 density  0.35,20,10,16,16,0.164,solved,
Simonis,problem_20_10.dat,HS problem 749 size 20 10 density  0.35,20,10,16,16,0.151,solved,
Simonis,problem_20_10.dat,HS problem 750 size 20 10 density  0.35,20,10,15,15,0.136,solved,
Simonis,problem_20_10.dat,HS problem 751 size 20 10 density  0.40,20,10,15,15,0.124,solved,
Simonis,problem_20_10.dat,HS problem 752 size 20 10 density  0.40,20,10,16,16,0.111,solved,
Simonis,problem_20_10.dat,HS problem 753 size 20 10 density  0.40,20,10,16,16,0.099,solved,
Simonis,problem_20_10.dat,HS problem 754 size 20 10 density  0.40,20,10,13,13,0.351,solved,
Simonis,problem_20_10.dat,HS problem 755 size 20 10 density  0.40,20,10,18,18,0.341,solved,
Simonis,problem_20_10.dat,HS problem 756 size 20 10 density  0.40,20,10,18,18,0.326,solved,
Simonis,problem_20_10.dat,HS problem 757 size 20 10 density  0.40,20,10,16,16,0.313,solved,
Simonis,problem_20_10.dat,HS problem 758 size 20 10 density  0.40,20,10,14,14,0.299,solved,
Simonis,problem_20_10.dat,HS problem 759 size 20 10 density  0.40,20,10,13,13,0.289,solved,
Simonis,problem_20_10.dat,HS problem 760 size 20 10 density  0.40,20,10,14,14,0.276,solved,
Simonis,problem_20_10.dat,HS problem 761 size 20 10 density  0.40,20,10,16,16,0.214,solved,
Simonis,problem_20_10.dat,HS problem 762 size 20 10 density  0.40,20,10,16,16,0.206,solved,
Simonis,problem_20_10.dat,HS problem 763 size 20 10 density  0.40,20,10,16,16,0.201,solved,
Simonis,problem_20_10.dat,HS problem 764 size 20 10 density  0.40,20,10,14,14,0.191,solved,
Simonis,problem_20_10.dat,HS problem 765 size 20 10 density  0.40,20,10,16,16,0.185,solved,
Simonis,problem_20_10.dat,HS problem 766 size 20 10 density  0.40,20,10,15,15,0.174,solved,
Simonis,problem_20_10.dat,HS problem 767 size 20 10 density  0.40,20,10,15,15,0.164,solved,
Simonis,problem_20_10.dat,HS problem 768 size 20 10 density  0.40,20,10,14,14,0.152,solved,
Simonis,problem_20_10.dat,HS problem 769 size 20 10 density  0.40,20,10,17,17,0.138,solved,
Simonis,problem_20_10.dat,HS problem 770 size 20 10 density  0.40,20,10,14,14,0.126,solved,
Simonis,problem_20_10.dat,HS problem 771 size 20 10 density  0.40,20,10,16,16,0.114,solved,
Simonis,problem_20_10.dat,HS problem 772 size 20 10 density  0.40,20,10,16,16,0.354,solved,
Simonis,problem_20_10.dat,HS problem 773 size 20 10 density  0.40,20,10,15,15,0.341,solved,
Simonis,problem_20_10.dat,HS problem 774 size 20 10 density  0.40,20,10,15,15,0.329,solved,
Simonis,problem_20_10.dat,HS problem 775 size 20 10 density  0.40,20,10,16,16,0.318,solved,
Simonis,problem_20_10.dat,HS problem 776 size 20 10 density  0.40,20,10,17,17,0.306,solved,
Simonis,problem_20_10.dat,HS problem 777 size 20 10 density  0.40,20,10,16,16,0.292,solved,
Simonis,problem_20_10.dat,HS problem 778 size 20 10 density  0.40,20,10,16,16,0.279,solved,
Simonis,problem_20_10.dat,HS problem 779 size 20 10 density  0.40,20,10,13,13,0.264,solved,
Simonis,problem_20_10.dat,HS problem 780 size 20 10 density  0.40,20,10,17,17,0.202,solved,
Simonis,problem_20_10.dat,HS problem 781 size 20 10 density  0.40,20,10,16,16,0.194,solved,
Simonis,problem_20_10.dat,HS problem 782 size 20 10 density  0.40,20,10,16,16,0.186,solved,
Simonis,problem_20_10.dat,HS problem 783 size 20 10 density  0.40,20,10,16,16,0.174,solved,
Simonis,problem_20_10.dat,HS problem 784 size 20 10 density  0.40,20,10,17,17,0.167,solved,
Simonis,problem_20_10.dat,HS problem 785 size 20 10 density  0.40,20,10,17,17,0.155,solved,
Simonis,problem_20_10.dat,HS problem 786 size 20 10 density  0.40,20,10,17,17,0.145,solved,
Simonis,problem_20_10.dat,HS problem 787 size 20 10 density  0.40,20,10,17,17,0.133,solved,
Simonis,problem_20_10.dat,HS problem 788 size 20 10 density  0.40,20,10,17,17,0.119,solved,
Simonis,problem_20_10.dat,HS problem 789 size 20 10 density  0.40,20,10,14,14,0.107,solved,
Simonis,problem_20_10.dat,HS problem 790 size 20 10 density  0.40,20,10,17,17,0.351,solved,
Simonis,problem_20_10.dat,HS problem 791 size 20 10 density  0.40,20,10,16,16,0.341,solved,
Simonis,problem_20_10.dat,HS problem 792 size 20 10 density  0.40,20,10,16,16,0.329,solved,
Simonis,problem_20_10.dat,HS problem 793 size 20 10 density  0.40,20,10,15,15,0.317,solved,
Simonis,problem_20_10.dat,HS problem 794 size 20 10 density  0.40,20,10,17,17,0.304,solved,
Simonis,problem_20_10.dat,HS problem 795 size 20 10 density  0.40,20,10,16,16,0.292,solved,
Simonis,problem_20_10.dat,HS problem 796 size 20 10 density  0.40,20,10,15,15,0.279,solved,
Simonis,problem_20_10.dat,HS problem 797 size 20 10 density  0.40,20,10,17,17,0.269,solved,
Simonis,problem_20_10.dat,HS problem 798 size 20 10 density  0.40,20,10,15,15,0.206,solved,
Simonis,problem_20_10.dat,HS problem 799 size 20 10 density  0.40,20,10,16,16,0.194,solved,
Simonis,problem_20_10.dat,HS problem 800 size 20 10 density  0.40,20,10,17,17,0.188,solved,
Simonis,problem_20_10.dat,HS problem 801 size 20 10 density  0.45,20,10,14,14,0.177,solved,
Simonis,problem_20_10.dat,HS problem 802 size 20 10 density  0.45,20,10,17,17,0.169,solved,
Simonis,problem_20_10.dat,HS problem 803 size 20 10 density  0.45,20,10,15,15,0.157,solved,
Simonis,problem_20_10.dat,HS problem 804 size 20 10 density  0.45,20,10,17,17,0.148,solved,
Simonis,problem_20_10.dat,HS problem 805 size 20 10 density  0.45,20,10,17,17,0.135,solved,
Simonis,problem_20_10.dat,HS problem 806 size 20 10 density  0.45,20,10,18,18,0.122,solved,
Simonis,problem_20_10.dat,HS problem 807 size 20 10 density  0.45,20,10,18,18,0.112,solved,
Simonis,problem_20_10.dat,HS problem 808 size 20 10 density  0.45,20,10,17,17,0.357,solved,
Simonis,problem_20_10.dat,HS problem 809 size 20 10 density  0.45,20,10,18,18,0.345,solved,
Simonis,problem_20_10.dat,HS problem 810 size 20 10 density  0.45,20,10,16,16,0.331,solved,
Simonis,problem_20_10.dat,HS problem 811 size 20 10 density  0.45,20,10,17,17,0.32,solved,
Simonis,problem_20_10.dat,HS problem 812 size 20 10 density  0.45,20,10,18,18,0.306,solved,
Simonis,problem_20_10.dat,HS problem 813 size 20 10 density  0.45,20,10,15,15,0.295,solved,
Simonis,problem_20_10.dat,HS problem 814 size 20 10 density  0.45,20,10,17,17,0.283,solved,
Simonis,problem_20_10.dat,HS problem 815 size 20 10 density  0.45,20,10,16,16,0.271,solved,
Simonis,problem_20_10.dat,HS problem 816 size 20 10 density  0.45,20,10,16,16,0.208,solved,
Simonis,problem_20_10.dat,HS problem 817 size 20 10 density  0.45,20,10,18,18,0.197,solved,
Simonis,problem_20_10.dat,HS problem 818 size 20 10 density  0.45,20,10,16,16,0.19,solved,
Simonis,problem_20_10.dat,HS problem 819 size 20 10 density  0.45,20,10,16,16,0.178,solved,
Simonis,problem_20_10.dat,HS problem 820 size 20 10 density  0.45,20,10,16,16,0.168,solved,
Simonis,problem_20_10.dat,HS problem 821 size 20 10 density  0.45,20,10,17,17,0.157,solved,
Simonis,problem_20_10.dat,HS problem 822 size 20 10 density  0.45,20,10,19,19,0.148,solved,
Simonis,problem_20_10.dat,HS problem 823 size 20 10 density  0.45,20,10,17,17,0.135,solved,
Simonis,problem_20_10.dat,HS problem 824 size 20 10 density  0.45,20,10,17,17,0.122,solved,
Simonis,problem_20_10.dat,HS problem 825 size 20 10 density  0.45,20,10,15,15,0.112,solved,
Simonis,problem_20_10.dat,HS problem 826 size 20 10 density  0.45,20,10,16,16,0.353,solved,
Simonis,problem_20_10.dat,HS problem 827 size 20 10 density  0.45,20,10,18,18,0.341,solved,
Simonis,problem_20_10.dat,HS problem 828 size 20 10 density  0.45,20,10,16,16,0.326,solved,
Simonis,problem_20_10.dat,HS problem 829 size 20 10 density  0.45,20,10,16,16,0.314,solved,
Simonis,problem_20_10.dat,HS problem 830 size 20 10 density  0.45,20,10,14,14,0.301,solved,
Simonis,problem_20_10.dat,HS problem 831 size 20 10 density  0.45,20,10,18,18,0.29,solved,
Simonis,problem_20_10.dat,HS problem 832 size 20 10 density  0.45,20,10,16,16,0.281,solved,
Simonis,problem_20_10.dat,HS problem 833 size 20 10 density  0.45,20,10,17,17,0.269,solved,
Simonis,problem_20_10.dat,HS problem 834 size 20 10 density  0.45,20,10,17,17,0.205,solved,
Simonis,problem_20_10.dat,HS problem 835 size 20 10 density  0.45,20,10,15,15,0.196,solved,
Simonis,problem_20_10.dat,HS problem 836 size 20 10 density  0.45,20,10,17,17,0.19,solved,
Simonis,problem_20_10.dat,HS problem 837 size 20 10 density  0.45,20,10,17,17,0.179,solved,
Simonis,problem_20_10.dat,HS problem 838 size 20 10 density  0.45,20,10,18,18,0.171,solved,
Simonis,problem_20_10.dat,HS problem 839 size 20 10 density  0.45,20,10,16,16,0.159,solved,
Simonis,problem_20_10.dat,HS problem 840 size 20 10 density  0.45,20,10,15,15,0.149,solved,
Simonis,problem_20_10.dat,HS problem 841 size 20 10 density  0.45,20,10,17,17,0.136,solved,
Simonis,problem_20_10.dat,HS problem 842 size 20 10 density  0.45,20,10,16,16,0.124,solved,
Simonis,problem_20_10.dat,HS problem 843 size 20 10 density  0.45,20,10,15,15,0.112,solved,
Simonis,problem_20_10.dat,HS problem 844 size 20 10 density  0.45,20,10,17,17,0.101,solved,
Simonis,problem_20_10.dat,HS problem 845 size 20 10 density  0.45,20,10,16,16,0.349,solved,
Simonis,problem_20_10.dat,HS problem 846 size 20 10 density  0.45,20,10,15,15,0.336,solved,
Simonis,problem_20_10.dat,HS problem 847 size 20 10 density  0.45,20,10,17,17,0.325,solved,
Simonis,problem_20_10.dat,HS problem 848 size 20 10 density  0.45,20,10,16,16,0.311,solved,
Simonis,problem_20_10.dat,HS problem 849 size 20 10 density  0.45,20,10,19,19,0.3,solved,
Simonis,problem_20_10.dat,HS problem 850 size 20 10 density  0.45,20,10,17,17,0.287,solved,
Simonis,problem_20_10.dat,HS problem 851 size 20 10 density  0.50,20,10,17,17,0.275,solved,
Simonis,problem_20_10.dat,HS problem 852 size 20 10 density  0.50,20,10,16,16,0.21,solved,
Simonis,problem_20_10.dat,HS problem 853 size 20 10 density  0.50,20,10,17,17,0.198,solved,
Simonis,problem_20_10.dat,HS problem 854 size 20 10 density  0.50,20,10,19,19,0.192,solved,
Simonis,problem_20_10.dat,HS problem 855 size 20 10 density  0.50,20,10,16,16,0.184,solved,
Simonis,problem_20_10.dat,HS problem 856 size 20 10 density  0.50,20,10,18,18,0.176,solved,
Simonis,problem_20_10.dat,HS problem 857 size 20 10 density  0.50,20,10,17,17,0.166,solved,
Simonis,problem_20_10.dat,HS problem 858 size 20 10 density  0.50,20,10,18,18,0.157,solved,
Simonis,problem_20_10.dat,HS problem 859 size 20 10 density  0.50,20,10,18,18,0.145,solved,
Simonis,problem_20_10.dat,HS problem 860 size 20 10 density  0.50,20,10,18,18,0.132,solved,
Simonis,problem_20_10.dat,HS problem 861 size 20 10 density  0.50,20,10,19,19,0.119,solved,
Simonis,problem_20_10.dat,HS problem 862 size 20 10 density  0.50,20,10,16,16,0.107,solved,
Simonis,problem_20_10.dat,HS problem 863 size 20 10 density  0.50,20,10,18,18,0.349,solved,
Simonis,problem_20_10.dat,HS problem 864 size 20 10 density  0.50,20,10,18,18,0.336,solved,
Simonis,problem_20_10.dat,HS problem 865 size 20 10 density  0.50,20,10,17,17,0.323,solved,
Simonis,problem_20_10.dat,HS problem 866 size 20 10 density  0.50,20,10,17,17,0.315,solved,
Simonis,problem_20_10.dat,HS problem 867 size 20 10 density  0.50,20,10,19,19,0.303,solved,
Simonis,problem_20_10.dat,HS problem 868 size 20 10 density  0.50,20,10,18,18,0.291,solved,
Simonis,problem_20_10.dat,HS problem 869 size 20 10 density  0.50,20,10,18,18,0.278,solved,
Simonis,problem_20_10.dat,HS problem 870 size 20 10 density  0.50,20,10,17,17,0.268,solved,
Simonis,problem_20_10.dat,HS problem 871 size 20 10 density  0.50,20,10,18,18,0.205,solved,
Simonis,problem_20_10.dat,HS problem 872 size 20 10 density  0.50,20,10,18,18,0.198,solved,
Simonis,problem_20_10.dat,HS problem 873 size 20 10 density  0.50,20,10,18,18,0.189,solved,
Simonis,problem_20_10.dat,HS problem 874 size 20 10 density  0.50,20,10,17,17,0.18,solved,
Simonis,problem_20_10.dat,HS problem 875 size 20 10 density  0.50,20,10,16,16,0.17,solved,
Simonis,problem_20_10.dat,HS problem 876 size 20 10 density  0.50,20,10,18,18,0.159,solved,
Simonis,problem_20_10.dat,HS problem 877 size 20 10 density  0.50,20,10,17,17,0.147,solved,
Simonis,problem_20_10.dat,HS problem 878 size 20 10 density  0.50,20,10,18,18,0.134,solved,
Simonis,problem_20_10.dat,HS problem 879 size 20 10 density  0.50,20,10,18,18,0.121,solved,
Simonis,problem_20_10.dat,HS problem 880 size 20 10 density  0.50,20,10,18,18,0.108,solved,
Simonis,problem_20_10.dat,HS problem 881 size 20 10 density  0.50,20,10,19,19,0.096,solved,
Simonis,problem_20_10.dat,HS problem 882 size 20 10 density  0.50,20,10,16,16,0.088,solved,
Simonis,problem_20_10.dat,HS problem 883 size 20 10 density  0.50,20,10,18,18,0.363,solved,
Simonis,problem_20_10.dat,HS problem 884 size 20 10 density  0.50,20,10,18,18,0.349,solved,
Simonis,problem_20_10.dat,HS problem 885 size 20 10 density  0.50,20,10,17,17,0.336,solved,
Simonis,problem_20_10.dat,HS problem 886 size 20 10 density  0.50,20,10,18,18,0.323,solved,
Simonis,problem_20_10.dat,HS problem 887 size 20 10 density  0.50,20,10,18,18,0.31,solved,
Simonis,problem_20_10.dat,HS problem 888 size 20 10 density  0.50,20,10,19,19,0.297,solved,
Simonis,problem_20_10.dat,HS problem 889 size 20 10 density  0.50,20,10,20,20,0.234,solved,
Simonis,problem_20_10.dat,HS problem 890 size 20 10 density  0.50,20,10,18,18,0.224,solved,
Simonis,problem_20_10.dat,HS problem 891 size 20 10 density  0.50,20,10,18,18,0.217,solved,
Simonis,problem_20_10.dat,HS problem 892 size 20 10 density  0.50,20,10,18,18,0.206,solved,
Simonis,problem_20_10.dat,HS problem 893 size 20 10 density  0.50,20,10,19,19,0.199,solved,
Simonis,problem_20_10.dat,HS problem 894 size 20 10 density  0.50,20,10,18,18,0.188,solved,
Simonis,problem_20_10.dat,HS problem 895 size 20 10 density  0.50,20,10,18,18,0.178,solved,
Simonis,problem_20_10.dat,HS problem 896 size 20 10 density  0.50,20,10,17,17,0.165,solved,
Simonis,problem_20_10.dat,HS problem 897 size 20 10 density  0.50,20,10,19,19,0.151,solved,
Simonis,problem_20_10.dat,HS problem 898 size 20 10 density  0.50,20,10,18,18,0.139,solved,
Simonis,problem_20_10.dat,HS problem 899 size 20 10 density  0.50,20,10,19,19,0.126,solved,
Simonis,problem_20_10.dat,HS problem 900 size 20 10 density  0.50,20,10,17,17,0.114,solved,
Simonis,problem_20_10.dat,HS problem 901 size 20 10 density  0.55,20,10,18,18,0.101,solved,
Simonis,problem_20_10.dat,HS problem 902 size 20 10 density  0.55,20,10,18,18,0.363,solved,
Simonis,problem_20_10.dat,HS problem 903 size 20 10 density  0.55,20,10,18,18,0.35,solved,
Simonis,problem_20_10.dat,HS problem 904 size 20 10 density  0.55,20,10,19,19,0.337,solved,
Simonis,problem_20_10.dat,HS problem 905 size 20 10 density  0.55,20,10,19,19,0.323,solved,
Simonis,problem_20_10.dat,HS problem 906 size 20 10 density  0.55,20,10,18,18,0.31,solved,
Simonis,problem_20_10.dat,HS problem 907 size 20 10 density  0.55,20,10,17,17,0.299,solved,
Simonis,problem_20_10.dat,HS problem 908 size 20 10 density  0.55,20,10,19,19,0.288,solved,
Simonis,problem_20_10.dat,HS problem 909 size 20 10 density  0.55,20,10,18,18,0.223,solved,
Simonis,problem_20_10.dat,HS problem 910 size 20 10 density  0.55,20,10,19,19,0.217,solved,
Simonis,problem_20_10.dat,HS problem 911 size 20 10 density  0.55,20,10,18,18,0.209,solved,
Simonis,problem_20_10.dat,HS problem 912 size 20 10 density  0.55,20,10,19,19,0.201,solved,
Simonis,problem_20_10.dat,HS problem 913 size 20 10 density  0.55,20,10,18,18,0.188,solved,
Simonis,problem_20_10.dat,HS problem 914 size 20 10 density  0.55,20,10,19,19,0.178,solved,
Simonis,problem_20_10.dat,HS problem 915 size 20 10 density  0.55,20,10,18,18,0.164,solved,
Simonis,problem_20_10.dat,HS problem 916 size 20 10 density  0.55,20,10,18,18,0.149,solved,
Simonis,problem_20_10.dat,HS problem 917 size 20 10 density  0.55,20,10,19,19,0.139,solved,
Simonis,problem_20_10.dat,HS problem 918 size 20 10 density  0.55,20,10,18,18,0.126,solved,
Simonis,problem_20_10.dat,HS problem 919 size 20 10 density  0.55,20,10,18,18,0.113,solved,
Simonis,problem_20_10.dat,HS problem 921 size 20 10 density  0.55,20,10,19,19,0.086,solved,
Simonis,problem_20_10.dat,HS problem 920 size 20 10 density  0.55,20,10,19,19,0.372,solved,
Simonis,problem_20_10.dat,HS problem 922 size 20 10 density  0.55,20,10,18,18,0.349,solved,
Simonis,problem_20_10.dat,HS problem 923 size 20 10 density  0.55,20,10,18,18,0.335,solved,
Simonis,problem_20_10.dat,HS problem 924 size 20 10 density  0.55,20,10,18,18,0.322,solved,
Simonis,problem_20_10.dat,HS problem 925 size 20 10 density  0.55,20,10,18,18,0.311,solved,
Simonis,problem_20_10.dat,HS problem 926 size 20 10 density  0.55,20,10,19,19,0.296,solved,
Simonis,problem_20_10.dat,HS problem 927 size 20 10 density  0.55,20,10,18,18,0.283,solved,
Simonis,problem_20_10.dat,HS problem 928 size 20 10 density  0.55,20,10,17,17,0.223,solved,
Simonis,problem_20_10.dat,HS problem 929 size 20 10 density  0.55,20,10,19,19,0.212,solved,
Simonis,problem_20_10.dat,HS problem 930 size 20 10 density  0.55,20,10,18,18,0.203,solved,
Simonis,problem_20_10.dat,HS problem 931 size 20 10 density  0.55,20,10,19,19,0.194,solved,
Simonis,problem_20_10.dat,HS problem 932 size 20 10 density  0.55,20,10,18,18,0.186,solved,
Simonis,problem_20_10.dat,HS problem 933 size 20 10 density  0.55,20,10,18,18,0.173,solved,
Simonis,problem_20_10.dat,HS problem 934 size 20 10 density  0.55,20,10,18,18,0.162,solved,
Simonis,problem_20_10.dat,HS problem 935 size 20 10 density  0.55,20,10,19,19,0.149,solved,
Simonis,problem_20_10.dat,HS problem 936 size 20 10 density  0.55,20,10,18,18,0.134,solved,
Simonis,problem_20_10.dat,HS problem 937 size 20 10 density  0.55,20,10,18,18,0.121,solved,
Simonis,problem_20_10.dat,HS problem 938 size 20 10 density  0.55,20,10,18,18,0.111,solved,
Simonis,problem_20_10.dat,HS problem 940 size 20 10 density  0.55,20,10,20,20,0.083,solved,
Simonis,problem_20_10.dat,HS problem 939 size 20 10 density  0.55,20,10,19,19,0.364,solved,
Simonis,problem_20_10.dat,HS problem 941 size 20 10 density  0.55,20,10,19,19,0.337,solved,
Simonis,problem_20_10.dat,HS problem 942 size 20 10 density  0.55,20,10,18,18,0.323,solved,
Simonis,problem_20_10.dat,HS problem 943 size 20 10 density  0.55,20,10,18,18,0.311,solved,
Simonis,problem_20_10.dat,HS problem 944 size 20 10 density  0.55,20,10,20,20,0.301,solved,
Simonis,problem_20_10.dat,HS problem 945 size 20 10 density  0.55,20,10,17,17,0.289,solved,
Simonis,problem_20_10.dat,HS problem 946 size 20 10 density  0.55,20,10,18,18,0.278,solved,
Simonis,problem_20_10.dat,HS problem 947 size 20 10 density  0.55,20,10,19,19,0.216,solved,
Simonis,problem_20_10.dat,HS problem 948 size 20 10 density  0.55,20,10,19,19,0.207,solved,
Simonis,problem_20_10.dat,HS problem 949 size 20 10 density  0.55,20,10,19,19,0.202,solved,
Simonis,problem_20_10.dat,HS problem 950 size 20 10 density  0.55,20,10,18,18,0.191,solved,
Simonis,problem_20_10.dat,HS problem 951 size 20 10 density  0.60,20,10,20,20,0.185,solved,
Simonis,problem_20_10.dat,HS problem 952 size 20 10 density  0.60,20,10,20,20,0.174,solved,
Simonis,problem_20_10.dat,HS problem 953 size 20 10 density  0.60,20,10,18,18,0.164,solved,
Simonis,problem_20_10.dat,HS problem 954 size 20 10 density  0.60,20,10,19,19,0.152,solved,
Simonis,problem_20_10.dat,HS problem 955 size 20 10 density  0.60,20,10,19,19,0.137,solved,
Simonis,problem_20_10.dat,HS problem 956 size 20 10 density  0.60,20,10,19,19,0.124,solved,
Simonis,problem_20_10.dat,HS problem 957 size 20 10 density  0.60,20,10,20,20,0.108,solved,
Simonis,problem_20_10.dat,HS problem 958 size 20 10 density  0.60,20,10,19,19,0.095,solved,
Simonis,problem_20_10.dat,HS problem 959 size 20 10 density  0.60,20,10,18,18,0.354,solved,
Simonis,problem_20_10.dat,HS problem 960 size 20 10 density  0.60,20,10,19,19,0.342,solved,
Simonis,problem_20_10.dat,HS problem 961 size 20 10 density  0.60,20,10,18,18,0.334,solved,
Simonis,problem_20_10.dat,HS problem 962 size 20 10 density  0.60,20,10,20,20,0.321,solved,
Simonis,problem_20_10.dat,HS problem 963 size 20 10 density  0.60,20,10,19,19,0.31,solved,
Simonis,problem_20_10.dat,HS problem 964 size 20 10 density  0.60,20,10,19,19,0.297,solved,
Simonis,problem_20_10.dat,HS problem 965 size 20 10 density  0.60,20,10,19,19,0.283,solved,
Simonis,problem_20_10.dat,HS problem 966 size 20 10 density  0.60,20,10,19,19,0.221,solved,
Simonis,problem_20_10.dat,HS problem 967 size 20 10 density  0.60,20,10,19,19,0.21,solved,
Simonis,problem_20_10.dat,HS problem 968 size 20 10 density  0.60,20,10,20,20,0.202,solved,
Simonis,problem_20_10.dat,HS problem 969 size 20 10 density  0.60,20,10,20,20,0.196,solved,
Simonis,problem_20_10.dat,HS problem 970 size 20 10 density  0.60,20,10,20,20,0.184,solved,
Simonis,problem_20_10.dat,HS problem 971 size 20 10 density  0.60,20,10,19,19,0.173,solved,
Simonis,problem_20_10.dat,HS problem 972 size 20 10 density  0.60,20,10,20,20,0.161,solved,
Simonis,problem_20_10.dat,HS problem 973 size 20 10 density  0.60,20,10,20,20,0.147,solved,
Simonis,problem_20_10.dat,HS problem 974 size 20 10 density  0.60,20,10,19,19,0.135,solved,
Simonis,problem_20_10.dat,HS problem 975 size 20 10 density  0.60,20,10,20,20,0.121,solved,
Simonis,problem_20_10.dat,HS problem 976 size 20 10 density  0.60,20,10,19,19,0.112,solved,
Simonis,problem_20_10.dat,HS problem 977 size 20 10 density  0.60,20,10,20,20,0.346,solved,
Simonis,problem_20_10.dat,HS problem 978 size 20 10 density  0.60,20,10,20,20,0.333,solved,
Simonis,problem_20_10.dat,HS problem 979 size 20 10 density  0.60,20,10,19,19,0.321,solved,
Simonis,problem_20_10.dat,HS problem 980 size 20 10 density  0.60,20,10,18,18,0.31,solved,
Simonis,problem_20_10.dat,HS problem 981 size 20 10 density  0.60,20,10,20,20,0.297,solved,
Simonis,problem_20_10.dat,HS problem 982 size 20 10 density  0.60,20,10,18,18,0.284,solved,
Simonis,problem_20_10.dat,HS problem 983 size 20 10 density  0.60,20,10,19,19,0.276,solved,
Simonis,problem_20_10.dat,HS problem 984 size 20 10 density  0.60,20,10,20,20,0.263,solved,
Simonis,problem_20_10.dat,HS problem 985 size 20 10 density  0.60,20,10,18,18,0.198,solved,
Simonis,problem_20_10.dat,HS problem 986 size 20 10 density  0.60,20,10,20,20,0.191,solved,
Simonis,problem_20_10.dat,HS problem 987 size 20 10 density  0.60,20,10,20,20,0.185,solved,
Simonis,problem_20_10.dat,HS problem 988 size 20 10 density  0.60,20,10,19,19,0.177,solved,
Simonis,problem_20_10.dat,HS problem 989 size 20 10 density  0.60,20,10,20,20,0.168,solved,
Simonis,problem_20_10.dat,HS problem 990 size 20 10 density  0.60,20,10,20,20,0.158,solved,
Simonis,problem_20_10.dat,HS problem 991 size 20 10 density  0.60,20,10,19,19,0.147,solved,
Simonis,problem_20_10.dat,HS problem 992 size 20 10 density  0.60,20,10,19,19,0.133,solved,
Simonis,problem_20_10.dat,HS problem 993 size 20 10 density  0.60,20,10,19,19,0.12,solved,
Simonis,problem_20_10.dat,HS problem 994 size 20 10 density  0.60,20,10,20,20,0.109,solved,
Simonis,problem_20_10.dat,HS problem 995 size 20 10 density  0.60,20,10,20,20,0.096,solved,
Simonis,problem_20_10.dat,HS problem 996 size 20 10 density  0.60,20,10,19,19,0.354,solved,
Simonis,problem_20_10.dat,HS problem 997 size 20 10 density  0.60,20,10,19,19,0.344,solved,
Simonis,problem_20_10.dat,HS problem 998 size 20 10 density  0.60,20,10,20,20,0.333,solved,
Simonis,problem_20_10.dat,HS problem 999 size 20 10 density  0.60,20,10,19,19,0.32,solved,
Simonis,problem_20_10.dat,HS problem 1000 size 20 10 density  0.60,20,10,19,19,0.307,solved,
Simonis,problem_20_10.dat,HS problem 1001 size 20 10 density  0.65,20,10,20,20,0.296,solved,
Simonis,problem_20_10.dat,HS problem 1002 size 20 10 density  0.65,20,10,19,19,0.282,solved,
Simonis,problem_20_10.dat,HS problem 1003 size 20 10 density  0.65,20,10,20,20,0.22,solved,
Simonis,problem_20_10.dat,HS problem 1004 size 20 10 density  0.65,20,10,20,20,0.212,solved,
Simonis,problem_20_10.dat,HS problem 1005 size 20 10 density  0.65,20,10,19,19,0.202,solved,
Simonis,problem_20_10.dat,HS problem 1006 size 20 10 density  0.65,20,10,20,20,0.194,solved,
Simonis,problem_20_10.dat,HS problem 1007 size 20 10 density  0.65,20,10,20,20,0.181,solved,
Simonis,problem_20_10.dat,HS problem 1008 size 20 10 density  0.65,20,10,20,20,0.17,solved,
Simonis,problem_20_10.dat,HS problem 1009 size 20 10 density  0.65,20,10,19,19,0.157,solved,
Simonis,problem_20_10.dat,HS problem 1010 size 20 10 density  0.65,20,10,19,19,0.142,solved,
Simonis,problem_20_10.dat,HS problem 1011 size 20 10 density  0.65,20,10,19,19,0.13,solved,
Simonis,problem_20_10.dat,HS problem 1012 size 20 10 density  0.65,20,10,20,20,0.119,solved,
Simonis,problem_20_10.dat,HS problem 1013 size 20 10 density  0.65,20,10,19,19,0.109,solved,
Simonis,problem_20_10.dat,HS problem 1014 size 20 10 density  0.65,20,10,20,20,0.098,solved,
Simonis,problem_20_10.dat,HS problem 1015 size 20 10 density  0.65,20,10,19,19,0.354,solved,
Simonis,problem_20_10.dat,HS problem 1016 size 20 10 density  0.65,20,10,19,19,0.345,solved,
Simonis,problem_20_10.dat,HS problem 1017 size 20 10 density  0.65,20,10,20,20,0.333,solved,
Simonis,problem_20_10.dat,HS problem 1018 size 20 10 density  0.65,20,10,20,20,0.319,solved,
Simonis,problem_20_10.dat,HS problem 1019 size 20 10 density  0.65,20,10,18,18,0.306,solved,
Simonis,problem_20_10.dat,HS problem 1020 size 20 10 density  0.65,20,10,20,20,0.293,solved,
Simonis,problem_20_10.dat,HS problem 1021 size 20 10 density  0.65,20,10,19,19,0.28,solved,
Simonis,problem_20_10.dat,HS problem 1022 size 20 10 density  0.65,20,10,18,18,0.219,solved,
Simonis,problem_20_10.dat,HS problem 1023 size 20 10 density  0.65,20,10,19,19,0.209,solved,
Simonis,problem_20_10.dat,HS problem 1024 size 20 10 density  0.65,20,10,19,19,0.201,solved,
Simonis,problem_20_10.dat,HS problem 1025 size 20 10 density  0.65,20,10,20,20,0.192,solved,
Simonis,problem_20_10.dat,HS problem 1026 size 20 10 density  0.65,20,10,19,19,0.181,solved,
Simonis,problem_20_10.dat,HS problem 1027 size 20 10 density  0.65,20,10,20,20,0.168,solved,
Simonis,problem_20_10.dat,HS problem 1028 size 20 10 density  0.65,20,10,20,20,0.155,solved,
Simonis,problem_20_10.dat,HS problem 1029 size 20 10 density  0.65,20,10,20,20,0.141,solved,
Simonis,problem_20_10.dat,HS problem 1030 size 20 10 density  0.65,20,10,19,19,0.129,solved,
Simonis,problem_20_10.dat,HS problem 1031 size 20 10 density  0.65,20,10,20,20,0.118,solved,
Simonis,problem_20_10.dat,HS problem 1032 size 20 10 density  0.65,20,10,19,19,0.106,solved,
Simonis,problem_20_10.dat,HS problem 1033 size 20 10 density  0.65,20,10,19,19,0.098,solved,
Simonis,problem_20_10.dat,HS problem 1034 size 20 10 density  0.65,20,10,19,19,0.354,solved,
Simonis,problem_20_10.dat,HS problem 1035 size 20 10 density  0.65,20,10,20,20,0.346,solved,
Simonis,problem_20_10.dat,HS problem 1036 size 20 10 density  0.65,20,10,20,20,0.332,solved,
Simonis,problem_20_10.dat,HS problem 1037 size 20 10 density  0.65,20,10,20,20,0.319,solved,
Simonis,problem_20_10.dat,HS problem 1038 size 20 10 density  0.65,20,10,20,20,0.307,solved,
Simonis,problem_20_10.dat,HS problem 1039 size 20 10 density  0.65,20,10,19,19,0.296,solved,
Simonis,problem_20_10.dat,HS problem 1040 size 20 10 density  0.65,20,10,20,20,0.283,solved,
Simonis,problem_20_10.dat,HS problem 1041 size 20 10 density  0.65,20,10,20,20,0.219,solved,
Simonis,problem_20_10.dat,HS problem 1042 size 20 10 density  0.65,20,10,20,20,0.211,solved,
Simonis,problem_20_10.dat,HS problem 1043 size 20 10 density  0.65,20,10,18,18,0.198,solved,
Simonis,problem_20_10.dat,HS problem 1044 size 20 10 density  0.65,20,10,20,20,0.191,solved,
Simonis,problem_20_10.dat,HS problem 1045 size 20 10 density  0.65,20,10,20,20,0.178,solved,
Simonis,problem_20_10.dat,HS problem 1046 size 20 10 density  0.65,20,10,19,19,0.168,solved,
Simonis,problem_20_10.dat,HS problem 1047 size 20 10 density  0.65,20,10,20,20,0.155,solved,
Simonis,problem_20_10.dat,HS problem 1048 size 20 10 density  0.65,20,10,18,18,0.141,solved,
Simonis,problem_20_10.dat,HS problem 1049 size 20 10 density  0.65,20,10,20,20,0.13,solved,
Simonis,problem_20_10.dat,HS problem 1050 size 20 10 density  0.65,20,10,20,20,0.122,solved,
Simonis,problem_20_10.dat,HS problem 1051 size 20 10 density  0.70,20,10,20,20,0.109,solved,
Simonis,problem_20_10.dat,HS problem 1052 size 20 10 density  0.70,20,10,20,20,0.095,solved,
Simonis,problem_20_10.dat,HS problem 1053 size 20 10 density  0.70,20,10,20,20,0.362,solved,
Simonis,problem_20_10.dat,HS problem 1054 size 20 10 density  0.70,20,10,19,19,0.348,solved,
Simonis,problem_20_10.dat,HS problem 1055 size 20 10 density  0.70,20,10,19,19,0.338,solved,
Simonis,problem_20_10.dat,HS problem 1056 size 20 10 density  0.70,20,10,19,19,0.325,solved,
Simonis,problem_20_10.dat,HS problem 1057 size 20 10 density  0.70,20,10,20,20,0.313,solved,
Simonis,problem_20_10.dat,HS problem 1058 size 20 10 density  0.70,20,10,19,19,0.305,solved,
Simonis,problem_20_10.dat,HS problem 1059 size 20 10 density  0.70,20,10,20,20,0.292,solved,
Simonis,problem_20_10.dat,HS problem 1060 size 20 10 density  0.70,20,10,20,20,0.227,solved,
Simonis,problem_20_10.dat,HS problem 1061 size 20 10 density  0.70,20,10,20,20,0.219,solved,
Simonis,problem_20_10.dat,HS problem 1062 size 20 10 density  0.70,20,10,20,20,0.207,solved,
Simonis,problem_20_10.dat,HS problem 1063 size 20 10 density  0.70,20,10,19,19,0.197,solved,
Simonis,problem_20_10.dat,HS problem 1064 size 20 10 density  0.70,20,10,20,20,0.184,solved,
Simonis,problem_20_10.dat,HS problem 1065 size 20 10 density  0.70,20,10,20,20,0.171,solved,
Simonis,problem_20_10.dat,HS problem 1066 size 20 10 density  0.70,20,10,20,20,0.158,solved,
Simonis,problem_20_10.dat,HS problem 1067 size 20 10 density  0.70,20,10,20,20,0.144,solved,
Simonis,problem_20_10.dat,HS problem 1068 size 20 10 density  0.70,20,10,20,20,0.133,solved,
Simonis,problem_20_10.dat,HS problem 1069 size 20 10 density  0.70,20,10,20,20,0.121,solved,
Simonis,problem_20_10.dat,HS problem 1070 size 20 10 density  0.70,20,10,19,19,0.109,solved,
Simonis,problem_20_10.dat,HS problem 1071 size 20 10 density  0.70,20,10,20,20,0.099,solved,
Simonis,problem_20_10.dat,HS problem 1072 size 20 10 density  0.70,20,10,20,20,0.363,solved,
Simonis,problem_20_10.dat,HS problem 1073 size 20 10 density  0.70,20,10,20,20,0.353,solved,
Simonis,problem_20_10.dat,HS problem 1074 size 20 10 density  0.70,20,10,19,19,0.341,solved,
Simonis,problem_20_10.dat,HS problem 1075 size 20 10 density  0.70,20,10,20,20,0.326,solved,
Simonis,problem_20_10.dat,HS problem 1076 size 20 10 density  0.70,20,10,20,20,0.315,solved,
Simonis,problem_20_10.dat,HS problem 1077 size 20 10 density  0.70,20,10,19,19,0.302,solved,
Simonis,problem_20_10.dat,HS problem 1078 size 20 10 density  0.70,20,10,20,20,0.289,solved,
Simonis,problem_20_10.dat,HS problem 1079 size 20 10 density  0.70,20,10,20,20,0.227,solved,
Simonis,problem_20_10.dat,HS problem 1080 size 20 10 density  0.70,20,10,20,20,0.217,solved,
Simonis,problem_20_10.dat,HS problem 1081 size 20 10 density  0.70,20,10,20,20,0.208,solved,
Simonis,problem_20_10.dat,HS problem 1082 size 20 10 density  0.70,20,10,20,20,0.199,solved,
Simonis,problem_20_10.dat,HS problem 1083 size 20 10 density  0.70,20,10,20,20,0.188,solved,
Simonis,problem_20_10.dat,HS problem 1084 size 20 10 density  0.70,20,10,20,20,0.175,solved,
Simonis,problem_20_10.dat,HS problem 1085 size 20 10 density  0.70,20,10,20,20,0.162,solved,
Simonis,problem_20_10.dat,HS problem 1086 size 20 10 density  0.70,20,10,20,20,0.147,solved,
Simonis,problem_20_10.dat,HS problem 1087 size 20 10 density  0.70,20,10,20,20,0.134,solved,
Simonis,problem_20_10.dat,HS problem 1088 size 20 10 density  0.70,20,10,20,20,0.126,solved,
Simonis,problem_20_10.dat,HS problem 1089 size 20 10 density  0.70,20,10,20,20,0.112,solved,
Simonis,problem_20_10.dat,HS problem 1090 size 20 10 density  0.70,20,10,20,20,0.101,solved,
Simonis,problem_20_10.dat,HS problem 1091 size 20 10 density  0.70,20,10,20,20,0.384,solved,
Simonis,problem_20_10.dat,HS problem 1092 size 20 10 density  0.70,20,10,20,20,0.37,solved,
Simonis,problem_20_10.dat,HS problem 1093 size 20 10 density  0.70,20,10,19,19,0.356,solved,
Simonis,problem_20_10.dat,HS problem 1094 size 20 10 density  0.70,20,10,20,20,0.345,solved,
Simonis,problem_20_10.dat,HS problem 1095 size 20 10 density  0.70,20,10,20,20,0.333,solved,
Simonis,problem_20_10.dat,HS problem 1096 size 20 10 density  0.70,20,10,19,19,0.324,solved,
Simonis,problem_20_10.dat,HS problem 1097 size 20 10 density  0.70,20,10,20,20,0.31,solved,
Simonis,problem_20_10.dat,HS problem 1098 size 20 10 density  0.70,20,10,20,20,0.244,solved,
Simonis,problem_20_10.dat,HS problem 1099 size 20 10 density  0.70,20,10,19,19,0.236,solved,
Simonis,problem_20_10.dat,HS problem 1100 size 20 10 density  0.70,20,10,20,20,0.227,solved,
Simonis,problem_15_30.dat,HS problem 3270 size 15 30 density  0.35,15,30,,,60.024,timeout,
Simonis,problem_20_20.dat,HS problem 2210 size 20 20 density  0.20,20,20,10,10,1.962,solved,
Simonis,problem_20_20.dat,HS problem 2216 size 20 20 density  0.20,20,20,11,11,2.395,solved,
Simonis,problem_20_20.dat,HS problem 2202 size 20 20 density  0.20,20,20,10,10,2.847,solved,
Simonis,problem_20_20.dat,HS problem 2209 size 20 20 density  0.20,20,20,10,10,2.761,solved,
Simonis,problem_20_20.dat,HS problem 2205 size 20 20 density  0.20,20,20,12,12,3.041,solved,
Simonis,problem_20_20.dat,HS problem 2207 size 20 20 density  0.20,20,20,12,12,3.091,solved,
Simonis,problem_20_20.dat,HS problem 2220 size 20 20 density  0.20,20,20,10,10,3.07,solved,
Simonis,problem_20_20.dat,HS problem 2211 size 20 20 density  0.20,20,20,13,13,3.328,solved,
Simonis,problem_20_20.dat,HS problem 2208 size 20 20 density  0.20,20,20,13,13,3.583,solved,
Simonis,problem_20_20.dat,HS problem 2223 size 20 20 density  0.25,20,20,14,14,3.373,solved,
Simonis,problem_20_20.dat,HS problem 2212 size 20 20 density  0.20,20,20,12,12,3.715,solved,
Simonis,problem_20_20.dat,HS problem 2226 size 20 20 density  0.25,20,20,13,13,3.557,solved,
Simonis,problem_20_20.dat,HS problem 2204 size 20 20 density  0.20,20,20,15,15,4.042,solved,
Simonis,problem_20_20.dat,HS problem 2213 size 20 20 density  0.20,20,20,12,12,4.0,solved,
Simonis,problem_20_20.dat,HS problem 2218 size 20 20 density  0.20,20,20,14,14,4.035,solved,
Simonis,problem_20_20.dat,HS problem 2206 size 20 20 density  0.20,20,20,12,12,4.468,solved,
Simonis,problem_20_20.dat,HS problem 2225 size 20 20 density  0.25,20,20,15,15,4.213,solved,
Simonis,problem_20_20.dat,HS problem 2215 size 20 20 density  0.20,20,20,13,13,4.542,solved,
Simonis,problem_20_20.dat,HS problem 2203 size 20 20 density  0.20,20,20,13,13,4.816,solved,
Simonis,problem_20_20.dat,HS problem 2221 size 20 20 density  0.25,20,20,15,15,4.586,solved,
Simonis,problem_20_20.dat,HS problem 2219 size 20 20 density  0.20,20,20,13,13,4.682,solved,
Simonis,problem_20_20.dat,HS problem 2217 size 20 20 density  0.20,20,20,13,13,4.781,solved,
Simonis,problem_20_20.dat,HS problem 2224 size 20 20 density  0.25,20,20,15,15,4.733,solved,
Simonis,problem_20_20.dat,HS problem 2227 size 20 20 density  0.25,20,20,15,15,3.269,solved,
Simonis,problem_20_20.dat,HS problem 2222 size 20 20 density  0.25,20,20,17,17,5.201,solved,
Simonis,problem_20_20.dat,HS problem 2228 size 20 20 density  0.25,20,20,13,13,3.419,solved,
Simonis,problem_20_20.dat,HS problem 2230 size 20 20 density  0.25,20,20,15,15,3.066,solved,
Simonis,problem_20_20.dat,HS problem 2201 size 20 20 density  0.20,20,20,11,11,6.152,solved,
Simonis,problem_20_20.dat,HS problem 2214 size 20 20 density  0.20,20,20,14,14,5.986,solved,
Simonis,problem_20_20.dat,HS problem 2235 size 20 20 density  0.25,20,20,15,15,3.333,solved,
Simonis,problem_20_20.dat,HS problem 2229 size 20 20 density  0.25,20,20,15,15,4.457,solved,
Simonis,problem_20_20.dat,HS problem 2233 size 20 20 density  0.25,20,20,14,14,3.887,solved,
Simonis,problem_20_20.dat,HS problem 2236 size 20 20 density  0.25,20,20,15,15,3.469,solved,
Simonis,problem_20_20.dat,HS problem 2234 size 20 20 density  0.25,20,20,15,15,4.274,solved,
Simonis,problem_20_20.dat,HS problem 2244 size 20 20 density  0.30,20,20,16,16,3.515,solved,
Simonis,problem_20_20.dat,HS problem 2232 size 20 20 density  0.25,20,20,14,14,5.25,solved,
Simonis,problem_20_20.dat,HS problem 2245 size 20 20 density  0.30,20,20,16,16,3.739,solved,
Simonis,problem_20_20.dat,HS problem 2247 size 20 20 density  0.30,20,20,17,17,3.819,solved,
Simonis,problem_20_20.dat,HS problem 2237 size 20 20 density  0.25,20,20,15,15,5.113,solved,
Simonis,problem_20_20.dat,HS problem 2241 size 20 20 density  0.30,20,20,17,17,4.771,solved,
Simonis,problem_20_20.dat,HS problem 2252 size 20 20 density  0.30,20,20,16,16,3.442,solved,
Simonis,problem_20_20.dat,HS problem 2250 size 20 20 density  0.30,20,20,15,15,3.942,solved,
Simonis,problem_20_20.dat,HS problem 2251 size 20 20 density  0.30,20,20,14,14,4.193,solved,
Simonis,problem_20_20.dat,HS problem 2249 size 20 20 density  0.30,20,20,17,17,4.446,solved,
Simonis,problem_20_20.dat,HS problem 2260 size 20 20 density  0.30,20,20,12,12,2.421,solved,
Simonis,problem_20_20.dat,HS problem 2231 size 20 20 density  0.25,20,20,15,15,6.801,solved,
Simonis,problem_20_20.dat,HS problem 2239 size 20 20 density  0.25,20,20,15,15,5.774,solved,
Simonis,problem_20_20.dat,HS problem 2246 size 20 20 density  0.30,20,20,16,16,5.517,solved,
Simonis,problem_20_20.dat,HS problem 2242 size 20 20 density  0.30,20,20,16,16,6.16,solved,
Simonis,problem_20_20.dat,HS problem 2254 size 20 20 density  0.30,20,20,17,17,4.499,solved,
Simonis,problem_20_20.dat,HS problem 2256 size 20 20 density  0.30,20,20,16,16,4.744,solved,
Simonis,problem_20_20.dat,HS problem 2262 size 20 20 density  0.35,20,20,18,18,3.51,solved,
Simonis,problem_20_20.dat,HS problem 2258 size 20 20 density  0.30,20,20,17,17,4.898,solved,
Simonis,problem_20_20.dat,HS problem 2261 size 20 20 density  0.35,20,20,18,18,4.294,solved,
Simonis,problem_15_30.dat,HS problem 3328 size 15 30 density  0.50,15,30,15,15,35.81,solved,
Simonis,problem_20_20.dat,HS problem 2263 size 20 20 density  0.35,20,20,16,16,4.063,solved,
Simonis,problem_20_20.dat,HS problem 2269 size 20 20 density  0.35,20,20,17,17,3.976,solved,
Simonis,problem_15_30.dat,HS problem 3285 size 15 30 density  0.40,15,30,,,60.053,timeout,
Simonis,problem_20_20.dat,HS problem 2240 size 20 20 density  0.25,20,20,15,15,9.095,solved,
Simonis,problem_20_20.dat,HS problem 2270 size 20 20 density  0.35,20,20,17,17,3.706,solved,
Simonis,problem_20_20.dat,HS problem 2271 size 20 20 density  0.35,20,20,17,17,3.633,solved,
Simonis,problem_20_20.dat,HS problem 2264 size 20 20 density  0.35,20,20,18,18,4.778,solved,
Simonis,problem_20_20.dat,HS problem 2273 size 20 20 density  0.35,20,20,16,16,3.564,solved,
Simonis,problem_20_20.dat,HS problem 2275 size 20 20 density  0.35,20,20,18,18,2.884,solved,
Simonis,problem_20_20.dat,HS problem 2266 size 20 20 density  0.35,20,20,16,16,4.638,solved,
Simonis,problem_20_20.dat,HS problem 2268 size 20 20 density  0.35,20,20,18,18,4.572,solved,
Simonis,problem_20_20.dat,HS problem 2276 size 20 20 density  0.35,20,20,17,17,3.15,solved,
Simonis,problem_20_20.dat,HS problem 2243 size 20 20 density  0.30,20,20,17,17,9.716,solved,
Simonis,problem_20_20.dat,HS problem 2259 size 20 20 density  0.30,20,20,18,18,7.129,solved,
Simonis,problem_20_20.dat,HS problem 2272 size 20 20 density  0.35,20,20,18,18,4.74,solved,
Simonis,problem_20_20.dat,HS problem 2257 size 20 20 density  0.30,20,20,17,17,7.679,solved,
Simonis,problem_20_20.dat,HS problem 2248 size 20 20 density  0.30,20,20,17,17,9.852,solved,
Simonis,problem_20_20.dat,HS problem 2265 size 20 20 density  0.35,20,20,18,18,6.165,solved,
Simonis,problem_20_20.dat,HS problem 2238 size 20 20 density  0.25,20,20,16,16,11.315,solved,
Simonis,problem_20_20.dat,HS problem 2278 size 20 20 density  0.35,20,20,17,17,4.369,solved,
Simonis,problem_20_20.dat,HS problem 2279 size 20 20 density  0.35,20,20,17,17,3.766,solved,
Simonis,problem_20_20.dat,HS problem 2267 size 20 20 density  0.35,20,20,18,18,6.644,solved,
Simonis,problem_20_20.dat,HS problem 2280 size 20 20 density  0.35,20,20,17,17,4.186,solved,
Simonis,problem_20_20.dat,HS problem 2287 size 20 20 density  0.40,20,20,18,18,3.149,solved,
Simonis,problem_20_20.dat,HS problem 2274 size 20 20 density  0.35,20,20,18,18,6.786,solved,
Simonis,problem_20_20.dat,HS problem 2255 size 20 20 density  0.30,20,20,17,17,10.642,solved,
Simonis,problem_20_20.dat,HS problem 2290 size 20 20 density  0.40,20,20,18,18,3.806,solved,
Simonis,problem_20_20.dat,HS problem 2283 size 20 20 density  0.40,20,20,18,18,4.921,solved,
Simonis,problem_20_20.dat,HS problem 2284 size 20 20 density  0.40,20,20,18,18,4.299,solved,
Simonis,problem_20_20.dat,HS problem 2282 size 20 20 density  0.40,20,20,19,19,6.152,solved,
Simonis,problem_20_20.dat,HS problem 2291 size 20 20 density  0.40,20,20,20,20,4.916,solved,
Simonis,problem_20_20.dat,HS problem 2296 size 20 20 density  0.40,20,20,18,18,4.045,solved,
Simonis,problem_20_20.dat,HS problem 2299 size 20 20 density  0.40,20,20,17,17,3.711,solved,
Simonis,problem_20_20.dat,HS problem 2304 size 20 20 density  0.45,20,20,19,19,2.993,solved,
Simonis,problem_20_20.dat,HS problem 2277 size 20 20 density  0.35,20,20,18,18,8.381,solved,
Simonis,problem_20_20.dat,HS problem 2298 size 20 20 density  0.40,20,20,18,18,4.361,solved,
Simonis,problem_20_20.dat,HS problem 2294 size 20 20 density  0.40,20,20,18,18,5.286,solved,
Simonis,problem_20_20.dat,HS problem 2293 size 20 20 density  0.40,20,20,18,18,5.569,solved,
Simonis,problem_20_20.dat,HS problem 2286 size 20 20 density  0.40,20,20,18,18,6.36,solved,
Simonis,problem_20_20.dat,HS problem 2281 size 20 20 density  0.40,20,20,19,19,7.748,solved,
Simonis,problem_20_20.dat,HS problem 2308 size 20 20 density  0.45,20,20,19,19,3.046,solved,
Simonis,problem_20_20.dat,HS problem 2292 size 20 20 density  0.40,20,20,19,19,6.366,solved,
Simonis,problem_20_20.dat,HS problem 2295 size 20 20 density  0.40,20,20,18,18,5.658,solved,
Simonis,problem_20_20.dat,HS problem 2307 size 20 20 density  0.45,20,20,18,18,3.461,solved,
Simonis,problem_20_20.dat,HS problem 2303 size 20 20 density  0.45,20,20,19,19,5.209,solved,
Simonis,problem_20_20.dat,HS problem 2302 size 20 20 density  0.45,20,20,20,20,5.444,solved,
Simonis,problem_20_20.dat,HS problem 2297 size 20 20 density  0.40,20,20,19,19,6.651,solved,
Simonis,problem_20_20.dat,HS problem 2285 size 20 20 density  0.40,20,20,18,18,8.243,solved,
Simonis,problem_20_20.dat,HS problem 2300 size 20 20 density  0.40,20,20,19,19,6.47,solved,
Simonis,problem_20_20.dat,HS problem 2306 size 20 20 density  0.45,20,20,19,19,5.014,solved,
Simonis,problem_20_20.dat,HS problem 2315 size 20 20 density  0.45,20,20,20,20,2.826,solved,
Simonis,problem_20_20.dat,HS problem 2313 size 20 20 density  0.45,20,20,20,20,3.283,solved,
Simonis,problem_20_20.dat,HS problem 2319 size 20 20 density  0.45,20,20,20,20,2.576,solved,
Simonis,problem_20_20.dat,HS problem 2317 size 20 20 density  0.45,20,20,19,19,2.897,solved,
Simonis,problem_20_20.dat,HS problem 2318 size 20 20 density  0.45,20,20,19,19,2.882,solved,
Simonis,problem_20_20.dat,HS problem 2316 size 20 20 density  0.45,20,20,20,20,3.448,solved,
Simonis,problem_20_20.dat,HS problem 2324 size 20 20 density  0.50,20,20,20,20,2.371,solved,
Simonis,problem_20_20.dat,HS problem 2326 size 20 20 density  0.50,20,20,20,20,2.238,solved,
Simonis,problem_20_20.dat,HS problem 2289 size 20 20 density  0.40,20,20,20,20,9.117,solved,
Simonis,problem_20_20.dat,HS problem 2305 size 20 20 density  0.45,20,20,18,18,6.288,solved,
Simonis,problem_20_20.dat,HS problem 2322 size 20 20 density  0.50,20,20,20,20,2.705,solved,
Simonis,problem_20_20.dat,HS problem 2314 size 20 20 density  0.45,20,20,19,19,4.49,solved,
Simonis,problem_20_20.dat,HS problem 2311 size 20 20 density  0.45,20,20,19,19,5.815,solved,
Simonis,problem_20_20.dat,HS problem 2327 size 20 20 density  0.50,20,20,20,20,3.038,solved,
Simonis,problem_20_20.dat,HS problem 2325 size 20 20 density  0.50,20,20,19,19,3.909,solved,
Simonis,problem_20_20.dat,HS problem 2328 size 20 20 density  0.50,20,20,20,20,3.123,solved,
Simonis,problem_20_20.dat,HS problem 2330 size 20 20 density  0.50,20,20,20,20,2.698,solved,
Simonis,problem_20_20.dat,HS problem 2310 size 20 20 density  0.45,20,20,19,19,6.803,solved,
Simonis,problem_20_20.dat,HS problem 2329 size 20 20 density  0.50,20,20,19,19,3.206,solved,
Simonis,problem_20_20.dat,HS problem 2333 size 20 20 density  0.50,20,20,20,20,3.055,solved,
Simonis,problem_20_20.dat,HS problem 2331 size 20 20 density  0.50,20,20,19,19,3.21,solved,
Simonis,problem_20_20.dat,HS problem 2341 size 20 20 density  0.55,20,20,20,20,2.3,solved,
Simonis,problem_20_20.dat,HS problem 2336 size 20 20 density  0.50,20,20,19,19,3.106,solved,
Simonis,problem_20_20.dat,HS problem 2340 size 20 20 density  0.50,20,20,20,20,2.587,solved,
Simonis,problem_20_20.dat,HS problem 2321 size 20 20 density  0.50,20,20,19,19,5.565,solved,
Simonis,problem_20_20.dat,HS problem 2335 size 20 20 density  0.50,20,20,19,19,3.508,solved,
Simonis,problem_20_20.dat,HS problem 2337 size 20 20 density  0.50,20,20,20,20,3.274,solved,
Simonis,problem_20_20.dat,HS problem 2338 size 20 20 density  0.50,20,20,20,20,3.009,solved,
Simonis,problem_20_20.dat,HS problem 2339 size 20 20 density  0.50,20,20,20,20,2.908,solved,
Simonis,problem_20_20.dat,HS problem 2343 size 20 20 density  0.55,20,20,20,20,2.854,solved,
Simonis,problem_20_20.dat,HS problem 2334 size 20 20 density  0.50,20,20,19,19,3.934,solved,
Simonis,problem_20_20.dat,HS problem 2309 size 20 20 density  0.45,20,20,19,19,8.684,solved,
Simonis,problem_20_20.dat,HS problem 2345 size 20 20 density  0.55,20,20,20,20,2.634,solved,
Simonis,problem_20_20.dat,HS problem 2346 size 20 20 density  0.55,20,20,20,20,2.485,solved,
Simonis,problem_20_20.dat,HS problem 2347 size 20 20 density  0.55,20,20,20,20,2.483,solved,
Simonis,problem_20_20.dat,HS problem 2348 size 20 20 density  0.55,20,20,20,20,2.539,solved,
Simonis,problem_20_20.dat,HS problem 2350 size 20 20 density  0.55,20,20,20,20,2.422,solved,
Simonis,problem_20_20.dat,HS problem 2288 size 20 20 density  0.40,20,20,19,19,13.554,solved,
Simonis,problem_20_20.dat,HS problem 2332 size 20 20 density  0.50,20,20,20,20,5.273,solved,
Simonis,problem_20_20.dat,HS problem 2344 size 20 20 density  0.55,20,20,20,20,3.863,solved,
Simonis,problem_20_20.dat,HS problem 2349 size 20 20 density  0.55,20,20,20,20,2.762,solved,
Simonis,problem_20_20.dat,HS problem 2354 size 20 20 density  0.55,20,20,20,20,2.238,solved,
Simonis,problem_20_20.dat,HS problem 2351 size 20 20 density  0.55,20,20,20,20,2.765,solved,
Simonis,problem_20_20.dat,HS problem 2352 size 20 20 density  0.55,20,20,20,20,2.495,solved,
Simonis,problem_20_20.dat,HS problem 2353 size 20 20 density  0.55,20,20,19,19,2.377,solved,
Simonis,problem_20_20.dat,HS problem 2342 size 20 20 density  0.55,20,20,20,20,4.752,solved,
Simonis,problem_20_20.dat,HS problem 2361 size 20 20 density  0.60,20,20,20,20,2.163,solved,
Simonis,problem_20_20.dat,HS problem 2358 size 20 20 density  0.55,20,20,20,20,2.494,solved,
Simonis,problem_20_20.dat,HS problem 2355 size 20 20 density  0.55,20,20,20,20,2.764,solved,
Simonis,problem_20_20.dat,HS problem 2356 size 20 20 density  0.55,20,20,20,20,2.748,solved,
Simonis,problem_20_20.dat,HS problem 2357 size 20 20 density  0.55,20,20,20,20,2.66,solved,
Simonis,problem_20_20.dat,HS problem 2367 size 20 20 density  0.60,20,20,20,20,1.41,solved,
Simonis,problem_20_20.dat,HS problem 2364 size 20 20 density  0.60,20,20,20,20,2.162,solved,
Simonis,problem_20_20.dat,HS problem 2360 size 20 20 density  0.55,20,20,20,20,2.964,solved,
Simonis,problem_20_20.dat,HS problem 2362 size 20 20 density  0.60,20,20,20,20,2.73,solved,
Simonis,problem_20_20.dat,HS problem 2312 size 20 20 density  0.45,20,20,19,19,10.192,solved,
Simonis,problem_20_20.dat,HS problem 2365 size 20 20 density  0.60,20,20,20,20,2.634,solved,
Simonis,problem_20_20.dat,HS problem 2369 size 20 20 density  0.60,20,20,20,20,1.89,solved,
Simonis,problem_20_20.dat,HS problem 2368 size 20 20 density  0.60,20,20,20,20,2.202,solved,
Simonis,problem_20_20.dat,HS problem 2363 size 20 20 density  0.60,20,20,20,20,3.236,solved,
Simonis,problem_20_20.dat,HS problem 2301 size 20 20 density  0.45,20,20,19,19,13.963,solved,
Simonis,problem_20_20.dat,HS problem 2372 size 20 20 density  0.60,20,20,20,20,2.33,solved,
Simonis,problem_20_20.dat,HS problem 2359 size 20 20 density  0.55,20,20,20,20,4.016,solved,
Simonis,problem_20_20.dat,HS problem 2366 size 20 20 density  0.60,20,20,20,20,2.882,solved,
Simonis,problem_20_20.dat,HS problem 2370 size 20 20 density  0.60,20,20,20,20,2.44,solved,
Simonis,problem_20_20.dat,HS problem 2373 size 20 20 density  0.60,20,20,20,20,2.235,solved,
Simonis,problem_20_20.dat,HS problem 2374 size 20 20 density  0.60,20,20,20,20,2.498,solved,
Simonis,problem_20_20.dat,HS problem 2377 size 20 20 density  0.60,20,20,20,20,2.557,solved,
Simonis,problem_20_20.dat,HS problem 2379 size 20 20 density  0.60,20,20,20,20,2.217,solved,
Simonis,problem_20_20.dat,HS problem 2376 size 20 20 density  0.60,20,20,20,20,2.657,solved,
Simonis,problem_20_20.dat,HS problem 2384 size 20 20 density  0.65,20,20,20,20,1.906,solved,
Simonis,problem_15_30.dat,HS problem 3309 size 15 30 density  0.45,15,30,,,60.05,timeout,
Simonis,problem_20_20.dat,HS problem 2381 size 20 20 density  0.65,20,20,20,20,2.106,solved,
Simonis,problem_20_20.dat,HS problem 2382 size 20 20 density  0.65,20,20,20,20,2.09,solved,
Simonis,problem_20_20.dat,HS problem 2387 size 20 20 density  0.65,20,20,20,20,1.64,solved,
Simonis,problem_20_20.dat,HS problem 2371 size 20 20 density  0.60,20,20,20,20,3.217,solved,
Simonis,problem_20_20.dat,HS problem 2378 size 20 20 density  0.60,20,20,20,20,2.688,solved,
Simonis,problem_20_20.dat,HS problem 2380 size 20 20 density  0.60,20,20,20,20,2.287,solved,
Simonis,problem_20_20.dat,HS problem 2320 size 20 20 density  0.45,20,20,19,19,10.942,solved,
Simonis,problem_20_20.dat,HS problem 2375 size 20 20 density  0.60,20,20,20,20,2.995,solved,
Simonis,problem_20_20.dat,HS problem 2385 size 20 20 density  0.65,20,20,20,20,2.184,solved,
Simonis,problem_20_20.dat,HS problem 2383 size 20 20 density  0.65,20,20,20,20,2.537,solved,
Simonis,problem_20_20.dat,HS problem 2386 size 20 20 density  0.65,20,20,20,20,2.261,solved,
Simonis,problem_20_20.dat,HS problem 2390 size 20 20 density  0.65,20,20,20,20,1.889,solved,
Simonis,problem_20_20.dat,HS problem 2394 size 20 20 density  0.65,20,20,20,20,1.535,solved,
Simonis,problem_20_20.dat,HS problem 2389 size 20 20 density  0.65,20,20,20,20,2.2,solved,
Simonis,problem_20_20.dat,HS problem 2388 size 20 20 density  0.65,20,20,20,20,2.493,solved,
Simonis,problem_20_20.dat,HS problem 2391 size 20 20 density  0.65,20,20,20,20,2.182,solved,
Simonis,problem_20_20.dat,HS problem 2323 size 20 20 density  0.50,20,20,19,19,11.218,solved,
Simonis,problem_30_10.dat,HS problem 1101 size 30 10 density  0.20,30,10,12,12,0.268,solved,
Simonis,problem_20_20.dat,HS problem 2392 size 20 20 density  0.65,20,20,20,20,2.583,solved,
Simonis,problem_20_20.dat,HS problem 2403 size 20 20 density  0.70,20,20,20,20,1.652,solved,
Simonis,problem_20_20.dat,HS problem 2398 size 20 20 density  0.65,20,20,20,20,2.272,solved,
Simonis,problem_20_20.dat,HS problem 2393 size 20 20 density  0.65,20,20,20,20,2.527,solved,
Simonis,problem_30_10.dat,HS problem 1102 size 30 10 density  0.20,30,10,14,14,0.229,solved,
Simonis,problem_20_20.dat,HS problem 2395 size 20 20 density  0.65,20,20,20,20,2.475,solved,
Simonis,problem_30_10.dat,HS problem 1103 size 30 10 density  0.20,30,10,13,13,0.25,solved,
Simonis,problem_20_20.dat,HS problem 2399 size 20 20 density  0.65,20,20,20,20,2.233,solved,
Simonis,problem_20_20.dat,HS problem 2401 size 20 20 density  0.70,20,20,20,20,2.046,solved,
Simonis,problem_20_20.dat,HS problem 2407 size 20 20 density  0.70,20,20,20,20,1.828,solved,
Simonis,problem_30_10.dat,HS problem 1104 size 30 10 density  0.20,30,10,16,16,0.259,solved,
Simonis,problem_20_20.dat,HS problem 2396 size 20 20 density  0.65,20,20,20,20,2.651,solved,
Simonis,problem_20_20.dat,HS problem 2397 size 20 20 density  0.65,20,20,20,20,2.633,solved,
Simonis,problem_20_20.dat,HS problem 2400 size 20 20 density  0.65,20,20,20,20,2.168,solved,
Simonis,problem_20_20.dat,HS problem 2406 size 20 20 density  0.70,20,20,20,20,1.95,solved,
Simonis,problem_20_20.dat,HS problem 2410 size 20 20 density  0.70,20,20,20,20,1.834,solved,
Simonis,problem_20_20.dat,HS problem 2416 size 20 20 density  0.70,20,20,20,20,1.326,solved,
Simonis,problem_30_10.dat,HS problem 1105 size 30 10 density  0.20,30,10,16,16,0.293,solved,
Simonis,problem_30_10.dat,HS problem 1107 size 30 10 density  0.20,30,10,14,14,0.213,solved,
Simonis,problem_20_20.dat,HS problem 2402 size 20 20 density  0.70,20,20,20,20,2.281,solved,
Simonis,problem_20_20.dat,HS problem 2404 size 20 20 density  0.70,20,20,20,20,2.178,solved,
Simonis,problem_20_20.dat,HS problem 2405 size 20 20 density  0.70,20,20,20,20,2.159,solved,
Simonis,problem_20_20.dat,HS problem 2411 size 20 20 density  0.70,20,20,20,20,1.961,solved,
Simonis,problem_30_10.dat,HS problem 1106 size 30 10 density  0.20,30,10,14,14,0.424,solved,
Simonis,problem_30_10.dat,HS problem 1108 size 30 10 density  0.20,30,10,15,15,0.337,solved,
Simonis,problem_30_10.dat,HS problem 1109 size 30 10 density  0.20,30,10,12,12,0.32,solved,
Simonis,problem_30_10.dat,HS problem 1110 size 30 10 density  0.20,30,10,17,17,0.249,solved,
Simonis,problem_30_10.dat,HS problem 1111 size 30 10 density  0.20,30,10,14,14,0.241,solved,
Simonis,problem_30_10.dat,HS problem 1112 size 30 10 density  0.20,30,10,15,15,0.227,solved,
Simonis,problem_30_10.dat,HS problem 1113 size 30 10 density  0.20,30,10,15,15,0.211,solved,
Simonis,problem_20_20.dat,HS problem 2408 size 20 20 density  0.70,20,20,20,20,2.281,solved,
Simonis,problem_20_20.dat,HS problem 2413 size 20 20 density  0.70,20,20,20,20,2.047,solved,
Simonis,problem_20_20.dat,HS problem 2417 size 20 20 density  0.70,20,20,20,20,1.567,solved,
Simonis,problem_30_10.dat,HS problem 1114 size 30 10 density  0.20,30,10,13,13,0.36,solved,
Simonis,problem_30_10.dat,HS problem 1115 size 30 10 density  0.20,30,10,17,17,0.348,solved,
Simonis,problem_30_10.dat,HS problem 1116 size 30 10 density  0.20,30,10,15,15,0.33,solved,
Simonis,problem_30_10.dat,HS problem 1117 size 30 10 density  0.20,30,10,14,14,0.31,solved,
Simonis,problem_30_10.dat,HS problem 1118 size 30 10 density  0.20,30,10,17,17,0.292,solved,
Simonis,problem_30_10.dat,HS problem 1119 size 30 10 density  0.20,30,10,13,13,0.279,solved,
Simonis,problem_30_10.dat,HS problem 1120 size 30 10 density  0.20,30,10,16,16,0.26,solved,
Simonis,problem_30_10.dat,HS problem 1121 size 30 10 density  0.20,30,10,13,13,0.237,solved,
Simonis,problem_30_10.dat,HS problem 1122 size 30 10 density  0.20,30,10,14,14,0.165,solved,
Simonis,problem_30_10.dat,HS problem 1123 size 30 10 density  0.20,30,10,11,11,0.154,solved,
Simonis,problem_30_10.dat,HS problem 1124 size 30 10 density  0.20,30,10,16,16,0.14,solved,
Simonis,problem_30_10.dat,HS problem 1125 size 30 10 density  0.20,30,10,12,12,0.128,solved,
Simonis,problem_20_20.dat,HS problem 2409 size 20 20 density  0.70,20,20,20,20,2.501,solved,
Simonis,problem_20_20.dat,HS problem 2412 size 20 20 density  0.70,20,20,20,20,2.402,solved,
Simonis,problem_20_20.dat,HS problem 2414 size 20 20 density  0.70,20,20,20,20,2.121,solved,
Simonis,problem_20_20.dat,HS problem 2415 size 20 20 density  0.70,20,20,20,20,2.042,solved,
Simonis,problem_20_20.dat,HS problem 2418 size 20 20 density  0.70,20,20,20,20,1.685,solved,
Simonis,problem_20_20.dat,HS problem 2420 size 20 20 density  0.70,20,20,20,20,1.545,solved,
Simonis,problem_30_10.dat,HS problem 1126 size 30 10 density  0.20,30,10,15,15,0.351,solved,
Simonis,problem_30_10.dat,HS problem 1127 size 30 10 density  0.20,30,10,14,14,0.34,solved,
Simonis,problem_30_10.dat,HS problem 1128 size 30 10 density  0.20,30,10,17,17,0.321,solved,
Simonis,problem_30_10.dat,HS problem 1129 size 30 10 density  0.20,30,10,16,16,0.307,solved,
Simonis,problem_30_10.dat,HS problem 1130 size 30 10 density  0.20,30,10,15,15,0.29,solved,
Simonis,problem_30_10.dat,HS problem 1131 size 30 10 density  0.20,30,10,9,9,0.273,solved,
Simonis,problem_30_10.dat,HS problem 1132 size 30 10 density  0.20,30,10,13,13,0.256,solved,
Simonis,problem_30_10.dat,HS problem 1133 size 30 10 density  0.20,30,10,14,14,0.189,solved,
Simonis,problem_30_10.dat,HS problem 1134 size 30 10 density  0.20,30,10,13,13,0.182,solved,
Simonis,problem_30_10.dat,HS problem 1135 size 30 10 density  0.20,30,10,17,17,0.169,solved,
Simonis,problem_30_10.dat,HS problem 1137 size 30 10 density  0.20,30,10,15,15,0.144,solved,
Simonis,problem_20_20.dat,HS problem 2419 size 20 20 density  0.70,20,20,20,20,1.825,solved,
Simonis,problem_30_10.dat,HS problem 1136 size 30 10 density  0.20,30,10,16,16,0.423,solved,
Simonis,problem_30_10.dat,HS problem 1138 size 30 10 density  0.20,30,10,15,15,0.399,solved,
Simonis,problem_30_10.dat,HS problem 1139 size 30 10 density  0.20,30,10,16,16,0.384,solved,
Simonis,problem_30_10.dat,HS problem 1140 size 30 10 density  0.20,30,10,13,13,0.373,solved,
Simonis,problem_30_10.dat,HS problem 1141 size 30 10 density  0.20,30,10,11,11,0.358,solved,
Simonis,problem_30_10.dat,HS problem 1142 size 30 10 density  0.20,30,10,14,14,0.342,solved,
Simonis,problem_30_10.dat,HS problem 1143 size 30 10 density  0.20,30,10,15,15,0.329,solved,
Simonis,problem_30_10.dat,HS problem 1144 size 30 10 density  0.20,30,10,13,13,0.318,solved,
Simonis,problem_30_10.dat,HS problem 1145 size 30 10 density  0.20,30,10,16,16,0.303,solved,
Simonis,problem_30_10.dat,HS problem 1146 size 30 10 density  0.20,30,10,16,16,0.288,solved,
Simonis,problem_30_10.dat,HS problem 1147 size 30 10 density  0.20,30,10,14,14,0.272,solved,
Simonis,problem_30_10.dat,HS problem 1148 size 30 10 density  0.20,30,10,13,13,0.213,solved,
Simonis,problem_30_10.dat,HS problem 1149 size 30 10 density  0.20,30,10,16,16,0.204,solved,
Simonis,problem_30_10.dat,HS problem 1150 size 30 10 density  0.20,30,10,14,14,0.193,solved,
Simonis,problem_30_10.dat,HS problem 1151 size 30 10 density  0.25,30,10,19,19,0.184,solved,
Simonis,problem_30_10.dat,HS problem 1152 size 30 10 density  0.25,30,10,17,17,0.171,solved,
Simonis,problem_30_10.dat,HS problem 1154 size 30 10 density  0.25,30,10,17,17,0.143,solved,
Simonis,problem_30_10.dat,HS problem 1155 size 30 10 density  0.25,30,10,15,15,0.135,solved,
Simonis,problem_30_10.dat,HS problem 1153 size 30 10 density  0.25,30,10,17,17,0.43,solved,
Simonis,problem_30_10.dat,HS problem 1156 size 30 10 density  0.25,30,10,16,16,0.395,solved,
Simonis,problem_30_10.dat,HS problem 1157 size 30 10 density  0.25,30,10,13,13,0.379,solved,
Simonis,problem_30_10.dat,HS problem 1158 size 30 10 density  0.25,30,10,14,14,0.365,solved,
Simonis,problem_30_10.dat,HS problem 1159 size 30 10 density  0.25,30,10,13,13,0.354,solved,
Simonis,problem_30_10.dat,HS problem 1160 size 30 10 density  0.25,30,10,20,20,0.343,solved,
Simonis,problem_30_10.dat,HS problem 1161 size 30 10 density  0.25,30,10,19,19,0.331,solved,
Simonis,problem_30_10.dat,HS problem 1162 size 30 10 density  0.25,30,10,16,16,0.316,solved,
Simonis,problem_30_10.dat,HS problem 1163 size 30 10 density  0.25,30,10,17,17,0.299,solved,
Simonis,problem_30_10.dat,HS problem 1164 size 30 10 density  0.25,30,10,17,17,0.284,solved,
Simonis,problem_30_10.dat,HS problem 1165 size 30 10 density  0.25,30,10,18,18,0.223,solved,
Simonis,problem_30_10.dat,HS problem 1166 size 30 10 density  0.25,30,10,16,16,0.211,solved,
Simonis,problem_30_10.dat,HS problem 1167 size 30 10 density  0.25,30,10,17,17,0.204,solved,
Simonis,problem_30_10.dat,HS problem 1168 size 30 10 density  0.25,30,10,17,17,0.194,solved,
Simonis,problem_30_10.dat,HS problem 1169 size 30 10 density  0.25,30,10,16,16,0.185,solved,
Simonis,problem_30_10.dat,HS problem 1170 size 30 10 density  0.25,30,10,17,17,0.171,solved,
Simonis,problem_30_10.dat,HS problem 1171 size 30 10 density  0.25,30,10,17,17,0.157,solved,
Simonis,problem_30_10.dat,HS problem 1172 size 30 10 density  0.25,30,10,16,16,0.143,solved,
Simonis,problem_30_10.dat,HS problem 1173 size 30 10 density  0.25,30,10,16,16,0.405,solved,
Simonis,problem_30_10.dat,HS problem 1174 size 30 10 density  0.25,30,10,16,16,0.392,solved,
Simonis,problem_30_10.dat,HS problem 1175 size 30 10 density  0.25,30,10,17,17,0.383,solved,
Simonis,problem_30_10.dat,HS problem 1176 size 30 10 density  0.25,30,10,19,19,0.372,solved,
Simonis,problem_30_10.dat,HS problem 1177 size 30 10 density  0.25,30,10,17,17,0.361,solved,
Simonis,problem_30_10.dat,HS problem 1178 size 30 10 density  0.25,30,10,14,14,0.348,solved,
Simonis,problem_30_10.dat,HS problem 1179 size 30 10 density  0.25,30,10,17,17,0.338,solved,
Simonis,problem_30_10.dat,HS problem 1180 size 30 10 density  0.25,30,10,15,15,0.325,solved,
Simonis,problem_30_10.dat,HS problem 1181 size 30 10 density  0.25,30,10,15,15,0.31,solved,
Simonis,problem_30_10.dat,HS problem 1182 size 30 10 density  0.25,30,10,17,17,0.297,solved,
Simonis,problem_30_10.dat,HS problem 1183 size 30 10 density  0.25,30,10,21,21,0.288,solved,
Simonis,problem_30_10.dat,HS problem 1184 size 30 10 density  0.25,30,10,16,16,0.226,solved,
Simonis,problem_30_10.dat,HS problem 1185 size 30 10 density  0.25,30,10,15,15,0.217,solved,
Simonis,problem_30_10.dat,HS problem 1186 size 30 10 density  0.25,30,10,13,13,0.204,solved,
Simonis,problem_30_10.dat,HS problem 1187 size 30 10 density  0.25,30,10,14,14,0.192,solved,
Simonis,problem_30_10.dat,HS problem 1188 size 30 10 density  0.25,30,10,18,18,0.179,solved,
Simonis,problem_30_10.dat,HS problem 1189 size 30 10 density  0.25,30,10,20,20,0.167,solved,
Simonis,problem_30_10.dat,HS problem 1191 size 30 10 density  0.25,30,10,18,18,0.14,solved,
Simonis,problem_30_10.dat,HS problem 1190 size 30 10 density  0.25,30,10,17,17,0.426,solved,
Simonis,problem_30_10.dat,HS problem 1192 size 30 10 density  0.25,30,10,17,17,0.397,solved,
Simonis,problem_30_10.dat,HS problem 1193 size 30 10 density  0.25,30,10,20,20,0.383,solved,
Simonis,problem_30_10.dat,HS problem 1194 size 30 10 density  0.25,30,10,16,16,0.371,solved,
Simonis,problem_30_10.dat,HS problem 1195 size 30 10 density  0.25,30,10,14,14,0.361,solved,
Simonis,problem_30_10.dat,HS problem 1196 size 30 10 density  0.25,30,10,18,18,0.346,solved,
Simonis,problem_30_10.dat,HS problem 1197 size 30 10 density  0.25,30,10,18,18,0.335,solved,
Simonis,problem_30_10.dat,HS problem 1198 size 30 10 density  0.25,30,10,16,16,0.323,solved,
Simonis,problem_30_10.dat,HS problem 1199 size 30 10 density  0.25,30,10,19,19,0.311,solved,
Simonis,problem_30_10.dat,HS problem 1200 size 30 10 density  0.25,30,10,19,19,0.297,solved,
Simonis,problem_30_10.dat,HS problem 1201 size 30 10 density  0.30,30,10,18,18,0.282,solved,
Simonis,problem_30_10.dat,HS problem 1202 size 30 10 density  0.30,30,10,17,17,0.221,solved,
Simonis,problem_30_10.dat,HS problem 1203 size 30 10 density  0.30,30,10,21,21,0.21,solved,
Simonis,problem_30_10.dat,HS problem 1204 size 30 10 density  0.30,30,10,19,19,0.201,solved,
Simonis,problem_30_10.dat,HS problem 1205 size 30 10 density  0.30,30,10,17,17,0.189,solved,
Simonis,problem_30_10.dat,HS problem 1206 size 30 10 density  0.30,30,10,22,22,0.177,solved,
Simonis,problem_30_10.dat,HS problem 1207 size 30 10 density  0.30,30,10,22,22,0.164,solved,
Simonis,problem_30_10.dat,HS problem 1208 size 30 10 density  0.30,30,10,20,20,0.151,solved,
Simonis,problem_30_10.dat,HS problem 1210 size 30 10 density  0.30,30,10,15,15,0.127,solved,
Simonis,problem_30_10.dat,HS problem 1209 size 30 10 density  0.30,30,10,19,19,0.454,solved,
Simonis,problem_30_10.dat,HS problem 1211 size 30 10 density  0.30,30,10,19,19,0.43,solved,
Simonis,problem_30_10.dat,HS problem 1212 size 30 10 density  0.30,30,10,19,19,0.416,solved,
Simonis,problem_30_10.dat,HS problem 1213 size 30 10 density  0.30,30,10,18,18,0.402,solved,
Simonis,problem_30_10.dat,HS problem 1214 size 30 10 density  0.30,30,10,18,18,0.389,solved,
Simonis,problem_30_10.dat,HS problem 1215 size 30 10 density  0.30,30,10,20,20,0.377,solved,
Simonis,problem_30_10.dat,HS problem 1216 size 30 10 density  0.30,30,10,22,22,0.366,solved,
Simonis,problem_30_10.dat,HS problem 1217 size 30 10 density  0.30,30,10,20,20,0.351,solved,
Simonis,problem_30_10.dat,HS problem 1218 size 30 10 density  0.30,30,10,19,19,0.338,solved,
Simonis,problem_30_10.dat,HS problem 1219 size 30 10 density  0.30,30,10,18,18,0.329,solved,
Simonis,problem_30_10.dat,HS problem 1220 size 30 10 density  0.30,30,10,20,20,0.264,solved,
Simonis,problem_30_10.dat,HS problem 1221 size 30 10 density  0.30,30,10,19,19,0.248,solved,
Simonis,problem_30_10.dat,HS problem 1222 size 30 10 density  0.30,30,10,18,18,0.235,solved,
Simonis,problem_30_10.dat,HS problem 1223 size 30 10 density  0.30,30,10,20,20,0.222,solved,
Simonis,problem_30_10.dat,HS problem 1229 size 30 10 density  0.30,30,10,19,19,0.147,solved,
Simonis,problem_30_10.dat,HS problem 1224 size 30 10 density  0.30,30,10,20,20,0.476,solved,
Simonis,problem_30_10.dat,HS problem 1225 size 30 10 density  0.30,30,10,18,18,0.468,solved,
Simonis,problem_30_10.dat,HS problem 1226 size 30 10 density  0.30,30,10,19,19,0.455,solved,
Simonis,problem_30_10.dat,HS problem 1227 size 30 10 density  0.30,30,10,20,20,0.441,solved,
Simonis,problem_30_10.dat,HS problem 1228 size 30 10 density  0.30,30,10,22,22,0.428,solved,
Simonis,problem_30_10.dat,HS problem 1230 size 30 10 density  0.30,30,10,22,22,0.399,solved,
Simonis,problem_30_10.dat,HS problem 1231 size 30 10 density  0.30,30,10,19,19,0.385,solved,
Simonis,problem_30_10.dat,HS problem 1232 size 30 10 density  0.30,30,10,16,16,0.371,solved,
Simonis,problem_30_10.dat,HS problem 1233 size 30 10 density  0.30,30,10,22,22,0.358,solved,
Simonis,problem_30_10.dat,HS problem 1234 size 30 10 density  0.30,30,10,17,17,0.343,solved,
Simonis,problem_30_10.dat,HS problem 1235 size 30 10 density  0.30,30,10,19,19,0.326,solved,
Simonis,problem_30_10.dat,HS problem 1236 size 30 10 density  0.30,30,10,21,21,0.31,solved,
Simonis,problem_30_10.dat,HS problem 1237 size 30 10 density  0.30,30,10,20,20,0.295,solved,
Simonis,problem_30_10.dat,HS problem 1238 size 30 10 density  0.30,30,10,20,20,0.282,solved,
Simonis,problem_30_10.dat,HS problem 1240 size 30 10 density  0.30,30,10,17,17,0.201,solved,
Simonis,problem_30_10.dat,HS problem 1241 size 30 10 density  0.30,30,10,18,18,0.188,solved,
Simonis,problem_30_10.dat,HS problem 1243 size 30 10 density  0.30,30,10,16,16,0.165,solved,
Simonis,problem_30_10.dat,HS problem 1239 size 30 10 density  0.30,30,10,21,21,0.513,solved,
Simonis,problem_30_10.dat,HS problem 1242 size 30 10 density  0.30,30,10,20,20,0.471,solved,
Simonis,problem_30_10.dat,HS problem 1244 size 30 10 density  0.30,30,10,19,19,0.448,solved,
Simonis,problem_30_10.dat,HS problem 1245 size 30 10 density  0.30,30,10,21,21,0.431,solved,
Simonis,problem_30_10.dat,HS problem 1246 size 30 10 density  0.30,30,10,21,21,0.415,solved,
Simonis,problem_30_10.dat,HS problem 1247 size 30 10 density  0.30,30,10,18,18,0.403,solved,
Simonis,problem_30_10.dat,HS problem 1248 size 30 10 density  0.30,30,10,17,17,0.388,solved,
Simonis,problem_30_10.dat,HS problem 1249 size 30 10 density  0.30,30,10,22,22,0.371,solved,
Simonis,problem_30_10.dat,HS problem 1250 size 30 10 density  0.30,30,10,18,18,0.358,solved,
Simonis,problem_30_10.dat,HS problem 1251 size 30 10 density  0.35,30,10,21,21,0.344,solved,
Simonis,problem_30_10.dat,HS problem 1252 size 30 10 density  0.35,30,10,21,21,0.33,solved,
Simonis,problem_30_10.dat,HS problem 1253 size 30 10 density  0.35,30,10,21,21,0.314,solved,
Simonis,problem_30_10.dat,HS problem 1255 size 30 10 density  0.35,30,10,22,22,0.233,solved,
Simonis,problem_30_10.dat,HS problem 1259 size 30 10 density  0.35,30,10,21,21,0.183,solved,
Simonis,problem_30_10.dat,HS problem 1261 size 30 10 density  0.35,30,10,21,21,0.149,solved,
Simonis,problem_30_10.dat,HS problem 1254 size 30 10 density  0.35,30,10,24,24,0.533,solved,
Simonis,problem_30_10.dat,HS problem 1256 size 30 10 density  0.35,30,10,24,24,0.506,solved,
Simonis,problem_30_10.dat,HS problem 1257 size 30 10 density  0.35,30,10,19,19,0.496,solved,
Simonis,problem_30_10.dat,HS problem 1258 size 30 10 density  0.35,30,10,23,23,0.482,solved,
Simonis,problem_30_10.dat,HS problem 1260 size 30 10 density  0.35,30,10,21,21,0.453,solved,
Simonis,problem_30_10.dat,HS problem 1262 size 30 10 density  0.35,30,10,22,22,0.422,solved,
Simonis,problem_30_10.dat,HS problem 1263 size 30 10 density  0.35,30,10,16,16,0.411,solved,
Simonis,problem_30_10.dat,HS problem 1264 size 30 10 density  0.35,30,10,20,20,0.398,solved,
Simonis,problem_30_10.dat,HS problem 1265 size 30 10 density  0.35,30,10,22,22,0.38,solved,
Simonis,problem_30_10.dat,HS problem 1266 size 30 10 density  0.35,30,10,24,24,0.366,solved,
Simonis,problem_30_10.dat,HS problem 1267 size 30 10 density  0.35,30,10,21,21,0.35,solved,
Simonis,problem_30_10.dat,HS problem 1268 size 30 10 density  0.35,30,10,18,18,0.335,solved,
Simonis,problem_30_10.dat,HS problem 1269 size 30 10 density  0.35,30,10,22,22,0.324,solved,
Simonis,problem_30_10.dat,HS problem 1270 size 30 10 density  0.35,30,10,22,22,0.309,solved,
Simonis,problem_30_10.dat,HS problem 1271 size 30 10 density  0.35,30,10,22,22,0.237,solved,
Simonis,problem_30_10.dat,HS problem 1272 size 30 10 density  0.35,30,10,24,24,0.497,solved,
Simonis,problem_30_10.dat,HS problem 1273 size 30 10 density  0.35,30,10,20,20,0.484,solved,
Simonis,problem_30_10.dat,HS problem 1274 size 30 10 density  0.35,30,10,21,21,0.467,solved,
Simonis,problem_30_10.dat,HS problem 1275 size 30 10 density  0.35,30,10,20,20,0.45,solved,
Simonis,problem_30_10.dat,HS problem 1276 size 30 10 density  0.35,30,10,23,23,0.433,solved,
Simonis,problem_30_10.dat,HS problem 1277 size 30 10 density  0.35,30,10,23,23,0.421,solved,
Simonis,problem_30_10.dat,HS problem 1278 size 30 10 density  0.35,30,10,23,23,0.408,solved,
Simonis,problem_30_10.dat,HS problem 1279 size 30 10 density  0.35,30,10,24,24,0.391,solved,
Simonis,problem_30_10.dat,HS problem 1280 size 30 10 density  0.35,30,10,23,23,0.376,solved,
Simonis,problem_30_10.dat,HS problem 1281 size 30 10 density  0.35,30,10,20,20,0.364,solved,
Simonis,problem_30_10.dat,HS problem 1282 size 30 10 density  0.35,30,10,22,22,0.347,solved,
Simonis,problem_30_10.dat,HS problem 1283 size 30 10 density  0.35,30,10,18,18,0.327,solved,
Simonis,problem_30_10.dat,HS problem 1284 size 30 10 density  0.35,30,10,19,19,0.31,solved,
Simonis,problem_30_10.dat,HS problem 1285 size 30 10 density  0.35,30,10,23,23,0.295,solved,
Simonis,problem_30_10.dat,HS problem 1287 size 30 10 density  0.35,30,10,22,22,0.208,solved,
Simonis,problem_30_10.dat,HS problem 1291 size 30 10 density  0.35,30,10,22,22,0.151,solved,
Simonis,problem_30_10.dat,HS problem 1286 size 30 10 density  0.35,30,10,25,25,0.518,solved,
Simonis,problem_30_10.dat,HS problem 1288 size 30 10 density  0.35,30,10,23,23,0.486,solved,
Simonis,problem_30_10.dat,HS problem 1289 size 30 10 density  0.35,30,10,25,25,0.473,solved,
Simonis,problem_30_10.dat,HS problem 1290 size 30 10 density  0.35,30,10,20,20,0.455,solved,
Simonis,problem_30_10.dat,HS problem 1292 size 30 10 density  0.35,30,10,20,20,0.428,solved,
Simonis,problem_30_10.dat,HS problem 1293 size 30 10 density  0.35,30,10,20,20,0.412,solved,
Simonis,problem_30_10.dat,HS problem 1294 size 30 10 density  0.35,30,10,22,22,0.397,solved,
Simonis,problem_30_10.dat,HS problem 1295 size 30 10 density  0.35,30,10,22,22,0.386,solved,
Simonis,problem_30_10.dat,HS problem 1296 size 30 10 density  0.35,30,10,22,22,0.371,solved,
Simonis,problem_30_10.dat,HS problem 1297 size 30 10 density  0.35,30,10,20,20,0.354,solved,
Simonis,problem_30_10.dat,HS problem 1298 size 30 10 density  0.35,30,10,21,21,0.336,solved,
Simonis,problem_30_10.dat,HS problem 1299 size 30 10 density  0.35,30,10,24,24,0.32,solved,
Simonis,problem_30_10.dat,HS problem 1300 size 30 10 density  0.35,30,10,23,23,0.304,solved,
Simonis,problem_30_10.dat,HS problem 1301 size 30 10 density  0.40,30,10,25,25,0.241,solved,
Simonis,problem_30_10.dat,HS problem 1302 size 30 10 density  0.40,30,10,24,24,0.23,solved,
Simonis,problem_30_10.dat,HS problem 1303 size 30 10 density  0.40,30,10,26,26,0.509,solved,
Simonis,problem_30_10.dat,HS problem 1304 size 30 10 density  0.40,30,10,25,25,0.497,solved,
Simonis,problem_30_10.dat,HS problem 1305 size 30 10 density  0.40,30,10,27,27,0.48,solved,
Simonis,problem_30_10.dat,HS problem 1306 size 30 10 density  0.40,30,10,25,25,0.464,solved,
Simonis,problem_30_10.dat,HS problem 1307 size 30 10 density  0.40,30,10,25,25,0.449,solved,
Simonis,problem_30_10.dat,HS problem 1308 size 30 10 density  0.40,30,10,25,25,0.434,solved,
Simonis,problem_30_10.dat,HS problem 1309 size 30 10 density  0.40,30,10,24,24,0.419,solved,
Simonis,problem_30_10.dat,HS problem 1310 size 30 10 density  0.40,30,10,24,24,0.407,solved,
Simonis,problem_30_10.dat,HS problem 1311 size 30 10 density  0.40,30,10,25,25,0.394,solved,
Simonis,problem_30_10.dat,HS problem 1312 size 30 10 density  0.40,30,10,21,21,0.377,solved,
Simonis,problem_30_10.dat,HS problem 1313 size 30 10 density  0.40,30,10,25,25,0.359,solved,
Simonis,problem_30_10.dat,HS problem 1314 size 30 10 density  0.40,30,10,22,22,0.345,solved,
Simonis,problem_30_10.dat,HS problem 1315 size 30 10 density  0.40,30,10,26,26,0.33,solved,
Simonis,problem_30_10.dat,HS problem 1316 size 30 10 density  0.40,30,10,24,24,0.315,solved,
Simonis,problem_20_20.dat,HS problem 2253 size 20 20 density  0.30,20,20,17,17,30.499,solved,
Simonis,problem_30_10.dat,HS problem 1317 size 30 10 density  0.40,30,10,24,24,0.503,solved,
Simonis,problem_30_10.dat,HS problem 1318 size 30 10 density  0.40,30,10,26,26,0.488,solved,
Simonis,problem_30_10.dat,HS problem 1319 size 30 10 density  0.40,30,10,24,24,0.472,solved,
Simonis,problem_30_10.dat,HS problem 1320 size 30 10 density  0.40,30,10,24,24,0.457,solved,
Simonis,problem_30_10.dat,HS problem 1321 size 30 10 density  0.40,30,10,23,23,0.444,solved,
Simonis,problem_30_10.dat,HS problem 1322 size 30 10 density  0.40,30,10,23,23,0.428,solved,
Simonis,problem_30_10.dat,HS problem 1323 size 30 10 density  0.40,30,10,24,24,0.41,solved,
Simonis,problem_30_10.dat,HS problem 1324 size 30 10 density  0.40,30,10,25,25,0.394,solved,
Simonis,problem_30_10.dat,HS problem 1325 size 30 10 density  0.40,30,10,23,23,0.378,solved,
Simonis,problem_30_10.dat,HS problem 1326 size 30 10 density  0.40,30,10,25,25,0.36,solved,
Simonis,problem_30_10.dat,HS problem 1327 size 30 10 density  0.40,30,10,22,22,0.342,solved,
Simonis,problem_30_10.dat,HS problem 1328 size 30 10 density  0.40,30,10,23,23,0.325,solved,
Simonis,problem_30_10.dat,HS problem 1329 size 30 10 density  0.40,30,10,23,23,0.308,solved,
Simonis,problem_30_10.dat,HS problem 1330 size 30 10 density  0.40,30,10,24,24,0.292,solved,
Simonis,problem_30_10.dat,HS problem 1331 size 30 10 density  0.40,30,10,24,24,0.275,solved,
Simonis,problem_30_10.dat,HS problem 1332 size 30 10 density  0.40,30,10,24,24,0.208,solved,
Simonis,problem_30_10.dat,HS problem 1333 size 30 10 density  0.40,30,10,25,25,0.508,solved,
Simonis,problem_30_10.dat,HS problem 1334 size 30 10 density  0.40,30,10,24,24,0.492,solved,
Simonis,problem_30_10.dat,HS problem 1335 size 30 10 density  0.40,30,10,25,25,0.481,solved,
Simonis,problem_30_10.dat,HS problem 1336 size 30 10 density  0.40,30,10,23,23,0.466,solved,
Simonis,problem_30_10.dat,HS problem 1337 size 30 10 density  0.40,30,10,23,23,0.455,solved,
Simonis,problem_30_10.dat,HS problem 1338 size 30 10 density  0.40,30,10,25,25,0.438,solved,
Simonis,problem_30_10.dat,HS problem 1339 size 30 10 density  0.40,30,10,23,23,0.421,solved,
Simonis,problem_30_10.dat,HS problem 1340 size 30 10 density  0.40,30,10,24,24,0.407,solved,
Simonis,problem_30_10.dat,HS problem 1341 size 30 10 density  0.40,30,10,25,25,0.395,solved,
Simonis,problem_30_10.dat,HS problem 1342 size 30 10 density  0.40,30,10,21,21,0.381,solved,
Simonis,problem_30_10.dat,HS problem 1343 size 30 10 density  0.40,30,10,24,24,0.365,solved,
Simonis,problem_30_10.dat,HS problem 1344 size 30 10 density  0.40,30,10,24,24,0.35,solved,
Simonis,problem_30_10.dat,HS problem 1345 size 30 10 density  0.40,30,10,23,23,0.333,solved,
Simonis,problem_30_10.dat,HS problem 1346 size 30 10 density  0.40,30,10,23,23,0.263,solved,
Simonis,problem_30_10.dat,HS problem 1347 size 30 10 density  0.40,30,10,24,24,0.249,solved,
Simonis,problem_30_10.dat,HS problem 1352 size 30 10 density  0.45,30,10,25,25,0.175,solved,
Simonis,problem_30_10.dat,HS problem 1348 size 30 10 density  0.40,30,10,24,24,0.534,solved,
Simonis,problem_30_10.dat,HS problem 1349 size 30 10 density  0.40,30,10,24,24,0.519,solved,
Simonis,problem_30_10.dat,HS problem 1350 size 30 10 density  0.40,30,10,26,26,0.504,solved,
Simonis,problem_30_10.dat,HS problem 1351 size 30 10 density  0.45,30,10,27,27,0.488,solved,
Simonis,problem_30_10.dat,HS problem 1353 size 30 10 density  0.45,30,10,25,25,0.461,solved,
Simonis,problem_30_10.dat,HS problem 1354 size 30 10 density  0.45,30,10,25,25,0.446,solved,
Simonis,problem_30_10.dat,HS problem 1355 size 30 10 density  0.45,30,10,27,27,0.434,solved,
Simonis,problem_30_10.dat,HS problem 1356 size 30 10 density  0.45,30,10,25,25,0.418,solved,
Simonis,problem_30_10.dat,HS problem 1357 size 30 10 density  0.45,30,10,25,25,0.398,solved,
Simonis,problem_30_10.dat,HS problem 1358 size 30 10 density  0.45,30,10,27,27,0.381,solved,
Simonis,problem_30_10.dat,HS problem 1359 size 30 10 density  0.45,30,10,26,26,0.364,solved,
Simonis,problem_30_10.dat,HS problem 1360 size 30 10 density  0.45,30,10,25,25,0.35,solved,
Simonis,problem_30_10.dat,HS problem 1361 size 30 10 density  0.45,30,10,25,25,0.33,solved,
Simonis,problem_30_10.dat,HS problem 1362 size 30 10 density  0.45,30,10,25,25,0.315,solved,
Simonis,problem_30_10.dat,HS problem 1363 size 30 10 density  0.45,30,10,25,25,0.249,solved,
Simonis,problem_30_10.dat,HS problem 1364 size 30 10 density  0.45,30,10,27,27,0.508,solved,
Simonis,problem_30_10.dat,HS problem 1365 size 30 10 density  0.45,30,10,28,28,0.491,solved,
Simonis,problem_30_10.dat,HS problem 1366 size 30 10 density  0.45,30,10,26,26,0.476,solved,
Simonis,problem_30_10.dat,HS problem 1367 size 30 10 density  0.45,30,10,28,28,0.465,solved,
Simonis,problem_30_10.dat,HS problem 1368 size 30 10 density  0.45,30,10,26,26,0.448,solved,
Simonis,problem_30_10.dat,HS problem 1369 size 30 10 density  0.45,30,10,24,24,0.43,solved,
Simonis,problem_30_10.dat,HS problem 1370 size 30 10 density  0.45,30,10,25,25,0.417,solved,
Simonis,problem_30_10.dat,HS problem 1371 size 30 10 density  0.45,30,10,26,26,0.407,solved,
Simonis,problem_30_10.dat,HS problem 1372 size 30 10 density  0.45,30,10,26,26,0.392,solved,
Simonis,problem_30_10.dat,HS problem 1373 size 30 10 density  0.45,30,10,26,26,0.374,solved,
Simonis,problem_30_10.dat,HS problem 1374 size 30 10 density  0.45,30,10,26,26,0.357,solved,
Simonis,problem_30_10.dat,HS problem 1375 size 30 10 density  0.45,30,10,27,27,0.342,solved,
Simonis,problem_30_10.dat,HS problem 1376 size 30 10 density  0.45,30,10,24,24,0.324,solved,
Simonis,problem_30_10.dat,HS problem 1377 size 30 10 density  0.45,30,10,26,26,0.306,solved,
Simonis,problem_30_10.dat,HS problem 1378 size 30 10 density  0.45,30,10,25,25,0.291,solved,
Simonis,problem_30_10.dat,HS problem 1381 size 30 10 density  0.45,30,10,23,23,0.199,solved,
Simonis,problem_30_10.dat,HS problem 1379 size 30 10 density  0.45,30,10,27,27,0.52,solved,
Simonis,problem_30_10.dat,HS problem 1380 size 30 10 density  0.45,30,10,26,26,0.505,solved,
Simonis,problem_30_10.dat,HS problem 1382 size 30 10 density  0.45,30,10,25,25,0.48,solved,
Simonis,problem_30_10.dat,HS problem 1383 size 30 10 density  0.45,30,10,25,25,0.468,solved,
Simonis,problem_30_10.dat,HS problem 1384 size 30 10 density  0.45,30,10,25,25,0.453,solved,
Simonis,problem_30_10.dat,HS problem 1385 size 30 10 density  0.45,30,10,24,24,0.442,solved,
Simonis,problem_30_10.dat,HS problem 1386 size 30 10 density  0.45,30,10,25,25,0.426,solved,
Simonis,problem_30_10.dat,HS problem 1387 size 30 10 density  0.45,30,10,27,27,0.41,solved,
Simonis,problem_30_10.dat,HS problem 1388 size 30 10 density  0.45,30,10,26,26,0.396,solved,
Simonis,problem_30_10.dat,HS problem 1389 size 30 10 density  0.45,30,10,27,27,0.379,solved,
Simonis,problem_30_10.dat,HS problem 1390 size 30 10 density  0.45,30,10,26,26,0.366,solved,
Simonis,problem_30_10.dat,HS problem 1391 size 30 10 density  0.45,30,10,25,25,0.347,solved,
Simonis,problem_30_10.dat,HS problem 1392 size 30 10 density  0.45,30,10,26,26,0.33,solved,
Simonis,problem_30_10.dat,HS problem 1393 size 30 10 density  0.45,30,10,26,26,0.314,solved,
Simonis,problem_30_10.dat,HS problem 1394 size 30 10 density  0.45,30,10,26,26,0.246,solved,
Simonis,problem_30_10.dat,HS problem 1395 size 30 10 density  0.45,30,10,25,25,0.228,solved,
Simonis,problem_30_10.dat,HS problem 1396 size 30 10 density  0.45,30,10,24,24,0.519,solved,
Simonis,problem_30_10.dat,HS problem 1397 size 30 10 density  0.45,30,10,24,24,0.509,solved,
Simonis,problem_30_10.dat,HS problem 1398 size 30 10 density  0.45,30,10,25,25,0.496,solved,
Simonis,problem_30_10.dat,HS problem 1399 size 30 10 density  0.45,30,10,25,25,0.482,solved,
Simonis,problem_30_10.dat,HS problem 1400 size 30 10 density  0.45,30,10,25,25,0.468,solved,
Simonis,problem_30_10.dat,HS problem 1401 size 30 10 density  0.50,30,10,28,28,0.456,solved,
Simonis,problem_30_10.dat,HS problem 1402 size 30 10 density  0.50,30,10,26,26,0.441,solved,
Simonis,problem_30_10.dat,HS problem 1403 size 30 10 density  0.50,30,10,26,26,0.423,solved,
Simonis,problem_30_10.dat,HS problem 1404 size 30 10 density  0.50,30,10,26,26,0.409,solved,
Simonis,problem_30_10.dat,HS problem 1405 size 30 10 density  0.50,30,10,26,26,0.397,solved,
Simonis,problem_30_10.dat,HS problem 1406 size 30 10 density  0.50,30,10,28,28,0.379,solved,
Simonis,problem_30_10.dat,HS problem 1407 size 30 10 density  0.50,30,10,27,27,0.358,solved,
Simonis,problem_30_10.dat,HS problem 1408 size 30 10 density  0.50,30,10,26,26,0.34,solved,
Simonis,problem_30_10.dat,HS problem 1409 size 30 10 density  0.50,30,10,28,28,0.324,solved,
Simonis,problem_30_10.dat,HS problem 1410 size 30 10 density  0.50,30,10,25,25,0.255,solved,
Simonis,problem_30_10.dat,HS problem 1411 size 30 10 density  0.50,30,10,26,26,0.238,solved,
Simonis,problem_30_10.dat,HS problem 1412 size 30 10 density  0.50,30,10,28,28,0.523,solved,
Simonis,problem_30_10.dat,HS problem 1413 size 30 10 density  0.50,30,10,25,25,0.506,solved,
Simonis,problem_30_10.dat,HS problem 1414 size 30 10 density  0.50,30,10,29,29,0.491,solved,
Simonis,problem_30_10.dat,HS problem 1415 size 30 10 density  0.50,30,10,28,28,0.477,solved,
Simonis,problem_30_10.dat,HS problem 1416 size 30 10 density  0.50,30,10,26,26,0.463,solved,
Simonis,problem_30_10.dat,HS problem 1417 size 30 10 density  0.50,30,10,25,25,0.453,solved,
Simonis,problem_30_10.dat,HS problem 1418 size 30 10 density  0.50,30,10,26,26,0.437,solved,
Simonis,problem_30_10.dat,HS problem 1419 size 30 10 density  0.50,30,10,27,27,0.418,solved,
Simonis,problem_30_10.dat,HS problem 1420 size 30 10 density  0.50,30,10,27,27,0.401,solved,
Simonis,problem_30_10.dat,HS problem 1421 size 30 10 density  0.50,30,10,25,25,0.39,solved,
Simonis,problem_30_10.dat,HS problem 1422 size 30 10 density  0.50,30,10,27,27,0.371,solved,
Simonis,problem_30_10.dat,HS problem 1423 size 30 10 density  0.50,30,10,25,25,0.352,solved,
Simonis,problem_30_10.dat,HS problem 1424 size 30 10 density  0.50,30,10,26,26,0.336,solved,
Simonis,problem_30_10.dat,HS problem 1425 size 30 10 density  0.50,30,10,26,26,0.32,solved,
Simonis,problem_30_10.dat,HS problem 1426 size 30 10 density  0.50,30,10,25,25,0.252,solved,
Simonis,problem_30_10.dat,HS problem 1427 size 30 10 density  0.50,30,10,26,26,0.24,solved,
Simonis,problem_30_10.dat,HS problem 1428 size 30 10 density  0.50,30,10,27,27,0.527,solved,
Simonis,problem_30_10.dat,HS problem 1429 size 30 10 density  0.50,30,10,25,25,0.515,solved,
Simonis,problem_30_10.dat,HS problem 1430 size 30 10 density  0.50,30,10,27,27,0.498,solved,
Simonis,problem_30_10.dat,HS problem 1431 size 30 10 density  0.50,30,10,29,29,0.48,solved,
Simonis,problem_30_10.dat,HS problem 1432 size 30 10 density  0.50,30,10,28,28,0.464,solved,
Simonis,problem_30_10.dat,HS problem 1433 size 30 10 density  0.50,30,10,27,27,0.454,solved,
Simonis,problem_30_10.dat,HS problem 1434 size 30 10 density  0.50,30,10,27,27,0.437,solved,
Simonis,problem_30_10.dat,HS problem 1435 size 30 10 density  0.50,30,10,26,26,0.425,solved,
Simonis,problem_30_10.dat,HS problem 1436 size 30 10 density  0.50,30,10,25,25,0.408,solved,
Simonis,problem_30_10.dat,HS problem 1437 size 30 10 density  0.50,30,10,28,28,0.388,solved,
Simonis,problem_30_10.dat,HS problem 1438 size 30 10 density  0.50,30,10,27,27,0.37,solved,
Simonis,problem_30_10.dat,HS problem 1439 size 30 10 density  0.50,30,10,25,25,0.353,solved,
Simonis,problem_30_10.dat,HS problem 1440 size 30 10 density  0.50,30,10,27,27,0.338,solved,
Simonis,problem_30_10.dat,HS problem 1441 size 30 10 density  0.50,30,10,25,25,0.321,solved,
Simonis,problem_30_10.dat,HS problem 1442 size 30 10 density  0.50,30,10,27,27,0.253,solved,
Simonis,problem_30_10.dat,HS problem 1443 size 30 10 density  0.50,30,10,27,27,0.526,solved,
Simonis,problem_30_10.dat,HS problem 1444 size 30 10 density  0.50,30,10,27,27,0.509,solved,
Simonis,problem_30_10.dat,HS problem 1445 size 30 10 density  0.50,30,10,27,27,0.493,solved,
Simonis,problem_30_10.dat,HS problem 1446 size 30 10 density  0.50,30,10,27,27,0.478,solved,
Simonis,problem_30_10.dat,HS problem 1447 size 30 10 density  0.50,30,10,26,26,0.466,solved,
Simonis,problem_30_10.dat,HS problem 1448 size 30 10 density  0.50,30,10,26,26,0.45,solved,
Simonis,problem_30_10.dat,HS problem 1449 size 30 10 density  0.50,30,10,27,27,0.437,solved,
Simonis,problem_30_10.dat,HS problem 1450 size 30 10 density  0.50,30,10,27,27,0.422,solved,
Simonis,problem_30_10.dat,HS problem 1451 size 30 10 density  0.55,30,10,28,28,0.404,solved,
Simonis,problem_30_10.dat,HS problem 1452 size 30 10 density  0.55,30,10,26,26,0.387,solved,
Simonis,problem_30_10.dat,HS problem 1453 size 30 10 density  0.55,30,10,28,28,0.371,solved,
Simonis,problem_30_10.dat,HS problem 1454 size 30 10 density  0.55,30,10,28,28,0.353,solved,
Simonis,problem_30_10.dat,HS problem 1455 size 30 10 density  0.55,30,10,27,27,0.333,solved,
Simonis,problem_30_10.dat,HS problem 1456 size 30 10 density  0.55,30,10,28,28,0.318,solved,
Simonis,problem_30_10.dat,HS problem 1457 size 30 10 density  0.55,30,10,29,29,0.303,solved,
Simonis,problem_30_10.dat,HS problem 1459 size 30 10 density  0.55,30,10,27,27,0.222,solved,
Simonis,problem_30_10.dat,HS problem 1458 size 30 10 density  0.55,30,10,28,28,0.534,solved,
Simonis,problem_30_10.dat,HS problem 1460 size 30 10 density  0.55,30,10,29,29,0.505,solved,
Simonis,problem_30_10.dat,HS problem 1461 size 30 10 density  0.55,30,10,28,28,0.492,solved,
Simonis,problem_30_10.dat,HS problem 1462 size 30 10 density  0.55,30,10,27,27,0.477,solved,
Simonis,problem_30_10.dat,HS problem 1463 size 30 10 density  0.55,30,10,28,28,0.465,solved,
Simonis,problem_30_10.dat,HS problem 1464 size 30 10 density  0.55,30,10,28,28,0.45,solved,
Simonis,problem_30_10.dat,HS problem 1465 size 30 10 density  0.55,30,10,27,27,0.434,solved,
Simonis,problem_30_10.dat,HS problem 1466 size 30 10 density  0.55,30,10,28,28,0.418,solved,
Simonis,problem_30_10.dat,HS problem 1467 size 30 10 density  0.55,30,10,28,28,0.406,solved,
Simonis,problem_30_10.dat,HS problem 1468 size 30 10 density  0.55,30,10,28,28,0.388,solved,
Simonis,problem_30_10.dat,HS problem 1469 size 30 10 density  0.55,30,10,28,28,0.367,solved,
Simonis,problem_30_10.dat,HS problem 1470 size 30 10 density  0.55,30,10,28,28,0.35,solved,
Simonis,problem_30_10.dat,HS problem 1471 size 30 10 density  0.55,30,10,29,29,0.332,solved,
Simonis,problem_30_10.dat,HS problem 1472 size 30 10 density  0.55,30,10,28,28,0.315,solved,
Simonis,problem_30_10.dat,HS problem 1475 size 30 10 density  0.55,30,10,25,25,0.216,solved,
Simonis,problem_30_10.dat,HS problem 1473 size 30 10 density  0.55,30,10,29,29,0.534,solved,
Simonis,problem_30_10.dat,HS problem 1474 size 30 10 density  0.55,30,10,28,28,0.516,solved,
Simonis,problem_30_10.dat,HS problem 1476 size 30 10 density  0.55,30,10,29,29,0.488,solved,
Simonis,problem_30_10.dat,HS problem 1477 size 30 10 density  0.55,30,10,29,29,0.476,solved,
Simonis,problem_30_10.dat,HS problem 1478 size 30 10 density  0.55,30,10,28,28,0.462,solved,
Simonis,problem_30_10.dat,HS problem 1479 size 30 10 density  0.55,30,10,28,28,0.452,solved,
Simonis,problem_30_10.dat,HS problem 1480 size 30 10 density  0.55,30,10,27,27,0.437,solved,
Simonis,problem_30_10.dat,HS problem 1481 size 30 10 density  0.55,30,10,29,29,0.425,solved,
Simonis,problem_30_10.dat,HS problem 1482 size 30 10 density  0.55,30,10,29,29,0.407,solved,
Simonis,problem_30_10.dat,HS problem 1483 size 30 10 density  0.55,30,10,27,27,0.395,solved,
Simonis,problem_30_10.dat,HS problem 1484 size 30 10 density  0.55,30,10,29,29,0.376,solved,
Simonis,problem_30_10.dat,HS problem 1485 size 30 10 density  0.55,30,10,26,26,0.355,solved,
Simonis,problem_30_10.dat,HS problem 1486 size 30 10 density  0.55,30,10,27,27,0.337,solved,
Simonis,problem_30_10.dat,HS problem 1487 size 30 10 density  0.55,30,10,29,29,0.321,solved,
Simonis,problem_30_10.dat,HS problem 1488 size 30 10 density  0.55,30,10,30,30,0.307,solved,
Simonis,problem_30_10.dat,HS problem 1489 size 30 10 density  0.55,30,10,28,28,0.238,solved,
Simonis,problem_30_10.dat,HS problem 1492 size 30 10 density  0.55,30,10,27,27,0.193,solved,
Simonis,problem_30_10.dat,HS problem 1490 size 30 10 density  0.55,30,10,27,27,0.551,solved,
Simonis,problem_30_10.dat,HS problem 1491 size 30 10 density  0.55,30,10,27,27,0.54,solved,
Simonis,problem_30_10.dat,HS problem 1493 size 30 10 density  0.55,30,10,28,28,0.512,solved,
Simonis,problem_30_10.dat,HS problem 1494 size 30 10 density  0.55,30,10,27,27,0.497,solved,
Simonis,problem_30_10.dat,HS problem 1495 size 30 10 density  0.55,30,10,28,28,0.481,solved,
Simonis,problem_30_10.dat,HS problem 1496 size 30 10 density  0.55,30,10,28,28,0.466,solved,
Simonis,problem_30_10.dat,HS problem 1497 size 30 10 density  0.55,30,10,29,29,0.456,solved,
Simonis,problem_30_10.dat,HS problem 1498 size 30 10 density  0.55,30,10,27,27,0.438,solved,
Simonis,problem_30_10.dat,HS problem 1499 size 30 10 density  0.55,30,10,29,29,0.417,solved,
Simonis,problem_30_10.dat,HS problem 1500 size 30 10 density  0.55,30,10,28,28,0.401,solved,
Simonis,problem_30_10.dat,HS problem 1501 size 30 10 density  0.60,30,10,29,29,0.387,solved,
Simonis,problem_30_10.dat,HS problem 1502 size 30 10 density  0.60,30,10,28,28,0.367,solved,
Simonis,problem_30_10.dat,HS problem 1503 size 30 10 density  0.60,30,10,29,29,0.347,solved,
Simonis,problem_30_10.dat,HS problem 1504 size 30 10 density  0.60,30,10,28,28,0.28,solved,
Simonis,problem_30_10.dat,HS problem 1505 size 30 10 density  0.60,30,10,29,29,0.262,solved,
Simonis,problem_30_10.dat,HS problem 1506 size 30 10 density  0.60,30,10,29,29,0.245,solved,
Simonis,problem_30_10.dat,HS problem 1507 size 30 10 density  0.60,30,10,29,29,0.227,solved,
Simonis,problem_30_10.dat,HS problem 1508 size 30 10 density  0.60,30,10,29,29,0.521,solved,
Simonis,problem_30_10.dat,HS problem 1509 size 30 10 density  0.60,30,10,28,28,0.508,solved,
Simonis,problem_30_10.dat,HS problem 1510 size 30 10 density  0.60,30,10,29,29,0.492,solved,
Simonis,problem_30_10.dat,HS problem 1511 size 30 10 density  0.60,30,10,29,29,0.481,solved,
Simonis,problem_30_10.dat,HS problem 1512 size 30 10 density  0.60,30,10,28,28,0.466,solved,
Simonis,problem_30_10.dat,HS problem 1513 size 30 10 density  0.60,30,10,28,28,0.45,solved,
Simonis,problem_30_10.dat,HS problem 1514 size 30 10 density  0.60,30,10,28,28,0.432,solved,
Simonis,problem_30_10.dat,HS problem 1515 size 30 10 density  0.60,30,10,29,29,0.412,solved,
Simonis,problem_30_10.dat,HS problem 1516 size 30 10 density  0.60,30,10,29,29,0.394,solved,
Simonis,problem_30_10.dat,HS problem 1517 size 30 10 density  0.60,30,10,28,28,0.38,solved,
Simonis,problem_30_10.dat,HS problem 1518 size 30 10 density  0.60,30,10,28,28,0.363,solved,
Simonis,problem_30_10.dat,HS problem 1519 size 30 10 density  0.60,30,10,29,29,0.343,solved,
Simonis,problem_30_10.dat,HS problem 1520 size 30 10 density  0.60,30,10,29,29,0.325,solved,
Simonis,problem_30_10.dat,HS problem 1521 size 30 10 density  0.60,30,10,28,28,0.26,solved,
Simonis,problem_30_10.dat,HS problem 1522 size 30 10 density  0.60,30,10,28,28,0.248,solved,
Simonis,problem_30_10.dat,HS problem 1523 size 30 10 density  0.60,30,10,30,30,0.527,solved,
Simonis,problem_30_10.dat,HS problem 1524 size 30 10 density  0.60,30,10,28,28,0.512,solved,
Simonis,problem_30_10.dat,HS problem 1525 size 30 10 density  0.60,30,10,28,28,0.499,solved,
Simonis,problem_30_10.dat,HS problem 1526 size 30 10 density  0.60,30,10,29,29,0.484,solved,
Simonis,problem_30_10.dat,HS problem 1527 size 30 10 density  0.60,30,10,28,28,0.473,solved,
Simonis,problem_30_10.dat,HS problem 1528 size 30 10 density  0.60,30,10,29,29,0.458,solved,
Simonis,problem_30_10.dat,HS problem 1529 size 30 10 density  0.60,30,10,28,28,0.446,solved,
Simonis,problem_30_10.dat,HS problem 1530 size 30 10 density  0.60,30,10,28,28,0.428,solved,
Simonis,problem_30_10.dat,HS problem 1531 size 30 10 density  0.60,30,10,28,28,0.414,solved,
Simonis,problem_30_10.dat,HS problem 1532 size 30 10 density  0.60,30,10,30,30,0.395,solved,
Simonis,problem_30_10.dat,HS problem 1533 size 30 10 density  0.60,30,10,29,29,0.374,solved,
Simonis,problem_30_10.dat,HS problem 1534 size 30 10 density  0.60,30,10,29,29,0.357,solved,
Simonis,problem_30_10.dat,HS problem 1535 size 30 10 density  0.60,30,10,29,29,0.342,solved,
Simonis,problem_30_10.dat,HS problem 1536 size 30 10 density  0.60,30,10,29,29,0.325,solved,
Simonis,problem_30_10.dat,HS problem 1537 size 30 10 density  0.60,30,10,28,28,0.307,solved,
Simonis,problem_30_10.dat,HS problem 1538 size 30 10 density  0.60,30,10,28,28,0.242,solved,
Simonis,problem_30_10.dat,HS problem 1540 size 30 10 density  0.60,30,10,29,29,0.214,solved,
Simonis,problem_30_10.dat,HS problem 1541 size 30 10 density  0.60,30,10,28,28,0.202,solved,
Simonis,problem_30_10.dat,HS problem 1539 size 30 10 density  0.60,30,10,29,29,0.565,solved,
Simonis,problem_30_10.dat,HS problem 1542 size 30 10 density  0.60,30,10,29,29,0.523,solved,
Simonis,problem_30_10.dat,HS problem 1543 size 30 10 density  0.60,30,10,29,29,0.51,solved,
Simonis,problem_30_10.dat,HS problem 1544 size 30 10 density  0.60,30,10,29,29,0.493,solved,
Simonis,problem_30_10.dat,HS problem 1545 size 30 10 density  0.60,30,10,29,29,0.477,solved,
Simonis,problem_30_10.dat,HS problem 1546 size 30 10 density  0.60,30,10,28,28,0.462,solved,
Simonis,problem_30_10.dat,HS problem 1547 size 30 10 density  0.60,30,10,29,29,0.448,solved,
Simonis,problem_30_10.dat,HS problem 1548 size 30 10 density  0.60,30,10,29,29,0.43,solved,
Simonis,problem_30_10.dat,HS problem 1549 size 30 10 density  0.60,30,10,30,30,0.409,solved,
Simonis,problem_30_10.dat,HS problem 1550 size 30 10 density  0.60,30,10,29,29,0.392,solved,
Simonis,problem_30_10.dat,HS problem 1551 size 30 10 density  0.65,30,10,30,30,0.375,solved,
Simonis,problem_30_10.dat,HS problem 1552 size 30 10 density  0.65,30,10,30,30,0.358,solved,
Simonis,problem_30_10.dat,HS problem 1553 size 30 10 density  0.65,30,10,30,30,0.285,solved,
Simonis,problem_30_10.dat,HS problem 1554 size 30 10 density  0.65,30,10,30,30,0.268,solved,
Simonis,problem_30_10.dat,HS problem 1555 size 30 10 density  0.65,30,10,30,30,0.255,solved,
Simonis,problem_30_10.dat,HS problem 1556 size 30 10 density  0.65,30,10,29,29,0.239,solved,
Simonis,problem_30_10.dat,HS problem 1557 size 30 10 density  0.65,30,10,29,29,0.227,solved,
Simonis,problem_30_10.dat,HS problem 1558 size 30 10 density  0.65,30,10,29,29,0.541,solved,
Simonis,problem_30_10.dat,HS problem 1559 size 30 10 density  0.65,30,10,29,29,0.528,solved,
Simonis,problem_30_10.dat,HS problem 1560 size 30 10 density  0.65,30,10,29,29,0.512,solved,
Simonis,problem_30_10.dat,HS problem 1561 size 30 10 density  0.65,30,10,29,29,0.5,solved,
Simonis,problem_30_10.dat,HS problem 1562 size 30 10 density  0.65,30,10,29,29,0.483,solved,
Simonis,problem_30_10.dat,HS problem 1563 size 30 10 density  0.65,30,10,28,28,0.468,solved,
Simonis,problem_30_10.dat,HS problem 1564 size 30 10 density  0.65,30,10,29,29,0.449,solved,
Simonis,problem_30_10.dat,HS problem 1565 size 30 10 density  0.65,30,10,30,30,0.428,solved,
Simonis,problem_30_10.dat,HS problem 1566 size 30 10 density  0.65,30,10,30,30,0.41,solved,
Simonis,problem_30_10.dat,HS problem 1567 size 30 10 density  0.65,30,10,29,29,0.397,solved,
Simonis,problem_30_10.dat,HS problem 1568 size 30 10 density  0.65,30,10,27,27,0.378,solved,
Simonis,problem_30_10.dat,HS problem 1569 size 30 10 density  0.65,30,10,29,29,0.359,solved,
Simonis,problem_30_10.dat,HS problem 1570 size 30 10 density  0.65,30,10,29,29,0.342,solved,
Simonis,problem_30_10.dat,HS problem 1571 size 30 10 density  0.65,30,10,29,29,0.278,solved,
Simonis,problem_30_10.dat,HS problem 1572 size 30 10 density  0.65,30,10,30,30,0.261,solved,
Simonis,problem_30_10.dat,HS problem 1573 size 30 10 density  0.65,30,10,29,29,0.247,solved,
Simonis,problem_30_10.dat,HS problem 1574 size 30 10 density  0.65,30,10,29,29,0.233,solved,
Simonis,problem_30_10.dat,HS problem 1575 size 30 10 density  0.65,30,10,29,29,0.525,solved,
Simonis,problem_30_10.dat,HS problem 1576 size 30 10 density  0.65,30,10,29,29,0.509,solved,
Simonis,problem_30_10.dat,HS problem 1577 size 30 10 density  0.65,30,10,28,28,0.493,solved,
Simonis,problem_30_10.dat,HS problem 1578 size 30 10 density  0.65,30,10,29,29,0.476,solved,
Simonis,problem_30_10.dat,HS problem 1579 size 30 10 density  0.65,30,10,30,30,0.461,solved,
Simonis,problem_30_10.dat,HS problem 1580 size 30 10 density  0.65,30,10,30,30,0.444,solved,
Simonis,problem_30_10.dat,HS problem 1581 size 30 10 density  0.65,30,10,28,28,0.43,solved,
Simonis,problem_30_10.dat,HS problem 1582 size 30 10 density  0.65,30,10,30,30,0.412,solved,
Simonis,problem_30_10.dat,HS problem 1583 size 30 10 density  0.65,30,10,30,30,0.392,solved,
Simonis,problem_30_10.dat,HS problem 1584 size 30 10 density  0.65,30,10,28,28,0.375,solved,
Simonis,problem_30_10.dat,HS problem 1585 size 30 10 density  0.65,30,10,29,29,0.36,solved,
Simonis,problem_30_10.dat,HS problem 1586 size 30 10 density  0.65,30,10,29,29,0.347,solved,
Simonis,problem_30_10.dat,HS problem 1587 size 30 10 density  0.65,30,10,29,29,0.326,solved,
Simonis,problem_30_10.dat,HS problem 1588 size 30 10 density  0.65,30,10,29,29,0.258,solved,
Simonis,problem_30_10.dat,HS problem 1589 size 30 10 density  0.65,30,10,29,29,0.247,solved,
Simonis,problem_30_10.dat,HS problem 1590 size 30 10 density  0.65,30,10,29,29,0.234,solved,
Simonis,problem_30_10.dat,HS problem 1591 size 30 10 density  0.65,30,10,30,30,0.221,solved,
Simonis,problem_30_10.dat,HS problem 1592 size 30 10 density  0.65,30,10,30,30,0.205,solved,
Simonis,problem_30_10.dat,HS problem 1596 size 30 10 density  0.65,30,10,30,30,0.153,solved,
Simonis,problem_30_10.dat,HS problem 1593 size 30 10 density  0.65,30,10,28,28,0.559,solved,
Simonis,problem_30_10.dat,HS problem 1594 size 30 10 density  0.65,30,10,29,29,0.547,solved,
Simonis,problem_30_10.dat,HS problem 1595 size 30 10 density  0.65,30,10,29,29,0.535,solved,
Simonis,problem_30_10.dat,HS problem 1597 size 30 10 density  0.65,30,10,29,29,0.502,solved,
Simonis,problem_30_10.dat,HS problem 1598 size 30 10 density  0.65,30,10,30,30,0.486,solved,
Simonis,problem_30_10.dat,HS problem 1599 size 30 10 density  0.65,30,10,28,28,0.468,solved,
Simonis,problem_30_10.dat,HS problem 1600 size 30 10 density  0.65,30,10,30,30,0.449,solved,
Simonis,problem_30_10.dat,HS problem 1601 size 30 10 density  0.70,30,10,30,30,0.43,solved,
Simonis,problem_30_10.dat,HS problem 1602 size 30 10 density  0.70,30,10,29,29,0.414,solved,
Simonis,problem_30_10.dat,HS problem 1603 size 30 10 density  0.70,30,10,30,30,0.398,solved,
Simonis,problem_30_10.dat,HS problem 1604 size 30 10 density  0.70,30,10,30,30,0.38,solved,
Simonis,problem_30_10.dat,HS problem 1605 size 30 10 density  0.70,30,10,30,30,0.316,solved,
Simonis,problem_30_10.dat,HS problem 1606 size 30 10 density  0.70,30,10,30,30,0.299,solved,
Simonis,problem_30_10.dat,HS problem 1607 size 30 10 density  0.70,30,10,29,29,0.281,solved,
Simonis,problem_30_10.dat,HS problem 1608 size 30 10 density  0.70,30,10,29,29,0.264,solved,
Simonis,problem_30_10.dat,HS problem 1609 size 30 10 density  0.70,30,10,30,30,0.252,solved,
Simonis,problem_30_10.dat,HS problem 1610 size 30 10 density  0.70,30,10,30,30,0.236,solved,
Simonis,problem_30_10.dat,HS problem 1611 size 30 10 density  0.70,30,10,29,29,0.225,solved,
Simonis,problem_30_10.dat,HS problem 1612 size 30 10 density  0.70,30,10,29,29,0.209,solved,
Simonis,problem_30_10.dat,HS problem 1613 size 30 10 density  0.70,30,10,30,30,0.19,solved,
Simonis,problem_30_10.dat,HS problem 1617 size 30 10 density  0.70,30,10,29,29,0.116,solved,
Simonis,problem_30_10.dat,HS problem 1614 size 30 10 density  0.70,30,10,30,30,0.554,solved,
Simonis,problem_30_10.dat,HS problem 1615 size 30 10 density  0.70,30,10,29,29,0.537,solved,
Simonis,problem_30_10.dat,HS problem 1616 size 30 10 density  0.70,30,10,30,30,0.518,solved,
Simonis,problem_30_10.dat,HS problem 1618 size 30 10 density  0.70,30,10,30,30,0.48,solved,
Simonis,problem_30_10.dat,HS problem 1619 size 30 10 density  0.70,30,10,30,30,0.465,solved,
Simonis,problem_30_10.dat,HS problem 1620 size 30 10 density  0.70,30,10,29,29,0.448,solved,
Simonis,problem_30_10.dat,HS problem 1621 size 30 10 density  0.70,30,10,30,30,0.435,solved,
Simonis,problem_30_10.dat,HS problem 1622 size 30 10 density  0.70,30,10,30,30,0.418,solved,
Simonis,problem_30_10.dat,HS problem 1623 size 30 10 density  0.70,30,10,30,30,0.397,solved,
Simonis,problem_30_10.dat,HS problem 1624 size 30 10 density  0.70,30,10,29,29,0.332,solved,
Simonis,problem_30_10.dat,HS problem 1625 size 30 10 density  0.70,30,10,30,30,0.32,solved,
Simonis,problem_30_10.dat,HS problem 1626 size 30 10 density  0.70,30,10,30,30,0.305,solved,
Simonis,problem_30_10.dat,HS problem 1627 size 30 10 density  0.70,30,10,29,29,0.291,solved,
Simonis,problem_30_10.dat,HS problem 1628 size 30 10 density  0.70,30,10,29,29,0.277,solved,
Simonis,problem_30_10.dat,HS problem 1629 size 30 10 density  0.70,30,10,30,30,0.262,solved,
Simonis,problem_30_10.dat,HS problem 1630 size 30 10 density  0.70,30,10,30,30,0.246,solved,
Simonis,problem_30_10.dat,HS problem 1631 size 30 10 density  0.70,30,10,29,29,0.23,solved,
Simonis,problem_30_10.dat,HS problem 1632 size 30 10 density  0.70,30,10,30,30,0.213,solved,
Simonis,problem_30_10.dat,HS problem 1633 size 30 10 density  0.70,30,10,30,30,0.519,solved,
Simonis,problem_30_10.dat,HS problem 1634 size 30 10 density  0.70,30,10,30,30,0.501,solved,
Simonis,problem_30_10.dat,HS problem 1635 size 30 10 density  0.70,30,10,29,29,0.48,solved,
Simonis,problem_30_10.dat,HS problem 1636 size 30 10 density  0.70,30,10,29,29,0.464,solved,
Simonis,problem_30_10.dat,HS problem 1637 size 30 10 density  0.70,30,10,30,30,0.453,solved,
Simonis,problem_30_10.dat,HS problem 1638 size 30 10 density  0.70,30,10,30,30,0.435,solved,
Simonis,problem_30_10.dat,HS problem 1639 size 30 10 density  0.70,30,10,29,29,0.416,solved,
Simonis,problem_30_10.dat,HS problem 1640 size 30 10 density  0.70,30,10,30,30,0.402,solved,
Simonis,problem_30_10.dat,HS problem 1641 size 30 10 density  0.70,30,10,30,30,0.39,solved,
Simonis,problem_30_10.dat,HS problem 1642 size 30 10 density  0.70,30,10,30,30,0.372,solved,
Simonis,problem_30_10.dat,HS problem 1643 size 30 10 density  0.70,30,10,29,29,0.351,solved,
Simonis,problem_30_10.dat,HS problem 1644 size 30 10 density  0.70,30,10,29,29,0.334,solved,
Simonis,problem_30_10.dat,HS problem 1645 size 30 10 density  0.70,30,10,30,30,0.268,solved,
Simonis,problem_30_10.dat,HS problem 1646 size 30 10 density  0.70,30,10,29,29,0.251,solved,
Simonis,problem_30_10.dat,HS problem 1647 size 30 10 density  0.70,30,10,29,29,0.239,solved,
Simonis,problem_30_10.dat,HS problem 1648 size 30 10 density  0.70,30,10,30,30,0.225,solved,
Simonis,problem_30_10.dat,HS problem 1649 size 30 10 density  0.70,30,10,29,29,0.214,solved,
Simonis,problem_30_10.dat,HS problem 1650 size 30 10 density  0.70,30,10,30,30,0.2,solved,
Simonis,problem_30_15.dat,HS problem 2421 size 30 15 density  0.20,30,15,14,14,0.617,solved,
Simonis,problem_30_15.dat,HS problem 2425 size 30 15 density  0.20,30,15,15,15,0.923,solved,
Simonis,problem_30_15.dat,HS problem 2426 size 30 15 density  0.20,30,15,15,15,0.905,solved,
Simonis,problem_30_15.dat,HS problem 2422 size 30 15 density  0.20,30,15,20,20,1.066,solved,
Simonis,problem_30_15.dat,HS problem 2427 size 30 15 density  0.20,30,15,16,16,0.98,solved,
Simonis,problem_30_15.dat,HS problem 2428 size 30 15 density  0.20,30,15,16,16,0.967,solved,
Simonis,problem_30_15.dat,HS problem 2432 size 30 15 density  0.20,30,15,17,17,0.913,solved,
Simonis,problem_30_15.dat,HS problem 2430 size 30 15 density  0.20,30,15,14,14,1.084,solved,
Simonis,problem_30_15.dat,HS problem 2424 size 30 15 density  0.20,30,15,17,17,1.246,solved,
Simonis,problem_30_15.dat,HS problem 2433 size 30 15 density  0.20,30,15,18,18,1.134,solved,
Simonis,problem_30_15.dat,HS problem 2423 size 30 15 density  0.20,30,15,17,17,1.409,solved,
Simonis,problem_30_15.dat,HS problem 2429 size 30 15 density  0.20,30,15,16,16,1.434,solved,
Simonis,problem_30_15.dat,HS problem 2434 size 30 15 density  0.20,30,15,16,16,1.386,solved,
Simonis,problem_30_15.dat,HS problem 2445 size 30 15 density  0.25,30,15,20,20,1.182,solved,
Simonis,problem_30_15.dat,HS problem 2431 size 30 15 density  0.20,30,15,17,17,1.569,solved,
Simonis,problem_30_15.dat,HS problem 2436 size 30 15 density  0.20,30,15,18,18,1.445,solved,
Simonis,problem_30_15.dat,HS problem 2443 size 30 15 density  0.25,30,15,20,20,1.31,solved,
Simonis,problem_30_15.dat,HS problem 2444 size 30 15 density  0.25,30,15,22,22,1.293,solved,
Simonis,problem_30_15.dat,HS problem 2449 size 30 15 density  0.25,30,15,20,20,1.195,solved,
Simonis,problem_30_15.dat,HS problem 2435 size 30 15 density  0.20,30,15,19,19,1.598,solved,
Simonis,problem_30_15.dat,HS problem 2439 size 30 15 density  0.20,30,15,17,17,1.528,solved,
Simonis,problem_30_15.dat,HS problem 2440 size 30 15 density  0.20,30,15,16,16,1.511,solved,
Simonis,problem_30_15.dat,HS problem 2450 size 30 15 density  0.25,30,15,20,20,1.428,solved,
Simonis,problem_30_15.dat,HS problem 2437 size 30 15 density  0.20,30,15,19,19,1.747,solved,
Simonis,problem_30_15.dat,HS problem 2438 size 30 15 density  0.20,30,15,17,17,1.729,solved,
Simonis,problem_30_15.dat,HS problem 2452 size 30 15 density  0.25,30,15,19,19,1.09,solved,
Simonis,problem_30_15.dat,HS problem 2447 size 30 15 density  0.25,30,15,21,21,1.711,solved,
Simonis,problem_30_15.dat,HS problem 2441 size 30 15 density  0.25,30,15,22,22,1.893,solved,
Simonis,problem_30_15.dat,HS problem 2442 size 30 15 density  0.25,30,15,21,21,1.876,solved,
Simonis,problem_30_15.dat,HS problem 2453 size 30 15 density  0.25,30,15,21,21,1.306,solved,
Simonis,problem_30_15.dat,HS problem 2455 size 30 15 density  0.25,30,15,19,19,1.212,solved,
Simonis,problem_30_15.dat,HS problem 2448 size 30 15 density  0.25,30,15,21,21,1.956,solved,
Simonis,problem_30_15.dat,HS problem 2454 size 30 15 density  0.25,30,15,18,18,1.33,solved,
Simonis,problem_30_15.dat,HS problem 2446 size 30 15 density  0.25,30,15,19,19,2.08,solved,
Simonis,problem_30_15.dat,HS problem 2459 size 30 15 density  0.25,30,15,20,20,1.204,solved,
Simonis,problem_30_15.dat,HS problem 2451 size 30 15 density  0.25,30,15,23,23,1.975,solved,
Simonis,problem_30_15.dat,HS problem 2458 size 30 15 density  0.25,30,15,19,19,1.454,solved,
Simonis,problem_30_15.dat,HS problem 2460 size 30 15 density  0.25,30,15,19,19,1.43,solved,
Simonis,problem_30_15.dat,HS problem 2468 size 30 15 density  0.30,30,15,22,22,1.098,solved,
Simonis,problem_30_15.dat,HS problem 2464 size 30 15 density  0.30,30,15,20,20,1.293,solved,
Simonis,problem_30_15.dat,HS problem 2462 size 30 15 density  0.30,30,15,20,20,1.463,solved,
Simonis,problem_30_15.dat,HS problem 2473 size 30 15 density  0.30,30,15,22,22,1.119,solved,
Simonis,problem_30_15.dat,HS problem 2466 size 30 15 density  0.30,30,15,22,22,1.525,solved,
Simonis,problem_30_15.dat,HS problem 2474 size 30 15 density  0.30,30,15,19,19,1.226,solved,
Simonis,problem_30_15.dat,HS problem 2457 size 30 15 density  0.25,30,15,22,22,2.209,solved,
Simonis,problem_30_15.dat,HS problem 2471 size 30 15 density  0.30,30,15,22,22,1.48,solved,
Simonis,problem_30_15.dat,HS problem 2475 size 30 15 density  0.30,30,15,24,24,1.299,solved,
Simonis,problem_30_15.dat,HS problem 2477 size 30 15 density  0.30,30,15,19,19,1.161,solved,
Simonis,problem_30_15.dat,HS problem 2470 size 30 15 density  0.30,30,15,23,23,1.63,solved,
Simonis,problem_30_15.dat,HS problem 2472 size 30 15 density  0.30,30,15,21,21,1.593,solved,
Simonis,problem_30_15.dat,HS problem 2469 size 30 15 density  0.30,30,15,21,21,1.788,solved,
Simonis,problem_30_15.dat,HS problem 2479 size 30 15 density  0.30,30,15,21,21,1.359,solved,
Simonis,problem_30_15.dat,HS problem 2456 size 30 15 density  0.25,30,15,22,22,2.604,solved,
Simonis,problem_30_15.dat,HS problem 2476 size 30 15 density  0.30,30,15,23,23,1.669,solved,
Simonis,problem_30_15.dat,HS problem 2461 size 30 15 density  0.30,30,15,24,24,2.428,solved,
Simonis,problem_30_15.dat,HS problem 2478 size 30 15 density  0.30,30,15,23,23,1.67,solved,
Simonis,problem_30_15.dat,HS problem 2467 size 30 15 density  0.30,30,15,24,24,2.351,solved,
Simonis,problem_30_15.dat,HS problem 2489 size 30 15 density  0.35,30,15,25,25,1.256,solved,
Simonis,problem_30_15.dat,HS problem 2463 size 30 15 density  0.30,30,15,26,26,2.721,solved,
Simonis,problem_30_15.dat,HS problem 2465 size 30 15 density  0.30,30,15,23,23,2.632,solved,
Simonis,problem_30_15.dat,HS problem 2480 size 30 15 density  0.30,30,15,23,23,1.989,solved,
Simonis,problem_30_15.dat,HS problem 2481 size 30 15 density  0.35,30,15,26,26,1.963,solved,
Simonis,problem_30_15.dat,HS problem 2483 size 30 15 density  0.35,30,15,25,25,2.01,solved,
Simonis,problem_30_15.dat,HS problem 2495 size 30 15 density  0.35,30,15,24,24,1.081,solved,
Simonis,problem_30_15.dat,HS problem 2493 size 30 15 density  0.35,30,15,25,25,1.269,solved,
Simonis,problem_30_15.dat,HS problem 2497 size 30 15 density  0.35,30,15,26,26,1.137,solved,
Simonis,problem_30_15.dat,HS problem 2482 size 30 15 density  0.35,30,15,26,26,2.22,solved,
Simonis,problem_30_15.dat,HS problem 2484 size 30 15 density  0.35,30,15,25,25,2.132,solved,
Simonis,problem_30_15.dat,HS problem 2488 size 30 15 density  0.35,30,15,26,26,1.836,solved,
Simonis,problem_30_15.dat,HS problem 2492 size 30 15 density  0.35,30,15,23,23,1.539,solved,
Simonis,problem_30_15.dat,HS problem 2485 size 30 15 density  0.35,30,15,24,24,2.241,solved,
Simonis,problem_30_15.dat,HS problem 2487 size 30 15 density  0.35,30,15,27,27,2.086,solved,
Simonis,problem_30_15.dat,HS problem 2490 size 30 15 density  0.35,30,15,24,24,1.815,solved,
Simonis,problem_30_15.dat,HS problem 2503 size 30 15 density  0.40,30,15,27,27,1.034,solved,
Simonis,problem_30_15.dat,HS problem 2491 size 30 15 density  0.35,30,15,26,26,1.922,solved,
Simonis,problem_30_15.dat,HS problem 2496 size 30 15 density  0.35,30,15,24,24,1.685,solved,
Simonis,problem_30_15.dat,HS problem 2501 size 30 15 density  0.40,30,15,27,27,1.556,solved,
Simonis,problem_30_15.dat,HS problem 2502 size 30 15 density  0.40,30,15,27,27,1.488,solved,
Simonis,problem_30_15.dat,HS problem 2494 size 30 15 density  0.35,30,15,25,25,1.946,solved,
Simonis,problem_30_15.dat,HS problem 2486 size 30 15 density  0.35,30,15,25,25,2.713,solved,
Simonis,problem_30_15.dat,HS problem 2504 size 30 15 density  0.40,30,15,27,27,1.576,solved,
Simonis,problem_30_15.dat,HS problem 2505 size 30 15 density  0.40,30,15,27,27,1.577,solved,
Simonis,problem_30_15.dat,HS problem 2506 size 30 15 density  0.40,30,15,25,25,1.507,solved,
Simonis,problem_30_15.dat,HS problem 2499 size 30 15 density  0.35,30,15,24,24,2.049,solved,
Simonis,problem_30_15.dat,HS problem 2507 size 30 15 density  0.40,30,15,27,27,1.43,solved,
Simonis,problem_30_15.dat,HS problem 2500 size 30 15 density  0.35,30,15,24,24,2.12,solved,
Simonis,problem_30_15.dat,HS problem 2514 size 30 15 density  0.40,30,15,26,26,1.237,solved,
Simonis,problem_30_15.dat,HS problem 2521 size 30 15 density  0.45,30,15,27,27,0.937,solved,
Simonis,problem_30_15.dat,HS problem 2516 size 30 15 density  0.40,30,15,26,26,1.237,solved,
Simonis,problem_30_15.dat,HS problem 2515 size 30 15 density  0.40,30,15,26,26,1.328,solved,
Simonis,problem_30_15.dat,HS problem 2524 size 30 15 density  0.45,30,15,26,26,1.043,solved,
Simonis,problem_30_15.dat,HS problem 2498 size 30 15 density  0.35,30,15,25,25,2.582,solved,
Simonis,problem_30_15.dat,HS problem 2517 size 30 15 density  0.40,30,15,26,26,1.318,solved,
Simonis,problem_30_15.dat,HS problem 2520 size 30 15 density  0.40,30,15,27,27,1.258,solved,
Simonis,problem_30_15.dat,HS problem 2513 size 30 15 density  0.40,30,15,26,26,1.62,solved,
Simonis,problem_30_15.dat,HS problem 2523 size 30 15 density  0.45,30,15,27,27,1.261,solved,
Simonis,problem_30_15.dat,HS problem 2509 size 30 15 density  0.40,30,15,27,27,1.896,solved,
Simonis,problem_30_15.dat,HS problem 2528 size 30 15 density  0.45,30,15,28,28,1.11,solved,
Simonis,problem_30_15.dat,HS problem 2518 size 30 15 density  0.40,30,15,28,28,1.692,solved,
Simonis,problem_30_15.dat,HS problem 2519 size 30 15 density  0.40,30,15,27,27,1.67,solved,
Simonis,problem_30_15.dat,HS problem 2508 size 30 15 density  0.40,30,15,26,26,2.306,solved,
Simonis,problem_30_15.dat,HS problem 2511 size 30 15 density  0.40,30,15,28,28,2.088,solved,
Simonis,problem_30_15.dat,HS problem 2510 size 30 15 density  0.40,30,15,28,28,2.201,solved,
Simonis,problem_30_15.dat,HS problem 2512 size 30 15 density  0.40,30,15,26,26,2.226,solved,
Simonis,problem_30_15.dat,HS problem 2522 size 30 15 density  0.45,30,15,28,28,1.816,solved,
Simonis,problem_30_15.dat,HS problem 2525 size 30 15 density  0.45,30,15,27,27,1.652,solved,
Simonis,problem_30_15.dat,HS problem 2537 size 30 15 density  0.45,30,15,28,28,0.846,solved,
Simonis,problem_30_15.dat,HS problem 2529 size 30 15 density  0.45,30,15,28,28,1.497,solved,
Simonis,problem_30_15.dat,HS problem 2533 size 30 15 density  0.45,30,15,28,28,1.26,solved,
Simonis,problem_30_15.dat,HS problem 2527 size 30 15 density  0.45,30,15,28,28,1.682,solved,
Simonis,problem_30_15.dat,HS problem 2531 size 30 15 density  0.45,30,15,27,27,1.448,solved,
Simonis,problem_30_15.dat,HS problem 2535 size 30 15 density  0.45,30,15,28,28,1.262,solved,
Simonis,problem_30_15.dat,HS problem 2541 size 30 15 density  0.50,30,15,27,27,0.892,solved,
Simonis,problem_30_15.dat,HS problem 2530 size 30 15 density  0.45,30,15,28,28,1.655,solved,
Simonis,problem_30_15.dat,HS problem 2534 size 30 15 density  0.45,30,15,28,28,1.418,solved,
Simonis,problem_30_15.dat,HS problem 2538 size 30 15 density  0.45,30,15,27,27,1.19,solved,
Simonis,problem_30_15.dat,HS problem 2532 size 30 15 density  0.45,30,15,27,27,1.724,solved,
Simonis,problem_30_15.dat,HS problem 2526 size 30 15 density  0.45,30,15,28,28,2.173,solved,
Simonis,problem_30_15.dat,HS problem 2546 size 30 15 density  0.50,30,15,28,28,1.11,solved,
Simonis,problem_30_15.dat,HS problem 2536 size 30 15 density  0.45,30,15,27,27,1.701,solved,
Simonis,problem_30_15.dat,HS problem 2539 size 30 15 density  0.45,30,15,27,27,1.488,solved,
Simonis,problem_30_15.dat,HS problem 2542 size 30 15 density  0.50,30,15,28,28,1.331,solved,
Simonis,problem_30_15.dat,HS problem 2555 size 30 15 density  0.50,30,15,28,28,0.829,solved,
Simonis,problem_30_15.dat,HS problem 2540 size 30 15 density  0.45,30,15,26,26,1.657,solved,
Simonis,problem_30_15.dat,HS problem 2545 size 30 15 density  0.50,30,15,28,28,1.582,solved,
Simonis,problem_30_15.dat,HS problem 2550 size 30 15 density  0.50,30,15,28,28,1.351,solved,
Simonis,problem_30_15.dat,HS problem 2548 size 30 15 density  0.50,30,15,29,29,1.518,solved,
Simonis,problem_30_15.dat,HS problem 2544 size 30 15 density  0.50,30,15,30,30,1.877,solved,
Simonis,problem_30_15.dat,HS problem 2559 size 30 15 density  0.50,30,15,28,28,1.115,solved,
Simonis,problem_30_15.dat,HS problem 2556 size 30 15 density  0.50,30,15,29,29,1.323,solved,
Simonis,problem_30_15.dat,HS problem 2561 size 30 15 density  0.55,30,15,29,29,1.121,solved,
Simonis,problem_30_15.dat,HS problem 2560 size 30 15 density  0.50,30,15,29,29,1.236,solved,
Simonis,problem_30_15.dat,HS problem 2552 size 30 15 density  0.50,30,15,29,29,1.673,solved,
Simonis,problem_30_15.dat,HS problem 2547 size 30 15 density  0.50,30,15,29,29,2.0,solved,
Simonis,problem_30_15.dat,HS problem 2551 size 30 15 density  0.50,30,15,28,28,1.765,solved,
Simonis,problem_30_15.dat,HS problem 2553 size 30 15 density  0.50,30,15,29,29,1.675,solved,
Simonis,problem_30_15.dat,HS problem 2563 size 30 15 density  0.55,30,15,30,30,1.312,solved,
Simonis,problem_30_15.dat,HS problem 2564 size 30 15 density  0.55,30,15,29,29,1.242,solved,
Simonis,problem_30_15.dat,HS problem 2543 size 30 15 density  0.50,30,15,29,29,2.393,solved,
Simonis,problem_30_15.dat,HS problem 2549 size 30 15 density  0.50,30,15,28,28,2.024,solved,
Simonis,problem_30_15.dat,HS problem 2557 size 30 15 density  0.50,30,15,29,29,1.704,solved,
Simonis,problem_30_15.dat,HS problem 2562 size 30 15 density  0.55,30,15,29,29,1.502,solved,
Simonis,problem_30_15.dat,HS problem 2566 size 30 15 density  0.55,30,15,29,29,1.368,solved,
Simonis,problem_30_15.dat,HS problem 2558 size 30 15 density  0.50,30,15,29,29,1.785,solved,
Simonis,problem_30_15.dat,HS problem 2567 size 30 15 density  0.55,30,15,29,29,1.347,solved,
Simonis,problem_30_15.dat,HS problem 2570 size 30 15 density  0.55,30,15,29,29,1.185,solved,
Simonis,problem_30_15.dat,HS problem 2554 size 30 15 density  0.50,30,15,29,29,2.044,solved,
Simonis,problem_30_15.dat,HS problem 2568 size 30 15 density  0.55,30,15,29,29,1.401,solved,
Simonis,problem_30_15.dat,HS problem 2565 size 30 15 density  0.55,30,15,29,29,1.745,solved,
Simonis,problem_30_15.dat,HS problem 2571 size 30 15 density  0.55,30,15,29,29,1.371,solved,
Simonis,problem_30_15.dat,HS problem 2572 size 30 15 density  0.55,30,15,30,30,1.44,solved,
Simonis,problem_30_15.dat,HS problem 2573 size 30 15 density  0.55,30,15,29,29,1.316,solved,
Simonis,problem_30_15.dat,HS problem 2575 size 30 15 density  0.55,30,15,29,29,1.12,solved,
Simonis,problem_30_15.dat,HS problem 2577 size 30 15 density  0.55,30,15,29,29,0.974,solved,
Simonis,problem_30_15.dat,HS problem 2574 size 30 15 density  0.55,30,15,30,30,1.396,solved,
Simonis,problem_30_15.dat,HS problem 2576 size 30 15 density  0.55,30,15,29,29,1.202,solved,
Simonis,problem_30_15.dat,HS problem 2582 size 30 15 density  0.60,30,15,30,30,1.098,solved,
Simonis,problem_30_15.dat,HS problem 2588 size 30 15 density  0.60,30,15,29,29,0.871,solved,
Simonis,problem_30_15.dat,HS problem 2569 size 30 15 density  0.55,30,15,30,30,2.04,solved,
Simonis,problem_30_15.dat,HS problem 2578 size 30 15 density  0.55,30,15,29,29,1.384,solved,
Simonis,problem_30_15.dat,HS problem 2581 size 30 15 density  0.60,30,15,30,30,1.262,solved,
Simonis,problem_30_15.dat,HS problem 2583 size 30 15 density  0.60,30,15,30,30,1.12,solved,
Simonis,problem_30_15.dat,HS problem 2587 size 30 15 density  0.60,30,15,30,30,0.985,solved,
Simonis,problem_30_15.dat,HS problem 2579 size 30 15 density  0.55,30,15,29,29,1.529,solved,
Simonis,problem_30_15.dat,HS problem 2580 size 30 15 density  0.55,30,15,29,29,1.457,solved,
Simonis,problem_30_15.dat,HS problem 2585 size 30 15 density  0.60,30,15,30,30,1.199,solved,
Simonis,problem_30_15.dat,HS problem 2592 size 30 15 density  0.60,30,15,29,29,0.996,solved,
Simonis,problem_30_15.dat,HS problem 2598 size 30 15 density  0.60,30,15,29,29,0.763,solved,
Simonis,problem_30_15.dat,HS problem 2589 size 30 15 density  0.60,30,15,29,29,1.214,solved,
Simonis,problem_30_15.dat,HS problem 2591 size 30 15 density  0.60,30,15,29,29,1.174,solved,
Simonis,problem_30_15.dat,HS problem 2586 size 30 15 density  0.60,30,15,30,30,1.437,solved,
Simonis,problem_30_15.dat,HS problem 2590 size 30 15 density  0.60,30,15,30,30,1.291,solved,
Simonis,problem_30_15.dat,HS problem 2603 size 30 15 density  0.65,30,15,30,30,0.813,solved,
Simonis,problem_30_15.dat,HS problem 2584 size 30 15 density  0.60,30,15,30,30,1.588,solved,
Simonis,problem_30_15.dat,HS problem 2593 size 30 15 density  0.60,30,15,30,30,1.346,solved,
Simonis,problem_30_15.dat,HS problem 2601 size 30 15 density  0.65,30,15,30,30,0.974,solved,
Simonis,problem_30_15.dat,HS problem 2602 size 30 15 density  0.65,30,15,30,30,1.059,solved,
Simonis,problem_30_15.dat,HS problem 2596 size 30 15 density  0.60,30,15,30,30,1.406,solved,
Simonis,problem_30_15.dat,HS problem 2597 size 30 15 density  0.60,30,15,30,30,1.327,solved,
Simonis,problem_30_15.dat,HS problem 2599 size 30 15 density  0.60,30,15,30,30,1.34,solved,
Simonis,problem_30_15.dat,HS problem 2600 size 30 15 density  0.60,30,15,30,30,1.322,solved,
Simonis,problem_30_15.dat,HS problem 2606 size 30 15 density  0.65,30,15,30,30,1.081,solved,
Simonis,problem_30_15.dat,HS problem 2607 size 30 15 density  0.65,30,15,30,30,0.858,solved,
Simonis,problem_30_15.dat,HS problem 2594 size 30 15 density  0.60,30,15,30,30,1.688,solved,
Simonis,problem_30_15.dat,HS problem 2604 size 30 15 density  0.65,30,15,30,30,1.315,solved,
Simonis,problem_30_15.dat,HS problem 2608 size 30 15 density  0.65,30,15,29,29,0.975,solved,
Simonis,problem_30_15.dat,HS problem 2595 size 30 15 density  0.60,30,15,30,30,1.781,solved,
Simonis,problem_30_15.dat,HS problem 2605 size 30 15 density  0.65,30,15,30,30,1.355,solved,
Simonis,problem_30_15.dat,HS problem 2609 size 30 15 density  0.65,30,15,30,30,1.021,solved,
Simonis,problem_30_15.dat,HS problem 2610 size 30 15 density  0.65,30,15,30,30,1.001,solved,
Simonis,problem_30_15.dat,HS problem 2611 size 30 15 density  0.65,30,15,30,30,0.976,solved,
Simonis,problem_30_15.dat,HS problem 2612 size 30 15 density  0.65,30,15,30,30,1.118,solved,
Simonis,problem_30_15.dat,HS problem 2613 size 30 15 density  0.65,30,15,30,30,1.089,solved,
Simonis,problem_30_15.dat,HS problem 2614 size 30 15 density  0.65,30,15,30,30,1.016,solved,
Simonis,problem_30_15.dat,HS problem 2615 size 30 15 density  0.65,30,15,30,30,0.992,solved,
Simonis,problem_30_15.dat,HS problem 2616 size 30 15 density  0.65,30,15,30,30,0.972,solved,
Simonis,problem_30_15.dat,HS problem 2617 size 30 15 density  0.65,30,15,30,30,0.947,solved,
Simonis,problem_30_15.dat,HS problem 2618 size 30 15 density  0.65,30,15,30,30,0.929,solved,
Simonis,problem_30_15.dat,HS problem 2619 size 30 15 density  0.65,30,15,30,30,0.856,solved,
Simonis,problem_30_15.dat,HS problem 2621 size 30 15 density  0.70,30,15,30,30,0.759,solved,
Simonis,problem_30_15.dat,HS problem 2622 size 30 15 density  0.70,30,15,30,30,0.74,solved,
Simonis,problem_30_15.dat,HS problem 2620 size 30 15 density  0.65,30,15,30,30,1.104,solved,
Simonis,problem_30_15.dat,HS problem 2623 size 30 15 density  0.70,30,15,30,30,0.984,solved,
Simonis,problem_30_15.dat,HS problem 2624 size 30 15 density  0.70,30,15,30,30,0.914,solved,
Simonis,problem_30_15.dat,HS problem 2625 size 30 15 density  0.70,30,15,30,30,0.895,solved,
Simonis,problem_30_15.dat,HS problem 2626 size 30 15 density  0.70,30,15,30,30,0.878,solved,
Simonis,problem_30_15.dat,HS problem 2628 size 30 15 density  0.70,30,15,30,30,0.735,solved,
Simonis,problem_30_15.dat,HS problem 2632 size 30 15 density  0.70,30,15,30,30,0.596,solved,
Simonis,problem_30_15.dat,HS problem 2627 size 30 15 density  0.70,30,15,30,30,1.0,solved,
Simonis,problem_30_15.dat,HS problem 2629 size 30 15 density  0.70,30,15,30,30,0.902,solved,
Simonis,problem_30_15.dat,HS problem 2631 size 30 15 density  0.70,30,15,30,30,0.809,solved,
Simonis,problem_30_15.dat,HS problem 2633 size 30 15 density  0.70,30,15,30,30,0.87,solved,
Simonis,problem_30_15.dat,HS problem 2634 size 30 15 density  0.70,30,15,30,30,0.798,solved,
Simonis,problem_30_15.dat,HS problem 2636 size 30 15 density  0.70,30,15,30,30,0.839,solved,
Simonis,problem_30_15.dat,HS problem 2638 size 30 15 density  0.70,30,15,30,30,0.744,solved,
Simonis,problem_30_15.dat,HS problem 2630 size 30 15 density  0.70,30,15,29,29,1.108,solved,
Simonis,problem_30_15.dat,HS problem 2635 size 30 15 density  0.70,30,15,30,30,0.947,solved,
Simonis,problem_30_15.dat,HS problem 2639 size 30 15 density  0.70,30,15,30,30,0.893,solved,
Simonis,problem_30_15.dat,HS problem 2637 size 30 15 density  0.70,30,15,30,30,1.062,solved,
Simonis,problem_30_15.dat,HS problem 2640 size 30 15 density  0.70,30,15,30,30,1.061,solved,
Simonis,problem_30_30.dat,HS problem 3521 size 30 30 density  0.20,30,30,,,60.018,timeout,
Simonis,problem_30_30.dat,HS problem 3522 size 30 30 density  0.20,30,30,,,60.059,timeout,
Simonis,problem_30_30.dat,HS problem 3523 size 30 30 density  0.20,30,30,,,60.074,timeout,
Simonis,problem_30_30.dat,HS problem 3524 size 30 30 density  0.20,30,30,,,60.089,timeout,
Simonis,problem_30_30.dat,HS problem 3525 size 30 30 density  0.20,30,30,,,60.101,timeout,
Simonis,problem_30_30.dat,HS problem 3526 size 30 30 density  0.20,30,30,,,60.104,timeout,
Simonis,problem_30_30.dat,HS problem 3527 size 30 30 density  0.20,30,30,,,60.117,timeout,
Simonis,problem_30_30.dat,HS problem 3528 size 30 30 density  0.20,30,30,,,60.132,timeout,
Simonis,problem_30_30.dat,HS problem 3529 size 30 30 density  0.20,30,30,,,60.146,timeout,
Simonis,problem_30_30.dat,HS problem 3530 size 30 30 density  0.20,30,30,,,60.148,timeout,
Simonis,problem_30_30.dat,HS problem 3531 size 30 30 density  0.25,30,30,,,60.149,timeout,
Simonis,problem_30_30.dat,HS problem 3532 size 30 30 density  0.25,30,30,,,60.102,timeout,
Simonis,problem_30_30.dat,HS problem 3533 size 30 30 density  0.25,30,30,,,60.112,timeout,
Simonis,problem_30_30.dat,HS problem 3534 size 30 30 density  0.25,30,30,,,60.116,timeout,
Simonis,problem_30_30.dat,HS problem 3535 size 30 30 density  0.25,30,30,,,60.115,timeout,
Simonis,problem_30_30.dat,HS problem 3536 size 30 30 density  0.25,30,30,,,60.123,timeout,
Simonis,problem_30_30.dat,HS problem 3537 size 30 30 density  0.25,30,30,,,60.121,timeout,
Simonis,problem_30_30.dat,HS problem 3538 size 30 30 density  0.25,30,30,,,60.121,timeout,
Simonis,problem_30_30.dat,HS problem 3539 size 30 30 density  0.25,30,30,,,60.068,timeout,
Simonis,problem_30_30.dat,HS problem 3540 size 30 30 density  0.25,30,30,,,60.068,timeout,
Simonis,problem_30_30.dat,HS problem 3541 size 30 30 density  0.30,30,30,,,60.075,timeout,
Simonis,problem_30_30.dat,HS problem 3542 size 30 30 density  0.30,30,30,,,60.026,timeout,
Simonis,problem_30_30.dat,HS problem 3543 size 30 30 density  0.30,30,30,,,60.025,timeout,
Simonis,problem_30_30.dat,HS problem 3544 size 30 30 density  0.30,30,30,,,60.431,timeout,
Simonis,problem_30_30.dat,HS problem 3545 size 30 30 density  0.30,30,30,,,60.445,timeout,
Simonis,problem_30_30.dat,HS problem 3546 size 30 30 density  0.30,30,30,,,60.403,timeout,
Simonis,problem_30_30.dat,HS problem 3547 size 30 30 density  0.30,30,30,,,60.408,timeout,
Simonis,problem_30_30.dat,HS problem 3548 size 30 30 density  0.30,30,30,,,60.363,timeout,
Simonis,problem_30_30.dat,HS problem 3549 size 30 30 density  0.30,30,30,,,60.266,timeout,
Simonis,problem_30_30.dat,HS problem 3550 size 30 30 density  0.30,30,30,,,60.212,timeout,
Simonis,problem_30_30.dat,HS problem 3579 size 30 30 density  0.45,30,30,29,29,50.811,solved,
Simonis,problem_30_30.dat,HS problem 3551 size 30 30 density  0.35,30,30,,,60.004,timeout,
Simonis,problem_30_30.dat,HS problem 3552 size 30 30 density  0.35,30,30,,,60.017,timeout,
Simonis,problem_30_30.dat,HS problem 3553 size 30 30 density  0.35,30,30,,,60.048,timeout,
Simonis,problem_30_30.dat,HS problem 3554 size 30 30 density  0.35,30,30,,,60.067,timeout,
Simonis,problem_30_30.dat,HS problem 3555 size 30 30 density  0.35,30,30,,,60.073,timeout,
Simonis,problem_30_30.dat,HS problem 3556 size 30 30 density  0.35,30,30,,,60.089,timeout,
Simonis,problem_30_30.dat,HS problem 3557 size 30 30 density  0.35,30,30,,,60.103,timeout,
Simonis,problem_30_30.dat,HS problem 3558 size 30 30 density  0.35,30,30,,,60.117,timeout,
Simonis,problem_30_30.dat,HS problem 3559 size 30 30 density  0.35,30,30,,,60.122,timeout,
Simonis,problem_30_30.dat,HS problem 3560 size 30 30 density  0.35,30,30,,,60.136,timeout,
Simonis,problem_30_30.dat,HS problem 3561 size 30 30 density  0.40,30,30,,,60.146,timeout,
Simonis,problem_30_30.dat,HS problem 3562 size 30 30 density  0.40,30,30,,,60.15,timeout,
Simonis,problem_30_30.dat,HS problem 3563 size 30 30 density  0.40,30,30,,,60.151,timeout,
Simonis,problem_30_30.dat,HS problem 3564 size 30 30 density  0.40,30,30,,,60.154,timeout,
Simonis,problem_30_30.dat,HS problem 3565 size 30 30 density  0.40,30,30,,,60.159,timeout,
Simonis,problem_30_30.dat,HS problem 3566 size 30 30 density  0.40,30,30,,,60.166,timeout,
Simonis,problem_30_30.dat,HS problem 3567 size 30 30 density  0.40,30,30,,,60.165,timeout,
Simonis,problem_30_30.dat,HS problem 3568 size 30 30 density  0.40,30,30,,,60.167,timeout,
Simonis,problem_30_30.dat,HS problem 3569 size 30 30 density  0.40,30,30,,,60.165,timeout,
Simonis,problem_30_30.dat,HS problem 3570 size 30 30 density  0.40,30,30,,,60.166,timeout,
Simonis,problem_30_30.dat,HS problem 3571 size 30 30 density  0.45,30,30,,,60.166,timeout,
Simonis,problem_30_30.dat,HS problem 3572 size 30 30 density  0.45,30,30,,,60.165,timeout,
Simonis,problem_30_30.dat,HS problem 3573 size 30 30 density  0.45,30,30,,,60.165,timeout,
Simonis,problem_30_30.dat,HS problem 3574 size 30 30 density  0.45,30,30,,,60.412,timeout,
Simonis,problem_30_30.dat,HS problem 3575 size 30 30 density  0.45,30,30,,,60.418,timeout,
Simonis,problem_30_30.dat,HS problem 3576 size 30 30 density  0.45,30,30,,,60.426,timeout,
Simonis,problem_30_30.dat,HS problem 3577 size 30 30 density  0.45,30,30,,,60.428,timeout,
Simonis,problem_30_30.dat,HS problem 3578 size 30 30 density  0.45,30,30,,,60.434,timeout,
Simonis,problem_30_30.dat,HS problem 3580 size 30 30 density  0.45,30,30,,,60.431,timeout,
Simonis,problem_30_30.dat,HS problem 3608 size 30 30 density  0.60,30,30,30,30,8.743,solved,
Simonis,problem_30_30.dat,HS problem 3603 size 30 30 density  0.60,30,30,30,30,10.175,solved,
Simonis,problem_30_30.dat,HS problem 3606 size 30 30 density  0.60,30,30,30,30,10.435,solved,
Simonis,problem_30_30.dat,HS problem 3604 size 30 30 density  0.60,30,30,30,30,11.302,solved,
Simonis,problem_30_30.dat,HS problem 3609 size 30 30 density  0.60,30,30,30,30,11.667,solved,
Simonis,problem_30_30.dat,HS problem 3594 size 30 30 density  0.55,30,30,30,30,14.249,solved,
Simonis,problem_30_30.dat,HS problem 3598 size 30 30 density  0.55,30,30,30,30,15.145,solved,
Simonis,problem_30_30.dat,HS problem 3611 size 30 30 density  0.65,30,30,30,30,7.631,solved,
Simonis,problem_30_30.dat,HS problem 3610 size 30 30 density  0.60,30,30,30,30,17.764,solved,
Simonis,problem_30_30.dat,HS problem 3614 size 30 30 density  0.65,30,30,30,30,8.315,solved,
Simonis,problem_30_30.dat,HS problem 3613 size 30 30 density  0.65,30,30,30,30,9.566,solved,
Simonis,problem_30_30.dat,HS problem 3612 size 30 30 density  0.65,30,30,30,30,11.014,solved,
Simonis,problem_30_30.dat,HS problem 3618 size 30 30 density  0.65,30,30,30,30,5.48,solved,
Simonis,problem_30_30.dat,HS problem 3616 size 30 30 density  0.65,30,30,30,30,8.612,solved,
Simonis,problem_30_30.dat,HS problem 3615 size 30 30 density  0.65,30,30,30,30,12.872,solved,
Simonis,problem_30_30.dat,HS problem 3621 size 30 30 density  0.70,30,30,30,30,6.435,solved,
Simonis,problem_30_30.dat,HS problem 3622 size 30 30 density  0.70,30,30,30,30,6.836,solved,
Simonis,problem_30_30.dat,HS problem 3600 size 30 30 density  0.55,30,30,30,30,28.701,solved,
Simonis,problem_30_30.dat,HS problem 3592 size 30 30 density  0.55,30,30,30,30,29.032,solved,
Simonis,problem_30_30.dat,HS problem 3624 size 30 30 density  0.70,30,30,30,30,6.758,solved,
Simonis,problem_30_30.dat,HS problem 3623 size 30 30 density  0.70,30,30,30,30,7.811,solved,
Simonis,problem_30_30.dat,HS problem 3619 size 30 30 density  0.65,30,30,30,30,12.843,solved,
Simonis,problem_30_30.dat,HS problem 3625 size 30 30 density  0.70,30,30,30,30,6.51,solved,
Simonis,problem_30_30.dat,HS problem 3607 size 30 30 density  0.60,30,30,30,30,31.475,solved,
Simonis,problem_30_30.dat,HS problem 3617 size 30 30 density  0.65,30,30,30,30,17.732,solved,
Simonis,problem_30_30.dat,HS problem 3627 size 30 30 density  0.70,30,30,30,30,4.925,solved,
Simonis,problem_30_30.dat,HS problem 3626 size 30 30 density  0.70,30,30,30,30,7.027,solved,
Simonis,problem_30_30.dat,HS problem 3630 size 30 30 density  0.70,30,30,30,30,6.059,solved,
Simonis,problem_30_30.dat,HS problem 3599 size 30 30 density  0.55,30,30,30,30,37.669,solved,
Simonis,problem_30_30.dat,HS problem 3628 size 30 30 density  0.70,30,30,30,30,9.225,solved,
Simonis,problem_30_30.dat,HS problem 3629 size 30 30 density  0.70,30,30,30,30,10.181,solved,
Simonis,problem_30_30.dat,HS problem 3589 size 30 30 density  0.50,30,30,30,30,39.955,solved,
Simonis,problem_30_30.dat,HS problem 3590 size 30 30 density  0.50,30,30,30,30,40.461,solved,
Simonis,problem_30_30.dat,HS problem 3596 size 30 30 density  0.55,30,30,30,30,40.714,solved,
Simonis,problem_30_30.dat,HS problem 3593 size 30 30 density  0.55,30,30,30,30,41.194,solved,
Simonis,problem_30_30.dat,HS problem 3605 size 30 30 density  0.60,30,30,30,30,41.386,solved,
Simonis,problem_30_30.dat,HS problem 3595 size 30 30 density  0.55,30,30,30,30,42.306,solved,
Simonis,problem_30_30.dat,HS problem 3597 size 30 30 density  0.55,30,30,30,30,43.089,solved,
Simonis,problem_30_30.dat,HS problem 3583 size 30 30 density  0.50,30,30,30,30,43.968,solved,
Simonis,problem_30_30.dat,HS problem 3581 size 30 30 density  0.50,30,30,30,30,53.784,solved,
Simonis,problem_30_30.dat,HS problem 3587 size 30 30 density  0.50,30,30,30,30,45.402,solved,
Simonis,problem_30_30.dat,HS problem 3620 size 30 30 density  0.65,30,30,30,30,29.351,solved,
Simonis,problem_40_20.dat,HS problem 3412 size 40 20 density  0.20,40,20,25,25,18.104,solved,
Simonis,problem_40_20.dat,HS problem 3411 size 40 20 density  0.20,40,20,30,30,20.667,solved,
Simonis,problem_30_30.dat,HS problem 3585 size 30 30 density  0.50,30,30,30,30,53.42,solved,
Simonis,problem_40_20.dat,HS problem 3420 size 40 20 density  0.20,40,20,25,25,16.334,solved,
Simonis,problem_30_30.dat,HS problem 3582 size 30 30 density  0.50,30,30,,,60.046,timeout,
Simonis,problem_40_20.dat,HS problem 3413 size 40 20 density  0.20,40,20,25,25,27.783,solved,
Simonis,problem_30_30.dat,HS problem 3584 size 30 30 density  0.50,30,30,,,60.044,timeout,
Simonis,problem_30_30.dat,HS problem 3586 size 30 30 density  0.50,30,30,,,60.044,timeout,
Simonis,problem_30_30.dat,HS problem 3588 size 30 30 density  0.50,30,30,,,60.045,timeout,
Simonis,problem_30_30.dat,HS problem 3591 size 30 30 density  0.55,30,30,,,60.025,timeout,
Simonis,problem_30_30.dat,HS problem 3601 size 30 30 density  0.60,30,30,,,60.01,timeout,
Simonis,problem_30_30.dat,HS problem 3602 size 30 30 density  0.60,30,30,,,60.015,timeout,
Simonis,problem_40_20.dat,HS problem 3417 size 40 20 density  0.20,40,20,25,25,28.103,solved,
Simonis,problem_40_20.dat,HS problem 3421 size 40 20 density  0.25,40,20,32,32,23.267,solved,
Simonis,problem_40_20.dat,HS problem 3414 size 40 20 density  0.20,40,20,25,25,34.953,solved,
Simonis,problem_40_20.dat,HS problem 3429 size 40 20 density  0.25,40,20,29,29,26.062,solved,
Simonis,problem_40_20.dat,HS problem 3424 size 40 20 density  0.25,40,20,28,28,29.201,solved,
Simonis,problem_40_20.dat,HS problem 3423 size 40 20 density  0.25,40,20,33,33,31.158,solved,
Simonis,problem_40_20.dat,HS problem 3422 size 40 20 density  0.25,40,20,28,28,33.211,solved,
Simonis,problem_40_20.dat,HS problem 3419 size 40 20 density  0.20,40,20,28,28,35.471,solved,
Simonis,problem_40_20.dat,HS problem 3432 size 40 20 density  0.30,40,20,33,33,26.599,solved,
Simonis,problem_40_20.dat,HS problem 3434 size 40 20 density  0.30,40,20,34,34,26.479,solved,
Simonis,problem_40_20.dat,HS problem 3444 size 40 20 density  0.35,40,20,35,35,17.497,solved,
Simonis,problem_40_20.dat,HS problem 3415 size 40 20 density  0.20,40,20,27,27,44.781,solved,
Simonis,problem_40_20.dat,HS problem 3439 size 40 20 density  0.30,40,20,35,35,18.866,solved,
Simonis,problem_40_20.dat,HS problem 3418 size 40 20 density  0.20,40,20,27,27,44.16,solved,
Simonis,problem_40_20.dat,HS problem 3436 size 40 20 density  0.30,40,20,32,32,26.835,solved,
Simonis,problem_40_20.dat,HS problem 3426 size 40 20 density  0.25,40,20,31,31,39.59,solved,
Simonis,problem_40_20.dat,HS problem 3428 size 40 20 density  0.25,40,20,30,30,38.315,solved,
Simonis,problem_40_20.dat,HS problem 3433 size 40 20 density  0.30,40,20,35,35,32.251,solved,
Simonis,problem_40_20.dat,HS problem 3435 size 40 20 density  0.30,40,20,32,32,28.76,solved,
Simonis,problem_40_20.dat,HS problem 3443 size 40 20 density  0.35,40,20,34,34,22.034,solved,
Simonis,problem_40_20.dat,HS problem 3437 size 40 20 density  0.30,40,20,34,34,23.909,solved,
Simonis,problem_40_20.dat,HS problem 3446 size 40 20 density  0.35,40,20,36,36,20.074,solved,
Simonis,problem_40_20.dat,HS problem 3431 size 40 20 density  0.30,40,20,34,34,37.697,solved,
Simonis,problem_40_20.dat,HS problem 3442 size 40 20 density  0.35,40,20,35,35,23.423,solved,
Simonis,problem_40_20.dat,HS problem 3416 size 40 20 density  0.20,40,20,24,24,50.389,solved,
Simonis,problem_40_20.dat,HS problem 3425 size 40 20 density  0.25,40,20,31,31,42.814,solved,
Simonis,problem_40_20.dat,HS problem 3438 size 40 20 density  0.30,40,20,33,33,24.623,solved,
Simonis,problem_40_20.dat,HS problem 3445 size 40 20 density  0.35,40,20,38,38,23.233,solved,
Simonis,problem_40_20.dat,HS problem 3440 size 40 20 density  0.30,40,20,31,31,25.59,solved,
Simonis,problem_40_20.dat,HS problem 3427 size 40 20 density  0.25,40,20,31,31,46.319,solved,
Simonis,problem_40_20.dat,HS problem 3451 size 40 20 density  0.40,40,20,38,38,16.053,solved,
Simonis,problem_40_20.dat,HS problem 3441 size 40 20 density  0.35,40,20,37,37,29.205,solved,
Simonis,problem_40_20.dat,HS problem 3454 size 40 20 density  0.40,40,20,36,36,15.439,solved,
Simonis,problem_40_20.dat,HS problem 3448 size 40 20 density  0.35,40,20,36,36,23.736,solved,
Simonis,problem_40_20.dat,HS problem 3450 size 40 20 density  0.35,40,20,34,34,22.108,solved,
Simonis,problem_40_20.dat,HS problem 3453 size 40 20 density  0.40,40,20,36,36,18.161,solved,
Simonis,problem_40_20.dat,HS problem 3466 size 40 20 density  0.45,40,20,38,38,11.708,solved,
Simonis,problem_40_20.dat,HS problem 3456 size 40 20 density  0.40,40,20,38,38,16.634,solved,
Simonis,problem_40_20.dat,HS problem 3447 size 40 20 density  0.35,40,20,35,35,27.812,solved,
Simonis,problem_40_20.dat,HS problem 3452 size 40 20 density  0.40,40,20,36,36,22.184,solved,
Simonis,problem_40_20.dat,HS problem 3471 size 40 20 density  0.50,40,20,39,39,11.832,solved,
Simonis,problem_40_20.dat,HS problem 3464 size 40 20 density  0.45,40,20,38,38,15.033,solved,
Simonis,problem_40_20.dat,HS problem 3473 size 40 20 density  0.50,40,20,40,40,11.735,solved,
Simonis,problem_40_20.dat,HS problem 3470 size 40 20 density  0.45,40,20,38,38,13.677,solved,
Simonis,problem_40_20.dat,HS problem 3463 size 40 20 density  0.45,40,20,38,38,15.878,solved,
Simonis,problem_40_20.dat,HS problem 3468 size 40 20 density  0.45,40,20,39,39,14.973,solved,
Simonis,problem_40_20.dat,HS problem 3469 size 40 20 density  0.45,40,20,38,38,16.078,solved,
Simonis,problem_40_20.dat,HS problem 3475 size 40 20 density  0.50,40,20,39,39,12.31,solved,
Simonis,problem_40_20.dat,HS problem 3465 size 40 20 density  0.45,40,20,38,38,19.589,solved,
Simonis,problem_40_20.dat,HS problem 3460 size 40 20 density  0.40,40,20,36,36,21.494,solved,
Simonis,problem_40_20.dat,HS problem 3461 size 40 20 density  0.45,40,20,38,38,21.65,solved,
Simonis,problem_40_20.dat,HS problem 3481 size 40 20 density  0.55,40,20,40,40,9.036,solved,
Simonis,problem_40_20.dat,HS problem 3457 size 40 20 density  0.40,40,20,37,37,24.745,solved,
Simonis,problem_40_20.dat,HS problem 3483 size 40 20 density  0.55,40,20,40,40,9.191,solved,
Simonis,problem_40_20.dat,HS problem 3484 size 40 20 density  0.55,40,20,40,40,8.538,solved,
Simonis,problem_40_20.dat,HS problem 3488 size 40 20 density  0.55,40,20,40,40,6.361,solved,
Simonis,problem_40_20.dat,HS problem 3482 size 40 20 density  0.55,40,20,40,40,9.675,solved,
Simonis,problem_40_20.dat,HS problem 3430 size 40 20 density  0.25,40,20,,,60.029,timeout,
Simonis,problem_40_20.dat,HS problem 3467 size 40 20 density  0.45,40,20,39,39,21.705,solved,
Simonis,problem_40_20.dat,HS problem 3485 size 40 20 density  0.55,40,20,40,40,8.678,solved,
Simonis,problem_40_20.dat,HS problem 3472 size 40 20 density  0.50,40,20,39,39,19.333,solved,
Simonis,problem_40_20.dat,HS problem 3487 size 40 20 density  0.55,40,20,39,39,7.702,solved,
Simonis,problem_40_20.dat,HS problem 3478 size 40 20 density  0.50,40,20,39,39,12.201,solved,
Simonis,problem_40_20.dat,HS problem 3486 size 40 20 density  0.55,40,20,40,40,8.678,solved,
Simonis,problem_40_20.dat,HS problem 3480 size 40 20 density  0.50,40,20,39,39,11.994,solved,
Simonis,problem_40_20.dat,HS problem 3491 size 40 20 density  0.60,40,20,40,40,6.599,solved,
Simonis,problem_40_20.dat,HS problem 3489 size 40 20 density  0.55,40,20,40,40,9.376,solved,
Simonis,problem_40_20.dat,HS problem 3477 size 40 20 density  0.50,40,20,40,40,15.056,solved,
Simonis,problem_40_20.dat,HS problem 3492 size 40 20 density  0.60,40,20,40,40,7.645,solved,
Simonis,problem_40_20.dat,HS problem 3504 size 40 20 density  0.65,40,20,40,40,5.305,solved,
Simonis,problem_40_20.dat,HS problem 3494 size 40 20 density  0.60,40,20,40,40,7.495,solved,
Simonis,problem_40_20.dat,HS problem 3507 size 40 20 density  0.65,40,20,40,40,4.561,solved,
Simonis,problem_40_20.dat,HS problem 3462 size 40 20 density  0.45,40,20,39,39,29.089,solved,
Simonis,problem_40_20.dat,HS problem 3501 size 40 20 density  0.65,40,20,40,40,6.548,solved,
Simonis,problem_40_20.dat,HS problem 3506 size 40 20 density  0.65,40,20,40,40,5.769,solved,
Simonis,problem_40_20.dat,HS problem 3458 size 40 20 density  0.40,40,20,38,38,31.095,solved,
Simonis,problem_40_20.dat,HS problem 3502 size 40 20 density  0.65,40,20,40,40,6.556,solved,
Simonis,problem_40_20.dat,HS problem 3505 size 40 20 density  0.65,40,20,40,40,6.509,solved,
Simonis,problem_40_20.dat,HS problem 3508 size 40 20 density  0.65,40,20,40,40,5.403,solved,
Simonis,problem_40_20.dat,HS problem 3493 size 40 20 density  0.60,40,20,40,40,9.279,solved,
Simonis,problem_40_20.dat,HS problem 3490 size 40 20 density  0.55,40,20,39,39,13.087,solved,
Simonis,problem_40_20.dat,HS problem 3503 size 40 20 density  0.65,40,20,40,40,7.363,solved,
Simonis,problem_40_20.dat,HS problem 3497 size 40 20 density  0.60,40,20,40,40,8.545,solved,
Simonis,problem_40_20.dat,HS problem 3499 size 40 20 density  0.60,40,20,40,40,8.567,solved,
Simonis,problem_40_20.dat,HS problem 3511 size 40 20 density  0.70,40,20,40,40,5.26,solved,
Simonis,problem_40_20.dat,HS problem 3510 size 40 20 density  0.65,40,20,40,40,6.276,solved,
Simonis,problem_40_20.dat,HS problem 3512 size 40 20 density  0.70,40,20,40,40,4.626,solved,
Simonis,problem_40_20.dat,HS problem 3479 size 40 20 density  0.50,40,20,40,40,19.775,solved,
Simonis,problem_40_20.dat,HS problem 3495 size 40 20 density  0.60,40,20,40,40,10.376,solved,
Simonis,problem_40_20.dat,HS problem 3514 size 40 20 density  0.70,40,20,40,40,3.805,solved,
Simonis,problem_40_20.dat,HS problem 3509 size 40 20 density  0.65,40,20,40,40,7.86,solved,
Simonis,problem_40_20.dat,HS problem 3496 size 40 20 density  0.60,40,20,40,40,10.671,solved,
Simonis,problem_40_20.dat,HS problem 3519 size 40 20 density  0.70,40,20,40,40,3.659,solved,
Wilson,nwrsSmaller4.txt,NWRS1 10 customers  20 products,10,20,3,3,1.21,solved,
Simonis,problem_40_20.dat,HS problem 3498 size 40 20 density  0.60,40,20,40,40,10.98,solved,
Simonis,problem_40_20.dat,HS problem 3474 size 40 20 density  0.50,40,20,39,39,26.392,solved,
Simonis,problem_40_20.dat,HS problem 3513 size 40 20 density  0.70,40,20,40,40,5.813,solved,
Wilson,sp4.txt,SP2,50,50,19,19,0.187,solved,
Wilson,nwrsSmaller4.txt,NWRS2 10 customers  20 products,10,20,4,4,1.202,solved,
Simonis,problem_40_20.dat,HS problem 3517 size 40 20 density  0.70,40,20,40,40,4.905,solved,
Simonis,problem_40_20.dat,HS problem 3500 size 40 20 density  0.60,40,20,40,40,11.622,solved,
Simonis,problem_40_20.dat,HS problem 3518 size 40 20 density  0.70,40,20,40,40,5.071,solved,
Simonis,problem_40_20.dat,HS problem 3515 size 40 20 density  0.70,40,20,40,40,5.462,solved,
Simonis,problem_40_20.dat,HS problem 3520 size 40 20 density  0.70,40,20,40,40,4.873,solved,
Wilson,nwrsSmaller4.txt,NWRS3 15 customers  25 products,15,25,7,7,2.199,solved,
Wilson,nwrsSmaller4.txt,NWRS4 15 customers  25 products,15,25,7,7,3.197,solved,
Wilson,sp4.txt,SP1,25,25,9,9,3.046,solved,
Simonis,problem_40_20.dat,HS problem 3516 size 40 20 density  0.70,40,20,40,40,7.34,solved,
Challenge,NWRS1.txt,NWRS1_0,10,20,3,3,1.264,solved,
Wilson,nrwsLarger4.txt,NWRS5  20 customers  30 products,20,30,12,12,6.19,solved,
Challenge,NWRS2.txt,NWRS2_0,10,20,4,4,1.483,solved,
Wilson,nrwsLarger4.txt,NWRS6  20 customers  30 products,20,30,12,12,6.702,solved,
Simonis,problem_40_20.dat,HS problem 3455 size 40 20 density  0.40,40,20,38,38,41.973,solved,
Challenge,NWRS3.txt,NWRS3_0,15,25,7,7,2.482,solved,
Challenge,NWRS4.txt,NWRS4_0,15,25,7,7,2.83,solved,
Simonis,problem_40_20.dat,HS problem 3459 size 40 20 density  0.40,40,20,39,39,41.706,solved,
Challenge,SP1.txt,SP1_0,25,25,9,9,3.274,solved,
Challenge,NWRS5.txt,NWRS5_0,20,30,12,12,6.439,solved,
Wilson,gp50by50.txt,"GP1:  50 customers,  50 products,  high path width",50,50,45,45,14.196,solved,
Simonis,problem_40_20.dat,HS problem 3449 size 40 20 density  0.35,40,20,36,36,56.277,solved,
Challenge,NWRS6.txt,NWRS6_0,20,30,12,12,7.396,solved,
Wilson,gp50by50.txt,"GP4:  50 customers,  50 products,  low path width",50,50,30,30,16.258,solved,
Challenge,Shaw1.txt,Shaw1_0,20,20,14,14,4.136,solved,
Challenge,Shaw10.txt,Shaw10_0,20,20,13,13,3.932,solved,
Challenge,GP1.txt,GP1_0,50,50,45,45,15.002,solved,
Challenge,Shaw12.txt,Shaw12_0,20,20,13,13,3.432,solved,
Challenge,Shaw11.txt,Shaw11_0,20,20,15,15,5.228,solved,
Challenge,Shaw13.txt,Shaw13_0,20,20,13,13,3.246,solved,
Challenge,Shaw14.txt,Shaw14_0,20,20,14,14,3.746,solved,
Challenge,Shaw15.txt,Shaw15_0,20,20,14,14,4.155,solved,
Wilson,gp50by50.txt,"GP3:  50 customers,  50 products,  medium path width",50,50,40,40,21.86,solved,
Simonis,problem_40_20.dat,HS problem 3476 size 40 20 density  0.50,40,20,40,40,45.247,solved,
Wilson,nrwsLarger4.txt,NWRS7 25 customers  60 products,25,60,10,10,21.928,solved,
Challenge,Shaw16.txt,Shaw16_0,20,20,14,14,4.782,solved,
Challenge,GP4.txt,GP4_0,50,50,30,30,19.686,solved,
Challenge,Shaw18.txt,Shaw18_0,20,20,14,14,4.027,solved,
Challenge,NWRS7.txt,NWRS7_0,25,59,10,10,16.235,solved,
Challenge,GP3.txt,GP3_0,50,50,40,40,21.015,solved,
Challenge,Shaw2.txt,Shaw2_0,20,20,12,12,3.537,solved,
Challenge,Shaw21.txt,Shaw21_0,20,20,12,12,2.858,solved,
Challenge,Shaw19.txt,Shaw19_0,20,20,14,14,5.014,solved,
Challenge,Shaw20.txt,Shaw20_0,20,20,14,14,3.838,solved,
Wilson,gp50by50.txt,"GP2:  50 customers,  50 products,  medium path width",50,50,40,40,26.07,solved,
Challenge,Shaw23.txt,Shaw23_0,20,20,14,14,3.503,solved,
Challenge,Shaw22.txt,Shaw22_0,20,20,14,14,4.397,solved,
Challenge,Shaw25.txt,Shaw25_0,20,20,14,14,3.523,solved,
Challenge,Shaw17.txt,Shaw17_0,20,20,15,15,8.947,solved,
Challenge,Shaw3.txt,Shaw3_0,20,20,14,14,3.544,solved,
Challenge,Shaw4.txt,Shaw4_0,20,20,13,13,3.509,solved,
Challenge,Shaw24.txt,Shaw24_0,20,20,14,14,4.696,solved,
Challenge,Shaw7.txt,Shaw7_0,20,20,13,13,3.693,solved,
Challenge,Shaw5.txt,Shaw5_0,20,20,14,14,4.557,solved,
Challenge,Shaw6.txt,Shaw6_0,20,20,14,14,4.713,solved,
Challenge,Shaw8.txt,Shaw8_0,20,20,14,14,4.439,solved,
Challenge,Shaw9.txt,Shaw9_0,20,20,13,13,3.879,solved,
Challenge,GP2.txt,GP2_0,50,50,40,40,34.127,solved,
Wilson,gp100by100.txt,"GP5:  100 customers,  100 products,  high path width",100,100,,,60.039,timeout,
Wilson,gp100by100.txt,"GP6:  100 customers,  100 products,  medium path width",100,100,,,60.053,timeout,
Wilson,gp100by100.txt,"GP7:  100 customers,  100 products,  medium path width",100,100,,,60.08,timeout,
Wilson,gp100by100.txt,"GP8:  100 customers,  100 products,  low path width",100,100,,,60.093,timeout,
Wilson,nrwsLarger4.txt,NWRS8 randomised 25 customers  60 products,25,60,,,60.016,timeout,
Wilson,sp4.txt,SP3,75,75,,,60.008,timeout,
Wilson,sp4.txt,SP4,100,100,,,60.073,timeout,
Challenge,GP5.txt,GP5_0,100,100,,,60.049,timeout,
Challenge,GP6.txt,GP6_0,100,100,,,60.027,timeout,
Challenge,GP7.txt,GP7_0,100,100,,,60.012,timeout,
Challenge,GP8.txt,GP8_0,100,100,,,60.116,timeout,
Challenge,Miller.txt,Miller_0,20,40,,,60.055,timeout,
Challenge,NWRS8.txt,NWRS8_0,25,59,,,60.016,timeout,
Challenge,SP2.txt,SP2_0,50,50,,,60.036,timeout,
Challenge,SP3.txt,SP3_0,75,75,,,60.025,timeout,
Challenge,SP4.txt,SP4_0,100,100,,,60.021,timeout,
Chu_Stuckey,Random-100-100-10-1.txt,Random-100-100-10-1_0,100,100,,,60.022,timeout,
Chu_Stuckey,Random-100-100-10-2.txt,Random-100-100-10-2_0,100,100,,,60.01,timeout,
Chu_Stuckey,Random-100-100-10-3.txt,Random-100-100-10-3_0,100,100,,,60.044,timeout,
Chu_Stuckey,Random-100-100-10-4.txt,Random-100-100-10-4_0,100,100,,,60.073,timeout,
Chu_Stuckey,Random-100-100-10-5.txt,Random-100-100-10-5_0,100,100,,,60.005,timeout,
Chu_Stuckey,Random-100-100-2-1.txt,Random-100-100-2-1_0,100,100,,,60.042,timeout,
Chu_Stuckey,Random-100-100-2-2.txt,Random-100-100-2-2_0,100,100,,,60.048,timeout,
Chu_Stuckey,Random-100-100-2-3.txt,Random-100-100-2-3_0,100,100,,,60.008,timeout,
Chu_Stuckey,Random-100-100-2-4.txt,Random-100-100-2-4_0,100,100,,,60.001,timeout,
Chu_Stuckey,Random-100-100-2-5.txt,Random-100-100-2-5_0,100,100,,,60.059,timeout,
Chu_Stuckey,Random-100-100-4-1.txt,Random-100-100-4-1_0,100,100,,,60.044,timeout,
Chu_Stuckey,Random-100-100-4-2.txt,Random-100-100-4-2_0,100,100,,,60.021,timeout,
Chu_Stuckey,Random-100-100-4-3.txt,Random-100-100-4-3_0,100,100,,,60.098,timeout,
Chu_Stuckey,Random-100-100-4-4.txt,Random-100-100-4-4_0,100,100,,,60.014,timeout,
Chu_Stuckey,Random-100-100-4-5.txt,Random-100-100-4-5_0,100,100,,,60.019,timeout,
Chu_Stuckey,Random-100-100-6-1.txt,Random-100-100-6-1_0,100,100,,,60.018,timeout,
Chu_Stuckey,Random-100-100-6-2.txt,Random-100-100-6-2_0,100,100,,,60.044,timeout,
Chu_Stuckey,Random-100-100-6-3.txt,Random-100-100-6-3_0,100,100,,,60.063,timeout,
Chu_Stuckey,Random-100-100-6-4.txt,Random-100-100-6-4_0,100,100,,,60.004,timeout,
Chu_Stuckey,Random-100-100-6-5.txt,Random-100-100-6-5_0,100,100,,,60.007,timeout,
Chu_Stuckey,Random-100-100-8-1.txt,Random-100-100-8-1_0,100,100,,,60.015,timeout,
Chu_Stuckey,Random-100-100-8-2.txt,Random-100-100-8-2_0,100,100,,,60.033,timeout,
Chu_Stuckey,Random-100-100-8-3.txt,Random-100-100-8-3_0,100,100,,,60.054,timeout,
Chu_Stuckey,Random-100-100-8-4.txt,Random-100-100-8-4_0,100,100,,,60.078,timeout,
Chu_Stuckey,Random-100-100-8-5.txt,Random-100-100-8-5_0,100,100,,,60.102,timeout,
Chu_Stuckey,Random-100-50-10-1.txt,Random-100-50-10-1_0,100,50,,,60.052,timeout,
Chu_Stuckey,Random-100-50-10-2.txt,Random-100-50-10-2_0,100,50,,,60.037,timeout,
Chu_Stuckey,Random-100-50-10-3.txt,Random-100-50-10-3_0,100,50,,,60.035,timeout,
Chu_Stuckey,Random-100-50-10-4.txt,Random-100-50-10-4_0,100,50,,,60.035,timeout,
Chu_Stuckey,Random-100-50-10-5.txt,Random-100-50-10-5_0,100,50,,,60.029,timeout,
Chu_Stuckey,Random-100-50-2-1.txt,Random-100-50-2-1_0,100,50,,,60.042,timeout,
Chu_Stuckey,Random-100-50-2-2.txt,Random-100-50-2-2_0,100,50,,,60.045,timeout,
Chu_Stuckey,Random-100-50-2-3.txt,Random-100-50-2-3_0,100,50,,,60.011,timeout,
Chu_Stuckey,Random-100-50-2-4.txt,Random-100-50-2-4_0,100,50,,,60.017,timeout,
Chu_Stuckey,Random-100-50-2-5.txt,Random-100-50-2-5_0,100,50,,,60.044,timeout,
Chu_Stuckey,Random-100-50-4-1.txt,Random-100-50-4-1_0,100,50,,,60.058,timeout,
Chu_Stuckey,Random-100-50-4-2.txt,Random-100-50-4-2_0,100,50,,,60.069,timeout,
Chu_Stuckey,Random-100-50-4-3.txt,Random-100-50-4-3_0,100,50,,,60.011,timeout,
Chu_Stuckey,Random-100-50-4-4.txt,Random-100-50-4-4_0,100,50,,,60.041,timeout,
Chu_Stuckey,Random-100-50-4-5.txt,Random-100-50-4-5_0,100,50,,,60.043,timeout,
Chu_Stuckey,Random-100-50-6-1.txt,Random-100-50-6-1_0,100,50,,,60.033,timeout,
Chu_Stuckey,Random-100-50-6-2.txt,Random-100-50-6-2_0,100,50,,,60.042,timeout,
Chu_Stuckey,Random-100-50-6-3.txt,Random-100-50-6-3_0,100,50,,,60.042,timeout,
Chu_Stuckey,Random-100-50-6-4.txt,Random-100-50-6-4_0,100,50,,,60.016,timeout,
Chu_Stuckey,Random-100-50-6-5.txt,Random-100-50-6-5_0,100,50,,,60.041,timeout,
Chu_Stuckey,Random-100-50-8-1.txt,Random-100-50-8-1_0,100,50,,,60.026,timeout,
Chu_Stuckey,Random-100-50-8-2.txt,Random-100-50-8-2_0,100,50,,,60.04,timeout,
Chu_Stuckey,Random-100-50-8-3.txt,Random-100-50-8-3_0,100,50,,,60.051,timeout,
Chu_Stuckey,Random-100-50-8-4.txt,Random-100-50-8-4_0,100,50,,,60.012,timeout,
Chu_Stuckey,Random-100-50-8-5.txt,Random-100-50-8-5_0,100,50,,,60.031,timeout,
Chu_Stuckey,Random-125-125-10-1.txt,Random-125-125-10-1_0,125,125,,,60.042,timeout,
Chu_Stuckey,Random-125-125-10-2.txt,Random-125-125-10-2_0,125,125,,,60.029,timeout,
Chu_Stuckey,Random-125-125-10-3.txt,Random-125-125-10-3_0,125,125,,,60.059,timeout,
Chu_Stuckey,Random-125-125-10-4.txt,Random-125-125-10-4_0,125,125,,,60.096,timeout,
Chu_Stuckey,Random-125-125-10-5.txt,Random-125-125-10-5_0,125,125,,,60.057,timeout,
Chu_Stuckey,Random-125-125-2-1.txt,Random-125-125-2-1_0,125,125,,,60.1,timeout,
Chu_Stuckey,Random-125-125-2-2.txt,Random-125-125-2-2_0,125,125,,,60.002,timeout,
Chu_Stuckey,Random-125-125-2-3.txt,Random-125-125-2-3_0,125,125,,,60.014,timeout,
Chu_Stuckey,Random-125-125-2-4.txt,Random-125-125-2-4_0,125,125,,,60.012,timeout,
Chu_Stuckey,Random-125-125-2-5.txt,Random-125-125-2-5_0,125,125,,,60.036,timeout,
Chu_Stuckey,Random-30-30-2-2.txt,Random-30-30-2-2_0,30,30,8,8,7.762,solved,
Chu_Stuckey,Random-30-30-2-5.txt,Random-30-30-2-5_0,30,30,8,8,16.572,solved,
Chu_Stuckey,Random-30-30-2-3.txt,Random-30-30-2-3_0,30,30,9,9,20.799,solved,
Chu_Stuckey,Random-125-125-4-1.txt,Random-125-125-4-1_0,125,125,,,60.039,timeout,
Chu_Stuckey,Random-125-125-4-2.txt,Random-125-125-4-2_0,125,125,,,60.089,timeout,
Chu_Stuckey,Random-125-125-4-3.txt,Random-125-125-4-3_0,125,125,,,60.014,timeout,
Chu_Stuckey,Random-125-125-4-4.txt,Random-125-125-4-4_0,125,125,,,60.046,timeout,
Chu_Stuckey,Random-125-125-4-5.txt,Random-125-125-4-5_0,125,125,,,60.02,timeout,
Chu_Stuckey,Random-125-125-6-1.txt,Random-125-125-6-1_0,125,125,,,60.076,timeout,
Chu_Stuckey,Random-125-125-6-2.txt,Random-125-125-6-2_0,125,125,,,60.013,timeout,
Chu_Stuckey,Random-30-30-2-1.txt,Random-30-30-2-1_0,30,30,9,9,24.369,solved,
Chu_Stuckey,Random-125-125-6-3.txt,Random-125-125-6-3_0,125,125,,,60.037,timeout,
Chu_Stuckey,Random-30-30-2-4.txt,Random-30-30-2-4_0,30,30,9,9,23.681,solved,
Chu_Stuckey,Random-125-125-6-4.txt,Random-125-125-6-4_0,125,125,,,60.024,timeout,
Chu_Stuckey,Random-125-125-6-5.txt,Random-125-125-6-5_0,125,125,,,60.057,timeout,
Chu_Stuckey,Random-125-125-8-1.txt,Random-125-125-8-1_0,125,125,,,60.04,timeout,
Chu_Stuckey,Random-125-125-8-2.txt,Random-125-125-8-2_0,125,125,,,60.074,timeout,
Chu_Stuckey,Random-125-125-8-3.txt,Random-125-125-8-3_0,125,125,,,60.002,timeout,
Chu_Stuckey,Random-125-125-8-4.txt,Random-125-125-8-4_0,125,125,,,60.019,timeout,
Chu_Stuckey,Random-125-125-8-5.txt,Random-125-125-8-5_0,125,125,,,60.044,timeout,
Chu_Stuckey,Random-30-30-10-1.txt,Random-30-30-10-1_0,30,30,,,60.007,timeout,
Chu_Stuckey,Random-30-30-10-2.txt,Random-30-30-10-2_0,30,30,,,60.031,timeout,
Chu_Stuckey,Random-30-30-10-3.txt,Random-30-30-10-3_0,30,30,,,60.047,timeout,
Chu_Stuckey,Random-30-30-10-4.txt,Random-30-30-10-4_0,30,30,,,60.027,timeout,
Chu_Stuckey,Random-30-30-10-5.txt,Random-30-30-10-5_0,30,30,,,60.034,timeout,
Chu_Stuckey,Random-30-30-4-1.txt,Random-30-30-4-1_0,30,30,,,60.038,timeout,
Chu_Stuckey,Random-30-30-4-2.txt,Random-30-30-4-2_0,30,30,,,60.014,timeout,
Chu_Stuckey,Random-30-30-4-3.txt,Random-30-30-4-3_0,30,30,,,60.015,timeout,
Chu_Stuckey,Random-30-30-4-4.txt,Random-30-30-4-4_0,30,30,,,60.047,timeout,
Chu_Stuckey,Random-30-30-4-5.txt,Random-30-30-4-5_0,30,30,,,60.007,timeout,
Chu_Stuckey,Random-30-30-6-1.txt,Random-30-30-6-1_0,30,30,,,60.044,timeout,
Chu_Stuckey,Random-30-30-6-2.txt,Random-30-30-6-2_0,30,30,,,60.032,timeout,
Chu_Stuckey,Random-30-30-6-3.txt,Random-30-30-6-3_0,30,30,,,60.004,timeout,
Chu_Stuckey,Random-30-30-6-4.txt,Random-30-30-6-4_0,30,30,,,60.042,timeout,
Chu_Stuckey,Random-30-30-6-5.txt,Random-30-30-6-5_0,30,30,,,60.052,timeout,
Chu_Stuckey,Random-30-30-8-1.txt,Random-30-30-8-1_0,30,30,,,60.043,timeout,
Chu_Stuckey,Random-30-30-8-2.txt,Random-30-30-8-2_0,30,30,,,60.054,timeout,
Chu_Stuckey,Random-30-30-8-3.txt,Random-30-30-8-3_0,30,30,,,60.02,timeout,
Chu_Stuckey,Random-30-30-8-4.txt,Random-30-30-8-4_0,30,30,,,60.031,timeout,
Chu_Stuckey,Random-30-30-8-5.txt,Random-30-30-8-5_0,30,30,,,60.032,timeout,
Chu_Stuckey,Random-40-40-10-1.txt,Random-40-40-10-1_0,40,40,,,60.11,timeout,
Chu_Stuckey,Random-40-40-10-2.txt,Random-40-40-10-2_0,40,40,,,60.036,timeout,
Chu_Stuckey,Random-40-40-10-3.txt,Random-40-40-10-3_0,40,40,,,60.049,timeout,
Chu_Stuckey,Random-40-40-10-4.txt,Random-40-40-10-4_0,40,40,,,60.012,timeout,
Chu_Stuckey,Random-40-40-10-5.txt,Random-40-40-10-5_0,40,40,,,60.044,timeout,
Chu_Stuckey,Random-40-40-2-1.txt,Random-40-40-2-1_0,40,40,,,60.031,timeout,
Chu_Stuckey,Random-40-40-2-2.txt,Random-40-40-2-2_0,40,40,,,60.039,timeout,
Chu_Stuckey,Random-40-40-2-3.txt,Random-40-40-2-3_0,40,40,,,60.042,timeout,
Chu_Stuckey,Random-40-40-2-4.txt,Random-40-40-2-4_0,40,40,,,60.05,timeout,
Chu_Stuckey,Random-40-40-2-5.txt,Random-40-40-2-5_0,40,40,,,60.015,timeout,
Chu_Stuckey,Random-40-40-4-1.txt,Random-40-40-4-1_0,40,40,,,60.031,timeout,
Chu_Stuckey,Random-40-40-4-2.txt,Random-40-40-4-2_0,40,40,,,60.03,timeout,
Chu_Stuckey,Random-40-40-4-3.txt,Random-40-40-4-3_0,40,40,,,60.047,timeout,
Chu_Stuckey,Random-40-40-4-4.txt,Random-40-40-4-4_0,40,40,,,60.029,timeout,
Chu_Stuckey,Random-40-40-4-5.txt,Random-40-40-4-5_0,40,40,,,60.03,timeout,
Chu_Stuckey,Random-40-40-6-1.txt,Random-40-40-6-1_0,40,40,,,60.043,timeout,
Chu_Stuckey,Random-40-40-6-2.txt,Random-40-40-6-2_0,40,40,,,60.049,timeout,
Chu_Stuckey,Random-40-40-6-3.txt,Random-40-40-6-3_0,40,40,,,60.017,timeout,
Chu_Stuckey,Random-40-40-6-4.txt,Random-40-40-6-4_0,40,40,,,60.011,timeout,
Chu_Stuckey,Random-40-40-6-5.txt,Random-40-40-6-5_0,40,40,,,60.02,timeout,
Chu_Stuckey,Random-40-40-8-1.txt,Random-40-40-8-1_0,40,40,,,60.022,timeout,
Chu_Stuckey,Random-40-40-8-2.txt,Random-40-40-8-2_0,40,40,,,60.046,timeout,
Chu_Stuckey,Random-40-40-8-3.txt,Random-40-40-8-3_0,40,40,,,60.038,timeout,
Chu_Stuckey,Random-40-40-8-4.txt,Random-40-40-8-4_0,40,40,,,60.014,timeout,
Chu_Stuckey,Random-40-40-8-5.txt,Random-40-40-8-5_0,40,40,,,60.026,timeout,
Chu_Stuckey,Random-50-100-10-1.txt,Random-50-100-10-1_0,50,100,,,60.015,timeout,
Chu_Stuckey,Random-50-100-10-2.txt,Random-50-100-10-2_0,50,100,,,60.044,timeout,
Chu_Stuckey,Random-50-100-10-3.txt,Random-50-100-10-3_0,50,100,,,60.039,timeout,
Chu_Stuckey,Random-50-100-10-4.txt,Random-50-100-10-4_0,50,100,,,60.071,timeout,
Chu_Stuckey,Random-50-100-10-5.txt,Random-50-100-10-5_0,50,100,,,60.102,timeout,
Chu_Stuckey,Random-50-100-2-1.txt,Random-50-100-2-1_0,50,100,,,60.134,timeout,
Chu_Stuckey,Random-50-100-2-2.txt,Random-50-100-2-2_0,50,100,,,60.152,timeout,
Chu_Stuckey,Random-50-100-2-3.txt,Random-50-100-2-3_0,50,100,,,60.05,timeout,
Chu_Stuckey,Random-50-100-2-4.txt,Random-50-100-2-4_0,50,100,,,60.02,timeout,
Chu_Stuckey,Random-50-100-2-5.txt,Random-50-100-2-5_0,50,100,,,60.019,timeout,
Chu_Stuckey,Random-50-100-4-1.txt,Random-50-100-4-1_0,50,100,,,60.034,timeout,
Chu_Stuckey,Random-50-100-4-2.txt,Random-50-100-4-2_0,50,100,,,60.051,timeout,
Chu_Stuckey,Random-50-100-4-3.txt,Random-50-100-4-3_0,50,100,,,60.06,timeout,
Chu_Stuckey,Random-50-100-4-4.txt,Random-50-100-4-4_0,50,100,,,60.011,timeout,
Chu_Stuckey,Random-50-100-4-5.txt,Random-50-100-4-5_0,50,100,,,60.003,timeout,
Chu_Stuckey,Random-50-100-6-1.txt,Random-50-100-6-1_0,50,100,,,60.007,timeout,
Chu_Stuckey,Random-50-100-6-2.txt,Random-50-100-6-2_0,50,100,,,60.049,timeout,
Chu_Stuckey,Random-50-100-6-3.txt,Random-50-100-6-3_0,50,100,,,60.064,timeout,
Chu_Stuckey,Random-50-100-6-4.txt,Random-50-100-6-4_0,50,100,,,60.004,timeout,
Chu_Stuckey,Random-50-100-6-5.txt,Random-50-100-6-5_0,50,100,,,60.01,timeout,
Chu_Stuckey,Random-50-100-8-1.txt,Random-50-100-8-1_0,50,100,,,60.018,timeout,
Chu_Stuckey,Random-50-100-8-2.txt,Random-50-100-8-2_0,50,100,,,60.011,timeout,
Chu_Stuckey,Random-50-100-8-3.txt,Random-50-100-8-3_0,50,100,,,60.021,timeout,
Chu_Stuckey,Random-50-100-8-4.txt,Random-50-100-8-4_0,50,100,,,60.035,timeout,
Chu_Stuckey,Random-50-100-8-5.txt,Random-50-100-8-5_0,50,100,,,60.005,timeout,
Chu_Stuckey,Random-50-50-10-1.txt,Random-50-50-10-1_0,50,50,,,60.007,timeout,
Chu_Stuckey,Random-50-50-10-2.txt,Random-50-50-10-2_0,50,50,,,60.011,timeout,
Chu_Stuckey,Random-50-50-10-3.txt,Random-50-50-10-3_0,50,50,,,60.019,timeout,
Chu_Stuckey,Random-50-50-10-4.txt,Random-50-50-10-4_0,50,50,,,60.043,timeout,
Chu_Stuckey,Random-50-50-10-5.txt,Random-50-50-10-5_0,50,50,,,60.051,timeout,
Chu_Stuckey,Random-50-50-2-1.txt,Random-50-50-2-1_0,50,50,,,60.008,timeout,
Chu_Stuckey,Random-50-50-2-2.txt,Random-50-50-2-2_0,50,50,,,60.017,timeout,
Chu_Stuckey,Random-50-50-2-3.txt,Random-50-50-2-3_0,50,50,,,60.015,timeout,
Chu_Stuckey,Random-50-50-2-4.txt,Random-50-50-2-4_0,50,50,,,60.024,timeout,
Chu_Stuckey,Random-50-50-2-5.txt,Random-50-50-2-5_0,50,50,,,60.03,timeout,
Chu_Stuckey,Random-50-50-4-1.txt,Random-50-50-4-1_0,50,50,,,60.031,timeout,
Chu_Stuckey,Random-50-50-4-2.txt,Random-50-50-4-2_0,50,50,,,60.045,timeout,
Chu_Stuckey,Random-50-50-4-3.txt,Random-50-50-4-3_0,50,50,,,60.048,timeout,
Chu_Stuckey,Random-50-50-4-4.txt,Random-50-50-4-4_0,50,50,,,60.05,timeout,
Chu_Stuckey,Random-50-50-4-5.txt,Random-50-50-4-5_0,50,50,,,60.041,timeout,
Chu_Stuckey,Random-50-50-6-1.txt,Random-50-50-6-1_0,50,50,,,60.013,timeout,
Chu_Stuckey,Random-50-50-6-2.txt,Random-50-50-6-2_0,50,50,,,60.021,timeout,
Chu_Stuckey,Random-50-50-6-3.txt,Random-50-50-6-3_0,50,50,,,60.026,timeout,
Chu_Stuckey,Random-50-50-6-4.txt,Random-50-50-6-4_0,50,50,,,60.005,timeout,
Chu_Stuckey,Random-50-50-6-5.txt,Random-50-50-6-5_0,50,50,,,60.049,timeout,
Chu_Stuckey,Random-50-50-8-1.txt,Random-50-50-8-1_0,50,50,,,60.068,timeout,
Chu_Stuckey,Random-50-50-8-2.txt,Random-50-50-8-2_0,50,50,,,60.013,timeout,
Chu_Stuckey,Random-50-50-8-3.txt,Random-50-50-8-3_0,50,50,,,60.021,timeout,
Faggioli_Bentivoglio,p1010n1.txt,p1010n1_0,9,10,5,5,0.429,solved,
Faggioli_Bentivoglio,p1010n10.txt,p1010n10_0,9,10,6,6,0.341,solved,
Faggioli_Bentivoglio,p1010n2.txt,p1010n2_0,9,10,6,6,0.315,solved,
Faggioli_Bentivoglio,p1010n3.txt,p1010n3_0,9,10,6,6,0.396,solved,
Faggioli_Bentivoglio,p1010n4.txt,p1010n4_0,9,10,5,5,0.338,solved,
Faggioli_Bentivoglio,p1010n5.txt,p1010n5_0,9,10,5,5,0.394,solved,
Faggioli_Bentivoglio,p1010n6.txt,p1010n6_0,9,10,6,6,0.393,solved,
Faggioli_Bentivoglio,p1010n7.txt,p1010n7_0,9,10,5,5,0.392,solved,
Faggioli_Bentivoglio,p1010n8.txt,p1010n8_0,9,10,6,6,0.389,solved,
Chu_Stuckey,Random-50-50-8-4.txt,Random-50-50-8-4_0,50,50,,,60.02,timeout,
Faggioli_Bentivoglio,p1010n9.txt,p1010n9_0,9,10,5,5,0.44,solved,
Faggioli_Bentivoglio,p1020n1.txt,p1020n1_0,20,10,6,6,0.33,solved,
Faggioli_Bentivoglio,p1020n10.txt,p1020n10_0,20,10,6,6,0.431,solved,
Faggioli_Bentivoglio,p1020n2.txt,p1020n2_0,20,10,8,8,0.371,solved,
Faggioli_Bentivoglio,p1020n3.txt,p1020n3_0,20,10,5,5,0.418,solved,
Faggioli_Bentivoglio,p1020n4.txt,p1020n4_0,20,10,6,6,0.363,solved,
Faggioli_Bentivoglio,p1020n5.txt,p1020n5_0,20,10,6,6,0.364,solved,
Faggioli_Bentivoglio,p1020n6.txt,p1020n6_0,20,10,6,6,0.415,solved,
Faggioli_Bentivoglio,p1020n7.txt,p1020n7_0,20,10,6,6,0.417,solved,
Faggioli_Bentivoglio,p1020n8.txt,p1020n8_0,20,10,7,7,0.413,solved,
Faggioli_Bentivoglio,p1020n9.txt,p1020n9_0,20,10,6,6,0.364,solved,
Faggioli_Bentivoglio,p1030n1.txt,p1030n1_0,30,10,7,7,0.368,solved,
Faggioli_Bentivoglio,p1030n10.txt,p1030n10_0,30,10,6,6,0.421,solved,
Chu_Stuckey,Random-50-50-8-5.txt,Random-50-50-8-5_0,50,50,,,60.053,timeout,
Faggioli_Bentivoglio,p1030n2.txt,p1030n2_0,30,10,6,6,0.473,solved,
Faggioli_Bentivoglio,p1030n3.txt,p1030n3_0,30,10,6,6,0.447,solved,
Faggioli_Bentivoglio,p1030n4.txt,p1030n4_0,30,10,6,6,0.396,solved,
Faggioli_Bentivoglio,p1030n5.txt,p1030n5_0,30,10,7,7,0.393,solved,
Faggioli_Bentivoglio,p1030n6.txt,p1030n6_0,30,10,5,5,0.39,solved,
Faggioli_Bentivoglio,p1030n7.txt,p1030n7_0,30,10,6,6,0.366,solved,
Faggioli_Bentivoglio,p1030n8.txt,p1030n8_0,30,10,6,6,0.395,solved,
Faggioli_Bentivoglio,p1030n9.txt,p1030n9_0,30,10,6,6,0.397,solved,
Faggioli_Bentivoglio,p1040n1.txt,p1040n1_0,40,10,8,8,0.397,solved,
Faggioli_Bentivoglio,p1040n10.txt,p1040n10_0,40,10,7,7,0.405,solved,
Faggioli_Bentivoglio,p1040n2.txt,p1040n2_0,40,10,8,8,0.377,solved,
Faggioli_Bentivoglio,p1040n3.txt,p1040n3_0,40,10,8,8,0.408,solved,
Faggioli_Bentivoglio,p1040n4.txt,p1040n4_0,40,10,8,8,0.406,solved,
Faggioli_Bentivoglio,p1040n5.txt,p1040n5_0,40,10,8,8,0.404,solved,
Faggioli_Bentivoglio,p1040n7.txt,p1040n7_0,40,10,8,8,0.322,solved,
Chu_Stuckey,Random-75-75-10-1.txt,Random-75-75-10-1_0,75,75,,,60.003,timeout,
Faggioli_Bentivoglio,p1040n6.txt,p1040n6_0,40,10,7,7,0.483,solved,
Faggioli_Bentivoglio,p1040n8.txt,p1040n8_0,40,10,8,8,0.48,solved,
Faggioli_Bentivoglio,p1040n9.txt,p1040n9_0,40,10,7,7,0.402,solved,
Faggioli_Bentivoglio,p1050n1.txt,p1050n1_0,50,10,9,9,0.376,solved,
Faggioli_Bentivoglio,p1050n10.txt,p1050n10_0,50,10,8,8,0.423,solved,
Faggioli_Bentivoglio,p1050n2.txt,p1050n2_0,50,10,9,9,0.367,solved,
Faggioli_Bentivoglio,p1050n3.txt,p1050n3_0,50,10,7,7,0.422,solved,
Faggioli_Bentivoglio,p1050n4.txt,p1050n4_0,50,10,7,7,0.416,solved,
Faggioli_Bentivoglio,p1050n5.txt,p1050n5_0,50,10,9,9,0.391,solved,
Faggioli_Bentivoglio,p1050n6.txt,p1050n6_0,50,10,9,9,0.418,solved,
Faggioli_Bentivoglio,p1050n7.txt,p1050n7_0,50,10,8,8,0.372,solved,
Faggioli_Bentivoglio,p1050n8.txt,p1050n8_0,50,10,8,8,0.418,solved,
Faggioli_Bentivoglio,p1050n9.txt,p1050n9_0,50,10,8,8,0.418,solved,
Faggioli_Bentivoglio,p1510n10.txt,p1510n10_0,10,15,6,6,0.393,solved,
Faggioli_Bentivoglio,p1510n1.txt,p1510n1_0,10,15,6,6,0.503,solved,
Faggioli_Bentivoglio,p1510n2.txt,p1510n2_0,10,15,6,6,0.526,solved,
Faggioli_Bentivoglio,p1510n3.txt,p1510n3_0,10,15,7,7,0.581,solved,
Faggioli_Bentivoglio,p1510n4.txt,p1510n4_0,10,15,7,7,0.581,solved,
Faggioli_Bentivoglio,p1510n5.txt,p1510n5_0,10,15,7,7,0.502,solved,
Faggioli_Bentivoglio,p1510n7.txt,p1510n7_0,10,15,7,7,0.497,solved,
Faggioli_Bentivoglio,p1510n6.txt,p1510n6_0,10,15,7,7,0.659,solved,
Faggioli_Bentivoglio,p1510n8.txt,p1510n8_0,10,15,7,7,0.576,solved,
Faggioli_Bentivoglio,p1510n9.txt,p1510n9_0,10,15,6,6,0.442,solved,
Faggioli_Bentivoglio,p1520n1.txt,p1520n1_0,20,15,8,8,0.623,solved,
Faggioli_Bentivoglio,p1520n2.txt,p1520n2_0,20,15,6,6,0.464,solved,
Faggioli_Bentivoglio,p1520n10.txt,p1520n10_0,20,15,7,7,0.752,solved,
Faggioli_Bentivoglio,p1520n3.txt,p1520n3_0,20,15,7,7,0.542,solved,
Faggioli_Bentivoglio,p1520n4.txt,p1520n4_0,20,15,7,7,0.569,solved,
Faggioli_Bentivoglio,p1520n5.txt,p1520n5_0,20,15,8,8,0.723,solved,
Faggioli_Bentivoglio,p1520n6.txt,p1520n6_0,20,15,7,7,0.619,solved,
Faggioli_Bentivoglio,p1520n7.txt,p1520n7_0,20,15,7,7,0.674,solved,
Faggioli_Bentivoglio,p1520n8.txt,p1520n8_0,20,15,8,8,0.62,solved,
Faggioli_Bentivoglio,p1520n9.txt,p1520n9_0,20,15,7,7,0.593,solved,
Faggioli_Bentivoglio,p1530n1.txt,p1530n1_0,30,15,8,8,0.574,solved,
Chu_Stuckey,Random-75-75-10-2.txt,Random-75-75-10-2_0,75,75,,,60.039,timeout,
Faggioli_Bentivoglio,p1530n10.txt,p1530n10_0,30,15,6,6,0.607,solved,
Faggioli_Bentivoglio,p1530n3.txt,p1530n3_0,30,15,6,6,0.481,solved,
Faggioli_Bentivoglio,p1530n5.txt,p1530n5_0,30,15,6,6,0.611,solved,
Faggioli_Bentivoglio,p1530n2.txt,p1530n2_0,30,15,8,8,0.982,solved,
Faggioli_Bentivoglio,p1530n7.txt,p1530n7_0,30,15,8,8,0.576,solved,
Faggioli_Bentivoglio,p1530n4.txt,p1530n4_0,30,15,8,8,0.929,solved,
Faggioli_Bentivoglio,p1530n6.txt,p1530n6_0,30,15,7,7,0.896,solved,
Faggioli_Bentivoglio,p1530n8.txt,p1530n8_0,30,15,8,8,0.682,solved,
Faggioli_Bentivoglio,p1540n1.txt,p1540n1_0,40,15,8,8,0.673,solved,
Faggioli_Bentivoglio,p1530n9.txt,p1530n9_0,30,15,8,8,0.987,solved,
Faggioli_Bentivoglio,p1540n2.txt,p1540n2_0,40,15,6,6,0.541,solved,
Faggioli_Bentivoglio,p1540n10.txt,p1540n10_0,40,15,8,8,0.777,solved,
Faggioli_Bentivoglio,p1540n3.txt,p1540n3_0,40,15,7,7,0.904,solved,
Faggioli_Bentivoglio,p1540n4.txt,p1540n4_0,40,15,7,7,0.828,solved,
Chu_Stuckey,Random-75-75-10-3.txt,Random-75-75-10-3_0,75,75,,,60.049,timeout,
Faggioli_Bentivoglio,p1540n6.txt,p1540n6_0,40,15,7,7,0.909,solved,
Faggioli_Bentivoglio,p1540n8.txt,p1540n8_0,40,15,7,7,0.801,solved,
Faggioli_Bentivoglio,p1540n9.txt,p1540n9_0,40,15,7,7,0.733,solved,
Faggioli_Bentivoglio,p1550n1.txt,p1550n1_0,50,15,8,8,0.832,solved,
Faggioli_Bentivoglio,p1540n5.txt,p1540n5_0,40,15,8,8,1.768,solved,
Faggioli_Bentivoglio,p1540n7.txt,p1540n7_0,40,15,7,7,1.685,solved,
Faggioli_Bentivoglio,p1550n2.txt,p1550n2_0,50,15,8,8,1.038,solved,
Faggioli_Bentivoglio,p1550n5.txt,p1550n5_0,50,15,7,7,0.799,solved,
Faggioli_Bentivoglio,p1550n4.txt,p1550n4_0,50,15,7,7,0.969,solved,
Faggioli_Bentivoglio,p1550n10.txt,p1550n10_0,50,15,8,8,1.49,solved,
Chu_Stuckey,Random-75-75-10-4.txt,Random-75-75-10-4_0,75,75,,,60.058,timeout,
Faggioli_Bentivoglio,p1550n6.txt,p1550n6_0,50,15,7,7,0.775,solved,
Faggioli_Bentivoglio,p1550n7.txt,p1550n7_0,50,15,6,6,0.804,solved,
Faggioli_Bentivoglio,p1550n3.txt,p1550n3_0,50,15,8,8,1.408,solved,
Faggioli_Bentivoglio,p1550n9.txt,p1550n9_0,50,15,7,7,0.767,solved,
Chu_Stuckey,Random-75-75-10-5.txt,Random-75-75-10-5_0,75,75,,,60.038,timeout,
Faggioli_Bentivoglio,p1550n8.txt,p1550n8_0,50,15,8,8,1.051,solved,
Chu_Stuckey,Random-75-75-2-1.txt,Random-75-75-2-1_0,75,75,,,60.024,timeout,
Faggioli_Bentivoglio,p2010n2.txt,p2010n2_0,10,20,7,7,1.699,solved,
Faggioli_Bentivoglio,p2010n5.txt,p2010n5_0,10,20,7,7,1.68,solved,
Faggioli_Bentivoglio,p2010n3.txt,p2010n3_0,10,20,8,8,1.915,solved,
Faggioli_Bentivoglio,p2010n4.txt,p2010n4_0,10,20,8,8,2.165,solved,
Faggioli_Bentivoglio,p2010n7.txt,p2010n7_0,10,20,7,7,1.991,solved,
Faggioli_Bentivoglio,p2010n8.txt,p2010n8_0,10,20,8,8,1.937,solved,
Faggioli_Bentivoglio,p2010n6.txt,p2010n6_0,10,20,7,7,2.429,solved,
Faggioli_Bentivoglio,p2010n9.txt,p2010n9_0,10,20,7,7,1.931,solved,
Faggioli_Bentivoglio,p2010n10.txt,p2010n10_0,10,20,8,8,3.099,solved,
Faggioli_Bentivoglio,p2010n1.txt,p2010n1_0,10,20,8,8,4.163,solved,
Faggioli_Bentivoglio,p2020n5.txt,p2020n5_0,18,20,8,8,1.51,solved,
Faggioli_Bentivoglio,p2020n1.txt,p2020n1_0,19,20,9,9,3.592,solved,
Faggioli_Bentivoglio,p2020n4.txt,p2020n4_0,17,20,8,8,2.348,solved,
Faggioli_Bentivoglio,p2020n10.txt,p2020n10_0,18,20,9,9,3.109,solved,
Faggioli_Bentivoglio,p2020n3.txt,p2020n3_0,19,20,9,9,2.882,solved,
Faggioli_Bentivoglio,p2020n8.txt,p2020n8_0,18,20,7,7,2.23,solved,
Faggioli_Bentivoglio,p2020n2.txt,p2020n2_0,19,20,9,9,3.166,solved,
Faggioli_Bentivoglio,p2020n9.txt,p2020n9_0,19,20,8,8,2.907,solved,
Faggioli_Bentivoglio,p2020n7.txt,p2020n7_0,17,20,9,9,3.24,solved,
Faggioli_Bentivoglio,p2020n6.txt,p2020n6_0,18,20,9,9,3.941,solved,
Faggioli_Bentivoglio,p2030n10.txt,p2030n10_0,30,20,7,7,3.541,solved,
Faggioli_Bentivoglio,p2030n2.txt,p2030n2_0,30,20,8,8,3.137,solved,
Faggioli_Bentivoglio,p2030n1.txt,p2030n1_0,30,20,9,9,4.574,solved,
Faggioli_Bentivoglio,p2030n4.txt,p2030n4_0,30,20,8,8,4.095,solved,
Faggioli_Bentivoglio,p2030n3.txt,p2030n3_0,30,20,9,9,4.701,solved,
Faggioli_Bentivoglio,p2030n6.txt,p2030n6_0,30,20,9,9,4.694,solved,
Chu_Stuckey,Random-75-75-2-2.txt,Random-75-75-2-2_0,75,75,,,60.042,timeout,
Faggioli_Bentivoglio,p2030n9.txt,p2030n9_0,30,20,9,9,3.933,solved,
Faggioli_Bentivoglio,p2030n7.txt,p2030n7_0,30,20,9,9,5.041,solved,
Faggioli_Bentivoglio,p2040n1.txt,p2040n1_0,40,20,9,9,5.192,solved,
Faggioli_Bentivoglio,p2040n2.txt,p2040n2_0,40,20,8,8,4.604,solved,
Faggioli_Bentivoglio,p2030n5.txt,p2030n5_0,30,20,10,10,7.537,solved,
Faggioli_Bentivoglio,p2040n10.txt,p2040n10_0,40,20,8,8,4.942,solved,
Faggioli_Bentivoglio,p2040n4.txt,p2040n4_0,40,20,9,9,4.433,solved,
Chu_Stuckey,Random-75-75-2-3.txt,Random-75-75-2-3_0,75,75,,,60.021,timeout,
Faggioli_Bentivoglio,p2030n8.txt,p2030n8_0,30,20,10,10,8.061,solved,
Faggioli_Bentivoglio,p2040n5.txt,p2040n5_0,40,20,8,8,4.984,solved,
Faggioli_Bentivoglio,p2040n6.txt,p2040n6_0,40,20,8,8,4.881,solved,
Faggioli_Bentivoglio,p2040n7.txt,p2040n7_0,40,20,8,8,4.735,solved,
Faggioli_Bentivoglio,p2040n9.txt,p2040n9_0,40,20,9,9,4.702,solved,
Chu_Stuckey,Random-75-75-2-4.txt,Random-75-75-2-4_0,75,75,,,60.01,timeout,
Chu_Stuckey,Random-75-75-2-5.txt,Random-75-75-2-5_0,75,75,,,60.021,timeout,
Faggioli_Bentivoglio,p2040n8.txt,p2040n8_0,40,20,9,9,5.447,solved,
Faggioli_Bentivoglio,p2040n3.txt,p2040n3_0,40,20,9,9,7.012,solved,
Faggioli_Bentivoglio,p2050n2.txt,p2050n2_0,50,20,7,7,3.284,solved,
Chu_Stuckey,Random-75-75-4-1.txt,Random-75-75-4-1_0,75,75,,,60.033,timeout,
Chu_Stuckey,Random-75-75-4-2.txt,Random-75-75-4-2_0,75,75,,,60.046,timeout,
Chu_Stuckey,Random-75-75-4-3.txt,Random-75-75-4-3_0,75,75,,,60.035,timeout,
Chu_Stuckey,Random-75-75-4-4.txt,Random-75-75-4-4_0,75,75,,,60.048,timeout,
Chu_Stuckey,Random-75-75-4-5.txt,Random-75-75-4-5_0,75,75,,,60.052,timeout,
Chu_Stuckey,Random-75-75-6-1.txt,Random-75-75-6-1_0,75,75,,,60.068,timeout,
Chu_Stuckey,Random-75-75-6-2.txt,Random-75-75-6-2_0,75,75,,,60.078,timeout,
Chu_Stuckey,Random-75-75-6-3.txt,Random-75-75-6-3_0,75,75,,,60.0,timeout,
Chu_Stuckey,Random-75-75-6-4.txt,Random-75-75-6-4_0,75,75,,,60.048,timeout,
Chu_Stuckey,Random-75-75-6-5.txt,Random-75-75-6-5_0,75,75,,,60.042,timeout,
Faggioli_Bentivoglio,p2050n3.txt,p2050n3_0,50,20,8,8,5.759,solved,
Faggioli_Bentivoglio,p2050n1.txt,p2050n1_0,50,20,7,7,6.774,solved,
Faggioli_Bentivoglio,p2050n4.txt,p2050n4_0,50,20,8,8,5.226,solved,
Faggioli_Bentivoglio,p2510n2.txt,p2510n2_0,10,25,7,7,3.131,solved,
Faggioli_Bentivoglio,p2510n4.txt,p2510n4_0,10,25,8,8,3.132,solved,
Faggioli_Bentivoglio,p2050n10.txt,p2050n10_0,50,20,9,9,6.445,solved,
Faggioli_Bentivoglio,p2050n5.txt,p2050n5_0,50,20,7,7,4.957,solved,
Faggioli_Bentivoglio,p2510n3.txt,p2510n3_0,10,25,9,9,3.355,solved,
Chu_Stuckey,Random-75-75-8-1.txt,Random-75-75-8-1_0,75,75,,,60.071,timeout,
Chu_Stuckey,Random-75-75-8-2.txt,Random-75-75-8-2_0,75,75,,,60.083,timeout,
Chu_Stuckey,Random-75-75-8-3.txt,Random-75-75-8-3_0,75,75,,,60.099,timeout,
Faggioli_Bentivoglio,p2050n8.txt,p2050n8_0,50,20,7,7,4.437,solved,
Faggioli_Bentivoglio,p2050n7.txt,p2050n7_0,50,20,8,8,4.957,solved,
Faggioli_Bentivoglio,p2510n5.txt,p2510n5_0,10,25,8,8,3.565,solved,
Faggioli_Bentivoglio,p2510n7.txt,p2510n7_0,10,25,8,8,3.289,solved,
Faggioli_Bentivoglio,p2510n10.txt,p2510n10_0,10,25,8,8,4.244,solved,
Faggioli_Bentivoglio,p2510n1.txt,p2510n1_0,10,25,8,8,5.231,solved,
Faggioli_Bentivoglio,p2510n6.txt,p2510n6_0,10,25,8,8,4.892,solved,
Faggioli_Bentivoglio,p2050n6.txt,p2050n6_0,50,20,8,8,8.346,solved,
Faggioli_Bentivoglio,p2520n3.txt,p2520n3_0,20,25,9,9,6.496,solved,
Faggioli_Bentivoglio,p2530n3.txt,p2530n3_0,30,25,9,9,4.948,solved,
Faggioli_Bentivoglio,p2530n10.txt,p2530n10_0,30,25,9,9,5.579,solved,
Faggioli_Bentivoglio,p2520n6.txt,p2520n6_0,20,25,9,9,7.134,solved,
Chu_Stuckey,Random-75-75-8-4.txt,Random-75-75-8-4_0,75,75,,,60.038,timeout,
Faggioli_Bentivoglio,p2520n5.txt,p2520n5_0,20,25,10,10,8.601,solved,
Faggioli_Bentivoglio,p2520n9.txt,p2520n9_0,20,25,10,10,8.835,solved,
Faggioli_Bentivoglio,p2520n4.txt,p2520n4_0,20,25,10,10,9.972,solved,
Faggioli_Bentivoglio,p2520n2.txt,p2520n2_0,20,25,10,10,11.191,solved,
Faggioli_Bentivoglio,p2510n9.txt,p2510n9_0,10,25,8,8,11.556,solved,
Faggioli_Bentivoglio,p2520n7.txt,p2520n7_0,20,25,10,10,9.838,solved,
Faggioli_Bentivoglio,p2520n10.txt,p2520n10_0,20,25,9,9,11.938,solved,
Faggioli_Bentivoglio,p2050n9.txt,p2050n9_0,50,20,10,10,14.266,solved,
Faggioli_Bentivoglio,p2520n8.txt,p2520n8_0,20,25,11,11,10.641,solved,
Faggioli_Bentivoglio,p2520n1.txt,p2520n1_0,20,25,10,10,13.312,solved,
Faggioli_Bentivoglio,p2530n7.txt,p2530n7_0,30,25,10,10,12.005,solved,
Faggioli_Bentivoglio,p2510n8.txt,p2510n8_0,10,25,8,8,15.219,solved,
Faggioli_Bentivoglio,p2540n10.txt,p2540n10_0,40,25,10,10,12.263,solved,
Faggioli_Bentivoglio,p2530n8.txt,p2530n8_0,30,25,11,11,13.519,solved,
Faggioli_Bentivoglio,p2530n6.txt,p2530n6_0,30,25,10,10,14.492,solved,
Faggioli_Bentivoglio,p2530n2.txt,p2530n2_0,30,25,11,11,15.239,solved,
Faggioli_Bentivoglio,p2540n4.txt,p2540n4_0,40,25,10,10,12.098,solved,
Faggioli_Bentivoglio,p2540n1.txt,p2540n1_0,40,25,10,10,15.887,solved,
Faggioli_Bentivoglio,p3010n1.txt,p3010n1_0,10,30,7,7,4.383,solved,
Faggioli_Bentivoglio,p3010n10.txt,p3010n10_0,10,30,8,8,5.485,solved,
Faggioli_Bentivoglio,p2530n9.txt,p2530n9_0,30,25,10,10,18.202,solved,
Faggioli_Bentivoglio,p2540n6.txt,p2540n6_0,40,25,11,11,13.989,solved,
Faggioli_Bentivoglio,p2540n7.txt,p2540n7_0,40,25,10,10,14.388,solved,
Faggioli_Bentivoglio,p2550n6.txt,p2550n6_0,50,25,9,9,10.245,solved,
Faggioli_Bentivoglio,p2530n5.txt,p2530n5_0,30,25,11,11,20.827,solved,
Faggioli_Bentivoglio,p3010n9.txt,p3010n9_0,10,30,7,7,3.839,solved,
Faggioli_Bentivoglio,p3010n2.txt,p3010n2_0,10,30,8,8,9.277,solved,
Faggioli_Bentivoglio,p2550n1.txt,p2550n1_0,50,25,9,9,14.973,solved,
Faggioli_Bentivoglio,p2550n3.txt,p2550n3_0,50,25,9,9,14.51,solved,
Faggioli_Bentivoglio,p2540n9.txt,p2540n9_0,40,25,10,10,16.558,solved,
Faggioli_Bentivoglio,p2550n5.txt,p2550n5_0,50,25,10,10,16.571,solved,
Faggioli_Bentivoglio,p2540n3.txt,p2540n3_0,40,25,10,10,24.04,solved,
Faggioli_Bentivoglio,p2540n5.txt,p2540n5_0,40,25,10,10,21.953,solved,
Faggioli_Bentivoglio,p2540n8.txt,p2540n8_0,40,25,11,11,20.545,solved,
Faggioli_Bentivoglio,p2530n1.txt,p2530n1_0,30,25,12,12,28.46,solved,
Chu_Stuckey,Random-75-75-8-5.txt,Random-75-75-8-5_0,75,75,,,60.041,timeout,
Faggioli_Bentivoglio,p2530n4.txt,p2530n4_0,30,25,12,12,30.598,solved,
Faggioli_Bentivoglio,p2550n9.txt,p2550n9_0,50,25,10,10,20.075,solved,
Faggioli_Bentivoglio,p2550n7.txt,p2550n7_0,50,25,10,10,23.808,solved,
Faggioli_Bentivoglio,p3010n5.txt,p3010n5_0,10,30,8,8,20.275,solved,
Faggioli_Bentivoglio,p3010n8.txt,p3010n8_0,10,30,8,8,18.962,solved,
Faggioli_Bentivoglio,p3020n3.txt,p3020n3_0,20,30,10,10,18.136,solved,
Faggioli_Bentivoglio,p3010n4.txt,p3010n4_0,10,30,8,8,23.697,solved,
Faggioli_Bentivoglio,p2550n4.txt,p2550n4_0,50,25,10,10,35.225,solved,
Faggioli_Bentivoglio,p3010n6.txt,p3010n6_0,10,30,8,8,30.482,solved,
Faggioli_Bentivoglio,p2540n2.txt,p2540n2_0,40,25,11,11,48.683,solved,
Faggioli_Bentivoglio,p2550n10.txt,p2550n10_0,50,25,11,11,47.336,solved,
Faggioli_Bentivoglio,p3010n7.txt,p3010n7_0,10,30,8,8,42.141,solved,
Faggioli_Bentivoglio,p3020n9.txt,p3020n9_0,20,30,11,11,35.305,solved,
Faggioli_Bentivoglio,p3020n7.txt,p3020n7_0,20,30,11,11,36.694,solved,
Faggioli_Bentivoglio,p2550n2.txt,p2550n2_0,50,25,11,11,58.973,solved,
Faggioli_Bentivoglio,p2550n8.txt,p2550n8_0,50,25,,,60.034,timeout,
Faggioli_Bentivoglio,p3010n3.txt,p3010n3_0,10,30,,,60.033,timeout,
Faggioli_Bentivoglio,p3020n1.txt,p3020n1_0,20,30,11,11,56.297,solved,
Faggioli_Bentivoglio,p3030n10.txt,p3030n10_0,28,30,11,11,51.754,solved,
Faggioli_Bentivoglio,p3020n5.txt,p3020n5_0,20,30,10,10,56.37,solved,
Faggioli_Bentivoglio,p3020n10.txt,p3020n10_0,20,30,,,60.032,timeout,
Faggioli_Bentivoglio,p3020n2.txt,p3020n2_0,20,30,,,60.018,timeout,
Faggioli_Bentivoglio,p3020n4.txt,p3020n4_0,20,30,,,60.02,timeout,
Faggioli_Bentivoglio,p3020n6.txt,p3020n6_0,20,30,,,60.046,timeout,
Faggioli_Bentivoglio,p3020n8.txt,p3020n8_0,20,30,,,60.022,timeout,
Faggioli_Bentivoglio,p3030n1.txt,p3030n1_0,29,30,,,60.001,timeout,
Faggioli_Bentivoglio,p3030n2.txt,p3030n2_0,29,30,,,60.004,timeout,
Faggioli_Bentivoglio,p3030n3.txt,p3030n3_0,29,30,,,60.045,timeout,
Faggioli_Bentivoglio,p3030n4.txt,p3030n4_0,29,30,,,60.025,timeout,
Faggioli_Bentivoglio,p3030n5.txt,p3030n5_0,29,30,,,60.038,timeout,
Faggioli_Bentivoglio,p3030n6.txt,p3030n6_0,28,30,,,60.032,timeout,
Faggioli_Bentivoglio,p3030n7.txt,p3030n7_0,28,30,,,60.032,timeout,
Faggioli_Bentivoglio,p3030n9.txt,p3030n9_0,26,30,12,12,56.475,solved,
Faggioli_Bentivoglio,p3030n8.txt,p3030n8_0,29,30,,,60.05,timeout,
Faggioli_Bentivoglio,p3040n1.txt,p3040n1_0,40,30,,,60.002,timeout,
Faggioli_Bentivoglio,p3050n3.txt,p3050n3_0,50,30,8,8,21.727,solved,
Faggioli_Bentivoglio,p3040n10.txt,p3040n10_0,40,30,,,60.025,timeout,
Faggioli_Bentivoglio,p3040n2.txt,p3040n2_0,40,30,,,60.014,timeout,
Faggioli_Bentivoglio,p4010n10.txt,p4010n10_0,10,40,9,9,12.814,solved,
Faggioli_Bentivoglio,p4010n4.txt,p4010n4_0,10,40,8,8,13.396,solved,
Faggioli_Bentivoglio,p3040n3.txt,p3040n3_0,40,30,,,60.003,timeout,
Faggioli_Bentivoglio,p3040n4.txt,p3040n4_0,40,30,,,60.044,timeout,
Faggioli_Bentivoglio,p3040n5.txt,p3040n5_0,40,30,,,60.032,timeout,
Faggioli_Bentivoglio,p3040n6.txt,p3040n6_0,40,30,,,60.016,timeout,
Faggioli_Bentivoglio,p3040n7.txt,p3040n7_0,40,30,,,60.008,timeout,
Faggioli_Bentivoglio,p3040n8.txt,p3040n8_0,40,30,,,60.047,timeout,
Faggioli_Bentivoglio,p3040n9.txt,p3040n9_0,40,30,,,60.036,timeout,
Faggioli_Bentivoglio,p4010n7.txt,p4010n7_0,10,40,9,9,29.797,solved,
Faggioli_Bentivoglio,p3050n1.txt,p3050n1_0,50,30,,,60.025,timeout,
Faggioli_Bentivoglio,p3050n10.txt,p3050n10_0,50,30,,,60.046,timeout,
Faggioli_Bentivoglio,p3050n8.txt,p3050n8_0,50,30,10,10,52.323,solved,
Faggioli_Bentivoglio,p3050n2.txt,p3050n2_0,50,30,,,60.036,timeout,
Faggioli_Bentivoglio,p4010n8.txt,p4010n8_0,10,40,8,8,42.356,solved,
Faggioli_Bentivoglio,p3050n4.txt,p3050n4_0,50,30,,,60.012,timeout,
Faggioli_Bentivoglio,p3050n5.txt,p3050n5_0,50,30,,,60.04,timeout,
Faggioli_Bentivoglio,p3050n6.txt,p3050n6_0,50,30,,,60.048,timeout,
Faggioli_Bentivoglio,p3050n7.txt,p3050n7_0,50,30,,,60.012,timeout,
Faggioli_Bentivoglio,p4010n9.txt,p4010n9_0,10,40,8,8,47.478,solved,
Faggioli_Bentivoglio,p4010n1.txt,p4010n1_0,10,40,8,8,57.771,solved,
Faggioli_Bentivoglio,p3050n9.txt,p3050n9_0,50,30,,,60.035,timeout,
Faggioli_Bentivoglio,p4010n2.txt,p4010n2_0,10,40,9,9,59.427,solved,
Faggioli_Bentivoglio,p4010n3.txt,p4010n3_0,10,40,,,60.016,timeout,
Faggioli_Bentivoglio,p4010n5.txt,p4010n5_0,10,40,,,60.035,timeout,
Faggioli_Bentivoglio,p4010n6.txt,p4010n6_0,10,40,,,60.045,timeout,
Faggioli_Bentivoglio,p4020n1.txt,p4020n1_0,20,40,,,60.035,timeout,
Faggioli_Bentivoglio,p4020n10.txt,p4020n10_0,20,40,,,60.048,timeout,
Faggioli_Bentivoglio,p4020n2.txt,p4020n2_0,20,40,,,60.049,timeout,
Faggioli_Bentivoglio,p4020n3.txt,p4020n3_0,20,40,,,60.041,timeout,
Faggioli_Bentivoglio,p4020n4.txt,p4020n4_0,20,40,,,60.03,timeout,
Faggioli_Bentivoglio,p4020n5.txt,p4020n5_0,20,40,,,60.035,timeout,
Faggioli_Bentivoglio,p4020n6.txt,p4020n6_0,20,40,,,60.04,timeout,
Faggioli_Bentivoglio,p4020n7.txt,p4020n7_0,20,40,,,60.045,timeout,
Faggioli_Bentivoglio,p4020n8.txt,p4020n8_0,20,40,,,60.005,timeout,
Faggioli_Bentivoglio,p4020n9.txt,p4020n9_0,20,40,,,60.047,timeout,
Faggioli_Bentivoglio,p4030n1.txt,p4030n1_0,30,40,,,60.001,timeout,
SCOOP,scoop-A_AP-9.d_10.txt,scoop-A_AP-9.d_10_0,20,13,6,6,0.23,solved,
Faggioli_Bentivoglio,p4030n10.txt,p4030n10_0,30,40,,,60.022,timeout,
Faggioli_Bentivoglio,p4030n2.txt,p4030n2_0,30,40,,,60.024,timeout,
SCOOP,scoop-A_AP-9.d_3.txt,scoop-A_AP-9.d_3_0,20,16,6,6,0.958,solved,
SCOOP,scoop-A_AP-9.d_11.txt,scoop-A_AP-9.d_11_0,27,21,6,6,1.992,solved,
Faggioli_Bentivoglio,p4030n3.txt,p4030n3_0,30,40,,,60.059,timeout,
SCOOP,scoop-A_AP-9.d_6.txt,scoop-A_AP-9.d_6_0,31,20,5,5,2.129,solved,
SCOOP,scoop-A_FA+AA-_12.txt,scoop-A_FA+AA-_12_0,75,20,9,9,5.274,solved,
Faggioli_Bentivoglio,p4030n4.txt,p4030n4_0,30,40,,,60.052,timeout,
SCOOP,scoop-A_FA+AA-_15.txt,scoop-A_FA+AA-_15_0,68,18,9,9,3.43,solved,
Faggioli_Bentivoglio,p4030n5.txt,p4030n5_0,30,40,,,60.017,timeout,
Faggioli_Bentivoglio,p4030n6.txt,p4030n6_0,30,40,,,60.007,timeout,
SCOOP,scoop-A_FA+AA-_2.txt,scoop-A_FA+AA-_2_0,75,19,11,11,6.184,solved,
SCOOP,scoop-B_12F18_11.txt,scoop-B_12F18_11_0,21,15,6,6,0.537,solved,
Faggioli_Bentivoglio,p4030n7.txt,p4030n7_0,30,40,,,60.041,timeout,
SCOOP,scoop-B_18AB1_32.txt,scoop-B_18AB1_32_0,14,11,6,6,0.209,solved,
Faggioli_Bentivoglio,p4030n8.txt,p4030n8_0,30,40,,,60.069,timeout,
SCOOP,scoop-B_22X18_50.txt,scoop-B_22X18_50_0,14,10,10,10,0.25,solved,
SCOOP,scoop-B_39Q18_82.txt,scoop-B_39Q18_82_0,14,10,5,5,0.18,solved,
SCOOP,scoop-B_42F22_93.txt,scoop-B_42F22_93_0,17,10,5,5,0.181,solved,
SCOOP,scoop-B_18CR1_33.txt,scoop-B_18CR1_33_0,19,18,4,4,1.032,solved,
SCOOP,scoop-B_CARLET_137.txt,scoop-B_CARLET_137_0,13,12,5,5,0.205,solved,
SCOOP,scoop-A_FA+AA-_11.txt,scoop-A_FA+AA-_11_0,99,28,11,11,14.538,solved,
SCOOP,scoop-B_12M18_12.txt,scoop-B_12M18_12_0,28,22,6,6,2.277,solved,
SCOOP,scoop-A_FA+AA-_6.txt,scoop-A_FA+AA-_6_0,79,21,13,13,6.718,solved,
SCOOP,scoop-B_23B25_52.txt,scoop-B_23B25_52_0,27,21,5,5,2.162,solved,
SCOOP,scoop-B_GTM18A_139.txt,scoop-B_GTM18A_139_0,24,20,5,5,1.665,solved,
SCOOP,scoop-B_CUC28A_138.txt,scoop-B_CUC28A_138_0,31,26,6,6,2.039,solved,
Faggioli_Bentivoglio,p4030n9.txt,p4030n9_0,30,40,,,60.049,timeout,
Faggioli_Bentivoglio,p4040n1.txt,p4040n1_0,38,40,,,60.027,timeout,
Faggioli_Bentivoglio,p4040n10.txt,p4040n10_0,38,40,,,60.037,timeout,
Faggioli_Bentivoglio,p4040n2.txt,p4040n2_0,38,40,,,60.007,timeout,
Faggioli_Bentivoglio,p4040n3.txt,p4040n3_0,37,40,,,60.007,timeout,
Faggioli_Bentivoglio,p4040n4.txt,p4040n4_0,39,40,,,60.009,timeout,
Faggioli_Bentivoglio,p4040n5.txt,p4040n5_0,39,40,,,60.043,timeout,
Faggioli_Bentivoglio,p4040n6.txt,p4040n6_0,38,40,,,60.042,timeout,
Faggioli_Bentivoglio,p4040n7.txt,p4040n7_0,38,40,,,60.039,timeout,
SCOOP,scoop-A_FA+AA-_8.txt,scoop-A_FA+AA-_8_0,82,28,11,11,18.812,solved,
Faggioli_Bentivoglio,p4040n8.txt,p4040n8_0,38,40,,,60.042,timeout,
Faggioli_Bentivoglio,p4040n9.txt,p4040n9_0,37,40,,,60.049,timeout,
SCOOP,scoop-B_REVAL_145.txt,scoop-B_REVAL_145_0,60,49,7,7,16.255,solved,
Faggioli_Bentivoglio,p4050n1.txt,p4050n1_0,50,40,,,60.042,timeout,
Faggioli_Bentivoglio,p4050n10.txt,p4050n10_0,50,40,,,60.035,timeout,
Faggioli_Bentivoglio,p4050n2.txt,p4050n2_0,50,40,,,60.041,timeout,
Faggioli_Bentivoglio,p4050n3.txt,p4050n3_0,50,40,,,60.001,timeout,
Faggioli_Bentivoglio,p4050n4.txt,p4050n4_0,50,40,,,60.048,timeout,
Faggioli_Bentivoglio,p4050n5.txt,p4050n5_0,50,40,,,60.002,timeout,
Faggioli_Bentivoglio,p4050n6.txt,p4050n6_0,50,40,,,60.049,timeout,
Faggioli_Bentivoglio,p4050n7.txt,p4050n7_0,50,40,,,60.047,timeout,
Faggioli_Bentivoglio,p4050n8.txt,p4050n8_0,50,40,,,60.039,timeout,
Faggioli_Bentivoglio,p4050n9.txt,p4050n9_0,50,40,,,60.026,timeout,
SCOOP,scoop-A_FA+AA-_1.txt,scoop-A_FA+AA-_1_0,105,37,,,60.019,timeout,
SCOOP,scoop-A_FA+AA-_13.txt,scoop-A_FA+AA-_13_0,134,37,,,60.049,timeout,
