set,name,n,m,engine,rules,lower,upper_start,width,proof,nodes,seconds,components,error
rome,rome/rome/grafo1000.14.graphml,14,20,C,repaired,2,3,3,refutation,16,0.001,1,
rome,rome/rome/grafo10004.32.graphml,32,37,C,repaired,3,3,3,bound,0,0.001,1,
rome,rome/rome/grafo10005.39.graphml,39,49,C,repaired,4,5,4,bound,254,0.002,1,
rome,rome/rome/grafo10009.31.graphml,31,37,C,repaired,3,3,3,bound,0,0.001,1,
rome,rome/rome/grafo1001.12.graphml,12,12,C,repaired,2,2,2,bound,0,0.0,1,
rome,rome/rome/grafo10013.31.graphml,31,36,C,repaired,2,3,3,refutation,55,0.001,1,
rome,rome/rome/grafo10010.39.graphml,39,50,C,repaired,4,5,5,refutation,3478,0.012,1,
rome,rome/rome/grafo10012.40.graphml,40,53,C,repaired,4,5,4,bound,105,0.002,1,
rome,rome/rome/grafo10000.38.graphml,38,52,C,repaired,4,5,5,refutation,540,0.003,1,
rome,rome/rome/grafo10001.32.graphml,32,32,C,repaired,2,2,2,bound,0,0.004,1,
rome,rome/rome/grafo10002.40.graphml,40,45,C,repaired,2,4,3,refutation,323,0.005,1,
rome,rome/rome/grafo10003.40.graphml,40,50,C,repaired,4,5,4,bound,31,0.003,1,
rome,rome/rome/grafo10007.31.graphml,31,34,C,repaired,3,3,3,bound,0,0.001,1,
rome,rome/rome/grafo10008.42.graphml,42,61,C,repaired,5,7,6,refutation,6753,0.014,1,
rome,rome/rome/grafo10011.31.graphml,31,36,C,repaired,2,3,3,refutation,55,0.001,1,
rome,rome/rome/grafo10014.39.graphml,39,52,C,repaired,4,6,5,refutation,1323,0.006,1,
rome,rome/rome/grafo10015.39.graphml,39,45,C,repaired,3,4,4,refutation,1547,0.007,1,
rome,rome/rome/grafo10018.31.graphml,31,36,C,repaired,3,3,3,bound,0,0.001,1,
rome,rome/rome/grafo10019.38.graphml,38,47,C,repaired,3,4,4,refutation,394,0.003,1,
rome,rome/rome/grafo1002.20.graphml,20,21,C,repaired,2,3,3,refutation,74,0.001,1,
rome,rome/rome/grafo10020.38.graphml,38,50,C,repaired,4,6,5,refutation,1518,0.006,1,
rome,rome/rome/grafo10021.39.graphml,39,48,C,repaired,4,5,4,bound,132,0.002,1,
rome,rome/rome/grafo10023.39.graphml,39,51,C,repaired,4,5,5,refutation,1502,0.008,1,
rome,rome/rome/grafo10024.32.graphml,32,38,C,repaired,3,4,4,refutation,378,0.003,1,
rome,rome/rome/grafo10027.38.graphml,38,50,C,repaired,4,5,5,refutation,1314,0.005,1,
rome,rome/rome/grafo10016.39.graphml,39,52,C,repaired,4,5,5,refutation,2276,0.017,1,
rome,rome/rome/grafo10022.31.graphml,31,36,C,repaired,2,3,3,refutation,55,0.001,1,
rome,rome/rome/grafo10025.31.graphml,31,37,C,repaired,3,4,3,bound,92,0.001,1,
rome,rome/rome/grafo10029.40.graphml,40,55,C,repaired,4,6,5,refutation,1224,0.005,1,
rome,rome/rome/grafo1003.11.graphml,11,12,C,repaired,2,2,2,bound,0,0.0,1,
rome,rome/rome/grafo10026.32.graphml,32,38,C,repaired,3,5,4,refutation,302,0.011,1,
rome,rome/rome/grafo10031.38.graphml,38,49,C,repaired,4,5,5,refutation,2511,0.012,1,
rome,rome/rome/grafo10032.38.graphml,38,47,C,repaired,3,5,4,refutation,445,0.004,1,
rome,rome/rome/grafo10033.31.graphml,31,36,C,repaired,2,3,3,refutation,55,0.001,1,
rome,rome/rome/grafo10034.40.graphml,40,54,C,repaired,4,6,5,refutation,2039,0.008,1,
rome,rome/rome/grafo10035.38.graphml,38,47,C,repaired,3,5,4,refutation,699,0.004,1,
rome,rome/rome/grafo10030.38.graphml,38,52,C,repaired,4,5,5,refutation,1252,0.007,1,
rome,rome/rome/grafo10036.31.graphml,31,36,C,repaired,2,3,3,refutation,55,0.001,1,
rome,rome/rome/grafo10037.39.graphml,39,50,C,repaired,4,5,4,bound,42,0.002,1,
rome,rome/rome/grafo10040.32.graphml,32,36,C,repaired,3,3,3,bound,0,0.001,1,
rome,rome/rome/grafo10041.41.graphml,41,56,C,repaired,4,5,5,refutation,2234,0.008,1,
rome,rome/rome/grafo10042.39.graphml,39,53,C,repaired,4,5,5,refutation,1263,0.006,1,
rome,rome/rome/grafo10043.32.graphml,32,38,C,repaired,3,4,4,refutation,474,0.003,1,
rome,rome/rome/grafo10046.40.graphml,40,50,C,repaired,4,5,5,refutation,3025,0.01,1,
rome,rome/rome/grafo1004.11.graphml,11,12,C,repaired,2,2,2,bound,0,0.0,1,
rome,rome/rome/grafo10047.32.graphml,32,38,C,repaired,3,4,4,refutation,462,0.003,1,
rome,rome/rome/grafo10048.32.graphml,32,39,C,repaired,3,4,4,refutation,218,0.002,1,
rome,rome/rome/grafo10049.39.graphml,39,50,C,repaired,4,5,5,refutation,2600,0.013,1,
rome,rome/rome/grafo10038.38.graphml,38,46,C,repaired,3,4,4,refutation,428,0.004,1,
rome,rome/rome/grafo10044.38.graphml,38,46,C,repaired,3,4,4,refutation,351,0.008,1,
rome,rome/rome/grafo10045.38.graphml,38,50,C,repaired,3,5,4,refutation,464,0.005,1,
rome,rome/rome/grafo1005.11.graphml,11,11,C,repaired,2,2,2,bound,0,0.0,1,
rome,rome/rome/grafo10051.30.graphml,30,35,C,repaired,3,3,3,bound,0,0.001,1,
rome,rome/rome/grafo10052.32.graphml,32,33,C,repaired,2,2,2,bound,0,0.003,1,
rome,rome/rome/grafo10053.32.graphml,32,37,C,repaired,3,3,3,bound,0,0.001,1,
rome,rome/rome/grafo10056.31.graphml,31,36,C,repaired,2,3,3,refutation,55,0.001,1,
rome,rome/rome/grafo10057.40.graphml,40,59,C,repaired,5,6,6,refutation,4504,0.014,1,
rome,rome/rome/grafo10055.40.graphml,40,56,C,repaired,4,6,5,refutation,2247,0.008,1,
rome,rome/rome/grafo10058.32.graphml,32,40,C,repaired,3,4,4,refutation,334,0.002,1,
rome,rome/rome/grafo10059.32.graphml,32,39,C,repaired,3,4,4,refutation,171,0.002,1,
rome,rome/rome/grafo10062.39.graphml,39,44,C,repaired,3,5,4,refutation,793,0.004,1,
rome,rome/rome/grafo10054.40.graphml,40,51,C,repaired,4,6,5,refutation,3566,0.013,1,
rome,rome/rome/grafo10063.31.graphml,31,36,C,repaired,2,3,3,refutation,55,0.001,1,
rome,rome/rome/grafo10065.32.graphml,32,40,C,repaired,3,4,4,refutation,178,0.002,1,
rome,rome/rome/grafo1006.11.graphml,11,12,C,repaired,2,2,2,bound,0,0.0,1,
rome,rome/rome/grafo10064.39.graphml,39,59,C,repaired,5,7,6,refutation,3390,0.013,1,
rome,rome/rome/grafo10067.41.graphml,41,47,C,repaired,3,3,3,bound,0,0.001,1,
rome,rome/rome/grafo10066.40.graphml,40,53,C,repaired,4,6,5,refutation,2100,0.008,1,
rome,rome/rome/grafo10069.40.graphml,40,52,C,repaired,4,6,5,refutation,3029,0.01,1,
rome,rome/rome/grafo1007.20.graphml,20,22,C,repaired,2,3,2,bound,18,0.001,1,
rome,rome/rome/grafo10070.32.graphml,32,37,C,repaired,3,4,3,bound,33,0.001,1,
rome,rome/rome/grafo10071.40.graphml,40,50,C,repaired,4,6,4,bound,91,0.002,1,
rome,rome/rome/grafo10068.31.graphml,31,37,C,repaired,3,3,3,bound,0,0.001,1,
rome,rome/rome/grafo10075.31.graphml,31,37,C,repaired,3,3,3,bound,0,0.001,1,
rome,rome/rome/grafo10078.40.graphml,40,51,C,repaired,4,5,5,refutation,3666,0.013,1,
rome,rome/rome/grafo1008.12.graphml,12,11,C,repaired,1,1,1,bound,0,0.0,1,
rome,rome/rome/grafo10077.31.graphml,31,36,C,repaired,2,3,3,refutation,55,0.001,1,
rome,rome/rome/grafo10079.41.graphml,41,57,C,repaired,5,6,5,bound,335,0.005,1,
rome,rome/rome/grafo10080.38.graphml,38,47,C,repaired,4,5,4,bound,38,0.004,1,
rome,rome/rome/grafo10081.34.graphml,34,42,C,repaired,3,4,4,refutation,615,0.005,1,
rome,rome/rome/grafo10083.38.graphml,38,51,C,repaired,4,6,5,refutation,1301,0.005,1,
rome,rome/rome/grafo10085.35.graphml,35,41,C,repaired,3,4,4,refutation,517,0.003,1,
rome,rome/rome/grafo10087.39.graphml,39,52,C,repaired,4,6,5,refutation,2283,0.01,1,
rome,rome/rome/grafo10086.34.graphml,34,42,C,repaired,3,4,3,bound,56,0.001,1,
rome,rome/rome/grafo10088.39.graphml,39,55,C,repaired,4,5,5,refutation,831,0.006,1,
rome,rome/rome/grafo10089.37.graphml,37,49,C,repaired,4,6,5,refutation,1160,0.007,1,
rome,rome/rome/grafo1009.17.graphml,17,17,C,repaired,2,3,2,bound,15,0.001,1,
rome,rome/rome/grafo10090.97.graphml,97,118,C,repaired,4,6,6,refutation,144761,0.189,1,
rome,rome/rome/grafo10095.93.graphml,93,120,C,repaired,5,8,8,refutation,1150058,0.986,1,
rome,rome/rome/grafo10039.98.graphml,98,128,C,repaired,5,8,8,refutation,2357177,2.357,1,
rome,rome/rome/grafo10082.98.graphml,98,125,C,repaired,5,9,8,refutation,3024940,2.71,1,
rome,rome/rome/grafo10091.96.graphml,96,130,C,repaired,5,9,8,refutation,3186046,2.879,1,
rome,rome/rome/grafo10060.90.graphml,90,121,C,repaired,5,9,8,refutation,3794940,3.855,1,
rome,rome/rome/grafo1010.10.graphml,10,10,C,repaired,2,2,2,bound,0,0.0,1,
rome,rome/rome/grafo10097.95.graphml,95,118,C,repaired,5,8,8,refutation,2756531,2.655,1,
rome,rome/rome/grafo10096.95.graphml,95,130,C,repaired,6,9,8,refutation,4409724,3.606,1,
rome,rome/rome/grafo10102.97.graphml,97,132,C,repaired,5,8,8,refutation,1792307,1.638,1,
rome,rome/rome/grafo10006.98.graphml,98,136,C,repaired,6,10,10,,16437248,10.009,1,
rome,rome/rome/grafo10017.96.graphml,96,140,C,repaired,7,11,11,,18096128,10.008,1,
rome,rome/rome/grafo10028.96.graphml,96,135,C,repaired,7,10,10,,13209600,10.013,1,
rome,rome/rome/grafo10050.97.graphml,97,133,C,repaired,7,10,9,,12202250,10.012,1,
rome,rome/rome/grafo10061.99.graphml,99,131,C,repaired,7,10,9,,17638690,10.014,1,
rome,rome/rome/grafo10074.90.graphml,90,130,C,repaired,7,11,10,,14944752,10.011,1,
rome,rome/rome/grafo10072.97.graphml,97,136,C,repaired,7,10,10,,13516800,10.013,1,
rome,rome/rome/grafo10076.90.graphml,90,129,C,repaired,7,11,10,,13176895,10.01,1,
rome,rome/rome/grafo1011.19.graphml,19,24,C,repaired,2,4,3,refutation,109,0.001,1,
rome,rome/rome/grafo10084.97.graphml,97,147,C,repaired,7,12,11,,16902544,10.012,1,
rome,rome/rome/grafo10106.100.graphml,100,119,C,repaired,5,7,6,refutation,559484,0.557,1,
rome,rome/rome/grafo10092.97.graphml,97,130,C,repaired,6,10,10,,12341248,10.013,1,
rome,rome/rome/grafo10110.97.graphml,97,117,C,repaired,4,7,6,refutation,208266,0.215,1,
rome,rome/rome/grafo10093.98.graphml,98,140,C,repaired,7,11,11,,16003072,10.01,1,
rome,rome/rome/grafo10108.99.graphml,99,129,C,repaired,5,8,7,refutation,824046,0.772,1,
rome,rome/rome/grafo10109.95.graphml,95,126,C,repaired,6,9,7,refutation,794706,0.686,1,
rome,rome/rome/grafo10114.95.graphml,95,119,C,repaired,4,7,7,refutation,665942,0.458,1,
rome,rome/rome/grafo1012.22.graphml,22,24,C,repaired,3,3,3,bound,0,0.001,1,
rome,rome/rome/grafo10101.92.graphml,92,132,C,repaired,6,10,9,refutation,7015877,6.149,1,
rome,rome/rome/grafo10115.92.graphml,92,117,C,repaired,5,8,7,refutation,693791,0.6,1,
rome,rome/rome/grafo10121.95.graphml,95,122,C,repaired,6,9,8,refutation,2035551,1.359,1,
rome,rome/rome/grafo10098.95.graphml,95,134,C,repaired,7,11,10,,13348598,10.011,1,
rome,rome/rome/grafo10107.93.graphml,93,133,C,repaired,6,10,8,refutation,3782651,3.152,1,
rome,rome/rome/grafo10099.94.graphml,94,144,C,repaired,7,12,12,,12984320,10.009,1,
rome,rome/rome/grafo10125.99.graphml,99,114,C,repaired,5,7,6,refutation,633380,0.45,1,
rome,rome/rome/grafo10100.99.graphml,99,139,C,repaired,6,11,11,,12242944,10.011,1,
rome,rome/rome/grafo10122.96.graphml,96,124,C,repaired,6,9,8,refutation,3999981,2.873,1,
rome,rome/rome/grafo10120.96.graphml,96,125,C,repaired,6,9,9,refutation,4107303,3.327,1,
rome,rome/rome/grafo1013.15.graphml,15,23,C,repaired,3,4,4,refutation,52,0.001,1,
rome,rome/rome/grafo10128.98.graphml,98,130,C,repaired,6,9,8,refutation,1481062,1.391,1,
rome,rome/rome/grafo10103.98.graphml,98,131,C,repaired,6,9,9,,19345408,10.007,1,
rome,rome/rome/grafo10127.94.graphml,94,130,C,repaired,6,9,9,refutation,5842721,4.321,1,
rome,rome/rome/grafo10133.32.graphml,32,37,C,repaired,3,4,4,refutation,391,0.003,1,
rome,rome/rome/grafo10134.33.graphml,33,34,C,repaired,2,3,2,bound,35,0.001,1,
rome,rome/rome/grafo10135.35.graphml,35,43,C,repaired,2,4,3,refutation,142,0.002,1,
rome,rome/rome/grafo10136.39.graphml,39,48,C,repaired,3,4,4,refutation,648,0.004,1,
rome,rome/rome/grafo10137.36.graphml,36,45,C,repaired,3,4,4,refutation,435,0.003,1,
rome,rome/rome/grafo10138.33.graphml,33,42,C,repaired,3,4,3,bound,69,0.001,1,
rome,rome/rome/grafo10139.95.graphml,95,127,C,repaired,6,8,7,refutation,832137,0.782,1,
rome,rome/rome/grafo1014.14.graphml,14,18,C,repaired,3,3,3,bound,0,0.001,1,
rome,rome/rome/grafo10140.40.graphml,40,48,C,repaired,4,5,4,bound,98,0.002,1,
rome,rome/rome/grafo10141.38.graphml,38,45,C,repaired,3,4,4,refutation,522,0.004,1,
rome,rome/rome/grafo10142.37.graphml,37,47,C,repaired,5,5,5,bound,0,0.002,1,
rome,rome/rome/grafo10104.96.graphml,96,134,C,repaired,6,10,10,,18509824,10.011,1,
rome,rome/rome/grafo10105.93.graphml,93,137,C,repaired,6,12,12,,11939840,10.012,1,
rome,rome/rome/grafo10143.93.graphml,93,118,C,repaired,5,8,7,refutation,307690,0.329,1,
rome,rome/rome/grafo10144.98.graphml,98,134,C,repaired,5,8,7,refutation,402464,0.407,1,
rome,rome/rome/grafo10111.96.graphml,96,122,C,repaired,5,8,8,,14413824,10.009,1,
rome,rome/rome/grafo10112.98.graphml,98,137,C,repaired,6,10,10,,19070976,10.009,1,
rome,rome/rome/grafo10113.94.graphml,94,139,C,repaired,8,13,13,,11935744,10.012,1,
rome,rome/rome/grafo1015.16.graphml,16,21,C,repaired,3,3,3,bound,0,0.001,1,
rome,rome/rome/grafo10116.100.graphml,100,149,C,repaired,7,11,11,,12881920,10.01,1,
rome,rome/rome/grafo10117.98.graphml,98,125,C,repaired,6,9,9,,16723968,10.008,1,
rome,rome/rome/grafo10118.97.graphml,97,128,C,repaired,5,9,9,,16777216,10.011,1,
rome,rome/rome/grafo10152.96.graphml,96,125,C,repaired,6,8,7,refutation,909760,0.761,1,
rome,rome/rome/grafo10145.94.graphml,94,125,C,repaired,5,9,8,refutation,2454540,2.411,1,
rome,rome/rome/grafo10123.96.graphml,96,130,C,repaired,6,9,9,,13684736,10.009,1,
rome,rome/rome/grafo10124.100.graphml,100,139,C,repaired,7,11,11,,14102528,10.011,1,
rome,rome/rome/grafo10126.98.graphml,98,144,C,repaired,7,11,11,,12132352,10.009,1,
rome,rome/rome/grafo10158.91.graphml,91,121,C,repaired,5,8,7,refutation,255108,0.28,1,
rome,rome/rome/grafo10129.99.graphml,99,135,C,repaired,6,11,10,,13780947,10.01,1,
rome,rome/rome/grafo1016.18.graphml,18,19,C,repaired,2,2,2,bound,0,0.0,1,
rome,rome/rome/grafo10130.97.graphml,97,138,C,repaired,6,10,10,,14565376,10.014,1,
rome,rome/rome/grafo10131.98.graphml,98,126,C,repaired,6,9,9,,17477632,10.008,1,
rome,rome/rome/grafo10146.97.graphml,97,142,C,repaired,7,10,9,refutation,9964420,6.382,1,
rome,rome/rome/grafo10159.95.graphml,95,125,C,repaired,6,9,8,refutation,3502407,3.027,1,
rome,rome/rome/grafo10132.97.graphml,97,134,C,repaired,6,10,9,,12968921,10.01,1,
rome,rome/rome/grafo10157.94.graphml,94,120,C,repaired,5,8,8,refutation,5059355,4.642,1,
rome,rome/rome/grafo10150.95.graphml,95,129,C,repaired,6,10,9,refutation,9880251,7.96,1,
rome,rome/rome/grafo10163.93.graphml,93,121,C,repaired,6,9,8,refutation,3399730,2.436,1,
rome,rome/rome/grafo10167.96.graphml,96,133,C,repaired,6,9,8,refutation,1620220,1.475,1,
rome,rome/rome/grafo10147.94.graphml,94,132,C,repaired,7,12,11,,15413313,10.014,1,
rome,rome/rome/grafo1017.15.graphml,15,16,C,repaired,2,3,2,bound,15,0.001,1,
rome,rome/rome/grafo10148.97.graphml,97,134,C,repaired,6,9,8,,15126777,10.009,1,
rome,rome/rome/grafo10149.95.graphml,95,134,C,repaired,7,11,11,,14438400,10.009,1,
rome,rome/rome/grafo10151.94.graphml,94,140,C,repaired,6,11,11,,13099008,10.009,1,
rome,rome/rome/grafo10169.93.graphml,93,116,C,repaired,4,7,7,refutation,685572,0.61,1,
rome,rome/rome/grafo10153.100.graphml,100,136,C,repaired,6,9,9,,15872000,10.012,1,
rome,rome/rome/grafo10154.94.graphml,94,132,C,repaired,7,10,10,,14004224,10.012,1,
rome,rome/rome/grafo10155.97.graphml,97,129,C,repaired,6,10,9,,15397441,10.009,1,
rome,rome/rome/grafo10156.97.graphml,97,148,C,repaired,7,13,12,,13682087,10.012,1,
rome,rome/rome/grafo10172.99.graphml,99,132,C,repaired,6,9,8,refutation,4635785,3.308,1,
rome,rome/rome/grafo10165.96.graphml,96,125,C,repaired,5,9,8,refutation,9132114,7.191,1,
rome,rome/rome/grafo10160.96.graphml,96,138,C,repaired,6,11,11,,12525568,10.014,1,
rome,rome/rome/grafo1018.29.graphml,29,36,C,repaired,4,4,4,bound,0,0.001,1,
rome,rome/rome/grafo10174.95.graphml,95,131,C,repaired,6,9,8,refutation,4448554,3.682,1,
rome,rome/rome/grafo10182.33.graphml,33,33,C,repaired,2,2,2,bound,0,0.001,1,
rome,rome/rome/grafo10161.99.graphml,99,148,C,repaired,8,11,10,,15187679,10.012,1,
rome,rome/rome/grafo10177.96.graphml,96,122,C,repaired,5,8,8,refutation,3780185,3.089,1,
rome,rome/rome/grafo10185.32.graphml,32,38,C,repaired,3,3,3,bound,0,0.001,1,
rome,rome/rome/grafo10186.39.graphml,39,48,C,repaired,3,4,4,refutation,555,0.004,1,
rome,rome/rome/grafo10187.33.graphml,33,37,C,repaired,3,3,3,bound,0,0.001,1,
rome,rome/rome/grafo10188.38.graphml,38,48,C,repaired,4,5,5,refutation,1244,0.007,1,
rome,rome/rome/grafo10162.93.graphml,93,137,C,repaired,7,10,9,,12972200,10.007,1,
rome,rome/rome/grafo1019.11.graphml,11,11,C,repaired,2,2,2,bound,0,0.0,1,
rome,rome/rome/grafo10189.38.graphml,38,46,C,repaired,3,5,4,refutation,867,0.005,1,
rome,rome/rome/grafo10190.34.graphml,34,45,C,repaired,3,4,4,refutation,325,0.002,1,
rome,rome/rome/grafo10191.34.graphml,34,38,C,repaired,3,4,3,bound,47,0.001,1,
rome,rome/rome/grafo10192.39.graphml,39,48,C,repaired,3,5,3,bound,199,0.002,1,
rome,rome/rome/grafo10193.38.graphml,38,46,C,repaired,4,5,4,bound,55,0.002,1,
rome,rome/rome/grafo10164.98.graphml,98,137,C,repaired,6,11,10,,11178125,10.012,1,
rome,rome/rome/grafo10178.99.graphml,99,128,C,repaired,6,8,8,refutation,5128121,4.877,1,
rome,rome/rome/grafo10196.94.graphml,94,121,C,repaired,5,8,7,refutation,899460,0.786,1,
rome,rome/rome/grafo10166.98.graphml,98,133,C,repaired,7,10,9,,16284813,10.014,1,
rome,rome/rome/grafo10199.98.graphml,98,123,C,repaired,4,7,6,refutation,152181,0.182,1,
rome,rome/rome/grafo10194.97.graphml,97,134,C,repaired,5,9,8,refutation,2562377,2.208,1,
rome,rome/rome/grafo1020.12.graphml,12,11,C,repaired,1,1,1,bound,0,0.0,1,
rome,rome/rome/grafo10200.96.graphml,96,128,C,repaired,5,7,7,refutation,538286,0.523,1,
rome,rome/rome/grafo10168.95.graphml,95,122,C,repaired,5,9,9,,15065088,10.012,1,
rome,rome/rome/grafo10198.94.graphml,94,121,C,repaired,5,8,7,refutation,1259790,1.098,1,
rome,rome/rome/grafo10170.96.graphml,96,127,C,repaired,6,9,9,,17133568,10.01,1,
rome,rome/rome/grafo10171.99.graphml,99,140,C,repaired,7,13,13,,14983168,10.011,1,
rome,rome/rome/grafo10173.97.graphml,97,142,C,repaired,6,11,10,,14295402,10.012,1,
rome,rome/rome/grafo10175.99.graphml,99,143,C,repaired,7,11,11,,12558336,10.011,1,
rome,rome/rome/grafo10176.97.graphml,97,142,C,repaired,6,11,10,,12533924,10.012,1,
rome,rome/rome/grafo10181.93.graphml,93,133,C,repaired,6,10,9,refutation,12816258,9.058,1,
rome,rome/rome/grafo1021.14.graphml,14,14,C,repaired,2,2,2,bound,0,0.0,1,
rome,rome/rome/grafo10206.97.graphml,97,128,C,repaired,6,9,8,refutation,3187070,3.023,1,
rome,rome/rome/grafo10179.97.graphml,97,143,C,repaired,7,11,11,,14360576,10.012,1,
rome,rome/rome/grafo10211.92.graphml,92,119,C,repaired,5,8,7,refutation,371089,0.424,1,
rome,rome/rome/grafo10180.98.graphml,98,132,C,repaired,6,10,9,,15186272,10.011,1,
rome,rome/rome/grafo10183.100.graphml,100,132,C,repaired,6,9,9,,15306752,10.01,1,
rome,rome/rome/grafo10184.100.graphml,100,140,C,repaired,7,11,11,,15007744,10.012,1,
rome,rome/rome/grafo10208.98.graphml,98,131,C,repaired,6,8,8,refutation,3781723,3.523,1,
rome,rome/rome/grafo10195.99.graphml,99,142,C,repaired,7,10,10,,11390976,10.011,1,
rome,rome/rome/grafo10210.92.graphml,92,118,C,repaired,5,9,8,refutation,3548803,2.655,1,
rome,rome/rome/grafo10214.94.graphml,94,125,C,repaired,6,9,8,refutation,2983324,2.519,1,
rome,rome/rome/grafo1022.17.graphml,17,18,C,repaired,2,3,3,refutation,37,0.001,1,
rome,rome/rome/grafo10197.96.graphml,96,135,C,repaired,7,10,10,,14438400,10.008,1,
rome,rome/rome/grafo10201.93.graphml,93,123,C,repaired,6,9,8,,15319117,10.008,1,
rome,rome/rome/grafo10202.92.graphml,92,131,C,repaired,6,10,10,,13651968,10.01,1,
rome,rome/rome/grafo10203.97.graphml,97,141,C,repaired,7,12,11,,11914672,10.014,1,
rome,rome/rome/grafo10204.100.graphml,100,148,C,repaired,7,12,11,,17211500,10.011,1,
rome,rome/rome/grafo10221.95.graphml,95,128,C,repaired,7,8,8,refutation,2277500,1.515,1,
rome,rome/rome/grafo10226.97.graphml,97,123,C,repaired,5,8,7,refutation,1091416,0.671,1,
rome,rome/rome/grafo10205.97.graphml,97,141,C,repaired,8,11,11,,16162816,10.009,1,
rome,rome/rome/grafo10207.98.graphml,98,137,C,repaired,6,11,11,,15032320,10.01,1,
rome,rome/rome/grafo10229.36.graphml,36,46,C,repaired,3,4,4,refutation,378,0.003,1,
rome,rome/rome/grafo1023.11.graphml,11,11,C,repaired,2,2,2,bound,0,0.0,1,
rome,rome/rome/grafo10230.37.graphml,37,48,C,repaired,3,5,3,bound,158,0.002,1,
rome,rome/rome/grafo10231.32.graphml,32,35,C,repaired,2,4,2,bound,61,0.001,1,
rome,rome/rome/grafo10232.37.graphml,37,49,C,repaired,4,6,5,refutation,771,0.006,1,
rome,rome/rome/grafo10233.34.graphml,34,39,C,repaired,2,4,3,refutation,161,0.002,1,
rome,rome/rome/grafo10234.39.graphml,39,51,C,repaired,4,6,5,refutation,2311,0.012,1,
rome,rome/rome/grafo10235.39.graphml,39,53,C,repaired,3,4,4,refutation,242,0.003,1,
rome,rome/rome/grafo10236.95.graphml,95,119,C,repaired,5,7,6,refutation,454606,0.451,1,
rome,rome/rome/grafo10209.99.graphml,99,145,C,repaired,7,11,10,,13766401,10.012,1,
rome,rome/rome/grafo10212.97.graphml,97,126,C,repaired,6,10,9,,20140985,10.01,1,
rome,rome/rome/grafo1024.20.graphml,20,21,C,repaired,2,2,2,bound,0,0.001,1,
rome,rome/rome/grafo10213.99.graphml,99,132,C,repaired,6,11,11,,14336000,10.011,1,
rome,rome/rome/grafo10215.93.graphml,93,142,C,repaired,7,12,11,,12062589,10.012,1,
rome,rome/rome/grafo10217.99.graphml,99,133,C,repaired,6,10,9,,14940172,10.011,1,
rome,rome/rome/grafo10216.97.graphml,97,128,C,repaired,6,9,9,,17166336,10.013,1,
rome,rome/rome/grafo10241.95.graphml,95,128,C,repaired,5,8,8,refutation,1317069,1.198,1,
rome,rome/rome/grafo10218.99.graphml,99,142,C,repaired,7,11,11,,14520320,10.008,1,
rome,rome/rome/grafo10219.99.graphml,99,128,C,repaired,6,9,9,,15032320,10.013,1,
rome,rome/rome/grafo10220.97.graphml,97,137,C,repaired,6,10,9,,13636211,10.013,1,
rome,rome/rome/grafo10222.99.graphml,99,128,C,repaired,5,10,9,,12879742,10.013,1,
rome,rome/rome/grafo10248.100.graphml,100,126,C,repaired,4,8,7,refutation,1253195,1.096,1,
rome,rome/rome/grafo1025.15.graphml,15,16,C,repaired,2,2,2,bound,0,0.0,1,
rome,rome/rome/grafo10223.100.graphml,100,135,C,repaired,6,10,9,,13619274,10.013,1,
rome,rome/rome/grafo10224.95.graphml,95,133,C,repaired,7,10,9,,15847312,10.009,1,
rome,rome/rome/grafo10225.99.graphml,99,133,C,repaired,6,10,9,,14352684,10.012,1,
rome,rome/rome/grafo10227.96.graphml,96,128,C,repaired,6,9,8,,15343779,10.009,1,
rome,rome/rome/grafo10228.95.graphml,95,132,C,repaired,7,10,9,,12037672,10.012,1,
rome,rome/rome/grafo10254.94.graphml,94,127,C,repaired,6,8,8,refutation,1806405,1.47,1,
rome,rome/rome/grafo10256.96.graphml,96,127,C,repaired,5,7,7,refutation,326888,0.354,1,
rome,rome/rome/grafo10257.100.graphml,100,124,C,repaired,5,7,6,refutation,334726,0.384,1,
rome,rome/rome/grafo10253.97.graphml,97,125,C,repaired,5,9,8,refutation,2134778,2.119,1,
rome,rome/rome/grafo1026.26.graphml,26,36,C,repaired,3,4,3,bound,35,0.001,1,
rome,rome/rome/grafo10258.96.graphml,96,131,C,repaired,5,8,7,refutation,574460,0.595,1,
rome,rome/rome/grafo10237.100.graphml,100,141,C,repaired,7,12,12,,12075008,10.009,1,
rome,rome/rome/grafo10239.91.graphml,91,123,C,repaired,6,10,9,,14745788,10.011,1,
rome,rome/rome/grafo10263.97.graphml,97,123,C,repaired,5,9,7,refutation,846542,0.854,1,
rome,rome/rome/grafo10264.99.graphml,99,127,C,repaired,5,8,7,refutation,972203,0.974,1,
rome,rome/rome/grafo10240.97.graphml,97,134,C,repaired,6,10,10,,13815808,10.014,1,
rome,rome/rome/grafo10242.93.graphml,93,121,C,repaired,6,9,9,,18644992,10.013,1,
rome,rome/rome/grafo10243.95.graphml,95,133,C,repaired,6,10,9,,13312975,10.01,1,
rome,rome/rome/grafo10244.99.graphml,99,141,C,repaired,7,11,10,,14158772,10.011,1,
rome,rome/rome/grafo10245.92.graphml,92,135,C,repaired,6,12,12,,15028224,10.009,1,
rome,rome/rome/grafo1027.11.graphml,11,13,C,repaired,3,3,3,bound,0,0.0,1,
rome,rome/rome/grafo10246.96.graphml,96,133,C,repaired,6,10,9,,16282836,10.009,1,
rome,rome/rome/grafo10247.95.graphml,95,126,C,repaired,5,9,9,,16392192,10.009,1,
rome,rome/rome/grafo10267.95.graphml,95,125,C,repaired,6,9,8,refutation,2866421,2.249,1,
rome,rome/rome/grafo10249.94.graphml,94,130,C,repaired,6,10,10,,17580032,10.009,1,
rome,rome/rome/grafo10250.100.graphml,100,138,C,repaired,6,9,9,,16809984,10.008,1,
rome,rome/rome/grafo10276.41.graphml,41,55,C,repaired,4,6,5,refutation,1884,0.01,1,
rome,rome/rome/grafo10277.35.graphml,35,45,C,repaired,3,4,4,refutation,644,0.004,1,
rome,rome/rome/grafo10278.40.graphml,40,55,C,repaired,3,5,4,refutation,594,0.004,1,
rome,rome/rome/grafo10279.32.graphml,32,37,C,repaired,3,4,3,bound,26,0.001,1,
rome,rome/rome/grafo1028.16.graphml,16,22,C,repaired,3,4,3,bound,16,0.001,1,
rome,rome/rome/grafo10280.37.graphml,37,48,C,repaired,4,5,5,refutation,1475,0.008,1,
rome,rome/rome/grafo10281.34.graphml,34,42,C,repaired,3,4,3,bound,108,0.002,1,
rome,rome/rome/grafo10282.40.graphml,40,59,C,repaired,4,7,6,refutation,4198,0.02,1,
rome,rome/rome/grafo10252.96.graphml,96,134,C,repaired,5,10,9,,14544631,10.011,1,
rome,rome/rome/grafo10284.36.graphml,36,48,C,repaired,3,5,4,refutation,312,0.003,1,
rome,rome/rome/grafo10285.39.graphml,39,59,C,repaired,5,6,6,refutation,2345,0.012,1,
rome,rome/rome/grafo10255.93.graphml,93,125,C,repaired,6,10,10,,15896576,10.007,1,
rome,rome/rome/grafo10259.100.graphml,100,141,C,repaired,7,10,10,,13213696,10.012,1,
rome,rome/rome/grafo10260.98.graphml,98,130,C,repaired,6,9,9,,22532096,10.009,1,
rome,rome/rome/grafo10287.92.graphml,92,111,C,repaired,4,7,7,refutation,1760653,1.164,1,
rome,rome/rome/grafo1029.16.graphml,16,16,C,repaired,2,2,2,bound,0,0.001,1,
rome,rome/rome/grafo10286.97.graphml,97,130,C,repaired,6,9,8,refutation,2447563,2.413,1,
rome,rome/rome/grafo10261.96.graphml,96,123,C,repaired,5,9,8,,13258943,10.01,1,
rome,rome/rome/grafo10262.100.graphml,100,136,C,repaired,7,10,9,,13686590,10.007,1,
rome,rome/rome/grafo10293.99.graphml,99,135,C,repaired,5,9,8,refutation,2705832,1.997,1,
rome,rome/rome/grafo10265.100.graphml,100,137,C,repaired,6,9,9,,12681216,10.013,1,
rome,rome/rome/grafo10266.94.graphml,94,140,C,repaired,7,12,11,,13096544,10.009,1,
rome,rome/rome/grafo10290.95.graphml,95,125,C,repaired,6,9,8,refutation,3802050,2.713,1,
rome,rome/rome/grafo10268.97.graphml,97,134,C,repaired,6,10,9,,14146533,10.009,1,
rome,rome/rome/grafo10269.99.graphml,99,138,C,repaired,6,11,9,,20479605,10.011,1,
rome,rome/rome/grafo10270.93.graphml,93,134,C,repaired,7,12,12,,13537280,10.011,1,
rome,rome/rome/grafo1030.15.graphml,15,16,C,repaired,2,3,3,refutation,30,0.001,1,
rome,rome/rome/grafo10300.94.graphml,94,119,C,repaired,5,7,6,refutation,172275,0.217,1,
rome,rome/rome/grafo10271.100.graphml,100,132,C,repaired,6,10,9,,12730961,10.011,1,
rome,rome/rome/grafo10273.97.graphml,97,136,C,repaired,7,10,10,,14299136,10.01,1,
rome,rome/rome/grafo10294.100.graphml,100,134,C,repaired,6,9,8,refutation,3649204,2.725,1,
rome,rome/rome/grafo10304.94.graphml,94,112,C,repaired,4,6,5,refutation,42128,0.086,1,
rome,rome/rome/grafo10274.99.graphml,99,132,C,repaired,6,10,9,,16567808,10.009,1,
rome,rome/rome/grafo10275.97.graphml,97,147,C,repaired,7,12,11,,11984558,10.008,1,
rome,rome/rome/grafo10283.92.graphml,92,131,C,repaired,7,9,9,,15405056,10.008,1,
rome,rome/rome/grafo10307.99.graphml,99,125,C,repaired,5,8,8,refutation,2116746,2.102,1,
rome,rome/rome/grafo10289.99.graphml,99,125,C,repaired,5,9,8,refutation,13516223,9.722,1,
rome,rome/rome/grafo1031.16.graphml,16,17,C,repaired,2,3,2,bound,14,0.001,1,
rome,rome/rome/grafo10288.95.graphml,95,140,C,repaired,7,11,11,,16797696,10.012,1,
rome,rome/rome/grafo10291.93.graphml,93,137,C,repaired,7,11,10,,13796819,10.013,1,
rome,rome/rome/grafo10292.100.graphml,100,140,C,repaired,7,11,11,,15745024,10.01,1,
rome,rome/rome/grafo10313.94.graphml,94,118,C,repaired,4,8,7,refutation,649794,0.486,1,
rome,rome/rome/grafo10311.91.graphml,91,112,C,repaired,5,8,7,refutation,1110675,1.03,1,
rome,rome/rome/grafo10312.91.graphml,91,116,C,repaired,5,8,7,refutation,765303,0.68,1,
rome,rome/rome/grafo10306.95.graphml,95,129,C,repaired,6,10,9,refutation,6661186,6.205,1,
rome,rome/rome/grafo10295.95.graphml,95,131,C,repaired,6,11,10,,14974406,10.01,1,
rome,rome/rome/grafo10296.100.graphml,100,130,C,repaired,6,10,9,,13415766,10.01,1,
rome,rome/rome/grafo10297.98.graphml,98,142,C,repaired,7,12,11,,14722140,10.014,1,
rome,rome/rome/grafo10317.91.graphml,91,123,C,repaired,6,9,8,refutation,916509,0.843,1,
rome,rome/rome/grafo1032.10.graphml,10,9,C,repaired,1,2,2,refutation,10,0.001,1,
rome,rome/rome/grafo10298.97.graphml,97,143,C,repaired,7,11,10,,18667895,10.011,1,
rome,rome/rome/grafo10299.94.graphml,94,132,C,repaired,7,10,9,,16270278,10.012,1,
rome,rome/rome/grafo10319.92.graphml,92,124,C,repaired,6,9,8,refutation,1308080,1.102,1,
rome,rome/rome/grafo10315.98.graphml,98,127,C,repaired,5,8,8,refutation,3521209,3.173,1,
rome,rome/rome/grafo10310.93.graphml,93,117,C,repaired,5,8,8,refutation,5809461,4.403,1,
rome,rome/rome/grafo10301.94.graphml,94,133,C,repaired,7,11,11,,12877824,10.012,1,
rome,rome/rome/grafo10324.99.graphml,99,118,C,repaired,4,7,6,refutation,727021,0.659,1,
rome,rome/rome/grafo10326.93.graphml,93,127,C,repaired,6,8,7,refutation,476842,0.506,1,
rome,rome/rome/grafo10328.92.graphml,92,111,C,repaired,4,6,5,refutation,20182,0.038,1,
rome,rome/rome/grafo1033.24.graphml,24,27,C,repaired,3,3,3,bound,0,0.001,1,
rome,rome/rome/grafo10302.96.graphml,96,130,C,repaired,6,10,9,,17937084,10.013,1,
rome,rome/rome/grafo10303.96.graphml,96,142,C,repaired,8,11,10,,13567021,10.012,1,
rome,rome/rome/grafo10305.100.graphml,100,140,C,repaired,7,10,9,,13746509,10.011,1,
rome,rome/rome/grafo10333.33.graphml,33,36,C,repaired,3,3,3,bound,0,0.001,1,
rome,rome/rome/grafo10334.94.graphml,94,123,C,repaired,5,8,6,refutation,86026,0.14,1,
rome,rome/rome/grafo10335.40.graphml,40,51,C,repaired,3,4,4,refutation,842,0.005,1,
rome,rome/rome/grafo10336.37.graphml,37,46,C,repaired,3,4,4,refutation,367,0.003,1,
rome,rome/rome/grafo10337.36.graphml,36,40,C,repaired,3,4,3,bound,62,0.002,1,
rome,rome/rome/grafo10338.33.graphml,33,42,C,repaired,3,4,3,bound,69,0.001,1,
rome,rome/rome/grafo10320.95.graphml,95,130,C,repaired,6,9,9,refutation,4084133,3.755,1,
rome,rome/rome/grafo1034.29.graphml,29,32,C,repaired,3,4,3,bound,30,0.001,1,
rome,rome/rome/grafo10340.33.graphml,33,37,C,repaired,2,3,3,refutation,124,0.002,1,
rome,rome/rome/grafo10341.41.graphml,41,50,C,repaired,3,4,3,bound,36,0.001,1,
rome,rome/rome/grafo10342.37.graphml,37,47,C,repaired,4,5,5,refutation,1772,0.009,1,
rome,rome/rome/grafo10343.94.graphml,94,118,C,repaired,4,6,4,bound,2932,0.018,1,
rome,rome/rome/grafo10308.96.graphml,96,125,C,repaired,6,10,9,,16650451,10.011,1,
rome,rome/rome/grafo10309.94.graphml,94,132,C,repaired,6,10,10,,12410880,10.013,1,
rome,rome/rome/grafo10314.96.graphml,96,124,C,repaired,6,9,8,,13466799,10.011,1,
rome,rome/rome/grafo10316.100.graphml,100,134,C,repaired,6,10,9,,16187469,10.01,1,
rome,rome/rome/grafo10318.98.graphml,98,137,C,repaired,6,11,10,,12539522,10.011,1,
rome,rome/rome/grafo1035.37.graphml,37,51,C,repaired,4,6,5,refutation,1351,0.007,1,
rome,rome/rome/grafo10321.97.graphml,97,134,C,repaired,6,11,11,,18247680,10.01,1,
rome,rome/rome/grafo10322.97.graphml,97,133,C,repaired,6,10,10,,13709312,10.012,1,
rome,rome/rome/grafo10323.97.graphml,97,128,C,repaired,5,10,9,,17981619,10.012,1,
rome,rome/rome/grafo10349.94.graphml,94,128,C,repaired,6,10,8,refutation,3135825,2.685,1,
rome,rome/rome/grafo10325.96.graphml,96,141,C,repaired,7,13,13,,13152256,10.013,1,
rome,rome/rome/grafo10344.100.graphml,100,130,C,repaired,5,9,8,refutation,7547839,7.153,1,
rome,rome/rome/grafo10327.97.graphml,97,140,C,repaired,7,12,11,,14385721,10.009,1,
rome,rome/rome/grafo10356.97.graphml,97,127,C,repaired,5,8,7,refutation,442684,0.419,1,
rome,rome/rome/grafo10329.97.graphml,97,135,C,repaired,7,10,9,,14372698,10.011,1,
rome,rome/rome/grafo10330.96.graphml,96,124,C,repaired,5,9,8,,15675859,10.013,1,
rome,rome/rome/grafo1036.20.graphml,20,24,C,repaired,2,3,2,bound,19,0.001,1,
rome,rome/rome/grafo10331.100.graphml,100,134,C,repaired,6,9,9,,12148736,10.011,1,
rome,rome/rome/grafo10332.94.graphml,94,128,C,repaired,6,10,10,,17666048,10.009,1,
rome,rome/rome/grafo10339.95.graphml,95,138,C,repaired,7,12,12,,11644928,10.01,1,
rome,rome/rome/grafo10360.93.graphml,93,118,C,repaired,6,8,8,refutation,1775367,1.371,1,
rome,rome/rome/grafo10352.95.graphml,95,123,C,repaired,5,8,8,refutation,4347590,3.157,1,
rome,rome/rome/grafo10345.95.graphml,95,130,C,repaired,7,10,9,,15151172,10.011,1,
rome,rome/rome/grafo10364.100.graphml,100,121,C,repaired,5,8,7,refutation,2399433,2.04,1,
rome,rome/rome/grafo10346.97.graphml,97,137,C,repaired,7,12,11,,13688898,10.009,1,
rome,rome/rome/grafo10368.96.graphml,96,124,C,repaired,5,8,7,refutation,849876,0.614,1,
rome,rome/rome/grafo10348.99.graphml,99,131,C,repaired,6,11,9,,16072548,10.011,1,
rome,rome/rome/grafo1037.22.graphml,22,30,C,repaired,3,4,3,bound,18,0.001,1,
rome,rome/rome/grafo10350.96.graphml,96,125,C,repaired,5,9,9,,18157568,10.008,1,
rome,rome/rome/grafo10351.97.graphml,97,140,C,repaired,7,11,10,,13008969,10.01,1,
rome,rome/rome/grafo10353.99.graphml,99,140,C,repaired,7,11,10,,16119821,10.008,1,
rome,rome/rome/grafo10354.99.graphml,99,150,C,repaired,7,11,11,,14884864,10.013,1,
rome,rome/rome/grafo10355.94.graphml,94,119,C,repaired,5,8,8,,18497536,10.01,1,
rome,rome/rome/grafo10357.94.graphml,94,126,C,repaired,5,9,8,,14861546,10.009,1,
rome,rome/rome/grafo10358.95.graphml,95,135,C,repaired,6,10,10,,13152256,10.012,1,
rome,rome/rome/grafo10359.95.graphml,95,139,C,repaired,7,13,12,,13880235,10.013,1,
rome,rome/rome/grafo10373.94.graphml,94,122,C,repaired,6,9,7,refutation,1744150,1.189,1,
rome,rome/rome/grafo10361.97.graphml,97,132,C,repaired,6,10,10,,16183296,10.013,1,
rome,rome/rome/grafo1038.23.graphml,23,24,C,repaired,2,3,2,bound,34,0.001,1,
rome,rome/rome/grafo10378.100.graphml,100,122,C,repaired,4,7,6,refutation,411580,0.373,1,
rome,rome/rome/grafo10362.94.graphml,94,136,C,repaired,6,10,9,,15364455,10.013,1,
rome,rome/rome/grafo10363.98.graphml,98,125,C,repaired,6,9,8,,12711192,10.011,1,
rome,rome/rome/grafo10374.97.graphml,97,126,C,repaired,5,9,8,refutation,3294716,2.177,1,
rome,rome/rome/grafo10371.95.graphml,95,125,C,repaired,6,9,8,refutation,4040520,3.492,1,
rome,rome/rome/grafo10376.92.graphml,92,125,C,repaired,5,9,8,refutation,2766890,2.425,1,
rome,rome/rome/grafo10379.95.graphml,95,132,C,repaired,6,9,8,refutation,1942391,1.918,1,
rome,rome/rome/grafo10365.97.graphml,97,137,C,repaired,7,10,9,,17885598,10.011,1,
rome,rome/rome/grafo10366.99.graphml,99,134,C,repaired,6,10,9,,13001329,10.013,1,
rome,rome/rome/grafo1039.14.graphml,14,21,C,repaired,3,3,3,bound,0,0.0,1,
rome,rome/rome/grafo10367.96.graphml,96,129,C,repaired,6,10,9,,14696543,10.008,1,
rome,rome/rome/grafo10369.100.graphml,100,138,C,repaired,7,11,11,,14217216,10.012,1,
rome,rome/rome/grafo10390.95.graphml,95,131,C,repaired,6,9,9,refutation,2439965,2.258,1,
rome,rome/rome/grafo10384.99.graphml,99,124,C,repaired,4,8,8,refutation,4447254,4.305,1,
rome,rome/rome/grafo10370.98.graphml,98,127,C,repaired,5,10,9,,12348124,10.013,1,
rome,rome/rome/grafo10395.36.graphml,36,44,C,repaired,3,4,4,refutation,657,0.004,1,
rome,rome/rome/grafo10396.33.graphml,33,38,C,repaired,3,4,4,refutation,425,0.003,1,
rome,rome/rome/grafo10397.36.graphml,36,46,C,repaired,3,5,4,refutation,255,0.003,1,
rome,rome/rome/grafo10398.35.graphml,35,40,C,repaired,3,3,3,bound,0,0.001,1,
rome,rome/rome/grafo10399.33.graphml,33,43,C,repaired,3,4,4,refutation,449,0.003,1,
rome,rome/rome/grafo1040.25.graphml,25,32,C,repaired,3,4,3,bound,40,0.001,1,
rome,rome/rome/grafo10400.33.graphml,33,38,C,repaired,2,4,3,refutation,198,0.002,1,
rome,rome/rome/grafo10401.38.graphml,38,48,C,repaired,4,5,5,refutation,2641,0.012,1,
rome,rome/rome/grafo10402.40.graphml,40,47,C,repaired,3,3,3,bound,0,0.001,1,
rome,rome/rome/grafo10403.38.graphml,38,53,C,repaired,5,6,6,refutation,3420,0.016,1,
rome,rome/rome/grafo10394.100.graphml,100,127,C,repaired,5,8,7,refutation,1338924,1.241,1,
rome,rome/rome/grafo10387.97.graphml,97,137,C,repaired,7,10,9,refutation,5534424,5.053,1,
rome,rome/rome/grafo10372.100.graphml,100,127,C,repaired,5,9,8,,15958231,10.011,1,
rome,rome/rome/grafo10407.93.graphml,93,121,C,repaired,5,9,8,refutation,1179808,1.145,1,
rome,rome/rome/grafo10377.94.graphml,94,129,C,repaired,6,11,10,,14186557,10.013,1,
rome,rome/rome/grafo10380.98.graphml,98,135,C,repaired,7,12,11,,19310263,10.009,1,
rome,rome/rome/grafo10381.99.graphml,99,128,C,repaired,6,10,9,,12089557,10.013,1,
rome,rome/rome/grafo1041.49.graphml,49,53,C,repaired,2,3,3,refutation,521,0.004,1,
rome,rome/rome/grafo10382.94.graphml,94,139,C,repaired,7,12,11,,16158838,10.009,1,
rome,rome/rome/grafo10383.99.graphml,99,136,C,repaired,6,11,10,,16629287,10.013,1,
rome,rome/rome/grafo10410.93.graphml,93,124,C,repaired,5,8,7,refutation,248569,0.258,1,
rome,rome/rome/grafo10385.94.graphml,94,128,C,repaired,6,11,10,,14807127,10.009,1,
rome,rome/rome/grafo10386.99.graphml,99,132,C,repaired,6,9,9,,15126528,10.013,1,
rome,rome/rome/grafo10388.95.graphml,95,136,C,repaired,7,11,10,,12759233,10.01,1,
rome,rome/rome/grafo10389.94.graphml,94,131,C,repaired,6,10,9,,17055812,10.014,1,
rome,rome/rome/grafo10408.93.graphml,93,123,C,repaired,6,9,8,refutation,2940014,2.623,1,
rome,rome/rome/grafo10391.94.graphml,94,129,C,repaired,6,10,9,,13652031,10.011,1,
rome,rome/rome/grafo1042.14.graphml,14,18,C,repaired,2,2,2,bound,0,0.0,1,
rome,rome/rome/grafo10392.94.graphml,94,132,C,repaired,6,10,10,,13172736,10.013,1,
rome,rome/rome/grafo10393.96.graphml,96,139,C,repaired,7,11,10,,14311664,10.011,1,
rome,rome/rome/grafo10404.97.graphml,97,130,C,repaired,6,11,10,,16928038,10.011,1,
rome,rome/rome/grafo10406.97.graphml,97,124,C,repaired,6,9,8,refutation,15277705,9.834,1,
rome,rome/rome/grafo10405.97.graphml,97,145,C,repaired,7,12,12,,12386304,10.013,1,
rome,rome/rome/grafo10417.95.graphml,95,128,C,repaired,6,9,9,refutation,5457973,4.953,1,
rome,rome/rome/grafo10425.93.graphml,93,122,C,repaired,5,8,7,refutation,386910,0.388,1,
rome,rome/rome/grafo10428.35.graphml,35,42,C,repaired,3,4,4,refutation,669,0.004,1,
rome,rome/rome/grafo10424.93.graphml,93,120,C,repaired,5,9,8,refutation,2279794,1.599,1,
rome,rome/rome/grafo1043.15.graphml,15,19,C,repaired,2,3,2,bound,14,0.001,1,
rome,rome/rome/grafo10430.95.graphml,95,120,C,repaired,5,8,7,refutation,934580,0.92,1,
rome,rome/rome/grafo10409.96.graphml,96,138,C,repaired,7,11,10,,16423172,10.008,1,
rome,rome/rome/grafo10411.98.graphml,98,130,C,repaired,6,10,9,,15778310,10.01,1,
rome,rome/rome/grafo10412.94.graphml,94,126,C,repaired,7,10,9,,15427351,10.01,1,
rome,rome/rome/grafo10413.93.graphml,93,129,C,repaired,7,11,10,,18007198,10.011,1,
rome,rome/rome/grafo10414.98.graphml,98,132,C,repaired,6,11,10,,13209650,10.009,1,
rome,rome/rome/grafo10415.94.graphml,94,132,C,repaired,6,10,10,,16056320,10.01,1,
rome,rome/rome/grafo10416.96.graphml,96,138,C,repaired,6,11,11,,17252352,10.007,1,
rome,rome/rome/grafo10418.100.graphml,100,141,C,repaired,6,12,12,,14102528,10.012,1,
rome,rome/rome/grafo10419.91.graphml,91,132,C,repaired,7,10,10,,14073856,10.014,1,
rome,rome/rome/grafo1044.23.graphml,23,25,C,repaired,2,3,3,refutation,67,0.001,1,
rome,rome/rome/grafo10431.95.graphml,95,132,C,repaired,6,9,8,refutation,3484829,3.012,1,
rome,rome/rome/grafo10420.97.graphml,97,148,C,repaired,7,12,11,,13586250,10.01,1,
rome,rome/rome/grafo10440.93.graphml,93,123,C,repaired,5,8,8,refutation,2909008,2.017,1,
rome,rome/rome/grafo10443.98.graphml,98,125,C,repaired,5,8,7,refutation,557010,0.419,1,
rome,rome/rome/grafo10442.97.graphml,97,125,C,repaired,5,8,7,refutation,1292441,1.227,1,
rome,rome/rome/grafo10421.99.graphml,99,139,C,repaired,6,10,9,,12216511,10.014,1,
rome,rome/rome/grafo10422.97.graphml,97,132,C,repaired,7,11,10,,15374058,10.012,1,
rome,rome/rome/grafo10439.96.graphml,96,130,C,repaired,6,9,9,refutation,4581902,4.105,1,
rome,rome/rome/grafo10426.100.graphml,100,138,C,repaired,7,10,9,,14297603,10.009,1,
rome,rome/rome/grafo10427.95.graphml,95,126,C,repaired,6,10,9,,15243363,10.012,1,
rome,rome/rome/grafo1045.29.graphml,29,39,C,repaired,4,4,4,bound,0,0.001,1,
rome,rome/rome/grafo10450.36.graphml,36,46,C,repaired,4,5,5,refutation,876,0.006,1,
rome,rome/rome/grafo10429.100.graphml,100,132,C,repaired,6,9,9,,17633280,10.013,1,
rome,rome/rome/grafo10448.98.graphml,98,124,C,repaired,5,7,7,refutation,2010014,1.587,1,
rome,rome/rome/grafo10432.99.graphml,99,146,C,repaired,7,12,11,,16185521,10.011,1,
rome,rome/rome/grafo10454.33.graphml,33,42,C,repaired,3,5,4,refutation,353,0.003,1,
rome,rome/rome/grafo10455.38.graphml,38,42,C,repaired,2,4,3,refutation,219,0.003,1,
rome,rome/rome/grafo10456.33.graphml,33,38,C,repaired,3,4,3,bound,67,0.001,1,
rome,rome/rome/grafo10457.36.graphml,36,45,C,repaired,3,4,4,refutation,562,0.004,1,
rome,rome/rome/grafo10458.31.graphml,31,36,C,repaired,2,3,3,refutation,55,0.001,1,
rome,rome/rome/grafo10459.37.graphml,37,46,C,repaired,3,4,4,refutation,544,0.004,1,
rome,rome/rome/grafo1046.17.graphml,17,22,C,repaired,3,3,3,bound,0,0.001,1,
rome,rome/rome/grafo10460.36.graphml,36,39,C,repaired,3,4,3,bound,34,0.002,1,
rome,rome/rome/grafo10433.97.graphml,97,128,C,repaired,6,9,9,,21053440,10.008,1,
rome,rome/rome/grafo10461.36.graphml,36,45,C,repaired,3,4,4,refutation,562,0.003,1,
rome,rome/rome/grafo10462.36.graphml,36,40,C,repaired,3,4,3,bound,32,0.001,1,
rome,rome/rome/grafo10434.98.graphml,98,140,C,repaired,6,10,9,,15569495,10.012,1,
rome,rome/rome/grafo10463.36.graphml,36,50,C,repaired,4,6,6,refutation,1475,0.008,1,
rome,rome/rome/grafo10435.96.graphml,96,123,C,repaired,5,9,8,,13272326,10.014,1,
rome,rome/rome/grafo10464.96.graphml,96,119,C,repaired,3,6,5,refutation,35653,0.064,1,
rome,rome/rome/grafo10436.95.graphml,95,145,C,repaired,7,13,12,,16288840,10.007,1,
rome,rome/rome/grafo10466.94.graphml,94,121,C,repaired,5,7,7,refutation,650154,0.655,1,
rome,rome/rome/grafo1047.16.graphml,16,20,C,repaired,3,4,3,bound,17,0.001,1,
rome,rome/rome/grafo10437.97.graphml,97,124,C,repaired,6,9,8,,13013554,10.012,1,
rome,rome/rome/grafo10438.97.graphml,97,128,C,repaired,5,10,9,,14942695,10.012,1,
rome,rome/rome/grafo10472.32.graphml,32,37,C,repaired,3,3,3,bound,0,0.001,1,
rome,rome/rome/grafo10471.94.graphml,94,125,C,repaired,5,8,7,refutation,492652,0.51,1,
rome,rome/rome/grafo10468.99.graphml,99,129,C,repaired,5,8,7,refutation,2306751,1.844,1,
rome,rome/rome/grafo10441.98.graphml,98,137,C,repaired,6,11,11,,22257664,10.012,1,
rome,rome/rome/grafo10476.95.graphml,95,116,C,repaired,5,8,7,refutation,1317833,1.159,1,
rome,rome/rome/grafo10444.100.graphml,100,136,C,repaired,6,10,9,,15102083,10.01,1,
rome,rome/rome/grafo10478.94.graphml,94,122,C,repaired,4,8,6,refutation,83409,0.109,1,
rome,rome/rome/grafo10445.94.graphml,94,140,C,repaired,7,12,12,,13094912,10.009,1,
rome,rome/rome/grafo1048.18.graphml,18,25,C,repaired,3,4,3,bound,15,0.001,1,
rome,rome/rome/grafo10446.95.graphml,95,153,C,repaired,8,14,13,,13702826,10.009,1,
rome,rome/rome/grafo10447.99.graphml,99,129,C,repaired,5,8,8,,16842752,10.013,1,
rome,rome/rome/grafo10477.91.graphml,91,108,C,repaired,5,8,7,refutation,1655869,1.583,1,
rome,rome/rome/grafo10483.34.graphml,34,45,C,repaired,4,5,5,refutation,1261,0.006,1,
rome,rome/rome/grafo10481.95.graphml,95,120,C,repaired,5,8,7,refutation,1024230,0.832,1,
rome,rome/rome/grafo10485.94.graphml,94,125,C,repaired,5,8,7,refutation,788676,0.792,1,
rome,rome/rome/grafo10449.96.graphml,96,126,C,repaired,5,10,9,,12987752,10.012,1,
rome,rome/rome/grafo10451.95.graphml,95,132,C,repaired,6,10,10,,12599296,10.012,1,
rome,rome/rome/grafo10452.94.graphml,94,138,C,repaired,7,11,10,,12843614,10.013,1,
rome,rome/rome/grafo10487.95.graphml,95,121,C,repaired,5,8,7,refutation,686487,0.616,1,
rome,rome/rome/grafo1049.21.graphml,21,22,C,repaired,2,3,2,bound,21,0.001,1,
rome,rome/rome/grafo10453.97.graphml,97,136,C,repaired,7,11,10,,13734342,10.011,1,
rome,rome/rome/grafo10482.94.graphml,94,122,C,repaired,6,9,9,refutation,3720042,3.116,1,
rome,rome/rome/grafo10465.96.graphml,96,129,C,repaired,6,10,9,,14754816,10.013,1,
rome,rome/rome/grafo10467.100.graphml,100,138,C,repaired,7,11,10,,14469737,10.012,1,
rome,rome/rome/grafo10494.40.graphml,40,50,C,repaired,3,5,5,refutation,2667,0.011,1,
rome,rome/rome/grafo10486.97.graphml,97,125,C,repaired,5,8,8,refutation,4034514,3.649,1,
rome,rome/rome/grafo10469.100.graphml,100,148,C,repaired,7,12,12,,13086720,10.011,1,
rome,rome/rome/grafo10470.92.graphml,92,135,C,repaired,6,12,11,,17713039,10.009,1,
rome,rome/rome/grafo10473.95.graphml,95,125,C,repaired,5,9,9,,12685312,10.011,1,
rome,rome/rome/grafo10474.94.graphml,94,142,C,repaired,8,12,12,,14839808,10.01,1,
rome,rome/rome/grafo10493.94.graphml,94,119,C,repaired,5,9,7,refutation,1576170,1.393,1,
rome,rome/rome/grafo1050.18.graphml,18,28,C,repaired,3,4,4,refutation,72,0.001,1,
rome,rome/rome/grafo10475.98.graphml,98,125,C,repaired,6,9,8,,19358360,10.008,1,
rome,rome/rome/grafo10500.91.graphml,91,120,C,repaired,6,9,8,refutation,1659529,1.631,1,
rome,rome/rome/grafo10479.98.graphml,98,130,C,repaired,6,11,10,,14123237,10.01,1,
rome,rome/rome/grafo10480.95.graphml,95,124,C,repaired,6,9,8,,15249287,10.011,1,
rome,rome/rome/grafo10505.39.graphml,39,52,C,repaired,4,6,5,refutation,1041,0.006,1,
rome,rome/rome/grafo10484.99.graphml,99,147,C,repaired,6,12,12,,12492800,10.011,1,
rome,rome/rome/grafo10503.100.graphml,100,132,C,repaired,6,8,8,refutation,2427866,2.372,1,
rome,rome/rome/grafo10499.96.graphml,96,125,C,repaired,6,9,8,refutation,5256013,4.563,1,
rome,rome/rome/grafo10509.32.graphml,32,38,C,repaired,3,4,4,refutation,547,0.004,1,
rome,rome/rome/grafo1051.34.graphml,34,38,C,repaired,2,3,3,refutation,144,0.002,1,
rome,rome/rome/grafo10510.35.graphml,35,42,C,repaired,3,3,3,bound,0,0.001,1,
rome,rome/rome/grafo10511.34.graphml,34,41,C,repaired,3,4,4,refutation,331,0.003,1,
rome,rome/rome/grafo10512.36.graphml,36,42,C,repaired,3,4,4,refutation,876,0.005,1,
rome,rome/rome/grafo10513.37.graphml,37,47,C,repaired,4,5,4,bound,122,0.002,1,
rome,rome/rome/grafo10514.39.graphml,39,49,C,repaired,4,5,5,refutation,2459,0.012,1,
rome,rome/rome/grafo10515.39.graphml,39,54,C,repaired,4,5,5,refutation,912,0.005,1,
rome,rome/rome/grafo10488.98.graphml,98,145,C,repaired,7,12,12,,15294464,10.011,1,
rome,rome/rome/grafo10489.95.graphml,95,138,C,repaired,6,11,10,,15337829,10.01,1,
rome,rome/rome/grafo10490.99.graphml,99,134,C,repaired,6,10,9,,13335242,10.01,1,
rome,rome/rome/grafo10491.97.graphml,97,137,C,repaired,6,10,10,,15159296,10.011,1,
rome,rome/rome/grafo1052.22.graphml,22,34,C,repaired,3,5,4,refutation,184,0.002,1,
rome,rome/rome/grafo10492.96.graphml,96,153,C,repaired,7,13,12,,13799892,10.009,1,
rome,rome/rome/grafo10507.93.graphml,93,128,C,repaired,6,9,8,refutation,4353625,3.485,1,
rome,rome/rome/grafo10495.97.graphml,97,131,C,repaired,7,10,9,,15326756,10.007,1,
rome,rome/rome/grafo10496.98.graphml,98,137,C,repaired,6,9,9,,13783040,10.013,1,
rome,rome/rome/grafo10497.95.graphml,95,125,C,repaired,5,9,9,,17334272,10.013,1,
rome,rome/rome/grafo10524.97.graphml,97,119,C,repaired,5,7,6,refutation,187334,0.239,1,
rome,rome/rome/grafo10498.99.graphml,99,129,C,repaired,6,9,9,,19922944,10.011,1,
rome,rome/rome/grafo10525.100.graphml,100,128,C,repaired,6,8,7,refutation,686515,0.657,1,
rome,rome/rome/grafo10501.96.graphml,96,138,C,repaired,7,10,9,,14275310,10.011,1,
rome,rome/rome/grafo1053.32.graphml,32,41,C,repaired,3,5,4,refutation,528,0.004,1,
rome,rome/rome/grafo10529.98.graphml,98,131,C,repaired,6,8,7,refutation,967291,0.858,1,
rome,rome/rome/grafo10502.91.graphml,91,136,C,repaired,7,12,12,,15691776,10.008,1,
rome,rome/rome/grafo10504.100.graphml,100,129,C,repaired,5,8,8,,12550144,10.013,1,
rome,rome/rome/grafo10506.98.graphml,98,134,C,repaired,6,9,9,,15343616,10.012,1,
rome,rome/rome/grafo10531.96.graphml,96,123,C,repaired,5,8,8,refutation,3431587,2.955,1,
rome,rome/rome/grafo10508.100.graphml,100,143,C,repaired,6,10,9,,13969734,10.012,1,
rome,rome/rome/grafo10516.94.graphml,94,138,C,repaired,7,11,10,,11188205,10.006,1,
rome,rome/rome/grafo10517.93.graphml,93,133,C,repaired,6,10,10,,12472320,10.013,1,
rome,rome/rome/grafo10518.94.graphml,94,133,C,repaired,6,12,12,,14274560,10.011,1,
rome,rome/rome/grafo1054.11.graphml,11,15,C,repaired,2,2,2,bound,0,0.0,1,
rome,rome/rome/grafo10535.100.graphml,100,123,C,repaired,5,8,7,refutation,2544065,2.135,1,
rome,rome/rome/grafo10519.98.graphml,98,130,C,repaired,6,9,9,,14430208,10.008,1,
rome,rome/rome/grafo10520.99.graphml,99,131,C,repaired,6,9,8,,13190236,10.012,1,
rome,rome/rome/grafo10533.100.graphml,100,135,C,repaired,6,8,8,refutation,3885151,3.362,1,
rome,rome/rome/grafo10522.99.graphml,99,136,C,repaired,7,10,10,,13774848,10.011,1,
rome,rome/rome/grafo10544.93.graphml,93,120,C,repaired,5,7,7,refutation,299278,0.322,1,
rome,rome/rome/grafo10523.97.graphml,97,139,C,repaired,7,11,11,,15712256,10.009,1,
rome,rome/rome/grafo10526.97.graphml,97,133,C,repaired,6,9,9,,18604032,10.009,1,
rome,rome/rome/grafo10545.93.graphml,93,121,C,repaired,5,8,8,refutation,2669654,2.326,1,
rome,rome/rome/grafo10527.93.graphml,93,133,C,repaired,6,11,11,,12308480,10.008,1,
rome,rome/rome/grafo1055.19.graphml,19,29,C,repaired,3,3,3,bound,0,0.0,1,
rome,rome/rome/grafo10528.98.graphml,98,134,C,repaired,7,10,10,,18808832,10.009,1,
rome,rome/rome/grafo10551.90.graphml,90,119,C,repaired,5,7,7,refutation,395596,0.259,1,
rome,rome/rome/grafo10543.95.graphml,95,125,C,repaired,6,8,8,refutation,4355113,3.532,1,
rome,rome/rome/grafo10550.100.graphml,100,124,C,repaired,4,8,7,refutation,1004498,0.785,1,
rome,rome/rome/grafo10554.93.graphml,93,110,C,repaired,4,6,5,refutation,61365,0.086,1,
rome,rome/rome/grafo10530.100.graphml,100,130,C,repaired,5,9,8,,12856158,10.012,1,
rome,rome/rome/grafo10553.98.graphml,98,117,C,repaired,4,7,6,refutation,518792,0.412,1,
rome,rome/rome/grafo10532.99.graphml,99,135,C,repaired,7,10,9,,14187969,10.011,1,
rome,rome/rome/grafo10534.100.graphml,100,141,C,repaired,6,11,11,,13561856,10.01,1,
rome,rome/rome/grafo10536.99.graphml,99,142,C,repaired,6,11,11,,16560128,10.008,1,
rome,rome/rome/grafo1056.17.graphml,17,22,C,repaired,2,3,3,refutation,38,0.001,1,
rome,rome/rome/grafo10558.97.graphml,97,131,C,repaired,6,9,9,refutation,4003186,4.017,1,
rome,rome/rome/grafo10537.95.graphml,95,138,C,repaired,7,11,11,,21807104,10.008,1,
rome,rome/rome/grafo10562.33.graphml,33,39,C,repaired,3,4,3,bound,28,0.001,1,
rome,rome/rome/grafo10563.41.graphml,41,48,C,repaired,4,4,4,bound,0,0.001,1,
rome,rome/rome/grafo10564.37.graphml,37,47,C,repaired,3,5,4,refutation,504,0.003,1,
rome,rome/rome/grafo10565.32.graphml,32,40,C,repaired,3,4,3,bound,33,0.001,1,
rome,rome/rome/grafo10566.36.graphml,36,48,C,repaired,4,5,5,refutation,1211,0.006,1,
rome,rome/rome/grafo10567.38.graphml,38,47,C,repaired,3,4,4,refutation,712,0.004,1,
rome,rome/rome/grafo10568.39.graphml,39,56,C,repaired,3,4,4,refutation,243,0.003,1,
rome,rome/rome/grafo10569.36.graphml,36,47,C,repaired,4,5,5,refutation,972,0.006,1,
rome,rome/rome/grafo10538.100.graphml,100,141,C,repaired,7,10,9,,13512843,10.012,1,
rome,rome/rome/grafo1057.16.graphml,16,17,C,repaired,2,3,2,bound,40,0.001,1,
rome,rome/rome/grafo10540.97.graphml,97,121,C,repaired,5,9,8,,12051485,10.014,1,
rome,rome/rome/grafo10541.93.graphml,93,124,C,repaired,6,10,10,,12849152,10.01,1,
rome,rome/rome/grafo10570.95.graphml,95,120,C,repaired,5,7,7,refutation,255485,0.278,1,
rome,rome/rome/grafo10542.100.graphml,100,133,C,repaired,6,10,9,,13925891,10.013,1,
rome,rome/rome/grafo10546.98.graphml,98,126,C,repaired,6,9,8,,16415288,10.012,1,
rome,rome/rome/grafo10561.97.graphml,97,129,C,repaired,5,9,8,refutation,2365805,2.192,1,
rome,rome/rome/grafo10547.94.graphml,94,137,C,repaired,7,10,10,,17707008,10.008,1,
rome,rome/rome/grafo10571.93.graphml,93,129,C,repaired,6,9,8,refutation,2096271,1.692,1,
rome,rome/rome/grafo1058.14.graphml,14,13,C,repaired,1,2,2,refutation,18,0.001,1,
rome,rome/rome/grafo10573.93.graphml,93,124,C,repaired,5,9,8,refutation,2029603,1.78,1,
rome,rome/rome/grafo10579.96.graphml,96,119,C,repaired,5,9,7,refutation,1484804,1.297,1,
rome,rome/rome/grafo10581.98.graphml,98,128,C,repaired,5,8,8,refutation,1721485,1.179,1,
rome,rome/rome/grafo10548.94.graphml,94,134,C,repaired,7,11,11,,12967936,10.011,1,
rome,rome/rome/grafo10549.99.graphml,99,140,C,repaired,6,11,10,,14905850,10.01,1,
rome,rome/rome/grafo10552.96.graphml,96,144,C,repaired,7,12,12,,20557824,10.01,1,
rome,rome/rome/grafo10555.98.graphml,98,130,C,repaired,5,9,8,,12143612,10.013,1,
rome,rome/rome/grafo10557.98.graphml,98,129,C,repaired,6,10,9,,13928665,10.011,1,
rome,rome/rome/grafo10556.100.graphml,100,130,C,repaired,6,9,9,,12824576,10.015,1,
rome,rome/rome/grafo10584.100.graphml,100,129,C,repaired,5,8,7,refutation,1871734,1.532,1,
rome,rome/rome/grafo1059.18.graphml,18,18,C,repaired,2,2,2,bound,0,0.001,1,
rome,rome/rome/grafo10590.96.graphml,96,118,C,repaired,4,7,6,refutation,181755,0.231,1,
rome,rome/rome/grafo10583.94.graphml,94,124,C,repaired,5,8,8,refutation,3547489,2.935,1,
rome,rome/rome/grafo10591.99.graphml,99,119,C,repaired,5,7,7,refutation,1424512,1.344,1,
rome,rome/rome/grafo10588.93.graphml,93,128,C,repaired,5,9,8,refutation,3047446,1.987,1,
rome,rome/rome/grafo10559.98.graphml,98,131,C,repaired,6,10,9,,15514959,10.01,1,
rome,rome/rome/grafo10587.94.graphml,94,119,C,repaired,6,8,8,refutation,5650424,4.027,1,
rome,rome/rome/grafo10560.95.graphml,95,137,C,repaired,7,11,11,,12763136,10.009,1,
rome,rome/rome/grafo10597.95.graphml,95,117,C,repaired,5,7,7,refutation,1196128,1.033,1,
rome,rome/rome/grafo10572.92.graphml,92,133,C,repaired,7,12,11,,17547328,10.01,1,
rome,rome/rome/grafo10574.94.graphml,94,128,C,repaired,7,10,9,,17858807,10.009,1,
rome,rome/rome/grafo1060.11.graphml,11,12,C,repaired,2,2,2,bound,0,0.0,1,
rome,rome/rome/grafo10575.99.graphml,99,137,C,repaired,6,10,9,,13921963,10.011,1,
rome,rome/rome/grafo10598.99.graphml,99,130,C,repaired,6,8,7,refutation,832305,0.776,1,
rome,rome/rome/grafo10602.94.graphml,94,113,C,repaired,4,7,5,refutation,54428,0.104,1,
rome,rome/rome/grafo10599.97.graphml,97,124,C,repaired,5,8,7,refutation,1120332,1.053,1,
rome,rome/rome/grafo10577.100.graphml,100,135,C,repaired,6,10,9,,11767719,10.011,1,
rome,rome/rome/grafo10578.96.graphml,96,139,C,repaired,6,11,11,,13553664,10.013,1,
rome,rome/rome/grafo10580.98.graphml,98,134,C,repaired,6,10,10,,18853888,10.008,1,
rome,rome/rome/grafo10601.93.graphml,93,128,C,repaired,5,9,8,refutation,1619932,1.338,1,
rome,rome/rome/grafo10595.95.graphml,95,121,C,repaired,6,9,8,refutation,4904407,4.113,1,
rome,rome/rome/grafo1061.11.graphml,11,11,C,repaired,2,2,2,bound,0,0.0,1,
rome,rome/rome/grafo10606.94.graphml,94,127,C,repaired,6,9,8,refutation,1278920,1.104,1,
rome,rome/rome/grafo10607.94.graphml,94,128,C,repaired,6,9,8,refutation,1401498,1.32,1,
rome,rome/rome/grafo10611.94.graphml,94,122,C,repaired,5,7,7,refutation,280688,0.282,1,
rome,rome/rome/grafo10582.94.graphml,94,126,C,repaired,6,9,9,,14561280,10.007,1,
rome,rome/rome/grafo10612.94.graphml,94,121,C,repaired,5,7,7,refutation,609613,0.591,1,
rome,rome/rome/grafo10615.40.graphml,40,50,C,repaired,3,5,4,refutation,894,0.005,1,
rome,rome/rome/grafo10585.93.graphml,93,135,C,repaired,6,10,9,,18187925,10.012,1,
rome,rome/rome/grafo10617.34.graphml,34,45,C,repaired,3,5,4,refutation,265,0.002,1,
rome,rome/rome/grafo10618.38.graphml,38,54,C,repaired,5,6,6,refutation,2244,0.012,1,
rome,rome/rome/grafo10619.36.graphml,36,41,C,repaired,2,4,3,refutation,323,0.003,1,
rome,rome/rome/grafo1062.15.graphml,15,19,C,repaired,2,2,2,bound,0,0.0,1,
rome,rome/rome/grafo10620.35.graphml,35,41,C,repaired,3,4,3,bound,40,0.001,1,
rome,rome/rome/grafo10621.37.graphml,37,49,C,repaired,3,5,5,refutation,1014,0.006,1,
rome,rome/rome/grafo10622.39.graphml,39,54,C,repaired,4,5,5,refutation,1822,0.009,1,
rome,rome/rome/grafo10586.100.graphml,100,137,C,repaired,6,10,10,,15912960,10.01,1,
rome,rome/rome/grafo10589.93.graphml,93,136,C,repaired,7,10,10,,12103680,10.01,1,
rome,rome/rome/grafo10625.100.graphml,100,128,C,repaired,5,8,7,refutation,1070441,0.799,1,
rome,rome/rome/grafo10592.98.graphml,98,140,C,repaired,7,10,9,,16366344,10.011,1,
rome,rome/rome/grafo10593.98.graphml,98,130,C,repaired,6,10,9,,14458225,10.011,1,
rome,rome/rome/grafo10594.94.graphml,94,132,C,repaired,6,10,9,,12139120,10.013,1,
rome,rome/rome/grafo10613.96.graphml,96,131,C,repaired,5,9,9,refutation,4571011,4.141,1,
rome,rome/rome/grafo1063.14.graphml,14,15,C,repaired,2,2,2,bound,0,0.0,1,
rome,rome/rome/grafo10628.96.graphml,96,124,C,repaired,5,8,7,refutation,934364,0.853,1,
rome,rome/rome/grafo10596.99.graphml,99,140,C,repaired,7,12,11,,14717225,10.01,1,
rome,rome/rome/grafo10600.93.graphml,93,132,C,repaired,7,10,10,,16273408,10.009,1,
rome,rome/rome/grafo10603.100.graphml,100,136,C,repaired,6,10,9,,11866935,10.01,1,
rome,rome/rome/grafo10605.99.graphml,99,127,C,repaired,6,9,9,,14876672,10.01,1,
rome,rome/rome/grafo10608.93.graphml,93,138,C,repaired,8,12,11,,13683557,10.009,1,
rome,rome/rome/grafo10609.100.graphml,100,132,C,repaired,6,10,9,,16978138,10.014,1,
rome,rome/rome/grafo10610.95.graphml,95,131,C,repaired,7,11,10,,15425966,10.008,1,
rome,rome/rome/grafo10614.92.graphml,92,129,C,repaired,7,11,10,,17184833,10.008,1,
rome,rome/rome/grafo10616.96.graphml,96,130,C,repaired,6,10,9,refutation,13018483,9.512,1,
rome,rome/rome/grafo1064.21.graphml,21,26,C,repaired,3,4,3,bound,19,0.001,1,
rome,rome/rome/grafo10623.98.graphml,98,130,C,repaired,5,10,9,,14453241,10.009,1,
rome,rome/rome/grafo10624.91.graphml,91,138,C,repaired,7,12,12,,12931072,10.009,1,
rome,rome/rome/grafo10636.95.graphml,95,135,C,repaired,6,10,9,refutation,4381897,2.976,1,
rome,rome/rome/grafo10626.100.graphml,100,139,C,repaired,6,11,10,,13500231,10.008,1,
rome,rome/rome/grafo10627.96.graphml,96,133,C,repaired,6,10,9,,13013202,10.008,1,
rome,rome/rome/grafo10629.100.graphml,100,131,C,repaired,6,9,9,,11415552,10.01,1,
rome,rome/rome/grafo10630.94.graphml,94,142,C,repaired,7,11,10,,13744892,10.013,1,
rome,rome/rome/grafo10631.98.graphml,98,132,C,repaired,6,10,9,,14726191,10.011,1,
rome,rome/rome/grafo10632.100.graphml,100,147,C,repaired,7,12,12,,15441920,10.012,1,
rome,rome/rome/grafo10633.100.graphml,100,138,C,repaired,6,11,10,,14082920,10.008,1,
rome,rome/rome/grafo1065.14.graphml,14,13,C,repaired,1,2,2,refutation,14,0.001,1,
rome,rome/rome/grafo10634.96.graphml,96,137,C,repaired,6,11,10,,14086561,10.01,1,
rome,rome/rome/grafo10635.95.graphml,95,137,C,repaired,7,12,12,,16990208,10.009,1,
rome,rome/rome/grafo10637.94.graphml,94,139,C,repaired,7,12,11,,15133832,10.009,1,
rome,rome/rome/grafo10638.100.graphml,100,141,C,repaired,7,11,11,,11685888,10.01,1,
rome,rome/rome/grafo10651.90.graphml,90,120,C,repaired,5,9,8,refutation,2201495,1.92,1,
rome,rome/rome/grafo10655.34.graphml,34,40,C,repaired,2,3,3,refutation,148,0.002,1,
rome,rome/rome/grafo10639.91.graphml,91,120,C,repaired,6,10,9,,21225544,10.009,1,
rome,rome/rome/grafo10657.39.graphml,39,50,C,repaired,4,5,4,bound,97,0.002,1,
rome,rome/rome/grafo10658.35.graphml,35,41,C,repaired,3,4,4,refutation,1060,0.006,1,
rome,rome/rome/grafo10640.94.graphml,94,122,C,repaired,6,9,8,,12730894,10.011,1,
rome,rome/rome/grafo10659.38.graphml,38,57,C,repaired,4,6,5,refutation,971,0.006,1,
rome,rome/rome/grafo1066.11.graphml,11,11,C,repaired,2,2,2,bound,0,0.0,1,
rome,rome/rome/grafo10660.37.graphml,37,49,C,repaired,4,5,5,refutation,886,0.005,1,
rome,rome/rome/grafo10656.98.graphml,98,125,C,repaired,5,8,7,refutation,640660,0.624,1,
rome,rome/rome/grafo10641.99.graphml,99,131,C,repaired,6,9,8,refutation,12841012,9.556,1,
rome,rome/rome/grafo10642.90.graphml,90,118,C,repaired,6,10,9,,14419968,10.012,1,
rome,rome/rome/grafo10643.94.graphml,94,118,C,repaired,5,9,8,,14291535,10.013,1,
rome,rome/rome/grafo10644.100.graphml,100,145,C,repaired,7,12,11,,14353469,10.011,1,
rome,rome/rome/grafo10645.95.graphml,95,124,C,repaired,6,9,9,,16556032,10.012,1,
rome,rome/rome/grafo10646.100.graphml,100,154,C,repaired,8,14,13,,14203746,10.012,1,
rome,rome/rome/grafo1067.13.graphml,13,13,C,repaired,2,2,2,bound,0,0.0,1,
rome,rome/rome/grafo10668.99.graphml,99,128,C,repaired,6,8,7,refutation,1294141,1.207,1,
rome,rome/rome/grafo10647.98.graphml,98,132,C,repaired,6,10,10,,15384576,10.007,1,
rome,rome/rome/grafo10667.98.graphml,98,128,C,repaired,6,9,8,refutation,3062207,2.542,1,
rome,rome/rome/grafo10648.98.graphml,98,145,C,repaired,7,13,12,,13074503,10.012,1,
rome,rome/rome/grafo10666.98.graphml,98,128,C,repaired,6,8,8,refutation,4097216,3.585,1,
rome,rome/rome/grafo10665.100.graphml,100,127,C,repaired,6,9,8,refutation,4481008,4.313,1,
rome,rome/rome/grafo10649.95.graphml,95,125,C,repaired,6,10,9,,14909116,10.008,1,
rome,rome/rome/grafo10673.93.graphml,93,120,C,repaired,6,8,8,refutation,4241763,2.974,1,
rome,rome/rome/grafo10650.98.graphml,98,141,C,repaired,7,11,10,,16142121,10.008,1,
rome,rome/rome/grafo10678.98.graphml,98,125,C,repaired,5,7,7,refutation,713888,0.541,1,
rome,rome/rome/grafo1068.12.graphml,12,11,C,repaired,1,1,1,bound,0,0.0,1,
rome,rome/rome/grafo10652.100.graphml,100,141,C,repaired,6,11,11,,16089088,10.011,1,
rome,rome/rome/grafo10679.100.graphml,100,129,C,repaired,5,8,7,refutation,1291241,0.991,1,
rome,rome/rome/grafo10653.100.graphml,100,141,C,repaired,6,10,10,,12857344,10.011,1,
rome,rome/rome/grafo10654.96.graphml,96,129,C,repaired,6,9,9,,14925824,10.009,1,
rome,rome/rome/grafo10683.97.graphml,97,124,C,repaired,5,8,7,refutation,1345352,1.11,1,
rome,rome/rome/grafo10661.95.graphml,95,128,C,repaired,6,10,10,,15433728,10.013,1,
rome,rome/rome/grafo10662.100.graphml,100,136,C,repaired,6,10,9,,16975982,10.013,1,
rome,rome/rome/grafo10663.99.graphml,99,137,C,repaired,6,11,10,,13033678,10.008,1,
rome,rome/rome/grafo10686.96.graphml,96,123,C,repaired,6,8,7,refutation,1289200,0.823,1,
rome,rome/rome/grafo10682.98.graphml,98,128,C,repaired,6,8,8,refutation,3346562,2.987,1,
rome,rome/rome/grafo1069.16.graphml,16,15,C,repaired,1,3,2,refutation,28,0.001,1,
rome,rome/rome/grafo10684.95.graphml,95,126,C,repaired,6,10,9,refutation,3588836,3.169,1,
rome,rome/rome/grafo10691.95.graphml,95,123,C,repaired,5,8,7,refutation,918851,0.885,1,
rome,rome/rome/grafo10669.93.graphml,93,130,C,repaired,6,10,9,,13598806,10.014,1,
rome,rome/rome/grafo10670.100.graphml,100,136,C,repaired,7,11,10,,15749789,10.009,1,
rome,rome/rome/grafo10671.100.graphml,100,144,C,repaired,7,10,9,,12941044,10.012,1,
rome,rome/rome/grafo10672.98.graphml,98,132,C,repaired,6,10,10,,16433152,10.01,1,
rome,rome/rome/grafo10674.99.graphml,99,145,C,repaired,6,11,9,,12139582,10.008,1,
rome,rome/rome/grafo10675.95.graphml,95,131,C,repaired,6,10,9,,15371210,10.011,1,
rome,rome/rome/grafo10676.100.graphml,100,136,C,repaired,6,9,9,,13357056,10.012,1,
rome,rome/rome/grafo10677.95.graphml,95,122,C,repaired,5,9,8,refutation,14827221,9.985,1,
rome,rome/rome/grafo1070.10.graphml,10,10,C,repaired,2,2,2,bound,0,0.0,1,
rome,rome/rome/grafo10692.92.graphml,92,121,C,repaired,5,9,8,refutation,2768162,2.678,1,
rome,rome/rome/grafo10690.96.graphml,96,116,C,repaired,5,9,8,refutation,5037436,4.844,1,
rome,rome/rome/grafo10687.96.graphml,96,134,C,repaired,6,9,9,refutation,8225778,6.032,1,
rome,rome/rome/grafo10701.99.graphml,99,120,C,repaired,4,7,6,refutation,315434,0.39,1,
rome,rome/rome/grafo10702.33.graphml,33,41,C,repaired,3,4,4,refutation,262,0.002,1,
rome,rome/rome/grafo10704.37.graphml,37,44,C,repaired,4,5,4,bound,67,0.001,1,
rome,rome/rome/grafo10706.37.graphml,37,47,C,repaired,3,3,3,bound,0,0.001,1,
rome,rome/rome/grafo10697.95.graphml,95,123,C,repaired,5,9,8,refutation,2392550,1.78,1,
rome,rome/rome/grafo10707.33.graphml,33,37,C,repaired,3,3,3,bound,0,0.001,1,
rome,rome/rome/grafo10708.35.graphml,35,46,C,repaired,4,5,5,refutation,738,0.002,1,
rome,rome/rome/grafo1071.10.graphml,10,10,C,repaired,2,2,2,bound,0,0.0,1,
rome,rome/rome/grafo10703.95.graphml,95,126,C,repaired,5,8,7,refutation,259781,0.277,1,
rome,rome/rome/grafo10710.93.graphml,93,118,C,repaired,5,8,7,refutation,762430,0.725,1,
rome,rome/rome/grafo10699.98.graphml,98,123,C,repaired,6,8,7,refutation,3307362,2.704,1,
rome,rome/rome/grafo10680.95.graphml,95,126,C,repaired,6,10,9,,15876432,10.01,1,
rome,rome/rome/grafo10681.93.graphml,93,124,C,repaired,6,9,9,,14888960,10.012,1,
rome,rome/rome/grafo10715.92.graphml,92,118,C,repaired,4,7,6,refutation,128350,0.162,1,
rome,rome/rome/grafo10685.98.graphml,98,144,C,repaired,7,13,12,,18022490,10.009,1,
rome,rome/rome/grafo10711.93.graphml,93,123,C,repaired,6,9,8,refutation,4169286,3.467,1,
rome,rome/rome/grafo10718.98.graphml,98,120,C,repaired,5,7,6,refutation,184638,0.21,1,
rome,rome/rome/grafo10688.95.graphml,95,137,C,repaired,7,10,10,,14290944,10.013,1,
rome,rome/rome/grafo1072.14.graphml,14,18,C,repaired,2,3,3,refutation,28,0.001,1,
rome,rome/rome/grafo10689.98.graphml,98,140,C,repaired,6,10,9,,18251169,10.014,1,
rome,rome/rome/grafo10693.98.graphml,98,150,C,repaired,7,11,10,,13225778,10.011,1,
rome,rome/rome/grafo10694.96.graphml,96,137,C,repaired,7,11,11,,11505664,10.012,1,
rome,rome/rome/grafo10695.98.graphml,98,138,C,repaired,7,11,11,,20779008,10.011,1,
rome,rome/rome/grafo10723.96.graphml,96,112,C,repaired,3,6,5,refutation,63453,0.114,1,
rome,rome/rome/grafo10696.99.graphml,99,138,C,repaired,7,10,10,,19304448,10.01,1,
rome,rome/rome/grafo10724.92.graphml,92,120,C,repaired,5,8,7,refutation,392261,0.382,1,
rome,rome/rome/grafo10698.95.graphml,95,137,C,repaired,7,11,11,,12779520,10.01,1,
rome,rome/rome/grafo10728.34.graphml,34,40,C,repaired,2,4,3,refutation,158,0.002,1,
rome,rome/rome/grafo10729.36.graphml,36,46,C,repaired,3,4,4,refutation,334,0.003,1,
rome,rome/rome/grafo10721.96.graphml,96,125,C,repaired,5,8,8,refutation,4364780,4.002,1,
rome,rome/rome/grafo1073.51.graphml,51,64,C,repaired,4,6,5,refutation,5221,0.026,1,
rome,rome/rome/grafo10731.32.graphml,32,35,C,repaired,2,3,3,refutation,102,0.001,1,
rome,rome/rome/grafo10730.38.graphml,38,48,C,repaired,3,5,4,refutation,523,0.006,1,
rome,rome/rome/grafo10732.33.graphml,33,37,C,repaired,2,3,3,refutation,124,0.002,1,
rome,rome/rome/grafo10733.39.graphml,39,53,C,repaired,4,5,5,refutation,2181,0.013,1,
rome,rome/rome/grafo10734.37.graphml,37,51,C,repaired,3,5,5,refutation,1057,0.006,1,
rome,rome/rome/grafo10700.98.graphml,98,139,C,repaired,7,11,10,,13612374,10.014,1,
rome,rome/rome/grafo10705.97.graphml,97,133,C,repaired,6,10,9,,13899879,10.012,1,
rome,rome/rome/grafo10709.98.graphml,98,134,C,repaired,6,9,9,,13844480,10.009,1,
rome,rome/rome/grafo10739.93.graphml,93,113,C,repaired,4,7,6,refutation,309110,0.243,1,
rome,rome/rome/grafo1074.14.graphml,14,19,C,repaired,3,3,3,bound,0,0.001,1,
rome,rome/rome/grafo10740.92.graphml,92,117,C,repaired,6,7,7,refutation,435805,0.458,1,
rome,rome/rome/grafo10712.98.graphml,98,141,C,repaired,6,11,10,,14914378,10.013,1,
rome,rome/rome/grafo10713.92.graphml,92,136,C,repaired,6,11,11,,15077376,10.009,1,
rome,rome/rome/grafo10714.99.graphml,99,137,C,repaired,6,11,11,,16711680,10.01,1,
rome,rome/rome/grafo10716.97.graphml,97,127,C,repaired,5,9,9,,14688256,10.01,1,
rome,rome/rome/grafo10745.31.graphml,31,36,C,repaired,3,3,3,bound,0,0.001,1,
rome,rome/rome/grafo10746.36.graphml,36,42,C,repaired,3,4,3,bound,36,0.001,1,
rome,rome/rome/grafo10747.38.graphml,38,44,C,repaired,2,4,3,refutation,196,0.002,1,
rome,rome/rome/grafo10748.39.graphml,39,58,C,repaired,5,6,6,refutation,3484,0.016,1,
rome,rome/rome/grafo10749.32.graphml,32,39,C,repaired,4,4,4,bound,0,0.001,1,
rome,rome/rome/grafo1075.47.graphml,47,62,C,repaired,5,6,5,bound,32,0.002,1,
rome,rome/rome/grafo10736.99.graphml,99,137,C,repaired,7,9,8,refutation,3745276,3.502,1,
rome,rome/rome/grafo10751.36.graphml,36,48,C,repaired,4,5,5,refutation,1107,0.005,1,
rome,rome/rome/grafo10752.35.graphml,35,42,C,repaired,3,5,4,refutation,652,0.004,1,
rome,rome/rome/grafo10753.33.graphml,33,42,C,repaired,3,4,3,bound,69,0.001,1,
rome,rome/rome/grafo10754.35.graphml,35,42,C,repaired,3,3,3,bound,0,0.001,1,
rome,rome/rome/grafo10755.41.graphml,41,56,C,repaired,4,6,5,refutation,2297,0.012,1,
rome,rome/rome/grafo10756.42.graphml,42,55,C,repaired,4,5,5,refutation,1951,0.009,1,
rome,rome/rome/grafo10743.96.graphml,96,118,C,repaired,5,8,7,refutation,2005179,1.412,1,
rome,rome/rome/grafo10717.96.graphml,96,127,C,repaired,6,9,8,,20713605,10.008,1,
rome,rome/rome/grafo10719.96.graphml,96,133,C,repaired,6,10,9,,13381157,10.011,1,
rome,rome/rome/grafo1076.18.graphml,18,24,C,repaired,3,3,3,bound,0,0.001,1,
rome,rome/rome/grafo10720.96.graphml,96,127,C,repaired,5,10,9,,15878017,10.012,1,
rome,rome/rome/grafo10722.96.graphml,96,139,C,repaired,7,11,11,,14946304,10.009,1,
rome,rome/rome/grafo10725.99.graphml,99,129,C,repaired,6,9,8,,13825327,10.011,1,
rome,rome/rome/grafo10726.99.graphml,99,140,C,repaired,6,10,10,,14938112,10.011,1,
rome,rome/rome/grafo10727.94.graphml,94,131,C,repaired,6,11,11,,18100224,10.01,1,
rome,rome/rome/grafo10765.92.graphml,92,119,C,repaired,5,7,6,refutation,154147,0.225,1,
rome,rome/rome/grafo10766.33.graphml,33,38,C,repaired,3,4,4,refutation,365,0.003,1,
rome,rome/rome/grafo10767.38.graphml,38,50,C,repaired,4,5,5,refutation,1496,0.008,1,
rome,rome/rome/grafo10768.35.graphml,35,49,C,repaired,4,5,4,bound,125,0.002,1,
rome,rome/rome/grafo10769.36.graphml,36,48,C,repaired,3,5,4,refutation,312,0.003,1,
rome,rome/rome/grafo1077.11.graphml,11,12,C,repaired,2,2,2,bound,0,0.0,1,
rome,rome/rome/grafo10770.35.graphml,35,46,C,repaired,4,5,5,refutation,738,0.005,1,
rome,rome/rome/grafo10735.99.graphml,99,136,C,repaired,7,10,10,,14704640,10.011,1,
rome,rome/rome/grafo10737.99.graphml,99,142,C,repaired,7,12,12,,13725696,10.013,1,
rome,rome/rome/grafo10738.96.graphml,96,124,C,repaired,6,9,9,,15187968,10.009,1,
rome,rome/rome/grafo10741.92.graphml,92,132,C,repaired,6,11,10,,13688915,10.01,1,
rome,rome/rome/grafo10742.99.graphml,99,130,C,repaired,6,10,9,,14233715,10.011,1,
rome,rome/rome/grafo10776.96.graphml,96,117,C,repaired,4,6,6,refutation,249251,0.207,1,
rome,rome/rome/grafo10744.96.graphml,96,129,C,repaired,6,10,9,,12050974,10.013,1,
rome,rome/rome/grafo10750.100.graphml,100,135,C,repaired,7,10,10,,16584704,10.009,1,
rome,rome/rome/grafo10757.96.graphml,96,134,C,repaired,6,10,9,,16019556,10.013,1,
rome,rome/rome/grafo10758.96.graphml,96,142,C,repaired,7,11,11,,15208448,10.011,1,
rome,rome/rome/grafo1078.11.graphml,11,12,C,repaired,2,2,2,bound,0,0.0,1,
rome,rome/rome/grafo10764.96.graphml,96,131,C,repaired,6,9,8,refutation,6440993,5.457,1,
rome,rome/rome/grafo10779.96.graphml,96,125,C,repaired,6,8,7,refutation,944139,0.939,1,
rome,rome/rome/grafo10759.96.graphml,96,122,C,repaired,5,8,8,,14483456,10.012,1,
rome,rome/rome/grafo10775.94.graphml,94,124,C,repaired,6,9,8,refutation,2983413,2.639,1,
rome,rome/rome/grafo10760.96.graphml,96,145,C,repaired,8,12,12,,15470592,10.011,1,
rome,rome/rome/grafo10761.95.graphml,95,117,C,repaired,5,9,9,,17768448,10.009,1,
rome,rome/rome/grafo10773.93.graphml,93,126,C,repaired,6,10,9,refutation,5181278,4.812,1,
rome,rome/rome/grafo10787.95.graphml,95,121,C,repaired,5,8,7,refutation,474138,0.452,1,
rome,rome/rome/grafo1079.19.graphml,19,18,C,repaired,1,2,2,refutation,22,0.001,1,
rome,rome/rome/grafo10771.92.graphml,92,127,C,repaired,6,10,9,refutation,7652459,6.765,1,
rome,rome/rome/grafo10791.34.graphml,34,35,C,repaired,2,4,3,refutation,213,0.002,1,
rome,rome/rome/grafo10784.98.graphml,98,126,C,repaired,5,9,8,refutation,2619075,2.462,1,
rome,rome/rome/grafo10786.100.graphml,100,131,C,repaired,5,9,8,refutation,2336461,2.231,1,
rome,rome/rome/grafo10762.99.graphml,99,133,C,repaired,6,10,10,,17555456,10.007,1,
rome,rome/rome/grafo10795.32.graphml,32,35,C,repaired,2,3,3,refutation,211,0.002,1,
rome,rome/rome/grafo10796.33.graphml,33,38,C,repaired,3,3,3,bound,0,0.001,1,
rome,rome/rome/grafo10797.94.graphml,94,125,C,repaired,5,8,7,refutation,353986,0.395,1,
rome,rome/rome/grafo10798.37.graphml,37,47,C,repaired,3,4,4,refutation,542,0.004,1,
rome,rome/rome/grafo10799.34.graphml,34,39,C,repaired,3,4,3,bound,58,0.001,1,
rome,rome/rome/grafo1080.16.graphml,16,18,C,repaired,2,3,2,bound,28,0.001,1,
rome,rome/rome/grafo10800.37.graphml,37,45,C,repaired,4,5,5,refutation,1607,0.008,1,
rome,rome/rome/grafo10801.35.graphml,35,39,C,repaired,3,4,3,bound,33,0.001,1,
rome,rome/rome/grafo10763.92.graphml,92,129,C,repaired,6,10,9,,13958049,10.011,1,
rome,rome/rome/grafo10802.37.graphml,37,48,C,repaired,4,5,4,bound,30,0.002,1,
rome,rome/rome/grafo10804.35.graphml,35,46,C,repaired,4,5,5,refutation,738,0.004,1,
rome,rome/rome/grafo10772.100.graphml,100,156,C,repaired,7,13,12,,12641262,10.011,1,
rome,rome/rome/grafo10803.99.graphml,99,132,C,repaired,6,9,8,refutation,2853598,1.841,1,
rome,rome/rome/grafo10774.93.graphml,93,127,C,repaired,6,10,9,,13611741,10.01,1,
rome,rome/rome/grafo10777.100.graphml,100,133,C,repaired,6,10,9,,17684982,10.01,1,
rome,rome/rome/grafo10778.100.graphml,100,128,C,repaired,5,10,9,,16313518,10.012,1,
rome,rome/rome/grafo1081.15.graphml,15,24,C,repaired,3,3,3,bound,0,0.0,1,
rome,rome/rome/grafo10780.99.graphml,99,149,C,repaired,7,12,12,,15978496,10.007,1,
rome,rome/rome/grafo10781.100.graphml,100,142,C,repaired,7,12,11,,13684911,10.011,1,
rome,rome/rome/grafo10782.95.graphml,95,127,C,repaired,6,10,9,,16049629,10.012,1,
rome,rome/rome/grafo10785.94.graphml,94,134,C,repaired,6,10,9,,16499579,10.013,1,
rome,rome/rome/grafo10788.98.graphml,98,132,C,repaired,5,10,9,,21323894,10.008,1,
rome,rome/rome/grafo10789.91.graphml,91,133,C,repaired,7,11,11,,14254080,10.011,1,
rome,rome/rome/grafo10790.98.graphml,98,125,C,repaired,5,8,8,,15159296,10.009,1,
rome,rome/rome/grafo10815.97.graphml,97,126,C,repaired,5,8,8,refutation,1041652,0.825,1,
rome,rome/rome/grafo10792.98.graphml,98,137,C,repaired,6,11,11,,14352384,10.011,1,
rome,rome/rome/grafo10817.96.graphml,96,126,C,repaired,6,8,7,refutation,981623,0.864,1,
rome,rome/rome/grafo1082.23.graphml,23,24,C,repaired,2,2,2,bound,0,0.001,1,
rome,rome/rome/grafo10793.95.graphml,95,135,C,repaired,6,9,9,,13787136,10.01,1,
rome,rome/rome/grafo10794.100.graphml,100,130,C,repaired,5,9,8,,15058437,10.012,1,
rome,rome/rome/grafo10818.97.graphml,97,128,C,repaired,6,8,7,refutation,1335128,1.021,1,
rome,rome/rome/grafo10812.98.graphml,98,128,C,repaired,5,9,8,refutation,4004983,3.521,1,
rome,rome/rome/grafo10813.93.graphml,93,126,C,repaired,6,9,8,refutation,3976711,3.35,1,
rome,rome/rome/grafo10816.93.graphml,93,119,C,repaired,5,9,8,refutation,2709995,2.366,1,
rome,rome/rome/grafo10824.92.graphml,92,116,C,repaired,5,8,7,refutation,925259,0.923,1,
rome,rome/rome/grafo10805.98.graphml,98,135,C,repaired,7,10,10,,16564224,10.009,1,
rome,rome/rome/grafo10828.97.graphml,97,135,C,repaired,6,9,8,refutation,827322,0.62,1,
rome,rome/rome/grafo10806.97.graphml,97,139,C,repaired,7,11,11,,16785408,10.012,1,
rome,rome/rome/grafo1083.14.graphml,14,15,C,repaired,2,2,2,bound,0,0.0,1,
rome,rome/rome/grafo10807.95.graphml,95,140,C,repaired,7,11,11,,16793600,10.013,1,
rome,rome/rome/grafo10808.98.graphml,98,136,C,repaired,7,11,10,,14085691,10.008,1,
rome,rome/rome/grafo10809.99.graphml,99,131,C,repaired,6,10,10,,19271680,10.009,1,
rome,rome/rome/grafo10810.97.graphml,97,144,C,repaired,7,12,11,,15200325,10.008,1,
rome,rome/rome/grafo10827.99.graphml,99,135,C,repaired,6,9,9,refutation,4648375,4.428,1,
rome,rome/rome/grafo10835.39.graphml,39,45,C,repaired,3,3,3,bound,0,0.001,1,
rome,rome/rome/grafo10829.97.graphml,97,136,C,repaired,7,10,8,refutation,4453844,4.04,1,
rome,rome/rome/grafo10811.96.graphml,96,142,C,repaired,7,11,11,,13180928,10.01,1,
rome,rome/rome/grafo10837.95.graphml,95,125,C,repaired,4,8,7,refutation,225916,0.286,1,
rome,rome/rome/grafo10838.37.graphml,37,45,C,repaired,3,5,4,refutation,622,0.004,1,
rome,rome/rome/grafo10839.32.graphml,32,36,C,repaired,2,3,3,refutation,65,0.001,1,
rome,rome/rome/grafo1084.11.graphml,11,10,C,repaired,1,1,1,bound,0,0.0,1,
rome,rome/rome/grafo10840.36.graphml,36,50,C,repaired,4,6,6,refutation,1583,0.007,1,
rome,rome/rome/grafo10841.35.graphml,35,45,C,repaired,4,5,4,bound,121,0.002,1,
rome,rome/rome/grafo10842.33.graphml,33,42,C,repaired,3,4,3,bound,69,0.001,1,
rome,rome/rome/grafo10843.34.graphml,34,39,C,repaired,3,4,3,bound,56,0.001,1,
rome,rome/rome/grafo10844.39.graphml,39,49,C,repaired,4,5,5,refutation,2877,0.015,1,
rome,rome/rome/grafo10845.41.graphml,41,53,C,repaired,4,5,5,refutation,3009,0.006,1,
rome,rome/rome/grafo10846.40.graphml,40,59,C,repaired,5,6,6,refutation,4177,0.016,1,
rome,rome/rome/grafo10848.94.graphml,94,119,C,repaired,4,7,6,refutation,50681,0.094,1,
rome,rome/rome/grafo10847.93.graphml,93,115,C,repaired,5,7,6,refutation,232182,0.248,1,
rome,rome/rome/grafo1085.17.graphml,17,18,C,repaired,2,2,2,bound,0,0.001,1,
rome,rome/rome/grafo10814.98.graphml,98,141,C,repaired,7,11,11,,18673664,10.009,1,
rome,rome/rome/grafo10850.94.graphml,94,129,C,repaired,6,8,8,refutation,1800362,1.65,1,
rome,rome/rome/grafo10819.95.graphml,95,122,C,repaired,6,10,9,,15668036,10.008,1,
rome,rome/rome/grafo10852.94.graphml,94,110,C,repaired,4,7,6,refutation,287104,0.293,1,
rome,rome/rome/grafo10820.100.graphml,100,141,C,repaired,6,10,9,,10467413,10.011,1,
rome,rome/rome/grafo10853.92.graphml,92,113,C,repaired,5,7,6,refutation,104739,0.125,1,
rome,rome/rome/grafo10821.96.graphml,96,115,C,repaired,4,8,8,,15880192,10.011,1,
rome,rome/rome/grafo10822.97.graphml,97,134,C,repaired,7,10,10,,17637376,10.009,1,
rome,rome/rome/grafo10855.96.graphml,96,113,C,repaired,4,7,6,refutation,307800,0.352,1,
rome,rome/rome/grafo10823.96.graphml,96,129,C,repaired,6,10,9,,13447725,10.008,1,
rome,rome/rome/grafo1086.18.graphml,18,26,C,repaired,4,4,4,bound,0,0.001,1,
rome,rome/rome/grafo10858.93.graphml,93,118,C,repaired,4,7,7,refutation,502891,0.472,1,
rome,rome/rome/grafo10825.98.graphml,98,138,C,repaired,7,12,11,,11714835,10.011,1,
rome,rome/rome/grafo10826.93.graphml,93,125,C,repaired,6,10,9,,16083789,10.008,1,
rome,rome/rome/grafo10830.92.graphml,92,129,C,repaired,6,9,9,,13549568,10.011,1,
rome,rome/rome/grafo10831.98.graphml,98,146,C,repaired,7,11,10,,16162925,10.01,1,
rome,rome/rome/grafo10832.94.graphml,94,142,C,repaired,7,12,11,,15650277,10.011,1,
rome,rome/rome/grafo10833.98.graphml,98,132,C,repaired,6,9,9,,20275200,10.01,1,
rome,rome/rome/grafo10834.93.graphml,93,133,C,repaired,7,11,10,,11644504,10.013,1,
rome,rome/rome/grafo10836.97.graphml,97,139,C,repaired,7,11,11,,18161664,10.009,1,
rome,rome/rome/grafo10868.96.graphml,96,117,C,repaired,5,7,6,refutation,264727,0.314,1,
rome,rome/rome/grafo1087.14.graphml,14,19,C,repaired,3,3,3,bound,0,0.0,1,
rome,rome/rome/grafo10849.95.graphml,95,138,C,repaired,7,11,11,,16515072,10.01,1,
rome,rome/rome/grafo10851.95.graphml,95,134,C,repaired,6,9,9,,16470016,10.009,1,
rome,rome/rome/grafo10872.93.graphml,93,115,C,repaired,5,6,5,bound,109,0.007,1,
rome,rome/rome/grafo10854.99.graphml,99,135,C,repaired,6,10,8,,13694846,10.011,1,
rome,rome/rome/grafo10856.91.graphml,91,119,C,repaired,6,10,9,,16463993,10.01,1,
rome,rome/rome/grafo10857.95.graphml,95,126,C,repaired,6,10,9,,22016058,10.011,1,
rome,rome/rome/grafo10871.95.graphml,95,125,C,repaired,5,8,8,refutation,3141072,2.672,1,
rome,rome/rome/grafo10859.97.graphml,97,137,C,repaired,6,11,10,,11239977,10.011,1,
rome,rome/rome/grafo10860.93.graphml,93,138,C,repaired,7,13,12,,15907320,10.013,1,
rome,rome/rome/grafo10874.94.graphml,94,122,C,repaired,5,8,7,refutation,786851,0.716,1,
rome,rome/rome/grafo1088.11.graphml,11,17,C,repaired,3,3,3,bound,0,0.0,1,
rome,rome/rome/grafo10861.100.graphml,100,138,C,repaired,6,10,10,,13766656,10.009,1,
rome,rome/rome/grafo10862.98.graphml,98,136,C,repaired,6,11,9,,12111782,10.009,1,
rome,rome/rome/grafo10877.97.graphml,97,124,C,repaired,5,8,7,refutation,628876,0.665,1,
rome,rome/rome/grafo10863.94.graphml,94,126,C,repaired,5,9,9,,16494592,10.012,1,
rome,rome/rome/grafo10880.95.graphml,95,119,C,repaired,5,8,7,refutation,528310,0.467,1,
rome,rome/rome/grafo10884.93.graphml,93,122,C,repaired,6,8,8,refutation,2574724,1.701,1,
rome,rome/rome/grafo10864.99.graphml,99,140,C,repaired,6,10,9,,12662560,10.014,1,
rome,rome/rome/grafo10887.31.graphml,31,36,C,repaired,2,3,3,refutation,55,0.002,1,
rome,rome/rome/grafo10888.35.graphml,35,46,C,repaired,4,5,5,refutation,738,0.005,1,
rome,rome/rome/grafo10889.36.graphml,36,42,C,repaired,3,4,4,refutation,730,0.005,1,
rome,rome/rome/grafo1089.23.graphml,23,22,C,repaired,1,3,2,refutation,44,0.001,1,
rome,rome/rome/grafo10890.34.graphml,34,39,C,repaired,2,4,3,refutation,162,0.002,1,
rome,rome/rome/grafo10875.97.graphml,97,122,C,repaired,5,8,8,refutation,5241455,3.919,1,
rome,rome/rome/grafo10865.100.graphml,100,141,C,repaired,7,11,10,,14781851,10.012,1,
rome,rome/rome/grafo10892.37.graphml,37,48,C,repaired,4,5,5,refutation,1901,0.01,1,
rome,rome/rome/grafo10891.95.graphml,95,118,C,repaired,5,7,7,refutation,726683,0.745,1,
rome,rome/rome/grafo10866.98.graphml,98,135,C,repaired,6,11,10,,13729672,10.011,1,
rome,rome/rome/grafo10886.97.graphml,97,130,C,repaired,6,9,8,refutation,2828311,2.015,1,
rome,rome/rome/grafo10896.96.graphml,96,115,C,repaired,4,8,6,refutation,1104467,0.893,1,
rome,rome/rome/grafo10867.95.graphml,95,135,C,repaired,7,11,11,,12697600,10.014,1,
rome,rome/rome/grafo10869.96.graphml,96,135,C,repaired,5,11,11,,10858496,10.012,1,
rome,rome/rome/grafo1090.29.graphml,29,33,C,repaired,3,4,3,bound,19,0.001,1,
rome,rome/rome/grafo10881.97.graphml,97,130,C,repaired,6,10,8,refutation,6693389,5.498,1,
rome,rome/rome/grafo10870.94.graphml,94,129,C,repaired,6,11,10,,12095565,10.011,1,
rome,rome/rome/grafo10902.33.graphml,33,42,C,repaired,3,4,4,refutation,243,0.002,1,
rome,rome/rome/grafo10899.96.graphml,96,121,C,repaired,5,8,7,refutation,1066551,0.972,1,
rome,rome/rome/grafo10873.97.graphml,97,131,C,repaired,7,10,10,,17088512,10.012,1,
rome,rome/rome/grafo10876.98.graphml,98,140,C,repaired,6,11,10,,20934835,10.007,1,
rome,rome/rome/grafo10878.94.graphml,94,138,C,repaired,6,12,11,,13108970,10.011,1,
rome,rome/rome/grafo10879.92.graphml,92,124,C,repaired,6,10,9,,14092114,10.008,1,
rome,rome/rome/grafo10882.95.graphml,95,136,C,repaired,7,11,10,,13856980,10.01,1,
rome,rome/rome/grafo10883.93.graphml,93,136,C,repaired,7,11,11,,15695872,10.013,1,
rome,rome/rome/grafo1091.21.graphml,21,29,C,repaired,3,3,3,bound,0,0.001,1,
rome,rome/rome/grafo10906.97.graphml,97,116,C,repaired,5,8,7,refutation,1246988,0.892,1,
rome,rome/rome/grafo10885.98.graphml,98,124,C,repaired,6,9,9,,18067456,10.011,1,
rome,rome/rome/grafo10910.94.graphml,94,118,C,repaired,5,7,6,refutation,149346,0.184,1,
rome,rome/rome/grafo10909.96.graphml,96,124,C,repaired,5,7,7,refutation,695796,0.512,1,
rome,rome/rome/grafo10914.96.graphml,96,127,C,repaired,6,8,7,refutation,438720,0.453,1,
rome,rome/rome/grafo10912.92.graphml,92,126,C,repaired,6,9,8,refutation,3388618,2.177,1,
rome,rome/rome/grafo10893.92.graphml,92,129,C,repaired,6,11,10,,15793815,10.008,1,
rome,rome/rome/grafo10894.97.graphml,97,135,C,repaired,6,10,10,,16723968,10.012,1,
rome,rome/rome/grafo10916.95.graphml,95,118,C,repaired,5,8,7,refutation,900783,0.654,1,
rome,rome/rome/grafo10895.98.graphml,98,130,C,repaired,6,9,9,,13156352,10.012,1,
rome,rome/rome/grafo1092.42.graphml,42,53,C,repaired,4,5,5,refutation,1871,0.01,1,
rome,rome/rome/grafo10897.95.graphml,95,121,C,repaired,4,8,8,,18513920,10.012,1,
rome,rome/rome/grafo10913.97.graphml,97,130,C,repaired,6,9,9,refutation,4354059,3.775,1,
rome,rome/rome/grafo10898.95.graphml,95,136,C,repaired,6,10,9,,15423341,10.01,1,
rome,rome/rome/grafo10920.95.graphml,95,122,C,repaired,5,8,7,refutation,1394328,1.207,1,
rome,rome/rome/grafo10917.94.graphml,94,132,C,repaired,6,9,8,refutation,2975718,1.969,1,
rome,rome/rome/grafo10900.93.graphml,93,131,C,repaired,6,10,10,,13463552,10.011,1,
rome,rome/rome/grafo10901.94.graphml,94,132,C,repaired,6,10,9,,15278635,10.012,1,
rome,rome/rome/grafo10903.93.graphml,93,134,C,repaired,7,10,10,,14004224,10.011,1,
rome,rome/rome/grafo10904.94.graphml,94,129,C,repaired,6,9,9,,16494592,10.009,1,
rome,rome/rome/grafo10922.100.graphml,100,130,C,repaired,6,8,8,refutation,2769152,2.568,1,
rome,rome/rome/grafo1093.15.graphml,15,17,C,repaired,2,2,2,bound,0,0.001,1,
rome,rome/rome/grafo10905.97.graphml,97,138,C,repaired,7,11,11,,15810560,10.012,1,
rome,rome/rome/grafo10931.94.graphml,94,117,C,repaired,4,7,6,refutation,193552,0.216,1,
rome,rome/rome/grafo10928.100.graphml,100,140,C,repaired,6,8,8,refutation,2673188,2.552,1,
rome,rome/rome/grafo10932.94.graphml,94,124,C,repaired,5,9,8,refutation,1341945,1.216,1,
rome,rome/rome/grafo10927.95.graphml,95,132,C,repaired,6,10,9,refutation,4667148,3.633,1,
rome,rome/rome/grafo10907.99.graphml,99,137,C,repaired,6,9,9,,14921728,10.009,1,
rome,rome/rome/grafo10908.98.graphml,98,135,C,repaired,7,10,10,,14786560,10.012,1,
rome,rome/rome/grafo10911.100.graphml,100,135,C,repaired,6,10,9,,13194690,10.012,1,
rome,rome/rome/grafo10938.33.graphml,33,36,C,repaired,2,3,3,refutation,169,0.002,1,
rome,rome/rome/grafo10939.33.graphml,33,38,C,repaired,2,3,2,bound,29,0.001,1,
rome,rome/rome/grafo1094.17.graphml,17,19,C,repaired,2,3,2,bound,40,0.001,1,
rome,rome/rome/grafo10940.39.graphml,39,47,C,repaired,4,5,5,refutation,1424,0.008,1,
rome,rome/rome/grafo10941.37.graphml,37,49,C,repaired,4,5,4,bound,51,0.002,1,
rome,rome/rome/grafo10942.35.graphml,35,46,C,repaired,4,5,5,refutation,738,0.003,1,
rome,rome/rome/grafo10915.97.graphml,97,134,C,repaired,6,10,10,,16216064,10.009,1,
rome,rome/rome/grafo10934.95.graphml,95,131,C,repaired,6,9,8,refutation,4904636,3.42,1,
rome,rome/rome/grafo10918.98.graphml,98,140,C,repaired,7,12,11,,15049003,10.01,1,
rome,rome/rome/grafo10919.97.graphml,97,136,C,repaired,6,11,11,,15785984,10.01,1,
rome,rome/rome/grafo10921.97.graphml,97,130,C,repaired,6,9,9,,19005440,10.009,1,
rome,rome/rome/grafo10923.97.graphml,97,133,C,repaired,6,10,9,,12787974,10.013,1,
rome,rome/rome/grafo10924.98.graphml,98,129,C,repaired,6,9,8,,17170655,10.01,1,
rome,rome/rome/grafo1095.11.graphml,11,14,C,repaired,3,3,3,bound,0,0.0,1,
rome,rome/rome/grafo10925.95.graphml,95,127,C,repaired,6,9,9,,15097856,10.011,1,
rome,rome/rome/grafo10948.98.graphml,98,130,C,repaired,5,8,7,refutation,1075756,1.031,1,
rome,rome/rome/grafo10926.99.graphml,99,139,C,repaired,6,10,9,,10755462,10.011,1,
rome,rome/rome/grafo10929.94.graphml,94,130,C,repaired,7,10,9,,12693581,10.012,1,
rome,rome/rome/grafo10951.97.graphml,97,122,C,repaired,5,8,7,refutation,1009343,0.943,1,
rome,rome/rome/grafo10953.93.graphml,93,118,C,repaired,5,8,8,refutation,1099522,0.966,1,
rome,rome/rome/grafo10946.92.graphml,92,120,C,repaired,5,9,8,refutation,4644952,3.463,1,
rome,rome/rome/grafo10957.92.graphml,92,122,C,repaired,5,8,7,refutation,288404,0.246,1,
rome,rome/rome/grafo10930.100.graphml,100,130,C,repaired,6,9,9,,16875520,10.011,1,
rome,rome/rome/grafo10933.94.graphml,94,128,C,repaired,7,10,9,,16847224,10.009,1,
rome,rome/rome/grafo1096.44.graphml,44,58,C,repaired,4,6,5,refutation,1798,0.01,1,
rome,rome/rome/grafo10956.95.graphml,95,129,C,repaired,5,9,8,refutation,2503616,2.258,1,
rome,rome/rome/grafo10935.94.graphml,94,127,C,repaired,6,10,10,,15118336,10.012,1,
rome,rome/rome/grafo10954.94.graphml,94,120,C,repaired,5,8,8,refutation,3954368,3.595,1,
rome,rome/rome/grafo10936.98.graphml,98,124,C,repaired,5,9,8,,16426804,10.013,1,
rome,rome/rome/grafo10937.100.graphml,100,136,C,repaired,6,10,9,,12222284,10.012,1,
rome,rome/rome/grafo10964.95.graphml,95,122,C,repaired,5,7,6,refutation,157796,0.212,1,
rome,rome/rome/grafo10943.95.graphml,95,138,C,repaired,6,11,10,,12818096,10.009,1,
rome,rome/rome/grafo10944.96.graphml,96,127,C,repaired,6,10,9,,13887483,10.012,1,
rome,rome/rome/grafo10968.99.graphml,99,128,C,repaired,4,7,7,refutation,350717,0.374,1,
rome,rome/rome/grafo10961.96.graphml,96,126,C,repaired,5,9,8,refutation,3496827,3.199,1,
rome,rome/rome/grafo1097.16.graphml,16,18,C,repaired,2,3,2,bound,19,0.001,1,
rome,rome/rome/grafo10945.98.graphml,98,142,C,repaired,7,11,10,,15974795,10.01,1,
rome,rome/rome/grafo10947.97.graphml,97,128,C,repaired,6,9,9,,18554880,10.01,1,
rome,rome/rome/grafo10971.96.graphml,96,119,C,repaired,6,9,8,refutation,2781712,1.792,1,
rome,rome/rome/grafo10970.100.graphml,100,135,C,repaired,5,8,8,refutation,2014137,2.034,1,
rome,rome/rome/grafo10949.95.graphml,95,135,C,repaired,7,11,10,,17207356,10.011,1,
rome,rome/rome/grafo10950.97.graphml,97,143,C,repaired,6,11,10,,15929953,10.012,1,
rome,rome/rome/grafo10952.96.graphml,96,137,C,repaired,7,11,10,,15345825,10.009,1,
rome,rome/rome/grafo10974.97.graphml,97,124,C,repaired,5,8,7,refutation,1001761,1.006,1,
rome,rome/rome/grafo10967.93.graphml,93,122,C,repaired,5,9,8,refutation,9183807,5.411,1,
rome,rome/rome/grafo10955.94.graphml,94,129,C,repaired,5,9,9,,14761984,10.013,1,
rome,rome/rome/grafo10979.39.graphml,39,45,C,repaired,3,4,4,refutation,791,0.005,1,
rome,rome/rome/grafo1098.10.graphml,10,9,C,repaired,1,2,2,refutation,10,0.0,1,
rome,rome/rome/grafo10981.33.graphml,33,39,C,repaired,3,4,4,refutation,305,0.002,1,
rome,rome/rome/grafo10982.34.graphml,34,42,C,repaired,3,4,3,bound,60,0.001,1,
rome,rome/rome/grafo10983.34.graphml,34,38,C,repaired,3,4,3,bound,42,0.001,1,
rome,rome/rome/grafo10958.98.graphml,98,154,C,repaired,8,13,13,,16252928,10.011,1,
rome,rome/rome/grafo10959.97.graphml,97,131,C,repaired,6,10,9,,17354824,10.01,1,
rome,rome/rome/grafo10977.94.graphml,94,122,C,repaired,5,9,8,refutation,4799762,2.873,1,
rome,rome/rome/grafo10960.98.graphml,98,131,C,repaired,6,11,11,,15298560,10.011,1,
rome,rome/rome/grafo10988.98.graphml,98,127,C,repaired,4,7,6,refutation,139825,0.187,1,
rome,rome/rome/grafo10987.96.graphml,96,134,C,repaired,6,9,8,refutation,929992,0.684,1,
rome,rome/rome/grafo1099.11.graphml,11,11,C,repaired,2,2,2,bound,0,0.0,1,
rome,rome/rome/grafo10962.100.graphml,100,145,C,repaired,7,13,12,,11189731,10.01,1,
rome,rome/rome/grafo10986.96.graphml,96,122,C,repaired,5,9,7,refutation,2693488,2.169,1,
rome,rome/rome/grafo10963.97.graphml,97,127,C,repaired,6,10,9,,14594667,10.008,1,
rome,rome/rome/grafo10965.99.graphml,99,130,C,repaired,5,9,9,,16334848,10.008,1,
rome,rome/rome/grafo10966.96.graphml,96,132,C,repaired,6,9,9,,16949248,10.011,1,
rome,rome/rome/grafo10994.94.graphml,94,126,C,repaired,5,8,7,refutation,729495,0.51,1,
rome,rome/rome/grafo10969.98.graphml,98,131,C,repaired,6,9,8,,12966743,10.012,1,
rome,rome/rome/grafo10989.97.graphml,97,126,C,repaired,5,8,8,refutation,4185786,3.933,1,
rome,rome/rome/grafo10997.100.graphml,100,126,C,repaired,4,8,7,refutation,1120444,1.074,1,
rome,rome/rome/grafo10972.95.graphml,95,138,C,repaired,7,11,10,,13800448,10.009,1,
rome,rome/rome/grafo1100.11.graphml,11,12,C,repaired,2,2,2,bound,0,0.0,1,
rome,rome/rome/grafo10996.97.graphml,97,131,C,repaired,6,9,8,refutation,3327498,3.166,1,
rome,rome/rome/grafo10973.94.graphml,94,125,C,repaired,6,9,9,,13774848,10.011,1,
rome,rome/rome/grafo10975.96.graphml,96,128,C,repaired,6,9,9,,13488128,10.008,1,
rome,rome/rome/grafo10976.92.graphml,92,137,C,repaired,7,11,10,,16680633,10.012,1,
rome,rome/rome/grafo11004.98.graphml,98,117,C,repaired,4,7,6,refutation,170149,0.201,1,
rome,rome/rome/grafo10978.98.graphml,98,130,C,repaired,5,9,9,,13225984,10.01,1,
rome,rome/rome/grafo10980.95.graphml,95,121,C,repaired,5,9,8,,13979869,10.013,1,
rome,rome/rome/grafo10984.98.graphml,98,132,C,repaired,6,10,9,,16506421,10.012,1,
rome,rome/rome/grafo10999.92.graphml,92,129,C,repaired,6,9,8,refutation,3802091,3.657,1,
rome,rome/rome/grafo10991.97.graphml,97,134,C,repaired,6,10,9,refutation,11014126,7.545,1,
rome,rome/rome/grafo1101.25.graphml,25,37,C,repaired,3,5,4,refutation,255,0.002,1,
rome,rome/rome/grafo10985.96.graphml,96,128,C,repaired,6,10,9,,13607403,10.012,1,
rome,rome/rome/grafo11005.93.graphml,93,121,C,repaired,6,9,8,refutation,2847720,2.392,1,
rome,rome/rome/grafo11009.98.graphml,98,126,C,repaired,6,8,7,refutation,1785021,1.66,1,
rome,rome/rome/grafo11013.35.graphml,35,43,C,repaired,3,4,4,refutation,477,0.003,1,
rome,rome/rome/grafo10990.96.graphml,96,133,C,repaired,6,9,9,,12828672,10.01,1,
rome,rome/rome/grafo10992.94.graphml,94,133,C,repaired,7,12,11,,13915983,10.01,1,
rome,rome/rome/grafo10993.95.graphml,95,130,C,repaired,6,9,9,,15183872,10.012,1,
rome,rome/rome/grafo11007.93.graphml,93,125,C,repaired,6,9,9,refutation,3391969,3.402,1,
rome,rome/rome/grafo10995.96.graphml,96,130,C,repaired,6,10,10,,14319616,10.009,1,
rome,rome/rome/grafo11019.93.graphml,93,123,C,repaired,6,8,8,refutation,1091457,0.961,1,
rome,rome/rome/grafo1102.29.graphml,29,29,C,repaired,2,3,2,bound,28,0.001,1,
rome,rome/rome/grafo10998.100.graphml,100,142,C,repaired,6,11,9,,19397146,10.009,1,
rome,rome/rome/grafo11000.99.graphml,99,145,C,repaired,7,11,10,,16982200,10.008,1,
rome,rome/rome/grafo11022.32.graphml,32,35,C,repaired,2,3,3,refutation,161,0.002,1,
rome,rome/rome/grafo11023.33.graphml,33,33,C,repaired,2,2,2,bound,0,0.001,1,
rome,rome/rome/grafo11024.38.graphml,38,45,C,repaired,3,4,4,refutation,480,0.004,1,
rome,rome/rome/grafo11001.97.graphml,97,136,C,repaired,7,11,11,,16265216,10.013,1,
rome,rome/rome/grafo11026.33.graphml,33,36,C,repaired,2,3,2,bound,42,0.001,1,
rome,rome/rome/grafo11027.92.graphml,92,122,C,repaired,5,7,6,refutation,44962,0.101,1,
rome,rome/rome/grafo11028.40.graphml,40,56,C,repaired,4,5,5,refutation,4408,0.017,1,
rome,rome/rome/grafo11029.32.graphml,32,36,C,repaired,2,3,3,refutation,103,0.002,1,
rome,rome/rome/grafo1103.24.graphml,24,28,C,repaired,2,3,2,bound,34,0.001,1,
rome,rome/rome/grafo11002.96.graphml,96,133,C,repaired,6,9,9,,14737408,10.012,1,
rome,rome/rome/grafo11030.36.graphml,36,47,C,repaired,4,5,5,refutation,933,0.006,1,
rome,rome/rome/grafo11031.36.graphml,36,41,C,repaired,3,4,4,refutation,790,0.005,1,
rome,rome/rome/grafo11032.36.graphml,36,45,C,repaired,3,5,4,refutation,394,0.002,1,
rome,rome/rome/grafo11003.100.graphml,100,140,C,repaired,7,11,11,,14172160,10.011,1,
rome,rome/rome/grafo11033.94.graphml,94,121,C,repaired,5,8,7,refutation,461214,0.496,1,
rome,rome/rome/grafo11006.97.graphml,97,135,C,repaired,7,11,10,,13975665,10.01,1,
rome,rome/rome/grafo11008.99.graphml,99,151,C,repaired,7,12,12,,12886016,10.011,1,
rome,rome/rome/grafo11010.97.graphml,97,128,C,repaired,6,9,9,,16830464,10.012,1,
rome,rome/rome/grafo11021.96.graphml,96,131,C,repaired,6,10,9,refutation,4676058,4.339,1,
rome,rome/rome/grafo1104.21.graphml,21,24,C,repaired,3,3,3,bound,0,0.001,1,
rome,rome/rome/grafo11011.100.graphml,100,139,C,repaired,6,9,9,,21848064,10.011,1,
rome,rome/rome/grafo11012.96.graphml,96,135,C,repaired,7,11,11,,13680640,10.009,1,
rome,rome/rome/grafo11014.100.graphml,100,138,C,repaired,6,11,10,,12684500,10.012,1,
rome,rome/rome/grafo11015.98.graphml,98,136,C,repaired,6,10,10,,14766080,10.01,1,
rome,rome/rome/grafo11016.98.graphml,98,145,C,repaired,7,11,11,,13381632,10.012,1,
rome,rome/rome/grafo11017.97.graphml,97,125,C,repaired,5,10,9,,14143564,10.011,1,
rome,rome/rome/grafo11018.99.graphml,99,130,C,repaired,5,10,9,,11729889,10.014,1,
rome,rome/rome/grafo11020.100.graphml,100,145,C,repaired,7,12,11,,12365692,10.011,1,
rome,rome/rome/grafo11038.100.graphml,100,133,C,repaired,6,9,8,refutation,5062301,5.09,1,
rome,rome/rome/grafo1105.19.graphml,19,24,C,repaired,3,4,4,refutation,110,0.001,1,
rome,rome/rome/grafo11046.97.graphml,97,128,C,repaired,6,9,8,refutation,2626755,2.374,1,
rome,rome/rome/grafo11051.100.graphml,100,134,C,repaired,6,8,7,refutation,689842,0.683,1,
rome,rome/rome/grafo11025.94.graphml,94,130,C,repaired,6,10,9,,13799559,10.011,1,
rome,rome/rome/grafo11034.95.graphml,95,132,C,repaired,6,10,9,,15372579,10.01,1,
rome,rome/rome/grafo11035.99.graphml,99,139,C,repaired,7,11,11,,20234240,10.009,1,
rome,rome/rome/grafo11036.97.graphml,97,129,C,repaired,6,10,9,,15597349,10.009,1,
rome,rome/rome/grafo11055.98.graphml,98,126,C,repaired,6,8,7,refutation,444898,0.382,1,
rome,rome/rome/grafo11037.99.graphml,99,144,C,repaired,7,11,11,,16064512,10.01,1,
rome,rome/rome/grafo11039.96.graphml,96,143,C,repaired,7,12,11,,13578347,10.012,1,
rome,rome/rome/grafo11040.95.graphml,95,134,C,repaired,6,9,9,,14139392,10.013,1,
rome,rome/rome/grafo1106.21.graphml,21,35,C,repaired,5,5,5,bound,0,0.001,1,
rome,rome/rome/grafo11041.97.graphml,97,126,C,repaired,5,9,8,,18690313,10.01,1,
rome,rome/rome/grafo11042.94.graphml,94,129,C,repaired,6,11,10,,13165940,10.013,1,
rome,rome/rome/grafo11061.94.graphml,94,119,C,repaired,5,8,7,refutation,819797,0.783,1,
rome,rome/rome/grafo11043.94.graphml,94,132,C,repaired,6,11,10,,11826497,10.011,1,
rome,rome/rome/grafo11044.95.graphml,95,138,C,repaired,7,11,11,,18837504,10.012,1,
rome,rome/rome/grafo11045.94.graphml,94,134,C,repaired,6,10,10,,15802368,10.013,1,
rome,rome/rome/grafo11063.92.graphml,92,116,C,repaired,5,8,7,refutation,1547857,1.442,1,
rome,rome/rome/grafo11047.92.graphml,92,141,C,repaired,7,11,11,,14155776,10.009,1,
rome,rome/rome/grafo11068.96.graphml,96,118,C,repaired,5,8,6,refutation,163615,0.187,1,
rome,rome/rome/grafo11048.94.graphml,94,128,C,repaired,6,10,9,,15089172,10.01,1,
rome,rome/rome/grafo1107.15.graphml,15,19,C,repaired,2,2,2,bound,0,0.0,1,
rome,rome/rome/grafo11065.100.graphml,100,127,C,repaired,5,8,7,refutation,2614348,2.233,1,
rome,rome/rome/grafo11050.98.graphml,98,141,C,repaired,7,10,10,,14516224,10.01,1,
rome,rome/rome/grafo11052.97.graphml,97,134,C,repaired,6,10,10,,14295040,10.011,1,
rome,rome/rome/grafo11053.94.graphml,94,132,C,repaired,6,9,9,,19525632,10.009,1,
rome,rome/rome/grafo11054.96.graphml,96,127,C,repaired,6,10,9,,16421790,10.011,1,
rome,rome/rome/grafo11056.98.graphml,98,136,C,repaired,6,10,10,,14618624,10.011,1,
rome,rome/rome/grafo11071.94.graphml,94,124,C,repaired,6,9,8,refutation,4639107,3.703,1,
rome,rome/rome/grafo11077.36.graphml,36,40,C,repaired,3,4,3,bound,120,0.002,1,
rome,rome/rome/grafo11057.96.graphml,96,133,C,repaired,6,11,10,,13407996,10.013,1,
rome,rome/rome/grafo11079.39.graphml,39,48,C,repaired,3,4,4,refutation,994,0.005,1,
rome,rome/rome/grafo1108.18.graphml,18,25,C,repaired,3,3,3,bound,0,0.001,1,
rome,rome/rome/grafo11066.96.graphml,96,127,C,repaired,5,9,8,refutation,6870645,5.851,1,
rome,rome/rome/grafo11081.34.graphml,34,39,C,repaired,3,3,3,bound,0,0.001,1,
rome,rome/rome/grafo11082.33.graphml,33,42,C,repaired,3,4,3,bound,69,0.002,1,
rome,rome/rome/grafo11083.37.graphml,37,49,C,repaired,4,5,4,bound,121,0.002,1,
rome,rome/rome/grafo11058.98.graphml,98,130,C,repaired,6,10,9,,19114391,10.01,1,
rome,rome/rome/grafo11084.36.graphml,36,44,C,repaired,3,5,4,refutation,388,0.003,1,
rome,rome/rome/grafo11078.100.graphml,100,130,C,repaired,6,8,7,refutation,413468,0.45,1,
rome,rome/rome/grafo11085.97.graphml,97,121,C,repaired,4,7,6,refutation,161249,0.188,1,
rome,rome/rome/grafo11059.98.graphml,98,129,C,repaired,6,10,10,,15024128,10.012,1,
rome,rome/rome/grafo11064.94.graphml,94,126,C,repaired,6,9,8,refutation,9676495,8.625,1,
rome,rome/rome/grafo1109.24.graphml,24,33,C,repaired,4,4,4,bound,0,0.001,1,
rome,rome/rome/grafo11089.93.graphml,93,114,C,repaired,4,7,5,refutation,36287,0.08,1,
rome,rome/rome/grafo11060.99.graphml,99,135,C,repaired,6,10,10,,16474112,10.012,1,
rome,rome/rome/grafo11090.93.graphml,93,112,C,repaired,4,7,6,refutation,308580,0.305,1,
rome,rome/rome/grafo11062.99.graphml,99,124,C,repaired,5,8,8,,13799424,10.009,1,
rome,rome/rome/grafo11086.96.graphml,96,125,C,repaired,5,9,8,refutation,3392153,2.586,1,
rome,rome/rome/grafo11087.96.graphml,96,129,C,repaired,5,8,8,refutation,2981548,2.879,1,
rome,rome/rome/grafo11067.98.graphml,98,137,C,repaired,6,9,9,,11907072,10.011,1,
rome,rome/rome/grafo11080.93.graphml,93,126,C,repaired,6,9,9,refutation,5250917,4.615,1,
rome,rome/rome/grafo11069.93.graphml,93,139,C,repaired,7,12,12,,14807040,10.007,1,
rome,rome/rome/grafo11070.94.graphml,94,136,C,repaired,7,12,12,,14479360,10.011,1,
rome,rome/rome/grafo1110.20.graphml,20,22,C,repaired,2,3,2,bound,18,0.001,1,
rome,rome/rome/grafo11093.100.graphml,100,130,C,repaired,5,9,8,refutation,4360727,4.121,1,
rome,rome/rome/grafo11072.98.graphml,98,143,C,repaired,7,11,10,,14950602,10.01,1,
rome,rome/rome/grafo11073.100.graphml,100,149,C,repaired,7,12,12,,13627392,10.01,1,
rome,rome/rome/grafo11098.96.graphml,96,131,C,repaired,6,9,8,refutation,4025407,3.439,1,
rome,rome/rome/grafo11074.96.graphml,96,129,C,repaired,6,9,9,,14270464,10.012,1,
rome,rome/rome/grafo11075.97.graphml,97,127,C,repaired,5,10,9,,13652629,10.011,1,
rome,rome/rome/grafo11076.97.graphml,97,136,C,repaired,6,10,10,,14385152,10.008,1,
rome,rome/rome/grafo11107.94.graphml,94,123,C,repaired,5,8,7,refutation,589020,0.618,1,
rome,rome/rome/grafo11103.93.graphml,93,116,C,repaired,5,8,8,refutation,3098604,2.608,1,
rome,rome/rome/grafo11088.97.graphml,97,139,C,repaired,6,12,11,,14233794,10.011,1,
rome,rome/rome/grafo1111.15.graphml,15,23,C,repaired,3,4,3,bound,14,0.001,1,
rome,rome/rome/grafo11108.94.graphml,94,124,C,repaired,5,8,7,refutation,527134,0.535,1,
rome,rome/rome/grafo11091.97.graphml,97,125,C,repaired,5,9,9,,18677760,10.012,1,
rome,rome/rome/grafo11092.97.graphml,97,134,C,repaired,7,10,10,,14286848,10.01,1,
rome,rome/rome/grafo11094.98.graphml,98,132,C,repaired,6,10,9,,18322663,10.008,1,
rome,rome/rome/grafo11095.93.graphml,93,126,C,repaired,6,11,10,,15645723,10.013,1,
rome,rome/rome/grafo11096.97.graphml,97,138,C,repaired,7,10,10,,16347136,10.008,1,
rome,rome/rome/grafo11097.96.graphml,96,132,C,repaired,7,11,11,,14786560,10.008,1,
rome,rome/rome/grafo11116.92.graphml,92,112,C,repaired,5,7,7,refutation,1395615,1.247,1,
rome,rome/rome/grafo11099.99.graphml,99,151,C,repaired,7,13,13,,14258176,10.013,1,
rome,rome/rome/grafo11100.95.graphml,95,137,C,repaired,6,10,10,,18792448,10.009,1,
rome,rome/rome/grafo1112.16.graphml,16,23,C,repaired,2,3,2,bound,15,0.001,1,
rome,rome/rome/grafo11118.99.graphml,99,125,C,repaired,5,9,7,refutation,1513566,1.48,1,
rome,rome/rome/grafo11121.32.graphml,32,41,C,repaired,3,4,4,refutation,263,0.002,1,
rome,rome/rome/grafo11122.37.graphml,37,44,C,repaired,3,5,4,refutation,438,0.004,1,
rome,rome/rome/grafo11123.32.graphml,32,38,C,repaired,3,3,3,bound,0,0.001,1,
rome,rome/rome/grafo11124.37.graphml,37,43,C,repaired,3,4,3,bound,55,0.002,1,
rome,rome/rome/grafo11101.95.graphml,95,139,C,repaired,7,11,10,,13692530,10.014,1,
rome,rome/rome/grafo11126.36.graphml,36,46,C,repaired,4,4,4,bound,0,0.001,1,
rome,rome/rome/grafo11102.98.graphml,98,136,C,repaired,7,10,9,,13447014,10.01,1,
rome,rome/rome/grafo11127.31.graphml,31,37,C,repaired,3,3,3,bound,0,0.001,1,
rome,rome/rome/grafo11128.36.graphml,36,47,C,repaired,4,5,5,refutation,839,0.005,1,
rome,rome/rome/grafo11129.34.graphml,34,39,C,repaired,3,3,3,bound,0,0.001,1,
rome,rome/rome/grafo1113.20.graphml,20,23,C,repaired,2,3,2,bound,19,0.001,1,
rome,rome/rome/grafo11130.33.graphml,33,42,C,repaired,3,4,3,bound,69,0.001,1,
rome,rome/rome/grafo11131.36.graphml,36,46,C,repaired,4,5,5,refutation,1021,0.006,1,
rome,rome/rome/grafo11117.95.graphml,95,130,C,repaired,6,9,9,refutation,4331147,3.636,1,
rome,rome/rome/grafo11104.95.graphml,95,135,C,repaired,7,10,10,,13479936,10.009,1,
rome,rome/rome/grafo11120.96.graphml,96,128,C,repaired,5,9,8,refutation,2375996,2.262,1,
rome,rome/rome/grafo11105.95.graphml,95,136,C,repaired,6,11,10,,12094132,10.013,1,
rome,rome/rome/grafo11106.99.graphml,99,136,C,repaired,7,10,9,,13496107,10.008,1,
rome,rome/rome/grafo11133.93.graphml,93,127,C,repaired,6,9,8,refutation,4416001,3.367,1,
rome,rome/rome/grafo11134.91.graphml,91,116,C,repaired,6,9,8,refutation,3016390,2.122,1,
rome,rome/rome/grafo1114.24.graphml,24,35,C,repaired,3,4,3,bound,31,0.001,1,
rome,rome/rome/grafo11135.95.graphml,95,129,C,repaired,6,9,8,refutation,2176876,2.027,1,
rome,rome/rome/grafo11137.95.graphml,95,126,C,repaired,5,8,8,refutation,1951999,1.65,1,
rome,rome/rome/grafo11109.94.graphml,94,130,C,repaired,7,11,11,,15233024,10.011,1,
rome,rome/rome/grafo11110.99.graphml,99,135,C,repaired,6,10,10,,16642048,10.013,1,
rome,rome/rome/grafo11111.94.graphml,94,127,C,repaired,6,11,9,,12533162,10.008,1,
rome,rome/rome/grafo11112.96.graphml,96,138,C,repaired,7,12,12,,14004224,10.011,1,
rome,rome/rome/grafo11113.98.graphml,98,137,C,repaired,7,10,9,,12752710,10.008,1,
rome,rome/rome/grafo11138.100.graphml,100,129,C,repaired,5,9,7,refutation,3520060,3.204,1,
rome,rome/rome/grafo11114.93.graphml,93,137,C,repaired,7,11,10,,13368245,10.011,1,
rome,rome/rome/grafo11147.100.graphml,100,126,C,repaired,5,8,7,refutation,848934,0.73,1,
rome,rome/rome/grafo1115.31.graphml,31,43,C,repaired,4,5,4,bound,32,0.001,1,
rome,rome/rome/grafo11115.92.graphml,92,142,C,repaired,8,13,12,,15351665,10.012,1,
rome,rome/rome/grafo11119.98.graphml,98,135,C,repaired,7,10,10,,16408576,10.006,1,
rome,rome/rome/grafo11125.100.graphml,100,140,C,repaired,7,11,10,,15392895,10.009,1,
rome,rome/rome/grafo11132.95.graphml,95,133,C,repaired,6,11,10,,12581305,10.013,1,
rome,rome/rome/grafo11146.99.graphml,99,127,C,repaired,6,9,8,refutation,6796386,5.64,1,
rome,rome/rome/grafo11153.99.graphml,99,130,C,repaired,5,8,8,refutation,1558466,1.541,1,
rome,rome/rome/grafo11136.98.graphml,98,122,C,repaired,5,9,8,,18059364,10.011,1,
rome,rome/rome/grafo11156.98.graphml,98,117,C,repaired,4,7,6,refutation,679737,0.682,1,
rome,rome/rome/grafo11158.94.graphml,94,120,C,repaired,4,7,7,refutation,1191415,1.127,1,
rome,rome/rome/grafo11139.98.graphml,98,124,C,repaired,5,10,8,,18991801,10.011,1,
rome,rome/rome/grafo1116.16.graphml,16,17,C,repaired,2,3,2,bound,14,0.001,1,
rome,rome/rome/grafo11142.99.graphml,99,144,C,repaired,6,10,9,,16362475,10.008,1,
rome,rome/rome/grafo11140.98.graphml,98,138,C,repaired,6,10,10,,12513280,10.012,1,
rome,rome/rome/grafo11141.95.graphml,95,133,C,repaired,7,9,8,,14748812,10.024,1,
rome,rome/rome/grafo11163.38.graphml,38,50,C,repaired,3,5,4,refutation,488,0.004,1,
rome,rome/rome/grafo11143.98.graphml,98,135,C,repaired,6,11,11,,15945728,10.011,1,
rome,rome/rome/grafo11164.40.graphml,40,49,C,repaired,4,4,4,bound,0,0.002,1,
rome,rome/rome/grafo11166.34.graphml,34,43,C,repaired,4,4,4,bound,0,0.001,1,
rome,rome/rome/grafo11165.39.graphml,39,51,C,repaired,4,5,5,refutation,1141,0.004,1,
rome,rome/rome/grafo11167.37.graphml,37,48,C,repaired,4,5,5,refutation,997,0.005,1,
rome,rome/rome/grafo11168.34.graphml,34,40,C,repaired,3,3,3,bound,0,0.004,1,
rome,rome/rome/grafo1117.11.graphml,11,10,C,repaired,1,2,2,refutation,10,0.001,1,
rome,rome/rome/grafo11144.92.graphml,92,136,C,repaired,7,10,10,,18059264,10.012,1,
rome,rome/rome/grafo11170.33.graphml,33,42,C,repaired,3,4,3,bound,69,0.001,1,
rome,rome/rome/grafo11171.35.graphml,35,40,C,repaired,3,3,3,bound,0,0.001,1,
rome,rome/rome/grafo11172.41.graphml,41,51,C,repaired,3,5,4,refutation,985,0.006,1,
rome,rome/rome/grafo11173.41.graphml,41,49,C,repaired,4,5,4,bound,45,0.002,1,
rome,rome/rome/grafo11145.99.graphml,99,140,C,repaired,7,10,10,,15769600,10.009,1,
rome,rome/rome/grafo11175.94.graphml,94,114,C,repaired,5,6,6,refutation,169548,0.179,1,
rome,rome/rome/grafo11159.93.graphml,93,119,C,repaired,5,8,7,refutation,1571257,1.347,1,
rome,rome/rome/grafo11160.100.graphml,100,122,C,repaired,5,8,7,refutation,996371,1.033,1,
rome,rome/rome/grafo11161.99.graphml,99,120,C,repaired,4,8,7,refutation,1325314,1.284,1,
rome,rome/rome/grafo1118.22.graphml,22,23,C,repaired,2,3,3,refutation,140,0.001,1,
rome,rome/rome/grafo11180.34.graphml,34,34,C,repaired,2,3,2,bound,30,0.001,1,
rome,rome/rome/grafo11174.91.graphml,91,117,C,repaired,6,9,7,refutation,1253551,1.163,1,
rome,rome/rome/grafo11148.99.graphml,99,138,C,repaired,7,11,10,,11606129,10.008,1,
rome,rome/rome/grafo11149.100.graphml,100,136,C,repaired,6,10,9,,16008264,10.01,1,
rome,rome/rome/grafo11184.93.graphml,93,121,C,repaired,5,8,7,refutation,336812,0.377,1,
rome,rome/rome/grafo11150.99.graphml,99,133,C,repaired,6,10,10,,17178624,10.012,1,
rome,rome/rome/grafo11151.92.graphml,92,121,C,repaired,6,10,9,,12894286,10.014,1,
rome,rome/rome/grafo11152.98.graphml,98,134,C,repaired,6,10,10,,12595200,10.012,1,
rome,rome/rome/grafo11185.94.graphml,94,126,C,repaired,6,9,8,refutation,2668877,2.45,1,
rome,rome/rome/grafo1119.16.graphml,16,22,C,repaired,3,3,3,bound,0,0.001,1,
rome,rome/rome/grafo11186.93.graphml,93,128,C,repaired,6,10,8,refutation,3090140,2.9,1,
rome,rome/rome/grafo11154.95.graphml,95,134,C,repaired,7,10,10,,12161024,10.012,1,
rome,rome/rome/grafo11191.100.graphml,100,129,C,repaired,5,8,7,refutation,1468958,1.395,1,
rome,rome/rome/grafo11155.99.graphml,99,125,C,repaired,6,10,9,,15769204,10.012,1,
rome,rome/rome/grafo11192.92.graphml,92,111,C,repaired,5,8,7,refutation,1498887,1.312,1,
rome,rome/rome/grafo11157.100.graphml,100,138,C,repaired,6,10,9,,14841523,10.011,1,
rome,rome/rome/grafo11196.100.graphml,100,121,C,repaired,4,7,6,refutation,426410,0.409,1,
rome,rome/rome/grafo11190.92.graphml,92,130,C,repaired,6,10,9,refutation,4037555,3.874,1,
rome,rome/rome/grafo11162.100.graphml,100,136,C,repaired,6,9,9,,16732160,10.008,1,
rome,rome/rome/grafo1120.10.graphml,10,10,C,repaired,2,2,2,bound,0,0.0,1,
rome,rome/rome/grafo11169.99.graphml,99,128,C,repaired,6,9,9,,14110720,10.011,1,
rome,rome/rome/grafo11176.100.graphml,100,138,C,repaired,7,10,9,,13459815,10.007,1,
rome,rome/rome/grafo11202.32.graphml,32,38,C,repaired,3,3,3,bound,0,0.001,1,
rome,rome/rome/grafo11177.98.graphml,98,131,C,repaired,6,10,9,,15694032,10.015,1,
rome,rome/rome/grafo11178.95.graphml,95,137,C,repaired,6,11,10,,17355810,10.01,1,
rome,rome/rome/grafo11179.99.graphml,99,123,C,repaired,5,8,8,,16113664,10.012,1,
rome,rome/rome/grafo11200.93.graphml,93,124,C,repaired,6,8,8,refutation,1025933,0.984,1,
rome,rome/rome/grafo11207.34.graphml,34,38,C,repaired,3,4,3,bound,23,0.001,1,
rome,rome/rome/grafo11208.38.graphml,38,47,C,repaired,4,5,4,bound,47,0.002,1,
rome,rome/rome/grafo11209.36.graphml,36,45,C,repaired,4,4,4,bound,0,0.002,1,
rome,rome/rome/grafo1121.17.graphml,17,20,C,repaired,3,3,3,bound,0,0.001,1,
rome,rome/rome/grafo11210.33.graphml,33,42,C,repaired,3,4,3,bound,69,0.002,1,
rome,rome/rome/grafo11181.95.graphml,95,141,C,repaired,7,12,12,,12222464,10.015,1,
rome,rome/rome/grafo11211.33.graphml,33,37,C,repaired,2,3,3,refutation,124,0.002,1,
rome,rome/rome/grafo11213.37.graphml,37,49,C,repaired,4,5,5,refutation,797,0.004,1,
rome,rome/rome/grafo11212.41.graphml,41,56,C,repaired,4,6,6,refutation,15675,0.044,1,
rome,rome/rome/grafo11214.40.graphml,40,52,C,repaired,3,4,4,refutation,635,0.004,1,
rome,rome/rome/grafo11182.99.graphml,99,129,C,repaired,6,10,9,,15998899,10.009,1,
rome,rome/rome/grafo11197.92.graphml,92,122,C,repaired,5,9,8,refutation,3676707,3.016,1,
rome,rome/rome/grafo11187.98.graphml,98,128,C,repaired,6,10,9,,13533919,10.009,1,
rome,rome/rome/grafo11188.99.graphml,99,134,C,repaired,6,10,9,,13205585,10.011,1,
rome,rome/rome/grafo1122.17.graphml,17,17,C,repaired,2,2,2,bound,0,0.001,1,
rome,rome/rome/grafo11216.94.graphml,94,127,C,repaired,6,9,8,refutation,1631377,1.615,1,
rome,rome/rome/grafo11221.92.graphml,92,113,C,repaired,4,8,7,refutation,824679,0.785,1,
rome,rome/rome/grafo11222.93.graphml,93,123,C,repaired,5,8,7,refutation,371566,0.376,1,
rome,rome/rome/grafo11189.94.graphml,94,133,C,repaired,6,10,9,,15064814,10.011,1,
rome,rome/rome/grafo11224.34.graphml,34,37,C,repaired,2,3,3,refutation,110,0.002,1,
rome,rome/rome/grafo11193.93.graphml,93,120,C,repaired,6,9,8,refutation,10667897,8.592,1,
rome,rome/rome/grafo11226.91.graphml,91,117,C,repaired,5,8,7,refutation,352178,0.39,1,
rome,rome/rome/grafo11194.100.graphml,100,127,C,repaired,5,9,8,,12588961,10.012,1,
rome,rome/rome/grafo11225.94.graphml,94,122,C,repaired,6,9,8,refutation,2803728,2.693,1,
rome,rome/rome/grafo11195.93.graphml,93,130,C,repaired,5,10,10,,16502784,10.01,1,
rome,rome/rome/grafo1123.10.graphml,10,10,C,repaired,2,2,2,bound,0,0.0,1,
rome,rome/rome/grafo11228.94.graphml,94,125,C,repaired,6,9,8,refutation,1443781,1.339,1,
rome,rome/rome/grafo11198.98.graphml,98,136,C,repaired,6,10,10,,14135296,10.01,1,
rome,rome/rome/grafo11230.100.graphml,100,129,C,repaired,5,9,7,refutation,2194418,1.998,1,
rome,rome/rome/grafo11234.35.graphml,35,35,C,repaired,2,2,2,bound,0,0.001,1,
rome,rome/rome/grafo11235.35.graphml,35,44,C,repaired,3,5,4,refutation,560,0.004,1,
rome,rome/rome/grafo11236.38.graphml,38,52,C,repaired,4,6,5,refutation,1112,0.007,1,
rome,rome/rome/grafo11237.35.graphml,35,41,C,repaired,3,4,3,bound,30,0.001,1,
rome,rome/rome/grafo11238.37.graphml,37,47,C,repaired,4,4,4,bound,0,0.001,1,
rome,rome/rome/grafo11239.31.graphml,31,38,C,repaired,3,4,4,refutation,145,0.002,1,
rome,rome/rome/grafo11201.99.graphml,99,136,C,repaired,6,10,10,,12337152,10.013,1,
rome,rome/rome/grafo1124.15.graphml,15,16,C,repaired,2,3,3,refutation,30,0.001,1,
rome,rome/rome/grafo11240.36.graphml,36,47,C,repaired,3,5,5,refutation,1114,0.006,1,
rome,rome/rome/grafo11241.34.graphml,34,39,C,repaired,3,3,3,bound,0,0.001,1,
rome,rome/rome/grafo11242.41.graphml,41,52,C,repaired,4,5,5,refutation,2524,0.009,1,
rome,rome/rome/grafo11243.37.graphml,37,50,C,repaired,4,5,4,bound,118,0.002,1,
rome,rome/rome/grafo11244.36.graphml,36,48,C,repaired,4,5,5,refutation,1223,0.007,1,
rome,rome/rome/grafo11229.94.graphml,94,125,C,repaired,5,10,8,refutation,3381758,2.976,1,
rome,rome/rome/grafo11247.36.graphml,36,47,C,repaired,4,5,5,refutation,1027,0.006,1,
rome,rome/rome/grafo11203.100.graphml,100,131,C,repaired,6,9,9,,14262272,10.011,1,
rome,rome/rome/grafo11204.99.graphml,99,143,C,repaired,7,11,10,,15263027,10.012,1,
rome,rome/rome/grafo11245.92.graphml,92,118,C,repaired,5,7,7,refutation,312123,0.322,1,
rome,rome/rome/grafo1125.21.graphml,21,29,C,repaired,3,4,3,bound,16,0.001,1,
rome,rome/rome/grafo11205.94.graphml,94,131,C,repaired,6,10,10,,13045760,10.011,1,
rome,rome/rome/grafo11206.91.graphml,91,126,C,repaired,6,10,9,,15454263,10.011,1,
rome,rome/rome/grafo11246.93.graphml,93,116,C,repaired,4,8,7,refutation,1081747,0.96,1,
rome,rome/rome/grafo11215.93.graphml,93,129,C,repaired,6,10,10,,16953344,10.01,1,
rome,rome/rome/grafo11217.95.graphml,95,131,C,repaired,6,10,9,,13180994,10.013,1,
rome,rome/rome/grafo11218.99.graphml,99,147,C,repaired,7,13,12,,14137033,10.01,1,
rome,rome/rome/grafo11249.94.graphml,94,128,C,repaired,6,9,7,refutation,1488692,1.209,1,
rome,rome/rome/grafo11258.94.graphml,94,119,C,repaired,5,6,6,refutation,49036,0.076,1,
rome,rome/rome/grafo11259.92.graphml,92,106,C,repaired,4,7,6,refutation,515062,0.508,1,
rome,rome/rome/grafo11219.94.graphml,94,131,C,repaired,6,9,9,,16871424,10.011,1,
rome,rome/rome/grafo1126.10.graphml,10,9,C,repaired,1,2,2,refutation,10,0.001,1,
rome,rome/rome/grafo11260.36.graphml,36,41,C,repaired,3,4,4,refutation,852,0.006,1,
rome,rome/rome/grafo11261.32.graphml,32,37,C,repaired,3,3,3,bound,0,0.001,1,
rome,rome/rome/grafo11262.41.graphml,41,49,C,repaired,4,4,4,bound,0,0.001,1,
rome,rome/rome/grafo11263.41.graphml,41,57,C,repaired,4,6,5,refutation,1949,0.009,1,
rome,rome/rome/grafo11220.92.graphml,92,132,C,repaired,7,12,11,,13394726,10.012,1,
rome,rome/rome/grafo11264.33.graphml,33,42,C,repaired,3,4,3,bound,69,0.001,1,
rome,rome/rome/grafo11265.33.graphml,33,37,C,repaired,2,3,3,refutation,124,0.001,1,
rome,rome/rome/grafo11266.40.graphml,40,50,C,repaired,4,5,4,bound,35,0.002,1,
rome,rome/rome/grafo11255.94.graphml,94,121,C,repaired,5,8,7,refutation,1555951,1.489,1,
rome,rome/rome/grafo11268.93.graphml,93,117,C,repaired,4,7,6,refutation,218168,0.242,1,
rome,rome/rome/grafo1127.19.graphml,19,22,C,repaired,2,3,3,refutation,59,0.001,1,
rome,rome/rome/grafo11248.99.graphml,99,132,C,repaired,5,9,8,refutation,3476008,2.781,1,
rome,rome/rome/grafo11223.99.graphml,99,151,C,repaired,7,13,12,,13268081,10.009,1,
rome,rome/rome/grafo11273.92.graphml,92,120,C,repaired,5,8,7,refutation,850775,0.524,1,
rome,rome/rome/grafo11227.100.graphml,100,142,C,repaired,6,11,10,,11332675,10.013,1,
rome,rome/rome/grafo11270.93.graphml,93,126,C,repaired,6,9,8,refutation,3671312,3.378,1,
rome,rome/rome/grafo11232.92.graphml,92,132,C,repaired,7,11,10,,13377647,10.01,1,
rome,rome/rome/grafo11233.93.graphml,93,126,C,repaired,6,10,9,,14216910,10.013,1,
rome,rome/rome/grafo11277.34.graphml,34,35,C,repaired,2,2,2,bound,0,0.001,1,
rome,rome/rome/grafo11278.37.graphml,37,47,C,repaired,4,5,4,bound,57,0.002,1,
rome,rome/rome/grafo11279.35.graphml,35,39,C,repaired,2,3,3,refutation,177,0.002,1,
rome,rome/rome/grafo1128.11.graphml,11,12,C,repaired,2,2,2,bound,0,0.0,1,
rome,rome/rome/grafo11281.34.graphml,34,42,C,repaired,3,4,4,refutation,481,0.003,1,
rome,rome/rome/grafo11282.35.graphml,35,44,C,repaired,3,4,4,refutation,270,0.003,1,
rome,rome/rome/grafo11283.40.graphml,40,52,C,repaired,4,5,5,refutation,2063,0.01,1,
rome,rome/rome/grafo11284.37.graphml,37,50,C,repaired,4,4,4,bound,0,0.001,1,
rome,rome/rome/grafo11285.93.graphml,93,127,C,repaired,6,8,8,refutation,1198806,1.22,1,
rome,rome/rome/grafo11286.92.graphml,92,117,C,repaired,4,7,6,refutation,211641,0.249,1,
rome,rome/rome/grafo11250.99.graphml,99,143,C,repaired,7,10,10,,12922880,10.013,1,
rome,rome/rome/grafo11251.93.graphml,93,139,C,repaired,7,12,11,,13751184,10.012,1,
rome,rome/rome/grafo11252.93.graphml,93,129,C,repaired,6,11,10,,15097088,10.01,1,
rome,rome/rome/grafo1129.15.graphml,15,27,C,repaired,5,5,5,bound,0,0.001,1,
rome,rome/rome/grafo11253.94.graphml,94,127,C,repaired,6,9,9,,16052224,10.011,1,
rome,rome/rome/grafo11288.93.graphml,93,114,C,repaired,4,7,6,refutation,220446,0.238,1,
rome,rome/rome/grafo11292.33.graphml,33,46,C,repaired,4,5,4,bound,23,0.001,1,
rome,rome/rome/grafo11293.33.graphml,33,38,C,repaired,3,4,3,bound,36,0.001,1,
rome,rome/rome/grafo11294.38.graphml,38,56,C,repaired,4,6,6,refutation,2258,0.01,1,
rome,rome/rome/grafo11295.37.graphml,37,48,C,repaired,3,5,4,refutation,489,0.004,1,
rome,rome/rome/grafo11296.36.graphml,36,44,C,repaired,3,5,4,refutation,481,0.004,1,
rome,rome/rome/grafo11254.99.graphml,99,136,C,repaired,6,10,10,,13684736,10.012,1,
rome,rome/rome/grafo11256.99.graphml,99,126,C,repaired,5,9,8,,14766169,10.013,1,
rome,rome/rome/grafo11257.91.graphml,91,129,C,repaired,6,10,9,,16220528,10.008,1,
rome,rome/rome/grafo11291.99.graphml,99,116,C,repaired,4,7,6,refutation,703629,0.609,1,
rome,rome/rome/grafo113.28.graphml,28,31,C,repaired,3,3,3,bound,0,0.001,1,
rome,rome/rome/grafo1130.23.graphml,23,39,C,repaired,4,6,5,refutation,245,0.002,1,
rome,rome/rome/grafo11298.99.graphml,99,128,C,repaired,5,8,7,refutation,1258612,1.016,1,
rome,rome/rome/grafo11267.92.graphml,92,131,C,repaired,7,11,11,,18149376,10.007,1,
rome,rome/rome/grafo11269.93.graphml,93,131,C,repaired,6,11,10,,17178883,10.013,1,
rome,rome/rome/grafo11271.99.graphml,99,141,C,repaired,6,11,10,,14384223,10.007,1,
rome,rome/rome/grafo11272.99.graphml,99,133,C,repaired,6,10,9,,12584991,10.01,1,
rome,rome/rome/grafo11307.32.graphml,32,38,C,repaired,3,4,3,bound,38,0.001,1,
rome,rome/rome/grafo11308.33.graphml,33,38,C,repaired,3,4,3,bound,30,0.002,1,
rome,rome/rome/grafo11309.36.graphml,36,46,C,repaired,4,5,5,refutation,1531,0.008,1,
rome,rome/rome/grafo1131.11.graphml,11,12,C,repaired,2,2,2,bound,0,0.0,1,
rome,rome/rome/grafo11310.35.graphml,35,37,C,repaired,3,3,3,bound,0,0.001,1,
rome,rome/rome/grafo11311.40.graphml,40,51,C,repaired,4,5,5,refutation,2431,0.013,1,
rome,rome/rome/grafo11289.93.graphml,93,118,C,repaired,5,8,8,refutation,3832704,3.179,1,
rome,rome/rome/grafo11290.93.graphml,93,125,C,repaired,6,9,8,refutation,3909270,3.089,1,
rome,rome/rome/grafo11274.93.graphml,93,132,C,repaired,6,10,10,,12931072,10.011,1,
rome,rome/rome/grafo11312.91.graphml,91,115,C,repaired,5,9,8,refutation,2197056,1.55,1,
rome,rome/rome/grafo11275.93.graphml,93,135,C,repaired,7,11,10,,12230812,10.013,1,
rome,rome/rome/grafo11318.35.graphml,35,47,C,repaired,4,5,5,refutation,646,0.005,1,
rome,rome/rome/grafo11319.34.graphml,34,40,C,repaired,3,4,4,refutation,726,0.005,1,
rome,rome/rome/grafo1132.19.graphml,19,19,C,repaired,2,2,2,bound,0,0.001,1,
rome,rome/rome/grafo11320.35.graphml,35,42,C,repaired,3,4,3,bound,48,0.002,1,
rome,rome/rome/grafo11321.35.graphml,35,40,C,repaired,2,4,3,refutation,209,0.002,1,
rome,rome/rome/grafo11322.38.graphml,38,50,C,repaired,3,4,4,refutation,285,0.003,1,
rome,rome/rome/grafo11323.37.graphml,37,47,C,repaired,4,5,5,refutation,1310,0.007,1,
rome,rome/rome/grafo11276.92.graphml,92,133,C,repaired,6,11,10,,13570073,10.014,1,
rome,rome/rome/grafo11325.35.graphml,35,36,C,repaired,2,3,3,refutation,371,0.003,1,
rome,rome/rome/grafo11326.35.graphml,35,42,C,repaired,4,4,4,bound,0,0.001,1,
rome,rome/rome/grafo11327.39.graphml,39,53,C,repaired,4,5,5,refutation,2915,0.014,1,
rome,rome/rome/grafo11328.32.graphml,32,40,C,repaired,3,3,3,bound,0,0.001,1,
rome,rome/rome/grafo11329.36.graphml,36,49,C,repaired,4,6,5,refutation,1000,0.006,1,
rome,rome/rome/grafo1133.18.graphml,18,23,C,repaired,3,3,3,bound,0,0.001,1,
rome,rome/rome/grafo11330.35.graphml,35,40,C,repaired,3,4,4,refutation,1252,0.006,1,
rome,rome/rome/grafo11331.34.graphml,34,41,C,repaired,3,4,3,bound,74,0.002,1,
rome,rome/rome/grafo11332.34.graphml,34,40,C,repaired,2,4,3,refutation,166,0.002,1,
rome,rome/rome/grafo11333.39.graphml,39,50,C,repaired,4,5,5,refutation,2656,0.014,1,
rome,rome/rome/grafo11334.37.graphml,37,49,C,repaired,4,5,4,bound,305,0.003,1,
rome,rome/rome/grafo11280.99.graphml,99,143,C,repaired,7,12,11,,15651320,10.01,1,
rome,rome/rome/grafo11336.36.graphml,36,47,C,repaired,4,5,5,refutation,770,0.005,1,
rome,rome/rome/grafo11337.92.graphml,92,118,C,repaired,4,8,7,refutation,967923,0.815,1,
rome,rome/rome/grafo11287.93.graphml,93,131,C,repaired,6,11,10,,12139677,10.013,1,
rome,rome/rome/grafo11338.92.graphml,92,122,C,repaired,5,8,8,refutation,1416379,1.143,1,
rome,rome/rome/grafo1134.11.graphml,11,12,C,repaired,2,2,2,bound,0,0.0,1,
rome,rome/rome/grafo11340.36.graphml,36,42,C,repaired,3,4,4,refutation,486,0.003,1,
rome,rome/rome/grafo11341.33.graphml,33,35,C,repaired,2,3,2,bound,33,0.001,1,
rome,rome/rome/grafo11342.37.graphml,37,42,C,repaired,2,4,3,refutation,229,0.002,1,
rome,rome/rome/grafo11343.35.graphml,35,44,C,repaired,3,5,4,refutation,588,0.004,1,
rome,rome/rome/grafo11344.35.graphml,35,40,C,repaired,3,3,3,bound,0,0.001,1,
rome,rome/rome/grafo11345.38.graphml,38,56,C,repaired,4,6,5,refutation,1016,0.006,1,
rome,rome/rome/grafo11297.93.graphml,93,127,C,repaired,6,9,9,,14745600,10.013,1,
rome,rome/rome/grafo11346.36.graphml,36,49,C,repaired,4,6,6,refutation,2698,0.012,1,
rome,rome/rome/grafo11348.35.graphml,35,46,C,repaired,4,5,5,refutation,738,0.005,1,
rome,rome/rome/grafo11349.91.graphml,91,107,C,repaired,5,7,5,bound,75715,0.121,1,
rome,rome/rome/grafo11299.93.graphml,93,132,C,repaired,6,10,10,,14635008,10.011,1,
rome,rome/rome/grafo1135.21.graphml,21,22,C,repaired,2,3,2,bound,21,0.001,1,
rome,rome/rome/grafo11300.91.graphml,91,126,C,repaired,6,11,10,,14248532,10.011,1,
rome,rome/rome/grafo11301.93.graphml,93,129,C,repaired,6,10,10,,15937536,10.011,1,
rome,rome/rome/grafo11347.93.graphml,93,115,C,repaired,5,8,7,refutation,802656,0.76,1,
rome,rome/rome/grafo11353.92.graphml,92,117,C,repaired,5,8,7,refutation,449719,0.303,1,
rome,rome/rome/grafo11302.99.graphml,99,120,C,repaired,5,9,8,,14622276,10.011,1,
rome,rome/rome/grafo11356.31.graphml,31,37,C,repaired,3,3,3,bound,0,0.001,1,
rome,rome/rome/grafo11357.39.graphml,39,48,C,repaired,3,4,4,refutation,680,0.005,1,
rome,rome/rome/grafo11339.91.graphml,91,115,C,repaired,5,8,8,refutation,2112382,1.983,1,
rome,rome/rome/grafo11303.93.graphml,93,128,C,repaired,7,10,10,,15040512,10.013,1,
rome,rome/rome/grafo11359.37.graphml,37,47,C,repaired,3,4,4,refutation,464,0.003,1,
rome,rome/rome/grafo1136.15.graphml,15,17,C,repaired,3,3,3,bound,0,0.0,1,
rome,rome/rome/grafo11360.32.graphml,32,37,C,repaired,2,3,3,refutation,94,0.002,1,
rome,rome/rome/grafo11362.35.graphml,35,45,C,repaired,3,4,4,refutation,437,0.002,1,
rome,rome/rome/grafo11305.99.graphml,99,129,C,repaired,5,10,9,,17397562,10.011,1,
rome,rome/rome/grafo11361.38.graphml,38,46,C,repaired,3,5,4,refutation,559,0.004,1,
rome,rome/rome/grafo11363.40.graphml,40,54,C,repaired,4,6,6,refutation,6859,0.029,1,
rome,rome/rome/grafo11364.38.graphml,38,53,C,repaired,5,5,5,bound,0,0.001,1,
rome,rome/rome/grafo11306.99.graphml,99,124,C,repaired,4,9,8,,14743001,10.011,1,
rome,rome/rome/grafo11368.92.graphml,92,113,C,repaired,4,7,6,refutation,118521,0.159,1,
rome,rome/rome/grafo11351.90.graphml,90,125,C,repaired,6,10,9,refutation,2259764,1.706,1,
rome,rome/rome/grafo1137.10.graphml,10,9,C,repaired,1,2,2,refutation,10,0.001,1,
rome,rome/rome/grafo11370.33.graphml,33,38,C,repaired,2,3,3,refutation,146,0.002,1,
rome,rome/rome/grafo11371.36.graphml,36,39,C,repaired,3,4,3,bound,45,0.001,1,
rome,rome/rome/grafo11372.33.graphml,33,41,C,repaired,3,4,3,bound,164,0.002,1,
rome,rome/rome/grafo11367.92.graphml,92,118,C,repaired,5,8,7,refutation,679667,0.633,1,
rome,rome/rome/grafo11373.38.graphml,38,50,C,repaired,4,5,5,refutation,900,0.006,1,
rome,rome/rome/grafo11374.33.graphml,33,44,C,repaired,3,4,3,bound,88,0.001,1,
rome,rome/rome/grafo11375.33.graphml,33,39,C,repaired,2,4,3,refutation,176,0.005,1,
rome,rome/rome/grafo11377.36.graphml,36,48,C,repaired,3,5,4,refutation,312,0.003,1,
rome,rome/rome/grafo11376.38.graphml,38,48,C,repaired,4,5,5,refutation,2641,0.012,1,
rome,rome/rome/grafo11378.36.graphml,36,47,C,repaired,4,5,4,bound,177,0.003,1,
rome,rome/rome/grafo1138.15.graphml,15,14,C,repaired,1,2,2,refutation,20,0.001,1,
rome,rome/rome/grafo11313.96.graphml,96,144,C,repaired,7,12,11,,12686227,10.009,1,
rome,rome/rome/grafo11314.92.graphml,92,127,C,repaired,6,10,9,,13345223,10.012,1,
rome,rome/rome/grafo11382.33.graphml,33,33,C,repaired,2,3,3,refutation,272,0.002,1,
rome,rome/rome/grafo11350.91.graphml,91,120,C,repaired,5,9,9,refutation,2702822,2.533,1,
rome,rome/rome/grafo11383.38.graphml,38,43,C,repaired,3,4,3,bound,45,0.002,1,
rome,rome/rome/grafo11384.30.graphml,30,34,C,repaired,3,3,3,bound,0,0.001,1,
rome,rome/rome/grafo11385.36.graphml,36,48,C,repaired,4,6,6,refutation,2780,0.013,1,
rome,rome/rome/grafo11386.34.graphml,34,46,C,repaired,4,5,5,refutation,1203,0.007,1,
rome,rome/rome/grafo11387.34.graphml,34,42,C,repaired,3,4,4,refutation,557,0.006,1,
rome,rome/rome/grafo11388.40.graphml,40,49,C,repaired,4,6,5,refutation,3390,0.016,1,
rome,rome/rome/grafo1139.15.graphml,15,14,C,repaired,1,2,2,refutation,18,0.001,1,
rome,rome/rome/grafo11315.91.graphml,91,131,C,repaired,6,10,10,,16678912,10.011,1,
rome,rome/rome/grafo11316.99.graphml,99,134,C,repaired,6,9,9,,16285696,10.011,1,
rome,rome/rome/grafo11366.92.graphml,92,121,C,repaired,5,9,8,refutation,4394907,3.316,1,
rome,rome/rome/grafo11324.100.graphml,100,138,C,repaired,6,10,9,,14092296,10.012,1,
rome,rome/rome/grafo11335.100.graphml,100,153,C,repaired,7,11,11,,12091392,10.012,1,
rome,rome/rome/grafo11395.31.graphml,31,36,C,repaired,3,3,3,bound,0,0.001,1,
rome,rome/rome/grafo11396.34.graphml,34,35,C,repaired,2,3,3,refutation,305,0.003,1,
rome,rome/rome/grafo11397.32.graphml,32,33,C,repaired,2,2,2,bound,0,0.001,1,
rome,rome/rome/grafo11398.37.graphml,37,43,C,repaired,3,4,3,bound,64,0.002,1,
rome,rome/rome/grafo11399.32.graphml,32,37,C,repaired,3,3,3,bound,0,0.001,1,
rome,rome/rome/grafo114.26.graphml,26,30,C,repaired,2,3,3,refutation,93,0.001,1,
rome,rome/rome/grafo1140.15.graphml,15,22,C,repaired,3,3,3,bound,0,0.001,1,
rome,rome/rome/grafo11400.38.graphml,38,49,C,repaired,4,5,4,bound,67,0.002,1,
rome,rome/rome/grafo11401.33.graphml,33,40,C,repaired,3,4,4,refutation,312,0.003,1,
rome,rome/rome/grafo11389.92.graphml,92,128,C,repaired,6,9,8,refutation,3872202,3.548,1,
rome,rome/rome/grafo11402.95.graphml,95,120,C,repaired,5,7,7,refutation,341585,0.351,1,
rome,rome/rome/grafo11403.44.graphml,44,60,C,repaired,4,6,6,refutation,7908,0.029,1,
rome,rome/rome/grafo11404.92.graphml,92,123,C,repaired,5,9,8,refutation,1716380,1.282,1,
rome,rome/rome/grafo11392.90.graphml,90,128,C,repaired,6,10,9,refutation,4920975,4.208,1,
rome,rome/rome/grafo11391.96.graphml,96,126,C,repaired,5,8,8,refutation,5456819,4.602,1,
rome,rome/rome/grafo11406.92.graphml,92,121,C,repaired,5,8,7,refutation,283787,0.288,1,
rome,rome/rome/grafo11409.34.graphml,34,35,C,repaired,2,3,3,refutation,152,0.001,1,
rome,rome/rome/grafo1141.47.graphml,47,59,C,repaired,4,5,5,refutation,4519,0.021,1,
rome,rome/rome/grafo11407.92.graphml,92,122,C,repaired,5,8,7,refutation,379842,0.362,1,
rome,rome/rome/grafo11410.37.graphml,37,45,C,repaired,4,4,4,bound,0,0.001,1,
rome,rome/rome/grafo11411.37.graphml,37,47,C,repaired,4,5,4,bound,134,0.002,1,
rome,rome/rome/grafo11412.32.graphml,32,36,C,repaired,2,3,3,refutation,100,0.001,1,
rome,rome/rome/grafo11414.36.graphml,36,47,C,repaired,4,5,5,refutation,1058,0.003,1,
rome,rome/rome/grafo11415.35.graphml,35,43,C,repaired,3,5,4,refutation,518,0.004,1,
rome,rome/rome/grafo11416.35.graphml,35,38,C,repaired,2,4,3,refutation,278,0.003,1,
rome,rome/rome/grafo11417.37.graphml,37,49,C,repaired,3,5,4,refutation,322,0.003,1,
rome,rome/rome/grafo11418.36.graphml,36,48,C,repaired,4,5,5,refutation,1069,0.006,1,
rome,rome/rome/grafo11413.96.graphml,96,122,C,repaired,5,9,7,refutation,1110067,1.031,1,
rome,rome/rome/grafo1142.15.graphml,15,24,C,repaired,3,3,3,bound,0,0.0,1,
rome,rome/rome/grafo11352.90.graphml,90,126,C,repaired,6,10,10,,17829888,10.009,1,
rome,rome/rome/grafo11421.31.graphml,31,37,C,repaired,3,3,3,bound,0,0.001,1,
rome,rome/rome/grafo11405.92.graphml,92,128,C,repaired,5,10,9,refutation,4080865,3.797,1,
rome,rome/rome/grafo11422.34.graphml,34,39,C,repaired,2,4,3,refutation,237,0.002,1,
rome,rome/rome/grafo11423.35.graphml,35,42,C,repaired,3,4,4,refutation,456,0.003,1,
rome,rome/rome/grafo11425.38.graphml,38,49,C,repaired,3,4,4,refutation,504,0.004,1,
rome,rome/rome/grafo11426.33.graphml,33,38,C,repaired,3,3,3,bound,0,0.001,1,
rome,rome/rome/grafo11427.35.graphml,35,42,C,repaired,3,4,3,bound,56,0.001,1,
rome,rome/rome/grafo11428.39.graphml,39,49,C,repaired,4,5,4,bound,79,0.002,1,
rome,rome/rome/grafo11354.92.graphml,92,133,C,repaired,7,11,11,,14835712,10.013,1,
rome,rome/rome/grafo11355.92.graphml,92,128,C,repaired,6,10,10,,17580032,10.012,1,
rome,rome/rome/grafo11429.37.graphml,37,48,C,repaired,3,4,4,refutation,273,0.003,1,
rome,rome/rome/grafo1143.18.graphml,18,20,C,repaired,2,3,2,bound,18,0.001,1,
rome,rome/rome/grafo11424.95.graphml,95,129,C,repaired,5,8,7,refutation,741936,0.656,1,
rome,rome/rome/grafo11358.99.graphml,99,128,C,repaired,6,10,9,,13499838,10.012,1,
rome,rome/rome/grafo11434.33.graphml,33,43,C,repaired,3,5,4,refutation,489,0.003,1,
rome,rome/rome/grafo11365.92.graphml,92,132,C,repaired,6,10,9,,13997959,10.012,1,
rome,rome/rome/grafo11436.37.graphml,37,47,C,repaired,3,5,4,refutation,930,0.005,1,
rome,rome/rome/grafo11435.92.graphml,92,117,C,repaired,4,7,6,refutation,212940,0.262,1,
rome,rome/rome/grafo11437.36.graphml,36,47,C,repaired,4,5,5,refutation,988,0.005,1,
rome,rome/rome/grafo11438.37.graphml,37,45,C,repaired,3,5,4,refutation,729,0.004,1,
rome,rome/rome/grafo1144.16.graphml,16,21,C,repaired,3,4,3,bound,15,0.001,1,
rome,rome/rome/grafo11369.96.graphml,96,138,C,repaired,7,11,10,,20392110,10.01,1,
rome,rome/rome/grafo11441.38.graphml,38,43,C,repaired,3,4,4,refutation,895,0.005,1,
rome,rome/rome/grafo11442.33.graphml,33,37,C,repaired,2,3,3,refutation,162,0.002,1,
rome,rome/rome/grafo11443.35.graphml,35,42,C,repaired,3,4,4,refutation,456,0.003,1,
rome,rome/rome/grafo11444.36.graphml,36,46,C,repaired,3,5,4,refutation,565,0.004,1,
rome,rome/rome/grafo11445.36.graphml,36,41,C,repaired,2,3,3,refutation,121,0.002,1,
rome,rome/rome/grafo11379.92.graphml,92,125,C,repaired,6,9,9,,19480576,10.009,1,
rome,rome/rome/grafo11447.37.graphml,37,50,C,repaired,4,5,4,bound,91,0.002,1,
rome,rome/rome/grafo11380.97.graphml,97,133,C,repaired,6,11,10,,12316446,10.011,1,
rome,rome/rome/grafo11449.36.graphml,36,43,C,repaired,3,4,3,bound,161,0.002,1,
rome,rome/rome/grafo1145.18.graphml,18,24,C,repaired,2,4,3,refutation,35,0.001,1,
rome,rome/rome/grafo11381.92.graphml,92,126,C,repaired,6,10,10,,15192064,10.012,1,
rome,rome/rome/grafo11450.37.graphml,37,46,C,repaired,4,5,4,bound,26,0.001,1,
rome,rome/rome/grafo11451.32.graphml,32,35,C,repaired,2,3,3,refutation,101,0.003,1,
rome,rome/rome/grafo11452.38.graphml,38,50,C,repaired,4,6,5,refutation,2076,0.01,1,
rome,rome/rome/grafo11454.31.graphml,31,36,C,repaired,3,3,3,bound,0,0.001,1,
rome,rome/rome/grafo11455.35.graphml,35,35,C,repaired,2,3,2,bound,36,0.001,1,
rome,rome/rome/grafo11456.32.graphml,32,33,C,repaired,2,2,2,bound,0,0.001,1,
rome,rome/rome/grafo11390.90.graphml,90,128,C,repaired,6,10,10,,17571840,10.009,1,
rome,rome/rome/grafo11446.96.graphml,96,130,C,repaired,6,8,7,refutation,923094,0.845,1,
rome,rome/rome/grafo11459.37.graphml,37,45,C,repaired,3,4,4,refutation,404,0.002,1,
rome,rome/rome/grafo1146.18.graphml,18,29,C,repaired,4,4,4,bound,0,0.001,1,
rome,rome/rome/grafo11460.37.graphml,37,53,C,repaired,4,5,5,refutation,1007,0.006,1,
rome,rome/rome/grafo11461.35.graphml,35,42,C,repaired,3,4,4,refutation,456,0.003,1,
rome,rome/rome/grafo11462.39.graphml,39,50,C,repaired,4,5,5,refutation,3533,0.017,1,
rome,rome/rome/grafo11463.33.graphml,33,39,C,repaired,3,4,4,refutation,312,0.003,1,
rome,rome/rome/grafo11464.35.graphml,35,47,C,repaired,4,5,5,refutation,668,0.005,1,
rome,rome/rome/grafo11465.34.graphml,34,40,C,repaired,3,3,3,bound,0,0.001,1,
rome,rome/rome/grafo11466.39.graphml,39,47,C,repaired,3,5,4,refutation,791,0.005,1,
rome,rome/rome/grafo11467.37.graphml,37,48,C,repaired,4,5,5,refutation,1032,0.006,1,
rome,rome/rome/grafo11468.36.graphml,36,47,C,repaired,4,5,5,refutation,1138,0.006,1,
rome,rome/rome/grafo11393.92.graphml,92,135,C,repaired,7,11,11,,16072704,10.01,1,
rome,rome/rome/grafo11394.90.graphml,90,122,C,repaired,7,9,9,,13570048,10.013,1,
rome,rome/rome/grafo1147.18.graphml,18,19,C,repaired,2,2,2,bound,0,0.001,1,
rome,rome/rome/grafo11440.90.graphml,90,129,C,repaired,7,10,9,refutation,4939728,4.572,1,
rome,rome/rome/grafo11408.92.graphml,92,131,C,repaired,7,11,11,,13881344,10.013,1,
rome,rome/rome/grafo11473.37.graphml,37,42,C,repaired,3,4,3,bound,108,0.002,1,
rome,rome/rome/grafo11474.41.graphml,41,46,C,repaired,3,5,4,refutation,822,0.006,1,
rome,rome/rome/grafo11475.35.graphml,35,46,C,repaired,3,4,4,refutation,498,0.003,1,
rome,rome/rome/grafo11476.32.graphml,32,38,C,repaired,3,4,3,bound,39,0.001,1,
rome,rome/rome/grafo11477.36.graphml,36,48,C,repaired,4,6,6,refutation,3374,0.016,1,
rome,rome/rome/grafo11478.39.graphml,39,55,C,repaired,5,6,6,refutation,4565,0.02,1,
rome,rome/rome/grafo11479.37.graphml,37,44,C,repaired,3,4,3,bound,63,0.002,1,
rome,rome/rome/grafo1148.17.graphml,17,22,C,repaired,3,3,3,bound,0,0.001,1,
rome,rome/rome/grafo11419.92.graphml,92,125,C,repaired,6,10,9,,17067781,10.008,1,
rome,rome/rome/grafo11481.32.graphml,32,38,C,repaired,3,4,3,bound,136,0.002,1,
rome,rome/rome/grafo11482.39.graphml,39,48,C,repaired,3,5,4,refutation,432,0.004,1,
rome,rome/rome/grafo11483.33.graphml,33,42,C,repaired,3,4,3,bound,69,0.001,1,
rome,rome/rome/grafo11484.33.graphml,33,37,C,repaired,2,3,3,refutation,124,0.002,1,
rome,rome/rome/grafo11485.39.graphml,39,52,C,repaired,4,6,5,refutation,2100,0.012,1,
rome,rome/rome/grafo11486.37.graphml,37,49,C,repaired,3,4,4,refutation,354,0.003,1,
rome,rome/rome/grafo11420.92.graphml,92,131,C,repaired,7,10,10,,13901824,10.011,1,
rome,rome/rome/grafo11430.91.graphml,91,121,C,repaired,6,9,9,,13795328,10.011,1,
rome,rome/rome/grafo11431.92.graphml,92,125,C,repaired,6,10,10,,15581184,10.01,1,
rome,rome/rome/grafo11489.31.graphml,31,37,C,repaired,3,3,3,bound,0,0.001,1,
rome,rome/rome/grafo11432.92.graphml,92,126,C,repaired,6,9,9,,17719296,10.012,1,
rome,rome/rome/grafo1149.29.graphml,29,31,C,repaired,2,3,3,refutation,167,0.002,1,
rome,rome/rome/grafo11490.35.graphml,35,44,C,repaired,3,5,4,refutation,256,0.002,1,
rome,rome/rome/grafo11492.35.graphml,35,48,C,repaired,4,4,4,bound,0,0.001,1,
rome,rome/rome/grafo11493.37.graphml,37,52,C,repaired,5,6,6,refutation,2675,0.012,1,
rome,rome/rome/grafo11494.34.graphml,34,42,C,repaired,3,3,3,bound,0,0.001,1,
rome,rome/rome/grafo11495.39.graphml,39,52,C,repaired,4,6,5,refutation,2739,0.013,1,
rome,rome/rome/grafo11496.38.graphml,38,47,C,repaired,3,4,4,refutation,406,0.006,1,
rome,rome/rome/grafo11497.36.graphml,36,54,C,repaired,5,6,6,refutation,2192,0.011,1,
rome,rome/rome/grafo11498.40.graphml,40,52,C,repaired,3,6,5,refutation,1777,0.007,1,
rome,rome/rome/grafo115.30.graphml,30,31,C,repaired,2,3,3,refutation,159,0.001,1,
rome,rome/rome/grafo11499.35.graphml,35,39,C,repaired,3,4,3,bound,117,0.002,1,
rome,rome/rome/grafo1150.16.graphml,16,21,C,repaired,3,3,3,bound,0,0.001,1,
rome,rome/rome/grafo11500.36.graphml,36,44,C,repaired,3,4,4,refutation,415,0.003,1,
rome,rome/rome/grafo11433.92.graphml,92,135,C,repaired,7,12,11,,12116078,10.01,1,
rome,rome/rome/grafo11501.35.graphml,35,40,C,repaired,3,4,3,bound,73,0.002,1,
rome,rome/rome/grafo11504.39.graphml,39,51,C,repaired,4,4,4,bound,0,0.001,1,
rome,rome/rome/grafo11503.39.graphml,39,47,C,repaired,3,4,4,refutation,1301,0.006,1,
rome,rome/rome/grafo11439.92.graphml,92,130,C,repaired,7,11,10,,17354817,10.008,1,
rome,rome/rome/grafo11487.91.graphml,91,122,C,repaired,6,8,8,refutation,2952540,2.548,1,
rome,rome/rome/grafo11506.91.graphml,91,124,C,repaired,6,8,8,refutation,1497188,1.093,1,
rome,rome/rome/grafo11448.91.graphml,91,127,C,repaired,6,10,9,,14745139,10.013,1,
rome,rome/rome/grafo11509.31.graphml,31,36,C,repaired,3,3,3,bound,0,0.004,1,
rome,rome/rome/grafo1151.11.graphml,11,17,C,repaired,3,3,3,bound,0,0.0,1,
rome,rome/rome/grafo11510.34.graphml,34,34,C,repaired,2,2,2,bound,0,0.001,1,
rome,rome/rome/grafo11511.35.graphml,35,36,C,repaired,2,3,2,bound,25,0.001,1,
rome,rome/rome/grafo11512.38.graphml,38,46,C,repaired,3,5,4,refutation,541,0.003,1,
rome,rome/rome/grafo11514.33.graphml,33,40,C,repaired,3,4,4,refutation,438,0.003,1,
rome,rome/rome/grafo11453.91.graphml,91,128,C,repaired,6,11,10,,13075757,10.013,1,
rome,rome/rome/grafo11515.37.graphml,37,46,C,repaired,3,5,4,refutation,1587,0.006,1,
rome,rome/rome/grafo11516.33.graphml,33,43,C,repaired,3,4,3,bound,74,0.001,1,
rome,rome/rome/grafo11517.34.graphml,34,45,C,repaired,3,4,4,refutation,308,0.002,1,
rome,rome/rome/grafo11518.39.graphml,39,51,C,repaired,4,5,4,bound,64,0.001,1,
rome,rome/rome/grafo11519.39.graphml,39,51,C,repaired,3,5,4,refutation,411,0.003,1,
rome,rome/rome/grafo1152.18.graphml,18,24,C,repaired,3,3,3,bound,0,0.001,1,
rome,rome/rome/grafo11457.92.graphml,92,130,C,repaired,7,12,11,,13369405,10.014,1,
rome,rome/rome/grafo11522.31.graphml,31,36,C,repaired,2,3,3,refutation,55,0.001,1,
rome,rome/rome/grafo11523.35.graphml,35,46,C,repaired,4,5,5,refutation,738,0.007,1,
rome,rome/rome/grafo11525.36.graphml,36,45,C,repaired,3,4,4,refutation,811,0.005,1,
rome,rome/rome/grafo11521.91.graphml,91,111,C,repaired,5,7,6,refutation,187398,0.224,1,
rome,rome/rome/grafo11458.100.graphml,100,142,C,repaired,7,10,10,,14462976,10.011,1,
rome,rome/rome/grafo11527.33.graphml,33,40,C,repaired,3,4,4,refutation,605,0.004,1,
rome,rome/rome/grafo11528.35.graphml,35,42,C,repaired,3,4,4,refutation,456,0.003,1,
rome,rome/rome/grafo11480.93.graphml,93,125,C,repaired,6,10,9,refutation,5167511,4.46,1,
rome,rome/rome/grafo11529.36.graphml,36,52,C,repaired,4,5,5,refutation,742,0.004,1,
rome,rome/rome/grafo1153.21.graphml,21,23,C,repaired,2,3,3,refutation,62,0.001,1,
rome,rome/rome/grafo11530.34.graphml,34,49,C,repaired,3,5,4,refutation,354,0.003,1,
rome,rome/rome/grafo11531.34.graphml,34,38,C,repaired,2,3,3,refutation,114,0.002,1,
rome,rome/rome/grafo11532.39.graphml,39,51,C,repaired,4,5,4,bound,124,0.002,1,
rome,rome/rome/grafo11533.36.graphml,36,48,C,repaired,4,6,5,refutation,767,0.005,1,
rome,rome/rome/grafo11526.91.graphml,91,118,C,repaired,5,7,7,refutation,484297,0.466,1,
rome,rome/rome/grafo11488.91.graphml,91,127,C,repaired,7,10,9,refutation,5081546,3.969,1,
rome,rome/rome/grafo11538.33.graphml,33,38,C,repaired,3,3,3,bound,0,0.001,1,
rome,rome/rome/grafo11469.96.graphml,96,136,C,repaired,6,11,10,,13389894,10.012,1,
rome,rome/rome/grafo11539.36.graphml,36,42,C,repaired,3,4,3,bound,59,0.002,1,
rome,rome/rome/grafo1154.22.graphml,22,28,C,repaired,3,4,4,refutation,147,0.001,1,
rome,rome/rome/grafo11540.37.graphml,37,48,C,repaired,4,5,4,bound,189,0.002,1,
rome,rome/rome/grafo11542.34.graphml,34,45,C,repaired,3,5,3,bound,63,0.002,1,
rome,rome/rome/grafo11541.37.graphml,37,47,C,repaired,4,5,5,refutation,1143,0.006,1,
rome,rome/rome/grafo11534.91.graphml,91,124,C,repaired,6,9,8,refutation,575759,0.565,1,
rome,rome/rome/grafo11543.34.graphml,34,41,C,repaired,3,4,3,bound,32,0.001,1,
rome,rome/rome/grafo11544.34.graphml,34,34,C,repaired,2,2,2,bound,0,0.001,1,
rome,rome/rome/grafo11545.39.graphml,39,47,C,repaired,3,4,4,refutation,833,0.005,1,
rome,rome/rome/grafo11547.31.graphml,31,36,C,repaired,2,3,3,refutation,55,0.001,1,
rome,rome/rome/grafo11548.35.graphml,35,46,C,repaired,4,5,5,refutation,738,0.004,1,
rome,rome/rome/grafo11549.35.graphml,35,46,C,repaired,3,4,4,refutation,499,0.003,1,
rome,rome/rome/grafo1155.11.graphml,11,12,C,repaired,2,2,2,bound,0,0.0,1,
rome,rome/rome/grafo11550.35.graphml,35,44,C,repaired,3,5,4,refutation,357,0.002,1,
rome,rome/rome/grafo11551.33.graphml,33,38,C,repaired,2,4,3,refutation,143,0.002,1,
rome,rome/rome/grafo11552.39.graphml,39,47,C,repaired,4,5,4,bound,112,0.002,1,
rome,rome/rome/grafo11553.37.graphml,37,49,C,repaired,4,5,5,refutation,870,0.004,1,
rome,rome/rome/grafo11554.36.graphml,36,50,C,repaired,4,6,6,refutation,2980,0.01,1,
rome,rome/rome/grafo11555.39.graphml,39,52,C,repaired,3,4,4,refutation,454,0.003,1,
rome,rome/rome/grafo11556.36.graphml,36,42,C,repaired,3,4,4,refutation,973,0.004,1,
rome,rome/rome/grafo11558.37.graphml,37,43,C,repaired,3,4,3,bound,43,0.001,1,
rome,rome/rome/grafo11559.31.graphml,31,35,C,repaired,3,4,3,bound,28,0.001,1,
rome,rome/rome/grafo1156.14.graphml,14,16,C,repaired,3,3,3,bound,0,0.0,1,
rome,rome/rome/grafo11560.35.graphml,35,47,C,repaired,4,6,5,refutation,1577,0.008,1,
rome,rome/rome/grafo11561.35.graphml,35,39,C,repaired,3,4,3,bound,118,0.002,1,
rome,rome/rome/grafo11562.36.graphml,36,53,C,repaired,4,6,4,bound,660,0.004,1,
rome,rome/rome/grafo11563.39.graphml,39,50,C,repaired,4,5,5,refutation,1952,0.009,1,
rome,rome/rome/grafo11564.37.graphml,37,47,C,repaired,4,5,5,refutation,1728,0.008,1,
rome,rome/rome/grafo11565.39.graphml,39,45,C,repaired,2,4,3,refutation,171,0.002,1,
rome,rome/rome/grafo11566.37.graphml,37,53,C,repaired,5,6,6,refutation,3089,0.014,1,
rome,rome/rome/grafo11508.91.graphml,91,124,C,repaired,6,9,9,refutation,3102951,3.043,1,
rome,rome/rome/grafo11567.35.graphml,35,43,C,repaired,3,3,3,bound,0,0.001,1,
rome,rome/rome/grafo11470.91.graphml,91,131,C,repaired,6,11,11,,12382208,10.014,1,
rome,rome/rome/grafo11471.91.graphml,91,130,C,repaired,6,10,10,,17510400,10.012,1,
rome,rome/rome/grafo1157.38.graphml,38,48,C,repaired,4,4,4,bound,0,0.001,1,
rome,rome/rome/grafo11570.34.graphml,34,37,C,repaired,2,3,3,refutation,224,0.002,1,
rome,rome/rome/grafo11571.38.graphml,38,45,C,repaired,3,4,4,refutation,505,0.003,1,
rome,rome/rome/grafo11572.34.graphml,34,47,C,repaired,3,5,4,refutation,297,0.002,1,
rome,rome/rome/grafo11574.33.graphml,33,44,C,repaired,4,4,4,bound,0,0.001,1,
rome,rome/rome/grafo11573.35.graphml,35,43,C,repaired,3,5,4,refutation,476,0.003,1,
rome,rome/rome/grafo11576.34.graphml,34,37,C,repaired,2,3,2,bound,31,0.001,1,
rome,rome/rome/grafo11575.38.graphml,38,46,C,repaired,3,5,5,refutation,1578,0.003,1,
rome,rome/rome/grafo11577.39.graphml,39,49,C,repaired,4,5,5,refutation,2252,0.008,1,
rome,rome/rome/grafo11578.37.graphml,37,49,C,repaired,4,4,4,bound,0,0.001,1,
rome,rome/rome/grafo11579.36.graphml,36,46,C,repaired,4,5,5,refutation,958,0.005,1,
rome,rome/rome/grafo1158.24.graphml,24,34,C,repaired,3,4,4,refutation,153,0.002,1,
rome,rome/rome/grafo11581.31.graphml,31,36,C,repaired,3,3,3,bound,0,0.001,1,
rome,rome/rome/grafo11582.34.graphml,34,34,C,repaired,2,2,2,bound,0,0.001,1,
rome,rome/rome/grafo11535.97.graphml,97,127,C,repaired,6,9,8,refutation,2617081,2.172,1,
rome,rome/rome/grafo11583.37.graphml,37,46,C,repaired,3,5,4,refutation,476,0.004,1,
rome,rome/rome/grafo11584.34.graphml,34,45,C,repaired,3,4,3,bound,26,0.001,1,
rome,rome/rome/grafo11585.36.graphml,36,49,C,repaired,3,5,4,refutation,319,0.002,1,
rome,rome/rome/grafo11586.36.graphml,36,42,C,repaired,3,4,4,refutation,424,0.003,1,
rome,rome/rome/grafo11587.37.graphml,37,49,C,repaired,4,5,4,bound,39,0.002,1,
rome,rome/rome/grafo11588.36.graphml,36,46,C,repaired,4,5,4,bound,29,0.002,1,
rome,rome/rome/grafo11589.32.graphml,32,40,C,repaired,3,4,4,refutation,319,0.002,1,
rome,rome/rome/grafo1159.26.graphml,26,33,C,repaired,3,4,4,refutation,381,0.002,1,
rome,rome/rome/grafo11590.35.graphml,35,38,C,repaired,3,3,3,bound,0,0.001,1,
rome,rome/rome/grafo11592.34.graphml,34,39,C,repaired,3,4,4,refutation,558,0.003,1,
rome,rome/rome/grafo11593.36.graphml,36,56,C,repaired,5,7,7,refutation,5054,0.023,1,
rome,rome/rome/grafo11594.37.graphml,37,41,C,repaired,3,4,3,bound,83,0.002,1,
rome,rome/rome/grafo11595.36.graphml,36,44,C,repaired,2,4,3,refutation,304,0.003,1,
rome,rome/rome/grafo11596.34.graphml,34,39,C,repaired,2,3,3,refutation,95,0.001,1,
rome,rome/rome/grafo11597.37.graphml,37,49,C,repaired,4,5,5,refutation,1167,0.007,1,
rome,rome/rome/grafo11598.36.graphml,36,46,C,repaired,4,5,5,refutation,1501,0.008,1,
rome,rome/rome/grafo11472.91.graphml,91,135,C,repaired,7,11,11,,13049856,10.009,1,
rome,rome/rome/grafo116.28.graphml,28,38,C,repaired,3,4,3,bound,43,0.001,1,
rome,rome/rome/grafo1160.17.graphml,17,23,C,repaired,3,3,3,bound,0,0.0,1,
rome,rome/rome/grafo11520.91.graphml,91,129,C,repaired,6,10,9,refutation,5013218,4.112,1,
rome,rome/rome/grafo11601.33.graphml,33,34,C,repaired,2,2,2,bound,0,0.001,1,
rome,rome/rome/grafo11599.91.graphml,91,121,C,repaired,6,9,8,refutation,3729971,2.671,1,
rome,rome/rome/grafo11603.38.graphml,38,46,C,repaired,3,4,4,refutation,525,0.004,1,
rome,rome/rome/grafo11604.34.graphml,34,43,C,repaired,4,5,5,refutation,1511,0.005,1,
rome,rome/rome/grafo11605.33.graphml,33,42,C,repaired,3,4,3,bound,69,0.001,1,
rome,rome/rome/grafo11606.33.graphml,33,37,C,repaired,2,3,3,refutation,124,0.002,1,
rome,rome/rome/grafo11607.32.graphml,32,38,C,repaired,3,4,3,bound,65,0.001,1,
rome,rome/rome/grafo11608.32.graphml,32,33,C,repaired,2,2,2,bound,0,0.001,1,
rome,rome/rome/grafo11609.37.graphml,37,44,C,repaired,3,4,3,bound,63,0.002,1,
rome,rome/rome/grafo1161.17.graphml,17,18,C,repaired,2,2,2,bound,0,0.0,1,
rome,rome/rome/grafo11610.37.graphml,37,47,C,repaired,3,5,4,refutation,537,0.004,1,
rome,rome/rome/grafo11611.32.graphml,32,38,C,repaired,2,3,3,refutation,59,0.001,1,
rome,rome/rome/grafo11612.36.graphml,36,48,C,repaired,4,5,4,bound,60,0.002,1,
rome,rome/rome/grafo11600.91.graphml,91,119,C,repaired,5,8,8,refutation,4340643,3.825,1,
rome,rome/rome/grafo11614.34.graphml,34,39,C,repaired,3,3,3,bound,0,0.001,1,
rome,rome/rome/grafo11615.33.graphml,33,42,C,repaired,3,4,3,bound,69,0.001,1,
rome,rome/rome/grafo11613.100.graphml,100,125,C,repaired,5,8,7,refutation,1468059,1.347,1,
rome,rome/rome/grafo11617.35.graphml,35,44,C,repaired,3,4,4,refutation,436,0.003,1,
rome,rome/rome/grafo11491.96.graphml,96,125,C,repaired,5,10,8,,15279437,10.012,1,
rome,rome/rome/grafo11618.41.graphml,41,48,C,repaired,3,4,3,bound,357,0.003,1,
rome,rome/rome/grafo11619.35.graphml,35,42,C,repaired,3,4,4,refutation,456,0.003,1,
rome,rome/rome/grafo1162.11.graphml,11,11,C,repaired,2,2,2,bound,0,0.0,1,
rome,rome/rome/grafo11620.33.graphml,33,39,C,repaired,3,4,3,bound,30,0.001,1,
rome,rome/rome/grafo11622.37.graphml,37,49,C,repaired,3,4,4,refutation,360,0.003,1,
rome,rome/rome/grafo11621.40.graphml,40,50,C,repaired,3,6,5,refutation,2745,0.014,1,
rome,rome/rome/grafo11623.43.graphml,43,54,C,repaired,4,5,5,refutation,2837,0.013,1,
rome,rome/rome/grafo11625.37.graphml,37,51,C,repaired,4,5,5,refutation,512,0.004,1,
rome,rome/rome/grafo11502.100.graphml,100,126,C,repaired,5,9,8,,13856830,10.013,1,
rome,rome/rome/grafo11626.38.graphml,38,48,C,repaired,4,5,5,refutation,1809,0.009,1,
rome,rome/rome/grafo11627.37.graphml,37,53,C,repaired,4,5,5,refutation,899,0.005,1,
rome,rome/rome/grafo11628.34.graphml,34,40,C,repaired,3,4,4,refutation,348,0.003,1,
rome,rome/rome/grafo11505.91.graphml,91,131,C,repaired,7,10,10,,13672448,10.012,1,
rome,rome/rome/grafo11629.36.graphml,36,46,C,repaired,4,5,5,refutation,1455,0.007,1,
rome,rome/rome/grafo1163.19.graphml,19,18,C,repaired,1,2,2,refutation,23,0.001,1,
rome,rome/rome/grafo11630.34.graphml,34,40,C,repaired,3,3,3,bound,0,0.001,1,
rome,rome/rome/grafo11631.33.graphml,33,43,C,repaired,3,5,4,refutation,473,0.006,1,
rome,rome/rome/grafo11633.35.graphml,35,46,C,repaired,3,4,4,refutation,221,0.002,1,
rome,rome/rome/grafo11632.40.graphml,40,59,C,repaired,5,6,6,refutation,2794,0.016,1,
rome,rome/rome/grafo11634.32.graphml,32,36,C,repaired,2,3,3,refutation,173,0.002,1,
rome,rome/rome/grafo11636.32.graphml,32,32,C,repaired,2,2,2,bound,0,0.001,1,
rome,rome/rome/grafo11637.38.graphml,38,44,C,repaired,3,5,4,refutation,622,0.004,1,
rome,rome/rome/grafo11638.33.graphml,33,38,C,repaired,2,4,3,refutation,174,0.002,1,
rome,rome/rome/grafo11639.35.graphml,35,42,C,repaired,3,4,4,refutation,456,0.003,1,
rome,rome/rome/grafo1164.10.graphml,10,10,C,repaired,2,2,2,bound,0,0.0,1,
rome,rome/rome/grafo11640.44.graphml,44,59,C,repaired,4,5,5,refutation,1803,0.009,1,
rome,rome/rome/grafo11507.91.graphml,91,122,C,repaired,6,10,9,,15373598,10.014,1,
rome,rome/rome/grafo11641.31.graphml,31,36,C,repaired,2,3,3,refutation,55,0.004,1,
rome,rome/rome/grafo11643.33.graphml,33,37,C,repaired,2,3,3,refutation,124,0.001,1,
rome,rome/rome/grafo11642.36.graphml,36,49,C,repaired,4,6,6,refutation,4286,0.02,1,
rome,rome/rome/grafo11644.38.graphml,38,48,C,repaired,4,5,5,refutation,2641,0.006,1,
rome,rome/rome/grafo11645.36.graphml,36,50,C,repaired,4,6,5,refutation,739,0.011,1,
rome,rome/rome/grafo11646.32.graphml,32,34,C,repaired,2,3,2,bound,30,0.001,1,
rome,rome/rome/grafo11649.38.graphml,38,43,C,repaired,3,4,4,refutation,988,0.005,1,
rome,rome/rome/grafo1165.16.graphml,16,23,C,repaired,3,3,3,bound,0,0.001,1,
rome,rome/rome/grafo11537.91.graphml,91,130,C,repaired,6,10,9,refutation,10432590,8.358,1,
rome,rome/rome/grafo11650.34.graphml,34,41,C,repaired,4,4,4,bound,0,0.001,1,
rome,rome/rome/grafo11652.39.graphml,39,51,C,repaired,5,5,5,bound,0,0.001,1,
rome,rome/rome/grafo11651.36.graphml,36,47,C,repaired,4,5,5,refutation,2241,0.01,1,
rome,rome/rome/grafo11653.37.graphml,37,51,C,repaired,4,5,4,bound,32,0.002,1,
rome,rome/rome/grafo11654.35.graphml,35,46,C,repaired,4,5,5,refutation,738,0.004,1,
rome,rome/rome/grafo11524.100.graphml,100,127,C,repaired,6,9,8,,14254757,10.012,1,
rome,rome/rome/grafo11536.91.graphml,91,132,C,repaired,6,11,10,,12882074,10.013,1,
rome,rome/rome/grafo11658.35.graphml,35,48,C,repaired,4,5,5,refutation,1274,0.007,1,
rome,rome/rome/grafo11659.37.graphml,37,42,C,repaired,2,5,3,refutation,299,0.003,1,
rome,rome/rome/grafo1166.11.graphml,11,12,C,repaired,2,2,2,bound,0,0.0,1,
rome,rome/rome/grafo11660.34.graphml,34,36,C,repaired,2,4,3,refutation,238,0.002,1,
rome,rome/rome/grafo11661.38.graphml,38,48,C,repaired,4,5,5,refutation,2641,0.013,1,
rome,rome/rome/grafo11662.36.graphml,36,48,C,repaired,3,5,4,refutation,312,0.003,1,
rome,rome/rome/grafo11663.38.graphml,38,52,C,repaired,4,6,6,refutation,3411,0.015,1,
rome,rome/rome/grafo11664.35.graphml,35,38,C,repaired,2,3,3,refutation,249,0.002,1,
rome,rome/rome/grafo11665.40.graphml,40,48,C,repaired,3,5,4,refutation,781,0.005,1,
rome,rome/rome/grafo11546.97.graphml,97,140,C,repaired,7,10,9,,11052104,10.011,1,
rome,rome/rome/grafo11666.37.graphml,37,50,C,repaired,4,6,5,refutation,1065,0.006,1,
rome,rome/rome/grafo11668.36.graphml,36,44,C,repaired,3,4,4,refutation,421,0.002,1,
rome,rome/rome/grafo11667.30.graphml,30,34,C,repaired,2,3,3,refutation,92,0.002,1,
rome,rome/rome/grafo11669.39.graphml,39,47,C,repaired,3,4,4,refutation,460,0.003,1,
rome,rome/rome/grafo1167.31.graphml,31,34,C,repaired,2,4,3,refutation,157,0.002,1,
rome,rome/rome/grafo11671.39.graphml,39,52,C,repaired,4,6,5,refutation,2154,0.009,1,
rome,rome/rome/grafo11670.41.graphml,41,54,C,repaired,4,6,5,refutation,1567,0.009,1,
rome,rome/rome/grafo11672.35.graphml,35,47,C,repaired,4,5,5,refutation,703,0.004,1,
rome,rome/rome/grafo11673.32.graphml,32,37,C,repaired,3,4,3,bound,240,0.002,1,
rome,rome/rome/grafo11674.33.graphml,33,39,C,repaired,3,4,4,refutation,526,0.003,1,
rome,rome/rome/grafo11675.39.graphml,39,50,C,repaired,4,5,5,refutation,2197,0.008,1,
rome,rome/rome/grafo11557.95.graphml,95,133,C,repaired,7,12,11,,12370655,10.01,1,
rome,rome/rome/grafo11677.36.graphml,36,49,C,repaired,3,5,4,refutation,647,0.004,1,
rome,rome/rome/grafo11676.38.graphml,38,51,C,repaired,4,6,5,refutation,1564,0.008,1,
rome,rome/rome/grafo11678.34.graphml,34,40,C,repaired,3,4,3,bound,55,0.001,1,
rome,rome/rome/grafo1168.24.graphml,24,25,C,repaired,2,3,2,bound,65,0.001,1,
rome,rome/rome/grafo1169.18.graphml,18,20,C,repaired,2,3,3,refutation,37,0.001,1,
rome,rome/rome/grafo117.20.graphml,20,21,C,repaired,2,3,2,bound,20,0.001,1,
rome,rome/rome/grafo1170.27.graphml,27,28,C,repaired,2,3,2,bound,54,0.001,1,
rome,rome/rome/grafo1171.22.graphml,22,25,C,repaired,3,3,3,bound,0,0.001,1,
rome,rome/rome/grafo1172.19.graphml,19,23,C,repaired,2,3,2,bound,18,0.001,1,
rome,rome/rome/grafo1173.16.graphml,16,20,C,repaired,3,3,3,bound,0,0.001,1,
rome,rome/rome/grafo1174.33.graphml,33,41,C,repaired,4,4,4,bound,0,0.001,1,
rome,rome/rome/grafo1176.11.graphml,11,13,C,repaired,2,2,2,bound,0,0.0,1,
rome,rome/rome/grafo1177.16.graphml,16,15,C,repaired,1,2,2,refutation,28,0.001,1,
rome,rome/rome/grafo1175.19.graphml,19,21,C,repaired,3,3,3,bound,0,0.001,1,
rome,rome/rome/grafo1178.29.graphml,29,30,C,repaired,2,3,3,refutation,241,0.002,1,
rome,rome/rome/grafo1179.17.graphml,17,19,C,repaired,3,3,3,bound,0,0.0,1,
rome,rome/rome/grafo118.43.graphml,43,58,C,repaired,4,6,5,refutation,4707,0.02,1,
rome,rome/rome/grafo1181.30.graphml,30,40,C,repaired,3,3,3,bound,0,0.001,1,
rome,rome/rome/grafo1182.50.graphml,50,59,C,repaired,3,5,4,refutation,1742,0.008,1,
rome,rome/rome/grafo1183.30.graphml,30,39,C,repaired,3,4,4,refutation,244,0.002,1,
rome,rome/rome/grafo1184.25.graphml,25,25,C,repaired,2,2,2,bound,0,0.001,1,
rome,rome/rome/grafo1180.66.graphml,66,87,C,repaired,5,7,6,refutation,50393,0.088,1,
rome,rome/rome/grafo1185.26.graphml,26,32,C,repaired,4,4,4,bound,0,0.001,1,
rome,rome/rome/grafo1186.47.graphml,47,65,C,repaired,4,6,5,refutation,2747,0.01,1,
rome,rome/rome/grafo1187.49.graphml,49,64,C,repaired,4,6,5,refutation,4354,0.015,1,
rome,rome/rome/grafo119.24.graphml,24,33,C,repaired,3,4,3,bound,27,0.001,1,
rome,rome/rome/grafo1188.54.graphml,54,70,C,repaired,4,6,5,refutation,4359,0.019,1,
rome,rome/rome/grafo1189.65.graphml,65,81,C,repaired,4,6,5,refutation,9497,0.038,1,
rome,rome/rome/grafo11580.93.graphml,93,126,C,repaired,6,9,9,refutation,13069272,9.468,1,
rome,rome/rome/grafo11568.95.graphml,95,123,C,repaired,5,9,8,,16735588,10.02,1,
rome,rome/rome/grafo11569.93.graphml,93,136,C,repaired,7,11,11,,14381056,10.016,1,
rome,rome/rome/grafo1191.25.graphml,25,27,C,repaired,2,3,3,refutation,145,0.004,1,
rome,rome/rome/grafo1190.28.graphml,28,32,C,repaired,3,3,3,bound,0,0.001,1,
rome,rome/rome/grafo1193.26.graphml,26,28,C,repaired,2,2,2,bound,0,0.001,1,
rome,rome/rome/grafo1194.28.graphml,28,30,C,repaired,2,4,3,refutation,247,0.002,1,
rome,rome/rome/grafo1195.27.graphml,27,31,C,repaired,2,3,3,refutation,122,0.001,1,
rome,rome/rome/grafo1196.29.graphml,29,36,C,repaired,3,4,4,refutation,603,0.003,1,
rome,rome/rome/grafo1192.60.graphml,60,79,C,repaired,5,7,6,refutation,23034,0.052,1,
rome,rome/rome/grafo1200.27.graphml,27,36,C,repaired,3,3,3,bound,0,0.001,1,
rome,rome/rome/grafo1201.28.graphml,28,38,C,repaired,4,4,4,bound,0,0.001,1,
rome,rome/rome/grafo1198.29.graphml,29,29,C,repaired,2,3,3,refutation,207,0.002,1,
rome,rome/rome/grafo1199.27.graphml,27,30,C,repaired,3,4,3,bound,44,0.001,1,
rome,rome/rome/grafo120.40.graphml,40,42,C,repaired,2,3,3,refutation,292,0.002,1,
rome,rome/rome/grafo1203.25.graphml,25,28,C,repaired,2,3,3,refutation,166,0.001,1,
rome,rome/rome/grafo1202.28.graphml,28,36,C,repaired,3,4,4,refutation,475,0.003,1,
rome,rome/rome/grafo1207.29.graphml,29,35,C,repaired,3,3,3,bound,0,0.001,1,
rome,rome/rome/grafo1208.27.graphml,27,33,C,repaired,3,4,3,bound,49,0.001,1,
rome,rome/rome/grafo1204.27.graphml,27,31,C,repaired,3,3,3,bound,0,0.001,1,
rome,rome/rome/grafo1206.29.graphml,29,36,C,repaired,3,4,4,refutation,351,0.001,1,
rome,rome/rome/grafo1209.29.graphml,29,32,C,repaired,2,3,3,refutation,139,0.001,1,
rome,rome/rome/grafo1205.56.graphml,56,76,C,repaired,5,7,6,refutation,17158,0.039,1,
rome,rome/rome/grafo121.20.graphml,20,25,C,repaired,2,3,3,refutation,63,0.001,1,
rome,rome/rome/grafo1210.51.graphml,51,60,C,repaired,4,4,4,bound,0,0.002,1,
rome,rome/rome/grafo1212.53.graphml,53,72,C,repaired,4,6,5,refutation,4344,0.016,1,
rome,rome/rome/grafo1211.56.graphml,56,65,C,repaired,3,5,4,refutation,3627,0.017,1,
rome,rome/rome/grafo1214.26.graphml,26,26,C,repaired,2,2,2,bound,0,0.001,1,
rome,rome/rome/grafo1216.27.graphml,27,28,C,repaired,2,3,3,refutation,249,0.002,1,
rome,rome/rome/grafo1213.68.graphml,68,86,C,repaired,5,6,6,refutation,61203,0.096,1,
rome,rome/rome/grafo1217.27.graphml,27,29,C,repaired,2,3,3,refutation,166,0.001,1,
rome,rome/rome/grafo1218.26.graphml,26,28,C,repaired,2,3,3,refutation,200,0.001,1,
rome,rome/rome/grafo1197.74.graphml,74,95,C,repaired,5,8,7,refutation,407815,0.345,1,
rome,rome/rome/grafo1215.62.graphml,62,82,C,repaired,5,7,6,refutation,36290,0.073,1,
rome,rome/rome/grafo1219.44.graphml,44,48,C,repaired,3,4,3,bound,113,0.002,1,
rome,rome/rome/grafo122.12.graphml,12,11,C,repaired,1,1,1,bound,0,0.0,1,
rome,rome/rome/grafo1221.27.graphml,27,36,C,repaired,3,4,3,bound,121,0.001,1,
rome,rome/rome/grafo1220.25.graphml,25,31,C,repaired,3,3,3,bound,0,0.001,1,
rome,rome/rome/grafo1223.30.graphml,30,38,C,repaired,3,4,3,bound,46,0.001,1,
rome,rome/rome/grafo1225.25.graphml,25,27,C,repaired,2,3,3,refutation,185,0.001,1,
rome,rome/rome/grafo11656.91.graphml,91,123,C,repaired,6,9,8,refutation,4257396,3.254,1,
rome,rome/rome/grafo1224.27.graphml,27,27,C,repaired,2,3,2,bound,21,0.001,1,
rome,rome/rome/grafo1226.32.graphml,32,34,C,repaired,2,4,3,refutation,246,0.002,1,
rome,rome/rome/grafo1227.30.graphml,30,39,C,repaired,4,5,4,bound,26,0.001,1,
rome,rome/rome/grafo1222.52.graphml,52,59,C,repaired,3,5,4,refutation,3085,0.012,1,
rome,rome/rome/grafo1228.31.graphml,31,37,C,repaired,3,4,4,refutation,561,0.003,1,
rome,rome/rome/grafo1229.27.graphml,27,31,C,repaired,2,3,3,refutation,99,0.001,1,
rome,rome/rome/grafo1231.35.graphml,35,44,C,repaired,4,5,4,bound,57,0.002,1,
rome,rome/rome/grafo1232.27.graphml,27,31,C,repaired,3,4,3,bound,68,0.001,1,
rome,rome/rome/grafo1234.25.graphml,25,33,C,repaired,3,4,4,refutation,207,0.001,1,
rome,rome/rome/grafo123.21.graphml,21,26,C,repaired,3,4,3,bound,19,0.001,1,
rome,rome/rome/grafo1230.26.graphml,26,29,C,repaired,2,4,3,refutation,148,0.001,1,
rome,rome/rome/grafo1236.48.graphml,48,54,C,repaired,3,4,3,bound,280,0.002,1,
rome,rome/rome/grafo1239.28.graphml,28,31,C,repaired,3,4,3,bound,29,0.001,1,
rome,rome/rome/grafo1237.30.graphml,30,35,C,repaired,3,4,4,refutation,265,0.001,1,
rome,rome/rome/grafo124.28.graphml,28,29,C,repaired,2,3,3,refutation,177,0.001,1,
rome,rome/rome/grafo1235.67.graphml,67,88,C,repaired,5,7,6,refutation,59691,0.092,1,
rome,rome/rome/grafo1240.49.graphml,49,63,C,repaired,4,6,5,refutation,4354,0.016,1,
rome,rome/rome/grafo1241.27.graphml,27,33,C,repaired,3,4,4,refutation,872,0.003,1,
rome,rome/rome/grafo1243.28.graphml,28,29,C,repaired,2,3,3,refutation,318,0.002,1,
rome,rome/rome/grafo1242.29.graphml,29,35,C,repaired,3,4,3,bound,24,0.001,1,
rome,rome/rome/grafo1245.25.graphml,25,29,C,repaired,3,3,3,bound,0,0.001,1,
rome,rome/rome/grafo1246.30.graphml,30,36,C,repaired,3,4,4,refutation,363,0.003,1,
rome,rome/rome/grafo1238.67.graphml,67,86,C,repaired,4,6,6,refutation,34692,0.096,1,
rome,rome/rome/grafo1244.26.graphml,26,28,C,repaired,2,2,2,bound,0,0.001,1,
rome,rome/rome/grafo1233.70.graphml,70,94,C,repaired,5,7,7,refutation,187968,0.214,1,
rome,rome/rome/grafo1248.26.graphml,26,26,C,repaired,2,2,2,bound,0,0.002,1,
rome,rome/rome/grafo1249.28.graphml,28,33,C,repaired,3,4,3,bound,31,0.001,1,
rome,rome/rome/grafo125.32.graphml,32,37,C,repaired,2,3,3,refutation,116,0.001,1,
rome,rome/rome/grafo11591.93.graphml,93,135,C,repaired,7,11,9,,18428805,10.013,1,
rome,rome/rome/grafo1247.58.graphml,58,68,C,repaired,3,5,5,refutation,18436,0.042,1,
rome,rome/rome/grafo1252.30.graphml,30,34,C,repaired,2,4,3,refutation,221,0.001,1,
rome,rome/rome/grafo1250.29.graphml,29,36,C,repaired,3,4,3,bound,21,0.001,1,
rome,rome/rome/grafo1251.25.graphml,25,26,C,repaired,2,2,2,bound,0,0.001,1,
rome,rome/rome/grafo1256.30.graphml,30,33,C,repaired,2,3,2,bound,73,0.001,1,
rome,rome/rome/grafo1257.31.graphml,31,50,C,repaired,5,6,5,bound,41,0.001,1,
rome,rome/rome/grafo1253.27.graphml,27,32,C,repaired,3,3,3,bound,0,0.001,1,
rome,rome/rome/grafo1254.45.graphml,45,49,C,repaired,2,4,3,refutation,313,0.002,1,
rome,rome/rome/grafo1255.32.graphml,32,37,C,repaired,3,4,4,refutation,652,0.003,1,
rome,rome/rome/grafo1258.27.graphml,27,31,C,repaired,3,4,3,bound,44,0.001,1,
rome,rome/rome/grafo126.22.graphml,22,30,C,repaired,3,4,3,bound,64,0.001,1,
rome,rome/rome/grafo1260.51.graphml,51,66,C,repaired,5,6,5,bound,55,0.002,1,
rome,rome/rome/grafo1259.29.graphml,29,34,C,repaired,3,4,3,bound,25,0.001,1,
rome,rome/rome/grafo1261.30.graphml,30,40,C,repaired,3,4,4,refutation,189,0.001,1,
rome,rome/rome/grafo1263.25.graphml,25,29,C,repaired,3,3,3,bound,0,0.001,1,
rome,rome/rome/grafo1264.28.graphml,28,30,C,repaired,2,3,3,refutation,140,0.001,1,
rome,rome/rome/grafo1265.46.graphml,46,53,C,repaired,3,4,4,refutation,953,0.008,1,
rome,rome/rome/grafo1267.29.graphml,29,33,C,repaired,2,3,3,refutation,143,0.001,1,
rome,rome/rome/grafo1269.26.graphml,26,28,C,repaired,3,3,3,bound,0,0.001,1,
rome,rome/rome/grafo127.21.graphml,21,21,C,repaired,2,2,2,bound,0,0.001,1,
rome,rome/rome/grafo1266.23.graphml,23,25,C,repaired,2,2,2,bound,0,0.001,1,
rome,rome/rome/grafo1268.55.graphml,55,70,C,repaired,4,6,5,refutation,3976,0.014,1,
rome,rome/rome/grafo1270.60.graphml,60,73,C,repaired,3,6,5,refutation,6860,0.029,1,
rome,rome/rome/grafo1271.25.graphml,25,30,C,repaired,3,3,3,bound,0,0.001,1,
rome,rome/rome/grafo1262.53.graphml,53,74,C,repaired,5,7,7,refutation,119653,0.131,1,
rome,rome/rome/grafo1273.26.graphml,26,27,C,repaired,2,3,2,bound,28,0.001,1,
rome,rome/rome/grafo1274.57.graphml,57,68,C,repaired,4,5,4,bound,404,0.004,1,
rome,rome/rome/grafo1275.26.graphml,26,27,C,repaired,2,3,3,refutation,252,0.002,1,
rome,rome/rome/grafo1277.34.graphml,34,46,C,repaired,4,6,5,refutation,1278,0.005,1,
rome,rome/rome/grafo1280.28.graphml,28,32,C,repaired,3,4,3,bound,52,0.001,1,
rome,rome/rome/grafo11655.91.graphml,91,125,C,repaired,6,9,8,refutation,5005710,3.94,1,
rome,rome/rome/grafo1272.26.graphml,26,34,C,repaired,4,4,4,bound,0,0.001,1,
rome,rome/rome/grafo1276.26.graphml,26,32,C,repaired,3,3,3,bound,0,0.0,1,
rome,rome/rome/grafo1278.27.graphml,27,30,C,repaired,3,3,3,bound,0,0.001,1,
rome,rome/rome/grafo1281.28.graphml,28,30,C,repaired,2,4,3,refutation,221,0.002,1,
rome,rome/rome/grafo1282.27.graphml,27,33,C,repaired,3,4,3,bound,22,0.001,1,
rome,rome/rome/grafo1284.29.graphml,29,40,C,repaired,3,4,4,refutation,328,0.002,1,
rome,rome/rome/grafo1285.26.graphml,26,30,C,repaired,3,4,4,refutation,331,0.002,1,
rome,rome/rome/grafo1286.27.graphml,27,31,C,repaired,3,3,3,bound,0,0.001,1,
rome,rome/rome/grafo1279.45.graphml,45,58,C,repaired,4,6,5,refutation,3360,0.029,1,
rome,rome/rome/grafo128.35.graphml,35,42,C,repaired,3,4,3,bound,281,0.013,1,
rome,rome/rome/grafo1283.28.graphml,28,35,C,repaired,3,4,4,refutation,276,0.001,1,
rome,rome/rome/grafo1288.26.graphml,26,29,C,repaired,2,2,2,bound,0,0.001,1,
rome,rome/rome/grafo1289.28.graphml,28,31,C,repaired,3,4,3,bound,44,0.001,1,
rome,rome/rome/grafo1287.26.graphml,26,28,C,repaired,2,3,3,refutation,187,0.001,1,
rome,rome/rome/grafo1290.27.graphml,27,35,C,repaired,3,4,3,bound,19,0.001,1,
rome,rome/rome/grafo129.48.graphml,48,58,C,repaired,3,5,4,refutation,1627,0.006,1,
rome,rome/rome/grafo1291.28.graphml,28,38,C,repaired,4,5,5,refutation,656,0.003,1,
rome,rome/rome/grafo1292.28.graphml,28,36,C,repaired,3,3,3,bound,0,0.001,1,
rome,rome/rome/grafo1295.25.graphml,25,29,C,repaired,3,3,3,bound,0,0.001,1,
rome,rome/rome/grafo1296.46.graphml,46,59,C,repaired,4,5,4,bound,35,0.002,1,
rome,rome/rome/grafo1293.28.graphml,28,32,C,repaired,3,4,3,bound,22,0.001,1,
rome,rome/rome/grafo1294.63.graphml,63,79,C,repaired,4,6,5,refutation,6692,0.021,1,
rome,rome/rome/grafo1297.54.graphml,54,67,C,repaired,4,5,4,bound,41,0.002,1,
rome,rome/rome/grafo1299.47.graphml,47,57,C,repaired,4,5,4,bound,37,0.002,1,
rome,rome/rome/grafo130.31.graphml,31,36,C,repaired,3,4,3,bound,148,0.001,1,
rome,rome/rome/grafo1301.31.graphml,31,40,C,repaired,4,5,5,refutation,893,0.005,1,
rome,rome/rome/grafo1304.27.graphml,27,29,C,repaired,2,3,3,refutation,332,0.001,1,
rome,rome/rome/grafo1302.65.graphml,65,87,C,repaired,5,7,6,refutation,42749,0.074,1,
rome,rome/rome/grafo1305.51.graphml,51,62,C,repaired,5,5,5,bound,0,0.002,1,
rome,rome/rome/grafo1300.66.graphml,66,88,C,repaired,5,7,6,refutation,59588,0.092,1,
rome,rome/rome/grafo1306.27.graphml,27,29,C,repaired,2,3,3,refutation,382,0.001,1,
rome,rome/rome/grafo1307.50.graphml,50,71,C,repaired,5,6,6,refutation,18716,0.043,1,
rome,rome/rome/grafo1308.27.graphml,27,30,C,repaired,2,4,3,refutation,134,0.001,1,
rome,rome/rome/grafo1298.66.graphml,66,82,C,repaired,5,6,6,refutation,70605,0.145,1,
rome,rome/rome/grafo1303.68.graphml,68,84,C,repaired,4,6,5,refutation,19206,0.038,1,
rome,rome/rome/grafo1309.25.graphml,25,26,C,repaired,2,3,3,refutation,270,0.001,1,
rome,rome/rome/grafo131.23.graphml,23,26,C,repaired,2,2,2,bound,0,0.001,1,
rome,rome/rome/grafo1310.46.graphml,46,61,C,repaired,4,5,5,refutation,4784,0.016,1,
rome,rome/rome/grafo1312.26.graphml,26,29,C,repaired,2,3,3,refutation,180,0.001,1,
rome,rome/rome/grafo1314.25.graphml,25,27,C,repaired,2,3,3,refutation,113,0.001,1,
rome,rome/rome/grafo1311.28.graphml,28,34,C,repaired,3,4,4,refutation,284,0.002,1,
rome,rome/rome/grafo1313.31.graphml,31,38,C,repaired,3,4,3,bound,42,0.001,1,
rome,rome/rome/grafo1315.29.graphml,29,31,C,repaired,2,3,2,bound,55,0.001,1,
rome,rome/rome/grafo1319.25.graphml,25,31,C,repaired,3,4,3,bound,37,0.001,1,
rome,rome/rome/grafo1316.28.graphml,28,30,C,repaired,2,2,2,bound,0,0.004,1,
rome,rome/rome/grafo1318.26.graphml,26,36,C,repaired,3,3,3,bound,0,0.0,1,
rome,rome/rome/grafo132.21.graphml,21,27,C,repaired,3,3,3,bound,0,0.001,1,
rome,rome/rome/grafo1323.26.graphml,26,27,C,repaired,2,3,3,refutation,202,0.001,1,
rome,rome/rome/grafo1324.27.graphml,27,28,C,repaired,2,3,2,bound,78,0.001,1,
rome,rome/rome/grafo1321.25.graphml,25,29,C,repaired,2,3,2,bound,22,0.001,1,
rome,rome/rome/grafo1325.24.graphml,24,23,C,repaired,1,3,2,refutation,59,0.001,1,
rome,rome/rome/grafo1320.27.graphml,27,37,C,repaired,3,4,4,refutation,285,0.004,1,
rome,rome/rome/grafo1322.30.graphml,30,37,C,repaired,2,4,3,refutation,179,0.001,1,
rome,rome/rome/grafo1327.50.graphml,50,59,C,repaired,3,5,4,refutation,1854,0.018,1,
rome,rome/rome/grafo1317.68.graphml,68,87,C,repaired,5,6,6,refutation,37014,0.104,1,
rome,rome/rome/grafo1326.27.graphml,27,29,C,repaired,2,4,3,refutation,167,0.002,1,
rome,rome/rome/grafo133.16.graphml,16,17,C,repaired,2,3,3,refutation,48,0.001,1,
rome,rome/rome/grafo1330.28.graphml,28,29,C,repaired,2,4,3,refutation,261,0.002,1,
rome,rome/rome/grafo1331.28.graphml,28,33,C,repaired,4,4,4,bound,0,0.001,1,
rome,rome/rome/grafo1332.27.graphml,27,35,C,repaired,3,4,3,bound,71,0.001,1,
rome,rome/rome/grafo1333.29.graphml,29,31,C,repaired,2,4,3,refutation,219,0.002,1,
rome,rome/rome/grafo1329.33.graphml,33,39,C,repaired,3,4,4,refutation,886,0.005,1,
rome,rome/rome/grafo1338.25.graphml,25,26,C,repaired,2,3,2,bound,42,0.001,1,
rome,rome/rome/grafo1339.28.graphml,28,41,C,repaired,5,5,5,bound,0,0.001,1,
rome,rome/rome/grafo134.40.graphml,40,49,C,repaired,4,5,4,bound,758,0.004,1,
rome,rome/rome/grafo1336.25.graphml,25,26,C,repaired,2,3,2,bound,27,0.001,1,
rome,rome/rome/grafo1340.26.graphml,26,31,C,repaired,3,4,4,refutation,348,0.002,1,
rome,rome/rome/grafo1334.30.graphml,30,39,C,repaired,3,4,3,bound,27,0.001,1,
rome,rome/rome/grafo1337.42.graphml,42,48,C,repaired,3,4,4,refutation,2081,0.005,1,
rome,rome/rome/grafo1328.54.graphml,54,71,C,repaired,5,7,6,refutation,43836,0.111,1,
rome,rome/rome/grafo1335.56.graphml,56,81,C,repaired,5,7,6,refutation,7821,0.015,1,
rome,rome/rome/grafo1343.24.graphml,24,27,C,repaired,2,3,3,refutation,148,0.001,1,
rome,rome/rome/grafo1344.25.graphml,25,26,C,repaired,2,3,3,refutation,151,0.001,1,
rome,rome/rome/grafo1345.30.graphml,30,44,C,repaired,4,5,5,refutation,1692,0.013,1,
rome,rome/rome/grafo1341.25.graphml,25,27,C,repaired,2,3,2,bound,41,0.001,1,
rome,rome/rome/grafo1348.26.graphml,26,27,C,repaired,2,3,2,bound,25,0.001,1,
rome,rome/rome/grafo1342.59.graphml,59,70,C,repaired,4,6,5,refutation,22169,0.051,1,
rome,rome/rome/grafo1346.65.graphml,65,76,C,repaired,3,4,4,refutation,2305,0.012,1,
rome,rome/rome/grafo1347.25.graphml,25,29,C,repaired,3,3,3,bound,0,0.001,1,
rome,rome/rome/grafo1349.31.graphml,31,41,C,repaired,3,5,4,refutation,466,0.003,1,
rome,rome/rome/grafo135.30.graphml,30,40,C,repaired,3,4,4,refutation,207,0.002,1,
rome,rome/rome/grafo1351.28.graphml,28,36,C,repaired,3,3,3,bound,0,0.001,1,
rome,rome/rome/grafo1350.29.graphml,29,41,C,repaired,3,6,6,refutation,2558,0.01,1,
rome,rome/rome/grafo1352.29.graphml,29,34,C,repaired,2,4,3,refutation,159,0.002,1,
rome,rome/rome/grafo1353.49.graphml,49,54,C,repaired,2,5,3,refutation,867,0.005,1,
rome,rome/rome/grafo1354.28.graphml,28,36,C,repaired,4,4,4,bound,0,0.001,1,
rome,rome/rome/grafo1355.27.graphml,27,32,C,repaired,3,4,3,bound,33,0.001,1,
rome,rome/rome/grafo1356.29.graphml,29,34,C,repaired,3,4,4,refutation,672,0.004,1,
rome,rome/rome/grafo1359.28.graphml,28,30,C,repaired,2,3,2,bound,21,0.001,1,
rome,rome/rome/grafo1358.52.graphml,52,70,C,repaired,5,6,6,refutation,12434,0.036,1,
rome,rome/rome/grafo1357.52.graphml,52,57,C,repaired,2,4,3,refutation,629,0.003,1,
rome,rome/rome/grafo1361.55.graphml,55,66,C,repaired,3,5,4,refutation,1849,0.008,1,
rome,rome/rome/grafo1362.31.graphml,31,37,C,repaired,2,4,3,refutation,163,0.001,1,
rome,rome/rome/grafo1363.29.graphml,29,38,C,repaired,3,4,4,refutation,274,0.001,1,
rome,rome/rome/grafo136.21.graphml,21,26,C,repaired,2,3,3,refutation,40,0.001,1,
rome,rome/rome/grafo1360.25.graphml,25,30,C,repaired,3,4,3,bound,32,0.001,1,
rome,rome/rome/grafo1367.25.graphml,25,26,C,repaired,2,3,2,bound,86,0.001,1,
rome,rome/rome/grafo11602.95.graphml,95,131,C,repaired,6,10,9,,13350677,10.015,1,
rome,rome/rome/grafo1368.31.graphml,31,44,C,repaired,4,5,5,refutation,562,0.003,1,
rome,rome/rome/grafo1369.23.graphml,23,24,C,repaired,2,2,2,bound,0,0.0,1,
rome,rome/rome/grafo137.21.graphml,21,36,C,repaired,4,5,5,refutation,265,0.002,1,
rome,rome/rome/grafo1366.56.graphml,56,70,C,repaired,4,6,5,refutation,12410,0.033,1,
rome,rome/rome/grafo1371.26.graphml,26,33,C,repaired,3,4,3,bound,56,0.001,1,
rome,rome/rome/grafo1373.27.graphml,27,31,C,repaired,3,4,3,bound,26,0.001,1,
rome,rome/rome/grafo1365.66.graphml,66,86,C,repaired,5,7,6,refutation,59695,0.084,1,
rome,rome/rome/grafo1372.25.graphml,25,27,C,repaired,2,3,3,refutation,121,0.001,1,
rome,rome/rome/grafo1375.26.graphml,26,31,C,repaired,4,4,4,bound,0,0.001,1,
rome,rome/rome/grafo1376.29.graphml,29,34,C,repaired,3,4,3,bound,63,0.011,1,
rome,rome/rome/grafo1377.26.graphml,26,26,C,repaired,2,2,2,bound,0,0.001,1,
rome,rome/rome/grafo1370.72.graphml,72,89,C,repaired,4,6,5,refutation,15435,0.065,1,
rome,rome/rome/grafo1374.28.graphml,28,32,C,repaired,3,4,3,bound,36,0.001,1,
rome,rome/rome/grafo1379.32.graphml,32,39,C,repaired,3,4,3,bound,29,0.001,1,
rome,rome/rome/grafo1378.46.graphml,46,62,C,repaired,5,6,6,refutation,4899,0.017,1,
rome,rome/rome/grafo1383.51.graphml,51,74,C,repaired,5,7,6,refutation,5077,0.019,1,
rome,rome/rome/grafo1386.29.graphml,29,40,C,repaired,4,5,4,bound,133,0.001,1,
rome,rome/rome/grafo1387.56.graphml,56,70,C,repaired,3,5,4,refutation,1825,0.008,1,
rome,rome/rome/grafo138.38.graphml,38,48,C,repaired,3,5,5,refutation,2185,0.013,1,
rome,rome/rome/grafo1382.48.graphml,48,55,C,repaired,3,4,3,bound,36,0.004,1,
rome,rome/rome/grafo1385.29.graphml,29,36,C,repaired,3,4,3,bound,45,0.001,1,
rome,rome/rome/grafo1364.68.graphml,68,87,C,repaired,4,7,7,refutation,189505,0.252,1,
rome,rome/rome/grafo1384.27.graphml,27,36,C,repaired,3,3,3,bound,0,0.001,1,
rome,rome/rome/grafo1381.70.graphml,70,87,C,repaired,4,6,5,refutation,7908,0.04,1,
rome,rome/rome/grafo1388.29.graphml,29,38,C,repaired,3,3,3,bound,0,0.001,1,
rome,rome/rome/grafo1389.26.graphml,26,28,C,repaired,2,3,2,bound,38,0.001,1,
rome,rome/rome/grafo139.24.graphml,24,28,C,repaired,2,3,3,refutation,56,0.001,1,
rome,rome/rome/grafo1380.61.graphml,61,72,C,repaired,4,6,5,refutation,29674,0.089,1,
rome,rome/rome/grafo1391.27.graphml,27,30,C,repaired,2,3,3,refutation,160,0.001,1,
rome,rome/rome/grafo1394.45.graphml,45,57,C,repaired,4,4,4,bound,0,0.001,1,
rome,rome/rome/grafo1390.27.graphml,27,39,C,repaired,4,4,4,bound,0,0.001,1,
rome,rome/rome/grafo1393.52.graphml,52,62,C,repaired,3,5,4,refutation,1473,0.008,1,
rome,rome/rome/grafo1398.24.graphml,24,25,C,repaired,2,3,2,bound,21,0.001,1,
rome,rome/rome/grafo1392.50.graphml,50,63,C,repaired,4,6,6,refutation,22489,0.056,1,
rome,rome/rome/grafo1399.28.graphml,28,32,C,repaired,2,3,3,refutation,120,0.001,1,
rome,rome/rome/grafo140.22.graphml,22,23,C,repaired,2,2,2,bound,0,0.001,1,
rome,rome/rome/grafo1395.61.graphml,61,78,C,repaired,4,6,5,refutation,8813,0.033,1,
rome,rome/rome/grafo1397.26.graphml,26,27,C,repaired,2,3,2,bound,21,0.001,1,
rome,rome/rome/grafo1396.61.graphml,61,78,C,repaired,4,5,5,refutation,7492,0.028,1,
rome,rome/rome/grafo1400.31.graphml,31,44,C,repaired,4,5,4,bound,23,0.001,1,
rome,rome/rome/grafo1401.45.graphml,45,53,C,repaired,3,4,3,bound,36,0.002,1,
rome,rome/rome/grafo1406.46.graphml,46,56,C,repaired,3,4,4,refutation,762,0.004,1,
rome,rome/rome/grafo1402.48.graphml,48,56,C,repaired,3,5,4,refutation,1548,0.007,1,
rome,rome/rome/grafo1403.17.graphml,17,23,C,repaired,3,3,3,bound,0,0.0,1,
rome,rome/rome/grafo1405.50.graphml,50,61,C,repaired,3,5,4,refutation,3478,0.013,1,
rome,rome/rome/grafo1408.49.graphml,49,59,C,repaired,3,4,3,bound,611,0.004,1,
rome,rome/rome/grafo1404.51.graphml,51,70,C,repaired,5,7,6,refutation,16638,0.039,1,
rome,rome/rome/grafo1409.49.graphml,49,61,C,repaired,3,5,3,bound,179,0.003,1,
rome,rome/rome/grafo141.28.graphml,28,34,C,repaired,2,3,3,refutation,87,0.001,1,
rome,rome/rome/grafo1411.32.graphml,32,41,C,repaired,4,4,4,bound,0,0.001,1,
rome,rome/rome/grafo1412.28.graphml,28,29,C,repaired,2,3,3,refutation,191,0.001,1,
rome,rome/rome/grafo1413.45.graphml,45,53,C,repaired,3,4,3,bound,123,0.002,1,
rome,rome/rome/grafo1416.48.graphml,48,62,C,repaired,4,6,5,refutation,7938,0.02,1,
rome,rome/rome/grafo1417.52.graphml,52,63,C,repaired,4,5,4,bound,311,0.002,1,
rome,rome/rome/grafo1418.50.graphml,50,57,C,repaired,3,5,4,refutation,1852,0.005,1,
rome,rome/rome/grafo1419.47.graphml,47,57,C,repaired,3,4,3,bound,335,0.004,1,
rome,rome/rome/grafo1415.58.graphml,58,65,C,repaired,3,5,4,refutation,4469,0.02,1,
rome,rome/rome/grafo1410.67.graphml,67,85,C,repaired,4,7,6,refutation,113581,0.136,1,
rome,rome/rome/grafo1414.66.graphml,66,82,C,repaired,4,6,6,refutation,48140,0.084,1,
rome,rome/rome/grafo1407.68.graphml,68,90,C,repaired,5,7,7,refutation,184193,0.179,1,
rome,rome/rome/grafo142.33.graphml,33,37,C,repaired,2,5,3,refutation,365,0.002,1,
rome,rome/rome/grafo1421.32.graphml,32,45,C,repaired,4,5,4,bound,97,0.001,1,
rome,rome/rome/grafo1422.22.graphml,22,22,C,repaired,2,2,2,bound,0,0.001,1,
rome,rome/rome/grafo1424.47.graphml,47,58,C,repaired,4,5,5,refutation,7860,0.02,1,
rome,rome/rome/grafo1427.51.graphml,51,59,C,repaired,3,4,3,bound,137,0.002,1,
rome,rome/rome/grafo1423.33.graphml,33,55,C,repaired,5,7,7,refutation,2385,0.019,1,
rome,rome/rome/grafo1429.31.graphml,31,45,C,repaired,4,4,4,bound,0,0.001,1,
rome,rome/rome/grafo143.29.graphml,29,30,C,repaired,2,3,2,bound,80,0.001,1,
rome,rome/rome/grafo1430.31.graphml,31,50,C,repaired,4,6,5,refutation,649,0.003,1,
rome,rome/rome/grafo1431.52.graphml,52,70,C,repaired,4,6,5,refutation,3766,0.017,1,
rome,rome/rome/grafo1425.60.graphml,60,77,C,repaired,4,7,6,refutation,27232,0.086,1,
rome,rome/rome/grafo1428.56.graphml,56,69,C,repaired,4,6,5,refutation,4043,0.019,1,
rome,rome/rome/grafo1435.43.graphml,43,55,C,repaired,4,5,5,refutation,3541,0.012,1,
rome,rome/rome/grafo1436.33.graphml,33,39,C,repaired,3,4,3,bound,30,0.001,1,
rome,rome/rome/grafo1426.65.graphml,65,85,C,repaired,4,7,6,refutation,30542,0.089,1,
rome,rome/rome/grafo1434.30.graphml,30,40,C,repaired,3,4,4,refutation,365,0.001,1,
rome,rome/rome/grafo1437.52.graphml,52,59,C,repaired,3,5,4,refutation,3508,0.012,1,
rome,rome/rome/grafo1439.15.graphml,15,21,C,repaired,3,3,3,bound,0,0.0,1,
rome,rome/rome/grafo1420.68.graphml,68,91,C,repaired,5,7,7,refutation,229487,0.215,1,
rome,rome/rome/grafo1432.60.graphml,60,77,C,repaired,5,7,6,refutation,51680,0.085,1,
rome,rome/rome/grafo1433.47.graphml,47,60,C,repaired,4,5,5,refutation,2686,0.015,1,
rome,rome/rome/grafo1438.49.graphml,49,59,C,repaired,4,5,5,refutation,8535,0.031,1,
rome,rome/rome/grafo144.12.graphml,12,11,C,repaired,1,2,2,refutation,14,0.004,1,
rome,rome/rome/grafo1444.23.graphml,23,25,C,repaired,2,3,3,refutation,102,0.001,1,
rome,rome/rome/grafo1440.24.graphml,24,32,C,repaired,3,5,3,bound,52,0.001,1,
rome,rome/rome/grafo1446.23.graphml,23,24,C,repaired,2,2,2,bound,0,0.001,1,
rome,rome/rome/grafo1449.21.graphml,21,20,C,repaired,1,2,2,refutation,28,0.001,1,
rome,rome/rome/grafo145.31.graphml,31,37,C,repaired,3,4,4,refutation,488,0.003,1,
rome,rome/rome/grafo1445.30.graphml,30,38,C,repaired,3,4,3,bound,52,0.001,1,
rome,rome/rome/grafo1448.52.graphml,52,63,C,repaired,3,5,4,refutation,3411,0.017,1,
rome,rome/rome/grafo1447.52.graphml,52,62,C,repaired,3,5,4,refutation,3068,0.011,1,
rome,rome/rome/grafo1443.67.graphml,67,85,C,repaired,4,7,6,refutation,70532,0.104,1,
rome,rome/rome/grafo1455.32.graphml,32,38,C,repaired,3,3,3,bound,0,0.001,1,
rome,rome/rome/grafo1453.63.graphml,63,80,C,repaired,4,5,5,refutation,7558,0.029,1,
rome,rome/rome/grafo1454.49.graphml,49,59,C,repaired,4,5,4,bound,41,0.002,1,
rome,rome/rome/grafo1456.29.graphml,29,43,C,repaired,4,5,5,refutation,406,0.003,1,
rome,rome/rome/grafo1442.57.graphml,57,76,C,repaired,4,7,6,refutation,35103,0.116,1,
rome,rome/rome/grafo1451.75.graphml,75,88,C,repaired,4,6,5,refutation,39514,0.072,1,
rome,rome/rome/grafo1452.49.graphml,49,66,C,repaired,5,6,5,bound,1902,0.011,1,
rome,rome/rome/grafo1457.24.graphml,24,24,C,repaired,2,3,2,bound,34,0.001,1,
rome,rome/rome/grafo146.22.graphml,22,31,C,repaired,3,5,4,refutation,138,0.001,1,
rome,rome/rome/grafo1441.71.graphml,71,92,C,repaired,5,8,7,refutation,221653,0.237,1,
rome,rome/rome/grafo1460.50.graphml,50,62,C,repaired,3,4,4,refutation,1681,0.007,1,
rome,rome/rome/grafo1458.48.graphml,48,63,C,repaired,4,6,5,refutation,6344,0.02,1,
rome,rome/rome/grafo1464.46.graphml,46,53,C,repaired,3,4,4,refutation,1550,0.007,1,
rome,rome/rome/grafo1459.56.graphml,56,69,C,repaired,4,6,5,refutation,10102,0.043,1,
rome,rome/rome/grafo1463.24.graphml,24,25,C,repaired,2,2,2,bound,0,0.0,1,
rome,rome/rome/grafo1461.69.graphml,69,88,C,repaired,4,6,5,refutation,15490,0.041,1,
rome,rome/rome/grafo1465.55.graphml,55,65,C,repaired,3,5,4,refutation,2154,0.008,1,
rome,rome/rome/grafo1466.61.graphml,61,78,C,repaired,5,6,5,bound,3882,0.014,1,
rome,rome/rome/grafo1450.56.graphml,56,70,C,repaired,4,7,6,refutation,48679,0.155,1,
rome,rome/rome/grafo1462.65.graphml,65,87,C,repaired,5,7,6,refutation,19305,0.035,1,
rome,rome/rome/grafo1468.62.graphml,62,75,C,repaired,4,6,5,refutation,19601,0.045,1,
rome,rome/rome/grafo147.29.graphml,29,28,C,repaired,1,3,2,refutation,59,0.001,1,
rome,rome/rome/grafo1467.49.graphml,49,64,C,repaired,4,5,5,refutation,3639,0.018,1,
rome,rome/rome/grafo1469.67.graphml,67,82,C,repaired,4,5,5,refutation,11377,0.042,1,
rome,rome/rome/grafo1470.51.graphml,51,69,C,repaired,5,7,6,refutation,30743,0.056,1,
rome,rome/rome/grafo1475.47.graphml,47,60,C,repaired,4,4,4,bound,0,0.001,1,
rome,rome/rome/grafo1477.32.graphml,32,37,C,repaired,3,4,3,bound,177,0.002,1,
rome,rome/rome/grafo1471.24.graphml,24,26,C,repaired,2,3,2,bound,45,0.001,1,
rome,rome/rome/grafo1472.53.graphml,53,68,C,repaired,5,7,6,refutation,19662,0.068,1,
rome,rome/rome/grafo1473.65.graphml,65,80,C,repaired,4,6,5,refutation,9369,0.033,1,
rome,rome/rome/grafo1478.56.graphml,56,69,C,repaired,4,5,4,bound,65,0.007,1,
rome,rome/rome/grafo1479.48.graphml,48,53,C,repaired,3,5,4,refutation,3563,0.014,1,
rome,rome/rome/grafo148.28.graphml,28,35,C,repaired,3,4,4,refutation,384,0.003,1,
rome,rome/rome/grafo1481.61.graphml,61,75,C,repaired,4,6,5,refutation,8797,0.028,1,
rome,rome/rome/grafo1482.53.graphml,53,67,C,repaired,4,6,5,refutation,7130,0.019,1,
rome,rome/rome/grafo1485.23.graphml,23,22,C,repaired,1,2,2,refutation,23,0.001,1,
rome,rome/rome/grafo1474.52.graphml,52,73,C,repaired,5,7,7,refutation,103109,0.119,1,
rome,rome/rome/grafo1483.54.graphml,54,67,C,repaired,4,5,5,refutation,6846,0.021,1,
rome,rome/rome/grafo1487.55.graphml,55,71,C,repaired,4,6,5,refutation,4901,0.018,1,
rome,rome/rome/grafo1484.46.graphml,46,57,C,repaired,3,4,4,refutation,1281,0.004,1,
rome,rome/rome/grafo1486.51.graphml,51,60,C,repaired,3,5,4,refutation,1499,0.011,1,
rome,rome/rome/grafo1488.48.graphml,48,58,C,repaired,3,5,4,refutation,1236,0.005,1,
rome,rome/rome/grafo1476.71.graphml,71,95,C,repaired,5,7,6,refutation,69292,0.176,1,
rome,rome/rome/grafo1489.67.graphml,67,77,C,repaired,3,5,4,refutation,2432,0.012,1,
rome,rome/rome/grafo1480.56.graphml,56,77,C,repaired,5,7,7,refutation,47665,0.093,1,
rome,rome/rome/grafo149.41.graphml,41,54,C,repaired,4,6,5,refutation,2334,0.011,1,
rome,rome/rome/grafo1490.47.graphml,47,57,C,repaired,3,4,4,refutation,775,0.007,1,
rome,rome/rome/grafo1491.48.graphml,48,62,C,repaired,4,5,4,bound,279,0.006,1,
rome,rome/rome/grafo1492.54.graphml,54,67,C,repaired,4,5,4,bound,60,0.002,1,
rome,rome/rome/grafo1495.58.graphml,58,79,C,repaired,4,6,5,refutation,8531,0.027,1,
rome,rome/rome/grafo1496.52.graphml,52,66,C,repaired,4,6,5,refutation,5981,0.022,1,
rome,rome/rome/grafo1499.32.graphml,32,50,C,repaired,5,5,5,bound,0,0.001,1,
rome,rome/rome/grafo150.31.graphml,31,34,C,repaired,2,3,3,refutation,98,0.001,1,
rome,rome/rome/grafo1493.66.graphml,66,84,C,repaired,4,6,6,refutation,20329,0.056,1,
rome,rome/rome/grafo1494.50.graphml,50,57,C,repaired,3,4,4,refutation,1890,0.021,1,
rome,rome/rome/grafo1498.48.graphml,48,59,C,repaired,3,4,3,bound,240,0.002,1,
rome,rome/rome/grafo1501.58.graphml,58,72,C,repaired,4,5,5,refutation,7632,0.028,1,
rome,rome/rome/grafo1502.33.graphml,33,43,C,repaired,3,4,4,refutation,372,0.002,1,
rome,rome/rome/grafo1503.22.graphml,22,26,C,repaired,3,4,3,bound,24,0.001,1,
rome,rome/rome/grafo1500.50.graphml,50,71,C,repaired,5,6,6,refutation,16138,0.04,1,
rome,rome/rome/grafo1505.24.graphml,24,28,C,repaired,3,3,3,bound,0,0.001,1,
rome,rome/rome/grafo1506.43.graphml,43,50,C,repaired,3,4,4,refutation,1447,0.005,1,
rome,rome/rome/grafo1507.32.graphml,32,45,C,repaired,4,5,4,bound,44,0.001,1,
rome,rome/rome/grafo1509.32.graphml,32,44,C,repaired,4,5,4,bound,28,0.001,1,
rome,rome/rome/grafo1511.28.graphml,28,30,C,repaired,2,3,2,bound,24,0.001,1,
rome,rome/rome/grafo1504.51.graphml,51,68,C,repaired,5,6,6,refutation,13236,0.065,1,
rome,rome/rome/grafo151.33.graphml,33,38,C,repaired,3,4,3,bound,197,0.001,1,
rome,rome/rome/grafo1510.48.graphml,48,54,C,repaired,3,4,3,bound,35,0.003,1,
rome,rome/rome/grafo1512.26.graphml,26,30,C,repaired,3,4,3,bound,20,0.001,1,
rome,rome/rome/grafo1497.71.graphml,71,95,C,repaired,6,7,7,refutation,124000,0.156,1,
rome,rome/rome/grafo1508.67.graphml,67,85,C,repaired,4,7,6,refutation,38506,0.064,1,
rome,rome/rome/grafo1514.47.graphml,47,55,C,repaired,3,4,4,refutation,1413,0.007,1,
rome,rome/rome/grafo1519.44.graphml,44,52,C,repaired,3,4,4,refutation,1335,0.006,1,
rome,rome/rome/grafo152.21.graphml,21,24,C,repaired,2,3,3,refutation,73,0.001,1,
rome,rome/rome/grafo1515.53.graphml,53,68,C,repaired,4,6,5,refutation,5855,0.024,1,
rome,rome/rome/grafo1517.63.graphml,63,74,C,repaired,3,5,4,refutation,5301,0.023,1,
rome,rome/rome/grafo1522.43.graphml,43,53,C,repaired,3,5,4,refutation,1706,0.011,1,
rome,rome/rome/grafo1513.65.graphml,65,84,C,repaired,4,6,6,refutation,46283,0.139,1,
rome,rome/rome/grafo1521.24.graphml,24,38,C,repaired,4,5,5,refutation,399,0.001,1,
rome,rome/rome/grafo1523.27.graphml,27,35,C,repaired,4,5,4,bound,21,0.001,1,
rome,rome/rome/grafo1524.46.graphml,46,61,C,repaired,4,6,5,refutation,2765,0.006,1,
rome,rome/rome/grafo1526.24.graphml,24,25,C,repaired,2,4,2,bound,41,0.001,1,
rome,rome/rome/grafo1520.51.graphml,51,65,C,repaired,4,6,6,refutation,20242,0.071,1,
rome,rome/rome/grafo1527.65.graphml,65,77,C,repaired,4,6,5,refutation,12072,0.037,1,
rome,rome/rome/grafo153.21.graphml,21,33,C,repaired,4,5,4,bound,43,0.001,1,
rome,rome/rome/grafo1528.50.graphml,50,56,C,repaired,2,4,3,refutation,433,0.004,1,
rome,rome/rome/grafo1530.24.graphml,24,27,C,repaired,3,3,3,bound,0,0.001,1,
rome,rome/rome/grafo1534.30.graphml,30,32,C,repaired,2,4,3,refutation,257,0.002,1,
rome,rome/rome/grafo1531.47.graphml,47,54,C,repaired,3,4,3,bound,40,0.001,1,
rome,rome/rome/grafo1536.47.graphml,47,52,C,repaired,3,4,3,bound,746,0.004,1,
rome,rome/rome/grafo1518.67.graphml,67,85,C,repaired,5,7,7,refutation,126176,0.2,1,
rome,rome/rome/grafo1532.51.graphml,51,61,C,repaired,4,5,4,bound,447,0.002,1,
rome,rome/rome/grafo1533.50.graphml,50,66,C,repaired,4,6,5,refutation,4928,0.01,1,
rome,rome/rome/grafo1535.48.graphml,48,53,C,repaired,3,4,3,bound,37,0.002,1,
rome,rome/rome/grafo1537.24.graphml,24,29,C,repaired,2,2,2,bound,0,0.0,1,
rome,rome/rome/grafo1525.65.graphml,65,85,C,repaired,5,7,6,refutation,37199,0.142,1,
rome,rome/rome/grafo1529.73.graphml,73,90,C,repaired,4,6,6,refutation,131544,0.147,1,
rome,rome/rome/grafo1539.34.graphml,34,38,C,repaired,3,3,3,bound,0,0.001,1,
rome,rome/rome/grafo1541.33.graphml,33,44,C,repaired,4,5,5,refutation,543,0.003,1,
rome,rome/rome/grafo1542.49.graphml,49,59,C,repaired,3,5,4,refutation,1587,0.008,1,
rome,rome/rome/grafo1538.68.graphml,68,84,C,repaired,4,6,5,refutation,36323,0.073,1,
rome,rome/rome/grafo1540.34.graphml,34,44,C,repaired,3,4,4,refutation,307,0.002,1,
rome,rome/rome/grafo154.33.graphml,33,34,C,repaired,2,4,2,bound,56,0.001,1,
rome,rome/rome/grafo1543.54.graphml,54,72,C,repaired,4,7,6,refutation,16001,0.046,1,
rome,rome/rome/grafo1546.22.graphml,22,22,C,repaired,2,3,2,bound,46,0.001,1,
rome,rome/rome/grafo1548.39.graphml,39,44,C,repaired,2,4,3,refutation,278,0.002,1,
rome,rome/rome/grafo155.10.graphml,10,10,C,repaired,2,2,2,bound,0,0.0,1,
rome,rome/rome/grafo1544.45.graphml,45,54,C,repaired,3,5,4,refutation,1494,0.007,1,
rome,rome/rome/grafo1547.53.graphml,53,68,C,repaired,3,5,4,refutation,2113,0.012,1,
rome,rome/rome/grafo1550.53.graphml,53,67,C,repaired,4,6,5,refutation,6959,0.027,1,
rome,rome/rome/grafo1551.58.graphml,58,72,C,repaired,4,6,5,refutation,9910,0.033,1,
rome,rome/rome/grafo1552.62.graphml,62,72,C,repaired,4,6,4,bound,5450,0.018,1,
rome,rome/rome/grafo1553.67.graphml,67,84,C,repaired,4,6,5,refutation,5293,0.018,1,
rome,rome/rome/grafo1554.47.graphml,47,58,C,repaired,3,4,4,refutation,1168,0.007,1,
rome,rome/rome/grafo1516.71.graphml,71,101,C,repaired,5,9,8,refutation,602210,0.472,1,
rome,rome/rome/grafo1545.54.graphml,54,71,C,repaired,4,6,6,refutation,36763,0.073,1,
rome,rome/rome/grafo1549.55.graphml,55,66,C,repaired,4,5,4,bound,57,0.005,1,
rome,rome/rome/grafo156.21.graphml,21,24,C,repaired,3,3,3,bound,0,0.001,1,
rome,rome/rome/grafo1560.49.graphml,49,59,C,repaired,4,5,4,bound,199,0.003,1,
rome,rome/rome/grafo1555.37.graphml,37,48,C,repaired,3,5,4,refutation,817,0.005,1,
rome,rome/rome/grafo1558.53.graphml,53,64,C,repaired,3,5,4,refutation,1545,0.008,1,
rome,rome/rome/grafo1561.33.graphml,33,42,C,repaired,3,4,3,bound,31,0.001,1,
rome,rome/rome/grafo1562.49.graphml,49,55,C,repaired,3,5,3,bound,364,0.005,1,
rome,rome/rome/grafo1556.63.graphml,63,79,C,repaired,5,6,6,refutation,58132,0.089,1,
rome,rome/rome/grafo1557.23.graphml,23,29,C,repaired,3,4,3,bound,20,0.001,1,
rome,rome/rome/grafo1559.59.graphml,59,69,C,repaired,4,6,5,refutation,19221,0.049,1,
rome,rome/rome/grafo1565.68.graphml,68,83,C,repaired,4,6,5,refutation,12697,0.037,1,
rome,rome/rome/grafo1569.28.graphml,28,36,C,repaired,4,4,4,bound,0,0.001,1,
rome,rome/rome/grafo1566.58.graphml,58,62,C,repaired,3,5,4,refutation,6536,0.019,1,
rome,rome/rome/grafo157.29.graphml,29,32,C,repaired,2,2,2,bound,0,0.001,1,
rome,rome/rome/grafo1564.66.graphml,66,85,C,repaired,5,7,6,refutation,36466,0.065,1,
rome,rome/rome/grafo1571.43.graphml,43,52,C,repaired,3,5,4,refutation,1200,0.007,1,
rome,rome/rome/grafo1567.57.graphml,57,74,C,repaired,5,7,6,refutation,49934,0.07,1,
rome,rome/rome/grafo1568.69.graphml,69,89,C,repaired,4,6,6,refutation,33594,0.069,1,
rome,rome/rome/grafo1574.29.graphml,29,35,C,repaired,3,4,3,bound,76,0.001,1,
rome,rome/rome/grafo1570.63.graphml,63,74,C,repaired,4,6,5,refutation,18821,0.051,1,
rome,rome/rome/grafo1563.74.graphml,74,92,C,repaired,4,7,6,refutation,72881,0.109,1,
rome,rome/rome/grafo1576.29.graphml,29,34,C,repaired,2,4,3,refutation,211,0.001,1,
rome,rome/rome/grafo1577.26.graphml,26,36,C,repaired,3,4,3,bound,24,0.001,1,
rome,rome/rome/grafo1578.27.graphml,27,30,C,repaired,3,3,3,bound,0,0.001,1,
rome,rome/rome/grafo1579.32.graphml,32,35,C,repaired,2,3,3,refutation,200,0.002,1,
rome,rome/rome/grafo158.21.graphml,21,24,C,repaired,3,3,3,bound,0,0.001,1,
rome,rome/rome/grafo1572.26.graphml,26,30,C,repaired,3,3,3,bound,0,0.001,1,
rome,rome/rome/grafo1573.29.graphml,29,34,C,repaired,2,4,3,refutation,167,0.001,1,
rome,rome/rome/grafo1581.46.graphml,46,52,C,repaired,3,4,4,refutation,919,0.004,1,
rome,rome/rome/grafo1575.68.graphml,68,84,C,repaired,5,7,6,refutation,63381,0.097,1,
rome,rome/rome/grafo1588.58.graphml,58,66,C,repaired,4,5,4,bound,42,0.002,1,
rome,rome/rome/grafo1580.28.graphml,28,34,C,repaired,3,3,3,bound,0,0.001,1,
rome,rome/rome/grafo1582.30.graphml,30,34,C,repaired,2,3,3,refutation,179,0.004,1,
rome,rome/rome/grafo1583.66.graphml,66,81,C,repaired,4,6,5,refutation,9460,0.03,1,
rome,rome/rome/grafo1585.26.graphml,26,33,C,repaired,4,4,4,bound,0,0.001,1,
rome,rome/rome/grafo1586.25.graphml,25,29,C,repaired,3,4,3,bound,27,0.001,1,
rome,rome/rome/grafo1589.31.graphml,31,46,C,repaired,4,4,4,bound,0,0.001,1,
rome,rome/rome/grafo1587.29.graphml,29,35,C,repaired,3,4,3,bound,27,0.004,1,
rome,rome/rome/grafo1590.45.graphml,45,50,C,repaired,3,5,3,bound,255,0.002,1,
rome,rome/rome/grafo1584.70.graphml,70,98,C,repaired,5,7,7,refutation,51604,0.094,1,
rome,rome/rome/grafo159.24.graphml,24,25,C,repaired,2,3,3,refutation,156,0.001,1,
rome,rome/rome/grafo1592.27.graphml,27,31,C,repaired,3,3,3,bound,0,0.001,1,
rome,rome/rome/grafo1595.29.graphml,29,30,C,repaired,2,2,2,bound,0,0.001,1,
rome,rome/rome/grafo1596.26.graphml,26,26,C,repaired,2,3,2,bound,161,0.001,1,
rome,rome/rome/grafo1591.52.graphml,52,62,C,repaired,3,5,4,refutation,2473,0.01,1,
rome,rome/rome/grafo1594.25.graphml,25,26,C,repaired,2,3,3,refutation,157,0.001,1,
rome,rome/rome/grafo1593.27.graphml,27,30,C,repaired,2,3,2,bound,24,0.001,1,
rome,rome/rome/grafo1597.28.graphml,28,37,C,repaired,3,3,3,bound,0,0.001,1,
rome,rome/rome/grafo1598.29.graphml,29,33,C,repaired,2,3,3,refutation,87,0.001,1,
rome,rome/rome/grafo1599.29.graphml,29,33,C,repaired,2,3,3,refutation,114,0.001,1,
rome,rome/rome/grafo160.30.graphml,30,32,C,repaired,2,3,2,bound,57,0.001,1,
rome,rome/rome/grafo1600.28.graphml,28,37,C,repaired,4,4,4,bound,0,0.001,1,
rome,rome/rome/grafo1601.27.graphml,27,32,C,repaired,3,4,3,bound,74,0.001,1,
rome,rome/rome/grafo1603.28.graphml,28,32,C,repaired,3,4,3,bound,27,0.001,1,
rome,rome/rome/grafo1604.28.graphml,28,32,C,repaired,2,3,3,refutation,165,0.001,1,
rome,rome/rome/grafo1607.32.graphml,32,42,C,repaired,4,4,4,bound,0,0.001,1,
rome,rome/rome/grafo1602.26.graphml,26,29,C,repaired,2,3,3,refutation,151,0.001,1,
rome,rome/rome/grafo1605.50.graphml,50,54,C,repaired,2,4,3,refutation,500,0.004,1,
rome,rome/rome/grafo161.31.graphml,31,40,C,repaired,4,5,5,refutation,1470,0.005,1,
rome,rome/rome/grafo1612.29.graphml,29,32,C,repaired,3,3,3,bound,0,0.001,1,
rome,rome/rome/grafo1613.54.graphml,54,71,C,repaired,5,6,5,bound,149,0.003,1,
rome,rome/rome/grafo1608.28.graphml,28,29,C,repaired,2,2,2,bound,0,0.0,1,
rome,rome/rome/grafo1609.28.graphml,28,29,C,repaired,2,3,2,bound,20,0.001,1,
rome,rome/rome/grafo1611.56.graphml,56,76,C,repaired,4,6,5,refutation,10046,0.032,1,
rome,rome/rome/grafo1614.14.graphml,14,14,C,repaired,2,2,2,bound,0,0.0,1,
rome,rome/rome/grafo1615.12.graphml,12,15,C,repaired,2,2,2,bound,0,0.0,1,
rome,rome/rome/grafo1615.28.graphml,28,35,C,repaired,3,3,3,bound,0,0.001,1,
rome,rome/rome/grafo1616.17.graphml,17,21,C,repaired,3,3,3,bound,0,0.0,1,
rome,rome/rome/grafo1617.21.graphml,21,24,C,repaired,2,3,3,refutation,61,0.001,1,
rome,rome/rome/grafo1614.25.graphml,25,27,C,repaired,3,3,3,bound,0,0.001,1,
rome,rome/rome/grafo1606.63.graphml,63,85,C,repaired,5,7,7,refutation,120141,0.152,1,
rome,rome/rome/grafo1610.48.graphml,48,66,C,repaired,4,7,6,refutation,12853,0.053,1,
rome,rome/rome/grafo1616.30.graphml,30,37,C,repaired,3,4,4,refutation,415,0.005,1,
rome,rome/rome/grafo1618.47.graphml,47,56,C,repaired,4,4,4,bound,0,0.002,1,
rome,rome/rome/grafo1619.11.graphml,11,15,C,repaired,2,3,3,refutation,20,0.001,1,
rome,rome/rome/grafo1617.67.graphml,67,80,C,repaired,3,5,5,refutation,6894,0.024,1,
rome,rome/rome/grafo162.24.graphml,24,32,C,repaired,3,4,3,bound,26,0.001,1,
rome,rome/rome/grafo1618.15.graphml,15,16,C,repaired,2,2,2,bound,0,0.0,1,
rome,rome/rome/grafo1619.60.graphml,60,75,C,repaired,4,6,5,refutation,6210,0.02,1,
rome,rome/rome/grafo1622.19.graphml,19,20,C,repaired,2,2,2,bound,0,0.0,1,
rome,rome/rome/grafo1620.14.graphml,14,15,C,repaired,2,2,2,bound,0,0.0,1,
rome,rome/rome/grafo1620.27.graphml,27,27,C,repaired,2,4,2,bound,56,0.001,1,
rome,rome/rome/grafo1624.23.graphml,23,34,C,repaired,4,4,4,bound,0,0.001,1,
rome,rome/rome/grafo1621.10.graphml,10,15,C,repaired,2,3,2,bound,10,0.0,1,
rome,rome/rome/grafo1622.31.graphml,31,41,C,repaired,4,5,4,bound,28,0.003,1,
rome,rome/rome/grafo1623.27.graphml,27,30,C,repaired,3,3,3,bound,0,0.003,1,
rome,rome/rome/grafo1623.30.graphml,30,41,C,repaired,3,4,3,bound,23,0.001,1,
rome,rome/rome/grafo1625.19.graphml,19,24,C,repaired,3,4,4,refutation,121,0.001,1,
rome,rome/rome/grafo1621.51.graphml,51,61,C,repaired,4,5,4,bound,75,0.008,1,
rome,rome/rome/grafo1626.18.graphml,18,27,C,repaired,3,4,4,refutation,90,0.001,1,
rome,rome/rome/grafo1624.44.graphml,44,53,C,repaired,3,4,3,bound,162,0.005,1,
rome,rome/rome/grafo1625.27.graphml,27,37,C,repaired,4,5,4,bound,309,0.001,1,
rome,rome/rome/grafo1626.28.graphml,28,30,C,repaired,2,4,3,refutation,200,0.001,1,
rome,rome/rome/grafo1628.25.graphml,25,33,C,repaired,4,5,5,refutation,538,0.002,1,
rome,rome/rome/grafo1629.11.graphml,11,11,C,repaired,2,2,2,bound,0,0.0,1,
rome,rome/rome/grafo1628.56.graphml,56,72,C,repaired,4,5,5,refutation,4810,0.013,1,
rome,rome/rome/grafo163.25.graphml,25,37,C,repaired,4,5,5,refutation,179,0.001,1,
rome,rome/rome/grafo1627.10.graphml,10,15,C,repaired,2,3,2,bound,10,0.0,1,
rome,rome/rome/grafo1627.30.graphml,30,40,C,repaired,4,4,4,bound,0,0.004,1,
rome,rome/rome/grafo1630.31.graphml,31,40,C,repaired,3,5,4,refutation,231,0.002,1,
rome,rome/rome/grafo1632.21.graphml,21,26,C,repaired,3,3,3,bound,0,0.001,1,
rome,rome/rome/grafo1633.17.graphml,17,18,C,repaired,2,3,2,bound,18,0.001,1,
rome,rome/rome/grafo1631.16.graphml,16,21,C,repaired,3,3,3,bound,0,0.001,1,
rome,rome/rome/grafo1634.17.graphml,17,18,C,repaired,2,2,2,bound,0,0.0,1,
rome,rome/rome/grafo1635.16.graphml,16,25,C,repaired,3,3,3,bound,0,0.0,1,
rome,rome/rome/grafo1636.11.graphml,11,20,C,repaired,3,3,3,bound,0,0.0,1,
rome,rome/rome/grafo1629.26.graphml,26,29,C,repaired,3,3,3,bound,0,0.001,1,
rome,rome/rome/grafo1637.31.graphml,31,41,C,repaired,3,5,4,refutation,303,0.002,1,
rome,rome/rome/grafo1638.21.graphml,21,25,C,repaired,3,3,3,bound,0,0.001,1,
rome,rome/rome/grafo1639.14.graphml,14,16,C,repaired,2,2,2,bound,0,0.0,1,
rome,rome/rome/grafo1640.17.graphml,17,19,C,repaired,2,2,2,bound,0,0.0,1,
rome,rome/rome/grafo164.22.graphml,22,27,C,repaired,3,3,3,bound,0,0.001,1,
rome,rome/rome/grafo1641.30.graphml,30,33,C,repaired,3,4,3,bound,27,0.001,1,
rome,rome/rome/grafo1649.20.graphml,20,22,C,repaired,3,3,3,bound,0,0.0,1,
rome,rome/rome/grafo1646.28.graphml,28,33,C,repaired,3,3,3,bound,0,0.001,1,
rome,rome/rome/grafo1648.18.graphml,18,24,C,repaired,3,3,3,bound,0,0.0,1,
rome,rome/rome/grafo1643.10.graphml,10,9,C,repaired,1,1,1,bound,0,0.0,1,
rome,rome/rome/grafo1644.18.graphml,18,21,C,repaired,3,3,3,bound,0,0.0,1,
rome,rome/rome/grafo165.30.graphml,30,31,C,repaired,2,3,2,bound,37,0.001,1,
rome,rome/rome/grafo1650.31.graphml,31,39,C,repaired,4,4,4,bound,0,0.001,1,
rome,rome/rome/grafo1642.18.graphml,18,19,C,repaired,2,3,3,refutation,54,0.001,1,
rome,rome/rome/grafo1645.21.graphml,21,23,C,repaired,2,3,2,bound,20,0.001,1,
rome,rome/rome/grafo1647.30.graphml,30,33,C,repaired,3,4,3,bound,25,0.003,1,
rome,rome/rome/grafo1651.20.graphml,20,21,C,repaired,2,3,2,bound,23,0.001,1,
rome,rome/rome/grafo1652.18.graphml,18,20,C,repaired,2,2,2,bound,0,0.0,1,
rome,rome/rome/grafo1653.18.graphml,18,18,C,repaired,2,2,2,bound,0,0.0,1,
rome,rome/rome/grafo1654.10.graphml,10,14,C,repaired,3,3,3,bound,0,0.0,1,
rome,rome/rome/grafo1655.26.graphml,26,32,C,repaired,3,4,3,bound,29,0.001,1,
rome,rome/rome/grafo1656.17.graphml,17,22,C,repaired,2,3,3,refutation,35,0.001,1,
rome,rome/rome/grafo1658.14.graphml,14,15,C,repaired,2,2,2,bound,0,0.0,1,
rome,rome/rome/grafo1659.11.graphml,11,15,C,repaired,2,3,3,refutation,13,0.0,1,
rome,rome/rome/grafo166.10.graphml,10,10,C,repaired,2,2,2,bound,0,0.0,1,
rome,rome/rome/grafo1660.19.graphml,19,23,C,repaired,3,4,3,bound,15,0.001,1,
rome,rome/rome/grafo1661.19.graphml,19,21,C,repaired,2,3,3,refutation,75,0.001,1,
rome,rome/rome/grafo1657.10.graphml,10,15,C,repaired,2,3,2,bound,10,0.0,1,
rome,rome/rome/grafo1662.14.graphml,14,20,C,repaired,3,3,3,bound,0,0.0,1,
rome,rome/rome/grafo1663.39.graphml,39,50,C,repaired,3,5,4,refutation,980,0.005,1,
rome,rome/rome/grafo1666.19.graphml,19,28,C,repaired,4,4,4,bound,0,0.001,1,
rome,rome/rome/grafo1667.24.graphml,24,29,C,repaired,3,4,4,refutation,301,0.002,1,
rome,rome/rome/grafo1668.33.graphml,33,41,C,repaired,3,5,4,refutation,527,0.003,1,
rome,rome/rome/grafo1669.48.graphml,48,59,C,repaired,3,4,4,refutation,2367,0.008,1,
rome,rome/rome/grafo167.22.graphml,22,24,C,repaired,2,3,3,refutation,91,0.001,1,
rome,rome/rome/grafo1670.16.graphml,16,20,C,repaired,2,2,2,bound,0,0.0,1,
rome,rome/rome/grafo1664.26.graphml,26,32,C,repaired,3,4,4,refutation,318,0.001,1,
rome,rome/rome/grafo1665.17.graphml,17,17,C,repaired,2,2,2,bound,0,0.0,1,
rome,rome/rome/grafo1671.17.graphml,17,17,C,repaired,2,2,2,bound,0,0.001,1,
rome,rome/rome/grafo1673.20.graphml,20,22,C,repaired,2,3,2,bound,19,0.001,1,
rome,rome/rome/grafo1675.19.graphml,19,21,C,repaired,2,3,2,bound,19,0.001,1,
rome,rome/rome/grafo1676.20.graphml,20,22,C,repaired,2,3,3,refutation,65,0.001,1,
rome,rome/rome/grafo1677.21.graphml,21,20,C,repaired,1,2,2,refutation,18,0.001,1,
rome,rome/rome/grafo1678.23.graphml,23,27,C,repaired,3,3,3,bound,0,0.001,1,
rome,rome/rome/grafo1679.18.graphml,18,24,C,repaired,3,4,3,bound,32,0.001,1,
rome,rome/rome/grafo1672.19.graphml,19,21,C,repaired,2,3,3,refutation,63,0.001,1,
rome,rome/rome/grafo1674.12.graphml,12,16,C,repaired,3,3,3,bound,0,0.0,1,
rome,rome/rome/grafo1682.21.graphml,21,41,C,repaired,5,6,6,refutation,294,0.001,1,
rome,rome/rome/grafo1684.19.graphml,19,23,C,repaired,2,3,3,refutation,38,0.001,1,
rome,rome/rome/grafo1680.32.graphml,32,44,C,repaired,3,4,4,refutation,431,0.002,1,
rome,rome/rome/grafo11616.91.graphml,91,130,C,repaired,7,11,11,,14249984,10.014,1,
rome,rome/rome/grafo1685.23.graphml,23,23,C,repaired,2,3,2,bound,20,0.004,1,
rome,rome/rome/grafo1681.54.graphml,54,74,C,repaired,5,7,6,refutation,43173,0.079,1,
rome,rome/rome/grafo1686.16.graphml,16,18,C,repaired,2,3,3,refutation,58,0.001,1,
rome,rome/rome/grafo1689.31.graphml,31,34,C,repaired,3,3,3,bound,0,0.001,1,
rome,rome/rome/grafo169.26.graphml,26,38,C,repaired,4,4,4,bound,0,0.001,1,
rome,rome/rome/grafo1690.20.graphml,20,24,C,repaired,2,3,3,refutation,76,0.001,1,
rome,rome/rome/grafo168.31.graphml,31,40,C,repaired,3,5,3,bound,143,0.001,1,
rome,rome/rome/grafo1683.11.graphml,11,19,C,repaired,4,4,4,bound,0,0.0,1,
rome,rome/rome/grafo1688.13.graphml,13,17,C,repaired,3,3,3,bound,0,0.0,1,
rome,rome/rome/grafo1691.16.graphml,16,19,C,repaired,3,3,3,bound,0,0.0,1,
rome,rome/rome/grafo1692.16.graphml,16,17,C,repaired,2,3,2,bound,15,0.001,1,
rome,rome/rome/grafo1687.30.graphml,30,32,C,repaired,2,3,3,refutation,120,0.001,1,
rome,rome/rome/grafo1694.32.graphml,32,38,C,repaired,3,4,4,refutation,366,0.002,1,
rome,rome/rome/grafo1697.11.graphml,11,17,C,repaired,3,4,4,refutation,14,0.001,1,
rome,rome/rome/grafo1695.15.graphml,15,17,C,repaired,2,2,2,bound,0,0.0,1,
rome,rome/rome/grafo1696.24.graphml,24,28,C,repaired,2,3,3,refutation,113,0.001,1,
rome,rome/rome/grafo1700.15.graphml,15,19,C,repaired,3,3,3,bound,0,0.0,1,
rome,rome/rome/grafo1693.12.graphml,12,13,C,repaired,2,3,2,bound,11,0.0,1,
rome,rome/rome/grafo1698.33.graphml,33,43,C,repaired,4,5,5,refutation,1094,0.004,1,
rome,rome/rome/grafo170.49.graphml,49,62,C,repaired,4,6,5,refutation,7901,0.025,1,
rome,rome/rome/grafo1702.30.graphml,30,36,C,repaired,3,4,4,refutation,267,0.002,1,
rome,rome/rome/grafo1703.18.graphml,18,20,C,repaired,2,2,2,bound,0,0.0,1,
rome,rome/rome/grafo1704.10.graphml,10,15,C,repaired,2,3,2,bound,10,0.0,1,
rome,rome/rome/grafo1699.21.graphml,21,24,C,repaired,3,3,3,bound,0,0.0,1,
rome,rome/rome/grafo1705.19.graphml,19,24,C,repaired,2,3,3,refutation,61,0.001,1,
rome,rome/rome/grafo1706.24.graphml,24,30,C,repaired,3,3,3,bound,0,0.001,1,
rome,rome/rome/grafo1701.36.graphml,36,41,C,repaired,3,4,4,refutation,611,0.002,1,
rome,rome/rome/grafo1707.18.graphml,18,21,C,repaired,3,3,3,bound,0,0.0,1,
rome,rome/rome/grafo1708.21.graphml,21,26,C,repaired,3,4,3,bound,22,0.001,1,
rome,rome/rome/grafo1709.13.graphml,13,19,C,repaired,3,3,3,bound,0,0.0,1,
rome,rome/rome/grafo1711.33.graphml,33,46,C,repaired,4,5,4,bound,120,0.001,1,
rome,rome/rome/grafo1712.22.graphml,22,25,C,repaired,2,3,2,bound,45,0.001,1,
rome,rome/rome/grafo171.30.graphml,30,40,C,repaired,3,5,4,refutation,299,0.002,1,
rome,rome/rome/grafo1710.40.graphml,40,49,C,repaired,3,5,5,refutation,1581,0.01,1,
rome,rome/rome/grafo1713.19.graphml,19,19,C,repaired,2,2,2,bound,0,0.001,1,
rome,rome/rome/grafo1714.12.graphml,12,18,C,repaired,3,3,3,bound,0,0.0,1,
rome,rome/rome/grafo1715.22.graphml,22,34,C,repaired,3,5,4,refutation,122,0.001,1,
rome,rome/rome/grafo1716.20.graphml,20,23,C,repaired,3,3,3,bound,0,0.0,1,
rome,rome/rome/grafo1717.14.graphml,14,14,C,repaired,2,2,2,bound,0,0.0,1,
rome,rome/rome/grafo1718.21.graphml,21,29,C,repaired,3,3,3,bound,0,0.001,1,
rome,rome/rome/grafo1719.13.graphml,13,16,C,repaired,2,3,3,refutation,21,0.001,1,
rome,rome/rome/grafo172.30.graphml,30,33,C,repaired,3,4,3,bound,22,0.001,1,
rome,rome/rome/grafo1720.19.graphml,19,25,C,repaired,3,3,3,bound,0,0.0,1,
rome,rome/rome/grafo1721.24.graphml,24,27,C,repaired,3,3,3,bound,0,0.001,1,
rome,rome/rome/grafo1722.12.graphml,12,21,C,repaired,4,4,4,bound,0,0.0,1,
rome,rome/rome/grafo1724.19.graphml,19,21,C,repaired,3,3,3,bound,0,0.001,1,
rome,rome/rome/grafo1725.32.graphml,32,41,C,repaired,3,5,4,refutation,460,0.005,1,
rome,rome/rome/grafo1727.21.graphml,21,23,C,repaired,2,3,3,refutation,63,0.001,1,
rome,rome/rome/grafo1726.22.graphml,22,26,C,repaired,2,3,2,bound,21,0.001,1,
rome,rome/rome/grafo1728.61.graphml,61,71,C,repaired,3,5,4,refutation,2914,0.011,1,
rome,rome/rome/grafo173.26.graphml,26,31,C,repaired,3,3,3,bound,0,0.001,1,
rome,rome/rome/grafo1730.29.graphml,29,35,C,repaired,3,4,4,refutation,290,0.002,1,
rome,rome/rome/grafo1731.16.graphml,16,19,C,repaired,2,3,3,refutation,31,0.001,1,
rome,rome/rome/grafo1732.17.graphml,17,20,C,repaired,2,3,2,bound,16,0.001,1,
rome,rome/rome/grafo1723.10.graphml,10,15,C,repaired,2,3,2,bound,10,0.0,1,
rome,rome/rome/grafo1733.20.graphml,20,24,C,repaired,3,3,3,bound,0,0.0,1,
rome,rome/rome/grafo1734.11.graphml,11,14,C,repaired,2,2,2,bound,0,0.0,1,
rome,rome/rome/grafo1735.11.graphml,11,14,C,repaired,2,2,2,bound,0,0.0,1,
rome,rome/rome/grafo1736.27.graphml,27,35,C,repaired,3,4,4,refutation,240,0.001,1,
rome,rome/rome/grafo1729.13.graphml,13,19,C,repaired,3,3,3,bound,0,0.003,1,
rome,rome/rome/grafo1737.22.graphml,22,28,C,repaired,3,4,4,refutation,123,0.001,1,
rome,rome/rome/grafo1738.15.graphml,15,15,C,repaired,2,2,2,bound,0,0.001,1,
rome,rome/rome/grafo1739.16.graphml,16,21,C,repaired,3,3,3,bound,0,0.001,1,
rome,rome/rome/grafo174.27.graphml,27,28,C,repaired,2,3,3,refutation,117,0.001,1,
rome,rome/rome/grafo1740.10.graphml,10,13,C,repaired,2,2,2,bound,0,0.0,1,
rome,rome/rome/grafo1741.16.graphml,16,16,C,repaired,2,2,2,bound,0,0.0,1,
rome,rome/rome/grafo1742.34.graphml,34,43,C,repaired,3,5,4,refutation,509,0.003,1,
rome,rome/rome/grafo1744.12.graphml,12,15,C,repaired,2,3,3,refutation,19,0.001,1,
rome,rome/rome/grafo1745.17.graphml,17,20,C,repaired,2,3,2,bound,30,0.001,1,
rome,rome/rome/grafo1747.19.graphml,19,29,C,repaired,3,4,4,refutation,96,0.001,1,
rome,rome/rome/grafo1748.16.graphml,16,17,C,repaired,2,3,3,refutation,36,0.001,1,
rome,rome/rome/grafo1746.27.graphml,27,38,C,repaired,4,4,4,bound,0,0.001,1,
rome,rome/rome/grafo1752.21.graphml,21,29,C,repaired,3,4,3,bound,21,0.001,1,
rome,rome/rome/grafo1751.17.graphml,17,21,C,repaired,2,2,2,bound,0,0.0,1,
rome,rome/rome/grafo1753.16.graphml,16,23,C,repaired,3,3,3,bound,0,0.001,1,
rome,rome/rome/grafo1754.13.graphml,13,21,C,repaired,3,3,3,bound,0,0.0,1,
rome,rome/rome/grafo1743.25.graphml,25,32,C,repaired,3,4,4,refutation,250,0.001,1,
rome,rome/rome/grafo1750.12.graphml,12,18,C,repaired,3,3,3,bound,0,0.0,1,
rome,rome/rome/grafo1749.21.graphml,21,32,C,repaired,4,5,5,refutation,142,0.001,1,
rome,rome/rome/grafo175.23.graphml,23,24,C,repaired,2,3,3,refutation,140,0.001,1,
rome,rome/rome/grafo1756.16.graphml,16,20,C,repaired,2,2,2,bound,0,0.0,1,
rome,rome/rome/grafo1755.20.graphml,20,22,C,repaired,2,3,3,refutation,95,0.004,1,
rome,rome/rome/grafo1759.26.graphml,26,36,C,repaired,4,5,4,bound,52,0.001,1,
rome,rome/rome/grafo176.30.graphml,30,35,C,repaired,3,4,3,bound,20,0.001,1,
rome,rome/rome/grafo1760.28.graphml,28,39,C,repaired,4,5,5,refutation,528,0.003,1,
rome,rome/rome/grafo11624.96.graphml,96,129,C,repaired,6,11,11,,11972608,10.014,1,
rome,rome/rome/grafo1757.20.graphml,20,25,C,repaired,2,3,3,refutation,42,0.004,1,
rome,rome/rome/grafo1758.37.graphml,37,45,C,repaired,3,4,3,bound,34,0.001,1,
rome,rome/rome/grafo1765.22.graphml,22,31,C,repaired,3,4,4,refutation,199,0.001,1,
rome,rome/rome/grafo1761.20.graphml,20,26,C,repaired,3,3,3,bound,0,0.002,1,
rome,rome/rome/grafo1762.21.graphml,21,25,C,repaired,2,2,2,bound,0,0.0,1,
rome,rome/rome/grafo1767.32.graphml,32,42,C,repaired,4,5,4,bound,105,0.002,1,
rome,rome/rome/grafo1763.12.graphml,12,21,C,repaired,3,3,3,bound,0,0.002,1,
rome,rome/rome/grafo1764.20.graphml,20,25,C,repaired,4,4,4,bound,0,0.0,1,
rome,rome/rome/grafo1768.26.graphml,26,30,C,repaired,2,3,3,refutation,120,0.001,1,
rome,rome/rome/grafo1769.16.graphml,16,20,C,repaired,2,2,2,bound,0,0.0,1,
rome,rome/rome/grafo1770.38.graphml,38,45,C,repaired,3,4,3,bound,30,0.001,1,
rome,rome/rome/grafo1771.22.graphml,22,26,C,repaired,3,3,3,bound,0,0.001,1,
rome,rome/rome/grafo1766.11.graphml,11,17,C,repaired,3,3,3,bound,0,0.0,1,
rome,rome/rome/grafo1773.27.graphml,27,33,C,repaired,3,4,4,refutation,282,0.002,1,
rome,rome/rome/grafo1774.10.graphml,10,15,C,repaired,2,3,2,bound,10,0.0,1,
rome,rome/rome/grafo1775.31.graphml,31,40,C,repaired,3,4,3,bound,30,0.001,1,
rome,rome/rome/grafo177.11.graphml,11,12,C,repaired,2,2,2,bound,0,0.0,1,
rome,rome/rome/grafo1772.15.graphml,15,25,C,repaired,3,4,4,refutation,28,0.0,1,
rome,rome/rome/grafo1776.44.graphml,44,54,C,repaired,3,5,4,refutation,648,0.005,1,
rome,rome/rome/grafo1777.23.graphml,23,32,C,repaired,3,4,4,refutation,109,0.001,1,
rome,rome/rome/grafo1778.15.graphml,15,20,C,repaired,3,3,3,bound,0,0.0,1,
rome,rome/rome/grafo1779.21.graphml,21,30,C,repaired,4,4,4,bound,0,0.001,1,
rome,rome/rome/grafo178.33.graphml,33,42,C,repaired,3,4,4,refutation,396,0.002,1,
rome,rome/rome/grafo1781.14.graphml,14,20,C,repaired,3,3,3,bound,0,0.0,1,
rome,rome/rome/grafo1782.15.graphml,15,22,C,repaired,3,4,4,refutation,43,0.001,1,
rome,rome/rome/grafo1784.32.graphml,32,36,C,repaired,3,4,4,refutation,585,0.003,1,
rome,rome/rome/grafo1780.18.graphml,18,24,C,repaired,3,3,3,bound,0,0.0,1,
rome,rome/rome/grafo1783.30.graphml,30,37,C,repaired,4,4,4,bound,0,0.001,1,
rome,rome/rome/grafo1785.37.graphml,37,44,C,repaired,3,4,3,bound,62,0.001,1,
rome,rome/rome/grafo1786.21.graphml,21,25,C,repaired,3,3,3,bound,0,0.0,1,
rome,rome/rome/grafo1787.16.graphml,16,16,C,repaired,2,2,2,bound,0,0.0,1,
rome,rome/rome/grafo1789.23.graphml,23,28,C,repaired,3,4,4,refutation,221,0.002,1,
rome,rome/rome/grafo179.35.graphml,35,42,C,repaired,3,5,4,refutation,831,0.004,1,
rome,rome/rome/grafo1790.16.graphml,16,17,C,repaired,2,3,2,bound,14,0.001,1,
rome,rome/rome/grafo1791.11.graphml,11,15,C,repaired,3,3,3,bound,0,0.0,1,
rome,rome/rome/grafo1792.16.graphml,16,22,C,repaired,2,3,3,refutation,26,0.001,1,
rome,rome/rome/grafo1793.21.graphml,21,26,C,repaired,3,4,4,refutation,102,0.001,1,
rome,rome/rome/grafo1796.31.graphml,31,40,C,repaired,2,4,4,refutation,422,0.002,1,
rome,rome/rome/grafo1797.19.graphml,19,27,C,repaired,3,4,3,bound,14,0.001,1,
rome,rome/rome/grafo1788.33.graphml,33,42,C,repaired,3,5,4,refutation,1001,0.006,1,
rome,rome/rome/grafo1795.11.graphml,11,15,C,repaired,2,2,2,bound,0,0.0,1,
rome,rome/rome/grafo1798.23.graphml,23,31,C,repaired,3,4,4,refutation,196,0.001,1,
rome,rome/rome/grafo1799.26.graphml,26,30,C,repaired,2,3,3,refutation,81,0.001,1,
rome,rome/rome/grafo180.27.graphml,27,37,C,repaired,3,5,4,refutation,209,0.002,1,
rome,rome/rome/grafo1794.17.graphml,17,20,C,repaired,3,3,3,bound,0,0.0,1,
rome,rome/rome/grafo1800.19.graphml,19,24,C,repaired,3,3,3,bound,0,0.001,1,
rome,rome/rome/grafo1801.20.graphml,20,23,C,repaired,2,3,3,refutation,77,0.001,1,
rome,rome/rome/grafo1802.13.graphml,13,18,C,repaired,3,3,3,bound,0,0.0,1,
rome,rome/rome/grafo1803.17.graphml,17,17,C,repaired,2,2,2,bound,0,0.0,1,
rome,rome/rome/grafo1804.19.graphml,19,30,C,repaired,4,4,4,bound,0,0.0,1,
rome,rome/rome/grafo1807.12.graphml,12,17,C,repaired,4,4,4,bound,0,0.0,1,
rome,rome/rome/grafo181.29.graphml,29,40,C,repaired,4,5,5,refutation,1131,0.005,1,
rome,rome/rome/grafo1810.30.graphml,30,40,C,repaired,3,4,4,refutation,215,0.002,1,
rome,rome/rome/grafo1811.18.graphml,18,23,C,repaired,3,3,3,bound,0,0.0,1,
rome,rome/rome/grafo1812.19.graphml,19,21,C,repaired,2,3,3,refutation,45,0.001,1,
rome,rome/rome/grafo1805.26.graphml,26,31,C,repaired,3,3,3,bound,0,0.001,1,
rome,rome/rome/grafo1806.23.graphml,23,28,C,repaired,2,3,3,refutation,35,0.004,1,
rome,rome/rome/grafo1808.15.graphml,15,15,C,repaired,2,2,2,bound,0,0.0,1,
rome,rome/rome/grafo1809.17.graphml,17,17,C,repaired,2,2,2,bound,0,0.003,1,
rome,rome/rome/grafo11635.92.graphml,92,128,C,repaired,5,10,10,,12210176,10.027,1,
rome,rome/rome/grafo1813.28.graphml,28,33,C,repaired,3,4,3,bound,74,0.001,1,
rome,rome/rome/grafo1816.12.graphml,12,19,C,repaired,3,3,3,bound,0,0.0,1,
rome,rome/rome/grafo1817.28.graphml,28,34,C,repaired,3,4,3,bound,25,0.001,1,
rome,rome/rome/grafo1818.26.graphml,26,28,C,repaired,2,3,2,bound,34,0.001,1,
rome,rome/rome/grafo182.23.graphml,23,25,C,repaired,2,3,3,refutation,95,0.001,1,
rome,rome/rome/grafo1814.21.graphml,21,28,C,repaired,4,4,4,bound,0,0.004,1,
rome,rome/rome/grafo1815.34.graphml,34,37,C,repaired,2,3,2,bound,53,0.002,1,
rome,rome/rome/grafo1822.11.graphml,11,17,C,repaired,3,3,3,bound,0,0.0,1,
rome,rome/rome/grafo1823.19.graphml,19,25,C,repaired,3,3,3,bound,0,0.0,1,
rome,rome/rome/grafo1819.22.graphml,22,37,C,repaired,4,4,4,bound,0,0.001,1,
rome,rome/rome/grafo1824.18.graphml,18,23,C,repaired,3,4,3,bound,22,0.001,1,
rome,rome/rome/grafo1825.26.graphml,26,31,C,repaired,3,3,3,bound,0,0.001,1,
rome,rome/rome/grafo1827.13.graphml,13,16,C,repaired,2,2,2,bound,0,0.0,1,
rome,rome/rome/grafo1829.15.graphml,15,19,C,repaired,3,3,3,bound,0,0.0,1,
rome,rome/rome/grafo183.28.graphml,28,32,C,repaired,3,3,3,bound,0,0.001,1,
rome,rome/rome/grafo1830.24.graphml,24,29,C,repaired,2,4,3,refutation,79,0.001,1,
rome,rome/rome/grafo1832.11.graphml,11,12,C,repaired,2,3,3,refutation,20,0.001,1,
rome,rome/rome/grafo1820.18.graphml,18,26,C,repaired,3,4,3,bound,11,0.003,1,
rome,rome/rome/grafo1821.19.graphml,19,21,C,repaired,2,3,2,bound,18,0.001,1,
rome,rome/rome/grafo1826.19.graphml,19,27,C,repaired,3,4,4,refutation,106,0.0,1,
rome,rome/rome/grafo1828.27.graphml,27,33,C,repaired,2,3,3,refutation,83,0.001,1,
rome,rome/rome/grafo1831.17.graphml,17,19,C,repaired,2,3,2,bound,16,0.001,1,
rome,rome/rome/grafo1834.19.graphml,19,23,C,repaired,3,3,3,bound,0,0.001,1,
rome,rome/rome/grafo1839.13.graphml,13,15,C,repaired,2,3,3,refutation,25,0.001,1,
rome,rome/rome/grafo1833.46.graphml,46,60,C,repaired,4,6,5,refutation,7580,0.019,1,
rome,rome/rome/grafo1836.45.graphml,45,58,C,repaired,4,6,5,refutation,5321,0.025,1,
rome,rome/rome/grafo1838.21.graphml,21,25,C,repaired,2,2,2,bound,0,0.006,1,
rome,rome/rome/grafo184.41.graphml,41,45,C,repaired,3,4,3,bound,70,0.005,1,
rome,rome/rome/grafo1843.12.graphml,12,15,C,repaired,2,2,2,bound,0,0.0,1,
rome,rome/rome/grafo1835.11.graphml,11,15,C,repaired,2,3,3,refutation,21,0.004,1,
rome,rome/rome/grafo1837.20.graphml,20,24,C,repaired,3,3,3,bound,0,0.0,1,
rome,rome/rome/grafo1842.27.graphml,27,35,C,repaired,3,4,4,refutation,242,0.002,1,
rome,rome/rome/grafo1844.42.graphml,42,54,C,repaired,4,5,4,bound,87,0.002,1,
rome,rome/rome/grafo1845.17.graphml,17,18,C,repaired,2,3,2,bound,40,0.001,1,
rome,rome/rome/grafo1846.19.graphml,19,24,C,repaired,3,3,3,bound,0,0.0,1,
rome,rome/rome/grafo1840.28.graphml,28,34,C,repaired,3,4,4,refutation,266,0.001,1,
rome,rome/rome/grafo1841.18.graphml,18,26,C,repaired,3,4,4,refutation,53,0.001,1,
rome,rome/rome/grafo1847.26.graphml,26,29,C,repaired,3,4,3,bound,20,0.001,1,
rome,rome/rome/grafo1849.16.graphml,16,20,C,repaired,2,2,2,bound,0,0.0,1,
rome,rome/rome/grafo1850.22.graphml,22,28,C,repaired,3,4,3,bound,20,0.001,1,
rome,rome/rome/grafo1848.18.graphml,18,22,C,repaired,2,3,3,refutation,46,0.001,1,
rome,rome/rome/grafo1851.17.graphml,17,22,C,repaired,3,4,3,bound,23,0.001,1,
rome,rome/rome/grafo1853.13.graphml,13,15,C,repaired,2,2,2,bound,0,0.0,1,
rome,rome/rome/grafo1854.22.graphml,22,27,C,repaired,3,3,3,bound,0,0.001,1,
rome,rome/rome/grafo1855.20.graphml,20,27,C,repaired,3,4,4,refutation,81,0.001,1,
rome,rome/rome/grafo1856.14.graphml,14,14,C,repaired,2,2,2,bound,0,0.0,1,
rome,rome/rome/grafo185.22.graphml,22,26,C,repaired,3,3,3,bound,0,0.0,1,
rome,rome/rome/grafo1852.19.graphml,19,25,C,repaired,3,3,3,bound,0,0.0,1,
rome,rome/rome/grafo1857.10.graphml,10,12,C,repaired,2,2,2,bound,0,0.0,1,
rome,rome/rome/grafo1858.19.graphml,19,21,C,repaired,2,3,3,refutation,55,0.001,1,
rome,rome/rome/grafo1859.32.graphml,32,35,C,repaired,2,4,3,refutation,202,0.002,1,
rome,rome/rome/grafo186.30.graphml,30,35,C,repaired,3,3,3,bound,0,0.001,1,
rome,rome/rome/grafo1861.17.graphml,17,21,C,repaired,3,3,3,bound,0,0.0,1,
rome,rome/rome/grafo1862.24.graphml,24,27,C,repaired,2,3,3,refutation,77,0.001,1,
rome,rome/rome/grafo1864.18.graphml,18,18,C,repaired,2,3,2,bound,12,0.001,1,
rome,rome/rome/grafo11647.90.graphml,90,130,C,repaired,7,11,11,,12218368,10.016,1,
rome,rome/rome/grafo1860.20.graphml,20,22,C,repaired,3,3,3,bound,0,0.0,1,
rome,rome/rome/grafo1867.27.graphml,27,30,C,repaired,3,3,3,bound,0,0.001,1,
rome,rome/rome/grafo1869.31.graphml,31,33,C,repaired,3,4,3,bound,38,0.001,1,
rome,rome/rome/grafo187.15.graphml,15,18,C,repaired,2,3,3,refutation,33,0.001,1,
rome,rome/rome/grafo1870.14.graphml,14,21,C,repaired,3,3,3,bound,0,0.0,1,
rome,rome/rome/grafo11648.90.graphml,90,131,C,repaired,6,10,9,,13317178,10.012,1,
rome,rome/rome/grafo1863.21.graphml,21,26,C,repaired,2,4,3,refutation,91,0.004,1,
rome,rome/rome/grafo1865.18.graphml,18,20,C,repaired,2,2,2,bound,0,0.0,1,
rome,rome/rome/grafo1866.11.graphml,11,17,C,repaired,3,4,4,refutation,20,0.0,1,
rome,rome/rome/grafo1868.34.graphml,34,39,C,repaired,3,4,4,refutation,650,0.005,1,
rome,rome/rome/grafo1871.17.graphml,17,18,C,repaired,2,2,2,bound,0,0.0,1,
rome,rome/rome/grafo1872.23.graphml,23,25,C,repaired,2,3,3,refutation,86,0.001,1,
rome,rome/rome/grafo1873.20.graphml,20,27,C,repaired,4,4,4,bound,0,0.001,1,
rome,rome/rome/grafo1876.11.graphml,11,19,C,repaired,3,3,3,bound,0,0.0,1,
rome,rome/rome/grafo1874.36.graphml,36,48,C,repaired,4,5,5,refutation,2395,0.011,1,
rome,rome/rome/grafo1877.33.graphml,33,48,C,repaired,4,6,5,refutation,584,0.005,1,
rome,rome/rome/grafo1879.21.graphml,21,30,C,repaired,3,4,4,refutation,116,0.001,1,
rome,rome/rome/grafo188.23.graphml,23,24,C,repaired,2,3,2,bound,20,0.001,1,
rome,rome/rome/grafo1875.17.graphml,17,22,C,repaired,3,3,3,bound,0,0.003,1,
rome,rome/rome/grafo1878.16.graphml,16,18,C,repaired,2,3,2,bound,22,0.0,1,
rome,rome/rome/grafo1881.19.graphml,19,22,C,repaired,3,3,3,bound,0,0.001,1,
rome,rome/rome/grafo1882.19.graphml,19,22,C,repaired,3,3,3,bound,0,0.001,1,
rome,rome/rome/grafo1885.13.graphml,13,16,C,repaired,2,2,2,bound,0,0.0,1,
rome,rome/rome/grafo1886.22.graphml,22,21,C,repaired,1,2,2,refutation,20,0.001,1,
rome,rome/rome/grafo1888.15.graphml,15,16,C,repaired,2,2,2,bound,0,0.0,1,
rome,rome/rome/grafo1889.27.graphml,27,34,C,repaired,3,4,3,bound,67,0.001,1,
rome,rome/rome/grafo1880.24.graphml,24,26,C,repaired,2,3,3,refutation,114,0.004,1,
rome,rome/rome/grafo1883.15.graphml,15,15,C,repaired,2,2,2,bound,0,0.0,1,
rome,rome/rome/grafo1884.16.graphml,16,16,C,repaired,2,2,2,bound,0,0.0,1,
rome,rome/rome/grafo1887.56.graphml,56,72,C,repaired,4,5,5,refutation,15943,0.038,1,
rome,rome/rome/grafo189.30.graphml,30,36,C,repaired,3,3,3,bound,0,0.001,1,
rome,rome/rome/grafo1892.23.graphml,23,24,C,repaired,2,3,2,bound,22,0.001,1,
rome,rome/rome/grafo1895.14.graphml,14,16,C,repaired,2,2,2,bound,0,0.0,1,
rome,rome/rome/grafo1897.19.graphml,19,20,C,repaired,2,2,2,bound,0,0.0,1,
rome,rome/rome/grafo1898.10.graphml,10,15,C,repaired,2,3,2,bound,10,0.0,1,
rome,rome/rome/grafo1891.18.graphml,18,19,C,repaired,2,3,3,refutation,64,0.001,1,
rome,rome/rome/grafo1893.18.graphml,18,18,C,repaired,2,2,2,bound,0,0.0,1,
rome,rome/rome/grafo1894.22.graphml,22,30,C,repaired,3,4,3,bound,27,0.002,1,
rome,rome/rome/grafo1896.21.graphml,21,25,C,repaired,2,3,3,refutation,58,0.001,1,
rome,rome/rome/grafo1899.23.graphml,23,29,C,repaired,3,5,3,bound,79,0.001,1,
rome,rome/rome/grafo1890.33.graphml,33,40,C,repaired,3,4,4,refutation,412,0.002,1,
rome,rome/rome/grafo1900.19.graphml,19,22,C,repaired,2,3,3,refutation,55,0.001,1,
rome,rome/rome/grafo1901.20.graphml,20,26,C,repaired,3,3,3,bound,0,0.001,1,
rome,rome/rome/grafo1905.13.graphml,13,14,C,repaired,2,2,2,bound,0,0.0,1,
rome,rome/rome/grafo1908.32.graphml,32,39,C,repaired,4,4,4,bound,0,0.001,1,
rome,rome/rome/grafo1909.13.graphml,13,18,C,repaired,3,3,3,bound,0,0.0,1,
rome,rome/rome/grafo1911.21.graphml,21,26,C,repaired,4,4,4,bound,0,0.001,1,
rome,rome/rome/grafo1907.16.graphml,16,18,C,repaired,2,2,2,bound,0,0.0,1,
rome,rome/rome/grafo191.21.graphml,21,24,C,repaired,3,4,3,bound,44,0.0,1,
rome,rome/rome/grafo1910.21.graphml,21,27,C,repaired,3,4,4,refutation,108,0.001,1,
rome,rome/rome/grafo1912.11.graphml,11,17,C,repaired,3,3,3,bound,0,0.0,1,
rome,rome/rome/grafo1906.51.graphml,51,62,C,repaired,4,6,5,refutation,4574,0.027,1,
rome,rome/rome/grafo1913.11.graphml,11,14,C,repaired,2,2,2,bound,0,0.0,1,
rome,rome/rome/grafo1914.28.graphml,28,36,C,repaired,3,4,4,refutation,223,0.002,1,
rome,rome/rome/grafo190.20.graphml,20,26,C,repaired,3,4,3,bound,17,0.001,1,
rome,rome/rome/grafo1915.33.graphml,33,44,C,repaired,3,4,3,bound,126,0.002,1,
rome,rome/rome/grafo1916.20.graphml,20,23,C,repaired,3,3,3,bound,0,0.001,1,
rome,rome/rome/grafo1918.16.graphml,16,23,C,repaired,3,3,3,bound,0,0.0,1,
rome,rome/rome/grafo1920.11.graphml,11,22,C,repaired,3,4,4,refutation,12,0.0,1,
rome,rome/rome/grafo1924.16.graphml,16,18,C,repaired,2,3,2,bound,18,0.001,1,
rome,rome/rome/grafo1902.12.graphml,12,14,C,repaired,2,3,3,refutation,21,0.008,1,
rome,rome/rome/grafo1903.18.graphml,18,21,C,repaired,2,3,2,bound,27,0.0,1,
rome,rome/rome/grafo1904.39.graphml,39,49,C,repaired,4,5,5,refutation,2135,0.012,1,
rome,rome/rome/grafo1917.11.graphml,11,17,C,repaired,3,3,3,bound,0,0.003,1,
rome,rome/rome/grafo1919.21.graphml,21,25,C,repaired,3,3,3,bound,0,0.004,1,
rome,rome/rome/grafo192.13.graphml,13,17,C,repaired,3,4,4,refutation,28,0.001,1,
rome,rome/rome/grafo1921.27.graphml,27,31,C,repaired,3,3,3,bound,0,0.001,1,
rome,rome/rome/grafo1922.22.graphml,22,29,C,repaired,3,4,4,refutation,108,0.001,1,
rome,rome/rome/grafo1923.26.graphml,26,29,C,repaired,3,3,3,bound,0,0.001,1,
rome,rome/rome/grafo1925.35.graphml,35,36,C,repaired,2,3,2,bound,38,0.001,1,
rome,rome/rome/grafo1926.26.graphml,26,34,C,repaired,3,4,3,bound,67,0.001,1,
rome,rome/rome/grafo1927.21.graphml,21,25,C,repaired,3,3,3,bound,0,0.001,1,
rome,rome/rome/grafo1928.23.graphml,23,28,C,repaired,3,3,3,bound,0,0.001,1,
rome,rome/rome/grafo1929.21.graphml,21,24,C,repaired,3,3,3,bound,0,0.001,1,
rome,rome/rome/grafo1930.13.graphml,13,13,C,repaired,2,2,2,bound,0,0.0,1,
rome,rome/rome/grafo1931.20.graphml,20,29,C,repaired,3,3,3,bound,0,0.001,1,
rome,rome/rome/grafo1932.13.graphml,13,17,C,repaired,3,3,3,bound,0,0.0,1,
rome,rome/rome/grafo1933.22.graphml,22,26,C,repaired,3,3,3,bound,0,0.001,1,
rome,rome/rome/grafo1935.13.graphml,13,18,C,repaired,3,4,3,bound,11,0.0,1,
rome,rome/rome/grafo1936.18.graphml,18,27,C,repaired,3,4,3,bound,26,0.001,1,
rome,rome/rome/grafo1937.21.graphml,21,24,C,repaired,3,3,3,bound,0,0.001,1,
rome,rome/rome/grafo1938.12.graphml,12,15,C,repaired,2,3,3,refutation,20,0.0,1,
rome,rome/rome/grafo193.12.graphml,12,13,C,repaired,2,2,2,bound,0,0.0,1,
rome,rome/rome/grafo1934.14.graphml,14,14,C,repaired,2,2,2,bound,0,0.0,1,
rome,rome/rome/grafo1939.22.graphml,22,22,C,repaired,2,2,2,bound,0,0.001,1,
rome,rome/rome/grafo194.23.graphml,23,30,C,repaired,3,4,3,bound,19,0.001,1,
rome,rome/rome/grafo1941.21.graphml,21,26,C,repaired,3,4,4,refutation,119,0.001,1,
rome,rome/rome/grafo1940.18.graphml,18,24,C,repaired,3,3,3,bound,0,0.001,1,
rome,rome/rome/grafo1944.19.graphml,19,24,C,repaired,3,3,3,bound,0,0.001,1,
rome,rome/rome/grafo1945.16.graphml,16,17,C,repaired,2,3,2,bound,17,0.001,1,
rome,rome/rome/grafo1946.31.graphml,31,38,C,repaired,3,4,3,bound,46,0.001,1,
rome,rome/rome/grafo1949.29.graphml,29,34,C,repaired,3,4,3,bound,31,0.002,1,
rome,rome/rome/grafo195.15.graphml,15,24,C,repaired,3,4,4,refutation,37,0.001,1,
rome,rome/rome/grafo1942.18.graphml,18,19,C,repaired,2,2,2,bound,0,0.001,1,
rome,rome/rome/grafo1943.12.graphml,12,15,C,repaired,3,3,3,bound,0,0.0,1,
rome,rome/rome/grafo1947.14.graphml,14,18,C,repaired,3,3,3,bound,0,0.0,1,
rome,rome/rome/grafo1951.14.graphml,14,25,C,repaired,4,4,4,bound,0,0.0,1,
rome,rome/rome/grafo1952.26.graphml,26,31,C,repaired,3,4,4,refutation,234,0.002,1,
rome,rome/rome/grafo1953.32.graphml,32,34,C,repaired,2,3,2,bound,44,0.004,1,
rome,rome/rome/grafo1948.36.graphml,36,45,C,repaired,3,5,4,refutation,492,0.005,1,
rome,rome/rome/grafo1950.24.graphml,24,27,C,repaired,2,3,2,bound,26,0.001,1,
rome,rome/rome/grafo1954.24.graphml,24,27,C,repaired,3,3,3,bound,0,0.001,1,
rome,rome/rome/grafo1955.10.graphml,10,15,C,repaired,2,3,2,bound,10,0.0,1,
rome,rome/rome/grafo1957.10.graphml,10,15,C,repaired,2,3,2,bound,10,0.0,1,
rome,rome/rome/grafo1958.30.graphml,30,33,C,repaired,2,3,3,refutation,111,0.002,1,
rome,rome/rome/grafo1959.25.graphml,25,30,C,repaired,2,4,3,refutation,66,0.001,1,
rome,rome/rome/grafo196.30.graphml,30,36,C,repaired,3,4,3,bound,28,0.001,1,
rome,rome/rome/grafo1956.41.graphml,41,58,C,repaired,4,6,6,refutation,6172,0.032,1,
rome,rome/rome/grafo1960.26.graphml,26,29,C,repaired,2,4,3,refutation,109,0.001,1,
rome,rome/rome/grafo1961.15.graphml,15,16,C,repaired,2,2,2,bound,0,0.0,1,
rome,rome/rome/grafo1962.34.graphml,34,39,C,repaired,2,4,3,refutation,164,0.002,1,
rome,rome/rome/grafo1963.42.graphml,42,63,C,repaired,4,6,6,refutation,3637,0.016,1,
rome,rome/rome/grafo1964.36.graphml,36,51,C,repaired,4,5,5,refutation,1061,0.005,1,
rome,rome/rome/grafo1965.28.graphml,28,37,C,repaired,3,4,4,refutation,125,0.001,1,
rome,rome/rome/grafo1966.24.graphml,24,34,C,repaired,4,4,4,bound,0,0.001,1,
rome,rome/rome/grafo1967.35.graphml,35,53,C,repaired,5,6,5,bound,69,0.002,1,
rome,rome/rome/grafo1969.14.graphml,14,14,C,repaired,2,2,2,bound,0,0.0,1,
rome,rome/rome/grafo197.15.graphml,15,15,C,repaired,2,2,2,bound,0,0.0,1,
rome,rome/rome/grafo1970.15.graphml,15,17,C,repaired,2,2,2,bound,0,0.0,1,
rome,rome/rome/grafo1971.15.graphml,15,20,C,repaired,3,3,3,bound,0,0.0,1,
rome,rome/rome/grafo1973.27.graphml,27,33,C,repaired,3,4,3,bound,25,0.001,1,
rome,rome/rome/grafo1974.23.graphml,23,27,C,repaired,3,4,3,bound,20,0.001,1,
rome,rome/rome/grafo1977.24.graphml,24,23,C,repaired,1,2,2,refutation,22,0.001,1,
rome,rome/rome/grafo1978.37.graphml,37,47,C,repaired,3,4,4,refutation,440,0.003,1,
rome,rome/rome/grafo1968.25.graphml,25,32,C,repaired,3,4,4,refutation,282,0.001,1,
rome,rome/rome/grafo1972.10.graphml,10,15,C,repaired,2,3,2,bound,10,0.0,1,
rome,rome/rome/grafo1975.33.graphml,33,46,C,repaired,4,5,5,refutation,608,0.005,1,
rome,rome/rome/grafo1976.32.graphml,32,43,C,repaired,4,5,5,refutation,643,0.002,1,
rome,rome/rome/grafo1979.47.graphml,47,64,C,repaired,4,6,5,refutation,6516,0.015,1,
rome,rome/rome/grafo1980.28.graphml,28,35,C,repaired,3,4,3,bound,100,0.001,1,
rome,rome/rome/grafo1981.24.graphml,24,36,C,repaired,4,5,5,refutation,146,0.001,1,
rome,rome/rome/grafo1982.15.graphml,15,17,C,repaired,2,3,2,bound,14,0.001,1,
rome,rome/rome/grafo1983.29.graphml,29,37,C,repaired,3,4,4,refutation,232,0.002,1,
rome,rome/rome/grafo1984.34.graphml,34,43,C,repaired,4,5,4,bound,46,0.001,1,
rome,rome/rome/grafo1985.33.graphml,33,43,C,repaired,4,5,4,bound,86,0.002,1,
rome,rome/rome/grafo1988.25.graphml,25,26,C,repaired,2,3,2,bound,31,0.001,1,
rome,rome/rome/grafo198.18.graphml,18,26,C,repaired,4,4,4,bound,0,0.003,1,
rome,rome/rome/grafo1990.34.graphml,34,38,C,repaired,3,4,4,refutation,904,0.004,1,
rome,rome/rome/grafo1992.32.graphml,32,36,C,repaired,3,4,3,bound,53,0.001,1,
rome,rome/rome/grafo1993.32.graphml,32,42,C,repaired,4,4,4,bound,0,0.001,1,
rome,rome/rome/grafo1994.14.graphml,14,19,C,repaired,3,3,3,bound,0,0.0,1,
rome,rome/rome/grafo1995.25.graphml,25,33,C,repaired,3,4,3,bound,25,0.001,1,
rome,rome/rome/grafo1986.27.graphml,27,34,C,repaired,4,4,4,bound,0,0.001,1,
rome,rome/rome/grafo1987.30.graphml,30,38,C,repaired,3,5,4,refutation,172,0.002,1,
rome,rome/rome/grafo1997.27.graphml,27,31,C,repaired,3,3,3,bound,0,0.001,1,
rome,rome/rome/grafo1989.31.graphml,31,33,C,repaired,2,3,2,bound,29,0.001,1,
rome,rome/rome/grafo199.13.graphml,13,19,C,repaired,3,3,3,bound,0,0.0,1,
rome,rome/rome/grafo1991.31.graphml,31,39,C,repaired,3,5,5,refutation,1233,0.006,1,
rome,rome/rome/grafo1998.31.graphml,31,36,C,repaired,3,3,3,bound,0,0.001,1,
rome,rome/rome/grafo1999.38.graphml,38,45,C,repaired,3,4,3,bound,50,0.001,1,
rome,rome/rome/grafo1996.26.graphml,26,32,C,repaired,3,4,3,bound,50,0.001,1,
rome,rome/rome/grafo2001.12.graphml,12,14,C,repaired,3,3,3,bound,0,0.0,1,
rome,rome/rome/grafo2004.35.graphml,35,40,C,repaired,2,4,3,refutation,170,0.002,1,
rome,rome/rome/grafo2005.30.graphml,30,37,C,repaired,3,5,4,refutation,327,0.002,1,
rome,rome/rome/grafo2006.25.graphml,25,36,C,repaired,3,4,4,refutation,129,0.001,1,
rome,rome/rome/grafo200.11.graphml,11,17,C,repaired,2,3,2,bound,12,0.003,1,
rome,rome/rome/grafo2000.24.graphml,24,27,C,repaired,2,3,3,refutation,104,0.001,1,
rome,rome/rome/grafo2002.62.graphml,62,77,C,repaired,4,6,5,refutation,10112,0.035,1,
rome,rome/rome/grafo2003.29.graphml,29,35,C,repaired,2,4,3,refutation,116,0.006,1,
rome,rome/rome/grafo2007.39.graphml,39,51,C,repaired,4,5,5,refutation,2510,0.008,1,
rome,rome/rome/grafo2012.30.graphml,30,46,C,repaired,4,5,4,bound,73,0.001,1,
rome,rome/rome/grafo2014.23.graphml,23,28,C,repaired,3,4,3,bound,69,0.001,1,
rome,rome/rome/grafo2015.35.graphml,35,48,C,repaired,4,6,5,refutation,520,0.003,1,
rome,rome/rome/grafo2017.24.graphml,24,28,C,repaired,3,4,3,bound,31,0.001,1,
rome,rome/rome/grafo2018.28.graphml,28,37,C,repaired,4,4,4,bound,0,0.001,1,
rome,rome/rome/grafo2020.35.graphml,35,43,C,repaired,3,4,3,bound,40,0.001,1,
rome,rome/rome/grafo2008.33.graphml,33,42,C,repaired,4,5,4,bound,321,0.002,1,
rome,rome/rome/grafo2009.23.graphml,23,30,C,repaired,4,5,4,bound,31,0.001,1,
rome,rome/rome/grafo201.13.graphml,13,16,C,repaired,2,3,3,refutation,31,0.0,1,
rome,rome/rome/grafo2010.34.graphml,34,41,C,repaired,4,5,4,bound,44,0.001,1,
rome,rome/rome/grafo2011.39.graphml,39,49,C,repaired,4,5,4,bound,95,0.004,1,
rome,rome/rome/grafo2013.30.graphml,30,38,C,repaired,3,4,4,refutation,292,0.007,1,
rome,rome/rome/grafo2016.25.graphml,25,33,C,repaired,4,4,4,bound,0,0.001,1,
rome,rome/rome/grafo2019.41.graphml,41,47,C,repaired,3,4,4,refutation,1004,0.005,1,
rome,rome/rome/grafo202.13.graphml,13,14,C,repaired,2,3,2,bound,14,0.001,1,
rome,rome/rome/grafo2023.16.graphml,16,20,C,repaired,3,3,3,bound,0,0.0,1,
rome,rome/rome/grafo2024.28.graphml,28,31,C,repaired,3,3,3,bound,0,0.001,1,
rome,rome/rome/grafo2025.30.graphml,30,42,C,repaired,4,5,5,refutation,614,0.003,1,
rome,rome/rome/grafo2026.28.graphml,28,36,C,repaired,3,5,4,refutation,212,0.002,1,
rome,rome/rome/grafo203.13.graphml,13,14,C,repaired,2,2,2,bound,0,0.0,1,
rome,rome/rome/grafo2030.30.graphml,30,44,C,repaired,4,6,5,refutation,1246,0.006,1,
rome,rome/rome/grafo2021.27.graphml,27,31,C,repaired,3,4,3,bound,37,0.001,1,
rome,rome/rome/grafo2022.28.graphml,28,31,C,repaired,3,3,3,bound,0,0.001,1,
rome,rome/rome/grafo2027.35.graphml,35,46,C,repaired,4,5,4,bound,34,0.001,1,
rome,rome/rome/grafo2028.23.graphml,23,32,C,repaired,4,4,4,bound,0,0.001,1,
rome,rome/rome/grafo2029.31.graphml,31,40,C,repaired,3,4,4,refutation,534,0.003,1,
rome,rome/rome/grafo2032.23.graphml,23,27,C,repaired,3,4,3,bound,22,0.001,1,
rome,rome/rome/grafo2033.30.graphml,30,37,C,repaired,3,5,4,refutation,372,0.002,1,
rome,rome/rome/grafo2031.34.graphml,34,42,C,repaired,3,3,3,bound,0,0.001,1,
rome,rome/rome/grafo2034.31.graphml,31,41,C,repaired,4,4,4,bound,0,0.001,1,
rome,rome/rome/grafo2035.30.graphml,30,45,C,repaired,4,5,5,refutation,587,0.003,1,
rome,rome/rome/grafo2036.27.graphml,27,32,C,repaired,2,4,3,refutation,106,0.001,1,
rome,rome/rome/grafo2037.27.graphml,27,31,C,repaired,3,4,4,refutation,285,0.002,1,
rome,rome/rome/grafo2038.29.graphml,29,39,C,repaired,3,5,4,refutation,337,0.002,1,
rome,rome/rome/grafo2040.27.graphml,27,35,C,repaired,3,4,4,refutation,245,0.001,1,
rome,rome/rome/grafo11657.100.graphml,100,131,C,repaired,5,10,9,,10825796,10.017,1,
rome,rome/rome/grafo2043.35.graphml,35,45,C,repaired,4,5,4,bound,63,0.001,1,
rome,rome/rome/grafo2044.33.graphml,33,43,C,repaired,3,4,4,refutation,335,0.002,1,
rome,rome/rome/grafo2046.38.graphml,38,50,C,repaired,3,5,4,refutation,627,0.003,1,
rome,rome/rome/grafo2047.32.graphml,32,34,C,repaired,3,4,3,bound,28,0.001,1,
rome,rome/rome/grafo2049.33.graphml,33,38,C,repaired,3,4,4,refutation,483,0.003,1,
rome,rome/rome/grafo2039.39.graphml,39,45,C,repaired,3,4,3,bound,33,0.004,1,
rome,rome/rome/grafo204.15.graphml,15,15,C,repaired,2,2,2,bound,0,0.0,1,
rome,rome/rome/grafo2041.28.graphml,28,39,C,repaired,4,5,4,bound,24,0.001,1,
rome,rome/rome/grafo2042.33.graphml,33,43,C,repaired,3,4,4,refutation,369,0.002,1,
rome,rome/rome/grafo2050.27.graphml,27,36,C,repaired,3,3,3,bound,0,0.001,1,
rome,rome/rome/grafo2045.28.graphml,28,49,C,repaired,5,6,6,refutation,476,0.002,1,
rome,rome/rome/grafo2048.52.graphml,52,65,C,repaired,3,6,4,refutation,2465,0.011,1,
rome,rome/rome/grafo2052.38.graphml,38,50,C,repaired,4,5,5,refutation,832,0.004,1,
rome,rome/rome/grafo2055.39.graphml,39,51,C,repaired,4,5,5,refutation,1601,0.008,1,
rome,rome/rome/grafo2056.20.graphml,20,22,C,repaired,2,2,2,bound,0,0.0,1,
rome,rome/rome/grafo2057.34.graphml,34,45,C,repaired,3,4,4,refutation,341,0.003,1,
rome,rome/rome/grafo2059.42.graphml,42,52,C,repaired,3,4,4,refutation,499,0.003,1,
rome,rome/rome/grafo206.12.graphml,12,12,C,repaired,2,2,2,bound,0,0.0,1,
rome,rome/rome/grafo2060.25.graphml,25,26,C,repaired,2,3,3,refutation,130,0.001,1,
rome,rome/rome/grafo2061.25.graphml,25,31,C,repaired,3,4,3,bound,21,0.001,1,
rome,rome/rome/grafo2062.42.graphml,42,51,C,repaired,4,5,4,bound,352,0.002,1,
rome,rome/rome/grafo205.30.graphml,30,33,C,repaired,2,3,3,refutation,117,0.001,1,
rome,rome/rome/grafo2051.25.graphml,25,26,C,repaired,2,2,2,bound,0,0.0,1,
rome,rome/rome/grafo2053.31.graphml,31,37,C,repaired,3,4,3,bound,84,0.001,1,
rome,rome/rome/grafo2054.29.graphml,29,35,C,repaired,3,3,3,bound,0,0.001,1,
rome,rome/rome/grafo2058.28.graphml,28,29,C,repaired,2,3,3,refutation,144,0.001,1,
rome,rome/rome/grafo2063.29.graphml,29,39,C,repaired,4,5,4,bound,21,0.001,1,
rome,rome/rome/grafo2064.33.graphml,33,42,C,repaired,4,5,5,refutation,1451,0.006,1,
rome,rome/rome/grafo2066.33.graphml,33,39,C,repaired,3,4,4,refutation,435,0.002,1,
rome,rome/rome/grafo2067.25.graphml,25,28,C,repaired,3,3,3,bound,0,0.001,1,
rome,rome/rome/grafo2068.12.graphml,12,16,C,repaired,3,3,3,bound,0,0.0,1,
rome,rome/rome/grafo2069.32.graphml,32,37,C,repaired,3,3,3,bound,0,0.001,1,
rome,rome/rome/grafo207.12.graphml,12,13,C,repaired,2,2,2,bound,0,0.0,1,
rome,rome/rome/grafo2070.37.graphml,37,49,C,repaired,4,5,5,refutation,1698,0.006,1,
rome,rome/rome/grafo2071.37.graphml,37,58,C,repaired,5,6,6,refutation,1502,0.007,1,
rome,rome/rome/grafo2072.29.graphml,29,43,C,repaired,4,5,5,refutation,318,0.003,1,
rome,rome/rome/grafo2074.34.graphml,34,34,C,repaired,2,3,2,bound,36,0.001,1,
rome,rome/rome/grafo2075.32.graphml,32,41,C,repaired,4,4,4,bound,0,0.001,1,
rome,rome/rome/grafo2076.29.graphml,29,35,C,repaired,4,5,4,bound,38,0.001,1,
rome,rome/rome/grafo2073.32.graphml,32,34,C,repaired,2,4,3,refutation,223,0.001,1,
rome,rome/rome/grafo2079.19.graphml,19,21,C,repaired,2,2,2,bound,0,0.001,1,
rome,rome/rome/grafo2077.25.graphml,25,30,C,repaired,3,4,3,bound,22,0.001,1,
rome,rome/rome/grafo2078.29.graphml,29,37,C,repaired,4,5,4,bound,118,0.002,1,
rome,rome/rome/grafo2080.25.graphml,25,32,C,repaired,3,4,3,bound,20,0.004,1,
rome,rome/rome/grafo2082.34.graphml,34,38,C,repaired,2,3,2,bound,50,0.001,1,
rome,rome/rome/grafo2083.52.graphml,52,63,C,repaired,3,5,4,refutation,1024,0.005,1,
rome,rome/rome/grafo2085.29.graphml,29,30,C,repaired,2,2,2,bound,0,0.001,1,
rome,rome/rome/grafo208.38.graphml,38,46,C,repaired,4,5,4,bound,219,0.008,1,
rome,rome/rome/grafo2081.39.graphml,39,52,C,repaired,4,5,5,refutation,1225,0.008,1,
rome,rome/rome/grafo2086.39.graphml,39,55,C,repaired,5,6,6,refutation,8741,0.031,1,
rome,rome/rome/grafo209.10.graphml,10,10,C,repaired,2,2,2,bound,0,0.0,1,
rome,rome/rome/grafo2090.17.graphml,17,18,C,repaired,2,3,2,bound,14,0.001,1,
rome,rome/rome/grafo2084.25.graphml,25,35,C,repaired,4,4,4,bound,0,0.001,1,
rome,rome/rome/grafo2088.38.graphml,38,54,C,repaired,3,5,4,refutation,376,0.002,1,
rome,rome/rome/grafo2087.29.graphml,29,36,C,repaired,3,4,4,refutation,173,0.004,1,
rome,rome/rome/grafo2091.34.graphml,34,47,C,repaired,4,5,4,bound,93,0.008,1,
rome,rome/rome/grafo2092.29.graphml,29,36,C,repaired,3,4,4,refutation,288,0.002,1,
rome,rome/rome/grafo2093.36.graphml,36,53,C,repaired,4,6,5,refutation,671,0.004,1,
rome,rome/rome/grafo2095.29.graphml,29,35,C,repaired,3,5,4,refutation,330,0.002,1,
rome,rome/rome/grafo2096.43.graphml,43,58,C,repaired,5,5,5,bound,0,0.001,1,
rome,rome/rome/grafo2098.35.graphml,35,42,C,repaired,3,4,4,refutation,709,0.004,1,
rome,rome/rome/grafo2099.37.graphml,37,44,C,repaired,3,3,3,bound,0,0.001,1,
rome,rome/rome/grafo2065.70.graphml,70,91,C,repaired,5,7,7,refutation,150198,0.212,1,
rome,rome/rome/grafo2094.34.graphml,34,39,C,repaired,3,4,4,refutation,885,0.003,1,
rome,rome/rome/grafo2102.34.graphml,34,41,C,repaired,3,5,4,refutation,489,0.003,1,
rome,rome/rome/grafo210.10.graphml,10,10,C,repaired,2,2,2,bound,0,0.0,1,
rome,rome/rome/grafo2100.29.graphml,29,38,C,repaired,4,4,4,bound,0,0.001,1,
rome,rome/rome/grafo2101.17.graphml,17,17,C,repaired,2,2,2,bound,0,0.001,1,
rome,rome/rome/grafo2105.10.graphml,10,12,C,repaired,2,3,2,bound,16,0.0,1,
rome,rome/rome/grafo2107.31.graphml,31,35,C,repaired,3,4,3,bound,27,0.001,1,
rome,rome/rome/grafo2108.26.graphml,26,35,C,repaired,3,4,4,refutation,219,0.001,1,
rome,rome/rome/grafo2097.53.graphml,53,69,C,repaired,5,7,6,refutation,31421,0.056,1,
rome,rome/rome/grafo2104.36.graphml,36,45,C,repaired,3,5,4,refutation,816,0.005,1,
rome,rome/rome/grafo211.14.graphml,14,15,C,repaired,2,3,2,bound,19,0.001,1,
rome,rome/rome/grafo2110.11.graphml,11,11,C,repaired,2,2,2,bound,0,0.0,1,
rome,rome/rome/grafo2111.10.graphml,10,16,C,repaired,3,3,3,bound,0,0.0,1,
rome,rome/rome/grafo2089.66.graphml,66,84,C,repaired,5,7,6,refutation,82843,0.14,1,
rome,rome/rome/grafo2103.66.graphml,66,76,C,repaired,4,5,5,refutation,10741,0.023,1,
rome,rome/rome/grafo2106.17.graphml,17,19,C,repaired,2,3,2,bound,14,0.0,1,
rome,rome/rome/grafo2112.28.graphml,28,36,C,repaired,3,4,4,refutation,264,0.001,1,
rome,rome/rome/grafo2113.19.graphml,19,25,C,repaired,3,4,3,bound,29,0.001,1,
rome,rome/rome/grafo2115.12.graphml,12,15,C,repaired,2,2,2,bound,0,0.0,1,
rome,rome/rome/grafo2116.32.graphml,32,41,C,repaired,3,5,4,refutation,347,0.002,1,
rome,rome/rome/grafo2118.15.graphml,15,15,C,repaired,2,2,2,bound,0,0.0,1,
rome,rome/rome/grafo2119.21.graphml,21,27,C,repaired,4,4,4,bound,0,0.001,1,
rome,rome/rome/grafo2109.11.graphml,11,18,C,repaired,3,4,4,refutation,15,0.0,1,
rome,rome/rome/grafo2114.21.graphml,21,24,C,repaired,3,4,3,bound,16,0.001,1,
rome,rome/rome/grafo2117.18.graphml,18,20,C,repaired,2,2,2,bound,0,0.0,1,
rome,rome/rome/grafo212.14.graphml,14,14,C,repaired,2,2,2,bound,0,0.0,1,
rome,rome/rome/grafo2120.13.graphml,13,20,C,repaired,4,4,4,bound,0,0.0,1,
rome,rome/rome/grafo2121.13.graphml,13,25,C,repaired,3,3,3,bound,0,0.0,1,
rome,rome/rome/grafo2122.20.graphml,20,21,C,repaired,2,3,3,refutation,64,0.001,1,
rome,rome/rome/grafo2123.26.graphml,26,28,C,repaired,2,3,3,refutation,131,0.001,1,
rome,rome/rome/grafo2124.49.graphml,49,64,C,repaired,4,5,5,refutation,7046,0.02,1,
rome,rome/rome/grafo2125.16.graphml,16,18,C,repaired,2,3,2,bound,18,0.001,1,
rome,rome/rome/grafo2127.18.graphml,18,23,C,repaired,3,3,3,bound,0,0.003,1,
rome,rome/rome/grafo2130.31.graphml,31,37,C,repaired,2,3,2,bound,41,0.001,1,
rome,rome/rome/grafo2133.22.graphml,22,24,C,repaired,2,3,2,bound,27,0.001,1,
rome,rome/rome/grafo2126.11.graphml,11,15,C,repaired,3,3,3,bound,0,0.0,1,
rome,rome/rome/grafo2128.19.graphml,19,19,C,repaired,2,2,2,bound,0,0.0,1,
rome,rome/rome/grafo213.18.graphml,18,21,C,repaired,2,3,3,refutation,35,0.001,1,
rome,rome/rome/grafo2131.19.graphml,19,25,C,repaired,3,4,4,refutation,118,0.001,1,
rome,rome/rome/grafo2134.24.graphml,24,30,C,repaired,3,4,4,refutation,194,0.001,1,
rome,rome/rome/grafo2135.19.graphml,19,23,C,repaired,3,3,3,bound,0,0.0,1,
rome,rome/rome/grafo2136.11.graphml,11,17,C,repaired,3,4,3,bound,9,0.001,1,
rome,rome/rome/grafo2137.22.graphml,22,21,C,repaired,1,3,2,refutation,33,0.001,1,
rome,rome/rome/grafo2129.11.graphml,11,17,C,repaired,3,3,3,bound,0,0.0,1,
rome,rome/rome/grafo2132.37.graphml,37,45,C,repaired,3,4,4,refutation,419,0.003,1,
rome,rome/rome/grafo2138.17.graphml,17,19,C,repaired,2,2,2,bound,0,0.0,1,
rome,rome/rome/grafo2139.11.graphml,11,16,C,repaired,3,3,3,bound,0,0.0,1,
rome,rome/rome/grafo214.22.graphml,22,31,C,repaired,3,4,4,refutation,124,0.001,1,
rome,rome/rome/grafo2140.25.graphml,25,28,C,repaired,2,3,2,bound,22,0.001,1,
rome,rome/rome/grafo2145.29.graphml,29,34,C,repaired,3,3,3,bound,0,0.001,1,
rome,rome/rome/grafo2148.39.graphml,39,45,C,repaired,3,5,4,refutation,793,0.004,1,
rome,rome/rome/grafo2149.24.graphml,24,30,C,repaired,3,4,4,refutation,194,0.002,1,
rome,rome/rome/grafo215.20.graphml,20,22,C,repaired,2,3,2,bound,19,0.001,1,
rome,rome/rome/grafo2141.55.graphml,55,76,C,repaired,4,7,6,refutation,25140,0.045,1,
rome,rome/rome/grafo2142.16.graphml,16,16,C,repaired,2,2,2,bound,0,0.0,1,
rome,rome/rome/grafo2143.19.graphml,19,27,C,repaired,3,3,3,bound,0,0.0,1,
rome,rome/rome/grafo2144.12.graphml,12,18,C,repaired,3,3,3,bound,0,0.0,1,
rome,rome/rome/grafo2146.17.graphml,17,17,C,repaired,2,3,2,bound,12,0.0,1,
rome,rome/rome/grafo2151.20.graphml,20,27,C,repaired,3,4,3,bound,37,0.001,1,
rome,rome/rome/grafo2153.19.graphml,19,23,C,repaired,3,3,3,bound,0,0.001,1,
rome,rome/rome/grafo2147.17.graphml,17,20,C,repaired,3,3,3,bound,0,0.0,1,
rome,rome/rome/grafo2152.21.graphml,21,22,C,repaired,2,2,2,bound,0,0.0,1,
rome,rome/rome/grafo2154.14.graphml,14,16,C,repaired,2,3,3,refutation,33,0.001,1,
rome,rome/rome/grafo2157.15.graphml,15,15,C,repaired,2,2,2,bound,0,0.0,1,
rome,rome/rome/grafo2158.14.graphml,14,18,C,repaired,2,3,2,bound,12,0.001,1,
rome,rome/rome/grafo2150.16.graphml,16,19,C,repaired,2,3,2,bound,13,0.0,1,
rome,rome/rome/grafo2156.33.graphml,33,41,C,repaired,3,5,4,refutation,373,0.002,1,
rome,rome/rome/grafo2161.29.graphml,29,34,C,repaired,3,4,3,bound,30,0.001,1,
rome,rome/rome/grafo2155.33.graphml,33,40,C,repaired,3,5,4,refutation,371,0.005,1,
rome,rome/rome/grafo216.18.graphml,18,19,C,repaired,2,3,3,refutation,84,0.001,1,
rome,rome/rome/grafo2160.15.graphml,15,19,C,repaired,2,3,2,bound,14,0.0,1,
rome,rome/rome/grafo2162.21.graphml,21,26,C,repaired,3,3,3,bound,0,0.001,1,
rome,rome/rome/grafo2164.16.graphml,16,18,C,repaired,2,3,2,bound,15,0.001,1,
rome,rome/rome/grafo2159.17.graphml,17,19,C,repaired,2,3,2,bound,24,0.001,1,
rome,rome/rome/grafo2163.24.graphml,24,27,C,repaired,3,4,3,bound,27,0.001,1,
rome,rome/rome/grafo2165.22.graphml,22,23,C,repaired,2,3,2,bound,19,0.001,1,
rome,rome/rome/grafo2166.20.graphml,20,28,C,repaired,4,4,4,bound,0,0.001,1,
rome,rome/rome/grafo2167.38.graphml,38,45,C,repaired,3,4,4,refutation,1099,0.003,1,
rome,rome/rome/grafo2168.16.graphml,16,18,C,repaired,3,3,3,bound,0,0.0,1,
rome,rome/rome/grafo2169.15.graphml,15,21,C,repaired,3,4,4,refutation,44,0.001,1,
rome,rome/rome/grafo2170.13.graphml,13,18,C,repaired,3,3,3,bound,0,0.0,1,
rome,rome/rome/grafo2171.19.graphml,19,23,C,repaired,3,3,3,bound,0,0.0,1,
rome,rome/rome/grafo2173.21.graphml,21,25,C,repaired,3,3,3,bound,0,0.0,1,
rome,rome/rome/grafo2174.17.graphml,17,18,C,repaired,2,3,2,bound,17,0.001,1,
rome,rome/rome/grafo2175.25.graphml,25,28,C,repaired,3,3,3,bound,0,0.001,1,
rome,rome/rome/grafo2176.21.graphml,21,26,C,repaired,3,3,3,bound,0,0.001,1,
rome,rome/rome/grafo2177.17.graphml,17,22,C,repaired,2,4,3,refutation,52,0.001,1,
rome,rome/rome/grafo217.14.graphml,14,17,C,repaired,3,3,3,bound,0,0.0,1,
rome,rome/rome/grafo2172.31.graphml,31,32,C,repaired,2,4,2,bound,118,0.001,1,
rome,rome/rome/grafo2178.22.graphml,22,25,C,repaired,3,3,3,bound,0,0.001,1,
rome,rome/rome/grafo2179.14.graphml,14,19,C,repaired,3,3,3,bound,0,0.0,1,
rome,rome/rome/grafo218.17.graphml,17,22,C,repaired,3,4,3,bound,15,0.013,1,
rome,rome/rome/grafo2180.27.graphml,27,28,C,repaired,2,2,2,bound,0,0.001,1,
rome,rome/rome/grafo2181.41.graphml,41,52,C,repaired,3,5,4,refutation,431,0.003,1,
rome,rome/rome/grafo2182.38.graphml,38,52,C,repaired,5,6,5,bound,499,0.003,1,
rome,rome/rome/grafo2183.16.graphml,16,17,C,repaired,2,2,2,bound,0,0.0,1,
rome,rome/rome/grafo2184.18.graphml,18,21,C,repaired,2,2,2,bound,0,0.0,1,
rome,rome/rome/grafo2185.24.graphml,24,28,C,repaired,2,3,3,refutation,80,0.001,1,
rome,rome/rome/grafo2188.28.graphml,28,40,C,repaired,3,3,3,bound,0,0.001,1,
rome,rome/rome/grafo2189.14.graphml,14,16,C,repaired,2,2,2,bound,0,0.001,1,
rome,rome/rome/grafo219.11.graphml,11,13,C,repaired,2,2,2,bound,0,0.0,1,
rome,rome/rome/grafo2186.18.graphml,18,23,C,repaired,3,3,3,bound,0,0.0,1,
rome,rome/rome/grafo2187.19.graphml,19,22,C,repaired,2,3,3,refutation,59,0.001,1,
rome,rome/rome/grafo2190.36.graphml,36,42,C,repaired,3,4,3,bound,30,0.001,1,
rome,rome/rome/grafo2192.16.graphml,16,18,C,repaired,3,3,3,bound,0,0.0,1,
rome,rome/rome/grafo2194.48.graphml,48,57,C,repaired,3,4,4,refutation,1040,0.006,1,
rome,rome/rome/grafo2195.35.graphml,35,46,C,repaired,4,5,5,refutation,749,0.004,1,
rome,rome/rome/grafo2193.22.graphml,22,30,C,repaired,3,3,3,bound,0,0.0,1,
rome,rome/rome/grafo2196.16.graphml,16,17,C,repaired,2,3,2,bound,15,0.001,1,
rome,rome/rome/grafo2198.16.graphml,16,20,C,repaired,3,3,3,bound,0,0.0,1,
rome,rome/rome/grafo2199.44.graphml,44,50,C,repaired,3,5,4,refutation,1716,0.006,1,
rome,rome/rome/grafo220.13.graphml,13,16,C,repaired,3,3,3,bound,0,0.0,1,
rome,rome/rome/grafo2200.23.graphml,23,29,C,repaired,3,3,3,bound,0,0.001,1,
rome,rome/rome/grafo2201.25.graphml,25,29,C,repaired,3,3,3,bound,0,0.001,1,
rome,rome/rome/grafo2191.16.graphml,16,19,C,repaired,2,3,2,bound,60,0.001,1,
rome,rome/rome/grafo2203.33.graphml,33,41,C,repaired,3,4,4,refutation,537,0.007,1,
rome,rome/rome/grafo2204.13.graphml,13,13,C,repaired,2,2,2,bound,0,0.0,1,
rome,rome/rome/grafo2205.38.graphml,38,55,C,repaired,5,6,6,refutation,3137,0.009,1,
rome,rome/rome/grafo2206.19.graphml,19,23,C,repaired,3,4,3,bound,37,0.001,1,
rome,rome/rome/grafo2207.36.graphml,36,49,C,repaired,4,6,5,refutation,939,0.005,1,
rome,rome/rome/grafo2197.13.graphml,13,14,C,repaired,2,3,2,bound,14,0.0,1,
rome,rome/rome/grafo2209.20.graphml,20,31,C,repaired,3,4,4,refutation,47,0.001,1,
rome,rome/rome/grafo221.15.graphml,15,16,C,repaired,2,2,2,bound,0,0.0,1,
rome,rome/rome/grafo2210.28.graphml,28,32,C,repaired,2,4,3,refutation,229,0.002,1,
rome,rome/rome/grafo2211.16.graphml,16,28,C,repaired,4,5,4,bound,12,0.001,1,
rome,rome/rome/grafo2202.20.graphml,20,25,C,repaired,2,3,3,refutation,52,0.001,1,
rome,rome/rome/grafo2208.21.graphml,21,24,C,repaired,2,3,3,refutation,56,0.001,1,
rome,rome/rome/grafo2212.36.graphml,36,41,C,repaired,2,4,3,refutation,203,0.002,1,
rome,rome/rome/grafo2213.20.graphml,20,28,C,repaired,3,3,3,bound,0,0.001,1,
rome,rome/rome/grafo2214.19.graphml,19,21,C,repaired,3,3,3,bound,0,0.001,1,
rome,rome/rome/grafo2215.36.graphml,36,41,C,repaired,3,4,4,refutation,737,0.003,1,
rome,rome/rome/grafo2216.15.graphml,15,20,C,repaired,3,3,3,bound,0,0.0,1,
rome,rome/rome/grafo2218.13.graphml,13,13,C,repaired,2,2,2,bound,0,0.0,1,
rome,rome/rome/grafo2217.23.graphml,23,29,C,repaired,3,4,3,bound,38,0.001,1,
rome,rome/rome/grafo2221.13.graphml,13,13,C,repaired,2,2,2,bound,0,0.0,1,
rome,rome/rome/grafo2222.17.graphml,17,17,C,repaired,2,2,2,bound,0,0.0,1,
rome,rome/rome/grafo2223.38.graphml,38,44,C,repaired,3,4,4,refutation,860,0.004,1,
rome,rome/rome/grafo2219.15.graphml,15,19,C,repaired,3,3,3,bound,0,0.0,1,
rome,rome/rome/grafo222.11.graphml,11,10,C,repaired,1,2,2,refutation,11,0.001,1,
rome,rome/rome/grafo2224.37.graphml,37,45,C,repaired,3,5,5,refutation,1918,0.008,1,
rome,rome/rome/grafo2225.15.graphml,15,18,C,repaired,3,3,3,bound,0,0.0,1,
rome,rome/rome/grafo2226.39.graphml,39,63,C,repaired,5,6,6,refutation,1160,0.005,1,
rome,rome/rome/grafo2227.17.graphml,17,25,C,repaired,3,4,3,bound,19,0.001,1,
rome,rome/rome/grafo2228.14.graphml,14,14,C,repaired,2,2,2,bound,0,0.0,1,
rome,rome/rome/grafo223.12.graphml,12,11,C,repaired,1,2,2,refutation,12,0.0,1,
rome,rome/rome/grafo2230.39.graphml,39,54,C,repaired,4,5,5,refutation,1770,0.007,1,
rome,rome/rome/grafo2220.17.graphml,17,25,C,repaired,3,4,4,refutation,72,0.001,1,
rome,rome/rome/grafo2231.16.graphml,16,20,C,repaired,3,4,3,bound,15,0.001,1,
rome,rome/rome/grafo2232.15.graphml,15,16,C,repaired,2,2,2,bound,0,0.0,1,
rome,rome/rome/grafo2233.15.graphml,15,20,C,repaired,2,3,2,bound,13,0.001,1,
rome,rome/rome/grafo2234.14.graphml,14,19,C,repaired,2,3,3,refutation,30,0.001,1,
rome,rome/rome/grafo2229.25.graphml,25,42,C,repaired,5,6,6,refutation,693,0.005,1,
rome,rome/rome/grafo2235.41.graphml,41,58,C,repaired,5,6,6,refutation,6258,0.02,1,
rome,rome/rome/grafo2236.16.graphml,16,20,C,repaired,2,3,3,refutation,28,0.004,1,
rome,rome/rome/grafo2237.27.graphml,27,34,C,repaired,3,4,3,bound,28,0.001,1,
rome,rome/rome/grafo2238.33.graphml,33,39,C,repaired,3,4,4,refutation,476,0.003,1,
rome,rome/rome/grafo2240.12.graphml,12,13,C,repaired,2,2,2,bound,0,0.0,1,
rome,rome/rome/grafo2241.16.graphml,16,20,C,repaired,3,3,3,bound,0,0.0,1,
rome,rome/rome/grafo2242.25.graphml,25,32,C,repaired,3,4,3,bound,49,0.001,1,
rome,rome/rome/grafo2244.18.graphml,18,20,C,repaired,2,2,2,bound,0,0.0,1,
rome,rome/rome/grafo2245.17.graphml,17,19,C,repaired,2,2,2,bound,0,0.0,1,
rome,rome/rome/grafo2246.20.graphml,20,30,C,repaired,4,4,4,bound,0,0.0,1,
rome,rome/rome/grafo2247.18.graphml,18,25,C,repaired,3,4,4,refutation,79,0.001,1,
rome,rome/rome/grafo2248.22.graphml,22,28,C,repaired,3,4,4,refutation,129,0.001,1,
rome,rome/rome/grafo2239.17.graphml,17,27,C,repaired,3,4,3,bound,17,0.001,1,
rome,rome/rome/grafo224.17.graphml,17,18,C,repaired,2,2,2,bound,0,0.0,1,
rome,rome/rome/grafo2243.46.graphml,46,61,C,repaired,4,5,5,refutation,2723,0.017,1,
rome,rome/rome/grafo2250.48.graphml,48,60,C,repaired,3,4,3,bound,163,0.002,1,
rome,rome/rome/grafo2251.48.graphml,48,60,C,repaired,3,4,3,bound,163,0.002,1,
rome,rome/rome/grafo2252.15.graphml,15,22,C,repaired,3,3,3,bound,0,0.001,1,
rome,rome/rome/grafo2253.18.graphml,18,25,C,repaired,3,3,3,bound,0,0.0,1,
rome,rome/rome/grafo2249.40.graphml,40,49,C,repaired,4,5,5,refutation,4197,0.015,1,
rome,rome/rome/grafo225.12.graphml,12,19,C,repaired,3,3,3,bound,0,0.0,1,
rome,rome/rome/grafo2255.39.graphml,39,45,C,repaired,3,4,3,bound,45,0.002,1,
rome,rome/rome/grafo2256.23.graphml,23,26,C,repaired,3,3,3,bound,0,0.001,1,
rome,rome/rome/grafo2257.14.graphml,14,16,C,repaired,2,2,2,bound,0,0.0,1,
rome,rome/rome/grafo2258.47.graphml,47,60,C,repaired,3,5,4,refutation,1012,0.01,1,
rome,rome/rome/grafo226.14.graphml,14,16,C,repaired,2,3,3,refutation,36,0.001,1,
rome,rome/rome/grafo2260.14.graphml,14,15,C,repaired,2,3,2,bound,17,0.0,1,
rome,rome/rome/grafo2261.12.graphml,12,14,C,repaired,2,2,2,bound,0,0.0,1,
rome,rome/rome/grafo2262.31.graphml,31,40,C,repaired,2,3,3,refutation,67,0.001,1,
rome,rome/rome/grafo2254.48.graphml,48,66,C,repaired,5,7,6,refutation,12711,0.036,1,
rome,rome/rome/grafo2259.14.graphml,14,14,C,repaired,2,2,2,bound,0,0.0,1,
rome,rome/rome/grafo2263.22.graphml,22,24,C,repaired,3,3,3,bound,0,0.0,1,
rome,rome/rome/grafo2264.15.graphml,15,17,C,repaired,2,2,2,bound,0,0.0,1,
rome,rome/rome/grafo2265.12.graphml,12,15,C,repaired,2,3,3,refutation,15,0.0,1,
rome,rome/rome/grafo2266.15.graphml,15,16,C,repaired,2,2,2,bound,0,0.001,1,
rome,rome/rome/grafo2267.36.graphml,36,52,C,repaired,4,6,5,refutation,1118,0.005,1,
rome,rome/rome/grafo2269.23.graphml,23,27,C,repaired,3,3,3,bound,0,0.001,1,
rome,rome/rome/grafo227.39.graphml,39,47,C,repaired,3,5,4,refutation,747,0.004,1,
rome,rome/rome/grafo2272.20.graphml,20,23,C,repaired,3,3,3,bound,0,0.001,1,
rome,rome/rome/grafo2273.40.graphml,40,60,C,repaired,5,6,5,bound,207,0.003,1,
rome,rome/rome/grafo2274.35.graphml,35,41,C,repaired,3,3,3,bound,0,0.001,1,
rome,rome/rome/grafo2275.27.graphml,27,32,C,repaired,3,4,3,bound,50,0.004,1,
rome,rome/rome/grafo2268.20.graphml,20,24,C,repaired,3,3,3,bound,0,0.0,1,
rome,rome/rome/grafo2270.32.graphml,32,34,C,repaired,2,3,2,bound,31,0.001,1,
rome,rome/rome/grafo2276.16.graphml,16,20,C,repaired,3,3,3,bound,0,0.0,1,
rome,rome/rome/grafo2277.18.graphml,18,21,C,repaired,2,3,3,refutation,61,0.001,1,
rome,rome/rome/grafo2278.39.graphml,39,50,C,repaired,4,5,4,bound,436,0.003,1,
rome,rome/rome/grafo228.19.graphml,19,24,C,repaired,3,3,3,bound,0,0.001,1,
rome,rome/rome/grafo2280.15.graphml,15,16,C,repaired,2,3,2,bound,13,0.0,1,
rome,rome/rome/grafo2281.16.graphml,16,21,C,repaired,3,3,3,bound,0,0.0,1,
rome,rome/rome/grafo2283.13.graphml,13,18,C,repaired,2,2,2,bound,0,0.0,1,
rome,rome/rome/grafo2284.20.graphml,20,30,C,repaired,4,5,4,bound,23,0.001,1,
rome,rome/rome/grafo2286.15.graphml,15,16,C,repaired,2,3,3,refutation,32,0.001,1,
rome,rome/rome/grafo2279.16.graphml,16,18,C,repaired,2,2,2,bound,0,0.0,1,
rome,rome/rome/grafo2285.38.graphml,38,52,C,repaired,4,6,5,refutation,1052,0.011,1,
rome,rome/rome/grafo2290.19.graphml,19,22,C,repaired,2,3,3,refutation,38,0.001,1,
rome,rome/rome/grafo2292.14.graphml,14,19,C,repaired,3,3,3,bound,0,0.0,1,
rome,rome/rome/grafo2293.13.graphml,13,13,C,repaired,2,2,2,bound,0,0.0,1,
rome,rome/rome/grafo2294.16.graphml,16,17,C,repaired,2,3,2,bound,15,0.001,1,
rome,rome/rome/grafo2282.20.graphml,20,24,C,repaired,2,3,3,refutation,40,0.001,1,
rome,rome/rome/grafo2289.18.graphml,18,20,C,repaired,2,3,2,bound,27,0.001,1,
rome,rome/rome/grafo2291.14.graphml,14,14,C,repaired,2,2,2,bound,0,0.001,1,
rome,rome/rome/grafo2296.15.graphml,15,21,C,repaired,2,3,3,refutation,27,0.001,1,
rome,rome/rome/grafo2297.17.graphml,17,20,C,repaired,2,3,3,refutation,48,0.001,1,
rome,rome/rome/grafo2287.13.graphml,13,13,C,repaired,2,2,2,bound,0,0.0,1,
rome,rome/rome/grafo2288.16.graphml,16,24,C,repaired,3,4,4,refutation,82,0.001,1,
rome,rome/rome/grafo2295.22.graphml,22,27,C,repaired,2,3,3,refutation,45,0.001,1,
rome,rome/rome/grafo2299.35.graphml,35,40,C,repaired,3,4,4,refutation,881,0.004,1,
rome,rome/rome/grafo2302.16.graphml,16,20,C,repaired,3,4,4,refutation,66,0.001,1,
rome,rome/rome/grafo2300.17.graphml,17,20,C,repaired,2,3,2,bound,17,0.001,1,
rome,rome/rome/grafo2303.13.graphml,13,19,C,repaired,2,2,2,bound,0,0.0,1,
rome,rome/rome/grafo2305.21.graphml,21,24,C,repaired,2,3,3,refutation,62,0.001,1,
rome,rome/rome/grafo2306.13.graphml,13,14,C,repaired,2,2,2,bound,0,0.0,1,
rome,rome/rome/grafo2307.18.graphml,18,23,C,repaired,3,3,3,bound,0,0.001,1,
rome,rome/rome/grafo2308.19.graphml,19,21,C,repaired,3,3,3,bound,0,0.0,1,
rome,rome/rome/grafo2309.34.graphml,34,51,C,repaired,5,6,5,bound,55,0.001,1,
rome,rome/rome/grafo231.12.graphml,12,18,C,repaired,3,3,3,bound,0,0.0,1,
rome,rome/rome/grafo229.13.graphml,13,12,C,repaired,1,2,2,refutation,13,0.006,1,
rome,rome/rome/grafo2298.13.graphml,13,14,C,repaired,2,2,2,bound,0,0.0,1,
rome,rome/rome/grafo230.14.graphml,14,19,C,repaired,3,3,3,bound,0,0.0,1,
rome,rome/rome/grafo2301.25.graphml,25,37,C,repaired,3,4,4,refutation,146,0.001,1,
rome,rome/rome/grafo2304.38.graphml,38,51,C,repaired,4,5,5,refutation,1286,0.005,1,
rome,rome/rome/grafo2311.15.graphml,15,15,C,repaired,2,2,2,bound,0,0.0,1,
rome,rome/rome/grafo2312.11.graphml,11,11,C,repaired,2,2,2,bound,0,0.0,1,
rome,rome/rome/grafo2271.71.graphml,71,89,C,repaired,5,8,7,refutation,365755,0.307,1,
rome,rome/rome/grafo2318.15.graphml,15,16,C,repaired,2,3,2,bound,23,0.001,1,
rome,rome/rome/grafo2310.39.graphml,39,59,C,repaired,5,6,6,refutation,6111,0.031,1,
rome,rome/rome/grafo2313.13.graphml,13,14,C,repaired,2,2,2,bound,0,0.0,1,
rome,rome/rome/grafo2314.27.graphml,27,35,C,repaired,3,3,3,bound,0,0.003,1,
rome,rome/rome/grafo232.16.graphml,16,18,C,repaired,2,3,3,refutation,53,0.001,1,
rome,rome/rome/grafo2315.23.graphml,23,26,C,repaired,2,3,2,bound,30,0.001,1,
rome,rome/rome/grafo2316.40.graphml,40,57,C,repaired,5,7,6,refutation,7212,0.018,1,
rome,rome/rome/grafo2317.20.graphml,20,22,C,repaired,2,3,2,bound,31,0.001,1,
rome,rome/rome/grafo2319.14.graphml,14,16,C,repaired,2,3,3,refutation,31,0.001,1,
rome,rome/rome/grafo2321.38.graphml,38,58,C,repaired,4,6,5,refutation,1290,0.005,1,
rome,rome/rome/grafo2322.42.graphml,42,50,C,repaired,3,4,4,refutation,656,0.007,1,
rome,rome/rome/grafo2324.17.graphml,17,21,C,repaired,3,3,3,bound,0,0.0,1,
rome,rome/rome/grafo2325.13.graphml,13,13,C,repaired,2,2,2,bound,0,0.0,1,
rome,rome/rome/grafo2326.16.graphml,16,21,C,repaired,3,3,3,bound,0,0.0,1,
rome,rome/rome/grafo2327.15.graphml,15,19,C,repaired,2,3,2,bound,14,0.001,1,
rome,rome/rome/grafo2320.23.graphml,23,35,C,repaired,3,4,3,bound,40,0.001,1,
rome,rome/rome/grafo2323.25.graphml,25,30,C,repaired,3,4,4,refutation,433,0.001,1,
rome,rome/rome/grafo2328.28.graphml,28,36,C,repaired,3,4,4,refutation,253,0.008,1,
rome,rome/rome/grafo2329.21.graphml,21,24,C,repaired,2,3,2,bound,33,0.001,1,
rome,rome/rome/grafo233.11.graphml,11,12,C,repaired,2,2,2,bound,0,0.0,1,
rome,rome/rome/grafo2330.24.graphml,24,27,C,repaired,3,3,3,bound,0,0.0,1,
rome,rome/rome/grafo2331.15.graphml,15,17,C,repaired,3,3,3,bound,0,0.0,1,
rome,rome/rome/grafo2332.19.graphml,19,20,C,repaired,2,2,2,bound,0,0.0,1,
rome,rome/rome/grafo2333.13.graphml,13,15,C,repaired,2,3,3,refutation,18,0.001,1,
rome,rome/rome/grafo2336.17.graphml,17,18,C,repaired,2,2,2,bound,0,0.0,1,
rome,rome/rome/grafo2339.14.graphml,14,15,C,repaired,2,2,2,bound,0,0.0,1,
rome,rome/rome/grafo2334.16.graphml,16,21,C,repaired,3,3,3,bound,0,0.001,1,
rome,rome/rome/grafo2335.12.graphml,12,14,C,repaired,2,3,3,refutation,24,0.001,1,
rome,rome/rome/grafo2337.27.graphml,27,37,C,repaired,3,5,4,refutation,278,0.002,1,
rome,rome/rome/grafo2338.14.graphml,14,13,C,repaired,1,1,1,bound,0,0.0,1,
rome,rome/rome/grafo234.12.graphml,12,15,C,repaired,3,3,3,bound,0,0.0,1,
rome,rome/rome/grafo2341.24.graphml,24,29,C,repaired,3,4,3,bound,31,0.001,1,
rome,rome/rome/grafo2342.18.graphml,18,20,C,repaired,2,3,2,bound,23,0.004,1,
rome,rome/rome/grafo2344.12.graphml,12,14,C,repaired,2,2,2,bound,0,0.0,1,
rome,rome/rome/grafo2345.17.graphml,17,20,C,repaired,2,3,3,refutation,36,0.001,1,
rome,rome/rome/grafo2347.20.graphml,20,22,C,repaired,2,2,2,bound,0,0.001,1,
rome,rome/rome/grafo2349.16.graphml,16,18,C,repaired,3,3,3,bound,0,0.0,1,
rome,rome/rome/grafo235.13.graphml,13,12,C,repaired,1,2,1,bound,13,0.0,1,
rome,rome/rome/grafo2350.11.graphml,11,12,C,repaired,2,2,2,bound,0,0.0,1,
rome,rome/rome/grafo2353.28.graphml,28,32,C,repaired,3,4,3,bound,26,0.001,1,
rome,rome/rome/grafo2355.16.graphml,16,17,C,repaired,2,3,2,bound,11,0.0,1,
rome,rome/rome/grafo2340.13.graphml,13,14,C,repaired,2,2,2,bound,0,0.006,1,
rome,rome/rome/grafo2343.12.graphml,12,12,C,repaired,2,2,2,bound,0,0.0,1,
rome,rome/rome/grafo2348.37.graphml,37,46,C,repaired,3,5,5,refutation,3000,0.008,1,
rome,rome/rome/grafo2351.20.graphml,20,26,C,repaired,3,4,4,refutation,109,0.001,1,
rome,rome/rome/grafo2346.30.graphml,30,33,C,repaired,2,3,3,refutation,204,0.004,1,
rome,rome/rome/grafo2352.15.graphml,15,17,C,repaired,2,2,2,bound,0,0.0,1,
rome,rome/rome/grafo2354.13.graphml,13,16,C,repaired,3,3,3,bound,0,0.0,1,
rome,rome/rome/grafo2360.17.graphml,17,21,C,repaired,3,3,3,bound,0,0.0,1,
rome,rome/rome/grafo2361.21.graphml,21,28,C,repaired,3,4,3,bound,18,0.001,1,
rome,rome/rome/grafo2362.36.graphml,36,54,C,repaired,4,6,6,refutation,2513,0.01,1,
rome,rome/rome/grafo2363.34.graphml,34,39,C,repaired,3,4,3,bound,33,0.001,1,
rome,rome/rome/grafo2364.23.graphml,23,26,C,repaired,2,3,3,refutation,126,0.001,1,
rome,rome/rome/grafo2365.30.graphml,30,34,C,repaired,3,3,3,bound,0,0.001,1,
rome,rome/rome/grafo2366.16.graphml,16,20,C,repaired,2,2,2,bound,0,0.0,1,
rome,rome/rome/grafo2356.21.graphml,21,27,C,repaired,3,4,3,bound,27,0.001,1,
rome,rome/rome/grafo2357.23.graphml,23,22,C,repaired,1,3,2,refutation,44,0.002,1,
rome,rome/rome/grafo2358.34.graphml,34,41,C,repaired,3,4,4,refutation,383,0.002,1,
rome,rome/rome/grafo2359.12.graphml,12,17,C,repaired,2,3,3,refutation,18,0.0,1,
rome,rome/rome/grafo236.15.graphml,15,16,C,repaired,2,2,2,bound,0,0.0,1,
rome,rome/rome/grafo2367.12.graphml,12,15,C,repaired,2,2,2,bound,0,0.0,1,
rome,rome/rome/grafo2368.14.graphml,14,17,C,repaired,3,3,3,bound,0,0.0,1,
rome,rome/rome/grafo2369.43.graphml,43,53,C,repaired,3,5,3,bound,125,0.002,1,
rome,rome/rome/grafo237.16.graphml,16,17,C,repaired,2,3,3,refutation,33,0.0,1,
rome,rome/rome/grafo2370.22.graphml,22,28,C,repaired,3,4,3,bound,59,0.004,1,
rome,rome/rome/grafo2372.16.graphml,16,20,C,repaired,2,3,3,refutation,27,0.001,1,
rome,rome/rome/grafo2373.16.graphml,16,18,C,repaired,3,3,3,bound,0,0.0,1,
rome,rome/rome/grafo2374.37.graphml,37,46,C,repaired,3,4,3,bound,122,0.002,1,
rome,rome/rome/grafo2378.21.graphml,21,25,C,repaired,3,4,4,refutation,186,0.001,1,
rome,rome/rome/grafo238.10.graphml,10,11,C,repaired,2,3,2,bound,10,0.0,1,
rome,rome/rome/grafo2377.15.graphml,15,15,C,repaired,2,2,2,bound,0,0.0,1,
rome,rome/rome/grafo2380.12.graphml,12,12,C,repaired,2,2,2,bound,0,0.0,1,
rome,rome/rome/grafo2379.35.graphml,35,45,C,repaired,4,5,4,bound,658,0.002,1,
rome,rome/rome/grafo2382.20.graphml,20,26,C,repaired,3,3,3,bound,0,0.004,1,
rome,rome/rome/grafo2383.18.graphml,18,26,C,repaired,3,4,4,refutation,96,0.001,1,
rome,rome/rome/grafo2384.11.graphml,11,12,C,repaired,2,2,2,bound,0,0.0,1,
rome,rome/rome/grafo2385.13.graphml,13,14,C,repaired,2,2,2,bound,0,0.0,1,
rome,rome/rome/grafo2386.28.graphml,28,28,C,repaired,2,4,2,bound,48,0.001,1,
rome,rome/rome/grafo2387.29.graphml,29,38,C,repaired,3,4,3,bound,75,0.001,1,
rome,rome/rome/grafo239.15.graphml,15,21,C,repaired,3,3,3,bound,0,0.0,1,
rome,rome/rome/grafo2371.19.graphml,19,24,C,repaired,3,3,3,bound,0,0.0,1,
rome,rome/rome/grafo2376.16.graphml,16,20,C,repaired,3,3,3,bound,0,0.0,1,
rome,rome/rome/grafo2381.40.graphml,40,47,C,repaired,3,4,3,bound,37,0.001,1,
rome,rome/rome/grafo2388.28.graphml,28,33,C,repaired,3,4,3,bound,30,0.001,1,
rome,rome/rome/grafo2389.39.graphml,39,48,C,repaired,3,4,4,refutation,642,0.004,1,
rome,rome/rome/grafo2375.19.graphml,19,35,C,repaired,4,4,4,bound,0,0.0,1,
rome,rome/rome/grafo2394.31.graphml,31,36,C,repaired,2,4,3,refutation,206,0.002,1,
rome,rome/rome/grafo2396.20.graphml,20,24,C,repaired,3,3,3,bound,0,0.001,1,
rome,rome/rome/grafo2397.33.graphml,33,39,C,repaired,3,4,4,refutation,952,0.004,1,
rome,rome/rome/grafo2398.37.graphml,37,47,C,repaired,4,5,5,refutation,1511,0.007,1,
rome,rome/rome/grafo2400.26.graphml,26,38,C,repaired,5,5,5,bound,0,0.001,1,
rome,rome/rome/grafo2393.14.graphml,14,16,C,repaired,2,2,2,bound,0,0.007,1,
rome,rome/rome/grafo2395.28.graphml,28,37,C,repaired,4,5,5,refutation,741,0.002,1,
rome,rome/rome/grafo2390.19.graphml,19,23,C,repaired,3,3,3,bound,0,0.0,1,
rome,rome/rome/grafo2392.14.graphml,14,14,C,repaired,2,3,2,bound,13,0.0,1,
rome,rome/rome/grafo2399.26.graphml,26,31,C,repaired,3,3,3,bound,0,0.001,1,
rome,rome/rome/grafo240.11.graphml,11,18,C,repaired,3,3,3,bound,0,0.0,1,
rome,rome/rome/grafo2401.17.graphml,17,31,C,repaired,4,4,4,bound,0,0.001,1,
rome,rome/rome/grafo2402.36.graphml,36,38,C,repaired,2,3,3,refutation,319,0.002,1,
rome,rome/rome/grafo2404.23.graphml,23,28,C,repaired,3,4,3,bound,56,0.001,1,
rome,rome/rome/grafo2391.38.graphml,38,44,C,repaired,3,4,3,bound,60,0.004,1,
rome,rome/rome/grafo2403.15.graphml,15,19,C,repaired,2,3,2,bound,14,0.0,1,
rome,rome/rome/grafo2406.23.graphml,23,26,C,repaired,3,3,3,bound,0,0.001,1,
rome,rome/rome/grafo2407.33.graphml,33,40,C,repaired,3,4,3,bound,45,0.001,1,
rome,rome/rome/grafo2408.18.graphml,18,25,C,repaired,4,4,4,bound,0,0.0,1,
rome,rome/rome/grafo241.16.graphml,16,21,C,repaired,2,2,2,bound,0,0.0,1,
rome,rome/rome/grafo2413.16.graphml,16,20,C,repaired,3,3,3,bound,0,0.0,1,
rome,rome/rome/grafo2405.36.graphml,36,47,C,repaired,4,6,5,refutation,1348,0.007,1,
rome,rome/rome/grafo2409.15.graphml,15,18,C,repaired,3,3,3,bound,0,0.0,1,
rome,rome/rome/grafo2414.15.graphml,15,22,C,repaired,3,3,3,bound,0,0.0,1,
rome,rome/rome/grafo2416.21.graphml,21,24,C,repaired,3,3,3,bound,0,0.001,1,
rome,rome/rome/grafo2417.14.graphml,14,18,C,repaired,3,3,3,bound,0,0.0,1,
rome,rome/rome/grafo2410.22.graphml,22,24,C,repaired,2,3,3,refutation,113,0.001,1,
rome,rome/rome/grafo2412.50.graphml,50,61,C,repaired,4,5,5,refutation,6417,0.016,1,
rome,rome/rome/grafo2418.17.graphml,17,20,C,repaired,2,3,3,refutation,35,0.001,1,
rome,rome/rome/grafo242.14.graphml,14,16,C,repaired,2,2,2,bound,0,0.0,1,
rome,rome/rome/grafo2415.13.graphml,13,13,C,repaired,2,2,2,bound,0,0.003,1,
rome,rome/rome/grafo2419.14.graphml,14,17,C,repaired,3,3,3,bound,0,0.0,1,
rome,rome/rome/grafo2422.20.graphml,20,27,C,repaired,3,4,4,refutation,110,0.001,1,
rome,rome/rome/grafo2423.21.graphml,21,26,C,repaired,3,3,3,bound,0,0.001,1,
rome,rome/rome/grafo2424.35.graphml,35,40,C,repaired,3,4,3,bound,57,0.001,1,
rome,rome/rome/grafo2425.19.graphml,19,23,C,repaired,3,3,3,bound,0,0.0,1,
rome,rome/rome/grafo2426.12.graphml,12,18,C,repaired,2,3,3,refutation,12,0.0,1,
rome,rome/rome/grafo2428.19.graphml,19,23,C,repaired,3,3,3,bound,0,0.001,1,
rome,rome/rome/grafo2411.56.graphml,56,78,C,repaired,5,8,7,refutation,98400,0.123,1,
rome,rome/rome/grafo2420.16.graphml,16,18,C,repaired,2,3,3,refutation,42,0.001,1,
rome,rome/rome/grafo2421.17.graphml,17,19,C,repaired,2,3,3,refutation,36,0.001,1,
rome,rome/rome/grafo243.28.graphml,28,33,C,repaired,3,3,3,bound,0,0.001,1,
rome,rome/rome/grafo2430.14.graphml,14,15,C,repaired,2,3,3,refutation,35,0.001,1,
rome,rome/rome/grafo2429.27.graphml,27,37,C,repaired,3,4,4,refutation,243,0.002,1,
rome,rome/rome/grafo2433.11.graphml,11,11,C,repaired,2,2,2,bound,0,0.0,1,
rome,rome/rome/grafo2437.25.graphml,25,30,C,repaired,3,4,3,bound,23,0.001,1,
rome,rome/rome/grafo2439.12.graphml,12,12,C,repaired,2,2,2,bound,0,0.0,1,
rome,rome/rome/grafo2427.19.graphml,19,24,C,repaired,2,3,3,refutation,53,0.001,1,
rome,rome/rome/grafo2432.15.graphml,15,18,C,repaired,3,3,3,bound,0,0.0,1,
rome,rome/rome/grafo2434.21.graphml,21,29,C,repaired,3,4,4,refutation,96,0.001,1,
rome,rome/rome/grafo2441.16.graphml,16,20,C,repaired,3,3,3,bound,0,0.0,1,
rome,rome/rome/grafo2442.14.graphml,14,18,C,repaired,2,2,2,bound,0,0.0,1,
rome,rome/rome/grafo244.20.graphml,20,22,C,repaired,3,3,3,bound,0,0.001,1,
rome,rome/rome/grafo2431.86.graphml,86,105,C,repaired,5,7,5,bound,37337,0.085,1,
rome,rome/rome/grafo2438.18.graphml,18,23,C,repaired,3,3,3,bound,0,0.0,1,
rome,rome/rome/grafo2444.29.graphml,29,36,C,repaired,3,4,3,bound,62,0.001,1,
rome,rome/rome/grafo2445.26.graphml,26,31,C,repaired,3,3,3,bound,0,0.001,1,
rome,rome/rome/grafo2435.18.graphml,18,26,C,repaired,3,3,3,bound,0,0.0,1,
rome,rome/rome/grafo2436.28.graphml,28,37,C,repaired,3,4,4,refutation,215,0.001,1,
rome,rome/rome/grafo2440.16.graphml,16,20,C,repaired,2,3,3,refutation,22,0.001,1,
rome,rome/rome/grafo2446.46.graphml,46,57,C,repaired,4,5,5,refutation,4981,0.031,1,
rome,rome/rome/grafo2449.19.graphml,19,24,C,repaired,3,4,4,refutation,146,0.001,1,
rome,rome/rome/grafo2450.14.graphml,14,14,C,repaired,2,2,2,bound,0,0.0,1,
rome,rome/rome/grafo2451.17.graphml,17,20,C,repaired,2,3,3,refutation,26,0.001,1,
rome,rome/rome/grafo2448.15.graphml,15,23,C,repaired,3,3,3,bound,0,0.0,1,
rome,rome/rome/grafo2452.25.graphml,25,32,C,repaired,3,4,4,refutation,206,0.001,1,
rome,rome/rome/grafo2443.22.graphml,22,31,C,repaired,4,4,4,bound,0,0.001,1,
rome,rome/rome/grafo245.21.graphml,21,22,C,repaired,2,3,2,bound,18,0.001,1,
rome,rome/rome/grafo2455.40.graphml,40,58,C,repaired,4,6,6,refutation,2712,0.013,1,
rome,rome/rome/grafo2447.39.graphml,39,61,C,repaired,6,7,7,refutation,7067,0.031,1,
rome,rome/rome/grafo2453.22.graphml,22,29,C,repaired,4,4,4,bound,0,0.001,1,
rome,rome/rome/grafo2456.22.graphml,22,26,C,repaired,3,4,3,bound,20,0.001,1,
rome,rome/rome/grafo2457.37.graphml,37,48,C,repaired,4,5,5,refutation,1084,0.005,1,
rome,rome/rome/grafo2458.12.graphml,12,13,C,repaired,2,2,2,bound,0,0.0,1,
rome,rome/rome/grafo2460.14.graphml,14,14,C,repaired,2,2,2,bound,0,0.0,1,
rome,rome/rome/grafo2462.31.graphml,31,43,C,repaired,4,5,4,bound,23,0.001,1,
rome,rome/rome/grafo2463.32.graphml,32,40,C,repaired,3,4,4,refutation,322,0.002,1,
rome,rome/rome/grafo2464.34.graphml,34,38,C,repaired,3,4,4,refutation,600,0.003,1,
rome,rome/rome/grafo2467.16.graphml,16,19,C,repaired,3,3,3,bound,0,0.0,1,
rome,rome/rome/grafo2454.34.graphml,34,46,C,repaired,4,4,4,bound,0,0.001,1,
rome,rome/rome/grafo2459.15.graphml,15,19,C,repaired,3,4,3,bound,10,0.0,1,
rome,rome/rome/grafo246.11.graphml,11,10,C,repaired,1,2,2,refutation,14,0.0,1,
rome,rome/rome/grafo2461.18.graphml,18,24,C,repaired,3,4,3,bound,19,0.0,1,
rome,rome/rome/grafo2465.36.graphml,36,44,C,repaired,3,5,4,refutation,906,0.005,1,
rome,rome/rome/grafo2466.14.graphml,14,13,C,repaired,1,2,2,refutation,13,0.001,1,
rome,rome/rome/grafo2469.23.graphml,23,38,C,repaired,4,5,4,bound,34,0.001,1,
rome,rome/rome/grafo2468.15.graphml,15,17,C,repaired,2,3,3,refutation,35,0.001,1,
rome,rome/rome/grafo247.15.graphml,15,16,C,repaired,2,2,2,bound,0,0.0,1,
rome,rome/rome/grafo2471.14.graphml,14,16,C,repaired,3,3,3,bound,0,0.0,1,
rome,rome/rome/grafo2474.22.graphml,22,25,C,repaired,2,3,3,refutation,84,0.001,1,
rome,rome/rome/grafo2470.16.graphml,16,20,C,repaired,3,3,3,bound,0,0.0,1,
rome,rome/rome/grafo2473.22.graphml,22,25,C,repaired,2,3,3,refutation,58,0.004,1,
rome,rome/rome/grafo2479.34.graphml,34,41,C,repaired,3,4,4,refutation,433,0.002,1,
rome,rome/rome/grafo248.27.graphml,27,33,C,repaired,3,4,3,bound,26,0.001,1,
rome,rome/rome/grafo2481.15.graphml,15,17,C,repaired,2,2,2,bound,0,0.0,1,
rome,rome/rome/grafo2472.47.graphml,47,63,C,repaired,4,6,6,refutation,9421,0.018,1,
rome,rome/rome/grafo2475.34.graphml,34,47,C,repaired,4,5,5,refutation,1065,0.004,1,
rome,rome/rome/grafo2480.18.graphml,18,21,C,repaired,2,3,3,refutation,46,0.001,1,
rome,rome/rome/grafo2482.15.graphml,15,18,C,repaired,2,2,2,bound,0,0.0,1,
rome,rome/rome/grafo2483.25.graphml,25,36,C,repaired,4,5,5,refutation,863,0.004,1,
rome,rome/rome/grafo2484.17.graphml,17,18,C,repaired,2,3,3,refutation,44,0.001,1,
rome,rome/rome/grafo2485.13.graphml,13,17,C,repaired,3,3,3,bound,0,0.0,1,
rome,rome/rome/grafo2477.47.graphml,47,62,C,repaired,4,6,6,refutation,13346,0.025,1,
rome,rome/rome/grafo2478.47.graphml,47,62,C,repaired,4,6,6,refutation,13346,0.07,1,
rome,rome/rome/grafo2486.15.graphml,15,16,C,repaired,2,2,2,bound,0,0.0,1,
rome,rome/rome/grafo2487.15.graphml,15,17,C,repaired,3,3,3,bound,0,0.0,1,
rome,rome/rome/grafo2488.13.graphml,13,13,C,repaired,2,2,2,bound,0,0.0,1,
rome,rome/rome/grafo2492.34.graphml,34,38,C,repaired,3,4,3,bound,106,0.001,1,
rome,rome/rome/grafo2493.16.graphml,16,19,C,repaired,2,3,3,refutation,41,0.001,1,
rome,rome/rome/grafo2494.17.graphml,17,20,C,repaired,3,3,3,bound,0,0.0,1,
rome,rome/rome/grafo2489.19.graphml,19,26,C,repaired,3,3,3,bound,0,0.001,1,
rome,rome/rome/grafo249.22.graphml,22,31,C,repaired,3,4,4,refutation,108,0.001,1,
rome,rome/rome/grafo2491.18.graphml,18,18,C,repaired,2,2,2,bound,0,0.0,1,
rome,rome/rome/grafo2495.16.graphml,16,23,C,repaired,3,4,3,bound,13,0.001,1,
rome,rome/rome/grafo2496.49.graphml,49,59,C,repaired,4,5,4,bound,71,0.002,1,
rome,rome/rome/grafo2497.49.graphml,49,59,C,repaired,4,5,4,bound,71,0.002,1,
rome,rome/rome/grafo2490.22.graphml,22,29,C,repaired,3,4,4,refutation,125,0.001,1,
rome,rome/rome/grafo2500.12.graphml,12,18,C,repaired,3,3,3,bound,0,0.0,1,
rome,rome/rome/grafo2504.36.graphml,36,49,C,repaired,5,5,5,bound,0,0.001,1,
rome,rome/rome/grafo2476.86.graphml,86,105,C,repaired,4,7,6,refutation,140695,0.177,1,
rome,rome/rome/grafo2499.23.graphml,23,26,C,repaired,2,3,3,refutation,114,0.001,1,
rome,rome/rome/grafo2502.15.graphml,15,20,C,repaired,3,3,3,bound,0,0.0,1,
rome,rome/rome/grafo2503.40.graphml,40,58,C,repaired,4,6,6,refutation,4038,0.015,1,
rome,rome/rome/grafo2509.37.graphml,37,46,C,repaired,4,5,4,bound,27,0.002,1,
rome,rome/rome/grafo2498.27.graphml,27,32,C,repaired,3,4,3,bound,23,0.001,1,
rome,rome/rome/grafo250.13.graphml,13,19,C,repaired,3,4,3,bound,8,0.0,1,
rome,rome/rome/grafo2511.10.graphml,10,10,C,repaired,2,2,2,bound,0,0.0,1,
rome,rome/rome/grafo2512.12.graphml,12,14,C,repaired,2,3,2,bound,13,0.001,1,
rome,rome/rome/grafo2501.19.graphml,19,25,C,repaired,3,4,4,refutation,102,0.001,1,
rome,rome/rome/grafo2505.13.graphml,13,13,C,repaired,2,2,2,bound,0,0.0,1,
rome,rome/rome/grafo251.20.graphml,20,23,C,repaired,3,3,3,bound,0,0.0,1,
rome,rome/rome/grafo2510.48.graphml,48,60,C,repaired,4,5,5,refutation,2671,0.011,1,
rome,rome/rome/grafo2513.24.graphml,24,28,C,repaired,3,3,3,bound,0,0.001,1,
rome,rome/rome/grafo2515.12.graphml,12,14,C,repaired,2,2,2,bound,0,0.0,1,
rome,rome/rome/grafo2519.37.graphml,37,40,C,repaired,2,3,3,refutation,267,0.002,1,
rome,rome/rome/grafo252.12.graphml,12,11,C,repaired,1,2,2,refutation,12,0.001,1,
rome,rome/rome/grafo2520.17.graphml,17,24,C,repaired,4,4,4,bound,0,0.0,1,
rome,rome/rome/grafo2507.17.graphml,17,26,C,repaired,3,4,4,refutation,39,0.001,1,
rome,rome/rome/grafo2508.24.graphml,24,26,C,repaired,2,3,3,refutation,99,0.001,1,
rome,rome/rome/grafo2514.15.graphml,15,18,C,repaired,3,4,3,bound,11,0.0,1,
rome,rome/rome/grafo2516.21.graphml,21,24,C,repaired,2,3,3,refutation,80,0.001,1,
rome,rome/rome/grafo2517.24.graphml,24,28,C,repaired,2,3,3,refutation,69,0.001,1,
rome,rome/rome/grafo2518.13.graphml,13,14,C,repaired,2,2,2,bound,0,0.0,1,
rome,rome/rome/grafo2522.28.graphml,28,35,C,repaired,3,4,3,bound,22,0.001,1,
rome,rome/rome/grafo2523.40.graphml,40,51,C,repaired,4,5,5,refutation,3161,0.01,1,
rome,rome/rome/grafo2524.22.graphml,22,26,C,repaired,3,3,3,bound,0,0.001,1,
rome,rome/rome/grafo2506.43.graphml,43,56,C,repaired,4,5,5,refutation,4322,0.022,1,
rome,rome/rome/grafo2521.37.graphml,37,39,C,repaired,3,4,3,bound,49,0.001,1,
rome,rome/rome/grafo2525.16.graphml,16,19,C,repaired,3,3,3,bound,0,0.0,1,
rome,rome/rome/grafo2526.13.graphml,13,15,C,repaired,2,2,2,bound,0,0.0,1,
rome,rome/rome/grafo2527.14.graphml,14,15,C,repaired,2,2,2,bound,0,0.0,1,
rome,rome/rome/grafo2528.37.graphml,37,50,C,repaired,3,5,4,refutation,418,0.002,1,
rome,rome/rome/grafo253.15.graphml,15,15,C,repaired,2,2,2,bound,0,0.0,1,
rome,rome/rome/grafo2533.18.graphml,18,19,C,repaired,2,2,2,bound,0,0.001,1,
rome,rome/rome/grafo2529.40.graphml,40,48,C,repaired,3,4,4,refutation,819,0.009,1,
rome,rome/rome/grafo2530.38.graphml,38,52,C,repaired,3,5,5,refutation,1184,0.004,1,
rome,rome/rome/grafo2531.41.graphml,41,56,C,repaired,4,6,5,refutation,2580,0.008,1,
rome,rome/rome/grafo2532.14.graphml,14,15,C,repaired,2,2,2,bound,0,0.004,1,
rome,rome/rome/grafo2536.25.graphml,25,29,C,repaired,3,4,3,bound,19,0.001,1,
rome,rome/rome/grafo2537.16.graphml,16,19,C,repaired,2,2,2,bound,0,0.0,1,
rome,rome/rome/grafo2538.10.graphml,10,10,C,repaired,2,2,2,bound,0,0.0,1,
rome,rome/rome/grafo2534.22.graphml,22,25,C,repaired,3,3,3,bound,0,0.001,1,
rome,rome/rome/grafo2535.48.graphml,48,59,C,repaired,4,5,5,refutation,4534,0.02,1,
rome,rome/rome/grafo2540.22.graphml,22,25,C,repaired,2,3,3,refutation,73,0.001,1,
rome,rome/rome/grafo2541.14.graphml,14,21,C,repaired,3,4,3,bound,18,0.0,1,
rome,rome/rome/grafo2543.38.graphml,38,42,C,repaired,3,3,3,bound,0,0.001,1,
rome,rome/rome/grafo2544.28.graphml,28,33,C,repaired,3,4,3,bound,46,0.001,1,
rome,rome/rome/grafo2539.32.graphml,32,39,C,repaired,4,4,4,bound,0,0.001,1,
rome,rome/rome/grafo254.10.graphml,10,11,C,repaired,2,2,2,bound,0,0.0,1,
rome,rome/rome/grafo2542.16.graphml,16,21,C,repaired,3,3,3,bound,0,0.0,1,
rome,rome/rome/grafo2545.20.graphml,20,25,C,repaired,2,3,2,bound,16,0.001,1,
rome,rome/rome/grafo2548.38.graphml,38,46,C,repaired,4,5,4,bound,90,0.001,1,
rome,rome/rome/grafo2549.16.graphml,16,20,C,repaired,3,3,3,bound,0,0.0,1,
rome,rome/rome/grafo255.14.graphml,14,16,C,repaired,2,3,2,bound,14,0.001,1,
rome,rome/rome/grafo2551.23.graphml,23,31,C,repaired,3,5,3,bound,51,0.001,1,
rome,rome/rome/grafo2552.22.graphml,22,26,C,repaired,2,3,3,refutation,63,0.001,1,
rome,rome/rome/grafo2546.19.graphml,19,24,C,repaired,3,4,3,bound,16,0.001,1,
rome,rome/rome/grafo2547.17.graphml,17,18,C,repaired,2,2,2,bound,0,0.0,1,
rome,rome/rome/grafo2553.18.graphml,18,19,C,repaired,2,2,2,bound,0,0.0,1,
rome,rome/rome/grafo2554.20.graphml,20,22,C,repaired,2,4,3,refutation,78,0.001,1,
rome,rome/rome/grafo2550.26.graphml,26,29,C,repaired,3,4,3,bound,19,0.004,1,
rome,rome/rome/grafo2555.14.graphml,14,18,C,repaired,2,2,2,bound,0,0.001,1,
rome,rome/rome/grafo2556.18.graphml,18,22,C,repaired,2,3,2,bound,19,0.001,1,
rome,rome/rome/grafo2557.37.graphml,37,40,C,repaired,2,4,3,refutation,289,0.005,1,
rome,rome/rome/grafo2558.34.graphml,34,46,C,repaired,4,5,5,refutation,861,0.007,1,
rome,rome/rome/grafo2559.13.graphml,13,15,C,repaired,2,2,2,bound,0,0.0,1,
rome,rome/rome/grafo2560.15.graphml,15,17,C,repaired,2,2,2,bound,0,0.0,1,
rome,rome/rome/grafo2562.19.graphml,19,28,C,repaired,3,4,4,refutation,91,0.001,1,
rome,rome/rome/grafo2563.14.graphml,14,17,C,repaired,3,3,3,bound,0,0.0,1,
rome,rome/rome/grafo2564.20.graphml,20,22,C,repaired,2,2,2,bound,0,0.001,1,
rome,rome/rome/grafo2565.17.graphml,17,23,C,repaired,3,3,3,bound,0,0.0,1,
rome,rome/rome/grafo2567.13.graphml,13,13,C,repaired,2,2,2,bound,0,0.0,1,
rome,rome/rome/grafo2568.15.graphml,15,16,C,repaired,2,3,2,bound,19,0.001,1,
rome,rome/rome/grafo256.12.graphml,12,11,C,repaired,1,2,2,refutation,12,0.0,1,
rome,rome/rome/grafo2561.14.graphml,14,18,C,repaired,2,3,3,refutation,16,0.0,1,
rome,rome/rome/grafo2566.40.graphml,40,53,C,repaired,4,6,5,refutation,2186,0.008,1,
rome,rome/rome/grafo2569.14.graphml,14,16,C,repaired,2,3,3,refutation,22,0.001,1,
rome,rome/rome/grafo257.10.graphml,10,10,C,repaired,2,2,2,bound,0,0.0,1,
rome,rome/rome/grafo2570.15.graphml,15,22,C,repaired,3,3,3,bound,0,0.001,1,
rome,rome/rome/grafo2574.15.graphml,15,18,C,repaired,3,3,3,bound,0,0.0,1,
rome,rome/rome/grafo2575.13.graphml,13,13,C,repaired,2,2,2,bound,0,0.0,1,
rome,rome/rome/grafo2576.18.graphml,18,25,C,repaired,3,4,3,bound,74,0.001,1,
rome,rome/rome/grafo2572.28.graphml,28,34,C,repaired,2,3,3,refutation,76,0.001,1,
rome,rome/rome/grafo258.13.graphml,13,14,C,repaired,2,2,2,bound,0,0.0,1,
rome,rome/rome/grafo2581.45.graphml,45,54,C,repaired,3,5,4,refutation,792,0.004,1,
rome,rome/rome/grafo2577.17.graphml,17,21,C,repaired,3,3,3,bound,0,0.0,1,
rome,rome/rome/grafo2579.11.graphml,11,11,C,repaired,2,2,2,bound,0,0.0,1,
rome,rome/rome/grafo2582.27.graphml,27,27,C,repaired,2,2,2,bound,0,0.001,1,
rome,rome/rome/grafo2584.16.graphml,16,22,C,repaired,4,4,4,bound,0,0.001,1,
rome,rome/rome/grafo2585.16.graphml,16,18,C,repaired,2,3,2,bound,16,0.001,1,
rome,rome/rome/grafo2580.15.graphml,15,15,C,repaired,2,2,2,bound,0,0.0,1,
rome,rome/rome/grafo2586.15.graphml,15,17,C,repaired,3,3,3,bound,0,0.0,1,
rome,rome/rome/grafo2588.24.graphml,24,28,C,repaired,3,3,3,bound,0,0.001,1,
rome,rome/rome/grafo2589.26.graphml,26,34,C,repaired,4,5,5,refutation,682,0.003,1,
rome,rome/rome/grafo259.12.graphml,12,11,C,repaired,1,1,1,bound,0,0.0,1,
rome,rome/rome/grafo2590.14.graphml,14,14,C,repaired,2,2,2,bound,0,0.0,1,
rome,rome/rome/grafo2571.21.graphml,21,28,C,repaired,3,3,3,bound,0,0.001,1,
rome,rome/rome/grafo2573.35.graphml,35,43,C,repaired,3,5,4,refutation,440,0.008,1,
rome,rome/rome/grafo2595.13.graphml,13,12,C,repaired,1,2,1,bound,13,0.0,1,
rome,rome/rome/grafo2578.34.graphml,34,36,C,repaired,2,3,3,refutation,191,0.001,1,
rome,rome/rome/grafo2583.16.graphml,16,17,C,repaired,2,2,2,bound,0,0.0,1,
rome,rome/rome/grafo2591.15.graphml,15,23,C,repaired,3,3,3,bound,0,0.001,1,
rome,rome/rome/grafo2592.12.graphml,12,16,C,repaired,2,3,3,refutation,14,0.0,1,
rome,rome/rome/grafo2593.40.graphml,40,55,C,repaired,4,6,5,refutation,887,0.004,1,
rome,rome/rome/grafo2594.17.graphml,17,21,C,repaired,3,3,3,bound,0,0.0,1,
rome,rome/rome/grafo2596.25.graphml,25,29,C,repaired,3,4,3,bound,47,0.001,1,
rome,rome/rome/grafo2597.15.graphml,15,17,C,repaired,2,3,2,bound,28,0.001,1,
rome,rome/rome/grafo2598.21.graphml,21,28,C,repaired,4,4,4,bound,0,0.001,1,
rome,rome/rome/grafo2587.24.graphml,24,28,C,repaired,3,4,3,bound,29,0.004,1,
rome,rome/rome/grafo2600.38.graphml,38,46,C,repaired,3,4,4,refutation,453,0.003,1,
rome,rome/rome/grafo2601.17.graphml,17,28,C,repaired,4,4,4,bound,0,0.0,1,
rome,rome/rome/grafo2603.22.graphml,22,27,C,repaired,3,4,3,bound,36,0.001,1,
rome,rome/rome/grafo2602.38.graphml,38,48,C,repaired,3,5,5,refutation,2995,0.012,1,
rome,rome/rome/grafo260.14.graphml,14,15,C,repaired,2,2,2,bound,0,0.0,1,
rome,rome/rome/grafo2605.32.graphml,32,41,C,repaired,3,6,4,refutation,866,0.003,1,
rome,rome/rome/grafo2606.26.graphml,26,32,C,repaired,3,4,3,bound,24,0.001,1,
rome,rome/rome/grafo2607.12.graphml,12,15,C,repaired,2,2,2,bound,0,0.0,1,
rome,rome/rome/grafo2608.18.graphml,18,23,C,repaired,3,3,3,bound,0,0.001,1,
rome,rome/rome/grafo2609.15.graphml,15,19,C,repaired,2,3,2,bound,14,0.001,1,
rome,rome/rome/grafo261.14.graphml,14,15,C,repaired,2,2,2,bound,0,0.0,1,
rome,rome/rome/grafo2610.17.graphml,17,18,C,repaired,2,3,3,refutation,80,0.001,1,
rome,rome/rome/grafo2611.20.graphml,20,19,C,repaired,1,2,2,refutation,22,0.001,1,
rome,rome/rome/grafo2613.15.graphml,15,17,C,repaired,2,3,3,refutation,31,0.001,1,
rome,rome/rome/grafo2614.16.graphml,16,19,C,repaired,2,2,2,bound,0,0.0,1,
rome,rome/rome/grafo2615.17.graphml,17,18,C,repaired,2,2,2,bound,0,0.001,1,
rome,rome/rome/grafo2599.13.graphml,13,17,C,repaired,3,3,3,bound,0,0.0,1,
rome,rome/rome/grafo2604.18.graphml,18,22,C,repaired,3,4,3,bound,18,0.001,1,
rome,rome/rome/grafo2612.37.graphml,37,53,C,repaired,4,6,5,refutation,938,0.007,1,
rome,rome/rome/grafo2616.25.graphml,25,29,C,repaired,2,3,3,refutation,68,0.001,1,
rome,rome/rome/grafo2618.21.graphml,21,26,C,repaired,3,3,3,bound,0,0.001,1,
rome,rome/rome/grafo2619.15.graphml,15,18,C,repaired,2,2,2,bound,0,0.0,1,
rome,rome/rome/grafo2621.14.graphml,14,17,C,repaired,3,3,3,bound,0,0.0,1,
rome,rome/rome/grafo2622.38.graphml,38,52,C,repaired,4,6,5,refutation,1679,0.005,1,
rome,rome/rome/grafo2623.41.graphml,41,53,C,repaired,4,5,5,refutation,2044,0.007,1,
rome,rome/rome/grafo2624.22.graphml,22,27,C,repaired,3,3,3,bound,0,0.001,1,
rome,rome/rome/grafo2626.15.graphml,15,22,C,repaired,3,3,3,bound,0,0.0,1,
rome,rome/rome/grafo2629.30.graphml,30,37,C,repaired,3,4,3,bound,36,0.001,1,
rome,rome/rome/grafo263.11.graphml,11,11,C,repaired,2,2,2,bound,0,0.0,1,
rome,rome/rome/grafo2617.46.graphml,46,55,C,repaired,3,5,4,refutation,1099,0.006,1,
rome,rome/rome/grafo262.11.graphml,11,12,C,repaired,2,2,2,bound,0,0.0,1,
rome,rome/rome/grafo2620.13.graphml,13,16,C,repaired,2,3,3,refutation,20,0.001,1,
rome,rome/rome/grafo2625.14.graphml,14,15,C,repaired,2,3,2,bound,16,0.001,1,
rome,rome/rome/grafo2627.40.graphml,40,49,C,repaired,4,5,5,refutation,4737,0.016,1,
rome,rome/rome/grafo2628.10.graphml,10,11,C,repaired,2,2,2,bound,0,0.0,1,
rome,rome/rome/grafo2630.22.graphml,22,27,C,repaired,3,4,3,bound,28,0.001,1,
rome,rome/rome/grafo2632.19.graphml,19,21,C,repaired,3,3,3,bound,0,0.001,1,
rome,rome/rome/grafo2633.17.graphml,17,24,C,repaired,3,4,3,bound,14,0.001,1,
rome,rome/rome/grafo2634.14.graphml,14,13,C,repaired,1,2,2,refutation,17,0.001,1,
rome,rome/rome/grafo2635.44.graphml,44,51,C,repaired,3,4,4,refutation,915,0.006,1,
rome,rome/rome/grafo2637.21.graphml,21,24,C,repaired,2,3,3,refutation,47,0.001,1,
rome,rome/rome/grafo2638.34.graphml,34,35,C,repaired,2,4,3,refutation,244,0.002,1,
rome,rome/rome/grafo2639.29.graphml,29,43,C,repaired,4,5,5,refutation,1084,0.004,1,
rome,rome/rome/grafo2631.34.graphml,34,42,C,repaired,4,5,4,bound,30,0.01,1,
rome,rome/rome/grafo2636.16.graphml,16,22,C,repaired,3,3,3,bound,0,0.0,1,
rome,rome/rome/grafo2640.19.graphml,19,28,C,repaired,4,4,4,bound,0,0.001,1,
rome,rome/rome/grafo2641.17.graphml,17,23,C,repaired,3,3,3,bound,0,0.0,1,
rome,rome/rome/grafo2642.13.graphml,13,17,C,repaired,3,3,3,bound,0,0.001,1,
rome,rome/rome/grafo2643.19.graphml,19,22,C,repaired,3,3,3,bound,0,0.0,1,
rome,rome/rome/grafo2644.17.graphml,17,19,C,repaired,2,3,2,bound,14,0.001,1,
rome,rome/rome/grafo2645.13.graphml,13,18,C,repaired,3,3,3,bound,0,0.001,1,
rome,rome/rome/grafo264.17.graphml,17,22,C,repaired,3,4,3,bound,18,0.001,1,
rome,rome/rome/grafo2647.17.graphml,17,19,C,repaired,2,3,2,bound,15,0.001,1,
rome,rome/rome/grafo2649.22.graphml,22,28,C,repaired,3,4,3,bound,68,0.001,1,
rome,rome/rome/grafo265.10.graphml,10,12,C,repaired,2,2,2,bound,0,0.0,1,
rome,rome/rome/grafo2650.30.graphml,30,34,C,repaired,3,3,3,bound,0,0.001,1,
rome,rome/rome/grafo2648.27.graphml,27,29,C,repaired,2,3,3,refutation,118,0.001,1,
rome,rome/rome/grafo2651.12.graphml,12,13,C,repaired,2,3,2,bound,10,0.0,1,
rome,rome/rome/grafo2652.16.graphml,16,20,C,repaired,2,3,3,refutation,22,0.001,1,
rome,rome/rome/grafo2653.14.graphml,14,18,C,repaired,3,3,3,bound,0,0.0,1,
rome,rome/rome/grafo2654.33.graphml,33,49,C,repaired,4,5,5,refutation,1127,0.006,1,
rome,rome/rome/grafo2656.49.graphml,49,59,C,repaired,3,5,5,refutation,4980,0.014,1,
rome,rome/rome/grafo2646.16.graphml,16,27,C,repaired,3,3,3,bound,0,0.0,1,
rome,rome/rome/grafo2657.49.graphml,49,59,C,repaired,3,5,5,refutation,4980,0.019,1,
rome,rome/rome/grafo2658.18.graphml,18,21,C,repaired,2,3,3,refutation,57,0.001,1,
rome,rome/rome/grafo266.13.graphml,13,14,C,repaired,2,3,2,bound,10,0.001,1,
rome,rome/rome/grafo2660.22.graphml,22,27,C,repaired,3,4,3,bound,16,0.001,1,
rome,rome/rome/grafo2661.22.graphml,22,30,C,repaired,3,4,4,refutation,112,0.001,1,
rome,rome/rome/grafo2662.19.graphml,19,21,C,repaired,2,2,2,bound,0,0.0,1,
rome,rome/rome/grafo2663.12.graphml,12,13,C,repaired,2,2,2,bound,0,0.0,1,
rome,rome/rome/grafo2664.21.graphml,21,25,C,repaired,3,4,3,bound,22,0.001,1,
rome,rome/rome/grafo2665.12.graphml,12,12,C,repaired,2,2,2,bound,0,0.0,1,
rome,rome/rome/grafo2667.22.graphml,22,22,C,repaired,2,3,2,bound,17,0.001,1,
rome,rome/rome/grafo2668.12.graphml,12,13,C,repaired,2,2,2,bound,0,0.0,1,
rome,rome/rome/grafo2669.13.graphml,13,17,C,repaired,2,3,2,bound,12,0.0,1,
rome,rome/rome/grafo2672.34.graphml,34,40,C,repaired,3,4,4,refutation,439,0.002,1,
rome,rome/rome/grafo2655.18.graphml,18,26,C,repaired,3,3,3,bound,0,0.006,1,
rome,rome/rome/grafo2659.13.graphml,13,16,C,repaired,2,3,2,bound,11,0.0,1,
rome,rome/rome/grafo2666.61.graphml,61,68,C,repaired,3,5,5,refutation,19328,0.047,1,
rome,rome/rome/grafo2670.20.graphml,20,28,C,repaired,4,4,4,bound,0,0.001,1,
rome,rome/rome/grafo2673.11.graphml,11,11,C,repaired,2,2,2,bound,0,0.0,1,
rome,rome/rome/grafo2675.12.graphml,12,14,C,repaired,2,2,2,bound,0,0.0,1,
rome,rome/rome/grafo2676.22.graphml,22,26,C,repaired,2,3,3,refutation,52,0.001,1,
rome,rome/rome/grafo2677.21.graphml,21,27,C,repaired,3,4,4,refutation,68,0.001,1,
rome,rome/rome/grafo2678.37.graphml,37,45,C,repaired,3,4,4,refutation,408,0.003,1,
rome,rome/rome/grafo268.15.graphml,15,15,C,repaired,2,2,2,bound,0,0.0,1,
rome,rome/rome/grafo2680.17.graphml,17,22,C,repaired,2,2,2,bound,0,0.0,1,
rome,rome/rome/grafo267.11.graphml,11,11,C,repaired,2,2,2,bound,0,0.0,1,
rome,rome/rome/grafo2671.24.graphml,24,25,C,repaired,2,3,2,bound,48,0.001,1,
rome,rome/rome/grafo2674.18.graphml,18,23,C,repaired,3,4,4,refutation,89,0.001,1,
rome,rome/rome/grafo2681.15.graphml,15,23,C,repaired,3,3,3,bound,0,0.0,1,
rome,rome/rome/grafo2679.17.graphml,17,19,C,repaired,2,3,3,refutation,47,0.001,1,
rome,rome/rome/grafo2684.33.graphml,33,38,C,repaired,3,4,3,bound,200,0.002,1,
rome,rome/rome/grafo2685.44.graphml,44,52,C,repaired,3,4,4,refutation,766,0.004,1,
rome,rome/rome/grafo2687.33.graphml,33,46,C,repaired,4,5,5,refutation,1068,0.005,1,
rome,rome/rome/grafo2688.17.graphml,17,25,C,repaired,3,3,3,bound,0,0.0,1,
rome,rome/rome/grafo2689.21.graphml,21,28,C,repaired,3,4,3,bound,54,0.001,1,
rome,rome/rome/grafo2691.23.graphml,23,31,C,repaired,3,4,3,bound,21,0.001,1,
rome,rome/rome/grafo2682.17.graphml,17,19,C,repaired,2,3,3,refutation,43,0.001,1,
rome,rome/rome/grafo269.12.graphml,12,12,C,repaired,2,2,2,bound,0,0.0,1,
rome,rome/rome/grafo2690.41.graphml,41,57,C,repaired,4,5,5,refutation,775,0.004,1,
rome,rome/rome/grafo2693.13.graphml,13,13,C,repaired,2,2,2,bound,0,0.0,1,
rome,rome/rome/grafo2696.26.graphml,26,32,C,repaired,3,3,3,bound,0,0.001,1,
rome,rome/rome/grafo2683.13.graphml,13,15,C,repaired,3,3,3,bound,0,0.0,1,
rome,rome/rome/grafo2686.44.graphml,44,52,C,repaired,3,4,4,refutation,766,0.008,1,
rome,rome/rome/grafo2695.43.graphml,43,52,C,repaired,3,5,4,refutation,838,0.005,1,
rome,rome/rome/grafo2699.30.graphml,30,38,C,repaired,3,4,3,bound,23,0.001,1,
rome,rome/rome/grafo270.20.graphml,20,30,C,repaired,3,3,3,bound,0,0.001,1,
rome,rome/rome/grafo2701.20.graphml,20,26,C,repaired,3,4,4,refutation,79,0.001,1,
rome,rome/rome/grafo2702.24.graphml,24,36,C,repaired,4,5,4,bound,55,0.001,1,
rome,rome/rome/grafo2694.65.graphml,65,78,C,repaired,5,6,5,bound,540,0.016,1,
rome,rome/rome/grafo2703.36.graphml,36,43,C,repaired,3,4,4,refutation,539,0.004,1,
rome,rome/rome/grafo2700.25.graphml,25,28,C,repaired,3,3,3,bound,0,0.005,1,
rome,rome/rome/grafo2704.25.graphml,25,32,C,repaired,3,4,3,bound,19,0.001,1,
rome,rome/rome/grafo2697.16.graphml,16,20,C,repaired,3,3,3,bound,0,0.007,1,
rome,rome/rome/grafo2698.16.graphml,16,18,C,repaired,2,3,3,refutation,60,0.001,1,
rome,rome/rome/grafo2705.15.graphml,15,16,C,repaired,2,3,2,bound,12,0.0,1,
rome,rome/rome/grafo2708.39.graphml,39,48,C,repaired,4,5,4,bound,60,0.002,1,
rome,rome/rome/grafo2710.41.graphml,41,49,C,repaired,3,5,4,refutation,1354,0.005,1,
rome,rome/rome/grafo2712.23.graphml,23,30,C,repaired,3,4,3,bound,36,0.003,1,
rome,rome/rome/grafo2706.13.graphml,13,14,C,repaired,2,2,2,bound,0,0.0,1,
rome,rome/rome/grafo2707.12.graphml,12,14,C,repaired,2,2,2,bound,0,0.0,1,
rome,rome/rome/grafo2709.15.graphml,15,17,C,repaired,2,2,2,bound,0,0.0,1,
rome,rome/rome/grafo2692.85.graphml,85,108,C,repaired,4,6,6,refutation,102771,0.148,1,
rome,rome/rome/grafo2713.37.graphml,37,48,C,repaired,4,5,4,bound,62,0.002,1,
rome,rome/rome/grafo2714.11.graphml,11,11,C,repaired,2,2,2,bound,0,0.0,1,
rome,rome/rome/grafo271.53.graphml,53,67,C,repaired,4,6,6,refutation,13543,0.039,1,
rome,rome/rome/grafo2711.68.graphml,68,82,C,repaired,4,6,5,refutation,18162,0.047,1,
rome,rome/rome/grafo2719.21.graphml,21,26,C,repaired,3,3,3,bound,0,0.001,1,
rome,rome/rome/grafo272.14.graphml,14,13,C,repaired,1,2,2,refutation,14,0.001,1,
rome,rome/rome/grafo2715.18.graphml,18,21,C,repaired,3,3,3,bound,0,0.002,1,
rome,rome/rome/grafo2716.14.graphml,14,19,C,repaired,3,3,3,bound,0,0.0,1,
rome,rome/rome/grafo2717.17.graphml,17,18,C,repaired,2,3,2,bound,12,0.001,1,
rome,rome/rome/grafo2718.20.graphml,20,28,C,repaired,4,4,4,bound,0,0.001,1,
rome,rome/rome/grafo2720.14.graphml,14,17,C,repaired,2,3,2,bound,13,0.0,1,
rome,rome/rome/grafo2721.27.graphml,27,27,C,repaired,2,3,2,bound,18,0.001,1,
rome,rome/rome/grafo2722.24.graphml,24,31,C,repaired,3,4,3,bound,70,0.001,1,
rome,rome/rome/grafo2723.18.graphml,18,28,C,repaired,4,4,4,bound,0,0.001,1,
rome,rome/rome/grafo2724.23.graphml,23,29,C,repaired,3,4,4,refutation,156,0.004,1,
rome,rome/rome/grafo2725.38.graphml,38,47,C,repaired,4,5,5,refutation,2011,0.008,1,
rome,rome/rome/grafo2727.33.graphml,33,40,C,repaired,3,5,3,bound,188,0.002,1,
rome,rome/rome/grafo2728.16.graphml,16,17,C,repaired,2,3,3,refutation,54,0.001,1,
rome,rome/rome/grafo2729.40.graphml,40,46,C,repaired,3,5,4,refutation,697,0.004,1,
rome,rome/rome/grafo273.11.graphml,11,10,C,repaired,1,1,1,bound,0,0.0,1,
rome,rome/rome/grafo2730.15.graphml,15,15,C,repaired,2,2,2,bound,0,0.0,1,
rome,rome/rome/grafo2726.38.graphml,38,53,C,repaired,5,6,5,bound,32,0.002,1,
rome,rome/rome/grafo2731.18.graphml,18,23,C,repaired,3,4,3,bound,16,0.001,1,
rome,rome/rome/grafo2732.37.graphml,37,48,C,repaired,4,5,5,refutation,998,0.005,1,
rome,rome/rome/grafo2733.14.graphml,14,16,C,repaired,3,3,3,bound,0,0.0,1,
rome,rome/rome/grafo2735.36.graphml,36,45,C,repaired,3,4,3,bound,79,0.002,1,
rome,rome/rome/grafo2736.16.graphml,16,19,C,repaired,2,3,3,refutation,26,0.001,1,
rome,rome/rome/grafo2737.41.graphml,41,54,C,repaired,3,6,5,refutation,2456,0.008,1,
rome,rome/rome/grafo2739.23.graphml,23,28,C,repaired,3,4,3,bound,20,0.001,1,
rome,rome/rome/grafo2740.15.graphml,15,21,C,repaired,3,4,3,bound,20,0.001,1,
rome,rome/rome/grafo2742.39.graphml,39,52,C,repaired,4,5,5,refutation,2710,0.009,1,
rome,rome/rome/grafo2743.39.graphml,39,52,C,repaired,4,5,4,bound,36,0.002,1,
rome,rome/rome/grafo2734.25.graphml,25,28,C,repaired,3,3,3,bound,0,0.001,1,
rome,rome/rome/grafo2738.14.graphml,14,23,C,repaired,3,3,3,bound,0,0.001,1,
rome,rome/rome/grafo274.17.graphml,17,17,C,repaired,2,2,2,bound,0,0.0,1,
rome,rome/rome/grafo2745.17.graphml,17,19,C,repaired,2,3,3,refutation,52,0.001,1,
rome,rome/rome/grafo2746.38.graphml,38,44,C,repaired,3,4,4,refutation,1681,0.006,1,
rome,rome/rome/grafo2747.16.graphml,16,19,C,repaired,2,2,2,bound,0,0.0,1,
rome,rome/rome/grafo2748.22.graphml,22,29,C,repaired,3,4,3,bound,45,0.001,1,
rome,rome/rome/grafo2741.29.graphml,29,40,C,repaired,4,5,4,bound,401,0.002,1,
rome,rome/rome/grafo2744.18.graphml,18,24,C,repaired,3,3,3,bound,0,0.0,1,
rome,rome/rome/grafo2749.33.graphml,33,40,C,repaired,3,5,4,refutation,308,0.005,1,
rome,rome/rome/grafo275.16.graphml,16,18,C,repaired,2,3,3,refutation,26,0.001,1,
rome,rome/rome/grafo2750.17.graphml,17,17,C,repaired,2,2,2,bound,0,0.0,1,
rome,rome/rome/grafo2751.16.graphml,16,25,C,repaired,3,4,4,refutation,20,0.001,1,
rome,rome/rome/grafo2752.15.graphml,15,24,C,repaired,4,4,4,bound,0,0.0,1,
rome,rome/rome/grafo2753.18.graphml,18,24,C,repaired,3,3,3,bound,0,0.001,1,
rome,rome/rome/grafo2754.16.graphml,16,24,C,repaired,3,3,3,bound,0,0.0,1,
rome,rome/rome/grafo2755.25.graphml,25,32,C,repaired,3,4,3,bound,27,0.001,1,
rome,rome/rome/grafo2756.21.graphml,21,26,C,repaired,3,4,4,refutation,136,0.001,1,
rome,rome/rome/grafo2757.38.graphml,38,52,C,repaired,4,5,5,refutation,757,0.003,1,
rome,rome/rome/grafo276.17.graphml,17,20,C,repaired,3,3,3,bound,0,0.001,1,
rome,rome/rome/grafo2760.32.graphml,32,38,C,repaired,3,4,3,bound,62,0.001,1,
rome,rome/rome/grafo2761.37.graphml,37,45,C,repaired,3,4,3,bound,234,0.002,1,
rome,rome/rome/grafo2763.20.graphml,20,21,C,repaired,2,2,2,bound,0,0.0,1,
rome,rome/rome/grafo2758.17.graphml,17,20,C,repaired,2,3,3,refutation,38,0.0,1,
rome,rome/rome/grafo2759.16.graphml,16,18,C,repaired,2,2,2,bound,0,0.0,1,
rome,rome/rome/grafo2764.16.graphml,16,25,C,repaired,4,4,4,bound,0,0.0,1,
rome,rome/rome/grafo2767.20.graphml,20,22,C,repaired,2,2,2,bound,0,0.0,1,
rome,rome/rome/grafo2768.18.graphml,18,23,C,repaired,2,3,3,refutation,26,0.001,1,
rome,rome/rome/grafo2770.24.graphml,24,29,C,repaired,3,4,3,bound,35,0.001,1,
rome,rome/rome/grafo2765.18.graphml,18,22,C,repaired,2,3,2,bound,22,0.001,1,
rome,rome/rome/grafo2766.26.graphml,26,32,C,repaired,3,4,4,refutation,303,0.006,1,
rome,rome/rome/grafo2769.23.graphml,23,27,C,repaired,3,3,3,bound,0,0.0,1,
rome,rome/rome/grafo277.13.graphml,13,15,C,repaired,2,3,2,bound,19,0.001,1,
rome,rome/rome/grafo2771.33.graphml,33,42,C,repaired,3,4,3,bound,32,0.001,1,
rome,rome/rome/grafo2772.14.graphml,14,14,C,repaired,2,2,2,bound,0,0.0,1,
rome,rome/rome/grafo2773.14.graphml,14,15,C,repaired,2,3,3,refutation,25,0.001,1,
rome,rome/rome/grafo2774.26.graphml,26,26,C,repaired,2,2,2,bound,0,0.001,1,
rome,rome/rome/grafo2775.25.graphml,25,26,C,repaired,2,3,3,refutation,186,0.001,1,
rome,rome/rome/grafo2777.37.graphml,37,47,C,repaired,3,5,4,refutation,488,0.003,1,
rome,rome/rome/grafo278.12.graphml,12,16,C,repaired,3,4,3,bound,12,0.0,1,
rome,rome/rome/grafo2780.17.graphml,17,23,C,repaired,3,4,3,bound,17,0.001,1,
rome,rome/rome/grafo2783.15.graphml,15,17,C,repaired,2,3,3,refutation,43,0.001,1,
rome,rome/rome/grafo2784.16.graphml,16,20,C,repaired,3,3,3,bound,0,0.0,1,
rome,rome/rome/grafo2785.14.graphml,14,17,C,repaired,2,2,2,bound,0,0.0,1,
rome,rome/rome/grafo2786.37.graphml,37,53,C,repaired,4,6,5,refutation,1174,0.006,1,
rome,rome/rome/grafo2781.41.graphml,41,61,C,repaired,5,6,6,refutation,4439,0.016,1,
rome,rome/rome/grafo2782.17.graphml,17,19,C,repaired,2,3,2,bound,20,0.0,1,
rome,rome/rome/grafo2787.24.graphml,24,35,C,repaired,4,5,5,refutation,395,0.005,1,
rome,rome/rome/grafo2788.49.graphml,49,57,C,repaired,3,4,4,refutation,2402,0.004,1,
rome,rome/rome/grafo2789.23.graphml,23,29,C,repaired,3,4,3,bound,126,0.001,1,
rome,rome/rome/grafo279.16.graphml,16,19,C,repaired,3,3,3,bound,0,0.001,1,
rome,rome/rome/grafo2790.16.graphml,16,18,C,repaired,2,3,3,refutation,47,0.001,1,
rome,rome/rome/grafo2793.21.graphml,21,20,C,repaired,1,2,2,refutation,24,0.001,1,
rome,rome/rome/grafo2776.20.graphml,20,24,C,repaired,3,4,4,refutation,146,0.001,1,
rome,rome/rome/grafo2779.27.graphml,27,28,C,repaired,2,4,2,bound,49,0.012,1,
rome,rome/rome/grafo2799.16.graphml,16,22,C,repaired,3,4,3,bound,27,0.001,1,
rome,rome/rome/grafo280.11.graphml,11,12,C,repaired,2,2,2,bound,0,0.0,1,
rome,rome/rome/grafo2801.22.graphml,22,24,C,repaired,2,3,2,bound,37,0.001,1,
rome,rome/rome/grafo2792.11.graphml,11,11,C,repaired,2,2,2,bound,0,0.0,1,
rome,rome/rome/grafo2796.19.graphml,19,22,C,repaired,3,3,3,bound,0,0.0,1,
rome,rome/rome/grafo2797.15.graphml,15,17,C,repaired,2,3,2,bound,14,0.0,1,
rome,rome/rome/grafo2798.16.graphml,16,18,C,repaired,2,2,2,bound,0,0.0,1,
rome,rome/rome/grafo2800.24.graphml,24,27,C,repaired,2,3,3,refutation,109,0.001,1,
rome,rome/rome/grafo2802.17.graphml,17,20,C,repaired,2,2,2,bound,0,0.0,1,
rome,rome/rome/grafo2791.15.graphml,15,15,C,repaired,2,2,2,bound,0,0.0,1,
rome,rome/rome/grafo2794.53.graphml,53,73,C,repaired,5,7,7,refutation,59308,0.088,1,
rome,rome/rome/grafo2795.25.graphml,25,31,C,repaired,3,4,3,bound,56,0.001,1,
rome,rome/rome/grafo2803.14.graphml,14,15,C,repaired,2,2,2,bound,0,0.0,1,
rome,rome/rome/grafo2804.19.graphml,19,26,C,repaired,3,4,4,refutation,87,0.001,1,
rome,rome/rome/grafo2805.18.graphml,18,25,C,repaired,4,4,4,bound,0,0.001,1,
rome,rome/rome/grafo2807.22.graphml,22,27,C,repaired,3,4,3,bound,23,0.001,1,
rome,rome/rome/grafo2809.11.graphml,11,11,C,repaired,2,2,2,bound,0,0.0,1,
rome,rome/rome/grafo2762.76.graphml,76,98,C,repaired,5,7,7,refutation,369936,0.319,1,
rome,rome/rome/grafo2806.15.graphml,15,16,C,repaired,2,2,2,bound,0,0.0,1,
rome,rome/rome/grafo2811.29.graphml,29,40,C,repaired,4,5,4,bound,40,0.001,1,
rome,rome/rome/grafo2812.11.graphml,11,11,C,repaired,2,2,2,bound,0,0.0,1,
rome,rome/rome/grafo2808.37.graphml,37,44,C,repaired,3,4,4,refutation,640,0.009,1,
rome,rome/rome/grafo281.14.graphml,14,13,C,repaired,1,3,2,refutation,29,0.001,1,
rome,rome/rome/grafo2813.25.graphml,25,29,C,repaired,3,3,3,bound,0,0.001,1,
rome,rome/rome/grafo2814.21.graphml,21,24,C,repaired,3,3,3,bound,0,0.001,1,
rome,rome/rome/grafo2815.35.graphml,35,43,C,repaired,3,4,4,refutation,516,0.005,1,
rome,rome/rome/grafo2816.18.graphml,18,28,C,repaired,3,3,3,bound,0,0.0,1,
rome,rome/rome/grafo2817.15.graphml,15,16,C,repaired,2,2,2,bound,0,0.0,1,
rome,rome/rome/grafo2818.18.graphml,18,21,C,repaired,2,3,3,refutation,77,0.001,1,
rome,rome/rome/grafo2810.12.graphml,12,11,C,repaired,1,2,1,bound,12,0.0,1,
rome,rome/rome/grafo2819.22.graphml,22,25,C,repaired,2,3,3,refutation,48,0.001,1,
rome,rome/rome/grafo282.14.graphml,14,18,C,repaired,3,3,3,bound,0,0.0,1,
rome,rome/rome/grafo2820.14.graphml,14,14,C,repaired,2,2,2,bound,0,0.0,1,
rome,rome/rome/grafo2821.22.graphml,22,30,C,repaired,4,4,4,bound,0,0.001,1,
rome,rome/rome/grafo2822.36.graphml,36,43,C,repaired,3,4,4,refutation,386,0.003,1,
rome,rome/rome/grafo2823.17.graphml,17,21,C,repaired,3,3,3,bound,0,0.0,1,
rome,rome/rome/grafo2824.12.graphml,12,14,C,repaired,2,2,2,bound,0,0.0,1,
rome,rome/rome/grafo2825.18.graphml,18,19,C,repaired,2,2,2,bound,0,0.0,1,
rome,rome/rome/grafo2828.33.graphml,33,37,C,repaired,3,4,4,refutation,727,0.003,1,
rome,rome/rome/grafo2826.37.graphml,37,51,C,repaired,4,6,5,refutation,1019,0.004,1,
rome,rome/rome/grafo283.24.graphml,24,28,C,repaired,3,4,3,bound,41,0.001,1,
rome,rome/rome/grafo2830.14.graphml,14,15,C,repaired,2,2,2,bound,0,0.003,1,
rome,rome/rome/grafo2832.13.graphml,13,14,C,repaired,2,2,2,bound,0,0.0,1,
rome,rome/rome/grafo2834.24.graphml,24,28,C,repaired,2,3,3,refutation,114,0.001,1,
rome,rome/rome/grafo2835.17.graphml,17,20,C,repaired,3,3,3,bound,0,0.0,1,
rome,rome/rome/grafo2827.37.graphml,37,48,C,repaired,4,5,5,refutation,2932,0.009,1,
rome,rome/rome/grafo2829.17.graphml,17,20,C,repaired,3,3,3,bound,0,0.0,1,
rome,rome/rome/grafo2831.21.graphml,21,33,C,repaired,3,4,4,refutation,59,0.001,1,
rome,rome/rome/grafo2833.21.graphml,21,24,C,repaired,3,3,3,bound,0,0.001,1,
rome,rome/rome/grafo2837.25.graphml,25,27,C,repaired,2,3,2,bound,59,0.001,1,
rome,rome/rome/grafo2836.39.graphml,39,44,C,repaired,3,4,3,bound,34,0.004,1,
rome,rome/rome/grafo2838.36.graphml,36,41,C,repaired,3,4,3,bound,253,0.002,1,
rome,rome/rome/grafo2839.37.graphml,37,47,C,repaired,4,4,4,bound,0,0.001,1,
rome,rome/rome/grafo284.28.graphml,28,36,C,repaired,3,4,4,refutation,420,0.002,1,
rome,rome/rome/grafo2840.27.graphml,27,34,C,repaired,4,5,4,bound,23,0.001,1,
rome,rome/rome/grafo2841.17.graphml,17,21,C,repaired,2,3,3,refutation,23,0.001,1,
rome,rome/rome/grafo2842.13.graphml,13,13,C,repaired,2,2,2,bound,0,0.0,1,
rome,rome/rome/grafo2843.43.graphml,43,51,C,repaired,3,4,4,refutation,578,0.004,1,
rome,rome/rome/grafo2846.21.graphml,21,30,C,repaired,3,4,4,refutation,125,0.001,1,
rome,rome/rome/grafo2847.18.graphml,18,20,C,repaired,2,2,2,bound,0,0.0,1,
rome,rome/rome/grafo2848.40.graphml,40,48,C,repaired,4,6,5,refutation,3317,0.011,1,
rome,rome/rome/grafo285.14.graphml,14,19,C,repaired,3,3,3,bound,0,0.0,1,
rome,rome/rome/grafo2844.19.graphml,19,30,C,repaired,4,4,4,bound,0,0.0,1,
rome,rome/rome/grafo2845.14.graphml,14,16,C,repaired,2,2,2,bound,0,0.0,1,
rome,rome/rome/grafo2850.14.graphml,14,17,C,repaired,3,3,3,bound,0,0.001,1,
rome,rome/rome/grafo2852.16.graphml,16,18,C,repaired,2,3,2,bound,14,0.001,1,
rome,rome/rome/grafo2853.23.graphml,23,34,C,repaired,4,5,5,refutation,280,0.002,1,
rome,rome/rome/grafo2854.23.graphml,23,29,C,repaired,3,4,3,bound,19,0.001,1,
rome,rome/rome/grafo2855.12.graphml,12,17,C,repaired,3,4,3,bound,11,0.0,1,
rome,rome/rome/grafo2857.27.graphml,27,31,C,repaired,3,3,3,bound,0,0.001,1,
rome,rome/rome/grafo2858.19.graphml,19,22,C,repaired,2,3,3,refutation,52,0.001,1,
rome,rome/rome/grafo2859.37.graphml,37,41,C,repaired,3,4,3,bound,181,0.002,1,
rome,rome/rome/grafo2849.17.graphml,17,19,C,repaired,2,3,3,refutation,55,0.001,1,
rome,rome/rome/grafo2851.40.graphml,40,52,C,repaired,4,5,5,refutation,1194,0.005,1,
rome,rome/rome/grafo2856.16.graphml,16,18,C,repaired,2,3,3,refutation,48,0.001,1,
rome,rome/rome/grafo286.18.graphml,18,20,C,repaired,2,3,2,bound,21,0.001,1,
rome,rome/rome/grafo2860.18.graphml,18,21,C,repaired,2,3,3,refutation,48,0.001,1,
rome,rome/rome/grafo2861.16.graphml,16,15,C,repaired,1,2,2,refutation,19,0.001,1,
rome,rome/rome/grafo2862.17.graphml,17,21,C,repaired,3,3,3,bound,0,0.001,1,
rome,rome/rome/grafo2863.40.graphml,40,50,C,repaired,3,4,4,refutation,541,0.003,1,
rome,rome/rome/grafo2865.36.graphml,36,45,C,repaired,4,4,4,bound,0,0.001,1,
rome,rome/rome/grafo2867.12.graphml,12,16,C,repaired,2,2,2,bound,0,0.0,1,
rome,rome/rome/grafo2869.37.graphml,37,41,C,repaired,2,4,3,refutation,243,0.002,1,
rome,rome/rome/grafo287.19.graphml,19,23,C,repaired,2,4,3,refutation,63,0.001,1,
rome,rome/rome/grafo2864.39.graphml,39,57,C,repaired,5,7,6,refutation,4057,0.024,1,
rome,rome/rome/grafo2868.17.graphml,17,28,C,repaired,4,4,4,bound,0,0.001,1,
rome,rome/rome/grafo2871.17.graphml,17,16,C,repaired,1,2,2,refutation,16,0.001,1,
rome,rome/rome/grafo2873.21.graphml,21,25,C,repaired,3,3,3,bound,0,0.001,1,
rome,rome/rome/grafo2874.50.graphml,50,54,C,repaired,2,4,3,refutation,472,0.004,1,
rome,rome/rome/grafo2875.22.graphml,22,27,C,repaired,3,3,3,bound,0,0.001,1,
rome,rome/rome/grafo2870.14.graphml,14,17,C,repaired,3,3,3,bound,0,0.0,1,
rome,rome/rome/grafo2872.13.graphml,13,16,C,repaired,3,3,3,bound,0,0.003,1,
rome,rome/rome/grafo2876.27.graphml,27,32,C,repaired,3,4,3,bound,24,0.001,1,
rome,rome/rome/grafo2877.36.graphml,36,53,C,repaired,4,6,6,refutation,2891,0.01,1,
rome,rome/rome/grafo2878.19.graphml,19,33,C,repaired,4,5,5,refutation,85,0.001,1,
rome,rome/rome/grafo288.15.graphml,15,16,C,repaired,2,2,2,bound,0,0.0,1,
rome,rome/rome/grafo2880.16.graphml,16,18,C,repaired,2,2,2,bound,0,0.0,1,
rome,rome/rome/grafo2866.17.graphml,17,24,C,repaired,3,4,3,bound,13,0.0,1,
rome,rome/rome/grafo2879.27.graphml,27,31,C,repaired,3,4,3,bound,23,0.001,1,
rome,rome/rome/grafo2881.65.graphml,65,76,C,repaired,4,5,4,bound,3495,0.014,1,
rome,rome/rome/grafo2882.17.graphml,17,18,C,repaired,2,2,2,bound,0,0.0,1,
rome,rome/rome/grafo2883.15.graphml,15,16,C,repaired,2,3,2,bound,26,0.001,1,
rome,rome/rome/grafo2885.16.graphml,16,18,C,repaired,2,3,2,bound,13,0.001,1,
rome,rome/rome/grafo2884.18.graphml,18,25,C,repaired,3,4,4,refutation,81,0.001,1,
rome,rome/rome/grafo2886.21.graphml,21,22,C,repaired,2,3,2,bound,24,0.001,1,
rome,rome/rome/grafo2888.27.graphml,27,34,C,repaired,3,4,3,bound,51,0.001,1,
rome,rome/rome/grafo2889.18.graphml,18,22,C,repaired,3,4,3,bound,16,0.001,1,
rome,rome/rome/grafo289.40.graphml,40,50,C,repaired,3,4,4,refutation,523,0.003,1,
rome,rome/rome/grafo2890.12.graphml,12,14,C,repaired,2,2,2,bound,0,0.0,1,
rome,rome/rome/grafo2894.13.graphml,13,16,C,repaired,2,3,3,refutation,19,0.001,1,
rome,rome/rome/grafo2887.15.graphml,15,17,C,repaired,2,3,2,bound,15,0.0,1,
rome,rome/rome/grafo2891.17.graphml,17,21,C,repaired,2,3,3,refutation,35,0.004,1,
rome,rome/rome/grafo2893.16.graphml,16,19,C,repaired,3,3,3,bound,0,0.0,1,
rome,rome/rome/grafo2895.15.graphml,15,17,C,repaired,2,2,2,bound,0,0.0,1,
rome,rome/rome/grafo2900.14.graphml,14,14,C,repaired,2,2,2,bound,0,0.0,1,
rome,rome/rome/grafo2903.15.graphml,15,16,C,repaired,2,3,2,bound,13,0.0,1,
rome,rome/rome/grafo2896.10.graphml,10,10,C,repaired,2,2,2,bound,0,0.001,1,
rome,rome/rome/grafo2897.29.graphml,29,33,C,repaired,3,4,3,bound,24,0.004,1,
rome,rome/rome/grafo2901.13.graphml,13,15,C,repaired,2,3,2,bound,12,0.0,1,
rome,rome/rome/grafo2899.34.graphml,34,43,C,repaired,3,4,4,refutation,304,0.002,1,
rome,rome/rome/grafo290.18.graphml,18,19,C,repaired,2,2,2,bound,0,0.0,1,
rome,rome/rome/grafo2892.41.graphml,41,47,C,repaired,3,4,3,bound,68,0.001,1,
rome,rome/rome/grafo2898.14.graphml,14,18,C,repaired,3,3,3,bound,0,0.0,1,
rome,rome/rome/grafo2902.17.graphml,17,26,C,repaired,3,4,4,refutation,82,0.001,1,
rome,rome/rome/grafo2904.37.graphml,37,54,C,repaired,3,5,4,refutation,253,0.002,1,
rome,rome/rome/grafo2905.47.graphml,47,52,C,repaired,3,5,3,bound,99,0.002,1,
rome,rome/rome/grafo2906.21.graphml,21,24,C,repaired,2,3,3,refutation,46,0.001,1,
rome,rome/rome/grafo2907.18.graphml,18,21,C,repaired,2,3,3,refutation,37,0.001,1,
rome,rome/rome/grafo2908.13.graphml,13,12,C,repaired,1,2,2,refutation,14,0.0,1,
rome,rome/rome/grafo2909.28.graphml,28,32,C,repaired,3,4,3,bound,23,0.001,1,
rome,rome/rome/grafo2910.14.graphml,14,16,C,repaired,2,3,3,refutation,32,0.001,1,
rome,rome/rome/grafo2911.15.graphml,15,20,C,repaired,3,3,3,bound,0,0.0,1,
rome,rome/rome/grafo291.20.graphml,20,20,C,repaired,2,2,2,bound,0,0.0,1,
rome,rome/rome/grafo2912.21.graphml,21,24,C,repaired,2,2,2,bound,0,0.001,1,
rome,rome/rome/grafo2913.40.graphml,40,58,C,repaired,5,6,6,refutation,2744,0.01,1,
rome,rome/rome/grafo2915.27.graphml,27,37,C,repaired,4,5,5,refutation,2295,0.007,1,
rome,rome/rome/grafo2918.16.graphml,16,22,C,repaired,3,3,3,bound,0,0.0,1,
rome,rome/rome/grafo2919.14.graphml,14,15,C,repaired,2,3,2,bound,13,0.001,1,
rome,rome/rome/grafo292.16.graphml,16,17,C,repaired,2,2,2,bound,0,0.0,1,
rome,rome/rome/grafo2921.15.graphml,15,17,C,repaired,2,3,3,refutation,25,0.001,1,
rome,rome/rome/grafo2920.22.graphml,22,36,C,repaired,4,4,4,bound,0,0.001,1,
rome,rome/rome/grafo2922.20.graphml,20,24,C,repaired,3,3,3,bound,0,0.0,1,
rome,rome/rome/grafo2923.24.graphml,24,27,C,repaired,2,3,3,refutation,87,0.001,1,
rome,rome/rome/grafo2924.17.graphml,17,22,C,repaired,2,3,3,refutation,38,0.001,1,
rome,rome/rome/grafo2914.63.graphml,63,80,C,repaired,5,6,6,refutation,43080,0.074,1,
rome,rome/rome/grafo2925.36.graphml,36,40,C,repaired,2,3,3,refutation,201,0.002,1,
rome,rome/rome/grafo2926.14.graphml,14,14,C,repaired,2,2,2,bound,0,0.0,1,
rome,rome/rome/grafo2927.13.graphml,13,14,C,repaired,2,2,2,bound,0,0.0,1,
rome,rome/rome/grafo2928.15.graphml,15,17,C,repaired,3,3,3,bound,0,0.0,1,
rome,rome/rome/grafo2929.23.graphml,23,31,C,repaired,3,4,3,bound,27,0.001,1,
rome,rome/rome/grafo293.17.graphml,17,20,C,repaired,2,3,2,bound,22,0.001,1,
rome,rome/rome/grafo2931.11.graphml,11,13,C,repaired,2,2,2,bound,0,0.0,1,
rome,rome/rome/grafo2778.80.graphml,80,101,C,repaired,5,8,7,refutation,831052,1.05,1,
rome,rome/rome/grafo2916.16.graphml,16,25,C,repaired,3,4,3,bound,15,0.004,1,
rome,rome/rome/grafo2917.14.graphml,14,16,C,repaired,2,2,2,bound,0,0.0,1,
rome,rome/rome/grafo2933.16.graphml,16,18,C,repaired,2,3,2,bound,15,0.001,1,
rome,rome/rome/grafo2934.19.graphml,19,21,C,repaired,2,3,2,bound,25,0.001,1,
rome,rome/rome/grafo2935.11.graphml,11,11,C,repaired,2,2,2,bound,0,0.0,1,
rome,rome/rome/grafo2930.35.graphml,35,37,C,repaired,2,3,3,refutation,280,0.002,1,
rome,rome/rome/grafo2938.12.graphml,12,12,C,repaired,2,2,2,bound,0,0.0,1,
rome,rome/rome/grafo2939.19.graphml,19,28,C,repaired,4,5,4,bound,15,0.001,1,
rome,rome/rome/grafo2940.19.graphml,19,22,C,repaired,2,3,3,refutation,47,0.001,1,
rome,rome/rome/grafo2936.12.graphml,12,13,C,repaired,2,3,2,bound,10,0.0,1,
rome,rome/rome/grafo2946.11.graphml,11,11,C,repaired,2,2,2,bound,0,0.0,1,
rome,rome/rome/grafo2932.40.graphml,40,60,C,repaired,5,6,6,refutation,1783,0.011,1,
rome,rome/rome/grafo2945.24.graphml,24,28,C,repaired,3,3,3,bound,0,0.001,1,
rome,rome/rome/grafo2947.37.graphml,37,45,C,repaired,3,5,4,refutation,818,0.005,1,
rome,rome/rome/grafo2948.25.graphml,25,30,C,repaired,3,4,3,bound,26,0.001,1,
rome,rome/rome/grafo2937.25.graphml,25,28,C,repaired,2,3,3,refutation,126,0.004,1,
rome,rome/rome/grafo2943.21.graphml,21,25,C,repaired,3,3,3,bound,0,0.003,1,
rome,rome/rome/grafo2951.19.graphml,19,24,C,repaired,3,3,3,bound,0,0.0,1,
rome,rome/rome/grafo2952.38.graphml,38,45,C,repaired,3,4,4,refutation,585,0.003,1,
rome,rome/rome/grafo2953.11.graphml,11,11,C,repaired,2,2,2,bound,0,0.0,1,
rome,rome/rome/grafo294.21.graphml,21,21,C,repaired,2,3,2,bound,21,0.001,1,
rome,rome/rome/grafo2942.31.graphml,31,32,C,repaired,2,4,2,bound,47,0.001,1,
rome,rome/rome/grafo2944.12.graphml,12,14,C,repaired,2,2,2,bound,0,0.0,1,
rome,rome/rome/grafo2949.12.graphml,12,11,C,repaired,1,2,2,refutation,13,0.001,1,
rome,rome/rome/grafo295.15.graphml,15,21,C,repaired,3,4,4,refutation,83,0.001,1,
rome,rome/rome/grafo2950.27.graphml,27,36,C,repaired,3,5,4,refutation,413,0.005,1,
rome,rome/rome/grafo2941.38.graphml,38,54,C,repaired,4,6,6,refutation,3016,0.027,1,
rome,rome/rome/grafo2955.38.graphml,38,49,C,repaired,4,5,5,refutation,2810,0.012,1,
rome,rome/rome/grafo2957.37.graphml,37,52,C,repaired,4,6,5,refutation,1588,0.007,1,
rome,rome/rome/grafo2958.27.graphml,27,32,C,repaired,3,4,3,bound,26,0.001,1,
rome,rome/rome/grafo2961.26.graphml,26,31,C,repaired,3,3,3,bound,0,0.001,1,
rome,rome/rome/grafo296.28.graphml,28,36,C,repaired,3,4,4,refutation,277,0.005,1,
rome,rome/rome/grafo2966.23.graphml,23,26,C,repaired,3,4,3,bound,22,0.001,1,
rome,rome/rome/grafo2967.47.graphml,47,58,C,repaired,4,5,4,bound,107,0.002,1,
rome,rome/rome/grafo2954.37.graphml,37,50,C,repaired,4,6,5,refutation,1725,0.011,1,
rome,rome/rome/grafo2956.37.graphml,37,39,C,repaired,2,4,3,refutation,347,0.005,1,
rome,rome/rome/grafo2959.38.graphml,38,48,C,repaired,3,5,4,refutation,628,0.004,1,
rome,rome/rome/grafo2960.38.graphml,38,48,C,repaired,4,5,4,bound,114,0.001,1,
rome,rome/rome/grafo2962.33.graphml,33,38,C,repaired,2,4,3,refutation,238,0.002,1,
rome,rome/rome/grafo2963.40.graphml,40,49,C,repaired,3,5,4,refutation,873,0.006,1,
rome,rome/rome/grafo2965.22.graphml,22,25,C,repaired,3,3,3,bound,0,0.001,1,
rome,rome/rome/grafo2968.32.graphml,32,41,C,repaired,4,5,4,bound,37,0.001,1,
rome,rome/rome/grafo297.15.graphml,15,19,C,repaired,3,3,3,bound,0,0.001,1,
rome,rome/rome/grafo2964.11.graphml,11,12,C,repaired,2,2,2,bound,0,0.0,1,
rome,rome/rome/grafo2970.38.graphml,38,51,C,repaired,4,5,4,bound,220,0.007,1,
rome,rome/rome/grafo2971.11.graphml,11,11,C,repaired,2,2,2,bound,0,0.0,1,
rome,rome/rome/grafo2972.25.graphml,25,29,C,repaired,3,3,3,bound,0,0.001,1,
rome,rome/rome/grafo2973.37.graphml,37,45,C,repaired,3,5,4,refutation,587,0.003,1,
rome,rome/rome/grafo2974.36.graphml,36,44,C,repaired,4,5,4,bound,64,0.001,1,
rome,rome/rome/grafo298.20.graphml,20,27,C,repaired,3,3,3,bound,0,0.0,1,
rome,rome/rome/grafo2969.39.graphml,39,57,C,repaired,5,7,6,refutation,8136,0.031,1,
rome,rome/rome/grafo2979.11.graphml,11,11,C,repaired,2,2,2,bound,0,0.0,1,
rome,rome/rome/grafo2980.23.graphml,23,34,C,repaired,4,4,4,bound,0,0.001,1,
rome,rome/rome/grafo2981.26.graphml,26,36,C,repaired,4,4,4,bound,0,0.001,1,
rome,rome/rome/grafo2988.25.graphml,25,29,C,repaired,2,3,3,refutation,73,0.001,1,
rome,rome/rome/grafo2989.20.graphml,20,25,C,repaired,2,3,3,refutation,35,0.001,1,
rome,rome/rome/grafo299.19.graphml,19,21,C,repaired,2,3,3,refutation,56,0.001,1,
rome,rome/rome/grafo2990.35.graphml,35,48,C,repaired,4,5,5,refutation,805,0.003,1,
rome,rome/rome/grafo2991.32.graphml,32,43,C,repaired,3,4,4,refutation,325,0.002,1,
rome,rome/rome/grafo2992.26.graphml,26,28,C,repaired,2,3,3,refutation,92,0.001,1,
rome,rome/rome/grafo2975.40.graphml,40,49,C,repaired,3,4,4,refutation,572,0.002,1,
rome,rome/rome/grafo2976.18.graphml,18,20,C,repaired,2,3,2,bound,15,0.005,1,
rome,rome/rome/grafo2977.25.graphml,25,28,C,repaired,3,3,3,bound,0,0.001,1,
rome,rome/rome/grafo2982.39.graphml,39,52,C,repaired,4,6,5,refutation,2539,0.012,1,
rome,rome/rome/grafo2983.25.graphml,25,28,C,repaired,3,3,3,bound,0,0.001,1,
rome,rome/rome/grafo2984.37.graphml,37,52,C,repaired,4,6,5,refutation,1596,0.004,1,
rome,rome/rome/grafo2985.43.graphml,43,55,C,repaired,4,6,6,refutation,5476,0.018,1,
rome,rome/rome/grafo2986.38.graphml,38,50,C,repaired,4,5,5,refutation,2054,0.007,1,
rome,rome/rome/grafo2987.17.graphml,17,20,C,repaired,2,3,3,refutation,19,0.001,1,
rome,rome/rome/grafo2996.37.graphml,37,47,C,repaired,4,6,4,bound,128,0.005,1,
rome,rome/rome/grafo3002.37.graphml,37,47,C,repaired,3,4,4,refutation,451,0.002,1,
rome,rome/rome/grafo2994.41.graphml,41,52,C,repaired,4,6,5,refutation,2559,0.011,1,
rome,rome/rome/grafo2997.23.graphml,23,29,C,repaired,3,4,3,bound,25,0.001,1,
rome,rome/rome/grafo2999.26.graphml,26,30,C,repaired,3,4,4,refutation,312,0.002,1,
rome,rome/rome/grafo3000.38.graphml,38,39,C,repaired,2,3,2,bound,117,0.001,1,
rome,rome/rome/grafo3006.35.graphml,35,44,C,repaired,4,4,4,bound,0,0.001,1,
rome,rome/rome/grafo2993.23.graphml,23,28,C,repaired,3,3,3,bound,0,0.006,1,
rome,rome/rome/grafo2995.20.graphml,20,24,C,repaired,3,3,3,bound,0,0.0,1,
rome,rome/rome/grafo2998.18.graphml,18,20,C,repaired,2,2,2,bound,0,0.0,1,
rome,rome/rome/grafo3004.38.graphml,38,43,C,repaired,2,4,3,refutation,168,0.002,1,
rome,rome/rome/grafo3001.40.graphml,40,56,C,repaired,5,5,5,bound,0,0.001,1,
rome,rome/rome/grafo3007.27.graphml,27,30,C,repaired,3,4,3,bound,54,0.001,1,
rome,rome/rome/grafo3008.32.graphml,32,47,C,repaired,5,6,6,refutation,2466,0.007,1,
rome,rome/rome/grafo301.17.graphml,17,22,C,repaired,3,3,3,bound,0,0.001,1,
rome,rome/rome/grafo3010.19.graphml,19,26,C,repaired,4,4,4,bound,0,0.001,1,
rome,rome/rome/grafo3011.30.graphml,30,41,C,repaired,3,4,4,refutation,323,0.002,1,
rome,rome/rome/grafo300.13.graphml,13,15,C,repaired,2,2,2,bound,0,0.0,1,
rome,rome/rome/grafo3003.40.graphml,40,52,C,repaired,3,4,4,refutation,373,0.002,1,
rome,rome/rome/grafo3005.58.graphml,58,77,C,repaired,5,7,6,refutation,55920,0.095,1,
rome,rome/rome/grafo3009.17.graphml,17,22,C,repaired,3,3,3,bound,0,0.001,1,
rome,rome/rome/grafo3012.32.graphml,32,38,C,repaired,3,4,4,refutation,1002,0.005,1,
rome,rome/rome/grafo3014.33.graphml,33,44,C,repaired,4,5,5,refutation,1006,0.005,1,
rome,rome/rome/grafo3015.35.graphml,35,38,C,repaired,2,3,3,refutation,210,0.002,1,
rome,rome/rome/grafo3016.41.graphml,41,49,C,repaired,4,5,4,bound,31,0.002,1,
rome,rome/rome/grafo3013.23.graphml,23,31,C,repaired,4,4,4,bound,0,0.001,1,
rome,rome/rome/grafo3017.20.graphml,20,25,C,repaired,3,4,3,bound,31,0.001,1,
rome,rome/rome/grafo3018.24.graphml,24,33,C,repaired,4,5,4,bound,25,0.001,1,
rome,rome/rome/grafo3019.39.graphml,39,55,C,repaired,4,6,5,refutation,3042,0.014,1,
rome,rome/rome/grafo302.17.graphml,17,19,C,repaired,3,3,3,bound,0,0.0,1,
rome,rome/rome/grafo3020.40.graphml,40,42,C,repaired,3,3,3,bound,0,0.001,1,
rome,rome/rome/grafo3023.34.graphml,34,42,C,repaired,3,4,4,refutation,798,0.003,1,
rome,rome/rome/grafo3028.24.graphml,24,34,C,repaired,3,5,4,refutation,143,0.001,1,
rome,rome/rome/grafo2978.86.graphml,86,107,C,repaired,4,7,6,refutation,215784,0.339,1,
rome,rome/rome/grafo3021.25.graphml,25,29,C,repaired,3,3,3,bound,0,0.001,1,
rome,rome/rome/grafo3022.36.graphml,36,45,C,repaired,3,5,5,refutation,2873,0.009,1,
rome,rome/rome/grafo3024.10.graphml,10,10,C,repaired,2,2,2,bound,0,0.0,1,
rome,rome/rome/grafo3026.26.graphml,26,32,C,repaired,3,4,3,bound,27,0.001,1,
rome,rome/rome/grafo3027.26.graphml,26,32,C,repaired,3,4,4,refutation,222,0.002,1,
rome,rome/rome/grafo3029.32.graphml,32,40,C,repaired,3,4,3,bound,36,0.001,1,
rome,rome/rome/grafo303.11.graphml,11,10,C,repaired,1,2,2,refutation,13,0.0,1,
rome,rome/rome/grafo3030.27.graphml,27,33,C,repaired,3,4,3,bound,49,0.001,1,
rome,rome/rome/grafo3032.30.graphml,30,35,C,repaired,2,3,3,refutation,142,0.001,1,
rome,rome/rome/grafo3025.27.graphml,27,32,C,repaired,3,4,3,bound,26,0.001,1,
rome,rome/rome/grafo3031.16.graphml,16,18,C,repaired,2,3,3,refutation,43,0.001,1,
rome,rome/rome/grafo3033.38.graphml,38,47,C,repaired,3,4,3,bound,35,0.001,1,
rome,rome/rome/grafo3034.29.graphml,29,40,C,repaired,4,5,4,bound,236,0.002,1,
rome,rome/rome/grafo3036.60.graphml,60,69,C,repaired,3,5,3,bound,770,0.005,1,
rome,rome/rome/grafo3037.23.graphml,23,32,C,repaired,3,4,4,refutation,91,0.001,1,
rome,rome/rome/grafo3038.38.graphml,38,50,C,repaired,4,5,5,refutation,1679,0.006,1,
rome,rome/rome/grafo3039.27.graphml,27,31,C,repaired,3,4,4,refutation,590,0.002,1,
rome,rome/rome/grafo3041.36.graphml,36,53,C,repaired,5,6,5,bound,23,0.002,1,
rome,rome/rome/grafo3042.14.graphml,14,18,C,repaired,3,4,4,refutation,39,0.001,1,
rome,rome/rome/grafo3044.26.graphml,26,34,C,repaired,3,4,3,bound,66,0.001,1,
rome,rome/rome/grafo3045.35.graphml,35,42,C,repaired,3,3,3,bound,0,0.001,1,
rome,rome/rome/grafo3046.25.graphml,25,29,C,repaired,2,3,2,bound,28,0.001,1,
rome,rome/rome/grafo3047.33.graphml,33,36,C,repaired,2,3,3,refutation,208,0.002,1,
rome,rome/rome/grafo3048.41.graphml,41,50,C,repaired,3,5,4,refutation,1202,0.005,1,
rome,rome/rome/grafo305.16.graphml,16,19,C,repaired,3,3,3,bound,0,0.001,1,
rome,rome/rome/grafo3035.36.graphml,36,50,C,repaired,4,6,6,refutation,2911,0.023,1,
rome,rome/rome/grafo304.15.graphml,15,17,C,repaired,2,3,3,refutation,26,0.001,1,
rome,rome/rome/grafo3040.44.graphml,44,50,C,repaired,3,4,3,bound,137,0.002,1,
rome,rome/rome/grafo3043.36.graphml,36,42,C,repaired,3,4,4,refutation,494,0.002,1,
rome,rome/rome/grafo3049.20.graphml,20,24,C,repaired,3,3,3,bound,0,0.001,1,
rome,rome/rome/grafo3051.20.graphml,20,23,C,repaired,3,3,3,bound,0,0.001,1,
rome,rome/rome/grafo3052.20.graphml,20,23,C,repaired,2,3,2,bound,18,0.001,1,
rome,rome/rome/grafo3054.18.graphml,18,21,C,repaired,3,3,3,bound,0,0.0,1,
rome,rome/rome/grafo3055.36.graphml,36,46,C,repaired,4,6,5,refutation,1685,0.006,1,
rome,rome/rome/grafo3057.34.graphml,34,46,C,repaired,3,5,4,refutation,283,0.002,1,
rome,rome/rome/grafo3058.42.graphml,42,51,C,repaired,3,5,4,refutation,1008,0.004,1,
rome,rome/rome/grafo3053.42.graphml,42,47,C,repaired,3,3,3,bound,0,0.001,1,
rome,rome/rome/grafo3056.26.graphml,26,36,C,repaired,3,3,3,bound,0,0.001,1,
rome,rome/rome/grafo3059.35.graphml,35,44,C,repaired,3,4,4,refutation,292,0.002,1,
rome,rome/rome/grafo3060.28.graphml,28,36,C,repaired,3,4,4,refutation,289,0.002,1,
rome,rome/rome/grafo3064.23.graphml,23,25,C,repaired,2,3,2,bound,27,0.001,1,
rome,rome/rome/grafo3050.36.graphml,36,43,C,repaired,3,4,3,bound,116,0.001,1,
rome,rome/rome/grafo306.18.graphml,18,25,C,repaired,3,4,4,refutation,111,0.004,1,
rome,rome/rome/grafo3065.17.graphml,17,26,C,repaired,3,4,3,bound,14,0.001,1,
rome,rome/rome/grafo3066.32.graphml,32,48,C,repaired,5,5,5,bound,0,0.001,1,
rome,rome/rome/grafo3067.34.graphml,34,39,C,repaired,2,4,3,refutation,306,0.002,1,
rome,rome/rome/grafo3068.35.graphml,35,50,C,repaired,4,5,5,refutation,978,0.005,1,
rome,rome/rome/grafo307.13.graphml,13,13,C,repaired,2,2,2,bound,0,0.001,1,
rome,rome/rome/grafo3070.31.graphml,31,40,C,repaired,3,3,3,bound,0,0.001,1,
rome,rome/rome/grafo3071.23.graphml,23,24,C,repaired,2,3,3,refutation,117,0.001,1,
rome,rome/rome/grafo3074.26.graphml,26,37,C,repaired,4,5,4,bound,97,0.001,1,
rome,rome/rome/grafo3061.32.graphml,32,46,C,repaired,4,5,4,bound,54,0.001,1,
rome,rome/rome/grafo3062.23.graphml,23,37,C,repaired,4,5,4,bound,52,0.001,1,
rome,rome/rome/grafo3072.27.graphml,27,35,C,repaired,3,4,3,bound,45,0.001,1,
rome,rome/rome/grafo3073.11.graphml,11,11,C,repaired,2,2,2,bound,0,0.0,1,
rome,rome/rome/grafo308.14.graphml,14,22,C,repaired,3,3,3,bound,0,0.0,1,
rome,rome/rome/grafo3081.23.graphml,23,27,C,repaired,2,3,3,refutation,53,0.001,1,
rome,rome/rome/grafo3078.25.graphml,25,31,C,repaired,3,3,3,bound,0,0.001,1,
rome,rome/rome/grafo3079.27.graphml,27,35,C,repaired,3,4,4,refutation,186,0.002,1,
rome,rome/rome/grafo3080.43.graphml,43,46,C,repaired,2,4,3,refutation,274,0.002,1,
rome,rome/rome/grafo3076.34.graphml,34,39,C,repaired,3,4,3,bound,29,0.001,1,
rome,rome/rome/grafo3083.27.graphml,27,32,C,repaired,3,4,4,refutation,545,0.003,1,
rome,rome/rome/grafo3084.36.graphml,36,42,C,repaired,3,3,3,bound,0,0.001,1,
rome,rome/rome/grafo3087.14.graphml,14,14,C,repaired,2,2,2,bound,0,0.0,1,
rome,rome/rome/grafo3089.25.graphml,25,34,C,repaired,3,4,3,bound,20,0.001,1,
rome,rome/rome/grafo309.26.graphml,26,36,C,repaired,3,5,4,refutation,176,0.001,1,
rome,rome/rome/grafo3091.11.graphml,11,11,C,repaired,2,2,2,bound,0,0.0,1,
rome,rome/rome/grafo3069.88.graphml,88,100,C,repaired,4,6,5,refutation,56201,0.139,1,
rome,rome/rome/grafo3082.33.graphml,33,43,C,repaired,3,4,4,refutation,585,0.002,1,
rome,rome/rome/grafo3088.40.graphml,40,57,C,repaired,5,7,6,refutation,5376,0.018,1,
rome,rome/rome/grafo3090.24.graphml,24,30,C,repaired,3,3,3,bound,0,0.001,1,
rome,rome/rome/grafo3092.24.graphml,24,28,C,repaired,3,3,3,bound,0,0.001,1,
rome,rome/rome/grafo3086.49.graphml,49,72,C,repaired,5,7,6,refutation,8140,0.034,1,
rome,rome/rome/grafo3095.34.graphml,34,44,C,repaired,4,5,4,bound,40,0.001,1,
rome,rome/rome/grafo3097.11.graphml,11,12,C,repaired,2,2,2,bound,0,0.0,1,
rome,rome/rome/grafo3098.18.graphml,18,24,C,repaired,3,3,3,bound,0,0.0,1,
rome,rome/rome/grafo3077.72.graphml,72,92,C,repaired,5,7,6,refutation,88926,0.148,1,
rome,rome/rome/grafo3085.49.graphml,49,72,C,repaired,5,7,6,refutation,8140,0.039,1,
rome,rome/rome/grafo3093.35.graphml,35,47,C,repaired,4,6,5,refutation,1935,0.007,1,
rome,rome/rome/grafo3094.42.graphml,42,49,C,repaired,3,4,4,refutation,1373,0.006,1,
rome,rome/rome/grafo3096.36.graphml,36,51,C,repaired,4,6,4,bound,242,0.002,1,
rome,rome/rome/grafo3099.39.graphml,39,47,C,repaired,3,5,4,refutation,781,0.005,1,
rome,rome/rome/grafo3100.24.graphml,24,28,C,repaired,2,2,2,bound,0,0.001,1,
rome,rome/rome/grafo3101.11.graphml,11,11,C,repaired,2,2,2,bound,0,0.0,1,
rome,rome/rome/grafo3075.72.graphml,72,92,C,repaired,5,7,6,refutation,88926,0.183,1,
rome,rome/rome/grafo310.14.graphml,14,16,C,repaired,3,3,3,bound,0,0.0,1,
rome,rome/rome/grafo3104.39.graphml,39,53,C,repaired,3,5,4,refutation,390,0.002,1,
rome,rome/rome/grafo3105.25.graphml,25,35,C,repaired,3,4,4,refutation,101,0.001,1,
rome,rome/rome/grafo3106.32.graphml,32,38,C,repaired,3,4,4,refutation,449,0.002,1,
rome,rome/rome/grafo3109.24.graphml,24,32,C,repaired,3,4,4,refutation,163,0.001,1,
rome,rome/rome/grafo311.16.graphml,16,20,C,repaired,3,3,3,bound,0,0.0,1,
rome,rome/rome/grafo3110.38.graphml,38,49,C,repaired,4,5,5,refutation,2041,0.008,1,
rome,rome/rome/grafo3112.13.graphml,13,14,C,repaired,2,2,2,bound,0,0.0,1,
rome,rome/rome/grafo3113.11.graphml,11,11,C,repaired,2,2,2,bound,0,0.0,1,
rome,rome/rome/grafo3102.34.graphml,34,42,C,repaired,4,5,4,bound,63,0.001,1,
rome,rome/rome/grafo3111.48.graphml,48,54,C,repaired,3,4,4,refutation,1148,0.006,1,
rome,rome/rome/grafo3114.40.graphml,40,55,C,repaired,4,5,5,refutation,1050,0.004,1,
rome,rome/rome/grafo3116.40.graphml,40,47,C,repaired,3,5,4,refutation,1236,0.007,1,
rome,rome/rome/grafo3117.38.graphml,38,51,C,repaired,3,5,4,refutation,549,0.003,1,
rome,rome/rome/grafo3118.39.graphml,39,52,C,repaired,3,5,4,refutation,486,0.003,1,
rome,rome/rome/grafo3107.32.graphml,32,48,C,repaired,4,6,5,refutation,609,0.002,1,
rome,rome/rome/grafo3108.24.graphml,24,25,C,repaired,2,3,2,bound,44,0.005,1,
rome,rome/rome/grafo3115.59.graphml,59,73,C,repaired,4,6,5,refutation,11010,0.031,1,
rome,rome/rome/grafo3126.39.graphml,39,60,C,repaired,4,4,4,bound,0,0.001,1,
rome,rome/rome/grafo3121.47.graphml,47,54,C,repaired,3,5,3,bound,138,0.002,1,
rome,rome/rome/grafo3124.34.graphml,34,43,C,repaired,3,5,4,refutation,347,0.002,1,
rome,rome/rome/grafo3125.37.graphml,37,42,C,repaired,3,4,4,refutation,732,0.004,1,
rome,rome/rome/grafo3129.37.graphml,37,48,C,repaired,3,5,4,refutation,886,0.004,1,
rome,rome/rome/grafo3063.91.graphml,91,103,C,repaired,4,7,6,refutation,519380,0.488,1,
rome,rome/rome/grafo312.27.graphml,27,35,C,repaired,3,4,3,bound,52,0.001,1,
rome,rome/rome/grafo3120.62.graphml,62,80,C,repaired,4,6,6,refutation,29948,0.057,1,
rome,rome/rome/grafo3122.56.graphml,56,84,C,repaired,5,7,7,refutation,36326,0.067,1,
rome,rome/rome/grafo3119.55.graphml,55,82,C,repaired,6,7,7,refutation,28379,0.086,1,
rome,rome/rome/grafo3128.37.graphml,37,49,C,repaired,4,5,5,refutation,1185,0.006,1,
rome,rome/rome/grafo3130.41.graphml,41,61,C,repaired,5,6,5,bound,502,0.004,1,
rome,rome/rome/grafo3123.63.graphml,63,84,C,repaired,5,7,6,refutation,48638,0.078,1,
rome,rome/rome/grafo3135.34.graphml,34,38,C,repaired,3,4,3,bound,36,0.001,1,
rome,rome/rome/grafo313.11.graphml,11,10,C,repaired,1,2,2,refutation,10,0.0,1,
rome,rome/rome/grafo3132.43.graphml,43,53,C,repaired,3,5,4,refutation,1219,0.006,1,
rome,rome/rome/grafo3137.42.graphml,42,61,C,repaired,5,6,6,refutation,4208,0.015,1,
rome,rome/rome/grafo314.18.graphml,18,18,C,repaired,2,2,2,bound,0,0.0,1,
rome,rome/rome/grafo3131.40.graphml,40,53,C,repaired,4,5,4,bound,38,0.005,1,
rome,rome/rome/grafo3134.37.graphml,37,45,C,repaired,3,4,4,refutation,660,0.003,1,
rome,rome/rome/grafo3140.55.graphml,55,68,C,repaired,4,6,5,refutation,3348,0.015,1,
rome,rome/rome/grafo3141.42.graphml,42,55,C,repaired,4,5,5,refutation,1751,0.009,1,
rome,rome/rome/grafo3145.36.graphml,36,45,C,repaired,4,4,4,bound,0,0.001,1,
rome,rome/rome/grafo3149.41.graphml,41,48,C,repaired,3,5,4,refutation,900,0.004,1,
rome,rome/rome/grafo315.14.graphml,14,16,C,repaired,2,3,2,bound,22,0.001,1,
rome,rome/rome/grafo3133.49.graphml,49,61,C,repaired,4,6,6,refutation,24412,0.081,1,
rome,rome/rome/grafo3142.39.graphml,39,52,C,repaired,4,6,5,refutation,2403,0.013,1,
rome,rome/rome/grafo3148.37.graphml,37,47,C,repaired,4,5,5,refutation,2050,0.007,1,
rome,rome/rome/grafo3147.53.graphml,53,66,C,repaired,3,5,5,refutation,6429,0.03,1,
rome,rome/rome/grafo3127.57.graphml,57,82,C,repaired,5,9,8,refutation,128162,0.21,1,
rome,rome/rome/grafo3144.54.graphml,54,74,C,repaired,5,7,7,refutation,46129,0.085,1,
rome,rome/rome/grafo3138.60.graphml,60,85,C,repaired,5,8,7,refutation,78553,0.153,1,
rome,rome/rome/grafo3146.53.graphml,53,78,C,repaired,5,8,7,refutation,41559,0.075,1,
rome,rome/rome/grafo3150.40.graphml,40,46,C,repaired,3,5,3,bound,66,0.001,1,
rome,rome/rome/grafo3151.45.graphml,45,58,C,repaired,4,6,5,refutation,3744,0.027,1,
rome,rome/rome/grafo3153.36.graphml,36,43,C,repaired,2,4,3,refutation,216,0.002,1,
rome,rome/rome/grafo3155.39.graphml,39,48,C,repaired,3,5,4,refutation,525,0.003,1,
rome,rome/rome/grafo3152.43.graphml,43,51,C,repaired,3,4,4,refutation,643,0.006,1,
rome,rome/rome/grafo3154.44.graphml,44,57,C,repaired,4,6,5,refutation,2275,0.008,1,
rome,rome/rome/grafo3159.38.graphml,38,48,C,repaired,3,5,4,refutation,481,0.002,1,
rome,rome/rome/grafo3156.56.graphml,56,82,C,repaired,6,7,6,bound,406,0.007,1,
rome,rome/rome/grafo3157.55.graphml,55,73,C,repaired,4,6,5,refutation,5526,0.015,1,
rome,rome/rome/grafo316.11.graphml,11,13,C,repaired,2,2,2,bound,0,0.0,1,
rome,rome/rome/grafo3164.38.graphml,38,48,C,repaired,3,5,4,refutation,572,0.003,1,
rome,rome/rome/grafo3163.47.graphml,47,75,C,repaired,5,8,7,refutation,11504,0.034,1,
rome,rome/rome/grafo3161.39.graphml,39,48,C,repaired,3,4,4,refutation,1147,0.006,1,
rome,rome/rome/grafo3167.44.graphml,44,60,C,repaired,5,6,5,bound,833,0.005,1,
rome,rome/rome/grafo3168.39.graphml,39,51,C,repaired,3,4,4,refutation,611,0.004,1,
rome,rome/rome/grafo3160.48.graphml,48,63,C,repaired,4,6,5,refutation,4767,0.013,1,
rome,rome/rome/grafo3166.57.graphml,57,75,C,repaired,5,7,6,refutation,14726,0.038,1,
rome,rome/rome/grafo3169.51.graphml,51,66,C,repaired,4,6,5,refutation,4112,0.017,1,
rome,rome/rome/grafo3171.40.graphml,40,56,C,repaired,4,5,5,refutation,932,0.004,1,
rome,rome/rome/grafo3162.54.graphml,54,71,C,repaired,4,7,7,refutation,62486,0.1,1,
rome,rome/rome/grafo3165.52.graphml,52,72,C,repaired,5,7,7,refutation,27995,0.043,1,
rome,rome/rome/grafo3170.52.graphml,52,78,C,repaired,5,7,6,refutation,9393,0.029,1,
rome,rome/rome/grafo3174.39.graphml,39,47,C,repaired,3,4,4,refutation,422,0.003,1,
rome,rome/rome/grafo317.13.graphml,13,21,C,repaired,4,4,4,bound,0,0.0,1,
rome,rome/rome/grafo3177.39.graphml,39,46,C,repaired,3,5,4,refutation,828,0.004,1,
rome,rome/rome/grafo3172.51.graphml,51,71,C,repaired,5,7,6,refutation,14124,0.042,1,
rome,rome/rome/grafo318.20.graphml,20,25,C,repaired,3,4,3,bound,26,0.001,1,
rome,rome/rome/grafo3176.54.graphml,54,65,C,repaired,4,5,5,refutation,10635,0.038,1,
rome,rome/rome/grafo3179.41.graphml,41,56,C,repaired,4,6,6,refutation,6054,0.021,1,
rome,rome/rome/grafo3182.36.graphml,36,53,C,repaired,5,6,6,refutation,3245,0.015,1,
rome,rome/rome/grafo3183.55.graphml,55,67,C,repaired,4,6,5,refutation,7216,0.022,1,
rome,rome/rome/grafo3173.63.graphml,63,87,C,repaired,5,8,6,refutation,55894,0.092,1,
rome,rome/rome/grafo3175.42.graphml,42,57,C,repaired,5,7,6,refutation,9718,0.032,1,
rome,rome/rome/grafo3180.57.graphml,57,80,C,repaired,6,8,7,refutation,36683,0.062,1,
rome,rome/rome/grafo3178.34.graphml,34,42,C,repaired,4,4,4,bound,0,0.001,1,
rome,rome/rome/grafo3181.55.graphml,55,77,C,repaired,5,7,6,refutation,57232,0.093,1,
rome,rome/rome/grafo3186.39.graphml,39,49,C,repaired,3,5,4,refutation,832,0.004,1,
rome,rome/rome/grafo319.26.graphml,26,28,C,repaired,2,3,2,bound,43,0.001,1,
rome,rome/rome/grafo3185.52.graphml,52,76,C,repaired,5,7,7,refutation,30761,0.062,1,
rome,rome/rome/grafo3187.39.graphml,39,53,C,repaired,4,5,5,refutation,2397,0.007,1,
rome,rome/rome/grafo3192.41.graphml,41,49,C,repaired,3,4,3,bound,68,0.002,1,
rome,rome/rome/grafo3188.56.graphml,56,76,C,repaired,5,7,5,bound,93,0.005,1,
rome,rome/rome/grafo3191.43.graphml,43,57,C,repaired,4,5,5,refutation,1469,0.008,1,
rome,rome/rome/grafo3193.40.graphml,40,48,C,repaired,3,5,4,refutation,723,0.005,1,
rome,rome/rome/grafo3194.59.graphml,59,67,C,repaired,3,5,4,refutation,3795,0.014,1,
rome,rome/rome/grafo3190.53.graphml,53,84,C,repaired,5,8,8,refutation,51295,0.086,1,
rome,rome/rome/grafo3195.54.graphml,54,76,C,repaired,5,6,6,refutation,10615,0.03,1,
rome,rome/rome/grafo320.35.graphml,35,44,C,repaired,3,5,4,refutation,659,0.003,1,
rome,rome/rome/grafo3200.36.graphml,36,47,C,repaired,4,5,4,bound,125,0.002,1,
rome,rome/rome/grafo3197.41.graphml,41,53,C,repaired,4,5,5,refutation,2032,0.005,1,
rome,rome/rome/grafo3201.40.graphml,40,54,C,repaired,4,6,6,refutation,4529,0.013,1,
rome,rome/rome/grafo3196.53.graphml,53,65,C,repaired,4,6,6,refutation,41713,0.07,1,
rome,rome/rome/grafo3203.40.graphml,40,51,C,repaired,3,4,3,bound,139,0.002,1,
rome,rome/rome/grafo3198.60.graphml,60,80,C,repaired,4,7,6,refutation,40548,0.089,1,
rome,rome/rome/grafo3202.35.graphml,35,47,C,repaired,4,5,5,refutation,1198,0.006,1,
rome,rome/rome/grafo3199.60.graphml,60,72,C,repaired,4,6,5,refutation,13668,0.053,1,
rome,rome/rome/grafo3205.44.graphml,44,57,C,repaired,4,6,5,refutation,2413,0.008,1,
rome,rome/rome/grafo3206.42.graphml,42,57,C,repaired,4,5,5,refutation,1837,0.012,1,
rome,rome/rome/grafo3207.42.graphml,42,57,C,repaired,4,5,5,refutation,3018,0.014,1,
rome,rome/rome/grafo3136.56.graphml,56,83,C,repaired,6,9,8,refutation,380781,0.717,1,
rome,rome/rome/grafo3189.54.graphml,54,84,C,repaired,6,9,8,refutation,84841,0.208,1,
rome,rome/rome/grafo321.15.graphml,15,15,C,repaired,2,2,2,bound,0,0.001,1,
rome,rome/rome/grafo3210.36.graphml,36,49,C,repaired,4,5,4,bound,114,0.002,1,
rome,rome/rome/grafo3208.53.graphml,53,80,C,repaired,6,8,7,refutation,18731,0.047,1,
rome,rome/rome/grafo3139.89.graphml,89,121,C,repaired,6,8,7,refutation,499447,0.741,1,
rome,rome/rome/grafo3209.58.graphml,58,75,C,repaired,4,6,5,refutation,10445,0.022,1,
rome,rome/rome/grafo3103.88.graphml,88,105,C,repaired,5,7,7,refutation,1082267,1.078,1,
rome,rome/rome/grafo3215.58.graphml,58,74,C,repaired,4,6,5,refutation,3726,0.016,1,
rome,rome/rome/grafo3216.40.graphml,40,47,C,repaired,3,5,4,refutation,1059,0.005,1,
rome,rome/rome/grafo322.16.graphml,16,15,C,repaired,1,2,1,bound,16,0.001,1,
rome,rome/rome/grafo3220.36.graphml,36,45,C,repaired,4,5,4,bound,64,0.001,1,
rome,rome/rome/grafo3204.63.graphml,63,87,C,repaired,5,8,7,refutation,114217,0.164,1,
rome,rome/rome/grafo3213.44.graphml,44,57,C,repaired,3,6,5,refutation,2408,0.016,1,
rome,rome/rome/grafo3214.33.graphml,33,44,C,repaired,3,5,4,refutation,360,0.01,1,
rome,rome/rome/grafo3217.60.graphml,60,69,C,repaired,3,4,3,bound,1101,0.011,1,
rome,rome/rome/grafo3221.48.graphml,48,59,C,repaired,4,6,5,refutation,4133,0.013,1,
rome,rome/rome/grafo3211.52.graphml,52,77,C,repaired,6,8,8,refutation,72669,0.103,1,
rome,rome/rome/grafo3212.57.graphml,57,77,C,repaired,4,7,7,refutation,61134,0.107,1,
rome,rome/rome/grafo3218.42.graphml,42,51,C,repaired,4,5,5,refutation,2455,0.012,1,
rome,rome/rome/grafo3219.37.graphml,37,54,C,repaired,5,6,6,refutation,1492,0.004,1,
rome,rome/rome/grafo3222.44.graphml,44,56,C,repaired,4,5,4,bound,157,0.005,1,
rome,rome/rome/grafo3223.39.graphml,39,40,C,repaired,2,3,2,bound,96,0.006,1,
rome,rome/rome/grafo3225.37.graphml,37,53,C,repaired,4,6,5,refutation,1580,0.006,1,
rome,rome/rome/grafo3228.40.graphml,40,53,C,repaired,3,5,4,refutation,570,0.003,1,
rome,rome/rome/grafo323.15.graphml,15,21,C,repaired,3,3,3,bound,0,0.0,1,
rome,rome/rome/grafo3229.40.graphml,40,48,C,repaired,3,5,4,refutation,777,0.004,1,
rome,rome/rome/grafo3232.47.graphml,47,55,C,repaired,4,4,4,bound,0,0.001,1,
rome,rome/rome/grafo3233.43.graphml,43,49,C,repaired,3,4,4,refutation,942,0.005,1,
rome,rome/rome/grafo3234.50.graphml,50,65,C,repaired,3,6,5,refutation,3923,0.016,1,
rome,rome/rome/grafo3227.43.graphml,43,65,C,repaired,5,7,7,refutation,20799,0.052,1,
rome,rome/rome/grafo3230.32.graphml,32,40,C,repaired,3,4,4,refutation,470,0.003,1,
rome,rome/rome/grafo3231.43.graphml,43,53,C,repaired,3,5,4,refutation,1081,0.005,1,
rome,rome/rome/grafo3226.55.graphml,55,74,C,repaired,4,7,7,refutation,45196,0.076,1,
rome,rome/rome/grafo3237.39.graphml,39,49,C,repaired,3,4,3,bound,166,0.001,1,
rome,rome/rome/grafo3235.58.graphml,58,71,C,repaired,4,5,5,refutation,7193,0.031,1,
rome,rome/rome/grafo3236.60.graphml,60,80,C,repaired,5,6,6,refutation,20612,0.051,1,
rome,rome/rome/grafo3239.42.graphml,42,48,C,repaired,3,4,3,bound,154,0.002,1,
rome,rome/rome/grafo324.11.graphml,11,11,C,repaired,2,2,2,bound,0,0.0,1,
rome,rome/rome/grafo3238.55.graphml,55,68,C,repaired,4,6,5,refutation,11507,0.04,1,
rome,rome/rome/grafo3241.36.graphml,36,47,C,repaired,4,5,5,refutation,1430,0.006,1,
rome,rome/rome/grafo3243.39.graphml,39,51,C,repaired,5,6,5,bound,34,0.002,1,
rome,rome/rome/grafo3244.39.graphml,39,48,C,repaired,4,5,4,bound,44,0.002,1,
rome,rome/rome/grafo3240.46.graphml,46,66,C,repaired,5,6,6,refutation,7578,0.023,1,
rome,rome/rome/grafo3242.39.graphml,39,51,C,repaired,4,5,5,refutation,4955,0.016,1,
rome,rome/rome/grafo3247.38.graphml,38,43,C,repaired,3,5,3,bound,171,0.002,1,
rome,rome/rome/grafo3249.44.graphml,44,58,C,repaired,4,5,4,bound,798,0.003,1,
rome,rome/rome/grafo3250.43.graphml,43,58,C,repaired,4,6,5,refutation,3328,0.015,1,
rome,rome/rome/grafo3251.39.graphml,39,47,C,repaired,3,4,3,bound,41,0.002,1,
rome,rome/rome/grafo3253.44.graphml,44,52,C,repaired,3,5,4,refutation,1212,0.006,1,
rome,rome/rome/grafo3254.40.graphml,40,55,C,repaired,3,5,4,refutation,493,0.006,1,
rome,rome/rome/grafo3255.40.graphml,40,46,C,repaired,3,4,3,bound,33,0.001,1,
rome,rome/rome/grafo3245.54.graphml,54,76,C,repaired,5,7,7,refutation,26237,0.06,1,
rome,rome/rome/grafo3248.43.graphml,43,61,C,repaired,5,6,5,bound,575,0.006,1,
rome,rome/rome/grafo325.13.graphml,13,14,C,repaired,2,2,2,bound,0,0.0,1,
rome,rome/rome/grafo3246.55.graphml,55,76,C,repaired,4,7,7,refutation,50648,0.082,1,
rome,rome/rome/grafo3252.54.graphml,54,62,C,repaired,4,5,5,refutation,6776,0.027,1,
rome,rome/rome/grafo3256.45.graphml,45,63,C,repaired,5,6,5,bound,1086,0.005,1,
rome,rome/rome/grafo326.14.graphml,14,19,C,repaired,3,3,3,bound,0,0.0,1,
rome,rome/rome/grafo3258.42.graphml,42,58,C,repaired,4,6,5,refutation,1223,0.005,1,
rome,rome/rome/grafo3263.40.graphml,40,50,C,repaired,3,5,4,refutation,935,0.003,1,
rome,rome/rome/grafo3261.39.graphml,39,44,C,repaired,3,4,3,bound,164,0.002,1,
rome,rome/rome/grafo3264.54.graphml,54,68,C,repaired,4,6,5,refutation,6785,0.026,1,
rome,rome/rome/grafo3259.38.graphml,38,43,C,repaired,3,5,3,bound,124,0.001,1,
rome,rome/rome/grafo3260.33.graphml,33,48,C,repaired,4,5,5,refutation,622,0.002,1,
rome,rome/rome/grafo3266.46.graphml,46,54,C,repaired,3,4,3,bound,66,0.002,1,
rome,rome/rome/grafo3267.46.graphml,46,53,C,repaired,3,5,4,refutation,2286,0.01,1,
rome,rome/rome/grafo3257.61.graphml,61,82,C,repaired,5,7,6,refutation,47888,0.085,1,
rome,rome/rome/grafo3265.41.graphml,41,62,C,repaired,4,6,5,refutation,1388,0.006,1,
rome,rome/rome/grafo3269.43.graphml,43,58,C,repaired,4,6,5,refutation,3707,0.011,1,
rome,rome/rome/grafo327.10.graphml,10,10,C,repaired,2,2,2,bound,0,0.0,1,
rome,rome/rome/grafo3270.41.graphml,41,49,C,repaired,3,4,4,refutation,559,0.004,1,
rome,rome/rome/grafo3268.42.graphml,42,56,C,repaired,5,5,5,bound,0,0.004,1,
rome,rome/rome/grafo3272.38.graphml,38,44,C,repaired,2,4,3,refutation,209,0.002,1,
rome,rome/rome/grafo3273.45.graphml,45,58,C,repaired,4,5,5,refutation,3241,0.013,1,
rome,rome/rome/grafo3274.52.graphml,52,68,C,repaired,4,6,5,refutation,4317,0.018,1,
rome,rome/rome/grafo3275.43.graphml,43,60,C,repaired,4,5,5,refutation,3415,0.01,1,
rome,rome/rome/grafo3276.49.graphml,49,65,C,repaired,5,6,6,refutation,10850,0.032,1,
rome,rome/rome/grafo3277.42.graphml,42,56,C,repaired,4,6,5,refutation,2481,0.009,1,
rome,rome/rome/grafo3278.41.graphml,41,56,C,repaired,4,6,5,refutation,3044,0.01,1,
rome,rome/rome/grafo3281.34.graphml,34,50,C,repaired,5,5,5,bound,0,0.001,1,
rome,rome/rome/grafo3282.36.graphml,36,40,C,repaired,2,3,3,refutation,177,0.002,1,
rome,rome/rome/grafo3283.47.graphml,47,61,C,repaired,4,6,5,refutation,5413,0.014,1,
rome,rome/rome/grafo3279.45.graphml,45,62,C,repaired,5,7,6,refutation,5921,0.025,1,
rome,rome/rome/grafo328.10.graphml,10,10,C,repaired,2,2,2,bound,0,0.0,1,
rome,rome/rome/grafo3280.39.graphml,39,58,C,repaired,3,5,4,refutation,266,0.002,1,
rome,rome/rome/grafo3288.37.graphml,37,50,C,repaired,4,5,4,bound,63,0.001,1,
rome,rome/rome/grafo3271.53.graphml,53,80,C,repaired,5,8,8,refutation,133115,0.136,1,
rome,rome/rome/grafo3285.42.graphml,42,60,C,repaired,5,7,6,refutation,6010,0.018,1,
rome,rome/rome/grafo329.17.graphml,17,18,C,repaired,2,2,2,bound,0,0.0,1,
rome,rome/rome/grafo3287.40.graphml,40,52,C,repaired,3,5,4,refutation,526,0.002,1,
rome,rome/rome/grafo3294.43.graphml,43,59,C,repaired,4,5,5,refutation,2450,0.007,1,
rome,rome/rome/grafo3295.43.graphml,43,53,C,repaired,3,5,4,refutation,557,0.003,1,
rome,rome/rome/grafo3293.36.graphml,36,46,C,repaired,3,4,4,refutation,548,0.004,1,
rome,rome/rome/grafo3296.40.graphml,40,48,C,repaired,3,4,4,refutation,627,0.004,1,
rome,rome/rome/grafo3291.35.graphml,35,42,C,repaired,2,5,4,refutation,843,0.006,1,
rome,rome/rome/grafo3290.53.graphml,53,74,C,repaired,5,6,6,refutation,11901,0.024,1,
rome,rome/rome/grafo3297.53.graphml,53,74,C,repaired,4,7,6,refutation,6613,0.03,1,
rome,rome/rome/grafo3286.59.graphml,59,83,C,repaired,6,7,7,refutation,135949,0.155,1,
rome,rome/rome/grafo3289.53.graphml,53,76,C,repaired,5,9,8,refutation,97239,0.117,1,
rome,rome/rome/grafo3300.42.graphml,42,55,C,repaired,4,6,5,refutation,5824,0.017,1,
rome,rome/rome/grafo3302.35.graphml,35,42,C,repaired,3,3,3,bound,0,0.001,1,
rome,rome/rome/grafo330.15.graphml,15,16,C,repaired,2,3,3,refutation,49,0.001,1,
rome,rome/rome/grafo3304.36.graphml,36,47,C,repaired,4,5,4,bound,103,0.002,1,
rome,rome/rome/grafo3298.58.graphml,58,76,C,repaired,5,7,6,refutation,47835,0.074,1,
rome,rome/rome/grafo3303.46.graphml,46,64,C,repaired,5,6,6,refutation,3114,0.014,1,
rome,rome/rome/grafo3292.56.graphml,56,84,C,repaired,6,8,8,refutation,141260,0.157,1,
rome,rome/rome/grafo3299.53.graphml,53,70,C,repaired,5,6,6,refutation,17020,0.044,1,
rome,rome/rome/grafo3305.47.graphml,47,60,C,repaired,4,5,5,refutation,2112,0.012,1,
rome,rome/rome/grafo3306.41.graphml,41,53,C,repaired,4,5,5,refutation,2759,0.01,1,
rome,rome/rome/grafo331.15.graphml,15,16,C,repaired,2,2,2,bound,0,0.0,1,
rome,rome/rome/grafo3284.54.graphml,54,82,C,repaired,6,8,8,refutation,148426,0.281,1,
rome,rome/rome/grafo3309.59.graphml,59,84,C,repaired,5,7,6,refutation,19740,0.044,1,
rome,rome/rome/grafo3312.39.graphml,39,49,C,repaired,4,6,5,refutation,2152,0.01,1,
rome,rome/rome/grafo3314.39.graphml,39,51,C,repaired,4,6,5,refutation,2207,0.011,1,
rome,rome/rome/grafo3301.53.graphml,53,83,C,repaired,5,8,8,refutation,64090,0.133,1,
rome,rome/rome/grafo3311.36.graphml,36,47,C,repaired,4,4,4,bound,0,0.004,1,
rome,rome/rome/grafo3310.46.graphml,46,68,C,repaired,5,8,8,refutation,88425,0.106,1,
rome,rome/rome/grafo3313.42.graphml,42,58,C,repaired,4,6,6,refutation,12553,0.047,1,
rome,rome/rome/grafo3316.34.graphml,34,39,C,repaired,2,3,3,refutation,162,0.004,1,
rome,rome/rome/grafo3318.55.graphml,55,75,C,repaired,5,6,6,refutation,8501,0.031,1,
rome,rome/rome/grafo3319.39.graphml,39,54,C,repaired,5,6,5,bound,938,0.005,1,
rome,rome/rome/grafo3307.55.graphml,55,72,C,repaired,4,7,6,refutation,38701,0.118,1,
rome,rome/rome/grafo3308.97.graphml,97,110,C,repaired,4,6,5,refutation,100202,0.151,1,
rome,rome/rome/grafo3317.36.graphml,36,46,C,repaired,3,5,4,refutation,677,0.005,1,
rome,rome/rome/grafo3320.37.graphml,37,45,C,repaired,3,4,4,refutation,628,0.004,1,
rome,rome/rome/grafo3325.42.graphml,42,52,C,repaired,3,4,3,bound,34,0.001,1,
rome,rome/rome/grafo3321.38.graphml,38,53,C,repaired,4,5,5,refutation,1020,0.009,1,
rome,rome/rome/grafo3323.56.graphml,56,64,C,repaired,3,5,4,refutation,2320,0.01,1,
rome,rome/rome/grafo3324.44.graphml,44,52,C,repaired,3,4,4,refutation,1081,0.005,1,
rome,rome/rome/grafo3322.37.graphml,37,46,C,repaired,3,4,4,refutation,605,0.005,1,
rome,rome/rome/grafo3326.42.graphml,42,60,C,repaired,5,6,5,bound,69,0.002,1,
rome,rome/rome/grafo333.19.graphml,19,22,C,repaired,2,3,2,bound,26,0.001,1,
rome,rome/rome/grafo3330.39.graphml,39,60,C,repaired,5,7,6,refutation,3778,0.011,1,
rome,rome/rome/grafo3331.44.graphml,44,62,C,repaired,5,6,5,bound,704,0.007,1,
rome,rome/rome/grafo3327.48.graphml,48,73,C,repaired,6,8,7,refutation,21871,0.039,1,
rome,rome/rome/grafo3329.39.graphml,39,50,C,repaired,3,5,4,refutation,567,0.002,1,
rome,rome/rome/grafo3328.56.graphml,56,76,C,repaired,4,6,6,refutation,15671,0.056,1,
rome,rome/rome/grafo3332.38.graphml,38,43,C,repaired,3,4,3,bound,78,0.001,1,
rome,rome/rome/grafo3335.40.graphml,40,53,C,repaired,4,5,5,refutation,1488,0.006,1,
rome,rome/rome/grafo3336.36.graphml,36,44,C,repaired,4,5,5,refutation,1991,0.006,1,
rome,rome/rome/grafo334.12.graphml,12,13,C,repaired,2,2,2,bound,0,0.0,1,
rome,rome/rome/grafo3341.37.graphml,37,50,C,repaired,4,6,5,refutation,788,0.004,1,
rome,rome/rome/grafo3333.51.graphml,51,71,C,repaired,5,7,7,refutation,64107,0.084,1,
rome,rome/rome/grafo3334.48.graphml,48,67,C,repaired,5,6,6,refutation,10120,0.034,1,
rome,rome/rome/grafo3337.40.graphml,40,53,C,repaired,3,5,4,refutation,746,0.009,1,
rome,rome/rome/grafo3339.42.graphml,42,53,C,repaired,4,5,5,refutation,3100,0.012,1,
rome,rome/rome/grafo3338.56.graphml,56,71,C,repaired,4,6,5,refutation,9739,0.033,1,
rome,rome/rome/grafo3340.41.graphml,41,54,C,repaired,4,6,5,refutation,3098,0.008,1,
rome,rome/rome/grafo3343.58.graphml,58,70,C,repaired,3,5,4,refutation,2943,0.009,1,
rome,rome/rome/grafo3349.47.graphml,47,51,C,repaired,3,4,3,bound,69,0.002,1,
rome,rome/rome/grafo3344.42.graphml,42,52,C,repaired,4,5,5,refutation,7413,0.031,1,
rome,rome/rome/grafo3347.35.graphml,35,48,C,repaired,4,6,5,refutation,1406,0.006,1,
rome,rome/rome/grafo3345.63.graphml,63,84,C,repaired,5,7,6,refutation,19489,0.049,1,
rome,rome/rome/grafo335.13.graphml,13,19,C,repaired,3,3,3,bound,0,0.0,1,
rome,rome/rome/grafo3346.55.graphml,55,74,C,repaired,5,7,6,refutation,18998,0.036,1,
rome,rome/rome/grafo3348.43.graphml,43,58,C,repaired,5,6,6,refutation,9298,0.036,1,
rome,rome/rome/grafo3350.50.graphml,50,65,C,repaired,4,7,5,refutation,7513,0.028,1,
rome,rome/rome/grafo3353.40.graphml,40,46,C,repaired,3,4,3,bound,190,0.002,1,
rome,rome/rome/grafo3351.38.graphml,38,46,C,repaired,4,5,4,bound,123,0.001,1,
rome,rome/rome/grafo3352.55.graphml,55,69,C,repaired,3,5,5,refutation,4997,0.019,1,
rome,rome/rome/grafo3356.33.graphml,33,40,C,repaired,3,4,4,refutation,503,0.002,1,
rome,rome/rome/grafo3358.36.graphml,36,42,C,repaired,3,4,3,bound,87,0.001,1,
rome,rome/rome/grafo3357.53.graphml,53,73,C,repaired,5,7,6,refutation,12562,0.038,1,
rome,rome/rome/grafo3359.37.graphml,37,58,C,repaired,5,6,6,refutation,2517,0.013,1,
rome,rome/rome/grafo3354.63.graphml,63,83,C,repaired,5,7,6,refutation,24291,0.045,1,
rome,rome/rome/grafo3355.55.graphml,55,67,C,repaired,3,5,5,refutation,10107,0.041,1,
rome,rome/rome/grafo336.21.graphml,21,22,C,repaired,2,3,2,bound,19,0.001,1,
rome,rome/rome/grafo3360.43.graphml,43,56,C,repaired,4,5,5,refutation,5809,0.016,1,
rome,rome/rome/grafo3363.37.graphml,37,47,C,repaired,4,5,5,refutation,1595,0.006,1,
rome,rome/rome/grafo3361.44.graphml,44,52,C,repaired,3,4,4,refutation,985,0.005,1,
rome,rome/rome/grafo3362.51.graphml,51,63,C,repaired,4,6,5,refutation,7139,0.02,1,
rome,rome/rome/grafo3342.61.graphml,61,90,C,repaired,6,9,8,refutation,260747,0.268,1,
rome,rome/rome/grafo3367.40.graphml,40,50,C,repaired,4,5,4,bound,96,0.002,1,
rome,rome/rome/grafo3368.39.graphml,39,56,C,repaired,5,6,5,bound,31,0.002,1,
rome,rome/rome/grafo3366.52.graphml,52,65,C,repaired,4,5,5,refutation,4437,0.015,1,
rome,rome/rome/grafo3369.41.graphml,41,56,C,repaired,5,6,5,bound,61,0.002,1,
rome,rome/rome/grafo3364.52.graphml,52,77,C,repaired,5,7,7,refutation,37707,0.069,1,
rome,rome/rome/grafo3365.43.graphml,43,72,C,repaired,5,7,7,refutation,12167,0.031,1,
rome,rome/rome/grafo337.15.graphml,15,23,C,repaired,3,4,3,bound,16,0.001,1,
rome,rome/rome/grafo3370.43.graphml,43,57,C,repaired,3,6,5,refutation,2036,0.009,1,
rome,rome/rome/grafo3374.38.graphml,38,48,C,repaired,3,4,4,refutation,746,0.004,1,
rome,rome/rome/grafo3373.48.graphml,48,74,C,repaired,5,7,7,refutation,14942,0.035,1,
rome,rome/rome/grafo3375.39.graphml,39,59,C,repaired,5,7,6,refutation,3263,0.014,1,
rome,rome/rome/grafo3377.36.graphml,36,45,C,repaired,3,4,4,refutation,467,0.003,1,
rome,rome/rome/grafo3378.35.graphml,35,48,C,repaired,4,5,5,refutation,964,0.004,1,
rome,rome/rome/grafo3371.55.graphml,55,60,C,repaired,3,5,4,refutation,2680,0.019,1,
rome,rome/rome/grafo3379.36.graphml,36,44,C,repaired,3,5,4,refutation,622,0.004,1,
rome,rome/rome/grafo338.15.graphml,15,16,C,repaired,2,2,2,bound,0,0.001,1,
rome,rome/rome/grafo3380.46.graphml,46,56,C,repaired,4,5,4,bound,274,0.002,1,
rome,rome/rome/grafo3372.46.graphml,46,69,C,repaired,6,7,7,refutation,20979,0.07,1,
rome,rome/rome/grafo3376.61.graphml,61,86,C,repaired,6,8,7,refutation,82601,0.109,1,
rome,rome/rome/grafo3385.54.graphml,54,64,C,repaired,3,5,5,refutation,6104,0.019,1,
rome,rome/rome/grafo3381.40.graphml,40,53,C,repaired,4,6,5,refutation,1888,0.008,1,
rome,rome/rome/grafo3383.38.graphml,38,62,C,repaired,5,7,7,refutation,5476,0.013,1,
rome,rome/rome/grafo3387.40.graphml,40,53,C,repaired,4,6,5,refutation,2505,0.011,1,
rome,rome/rome/grafo3388.41.graphml,41,56,C,repaired,4,6,5,refutation,3734,0.015,1,
rome,rome/rome/grafo339.18.graphml,18,18,C,repaired,2,2,2,bound,0,0.003,1,
rome,rome/rome/grafo3389.46.graphml,46,65,C,repaired,4,6,6,refutation,6228,0.021,1,
rome,rome/rome/grafo3391.39.graphml,39,61,C,repaired,4,6,5,refutation,1331,0.011,1,
rome,rome/rome/grafo3392.43.graphml,43,52,C,repaired,3,5,4,refutation,978,0.009,1,
rome,rome/rome/grafo3384.52.graphml,52,81,C,repaired,6,9,8,refutation,78676,0.115,1,
rome,rome/rome/grafo3393.42.graphml,42,53,C,repaired,3,4,4,refutation,909,0.005,1,
rome,rome/rome/grafo3395.37.graphml,37,51,C,repaired,4,6,5,refutation,1542,0.006,1,
rome,rome/rome/grafo3397.49.graphml,49,53,C,repaired,2,4,3,refutation,535,0.003,1,
rome,rome/rome/grafo3394.39.graphml,39,53,C,repaired,3,6,5,refutation,1115,0.012,1,
rome,rome/rome/grafo340.15.graphml,15,16,C,repaired,2,3,2,bound,17,0.001,1,
rome,rome/rome/grafo3386.57.graphml,57,86,C,repaired,6,9,8,refutation,285337,0.248,1,
rome,rome/rome/grafo3390.58.graphml,58,83,C,repaired,6,8,8,refutation,131364,0.157,1,
rome,rome/rome/grafo3398.59.graphml,59,87,C,repaired,5,8,7,refutation,60669,0.101,1,
rome,rome/rome/grafo3399.61.graphml,61,78,C,repaired,4,7,6,refutation,35535,0.073,1,
rome,rome/rome/grafo3401.41.graphml,41,53,C,repaired,4,6,5,refutation,2309,0.011,1,
rome,rome/rome/grafo3402.42.graphml,42,62,C,repaired,5,7,6,refutation,7345,0.028,1,
rome,rome/rome/grafo3404.43.graphml,43,53,C,repaired,4,5,4,bound,34,0.002,1,
rome,rome/rome/grafo3406.37.graphml,37,49,C,repaired,4,5,4,bound,48,0.002,1,
rome,rome/rome/grafo3407.34.graphml,34,43,C,repaired,3,4,4,refutation,537,0.003,1,
rome,rome/rome/grafo3403.37.graphml,37,42,C,repaired,3,4,3,bound,46,0.001,1,
rome,rome/rome/grafo341.30.graphml,30,39,C,repaired,3,4,4,refutation,388,0.002,1,
rome,rome/rome/grafo3405.57.graphml,57,78,C,repaired,5,8,6,refutation,33722,0.063,1,
rome,rome/rome/grafo3408.62.graphml,62,73,C,repaired,4,6,5,refutation,11905,0.043,1,
rome,rome/rome/grafo3411.52.graphml,52,68,C,repaired,4,6,5,refutation,4456,0.01,1,
rome,rome/rome/grafo332.82.graphml,82,106,C,repaired,5,9,7,refutation,1311216,1.2,1,
rome,rome/rome/grafo3414.36.graphml,36,39,C,repaired,3,4,3,bound,48,0.001,1,
rome,rome/rome/grafo3410.48.graphml,48,62,C,repaired,3,6,5,refutation,9263,0.043,1,
rome,rome/rome/grafo3412.46.graphml,46,65,C,repaired,4,6,6,refutation,7349,0.026,1,
rome,rome/rome/grafo3413.36.graphml,36,53,C,repaired,5,6,5,bound,41,0.002,1,
rome,rome/rome/grafo3416.38.graphml,38,50,C,repaired,4,4,4,bound,0,0.001,1,
rome,rome/rome/grafo3396.61.graphml,61,95,C,repaired,6,9,9,refutation,432737,0.349,1,
rome,rome/rome/grafo3417.38.graphml,38,46,C,repaired,3,5,3,bound,56,0.001,1,
rome,rome/rome/grafo3418.49.graphml,49,63,C,repaired,4,6,5,refutation,2610,0.01,1,
rome,rome/rome/grafo3419.44.graphml,44,51,C,repaired,3,4,4,refutation,996,0.005,1,
rome,rome/rome/grafo342.16.graphml,16,20,C,repaired,3,3,3,bound,0,0.001,1,
rome,rome/rome/grafo3420.41.graphml,41,51,C,repaired,4,5,5,refutation,1716,0.007,1,
rome,rome/rome/grafo3421.38.graphml,38,52,C,repaired,4,6,5,refutation,985,0.005,1,
rome,rome/rome/grafo3409.57.graphml,57,85,C,repaired,6,8,8,refutation,94077,0.188,1,
rome,rome/rome/grafo3415.49.graphml,49,65,C,repaired,5,7,6,refutation,28525,0.075,1,
rome,rome/rome/grafo3425.41.graphml,41,52,C,repaired,3,4,3,bound,106,0.002,1,
rome,rome/rome/grafo3423.54.graphml,54,69,C,repaired,4,6,5,refutation,6517,0.024,1,
rome,rome/rome/grafo3426.53.graphml,53,62,C,repaired,4,5,5,refutation,5448,0.029,1,
rome,rome/rome/grafo3424.46.graphml,46,56,C,repaired,4,5,5,refutation,4947,0.014,1,
rome,rome/rome/grafo343.14.graphml,14,15,C,repaired,2,3,2,bound,24,0.001,1,
rome,rome/rome/grafo3428.57.graphml,57,80,C,repaired,4,7,6,refutation,15377,0.039,1,
rome,rome/rome/grafo3429.43.graphml,43,65,C,repaired,4,6,5,refutation,1782,0.008,1,
rome,rome/rome/grafo3430.39.graphml,39,53,C,repaired,4,6,5,refutation,1840,0.007,1,
rome,rome/rome/grafo3427.56.graphml,56,81,C,repaired,6,8,7,refutation,40172,0.072,1,
rome,rome/rome/grafo3433.37.graphml,37,42,C,repaired,3,4,4,refutation,811,0.004,1,
rome,rome/rome/grafo3432.44.graphml,44,55,C,repaired,4,6,5,refutation,6662,0.021,1,
rome,rome/rome/grafo3437.38.graphml,38,45,C,repaired,3,4,4,refutation,1133,0.005,1,
rome,rome/rome/grafo3438.36.graphml,36,52,C,repaired,4,4,4,bound,0,0.001,1,
rome,rome/rome/grafo3431.58.graphml,58,83,C,repaired,5,7,7,refutation,34552,0.055,1,
rome,rome/rome/grafo3434.45.graphml,45,60,C,repaired,4,5,5,refutation,1819,0.008,1,
rome,rome/rome/grafo3436.57.graphml,57,76,C,repaired,5,6,6,refutation,18122,0.04,1,
rome,rome/rome/grafo3439.42.graphml,42,57,C,repaired,4,6,5,refutation,2988,0.014,1,
rome,rome/rome/grafo3422.59.graphml,59,96,C,repaired,6,9,9,refutation,265461,0.24,1,
rome,rome/rome/grafo344.36.graphml,36,47,C,repaired,4,5,5,refutation,1596,0.007,1,
rome,rome/rome/grafo3440.55.graphml,55,67,C,repaired,3,5,4,refutation,3207,0.011,1,
rome,rome/rome/grafo3444.41.graphml,41,53,C,repaired,5,6,5,bound,583,0.003,1,
rome,rome/rome/grafo3441.53.graphml,53,61,C,repaired,3,5,5,refutation,6963,0.037,1,
rome,rome/rome/grafo3445.37.graphml,37,46,C,repaired,4,5,4,bound,253,0.002,1,
rome,rome/rome/grafo3442.52.graphml,52,73,C,repaired,5,7,6,refutation,22326,0.042,1,
rome,rome/rome/grafo3446.46.graphml,46,62,C,repaired,4,5,5,refutation,3317,0.01,1,
rome,rome/rome/grafo3447.35.graphml,35,42,C,repaired,3,4,3,bound,38,0.001,1,
rome,rome/rome/grafo3449.44.graphml,44,61,C,repaired,4,6,5,refutation,3188,0.01,1,
rome,rome/rome/grafo345.14.graphml,14,13,C,repaired,1,2,2,refutation,14,0.001,1,
rome,rome/rome/grafo3450.43.graphml,43,52,C,repaired,3,4,4,refutation,752,0.005,1,
rome,rome/rome/grafo3443.51.graphml,51,73,C,repaired,6,8,7,refutation,45564,0.111,1,
rome,rome/rome/grafo3451.43.graphml,43,51,C,repaired,4,5,4,bound,47,0.001,1,
rome,rome/rome/grafo3454.39.graphml,39,50,C,repaired,3,5,4,refutation,561,0.003,1,
rome,rome/rome/grafo3452.41.graphml,41,54,C,repaired,4,6,5,refutation,2401,0.01,1,
rome,rome/rome/grafo3455.52.graphml,52,65,C,repaired,4,6,5,refutation,6641,0.025,1,
rome,rome/rome/grafo3448.58.graphml,58,85,C,repaired,5,8,7,refutation,64826,0.085,1,
rome,rome/rome/grafo3457.38.graphml,38,43,C,repaired,3,4,3,bound,302,0.003,1,
rome,rome/rome/grafo3456.40.graphml,40,48,C,repaired,3,4,3,bound,74,0.005,1,
rome,rome/rome/grafo346.19.graphml,19,22,C,repaired,3,3,3,bound,0,0.001,1,
rome,rome/rome/grafo3453.56.graphml,56,72,C,repaired,5,7,6,refutation,16780,0.061,1,
rome,rome/rome/grafo3458.53.graphml,53,65,C,repaired,4,5,5,refutation,6090,0.014,1,
rome,rome/rome/grafo3459.43.graphml,43,66,C,repaired,5,7,7,refutation,10415,0.027,1,
rome,rome/rome/grafo3460.54.graphml,54,82,C,repaired,5,7,7,refutation,33208,0.057,1,
rome,rome/rome/grafo3462.42.graphml,42,52,C,repaired,3,5,5,refutation,2015,0.009,1,
rome,rome/rome/grafo3461.37.graphml,37,59,C,repaired,5,7,7,refutation,5935,0.024,1,
rome,rome/rome/grafo3463.58.graphml,58,77,C,repaired,5,7,6,refutation,46921,0.08,1,
rome,rome/rome/grafo3467.53.graphml,53,60,C,repaired,3,5,3,bound,236,0.004,1,
rome,rome/rome/grafo3468.44.graphml,44,53,C,repaired,4,4,4,bound,0,0.001,1,
rome,rome/rome/grafo3469.47.graphml,47,57,C,repaired,3,5,3,bound,355,0.003,1,
rome,rome/rome/grafo3466.56.graphml,56,79,C,repaired,5,8,7,refutation,59419,0.092,1,
rome,rome/rome/grafo3465.60.graphml,60,80,C,repaired,5,8,7,refutation,92544,0.119,1,
rome,rome/rome/grafo347.13.graphml,13,12,C,repaired,1,2,1,bound,13,0.0,1,
rome,rome/rome/grafo3470.41.graphml,41,51,C,repaired,4,5,4,bound,352,0.003,1,
rome,rome/rome/grafo3471.40.graphml,40,51,C,repaired,4,5,5,refutation,1729,0.006,1,
rome,rome/rome/grafo3474.39.graphml,39,51,C,repaired,3,5,4,refutation,998,0.005,1,
rome,rome/rome/grafo3476.42.graphml,42,60,C,repaired,4,6,6,refutation,2015,0.009,1,
rome,rome/rome/grafo3475.53.graphml,53,70,C,repaired,5,6,6,refutation,19718,0.045,1,
rome,rome/rome/grafo3473.57.graphml,57,73,C,repaired,5,6,6,refutation,32500,0.067,1,
rome,rome/rome/grafo3478.45.graphml,45,53,C,repaired,3,5,4,refutation,1596,0.008,1,
rome,rome/rome/grafo3382.99.graphml,99,129,C,repaired,5,8,7,refutation,1351116,1.468,1,
rome,rome/rome/grafo3479.56.graphml,56,73,C,repaired,5,7,6,refutation,18498,0.047,1,
rome,rome/rome/grafo348.20.graphml,20,21,C,repaired,2,3,2,bound,19,0.004,1,
rome,rome/rome/grafo3480.35.graphml,35,35,C,repaired,2,3,3,refutation,289,0.004,1,
rome,rome/rome/grafo3483.35.graphml,35,41,C,repaired,3,4,3,bound,175,0.004,1,
rome,rome/rome/grafo3484.51.graphml,51,68,C,repaired,5,6,6,refutation,15660,0.031,1,
rome,rome/rome/grafo3485.38.graphml,38,46,C,repaired,4,5,5,refutation,5435,0.016,1,
rome,rome/rome/grafo3486.53.graphml,53,68,C,repaired,4,6,5,refutation,5960,0.02,1,
rome,rome/rome/grafo3488.36.graphml,36,45,C,repaired,3,5,5,refutation,1973,0.013,1,
rome,rome/rome/grafo3481.97.graphml,97,117,C,repaired,4,6,6,refutation,134571,0.187,1,
rome,rome/rome/grafo3487.55.graphml,55,74,C,repaired,4,7,6,refutation,17206,0.041,1,
rome,rome/rome/grafo3477.57.graphml,57,88,C,repaired,6,10,9,refutation,403139,0.354,1,
rome,rome/rome/grafo349.13.graphml,13,14,C,repaired,2,3,3,refutation,32,0.001,1,
rome,rome/rome/grafo3491.43.graphml,43,61,C,repaired,4,6,5,refutation,2627,0.011,1,
rome,rome/rome/grafo3493.46.graphml,46,58,C,repaired,4,5,4,bound,129,0.002,1,
rome,rome/rome/grafo3143.94.graphml,94,132,C,repaired,7,9,8,refutation,4375295,4.342,1,
rome,rome/rome/grafo3492.51.graphml,51,69,C,repaired,5,6,6,refutation,9270,0.031,1,
rome,rome/rome/grafo3490.52.graphml,52,67,C,repaired,4,6,6,refutation,22808,0.052,1,
rome,rome/rome/grafo3494.39.graphml,39,56,C,repaired,4,6,6,refutation,9163,0.031,1,
rome,rome/rome/grafo3498.41.graphml,41,53,C,repaired,4,5,5,refutation,2792,0.01,1,
rome,rome/rome/grafo3495.42.graphml,42,53,C,repaired,4,5,4,bound,35,0.001,1,
rome,rome/rome/grafo3497.37.graphml,37,41,C,repaired,3,4,3,bound,35,0.001,1,
rome,rome/rome/grafo3489.63.graphml,63,85,C,repaired,5,8,7,refutation,297283,0.241,1,
rome,rome/rome/grafo3499.35.graphml,35,47,C,repaired,4,5,4,bound,29,0.003,1,
rome,rome/rome/grafo350.21.graphml,21,26,C,repaired,3,3,3,bound,0,0.001,1,
rome,rome/rome/grafo3496.54.graphml,54,83,C,repaired,6,8,7,refutation,33854,0.057,1,
rome,rome/rome/grafo3501.44.graphml,44,63,C,repaired,5,7,6,refutation,7533,0.036,1,
rome,rome/rome/grafo3502.58.graphml,58,77,C,repaired,4,6,5,refutation,4813,0.019,1,
rome,rome/rome/grafo3504.35.graphml,35,47,C,repaired,4,6,5,refutation,1885,0.006,1,
rome,rome/rome/grafo3505.43.graphml,43,56,C,repaired,4,5,5,refutation,3723,0.011,1,
rome,rome/rome/grafo3503.57.graphml,57,75,C,repaired,4,6,5,refutation,11967,0.029,1,
rome,rome/rome/grafo3500.64.graphml,64,92,C,repaired,6,9,7,refutation,101808,0.13,1,
rome,rome/rome/grafo3506.34.graphml,34,37,C,repaired,3,3,3,bound,0,0.001,1,
rome,rome/rome/grafo3509.45.graphml,45,66,C,repaired,5,6,6,refutation,4818,0.017,1,
rome,rome/rome/grafo3508.42.graphml,42,59,C,repaired,4,6,6,refutation,3659,0.017,1,
rome,rome/rome/grafo3507.51.graphml,51,71,C,repaired,5,8,7,refutation,38014,0.066,1,
rome,rome/rome/grafo351.13.graphml,13,15,C,repaired,2,2,2,bound,0,0.0,1,
rome,rome/rome/grafo3512.33.graphml,33,39,C,repaired,3,4,3,bound,186,0.002,1,
rome,rome/rome/grafo3513.43.graphml,43,48,C,repaired,3,4,3,bound,73,0.002,1,
rome,rome/rome/grafo3514.35.graphml,35,43,C,repaired,4,5,4,bound,22,0.001,1,
rome,rome/rome/grafo3511.54.graphml,54,73,C,repaired,5,6,6,refutation,8052,0.035,1,
rome,rome/rome/grafo3515.43.graphml,43,55,C,repaired,4,5,5,refutation,3472,0.016,1,
rome,rome/rome/grafo3516.44.graphml,44,60,C,repaired,5,7,6,refutation,7531,0.03,1,
rome,rome/rome/grafo3517.55.graphml,55,66,C,repaired,3,5,5,refutation,9979,0.035,1,
rome,rome/rome/grafo3518.36.graphml,36,49,C,repaired,4,5,4,bound,273,0.002,1,
rome,rome/rome/grafo352.12.graphml,12,12,C,repaired,2,2,2,bound,0,0.0,1,
rome,rome/rome/grafo3520.40.graphml,40,48,C,repaired,4,5,4,bound,500,0.003,1,
rome,rome/rome/grafo3519.40.graphml,40,56,C,repaired,4,5,5,refutation,1128,0.004,1,
rome,rome/rome/grafo3521.40.graphml,40,48,C,repaired,3,4,4,refutation,1114,0.005,1,
rome,rome/rome/grafo3522.37.graphml,37,42,C,repaired,3,4,4,refutation,888,0.004,1,
rome,rome/rome/grafo3524.38.graphml,38,43,C,repaired,3,4,4,refutation,1185,0.004,1,
rome,rome/rome/grafo3527.41.graphml,41,54,C,repaired,4,6,5,refutation,2776,0.017,1,
rome,rome/rome/grafo3525.40.graphml,40,52,C,repaired,4,6,5,refutation,2808,0.006,1,
rome,rome/rome/grafo3526.49.graphml,49,71,C,repaired,6,8,7,refutation,21348,0.049,1,
rome,rome/rome/grafo3528.45.graphml,45,53,C,repaired,4,5,4,bound,28,0.002,1,
rome,rome/rome/grafo3529.42.graphml,42,54,C,repaired,4,5,4,bound,54,0.002,1,
rome,rome/rome/grafo3523.59.graphml,59,85,C,repaired,5,8,7,refutation,96157,0.131,1,
rome,rome/rome/grafo3530.33.graphml,33,38,C,repaired,3,4,3,bound,27,0.001,1,
rome,rome/rome/grafo353.13.graphml,13,13,C,repaired,2,2,2,bound,0,0.0,1,
rome,rome/rome/grafo3533.37.graphml,37,57,C,repaired,5,6,6,refutation,3542,0.01,1,
rome,rome/rome/grafo3534.41.graphml,41,49,C,repaired,3,4,3,bound,32,0.001,1,
rome,rome/rome/grafo3531.54.graphml,54,81,C,repaired,6,9,8,refutation,61099,0.09,1,
rome,rome/rome/grafo3535.56.graphml,56,68,C,repaired,4,5,5,refutation,5146,0.022,1,
rome,rome/rome/grafo3537.40.graphml,40,61,C,repaired,4,7,6,refutation,1484,0.009,1,
rome,rome/rome/grafo3536.60.graphml,60,73,C,repaired,4,6,5,refutation,24004,0.057,1,
rome,rome/rome/grafo3538.40.graphml,40,46,C,repaired,3,5,4,refutation,1067,0.007,1,
rome,rome/rome/grafo3539.40.graphml,40,57,C,repaired,4,6,5,refutation,2587,0.007,1,
rome,rome/rome/grafo354.12.graphml,12,12,C,repaired,2,2,2,bound,0,0.0,1,
rome,rome/rome/grafo3540.38.graphml,38,57,C,repaired,4,6,6,refutation,2642,0.013,1,
rome,rome/rome/grafo3542.40.graphml,40,53,C,repaired,4,5,5,refutation,2584,0.01,1,
rome,rome/rome/grafo3541.55.graphml,55,87,C,repaired,5,8,8,refutation,36710,0.077,1,
rome,rome/rome/grafo3544.42.graphml,42,60,C,repaired,5,6,6,refutation,2703,0.009,1,
rome,rome/rome/grafo3547.37.graphml,37,38,C,repaired,2,3,2,bound,77,0.002,1,
rome,rome/rome/grafo3546.36.graphml,36,49,C,repaired,3,6,5,refutation,1255,0.007,1,
rome,rome/rome/grafo3548.42.graphml,42,50,C,repaired,3,5,4,refutation,1337,0.008,1,
rome,rome/rome/grafo3545.58.graphml,58,83,C,repaired,5,8,8,refutation,102510,0.13,1,
rome,rome/rome/grafo3549.40.graphml,40,57,C,repaired,5,6,6,refutation,3754,0.016,1,
rome,rome/rome/grafo355.14.graphml,14,13,C,repaired,1,2,2,refutation,18,0.001,1,
rome,rome/rome/grafo3551.39.graphml,39,54,C,repaired,4,5,4,bound,39,0.004,1,
rome,rome/rome/grafo3550.53.graphml,53,61,C,repaired,3,5,4,refutation,1596,0.006,1,
rome,rome/rome/grafo3552.44.graphml,44,51,C,repaired,3,5,4,refutation,1520,0.008,1,
rome,rome/rome/grafo3553.46.graphml,46,71,C,repaired,5,7,6,refutation,8464,0.032,1,
rome,rome/rome/grafo3555.40.graphml,40,49,C,repaired,4,5,4,bound,3448,0.016,1,
rome,rome/rome/grafo3554.37.graphml,37,41,C,repaired,3,4,3,bound,27,0.001,1,
rome,rome/rome/grafo3556.61.graphml,61,75,C,repaired,4,6,5,refutation,18263,0.047,1,
rome,rome/rome/grafo3558.39.graphml,39,62,C,repaired,5,7,7,refutation,11571,0.031,1,
rome,rome/rome/grafo356.19.graphml,19,22,C,repaired,2,3,3,refutation,51,0.001,1,
rome,rome/rome/grafo3543.72.graphml,72,103,C,repaired,5,9,8,refutation,593523,0.575,1,
rome,rome/rome/grafo3559.48.graphml,48,69,C,repaired,5,7,7,refutation,22469,0.035,1,
rome,rome/rome/grafo3557.64.graphml,64,85,C,repaired,5,7,7,refutation,126095,0.147,1,
rome,rome/rome/grafo3560.36.graphml,36,45,C,repaired,4,5,5,refutation,2176,0.01,1,
rome,rome/rome/grafo3561.48.graphml,48,68,C,repaired,5,6,6,refutation,19666,0.047,1,
rome,rome/rome/grafo3562.40.graphml,40,53,C,repaired,5,6,5,bound,1879,0.005,1,
rome,rome/rome/grafo3563.36.graphml,36,46,C,repaired,3,4,4,refutation,623,0.005,1,
rome,rome/rome/grafo3566.36.graphml,36,44,C,repaired,3,5,4,refutation,810,0.005,1,
rome,rome/rome/grafo3565.42.graphml,42,52,C,repaired,3,5,4,refutation,818,0.006,1,
rome,rome/rome/grafo3564.61.graphml,61,79,C,repaired,5,7,6,refutation,40896,0.069,1,
rome,rome/rome/grafo3567.52.graphml,52,68,C,repaired,5,7,6,refutation,22417,0.049,1,
rome,rome/rome/grafo357.14.graphml,14,21,C,repaired,2,3,3,refutation,24,0.001,1,
rome,rome/rome/grafo3571.42.graphml,42,56,C,repaired,4,6,5,refutation,1334,0.008,1,
rome,rome/rome/grafo3464.93.graphml,93,124,C,repaired,6,10,8,refutation,2530165,2.418,1,
rome,rome/rome/grafo3568.55.graphml,55,87,C,repaired,6,9,9,refutation,119331,0.141,1,
rome,rome/rome/grafo3570.55.graphml,55,66,C,repaired,3,5,4,refutation,1704,0.006,1,
rome,rome/rome/grafo3569.56.graphml,56,75,C,repaired,5,6,6,refutation,22139,0.069,1,
rome,rome/rome/grafo3573.43.graphml,43,58,C,repaired,4,6,5,refutation,1579,0.006,1,
rome,rome/rome/grafo3576.37.graphml,37,49,C,repaired,4,4,4,bound,0,0.001,1,
rome,rome/rome/grafo3574.36.graphml,36,45,C,repaired,3,5,4,refutation,1222,0.004,1,
rome,rome/rome/grafo3575.41.graphml,41,52,C,repaired,4,5,5,refutation,3225,0.01,1,
rome,rome/rome/grafo3572.53.graphml,53,76,C,repaired,6,8,7,refutation,31594,0.067,1,
rome,rome/rome/grafo3577.40.graphml,40,50,C,repaired,4,5,5,refutation,2345,0.009,1,
rome,rome/rome/grafo358.30.graphml,30,39,C,repaired,3,3,3,bound,0,0.001,1,
rome,rome/rome/grafo3579.52.graphml,52,67,C,repaired,5,7,6,refutation,20534,0.05,1,
rome,rome/rome/grafo3578.58.graphml,58,79,C,repaired,5,7,7,refutation,41548,0.078,1,
rome,rome/rome/grafo3582.41.graphml,41,51,C,repaired,4,5,5,refutation,4034,0.013,1,
rome,rome/rome/grafo3580.44.graphml,44,64,C,repaired,4,6,6,refutation,9422,0.024,1,
rome,rome/rome/grafo3585.39.graphml,39,46,C,repaired,3,4,3,bound,62,0.001,1,
rome,rome/rome/grafo3581.61.graphml,61,81,C,repaired,5,7,6,refutation,51840,0.078,1,
rome,rome/rome/grafo3583.47.graphml,47,61,C,repaired,5,6,5,bound,38,0.002,1,
rome,rome/rome/grafo3586.36.graphml,36,41,C,repaired,3,3,3,bound,0,0.001,1,
rome,rome/rome/grafo3587.36.graphml,36,48,C,repaired,4,4,4,bound,0,0.001,1,
rome,rome/rome/grafo3589.56.graphml,56,68,C,repaired,5,5,5,bound,0,0.003,1,
rome,rome/rome/grafo3588.36.graphml,36,40,C,repaired,3,4,4,refutation,548,0.003,1,
rome,rome/rome/grafo359.30.graphml,30,37,C,repaired,3,4,3,bound,64,0.001,1,
rome,rome/rome/grafo3591.57.graphml,57,72,C,repaired,4,6,5,refutation,6428,0.025,1,
rome,rome/rome/grafo3592.44.graphml,44,56,C,repaired,4,5,5,refutation,4453,0.012,1,
rome,rome/rome/grafo3584.56.graphml,56,80,C,repaired,6,9,8,refutation,130811,0.142,1,
rome,rome/rome/grafo3593.44.graphml,44,59,C,repaired,4,6,5,refutation,2257,0.01,1,
rome,rome/rome/grafo3594.42.graphml,42,56,C,repaired,3,5,4,refutation,485,0.003,1,
rome,rome/rome/grafo3595.39.graphml,39,56,C,repaired,4,6,5,refutation,1101,0.006,1,
rome,rome/rome/grafo3596.37.graphml,37,46,C,repaired,3,4,4,refutation,426,0.003,1,
rome,rome/rome/grafo3597.49.graphml,49,64,C,repaired,4,6,6,refutation,14822,0.023,1,
rome,rome/rome/grafo3598.55.graphml,55,73,C,repaired,4,6,6,refutation,7475,0.033,1,
rome,rome/rome/grafo3590.53.graphml,53,78,C,repaired,6,8,8,refutation,192322,0.182,1,
rome,rome/rome/grafo360.17.graphml,17,21,C,repaired,3,4,4,refutation,78,0.001,1,
rome,rome/rome/grafo3601.44.graphml,44,53,C,repaired,3,5,4,refutation,1033,0.005,1,
rome,rome/rome/grafo3600.43.graphml,43,61,C,repaired,5,6,6,refutation,9262,0.031,1,
rome,rome/rome/grafo3400.93.graphml,93,124,C,repaired,6,9,8,refutation,4488120,4.105,1,
rome,rome/rome/grafo3599.56.graphml,56,80,C,repaired,5,7,7,refutation,63681,0.091,1,
rome,rome/rome/grafo3604.37.graphml,37,48,C,repaired,3,4,4,refutation,767,0.003,1,
rome,rome/rome/grafo3605.35.graphml,35,40,C,repaired,3,4,3,bound,269,0.002,1,
rome,rome/rome/grafo3606.46.graphml,46,54,C,repaired,3,4,4,refutation,848,0.004,1,
rome,rome/rome/grafo3602.44.graphml,44,53,C,repaired,3,4,4,refutation,1890,0.011,1,
rome,rome/rome/grafo3603.44.graphml,44,66,C,repaired,5,7,7,refutation,7728,0.02,1,
rome,rome/rome/grafo3608.42.graphml,42,53,C,repaired,4,5,4,bound,31,0.002,1,
rome,rome/rome/grafo361.13.graphml,13,14,C,repaired,2,2,2,bound,0,0.003,1,
rome,rome/rome/grafo3609.42.graphml,42,55,C,repaired,3,5,4,refutation,830,0.003,1,
rome,rome/rome/grafo3607.56.graphml,56,91,C,repaired,6,9,8,refutation,68037,0.11,1,
rome,rome/rome/grafo3612.37.graphml,37,57,C,repaired,5,6,5,bound,38,0.004,1,
rome,rome/rome/grafo3611.53.graphml,53,67,C,repaired,4,5,5,refutation,11026,0.022,1,
rome,rome/rome/grafo3613.41.graphml,41,54,C,repaired,4,5,5,refutation,1648,0.007,1,
rome,rome/rome/grafo3610.57.graphml,57,80,C,repaired,5,8,7,refutation,73078,0.114,1,
rome,rome/rome/grafo3615.44.graphml,44,56,C,repaired,4,6,5,refutation,3601,0.014,1,
rome,rome/rome/grafo3617.39.graphml,39,48,C,repaired,3,4,4,refutation,644,0.002,1,
rome,rome/rome/grafo3618.38.graphml,38,55,C,repaired,4,6,5,refutation,1098,0.003,1,
rome,rome/rome/grafo3616.51.graphml,51,73,C,repaired,5,7,7,refutation,31410,0.063,1,
rome,rome/rome/grafo362.19.graphml,19,18,C,repaired,1,3,2,refutation,39,0.001,1,
rome,rome/rome/grafo3614.54.graphml,54,75,C,repaired,5,8,7,refutation,73152,0.121,1,
rome,rome/rome/grafo3620.38.graphml,38,47,C,repaired,4,5,4,bound,160,0.005,1,
rome,rome/rome/grafo3621.40.graphml,40,50,C,repaired,4,5,4,bound,29,0.001,1,
rome,rome/rome/grafo3619.33.graphml,33,45,C,repaired,4,5,5,refutation,604,0.005,1,
rome,rome/rome/grafo3623.39.graphml,39,47,C,repaired,3,4,4,refutation,540,0.003,1,
rome,rome/rome/grafo3622.36.graphml,36,41,C,repaired,3,4,3,bound,215,0.005,1,
rome,rome/rome/grafo3624.44.graphml,44,54,C,repaired,3,4,3,bound,104,0.002,1,
rome,rome/rome/grafo3626.49.graphml,49,61,C,repaired,4,6,5,refutation,6862,0.022,1,
rome,rome/rome/grafo3628.52.graphml,52,71,C,repaired,4,7,5,refutation,5227,0.021,1,
rome,rome/rome/grafo363.10.graphml,10,11,C,repaired,2,3,3,refutation,13,0.0,1,
rome,rome/rome/grafo3625.55.graphml,55,68,C,repaired,3,6,5,refutation,5749,0.024,1,
rome,rome/rome/grafo3627.37.graphml,37,37,C,repaired,2,3,2,bound,137,0.001,1,
rome,rome/rome/grafo3629.42.graphml,42,55,C,repaired,4,5,5,refutation,2371,0.011,1,
rome,rome/rome/grafo3631.35.graphml,35,41,C,repaired,3,4,3,bound,94,0.001,1,
rome,rome/rome/grafo3633.38.graphml,38,63,C,repaired,5,6,6,refutation,2669,0.011,1,
rome,rome/rome/grafo3630.54.graphml,54,69,C,repaired,4,6,5,refutation,10840,0.032,1,
rome,rome/rome/grafo3635.54.graphml,54,70,C,repaired,5,6,5,bound,110,0.003,1,
rome,rome/rome/grafo3634.40.graphml,40,47,C,repaired,3,5,4,refutation,968,0.004,1,
rome,rome/rome/grafo3636.46.graphml,46,62,C,repaired,4,6,4,bound,1570,0.007,1,
rome,rome/rome/grafo3637.38.graphml,38,48,C,repaired,4,6,5,refutation,3121,0.012,1,
rome,rome/rome/grafo3638.57.graphml,57,74,C,repaired,4,6,5,refutation,6394,0.018,1,
rome,rome/rome/grafo3632.56.graphml,56,88,C,repaired,6,8,8,refutation,71868,0.097,1,
rome,rome/rome/grafo3639.42.graphml,42,50,C,repaired,3,5,4,refutation,1393,0.006,1,
rome,rome/rome/grafo364.14.graphml,14,13,C,repaired,1,2,2,refutation,14,0.0,1,
rome,rome/rome/grafo3510.96.graphml,96,123,C,repaired,5,8,7,refutation,2746915,2.819,1,
rome,rome/rome/grafo3640.41.graphml,41,53,C,repaired,4,6,5,refutation,2556,0.012,1,
rome,rome/rome/grafo3641.52.graphml,52,71,C,repaired,5,7,6,refutation,20575,0.046,1,
rome,rome/rome/grafo3645.35.graphml,35,52,C,repaired,4,5,5,refutation,920,0.004,1,
rome,rome/rome/grafo3643.36.graphml,36,43,C,repaired,3,4,4,refutation,747,0.002,1,
rome,rome/rome/grafo3644.44.graphml,44,54,C,repaired,3,5,4,refutation,1177,0.004,1,
rome,rome/rome/grafo3649.38.graphml,38,54,C,repaired,4,5,5,refutation,804,0.004,1,
rome,rome/rome/grafo365.40.graphml,40,47,C,repaired,4,5,4,bound,33,0.002,1,
rome,rome/rome/grafo3647.41.graphml,41,58,C,repaired,4,6,6,refutation,3522,0.02,1,
rome,rome/rome/grafo3650.41.graphml,41,54,C,repaired,4,5,5,refutation,2099,0.008,1,
rome,rome/rome/grafo3646.37.graphml,37,50,C,repaired,5,5,5,bound,0,0.001,1,
rome,rome/rome/grafo3648.53.graphml,53,63,C,repaired,3,4,4,refutation,1488,0.007,1,
rome,rome/rome/grafo3652.42.graphml,42,61,C,repaired,5,6,5,bound,893,0.004,1,
rome,rome/rome/grafo3655.39.graphml,39,52,C,repaired,4,5,5,refutation,1823,0.007,1,
rome,rome/rome/grafo3651.58.graphml,58,74,C,repaired,4,6,5,refutation,6221,0.032,1,
rome,rome/rome/grafo3654.43.graphml,43,58,C,repaired,4,5,5,refutation,1535,0.004,1,
rome,rome/rome/grafo3656.58.graphml,58,75,C,repaired,5,6,6,refutation,14856,0.041,1,
rome,rome/rome/grafo3657.42.graphml,42,56,C,repaired,4,6,5,refutation,2620,0.012,1,
rome,rome/rome/grafo366.16.graphml,16,16,C,repaired,2,2,2,bound,0,0.0,1,
rome,rome/rome/grafo3659.44.graphml,44,55,C,repaired,4,5,5,refutation,5491,0.013,1,
rome,rome/rome/grafo3658.56.graphml,56,78,C,repaired,5,7,7,refutation,35348,0.066,1,
rome,rome/rome/grafo3662.46.graphml,46,52,C,repaired,3,5,4,refutation,1585,0.007,1,
rome,rome/rome/grafo3660.45.graphml,45,60,C,repaired,4,6,5,refutation,4198,0.019,1,
rome,rome/rome/grafo3663.36.graphml,36,41,C,repaired,3,3,3,bound,0,0.001,1,
rome,rome/rome/grafo3664.37.graphml,37,46,C,repaired,3,5,4,refutation,1038,0.004,1,
rome,rome/rome/grafo3661.46.graphml,46,56,C,repaired,3,4,4,refutation,991,0.006,1,
rome,rome/rome/grafo3472.92.graphml,92,120,C,repaired,5,8,8,refutation,4269414,4.068,1,
rome,rome/rome/grafo3653.60.graphml,60,86,C,repaired,6,9,8,refutation,228654,0.21,1,
rome,rome/rome/grafo3667.44.graphml,44,54,C,repaired,3,5,4,refutation,1283,0.008,1,
rome,rome/rome/grafo367.14.graphml,14,14,C,repaired,2,3,2,bound,12,0.001,1,
rome,rome/rome/grafo3642.63.graphml,63,92,C,repaired,6,8,8,refutation,619113,0.466,1,
rome,rome/rome/grafo3668.59.graphml,59,77,C,repaired,4,6,6,refutation,28521,0.064,1,
rome,rome/rome/grafo3669.43.graphml,43,52,C,repaired,3,5,4,refutation,1446,0.007,1,
rome,rome/rome/grafo3670.41.graphml,41,57,C,repaired,5,6,5,bound,310,0.004,1,
rome,rome/rome/grafo3665.54.graphml,54,77,C,repaired,5,8,7,refutation,65867,0.098,1,
rome,rome/rome/grafo3666.53.graphml,53,93,C,repaired,6,10,9,refutation,76192,0.11,1,
rome,rome/rome/grafo3675.42.graphml,42,51,C,repaired,3,4,4,refutation,865,0.004,1,
rome,rome/rome/grafo3672.59.graphml,59,78,C,repaired,4,6,5,refutation,11607,0.036,1,
rome,rome/rome/grafo3671.38.graphml,38,47,C,repaired,4,5,4,bound,33,0.002,1,
rome,rome/rome/grafo3676.38.graphml,38,43,C,repaired,3,4,4,refutation,815,0.006,1,
rome,rome/rome/grafo3673.40.graphml,40,59,C,repaired,5,6,6,refutation,3051,0.013,1,
rome,rome/rome/grafo3679.39.graphml,39,43,C,repaired,3,4,4,refutation,1996,0.007,1,
rome,rome/rome/grafo368.11.graphml,11,13,C,repaired,3,3,3,bound,0,0.0,1,
rome,rome/rome/grafo3677.51.graphml,51,71,C,repaired,5,8,6,refutation,14842,0.029,1,
rome,rome/rome/grafo3678.34.graphml,34,42,C,repaired,4,5,5,refutation,2899,0.013,1,
rome,rome/rome/grafo3681.38.graphml,38,48,C,repaired,3,4,4,refutation,519,0.003,1,
rome,rome/rome/grafo3674.59.graphml,59,90,C,repaired,6,9,8,refutation,110150,0.135,1,
rome,rome/rome/grafo3686.31.graphml,31,36,C,repaired,3,3,3,bound,0,0.001,1,
rome,rome/rome/grafo3683.41.graphml,41,59,C,repaired,5,6,5,bound,188,0.002,1,
rome,rome/rome/grafo3687.41.graphml,41,53,C,repaired,4,5,5,refutation,2248,0.008,1,
rome,rome/rome/grafo3682.49.graphml,49,74,C,repaired,5,7,7,refutation,31124,0.064,1,
rome,rome/rome/grafo3684.50.graphml,50,66,C,repaired,4,6,6,refutation,17479,0.038,1,
rome,rome/rome/grafo3690.38.graphml,38,50,C,repaired,4,5,5,refutation,1491,0.005,1,
rome,rome/rome/grafo3685.50.graphml,50,72,C,repaired,6,8,7,refutation,45617,0.068,1,
rome,rome/rome/grafo3691.41.graphml,41,53,C,repaired,4,5,5,refutation,1309,0.007,1,
rome,rome/rome/grafo3688.54.graphml,54,71,C,repaired,4,6,6,refutation,17508,0.041,1,
rome,rome/rome/grafo3689.49.graphml,49,65,C,repaired,5,7,6,refutation,11147,0.023,1,
rome,rome/rome/grafo369.20.graphml,20,28,C,repaired,3,4,3,bound,24,0.004,1,
rome,rome/rome/grafo3692.41.graphml,41,59,C,repaired,5,7,6,refutation,9395,0.031,1,
rome,rome/rome/grafo3693.43.graphml,43,58,C,repaired,4,6,6,refutation,6698,0.018,1,
rome,rome/rome/grafo3695.39.graphml,39,47,C,repaired,3,4,4,refutation,597,0.004,1,
rome,rome/rome/grafo3696.38.graphml,38,50,C,repaired,4,5,5,refutation,1639,0.005,1,
rome,rome/rome/grafo3694.41.graphml,41,59,C,repaired,4,6,6,refutation,4873,0.029,1,
rome,rome/rome/grafo3697.49.graphml,49,68,C,repaired,5,7,6,refutation,8440,0.031,1,
rome,rome/rome/grafo370.14.graphml,14,19,C,repaired,3,3,3,bound,0,0.0,1,
rome,rome/rome/grafo3700.38.graphml,38,44,C,repaired,3,4,3,bound,71,0.002,1,
rome,rome/rome/grafo3701.41.graphml,41,58,C,repaired,5,6,5,bound,817,0.004,1,
rome,rome/rome/grafo3703.45.graphml,45,67,C,repaired,5,6,6,refutation,4752,0.016,1,
rome,rome/rome/grafo3702.57.graphml,57,70,C,repaired,4,6,5,refutation,7643,0.018,1,
rome,rome/rome/grafo3705.44.graphml,44,57,C,repaired,4,5,4,bound,563,0.004,1,
rome,rome/rome/grafo3704.52.graphml,52,71,C,repaired,4,6,5,refutation,11446,0.035,1,
rome,rome/rome/grafo3698.56.graphml,56,87,C,repaired,6,8,7,refutation,34842,0.128,1,
rome,rome/rome/grafo3708.38.graphml,38,54,C,repaired,4,6,5,refutation,4357,0.016,1,
rome,rome/rome/grafo3707.43.graphml,43,54,C,repaired,4,5,4,bound,171,0.008,1,
rome,rome/rome/grafo371.14.graphml,14,13,C,repaired,1,2,2,refutation,14,0.0,1,
rome,rome/rome/grafo3711.40.graphml,40,53,C,repaired,3,5,4,refutation,782,0.004,1,
rome,rome/rome/grafo3710.43.graphml,43,52,C,repaired,4,6,5,refutation,2691,0.026,1,
rome,rome/rome/grafo3709.61.graphml,61,85,C,repaired,5,8,7,refutation,70951,0.115,1,
rome,rome/rome/grafo3716.37.graphml,37,53,C,repaired,4,6,5,refutation,961,0.005,1,
rome,rome/rome/grafo3715.35.graphml,35,40,C,repaired,3,4,3,bound,39,0.001,1,
rome,rome/rome/grafo3713.55.graphml,55,84,C,repaired,6,9,8,refutation,72501,0.103,1,
rome,rome/rome/grafo3714.52.graphml,52,76,C,repaired,5,7,7,refutation,19895,0.04,1,
rome,rome/rome/grafo3718.43.graphml,43,59,C,repaired,5,6,5,bound,84,0.002,1,
rome,rome/rome/grafo3717.51.graphml,51,72,C,repaired,4,6,5,refutation,3447,0.014,1,
rome,rome/rome/grafo372.27.graphml,27,31,C,repaired,3,3,3,bound,0,0.001,1,
rome,rome/rome/grafo3719.40.graphml,40,50,C,repaired,4,5,4,bound,298,0.002,1,
rome,rome/rome/grafo3721.37.graphml,37,57,C,repaired,5,6,6,refutation,1909,0.007,1,
rome,rome/rome/grafo3720.35.graphml,35,47,C,repaired,4,5,5,refutation,1766,0.004,1,
rome,rome/rome/grafo3722.40.graphml,40,58,C,repaired,4,6,5,refutation,2407,0.011,1,
rome,rome/rome/grafo3724.43.graphml,43,54,C,repaired,4,5,4,bound,241,0.002,1,
rome,rome/rome/grafo3725.37.graphml,37,44,C,repaired,3,5,4,refutation,1055,0.003,1,
rome,rome/rome/grafo3727.39.graphml,39,53,C,repaired,4,5,5,refutation,1766,0.006,1,
rome,rome/rome/grafo3728.37.graphml,37,47,C,repaired,4,5,4,bound,318,0.003,1,
rome,rome/rome/grafo3723.53.graphml,53,73,C,repaired,5,7,6,refutation,24299,0.092,1,
rome,rome/rome/grafo3726.51.graphml,51,70,C,repaired,5,7,6,refutation,12289,0.02,1,
rome,rome/rome/grafo3729.37.graphml,37,45,C,repaired,3,4,3,bound,54,0.002,1,
rome,rome/rome/grafo373.13.graphml,13,19,C,repaired,3,3,3,bound,0,0.003,1,
rome,rome/rome/grafo3730.47.graphml,47,63,C,repaired,4,5,5,refutation,3511,0.008,1,
rome,rome/rome/grafo3731.47.graphml,47,69,C,repaired,6,7,6,bound,30,0.002,1,
rome,rome/rome/grafo3734.36.graphml,36,46,C,repaired,4,4,4,bound,0,0.001,1,
rome,rome/rome/grafo3735.39.graphml,39,53,C,repaired,4,6,5,refutation,967,0.006,1,
rome,rome/rome/grafo3732.58.graphml,58,75,C,repaired,4,6,6,refutation,25420,0.058,1,
rome,rome/rome/grafo3736.39.graphml,39,52,C,repaired,4,6,5,refutation,1360,0.006,1,
rome,rome/rome/grafo3738.42.graphml,42,47,C,repaired,2,4,3,refutation,264,0.002,1,
rome,rome/rome/grafo374.18.graphml,18,25,C,repaired,3,3,3,bound,0,0.0,1,
rome,rome/rome/grafo3739.56.graphml,56,67,C,repaired,3,5,4,refutation,2060,0.011,1,
rome,rome/rome/grafo3737.54.graphml,54,77,C,repaired,5,8,8,refutation,82183,0.115,1,
rome,rome/rome/grafo3742.36.graphml,36,45,C,repaired,3,4,3,bound,246,0.002,1,
rome,rome/rome/grafo3740.55.graphml,55,71,C,repaired,4,7,6,refutation,29937,0.063,1,
rome,rome/rome/grafo3743.35.graphml,35,47,C,repaired,3,5,4,refutation,423,0.003,1,
rome,rome/rome/grafo3733.62.graphml,62,91,C,repaired,6,9,8,refutation,359136,0.308,1,
rome,rome/rome/grafo3745.41.graphml,41,54,C,repaired,5,6,5,bound,39,0.002,1,
rome,rome/rome/grafo3744.50.graphml,50,72,C,repaired,6,8,7,refutation,30166,0.06,1,
rome,rome/rome/grafo3747.37.graphml,37,52,C,repaired,4,6,4,bound,673,0.005,1,
rome,rome/rome/grafo3706.64.graphml,64,94,C,repaired,6,9,9,refutation,1277372,1.017,1,
rome,rome/rome/grafo3746.62.graphml,62,80,C,repaired,4,7,6,refutation,18394,0.05,1,
rome,rome/rome/grafo3749.42.graphml,42,52,C,repaired,3,5,4,refutation,2343,0.007,1,
rome,rome/rome/grafo3750.53.graphml,53,66,C,repaired,4,6,5,refutation,5628,0.025,1,
rome,rome/rome/grafo375.17.graphml,17,19,C,repaired,2,3,3,refutation,37,0.001,1,
rome,rome/rome/grafo3748.54.graphml,54,73,C,repaired,5,7,7,refutation,53467,0.089,1,
rome,rome/rome/grafo3751.40.graphml,40,54,C,repaired,4,5,5,refutation,1315,0.006,1,
rome,rome/rome/grafo3752.38.graphml,38,46,C,repaired,3,5,4,refutation,727,0.004,1,
rome,rome/rome/grafo3753.40.graphml,40,53,C,repaired,4,6,5,refutation,951,0.006,1,
rome,rome/rome/grafo3754.40.graphml,40,45,C,repaired,3,4,3,bound,72,0.001,1,
rome,rome/rome/grafo3758.38.graphml,38,56,C,repaired,4,6,6,refutation,4317,0.013,1,
rome,rome/rome/grafo3755.52.graphml,52,72,C,repaired,5,6,6,refutation,7383,0.024,1,
rome,rome/rome/grafo3757.39.graphml,39,62,C,repaired,5,7,6,refutation,3921,0.015,1,
rome,rome/rome/grafo376.10.graphml,10,9,C,repaired,1,2,2,refutation,10,0.0,1,
rome,rome/rome/grafo3760.56.graphml,56,69,C,repaired,4,6,5,refutation,6519,0.014,1,
rome,rome/rome/grafo3759.53.graphml,53,72,C,repaired,5,6,6,refutation,21823,0.036,1,
rome,rome/rome/grafo3761.45.graphml,45,57,C,repaired,3,5,4,refutation,1146,0.004,1,
rome,rome/rome/grafo3762.39.graphml,39,52,C,repaired,4,5,5,refutation,1535,0.007,1,
rome,rome/rome/grafo3763.53.graphml,53,72,C,repaired,5,6,6,refutation,9856,0.035,1,
rome,rome/rome/grafo3765.38.graphml,38,46,C,repaired,3,5,5,refutation,3861,0.015,1,
rome,rome/rome/grafo3764.45.graphml,45,59,C,repaired,4,5,5,refutation,4572,0.019,1,
rome,rome/rome/grafo3766.38.graphml,38,47,C,repaired,3,4,4,refutation,509,0.003,1,
rome,rome/rome/grafo3767.36.graphml,36,44,C,repaired,3,5,4,refutation,468,0.003,1,
rome,rome/rome/grafo3768.42.graphml,42,53,C,repaired,4,4,4,bound,0,0.002,1,
rome,rome/rome/grafo377.13.graphml,13,16,C,repaired,2,3,2,bound,16,0.0,1,
rome,rome/rome/grafo3158.98.graphml,98,133,C,repaired,6,10,9,,12516462,10.012,1,
rome,rome/rome/grafo3769.48.graphml,48,63,C,repaired,4,6,5,refutation,3631,0.016,1,
rome,rome/rome/grafo3770.42.graphml,42,51,C,repaired,3,4,4,refutation,1346,0.006,1,
rome,rome/rome/grafo3771.40.graphml,40,53,C,repaired,4,6,5,refutation,2844,0.012,1,
rome,rome/rome/grafo3773.40.graphml,40,54,C,repaired,4,5,5,refutation,889,0.005,1,
rome,rome/rome/grafo3774.41.graphml,41,47,C,repaired,3,5,4,refutation,1730,0.008,1,
rome,rome/rome/grafo3772.56.graphml,56,83,C,repaired,5,8,7,refutation,54923,0.087,1,
rome,rome/rome/grafo3777.40.graphml,40,54,C,repaired,4,5,4,bound,153,0.002,1,
rome,rome/rome/grafo3776.53.graphml,53,77,C,repaired,4,7,6,refutation,6731,0.028,1,
rome,rome/rome/grafo3775.45.graphml,45,54,C,repaired,4,6,5,refutation,7270,0.025,1,
rome,rome/rome/grafo3778.37.graphml,37,43,C,repaired,3,4,4,refutation,711,0.004,1,
rome,rome/rome/grafo378.14.graphml,14,17,C,repaired,2,2,2,bound,0,0.0,1,
rome,rome/rome/grafo3779.52.graphml,52,67,C,repaired,4,6,6,refutation,10307,0.033,1,
rome,rome/rome/grafo3781.41.graphml,41,58,C,repaired,5,7,6,refutation,5712,0.018,1,
rome,rome/rome/grafo3184.91.graphml,91,127,C,repaired,7,10,9,,12052714,10.012,1,
rome,rome/rome/grafo3780.50.graphml,50,63,C,repaired,4,6,5,refutation,3451,0.017,1,
rome,rome/rome/grafo3782.34.graphml,34,43,C,repaired,3,4,4,refutation,264,0.005,1,
rome,rome/rome/grafo3784.36.graphml,36,46,C,repaired,4,5,5,refutation,1677,0.007,1,
rome,rome/rome/grafo3783.46.graphml,46,58,C,repaired,4,5,5,refutation,2262,0.012,1,
rome,rome/rome/grafo3786.41.graphml,41,50,C,repaired,3,4,4,refutation,980,0.006,1,
rome,rome/rome/grafo3788.38.graphml,38,45,C,repaired,3,5,4,refutation,986,0.004,1,
rome,rome/rome/grafo3787.61.graphml,61,73,C,repaired,4,6,5,refutation,12012,0.023,1,
rome,rome/rome/grafo3785.54.graphml,54,70,C,repaired,5,6,6,refutation,24069,0.086,1,
rome,rome/rome/grafo379.15.graphml,15,17,C,repaired,2,2,2,bound,0,0.0,1,
rome,rome/rome/grafo3789.56.graphml,56,79,C,repaired,4,7,7,refutation,42035,0.079,1,
rome,rome/rome/grafo3791.57.graphml,57,78,C,repaired,5,7,6,refutation,18024,0.044,1,
rome,rome/rome/grafo3793.39.graphml,39,53,C,repaired,4,5,5,refutation,1393,0.006,1,
rome,rome/rome/grafo3790.51.graphml,51,74,C,repaired,6,8,7,refutation,30609,0.068,1,
rome,rome/rome/grafo3794.41.graphml,41,52,C,repaired,4,6,4,bound,65,0.002,1,
rome,rome/rome/grafo3792.39.graphml,39,49,C,repaired,3,4,4,refutation,580,0.002,1,
rome,rome/rome/grafo3795.56.graphml,56,62,C,repaired,3,4,4,refutation,2193,0.011,1,
rome,rome/rome/grafo3798.41.graphml,41,50,C,repaired,4,5,4,bound,29,0.002,1,
rome,rome/rome/grafo3796.44.graphml,44,62,C,repaired,4,6,5,refutation,1867,0.005,1,
rome,rome/rome/grafo380.21.graphml,21,25,C,repaired,2,3,3,refutation,65,0.001,1,
rome,rome/rome/grafo3799.44.graphml,44,66,C,repaired,5,7,7,refutation,19027,0.044,1,
rome,rome/rome/grafo3224.98.graphml,98,141,C,repaired,7,11,10,,12559395,10.011,1,
rome,rome/rome/grafo3797.55.graphml,55,79,C,repaired,5,8,7,refutation,90339,0.116,1,
rome,rome/rome/grafo3800.42.graphml,42,51,C,repaired,3,4,4,refutation,1472,0.007,1,
rome,rome/rome/grafo3803.40.graphml,40,56,C,repaired,5,6,6,refutation,4475,0.014,1,
rome,rome/rome/grafo3801.43.graphml,43,52,C,repaired,3,5,4,refutation,1196,0.004,1,
rome,rome/rome/grafo3802.41.graphml,41,57,C,repaired,4,6,6,refutation,5241,0.013,1,
rome,rome/rome/grafo3805.37.graphml,37,49,C,repaired,3,4,4,refutation,417,0.002,1,
rome,rome/rome/grafo3806.47.graphml,47,52,C,repaired,3,4,3,bound,516,0.003,1,
rome,rome/rome/grafo3807.38.graphml,38,46,C,repaired,4,5,4,bound,29,0.001,1,
rome,rome/rome/grafo3804.40.graphml,40,49,C,repaired,3,5,4,refutation,1276,0.006,1,
rome,rome/rome/grafo3809.43.graphml,43,48,C,repaired,4,5,4,bound,78,0.002,1,
rome,rome/rome/grafo381.21.graphml,21,23,C,repaired,2,3,3,refutation,106,0.001,1,
rome,rome/rome/grafo3812.44.graphml,44,63,C,repaired,5,6,6,refutation,8760,0.025,1,
rome,rome/rome/grafo3813.39.graphml,39,50,C,repaired,4,5,4,bound,473,0.003,1,
rome,rome/rome/grafo3810.52.graphml,52,64,C,repaired,4,6,5,refutation,5815,0.023,1,
rome,rome/rome/grafo3814.39.graphml,39,46,C,repaired,3,4,4,refutation,949,0.005,1,
rome,rome/rome/grafo3811.54.graphml,54,77,C,repaired,4,7,6,refutation,13272,0.032,1,
rome,rome/rome/grafo3816.42.graphml,42,61,C,repaired,5,6,6,refutation,6313,0.023,1,
rome,rome/rome/grafo3262.92.graphml,92,130,C,repaired,6,11,11,,13287424,10.016,1,
rome,rome/rome/grafo382.15.graphml,15,17,C,repaired,2,3,2,bound,13,0.001,1,
rome,rome/rome/grafo3819.52.graphml,52,67,C,repaired,4,6,6,refutation,19484,0.035,1,
rome,rome/rome/grafo3818.57.graphml,57,77,C,repaired,5,6,6,refutation,29700,0.053,1,
rome,rome/rome/grafo3815.55.graphml,55,76,C,repaired,5,7,7,refutation,54985,0.103,1,
rome,rome/rome/grafo3820.42.graphml,42,52,C,repaired,3,4,4,refutation,873,0.005,1,
rome,rome/rome/grafo3817.58.graphml,58,87,C,repaired,7,8,8,refutation,110393,0.139,1,
rome,rome/rome/grafo3823.37.graphml,37,46,C,repaired,4,5,4,bound,974,0.007,1,
rome,rome/rome/grafo3821.55.graphml,55,87,C,repaired,5,8,8,refutation,46645,0.08,1,
rome,rome/rome/grafo3824.43.graphml,43,59,C,repaired,4,6,5,refutation,2085,0.011,1,
rome,rome/rome/grafo3825.49.graphml,49,66,C,repaired,5,6,6,refutation,18863,0.039,1,
rome,rome/rome/grafo3826.51.graphml,51,63,C,repaired,4,6,5,refutation,6567,0.026,1,
rome,rome/rome/grafo3827.42.graphml,42,55,C,repaired,4,5,5,refutation,2528,0.011,1,
rome,rome/rome/grafo3828.38.graphml,38,40,C,repaired,2,3,3,refutation,399,0.002,1,
rome,rome/rome/grafo3829.43.graphml,43,61,C,repaired,4,5,5,refutation,1436,0.007,1,
rome,rome/rome/grafo3831.44.graphml,44,52,C,repaired,3,5,4,refutation,1924,0.007,1,
rome,rome/rome/grafo383.12.graphml,12,14,C,repaired,3,3,3,bound,0,0.0,1,
rome,rome/rome/grafo3830.39.graphml,39,50,C,repaired,3,5,4,refutation,1226,0.007,1,
rome,rome/rome/grafo3832.52.graphml,52,71,C,repaired,4,7,6,refutation,15798,0.035,1,
rome,rome/rome/grafo3835.39.graphml,39,50,C,repaired,4,5,4,bound,44,0.002,1,
rome,rome/rome/grafo3837.37.graphml,37,52,C,repaired,4,5,4,bound,491,0.003,1,
rome,rome/rome/grafo3833.55.graphml,55,68,C,repaired,4,5,5,refutation,8619,0.04,1,
rome,rome/rome/grafo3834.55.graphml,55,80,C,repaired,4,6,6,refutation,5499,0.02,1,
rome,rome/rome/grafo384.19.graphml,19,24,C,repaired,3,3,3,bound,0,0.0,1,
rome,rome/rome/grafo3838.45.graphml,45,56,C,repaired,4,6,5,refutation,3916,0.018,1,
rome,rome/rome/grafo3839.44.graphml,44,53,C,repaired,3,4,4,refutation,1005,0.003,1,
rome,rome/rome/grafo3840.45.graphml,45,59,C,repaired,4,6,5,refutation,5430,0.021,1,
rome,rome/rome/grafo3841.57.graphml,57,77,C,repaired,5,8,6,refutation,11629,0.041,1,
rome,rome/rome/grafo3842.34.graphml,34,40,C,repaired,3,4,3,bound,96,0.002,1,
rome,rome/rome/grafo3315.96.graphml,96,129,C,repaired,7,10,10,,13557760,10.012,1,
rome,rome/rome/grafo3836.53.graphml,53,92,C,repaired,6,9,9,refutation,196472,0.201,1,
rome,rome/rome/grafo3843.44.graphml,44,61,C,repaired,4,6,5,refutation,4123,0.018,1,
rome,rome/rome/grafo3845.54.graphml,54,75,C,repaired,4,6,6,refutation,15077,0.036,1,
rome,rome/rome/grafo3848.38.graphml,38,48,C,repaired,3,4,4,refutation,392,0.003,1,
rome,rome/rome/grafo3847.35.graphml,35,38,C,repaired,2,3,3,refutation,188,0.002,1,
rome,rome/rome/grafo385.17.graphml,17,24,C,repaired,4,4,4,bound,0,0.001,1,
rome,rome/rome/grafo3849.39.graphml,39,50,C,repaired,4,5,5,refutation,2094,0.01,1,
rome,rome/rome/grafo3846.47.graphml,47,65,C,repaired,5,6,6,refutation,16528,0.058,1,
rome,rome/rome/grafo3844.52.graphml,52,78,C,repaired,6,8,7,refutation,51145,0.129,1,
rome,rome/rome/grafo3850.54.graphml,54,68,C,repaired,4,6,5,refutation,3759,0.018,1,
rome,rome/rome/grafo3851.57.graphml,57,77,C,repaired,5,8,7,refutation,44413,0.08,1,
rome,rome/rome/grafo3854.46.graphml,46,65,C,repaired,5,6,5,bound,211,0.002,1,
rome,rome/rome/grafo3856.38.graphml,38,56,C,repaired,5,6,6,refutation,5113,0.024,1,
rome,rome/rome/grafo3852.52.graphml,52,68,C,repaired,5,7,6,refutation,24603,0.07,1,
rome,rome/rome/grafo3853.61.graphml,61,79,C,repaired,5,7,6,refutation,29224,0.082,1,
rome,rome/rome/grafo3855.60.graphml,60,78,C,repaired,5,7,6,refutation,67300,0.092,1,
rome,rome/rome/grafo3857.39.graphml,39,51,C,repaired,4,5,4,bound,293,0.003,1,
rome,rome/rome/grafo3859.39.graphml,39,53,C,repaired,4,6,5,refutation,1668,0.024,1,
rome,rome/rome/grafo3858.54.graphml,54,68,C,repaired,4,6,6,refutation,16154,0.043,1,
rome,rome/rome/grafo3862.36.graphml,36,41,C,repaired,4,5,4,bound,28,0.001,1,
rome,rome/rome/grafo386.15.graphml,15,24,C,repaired,4,4,4,bound,0,0.0,1,
rome,rome/rome/grafo3860.42.graphml,42,47,C,repaired,3,4,4,refutation,1443,0.007,1,
rome,rome/rome/grafo3866.35.graphml,35,43,C,repaired,4,5,4,bound,29,0.001,1,
rome,rome/rome/grafo3863.37.graphml,37,43,C,repaired,3,4,3,bound,34,0.004,1,
rome,rome/rome/grafo3864.35.graphml,35,42,C,repaired,4,5,5,refutation,1852,0.004,1,
rome,rome/rome/grafo3865.42.graphml,42,56,C,repaired,3,5,4,refutation,617,0.003,1,
rome,rome/rome/grafo3868.45.graphml,45,51,C,repaired,3,5,4,refutation,1652,0.007,1,
rome,rome/rome/grafo3870.38.graphml,38,54,C,repaired,4,6,5,refutation,1574,0.007,1,
rome,rome/rome/grafo3869.58.graphml,58,73,C,repaired,5,6,5,bound,117,0.003,1,
rome,rome/rome/grafo387.13.graphml,13,15,C,repaired,2,3,3,refutation,26,0.001,1,
rome,rome/rome/grafo3867.59.graphml,59,80,C,repaired,5,8,7,refutation,58964,0.094,1,
rome,rome/rome/grafo3872.35.graphml,35,42,C,repaired,3,4,4,refutation,596,0.003,1,
rome,rome/rome/grafo3873.41.graphml,41,51,C,repaired,3,5,4,refutation,713,0.004,1,
rome,rome/rome/grafo3874.40.graphml,40,46,C,repaired,3,4,4,refutation,799,0.003,1,
rome,rome/rome/grafo3875.43.graphml,43,49,C,repaired,3,4,3,bound,254,0.003,1,
rome,rome/rome/grafo3878.45.graphml,45,55,C,repaired,3,5,4,refutation,746,0.005,1,
rome,rome/rome/grafo3877.33.graphml,33,51,C,repaired,4,6,5,refutation,1126,0.005,1,
rome,rome/rome/grafo388.13.graphml,13,16,C,repaired,3,3,3,bound,0,0.0,1,
rome,rome/rome/grafo3880.32.graphml,32,41,C,repaired,3,4,4,refutation,292,0.003,1,
rome,rome/rome/grafo3882.41.graphml,41,52,C,repaired,3,5,4,refutation,763,0.004,1,
rome,rome/rome/grafo3881.39.graphml,39,61,C,repaired,5,6,6,refutation,2208,0.011,1,
rome,rome/rome/grafo3883.42.graphml,42,65,C,repaired,5,6,6,refutation,3956,0.018,1,
rome,rome/rome/grafo3884.39.graphml,39,56,C,repaired,4,6,5,refutation,1071,0.003,1,
rome,rome/rome/grafo3885.40.graphml,40,51,C,repaired,4,5,5,refutation,1920,0.009,1,
rome,rome/rome/grafo3886.40.graphml,40,52,C,repaired,3,5,5,refutation,3096,0.014,1,
rome,rome/rome/grafo3887.38.graphml,38,52,C,repaired,4,5,5,refutation,1405,0.006,1,
rome,rome/rome/grafo3888.38.graphml,38,53,C,repaired,4,6,5,refutation,1753,0.009,1,
rome,rome/rome/grafo389.19.graphml,19,26,C,repaired,3,3,3,bound,0,0.0,1,
rome,rome/rome/grafo3889.41.graphml,41,55,C,repaired,4,6,5,refutation,2215,0.011,1,
rome,rome/rome/grafo3891.39.graphml,39,49,C,repaired,4,5,5,refutation,2480,0.009,1,
rome,rome/rome/grafo3892.35.graphml,35,41,C,repaired,3,4,3,bound,32,0.002,1,
rome,rome/rome/grafo3893.40.graphml,40,44,C,repaired,3,5,4,refutation,1800,0.009,1,
rome,rome/rome/grafo3894.45.graphml,45,57,C,repaired,3,4,4,refutation,1112,0.007,1,
rome,rome/rome/grafo3741.95.graphml,95,120,C,repaired,5,9,8,refutation,4021695,3.717,1,
rome,rome/rome/grafo3895.42.graphml,42,55,C,repaired,4,5,5,refutation,1744,0.009,1,
rome,rome/rome/grafo3896.38.graphml,38,50,C,repaired,4,5,4,bound,90,0.002,1,
rome,rome/rome/grafo3897.38.graphml,38,48,C,repaired,3,4,3,bound,38,0.002,1,
rome,rome/rome/grafo3899.38.graphml,38,54,C,repaired,4,7,5,refutation,2520,0.012,1,
rome,rome/rome/grafo390.13.graphml,13,13,C,repaired,2,2,2,bound,0,0.0,1,
rome,rome/rome/grafo3435.99.graphml,99,135,C,repaired,7,10,9,,11001968,10.015,1,
rome,rome/rome/grafo3900.43.graphml,43,60,C,repaired,4,6,5,refutation,3619,0.018,1,
rome,rome/rome/grafo3901.32.graphml,32,38,C,repaired,3,4,4,refutation,451,0.003,1,
rome,rome/rome/grafo3902.39.graphml,39,53,C,repaired,4,6,5,refutation,3492,0.014,1,
rome,rome/rome/grafo3904.57.graphml,57,67,C,repaired,3,5,5,refutation,16807,0.042,1,
rome,rome/rome/grafo3903.59.graphml,59,83,C,repaired,5,7,7,refutation,50457,0.082,1,
rome,rome/rome/grafo3905.36.graphml,36,45,C,repaired,3,5,4,refutation,410,0.003,1,
rome,rome/rome/grafo3906.49.graphml,49,61,C,repaired,3,5,4,refutation,1251,0.007,1,
rome,rome/rome/grafo3907.33.graphml,33,42,C,repaired,4,4,4,bound,0,0.001,1,
rome,rome/rome/grafo3908.41.graphml,41,57,C,repaired,5,6,6,refutation,4098,0.012,1,
rome,rome/rome/grafo391.15.graphml,15,20,C,repaired,3,3,3,bound,0,0.0,1,
rome,rome/rome/grafo3910.41.graphml,41,49,C,repaired,4,5,4,bound,69,0.002,1,
rome,rome/rome/grafo3911.34.graphml,34,44,C,repaired,4,5,4,bound,207,0.002,1,
rome,rome/rome/grafo3912.54.graphml,54,68,C,repaired,4,6,5,refutation,7580,0.031,1,
rome,rome/rome/grafo3913.43.graphml,43,65,C,repaired,5,8,7,refutation,15210,0.043,1,
rome,rome/rome/grafo3914.42.graphml,42,53,C,repaired,4,4,4,bound,0,0.002,1,
rome,rome/rome/grafo3482.98.graphml,98,134,C,repaired,6,10,9,,14293745,10.011,1,
rome,rome/rome/grafo3915.38.graphml,38,44,C,repaired,3,4,4,refutation,1620,0.008,1,
rome,rome/rome/grafo3916.40.graphml,40,51,C,repaired,4,5,5,refutation,1874,0.009,1,
rome,rome/rome/grafo3917.38.graphml,38,58,C,repaired,4,6,6,refutation,3292,0.011,1,
rome,rome/rome/grafo3918.42.graphml,42,56,C,repaired,4,6,4,bound,110,0.002,1,
rome,rome/rome/grafo3919.38.graphml,38,53,C,repaired,4,5,5,refutation,834,0.004,1,
rome,rome/rome/grafo392.13.graphml,13,13,C,repaired,2,2,2,bound,0,0.0,1,
rome,rome/rome/grafo3920.39.graphml,39,47,C,repaired,2,4,3,refutation,255,0.002,1,
rome,rome/rome/grafo3921.34.graphml,34,46,C,repaired,4,5,5,refutation,1479,0.006,1,
rome,rome/rome/grafo3922.39.graphml,39,50,C,repaired,3,5,4,refutation,677,0.004,1,
rome,rome/rome/grafo3924.44.graphml,44,53,C,repaired,3,5,4,refutation,1027,0.005,1,
rome,rome/rome/grafo3923.35.graphml,35,45,C,repaired,4,5,5,refutation,955,0.004,1,
rome,rome/rome/grafo3926.54.graphml,54,69,C,repaired,4,6,6,refutation,15112,0.043,1,
rome,rome/rome/grafo3927.45.graphml,45,55,C,repaired,4,6,5,refutation,6065,0.026,1,
rome,rome/rome/grafo3928.44.graphml,44,52,C,repaired,4,4,4,bound,0,0.002,1,
rome,rome/rome/grafo3929.62.graphml,62,76,C,repaired,4,6,5,refutation,9007,0.034,1,
rome,rome/rome/grafo3925.65.graphml,65,91,C,repaired,5,8,8,refutation,372754,0.306,1,
rome,rome/rome/grafo393.13.graphml,13,18,C,repaired,3,3,3,bound,0,0.0,1,
rome,rome/rome/grafo3930.37.graphml,37,43,C,repaired,2,3,3,refutation,149,0.002,1,
rome,rome/rome/grafo3931.37.graphml,37,47,C,repaired,4,6,6,refutation,5743,0.023,1,
rome,rome/rome/grafo3932.38.graphml,38,48,C,repaired,3,4,4,refutation,482,0.003,1,
rome,rome/rome/grafo3934.44.graphml,44,57,C,repaired,4,6,5,refutation,6066,0.02,1,
rome,rome/rome/grafo3933.43.graphml,43,57,C,repaired,5,7,6,refutation,8088,0.033,1,
rome,rome/rome/grafo3936.39.graphml,39,58,C,repaired,4,6,5,refutation,519,0.002,1,
rome,rome/rome/grafo3937.58.graphml,58,70,C,repaired,3,4,4,refutation,1286,0.009,1,
rome,rome/rome/grafo3532.99.graphml,99,154,C,repaired,7,12,11,,9794281,10.014,1,
rome,rome/rome/grafo3938.43.graphml,43,53,C,repaired,4,6,5,refutation,3667,0.018,1,
rome,rome/rome/grafo394.11.graphml,11,15,C,repaired,3,3,3,bound,0,0.0,1,
rome,rome/rome/grafo3939.39.graphml,39,50,C,repaired,3,5,4,refutation,917,0.006,1,
rome,rome/rome/grafo3935.64.graphml,64,85,C,repaired,5,8,7,refutation,254375,0.239,1,
rome,rome/rome/grafo3940.41.graphml,41,59,C,repaired,4,6,5,refutation,1563,0.008,1,
rome,rome/rome/grafo3941.40.graphml,40,48,C,repaired,3,4,4,refutation,1154,0.006,1,
rome,rome/rome/grafo3942.40.graphml,40,50,C,repaired,4,6,4,bound,590,0.004,1,
rome,rome/rome/grafo3944.39.graphml,39,54,C,repaired,4,6,5,refutation,1039,0.006,1,
rome,rome/rome/grafo3943.51.graphml,51,70,C,repaired,5,7,6,refutation,11857,0.036,1,
rome,rome/rome/grafo3946.37.graphml,37,47,C,repaired,3,4,4,refutation,315,0.002,1,
rome,rome/rome/grafo3945.59.graphml,59,73,C,repaired,4,6,6,refutation,31051,0.057,1,
rome,rome/rome/grafo3947.43.graphml,43,63,C,repaired,5,6,6,refutation,5871,0.024,1,
rome,rome/rome/grafo3948.47.graphml,47,66,C,repaired,5,7,7,refutation,20582,0.051,1,
rome,rome/rome/grafo395.35.graphml,35,46,C,repaired,4,5,4,bound,39,0.002,1,
rome,rome/rome/grafo3949.53.graphml,53,74,C,repaired,5,7,7,refutation,37866,0.07,1,
rome,rome/rome/grafo3951.39.graphml,39,58,C,repaired,4,6,5,refutation,2441,0.009,1,
rome,rome/rome/grafo3952.33.graphml,33,39,C,repaired,3,4,4,refutation,451,0.002,1,
rome,rome/rome/grafo3950.55.graphml,55,74,C,repaired,5,6,6,refutation,9485,0.035,1,
rome,rome/rome/grafo3953.36.graphml,36,48,C,repaired,4,5,4,bound,46,0.001,1,
rome,rome/rome/grafo3954.37.graphml,37,51,C,repaired,4,5,4,bound,496,0.003,1,
rome,rome/rome/grafo3955.55.graphml,55,72,C,repaired,5,6,6,refutation,16658,0.045,1,
rome,rome/rome/grafo3956.38.graphml,38,54,C,repaired,4,6,5,refutation,2126,0.007,1,
rome,rome/rome/grafo3959.42.graphml,42,50,C,repaired,3,5,4,refutation,1143,0.006,1,
rome,rome/rome/grafo3958.51.graphml,51,62,C,repaired,3,6,5,refutation,11820,0.039,1,
rome,rome/rome/grafo396.15.graphml,15,17,C,repaired,2,2,2,bound,0,0.001,1,
rome,rome/rome/grafo3957.57.graphml,57,80,C,repaired,5,8,7,refutation,110681,0.121,1,
rome,rome/rome/grafo3960.36.graphml,36,41,C,repaired,3,3,3,bound,0,0.001,1,
rome,rome/rome/grafo3962.39.graphml,39,50,C,repaired,4,5,4,bound,101,0.002,1,
rome,rome/rome/grafo3963.47.graphml,47,57,C,repaired,4,5,5,refutation,4539,0.014,1,
rome,rome/rome/grafo3964.38.graphml,38,48,C,repaired,4,5,4,bound,37,0.002,1,
rome,rome/rome/grafo3965.57.graphml,57,70,C,repaired,4,6,5,refutation,6505,0.024,1,
rome,rome/rome/grafo3966.38.graphml,38,42,C,repaired,3,3,3,bound,0,0.001,1,
rome,rome/rome/grafo3968.38.graphml,38,45,C,repaired,3,5,3,bound,88,0.001,1,
rome,rome/rome/grafo3961.70.graphml,70,96,C,repaired,5,8,7,refutation,223001,0.242,1,
rome,rome/rome/grafo3969.54.graphml,54,70,C,repaired,4,5,5,refutation,4355,0.02,1,
rome,rome/rome/grafo397.11.graphml,11,12,C,repaired,2,2,2,bound,0,0.0,1,
rome,rome/rome/grafo3971.44.graphml,44,48,C,repaired,3,4,4,refutation,1494,0.008,1,
rome,rome/rome/grafo3970.56.graphml,56,77,C,repaired,5,8,7,refutation,56274,0.088,1,
rome,rome/rome/grafo3967.59.graphml,59,87,C,repaired,6,9,8,refutation,212995,0.227,1,
rome,rome/rome/grafo3972.43.graphml,43,59,C,repaired,4,6,6,refutation,8462,0.03,1,
rome,rome/rome/grafo3973.53.graphml,53,69,C,repaired,4,6,5,refutation,2551,0.012,1,
rome,rome/rome/grafo3974.37.graphml,37,52,C,repaired,4,5,5,refutation,1290,0.006,1,
rome,rome/rome/grafo3976.38.graphml,38,53,C,repaired,5,6,6,refutation,3360,0.009,1,
rome,rome/rome/grafo3975.38.graphml,38,52,C,repaired,4,5,5,refutation,2796,0.013,1,
rome,rome/rome/grafo3977.37.graphml,37,45,C,repaired,3,4,4,refutation,668,0.004,1,
rome,rome/rome/grafo3978.47.graphml,47,54,C,repaired,3,5,4,refutation,1497,0.006,1,
rome,rome/rome/grafo398.26.graphml,26,27,C,repaired,2,3,2,bound,20,0.001,1,
rome,rome/rome/grafo3980.54.graphml,54,70,C,repaired,4,6,5,refutation,5330,0.021,1,
rome,rome/rome/grafo3981.43.graphml,43,53,C,repaired,4,6,5,refutation,4027,0.016,1,
rome,rome/rome/grafo3982.53.graphml,53,88,C,repaired,6,9,8,refutation,113374,0.148,1,
rome,rome/rome/grafo3984.39.graphml,39,49,C,repaired,4,6,5,refutation,1424,0.008,1,
rome,rome/rome/grafo3985.34.graphml,34,39,C,repaired,3,4,3,bound,32,0.001,1,
rome,rome/rome/grafo3986.40.graphml,40,57,C,repaired,5,7,6,refutation,5366,0.025,1,
rome,rome/rome/grafo3987.40.graphml,40,56,C,repaired,4,6,5,refutation,3432,0.016,1,
rome,rome/rome/grafo3988.43.graphml,43,57,C,repaired,5,6,5,bound,160,0.003,1,
rome,rome/rome/grafo3989.43.graphml,43,56,C,repaired,4,5,5,refutation,1610,0.009,1,
rome,rome/rome/grafo399.15.graphml,15,16,C,repaired,2,3,3,refutation,30,0.001,1,
rome,rome/rome/grafo3990.39.graphml,39,46,C,repaired,2,4,3,refutation,124,0.002,1,
rome,rome/rome/grafo3991.57.graphml,57,81,C,repaired,5,7,7,refutation,64486,0.083,1,
rome,rome/rome/grafo3992.44.graphml,44,61,C,repaired,5,7,6,refutation,10091,0.035,1,
rome,rome/rome/grafo3993.52.graphml,52,82,C,repaired,5,9,8,refutation,63429,0.1,1,
rome,rome/rome/grafo3994.39.graphml,39,52,C,repaired,4,5,4,bound,34,0.002,1,
rome,rome/rome/grafo3983.97.graphml,97,125,C,repaired,5,8,7,refutation,1492346,1.26,1,
rome,rome/rome/grafo3996.35.graphml,35,47,C,repaired,4,6,5,refutation,1464,0.008,1,
rome,rome/rome/grafo3997.40.graphml,40,56,C,repaired,4,5,5,refutation,1453,0.007,1,
rome,rome/rome/grafo3998.48.graphml,48,56,C,repaired,3,5,3,bound,851,0.006,1,
rome,rome/rome/grafo3999.42.graphml,42,61,C,repaired,5,8,7,refutation,16903,0.047,1,
rome,rome/rome/grafo400.16.graphml,16,17,C,repaired,2,3,2,bound,14,0.001,1,
rome,rome/rome/grafo4000.35.graphml,35,41,C,repaired,3,4,4,refutation,470,0.003,1,
rome,rome/rome/grafo3680.99.graphml,99,147,C,repaired,7,12,12,,13602816,10.013,1,
rome,rome/rome/grafo4001.41.graphml,41,51,C,repaired,3,5,4,refutation,1511,0.008,1,
rome,rome/rome/grafo4003.53.graphml,53,72,C,repaired,5,6,6,refutation,9279,0.033,1,
rome,rome/rome/grafo4004.41.graphml,41,48,C,repaired,3,4,4,refutation,1155,0.006,1,
rome,rome/rome/grafo4002.55.graphml,55,82,C,repaired,5,8,8,refutation,144584,0.153,1,
rome,rome/rome/grafo4005.39.graphml,39,52,C,repaired,4,6,5,refutation,1570,0.008,1,
rome,rome/rome/grafo4006.54.graphml,54,64,C,repaired,3,5,4,refutation,2128,0.009,1,
rome,rome/rome/grafo3699.99.graphml,99,133,C,repaired,6,9,9,,11669504,10.014,1,
rome,rome/rome/grafo4007.37.graphml,37,47,C,repaired,4,6,5,refutation,1335,0.007,1,
rome,rome/rome/grafo401.11.graphml,11,13,C,repaired,3,3,3,bound,0,0.0,1,
rome,rome/rome/grafo4009.43.graphml,43,55,C,repaired,4,6,5,refutation,3308,0.012,1,
rome,rome/rome/grafo4008.62.graphml,62,79,C,repaired,4,6,6,refutation,18726,0.049,1,
rome,rome/rome/grafo4010.40.graphml,40,52,C,repaired,3,5,4,refutation,772,0.004,1,
rome,rome/rome/grafo4011.48.graphml,48,62,C,repaired,4,6,5,refutation,3345,0.015,1,
rome,rome/rome/grafo4012.49.graphml,49,65,C,repaired,5,7,6,refutation,9962,0.03,1,
rome,rome/rome/grafo4013.38.graphml,38,49,C,repaired,4,6,5,refutation,2208,0.008,1,
rome,rome/rome/grafo4014.43.graphml,43,60,C,repaired,5,6,5,bound,3055,0.014,1,
rome,rome/rome/grafo3712.95.graphml,95,144,C,repaired,7,12,12,,11259904,10.01,1,
rome,rome/rome/grafo4015.47.graphml,47,66,C,repaired,4,6,5,refutation,2283,0.01,1,
rome,rome/rome/grafo4016.54.graphml,54,65,C,repaired,4,5,4,bound,130,0.002,1,
rome,rome/rome/grafo4017.44.graphml,44,60,C,repaired,4,7,6,refutation,9300,0.034,1,
rome,rome/rome/grafo4018.48.graphml,48,60,C,repaired,3,5,4,refutation,2026,0.008,1,
rome,rome/rome/grafo402.10.graphml,10,10,C,repaired,2,2,2,bound,0,0.0,1,
rome,rome/rome/grafo4019.40.graphml,40,46,C,repaired,3,3,3,bound,0,0.001,1,
rome,rome/rome/grafo4021.40.graphml,40,51,C,repaired,4,5,4,bound,56,0.002,1,
rome,rome/rome/grafo4020.40.graphml,40,50,C,repaired,4,5,4,bound,155,0.002,1,
rome,rome/rome/grafo4022.44.graphml,44,63,C,repaired,4,6,5,refutation,1600,0.007,1,
rome,rome/rome/grafo4024.42.graphml,42,55,C,repaired,4,6,5,refutation,4949,0.019,1,
rome,rome/rome/grafo4023.43.graphml,43,62,C,repaired,5,6,6,refutation,5412,0.021,1,
rome,rome/rome/grafo4027.45.graphml,45,54,C,repaired,3,5,4,refutation,759,0.004,1,
rome,rome/rome/grafo4026.43.graphml,43,55,C,repaired,4,5,5,refutation,5577,0.023,1,
rome,rome/rome/grafo4028.39.graphml,39,44,C,repaired,3,4,3,bound,64,0.001,1,
rome,rome/rome/grafo4029.34.graphml,34,40,C,repaired,2,4,3,refutation,167,0.002,1,
rome,rome/rome/grafo403.14.graphml,14,15,C,repaired,2,2,2,bound,0,0.0,1,
rome,rome/rome/grafo4031.41.graphml,41,62,C,repaired,5,7,6,refutation,3944,0.015,1,
rome,rome/rome/grafo4030.52.graphml,52,65,C,repaired,4,6,5,refutation,6952,0.028,1,
rome,rome/rome/grafo4032.42.graphml,42,51,C,repaired,4,5,4,bound,192,0.002,1,
rome,rome/rome/grafo4033.42.graphml,42,64,C,repaired,5,7,6,refutation,3130,0.01,1,
rome,rome/rome/grafo4034.40.graphml,40,47,C,repaired,4,4,4,bound,0,0.002,1,
rome,rome/rome/grafo4035.40.graphml,40,54,C,repaired,4,5,5,refutation,2353,0.011,1,
rome,rome/rome/grafo4025.52.graphml,52,74,C,repaired,5,8,8,refutation,255319,0.227,1,
rome,rome/rome/grafo4038.40.graphml,40,53,C,repaired,4,5,5,refutation,1574,0.007,1,
rome,rome/rome/grafo4036.45.graphml,45,52,C,repaired,2,4,3,refutation,354,0.003,1,
rome,rome/rome/grafo4037.35.graphml,35,40,C,repaired,3,4,3,bound,26,0.004,1,
rome,rome/rome/grafo404.12.graphml,12,13,C,repaired,2,2,2,bound,0,0.0,1,
rome,rome/rome/grafo4040.30.graphml,30,36,C,repaired,2,3,3,refutation,94,0.001,1,
rome,rome/rome/grafo4042.43.graphml,43,47,C,repaired,2,4,3,refutation,369,0.003,1,
rome,rome/rome/grafo4041.57.graphml,57,66,C,repaired,4,6,5,refutation,16249,0.042,1,
rome,rome/rome/grafo4043.37.graphml,37,47,C,repaired,4,5,4,bound,44,0.001,1,
rome,rome/rome/grafo4044.52.graphml,52,71,C,repaired,4,7,6,refutation,7464,0.026,1,
rome,rome/rome/grafo4046.49.graphml,49,67,C,repaired,5,6,5,bound,820,0.005,1,
rome,rome/rome/grafo4045.42.graphml,42,56,C,repaired,4,6,5,refutation,1691,0.007,1,
rome,rome/rome/grafo4047.41.graphml,41,48,C,repaired,3,4,3,bound,42,0.002,1,
rome,rome/rome/grafo4048.38.graphml,38,46,C,repaired,3,4,4,refutation,649,0.004,1,
rome,rome/rome/grafo4049.37.graphml,37,51,C,repaired,5,6,5,bound,324,0.003,1,
rome,rome/rome/grafo405.16.graphml,16,17,C,repaired,2,3,3,refutation,51,0.002,1,
rome,rome/rome/grafo4050.35.graphml,35,43,C,repaired,3,5,4,refutation,469,0.006,1,
rome,rome/rome/grafo4051.37.graphml,37,54,C,repaired,4,5,4,bound,629,0.004,1,
rome,rome/rome/grafo4053.43.graphml,43,58,C,repaired,4,6,6,refutation,7590,0.028,1,
rome,rome/rome/grafo4054.40.graphml,40,53,C,repaired,4,5,4,bound,345,0.006,1,
rome,rome/rome/grafo4052.41.graphml,41,56,C,repaired,4,6,5,refutation,3108,0.009,1,
rome,rome/rome/grafo4055.43.graphml,43,61,C,repaired,5,6,5,bound,227,0.003,1,
rome,rome/rome/grafo4056.37.graphml,37,50,C,repaired,4,5,5,refutation,2009,0.01,1,
rome,rome/rome/grafo4057.43.graphml,43,46,C,repaired,2,3,3,refutation,460,0.003,1,
rome,rome/rome/grafo4058.37.graphml,37,42,C,repaired,3,4,3,bound,59,0.002,1,
rome,rome/rome/grafo406.13.graphml,13,15,C,repaired,2,3,3,refutation,19,0.0,1,
rome,rome/rome/grafo4059.48.graphml,48,64,C,repaired,3,6,5,refutation,3873,0.018,1,
rome,rome/rome/grafo4060.39.graphml,39,50,C,repaired,4,6,5,refutation,1606,0.008,1,
rome,rome/rome/grafo4061.39.graphml,39,47,C,repaired,3,5,4,refutation,712,0.004,1,
rome,rome/rome/grafo3756.90.graphml,90,127,C,repaired,7,9,9,,15368192,10.013,1,
rome,rome/rome/grafo4064.59.graphml,59,70,C,repaired,3,5,4,refutation,1646,0.008,1,
rome,rome/rome/grafo4065.39.graphml,39,47,C,repaired,4,5,4,bound,73,0.002,1,
rome,rome/rome/grafo4039.60.graphml,60,90,C,repaired,6,10,9,refutation,888093,0.671,1,
rome,rome/rome/grafo4062.56.graphml,56,87,C,repaired,6,8,7,refutation,51204,0.086,1,
rome,rome/rome/grafo4063.45.graphml,45,69,C,repaired,5,7,7,refutation,23550,0.053,1,
rome,rome/rome/grafo4067.44.graphml,44,54,C,repaired,4,5,4,bound,36,0.002,1,
rome,rome/rome/grafo4066.39.graphml,39,53,C,repaired,4,6,5,refutation,2368,0.011,1,
rome,rome/rome/grafo4069.50.graphml,50,64,C,repaired,4,6,5,refutation,2595,0.009,1,
rome,rome/rome/grafo4070.36.graphml,36,43,C,repaired,3,5,4,refutation,738,0.004,1,
rome,rome/rome/grafo4068.38.graphml,38,49,C,repaired,4,6,5,refutation,2093,0.005,1,
rome,rome/rome/grafo407.10.graphml,10,9,C,repaired,1,2,2,refutation,10,0.003,1,
rome,rome/rome/grafo4071.43.graphml,43,60,C,repaired,5,7,6,refutation,9048,0.031,1,
rome,rome/rome/grafo4072.44.graphml,44,51,C,repaired,3,5,4,refutation,1565,0.006,1,
rome,rome/rome/grafo4073.40.graphml,40,42,C,repaired,2,4,2,bound,104,0.002,1,
rome,rome/rome/grafo4076.48.graphml,48,61,C,repaired,3,5,4,refutation,1472,0.007,1,
rome,rome/rome/grafo4074.42.graphml,42,54,C,repaired,4,5,5,refutation,2970,0.01,1,
rome,rome/rome/grafo4077.40.graphml,40,51,C,repaired,4,5,4,bound,376,0.003,1,
rome,rome/rome/grafo4075.52.graphml,52,66,C,repaired,4,7,6,refutation,20955,0.037,1,
rome,rome/rome/grafo408.11.graphml,11,10,C,repaired,1,1,1,bound,0,0.0,1,
rome,rome/rome/grafo4079.53.graphml,53,62,C,repaired,4,6,5,refutation,11542,0.034,1,
rome,rome/rome/grafo4078.49.graphml,49,69,C,repaired,5,7,6,refutation,12918,0.035,1,
rome,rome/rome/grafo4080.37.graphml,37,57,C,repaired,5,6,6,refutation,1947,0.011,1,
rome,rome/rome/grafo4081.40.graphml,40,46,C,repaired,3,5,4,refutation,1435,0.008,1,
rome,rome/rome/grafo4083.57.graphml,57,78,C,repaired,4,7,6,refutation,11265,0.036,1,
rome,rome/rome/grafo4084.41.graphml,41,56,C,repaired,4,4,4,bound,0,0.001,1,
rome,rome/rome/grafo4085.35.graphml,35,51,C,repaired,5,5,5,bound,0,0.001,1,
rome,rome/rome/grafo4086.46.graphml,46,55,C,repaired,3,5,5,refutation,4687,0.017,1,
rome,rome/rome/grafo409.19.graphml,19,22,C,repaired,3,3,3,bound,0,0.001,1,
rome,rome/rome/grafo4088.45.graphml,45,56,C,repaired,4,6,5,refutation,5196,0.018,1,
rome,rome/rome/grafo4082.60.graphml,60,81,C,repaired,5,8,7,refutation,175179,0.176,1,
rome,rome/rome/grafo4090.43.graphml,43,62,C,repaired,4,6,5,refutation,981,0.007,1,
rome,rome/rome/grafo4089.57.graphml,57,80,C,repaired,5,7,7,refutation,98006,0.126,1,
rome,rome/rome/grafo4092.38.graphml,38,49,C,repaired,4,5,5,refutation,1841,0.008,1,
rome,rome/rome/grafo4093.39.graphml,39,56,C,repaired,4,6,6,refutation,5555,0.021,1,
rome,rome/rome/grafo4087.65.graphml,65,94,C,repaired,6,8,7,refutation,127305,0.175,1,
rome,rome/rome/grafo4094.40.graphml,40,51,C,repaired,4,5,4,bound,31,0.002,1,
rome,rome/rome/grafo4095.56.graphml,56,79,C,repaired,5,6,6,refutation,12908,0.038,1,
rome,rome/rome/grafo4098.39.graphml,39,45,C,repaired,3,4,3,bound,246,0.002,1,
rome,rome/rome/grafo4096.42.graphml,42,65,C,repaired,5,7,6,refutation,4304,0.007,1,
rome,rome/rome/grafo4097.39.graphml,39,55,C,repaired,4,6,6,refutation,6382,0.024,1,
rome,rome/rome/grafo4099.39.graphml,39,39,C,repaired,2,3,3,refutation,361,0.002,1,
rome,rome/rome/grafo410.14.graphml,14,16,C,repaired,3,3,3,bound,0,0.0,1,
rome,rome/rome/grafo4100.56.graphml,56,75,C,repaired,4,7,6,refutation,19729,0.041,1,
rome,rome/rome/grafo4103.52.graphml,52,65,C,repaired,4,5,4,bound,479,0.003,1,
rome,rome/rome/grafo4102.42.graphml,42,62,C,repaired,5,7,6,refutation,12297,0.018,1,
rome,rome/rome/grafo4104.39.graphml,39,55,C,repaired,4,5,5,refutation,1071,0.005,1,
rome,rome/rome/grafo4105.40.graphml,40,43,C,repaired,2,3,3,refutation,270,0.002,1,
rome,rome/rome/grafo4107.37.graphml,37,49,C,repaired,4,6,5,refutation,1543,0.013,1,
rome,rome/rome/grafo4108.41.graphml,41,52,C,repaired,4,6,5,refutation,2929,0.012,1,
rome,rome/rome/grafo4106.62.graphml,62,79,C,repaired,5,7,6,refutation,59840,0.095,1,
rome,rome/rome/grafo411.16.graphml,16,23,C,repaired,3,4,3,bound,14,0.001,1,
rome,rome/rome/grafo4109.51.graphml,51,75,C,repaired,6,8,7,refutation,36633,0.07,1,
rome,rome/rome/grafo4110.38.graphml,38,52,C,repaired,3,5,4,refutation,437,0.003,1,
rome,rome/rome/grafo4111.35.graphml,35,50,C,repaired,4,6,5,refutation,573,0.004,1,
rome,rome/rome/grafo4112.34.graphml,34,40,C,repaired,2,4,3,refutation,209,0.002,1,
rome,rome/rome/grafo4114.58.graphml,58,81,C,repaired,5,7,6,refutation,30052,0.066,1,
rome,rome/rome/grafo3808.97.graphml,97,129,C,repaired,6,10,9,,16457280,10.013,1,
rome,rome/rome/grafo4113.59.graphml,59,84,C,repaired,5,7,7,refutation,34482,0.074,1,
rome,rome/rome/grafo4115.57.graphml,57,80,C,repaired,5,7,7,refutation,84084,0.115,1,
rome,rome/rome/grafo4118.66.graphml,66,79,C,repaired,4,6,5,refutation,16930,0.041,1,
rome,rome/rome/grafo4117.56.graphml,56,73,C,repaired,5,7,7,refutation,67149,0.089,1,
rome,rome/rome/grafo412.23.graphml,23,27,C,repaired,2,3,3,refutation,75,0.001,1,
rome,rome/rome/grafo3822.94.graphml,94,123,C,repaired,6,9,9,,13959168,10.016,1,
rome,rome/rome/grafo4116.60.graphml,60,88,C,repaired,6,9,8,refutation,360139,0.304,1,
rome,rome/rome/grafo4121.65.graphml,65,81,C,repaired,5,7,7,refutation,130049,0.154,1,
rome,rome/rome/grafo4122.55.graphml,55,80,C,repaired,5,6,6,refutation,17665,0.047,1,
rome,rome/rome/grafo4125.55.graphml,55,74,C,repaired,5,6,5,bound,51,0.003,1,
rome,rome/rome/grafo4124.59.graphml,59,82,C,repaired,5,7,6,refutation,20431,0.055,1,
rome,rome/rome/grafo4120.76.graphml,76,99,C,repaired,4,8,7,refutation,385692,0.394,1,
rome,rome/rome/grafo4127.59.graphml,59,79,C,repaired,5,6,6,refutation,24161,0.04,1,
rome,rome/rome/grafo4126.72.graphml,72,89,C,repaired,4,7,6,refutation,104623,0.166,1,
rome,rome/rome/grafo4128.61.graphml,61,88,C,repaired,5,7,6,refutation,17746,0.046,1,
rome,rome/rome/grafo4123.77.graphml,77,108,C,repaired,5,8,7,refutation,288321,0.305,1,
rome,rome/rome/grafo413.20.graphml,20,24,C,repaired,3,3,3,bound,0,0.001,1,
rome,rome/rome/grafo4130.57.graphml,57,79,C,repaired,4,7,6,refutation,25488,0.059,1,
rome,rome/rome/grafo4132.54.graphml,54,66,C,repaired,3,5,4,refutation,2953,0.006,1,
rome,rome/rome/grafo4134.57.graphml,57,84,C,repaired,5,6,6,refutation,12852,0.023,1,
rome,rome/rome/grafo4133.58.graphml,58,89,C,repaired,6,8,8,refutation,193950,0.195,1,
rome,rome/rome/grafo3861.99.graphml,99,140,C,repaired,6,10,9,,12922972,10.007,1,
rome,rome/rome/grafo3871.88.graphml,88,126,C,repaired,7,10,10,,14049280,10.012,1,
rome,rome/rome/grafo4135.68.graphml,68,96,C,repaired,6,9,8,refutation,401120,0.318,1,
rome,rome/rome/grafo4136.63.graphml,63,98,C,repaired,5,9,8,refutation,211041,0.251,1,
rome,rome/rome/grafo4138.60.graphml,60,83,C,repaired,5,7,7,refutation,31039,0.068,1,
rome,rome/rome/grafo3876.94.graphml,94,123,C,repaired,6,9,9,,13791232,10.014,1,
rome,rome/rome/grafo414.14.graphml,14,14,C,repaired,2,3,2,bound,12,0.0,1,
rome,rome/rome/grafo3879.96.graphml,96,130,C,repaired,6,9,9,,13049856,10.024,1,
rome,rome/rome/grafo4140.54.graphml,54,67,C,repaired,4,6,5,refutation,8572,0.017,1,
rome,rome/rome/grafo4139.64.graphml,64,85,C,repaired,4,7,6,refutation,40556,0.095,1,
rome,rome/rome/grafo4143.60.graphml,60,72,C,repaired,4,5,4,bound,53,0.002,1,
rome,rome/rome/grafo4142.53.graphml,53,74,C,repaired,5,7,6,refutation,15150,0.038,1,
rome,rome/rome/grafo4141.64.graphml,64,79,C,repaired,4,7,6,refutation,70345,0.091,1,
rome,rome/rome/grafo4145.57.graphml,57,72,C,repaired,3,5,4,refutation,3040,0.012,1,
rome,rome/rome/grafo4146.50.graphml,50,61,C,repaired,4,5,5,refutation,8223,0.027,1,
rome,rome/rome/grafo4149.60.graphml,60,80,C,repaired,4,6,5,refutation,4282,0.019,1,
rome,rome/rome/grafo415.17.graphml,17,24,C,repaired,3,3,3,bound,0,0.0,1,
rome,rome/rome/grafo4151.58.graphml,58,75,C,repaired,4,6,5,refutation,5913,0.018,1,
rome,rome/rome/grafo4129.78.graphml,78,108,C,repaired,5,8,8,refutation,1245513,1.093,1,
rome,rome/rome/grafo4150.64.graphml,64,93,C,repaired,6,8,7,refutation,66937,0.098,1,
rome,rome/rome/grafo4131.78.graphml,78,108,C,repaired,6,8,8,refutation,1041860,1.005,1,
rome,rome/rome/grafo3890.96.graphml,107,135,C,repaired,5,9,9,,12623872,10.013,1,
rome,rome/rome/grafo4152.70.graphml,70,90,C,repaired,4,6,5,refutation,9836,0.035,1,
rome,rome/rome/grafo4154.51.graphml,51,65,C,repaired,4,6,5,refutation,5854,0.033,1,
rome,rome/rome/grafo4155.63.graphml,63,73,C,repaired,3,5,4,refutation,4691,0.017,1,
rome,rome/rome/grafo4159.50.graphml,50,66,C,repaired,4,5,5,refutation,1671,0.009,1,
rome,rome/rome/grafo4157.67.graphml,67,87,C,repaired,5,7,6,refutation,34377,0.064,1,
rome,rome/rome/grafo4153.67.graphml,67,94,C,repaired,6,7,7,refutation,139555,0.167,1,
rome,rome/rome/grafo416.18.graphml,18,18,C,repaired,2,2,2,bound,0,0.001,1,
rome,rome/rome/grafo4156.75.graphml,75,102,C,repaired,5,7,6,refutation,65811,0.113,1,
rome,rome/rome/grafo4160.51.graphml,51,70,C,repaired,5,6,6,refutation,11227,0.036,1,
rome,rome/rome/grafo4161.55.graphml,55,73,C,repaired,5,6,6,refutation,31575,0.063,1,
rome,rome/rome/grafo4164.51.graphml,51,65,C,repaired,4,6,5,refutation,6809,0.022,1,
rome,rome/rome/grafo4162.63.graphml,63,81,C,repaired,4,6,6,refutation,28477,0.063,1,
rome,rome/rome/grafo4144.83.graphml,83,110,C,repaired,5,8,7,refutation,744722,0.641,1,
rome,rome/rome/grafo4165.61.graphml,61,82,C,repaired,4,6,5,refutation,7299,0.03,1,
rome,rome/rome/grafo4166.53.graphml,53,66,C,repaired,4,6,4,bound,99,0.003,1,
rome,rome/rome/grafo3898.99.graphml,99,136,C,repaired,6,11,9,,11906686,10.013,1,
rome,rome/rome/grafo4167.53.graphml,53,69,C,repaired,4,7,6,refutation,18337,0.043,1,
rome,rome/rome/grafo417.13.graphml,13,12,C,repaired,1,2,2,refutation,16,0.001,1,
rome,rome/rome/grafo4170.58.graphml,58,72,C,repaired,4,6,6,refutation,27230,0.064,1,
rome,rome/rome/grafo4172.58.graphml,58,71,C,repaired,3,5,4,refutation,1351,0.007,1,
rome,rome/rome/grafo4163.70.graphml,70,96,C,repaired,5,7,7,refutation,236057,0.212,1,
rome,rome/rome/grafo4171.57.graphml,57,80,C,repaired,5,7,6,refutation,26282,0.053,1,
rome,rome/rome/grafo4148.78.graphml,78,105,C,repaired,5,9,8,refutation,786927,0.732,1,
rome,rome/rome/grafo4175.56.graphml,56,73,C,repaired,4,7,6,refutation,16828,0.039,1,
rome,rome/rome/grafo4177.57.graphml,57,76,C,repaired,4,6,6,refutation,24898,0.057,1,
rome,rome/rome/grafo4173.61.graphml,61,96,C,repaired,6,8,8,refutation,232576,0.222,1,
rome,rome/rome/grafo418.16.graphml,16,18,C,repaired,2,3,3,refutation,42,0.001,1,
rome,rome/rome/grafo4178.74.graphml,74,99,C,repaired,5,7,7,refutation,135220,0.137,1,
rome,rome/rome/grafo3909.92.graphml,92,124,C,repaired,6,9,9,,13357056,10.011,1,
rome,rome/rome/grafo4180.57.graphml,57,82,C,repaired,6,8,7,refutation,44619,0.082,1,
rome,rome/rome/grafo4174.76.graphml,76,98,C,repaired,5,7,7,refutation,476423,0.425,1,
rome,rome/rome/grafo4181.61.graphml,61,78,C,repaired,4,7,6,refutation,65014,0.113,1,
rome,rome/rome/grafo4182.64.graphml,64,91,C,repaired,5,8,7,refutation,48826,0.087,1,
rome,rome/rome/grafo4183.60.graphml,60,77,C,repaired,4,5,5,refutation,4730,0.021,1,
rome,rome/rome/grafo4186.57.graphml,57,72,C,repaired,4,6,5,refutation,8296,0.03,1,
rome,rome/rome/grafo4185.54.graphml,54,71,C,repaired,4,7,6,refutation,22946,0.072,1,
rome,rome/rome/grafo4188.58.graphml,58,76,C,repaired,4,6,5,refutation,4612,0.022,1,
rome,rome/rome/grafo4176.81.graphml,81,102,C,repaired,5,8,7,refutation,701105,0.611,1,
rome,rome/rome/grafo4187.75.graphml,75,101,C,repaired,5,7,6,refutation,73884,0.119,1,
rome,rome/rome/grafo419.15.graphml,15,18,C,repaired,2,3,2,bound,13,0.001,1,
rome,rome/rome/grafo4191.61.graphml,61,78,C,repaired,4,6,5,refutation,11975,0.03,1,
rome,rome/rome/grafo4179.79.graphml,79,100,C,repaired,5,7,7,refutation,606367,0.541,1,
rome,rome/rome/grafo4168.76.graphml,76,101,C,repaired,6,8,8,refutation,1104785,0.942,1,
rome,rome/rome/grafo4195.55.graphml,55,69,C,repaired,4,5,4,bound,128,0.003,1,
rome,rome/rome/grafo4189.62.graphml,62,92,C,repaired,6,8,8,refutation,240070,0.213,1,
rome,rome/rome/grafo4194.63.graphml,63,82,C,repaired,4,7,6,refutation,17746,0.033,1,
rome,rome/rome/grafo4193.74.graphml,74,103,C,repaired,5,8,7,refutation,91718,0.135,1,
rome,rome/rome/grafo4192.70.graphml,70,96,C,repaired,5,8,7,refutation,230844,0.241,1,
rome,rome/rome/grafo4198.59.graphml,59,75,C,repaired,4,6,5,refutation,7719,0.027,1,
rome,rome/rome/grafo420.17.graphml,17,25,C,repaired,3,4,3,bound,20,0.001,1,
rome,rome/rome/grafo4199.64.graphml,64,86,C,repaired,5,7,7,refutation,179562,0.176,1,
rome,rome/rome/grafo4119.80.graphml,80,114,C,repaired,6,9,9,refutation,4005154,3.429,1,
rome,rome/rome/grafo4201.74.graphml,74,94,C,repaired,5,8,6,refutation,128977,0.183,1,
rome,rome/rome/grafo4197.71.graphml,71,97,C,repaired,6,9,8,refutation,469641,0.437,1,
rome,rome/rome/grafo4204.74.graphml,74,99,C,repaired,5,7,6,refutation,49512,0.089,1,
rome,rome/rome/grafo4205.52.graphml,52,65,C,repaired,4,6,5,refutation,7906,0.03,1,
rome,rome/rome/grafo4206.58.graphml,58,83,C,repaired,5,7,6,refutation,10726,0.042,1,
rome,rome/rome/grafo4169.83.graphml,83,113,C,repaired,6,9,8,refutation,2152966,1.751,1,
rome,rome/rome/grafo4190.61.graphml,61,90,C,repaired,6,9,9,refutation,1363927,0.94,1,
rome,rome/rome/grafo4208.67.graphml,67,92,C,repaired,5,7,6,refutation,27097,0.059,1,
rome,rome/rome/grafo4207.64.graphml,64,88,C,repaired,5,8,7,refutation,75544,0.102,1,
rome,rome/rome/grafo4209.61.graphml,61,79,C,repaired,3,5,5,refutation,8337,0.031,1,
rome,rome/rome/grafo4210.53.graphml,53,70,C,repaired,5,7,6,refutation,9158,0.034,1,
rome,rome/rome/grafo421.16.graphml,16,22,C,repaired,3,3,3,bound,0,0.0,1,
rome,rome/rome/grafo4212.55.graphml,55,69,C,repaired,3,6,5,refutation,4997,0.016,1,
rome,rome/rome/grafo4200.78.graphml,78,103,C,repaired,5,9,8,refutation,934228,0.745,1,
rome,rome/rome/grafo4211.53.graphml,53,72,C,repaired,4,6,5,refutation,6065,0.025,1,
rome,rome/rome/grafo4213.71.graphml,71,94,C,repaired,5,7,6,refutation,26130,0.062,1,
rome,rome/rome/grafo4217.54.graphml,54,75,C,repaired,4,6,5,refutation,3192,0.014,1,
rome,rome/rome/grafo4215.62.graphml,62,85,C,repaired,5,7,6,refutation,27535,0.059,1,
rome,rome/rome/grafo4216.53.graphml,53,79,C,repaired,5,7,6,refutation,6979,0.022,1,
rome,rome/rome/grafo422.17.graphml,17,17,C,repaired,2,2,2,bound,0,0.0,1,
rome,rome/rome/grafo4202.83.graphml,83,116,C,repaired,6,9,7,refutation,684342,0.759,1,
rome,rome/rome/grafo4214.58.graphml,58,82,C,repaired,5,7,7,refutation,52110,0.143,1,
rome,rome/rome/grafo4218.55.graphml,55,67,C,repaired,4,6,5,refutation,8057,0.031,1,
rome,rome/rome/grafo4196.78.graphml,78,106,C,repaired,6,9,8,refutation,1213086,1.057,1,
rome,rome/rome/grafo4219.64.graphml,64,75,C,repaired,3,6,5,refutation,10525,0.047,1,
rome,rome/rome/grafo4221.55.graphml,55,69,C,repaired,4,5,4,bound,129,0.004,1,
rome,rome/rome/grafo4222.48.graphml,48,62,C,repaired,4,4,4,bound,0,0.002,1,
rome,rome/rome/grafo4158.77.graphml,77,113,C,repaired,6,10,9,refutation,2911433,2.501,1,
rome,rome/rome/grafo4227.60.graphml,60,74,C,repaired,4,6,5,refutation,13077,0.032,1,
rome,rome/rome/grafo423.19.graphml,19,21,C,repaired,2,3,3,refutation,60,0.001,1,
rome,rome/rome/grafo4224.66.graphml,66,95,C,repaired,4,8,6,refutation,14688,0.068,1,
rome,rome/rome/grafo4228.58.graphml,58,81,C,repaired,5,7,5,bound,1879,0.006,1,
rome,rome/rome/grafo4229.60.graphml,60,79,C,repaired,4,6,5,refutation,10721,0.03,1,
rome,rome/rome/grafo4232.54.graphml,54,60,C,repaired,3,4,4,refutation,1928,0.008,1,
rome,rome/rome/grafo4223.59.graphml,59,85,C,repaired,5,8,7,refutation,91601,0.146,1,
rome,rome/rome/grafo4230.52.graphml,52,73,C,repaired,4,6,6,refutation,11823,0.036,1,
rome,rome/rome/grafo4226.76.graphml,76,96,C,repaired,4,7,6,refutation,167937,0.181,1,
rome,rome/rome/grafo4231.62.graphml,62,83,C,repaired,4,8,7,refutation,56949,0.092,1,
rome,rome/rome/grafo4235.57.graphml,57,88,C,repaired,6,8,8,refutation,70678,0.105,1,
rome,rome/rome/grafo4237.62.graphml,62,88,C,repaired,5,7,6,refutation,14648,0.06,1,
rome,rome/rome/grafo4203.75.graphml,75,105,C,repaired,6,9,8,refutation,1273606,1.163,1,
rome,rome/rome/grafo4220.78.graphml,78,98,C,repaired,5,8,7,refutation,498871,0.511,1,
rome,rome/rome/grafo4239.61.graphml,61,76,C,repaired,4,6,5,refutation,7385,0.032,1,
rome,rome/rome/grafo4238.64.graphml,64,85,C,repaired,5,7,7,refutation,113033,0.117,1,
rome,rome/rome/grafo424.18.graphml,18,22,C,repaired,3,3,3,bound,0,0.0,1,
rome,rome/rome/grafo4236.72.graphml,72,103,C,repaired,6,9,8,refutation,257244,0.249,1,
rome,rome/rome/grafo4242.51.graphml,51,70,C,repaired,4,6,6,refutation,15261,0.041,1,
rome,rome/rome/grafo4233.75.graphml,75,105,C,repaired,5,8,8,refutation,387531,0.366,1,
rome,rome/rome/grafo4241.63.graphml,63,89,C,repaired,5,7,6,refutation,43210,0.085,1,
rome,rome/rome/grafo4234.78.graphml,78,107,C,repaired,5,8,7,refutation,333550,0.321,1,
rome,rome/rome/grafo4240.61.graphml,61,82,C,repaired,5,7,6,refutation,29550,0.072,1,
rome,rome/rome/grafo4244.61.graphml,61,89,C,repaired,5,7,6,refutation,23434,0.057,1,
rome,rome/rome/grafo4246.62.graphml,62,88,C,repaired,5,7,6,refutation,16608,0.037,1,
rome,rome/rome/grafo425.13.graphml,13,15,C,repaired,2,3,3,refutation,13,0.001,1,
rome,rome/rome/grafo4245.62.graphml,62,84,C,repaired,4,6,5,refutation,11786,0.044,1,
rome,rome/rome/grafo4249.63.graphml,63,85,C,repaired,4,7,6,refutation,26390,0.053,1,
rome,rome/rome/grafo4248.62.graphml,62,81,C,repaired,5,6,6,refutation,64051,0.089,1,
rome,rome/rome/grafo4250.65.graphml,65,79,C,repaired,4,6,5,refutation,9048,0.038,1,
rome,rome/rome/grafo4252.59.graphml,59,83,C,repaired,5,7,7,refutation,66533,0.09,1,
rome,rome/rome/grafo4255.53.graphml,53,68,C,repaired,4,5,5,refutation,5212,0.017,1,
rome,rome/rome/grafo4256.56.graphml,56,75,C,repaired,4,5,5,refutation,5513,0.027,1,
rome,rome/rome/grafo4251.61.graphml,61,90,C,repaired,6,9,8,refutation,129353,0.146,1,
rome,rome/rome/grafo4253.75.graphml,75,100,C,repaired,5,8,7,refutation,147265,0.169,1,
rome,rome/rome/grafo426.19.graphml,19,21,C,repaired,2,3,2,bound,20,0.003,1,
rome,rome/rome/grafo3979.98.graphml,98,136,C,repaired,6,10,9,,10670635,10.014,1,
rome,rome/rome/grafo4258.58.graphml,58,76,C,repaired,4,7,6,refutation,27787,0.058,1,
rome,rome/rome/grafo4225.78.graphml,78,106,C,repaired,6,9,8,refutation,1194260,1.005,1,
rome,rome/rome/grafo4263.63.graphml,63,77,C,repaired,4,6,5,refutation,9340,0.033,1,
rome,rome/rome/grafo4254.77.graphml,77,110,C,repaired,5,8,7,refutation,162049,0.3,1,
rome,rome/rome/grafo4259.64.graphml,64,87,C,repaired,5,8,7,refutation,144924,0.173,1,
rome,rome/rome/grafo4260.77.graphml,77,100,C,repaired,5,7,6,refutation,115489,0.142,1,
rome,rome/rome/grafo4261.61.graphml,61,90,C,repaired,5,8,6,refutation,49986,0.1,1,
rome,rome/rome/grafo4268.52.graphml,52,65,C,repaired,4,5,4,bound,2117,0.012,1,
rome,rome/rome/grafo4265.54.graphml,54,70,C,repaired,4,6,5,refutation,4462,0.023,1,
rome,rome/rome/grafo4267.52.graphml,52,71,C,repaired,5,7,6,refutation,28746,0.046,1,
rome,rome/rome/grafo427.26.graphml,26,34,C,repaired,3,3,3,bound,0,0.001,1,
rome,rome/rome/grafo4184.78.graphml,78,109,C,repaired,6,10,9,refutation,3223847,2.786,1,
rome,rome/rome/grafo4266.56.graphml,56,85,C,repaired,5,8,8,refutation,172994,0.164,1,
rome,rome/rome/grafo4270.69.graphml,69,81,C,repaired,4,6,5,refutation,28582,0.063,1,
rome,rome/rome/grafo4273.73.graphml,73,90,C,repaired,4,6,5,refutation,14675,0.039,1,
rome,rome/rome/grafo4272.76.graphml,76,98,C,repaired,4,7,6,refutation,54857,0.094,1,
rome,rome/rome/grafo4275.56.graphml,56,76,C,repaired,5,7,6,refutation,13690,0.04,1,
rome,rome/rome/grafo4271.73.graphml,73,91,C,repaired,4,6,6,refutation,90033,0.12,1,
rome,rome/rome/grafo4277.59.graphml,59,79,C,repaired,6,7,6,bound,44,0.004,1,
rome,rome/rome/grafo4247.82.graphml,82,115,C,repaired,6,9,8,refutation,783556,0.815,1,
rome,rome/rome/grafo4278.55.graphml,55,65,C,repaired,3,6,4,refutation,3099,0.011,1,
rome,rome/rome/grafo4257.81.graphml,81,107,C,repaired,5,8,7,refutation,654102,0.584,1,
rome,rome/rome/grafo4269.61.graphml,61,93,C,repaired,6,10,8,refutation,361497,0.284,1,
rome,rome/rome/grafo4279.57.graphml,57,71,C,repaired,4,6,5,refutation,7595,0.028,1,
rome,rome/rome/grafo428.19.graphml,19,22,C,repaired,2,3,3,refutation,59,0.001,1,
rome,rome/rome/grafo4274.75.graphml,75,101,C,repaired,4,7,7,refutation,194299,0.212,1,
rome,rome/rome/grafo4280.58.graphml,58,75,C,repaired,4,6,6,refutation,24051,0.053,1,
rome,rome/rome/grafo4281.59.graphml,59,76,C,repaired,4,7,6,refutation,26039,0.054,1,
rome,rome/rome/grafo4283.56.graphml,56,74,C,repaired,5,7,6,refutation,24262,0.053,1,
rome,rome/rome/grafo4285.58.graphml,58,72,C,repaired,3,5,5,refutation,7167,0.019,1,
rome,rome/rome/grafo429.20.graphml,20,28,C,repaired,3,4,4,refutation,82,0.001,1,
rome,rome/rome/grafo4262.77.graphml,77,106,C,repaired,6,8,8,refutation,718171,0.665,1,
rome,rome/rome/grafo4276.75.graphml,75,96,C,repaired,5,8,7,refutation,371768,0.322,1,
rome,rome/rome/grafo4288.64.graphml,64,81,C,repaired,4,7,6,refutation,43851,0.067,1,
rome,rome/rome/grafo4291.59.graphml,59,78,C,repaired,5,7,6,refutation,40952,0.077,1,
rome,rome/rome/grafo4287.76.graphml,76,101,C,repaired,6,8,7,refutation,185770,0.216,1,
rome,rome/rome/grafo4290.66.graphml,66,84,C,repaired,5,7,6,refutation,63130,0.098,1,
rome,rome/rome/grafo4293.62.graphml,62,77,C,repaired,4,6,4,bound,353,0.002,1,
rome,rome/rome/grafo4289.79.graphml,79,105,C,repaired,5,8,7,refutation,220617,0.244,1,
rome,rome/rome/grafo4296.55.graphml,55,68,C,repaired,4,6,5,refutation,6654,0.022,1,
rome,rome/rome/grafo4282.77.graphml,77,110,C,repaired,5,8,8,refutation,317342,0.353,1,
rome,rome/rome/grafo4284.72.graphml,72,100,C,repaired,5,8,8,refutation,340120,0.381,1,
rome,rome/rome/grafo4295.64.graphml,64,83,C,repaired,4,7,6,refutation,45544,0.083,1,
rome,rome/rome/grafo4299.55.graphml,55,79,C,repaired,5,7,7,refutation,22113,0.053,1,
rome,rome/rome/grafo430.13.graphml,13,14,C,repaired,2,2,2,bound,0,0.0,1,
rome,rome/rome/grafo4298.73.graphml,73,91,C,repaired,4,6,6,refutation,56893,0.099,1,
rome,rome/rome/grafo4294.85.graphml,85,107,C,repaired,4,7,6,refutation,168903,0.197,1,
rome,rome/rome/grafo4300.60.graphml,60,82,C,repaired,4,7,6,refutation,25985,0.06,1,
rome,rome/rome/grafo4292.75.graphml,75,103,C,repaired,6,8,8,refutation,414159,0.363,1,
rome,rome/rome/grafo4302.60.graphml,60,78,C,repaired,4,5,5,refutation,11291,0.041,1,
rome,rome/rome/grafo4304.56.graphml,56,65,C,repaired,4,5,4,bound,406,0.003,1,
rome,rome/rome/grafo4306.56.graphml,56,63,C,repaired,3,4,3,bound,212,0.003,1,
rome,rome/rome/grafo3995.97.graphml,97,145,C,repaired,7,11,10,,12628761,10.013,1,
rome,rome/rome/grafo4303.74.graphml,74,94,C,repaired,5,7,6,refutation,69573,0.125,1,
rome,rome/rome/grafo431.13.graphml,13,15,C,repaired,2,2,2,bound,0,0.0,1,
rome,rome/rome/grafo4308.61.graphml,61,80,C,repaired,5,7,6,refutation,27293,0.064,1,
rome,rome/rome/grafo4307.64.graphml,64,79,C,repaired,4,6,6,refutation,39727,0.074,1,
rome,rome/rome/grafo4309.54.graphml,54,88,C,repaired,5,8,8,refutation,143929,0.149,1,
rome,rome/rome/grafo4301.63.graphml,63,87,C,repaired,5,8,7,refutation,463038,0.325,1,
rome,rome/rome/grafo4243.78.graphml,78,102,C,repaired,5,9,8,refutation,2232803,1.798,1,
rome,rome/rome/grafo4312.62.graphml,62,74,C,repaired,4,6,5,refutation,23020,0.067,1,
rome,rome/rome/grafo4313.61.graphml,61,89,C,repaired,5,8,8,refutation,65700,0.099,1,
rome,rome/rome/grafo4319.61.graphml,61,85,C,repaired,5,7,5,bound,195,0.003,1,
rome,rome/rome/grafo4318.55.graphml,55,81,C,repaired,5,7,6,refutation,10680,0.023,1,
rome,rome/rome/grafo432.19.graphml,19,20,C,repaired,2,4,3,refutation,97,0.001,1,
rome,rome/rome/grafo4315.59.graphml,59,80,C,repaired,5,8,7,refutation,74749,0.1,1,
rome,rome/rome/grafo4317.77.graphml,77,102,C,repaired,5,7,6,refutation,57329,0.086,1,
rome,rome/rome/grafo4316.77.graphml,77,99,C,repaired,5,8,6,refutation,189316,0.198,1,
rome,rome/rome/grafo4322.56.graphml,56,78,C,repaired,5,7,6,refutation,26989,0.04,1,
rome,rome/rome/grafo4323.78.graphml,78,100,C,repaired,4,7,6,refutation,51042,0.088,1,
rome,rome/rome/grafo4305.80.graphml,80,104,C,repaired,5,7,7,refutation,555550,0.579,1,
rome,rome/rome/grafo4320.67.graphml,67,85,C,repaired,5,7,7,refutation,208111,0.206,1,
rome,rome/rome/grafo4325.55.graphml,55,72,C,repaired,4,6,5,refutation,7681,0.03,1,
rome,rome/rome/grafo4314.67.graphml,67,102,C,repaired,7,9,9,refutation,530651,0.479,1,
rome,rome/rome/grafo4328.51.graphml,51,66,C,repaired,4,5,5,refutation,3174,0.015,1,
rome,rome/rome/grafo4329.54.graphml,54,68,C,repaired,4,6,5,refutation,7727,0.033,1,
rome,rome/rome/grafo4327.65.graphml,65,77,C,repaired,4,6,5,refutation,17423,0.062,1,
rome,rome/rome/grafo4324.78.graphml,78,105,C,repaired,4,6,6,refutation,62491,0.16,1,
rome,rome/rome/grafo433.21.graphml,21,28,C,repaired,3,4,3,bound,22,0.001,1,
rome,rome/rome/grafo4330.58.graphml,58,72,C,repaired,4,6,5,refutation,10102,0.033,1,
rome,rome/rome/grafo4331.61.graphml,61,78,C,repaired,4,6,5,refutation,8210,0.024,1,
rome,rome/rome/grafo4332.54.graphml,54,69,C,repaired,4,6,5,refutation,7339,0.026,1,
rome,rome/rome/grafo4326.73.graphml,73,97,C,repaired,6,8,7,refutation,182687,0.237,1,
rome,rome/rome/grafo4334.48.graphml,48,65,C,repaired,4,5,4,bound,890,0.006,1,
rome,rome/rome/grafo4310.74.graphml,74,109,C,repaired,6,9,9,refutation,913853,0.802,1,
rome,rome/rome/grafo434.20.graphml,20,23,C,repaired,2,3,3,refutation,81,0.001,1,
rome,rome/rome/grafo4339.55.graphml,55,67,C,repaired,3,5,4,refutation,1947,0.006,1,
rome,rome/rome/grafo4335.60.graphml,60,87,C,repaired,5,7,7,refutation,84912,0.144,1,
rome,rome/rome/grafo4340.53.graphml,53,69,C,repaired,4,6,5,refutation,4215,0.018,1,
rome,rome/rome/grafo4321.81.graphml,81,100,C,repaired,5,7,7,refutation,727589,0.567,1,
rome,rome/rome/grafo4333.81.graphml,81,99,C,repaired,4,7,6,refutation,153181,0.218,1,
rome,rome/rome/grafo4338.71.graphml,71,98,C,repaired,5,7,7,refutation,123434,0.16,1,
rome,rome/rome/grafo4341.56.graphml,56,73,C,repaired,4,6,5,refutation,5732,0.022,1,
rome,rome/rome/grafo4337.68.graphml,68,95,C,repaired,6,8,7,refutation,135691,0.169,1,
rome,rome/rome/grafo4344.52.graphml,52,69,C,repaired,4,6,5,refutation,4398,0.015,1,
rome,rome/rome/grafo4342.60.graphml,60,76,C,repaired,5,7,6,refutation,36385,0.073,1,
rome,rome/rome/grafo435.12.graphml,12,11,C,repaired,1,1,1,bound,0,0.0,1,
rome,rome/rome/grafo4346.54.graphml,54,80,C,repaired,5,8,7,refutation,25233,0.056,1,
rome,rome/rome/grafo4345.61.graphml,61,83,C,repaired,5,8,7,refutation,113481,0.142,1,
rome,rome/rome/grafo4349.65.graphml,65,85,C,repaired,4,7,6,refutation,62973,0.095,1,
rome,rome/rome/grafo4352.57.graphml,57,67,C,repaired,4,6,5,refutation,12028,0.039,1,
rome,rome/rome/grafo4351.63.graphml,63,78,C,repaired,4,5,5,refutation,19319,0.03,1,
rome,rome/rome/grafo4355.75.graphml,75,101,C,repaired,5,7,6,refutation,38537,0.08,1,
rome,rome/rome/grafo4347.77.graphml,77,101,C,repaired,5,7,7,refutation,292110,0.287,1,
rome,rome/rome/grafo4356.55.graphml,55,73,C,repaired,5,6,6,refutation,25575,0.058,1,
rome,rome/rome/grafo4311.79.graphml,79,118,C,repaired,7,10,9,refutation,1564202,1.3,1,
rome,rome/rome/grafo4357.55.graphml,55,74,C,repaired,4,5,5,refutation,4974,0.021,1,
rome,rome/rome/grafo4358.55.graphml,55,87,C,repaired,6,7,7,refutation,18790,0.048,1,
rome,rome/rome/grafo436.12.graphml,12,13,C,repaired,2,2,2,bound,0,0.0,1,
rome,rome/rome/grafo4359.62.graphml,62,83,C,repaired,5,7,6,refutation,21725,0.057,1,
rome,rome/rome/grafo4353.77.graphml,77,100,C,repaired,5,8,7,refutation,345586,0.317,1,
rome,rome/rome/grafo4360.78.graphml,78,101,C,repaired,5,6,6,refutation,77542,0.123,1,
rome,rome/rome/grafo4361.58.graphml,58,90,C,repaired,6,9,9,refutation,166853,0.158,1,
rome,rome/rome/grafo4343.79.graphml,79,109,C,repaired,6,9,8,refutation,772567,0.631,1,
rome,rome/rome/grafo4366.55.graphml,55,75,C,repaired,5,6,6,refutation,28707,0.058,1,
rome,rome/rome/grafo4367.55.graphml,55,72,C,repaired,5,6,6,refutation,15375,0.041,1,
rome,rome/rome/grafo4364.61.graphml,61,95,C,repaired,6,10,9,refutation,205194,0.187,1,
rome,rome/rome/grafo4369.51.graphml,51,67,C,repaired,5,6,5,bound,70,0.002,1,
rome,rome/rome/grafo437.12.graphml,12,13,C,repaired,2,2,2,bound,0,0.0,1,
rome,rome/rome/grafo4368.64.graphml,64,82,C,repaired,5,7,6,refutation,57311,0.093,1,
rome,rome/rome/grafo4372.50.graphml,50,62,C,repaired,4,5,5,refutation,6892,0.027,1,
rome,rome/rome/grafo4363.77.graphml,77,102,C,repaired,5,8,7,refutation,515769,0.476,1,
rome,rome/rome/grafo4374.52.graphml,52,73,C,repaired,5,7,6,refutation,10225,0.033,1,
rome,rome/rome/grafo4373.60.graphml,60,82,C,repaired,5,8,7,refutation,71153,0.108,1,
rome,rome/rome/grafo4375.53.graphml,53,63,C,repaired,4,5,4,bound,393,0.005,1,
rome,rome/rome/grafo4376.60.graphml,60,73,C,repaired,4,6,5,refutation,9753,0.03,1,
rome,rome/rome/grafo4377.65.graphml,65,82,C,repaired,5,7,6,refutation,45245,0.08,1,
rome,rome/rome/grafo4371.71.graphml,71,96,C,repaired,5,8,7,refutation,493733,0.384,1,
rome,rome/rome/grafo4354.76.graphml,76,106,C,repaired,6,8,8,refutation,1287535,1.029,1,
rome,rome/rome/grafo4365.77.graphml,77,107,C,repaired,5,9,8,refutation,768733,0.707,1,
rome,rome/rome/grafo438.22.graphml,22,29,C,repaired,3,3,3,bound,0,0.001,1,
rome,rome/rome/grafo4264.78.graphml,78,111,C,repaired,6,10,9,refutation,4087824,3.438,1,
rome,rome/rome/grafo4380.49.graphml,49,64,C,repaired,4,6,4,bound,174,0.003,1,
rome,rome/rome/grafo4382.58.graphml,58,72,C,repaired,3,5,4,refutation,1217,0.006,1,
rome,rome/rome/grafo4362.83.graphml,83,113,C,repaired,5,9,8,refutation,1033100,0.948,1,
rome,rome/rome/grafo4378.79.graphml,79,103,C,repaired,5,8,7,refutation,231575,0.265,1,
rome,rome/rome/grafo4350.80.graphml,80,106,C,repaired,5,8,8,refutation,1663473,1.412,1,
rome,rome/rome/grafo4386.59.graphml,59,73,C,repaired,4,5,5,refutation,9506,0.036,1,
rome,rome/rome/grafo4384.64.graphml,64,88,C,repaired,5,8,7,refutation,157516,0.154,1,
rome,rome/rome/grafo4379.76.graphml,76,101,C,repaired,5,8,7,refutation,251496,0.274,1,
rome,rome/rome/grafo4385.64.graphml,64,85,C,repaired,5,7,7,refutation,110373,0.135,1,
rome,rome/rome/grafo439.11.graphml,11,14,C,repaired,2,3,3,refutation,16,0.0,1,
rome,rome/rome/grafo4387.57.graphml,57,77,C,repaired,5,7,6,refutation,17985,0.077,1,
rome,rome/rome/grafo4137.82.graphml,82,117,C,repaired,6,10,9,refutation,10190730,8.123,1,
rome,rome/rome/grafo4391.56.graphml,56,70,C,repaired,4,6,5,refutation,11681,0.059,1,
rome,rome/rome/grafo4392.61.graphml,61,75,C,repaired,4,7,7,refutation,72573,0.109,1,
rome,rome/rome/grafo4390.59.graphml,59,89,C,repaired,5,8,7,refutation,67208,0.093,1,
rome,rome/rome/grafo4394.55.graphml,55,76,C,repaired,5,7,6,refutation,11380,0.025,1,
rome,rome/rome/grafo4091.99.graphml,99,136,C,repaired,6,9,8,,14494937,10.013,1,
rome,rome/rome/grafo4393.77.graphml,77,97,C,repaired,4,7,6,refutation,117535,0.146,1,
rome,rome/rome/grafo4396.63.graphml,63,83,C,repaired,5,6,6,refutation,37163,0.075,1,
rome,rome/rome/grafo4398.57.graphml,57,71,C,repaired,3,6,5,refutation,10137,0.034,1,
rome,rome/rome/grafo4389.63.graphml,63,87,C,repaired,5,9,8,refutation,329237,0.32,1,
rome,rome/rome/grafo4399.61.graphml,61,76,C,repaired,4,5,5,refutation,8981,0.032,1,
rome,rome/rome/grafo440.13.graphml,13,14,C,repaired,2,2,2,bound,0,0.0,1,
rome,rome/rome/grafo4101.91.graphml,91,123,C,repaired,5,10,10,,15241216,10.009,1,
rome,rome/rome/grafo4404.66.graphml,66,81,C,repaired,4,5,5,refutation,11519,0.027,1,
rome,rome/rome/grafo4403.57.graphml,57,79,C,repaired,5,8,7,refutation,88904,0.109,1,
rome,rome/rome/grafo4370.80.graphml,80,112,C,repaired,6,9,8,refutation,1454690,1.264,1,
rome,rome/rome/grafo4400.56.graphml,56,86,C,repaired,6,8,8,refutation,131512,0.164,1,
rome,rome/rome/grafo4401.57.graphml,57,86,C,repaired,6,8,8,refutation,170574,0.183,1,
rome,rome/rome/grafo4407.55.graphml,55,70,C,repaired,3,5,4,refutation,1871,0.009,1,
rome,rome/rome/grafo441.11.graphml,11,11,C,repaired,2,2,2,bound,0,0.0,1,
rome,rome/rome/grafo4402.84.graphml,84,103,C,repaired,5,7,6,refutation,162602,0.19,1,
rome,rome/rome/grafo4397.74.graphml,74,104,C,repaired,6,8,7,refutation,232229,0.349,1,
rome,rome/rome/grafo4388.81.graphml,81,118,C,repaired,6,9,8,refutation,469603,0.617,1,
rome,rome/rome/grafo4409.56.graphml,56,67,C,repaired,3,5,4,refutation,2772,0.017,1,
rome,rome/rome/grafo4411.64.graphml,64,79,C,repaired,4,6,5,refutation,19379,0.046,1,
rome,rome/rome/grafo4406.73.graphml,73,98,C,repaired,5,7,6,refutation,88840,0.193,1,
rome,rome/rome/grafo4413.64.graphml,64,87,C,repaired,5,7,6,refutation,14841,0.043,1,
rome,rome/rome/grafo4412.61.graphml,61,77,C,repaired,4,7,6,refutation,33461,0.066,1,
rome,rome/rome/grafo4405.77.graphml,77,101,C,repaired,5,8,7,refutation,251188,0.278,1,
rome,rome/rome/grafo4415.56.graphml,56,70,C,repaired,4,6,5,refutation,8240,0.035,1,
rome,rome/rome/grafo4418.53.graphml,53,63,C,repaired,4,5,5,refutation,16662,0.041,1,
rome,rome/rome/grafo4416.56.graphml,56,70,C,repaired,5,6,6,refutation,29647,0.054,1,
rome,rome/rome/grafo4419.61.graphml,61,80,C,repaired,4,7,6,refutation,23687,0.058,1,
rome,rome/rome/grafo442.12.graphml,12,12,C,repaired,2,2,2,bound,0,0.0,1,
rome,rome/rome/grafo4408.69.graphml,69,91,C,repaired,5,8,7,refutation,286997,0.322,1,
rome,rome/rome/grafo4414.66.graphml,66,91,C,repaired,5,7,7,refutation,131944,0.169,1,
rome,rome/rome/grafo4421.60.graphml,60,73,C,repaired,5,6,5,bound,87,0.005,1,
rome,rome/rome/grafo4420.64.graphml,64,81,C,repaired,4,6,6,refutation,23879,0.052,1,
rome,rome/rome/grafo4425.50.graphml,50,68,C,repaired,5,7,5,bound,497,0.006,1,
rome,rome/rome/grafo4417.65.graphml,65,90,C,repaired,5,8,7,refutation,214451,0.205,1,
rome,rome/rome/grafo4424.56.graphml,56,74,C,repaired,4,6,6,refutation,27398,0.046,1,
rome,rome/rome/grafo4426.55.graphml,55,72,C,repaired,5,6,6,refutation,33936,0.086,1,
rome,rome/rome/grafo443.13.graphml,13,15,C,repaired,3,3,3,bound,0,0.0,1,
rome,rome/rome/grafo4428.64.graphml,64,90,C,repaired,5,8,7,refutation,64894,0.088,1,
rome,rome/rome/grafo4423.77.graphml,77,96,C,repaired,4,7,6,refutation,109875,0.142,1,
rome,rome/rome/grafo4427.57.graphml,57,79,C,repaired,6,7,7,refutation,90731,0.1,1,
rome,rome/rome/grafo4435.54.graphml,54,69,C,repaired,4,5,5,refutation,4231,0.015,1,
rome,rome/rome/grafo4431.62.graphml,62,80,C,repaired,5,7,7,refutation,94298,0.12,1,
rome,rome/rome/grafo4422.71.graphml,71,97,C,repaired,5,8,7,refutation,165437,0.294,1,
rome,rome/rome/grafo4381.82.graphml,82,120,C,repaired,6,10,9,refutation,1579596,1.425,1,
rome,rome/rome/grafo4434.57.graphml,57,80,C,repaired,5,8,7,refutation,45338,0.078,1,
rome,rome/rome/grafo4436.60.graphml,60,78,C,repaired,4,6,5,refutation,10387,0.034,1,
rome,rome/rome/grafo4433.61.graphml,61,79,C,repaired,4,7,7,refutation,101884,0.126,1,
rome,rome/rome/grafo4438.55.graphml,55,66,C,repaired,3,5,5,refutation,13895,0.04,1,
rome,rome/rome/grafo444.16.graphml,16,15,C,repaired,1,2,2,refutation,21,0.001,1,
rome,rome/rome/grafo4286.74.graphml,74,111,C,repaired,7,10,10,refutation,5619591,4.528,1,
rome,rome/rome/grafo4430.72.graphml,72,99,C,repaired,5,8,7,refutation,286643,0.293,1,
rome,rome/rome/grafo4440.63.graphml,63,86,C,repaired,4,7,6,refutation,17508,0.042,1,
rome,rome/rome/grafo4432.78.graphml,78,105,C,repaired,5,8,7,refutation,200252,0.282,1,
rome,rome/rome/grafo4441.61.graphml,61,75,C,repaired,4,5,5,refutation,10808,0.036,1,
rome,rome/rome/grafo4410.78.graphml,78,111,C,repaired,6,8,8,refutation,949517,0.803,1,
rome,rome/rome/grafo4443.60.graphml,60,83,C,repaired,5,7,6,refutation,30031,0.057,1,
rome,rome/rome/grafo4447.61.graphml,61,75,C,repaired,4,6,5,refutation,10289,0.034,1,
rome,rome/rome/grafo445.22.graphml,22,25,C,repaired,3,3,3,bound,0,0.001,1,
rome,rome/rome/grafo4445.59.graphml,59,81,C,repaired,5,7,6,refutation,23778,0.079,1,
rome,rome/rome/grafo4444.52.graphml,52,73,C,repaired,4,6,6,refutation,23407,0.053,1,
rome,rome/rome/grafo4446.60.graphml,60,82,C,repaired,5,7,6,refutation,24718,0.057,1,
rome,rome/rome/grafo4439.80.graphml,80,102,C,repaired,5,7,6,refutation,232320,0.278,1,
rome,rome/rome/grafo4450.70.graphml,70,93,C,repaired,5,6,6,refutation,38704,0.08,1,
rome,rome/rome/grafo4451.51.graphml,51,72,C,repaired,5,7,6,refutation,13604,0.039,1,
rome,rome/rome/grafo4452.57.graphml,57,76,C,repaired,4,6,5,refutation,3325,0.017,1,
rome,rome/rome/grafo4456.58.graphml,58,74,C,repaired,4,6,5,refutation,6597,0.029,1,
rome,rome/rome/grafo4457.74.graphml,74,88,C,repaired,4,6,5,refutation,19764,0.056,1,
rome,rome/rome/grafo4453.57.graphml,57,72,C,repaired,5,6,6,refutation,38037,0.085,1,
rome,rome/rome/grafo446.17.graphml,17,23,C,repaired,3,4,3,bound,23,0.001,1,
rome,rome/rome/grafo4449.75.graphml,75,104,C,repaired,5,8,7,refutation,225413,0.262,1,
rome,rome/rome/grafo4460.55.graphml,55,68,C,repaired,4,6,5,refutation,5351,0.025,1,
rome,rome/rome/grafo4458.63.graphml,63,87,C,repaired,5,7,7,refutation,111782,0.146,1,
rome,rome/rome/grafo4461.59.graphml,59,79,C,repaired,5,6,6,refutation,15222,0.04,1,
rome,rome/rome/grafo4454.68.graphml,68,96,C,repaired,5,8,7,refutation,127861,0.174,1,
rome,rome/rome/grafo4455.60.graphml,60,93,C,repaired,6,9,9,refutation,122917,0.16,1,
rome,rome/rome/grafo4462.57.graphml,57,67,C,repaired,3,6,4,refutation,2308,0.01,1,
rome,rome/rome/grafo4467.54.graphml,54,69,C,repaired,4,6,5,refutation,4059,0.017,1,
rome,rome/rome/grafo4464.59.graphml,59,79,C,repaired,4,7,5,refutation,10591,0.02,1,
rome,rome/rome/grafo4463.59.graphml,59,76,C,repaired,4,6,6,refutation,17454,0.066,1,
rome,rome/rome/grafo447.14.graphml,14,16,C,repaired,2,3,3,refutation,31,0.001,1,
rome,rome/rome/grafo4468.50.graphml,50,78,C,repaired,6,8,7,refutation,29890,0.048,1,
rome,rome/rome/grafo4465.55.graphml,55,84,C,repaired,5,9,8,refutation,93669,0.125,1,
rome,rome/rome/grafo4473.48.graphml,48,61,C,repaired,3,5,4,refutation,1142,0.007,1,
rome,rome/rome/grafo4383.75.graphml,75,105,C,repaired,5,10,9,refutation,2712594,2.231,1,
rome,rome/rome/grafo4469.62.graphml,62,77,C,repaired,5,6,6,refutation,41117,0.105,1,
rome,rome/rome/grafo4472.68.graphml,68,90,C,repaired,4,7,6,refutation,53365,0.08,1,
rome,rome/rome/grafo4475.55.graphml,55,67,C,repaired,3,6,5,refutation,8181,0.026,1,
rome,rome/rome/grafo4442.84.graphml,84,109,C,repaired,5,8,7,refutation,678836,0.721,1,
rome,rome/rome/grafo4478.64.graphml,64,83,C,repaired,5,7,5,bound,522,0.01,1,
rome,rome/rome/grafo448.11.graphml,11,11,C,repaired,2,2,2,bound,0,0.0,1,
rome,rome/rome/grafo4476.68.graphml,68,95,C,repaired,5,7,7,refutation,126500,0.161,1,
rome,rome/rome/grafo4479.68.graphml,68,90,C,repaired,5,7,6,refutation,48069,0.096,1,
rome,rome/rome/grafo4466.66.graphml,66,102,C,repaired,7,10,9,refutation,564329,0.484,1,
rome,rome/rome/grafo4483.61.graphml,61,79,C,repaired,4,6,5,refutation,7885,0.028,1,
rome,rome/rome/grafo4482.61.graphml,61,76,C,repaired,3,5,5,refutation,9975,0.034,1,
rome,rome/rome/grafo4477.76.graphml,76,103,C,repaired,5,8,7,refutation,213982,0.226,1,
rome,rome/rome/grafo4470.73.graphml,73,95,C,repaired,5,8,7,refutation,416027,0.434,1,
rome,rome/rome/grafo4459.77.graphml,77,110,C,repaired,6,8,8,refutation,836345,0.717,1,
rome,rome/rome/grafo4395.79.graphml,79,123,C,repaired,7,10,9,refutation,2378541,2.205,1,
rome,rome/rome/grafo4485.61.graphml,61,85,C,repaired,4,5,5,refutation,5273,0.026,1,
rome,rome/rome/grafo4147.81.graphml,81,107,C,repaired,6,9,9,,14204928,10.012,1,
rome,rome/rome/grafo4486.53.graphml,53,70,C,repaired,5,6,6,refutation,15717,0.039,1,
rome,rome/rome/grafo4488.54.graphml,54,69,C,repaired,4,7,6,refutation,25004,0.054,1,
rome,rome/rome/grafo449.18.graphml,18,25,C,repaired,4,4,4,bound,0,0.001,1,
rome,rome/rome/grafo4492.76.graphml,76,102,C,repaired,5,7,5,bound,2244,0.013,1,
rome,rome/rome/grafo4471.77.graphml,77,107,C,repaired,5,9,8,refutation,569069,0.587,1,
rome,rome/rome/grafo4491.61.graphml,61,79,C,repaired,4,7,6,refutation,39707,0.071,1,
rome,rome/rome/grafo4490.65.graphml,65,96,C,repaired,6,7,7,refutation,74571,0.113,1,
rome,rome/rome/grafo4494.62.graphml,62,78,C,repaired,4,6,6,refutation,49559,0.078,1,
rome,rome/rome/grafo4484.76.graphml,76,101,C,repaired,5,8,7,refutation,242110,0.251,1,
rome,rome/rome/grafo4496.56.graphml,56,79,C,repaired,5,7,6,refutation,32360,0.068,1,
rome,rome/rome/grafo4497.61.graphml,61,82,C,repaired,5,8,6,refutation,42095,0.076,1,
rome,rome/rome/grafo450.35.graphml,35,45,C,repaired,4,4,4,bound,0,0.001,1,
rome,rome/rome/grafo4499.55.graphml,55,72,C,repaired,4,6,5,refutation,5514,0.026,1,
rome,rome/rome/grafo4480.64.graphml,64,88,C,repaired,5,8,8,refutation,508394,0.492,1,
rome,rome/rome/grafo4501.60.graphml,60,72,C,repaired,4,5,4,bound,46,0.002,1,
rome,rome/rome/grafo4495.63.graphml,63,94,C,repaired,6,9,8,refutation,116073,0.18,1,
rome,rome/rome/grafo4502.55.graphml,55,76,C,repaired,5,7,6,refutation,17649,0.043,1,
rome,rome/rome/grafo4487.62.graphml,62,86,C,repaired,6,8,8,refutation,237281,0.36,1,
rome,rome/rome/grafo4505.53.graphml,53,69,C,repaired,4,6,6,refutation,18874,0.045,1,
rome,rome/rome/grafo4506.55.graphml,55,68,C,repaired,4,6,5,refutation,8826,0.031,1,
rome,rome/rome/grafo4503.59.graphml,59,82,C,repaired,5,7,7,refutation,85356,0.116,1,
rome,rome/rome/grafo4508.60.graphml,60,77,C,repaired,5,6,5,bound,56,0.003,1,
rome,rome/rome/grafo4429.79.graphml,79,105,C,repaired,5,9,8,refutation,2214703,1.856,1,
rome,rome/rome/grafo4500.77.graphml,77,101,C,repaired,5,7,6,refutation,110522,0.161,1,
rome,rome/rome/grafo451.23.graphml,23,23,C,repaired,2,3,2,bound,33,0.001,1,
rome,rome/rome/grafo4510.55.graphml,55,75,C,repaired,4,6,5,refutation,10714,0.036,1,
rome,rome/rome/grafo4513.53.graphml,53,70,C,repaired,4,6,5,refutation,4942,0.017,1,
rome,rome/rome/grafo4512.60.graphml,60,73,C,repaired,4,6,5,refutation,9899,0.032,1,
rome,rome/rome/grafo4509.64.graphml,64,83,C,repaired,4,7,6,refutation,62520,0.094,1,
rome,rome/rome/grafo4514.66.graphml,66,81,C,repaired,5,6,6,refutation,35250,0.073,1,
rome,rome/rome/grafo4516.59.graphml,59,79,C,repaired,5,6,6,refutation,19914,0.05,1,
rome,rome/rome/grafo4518.50.graphml,50,66,C,repaired,4,7,5,refutation,7079,0.028,1,
rome,rome/rome/grafo452.14.graphml,14,13,C,repaired,1,2,2,refutation,14,0.001,1,
rome,rome/rome/grafo4515.62.graphml,62,78,C,repaired,5,7,6,refutation,39420,0.106,1,
rome,rome/rome/grafo4519.75.graphml,75,98,C,repaired,4,6,5,refutation,19383,0.049,1,
rome,rome/rome/grafo4504.62.graphml,62,88,C,repaired,5,8,8,refutation,210792,0.353,1,
rome,rome/rome/grafo4520.66.graphml,66,84,C,repaired,4,7,6,refutation,35777,0.068,1,
rome,rome/rome/grafo4522.81.graphml,81,94,C,repaired,3,6,5,refutation,33228,0.066,1,
rome,rome/rome/grafo4511.77.graphml,77,103,C,repaired,6,9,8,refutation,363042,0.386,1,
rome,rome/rome/grafo4521.66.graphml,66,92,C,repaired,5,7,7,refutation,152046,0.171,1,
rome,rome/rome/grafo4527.64.graphml,64,80,C,repaired,4,6,4,bound,240,0.004,1,
rome,rome/rome/grafo4528.55.graphml,55,67,C,repaired,3,4,4,refutation,1472,0.008,1,
rome,rome/rome/grafo4523.74.graphml,74,93,C,repaired,4,7,7,refutation,232923,0.227,1,
rome,rome/rome/grafo4525.72.graphml,72,96,C,repaired,5,7,7,refutation,180636,0.186,1,
rome,rome/rome/grafo4489.77.graphml,77,107,C,repaired,6,8,8,refutation,1088924,1.011,1,
rome,rome/rome/grafo4526.66.graphml,66,91,C,repaired,6,8,7,refutation,88061,0.124,1,
rome,rome/rome/grafo453.12.graphml,12,11,C,repaired,1,1,1,bound,0,0.0,1,
rome,rome/rome/grafo4532.63.graphml,63,73,C,repaired,3,5,4,refutation,5408,0.02,1,
rome,rome/rome/grafo4530.54.graphml,54,76,C,repaired,5,7,7,refutation,42527,0.105,1,
rome,rome/rome/grafo4535.52.graphml,52,67,C,repaired,4,6,5,refutation,6202,0.019,1,
rome,rome/rome/grafo4498.77.graphml,77,105,C,repaired,5,8,8,refutation,1019990,1.024,1,
rome,rome/rome/grafo4536.83.graphml,83,102,C,repaired,5,7,6,refutation,69145,0.107,1,
rome,rome/rome/grafo4537.75.graphml,75,106,C,repaired,5,8,7,refutation,88530,0.11,1,
rome,rome/rome/grafo4538.62.graphml,62,85,C,repaired,5,7,7,refutation,105702,0.116,1,
rome,rome/rome/grafo454.17.graphml,17,17,C,repaired,2,2,2,bound,0,0.0,1,
rome,rome/rome/grafo4474.68.graphml,68,99,C,repaired,6,9,9,refutation,2583036,1.845,1,
rome,rome/rome/grafo4539.64.graphml,64,86,C,repaired,5,7,6,refutation,29474,0.065,1,
rome,rome/rome/grafo4540.54.graphml,54,66,C,repaired,3,5,4,refutation,1434,0.008,1,
rome,rome/rome/grafo4541.61.graphml,61,80,C,repaired,5,6,5,bound,2847,0.012,1,
rome,rome/rome/grafo4534.81.graphml,81,101,C,repaired,5,8,7,refutation,331413,0.321,1,
rome,rome/rome/grafo4517.80.graphml,80,112,C,repaired,5,9,8,refutation,1093033,0.92,1,
rome,rome/rome/grafo4546.59.graphml,59,74,C,repaired,4,6,6,refutation,33474,0.047,1,
rome,rome/rome/grafo4542.59.graphml,59,80,C,repaired,5,8,7,refutation,143873,0.153,1,
rome,rome/rome/grafo4548.60.graphml,60,72,C,repaired,4,6,5,refutation,6248,0.028,1,
rome,rome/rome/grafo455.10.graphml,10,10,C,repaired,2,2,2,bound,0,0.0,1,
rome,rome/rome/grafo4549.60.graphml,60,79,C,repaired,5,7,5,bound,1456,0.005,1,
rome,rome/rome/grafo4544.82.graphml,82,104,C,repaired,5,8,6,refutation,232906,0.24,1,
rome,rome/rome/grafo4551.61.graphml,61,77,C,repaired,4,6,6,refutation,28258,0.057,1,
rome,rome/rome/grafo4547.64.graphml,64,88,C,repaired,6,8,8,refutation,288669,0.235,1,
rome,rome/rome/grafo4545.80.graphml,80,114,C,repaired,6,9,7,refutation,369632,0.416,1,
rome,rome/rome/grafo4550.65.graphml,65,91,C,repaired,4,8,7,refutation,145275,0.156,1,
rome,rome/rome/grafo4529.77.graphml,77,107,C,repaired,6,8,8,refutation,1201497,0.978,1,
rome,rome/rome/grafo4556.52.graphml,52,68,C,repaired,4,6,5,refutation,17534,0.045,1,
rome,rome/rome/grafo4553.62.graphml,62,88,C,repaired,5,9,8,refutation,169806,0.179,1,
rome,rome/rome/grafo4557.60.graphml,60,74,C,repaired,5,6,5,bound,3655,0.017,1,
rome,rome/rome/grafo4554.77.graphml,77,100,C,repaired,5,7,6,refutation,172969,0.199,1,
rome,rome/rome/grafo456.29.graphml,29,36,C,repaired,4,5,5,refutation,1152,0.004,1,
rome,rome/rome/grafo4558.70.graphml,70,92,C,repaired,5,7,6,refutation,15032,0.039,1,
rome,rome/rome/grafo4555.77.graphml,77,99,C,repaired,5,7,7,refutation,218957,0.213,1,
rome,rome/rome/grafo4481.77.graphml,77,121,C,repaired,7,11,10,refutation,2675138,2.39,1,
rome,rome/rome/grafo4561.62.graphml,62,82,C,repaired,4,7,6,refutation,27076,0.083,1,
rome,rome/rome/grafo4543.84.graphml,84,111,C,repaired,6,8,7,refutation,855449,0.757,1,
rome,rome/rome/grafo4563.64.graphml,64,87,C,repaired,5,7,6,refutation,49261,0.085,1,
rome,rome/rome/grafo4565.56.graphml,56,71,C,repaired,4,6,5,refutation,4446,0.015,1,
rome,rome/rome/grafo4564.72.graphml,72,97,C,repaired,5,7,6,refutation,54452,0.088,1,
rome,rome/rome/grafo4562.60.graphml,60,79,C,repaired,5,8,7,refutation,112448,0.156,1,
rome,rome/rome/grafo4567.51.graphml,51,64,C,repaired,4,6,4,bound,71,0.002,1,
rome,rome/rome/grafo4559.65.graphml,65,93,C,repaired,6,9,8,refutation,259062,0.235,1,
rome,rome/rome/grafo4569.58.graphml,58,78,C,repaired,5,6,6,refutation,12411,0.04,1,
rome,rome/rome/grafo457.12.graphml,12,15,C,repaired,3,3,3,bound,0,0.0,1,
rome,rome/rome/grafo4571.54.graphml,54,76,C,repaired,4,7,6,refutation,11789,0.023,1,
rome,rome/rome/grafo4570.72.graphml,72,90,C,repaired,5,7,6,refutation,94967,0.12,1,
rome,rome/rome/grafo4575.60.graphml,60,77,C,repaired,5,7,6,refutation,31010,0.062,1,
rome,rome/rome/grafo4566.62.graphml,62,85,C,repaired,5,9,8,refutation,263454,0.236,1,
rome,rome/rome/grafo4573.57.graphml,57,82,C,repaired,5,8,7,refutation,116821,0.13,1,
rome,rome/rome/grafo4576.71.graphml,71,92,C,repaired,4,7,6,refutation,53044,0.087,1,
rome,rome/rome/grafo4577.51.graphml,51,68,C,repaired,5,7,6,refutation,8591,0.027,1,
rome,rome/rome/grafo4572.74.graphml,74,98,C,repaired,6,7,7,refutation,308022,0.254,1,
rome,rome/rome/grafo4578.63.graphml,63,80,C,repaired,4,7,6,refutation,36190,0.066,1,
rome,rome/rome/grafo4580.50.graphml,50,63,C,repaired,4,5,5,refutation,6071,0.022,1,
rome,rome/rome/grafo4579.53.graphml,53,65,C,repaired,4,7,5,refutation,13346,0.053,1,
rome,rome/rome/grafo458.14.graphml,14,17,C,repaired,3,3,3,bound,0,0.0,1,
rome,rome/rome/grafo4581.67.graphml,67,82,C,repaired,4,7,5,refutation,23030,0.049,1,
rome,rome/rome/grafo4582.64.graphml,64,83,C,repaired,4,6,5,refutation,14243,0.045,1,
rome,rome/rome/grafo4584.64.graphml,64,89,C,repaired,5,8,7,refutation,76765,0.106,1,
rome,rome/rome/grafo4583.59.graphml,59,80,C,repaired,5,7,7,refutation,32261,0.097,1,
rome,rome/rome/grafo4585.66.graphml,66,85,C,repaired,4,6,6,refutation,63643,0.094,1,
rome,rome/rome/grafo4588.56.graphml,56,74,C,repaired,4,7,6,refutation,28499,0.059,1,
rome,rome/rome/grafo4589.73.graphml,73,99,C,repaired,5,7,6,refutation,34818,0.07,1,
rome,rome/rome/grafo459.17.graphml,17,20,C,repaired,2,3,3,refutation,28,0.001,1,
rome,rome/rome/grafo4587.72.graphml,72,96,C,repaired,5,8,7,refutation,183077,0.183,1,
rome,rome/rome/grafo4493.76.graphml,76,113,C,repaired,7,10,10,refutation,3319742,2.981,1,
rome,rome/rome/grafo4590.54.graphml,54,72,C,repaired,4,7,6,refutation,8389,0.031,1,
rome,rome/rome/grafo4595.77.graphml,77,95,C,repaired,5,6,5,bound,2589,0.019,1,
rome,rome/rome/grafo4591.59.graphml,59,83,C,repaired,5,7,6,refutation,26003,0.072,1,
rome,rome/rome/grafo4593.62.graphml,62,76,C,repaired,4,6,5,refutation,7841,0.019,1,
rome,rome/rome/grafo4592.56.graphml,56,71,C,repaired,4,7,6,refutation,30105,0.076,1,
rome,rome/rome/grafo4533.77.graphml,77,105,C,repaired,6,8,8,refutation,2651739,2.162,1,
rome,rome/rome/grafo4597.55.graphml,55,60,C,repaired,3,4,4,refutation,3446,0.015,1,
rome,rome/rome/grafo4596.59.graphml,59,83,C,repaired,5,8,7,refutation,29616,0.065,1,
rome,rome/rome/grafo460.10.graphml,10,9,C,repaired,1,2,2,refutation,10,0.0,1,
rome,rome/rome/grafo4600.51.graphml,51,62,C,repaired,3,4,4,refutation,1708,0.01,1,
rome,rome/rome/grafo4602.51.graphml,51,64,C,repaired,4,6,4,bound,871,0.007,1,
rome,rome/rome/grafo4599.73.graphml,73,85,C,repaired,4,6,5,refutation,18268,0.066,1,
rome,rome/rome/grafo4594.79.graphml,79,104,C,repaired,5,8,7,refutation,253884,0.27,1,
rome,rome/rome/grafo4598.61.graphml,61,79,C,repaired,4,8,7,refutation,139464,0.159,1,
rome,rome/rome/grafo4601.56.graphml,56,71,C,repaired,4,6,6,refutation,34568,0.069,1,
rome,rome/rome/grafo4603.50.graphml,50,69,C,repaired,4,6,5,refutation,3686,0.018,1,
rome,rome/rome/grafo4552.78.graphml,78,108,C,repaired,6,9,8,refutation,1829317,1.677,1,
rome,rome/rome/grafo4574.77.graphml,77,103,C,repaired,5,8,8,refutation,1245256,1.067,1,
rome,rome/rome/grafo4531.78.graphml,78,109,C,repaired,6,9,9,refutation,3182102,2.463,1,
rome,rome/rome/grafo4606.64.graphml,64,82,C,repaired,5,7,6,refutation,25512,0.06,1,
rome,rome/rome/grafo461.10.graphml,10,10,C,repaired,2,2,2,bound,0,0.0,1,
rome,rome/rome/grafo4524.82.graphml,82,118,C,repaired,7,10,9,refutation,3492545,2.808,1,
rome,rome/rome/grafo4605.58.graphml,58,84,C,repaired,6,8,7,refutation,102706,0.176,1,
rome,rome/rome/grafo4615.59.graphml,59,75,C,repaired,5,6,5,bound,695,0.006,1,
rome,rome/rome/grafo4611.59.graphml,59,81,C,repaired,5,7,7,refutation,68792,0.094,1,
rome,rome/rome/grafo4568.80.graphml,80,115,C,repaired,7,9,8,refutation,1423237,1.383,1,
rome,rome/rome/grafo4612.61.graphml,61,94,C,repaired,5,7,7,refutation,41318,0.097,1,
rome,rome/rome/grafo4609.65.graphml,65,98,C,repaired,6,9,8,refutation,227102,0.227,1,
rome,rome/rome/grafo4616.61.graphml,61,81,C,repaired,4,7,6,refutation,61335,0.091,1,
rome,rome/rome/grafo462.10.graphml,10,10,C,repaired,2,2,2,bound,0,0.0,1,
rome,rome/rome/grafo4620.60.graphml,60,75,C,repaired,3,5,4,refutation,2136,0.011,1,
rome,rome/rome/grafo4621.56.graphml,56,67,C,repaired,4,5,5,refutation,12479,0.038,1,
rome,rome/rome/grafo4622.48.graphml,48,59,C,repaired,3,4,4,refutation,967,0.006,1,
rome,rome/rome/grafo4619.63.graphml,63,87,C,repaired,5,8,7,refutation,213599,0.187,1,
rome,rome/rome/grafo4624.53.graphml,53,64,C,repaired,3,5,4,refutation,2605,0.01,1,
rome,rome/rome/grafo4604.78.graphml,78,106,C,repaired,5,8,8,refutation,739583,0.631,1,
rome,rome/rome/grafo4625.66.graphml,66,85,C,repaired,4,7,6,refutation,33682,0.073,1,
rome,rome/rome/grafo4610.82.graphml,82,109,C,repaired,5,8,7,refutation,637127,0.546,1,
rome,rome/rome/grafo4627.53.graphml,53,72,C,repaired,4,6,6,refutation,14999,0.04,1,
rome,rome/rome/grafo4628.59.graphml,59,80,C,repaired,5,7,6,refutation,21097,0.054,1,
rome,rome/rome/grafo463.15.graphml,15,22,C,repaired,3,4,4,refutation,71,0.001,1,
rome,rome/rome/grafo4623.70.graphml,70,101,C,repaired,6,9,8,refutation,263758,0.272,1,
rome,rome/rome/grafo4630.64.graphml,64,79,C,repaired,4,6,5,refutation,17690,0.047,1,
rome,rome/rome/grafo4586.80.graphml,80,111,C,repaired,5,8,8,refutation,1521163,1.419,1,
rome,rome/rome/grafo4629.64.graphml,64,90,C,repaired,5,8,7,refutation,142986,0.132,1,
rome,rome/rome/grafo4631.63.graphml,63,96,C,repaired,6,9,8,refutation,145044,0.156,1,
rome,rome/rome/grafo4635.67.graphml,67,79,C,repaired,3,5,5,refutation,14108,0.043,1,
rome,rome/rome/grafo4614.76.graphml,76,102,C,repaired,5,8,8,refutation,936985,0.818,1,
rome,rome/rome/grafo4634.61.graphml,61,87,C,repaired,6,8,7,refutation,151889,0.178,1,
rome,rome/rome/grafo4633.65.graphml,65,83,C,repaired,5,7,7,refutation,157229,0.166,1,
rome,rome/rome/grafo4607.82.graphml,82,108,C,repaired,5,8,8,refutation,1295180,1.109,1,
rome,rome/rome/grafo4626.80.graphml,80,99,C,repaired,3,7,7,refutation,694191,0.542,1,
rome,rome/rome/grafo4637.63.graphml,63,85,C,repaired,5,8,7,refutation,70006,0.133,1,
rome,rome/rome/grafo464.17.graphml,17,22,C,repaired,2,3,2,bound,22,0.001,1,
rome,rome/rome/grafo4297.79.graphml,79,117,C,repaired,7,10,9,,18403556,10.01,1,
rome,rome/rome/grafo4632.77.graphml,77,109,C,repaired,5,8,8,refutation,353964,0.388,1,
rome,rome/rome/grafo4643.71.graphml,71,96,C,repaired,4,6,6,refutation,22435,0.059,1,
rome,rome/rome/grafo4645.54.graphml,54,66,C,repaired,4,5,4,bound,578,0.004,1,
rome,rome/rome/grafo4642.63.graphml,63,84,C,repaired,4,7,7,refutation,107789,0.139,1,
rome,rome/rome/grafo4618.80.graphml,80,104,C,repaired,5,9,8,refutation,1149709,1.035,1,
rome,rome/rome/grafo4638.68.graphml,68,98,C,repaired,6,9,8,refutation,263495,0.262,1,
rome,rome/rome/grafo4646.62.graphml,62,78,C,repaired,3,6,5,refutation,17486,0.043,1,
rome,rome/rome/grafo4647.62.graphml,62,89,C,repaired,5,7,7,refutation,32589,0.069,1,
rome,rome/rome/grafo465.10.graphml,10,10,C,repaired,2,2,2,bound,0,0.0,1,
rome,rome/rome/grafo4648.59.graphml,59,74,C,repaired,4,6,6,refutation,65425,0.085,1,
rome,rome/rome/grafo4639.82.graphml,82,107,C,repaired,5,8,7,refutation,382406,0.383,1,
rome,rome/rome/grafo4651.56.graphml,56,76,C,repaired,5,7,6,refutation,22613,0.058,1,
rome,rome/rome/grafo4650.76.graphml,76,110,C,repaired,6,8,7,refutation,162875,0.172,1,
rome,rome/rome/grafo4641.79.graphml,79,104,C,repaired,5,8,7,refutation,465328,0.439,1,
rome,rome/rome/grafo4655.56.graphml,56,80,C,repaired,5,6,6,refutation,16081,0.03,1,
rome,rome/rome/grafo4656.66.graphml,66,81,C,repaired,4,6,6,refutation,36453,0.068,1,
rome,rome/rome/grafo4653.62.graphml,62,95,C,repaired,5,8,8,refutation,150969,0.178,1,
rome,rome/rome/grafo4652.74.graphml,74,99,C,repaired,5,8,7,refutation,321346,0.27,1,
rome,rome/rome/grafo4654.74.graphml,74,109,C,repaired,6,8,7,refutation,178170,0.191,1,
rome,rome/rome/grafo4659.59.graphml,59,79,C,repaired,4,6,5,refutation,3562,0.018,1,
rome,rome/rome/grafo466.10.graphml,10,10,C,repaired,2,2,2,bound,0,0.0,1,
rome,rome/rome/grafo4662.50.graphml,50,63,C,repaired,4,4,4,bound,0,0.002,1,
rome,rome/rome/grafo4661.55.graphml,55,69,C,repaired,4,6,5,refutation,6805,0.03,1,
rome,rome/rome/grafo4664.63.graphml,63,77,C,repaired,4,6,5,refutation,8910,0.035,1,
rome,rome/rome/grafo4660.63.graphml,63,88,C,repaired,5,8,7,refutation,73741,0.15,1,
rome,rome/rome/grafo4666.56.graphml,56,75,C,repaired,4,6,5,refutation,8843,0.034,1,
rome,rome/rome/grafo4636.82.graphml,82,117,C,repaired,6,9,8,refutation,1336328,1.127,1,
rome,rome/rome/grafo4665.76.graphml,76,109,C,repaired,6,8,7,refutation,98900,0.144,1,
rome,rome/rome/grafo4667.55.graphml,55,72,C,repaired,4,6,5,refutation,6156,0.026,1,
rome,rome/rome/grafo4668.61.graphml,61,90,C,repaired,5,8,7,refutation,26256,0.046,1,
rome,rome/rome/grafo467.15.graphml,15,24,C,repaired,3,3,3,bound,0,0.0,1,
rome,rome/rome/grafo4669.75.graphml,75,96,C,repaired,5,7,6,refutation,54681,0.092,1,
rome,rome/rome/grafo4663.70.graphml,70,104,C,repaired,6,9,8,refutation,446039,0.418,1,
rome,rome/rome/grafo4670.58.graphml,58,74,C,repaired,4,7,6,refutation,47718,0.07,1,
rome,rome/rome/grafo4657.79.graphml,79,113,C,repaired,6,9,8,refutation,632084,0.627,1,
rome,rome/rome/grafo4671.62.graphml,62,84,C,repaired,4,7,6,refutation,35223,0.101,1,
rome,rome/rome/grafo4677.52.graphml,52,72,C,repaired,5,7,6,refutation,8917,0.026,1,
rome,rome/rome/grafo4676.64.graphml,64,91,C,repaired,5,7,6,refutation,23049,0.059,1,
rome,rome/rome/grafo4678.58.graphml,58,75,C,repaired,4,6,5,refutation,5901,0.027,1,
rome,rome/rome/grafo4675.55.graphml,55,83,C,repaired,5,8,7,refutation,38586,0.077,1,
rome,rome/rome/grafo468.19.graphml,19,31,C,repaired,4,4,4,bound,0,0.0,1,
rome,rome/rome/grafo4640.75.graphml,75,103,C,repaired,6,8,8,refutation,1460837,1.273,1,
rome,rome/rome/grafo4672.76.graphml,76,119,C,repaired,6,9,8,refutation,205327,0.23,1,
rome,rome/rome/grafo4348.83.graphml,83,124,C,repaired,7,11,10,,14263183,10.013,1,
rome,rome/rome/grafo4658.76.graphml,76,109,C,repaired,6,9,8,refutation,898597,0.858,1,
rome,rome/rome/grafo4681.63.graphml,63,79,C,repaired,4,6,5,refutation,20899,0.037,1,
rome,rome/rome/grafo4682.55.graphml,55,70,C,repaired,3,5,5,refutation,8079,0.03,1,
rome,rome/rome/grafo4679.63.graphml,63,87,C,repaired,5,8,7,refutation,170722,0.198,1,
rome,rome/rome/grafo4685.56.graphml,56,71,C,repaired,4,6,5,refutation,11459,0.035,1,
rome,rome/rome/grafo4684.63.graphml,63,82,C,repaired,4,7,6,refutation,17094,0.065,1,
rome,rome/rome/grafo469.18.graphml,18,21,C,repaired,3,3,3,bound,0,0.001,1,
rome,rome/rome/grafo4680.76.graphml,76,96,C,repaired,5,7,6,refutation,163557,0.228,1,
rome,rome/rome/grafo4689.59.graphml,59,71,C,repaired,3,5,4,refutation,3041,0.013,1,
rome,rome/rome/grafo4688.59.graphml,59,76,C,repaired,5,7,6,refutation,23726,0.043,1,
rome,rome/rome/grafo4617.76.graphml,76,108,C,repaired,6,10,9,refutation,2773034,2.423,1,
rome,rome/rome/grafo4683.75.graphml,75,87,C,repaired,4,6,6,refutation,124708,0.206,1,
rome,rome/rome/grafo4691.62.graphml,62,85,C,repaired,5,7,6,refutation,35676,0.067,1,
rome,rome/rome/grafo4690.61.graphml,61,83,C,repaired,4,6,6,refutation,18850,0.057,1,
rome,rome/rome/grafo4693.63.graphml,63,82,C,repaired,4,7,6,refutation,29590,0.054,1,
rome,rome/rome/grafo4695.62.graphml,62,85,C,repaired,5,7,6,refutation,34175,0.062,1,
rome,rome/rome/grafo4697.59.graphml,59,77,C,repaired,5,8,7,refutation,65092,0.11,1,
rome,rome/rome/grafo4692.76.graphml,76,101,C,repaired,5,7,7,refutation,135315,0.152,1,
rome,rome/rome/grafo4698.55.graphml,55,74,C,repaired,4,6,5,refutation,4607,0.017,1,
rome,rome/rome/grafo470.17.graphml,17,19,C,repaired,2,2,2,bound,0,0.0,1,
rome,rome/rome/grafo4686.65.graphml,65,85,C,repaired,5,7,7,refutation,359215,0.342,1,
rome,rome/rome/grafo4699.55.graphml,55,78,C,repaired,5,7,6,refutation,46944,0.058,1,
rome,rome/rome/grafo4700.57.graphml,57,76,C,repaired,4,6,5,refutation,7220,0.028,1,
rome,rome/rome/grafo4701.54.graphml,54,67,C,repaired,4,5,5,refutation,8020,0.035,1,
rome,rome/rome/grafo4644.84.graphml,84,121,C,repaired,7,9,9,refutation,2218097,1.807,1,
rome,rome/rome/grafo4705.64.graphml,64,74,C,repaired,3,6,4,refutation,3359,0.013,1,
rome,rome/rome/grafo4707.54.graphml,54,75,C,repaired,5,7,6,refutation,30156,0.065,1,
rome,rome/rome/grafo4708.76.graphml,76,91,C,repaired,3,6,5,refutation,22833,0.057,1,
rome,rome/rome/grafo4704.60.graphml,60,88,C,repaired,5,7,7,refutation,54418,0.103,1,
rome,rome/rome/grafo4706.58.graphml,58,83,C,repaired,5,8,7,refutation,104746,0.13,1,
rome,rome/rome/grafo471.18.graphml,18,18,C,repaired,2,3,2,bound,17,0.001,1,
rome,rome/rome/grafo4613.77.graphml,77,120,C,repaired,7,10,10,refutation,3710336,3.127,1,
rome,rome/rome/grafo4709.70.graphml,70,97,C,repaired,5,7,7,refutation,82793,0.117,1,
rome,rome/rome/grafo4674.75.graphml,75,113,C,repaired,6,9,9,refutation,1226716,1.006,1,
rome,rome/rome/grafo4714.62.graphml,62,80,C,repaired,4,6,5,refutation,15691,0.045,1,
rome,rome/rome/grafo4712.64.graphml,64,85,C,repaired,4,7,6,refutation,61869,0.096,1,
rome,rome/rome/grafo4703.78.graphml,78,108,C,repaired,5,9,7,refutation,380350,0.374,1,
rome,rome/rome/grafo4715.62.graphml,62,76,C,repaired,4,6,5,refutation,10437,0.035,1,
rome,rome/rome/grafo4711.65.graphml,65,85,C,repaired,5,8,7,refutation,238382,0.219,1,
rome,rome/rome/grafo4716.53.graphml,53,76,C,repaired,5,7,7,refutation,56359,0.082,1,
rome,rome/rome/grafo4702.63.graphml,63,89,C,repaired,7,9,8,refutation,545494,0.467,1,
rome,rome/rome/grafo4717.59.graphml,59,82,C,repaired,4,7,7,refutation,42045,0.074,1,
rome,rome/rome/grafo472.12.graphml,12,11,C,repaired,1,2,2,refutation,12,0.0,1,
rome,rome/rome/grafo4719.54.graphml,54,78,C,repaired,5,8,7,refutation,75341,0.104,1,
rome,rome/rome/grafo4722.64.graphml,64,80,C,repaired,4,6,5,refutation,7163,0.025,1,
rome,rome/rome/grafo4718.64.graphml,64,97,C,repaired,5,8,7,refutation,54619,0.103,1,
rome,rome/rome/grafo4723.58.graphml,58,70,C,repaired,4,6,5,refutation,9454,0.035,1,
rome,rome/rome/grafo4726.51.graphml,51,67,C,repaired,4,6,5,refutation,8033,0.027,1,
rome,rome/rome/grafo4728.51.graphml,51,65,C,repaired,3,5,4,refutation,1108,0.007,1,
rome,rome/rome/grafo4721.77.graphml,77,98,C,repaired,4,7,6,refutation,168054,0.181,1,
rome,rome/rome/grafo4713.61.graphml,61,88,C,repaired,6,9,8,refutation,329152,0.371,1,
rome,rome/rome/grafo473.10.graphml,10,10,C,repaired,2,2,2,bound,0,0.0,1,
rome,rome/rome/grafo4730.58.graphml,58,86,C,repaired,5,7,6,refutation,9159,0.038,1,
rome,rome/rome/grafo4727.66.graphml,66,88,C,repaired,5,7,7,refutation,177021,0.185,1,
rome,rome/rome/grafo4694.76.graphml,76,110,C,repaired,6,10,9,refutation,1161497,1.068,1,
rome,rome/rome/grafo4729.63.graphml,63,80,C,repaired,5,7,7,refutation,151703,0.151,1,
rome,rome/rome/grafo4733.73.graphml,73,95,C,repaired,4,7,6,refutation,29243,0.066,1,
rome,rome/rome/grafo4731.63.graphml,63,86,C,repaired,5,8,7,refutation,118430,0.14,1,
rome,rome/rome/grafo4696.80.graphml,80,121,C,repaired,6,10,9,refutation,1297032,1.123,1,
rome,rome/rome/grafo4734.49.graphml,49,59,C,repaired,4,5,5,refutation,8422,0.03,1,
rome,rome/rome/grafo4736.52.graphml,52,65,C,repaired,4,5,5,refutation,5954,0.028,1,
rome,rome/rome/grafo4732.74.graphml,74,96,C,repaired,5,7,7,refutation,251472,0.238,1,
rome,rome/rome/grafo474.10.graphml,10,10,C,repaired,2,2,2,bound,0,0.0,1,
rome,rome/rome/grafo4737.66.graphml,66,86,C,repaired,5,7,6,refutation,38402,0.072,1,
rome,rome/rome/grafo4739.57.graphml,57,72,C,repaired,4,5,5,refutation,4266,0.011,1,
rome,rome/rome/grafo4744.58.graphml,58,75,C,repaired,3,6,5,refutation,7174,0.026,1,
rome,rome/rome/grafo4740.60.graphml,60,79,C,repaired,4,6,5,refutation,13899,0.057,1,
rome,rome/rome/grafo4738.65.graphml,65,89,C,repaired,5,7,7,refutation,167520,0.191,1,
rome,rome/rome/grafo4735.80.graphml,80,108,C,repaired,5,8,8,refutation,303957,0.293,1,
rome,rome/rome/grafo4742.77.graphml,77,95,C,repaired,4,6,6,refutation,96661,0.148,1,
rome,rome/rome/grafo4720.81.graphml,81,109,C,repaired,5,9,8,refutation,918681,0.764,1,
rome,rome/rome/grafo4741.61.graphml,61,85,C,repaired,5,8,7,refutation,85248,0.194,1,
rome,rome/rome/grafo4747.55.graphml,55,69,C,repaired,4,7,6,refutation,27753,0.046,1,
rome,rome/rome/grafo4748.66.graphml,66,85,C,repaired,4,7,6,refutation,53412,0.088,1,
rome,rome/rome/grafo4749.61.graphml,61,73,C,repaired,5,6,5,bound,23370,0.039,1,
rome,rome/rome/grafo475.15.graphml,15,22,C,repaired,3,3,3,bound,0,0.0,1,
rome,rome/rome/grafo4750.53.graphml,53,64,C,repaired,4,5,5,refutation,9227,0.017,1,
rome,rome/rome/grafo4746.67.graphml,67,92,C,repaired,5,7,7,refutation,197239,0.2,1,
rome,rome/rome/grafo4751.57.graphml,57,71,C,repaired,4,6,6,refutation,28513,0.06,1,
rome,rome/rome/grafo4753.69.graphml,69,92,C,repaired,5,8,6,refutation,72036,0.106,1,
rome,rome/rome/grafo4756.51.graphml,51,70,C,repaired,5,6,6,refutation,14223,0.037,1,
rome,rome/rome/grafo4754.61.graphml,61,81,C,repaired,5,7,6,refutation,109736,0.117,1,
rome,rome/rome/grafo4755.70.graphml,70,91,C,repaired,5,7,6,refutation,115760,0.137,1,
rome,rome/rome/grafo476.19.graphml,19,18,C,repaired,1,2,2,refutation,15,0.004,1,
rome,rome/rome/grafo4760.55.graphml,55,73,C,repaired,4,6,5,refutation,4187,0.025,1,
rome,rome/rome/grafo4758.72.graphml,72,89,C,repaired,4,7,6,refutation,52894,0.122,1,
rome,rome/rome/grafo4762.54.graphml,54,70,C,repaired,5,5,5,bound,0,0.002,1,
rome,rome/rome/grafo4710.78.graphml,78,110,C,repaired,5,9,9,refutation,1952432,1.587,1,
rome,rome/rome/grafo4761.64.graphml,64,93,C,repaired,5,8,8,refutation,130158,0.13,1,
rome,rome/rome/grafo4763.68.graphml,68,84,C,repaired,4,6,6,refutation,27099,0.053,1,
rome,rome/rome/grafo4766.51.graphml,51,73,C,repaired,4,6,6,refutation,8672,0.028,1,
rome,rome/rome/grafo4768.51.graphml,51,57,C,repaired,3,5,4,refutation,4213,0.02,1,
rome,rome/rome/grafo4759.79.graphml,79,108,C,repaired,5,8,7,refutation,529764,0.471,1,
rome,rome/rome/grafo4724.75.graphml,75,107,C,repaired,7,9,9,refutation,1785331,1.497,1,
rome,rome/rome/grafo4769.53.graphml,53,72,C,repaired,4,6,6,refutation,48412,0.075,1,
rome,rome/rome/grafo477.13.graphml,13,13,C,repaired,2,2,2,bound,0,0.0,1,
rome,rome/rome/grafo4770.60.graphml,60,74,C,repaired,4,6,5,refutation,7828,0.019,1,
rome,rome/rome/grafo4745.81.graphml,81,115,C,repaired,6,9,8,refutation,1293880,1.025,1,
rome,rome/rome/grafo4772.58.graphml,58,75,C,repaired,4,7,6,refutation,21121,0.047,1,
rome,rome/rome/grafo4773.57.graphml,57,79,C,repaired,5,6,6,refutation,14967,0.044,1,
rome,rome/rome/grafo4774.65.graphml,65,85,C,repaired,5,6,5,bound,47,0.004,1,
rome,rome/rome/grafo4437.80.graphml,80,111,C,repaired,5,9,9,,14987264,10.015,1,
rome,rome/rome/grafo4743.76.graphml,76,109,C,repaired,6,9,8,refutation,1190945,1.221,1,
rome,rome/rome/grafo4765.80.graphml,80,103,C,repaired,5,7,7,refutation,579176,0.462,1,
rome,rome/rome/grafo4777.61.graphml,61,75,C,repaired,4,5,5,refutation,13973,0.02,1,
rome,rome/rome/grafo4775.62.graphml,62,90,C,repaired,5,8,7,refutation,68839,0.105,1,
rome,rome/rome/grafo478.33.graphml,33,38,C,repaired,3,3,3,bound,0,0.001,1,
rome,rome/rome/grafo4780.56.graphml,56,69,C,repaired,4,5,5,refutation,5816,0.023,1,
rome,rome/rome/grafo4778.77.graphml,77,106,C,repaired,5,7,6,refutation,79180,0.129,1,
rome,rome/rome/grafo4776.65.graphml,65,95,C,repaired,5,8,7,refutation,186059,0.192,1,
rome,rome/rome/grafo4781.57.graphml,57,74,C,repaired,5,7,7,refutation,81110,0.089,1,
rome,rome/rome/grafo4757.72.graphml,72,97,C,repaired,6,8,8,refutation,1289882,1.061,1,
rome,rome/rome/grafo4779.58.graphml,58,84,C,repaired,6,8,7,refutation,109775,0.153,1,
rome,rome/rome/grafo4787.58.graphml,58,72,C,repaired,4,6,5,refutation,15557,0.042,1,
rome,rome/rome/grafo4786.62.graphml,62,81,C,repaired,4,6,5,refutation,14107,0.049,1,
rome,rome/rome/grafo4783.80.graphml,80,107,C,repaired,5,7,7,refutation,183739,0.179,1,
rome,rome/rome/grafo4788.60.graphml,60,75,C,repaired,5,6,6,refutation,44610,0.069,1,
rome,rome/rome/grafo4767.78.graphml,78,106,C,repaired,6,9,8,refutation,902445,0.83,1,
rome,rome/rome/grafo479.17.graphml,17,23,C,repaired,2,3,3,refutation,26,0.004,1,
rome,rome/rome/grafo4790.62.graphml,62,85,C,repaired,5,7,6,refutation,16898,0.047,1,
rome,rome/rome/grafo4789.71.graphml,71,94,C,repaired,4,7,6,refutation,49466,0.075,1,
rome,rome/rome/grafo4792.58.graphml,58,69,C,repaired,3,5,4,refutation,2375,0.009,1,
rome,rome/rome/grafo4793.63.graphml,63,86,C,repaired,5,7,7,refutation,94657,0.119,1,
rome,rome/rome/grafo4771.73.graphml,73,102,C,repaired,5,9,8,refutation,904995,0.779,1,
rome,rome/rome/grafo4795.60.graphml,60,93,C,repaired,6,9,8,refutation,80135,0.09,1,
rome,rome/rome/grafo4796.58.graphml,58,73,C,repaired,5,7,6,refutation,101879,0.099,1,
rome,rome/rome/grafo4794.71.graphml,71,101,C,repaired,5,8,7,refutation,88845,0.138,1,
rome,rome/rome/grafo4725.75.graphml,75,106,C,repaired,6,9,9,refutation,3117398,2.385,1,
rome,rome/rome/grafo4798.58.graphml,58,78,C,repaired,5,7,6,refutation,30595,0.061,1,
rome,rome/rome/grafo480.15.graphml,15,15,C,repaired,2,2,2,bound,0,0.0,1,
rome,rome/rome/grafo4799.58.graphml,58,76,C,repaired,5,6,6,refutation,35955,0.063,1,
rome,rome/rome/grafo4782.66.graphml,66,100,C,repaired,7,9,9,refutation,780900,0.647,1,
rome,rome/rome/grafo4800.73.graphml,73,89,C,repaired,4,6,6,refutation,56401,0.091,1,
rome,rome/rome/grafo4802.75.graphml,75,98,C,repaired,5,7,6,refutation,36086,0.072,1,
rome,rome/rome/grafo4803.53.graphml,53,70,C,repaired,5,7,7,refutation,76394,0.082,1,
rome,rome/rome/grafo4806.49.graphml,49,63,C,repaired,4,5,5,refutation,4439,0.008,1,
rome,rome/rome/grafo4804.65.graphml,65,83,C,repaired,5,7,7,refutation,114591,0.132,1,
rome,rome/rome/grafo4808.59.graphml,59,78,C,repaired,4,6,5,refutation,5484,0.029,1,
rome,rome/rome/grafo4807.72.graphml,72,91,C,repaired,4,6,6,refutation,59617,0.079,1,
rome,rome/rome/grafo4809.59.graphml,59,80,C,repaired,4,7,5,refutation,9918,0.034,1,
rome,rome/rome/grafo4810.72.graphml,72,88,C,repaired,4,6,5,refutation,18924,0.043,1,
rome,rome/rome/grafo4791.78.graphml,78,99,C,repaired,5,7,7,refutation,465873,0.571,1,
rome,rome/rome/grafo4811.62.graphml,62,79,C,repaired,4,6,5,refutation,6292,0.024,1,
rome,rome/rome/grafo4805.70.graphml,70,88,C,repaired,4,7,6,refutation,96391,0.186,1,
rome,rome/rome/grafo4812.57.graphml,57,75,C,repaired,5,6,6,refutation,24769,0.057,1,
rome,rome/rome/grafo4816.57.graphml,57,77,C,repaired,4,6,5,refutation,17618,0.048,1,
rome,rome/rome/grafo4815.57.graphml,57,69,C,repaired,4,6,5,refutation,18163,0.062,1,
rome,rome/rome/grafo4818.65.graphml,65,84,C,repaired,4,7,6,refutation,28207,0.063,1,
rome,rome/rome/grafo482.13.graphml,13,18,C,repaired,2,2,2,bound,0,0.0,1,
rome,rome/rome/grafo4813.60.graphml,60,74,C,repaired,4,6,6,refutation,51019,0.147,1,
rome,rome/rome/grafo4814.68.graphml,68,90,C,repaired,5,7,7,refutation,134957,0.165,1,
rome,rome/rome/grafo4817.55.graphml,55,80,C,repaired,5,9,8,refutation,208526,0.213,1,
rome,rome/rome/grafo4821.55.graphml,55,79,C,repaired,5,7,7,refutation,59818,0.084,1,
rome,rome/rome/grafo4823.62.graphml,62,76,C,repaired,3,6,4,refutation,3219,0.023,1,
rome,rome/rome/grafo4819.72.graphml,72,97,C,repaired,5,8,7,refutation,139156,0.217,1,
rome,rome/rome/grafo4785.79.graphml,79,109,C,repaired,6,10,9,refutation,1546917,1.16,1,
rome,rome/rome/grafo4824.53.graphml,53,69,C,repaired,4,6,5,refutation,3241,0.015,1,
rome,rome/rome/grafo4827.55.graphml,55,73,C,repaired,5,7,6,refutation,20699,0.046,1,
rome,rome/rome/grafo4826.79.graphml,79,102,C,repaired,4,7,6,refutation,52957,0.094,1,
rome,rome/rome/grafo4829.56.graphml,56,69,C,repaired,4,6,5,refutation,4843,0.026,1,
rome,rome/rome/grafo4828.65.graphml,65,88,C,repaired,4,7,6,refutation,26128,0.061,1,
rome,rome/rome/grafo4820.66.graphml,66,100,C,repaired,7,9,8,refutation,288852,0.287,1,
rome,rome/rome/grafo483.15.graphml,15,20,C,repaired,3,3,3,bound,0,0.0,1,
rome,rome/rome/grafo4764.83.graphml,83,112,C,repaired,5,8,8,refutation,2460698,2.092,1,
rome,rome/rome/grafo4507.80.graphml,80,123,C,repaired,7,11,10,,13970409,10.009,1,
rome,rome/rome/grafo4822.72.graphml,72,100,C,repaired,5,9,7,refutation,294867,0.295,1,
rome,rome/rome/grafo4832.59.graphml,59,74,C,repaired,4,5,5,refutation,7368,0.031,1,
rome,rome/rome/grafo4801.69.graphml,69,95,C,repaired,5,9,8,refutation,1065429,0.859,1,
rome,rome/rome/grafo4831.56.graphml,56,86,C,repaired,6,8,8,refutation,121134,0.142,1,
rome,rome/rome/grafo4834.74.graphml,74,91,C,repaired,4,6,6,refutation,68074,0.113,1,
rome,rome/rome/grafo4835.59.graphml,59,80,C,repaired,5,7,6,refutation,77690,0.105,1,
rome,rome/rome/grafo4836.56.graphml,56,78,C,repaired,4,6,6,refutation,11960,0.038,1,
rome,rome/rome/grafo4838.58.graphml,58,86,C,repaired,5,7,6,refutation,14674,0.045,1,
rome,rome/rome/grafo4840.59.graphml,59,82,C,repaired,5,7,5,bound,2053,0.006,1,
rome,rome/rome/grafo4797.75.graphml,75,105,C,repaired,5,9,9,refutation,1506738,1.285,1,
rome,rome/rome/grafo484.30.graphml,30,35,C,repaired,2,3,3,refutation,312,0.001,1,
rome,rome/rome/grafo4841.67.graphml,67,90,C,repaired,5,7,6,refutation,49845,0.078,1,
rome,rome/rome/grafo4843.53.graphml,53,70,C,repaired,4,6,6,refutation,14045,0.044,1,
rome,rome/rome/grafo4839.63.graphml,63,87,C,repaired,6,7,7,refutation,95732,0.156,1,
rome,rome/rome/grafo4844.58.graphml,58,69,C,repaired,4,5,4,bound,45,0.003,1,
rome,rome/rome/grafo4842.58.graphml,58,81,C,repaired,5,7,7,refutation,98143,0.129,1,
rome,rome/rome/grafo481.80.graphml,80,108,C,repaired,5,8,7,refutation,1099712,0.972,1,
rome,rome/rome/grafo4846.62.graphml,62,76,C,repaired,4,6,5,refutation,8114,0.042,1,
rome,rome/rome/grafo485.16.graphml,16,20,C,repaired,3,3,3,bound,0,0.001,1,
rome,rome/rome/grafo4848.65.graphml,65,80,C,repaired,4,6,5,refutation,9542,0.022,1,
rome,rome/rome/grafo4849.54.graphml,54,68,C,repaired,3,5,4,refutation,1187,0.011,1,
rome,rome/rome/grafo4853.49.graphml,49,62,C,repaired,3,5,4,refutation,1026,0.005,1,
rome,rome/rome/grafo4847.56.graphml,56,86,C,repaired,5,8,8,refutation,66729,0.1,1,
rome,rome/rome/grafo4854.57.graphml,57,76,C,repaired,4,6,5,refutation,4667,0.017,1,
rome,rome/rome/grafo4837.77.graphml,77,106,C,repaired,5,8,7,refutation,330299,0.372,1,
rome,rome/rome/grafo4850.55.graphml,55,75,C,repaired,5,7,7,refutation,83548,0.102,1,
rome,rome/rome/grafo4851.58.graphml,58,80,C,repaired,5,7,7,refutation,54188,0.08,1,
rome,rome/rome/grafo4852.58.graphml,58,79,C,repaired,4,7,6,refutation,10942,0.042,1,
rome,rome/rome/grafo486.13.graphml,13,16,C,repaired,2,2,2,bound,0,0.0,1,
rome,rome/rome/grafo4856.60.graphml,60,80,C,repaired,4,5,5,refutation,4712,0.029,1,
rome,rome/rome/grafo4857.62.graphml,62,76,C,repaired,4,6,5,refutation,10542,0.043,1,
rome,rome/rome/grafo4859.59.graphml,59,78,C,repaired,4,6,5,refutation,5006,0.024,1,
rome,rome/rome/grafo4861.55.graphml,55,76,C,repaired,5,7,7,refutation,45395,0.075,1,
rome,rome/rome/grafo4862.51.graphml,51,67,C,repaired,4,6,5,refutation,7210,0.024,1,
rome,rome/rome/grafo4860.54.graphml,54,75,C,repaired,5,7,6,refutation,12569,0.044,1,
rome,rome/rome/grafo4864.58.graphml,58,73,C,repaired,4,6,5,refutation,7511,0.03,1,
rome,rome/rome/grafo4863.61.graphml,61,84,C,repaired,5,6,6,refutation,24519,0.049,1,
rome,rome/rome/grafo4845.79.graphml,79,99,C,repaired,4,8,7,refutation,414439,0.379,1,
rome,rome/rome/grafo4869.50.graphml,50,69,C,repaired,5,6,5,bound,866,0.005,1,
rome,rome/rome/grafo4858.74.graphml,74,105,C,repaired,6,8,7,refutation,222990,0.229,1,
rome,rome/rome/grafo4867.57.graphml,57,76,C,repaired,4,7,6,refutation,43321,0.071,1,
rome,rome/rome/grafo487.14.graphml,14,14,C,repaired,2,2,2,bound,0,0.0,1,
rome,rome/rome/grafo4871.53.graphml,53,71,C,repaired,4,6,5,refutation,2026,0.011,1,
rome,rome/rome/grafo4874.52.graphml,52,70,C,repaired,4,6,5,refutation,5569,0.016,1,
rome,rome/rome/grafo4873.56.graphml,56,73,C,repaired,4,6,5,refutation,5476,0.012,1,
rome,rome/rome/grafo4830.72.graphml,72,101,C,repaired,5,9,8,refutation,960948,0.844,1,
rome,rome/rome/grafo4876.60.graphml,60,78,C,repaired,4,6,5,refutation,13920,0.037,1,
rome,rome/rome/grafo4878.61.graphml,61,79,C,repaired,4,7,6,refutation,33549,0.056,1,
rome,rome/rome/grafo4879.73.graphml,73,97,C,repaired,4,7,6,refutation,48511,0.093,1,
rome,rome/rome/grafo488.25.graphml,25,27,C,repaired,2,3,2,bound,36,0.001,1,
rome,rome/rome/grafo4877.62.graphml,62,85,C,repaired,5,8,7,refutation,149814,0.133,1,
rome,rome/rome/grafo4872.60.graphml,60,103,C,repaired,7,10,10,refutation,352356,0.32,1,
rome,rome/rome/grafo4880.56.graphml,56,77,C,repaired,4,7,5,refutation,8278,0.032,1,
rome,rome/rome/grafo4882.53.graphml,53,75,C,repaired,5,6,6,refutation,8438,0.025,1,
rome,rome/rome/grafo4884.63.graphml,63,86,C,repaired,5,6,5,bound,52,0.003,1,
rome,rome/rome/grafo4883.62.graphml,62,82,C,repaired,5,7,5,bound,82,0.004,1,
rome,rome/rome/grafo4881.66.graphml,66,83,C,repaired,4,7,6,refutation,108461,0.139,1,
rome,rome/rome/grafo4886.60.graphml,60,73,C,repaired,4,6,5,refutation,6666,0.028,1,
rome,rome/rome/grafo4866.78.graphml,78,104,C,repaired,5,8,8,refutation,759814,0.629,1,
rome,rome/rome/grafo4888.62.graphml,62,80,C,repaired,4,6,6,refutation,37473,0.064,1,
rome,rome/rome/grafo4889.58.graphml,58,77,C,repaired,5,7,6,refutation,17542,0.045,1,
rome,rome/rome/grafo489.14.graphml,14,15,C,repaired,2,2,2,bound,0,0.0,1,
rome,rome/rome/grafo4891.63.graphml,63,87,C,repaired,5,7,6,refutation,28010,0.059,1,
rome,rome/rome/grafo4870.75.graphml,75,102,C,repaired,5,9,8,refutation,910261,0.792,1,
rome,rome/rome/grafo4892.61.graphml,61,79,C,repaired,4,6,6,refutation,33205,0.047,1,
rome,rome/rome/grafo4893.51.graphml,51,64,C,repaired,3,5,4,refutation,1267,0.007,1,
rome,rome/rome/grafo4825.83.graphml,83,110,C,repaired,5,8,8,refutation,2063472,1.704,1,
rome,rome/rome/grafo4894.55.graphml,55,76,C,repaired,5,7,7,refutation,63615,0.09,1,
rome,rome/rome/grafo4896.68.graphml,68,86,C,repaired,5,6,6,refutation,42082,0.076,1,
rome,rome/rome/grafo4890.80.graphml,80,108,C,repaired,5,8,7,refutation,225274,0.281,1,
rome,rome/rome/grafo4895.53.graphml,53,75,C,repaired,5,8,7,refutation,100841,0.131,1,
rome,rome/rome/grafo490.40.graphml,40,45,C,repaired,3,4,3,bound,344,0.003,1,
rome,rome/rome/grafo4855.77.graphml,77,106,C,repaired,6,9,8,refutation,1364217,1.258,1,
rome,rome/rome/grafo4901.58.graphml,58,76,C,repaired,5,6,5,bound,6074,0.024,1,
rome,rome/rome/grafo4898.64.graphml,64,85,C,repaired,4,8,7,refutation,245582,0.19,1,
rome,rome/rome/grafo4899.58.graphml,58,80,C,repaired,5,7,7,refutation,76705,0.106,1,
rome,rome/rome/grafo4885.71.graphml,71,105,C,repaired,6,9,9,refutation,783410,0.643,1,
rome,rome/rome/grafo4900.59.graphml,59,83,C,repaired,5,8,7,refutation,79748,0.109,1,
rome,rome/rome/grafo4904.65.graphml,65,78,C,repaired,4,5,4,bound,95,0.003,1,
rome,rome/rome/grafo4887.78.graphml,78,99,C,repaired,5,8,7,refutation,703574,0.569,1,
rome,rome/rome/grafo4905.56.graphml,56,66,C,repaired,4,6,5,refutation,10636,0.039,1,
rome,rome/rome/grafo491.12.graphml,12,11,C,repaired,1,1,1,bound,0,0.0,1,
rome,rome/rome/grafo4906.61.graphml,61,83,C,repaired,5,7,6,refutation,15472,0.035,1,
rome,rome/rome/grafo4910.60.graphml,60,76,C,repaired,4,6,5,refutation,6611,0.023,1,
rome,rome/rome/grafo4907.63.graphml,63,83,C,repaired,4,7,6,refutation,18841,0.042,1,
rome,rome/rome/grafo4909.61.graphml,61,77,C,repaired,4,7,6,refutation,62153,0.09,1,
rome,rome/rome/grafo4911.57.graphml,57,85,C,repaired,5,8,7,refutation,40373,0.075,1,
rome,rome/rome/grafo4914.54.graphml,54,71,C,repaired,5,7,6,refutation,9116,0.035,1,
rome,rome/rome/grafo4915.55.graphml,55,74,C,repaired,5,6,6,refutation,29279,0.063,1,
rome,rome/rome/grafo4918.55.graphml,55,65,C,repaired,3,5,4,refutation,1997,0.011,1,
rome,rome/rome/grafo4919.57.graphml,57,74,C,repaired,4,6,5,refutation,9437,0.035,1,
rome,rome/rome/grafo4912.65.graphml,65,92,C,repaired,6,8,8,refutation,352733,0.301,1,
rome,rome/rome/grafo492.18.graphml,18,19,C,repaired,2,2,2,bound,0,0.0,1,
rome,rome/rome/grafo4902.83.graphml,83,106,C,repaired,4,8,7,refutation,556432,0.573,1,
rome,rome/rome/grafo4908.80.graphml,80,102,C,repaired,5,7,7,refutation,577833,0.542,1,
rome,rome/rome/grafo4920.63.graphml,63,85,C,repaired,5,7,7,refutation,86096,0.12,1,
rome,rome/rome/grafo4922.61.graphml,61,91,C,repaired,5,8,7,refutation,52312,0.085,1,
rome,rome/rome/grafo4923.63.graphml,63,72,C,repaired,4,5,5,refutation,13827,0.026,1,
rome,rome/rome/grafo4924.62.graphml,62,84,C,repaired,5,7,7,refutation,66009,0.077,1,
rome,rome/rome/grafo4868.78.graphml,78,114,C,repaired,6,9,9,refutation,2578892,1.917,1,
rome,rome/rome/grafo4925.71.graphml,71,89,C,repaired,5,7,6,refutation,64201,0.102,1,
rome,rome/rome/grafo4865.80.graphml,80,117,C,repaired,7,9,9,refutation,2388411,2.117,1,
rome,rome/rome/grafo4928.54.graphml,54,72,C,repaired,5,7,6,refutation,32860,0.053,1,
rome,rome/rome/grafo493.12.graphml,12,12,C,repaired,2,2,2,bound,0,0.0,1,
rome,rome/rome/grafo4927.78.graphml,78,96,C,repaired,4,7,6,refutation,92968,0.149,1,
rome,rome/rome/grafo4931.53.graphml,53,64,C,repaired,3,4,4,refutation,1652,0.009,1,
rome,rome/rome/grafo4903.75.graphml,75,108,C,repaired,6,10,9,refutation,1263680,1.089,1,
rome,rome/rome/grafo4913.79.graphml,79,109,C,repaired,6,8,8,refutation,907812,0.839,1,
rome,rome/rome/grafo4930.64.graphml,64,87,C,repaired,4,7,5,refutation,9088,0.034,1,
rome,rome/rome/grafo4933.58.graphml,58,67,C,repaired,3,6,3,bound,538,0.004,1,
rome,rome/rome/grafo4934.59.graphml,59,72,C,repaired,4,5,5,refutation,12613,0.038,1,
rome,rome/rome/grafo4932.58.graphml,58,87,C,repaired,5,8,7,refutation,70880,0.108,1,
rome,rome/rome/grafo4935.63.graphml,63,77,C,repaired,5,6,6,refutation,56961,0.099,1,
rome,rome/rome/grafo4939.59.graphml,59,71,C,repaired,3,5,4,refutation,1808,0.009,1,
rome,rome/rome/grafo494.13.graphml,13,16,C,repaired,3,3,3,bound,0,0.0,1,
rome,rome/rome/grafo4937.56.graphml,56,81,C,repaired,5,8,7,refutation,50753,0.085,1,
rome,rome/rome/grafo4608.83.graphml,83,114,C,repaired,6,9,9,,14712832,10.019,1,
rome,rome/rome/grafo4875.78.graphml,78,117,C,repaired,6,10,9,refutation,2582463,2.301,1,
rome,rome/rome/grafo4917.76.graphml,76,100,C,repaired,5,9,8,refutation,1302034,0.998,1,
rome,rome/rome/grafo4945.50.graphml,50,69,C,repaired,5,6,5,bound,114,0.002,1,
rome,rome/rome/grafo4929.81.graphml,81,99,C,repaired,5,8,7,refutation,483585,0.419,1,
rome,rome/rome/grafo4943.61.graphml,61,74,C,repaired,3,5,4,refutation,2262,0.009,1,
rome,rome/rome/grafo4687.79.graphml,79,111,C,repaired,6,10,9,refutation,10422583,7.464,1,
rome,rome/rome/grafo4926.78.graphml,78,103,C,repaired,5,9,8,refutation,613621,0.568,1,
rome,rome/rome/grafo4940.56.graphml,56,72,C,repaired,4,7,6,refutation,25868,0.056,1,
rome,rome/rome/grafo4942.54.graphml,54,77,C,repaired,5,7,6,refutation,12567,0.04,1,
rome,rome/rome/grafo4944.58.graphml,58,78,C,repaired,4,6,5,refutation,8539,0.031,1,
rome,rome/rome/grafo4938.71.graphml,71,94,C,repaired,5,8,7,refutation,164576,0.195,1,
rome,rome/rome/grafo495.20.graphml,20,20,C,repaired,2,2,2,bound,0,0.001,1,
rome,rome/rome/grafo4950.50.graphml,50,64,C,repaired,3,6,5,refutation,7507,0.02,1,
rome,rome/rome/grafo4952.62.graphml,62,78,C,repaired,4,6,5,refutation,8944,0.034,1,
rome,rome/rome/grafo4949.56.graphml,56,66,C,repaired,3,5,4,refutation,3166,0.018,1,
rome,rome/rome/grafo4947.53.graphml,53,66,C,repaired,4,6,5,refutation,7687,0.034,1,
rome,rome/rome/grafo4951.60.graphml,60,80,C,repaired,4,7,7,refutation,58556,0.101,1,
rome,rome/rome/grafo4941.74.graphml,74,95,C,repaired,5,8,7,refutation,280294,0.254,1,
rome,rome/rome/grafo4956.51.graphml,51,59,C,repaired,3,4,3,bound,117,0.005,1,
rome,rome/rome/grafo4955.59.graphml,59,73,C,repaired,4,6,6,refutation,57117,0.088,1,
rome,rome/rome/grafo4959.59.graphml,59,69,C,repaired,3,5,4,refutation,4648,0.016,1,
rome,rome/rome/grafo496.15.graphml,15,20,C,repaired,2,3,3,refutation,30,0.001,1,
rome,rome/rome/grafo4958.66.graphml,66,81,C,repaired,5,6,6,refutation,44338,0.08,1,
rome,rome/rome/grafo4960.58.graphml,58,79,C,repaired,4,6,5,refutation,3753,0.014,1,
rome,rome/rome/grafo4963.64.graphml,64,82,C,repaired,4,6,5,refutation,11419,0.033,1,
rome,rome/rome/grafo4964.49.graphml,49,63,C,repaired,4,5,4,bound,49,0.005,1,
rome,rome/rome/grafo4965.52.graphml,52,68,C,repaired,5,6,6,refutation,25268,0.054,1,
rome,rome/rome/grafo4948.78.graphml,78,104,C,repaired,5,8,7,refutation,304717,0.339,1,
rome,rome/rome/grafo4966.53.graphml,53,66,C,repaired,4,5,4,bound,69,0.003,1,
rome,rome/rome/grafo4967.55.graphml,55,66,C,repaired,4,6,5,refutation,8926,0.027,1,
rome,rome/rome/grafo497.15.graphml,15,17,C,repaired,3,3,3,bound,0,0.0,1,
rome,rome/rome/grafo4957.87.graphml,87,107,C,repaired,4,7,6,refutation,278242,0.287,1,
rome,rome/rome/grafo4969.54.graphml,54,85,C,repaired,5,8,7,refutation,40221,0.076,1,
rome,rome/rome/grafo4968.77.graphml,77,97,C,repaired,5,7,7,refutation,215943,0.214,1,
rome,rome/rome/grafo4972.58.graphml,58,75,C,repaired,5,7,6,refutation,38631,0.092,1,
rome,rome/rome/grafo4954.81.graphml,81,101,C,repaired,4,7,7,refutation,759885,0.619,1,
rome,rome/rome/grafo4971.81.graphml,81,101,C,repaired,5,7,6,refutation,220758,0.231,1,
rome,rome/rome/grafo4974.58.graphml,58,79,C,repaired,4,7,6,refutation,20065,0.049,1,
rome,rome/rome/grafo4970.57.graphml,57,80,C,repaired,5,8,8,refutation,267392,0.306,1,
rome,rome/rome/grafo4975.74.graphml,74,98,C,repaired,5,8,6,refutation,54391,0.098,1,
rome,rome/rome/grafo4961.79.graphml,79,100,C,repaired,5,8,7,refutation,512558,0.529,1,
rome,rome/rome/grafo4973.66.graphml,66,93,C,repaired,5,8,8,refutation,322012,0.263,1,
rome,rome/rome/grafo498.12.graphml,12,16,C,repaired,2,2,2,bound,0,0.0,1,
rome,rome/rome/grafo4978.79.graphml,79,100,C,repaired,5,7,6,refutation,66424,0.11,1,
rome,rome/rome/grafo4977.65.graphml,65,91,C,repaired,5,7,7,refutation,99281,0.125,1,
rome,rome/rome/grafo4979.68.graphml,68,97,C,repaired,5,8,7,refutation,82916,0.116,1,
rome,rome/rome/grafo4980.59.graphml,59,80,C,repaired,5,8,7,refutation,64334,0.097,1,
rome,rome/rome/grafo4981.65.graphml,65,81,C,repaired,4,6,6,refutation,78416,0.135,1,
rome,rome/rome/grafo4982.63.graphml,63,90,C,repaired,5,8,7,refutation,90526,0.146,1,
rome,rome/rome/grafo4985.58.graphml,58,76,C,repaired,4,6,5,refutation,6097,0.028,1,
rome,rome/rome/grafo4983.77.graphml,77,105,C,repaired,5,8,6,refutation,97585,0.131,1,
rome,rome/rome/grafo4987.64.graphml,64,77,C,repaired,3,6,5,refutation,11380,0.037,1,
rome,rome/rome/grafo499.37.graphml,37,48,C,repaired,4,5,5,refutation,2527,0.017,1,
rome,rome/rome/grafo4989.75.graphml,75,99,C,repaired,5,7,6,refutation,47892,0.093,1,
rome,rome/rome/grafo4649.85.graphml,85,112,C,repaired,6,9,9,,14802944,10.013,1,
rome,rome/rome/grafo4990.61.graphml,61,80,C,repaired,4,6,6,refutation,31553,0.06,1,
rome,rome/rome/grafo4976.81.graphml,81,103,C,repaired,5,7,7,refutation,592735,0.565,1,
rome,rome/rome/grafo4984.74.graphml,74,103,C,repaired,6,9,8,refutation,389076,0.354,1,
rome,rome/rome/grafo4988.62.graphml,62,79,C,repaired,5,7,6,refutation,181840,0.196,1,
rome,rome/rome/grafo4992.75.graphml,75,97,C,repaired,5,7,6,refutation,84792,0.125,1,
rome,rome/rome/grafo4996.53.graphml,53,69,C,repaired,4,6,5,refutation,2413,0.011,1,
rome,rome/rome/grafo4986.83.graphml,83,107,C,repaired,5,8,7,refutation,432507,0.42,1,
rome,rome/rome/grafo4991.67.graphml,67,89,C,repaired,5,8,7,refutation,222947,0.232,1,
rome,rome/rome/grafo4995.59.graphml,59,76,C,repaired,5,7,6,refutation,32952,0.071,1,
rome,rome/rome/grafo4999.55.graphml,55,72,C,repaired,5,7,6,refutation,33279,0.075,1,
rome,rome/rome/grafo4994.65.graphml,65,96,C,repaired,6,8,8,refutation,161230,0.189,1,
rome,rome/rome/grafo4998.61.graphml,61,73,C,repaired,4,6,5,refutation,22755,0.07,1,
rome,rome/rome/grafo500.15.graphml,15,17,C,repaired,2,2,2,bound,0,0.0,1,
rome,rome/rome/grafo5002.54.graphml,54,64,C,repaired,4,5,4,bound,401,0.003,1,
rome,rome/rome/grafo5003.58.graphml,58,71,C,repaired,4,6,4,bound,603,0.005,1,
rome,rome/rome/grafo5007.64.graphml,64,78,C,repaired,4,5,5,refutation,9700,0.036,1,
rome,rome/rome/grafo5006.58.graphml,58,75,C,repaired,4,6,6,refutation,22146,0.05,1,
rome,rome/rome/grafo5004.67.graphml,67,101,C,repaired,5,8,7,refutation,61203,0.095,1,
rome,rome/rome/grafo501.13.graphml,13,12,C,repaired,1,2,2,refutation,13,0.001,1,
rome,rome/rome/grafo5001.74.graphml,74,91,C,repaired,4,6,6,refutation,133044,0.165,1,
rome,rome/rome/grafo5010.56.graphml,56,71,C,repaired,4,5,4,bound,89,0.002,1,
rome,rome/rome/grafo5008.58.graphml,58,77,C,repaired,5,7,6,refutation,28940,0.061,1,
rome,rome/rome/grafo4946.85.graphml,85,120,C,repaired,5,9,8,refutation,2269493,1.842,1,
rome,rome/rome/grafo5012.53.graphml,53,72,C,repaired,4,6,6,refutation,14449,0.042,1,
rome,rome/rome/grafo5011.62.graphml,62,85,C,repaired,4,7,6,refutation,24337,0.058,1,
rome,rome/rome/grafo4997.81.graphml,81,106,C,repaired,5,7,7,refutation,434600,0.449,1,
rome,rome/rome/grafo5013.82.graphml,82,107,C,repaired,5,7,6,refutation,72927,0.111,1,
rome,rome/rome/grafo5016.61.graphml,61,77,C,repaired,4,6,5,refutation,6888,0.029,1,
rome,rome/rome/grafo4921.83.graphml,83,115,C,repaired,6,10,9,refutation,3129485,2.763,1,
rome,rome/rome/grafo4953.81.graphml,81,114,C,repaired,5,9,9,refutation,1916563,1.842,1,
rome,rome/rome/grafo5015.80.graphml,80,96,C,repaired,4,6,5,refutation,30557,0.067,1,
rome,rome/rome/grafo502.20.graphml,20,22,C,repaired,2,3,3,refutation,69,0.001,1,
rome,rome/rome/grafo5017.63.graphml,63,89,C,repaired,5,8,7,refutation,75044,0.102,1,
rome,rome/rome/grafo4916.78.graphml,78,117,C,repaired,6,11,10,refutation,3773825,3.143,1,
rome,rome/rome/grafo4993.65.graphml,65,100,C,repaired,6,9,9,refutation,951160,0.691,1,
rome,rome/rome/grafo5019.63.graphml,63,80,C,repaired,4,6,6,refutation,48161,0.081,1,
rome,rome/rome/grafo5021.66.graphml,66,84,C,repaired,5,6,6,refutation,36988,0.078,1,
rome,rome/rome/grafo5023.55.graphml,55,78,C,repaired,5,7,6,refutation,17657,0.034,1,
rome,rome/rome/grafo5014.61.graphml,61,89,C,repaired,5,9,8,refutation,351929,0.301,1,
rome,rome/rome/grafo5026.52.graphml,52,70,C,repaired,5,7,6,refutation,13381,0.024,1,
rome,rome/rome/grafo503.11.graphml,11,14,C,repaired,2,2,2,bound,0,0.0,1,
rome,rome/rome/grafo5027.60.graphml,60,85,C,repaired,5,7,7,refutation,142692,0.151,1,
rome,rome/rome/grafo5000.80.graphml,80,110,C,repaired,5,8,8,refutation,919434,0.746,1,
rome,rome/rome/grafo4936.83.graphml,83,112,C,repaired,6,10,9,refutation,2800704,2.576,1,
rome,rome/rome/grafo5032.57.graphml,57,69,C,repaired,4,5,5,refutation,10703,0.048,1,
rome,rome/rome/grafo5034.78.graphml,78,92,C,repaired,4,6,5,refutation,21168,0.041,1,
rome,rome/rome/grafo5031.64.graphml,64,95,C,repaired,6,8,7,refutation,124553,0.169,1,
rome,rome/rome/grafo5035.56.graphml,56,71,C,repaired,4,6,5,refutation,10205,0.036,1,
rome,rome/rome/grafo5033.66.graphml,66,88,C,repaired,5,8,7,refutation,189197,0.197,1,
rome,rome/rome/grafo5038.55.graphml,55,73,C,repaired,4,6,5,refutation,8975,0.033,1,
rome,rome/rome/grafo504.25.graphml,25,29,C,repaired,3,3,3,bound,0,0.001,1,
rome,rome/rome/grafo5020.62.graphml,62,89,C,repaired,5,10,9,refutation,726384,0.615,1,
rome,rome/rome/grafo5036.62.graphml,62,84,C,repaired,4,7,7,refutation,152889,0.149,1,
rome,rome/rome/grafo5041.57.graphml,57,63,C,repaired,3,5,3,bound,713,0.004,1,
rome,rome/rome/grafo5039.71.graphml,71,96,C,repaired,5,8,6,refutation,62230,0.101,1,
rome,rome/rome/grafo5040.53.graphml,53,72,C,repaired,5,8,6,refutation,18092,0.047,1,
rome,rome/rome/grafo5037.75.graphml,75,97,C,repaired,5,8,6,refutation,169046,0.177,1,
rome,rome/rome/grafo5042.56.graphml,56,72,C,repaired,4,6,5,refutation,8493,0.035,1,
rome,rome/rome/grafo4962.76.graphml,76,105,C,repaired,6,9,9,refutation,2956165,2.413,1,
rome,rome/rome/grafo5030.67.graphml,67,95,C,repaired,5,9,9,refutation,731911,0.549,1,
rome,rome/rome/grafo5045.55.graphml,55,76,C,repaired,4,6,5,refutation,3455,0.013,1,
rome,rome/rome/grafo5047.60.graphml,60,92,C,repaired,6,8,7,refutation,37507,0.072,1,
rome,rome/rome/grafo5048.61.graphml,61,80,C,repaired,4,5,5,refutation,13098,0.036,1,
rome,rome/rome/grafo5018.81.graphml,81,102,C,repaired,5,8,7,refutation,709692,0.855,1,
rome,rome/rome/grafo5049.63.graphml,63,88,C,repaired,6,6,6,bound,0,0.003,1,
rome,rome/rome/grafo5022.67.graphml,67,103,C,repaired,7,9,9,refutation,819453,0.82,1,
rome,rome/rome/grafo505.13.graphml,13,12,C,repaired,1,2,2,refutation,17,0.001,1,
rome,rome/rome/grafo5052.53.graphml,53,77,C,repaired,5,7,7,refutation,37129,0.071,1,
rome,rome/rome/grafo5025.79.graphml,79,110,C,repaired,6,8,8,refutation,1103634,0.867,1,
rome,rome/rome/grafo5028.83.graphml,83,117,C,repaired,5,9,8,refutation,929873,0.825,1,
rome,rome/rome/grafo5043.64.graphml,64,84,C,repaired,5,7,7,refutation,267660,0.227,1,
rome,rome/rome/grafo5050.55.graphml,55,69,C,repaired,4,6,5,refutation,13181,0.047,1,
rome,rome/rome/grafo5005.82.graphml,82,105,C,repaired,5,9,7,refutation,1570430,1.385,1,
rome,rome/rome/grafo5055.56.graphml,56,77,C,repaired,5,7,6,refutation,17449,0.029,1,
rome,rome/rome/grafo5029.80.graphml,80,108,C,repaired,5,8,8,refutation,853834,0.835,1,
rome,rome/rome/grafo5053.60.graphml,60,86,C,repaired,5,8,7,refutation,69677,0.104,1,
rome,rome/rome/grafo5056.58.graphml,58,77,C,repaired,4,7,6,refutation,21830,0.052,1,
rome,rome/rome/grafo5057.53.graphml,53,68,C,repaired,3,5,4,refutation,906,0.007,1,
rome,rome/rome/grafo5044.59.graphml,59,84,C,repaired,6,8,8,refutation,439305,0.326,1,
rome,rome/rome/grafo506.43.graphml,43,51,C,repaired,4,5,5,refutation,6421,0.013,1,
rome,rome/rome/grafo5054.69.graphml,69,102,C,repaired,5,8,7,refutation,73279,0.113,1,
rome,rome/rome/grafo5061.58.graphml,58,71,C,repaired,4,5,4,bound,79,0.006,1,
rome,rome/rome/grafo5062.64.graphml,64,78,C,repaired,5,6,5,bound,66,0.015,1,
rome,rome/rome/grafo5060.75.graphml,75,99,C,repaired,5,7,6,refutation,56289,0.089,1,
rome,rome/rome/grafo5066.51.graphml,51,70,C,repaired,4,6,5,refutation,3823,0.016,1,
rome,rome/rome/grafo5067.64.graphml,64,82,C,repaired,4,6,5,refutation,16356,0.04,1,
rome,rome/rome/grafo5064.58.graphml,58,67,C,repaired,3,4,3,bound,1936,0.006,1,
rome,rome/rome/grafo5065.60.graphml,60,74,C,repaired,4,6,5,refutation,8260,0.021,1,
rome,rome/rome/grafo507.24.graphml,24,24,C,repaired,2,3,2,bound,32,0.001,1,
rome,rome/rome/grafo5070.52.graphml,52,63,C,repaired,4,5,4,bound,433,0.004,1,
rome,rome/rome/grafo5069.64.graphml,64,82,C,repaired,5,7,6,refutation,34843,0.064,1,
rome,rome/rome/grafo5071.56.graphml,56,74,C,repaired,4,7,6,refutation,25002,0.051,1,
rome,rome/rome/grafo5068.63.graphml,63,87,C,repaired,5,8,7,refutation,92149,0.13,1,
rome,rome/rome/grafo5063.78.graphml,78,102,C,repaired,5,7,6,refutation,66271,0.187,1,
rome,rome/rome/grafo5075.58.graphml,58,75,C,repaired,4,6,5,refutation,5240,0.018,1,
rome,rome/rome/grafo5078.49.graphml,49,64,C,repaired,4,5,5,refutation,5112,0.017,1,
rome,rome/rome/grafo5058.62.graphml,62,92,C,repaired,7,9,8,refutation,166000,0.287,1,
rome,rome/rome/grafo5077.56.graphml,56,79,C,repaired,5,7,7,refutation,40775,0.058,1,
rome,rome/rome/grafo5081.55.graphml,55,70,C,repaired,4,5,4,bound,59,0.002,1,
rome,rome/rome/grafo5059.69.graphml,69,100,C,repaired,5,8,7,refutation,296692,0.343,1,
rome,rome/rome/grafo508.20.graphml,20,21,C,repaired,2,3,2,bound,44,0.004,1,
rome,rome/rome/grafo5083.59.graphml,59,71,C,repaired,4,6,5,refutation,18932,0.042,1,
rome,rome/rome/grafo5072.64.graphml,64,86,C,repaired,5,9,8,refutation,252652,0.246,1,
rome,rome/rome/grafo5080.79.graphml,79,107,C,repaired,5,8,6,refutation,47394,0.105,1,
rome,rome/rome/grafo5084.62.graphml,62,81,C,repaired,4,7,5,refutation,14955,0.04,1,
rome,rome/rome/grafo5046.80.graphml,80,108,C,repaired,5,9,8,refutation,833623,0.758,1,
rome,rome/rome/grafo5082.60.graphml,60,80,C,repaired,5,8,7,refutation,65820,0.102,1,
rome,rome/rome/grafo5079.64.graphml,64,83,C,repaired,5,8,7,refutation,252129,0.235,1,
rome,rome/rome/grafo509.21.graphml,21,29,C,repaired,4,4,4,bound,0,0.001,1,
rome,rome/rome/grafo5089.56.graphml,56,83,C,repaired,4,8,7,refutation,29049,0.059,1,
rome,rome/rome/grafo5092.52.graphml,52,66,C,repaired,4,6,5,refutation,7057,0.022,1,
rome,rome/rome/grafo5087.77.graphml,77,100,C,repaired,5,7,6,refutation,120630,0.146,1,
rome,rome/rome/grafo5088.54.graphml,54,72,C,repaired,5,6,6,refutation,21094,0.083,1,
rome,rome/rome/grafo5091.53.graphml,53,77,C,repaired,6,8,7,refutation,59968,0.099,1,
rome,rome/rome/grafo5093.80.graphml,80,103,C,repaired,4,6,5,refutation,15952,0.048,1,
rome,rome/rome/grafo5085.81.graphml,81,117,C,repaired,6,7,7,refutation,258492,0.263,1,
rome,rome/rome/grafo5094.70.graphml,70,91,C,repaired,5,7,6,refutation,43315,0.086,1,
rome,rome/rome/grafo5073.78.graphml,78,100,C,repaired,5,8,7,refutation,358017,0.476,1,
rome,rome/rome/grafo510.13.graphml,13,16,C,repaired,3,3,3,bound,0,0.0,1,
rome,rome/rome/grafo5076.78.graphml,78,105,C,repaired,6,8,7,refutation,656869,0.492,1,
rome,rome/rome/grafo5095.62.graphml,62,90,C,repaired,5,7,7,refutation,76857,0.099,1,
rome,rome/rome/grafo5096.60.graphml,60,76,C,repaired,5,7,6,refutation,49255,0.082,1,
rome,rome/rome/grafo5099.78.graphml,78,93,C,repaired,4,6,5,refutation,19354,0.045,1,
rome,rome/rome/grafo5074.73.graphml,73,95,C,repaired,6,8,8,refutation,515898,0.521,1,
rome,rome/rome/grafo5102.51.graphml,51,60,C,repaired,4,4,4,bound,0,0.002,1,
rome,rome/rome/grafo5098.58.graphml,58,79,C,repaired,5,8,7,refutation,88905,0.121,1,
rome,rome/rome/grafo5107.67.graphml,67,80,C,repaired,4,6,4,bound,919,0.005,1,
rome,rome/rome/grafo5103.53.graphml,53,72,C,repaired,4,7,6,refutation,28918,0.06,1,
rome,rome/rome/grafo5105.52.graphml,52,81,C,repaired,5,7,6,refutation,10486,0.021,1,
rome,rome/rome/grafo5100.67.graphml,67,89,C,repaired,5,7,7,refutation,89549,0.128,1,
rome,rome/rome/grafo5106.73.graphml,73,95,C,repaired,5,7,6,refutation,35795,0.081,1,
rome,rome/rome/grafo511.13.graphml,13,14,C,repaired,2,3,3,refutation,20,0.001,1,
rome,rome/rome/grafo5104.57.graphml,57,78,C,repaired,5,7,7,refutation,70260,0.101,1,
rome,rome/rome/grafo5114.53.graphml,53,69,C,repaired,4,5,5,refutation,4636,0.014,1,
rome,rome/rome/grafo5113.63.graphml,63,85,C,repaired,5,6,6,refutation,23390,0.052,1,
rome,rome/rome/grafo5101.78.graphml,78,106,C,repaired,5,7,7,refutation,192613,0.231,1,
rome,rome/rome/grafo5110.58.graphml,58,85,C,repaired,5,8,7,refutation,27707,0.065,1,
rome,rome/rome/grafo5108.72.graphml,72,88,C,repaired,4,7,6,refutation,61858,0.115,1,
rome,rome/rome/grafo512.16.graphml,16,16,C,repaired,2,3,2,bound,17,0.001,1,
rome,rome/rome/grafo5112.61.graphml,61,77,C,repaired,5,7,6,refutation,31997,0.103,1,
rome,rome/rome/grafo5117.56.graphml,56,72,C,repaired,4,6,6,refutation,24534,0.043,1,
rome,rome/rome/grafo5116.74.graphml,74,101,C,repaired,4,7,6,refutation,55259,0.093,1,
rome,rome/rome/grafo5118.62.graphml,62,78,C,repaired,4,7,6,refutation,40351,0.074,1,
rome,rome/rome/grafo5115.65.graphml,65,98,C,repaired,6,8,7,refutation,66087,0.143,1,
rome,rome/rome/grafo4752.81.graphml,81,109,C,repaired,6,9,9,,14606336,10.015,1,
rome,rome/rome/grafo5122.39.graphml,39,51,C,repaired,4,5,5,refutation,1733,0.009,1,
rome,rome/rome/grafo5125.35.graphml,35,41,C,repaired,3,4,4,refutation,439,0.002,1,
rome,rome/rome/grafo5120.60.graphml,60,76,C,repaired,4,7,6,refutation,49703,0.083,1,
rome,rome/rome/grafo5124.36.graphml,36,43,C,repaired,3,5,5,refutation,1678,0.004,1,
rome,rome/rome/grafo5086.83.graphml,83,112,C,repaired,5,9,8,refutation,786046,0.85,1,
rome,rome/rome/grafo5128.37.graphml,37,47,C,repaired,4,5,4,bound,305,0.003,1,
rome,rome/rome/grafo5129.53.graphml,53,74,C,repaired,6,8,6,bound,985,0.005,1,
rome,rome/rome/grafo513.10.graphml,10,10,C,repaired,2,2,2,bound,0,0.0,1,
rome,rome/rome/grafo5126.43.graphml,43,53,C,repaired,3,5,4,refutation,1527,0.004,1,
rome,rome/rome/grafo5127.33.graphml,33,40,C,repaired,3,4,4,refutation,330,0.002,1,
rome,rome/rome/grafo5131.48.graphml,48,59,C,repaired,3,4,4,refutation,1136,0.005,1,
rome,rome/rome/grafo5133.33.graphml,33,46,C,repaired,4,4,4,bound,0,0.001,1,
rome,rome/rome/grafo5135.39.graphml,39,47,C,repaired,3,5,4,refutation,583,0.003,1,
rome,rome/rome/grafo5123.68.graphml,68,94,C,repaired,5,8,7,refutation,98016,0.124,1,
rome,rome/rome/grafo5130.44.graphml,44,56,C,repaired,5,6,5,bound,44,0.005,1,
rome,rome/rome/grafo5134.62.graphml,62,80,C,repaired,5,6,6,refutation,49079,0.084,1,
rome,rome/rome/grafo5138.45.graphml,45,62,C,repaired,5,6,6,refutation,8990,0.025,1,
rome,rome/rome/grafo514.13.graphml,13,12,C,repaired,1,2,2,refutation,15,0.001,1,
rome,rome/rome/grafo5136.58.graphml,58,81,C,repaired,5,6,6,refutation,40214,0.073,1,
rome,rome/rome/grafo5139.56.graphml,56,74,C,repaired,4,7,5,refutation,13418,0.039,1,
rome,rome/rome/grafo5137.59.graphml,59,87,C,repaired,6,8,7,refutation,83446,0.11,1,
rome,rome/rome/grafo5140.62.graphml,62,76,C,repaired,4,6,5,refutation,12286,0.037,1,
rome,rome/rome/grafo5143.34.graphml,34,40,C,repaired,3,3,3,bound,0,0.001,1,
rome,rome/rome/grafo5141.42.graphml,42,51,C,repaired,3,4,4,refutation,707,0.005,1,
rome,rome/rome/grafo5142.36.graphml,36,48,C,repaired,4,5,5,refutation,1317,0.007,1,
rome,rome/rome/grafo5121.74.graphml,74,107,C,repaired,6,8,8,refutation,403466,0.403,1,
rome,rome/rome/grafo5145.40.graphml,40,50,C,repaired,3,4,4,refutation,588,0.005,1,
rome,rome/rome/grafo5149.41.graphml,41,55,C,repaired,4,6,6,refutation,2618,0.012,1,
rome,rome/rome/grafo5148.34.graphml,34,37,C,repaired,2,3,3,refutation,140,0.004,1,
rome,rome/rome/grafo5146.41.graphml,41,50,C,repaired,4,5,4,bound,1061,0.011,1,
rome,rome/rome/grafo515.11.graphml,11,11,C,repaired,2,2,2,bound,0,0.0,1,
rome,rome/rome/grafo5132.80.graphml,80,106,C,repaired,5,8,7,refutation,327960,0.331,1,
rome,rome/rome/grafo5147.67.graphml,67,88,C,repaired,4,7,6,refutation,45421,0.077,1,
rome,rome/rome/grafo5150.52.graphml,52,70,C,repaired,4,6,5,refutation,4691,0.017,1,
rome,rome/rome/grafo5151.38.graphml,38,58,C,repaired,5,6,6,refutation,2124,0.01,1,
rome,rome/rome/grafo5152.39.graphml,39,50,C,repaired,3,4,4,refutation,373,0.005,1,
rome,rome/rome/grafo5154.39.graphml,39,57,C,repaired,5,6,6,refutation,1726,0.008,1,
rome,rome/rome/grafo5153.33.graphml,33,40,C,repaired,3,3,3,bound,0,0.004,1,
rome,rome/rome/grafo5155.36.graphml,36,47,C,repaired,3,5,4,refutation,544,0.003,1,
rome,rome/rome/grafo5024.84.graphml,84,116,C,repaired,6,10,8,refutation,3155682,2.735,1,
rome,rome/rome/grafo5157.39.graphml,39,54,C,repaired,4,5,4,bound,36,0.001,1,
rome,rome/rome/grafo5159.59.graphml,59,84,C,repaired,5,7,6,refutation,15474,0.044,1,
rome,rome/rome/grafo5160.42.graphml,42,53,C,repaired,4,5,5,refutation,2686,0.009,1,
rome,rome/rome/grafo5156.56.graphml,56,72,C,repaired,4,6,6,refutation,50997,0.081,1,
rome,rome/rome/grafo5158.43.graphml,43,63,C,repaired,5,7,7,refutation,10540,0.038,1,
rome,rome/rome/grafo516.15.graphml,15,16,C,repaired,2,2,2,bound,0,0.0,1,
rome,rome/rome/grafo5162.43.graphml,43,58,C,repaired,5,6,5,bound,94,0.002,1,
rome,rome/rome/grafo5166.42.graphml,42,54,C,repaired,4,4,4,bound,0,0.001,1,
rome,rome/rome/grafo5167.40.graphml,40,54,C,repaired,4,5,5,refutation,1717,0.008,1,
rome,rome/rome/grafo5164.47.graphml,47,68,C,repaired,5,7,6,refutation,9377,0.036,1,
rome,rome/rome/grafo5163.62.graphml,62,94,C,repaired,6,7,7,refutation,41345,0.064,1,
rome,rome/rome/grafo5168.45.graphml,45,64,C,repaired,4,7,6,refutation,7400,0.029,1,
rome,rome/rome/grafo5144.71.graphml,71,101,C,repaired,6,9,8,refutation,374788,0.389,1,
rome,rome/rome/grafo5165.42.graphml,42,58,C,repaired,5,7,6,refutation,4743,0.01,1,
rome,rome/rome/grafo5090.76.graphml,76,112,C,repaired,6,9,9,refutation,1474507,1.438,1,
rome,rome/rome/grafo5161.45.graphml,45,73,C,repaired,6,9,8,refutation,40969,0.155,1,
rome,rome/rome/grafo517.17.graphml,17,23,C,repaired,3,3,3,bound,0,0.0,1,
rome,rome/rome/grafo5170.59.graphml,59,76,C,repaired,4,7,6,refutation,53011,0.083,1,
rome,rome/rome/grafo5174.44.graphml,44,60,C,repaired,4,6,5,refutation,3872,0.017,1,
rome,rome/rome/grafo5171.77.graphml,77,91,C,repaired,4,6,5,refutation,34173,0.066,1,
rome,rome/rome/grafo5175.36.graphml,36,45,C,repaired,4,5,4,bound,41,0.001,1,
rome,rome/rome/grafo5173.58.graphml,58,83,C,repaired,5,7,6,refutation,29529,0.057,1,
rome,rome/rome/grafo5177.33.graphml,33,41,C,repaired,3,4,4,refutation,253,0.002,1,
rome,rome/rome/grafo5178.42.graphml,42,58,C,repaired,4,6,5,refutation,1123,0.005,1,
rome,rome/rome/grafo518.15.graphml,15,17,C,repaired,3,3,3,bound,0,0.0,1,
rome,rome/rome/grafo5097.71.graphml,71,104,C,repaired,6,10,9,refutation,1494708,1.383,1,
rome,rome/rome/grafo5181.39.graphml,39,47,C,repaired,3,5,4,refutation,906,0.005,1,
rome,rome/rome/grafo5182.33.graphml,33,38,C,repaired,3,3,3,bound,0,0.001,1,
rome,rome/rome/grafo5183.42.graphml,42,58,C,repaired,4,6,5,refutation,1705,0.012,1,
rome,rome/rome/grafo5184.36.graphml,36,47,C,repaired,4,5,5,refutation,1022,0.01,1,
rome,rome/rome/grafo5185.41.graphml,41,49,C,repaired,3,4,4,refutation,592,0.003,1,
rome,rome/rome/grafo5180.77.graphml,77,102,C,repaired,5,7,6,refutation,69962,0.1,1,
rome,rome/rome/grafo5186.55.graphml,55,79,C,repaired,5,7,6,refutation,30078,0.058,1,
rome,rome/rome/grafo5187.43.graphml,43,61,C,repaired,5,7,6,refutation,5349,0.021,1,
rome,rome/rome/grafo519.12.graphml,12,15,C,repaired,3,3,3,bound,0,0.0,1,
rome,rome/rome/grafo5119.76.graphml,76,115,C,repaired,6,10,9,refutation,1218422,1.131,1,
rome,rome/rome/grafo5190.36.graphml,36,43,C,repaired,3,4,4,refutation,421,0.002,1,
rome,rome/rome/grafo5188.70.graphml,70,89,C,repaired,4,6,5,refutation,8318,0.053,1,
rome,rome/rome/grafo5193.37.graphml,37,45,C,repaired,3,5,5,refutation,1587,0.007,1,
rome,rome/rome/grafo5191.41.graphml,41,61,C,repaired,5,6,6,refutation,10809,0.024,1,
rome,rome/rome/grafo5194.48.graphml,48,65,C,repaired,4,6,6,refutation,6466,0.026,1,
rome,rome/rome/grafo5197.34.graphml,34,36,C,repaired,2,3,3,refutation,316,0.002,1,
rome,rome/rome/grafo5192.34.graphml,34,39,C,repaired,3,4,4,refutation,678,0.002,1,
rome,rome/rome/grafo5195.60.graphml,60,78,C,repaired,5,7,5,bound,8438,0.027,1,
rome,rome/rome/grafo5172.62.graphml,62,87,C,repaired,5,8,8,refutation,406319,0.381,1,
rome,rome/rome/grafo5176.74.graphml,74,100,C,repaired,5,8,7,refutation,252908,0.295,1,
rome,rome/rome/grafo5198.45.graphml,45,66,C,repaired,5,6,6,refutation,3880,0.017,1,
rome,rome/rome/grafo520.14.graphml,14,22,C,repaired,3,3,3,bound,0,0.0,1,
rome,rome/rome/grafo5199.42.graphml,42,61,C,repaired,5,7,6,refutation,4776,0.015,1,
rome,rome/rome/grafo5200.35.graphml,35,43,C,repaired,3,5,5,refutation,1724,0.008,1,
rome,rome/rome/grafo5203.33.graphml,33,41,C,repaired,4,4,4,bound,0,0.001,1,
rome,rome/rome/grafo5205.35.graphml,35,42,C,repaired,4,4,4,bound,0,0.001,1,
rome,rome/rome/grafo5206.33.graphml,33,43,C,repaired,3,5,4,refutation,534,0.004,1,
rome,rome/rome/grafo5201.53.graphml,53,66,C,repaired,3,5,4,refutation,2255,0.009,1,
rome,rome/rome/grafo5202.35.graphml,35,40,C,repaired,3,4,4,refutation,535,0.005,1,
rome,rome/rome/grafo5204.36.graphml,36,49,C,repaired,4,6,6,refutation,3767,0.016,1,
rome,rome/rome/grafo5189.72.graphml,72,92,C,repaired,4,7,7,refutation,210755,0.214,1,
rome,rome/rome/grafo5208.39.graphml,39,51,C,repaired,3,4,4,refutation,668,0.003,1,
rome,rome/rome/grafo521.20.graphml,20,21,C,repaired,2,2,2,bound,0,0.0,1,
rome,rome/rome/grafo5196.73.graphml,73,90,C,repaired,5,7,6,refutation,192695,0.221,1,
rome,rome/rome/grafo5207.43.graphml,43,66,C,repaired,5,7,6,refutation,3329,0.018,1,
rome,rome/rome/grafo5213.31.graphml,31,37,C,repaired,3,4,4,refutation,336,0.003,1,
rome,rome/rome/grafo5211.40.graphml,40,54,C,repaired,5,6,5,bound,44,0.004,1,
rome,rome/rome/grafo5215.39.graphml,39,43,C,repaired,2,4,3,refutation,442,0.003,1,
rome,rome/rome/grafo5209.60.graphml,60,81,C,repaired,5,7,6,refutation,56589,0.089,1,
rome,rome/rome/grafo5214.59.graphml,59,80,C,repaired,4,7,6,refutation,35358,0.073,1,
rome,rome/rome/grafo5218.36.graphml,36,44,C,repaired,3,4,4,refutation,588,0.003,1,
rome,rome/rome/grafo5210.74.graphml,74,93,C,repaired,4,6,6,refutation,56678,0.111,1,
rome,rome/rome/grafo5216.43.graphml,43,57,C,repaired,4,6,5,refutation,1659,0.011,1,
rome,rome/rome/grafo522.24.graphml,24,30,C,repaired,3,3,3,bound,0,0.001,1,
rome,rome/rome/grafo5212.63.graphml,63,78,C,repaired,5,6,6,refutation,96825,0.106,1,
rome,rome/rome/grafo5219.38.graphml,38,47,C,repaired,3,4,4,refutation,412,0.007,1,
rome,rome/rome/grafo5220.49.graphml,49,64,C,repaired,4,6,5,refutation,4740,0.017,1,
rome,rome/rome/grafo5222.38.graphml,38,43,C,repaired,2,4,3,refutation,305,0.002,1,
rome,rome/rome/grafo5224.42.graphml,42,58,C,repaired,4,5,5,refutation,1097,0.006,1,
rome,rome/rome/grafo5179.71.graphml,71,98,C,repaired,6,8,8,refutation,770289,0.617,1,
rome,rome/rome/grafo5221.44.graphml,44,57,C,repaired,4,5,5,refutation,4565,0.018,1,
rome,rome/rome/grafo5225.41.graphml,41,52,C,repaired,4,5,5,refutation,2821,0.011,1,
rome,rome/rome/grafo5226.36.graphml,36,46,C,repaired,3,5,5,refutation,1315,0.007,1,
rome,rome/rome/grafo5111.69.graphml,69,102,C,repaired,6,9,9,refutation,2156321,1.764,1,
rome,rome/rome/grafo5227.38.graphml,38,48,C,repaired,4,5,5,refutation,2082,0.01,1,
rome,rome/rome/grafo5228.43.graphml,43,56,C,repaired,3,5,4,refutation,583,0.007,1,
rome,rome/rome/grafo5229.37.graphml,37,53,C,repaired,5,5,5,bound,0,0.001,1,
rome,rome/rome/grafo523.20.graphml,20,23,C,repaired,2,3,3,refutation,87,0.001,1,
rome,rome/rome/grafo5169.75.graphml,75,95,C,repaired,5,8,7,refutation,862295,0.796,1,
rome,rome/rome/grafo5233.37.graphml,37,47,C,repaired,3,3,3,bound,0,0.001,1,
rome,rome/rome/grafo5231.40.graphml,40,56,C,repaired,4,6,5,refutation,1538,0.007,1,
rome,rome/rome/grafo5234.41.graphml,41,51,C,repaired,4,5,4,bound,107,0.005,1,
rome,rome/rome/grafo5235.32.graphml,32,38,C,repaired,4,4,4,bound,0,0.001,1,
rome,rome/rome/grafo5236.38.graphml,38,43,C,repaired,3,3,3,bound,0,0.001,1,
rome,rome/rome/grafo5238.32.graphml,32,37,C,repaired,3,3,3,bound,0,0.001,1,
rome,rome/rome/grafo524.14.graphml,14,15,C,repaired,2,2,2,bound,0,0.0,1,
rome,rome/rome/grafo5240.43.graphml,43,58,C,repaired,4,6,4,bound,329,0.003,1,
rome,rome/rome/grafo5232.46.graphml,46,63,C,repaired,4,6,5,refutation,6411,0.03,1,
rome,rome/rome/grafo5242.39.graphml,39,49,C,repaired,3,5,5,refutation,1782,0.008,1,
rome,rome/rome/grafo5223.60.graphml,60,83,C,repaired,5,8,7,refutation,249624,0.214,1,
rome,rome/rome/grafo5244.32.graphml,32,38,C,repaired,3,3,3,bound,0,0.001,1,
rome,rome/rome/grafo5243.44.graphml,44,61,C,repaired,5,6,6,refutation,6400,0.022,1,
rome,rome/rome/grafo5248.36.graphml,36,43,C,repaired,3,4,4,refutation,565,0.002,1,
rome,rome/rome/grafo5241.42.graphml,42,55,C,repaired,4,5,5,refutation,6134,0.023,1,
rome,rome/rome/grafo5245.43.graphml,43,59,C,repaired,4,5,5,refutation,2451,0.012,1,
rome,rome/rome/grafo525.16.graphml,16,20,C,repaired,3,4,3,bound,11,0.004,1,
rome,rome/rome/grafo5247.33.graphml,33,38,C,repaired,3,4,3,bound,32,0.001,1,
rome,rome/rome/grafo5250.42.graphml,42,51,C,repaired,3,5,5,refutation,3178,0.015,1,
rome,rome/rome/grafo5249.56.graphml,56,85,C,repaired,5,8,7,refutation,34393,0.065,1,
rome,rome/rome/grafo5252.38.graphml,38,44,C,repaired,3,5,4,refutation,704,0.004,1,
rome,rome/rome/grafo5253.41.graphml,41,51,C,repaired,3,4,4,refutation,1040,0.004,1,
rome,rome/rome/grafo5255.47.graphml,47,64,C,repaired,5,5,5,bound,0,0.002,1,
rome,rome/rome/grafo5256.38.graphml,38,43,C,repaired,3,4,4,refutation,892,0.005,1,
rome,rome/rome/grafo5257.38.graphml,38,47,C,repaired,3,4,4,refutation,489,0.003,1,
rome,rome/rome/grafo5254.45.graphml,45,53,C,repaired,4,5,4,bound,51,0.002,1,
rome,rome/rome/grafo5258.36.graphml,36,50,C,repaired,4,5,5,refutation,876,0.004,1,
rome,rome/rome/grafo5259.40.graphml,40,56,C,repaired,4,6,5,refutation,3813,0.011,1,
rome,rome/rome/grafo526.12.graphml,12,15,C,repaired,3,3,3,bound,0,0.0,1,
rome,rome/rome/grafo5262.37.graphml,37,44,C,repaired,4,5,4,bound,51,0.002,1,
rome,rome/rome/grafo5217.78.graphml,78,100,C,repaired,5,8,7,refutation,495481,0.481,1,
rome,rome/rome/grafo5251.58.graphml,58,72,C,repaired,4,6,5,refutation,27081,0.093,1,
rome,rome/rome/grafo5260.35.graphml,35,53,C,repaired,4,5,5,refutation,881,0.006,1,
rome,rome/rome/grafo5109.83.graphml,83,114,C,repaired,6,10,9,refutation,2548660,2.24,1,
rome,rome/rome/grafo5267.43.graphml,43,58,C,repaired,4,6,5,refutation,4779,0.015,1,
rome,rome/rome/grafo5268.43.graphml,43,53,C,repaired,4,5,4,bound,63,0.002,1,
rome,rome/rome/grafo5269.42.graphml,42,54,C,repaired,4,5,5,refutation,2689,0.011,1,
rome,rome/rome/grafo5264.36.graphml,36,41,C,repaired,3,3,3,bound,0,0.001,1,
rome,rome/rome/grafo5265.40.graphml,40,56,C,repaired,4,6,6,refutation,5744,0.04,1,
rome,rome/rome/grafo527.17.graphml,17,21,C,repaired,2,3,3,refutation,31,0.001,1,
rome,rome/rome/grafo5237.72.graphml,72,98,C,repaired,5,8,8,refutation,329603,0.408,1,
rome,rome/rome/grafo5271.39.graphml,39,46,C,repaired,3,4,4,refutation,665,0.004,1,
rome,rome/rome/grafo5270.35.graphml,35,39,C,repaired,3,5,4,refutation,769,0.003,1,
rome,rome/rome/grafo5275.37.graphml,37,43,C,repaired,3,4,4,refutation,776,0.004,1,
rome,rome/rome/grafo5239.59.graphml,59,84,C,repaired,5,8,7,refutation,167770,0.377,1,
rome,rome/rome/grafo5272.54.graphml,54,78,C,repaired,5,7,6,refutation,21063,0.052,1,
rome,rome/rome/grafo5276.34.graphml,34,44,C,repaired,4,5,5,refutation,1221,0.005,1,
rome,rome/rome/grafo5273.41.graphml,41,59,C,repaired,5,6,5,bound,34,0.007,1,
rome,rome/rome/grafo5274.35.graphml,35,43,C,repaired,3,4,4,refutation,388,0.002,1,
rome,rome/rome/grafo5278.39.graphml,39,61,C,repaired,6,7,7,refutation,7455,0.022,1,
rome,rome/rome/grafo528.18.graphml,18,19,C,repaired,2,2,2,bound,0,0.0,1,
rome,rome/rome/grafo5261.72.graphml,72,95,C,repaired,5,8,7,refutation,238285,0.242,1,
rome,rome/rome/grafo5277.44.graphml,44,61,C,repaired,4,6,5,refutation,1969,0.005,1,
rome,rome/rome/grafo5288.36.graphml,36,42,C,repaired,3,4,4,refutation,616,0.004,1,
rome,rome/rome/grafo5282.58.graphml,58,81,C,repaired,5,7,6,refutation,19585,0.043,1,
rome,rome/rome/grafo5286.37.graphml,37,48,C,repaired,3,5,4,refutation,670,0.003,1,
rome,rome/rome/grafo5284.39.graphml,39,54,C,repaired,4,6,6,refutation,3389,0.013,1,
rome,rome/rome/grafo5283.38.graphml,38,61,C,repaired,5,7,7,refutation,6460,0.019,1,
rome,rome/rome/grafo5289.37.graphml,37,41,C,repaired,3,4,3,bound,37,0.002,1,
rome,rome/rome/grafo5266.81.graphml,81,100,C,repaired,4,7,6,refutation,170356,0.284,1,
rome,rome/rome/grafo5051.80.graphml,80,116,C,repaired,6,9,9,refutation,4045322,3.624,1,
rome,rome/rome/grafo529.16.graphml,16,22,C,repaired,2,3,3,refutation,25,0.001,1,
rome,rome/rome/grafo5290.38.graphml,38,48,C,repaired,3,4,4,refutation,373,0.003,1,
rome,rome/rome/grafo5291.37.graphml,37,43,C,repaired,3,5,4,refutation,598,0.003,1,
rome,rome/rome/grafo5292.37.graphml,37,48,C,repaired,4,5,4,bound,115,0.002,1,
rome,rome/rome/grafo5281.61.graphml,61,87,C,repaired,6,8,7,refutation,129425,0.186,1,
rome,rome/rome/grafo5295.36.graphml,36,41,C,repaired,3,4,4,refutation,811,0.003,1,
rome,rome/rome/grafo5294.58.graphml,58,77,C,repaired,4,7,5,refutation,11268,0.038,1,
rome,rome/rome/grafo5296.44.graphml,44,58,C,repaired,5,6,5,bound,220,0.003,1,
rome,rome/rome/grafo5299.35.graphml,35,44,C,repaired,3,4,4,refutation,360,0.002,1,
rome,rome/rome/grafo5298.43.graphml,43,56,C,repaired,4,6,5,refutation,1752,0.008,1,
rome,rome/rome/grafo5300.59.graphml,59,80,C,repaired,4,6,5,refutation,5230,0.018,1,
rome,rome/rome/grafo530.13.graphml,13,13,C,repaired,2,2,2,bound,0,0.0,1,
rome,rome/rome/grafo5303.34.graphml,34,44,C,repaired,3,4,3,bound,137,0.002,1,
rome,rome/rome/grafo5304.33.graphml,33,53,C,repaired,5,5,5,bound,0,0.001,1,
rome,rome/rome/grafo5297.44.graphml,44,63,C,repaired,5,7,7,refutation,14100,0.046,1,
rome,rome/rome/grafo5301.37.graphml,37,44,C,repaired,3,4,3,bound,85,0.002,1,
rome,rome/rome/grafo5280.75.graphml,75,96,C,repaired,5,8,7,refutation,292679,0.341,1,
rome,rome/rome/grafo5306.43.graphml,43,58,C,repaired,4,6,6,refutation,6191,0.018,1,
rome,rome/rome/grafo5287.61.graphml,61,88,C,repaired,6,8,8,refutation,385878,0.301,1,
rome,rome/rome/grafo5302.49.graphml,49,72,C,repaired,5,7,7,refutation,32917,0.065,1,
rome,rome/rome/grafo5309.39.graphml,39,46,C,repaired,3,5,3,bound,87,0.002,1,
rome,rome/rome/grafo531.17.graphml,17,20,C,repaired,2,3,3,refutation,33,0.001,1,
rome,rome/rome/grafo5308.39.graphml,39,49,C,repaired,3,6,5,refutation,2468,0.006,1,
rome,rome/rome/grafo5307.39.graphml,39,54,C,repaired,4,5,5,refutation,1379,0.004,1,
rome,rome/rome/grafo4833.83.graphml,83,120,C,repaired,7,11,10,,10922834,10.011,1,
rome,rome/rome/grafo5316.36.graphml,36,41,C,repaired,3,4,3,bound,59,0.002,1,
rome,rome/rome/grafo5310.69.graphml,69,87,C,repaired,5,6,6,refutation,36048,0.068,1,
rome,rome/rome/grafo5312.39.graphml,39,51,C,repaired,4,5,5,refutation,2476,0.009,1,
rome,rome/rome/grafo5314.38.graphml,38,43,C,repaired,3,4,4,refutation,434,0.005,1,
rome,rome/rome/grafo5315.37.graphml,37,55,C,repaired,5,6,5,bound,41,0.004,1,
rome,rome/rome/grafo5285.76.graphml,76,94,C,repaired,4,7,7,refutation,459368,0.439,1,
rome,rome/rome/grafo5305.63.graphml,63,89,C,repaired,6,8,7,refutation,148554,0.157,1,
rome,rome/rome/grafo5318.43.graphml,43,57,C,repaired,4,5,5,refutation,2273,0.01,1,
rome,rome/rome/grafo5317.57.graphml,57,73,C,repaired,5,7,6,refutation,28827,0.064,1,
rome,rome/rome/grafo532.11.graphml,11,11,C,repaired,2,2,2,bound,0,0.0,1,
rome,rome/rome/grafo5321.34.graphml,34,41,C,repaired,3,5,5,refutation,895,0.005,1,
rome,rome/rome/grafo5311.54.graphml,54,74,C,repaired,5,7,6,refutation,44836,0.085,1,
rome,rome/rome/grafo5319.36.graphml,36,44,C,repaired,3,4,3,bound,52,0.001,1,
rome,rome/rome/grafo5324.62.graphml,62,81,C,repaired,4,5,5,refutation,5739,0.018,1,
rome,rome/rome/grafo5326.44.graphml,44,68,C,repaired,5,6,6,refutation,2570,0.009,1,
rome,rome/rome/grafo5320.45.graphml,45,53,C,repaired,3,5,5,refutation,4248,0.022,1,
rome,rome/rome/grafo5323.44.graphml,44,52,C,repaired,4,5,5,refutation,7534,0.021,1,
rome,rome/rome/grafo5327.40.graphml,40,47,C,repaired,3,5,4,refutation,933,0.004,1,
rome,rome/rome/grafo5313.58.graphml,58,80,C,repaired,5,8,7,refutation,103305,0.131,1,
rome,rome/rome/grafo5325.44.graphml,44,62,C,repaired,4,6,5,refutation,3019,0.007,1,
rome,rome/rome/grafo5328.41.graphml,41,53,C,repaired,4,5,5,refutation,1995,0.02,1,
rome,rome/rome/grafo533.11.graphml,11,11,C,repaired,2,2,2,bound,0,0.0,1,
rome,rome/rome/grafo5329.57.graphml,57,71,C,repaired,5,7,5,bound,1662,0.008,1,
rome,rome/rome/grafo5333.43.graphml,43,58,C,repaired,4,5,4,bound,33,0.002,1,
rome,rome/rome/grafo5246.83.graphml,83,115,C,repaired,5,9,8,refutation,983481,1.014,1,
rome,rome/rome/grafo5331.46.graphml,46,58,C,repaired,4,6,5,refutation,3835,0.013,1,
rome,rome/rome/grafo5332.61.graphml,61,83,C,repaired,5,7,5,bound,170,0.003,1,
rome,rome/rome/grafo5263.75.graphml,75,99,C,repaired,5,9,8,refutation,1004910,0.865,1,
rome,rome/rome/grafo5330.48.graphml,48,67,C,repaired,5,7,6,refutation,17248,0.042,1,
rome,rome/rome/grafo5334.41.graphml,41,57,C,repaired,5,6,6,refutation,6071,0.023,1,
rome,rome/rome/grafo5335.32.graphml,32,37,C,repaired,3,4,4,refutation,547,0.003,1,
rome,rome/rome/grafo5338.46.graphml,46,62,C,repaired,4,6,6,refutation,5914,0.02,1,
rome,rome/rome/grafo534.15.graphml,15,14,C,repaired,1,2,2,refutation,12,0.0,1,
rome,rome/rome/grafo5336.36.graphml,36,49,C,repaired,4,5,5,refutation,804,0.006,1,
rome,rome/rome/grafo5337.43.graphml,43,61,C,repaired,4,5,4,bound,77,0.002,1,
rome,rome/rome/grafo5339.43.graphml,43,54,C,repaired,3,5,4,refutation,1036,0.012,1,
rome,rome/rome/grafo5340.34.graphml,34,47,C,repaired,4,5,5,refutation,698,0.004,1,
rome,rome/rome/grafo5344.41.graphml,41,52,C,repaired,4,5,5,refutation,2366,0.011,1,
rome,rome/rome/grafo5345.42.graphml,42,55,C,repaired,4,6,4,bound,146,0.002,1,
rome,rome/rome/grafo5346.40.graphml,40,44,C,repaired,3,4,4,refutation,994,0.005,1,
rome,rome/rome/grafo5341.56.graphml,56,79,C,repaired,5,7,6,refutation,24536,0.051,1,
rome,rome/rome/grafo5342.44.graphml,44,60,C,repaired,4,5,5,refutation,4108,0.018,1,
rome,rome/rome/grafo5348.46.graphml,46,64,C,repaired,4,6,5,refutation,2873,0.012,1,
rome,rome/rome/grafo5347.80.graphml,80,95,C,repaired,4,6,4,bound,2318,0.013,1,
rome,rome/rome/grafo5343.38.graphml,38,44,C,repaired,3,4,3,bound,194,0.002,1,
rome,rome/rome/grafo535.20.graphml,20,26,C,repaired,3,3,3,bound,0,0.0,1,
rome,rome/rome/grafo5351.35.graphml,35,51,C,repaired,5,5,5,bound,0,0.001,1,
rome,rome/rome/grafo5353.39.graphml,39,45,C,repaired,3,3,3,bound,0,0.001,1,
rome,rome/rome/grafo5354.42.graphml,42,57,C,repaired,4,6,5,refutation,1713,0.007,1,
rome,rome/rome/grafo5355.35.graphml,35,41,C,repaired,3,3,3,bound,0,0.001,1,
rome,rome/rome/grafo5322.67.graphml,67,91,C,repaired,5,7,7,refutation,134006,0.281,1,
rome,rome/rome/grafo5349.39.graphml,39,53,C,repaired,4,5,5,refutation,1248,0.01,1,
rome,rome/rome/grafo5350.58.graphml,58,74,C,repaired,5,7,5,bound,667,0.004,1,
rome,rome/rome/grafo5356.39.graphml,39,49,C,repaired,3,5,3,bound,250,0.002,1,
rome,rome/rome/grafo5352.44.graphml,44,70,C,repaired,5,7,7,refutation,18211,0.042,1,
rome,rome/rome/grafo5357.48.graphml,48,64,C,repaired,4,7,6,refutation,6751,0.027,1,
rome,rome/rome/grafo536.14.graphml,14,14,C,repaired,2,2,2,bound,0,0.0,1,
rome,rome/rome/grafo5362.37.graphml,37,45,C,repaired,4,5,4,bound,33,0.002,1,
rome,rome/rome/grafo5358.47.graphml,47,75,C,repaired,5,8,7,refutation,22384,0.051,1,
rome,rome/rome/grafo5359.41.graphml,41,59,C,repaired,5,6,6,refutation,4999,0.017,1,
rome,rome/rome/grafo5230.69.graphml,69,101,C,repaired,6,10,9,refutation,1580444,1.493,1,
rome,rome/rome/grafo5364.47.graphml,47,58,C,repaired,4,5,4,bound,155,0.005,1,
rome,rome/rome/grafo5360.36.graphml,36,44,C,repaired,4,5,4,bound,59,0.008,1,
rome,rome/rome/grafo5365.37.graphml,37,46,C,repaired,3,5,4,refutation,658,0.005,1,
rome,rome/rome/grafo5367.38.graphml,38,47,C,repaired,4,4,4,bound,0,0.001,1,
rome,rome/rome/grafo5368.35.graphml,35,45,C,repaired,3,5,4,refutation,399,0.003,1,
rome,rome/rome/grafo5372.36.graphml,36,47,C,repaired,4,5,4,bound,33,0.001,1,
rome,rome/rome/grafo5371.43.graphml,43,57,C,repaired,5,5,5,bound,0,0.002,1,
rome,rome/rome/grafo5373.40.graphml,40,58,C,repaired,5,5,5,bound,0,0.001,1,
rome,rome/rome/grafo5366.51.graphml,51,72,C,repaired,5,7,7,refutation,31811,0.07,1,
rome,rome/rome/grafo5369.36.graphml,36,44,C,repaired,4,4,4,bound,0,0.001,1,
rome,rome/rome/grafo537.26.graphml,26,32,C,repaired,3,4,4,refutation,379,0.004,1,
rome,rome/rome/grafo5374.35.graphml,35,41,C,repaired,3,4,4,refutation,438,0.007,1,
rome,rome/rome/grafo5379.39.graphml,39,43,C,repaired,2,3,3,refutation,218,0.002,1,
rome,rome/rome/grafo5376.48.graphml,48,68,C,repaired,5,7,7,refutation,22093,0.05,1,
rome,rome/rome/grafo5378.38.graphml,38,46,C,repaired,3,5,4,refutation,1023,0.006,1,
rome,rome/rome/grafo5381.36.graphml,36,45,C,repaired,3,5,5,refutation,1415,0.005,1,
rome,rome/rome/grafo538.18.graphml,18,19,C,repaired,2,2,2,bound,0,0.0,1,
rome,rome/rome/grafo5380.36.graphml,36,45,C,repaired,4,6,5,refutation,1945,0.004,1,
rome,rome/rome/grafo5384.58.graphml,58,72,C,repaired,3,5,4,refutation,2501,0.01,1,
rome,rome/rome/grafo5385.36.graphml,36,47,C,repaired,3,5,4,refutation,681,0.004,1,
rome,rome/rome/grafo5382.45.graphml,45,62,C,repaired,4,6,5,refutation,4161,0.027,1,
rome,rome/rome/grafo5387.34.graphml,34,39,C,repaired,3,3,3,bound,0,0.004,1,
rome,rome/rome/grafo5388.36.graphml,36,47,C,repaired,4,5,5,refutation,1355,0.008,1,
rome,rome/rome/grafo539.22.graphml,22,34,C,repaired,4,5,4,bound,18,0.002,1,
rome,rome/rome/grafo5392.37.graphml,37,49,C,repaired,4,5,4,bound,37,0.001,1,
rome,rome/rome/grafo5394.40.graphml,40,48,C,repaired,3,4,4,refutation,557,0.004,1,
rome,rome/rome/grafo5395.33.graphml,33,46,C,repaired,4,5,5,refutation,479,0.003,1,
rome,rome/rome/grafo5389.58.graphml,58,84,C,repaired,6,8,7,refutation,45984,0.096,1,
rome,rome/rome/grafo5390.37.graphml,37,45,C,repaired,3,4,4,refutation,381,0.002,1,
rome,rome/rome/grafo5375.71.graphml,71,93,C,repaired,5,8,7,refutation,164412,0.287,1,
rome,rome/rome/grafo5399.35.graphml,35,36,C,repaired,2,3,3,refutation,194,0.002,1,
rome,rome/rome/grafo540.16.graphml,16,17,C,repaired,2,3,2,bound,14,0.001,1,
rome,rome/rome/grafo5386.66.graphml,66,96,C,repaired,6,9,7,refutation,106745,0.191,1,
rome,rome/rome/grafo5397.41.graphml,41,46,C,repaired,3,4,3,bound,140,0.001,1,
rome,rome/rome/grafo5393.73.graphml,73,94,C,repaired,5,7,6,refutation,86075,0.143,1,
rome,rome/rome/grafo5396.59.graphml,59,84,C,repaired,5,8,6,refutation,38480,0.072,1,
rome,rome/rome/grafo5383.78.graphml,78,106,C,repaired,5,8,7,refutation,291116,0.333,1,
rome,rome/rome/grafo5402.43.graphml,43,57,C,repaired,4,5,5,refutation,1350,0.005,1,
rome,rome/rome/grafo5391.74.graphml,74,100,C,repaired,5,8,7,refutation,159417,0.19,1,
rome,rome/rome/grafo5404.44.graphml,44,60,C,repaired,4,6,5,refutation,4019,0.026,1,
rome,rome/rome/grafo5405.45.graphml,45,58,C,repaired,4,6,5,refutation,6936,0.02,1,
rome,rome/rome/grafo5408.37.graphml,37,57,C,repaired,5,7,6,refutation,3095,0.01,1,
rome,rome/rome/grafo5279.78.graphml,78,114,C,repaired,6,10,9,refutation,1694426,1.575,1,
rome,rome/rome/grafo5407.39.graphml,39,53,C,repaired,4,6,5,refutation,951,0.003,1,
rome,rome/rome/grafo5406.62.graphml,62,77,C,repaired,4,6,5,refutation,20880,0.065,1,
rome,rome/rome/grafo541.10.graphml,10,10,C,repaired,2,2,2,bound,0,0.0,1,
rome,rome/rome/grafo5410.36.graphml,36,45,C,repaired,4,5,4,bound,153,0.002,1,
rome,rome/rome/grafo5409.36.graphml,36,45,C,repaired,4,5,5,refutation,1310,0.006,1,
rome,rome/rome/grafo5403.58.graphml,58,77,C,repaired,4,7,6,refutation,73923,0.11,1,
rome,rome/rome/grafo5414.41.graphml,41,44,C,repaired,3,4,3,bound,217,0.002,1,
rome,rome/rome/grafo5416.33.graphml,33,38,C,repaired,3,4,4,refutation,444,0.003,1,
rome,rome/rome/grafo5415.62.graphml,62,83,C,repaired,5,7,6,refutation,27664,0.057,1,
rome,rome/rome/grafo5361.76.graphml,76,107,C,repaired,6,9,8,refutation,723541,0.765,1,
rome,rome/rome/grafo5401.74.graphml,74,96,C,repaired,5,8,7,refutation,214381,0.245,1,
rome,rome/rome/grafo5417.44.graphml,44,56,C,repaired,4,5,5,refutation,2175,0.012,1,
rome,rome/rome/grafo5419.35.graphml,35,42,C,repaired,3,4,4,refutation,304,0.002,1,
rome,rome/rome/grafo542.12.graphml,12,14,C,repaired,2,2,2,bound,0,0.0,1,
rome,rome/rome/grafo5420.41.graphml,41,43,C,repaired,2,4,3,refutation,396,0.003,1,
rome,rome/rome/grafo5418.61.graphml,61,83,C,repaired,4,7,6,refutation,55779,0.076,1,
rome,rome/rome/grafo5424.34.graphml,34,41,C,repaired,3,4,4,refutation,409,0.003,1,
rome,rome/rome/grafo5426.40.graphml,40,50,C,repaired,4,6,5,refutation,3291,0.012,1,
rome,rome/rome/grafo5421.34.graphml,34,41,C,repaired,4,5,4,bound,32,0.001,1,
rome,rome/rome/grafo5422.44.graphml,44,63,C,repaired,5,6,6,refutation,4242,0.022,1,
rome,rome/rome/grafo5400.74.graphml,74,99,C,repaired,5,9,8,refutation,386906,0.384,1,
rome,rome/rome/grafo5425.56.graphml,56,81,C,repaired,5,7,6,refutation,20810,0.043,1,
rome,rome/rome/grafo5429.36.graphml,36,48,C,repaired,4,5,5,refutation,680,0.004,1,
rome,rome/rome/grafo543.12.graphml,12,12,C,repaired,2,2,2,bound,0,0.0,1,
rome,rome/rome/grafo5428.44.graphml,44,62,C,repaired,4,6,6,refutation,7584,0.019,1,
rome,rome/rome/grafo5430.41.graphml,41,49,C,repaired,3,5,4,refutation,1055,0.006,1,
rome,rome/rome/grafo5427.38.graphml,38,44,C,repaired,3,4,3,bound,33,0.001,1,
rome,rome/rome/grafo5433.34.graphml,34,40,C,repaired,3,5,4,refutation,553,0.006,1,
rome,rome/rome/grafo5432.47.graphml,47,68,C,repaired,5,7,7,refutation,15549,0.039,1,
rome,rome/rome/grafo5436.42.graphml,42,59,C,repaired,4,5,5,refutation,2752,0.009,1,
rome,rome/rome/grafo5377.74.graphml,74,109,C,repaired,6,10,9,refutation,1057627,0.95,1,
rome,rome/rome/grafo5437.50.graphml,50,69,C,repaired,5,6,6,refutation,10445,0.037,1,
rome,rome/rome/grafo5438.47.graphml,47,68,C,repaired,5,6,6,refutation,5257,0.029,1,
rome,rome/rome/grafo5434.75.graphml,75,93,C,repaired,5,7,6,refutation,67818,0.113,1,
rome,rome/rome/grafo5431.68.graphml,68,96,C,repaired,5,8,8,refutation,141854,0.167,1,
rome,rome/rome/grafo5440.44.graphml,44,60,C,repaired,4,5,5,refutation,2851,0.011,1,
rome,rome/rome/grafo5442.38.graphml,38,46,C,repaired,3,3,3,bound,0,0.001,1,
rome,rome/rome/grafo544.25.graphml,25,31,C,repaired,2,4,3,refutation,128,0.001,1,
rome,rome/rome/grafo5441.43.graphml,43,61,C,repaired,5,6,6,refutation,6553,0.026,1,
rome,rome/rome/grafo5412.78.graphml,78,101,C,repaired,5,8,7,refutation,633683,0.506,1,
rome,rome/rome/grafo5443.43.graphml,43,59,C,repaired,4,5,5,refutation,1839,0.008,1,
rome,rome/rome/grafo5435.60.graphml,60,85,C,repaired,5,8,7,refutation,127815,0.145,1,
rome,rome/rome/grafo5445.39.graphml,39,50,C,repaired,4,5,5,refutation,1237,0.006,1,
rome,rome/rome/grafo5446.40.graphml,40,50,C,repaired,4,6,5,refutation,1861,0.006,1,
rome,rome/rome/grafo5447.46.graphml,46,62,C,repaired,4,5,5,refutation,2130,0.007,1,
rome,rome/rome/grafo5448.35.graphml,35,44,C,repaired,3,4,3,bound,31,0.001,1,
rome,rome/rome/grafo545.23.graphml,23,28,C,repaired,3,4,3,bound,21,0.001,1,
rome,rome/rome/grafo5444.55.graphml,55,70,C,repaired,5,7,5,bound,2463,0.013,1,
rome,rome/rome/grafo5423.76.graphml,76,97,C,repaired,6,7,7,refutation,402036,0.395,1,
rome,rome/rome/grafo5452.34.graphml,34,42,C,repaired,3,4,4,refutation,562,0.003,1,
rome,rome/rome/grafo5454.38.graphml,38,48,C,repaired,3,5,4,refutation,405,0.002,1,
rome,rome/rome/grafo5450.36.graphml,36,42,C,repaired,3,4,4,refutation,459,0.002,1,
rome,rome/rome/grafo5451.41.graphml,41,56,C,repaired,3,6,5,refutation,3611,0.009,1,
rome,rome/rome/grafo5453.40.graphml,40,57,C,repaired,4,6,6,refutation,5404,0.019,1,
rome,rome/rome/grafo5456.42.graphml,42,59,C,repaired,4,6,5,refutation,1639,0.007,1,
rome,rome/rome/grafo5457.36.graphml,36,43,C,repaired,3,5,4,refutation,514,0.003,1,
rome,rome/rome/grafo5458.41.graphml,41,58,C,repaired,5,6,6,refutation,3201,0.011,1,
rome,rome/rome/grafo5459.39.graphml,39,46,C,repaired,2,3,3,refutation,156,0.002,1,
rome,rome/rome/grafo546.12.graphml,12,11,C,repaired,1,2,2,refutation,12,0.0,1,
rome,rome/rome/grafo5461.38.graphml,38,44,C,repaired,3,4,3,bound,96,0.002,1,
rome,rome/rome/grafo5363.75.graphml,75,101,C,repaired,5,9,8,refutation,1498982,1.361,1,
rome,rome/rome/grafo5455.55.graphml,55,76,C,repaired,4,6,5,refutation,7053,0.029,1,
rome,rome/rome/grafo5463.42.graphml,42,63,C,repaired,5,7,6,refutation,6205,0.018,1,
rome,rome/rome/grafo5464.46.graphml,46,68,C,repaired,4,7,6,refutation,11367,0.033,1,
rome,rome/rome/grafo5465.40.graphml,40,47,C,repaired,3,5,5,refutation,2893,0.009,1,
rome,rome/rome/grafo5467.43.graphml,43,73,C,repaired,5,7,7,refutation,7128,0.021,1,
rome,rome/rome/grafo547.16.graphml,16,16,C,repaired,2,2,2,bound,0,0.0,1,
rome,rome/rome/grafo5462.55.graphml,55,78,C,repaired,4,8,7,refutation,51653,0.093,1,
rome,rome/rome/grafo5466.42.graphml,42,60,C,repaired,5,6,5,bound,483,0.006,1,
rome,rome/rome/grafo5468.42.graphml,42,58,C,repaired,4,6,5,refutation,2411,0.006,1,
rome,rome/rome/grafo5470.34.graphml,34,38,C,repaired,2,3,3,refutation,77,0.001,1,
rome,rome/rome/grafo5471.39.graphml,39,53,C,repaired,4,6,5,refutation,1864,0.009,1,
rome,rome/rome/grafo5439.78.graphml,78,106,C,repaired,5,7,7,refutation,448426,0.407,1,
rome,rome/rome/grafo5476.43.graphml,43,51,C,repaired,3,5,4,refutation,975,0.004,1,
rome,rome/rome/grafo5477.42.graphml,42,50,C,repaired,3,5,4,refutation,1128,0.005,1,
rome,rome/rome/grafo5478.32.graphml,32,42,C,repaired,4,4,4,bound,0,0.001,1,
rome,rome/rome/grafo5472.43.graphml,43,58,C,repaired,4,6,6,refutation,11871,0.055,1,
rome,rome/rome/grafo5473.46.graphml,46,64,C,repaired,4,6,5,refutation,2202,0.011,1,
rome,rome/rome/grafo5474.48.graphml,48,69,C,repaired,4,6,5,refutation,3219,0.012,1,
rome,rome/rome/grafo5475.40.graphml,40,50,C,repaired,3,4,4,refutation,434,0.002,1,
rome,rome/rome/grafo5479.41.graphml,41,50,C,repaired,3,4,4,refutation,575,0.004,1,
rome,rome/rome/grafo5411.77.graphml,77,100,C,repaired,5,8,8,refutation,1099074,0.92,1,
rome,rome/rome/grafo548.13.graphml,13,12,C,repaired,1,2,2,refutation,12,0.001,1,
rome,rome/rome/grafo5469.81.graphml,81,98,C,repaired,4,6,6,refutation,159052,0.177,1,
rome,rome/rome/grafo5482.36.graphml,36,46,C,repaired,4,5,4,bound,129,0.002,1,
rome,rome/rome/grafo5484.31.graphml,31,32,C,repaired,2,3,3,refutation,183,0.001,1,
rome,rome/rome/grafo5480.46.graphml,46,63,C,repaired,5,7,6,refutation,8435,0.037,1,
rome,rome/rome/grafo5485.34.graphml,34,43,C,repaired,4,5,5,refutation,1588,0.01,1,
rome,rome/rome/grafo5487.36.graphml,36,40,C,repaired,3,3,3,bound,0,0.001,1,
rome,rome/rome/grafo549.15.graphml,15,19,C,repaired,3,3,3,bound,0,0.0,1,
rome,rome/rome/grafo5486.43.graphml,43,54,C,repaired,4,5,5,refutation,3547,0.02,1,
rome,rome/rome/grafo5483.60.graphml,60,75,C,repaired,4,6,5,refutation,10889,0.043,1,
rome,rome/rome/grafo5490.53.graphml,53,65,C,repaired,4,5,5,refutation,19710,0.049,1,
rome,rome/rome/grafo5492.47.graphml,47,61,C,repaired,4,5,5,refutation,7404,0.019,1,
rome,rome/rome/grafo5488.58.graphml,58,77,C,repaired,5,6,6,refutation,40152,0.061,1,
rome,rome/rome/grafo5495.34.graphml,34,43,C,repaired,3,4,4,refutation,425,0.003,1,
rome,rome/rome/grafo5413.77.graphml,77,101,C,repaired,5,8,8,refutation,1082015,1.097,1,
rome,rome/rome/grafo5493.35.graphml,35,53,C,repaired,4,5,5,refutation,512,0.005,1,
rome,rome/rome/grafo5494.54.graphml,54,73,C,repaired,4,7,6,refutation,18945,0.045,1,
rome,rome/rome/grafo5498.34.graphml,34,41,C,repaired,3,4,4,refutation,320,0.002,1,
rome,rome/rome/grafo5499.38.graphml,38,48,C,repaired,4,5,4,bound,32,0.002,1,
rome,rome/rome/grafo550.15.graphml,15,19,C,repaired,3,3,3,bound,0,0.0,1,
rome,rome/rome/grafo5489.78.graphml,78,95,C,repaired,5,6,6,refutation,103823,0.133,1,
rome,rome/rome/grafo5496.44.graphml,44,58,C,repaired,4,5,4,bound,168,0.005,1,
rome,rome/rome/grafo5500.37.graphml,37,48,C,repaired,4,6,5,refutation,1609,0.007,1,
rome,rome/rome/grafo5501.48.graphml,48,65,C,repaired,5,6,6,refutation,10983,0.035,1,
rome,rome/rome/grafo5504.40.graphml,40,53,C,repaired,4,5,4,bound,237,0.003,1,
rome,rome/rome/grafo5502.37.graphml,37,50,C,repaired,4,5,5,refutation,1172,0.006,1,
rome,rome/rome/grafo5481.62.graphml,62,101,C,repaired,6,10,9,refutation,344401,0.306,1,
rome,rome/rome/grafo5491.74.graphml,74,97,C,repaired,5,7,7,refutation,208282,0.212,1,
rome,rome/rome/grafo5506.43.graphml,43,65,C,repaired,5,6,6,refutation,6097,0.02,1,
rome,rome/rome/grafo5507.46.graphml,46,62,C,repaired,4,6,5,refutation,2832,0.013,1,
rome,rome/rome/grafo5510.34.graphml,34,44,C,repaired,4,5,4,bound,154,0.002,1,
rome,rome/rome/grafo551.23.graphml,23,29,C,repaired,2,3,3,refutation,59,0.001,1,
rome,rome/rome/grafo5505.35.graphml,35,40,C,repaired,3,4,4,refutation,541,0.002,1,
rome,rome/rome/grafo5508.33.graphml,33,41,C,repaired,3,4,4,refutation,238,0.001,1,
rome,rome/rome/grafo5509.46.graphml,46,66,C,repaired,5,7,7,refutation,28496,0.055,1,
rome,rome/rome/grafo5497.77.graphml,77,95,C,repaired,4,7,6,refutation,158247,0.219,1,
rome,rome/rome/grafo5511.43.graphml,43,63,C,repaired,4,7,6,refutation,6161,0.018,1,
rome,rome/rome/grafo5515.43.graphml,43,64,C,repaired,5,6,6,refutation,5672,0.02,1,
rome,rome/rome/grafo5512.35.graphml,35,40,C,repaired,3,4,3,bound,36,0.001,1,
rome,rome/rome/grafo5514.39.graphml,39,46,C,repaired,3,5,4,refutation,876,0.006,1,
rome,rome/rome/grafo5517.37.graphml,37,42,C,repaired,3,4,3,bound,252,0.002,1,
rome,rome/rome/grafo5518.56.graphml,56,72,C,repaired,5,6,5,bound,436,0.004,1,
rome,rome/rome/grafo5519.43.graphml,43,60,C,repaired,4,6,5,refutation,2543,0.012,1,
rome,rome/rome/grafo552.27.graphml,27,29,C,repaired,2,3,2,bound,26,0.001,1,
rome,rome/rome/grafo5521.36.graphml,36,40,C,repaired,3,4,4,refutation,776,0.004,1,
rome,rome/rome/grafo5522.35.graphml,35,40,C,repaired,3,3,3,bound,0,0.001,1,
rome,rome/rome/grafo5523.34.graphml,34,40,C,repaired,2,4,4,refutation,291,0.002,1,
rome,rome/rome/grafo5525.40.graphml,40,58,C,repaired,4,5,4,bound,67,0.002,1,
rome,rome/rome/grafo5520.35.graphml,35,43,C,repaired,4,4,4,bound,0,0.001,1,
rome,rome/rome/grafo5527.34.graphml,34,47,C,repaired,5,5,5,bound,0,0.001,1,
rome,rome/rome/grafo5528.36.graphml,36,44,C,repaired,4,4,4,bound,0,0.001,1,
rome,rome/rome/grafo5524.36.graphml,36,48,C,repaired,3,5,4,refutation,413,0.002,1,
rome,rome/rome/grafo5526.46.graphml,46,64,C,repaired,4,6,6,refutation,5283,0.018,1,
rome,rome/rome/grafo5449.82.graphml,82,101,C,repaired,5,7,7,refutation,902927,0.948,1,
rome,rome/rome/grafo553.16.graphml,16,15,C,repaired,1,3,2,refutation,30,0.001,1,
rome,rome/rome/grafo5531.37.graphml,37,42,C,repaired,3,4,3,bound,42,0.001,1,
rome,rome/rome/grafo5529.36.graphml,36,44,C,repaired,4,5,4,bound,30,0.001,1,
rome,rome/rome/grafo5535.44.graphml,44,47,C,repaired,2,4,3,refutation,426,0.003,1,
rome,rome/rome/grafo5536.38.graphml,38,50,C,repaired,5,6,5,bound,37,0.002,1,
rome,rome/rome/grafo5537.43.graphml,43,54,C,repaired,4,5,4,bound,39,0.002,1,
rome,rome/rome/grafo5513.71.graphml,71,93,C,repaired,5,7,7,refutation,193952,0.226,1,
rome,rome/rome/grafo5534.41.graphml,41,49,C,repaired,3,5,4,refutation,864,0.006,1,
rome,rome/rome/grafo5532.81.graphml,81,98,C,repaired,4,6,5,refutation,19396,0.042,1,
rome,rome/rome/grafo5533.47.graphml,47,61,C,repaired,5,6,6,refutation,23497,0.043,1,
rome,rome/rome/grafo5398.82.graphml,82,111,C,repaired,6,9,9,refutation,1690585,1.866,1,
rome,rome/rome/grafo5503.78.graphml,78,97,C,repaired,4,7,7,refutation,484419,0.444,1,
rome,rome/rome/grafo5538.58.graphml,58,76,C,repaired,5,7,6,refutation,30761,0.062,1,
rome,rome/rome/grafo554.10.graphml,10,9,C,repaired,1,2,2,refutation,10,0.0,1,
rome,rome/rome/grafo5539.36.graphml,36,45,C,repaired,3,4,4,refutation,333,0.002,1,
rome,rome/rome/grafo5543.32.graphml,32,37,C,repaired,2,3,3,refutation,142,0.001,1,
rome,rome/rome/grafo5545.40.graphml,40,62,C,repaired,5,7,6,refutation,3281,0.013,1,
rome,rome/rome/grafo5547.33.graphml,33,41,C,repaired,3,4,3,bound,40,0.001,1,
rome,rome/rome/grafo5548.42.graphml,42,51,C,repaired,3,4,4,refutation,1038,0.006,1,
rome,rome/rome/grafo5542.60.graphml,60,76,C,repaired,4,6,5,refutation,14614,0.036,1,
rome,rome/rome/grafo555.12.graphml,12,13,C,repaired,2,2,2,bound,0,0.0,1,
rome,rome/rome/grafo5549.41.graphml,41,61,C,repaired,5,6,6,refutation,4230,0.018,1,
rome,rome/rome/grafo5550.42.graphml,42,57,C,repaired,4,5,5,refutation,1840,0.007,1,
rome,rome/rome/grafo5530.77.graphml,77,96,C,repaired,5,7,6,refutation,96605,0.214,1,
rome,rome/rome/grafo5546.36.graphml,36,52,C,repaired,4,6,6,refutation,2370,0.007,1,
rome,rome/rome/grafo5553.37.graphml,37,46,C,repaired,4,5,5,refutation,1605,0.007,1,
rome,rome/rome/grafo5554.44.graphml,44,61,C,repaired,4,6,5,refutation,2430,0.008,1,
rome,rome/rome/grafo5555.39.graphml,39,53,C,repaired,4,5,5,refutation,1041,0.004,1,
rome,rome/rome/grafo5556.34.graphml,34,39,C,repaired,3,4,4,refutation,497,0.003,1,
rome,rome/rome/grafo5557.42.graphml,42,50,C,repaired,3,4,4,refutation,1301,0.005,1,
rome,rome/rome/grafo5559.61.graphml,61,75,C,repaired,5,6,5,bound,369,0.004,1,
rome,rome/rome/grafo5551.37.graphml,37,44,C,repaired,3,4,4,refutation,749,0.01,1,
rome,rome/rome/grafo5552.47.graphml,47,57,C,repaired,4,6,5,refutation,5361,0.019,1,
rome,rome/rome/grafo556.15.graphml,15,17,C,repaired,2,3,3,refutation,45,0.001,1,
rome,rome/rome/grafo5561.36.graphml,36,38,C,repaired,2,3,3,refutation,226,0.002,1,
rome,rome/rome/grafo5560.45.graphml,45,60,C,repaired,4,6,5,refutation,4600,0.013,1,
rome,rome/rome/grafo5541.69.graphml,69,86,C,repaired,4,6,6,refutation,75710,0.226,1,
rome,rome/rome/grafo5567.39.graphml,39,52,C,repaired,4,5,5,refutation,2059,0.006,1,
rome,rome/rome/grafo5562.38.graphml,38,48,C,repaired,4,4,4,bound,0,0.001,1,
rome,rome/rome/grafo5565.41.graphml,41,53,C,repaired,3,6,5,refutation,2468,0.009,1,
rome,rome/rome/grafo5568.40.graphml,40,59,C,repaired,4,6,5,refutation,1500,0.006,1,
rome,rome/rome/grafo5569.37.graphml,37,46,C,repaired,3,4,4,refutation,698,0.003,1,
rome,rome/rome/grafo5563.42.graphml,42,52,C,repaired,4,5,5,refutation,4565,0.011,1,
rome,rome/rome/grafo5566.43.graphml,43,58,C,repaired,4,5,5,refutation,2531,0.009,1,
rome,rome/rome/grafo557.11.graphml,11,12,C,repaired,2,2,2,bound,0,0.0,1,
rome,rome/rome/grafo5516.64.graphml,64,98,C,repaired,7,9,9,refutation,606784,0.608,1,
rome,rome/rome/grafo5570.37.graphml,37,49,C,repaired,3,4,4,refutation,304,0.003,1,
rome,rome/rome/grafo5574.35.graphml,35,37,C,repaired,2,3,3,refutation,141,0.001,1,
rome,rome/rome/grafo5571.39.graphml,39,55,C,repaired,4,6,5,refutation,1795,0.014,1,
rome,rome/rome/grafo5544.67.graphml,67,86,C,repaired,5,7,7,refutation,343361,0.344,1,
rome,rome/rome/grafo5564.68.graphml,68,94,C,repaired,6,8,7,refutation,73261,0.106,1,
rome,rome/rome/grafo5578.36.graphml,36,41,C,repaired,3,4,3,bound,37,0.002,1,
rome,rome/rome/grafo5573.34.graphml,34,42,C,repaired,3,4,3,bound,29,0.001,1,
rome,rome/rome/grafo5579.39.graphml,39,46,C,repaired,3,5,4,refutation,978,0.006,1,
rome,rome/rome/grafo558.15.graphml,15,19,C,repaired,3,3,3,bound,0,0.0,1,
rome,rome/rome/grafo5575.39.graphml,39,49,C,repaired,4,5,5,refutation,2555,0.012,1,
rome,rome/rome/grafo5582.38.graphml,38,59,C,repaired,4,5,5,refutation,610,0.003,1,
rome,rome/rome/grafo5583.33.graphml,33,42,C,repaired,4,5,4,bound,93,0.001,1,
rome,rome/rome/grafo5576.59.graphml,59,84,C,repaired,5,7,6,refutation,28584,0.047,1,
rome,rome/rome/grafo5580.47.graphml,47,57,C,repaired,4,5,4,bound,52,0.002,1,
rome,rome/rome/grafo5581.45.graphml,45,62,C,repaired,3,6,6,refutation,8164,0.029,1,
rome,rome/rome/grafo5587.48.graphml,48,55,C,repaired,3,5,4,refutation,888,0.005,1,
rome,rome/rome/grafo5585.34.graphml,34,41,C,repaired,3,4,4,refutation,453,0.002,1,
rome,rome/rome/grafo5589.44.graphml,44,59,C,repaired,4,5,5,refutation,2084,0.01,1,
rome,rome/rome/grafo5591.38.graphml,38,49,C,repaired,3,5,4,refutation,500,0.003,1,
rome,rome/rome/grafo5584.48.graphml,48,63,C,repaired,4,6,4,bound,713,0.006,1,
rome,rome/rome/grafo5590.44.graphml,44,49,C,repaired,3,5,4,refutation,1706,0.008,1,
rome,rome/rome/grafo5592.48.graphml,48,59,C,repaired,3,6,5,refutation,4774,0.014,1,
rome,rome/rome/grafo559.13.graphml,13,15,C,repaired,2,2,2,bound,0,0.0,1,
rome,rome/rome/grafo5593.34.graphml,34,41,C,repaired,3,4,4,refutation,408,0.002,1,
rome,rome/rome/grafo5595.42.graphml,42,56,C,repaired,4,5,5,refutation,2074,0.008,1,
rome,rome/rome/grafo5596.37.graphml,37,53,C,repaired,4,5,4,bound,553,0.003,1,
rome,rome/rome/grafo5540.75.graphml,75,95,C,repaired,6,8,7,refutation,388992,0.558,1,
rome,rome/rome/grafo5597.36.graphml,36,43,C,repaired,4,5,4,bound,31,0.002,1,
rome,rome/rome/grafo560.18.graphml,18,19,C,repaired,2,2,2,bound,0,0.0,1,
rome,rome/rome/grafo5601.35.graphml,35,38,C,repaired,2,3,3,refutation,136,0.002,1,
rome,rome/rome/grafo5602.45.graphml,45,64,C,repaired,4,6,5,refutation,2881,0.011,1,
rome,rome/rome/grafo5598.37.graphml,37,48,C,repaired,4,5,5,refutation,1688,0.007,1,
rome,rome/rome/grafo5600.59.graphml,59,78,C,repaired,4,6,5,refutation,8825,0.033,1,
rome,rome/rome/grafo5603.38.graphml,38,52,C,repaired,4,5,5,refutation,797,0.004,1,
rome,rome/rome/grafo5558.80.graphml,80,108,C,repaired,5,8,7,refutation,297695,0.527,1,
rome,rome/rome/grafo5588.75.graphml,75,96,C,repaired,4,7,6,refutation,133804,0.193,1,
rome,rome/rome/grafo5586.60.graphml,60,78,C,repaired,4,7,6,refutation,99700,0.205,1,
rome,rome/rome/grafo5604.39.graphml,39,61,C,repaired,4,5,5,refutation,758,0.004,1,
rome,rome/rome/grafo561.20.graphml,20,25,C,repaired,2,3,3,refutation,44,0.001,1,
rome,rome/rome/grafo5609.35.graphml,35,41,C,repaired,3,4,3,bound,355,0.002,1,
rome,rome/rome/grafo5599.65.graphml,65,87,C,repaired,5,8,7,refutation,169535,0.182,1,
rome,rome/rome/grafo5605.51.graphml,51,77,C,repaired,5,8,7,refutation,44687,0.082,1,
rome,rome/rome/grafo5607.38.graphml,38,52,C,repaired,4,5,5,refutation,1128,0.007,1,
rome,rome/rome/grafo5613.35.graphml,35,46,C,repaired,3,4,4,refutation,302,0.002,1,
rome,rome/rome/grafo5612.36.graphml,36,42,C,repaired,3,4,4,refutation,536,0.002,1,
rome,rome/rome/grafo5616.43.graphml,43,52,C,repaired,3,5,3,bound,120,0.002,1,
rome,rome/rome/grafo5617.45.graphml,45,54,C,repaired,3,5,4,refutation,1808,0.006,1,
rome,rome/rome/grafo5614.42.graphml,42,56,C,repaired,4,6,6,refutation,8658,0.024,1,
rome,rome/rome/grafo5615.38.graphml,38,46,C,repaired,4,5,4,bound,115,0.002,1,
rome,rome/rome/grafo5618.34.graphml,34,42,C,repaired,3,5,4,refutation,562,0.004,1,
rome,rome/rome/grafo5619.39.graphml,39,49,C,repaired,4,5,4,bound,27,0.001,1,
rome,rome/rome/grafo562.14.graphml,14,22,C,repaired,3,4,4,refutation,39,0.001,1,
rome,rome/rome/grafo5594.75.graphml,75,92,C,repaired,4,7,7,refutation,303040,0.353,1,
rome,rome/rome/grafo5620.42.graphml,42,51,C,repaired,4,6,5,refutation,3169,0.012,1,
rome,rome/rome/grafo5622.37.graphml,37,43,C,repaired,3,4,4,refutation,500,0.005,1,
rome,rome/rome/grafo5623.45.graphml,45,55,C,repaired,3,4,4,refutation,1129,0.005,1,
rome,rome/rome/grafo5621.43.graphml,43,54,C,repaired,4,6,5,refutation,3855,0.012,1,
rome,rome/rome/grafo5460.80.graphml,80,113,C,repaired,6,9,9,refutation,1586964,1.876,1,
rome,rome/rome/grafo5625.34.graphml,34,40,C,repaired,3,4,4,refutation,357,0.002,1,
rome,rome/rome/grafo5627.34.graphml,34,44,C,repaired,3,4,4,refutation,395,0.002,1,
rome,rome/rome/grafo5577.80.graphml,80,104,C,repaired,5,8,7,refutation,534446,0.581,1,
rome,rome/rome/grafo5610.62.graphml,62,95,C,repaired,6,8,8,refutation,215178,0.204,1,
rome,rome/rome/grafo5624.37.graphml,37,42,C,repaired,3,4,4,refutation,628,0.003,1,
rome,rome/rome/grafo5626.57.graphml,57,78,C,repaired,4,6,5,refutation,7678,0.023,1,
rome,rome/rome/grafo563.19.graphml,19,29,C,repaired,3,5,4,refutation,116,0.001,1,
rome,rome/rome/grafo5628.34.graphml,34,41,C,repaired,3,5,4,refutation,274,0.002,1,
rome,rome/rome/grafo5629.39.graphml,39,41,C,repaired,2,3,3,refutation,248,0.005,1,
rome,rome/rome/grafo5630.43.graphml,43,55,C,repaired,4,5,5,refutation,2641,0.009,1,
rome,rome/rome/grafo5636.44.graphml,44,49,C,repaired,3,4,3,bound,41,0.002,1,
rome,rome/rome/grafo564.12.graphml,12,11,C,repaired,1,1,1,bound,0,0.0,1,
rome,rome/rome/grafo5634.43.graphml,43,60,C,repaired,5,6,5,bound,39,0.002,1,
rome,rome/rome/grafo5632.36.graphml,36,43,C,repaired,3,5,5,refutation,1263,0.015,1,
rome,rome/rome/grafo5635.47.graphml,47,56,C,repaired,3,5,5,refutation,5321,0.02,1,
rome,rome/rome/grafo5637.41.graphml,41,49,C,repaired,4,5,5,refutation,6049,0.015,1,
rome,rome/rome/grafo5633.45.graphml,45,55,C,repaired,3,5,4,refutation,2050,0.011,1,
rome,rome/rome/grafo5638.36.graphml,36,43,C,repaired,3,4,4,refutation,455,0.005,1,
rome,rome/rome/grafo5639.77.graphml,77,94,C,repaired,4,6,5,refutation,13484,0.041,1,
rome,rome/rome/grafo5641.37.graphml,37,44,C,repaired,3,4,4,refutation,755,0.004,1,
rome,rome/rome/grafo5640.50.graphml,50,58,C,repaired,3,5,4,refutation,3944,0.011,1,
rome,rome/rome/grafo5642.46.graphml,46,68,C,repaired,5,6,6,refutation,5849,0.017,1,
rome,rome/rome/grafo5645.41.graphml,41,52,C,repaired,4,6,5,refutation,1490,0.006,1,
rome,rome/rome/grafo5646.33.graphml,33,38,C,repaired,3,4,3,bound,45,0.001,1,
rome,rome/rome/grafo5643.40.graphml,40,51,C,repaired,3,5,4,refutation,845,0.004,1,
rome,rome/rome/grafo5644.42.graphml,42,47,C,repaired,3,4,4,refutation,1379,0.007,1,
rome,rome/rome/grafo5631.67.graphml,67,85,C,repaired,5,8,7,refutation,196514,0.202,1,
rome,rome/rome/grafo5653.43.graphml,43,46,C,repaired,3,3,3,bound,0,0.001,1,
rome,rome/rome/grafo5649.40.graphml,40,46,C,repaired,3,4,3,bound,51,0.001,1,
rome,rome/rome/grafo5652.40.graphml,40,53,C,repaired,4,5,5,refutation,2351,0.01,1,
rome,rome/rome/grafo565.17.graphml,17,17,C,repaired,2,2,2,bound,0,0.0,1,
rome,rome/rome/grafo5651.41.graphml,41,56,C,repaired,5,6,5,bound,125,0.002,1,
rome,rome/rome/grafo5654.49.graphml,49,68,C,repaired,5,6,6,refutation,30223,0.056,1,
rome,rome/rome/grafo5655.35.graphml,35,43,C,repaired,3,4,4,refutation,364,0.002,1,
rome,rome/rome/grafo5659.46.graphml,46,60,C,repaired,4,6,5,refutation,6469,0.019,1,
rome,rome/rome/grafo566.18.graphml,18,20,C,repaired,2,3,2,bound,38,0.001,1,
rome,rome/rome/grafo5656.45.graphml,45,66,C,repaired,4,6,6,refutation,5459,0.023,1,
rome,rome/rome/grafo5662.37.graphml,37,47,C,repaired,3,4,4,refutation,329,0.002,1,
rome,rome/rome/grafo5657.33.graphml,33,43,C,repaired,4,6,5,refutation,1250,0.009,1,
rome,rome/rome/grafo5647.78.graphml,78,96,C,repaired,4,6,6,refutation,167227,0.173,1,
rome,rome/rome/grafo5661.48.graphml,48,58,C,repaired,3,4,4,refutation,858,0.01,1,
rome,rome/rome/grafo5663.34.graphml,34,39,C,repaired,3,4,4,refutation,306,0.002,1,
rome,rome/rome/grafo5648.77.graphml,77,94,C,repaired,5,7,6,refutation,131397,0.169,1,
rome,rome/rome/grafo5660.43.graphml,43,62,C,repaired,5,7,7,refutation,23916,0.053,1,
rome,rome/rome/grafo5666.43.graphml,43,56,C,repaired,4,5,4,bound,201,0.002,1,
rome,rome/rome/grafo5668.37.graphml,37,44,C,repaired,3,4,3,bound,135,0.002,1,
rome,rome/rome/grafo567.14.graphml,14,18,C,repaired,3,3,3,bound,0,0.0,1,
rome,rome/rome/grafo5665.67.graphml,67,83,C,repaired,4,6,5,refutation,16595,0.041,1,
rome,rome/rome/grafo5669.43.graphml,43,55,C,repaired,4,5,5,refutation,3182,0.011,1,
rome,rome/rome/grafo5670.37.graphml,37,40,C,repaired,2,3,3,refutation,150,0.002,1,
rome,rome/rome/grafo5667.36.graphml,36,40,C,repaired,3,4,3,bound,146,0.001,1,
rome,rome/rome/grafo5676.39.graphml,39,50,C,repaired,4,5,5,refutation,2714,0.009,1,
rome,rome/rome/grafo5611.76.graphml,76,102,C,repaired,5,8,8,refutation,823950,0.758,1,
rome,rome/rome/grafo5664.72.graphml,72,95,C,repaired,4,7,7,refutation,125593,0.149,1,
rome,rome/rome/grafo5675.40.graphml,40,44,C,repaired,2,4,3,refutation,222,0.006,1,
rome,rome/rome/grafo5674.38.graphml,38,48,C,repaired,4,4,4,bound,0,0.001,1,
rome,rome/rome/grafo568.20.graphml,20,21,C,repaired,2,3,2,bound,34,0.001,1,
rome,rome/rome/grafo5658.65.graphml,65,84,C,repaired,4,7,6,refutation,92954,0.231,1,
rome,rome/rome/grafo5671.55.graphml,55,83,C,repaired,6,8,7,refutation,129109,0.129,1,
rome,rome/rome/grafo5677.42.graphml,42,58,C,repaired,4,6,5,refutation,2223,0.012,1,
rome,rome/rome/grafo5679.60.graphml,60,76,C,repaired,5,6,5,bound,67,0.003,1,
rome,rome/rome/grafo5673.73.graphml,73,90,C,repaired,4,7,6,refutation,64690,0.133,1,
rome,rome/rome/grafo5680.37.graphml,37,53,C,repaired,5,6,6,refutation,2808,0.016,1,
rome,rome/rome/grafo5672.48.graphml,48,70,C,repaired,6,8,7,refutation,26636,0.099,1,
rome,rome/rome/grafo5683.39.graphml,39,52,C,repaired,4,5,4,bound,47,0.001,1,
rome,rome/rome/grafo5684.78.graphml,78,95,C,repaired,5,6,5,bound,167,0.011,1,
rome,rome/rome/grafo5687.43.graphml,43,55,C,repaired,4,5,5,refutation,3627,0.011,1,
rome,rome/rome/grafo5688.34.graphml,34,44,C,repaired,3,4,4,refutation,249,0.002,1,
rome,rome/rome/grafo5608.74.graphml,74,104,C,repaired,6,9,8,refutation,1042030,1.018,1,
rome,rome/rome/grafo5682.38.graphml,38,47,C,repaired,3,3,3,bound,0,0.004,1,
rome,rome/rome/grafo5686.37.graphml,37,47,C,repaired,4,5,5,refutation,1276,0.007,1,
rome,rome/rome/grafo5692.35.graphml,35,48,C,repaired,4,5,5,refutation,591,0.004,1,
rome,rome/rome/grafo5685.62.graphml,62,90,C,repaired,6,8,7,refutation,81684,0.119,1,
rome,rome/rome/grafo569.28.graphml,28,31,C,repaired,2,3,2,bound,112,0.004,1,
rome,rome/rome/grafo5691.46.graphml,46,54,C,repaired,3,4,4,refutation,2359,0.008,1,
rome,rome/rome/grafo5693.34.graphml,34,46,C,repaired,4,4,4,bound,0,0.001,1,
rome,rome/rome/grafo5690.74.graphml,74,89,C,repaired,4,6,5,refutation,15360,0.043,1,
rome,rome/rome/grafo5695.34.graphml,34,41,C,repaired,4,4,4,bound,0,0.001,1,
rome,rome/rome/grafo5694.45.graphml,45,63,C,repaired,5,7,6,refutation,15336,0.03,1,
rome,rome/rome/grafo5696.42.graphml,42,55,C,repaired,5,6,5,bound,151,0.003,1,
rome,rome/rome/grafo5293.76.graphml,76,108,C,repaired,6,10,9,refutation,5359289,4.966,1,
rome,rome/rome/grafo5698.37.graphml,37,46,C,repaired,4,4,4,bound,0,0.001,1,
rome,rome/rome/grafo5700.36.graphml,36,49,C,repaired,4,5,5,refutation,622,0.003,1,
rome,rome/rome/grafo5702.33.graphml,33,47,C,repaired,4,5,4,bound,64,0.001,1,
rome,rome/rome/grafo5703.38.graphml,38,41,C,repaired,3,4,3,bound,34,0.001,1,
rome,rome/rome/grafo5697.40.graphml,40,59,C,repaired,4,6,5,refutation,2144,0.008,1,
rome,rome/rome/grafo570.16.graphml,16,21,C,repaired,2,3,3,refutation,20,0.0,1,
rome,rome/rome/grafo5701.45.graphml,45,58,C,repaired,4,6,5,refutation,2302,0.012,1,
rome,rome/rome/grafo5707.47.graphml,47,57,C,repaired,4,5,4,bound,40,0.002,1,
rome,rome/rome/grafo5705.46.graphml,46,67,C,repaired,5,7,6,refutation,5249,0.024,1,
rome,rome/rome/grafo5706.62.graphml,62,87,C,repaired,4,8,6,refutation,41139,0.069,1,
rome,rome/rome/grafo571.12.graphml,12,11,C,repaired,1,2,2,refutation,12,0.0,1,
rome,rome/rome/grafo5710.47.graphml,47,62,C,repaired,4,5,5,refutation,2261,0.008,1,
rome,rome/rome/grafo5711.38.graphml,38,44,C,repaired,3,5,4,refutation,774,0.006,1,
rome,rome/rome/grafo5708.48.graphml,48,75,C,repaired,6,8,7,refutation,10274,0.026,1,
rome,rome/rome/grafo5709.59.graphml,59,76,C,repaired,5,7,6,refutation,43352,0.072,1,
rome,rome/rome/grafo5714.40.graphml,40,52,C,repaired,4,5,5,refutation,2462,0.009,1,
rome,rome/rome/grafo5715.47.graphml,47,69,C,repaired,5,7,6,refutation,8221,0.025,1,
rome,rome/rome/grafo5713.46.graphml,46,66,C,repaired,5,7,6,refutation,6805,0.029,1,
rome,rome/rome/grafo5716.40.graphml,40,54,C,repaired,4,6,5,refutation,1346,0.005,1,
rome,rome/rome/grafo5712.36.graphml,36,42,C,repaired,3,4,4,refutation,497,0.005,1,
rome,rome/rome/grafo5678.77.graphml,77,101,C,repaired,5,8,7,refutation,453921,0.454,1,
rome,rome/rome/grafo5719.40.graphml,40,64,C,repaired,5,7,6,refutation,4416,0.016,1,
rome,rome/rome/grafo572.17.graphml,17,18,C,repaired,2,3,2,bound,15,0.001,1,
rome,rome/rome/grafo5718.46.graphml,46,50,C,repaired,3,4,3,bound,35,0.004,1,
rome,rome/rome/grafo5717.41.graphml,41,51,C,repaired,4,5,5,refutation,3251,0.013,1,
rome,rome/rome/grafo5723.43.graphml,43,59,C,repaired,4,6,5,refutation,1421,0.005,1,
rome,rome/rome/grafo5724.34.graphml,34,39,C,repaired,3,4,3,bound,66,0.001,1,
rome,rome/rome/grafo5721.49.graphml,49,64,C,repaired,3,5,5,refutation,5145,0.031,1,
rome,rome/rome/grafo5722.44.graphml,44,55,C,repaired,3,5,4,refutation,771,0.006,1,
rome,rome/rome/grafo5720.47.graphml,47,64,C,repaired,5,6,6,refutation,8425,0.036,1,
rome,rome/rome/grafo5727.43.graphml,43,58,C,repaired,4,6,5,refutation,1460,0.007,1,
rome,rome/rome/grafo5726.45.graphml,45,57,C,repaired,4,7,6,refutation,12930,0.026,1,
rome,rome/rome/grafo5689.61.graphml,61,88,C,repaired,5,8,8,refutation,573688,0.57,1,
rome,rome/rome/grafo5731.45.graphml,45,70,C,repaired,5,7,6,refutation,4736,0.013,1,
rome,rome/rome/grafo5733.39.graphml,39,50,C,repaired,4,5,5,refutation,1412,0.006,1,
rome,rome/rome/grafo5729.53.graphml,53,75,C,repaired,5,7,6,refutation,53887,0.08,1,
rome,rome/rome/grafo573.13.graphml,13,19,C,repaired,3,4,3,bound,10,0.003,1,
rome,rome/rome/grafo5730.33.graphml,33,41,C,repaired,4,4,4,bound,0,0.005,1,
rome,rome/rome/grafo5728.60.graphml,60,87,C,repaired,6,7,7,refutation,78239,0.107,1,
rome,rome/rome/grafo5732.45.graphml,45,61,C,repaired,4,6,5,refutation,2923,0.006,1,
rome,rome/rome/grafo5725.76.graphml,76,95,C,repaired,4,7,6,refutation,130429,0.187,1,
rome,rome/rome/grafo5736.37.graphml,37,48,C,repaired,4,5,4,bound,45,0.001,1,
rome,rome/rome/grafo5734.36.graphml,36,52,C,repaired,5,6,6,refutation,3610,0.015,1,
rome,rome/rome/grafo5737.34.graphml,34,37,C,repaired,2,3,3,refutation,132,0.001,1,
rome,rome/rome/grafo5738.35.graphml,35,44,C,repaired,3,4,4,refutation,489,0.005,1,
rome,rome/rome/grafo574.12.graphml,12,19,C,repaired,3,4,3,bound,10,0.0,1,
rome,rome/rome/grafo5742.39.graphml,39,56,C,repaired,5,6,6,refutation,4024,0.012,1,
rome,rome/rome/grafo5741.42.graphml,42,58,C,repaired,5,6,6,refutation,11833,0.039,1,
rome,rome/rome/grafo5744.34.graphml,34,44,C,repaired,4,4,4,bound,0,0.001,1,
rome,rome/rome/grafo5699.85.graphml,85,103,C,repaired,5,7,7,refutation,606559,0.64,1,
rome,rome/rome/grafo5746.45.graphml,45,55,C,repaired,3,5,4,refutation,1351,0.01,1,
rome,rome/rome/grafo5747.40.graphml,40,50,C,repaired,4,5,5,refutation,2799,0.006,1,
rome,rome/rome/grafo5748.57.graphml,57,76,C,repaired,4,6,5,refutation,4971,0.018,1,
rome,rome/rome/grafo5749.36.graphml,36,41,C,repaired,3,4,3,bound,37,0.001,1,
rome,rome/rome/grafo575.25.graphml,25,29,C,repaired,3,4,3,bound,45,0.001,1,
rome,rome/rome/grafo5745.50.graphml,50,76,C,repaired,6,8,8,refutation,49464,0.085,1,
rome,rome/rome/grafo5753.46.graphml,46,56,C,repaired,4,5,4,bound,352,0.003,1,
rome,rome/rome/grafo5750.44.graphml,44,62,C,repaired,5,6,6,refutation,8280,0.031,1,
rome,rome/rome/grafo5752.35.graphml,35,45,C,repaired,4,4,4,bound,0,0.004,1,
rome,rome/rome/grafo5756.32.graphml,32,36,C,repaired,3,4,3,bound,54,0.001,1,
rome,rome/rome/grafo5743.61.graphml,61,92,C,repaired,6,9,8,refutation,169746,0.188,1,
rome,rome/rome/grafo5740.61.graphml,61,90,C,repaired,5,8,8,refutation,299379,0.287,1,
rome,rome/rome/grafo5759.35.graphml,35,39,C,repaired,3,3,3,bound,0,0.001,1,
rome,rome/rome/grafo5751.60.graphml,60,75,C,repaired,5,6,6,refutation,118524,0.127,1,
rome,rome/rome/grafo576.12.graphml,12,14,C,repaired,2,2,2,bound,0,0.0,1,
rome,rome/rome/grafo5754.62.graphml,62,89,C,repaired,5,7,7,refutation,128576,0.14,1,
rome,rome/rome/grafo5761.38.graphml,38,46,C,repaired,4,4,4,bound,0,0.001,1,
rome,rome/rome/grafo5735.77.graphml,77,100,C,repaired,5,8,7,refutation,293091,0.378,1,
rome,rome/rome/grafo5704.78.graphml,78,107,C,repaired,5,8,8,refutation,978152,0.86,1,
rome,rome/rome/grafo5763.39.graphml,39,54,C,repaired,4,5,5,refutation,761,0.004,1,
rome,rome/rome/grafo5760.43.graphml,43,55,C,repaired,3,5,5,refutation,3770,0.014,1,
rome,rome/rome/grafo5762.39.graphml,39,59,C,repaired,4,6,6,refutation,3292,0.011,1,
rome,rome/rome/grafo5370.80.graphml,80,111,C,repaired,5,9,9,refutation,5258639,5.112,1,
rome,rome/rome/grafo5764.36.graphml,36,43,C,repaired,4,5,4,bound,96,0.001,1,
rome,rome/rome/grafo5765.44.graphml,44,59,C,repaired,4,6,5,refutation,2170,0.012,1,
rome,rome/rome/grafo5767.44.graphml,44,55,C,repaired,4,5,5,refutation,2855,0.01,1,
rome,rome/rome/grafo5768.43.graphml,43,50,C,repaired,3,4,3,bound,30,0.001,1,
rome,rome/rome/grafo577.13.graphml,13,14,C,repaired,2,2,2,bound,0,0.0,1,
rome,rome/rome/grafo5766.46.graphml,46,72,C,repaired,5,7,6,refutation,3670,0.009,1,
rome,rome/rome/grafo5769.35.graphml,35,40,C,repaired,3,4,4,refutation,490,0.004,1,
rome,rome/rome/grafo5606.77.graphml,77,111,C,repaired,6,9,9,refutation,2402355,2.211,1,
rome,rome/rome/grafo5770.33.graphml,33,38,C,repaired,2,3,3,refutation,78,0.001,1,
rome,rome/rome/grafo5772.40.graphml,40,49,C,repaired,3,4,3,bound,58,0.002,1,
rome,rome/rome/grafo5773.41.graphml,41,50,C,repaired,3,5,4,refutation,1210,0.004,1,
rome,rome/rome/grafo5774.42.graphml,42,53,C,repaired,4,4,4,bound,0,0.001,1,
rome,rome/rome/grafo5776.36.graphml,36,45,C,repaired,4,4,4,bound,0,0.001,1,
rome,rome/rome/grafo5771.42.graphml,42,51,C,repaired,3,4,4,refutation,816,0.005,1,
rome,rome/rome/grafo5775.45.graphml,45,63,C,repaired,5,6,6,refutation,8542,0.024,1,
rome,rome/rome/grafo5777.38.graphml,38,49,C,repaired,4,5,5,refutation,1639,0.013,1,
rome,rome/rome/grafo5778.46.graphml,46,69,C,repaired,5,7,6,refutation,7468,0.032,1,
rome,rome/rome/grafo5757.69.graphml,69,100,C,repaired,6,9,8,refutation,318134,0.302,1,
rome,rome/rome/grafo578.26.graphml,26,27,C,repaired,2,3,2,bound,50,0.001,1,
rome,rome/rome/grafo5783.36.graphml,36,46,C,repaired,4,5,4,bound,34,0.001,1,
rome,rome/rome/grafo5782.36.graphml,36,43,C,repaired,3,4,4,refutation,352,0.006,1,
rome,rome/rome/grafo5779.45.graphml,45,57,C,repaired,4,5,5,refutation,4083,0.013,1,
rome,rome/rome/grafo5785.37.graphml,37,50,C,repaired,4,5,5,refutation,1514,0.007,1,
rome,rome/rome/grafo5786.43.graphml,43,53,C,repaired,3,5,4,refutation,819,0.004,1,
rome,rome/rome/grafo5650.78.graphml,78,106,C,repaired,6,9,8,refutation,1828725,1.801,1,
rome,rome/rome/grafo5781.35.graphml,35,43,C,repaired,3,4,4,refutation,320,0.002,1,
rome,rome/rome/grafo5784.66.graphml,66,84,C,repaired,5,6,6,refutation,47649,0.077,1,
rome,rome/rome/grafo5787.33.graphml,33,40,C,repaired,3,4,4,refutation,318,0.003,1,
rome,rome/rome/grafo5789.39.graphml,39,58,C,repaired,5,6,6,refutation,3396,0.012,1,
rome,rome/rome/grafo579.35.graphml,35,37,C,repaired,2,3,2,bound,46,0.001,1,
rome,rome/rome/grafo5793.45.graphml,45,52,C,repaired,3,4,4,refutation,1377,0.005,1,
rome,rome/rome/grafo5788.64.graphml,64,77,C,repaired,4,6,5,refutation,11805,0.044,1,
rome,rome/rome/grafo5792.60.graphml,60,76,C,repaired,4,5,5,refutation,11223,0.036,1,
rome,rome/rome/grafo5796.37.graphml,37,54,C,repaired,5,6,6,refutation,3237,0.015,1,
rome,rome/rome/grafo5780.48.graphml,48,68,C,repaired,5,7,6,refutation,7520,0.072,1,
rome,rome/rome/grafo5790.37.graphml,37,46,C,repaired,3,5,5,refutation,1885,0.008,1,
rome,rome/rome/grafo5791.44.graphml,44,62,C,repaired,5,7,6,refutation,13328,0.032,1,
rome,rome/rome/grafo5794.54.graphml,54,71,C,repaired,5,7,6,refutation,36033,0.07,1,
rome,rome/rome/grafo5755.61.graphml,61,85,C,repaired,5,8,8,refutation,412632,0.52,1,
rome,rome/rome/grafo5797.47.graphml,47,64,C,repaired,4,6,5,refutation,3544,0.015,1,
rome,rome/rome/grafo580.29.graphml,29,37,C,repaired,3,5,4,refutation,465,0.002,1,
rome,rome/rome/grafo5800.34.graphml,34,39,C,repaired,3,4,3,bound,170,0.001,1,
rome,rome/rome/grafo5795.44.graphml,44,66,C,repaired,5,7,7,refutation,11230,0.022,1,
rome,rome/rome/grafo5798.39.graphml,39,55,C,repaired,4,5,5,refutation,1021,0.006,1,
rome,rome/rome/grafo5802.34.graphml,34,41,C,repaired,3,3,3,bound,0,0.001,1,
rome,rome/rome/grafo5801.45.graphml,45,55,C,repaired,4,5,4,bound,777,0.008,1,
rome,rome/rome/grafo5803.45.graphml,45,50,C,repaired,3,4,3,bound,327,0.002,1,
rome,rome/rome/grafo5804.37.graphml,37,46,C,repaired,3,4,4,refutation,363,0.002,1,
rome,rome/rome/grafo5805.42.graphml,42,53,C,repaired,3,5,4,refutation,541,0.004,1,
rome,rome/rome/grafo5807.32.graphml,32,41,C,repaired,4,5,5,refutation,501,0.003,1,
rome,rome/rome/grafo5808.33.graphml,33,38,C,repaired,3,4,4,refutation,394,0.002,1,
rome,rome/rome/grafo5809.36.graphml,36,45,C,repaired,4,4,4,bound,0,0.001,1,
rome,rome/rome/grafo5811.41.graphml,41,59,C,repaired,5,5,5,bound,0,0.001,1,
rome,rome/rome/grafo5806.48.graphml,48,65,C,repaired,4,7,6,refutation,17661,0.038,1,
rome,rome/rome/grafo581.23.graphml,23,35,C,repaired,4,4,4,bound,0,0.001,1,
rome,rome/rome/grafo5813.37.graphml,37,46,C,repaired,4,5,4,bound,116,0.002,1,
rome,rome/rome/grafo5816.33.graphml,33,37,C,repaired,3,3,3,bound,0,0.001,1,
rome,rome/rome/grafo5817.42.graphml,42,60,C,repaired,5,6,6,refutation,4582,0.014,1,
rome,rome/rome/grafo5810.59.graphml,59,79,C,repaired,5,7,6,refutation,27306,0.06,1,
rome,rome/rome/grafo5812.46.graphml,46,58,C,repaired,4,6,5,refutation,3215,0.013,1,
rome,rome/rome/grafo5815.34.graphml,34,39,C,repaired,3,4,3,bound,36,0.001,1,
rome,rome/rome/grafo5814.36.graphml,36,43,C,repaired,3,5,4,refutation,776,0.006,1,
rome,rome/rome/grafo5820.35.graphml,35,38,C,repaired,2,3,2,bound,96,0.001,1,
rome,rome/rome/grafo5822.36.graphml,36,45,C,repaired,4,5,4,bound,84,0.002,1,
rome,rome/rome/grafo5819.38.graphml,38,50,C,repaired,4,5,5,refutation,2755,0.015,1,
rome,rome/rome/grafo582.15.graphml,15,16,C,repaired,2,2,2,bound,0,0.0,1,
rome,rome/rome/grafo5821.33.graphml,33,43,C,repaired,3,4,4,refutation,224,0.002,1,
rome,rome/rome/grafo5823.41.graphml,41,60,C,repaired,5,6,6,refutation,5538,0.023,1,
rome,rome/rome/grafo5825.35.graphml,35,44,C,repaired,3,5,4,refutation,544,0.004,1,
rome,rome/rome/grafo5827.34.graphml,34,40,C,repaired,3,4,3,bound,54,0.001,1,
rome,rome/rome/grafo5829.34.graphml,34,41,C,repaired,3,4,4,refutation,592,0.003,1,
rome,rome/rome/grafo583.15.graphml,15,19,C,repaired,3,3,3,bound,0,0.0,1,
rome,rome/rome/grafo5830.40.graphml,40,47,C,repaired,2,3,3,refutation,122,0.001,1,
rome,rome/rome/grafo5758.60.graphml,60,86,C,repaired,5,9,8,refutation,1014878,0.791,1,
rome,rome/rome/grafo5834.31.graphml,31,36,C,repaired,3,3,3,bound,0,0.001,1,
rome,rome/rome/grafo5832.46.graphml,46,58,C,repaired,3,5,5,refutation,6314,0.021,1,
rome,rome/rome/grafo5828.43.graphml,43,52,C,repaired,3,4,4,refutation,1155,0.009,1,
rome,rome/rome/grafo5831.61.graphml,61,72,C,repaired,4,6,5,refutation,24763,0.053,1,
rome,rome/rome/grafo5833.39.graphml,39,54,C,repaired,4,5,5,refutation,777,0.006,1,
rome,rome/rome/grafo5837.36.graphml,36,56,C,repaired,5,6,5,bound,28,0.001,1,
rome,rome/rome/grafo5838.35.graphml,35,41,C,repaired,3,4,4,refutation,500,0.003,1,
rome,rome/rome/grafo5839.36.graphml,36,40,C,repaired,3,4,4,refutation,783,0.004,1,
rome,rome/rome/grafo5835.44.graphml,44,53,C,repaired,3,5,4,refutation,861,0.006,1,
rome,rome/rome/grafo584.25.graphml,25,29,C,repaired,3,3,3,bound,0,0.001,1,
rome,rome/rome/grafo5840.41.graphml,41,58,C,repaired,4,6,5,refutation,1947,0.009,1,
rome,rome/rome/grafo5824.77.graphml,77,95,C,repaired,4,7,6,refutation,53759,0.135,1,
rome,rome/rome/grafo5842.45.graphml,45,51,C,repaired,3,4,4,refutation,2373,0.011,1,
rome,rome/rome/grafo5847.35.graphml,35,41,C,repaired,3,3,3,bound,0,0.001,1,
rome,rome/rome/grafo5799.79.graphml,79,106,C,repaired,5,8,7,refutation,440407,0.429,1,
rome,rome/rome/grafo5836.78.graphml,78,95,C,repaired,4,6,5,refutation,17074,0.103,1,
rome,rome/rome/grafo5846.44.graphml,44,62,C,repaired,4,5,5,refutation,2215,0.009,1,
rome,rome/rome/grafo5843.38.graphml,38,45,C,repaired,3,4,3,bound,205,0.008,1,
rome,rome/rome/grafo5844.39.graphml,39,48,C,repaired,4,5,5,refutation,2543,0.01,1,
rome,rome/rome/grafo5848.32.graphml,32,39,C,repaired,4,5,4,bound,36,0.004,1,
rome,rome/rome/grafo585.15.graphml,15,16,C,repaired,2,2,2,bound,0,0.0,1,
rome,rome/rome/grafo5826.73.graphml,73,94,C,repaired,5,7,7,refutation,285042,0.291,1,
rome,rome/rome/grafo5845.55.graphml,55,80,C,repaired,5,7,6,refutation,41145,0.062,1,
rome,rome/rome/grafo5852.35.graphml,35,50,C,repaired,4,4,4,bound,0,0.001,1,
rome,rome/rome/grafo5853.57.graphml,57,80,C,repaired,5,7,5,bound,1503,0.007,1,
rome,rome/rome/grafo5850.43.graphml,43,56,C,repaired,4,6,5,refutation,4170,0.021,1,
rome,rome/rome/grafo5855.34.graphml,34,37,C,repaired,2,3,3,refutation,201,0.001,1,
rome,rome/rome/grafo5856.34.graphml,34,41,C,repaired,3,4,4,refutation,203,0.002,1,
rome,rome/rome/grafo5857.38.graphml,38,48,C,repaired,4,5,5,refutation,1547,0.008,1,
rome,rome/rome/grafo5849.57.graphml,57,82,C,repaired,5,7,6,refutation,8976,0.05,1,
rome,rome/rome/grafo5851.56.graphml,56,75,C,repaired,4,6,6,refutation,51981,0.076,1,
rome,rome/rome/grafo586.10.graphml,10,10,C,repaired,2,2,2,bound,0,0.0,1,
rome,rome/rome/grafo5858.63.graphml,63,83,C,repaired,4,7,6,refutation,42502,0.084,1,
rome,rome/rome/grafo5860.55.graphml,55,74,C,repaired,5,6,5,bound,517,0.003,1,
rome,rome/rome/grafo5867.42.graphml,42,52,C,repaired,4,5,4,bound,37,0.002,1,
rome,rome/rome/grafo5865.36.graphml,36,44,C,repaired,3,4,4,refutation,376,0.002,1,
rome,rome/rome/grafo5868.43.graphml,43,55,C,repaired,4,4,4,bound,0,0.002,1,
rome,rome/rome/grafo5869.45.graphml,45,60,C,repaired,4,5,5,refutation,3767,0.017,1,
rome,rome/rome/grafo587.10.graphml,10,10,C,repaired,2,2,2,bound,0,0.0,1,
rome,rome/rome/grafo5864.59.graphml,59,84,C,repaired,5,7,6,refutation,38071,0.072,1,
rome,rome/rome/grafo5871.39.graphml,39,52,C,repaired,4,6,6,refutation,3711,0.012,1,
rome,rome/rome/grafo5872.33.graphml,33,39,C,repaired,3,4,3,bound,57,0.001,1,
rome,rome/rome/grafo5841.76.graphml,76,100,C,repaired,5,8,7,refutation,278628,0.356,1,
rome,rome/rome/grafo5862.60.graphml,60,87,C,repaired,5,8,7,refutation,78642,0.12,1,
rome,rome/rome/grafo5875.37.graphml,37,44,C,repaired,3,4,4,refutation,587,0.006,1,
rome,rome/rome/grafo5878.44.graphml,44,56,C,repaired,4,5,4,bound,151,0.002,1,
rome,rome/rome/grafo5873.46.graphml,46,57,C,repaired,4,6,4,bound,445,0.005,1,
rome,rome/rome/grafo5877.37.graphml,37,54,C,repaired,5,6,5,bound,38,0.002,1,
rome,rome/rome/grafo5876.40.graphml,40,50,C,repaired,3,5,4,refutation,554,0.002,1,
rome,rome/rome/grafo5859.75.graphml,75,96,C,repaired,5,7,7,refutation,137076,0.265,1,
rome,rome/rome/grafo5879.36.graphml,36,42,C,repaired,3,4,3,bound,103,0.002,1,
rome,rome/rome/grafo588.19.graphml,19,20,C,repaired,2,2,2,bound,0,0.0,1,
rome,rome/rome/grafo5883.36.graphml,36,39,C,repaired,3,3,3,bound,0,0.001,1,
rome,rome/rome/grafo5882.34.graphml,34,40,C,repaired,4,5,4,bound,62,0.001,1,
rome,rome/rome/grafo5880.38.graphml,38,52,C,repaired,4,6,5,refutation,1923,0.013,1,
rome,rome/rome/grafo5886.41.graphml,41,58,C,repaired,4,6,5,refutation,2976,0.013,1,
rome,rome/rome/grafo5885.46.graphml,46,58,C,repaired,3,5,5,refutation,1567,0.004,1,
rome,rome/rome/grafo5887.44.graphml,44,52,C,repaired,3,5,4,refutation,1725,0.009,1,
rome,rome/rome/grafo5888.37.graphml,37,50,C,repaired,4,5,5,refutation,753,0.004,1,
rome,rome/rome/grafo5884.55.graphml,55,79,C,repaired,5,8,6,refutation,11307,0.048,1,
rome,rome/rome/grafo5889.60.graphml,60,84,C,repaired,5,7,5,bound,467,0.004,1,
rome,rome/rome/grafo589.12.graphml,12,13,C,repaired,2,2,2,bound,0,0.0,1,
rome,rome/rome/grafo5890.48.graphml,48,67,C,repaired,4,6,5,refutation,1104,0.007,1,
rome,rome/rome/grafo5893.38.graphml,38,52,C,repaired,4,5,5,refutation,1098,0.008,1,
rome,rome/rome/grafo5894.39.graphml,39,56,C,repaired,4,6,5,refutation,917,0.004,1,
rome,rome/rome/grafo5891.37.graphml,37,43,C,repaired,3,5,4,refutation,938,0.006,1,
rome,rome/rome/grafo5892.42.graphml,42,53,C,repaired,4,5,5,refutation,3826,0.02,1,
rome,rome/rome/grafo5895.41.graphml,41,52,C,repaired,3,5,4,refutation,1006,0.004,1,
rome,rome/rome/grafo5899.38.graphml,38,42,C,repaired,3,4,3,bound,28,0.001,1,
rome,rome/rome/grafo5870.80.graphml,80,107,C,repaired,6,8,7,refutation,498644,0.44,1,
rome,rome/rome/grafo590.15.graphml,15,22,C,repaired,3,3,3,bound,0,0.0,1,
rome,rome/rome/grafo5863.74.graphml,74,101,C,repaired,5,8,8,refutation,567264,0.635,1,
rome,rome/rome/grafo5900.46.graphml,46,60,C,repaired,4,6,5,refutation,4205,0.014,1,
rome,rome/rome/grafo5901.35.graphml,35,50,C,repaired,4,5,5,refutation,712,0.004,1,
rome,rome/rome/grafo5881.62.graphml,62,80,C,repaired,5,8,7,refutation,580275,0.382,1,
rome,rome/rome/grafo5903.38.graphml,38,48,C,repaired,4,6,5,refutation,1285,0.005,1,
rome,rome/rome/grafo5898.76.graphml,76,96,C,repaired,5,7,6,refutation,115081,0.161,1,
rome,rome/rome/grafo5905.46.graphml,46,56,C,repaired,4,6,5,refutation,2943,0.01,1,
rome,rome/rome/grafo5906.34.graphml,34,39,C,repaired,3,4,3,bound,36,0.001,1,
rome,rome/rome/grafo5904.37.graphml,37,50,C,repaired,4,5,5,refutation,762,0.006,1,
rome,rome/rome/grafo5907.58.graphml,58,85,C,repaired,4,7,5,refutation,4483,0.02,1,
rome,rome/rome/grafo591.25.graphml,25,26,C,repaired,2,3,2,bound,22,0.001,1,
rome,rome/rome/grafo5896.60.graphml,60,84,C,repaired,5,7,7,refutation,326938,0.257,1,
rome,rome/rome/grafo5854.78.graphml,78,111,C,repaired,6,9,8,refutation,927976,0.898,1,
rome,rome/rome/grafo5910.40.graphml,40,59,C,repaired,5,7,6,refutation,3664,0.011,1,
rome,rome/rome/grafo5909.47.graphml,47,63,C,repaired,4,6,6,refutation,13483,0.042,1,
rome,rome/rome/grafo5911.49.graphml,49,66,C,repaired,5,6,6,refutation,12553,0.042,1,
rome,rome/rome/grafo5915.45.graphml,45,54,C,repaired,3,5,4,refutation,1197,0.006,1,
rome,rome/rome/grafo5913.37.graphml,37,50,C,repaired,4,6,6,refutation,2011,0.011,1,
rome,rome/rome/grafo5874.76.graphml,76,104,C,repaired,6,9,8,refutation,806255,0.709,1,
rome,rome/rome/grafo5912.62.graphml,62,75,C,repaired,3,6,5,refutation,15411,0.06,1,
rome,rome/rome/grafo5916.44.graphml,44,55,C,repaired,4,5,4,bound,97,0.002,1,
rome,rome/rome/grafo5917.34.graphml,34,41,C,repaired,3,4,4,refutation,269,0.002,1,
rome,rome/rome/grafo5919.40.graphml,40,56,C,repaired,4,5,5,refutation,1206,0.005,1,
rome,rome/rome/grafo5918.45.graphml,45,65,C,repaired,5,6,5,bound,59,0.002,1,
rome,rome/rome/grafo592.14.graphml,14,14,C,repaired,2,2,2,bound,0,0.0,1,
rome,rome/rome/grafo5920.38.graphml,38,54,C,repaired,4,4,4,bound,0,0.001,1,
rome,rome/rome/grafo5921.38.graphml,38,52,C,repaired,4,6,5,refutation,1205,0.007,1,
rome,rome/rome/grafo5914.60.graphml,60,82,C,repaired,5,8,6,refutation,20929,0.103,1,
rome,rome/rome/grafo5922.42.graphml,42,54,C,repaired,4,6,5,refutation,2339,0.014,1,
rome,rome/rome/grafo5925.45.graphml,45,56,C,repaired,4,6,5,refutation,5215,0.022,1,
rome,rome/rome/grafo5923.65.graphml,65,92,C,repaired,5,7,6,refutation,35907,0.071,1,
rome,rome/rome/grafo5924.57.graphml,57,74,C,repaired,4,7,6,refutation,47766,0.074,1,
rome,rome/rome/grafo5927.37.graphml,37,52,C,repaired,4,5,5,refutation,907,0.006,1,
rome,rome/rome/grafo5926.43.graphml,43,62,C,repaired,4,7,5,refutation,3556,0.01,1,
rome,rome/rome/grafo593.12.graphml,12,15,C,repaired,2,2,2,bound,0,0.0,1,
rome,rome/rome/grafo5861.82.graphml,82,113,C,repaired,6,8,8,refutation,1203537,1.13,1,
rome,rome/rome/grafo5739.81.graphml,81,113,C,repaired,6,10,9,refutation,2710088,2.619,1,
rome,rome/rome/grafo5928.77.graphml,77,91,C,repaired,4,7,5,refutation,59215,0.095,1,
rome,rome/rome/grafo5930.55.graphml,55,77,C,repaired,5,8,6,refutation,30014,0.061,1,
rome,rome/rome/grafo5908.79.graphml,79,100,C,repaired,5,8,7,refutation,312137,0.448,1,
rome,rome/rome/grafo5935.36.graphml,36,42,C,repaired,3,5,4,refutation,449,0.003,1,
rome,rome/rome/grafo5936.46.graphml,46,61,C,repaired,4,6,5,refutation,3378,0.011,1,
rome,rome/rome/grafo5937.35.graphml,35,38,C,repaired,3,4,3,bound,452,0.003,1,
rome,rome/rome/grafo5931.46.graphml,46,63,C,repaired,4,6,6,refutation,6383,0.044,1,
rome,rome/rome/grafo5934.35.graphml,35,48,C,repaired,4,6,6,refutation,1545,0.004,1,
rome,rome/rome/grafo5932.44.graphml,44,54,C,repaired,3,5,4,refutation,1109,0.007,1,
rome,rome/rome/grafo594.11.graphml,11,11,C,repaired,2,2,2,bound,0,0.0,1,
rome,rome/rome/grafo5939.33.graphml,33,40,C,repaired,3,4,4,refutation,330,0.005,1,
rome,rome/rome/grafo5941.41.graphml,41,48,C,repaired,3,4,4,refutation,657,0.003,1,
rome,rome/rome/grafo5942.34.graphml,34,46,C,repaired,4,5,4,bound,136,0.002,1,
rome,rome/rome/grafo5943.39.graphml,39,49,C,repaired,3,4,4,refutation,560,0.003,1,
rome,rome/rome/grafo5902.74.graphml,74,102,C,repaired,5,9,8,refutation,575457,0.663,1,
rome,rome/rome/grafo5944.44.graphml,44,57,C,repaired,3,5,4,refutation,726,0.004,1,
rome,rome/rome/grafo5949.38.graphml,38,50,C,repaired,4,6,5,refutation,2106,0.007,1,
rome,rome/rome/grafo595.13.graphml,13,15,C,repaired,3,3,3,bound,0,0.0,1,
rome,rome/rome/grafo5940.73.graphml,73,89,C,repaired,4,7,6,refutation,49638,0.086,1,
rome,rome/rome/grafo5945.45.graphml,45,60,C,repaired,5,7,6,refutation,8373,0.025,1,
rome,rome/rome/grafo5946.39.graphml,39,55,C,repaired,3,5,4,refutation,674,0.005,1,
rome,rome/rome/grafo5947.34.graphml,34,44,C,repaired,3,4,4,refutation,459,0.002,1,
rome,rome/rome/grafo5950.43.graphml,43,56,C,repaired,4,6,5,refutation,3460,0.016,1,
rome,rome/rome/grafo5951.34.graphml,34,43,C,repaired,4,5,4,bound,28,0.001,1,
rome,rome/rome/grafo5952.38.graphml,38,48,C,repaired,4,5,5,refutation,2322,0.007,1,
rome,rome/rome/grafo5948.59.graphml,59,80,C,repaired,5,7,6,refutation,27169,0.078,1,
rome,rome/rome/grafo5953.37.graphml,37,55,C,repaired,5,6,5,bound,858,0.004,1,
rome,rome/rome/grafo5954.49.graphml,49,61,C,repaired,4,6,5,refutation,4991,0.019,1,
rome,rome/rome/grafo5955.43.graphml,43,58,C,repaired,4,6,5,refutation,2695,0.011,1,
rome,rome/rome/grafo5957.37.graphml,37,39,C,repaired,2,4,3,refutation,340,0.002,1,
rome,rome/rome/grafo5961.33.graphml,33,41,C,repaired,3,5,4,refutation,255,0.002,1,
rome,rome/rome/grafo5962.69.graphml,69,88,C,repaired,4,7,6,refutation,27297,0.062,1,
rome,rome/rome/grafo5958.42.graphml,42,56,C,repaired,4,6,5,refutation,3253,0.01,1,
rome,rome/rome/grafo596.14.graphml,14,16,C,repaired,3,3,3,bound,0,0.0,1,
rome,rome/rome/grafo5963.61.graphml,61,83,C,repaired,5,7,6,refutation,33364,0.05,1,
rome,rome/rome/grafo5964.60.graphml,60,78,C,repaired,4,6,5,refutation,10123,0.036,1,
rome,rome/rome/grafo5966.35.graphml,35,45,C,repaired,3,4,4,refutation,502,0.002,1,
rome,rome/rome/grafo5929.71.graphml,71,98,C,repaired,6,8,8,refutation,446190,0.503,1,
rome,rome/rome/grafo5956.79.graphml,79,97,C,repaired,4,7,6,refutation,109505,0.157,1,
rome,rome/rome/grafo5959.74.graphml,74,91,C,repaired,4,6,6,refutation,55254,0.119,1,
rome,rome/rome/grafo5960.55.graphml,55,79,C,repaired,5,8,7,refutation,124997,0.144,1,
rome,rome/rome/grafo5965.37.graphml,37,52,C,repaired,5,6,6,refutation,2923,0.012,1,
rome,rome/rome/grafo5967.37.graphml,37,44,C,repaired,3,4,4,refutation,557,0.002,1,
rome,rome/rome/grafo5968.35.graphml,35,44,C,repaired,3,4,4,refutation,290,0.003,1,
rome,rome/rome/grafo5969.38.graphml,38,49,C,repaired,4,4,4,bound,0,0.001,1,
rome,rome/rome/grafo597.17.graphml,17,24,C,repaired,3,4,3,bound,14,0.001,1,
rome,rome/rome/grafo5973.46.graphml,46,60,C,repaired,4,5,4,bound,362,0.003,1,
rome,rome/rome/grafo5970.36.graphml,36,46,C,repaired,3,5,5,refutation,1701,0.005,1,
rome,rome/rome/grafo5976.43.graphml,43,54,C,repaired,4,6,5,refutation,3565,0.012,1,
rome,rome/rome/grafo5974.39.graphml,39,53,C,repaired,4,5,5,refutation,2400,0.009,1,
rome,rome/rome/grafo5975.45.graphml,45,52,C,repaired,4,5,4,bound,47,0.002,1,
rome,rome/rome/grafo5977.35.graphml,35,45,C,repaired,4,4,4,bound,0,0.004,1,
rome,rome/rome/grafo5978.41.graphml,41,50,C,repaired,3,4,4,refutation,1114,0.003,1,
rome,rome/rome/grafo5980.40.graphml,40,54,C,repaired,4,6,5,refutation,1493,0.006,1,
rome,rome/rome/grafo5972.40.graphml,40,64,C,repaired,5,8,6,refutation,2091,0.018,1,
rome,rome/rome/grafo598.33.graphml,33,49,C,repaired,4,4,4,bound,0,0.001,1,
rome,rome/rome/grafo5979.56.graphml,56,69,C,repaired,4,6,5,refutation,26811,0.059,1,
rome,rome/rome/grafo5981.35.graphml,35,46,C,repaired,3,4,4,refutation,203,0.002,1,
rome,rome/rome/grafo5982.44.graphml,44,57,C,repaired,3,4,4,refutation,941,0.004,1,
rome,rome/rome/grafo5983.41.graphml,41,50,C,repaired,4,5,5,refutation,2401,0.009,1,
rome,rome/rome/grafo5984.42.graphml,42,53,C,repaired,3,5,4,refutation,766,0.004,1,
rome,rome/rome/grafo5989.49.graphml,49,60,C,repaired,4,6,4,bound,64,0.002,1,
rome,rome/rome/grafo5991.34.graphml,34,41,C,repaired,3,4,3,bound,35,0.001,1,
rome,rome/rome/grafo5987.43.graphml,43,63,C,repaired,5,6,6,refutation,3763,0.017,1,
rome,rome/rome/grafo5988.37.graphml,37,47,C,repaired,3,4,4,refutation,387,0.001,1,
rome,rome/rome/grafo599.18.graphml,18,18,C,repaired,2,2,2,bound,0,0.001,1,
rome,rome/rome/grafo5990.34.graphml,34,45,C,repaired,4,4,4,bound,0,0.004,1,
rome,rome/rome/grafo5866.76.graphml,76,107,C,repaired,6,9,9,refutation,2256482,1.942,1,
rome,rome/rome/grafo5971.53.graphml,53,83,C,repaired,6,8,7,refutation,56002,0.142,1,
rome,rome/rome/grafo5993.38.graphml,38,44,C,repaired,3,5,4,refutation,1123,0.006,1,
rome,rome/rome/grafo5999.36.graphml,36,43,C,repaired,3,5,4,refutation,560,0.003,1,
rome,rome/rome/grafo5992.44.graphml,44,67,C,repaired,6,7,7,refutation,17752,0.042,1,
rome,rome/rome/grafo5995.42.graphml,42,59,C,repaired,5,6,6,refutation,5214,0.016,1,
rome,rome/rome/grafo5998.38.graphml,38,44,C,repaired,2,4,3,refutation,275,0.002,1,
rome,rome/rome/grafo5994.33.graphml,33,36,C,repaired,2,3,3,refutation,136,0.001,1,
rome,rome/rome/grafo600.19.graphml,19,21,C,repaired,2,3,3,refutation,46,0.001,1,
rome,rome/rome/grafo5997.62.graphml,62,93,C,repaired,6,8,7,refutation,55332,0.092,1,
rome,rome/rome/grafo6001.33.graphml,33,40,C,repaired,3,4,4,refutation,211,0.002,1,
rome,rome/rome/grafo6003.37.graphml,37,50,C,repaired,4,6,5,refutation,1164,0.006,1,
rome,rome/rome/grafo6004.42.graphml,42,60,C,repaired,4,6,5,refutation,3204,0.013,1,
rome,rome/rome/grafo6006.36.graphml,36,44,C,repaired,3,5,4,refutation,494,0.004,1,
rome,rome/rome/grafo6007.45.graphml,45,58,C,repaired,4,5,5,refutation,3178,0.011,1,
rome,rome/rome/grafo5985.62.graphml,62,87,C,repaired,6,8,8,refutation,442435,0.332,1,
rome,rome/rome/grafo6008.43.graphml,43,68,C,repaired,5,7,7,refutation,6483,0.029,1,
rome,rome/rome/grafo601.19.graphml,19,23,C,repaired,3,3,3,bound,0,0.0,1,
rome,rome/rome/grafo6009.42.graphml,42,66,C,repaired,5,7,6,refutation,3210,0.01,1,
rome,rome/rome/grafo6011.35.graphml,35,45,C,repaired,4,6,5,refutation,1207,0.005,1,
rome,rome/rome/grafo6010.35.graphml,35,44,C,repaired,3,5,4,refutation,550,0.005,1,
rome,rome/rome/grafo6013.42.graphml,42,57,C,repaired,4,6,5,refutation,2291,0.007,1,
rome,rome/rome/grafo6015.39.graphml,39,44,C,repaired,3,4,4,refutation,897,0.004,1,
rome,rome/rome/grafo6012.51.graphml,51,81,C,repaired,6,8,7,refutation,33524,0.065,1,
rome,rome/rome/grafo5897.80.graphml,80,105,C,repaired,5,9,8,refutation,1740225,1.787,1,
rome,rome/rome/grafo5996.78.graphml,78,103,C,repaired,5,8,7,refutation,286059,0.303,1,
rome,rome/rome/grafo6018.42.graphml,42,58,C,repaired,4,6,5,refutation,3815,0.013,1,
rome,rome/rome/grafo6019.39.graphml,39,50,C,repaired,4,5,5,refutation,1208,0.005,1,
rome,rome/rome/grafo6014.44.graphml,44,59,C,repaired,4,6,6,refutation,21452,0.052,1,
rome,rome/rome/grafo6020.39.graphml,39,49,C,repaired,4,5,4,bound,47,0.002,1,
rome,rome/rome/grafo602.15.graphml,15,19,C,repaired,3,3,3,bound,0,0.001,1,
rome,rome/rome/grafo6023.37.graphml,37,50,C,repaired,3,4,4,refutation,267,0.002,1,
rome,rome/rome/grafo6021.50.graphml,50,74,C,repaired,5,7,6,refutation,9232,0.03,1,
rome,rome/rome/grafo5986.62.graphml,62,88,C,repaired,6,9,8,refutation,690791,0.555,1,
rome,rome/rome/grafo6022.61.graphml,61,86,C,repaired,5,7,6,refutation,11958,0.038,1,
rome,rome/rome/grafo6025.56.graphml,56,79,C,repaired,5,6,5,bound,53,0.003,1,
rome,rome/rome/grafo6000.76.graphml,76,101,C,repaired,6,8,8,refutation,460747,0.423,1,
rome,rome/rome/grafo6024.36.graphml,36,44,C,repaired,3,4,4,refutation,649,0.003,1,
rome,rome/rome/grafo6028.36.graphml,36,43,C,repaired,3,4,4,refutation,318,0.002,1,
rome,rome/rome/grafo603.26.graphml,26,27,C,repaired,2,3,2,bound,35,0.001,1,
rome,rome/rome/grafo6027.40.graphml,40,55,C,repaired,4,6,5,refutation,1162,0.004,1,
rome,rome/rome/grafo6029.39.graphml,39,52,C,repaired,4,6,5,refutation,2802,0.012,1,
rome,rome/rome/grafo6026.39.graphml,39,61,C,repaired,4,6,5,refutation,820,0.003,1,
rome,rome/rome/grafo6035.35.graphml,35,50,C,repaired,4,4,4,bound,0,0.001,1,
rome,rome/rome/grafo6032.42.graphml,42,51,C,repaired,3,5,4,refutation,1057,0.006,1,
rome,rome/rome/grafo6033.43.graphml,43,50,C,repaired,3,5,4,refutation,1377,0.007,1,
rome,rome/rome/grafo6036.44.graphml,44,61,C,repaired,4,6,5,refutation,4489,0.013,1,
rome,rome/rome/grafo6031.58.graphml,58,82,C,repaired,5,7,6,refutation,53665,0.09,1,
rome,rome/rome/grafo5933.75.graphml,75,103,C,repaired,5,9,8,refutation,1534117,1.384,1,
rome,rome/rome/grafo6030.59.graphml,59,80,C,repaired,5,7,6,refutation,51273,0.084,1,
rome,rome/rome/grafo6037.36.graphml,36,48,C,repaired,4,6,5,refutation,926,0.01,1,
rome,rome/rome/grafo6034.60.graphml,60,75,C,repaired,4,6,5,refutation,37047,0.079,1,
rome,rome/rome/grafo604.12.graphml,12,11,C,repaired,1,2,2,refutation,12,0.0,1,
rome,rome/rome/grafo6040.34.graphml,34,35,C,repaired,2,2,2,bound,0,0.001,1,
rome,rome/rome/grafo6042.36.graphml,36,43,C,repaired,3,4,3,bound,92,0.002,1,
rome,rome/rome/grafo6038.53.graphml,53,63,C,repaired,3,5,5,refutation,7838,0.022,1,
rome,rome/rome/grafo6039.46.graphml,46,59,C,repaired,4,5,5,refutation,3257,0.016,1,
rome,rome/rome/grafo6043.44.graphml,44,64,C,repaired,5,7,6,refutation,3767,0.012,1,
rome,rome/rome/grafo6044.47.graphml,47,59,C,repaired,4,5,5,refutation,5238,0.021,1,
rome,rome/rome/grafo6017.62.graphml,62,84,C,repaired,5,8,7,refutation,651808,0.444,1,
rome,rome/rome/grafo6047.32.graphml,32,35,C,repaired,2,3,3,refutation,92,0.001,1,
rome,rome/rome/grafo6046.41.graphml,41,57,C,repaired,5,7,6,refutation,6768,0.023,1,
rome,rome/rome/grafo6049.36.graphml,36,45,C,repaired,4,4,4,bound,0,0.002,1,
rome,rome/rome/grafo6050.34.graphml,34,41,C,repaired,3,4,3,bound,44,0.001,1,
rome,rome/rome/grafo5818.77.graphml,77,111,C,repaired,6,10,10,refutation,3722789,3.331,1,
rome,rome/rome/grafo6048.45.graphml,45,62,C,repaired,4,4,4,bound,0,0.005,1,
rome,rome/rome/grafo605.22.graphml,22,26,C,repaired,2,2,2,bound,0,0.0,1,
rome,rome/rome/grafo6053.38.graphml,38,48,C,repaired,4,5,5,refutation,1232,0.006,1,
rome,rome/rome/grafo6045.72.graphml,72,87,C,repaired,4,7,6,refutation,75089,0.106,1,
rome,rome/rome/grafo6051.37.graphml,37,45,C,repaired,3,4,4,refutation,652,0.004,1,
rome,rome/rome/grafo6052.37.graphml,37,51,C,repaired,3,5,4,refutation,339,0.003,1,
rome,rome/rome/grafo6016.75.graphml,75,101,C,repaired,6,8,8,refutation,517953,0.553,1,
rome,rome/rome/grafo6054.45.graphml,45,60,C,repaired,4,6,5,refutation,2959,0.01,1,
rome,rome/rome/grafo6055.43.graphml,43,56,C,repaired,4,6,5,refutation,2575,0.008,1,
rome,rome/rome/grafo6056.39.graphml,39,49,C,repaired,3,5,4,refutation,461,0.003,1,
rome,rome/rome/grafo6057.42.graphml,42,55,C,repaired,4,5,4,bound,361,0.003,1,
rome,rome/rome/grafo6058.42.graphml,42,54,C,repaired,4,5,5,refutation,2239,0.011,1,
rome,rome/rome/grafo6059.41.graphml,41,49,C,repaired,3,4,4,refutation,958,0.004,1,
rome,rome/rome/grafo6062.38.graphml,38,52,C,repaired,5,6,5,bound,30,0.001,1,
rome,rome/rome/grafo606.21.graphml,21,27,C,repaired,3,4,3,bound,23,0.001,1,
rome,rome/rome/grafo6061.45.graphml,45,60,C,repaired,4,5,4,bound,680,0.003,1,
rome,rome/rome/grafo6063.43.graphml,43,59,C,repaired,4,6,6,refutation,8476,0.024,1,
rome,rome/rome/grafo6002.76.graphml,76,101,C,repaired,5,8,8,refutation,1029442,0.838,1,
rome,rome/rome/grafo6060.59.graphml,59,72,C,repaired,4,6,5,refutation,5504,0.028,1,
rome,rome/rome/grafo6066.36.graphml,36,39,C,repaired,2,3,3,refutation,158,0.001,1,
rome,rome/rome/grafo6069.38.graphml,38,45,C,repaired,4,5,4,bound,31,0.001,1,
rome,rome/rome/grafo6067.36.graphml,36,43,C,repaired,3,5,5,refutation,1477,0.007,1,
rome,rome/rome/grafo607.15.graphml,15,17,C,repaired,2,3,2,bound,16,0.001,1,
rome,rome/rome/grafo6070.45.graphml,45,61,C,repaired,4,7,6,refutation,3877,0.018,1,
rome,rome/rome/grafo6072.32.graphml,32,38,C,repaired,3,4,4,refutation,340,0.002,1,
rome,rome/rome/grafo6074.46.graphml,46,62,C,repaired,4,5,4,bound,45,0.002,1,
rome,rome/rome/grafo6071.36.graphml,36,43,C,repaired,3,4,4,refutation,299,0.002,1,
rome,rome/rome/grafo6075.36.graphml,36,53,C,repaired,4,6,5,refutation,1007,0.004,1,
rome,rome/rome/grafo6064.46.graphml,46,69,C,repaired,5,7,7,refutation,38440,0.1,1,
rome,rome/rome/grafo6077.47.graphml,47,54,C,repaired,3,5,4,refutation,1831,0.008,1,
rome,rome/rome/grafo6073.62.graphml,62,75,C,repaired,4,6,5,refutation,17937,0.041,1,
rome,rome/rome/grafo6079.40.graphml,40,49,C,repaired,4,5,4,bound,227,0.002,1,
rome,rome/rome/grafo608.13.graphml,13,12,C,repaired,1,2,2,refutation,12,0.001,1,
rome,rome/rome/grafo6068.72.graphml,72,92,C,repaired,4,7,6,refutation,87674,0.134,1,
rome,rome/rome/grafo6076.34.graphml,34,44,C,repaired,3,4,4,refutation,499,0.005,1,
rome,rome/rome/grafo6082.42.graphml,42,58,C,repaired,5,6,5,bound,41,0.002,1,
rome,rome/rome/grafo6081.42.graphml,42,60,C,repaired,4,6,6,refutation,7198,0.021,1,
rome,rome/rome/grafo6086.33.graphml,33,41,C,repaired,3,4,4,refutation,219,0.002,1,
rome,rome/rome/grafo6089.47.graphml,47,53,C,repaired,3,4,3,bound,45,0.002,1,
rome,rome/rome/grafo6084.57.graphml,57,80,C,repaired,5,7,6,refutation,32974,0.068,1,
rome,rome/rome/grafo6087.39.graphml,39,46,C,repaired,3,4,4,refutation,663,0.006,1,
rome,rome/rome/grafo6088.41.graphml,41,48,C,repaired,3,4,4,refutation,866,0.004,1,
rome,rome/rome/grafo609.12.graphml,12,12,C,repaired,2,2,2,bound,0,0.0,1,
rome,rome/rome/grafo6091.33.graphml,33,37,C,repaired,3,3,3,bound,0,0.001,1,
rome,rome/rome/grafo6080.62.graphml,62,91,C,repaired,6,8,7,refutation,85297,0.136,1,
rome,rome/rome/grafo6092.34.graphml,34,39,C,repaired,2,3,2,bound,55,0.001,1,
rome,rome/rome/grafo6093.36.graphml,36,43,C,repaired,3,5,4,refutation,397,0.003,1,
rome,rome/rome/grafo6094.39.graphml,39,45,C,repaired,3,4,4,refutation,654,0.003,1,
rome,rome/rome/grafo6095.35.graphml,35,49,C,repaired,3,4,4,refutation,173,0.002,1,
rome,rome/rome/grafo6096.47.graphml,47,59,C,repaired,4,6,5,refutation,7395,0.023,1,
rome,rome/rome/grafo6098.40.graphml,40,47,C,repaired,3,4,3,bound,38,0.002,1,
rome,rome/rome/grafo6097.37.graphml,37,48,C,repaired,3,4,4,refutation,224,0.002,1,
rome,rome/rome/grafo610.29.graphml,29,38,C,repaired,3,4,4,refutation,298,0.002,1,
rome,rome/rome/grafo6101.36.graphml,36,42,C,repaired,3,4,4,refutation,968,0.003,1,
rome,rome/rome/grafo6041.76.graphml,76,99,C,repaired,6,9,7,refutation,628346,0.687,1,
rome,rome/rome/grafo6102.33.graphml,33,37,C,repaired,3,3,3,bound,0,0.001,1,
rome,rome/rome/grafo6100.34.graphml,34,44,C,repaired,4,5,4,bound,64,0.001,1,
rome,rome/rome/grafo6090.78.graphml,78,94,C,repaired,4,7,6,refutation,106178,0.149,1,
rome,rome/rome/grafo6106.38.graphml,38,47,C,repaired,4,4,4,bound,0,0.001,1,
rome,rome/rome/grafo6108.38.graphml,38,44,C,repaired,2,3,3,refutation,159,0.002,1,
rome,rome/rome/grafo6104.35.graphml,35,41,C,repaired,2,4,3,refutation,109,0.004,1,
rome,rome/rome/grafo6109.36.graphml,36,52,C,repaired,4,5,5,refutation,848,0.005,1,
rome,rome/rome/grafo6103.41.graphml,41,59,C,repaired,4,7,6,refutation,11950,0.028,1,
rome,rome/rome/grafo611.12.graphml,12,12,C,repaired,2,2,2,bound,0,0.0,1,
rome,rome/rome/grafo6105.45.graphml,45,68,C,repaired,5,7,7,refutation,14269,0.031,1,
rome,rome/rome/grafo6107.57.graphml,57,75,C,repaired,5,7,6,refutation,35420,0.065,1,
rome,rome/rome/grafo6113.35.graphml,35,38,C,repaired,3,3,3,bound,0,0.001,1,
rome,rome/rome/grafo6005.75.graphml,75,109,C,repaired,6,10,9,refutation,1491852,1.386,1,
rome,rome/rome/grafo6111.33.graphml,33,40,C,repaired,3,4,4,refutation,245,0.004,1,
rome,rome/rome/grafo6112.36.graphml,36,48,C,repaired,5,5,5,bound,0,0.001,1,
rome,rome/rome/grafo6110.62.graphml,62,80,C,repaired,4,6,6,refutation,37855,0.069,1,
rome,rome/rome/grafo6085.79.graphml,79,101,C,repaired,5,8,7,refutation,472633,0.45,1,
rome,rome/rome/grafo6114.31.graphml,31,39,C,repaired,3,5,5,refutation,491,0.005,1,
rome,rome/rome/grafo6117.44.graphml,44,49,C,repaired,3,4,3,bound,78,0.002,1,
rome,rome/rome/grafo6118.34.graphml,34,42,C,repaired,3,4,4,refutation,367,0.002,1,
rome,rome/rome/grafo6115.40.graphml,40,46,C,repaired,3,4,4,refutation,1445,0.009,1,
rome,rome/rome/grafo6116.35.graphml,35,43,C,repaired,4,5,5,refutation,1808,0.011,1,
rome,rome/rome/grafo612.11.graphml,11,11,C,repaired,2,2,2,bound,0,0.0,1,
rome,rome/rome/grafo6120.43.graphml,43,52,C,repaired,3,5,4,refutation,807,0.005,1,
rome,rome/rome/grafo6119.42.graphml,42,52,C,repaired,4,5,4,bound,35,0.004,1,
rome,rome/rome/grafo6078.76.graphml,76,97,C,repaired,5,8,7,refutation,584588,0.538,1,
rome,rome/rome/grafo6122.41.graphml,41,50,C,repaired,4,4,4,bound,0,0.001,1,
rome,rome/rome/grafo6126.39.graphml,39,49,C,repaired,3,4,4,refutation,348,0.002,1,
rome,rome/rome/grafo6099.74.graphml,74,93,C,repaired,5,8,7,refutation,249671,0.287,1,
rome,rome/rome/grafo6121.33.graphml,33,41,C,repaired,3,4,3,bound,106,0.004,1,
rome,rome/rome/grafo6123.38.graphml,38,50,C,repaired,4,5,5,refutation,1429,0.01,1,
rome,rome/rome/grafo6124.46.graphml,46,64,C,repaired,4,7,6,refutation,5287,0.014,1,
rome,rome/rome/grafo6127.55.graphml,55,79,C,repaired,5,7,6,refutation,7715,0.024,1,
rome,rome/rome/grafo6129.45.graphml,45,55,C,repaired,3,5,4,refutation,1589,0.006,1,
rome,rome/rome/grafo6125.53.graphml,53,65,C,repaired,4,6,5,refutation,5877,0.025,1,
rome,rome/rome/grafo613.10.graphml,10,9,C,repaired,1,2,2,refutation,10,0.0,1,
rome,rome/rome/grafo6133.39.graphml,39,52,C,repaired,4,5,5,refutation,982,0.004,1,
rome,rome/rome/grafo6134.45.graphml,45,55,C,repaired,3,5,4,refutation,1753,0.007,1,
rome,rome/rome/grafo6128.47.graphml,47,60,C,repaired,4,6,6,refutation,13870,0.05,1,
rome,rome/rome/grafo6132.44.graphml,44,64,C,repaired,5,7,6,refutation,7740,0.022,1,
rome,rome/rome/grafo6135.46.graphml,46,69,C,repaired,5,6,6,refutation,5335,0.018,1,
rome,rome/rome/grafo6130.52.graphml,52,65,C,repaired,4,6,6,refutation,21282,0.063,1,
rome,rome/rome/grafo6137.39.graphml,39,47,C,repaired,3,4,4,refutation,820,0.005,1,
rome,rome/rome/grafo6138.45.graphml,45,57,C,repaired,4,6,5,refutation,1540,0.007,1,
rome,rome/rome/grafo6139.40.graphml,40,51,C,repaired,3,5,4,refutation,385,0.003,1,
rome,rome/rome/grafo6142.40.graphml,40,49,C,repaired,4,5,4,bound,312,0.003,1,
rome,rome/rome/grafo6143.39.graphml,39,55,C,repaired,5,5,5,bound,0,0.001,1,
rome,rome/rome/grafo6145.44.graphml,44,54,C,repaired,3,4,4,refutation,822,0.004,1,
rome,rome/rome/grafo6136.53.graphml,53,79,C,repaired,5,8,7,refutation,38265,0.058,1,
rome,rome/rome/grafo614.25.graphml,25,29,C,repaired,2,3,3,refutation,99,0.001,1,
rome,rome/rome/grafo6140.41.graphml,41,52,C,repaired,4,5,5,refutation,3020,0.007,1,
rome,rome/rome/grafo6141.42.graphml,42,54,C,repaired,4,6,6,refutation,14216,0.038,1,
rome,rome/rome/grafo6144.43.graphml,43,56,C,repaired,4,5,4,bound,118,0.002,1,
rome,rome/rome/grafo6147.53.graphml,53,63,C,repaired,4,5,5,refutation,8155,0.03,1,
rome,rome/rome/grafo6131.61.graphml,61,79,C,repaired,5,7,6,refutation,39449,0.13,1,
rome,rome/rome/grafo6150.41.graphml,41,52,C,repaired,4,5,4,bound,81,0.002,1,
rome,rome/rome/grafo6152.41.graphml,41,57,C,repaired,4,6,5,refutation,1013,0.005,1,
rome,rome/rome/grafo6153.39.graphml,39,52,C,repaired,4,5,4,bound,303,0.002,1,
rome,rome/rome/grafo6148.39.graphml,39,50,C,repaired,4,6,5,refutation,1887,0.007,1,
rome,rome/rome/grafo615.15.graphml,15,22,C,repaired,3,3,3,bound,0,0.0,1,
rome,rome/rome/grafo6154.44.graphml,44,63,C,repaired,4,6,5,refutation,1716,0.009,1,
rome,rome/rome/grafo6149.40.graphml,40,48,C,repaired,3,4,4,refutation,895,0.009,1,
rome,rome/rome/grafo6156.34.graphml,34,45,C,repaired,4,6,5,refutation,1438,0.007,1,
rome,rome/rome/grafo6151.59.graphml,59,75,C,repaired,5,6,6,refutation,27975,0.058,1,
rome,rome/rome/grafo6155.39.graphml,39,50,C,repaired,3,4,4,refutation,515,0.006,1,
rome,rome/rome/grafo6162.44.graphml,44,56,C,repaired,4,5,4,bound,51,0.002,1,
rome,rome/rome/grafo616.19.graphml,19,28,C,repaired,3,4,4,refutation,84,0.001,1,
rome,rome/rome/grafo6160.49.graphml,49,58,C,repaired,4,5,5,refutation,6481,0.026,1,
rome,rome/rome/grafo6161.47.graphml,47,68,C,repaired,5,6,5,bound,1104,0.006,1,
rome,rome/rome/grafo6157.42.graphml,42,66,C,repaired,5,7,6,refutation,2044,0.008,1,
rome,rome/rome/grafo6158.42.graphml,42,51,C,repaired,4,5,4,bound,33,0.001,1,
rome,rome/rome/grafo6164.41.graphml,41,55,C,repaired,4,6,5,refutation,1897,0.005,1,
rome,rome/rome/grafo6159.52.graphml,52,65,C,repaired,4,6,5,refutation,9406,0.029,1,
rome,rome/rome/grafo6163.37.graphml,37,43,C,repaired,3,4,4,refutation,1033,0.007,1,
rome,rome/rome/grafo6165.43.graphml,43,52,C,repaired,4,5,5,refutation,6528,0.036,1,
rome,rome/rome/grafo6166.46.graphml,46,66,C,repaired,5,7,6,refutation,7121,0.025,1,
rome,rome/rome/grafo6168.47.graphml,47,50,C,repaired,3,4,3,bound,221,0.003,1,
rome,rome/rome/grafo617.17.graphml,17,23,C,repaired,2,3,3,refutation,30,0.001,1,
rome,rome/rome/grafo6170.36.graphml,36,43,C,repaired,3,4,3,bound,53,0.001,1,
rome,rome/rome/grafo6167.40.graphml,40,57,C,repaired,4,6,5,refutation,999,0.007,1,
rome,rome/rome/grafo6169.47.graphml,47,70,C,repaired,5,8,7,refutation,11752,0.03,1,
rome,rome/rome/grafo6171.42.graphml,42,59,C,repaired,5,6,6,refutation,6018,0.021,1,
rome,rome/rome/grafo6172.41.graphml,41,50,C,repaired,3,4,3,bound,137,0.002,1,
rome,rome/rome/grafo6174.40.graphml,40,63,C,repaired,5,6,6,refutation,3521,0.012,1,
rome,rome/rome/grafo6083.76.graphml,76,110,C,repaired,6,9,9,refutation,1124944,1.067,1,
rome,rome/rome/grafo6178.40.graphml,40,49,C,repaired,4,4,4,bound,0,0.001,1,
rome,rome/rome/grafo6175.41.graphml,41,42,C,repaired,2,3,2,bound,85,0.001,1,
rome,rome/rome/grafo6177.52.graphml,52,69,C,repaired,5,6,6,refutation,14897,0.037,1,
rome,rome/rome/grafo6173.62.graphml,62,73,C,repaired,4,6,5,refutation,21758,0.058,1,
rome,rome/rome/grafo6176.45.graphml,45,65,C,repaired,5,7,7,refutation,16066,0.04,1,
rome,rome/rome/grafo6179.45.graphml,45,57,C,repaired,3,5,4,refutation,1080,0.005,1,
rome,rome/rome/grafo6180.41.graphml,41,50,C,repaired,3,4,4,refutation,695,0.004,1,
rome,rome/rome/grafo6183.43.graphml,43,51,C,repaired,4,5,4,bound,59,0.002,1,
rome,rome/rome/grafo618.13.graphml,13,18,C,repaired,2,3,3,refutation,23,0.0,1,
rome,rome/rome/grafo6181.40.graphml,40,57,C,repaired,5,7,6,refutation,3680,0.018,1,
rome,rome/rome/grafo6182.40.graphml,40,53,C,repaired,4,4,4,bound,0,0.007,1,
rome,rome/rome/grafo6188.44.graphml,44,64,C,repaired,4,6,6,refutation,5752,0.018,1,
rome,rome/rome/grafo619.13.graphml,13,15,C,repaired,2,2,2,bound,0,0.0,1,
rome,rome/rome/grafo6189.40.graphml,40,55,C,repaired,5,7,6,refutation,4646,0.016,1,
rome,rome/rome/grafo6191.41.graphml,41,52,C,repaired,4,6,5,refutation,2474,0.011,1,
rome,rome/rome/grafo6185.51.graphml,51,69,C,repaired,4,6,6,refutation,14589,0.062,1,
rome,rome/rome/grafo6186.67.graphml,67,76,C,repaired,4,6,5,refutation,14915,0.057,1,
rome,rome/rome/grafo6192.41.graphml,41,54,C,repaired,4,6,5,refutation,1936,0.018,1,
rome,rome/rome/grafo6190.41.graphml,41,51,C,repaired,4,5,4,bound,36,0.004,1,
rome,rome/rome/grafo6195.40.graphml,40,48,C,repaired,3,5,4,refutation,898,0.005,1,
rome,rome/rome/grafo6193.58.graphml,58,77,C,repaired,5,7,6,refutation,35358,0.071,1,
rome,rome/rome/grafo6194.58.graphml,58,77,C,repaired,5,7,6,refutation,35358,0.069,1,
rome,rome/rome/grafo6196.42.graphml,42,69,C,repaired,6,7,7,refutation,6045,0.02,1,
rome,rome/rome/grafo6202.38.graphml,38,44,C,repaired,4,4,4,bound,0,0.001,1,
rome,rome/rome/grafo6197.40.graphml,40,56,C,repaired,5,6,6,refutation,8238,0.018,1,
rome,rome/rome/grafo6198.41.graphml,41,61,C,repaired,5,6,6,refutation,3618,0.008,1,
rome,rome/rome/grafo6199.42.graphml,42,53,C,repaired,3,5,5,refutation,3450,0.016,1,
rome,rome/rome/grafo620.27.graphml,27,27,C,repaired,2,3,2,bound,22,0.001,1,
rome,rome/rome/grafo6203.42.graphml,42,59,C,repaired,4,6,5,refutation,2003,0.011,1,
rome,rome/rome/grafo6200.45.graphml,45,59,C,repaired,4,6,5,refutation,3671,0.008,1,
rome,rome/rome/grafo6201.53.graphml,53,72,C,repaired,4,7,6,refutation,9935,0.029,1,
rome,rome/rome/grafo6204.45.graphml,45,62,C,repaired,4,6,6,refutation,6913,0.023,1,
rome,rome/rome/grafo6205.42.graphml,42,56,C,repaired,5,6,5,bound,34,0.002,1,
rome,rome/rome/grafo621.19.graphml,19,27,C,repaired,4,5,4,bound,18,0.001,1,
rome,rome/rome/grafo6208.40.graphml,40,53,C,repaired,4,5,4,bound,92,0.002,1,
rome,rome/rome/grafo6211.54.graphml,54,64,C,repaired,3,4,3,bound,346,0.003,1,
rome,rome/rome/grafo6207.40.graphml,40,52,C,repaired,4,5,4,bound,56,0.002,1,
rome,rome/rome/grafo6209.43.graphml,43,58,C,repaired,4,5,5,refutation,1463,0.01,1,
rome,rome/rome/grafo6214.39.graphml,39,51,C,repaired,4,5,4,bound,1277,0.005,1,
rome,rome/rome/grafo6217.37.graphml,37,53,C,repaired,4,5,5,refutation,701,0.003,1,
rome,rome/rome/grafo6215.38.graphml,38,45,C,repaired,3,4,4,refutation,589,0.004,1,
rome,rome/rome/grafo6218.34.graphml,34,40,C,repaired,3,4,3,bound,77,0.001,1,
rome,rome/rome/grafo6210.49.graphml,49,63,C,repaired,4,6,6,refutation,15029,0.059,1,
rome,rome/rome/grafo6216.45.graphml,45,51,C,repaired,3,4,4,refutation,910,0.006,1,
rome,rome/rome/grafo6212.46.graphml,46,67,C,repaired,5,7,6,refutation,9602,0.024,1,
rome,rome/rome/grafo6206.62.graphml,62,95,C,repaired,6,8,7,refutation,75636,0.136,1,
rome,rome/rome/grafo6219.37.graphml,37,45,C,repaired,3,4,4,refutation,539,0.003,1,
rome,rome/rome/grafo622.23.graphml,23,25,C,repaired,2,3,3,refutation,90,0.001,1,
rome,rome/rome/grafo6146.79.graphml,79,106,C,repaired,5,9,8,refutation,870572,0.819,1,
rome,rome/rome/grafo6187.81.graphml,81,112,C,repaired,5,7,7,refutation,452118,0.415,1,
rome,rome/rome/grafo6220.36.graphml,36,44,C,repaired,3,4,3,bound,31,0.001,1,
rome,rome/rome/grafo6222.39.graphml,39,49,C,repaired,3,5,4,refutation,666,0.004,1,
rome,rome/rome/grafo6221.53.graphml,53,64,C,repaired,4,6,5,refutation,18381,0.05,1,
rome,rome/rome/grafo6223.42.graphml,42,45,C,repaired,2,4,3,refutation,401,0.002,1,
rome,rome/rome/grafo6227.36.graphml,36,47,C,repaired,4,5,4,bound,55,0.004,1,
rome,rome/rome/grafo6229.44.graphml,44,56,C,repaired,4,5,5,refutation,1954,0.01,1,
rome,rome/rome/grafo623.13.graphml,13,12,C,repaired,1,1,1,bound,0,0.0,1,
rome,rome/rome/grafo6224.44.graphml,44,61,C,repaired,5,7,6,refutation,8071,0.031,1,
rome,rome/rome/grafo6228.46.graphml,46,62,C,repaired,4,7,5,refutation,3261,0.014,1,
rome,rome/rome/grafo6230.52.graphml,52,64,C,repaired,4,5,4,bound,1464,0.006,1,
rome,rome/rome/grafo6233.36.graphml,36,47,C,repaired,3,4,4,refutation,424,0.003,1,
rome,rome/rome/grafo6213.59.graphml,59,88,C,repaired,6,8,8,refutation,197555,0.208,1,
rome,rome/rome/grafo6225.54.graphml,54,82,C,repaired,5,8,7,refutation,43200,0.075,1,
rome,rome/rome/grafo6231.39.graphml,39,52,C,repaired,4,5,5,refutation,1631,0.007,1,
rome,rome/rome/grafo6232.39.graphml,39,51,C,repaired,3,5,5,refutation,1039,0.006,1,
rome,rome/rome/grafo6237.46.graphml,46,58,C,repaired,4,5,4,bound,318,0.003,1,
rome,rome/rome/grafo6235.45.graphml,45,53,C,repaired,3,4,4,refutation,738,0.006,1,
rome,rome/rome/grafo6239.56.graphml,56,76,C,repaired,5,7,6,refutation,11316,0.034,1,
rome,rome/rome/grafo6241.46.graphml,46,60,C,repaired,4,6,5,refutation,2321,0.01,1,
rome,rome/rome/grafo624.17.graphml,17,18,C,repaired,2,3,2,bound,32,0.001,1,
rome,rome/rome/grafo6234.39.graphml,39,52,C,repaired,4,5,5,refutation,1625,0.016,1,
rome,rome/rome/grafo6238.57.graphml,57,87,C,repaired,6,8,7,refutation,46302,0.083,1,
rome,rome/rome/grafo6243.37.graphml,37,55,C,repaired,5,7,6,refutation,2706,0.009,1,
rome,rome/rome/grafo6244.39.graphml,39,52,C,repaired,4,5,5,refutation,2876,0.015,1,
rome,rome/rome/grafo6236.77.graphml,77,94,C,repaired,5,7,6,refutation,85141,0.123,1,
rome,rome/rome/grafo6240.43.graphml,43,53,C,repaired,4,5,5,refutation,3745,0.017,1,
rome,rome/rome/grafo6246.41.graphml,41,55,C,repaired,4,5,4,bound,401,0.003,1,
rome,rome/rome/grafo6245.38.graphml,38,49,C,repaired,3,4,4,refutation,393,0.005,1,
rome,rome/rome/grafo625.14.graphml,14,15,C,repaired,2,2,2,bound,0,0.0,1,
rome,rome/rome/grafo6250.56.graphml,56,65,C,repaired,3,4,4,refutation,1546,0.018,1,
rome,rome/rome/grafo6248.39.graphml,39,50,C,repaired,4,5,4,bound,41,0.004,1,
rome,rome/rome/grafo6249.50.graphml,50,68,C,repaired,5,7,6,refutation,6763,0.016,1,
rome,rome/rome/grafo6251.49.graphml,49,68,C,repaired,4,6,6,refutation,9324,0.05,1,
rome,rome/rome/grafo6253.41.graphml,41,48,C,repaired,3,3,3,bound,0,0.001,1,
rome,rome/rome/grafo6255.48.graphml,48,67,C,repaired,5,6,6,refutation,5945,0.018,1,
rome,rome/rome/grafo6252.43.graphml,43,62,C,repaired,4,6,6,refutation,4659,0.022,1,
rome,rome/rome/grafo6254.37.graphml,37,46,C,repaired,3,5,4,refutation,537,0.003,1,
rome,rome/rome/grafo6256.41.graphml,41,53,C,repaired,4,5,5,refutation,3162,0.012,1,
rome,rome/rome/grafo6258.41.graphml,41,57,C,repaired,4,5,5,refutation,1628,0.005,1,
rome,rome/rome/grafo6257.42.graphml,42,60,C,repaired,5,6,5,bound,41,0.005,1,
rome,rome/rome/grafo626.11.graphml,11,16,C,repaired,2,2,2,bound,0,0.0,1,
rome,rome/rome/grafo6261.40.graphml,40,55,C,repaired,4,5,5,refutation,1747,0.007,1,
rome,rome/rome/grafo6259.44.graphml,44,67,C,repaired,5,7,6,refutation,5080,0.022,1,
rome,rome/rome/grafo6260.44.graphml,44,56,C,repaired,4,5,5,refutation,4725,0.01,1,
rome,rome/rome/grafo6262.46.graphml,46,64,C,repaired,4,5,5,refutation,2544,0.008,1,
rome,rome/rome/grafo6263.44.graphml,44,66,C,repaired,5,7,7,refutation,30884,0.059,1,
rome,rome/rome/grafo6266.44.graphml,44,60,C,repaired,5,6,5,bound,60,0.002,1,
rome,rome/rome/grafo6267.38.graphml,38,40,C,repaired,2,3,3,refutation,250,0.002,1,
rome,rome/rome/grafo6264.50.graphml,50,72,C,repaired,5,8,7,refutation,40757,0.071,1,
rome,rome/rome/grafo6265.41.graphml,41,58,C,repaired,5,6,6,refutation,2151,0.005,1,
rome,rome/rome/grafo627.27.graphml,27,29,C,repaired,2,3,2,bound,26,0.001,1,
rome,rome/rome/grafo6269.57.graphml,57,75,C,repaired,4,7,6,refutation,18204,0.05,1,
rome,rome/rome/grafo6268.57.graphml,57,75,C,repaired,4,7,6,refutation,18204,0.042,1,
rome,rome/rome/grafo6271.44.graphml,44,51,C,repaired,3,5,5,refutation,3921,0.016,1,
rome,rome/rome/grafo6270.42.graphml,42,54,C,repaired,4,6,5,refutation,3150,0.006,1,
rome,rome/rome/grafo6273.43.graphml,43,56,C,repaired,4,6,6,refutation,9229,0.026,1,
rome,rome/rome/grafo6272.67.graphml,67,73,C,repaired,3,5,4,refutation,6162,0.029,1,
rome,rome/rome/grafo6276.44.graphml,44,62,C,repaired,4,5,5,refutation,1468,0.006,1,
rome,rome/rome/grafo6275.39.graphml,39,54,C,repaired,4,6,5,refutation,896,0.006,1,
rome,rome/rome/grafo6279.40.graphml,40,52,C,repaired,5,5,5,bound,0,0.002,1,
rome,rome/rome/grafo6277.42.graphml,42,61,C,repaired,5,7,6,refutation,3561,0.017,1,
rome,rome/rome/grafo628.14.graphml,14,17,C,repaired,3,3,3,bound,0,0.0,1,
rome,rome/rome/grafo6282.45.graphml,45,56,C,repaired,4,6,5,refutation,3282,0.01,1,
rome,rome/rome/grafo6274.48.graphml,48,73,C,repaired,5,8,7,refutation,35408,0.064,1,
rome,rome/rome/grafo6247.88.graphml,88,114,C,repaired,6,8,7,refutation,470371,0.48,1,
rome,rome/rome/grafo6284.40.graphml,40,55,C,repaired,4,7,6,refutation,2952,0.012,1,
rome,rome/rome/grafo6286.41.graphml,41,51,C,repaired,4,5,4,bound,46,0.001,1,
rome,rome/rome/grafo6287.38.graphml,38,53,C,repaired,4,4,4,bound,0,0.001,1,
rome,rome/rome/grafo6283.36.graphml,36,45,C,repaired,3,4,4,refutation,431,0.005,1,
rome,rome/rome/grafo6285.44.graphml,44,54,C,repaired,4,6,5,refutation,3813,0.009,1,
rome,rome/rome/grafo6281.56.graphml,56,75,C,repaired,5,8,7,refutation,40822,0.092,1,
rome,rome/rome/grafo629.14.graphml,14,17,C,repaired,2,2,2,bound,0,0.0,1,
rome,rome/rome/grafo6288.41.graphml,41,62,C,repaired,4,6,5,refutation,899,0.006,1,
rome,rome/rome/grafo6289.48.graphml,48,65,C,repaired,4,5,5,refutation,1559,0.009,1,
rome,rome/rome/grafo6280.65.graphml,65,83,C,repaired,5,7,6,refutation,55016,0.123,1,
rome,rome/rome/grafo6294.39.graphml,39,58,C,repaired,5,6,6,refutation,3415,0.009,1,
rome,rome/rome/grafo6290.43.graphml,43,62,C,repaired,4,6,6,refutation,4558,0.019,1,
rome,rome/rome/grafo6296.43.graphml,43,59,C,repaired,4,6,6,refutation,3560,0.015,1,
rome,rome/rome/grafo6295.45.graphml,45,67,C,repaired,6,7,7,refutation,9008,0.022,1,
rome,rome/rome/grafo6297.45.graphml,45,60,C,repaired,4,6,5,refutation,2648,0.013,1,
rome,rome/rome/grafo630.21.graphml,21,28,C,repaired,3,3,3,bound,0,0.001,1,
rome,rome/rome/grafo6298.44.graphml,44,61,C,repaired,5,7,7,refutation,43594,0.077,1,
rome,rome/rome/grafo6299.39.graphml,39,55,C,repaired,5,6,5,bound,70,0.002,1,
rome,rome/rome/grafo6300.47.graphml,47,72,C,repaired,6,7,6,bound,45,0.002,1,
rome,rome/rome/grafo6301.55.graphml,55,69,C,repaired,4,6,5,refutation,5545,0.018,1,
rome,rome/rome/grafo6302.38.graphml,38,47,C,repaired,3,4,4,refutation,596,0.004,1,
rome,rome/rome/grafo6304.42.graphml,42,55,C,repaired,4,6,5,refutation,3513,0.015,1,
rome,rome/rome/grafo6306.42.graphml,42,61,C,repaired,5,7,7,refutation,7730,0.022,1,
rome,rome/rome/grafo6303.45.graphml,45,58,C,repaired,4,6,5,refutation,4324,0.029,1,
rome,rome/rome/grafo6293.68.graphml,68,92,C,repaired,5,8,7,refutation,103456,0.227,1,
rome,rome/rome/grafo6309.41.graphml,41,55,C,repaired,4,5,4,bound,118,0.003,1,
rome,rome/rome/grafo6305.62.graphml,62,81,C,repaired,5,6,6,refutation,23150,0.078,1,
rome,rome/rome/grafo6308.42.graphml,42,62,C,repaired,6,7,6,bound,45,0.002,1,
rome,rome/rome/grafo631.16.graphml,16,17,C,repaired,2,2,2,bound,0,0.0,1,
rome,rome/rome/grafo6310.42.graphml,42,63,C,repaired,5,7,6,refutation,3987,0.018,1,
rome,rome/rome/grafo6311.37.graphml,37,41,C,repaired,3,4,3,bound,28,0.001,1,
rome,rome/rome/grafo6313.37.graphml,37,42,C,repaired,3,3,3,bound,0,0.001,1,
rome,rome/rome/grafo6291.85.graphml,85,108,C,repaired,5,8,7,refutation,295002,0.341,1,
rome,rome/rome/grafo6312.58.graphml,58,87,C,repaired,5,8,7,refutation,35206,0.071,1,
rome,rome/rome/grafo6065.76.graphml,76,110,C,repaired,6,10,9,refutation,2929225,3.023,1,
rome,rome/rome/grafo6314.44.graphml,44,58,C,repaired,4,6,5,refutation,1983,0.011,1,
rome,rome/rome/grafo6317.43.graphml,43,78,C,repaired,6,8,8,refutation,15907,0.038,1,
rome,rome/rome/grafo6315.60.graphml,60,82,C,repaired,4,6,6,refutation,39260,0.074,1,
rome,rome/rome/grafo6316.60.graphml,60,82,C,repaired,4,6,6,refutation,39260,0.071,1,
rome,rome/rome/grafo6318.43.graphml,43,71,C,repaired,6,8,7,refutation,7326,0.026,1,
rome,rome/rome/grafo6320.49.graphml,49,61,C,repaired,3,5,4,refutation,1145,0.005,1,
rome,rome/rome/grafo632.13.graphml,13,16,C,repaired,3,3,3,bound,0,0.0,1,
rome,rome/rome/grafo6322.44.graphml,44,61,C,repaired,4,5,4,bound,650,0.005,1,
rome,rome/rome/grafo6323.41.graphml,41,51,C,repaired,4,6,5,refutation,2374,0.011,1,
rome,rome/rome/grafo6324.37.graphml,37,47,C,repaired,3,4,4,refutation,717,0.004,1,
rome,rome/rome/grafo6321.54.graphml,54,71,C,repaired,5,7,6,refutation,12855,0.039,1,
rome,rome/rome/grafo6325.42.graphml,42,51,C,repaired,3,4,4,refutation,487,0.004,1,
rome,rome/rome/grafo6292.74.graphml,74,104,C,repaired,6,9,8,refutation,643843,0.622,1,
rome,rome/rome/grafo633.10.graphml,10,9,C,repaired,1,2,2,refutation,10,0.0,1,
rome,rome/rome/grafo6330.39.graphml,39,52,C,repaired,4,4,4,bound,0,0.001,1,
rome,rome/rome/grafo6328.43.graphml,43,50,C,repaired,3,4,3,bound,48,0.001,1,
rome,rome/rome/grafo6329.44.graphml,44,58,C,repaired,4,5,5,refutation,2283,0.014,1,
rome,rome/rome/grafo6331.42.graphml,42,65,C,repaired,5,6,6,refutation,2694,0.012,1,
rome,rome/rome/grafo6326.56.graphml,56,84,C,repaired,5,7,6,refutation,9256,0.043,1,
rome,rome/rome/grafo6327.51.graphml,51,70,C,repaired,4,6,6,refutation,8720,0.026,1,
rome,rome/rome/grafo6333.42.graphml,42,54,C,repaired,3,4,4,refutation,611,0.004,1,
rome,rome/rome/grafo6332.47.graphml,47,62,C,repaired,4,6,5,refutation,2325,0.006,1,
rome,rome/rome/grafo6335.39.graphml,39,54,C,repaired,4,6,6,refutation,4750,0.016,1,
rome,rome/rome/grafo6337.39.graphml,39,44,C,repaired,3,4,3,bound,328,0.002,1,
rome,rome/rome/grafo6226.82.graphml,82,110,C,repaired,6,9,8,refutation,1655501,1.58,1,
rome,rome/rome/grafo634.24.graphml,24,31,C,repaired,2,4,3,refutation,174,0.001,1,
rome,rome/rome/grafo6319.80.graphml,80,109,C,repaired,5,8,7,refutation,311447,0.323,1,
rome,rome/rome/grafo6336.43.graphml,43,54,C,repaired,4,6,5,refutation,5109,0.029,1,
rome,rome/rome/grafo6341.39.graphml,39,51,C,repaired,4,6,4,bound,594,0.004,1,
rome,rome/rome/grafo6342.37.graphml,37,42,C,repaired,3,4,3,bound,31,0.002,1,
rome,rome/rome/grafo6338.56.graphml,56,69,C,repaired,4,5,4,bound,1093,0.006,1,
rome,rome/rome/grafo6339.47.graphml,47,64,C,repaired,5,6,5,bound,122,0.004,1,
rome,rome/rome/grafo6340.37.graphml,37,44,C,repaired,3,4,4,refutation,497,0.004,1,
rome,rome/rome/grafo6346.43.graphml,43,62,C,repaired,5,6,5,bound,39,0.002,1,
rome,rome/rome/grafo6347.46.graphml,46,66,C,repaired,5,6,6,refutation,4116,0.017,1,
rome,rome/rome/grafo635.13.graphml,13,17,C,repaired,3,3,3,bound,0,0.0,1,
rome,rome/rome/grafo5572.82.graphml,82,118,C,repaired,6,10,10,,10711040,10.013,1,
rome,rome/rome/grafo6345.43.graphml,43,57,C,repaired,4,6,5,refutation,5981,0.023,1,
rome,rome/rome/grafo6343.43.graphml,43,55,C,repaired,4,6,5,refutation,2818,0.03,1,
rome,rome/rome/grafo6353.39.graphml,100,50,C,repaired,2,3,3,refutation,486,0.004,52,
rome,rome/rome/grafo6334.84.graphml,84,103,C,repaired,5,6,6,refutation,265028,0.271,1,
rome,rome/rome/grafo6352.44.graphml,44,60,C,repaired,5,7,6,refutation,6019,0.028,1,
rome,rome/rome/grafo6356.37.graphml,37,43,C,repaired,3,4,3,bound,69,0.001,1,
rome,rome/rome/grafo6344.47.graphml,47,63,C,repaired,4,6,5,refutation,4275,0.023,1,
rome,rome/rome/grafo6349.56.graphml,56,74,C,repaired,4,6,6,refutation,26683,0.086,1,
rome,rome/rome/grafo6355.41.graphml,41,60,C,repaired,5,7,7,refutation,10690,0.04,1,
rome,rome/rome/grafo6358.42.graphml,42,61,C,repaired,4,6,6,refutation,3203,0.013,1,
rome,rome/rome/grafo6348.43.graphml,43,56,C,repaired,4,6,6,refutation,15615,0.055,1,
rome,rome/rome/grafo6350.56.graphml,56,74,C,repaired,4,6,6,refutation,26683,0.074,1,
rome,rome/rome/grafo6354.41.graphml,41,56,C,repaired,4,7,6,refutation,5821,0.025,1,
rome,rome/rome/grafo6359.43.graphml,43,59,C,repaired,5,6,6,refutation,7152,0.027,1,
rome,rome/rome/grafo6360.40.graphml,40,57,C,repaired,4,6,5,refutation,830,0.004,1,
rome,rome/rome/grafo6357.46.graphml,46,59,C,repaired,4,6,6,refutation,15231,0.032,1,
rome,rome/rome/grafo636.29.graphml,29,30,C,repaired,2,2,2,bound,0,0.001,1,
rome,rome/rome/grafo6361.41.graphml,41,60,C,repaired,4,6,6,refutation,3317,0.014,1,
rome,rome/rome/grafo6362.44.graphml,44,53,C,repaired,3,5,4,refutation,1540,0.013,1,
rome,rome/rome/grafo6365.34.graphml,34,38,C,repaired,3,4,3,bound,184,0.002,1,
rome,rome/rome/grafo6364.45.graphml,45,59,C,repaired,3,5,5,refutation,2593,0.012,1,
rome,rome/rome/grafo6366.41.graphml,41,51,C,repaired,4,5,4,bound,33,0.002,1,
rome,rome/rome/grafo6363.48.graphml,48,62,C,repaired,3,6,5,refutation,2310,0.012,1,
rome,rome/rome/grafo637.13.graphml,13,12,C,repaired,1,2,2,refutation,12,0.001,1,
rome,rome/rome/grafo6367.45.graphml,45,72,C,repaired,5,7,6,refutation,9294,0.029,1,
rome,rome/rome/grafo6373.49.graphml,49,56,C,repaired,4,5,4,bound,717,0.004,1,
rome,rome/rome/grafo6368.45.graphml,45,65,C,repaired,4,5,5,refutation,1181,0.007,1,
rome,rome/rome/grafo6370.51.graphml,51,79,C,repaired,6,8,7,refutation,26220,0.063,1,
rome,rome/rome/grafo6371.41.graphml,41,55,C,repaired,4,7,5,refutation,2555,0.015,1,
rome,rome/rome/grafo6376.48.graphml,48,62,C,repaired,4,5,5,refutation,4054,0.013,1,
rome,rome/rome/grafo6372.43.graphml,43,59,C,repaired,4,6,6,refutation,7142,0.027,1,
rome,rome/rome/grafo6374.39.graphml,39,51,C,repaired,3,5,5,refutation,1509,0.004,1,
rome,rome/rome/grafo6377.42.graphml,42,63,C,repaired,5,7,6,refutation,3098,0.01,1,
rome,rome/rome/grafo6369.56.graphml,56,84,C,repaired,5,8,7,refutation,62003,0.131,1,
rome,rome/rome/grafo638.12.graphml,12,17,C,repaired,3,3,3,bound,0,0.0,1,
rome,rome/rome/grafo6380.39.graphml,39,46,C,repaired,3,4,4,refutation,1610,0.005,1,
rome,rome/rome/grafo6375.52.graphml,52,79,C,repaired,6,7,7,refutation,29739,0.048,1,
rome,rome/rome/grafo6379.39.graphml,39,50,C,repaired,3,4,4,refutation,881,0.007,1,
rome,rome/rome/grafo6381.42.graphml,42,50,C,repaired,4,5,4,bound,34,0.002,1,
rome,rome/rome/grafo6378.44.graphml,44,62,C,repaired,5,6,6,refutation,7749,0.02,1,
rome,rome/rome/grafo6382.40.graphml,40,52,C,repaired,4,6,5,refutation,2610,0.013,1,
rome,rome/rome/grafo6383.49.graphml,49,74,C,repaired,5,8,7,refutation,24122,0.066,1,
rome,rome/rome/grafo6384.47.graphml,47,72,C,repaired,5,8,7,refutation,19561,0.049,1,
rome,rome/rome/grafo6385.49.graphml,49,70,C,repaired,5,6,6,refutation,10096,0.031,1,
rome,rome/rome/grafo6388.34.graphml,34,46,C,repaired,4,6,5,refutation,1458,0.007,1,
rome,rome/rome/grafo6386.52.graphml,52,79,C,repaired,6,7,7,refutation,29739,0.059,1,
rome,rome/rome/grafo6184.81.graphml,81,107,C,repaired,5,9,8,refutation,3190911,2.755,1,
rome,rome/rome/grafo6387.44.graphml,44,60,C,repaired,4,7,6,refutation,6870,0.034,1,
rome,rome/rome/grafo639.14.graphml,14,20,C,repaired,2,3,3,refutation,25,0.0,1,
rome,rome/rome/grafo6391.43.graphml,43,62,C,repaired,5,7,7,refutation,12322,0.035,1,
rome,rome/rome/grafo6392.40.graphml,40,57,C,repaired,4,6,6,refutation,1894,0.008,1,
rome,rome/rome/grafo6390.48.graphml,48,66,C,repaired,5,7,7,refutation,20771,0.051,1,
rome,rome/rome/grafo640.16.graphml,16,16,C,repaired,2,3,2,bound,13,0.001,1,
rome,rome/rome/grafo6396.45.graphml,45,65,C,repaired,5,7,6,refutation,6199,0.019,1,
rome,rome/rome/grafo6397.44.graphml,44,56,C,repaired,4,6,5,refutation,2953,0.011,1,
rome,rome/rome/grafo6393.43.graphml,43,62,C,repaired,4,7,6,refutation,5432,0.03,1,
rome,rome/rome/grafo6395.57.graphml,57,73,C,repaired,4,7,6,refutation,33592,0.067,1,
rome,rome/rome/grafo6398.41.graphml,41,53,C,repaired,4,4,4,bound,0,0.001,1,
rome,rome/rome/grafo6400.45.graphml,45,58,C,repaired,4,5,5,refutation,2744,0.01,1,
rome,rome/rome/grafo6394.67.graphml,67,85,C,repaired,4,6,6,refutation,62747,0.102,1,
rome,rome/rome/grafo6402.39.graphml,39,50,C,repaired,4,5,5,refutation,1609,0.008,1,
rome,rome/rome/grafo6401.45.graphml,45,67,C,repaired,5,7,7,refutation,14510,0.036,1,
rome,rome/rome/grafo6403.41.graphml,41,56,C,repaired,4,5,5,refutation,1281,0.007,1,
rome,rome/rome/grafo6407.47.graphml,47,61,C,repaired,4,6,5,refutation,3815,0.013,1,
rome,rome/rome/grafo6404.55.graphml,55,69,C,repaired,4,6,5,refutation,27612,0.057,1,
rome,rome/rome/grafo6405.55.graphml,55,69,C,repaired,4,6,5,refutation,27612,0.056,1,
rome,rome/rome/grafo6406.43.graphml,43,57,C,repaired,4,5,5,refutation,2095,0.007,1,
rome,rome/rome/grafo6408.47.graphml,47,57,C,repaired,4,5,5,refutation,4373,0.018,1,
rome,rome/rome/grafo6409.40.graphml,40,53,C,repaired,4,5,5,refutation,1428,0.007,1,
rome,rome/rome/grafo641.21.graphml,21,23,C,repaired,2,3,2,bound,59,0.001,1,
rome,rome/rome/grafo6389.84.graphml,84,97,C,repaired,4,6,6,refutation,303292,0.294,1,
rome,rome/rome/grafo6399.55.graphml,55,79,C,repaired,5,7,7,refutation,53142,0.122,1,
rome,rome/rome/grafo6410.50.graphml,50,69,C,repaired,4,5,4,bound,128,0.003,1,
rome,rome/rome/grafo6411.45.graphml,45,59,C,repaired,4,6,5,refutation,3330,0.013,1,
rome,rome/rome/grafo6415.55.graphml,55,59,C,repaired,3,4,4,refutation,3467,0.01,1,
rome,rome/rome/grafo6416.38.graphml,38,57,C,repaired,5,7,6,refutation,2080,0.007,1,
rome,rome/rome/grafo6417.39.graphml,39,47,C,repaired,3,5,5,refutation,3529,0.013,1,
rome,rome/rome/grafo6419.45.graphml,45,59,C,repaired,4,6,5,refutation,3855,0.014,1,
rome,rome/rome/grafo6420.39.graphml,39,57,C,repaired,4,6,6,refutation,3719,0.013,1,
rome,rome/rome/grafo642.14.graphml,14,15,C,repaired,2,2,2,bound,0,0.0,1,
rome,rome/rome/grafo6421.44.graphml,44,54,C,repaired,4,4,4,bound,0,0.001,1,
rome,rome/rome/grafo6412.65.graphml,65,82,C,repaired,4,6,5,refutation,14499,0.054,1,
rome,rome/rome/grafo6427.44.graphml,44,62,C,repaired,4,6,5,refutation,2039,0.007,1,
rome,rome/rome/grafo6423.57.graphml,57,77,C,repaired,5,7,6,refutation,24098,0.053,1,
rome,rome/rome/grafo6426.48.graphml,48,60,C,repaired,4,6,5,refutation,2533,0.011,1,
rome,rome/rome/grafo6428.51.graphml,51,67,C,repaired,5,6,5,bound,509,0.005,1,
rome,rome/rome/grafo6429.41.graphml,41,64,C,repaired,5,7,7,refutation,4285,0.015,1,
rome,rome/rome/grafo643.12.graphml,12,14,C,repaired,2,2,2,bound,0,0.003,1,
rome,rome/rome/grafo6414.84.graphml,84,99,C,repaired,5,7,6,refutation,195350,0.217,1,
rome,rome/rome/grafo6431.41.graphml,41,51,C,repaired,3,6,5,refutation,2881,0.012,1,
rome,rome/rome/grafo6413.62.graphml,62,95,C,repaired,5,8,8,refutation,94643,0.246,1,
rome,rome/rome/grafo6432.44.graphml,44,54,C,repaired,3,4,4,refutation,1763,0.008,1,
rome,rome/rome/grafo6430.71.graphml,71,81,C,repaired,3,6,5,refutation,30385,0.068,1,
rome,rome/rome/grafo6433.48.graphml,48,64,C,repaired,4,6,5,refutation,2395,0.009,1,
rome,rome/rome/grafo6435.36.graphml,36,50,C,repaired,4,5,5,refutation,529,0.004,1,
rome,rome/rome/grafo6438.45.graphml,45,58,C,repaired,4,5,5,refutation,1872,0.012,1,
rome,rome/rome/grafo6439.41.graphml,41,54,C,repaired,3,6,4,refutation,1040,0.009,1,
rome,rome/rome/grafo644.14.graphml,14,17,C,repaired,2,3,3,refutation,18,0.0,1,
rome,rome/rome/grafo6434.78.graphml,78,97,C,repaired,4,5,5,refutation,14908,0.054,1,
rome,rome/rome/grafo6437.47.graphml,47,70,C,repaired,5,7,7,refutation,21275,0.049,1,
rome,rome/rome/grafo6351.79.graphml,79,108,C,repaired,5,9,8,refutation,1374459,1.227,1,
rome,rome/rome/grafo6441.41.graphml,41,54,C,repaired,4,6,5,refutation,1289,0.007,1,
rome,rome/rome/grafo6440.49.graphml,49,64,C,repaired,5,6,5,bound,200,0.006,1,
rome,rome/rome/grafo6442.45.graphml,45,55,C,repaired,4,6,5,refutation,3520,0.016,1,
rome,rome/rome/grafo6443.46.graphml,46,62,C,repaired,5,6,6,refutation,16173,0.036,1,
rome,rome/rome/grafo5681.79.graphml,79,121,C,repaired,7,12,11,,14172289,10.014,1,
rome,rome/rome/grafo6436.74.graphml,74,95,C,repaired,4,6,6,refutation,130297,0.163,1,
rome,rome/rome/grafo6424.78.graphml,78,96,C,repaired,5,7,6,refutation,403947,0.417,1,
rome,rome/rome/grafo6445.49.graphml,49,63,C,repaired,4,6,5,refutation,3137,0.015,1,
rome,rome/rome/grafo6446.57.graphml,57,68,C,repaired,3,5,5,refutation,19276,0.043,1,
rome,rome/rome/grafo645.17.graphml,17,19,C,repaired,2,2,2,bound,0,0.0,1,
rome,rome/rome/grafo6449.51.graphml,51,65,C,repaired,4,5,5,refutation,8378,0.03,1,
rome,rome/rome/grafo6450.37.graphml,37,46,C,repaired,4,5,4,bound,124,0.002,1,
rome,rome/rome/grafo6451.47.graphml,47,67,C,repaired,5,6,6,refutation,3890,0.018,1,
rome,rome/rome/grafo6448.80.graphml,80,93,C,repaired,4,7,5,refutation,58345,0.104,1,
rome,rome/rome/grafo6444.64.graphml,64,82,C,repaired,5,8,7,refutation,161428,0.187,1,
rome,rome/rome/grafo6453.49.graphml,49,56,C,repaired,2,4,3,refutation,418,0.006,1,
rome,rome/rome/grafo6454.60.graphml,60,78,C,repaired,4,6,5,refutation,6892,0.019,1,
rome,rome/rome/grafo6455.39.graphml,39,51,C,repaired,4,6,5,refutation,1255,0.013,1,
rome,rome/rome/grafo6425.78.graphml,78,96,C,repaired,5,7,6,refutation,403947,0.503,1,
rome,rome/rome/grafo6460.40.graphml,40,56,C,repaired,4,5,4,bound,39,0.002,1,
rome,rome/rome/grafo6461.48.graphml,48,58,C,repaired,3,6,4,refutation,2515,0.009,1,
rome,rome/rome/grafo6458.40.graphml,40,57,C,repaired,4,6,5,refutation,1840,0.006,1,
rome,rome/rome/grafo646.25.graphml,25,25,C,repaired,2,3,2,bound,25,0.001,1,
rome,rome/rome/grafo6462.46.graphml,46,56,C,repaired,3,5,4,refutation,942,0.005,1,
rome,rome/rome/grafo6452.58.graphml,58,79,C,repaired,5,7,7,refutation,44325,0.137,1,
rome,rome/rome/grafo6465.39.graphml,39,46,C,repaired,3,4,4,refutation,680,0.003,1,
rome,rome/rome/grafo6459.57.graphml,57,72,C,repaired,4,6,6,refutation,21564,0.073,1,
rome,rome/rome/grafo6464.42.graphml,42,57,C,repaired,4,4,4,bound,0,0.001,1,
rome,rome/rome/grafo6466.51.graphml,51,64,C,repaired,4,5,4,bound,55,0.002,1,
rome,rome/rome/grafo6467.38.graphml,38,43,C,repaired,3,4,3,bound,67,0.001,1,
rome,rome/rome/grafo6469.47.graphml,47,70,C,repaired,5,6,6,refutation,6775,0.023,1,
rome,rome/rome/grafo6456.58.graphml,58,84,C,repaired,6,9,8,refutation,254788,0.248,1,
rome,rome/rome/grafo6472.40.graphml,40,57,C,repaired,4,5,5,refutation,1381,0.006,1,
rome,rome/rome/grafo6470.45.graphml,45,66,C,repaired,5,6,5,bound,1061,0.005,1,
rome,rome/rome/grafo6457.58.graphml,58,84,C,repaired,6,9,8,refutation,254788,0.234,1,
rome,rome/rome/grafo6471.46.graphml,46,61,C,repaired,4,6,5,refutation,1905,0.008,1,
rome,rome/rome/grafo6473.39.graphml,39,49,C,repaired,4,5,5,refutation,1858,0.008,1,
rome,rome/rome/grafo6474.46.graphml,46,59,C,repaired,4,5,5,refutation,4721,0.015,1,
rome,rome/rome/grafo6475.51.graphml,51,66,C,repaired,4,6,6,refutation,14060,0.036,1,
rome,rome/rome/grafo6476.39.graphml,39,50,C,repaired,4,5,5,refutation,3030,0.013,1,
rome,rome/rome/grafo6477.37.graphml,37,43,C,repaired,3,3,3,bound,0,0.004,1,
rome,rome/rome/grafo6479.38.graphml,38,51,C,repaired,4,5,5,refutation,655,0.004,1,
rome,rome/rome/grafo6478.38.graphml,38,51,C,repaired,4,5,5,refutation,1470,0.007,1,
rome,rome/rome/grafo648.39.graphml,39,41,C,repaired,2,3,3,refutation,238,0.002,1,
rome,rome/rome/grafo6480.38.graphml,38,50,C,repaired,4,6,5,refutation,1732,0.008,1,
rome,rome/rome/grafo6481.38.graphml,38,46,C,repaired,4,4,4,bound,0,0.001,1,
rome,rome/rome/grafo6484.45.graphml,45,50,C,repaired,3,4,3,bound,61,0.002,1,
rome,rome/rome/grafo6485.40.graphml,40,51,C,repaired,3,5,5,refutation,1137,0.005,1,
rome,rome/rome/grafo647.78.graphml,78,99,C,repaired,5,7,6,refutation,114893,0.201,1,
rome,rome/rome/grafo6487.53.graphml,53,62,C,repaired,3,5,4,refutation,1045,0.005,1,
rome,rome/rome/grafo6483.60.graphml,60,83,C,repaired,5,6,6,refutation,47322,0.084,1,
rome,rome/rome/grafo6488.49.graphml,49,63,C,repaired,4,5,5,refutation,6357,0.02,1,
rome,rome/rome/grafo649.14.graphml,14,25,C,repaired,3,4,3,bound,13,0.001,1,
rome,rome/rome/grafo6489.48.graphml,48,66,C,repaired,3,6,5,refutation,2637,0.013,1,
rome,rome/rome/grafo6486.75.graphml,75,107,C,repaired,5,8,7,refutation,96542,0.129,1,
rome,rome/rome/grafo6493.39.graphml,39,50,C,repaired,3,5,5,refutation,1213,0.006,1,
rome,rome/rome/grafo6463.84.graphml,84,106,C,repaired,4,8,7,refutation,532088,0.497,1,
rome,rome/rome/grafo6491.51.graphml,51,57,C,repaired,3,4,3,bound,41,0.002,1,
rome,rome/rome/grafo6492.38.graphml,38,50,C,repaired,4,5,5,refutation,1192,0.01,1,
rome,rome/rome/grafo6495.39.graphml,39,56,C,repaired,4,6,6,refutation,1604,0.007,1,
rome,rome/rome/grafo6494.62.graphml,62,81,C,repaired,5,7,6,refutation,30674,0.058,1,
rome,rome/rome/grafo6496.52.graphml,52,75,C,repaired,6,7,6,bound,855,0.007,1,
rome,rome/rome/grafo6497.46.graphml,46,62,C,repaired,4,5,5,refutation,8078,0.022,1,
rome,rome/rome/grafo650.12.graphml,12,11,C,repaired,1,2,2,refutation,12,0.0,1,
rome,rome/rome/grafo6498.40.graphml,40,52,C,repaired,4,6,5,refutation,1560,0.005,1,
rome,rome/rome/grafo6499.46.graphml,46,68,C,repaired,5,7,6,refutation,3926,0.014,1,
rome,rome/rome/grafo6490.57.graphml,57,78,C,repaired,5,7,7,refutation,78178,0.151,1,
rome,rome/rome/grafo6501.40.graphml,40,50,C,repaired,3,5,4,refutation,1100,0.005,1,
rome,rome/rome/grafo6500.55.graphml,55,75,C,repaired,5,7,6,refutation,22916,0.051,1,
rome,rome/rome/grafo6503.59.graphml,59,73,C,repaired,4,6,5,refutation,4753,0.03,1,
rome,rome/rome/grafo6504.56.graphml,56,65,C,repaired,3,4,4,refutation,2467,0.012,1,
rome,rome/rome/grafo6507.59.graphml,59,80,C,repaired,5,6,6,refutation,9300,0.032,1,
rome,rome/rome/grafo6508.62.graphml,62,70,C,repaired,3,5,5,refutation,12948,0.032,1,
rome,rome/rome/grafo6509.38.graphml,38,52,C,repaired,4,5,4,bound,48,0.004,1,
rome,rome/rome/grafo6511.46.graphml,46,56,C,repaired,3,4,4,refutation,875,0.005,1,
rome,rome/rome/grafo651.16.graphml,16,15,C,repaired,1,2,2,refutation,21,0.004,1,
rome,rome/rome/grafo6510.49.graphml,49,59,C,repaired,3,5,4,refutation,1549,0.004,1,
rome,rome/rome/grafo6502.77.graphml,77,95,C,repaired,4,7,6,refutation,102287,0.198,1,
rome,rome/rome/grafo6512.46.graphml,46,56,C,repaired,4,5,5,refutation,3420,0.015,1,
rome,rome/rome/grafo6513.47.graphml,47,56,C,repaired,3,5,4,refutation,769,0.004,1,
rome,rome/rome/grafo6514.39.graphml,39,55,C,repaired,5,6,5,bound,751,0.003,1,
rome,rome/rome/grafo6515.47.graphml,47,62,C,repaired,4,5,5,refutation,3853,0.016,1,
rome,rome/rome/grafo6242.93.graphml,93,130,C,repaired,7,9,8,refutation,4395458,4.115,1,
rome,rome/rome/grafo6516.35.graphml,35,46,C,repaired,5,6,5,bound,232,0.002,1,
rome,rome/rome/grafo6517.35.graphml,35,49,C,repaired,4,5,5,refutation,652,0.003,1,
rome,rome/rome/grafo652.14.graphml,14,13,C,repaired,1,2,2,refutation,18,0.003,1,
rome,rome/rome/grafo6468.83.graphml,83,110,C,repaired,6,9,8,refutation,1049452,0.916,1,
rome,rome/rome/grafo6482.87.graphml,87,115,C,repaired,5,9,8,refutation,674311,0.76,1,
rome,rome/rome/grafo6521.59.graphml,59,84,C,repaired,5,8,7,refutation,65646,0.094,1,
rome,rome/rome/grafo6524.45.graphml,45,59,C,repaired,4,6,6,refutation,13197,0.036,1,
rome,rome/rome/grafo6519.56.graphml,56,74,C,repaired,5,7,6,refutation,44100,0.109,1,
rome,rome/rome/grafo6525.45.graphml,45,51,C,repaired,3,4,3,bound,238,0.003,1,
rome,rome/rome/grafo6522.59.graphml,59,91,C,repaired,6,8,8,refutation,132840,0.151,1,
rome,rome/rome/grafo6523.47.graphml,47,65,C,repaired,5,7,7,refutation,34782,0.048,1,
rome,rome/rome/grafo6526.51.graphml,51,65,C,repaired,4,6,5,refutation,4691,0.017,1,
rome,rome/rome/grafo6529.54.graphml,54,67,C,repaired,5,6,5,bound,63,0.003,1,
rome,rome/rome/grafo653.12.graphml,12,12,C,repaired,2,2,2,bound,0,0.0,1,
rome,rome/rome/grafo6531.38.graphml,38,51,C,repaired,4,5,5,refutation,1327,0.007,1,
rome,rome/rome/grafo6518.85.graphml,85,107,C,repaired,5,7,6,refutation,244579,0.302,1,
rome,rome/rome/grafo6528.72.graphml,72,87,C,repaired,4,6,5,refutation,47920,0.1,1,
rome,rome/rome/grafo6530.41.graphml,41,54,C,repaired,3,5,4,refutation,430,0.005,1,
rome,rome/rome/grafo6535.49.graphml,49,65,C,repaired,4,5,5,refutation,3364,0.011,1,
rome,rome/rome/grafo6447.87.graphml,87,124,C,repaired,6,9,8,refutation,1515504,1.539,1,
rome,rome/rome/grafo6534.48.graphml,48,58,C,repaired,4,6,5,refutation,7286,0.033,1,
rome,rome/rome/grafo6537.46.graphml,46,52,C,repaired,4,4,4,bound,0,0.004,1,
rome,rome/rome/grafo654.25.graphml,25,24,C,repaired,1,2,2,refutation,28,0.001,1,
rome,rome/rome/grafo6539.47.graphml,47,65,C,repaired,4,7,6,refutation,8858,0.018,1,
rome,rome/rome/grafo6527.69.graphml,69,98,C,repaired,5,9,8,refutation,341488,0.302,1,
rome,rome/rome/grafo6541.39.graphml,39,54,C,repaired,5,6,6,refutation,5079,0.016,1,
rome,rome/rome/grafo6520.84.graphml,84,110,C,repaired,5,8,7,refutation,542159,0.493,1,
rome,rome/rome/grafo6538.81.graphml,81,99,C,repaired,5,7,6,refutation,71757,0.147,1,
rome,rome/rome/grafo6540.56.graphml,56,79,C,repaired,4,7,6,refutation,19318,0.036,1,
rome,rome/rome/grafo6543.37.graphml,37,53,C,repaired,5,5,5,bound,0,0.001,1,
rome,rome/rome/grafo6506.80.graphml,80,106,C,repaired,5,8,8,refutation,1027591,0.839,1,
rome,rome/rome/grafo6544.48.graphml,48,61,C,repaired,4,7,5,refutation,2234,0.012,1,
rome,rome/rome/grafo6549.45.graphml,45,58,C,repaired,4,6,5,refutation,4291,0.014,1,
rome,rome/rome/grafo6547.38.graphml,38,64,C,repaired,6,7,7,refutation,4361,0.014,1,
rome,rome/rome/grafo6548.46.graphml,46,59,C,repaired,4,6,6,refutation,14617,0.03,1,
rome,rome/rome/grafo655.23.graphml,23,23,C,repaired,2,2,2,bound,0,0.001,1,
rome,rome/rome/grafo6505.80.graphml,80,106,C,repaired,5,8,8,refutation,1027591,0.951,1,
rome,rome/rome/grafo6546.56.graphml,56,70,C,repaired,4,5,5,refutation,10679,0.032,1,
rome,rome/rome/grafo6553.46.graphml,46,66,C,repaired,5,7,6,refutation,9468,0.033,1,
rome,rome/rome/grafo6555.50.graphml,50,63,C,repaired,4,6,6,refutation,11315,0.031,1,
rome,rome/rome/grafo6552.45.graphml,45,54,C,repaired,3,4,3,bound,44,0.004,1,
rome,rome/rome/grafo6554.48.graphml,48,70,C,repaired,5,6,5,bound,1109,0.006,1,
rome,rome/rome/grafo6551.49.graphml,49,66,C,repaired,4,6,6,refutation,6140,0.018,1,
rome,rome/rome/grafo6557.45.graphml,45,58,C,repaired,4,6,5,refutation,3645,0.013,1,
rome,rome/rome/grafo6559.38.graphml,38,47,C,repaired,3,4,3,bound,234,0.002,1,
rome,rome/rome/grafo656.22.graphml,22,28,C,repaired,3,4,3,bound,51,0.001,1,
rome,rome/rome/grafo6558.67.graphml,67,88,C,repaired,5,7,6,refutation,22450,0.056,1,
rome,rome/rome/grafo6560.37.graphml,37,42,C,repaired,3,4,4,refutation,1001,0.005,1,
rome,rome/rome/grafo6561.48.graphml,48,68,C,repaired,4,6,5,refutation,6040,0.012,1,
rome,rome/rome/grafo6563.44.graphml,44,61,C,repaired,5,6,6,refutation,5235,0.021,1,
rome,rome/rome/grafo6556.60.graphml,60,88,C,repaired,6,8,8,refutation,139831,0.153,1,
rome,rome/rome/grafo6564.42.graphml,42,58,C,repaired,4,5,4,bound,66,0.002,1,
rome,rome/rome/grafo6542.79.graphml,79,99,C,repaired,4,7,7,refutation,531739,0.475,1,
rome,rome/rome/grafo6566.57.graphml,57,79,C,repaired,4,7,5,refutation,6298,0.021,1,
rome,rome/rome/grafo6565.59.graphml,59,73,C,repaired,5,6,6,refutation,26584,0.061,1,
rome,rome/rome/grafo6568.56.graphml,56,69,C,repaired,4,5,5,refutation,9680,0.03,1,
rome,rome/rome/grafo6545.71.graphml,71,90,C,repaired,5,7,7,refutation,594175,0.502,1,
rome,rome/rome/grafo6569.45.graphml,45,58,C,repaired,4,6,5,refutation,2832,0.012,1,
rome,rome/rome/grafo657.15.graphml,15,22,C,repaired,3,3,3,bound,0,0.0,1,
rome,rome/rome/grafo6567.60.graphml,60,85,C,repaired,5,7,6,refutation,15036,0.067,1,
rome,rome/rome/grafo6571.45.graphml,45,67,C,repaired,5,7,6,refutation,7020,0.028,1,
rome,rome/rome/grafo6574.47.graphml,47,62,C,repaired,4,6,5,refutation,5266,0.021,1,
rome,rome/rome/grafo6572.38.graphml,38,43,C,repaired,3,4,3,bound,88,0.001,1,
rome,rome/rome/grafo6278.98.graphml,98,131,C,repaired,6,9,8,refutation,4864243,4.865,1,
rome,rome/rome/grafo6577.38.graphml,38,49,C,repaired,3,5,4,refutation,391,0.002,1,
rome,rome/rome/grafo6570.65.graphml,65,93,C,repaired,6,7,7,refutation,92596,0.121,1,
rome,rome/rome/grafo6579.38.graphml,38,49,C,repaired,3,5,4,refutation,1364,0.007,1,
rome,rome/rome/grafo6576.49.graphml,49,58,C,repaired,3,5,4,refutation,1708,0.008,1,
rome,rome/rome/grafo658.15.graphml,15,20,C,repaired,3,3,3,bound,0,0.0,1,
rome,rome/rome/grafo6578.38.graphml,38,53,C,repaired,4,6,6,refutation,4190,0.017,1,
rome,rome/rome/grafo6580.51.graphml,51,67,C,repaired,5,6,6,refutation,12918,0.037,1,
rome,rome/rome/grafo6582.49.graphml,49,62,C,repaired,4,6,6,refutation,14163,0.036,1,
rome,rome/rome/grafo6583.61.graphml,61,84,C,repaired,5,7,6,refutation,12119,0.038,1,
rome,rome/rome/grafo6584.61.graphml,61,84,C,repaired,5,7,6,refutation,12119,0.039,1,
rome,rome/rome/grafo6587.45.graphml,45,53,C,repaired,3,4,4,refutation,880,0.004,1,
rome,rome/rome/grafo6586.48.graphml,48,69,C,repaired,5,6,6,refutation,6300,0.014,1,
rome,rome/rome/grafo6588.49.graphml,49,64,C,repaired,4,6,5,refutation,2190,0.01,1,
rome,rome/rome/grafo6573.77.graphml,77,92,C,repaired,4,7,6,refutation,310376,0.268,1,
rome,rome/rome/grafo6589.37.graphml,37,47,C,repaired,4,5,5,refutation,1596,0.009,1,
rome,rome/rome/grafo659.14.graphml,14,17,C,repaired,2,3,2,bound,11,0.001,1,
rome,rome/rome/grafo6590.38.graphml,38,49,C,repaired,4,5,4,bound,61,0.001,1,
rome,rome/rome/grafo6593.38.graphml,38,48,C,repaired,4,6,5,refutation,1482,0.007,1,
rome,rome/rome/grafo6591.55.graphml,55,76,C,repaired,5,7,6,refutation,19692,0.047,1,
rome,rome/rome/grafo6592.55.graphml,55,76,C,repaired,5,7,6,refutation,19692,0.046,1,
rome,rome/rome/grafo6594.50.graphml,50,77,C,repaired,5,8,7,refutation,15604,0.051,1,
rome,rome/rome/grafo6596.38.graphml,38,45,C,repaired,3,5,3,bound,142,0.002,1,
rome,rome/rome/grafo6597.49.graphml,49,71,C,repaired,5,6,5,bound,382,0.003,1,
rome,rome/rome/grafo6595.38.graphml,38,53,C,repaired,4,7,7,refutation,7672,0.013,1,
rome,rome/rome/grafo6581.61.graphml,61,92,C,repaired,5,9,8,refutation,240153,0.342,1,
rome,rome/rome/grafo6599.36.graphml,36,47,C,repaired,4,5,5,refutation,1114,0.005,1,
rome,rome/rome/grafo660.13.graphml,13,20,C,repaired,3,3,3,bound,0,0.0,1,
rome,rome/rome/grafo6600.47.graphml,47,68,C,repaired,5,6,6,refutation,7891,0.03,1,
rome,rome/rome/grafo6601.46.graphml,46,66,C,repaired,5,6,6,refutation,4150,0.013,1,
rome,rome/rome/grafo6536.93.graphml,93,116,C,repaired,5,8,7,refutation,1392455,1.344,1,
rome,rome/rome/grafo6605.46.graphml,46,57,C,repaired,3,5,4,refutation,1088,0.007,1,
rome,rome/rome/grafo6603.49.graphml,49,84,C,repaired,6,9,8,refutation,24176,0.052,1,
rome,rome/rome/grafo6604.38.graphml,38,44,C,repaired,3,3,3,bound,0,0.001,1,
rome,rome/rome/grafo6422.89.graphml,89,113,C,repaired,5,9,8,refutation,3562969,3.508,1,
rome,rome/rome/grafo6607.51.graphml,51,61,C,repaired,3,5,4,refutation,1751,0.018,1,
rome,rome/rome/grafo6609.54.graphml,54,66,C,repaired,4,5,5,refutation,7503,0.021,1,
rome,rome/rome/grafo661.16.graphml,16,17,C,repaired,2,3,3,refutation,48,0.001,1,
rome,rome/rome/grafo6610.45.graphml,45,63,C,repaired,5,6,5,bound,36,0.002,1,
rome,rome/rome/grafo6608.53.graphml,53,76,C,repaired,6,8,7,refutation,51886,0.089,1,
rome,rome/rome/grafo6598.71.graphml,71,104,C,repaired,6,9,8,refutation,334904,0.331,1,
rome,rome/rome/grafo6611.37.graphml,37,54,C,repaired,5,6,6,refutation,2868,0.012,1,
rome,rome/rome/grafo6614.74.graphml,74,95,C,repaired,4,6,5,refutation,12772,0.037,1,
rome,rome/rome/grafo6615.46.graphml,46,63,C,repaired,5,6,5,bound,35,0.002,1,
rome,rome/rome/grafo6616.45.graphml,45,63,C,repaired,4,6,5,refutation,2059,0.011,1,
rome,rome/rome/grafo6619.48.graphml,48,57,C,repaired,3,5,5,refutation,2968,0.011,1,
rome,rome/rome/grafo6613.59.graphml,59,83,C,repaired,5,7,7,refutation,95180,0.114,1,
rome,rome/rome/grafo6612.59.graphml,59,83,C,repaired,5,7,7,refutation,95180,0.11,1,
rome,rome/rome/grafo662.14.graphml,14,15,C,repaired,2,2,2,bound,0,0.0,1,
rome,rome/rome/grafo6620.56.graphml,56,71,C,repaired,4,5,4,bound,232,0.004,1,
rome,rome/rome/grafo6606.70.graphml,70,92,C,repaired,5,7,7,refutation,469414,0.413,1,
rome,rome/rome/grafo6622.68.graphml,68,77,C,repaired,4,5,4,bound,47,0.003,1,
rome,rome/rome/grafo5938.75.graphml,75,116,C,repaired,7,11,10,,12873976,10.016,1,
rome,rome/rome/grafo6618.82.graphml,82,101,C,repaired,4,7,6,refutation,97622,0.12,1,
rome,rome/rome/grafo6624.59.graphml,59,73,C,repaired,4,6,5,refutation,6241,0.024,1,
rome,rome/rome/grafo6575.68.graphml,68,100,C,repaired,5,9,9,refutation,1228798,1.062,1,
rome,rome/rome/grafo6626.54.graphml,54,65,C,repaired,4,4,4,bound,0,0.002,1,
rome,rome/rome/grafo6602.76.graphml,76,106,C,repaired,5,9,8,refutation,613171,0.577,1,
rome,rome/rome/grafo6623.59.graphml,59,73,C,repaired,4,6,5,refutation,6241,0.03,1,
rome,rome/rome/grafo6628.46.graphml,46,63,C,repaired,4,6,5,refutation,2131,0.009,1,
rome,rome/rome/grafo6629.37.graphml,37,45,C,repaired,3,4,4,refutation,456,0.003,1,
rome,rome/rome/grafo6627.57.graphml,57,84,C,repaired,5,8,7,refutation,22448,0.056,1,
rome,rome/rome/grafo663.19.graphml,19,20,C,repaired,2,3,3,refutation,56,0.001,1,
rome,rome/rome/grafo6632.46.graphml,46,60,C,repaired,5,5,5,bound,0,0.002,1,
rome,rome/rome/grafo6631.46.graphml,46,55,C,repaired,4,5,5,refutation,4083,0.016,1,
rome,rome/rome/grafo6634.47.graphml,47,52,C,repaired,3,4,4,refutation,2460,0.008,1,
rome,rome/rome/grafo6630.56.graphml,56,68,C,repaired,4,6,5,refutation,7721,0.02,1,
rome,rome/rome/grafo6621.60.graphml,60,78,C,repaired,4,7,7,refutation,244028,0.264,1,
rome,rome/rome/grafo6633.53.graphml,53,77,C,repaired,5,7,7,refutation,33301,0.06,1,
rome,rome/rome/grafo6635.56.graphml,56,74,C,repaired,4,6,5,refutation,4034,0.015,1,
rome,rome/rome/grafo6636.56.graphml,56,74,C,repaired,4,6,5,refutation,4034,0.016,1,
rome,rome/rome/grafo664.22.graphml,22,26,C,repaired,3,4,3,bound,27,0.001,1,
rome,rome/rome/grafo6638.48.graphml,48,60,C,repaired,4,5,4,bound,41,0.005,1,
rome,rome/rome/grafo6642.35.graphml,35,42,C,repaired,4,5,4,bound,25,0.001,1,
rome,rome/rome/grafo6639.48.graphml,48,60,C,repaired,4,5,5,refutation,5060,0.011,1,
rome,rome/rome/grafo6637.59.graphml,59,73,C,repaired,4,7,6,refutation,23307,0.084,1,
rome,rome/rome/grafo6641.40.graphml,40,54,C,repaired,4,6,6,refutation,5220,0.023,1,
rome,rome/rome/grafo6643.34.graphml,34,45,C,repaired,3,5,4,refutation,349,0.002,1,
rome,rome/rome/grafo6644.38.graphml,38,51,C,repaired,3,5,4,refutation,486,0.002,1,
rome,rome/rome/grafo6645.47.graphml,47,77,C,repaired,6,8,7,refutation,21764,0.052,1,
rome,rome/rome/grafo665.13.graphml,13,13,C,repaired,2,2,2,bound,0,0.0,1,
rome,rome/rome/grafo6648.56.graphml,56,74,C,repaired,5,7,7,refutation,47311,0.086,1,
rome,rome/rome/grafo6649.56.graphml,56,74,C,repaired,5,7,7,refutation,47311,0.066,1,
rome,rome/rome/grafo6650.54.graphml,54,67,C,repaired,4,5,5,refutation,11318,0.023,1,
rome,rome/rome/grafo6651.54.graphml,54,67,C,repaired,4,5,5,refutation,11318,0.034,1,
rome,rome/rome/grafo6653.49.graphml,49,64,C,repaired,5,6,5,bound,2056,0.012,1,
rome,rome/rome/grafo6652.54.graphml,54,74,C,repaired,5,7,6,refutation,11200,0.046,1,
rome,rome/rome/grafo6655.38.graphml,38,53,C,repaired,3,5,4,refutation,526,0.003,1,
rome,rome/rome/grafo6656.38.graphml,38,46,C,repaired,3,4,3,bound,39,0.002,1,
rome,rome/rome/grafo6659.36.graphml,36,54,C,repaired,5,7,6,refutation,1783,0.008,1,
rome,rome/rome/grafo6640.79.graphml,79,103,C,repaired,5,7,7,refutation,423225,0.392,1,
rome,rome/rome/grafo666.12.graphml,12,14,C,repaired,3,3,3,bound,0,0.0,1,
rome,rome/rome/grafo6658.59.graphml,59,79,C,repaired,5,7,7,refutation,129745,0.138,1,
rome,rome/rome/grafo6661.55.graphml,55,72,C,repaired,4,5,5,refutation,5133,0.022,1,
rome,rome/rome/grafo6657.59.graphml,59,79,C,repaired,5,7,7,refutation,129745,0.137,1,
rome,rome/rome/grafo6646.77.graphml,77,104,C,repaired,5,8,7,refutation,463877,0.469,1,
rome,rome/rome/grafo6662.46.graphml,46,64,C,repaired,4,6,6,refutation,8519,0.033,1,
rome,rome/rome/grafo6664.47.graphml,47,63,C,repaired,5,6,5,bound,52,0.002,1,
rome,rome/rome/grafo6663.39.graphml,39,46,C,repaired,3,5,4,refutation,930,0.004,1,
rome,rome/rome/grafo6665.46.graphml,46,59,C,repaired,3,5,4,refutation,1078,0.006,1,
rome,rome/rome/grafo6666.37.graphml,37,45,C,repaired,3,5,4,refutation,526,0.003,1,
rome,rome/rome/grafo667.12.graphml,12,12,C,repaired,2,2,2,bound,0,0.0,1,
rome,rome/rome/grafo6668.49.graphml,49,61,C,repaired,4,5,5,refutation,4158,0.009,1,
rome,rome/rome/grafo6550.83.graphml,83,118,C,repaired,6,10,9,refutation,3075119,2.575,1,
rome,rome/rome/grafo6671.36.graphml,36,48,C,repaired,3,4,4,refutation,447,0.003,1,
rome,rome/rome/grafo6672.48.graphml,48,64,C,repaired,4,6,6,refutation,6403,0.024,1,
rome,rome/rome/grafo6669.64.graphml,64,84,C,repaired,4,7,7,refutation,105807,0.114,1,
rome,rome/rome/grafo6674.46.graphml,46,62,C,repaired,4,6,5,refutation,3536,0.013,1,
rome,rome/rome/grafo6673.57.graphml,57,77,C,repaired,5,6,6,refutation,18940,0.032,1,
rome,rome/rome/grafo6675.44.graphml,44,58,C,repaired,4,6,6,refutation,7393,0.034,1,
rome,rome/rome/grafo6678.46.graphml,46,55,C,repaired,3,4,3,bound,50,0.002,1,
rome,rome/rome/grafo6677.37.graphml,37,43,C,repaired,3,4,3,bound,40,0.004,1,
rome,rome/rome/grafo6676.68.graphml,68,84,C,repaired,4,6,5,refutation,19539,0.049,1,
rome,rome/rome/grafo668.16.graphml,16,18,C,repaired,2,3,2,bound,22,0.001,1,
rome,rome/rome/grafo6617.84.graphml,84,117,C,repaired,6,9,8,refutation,1646801,1.508,1,
rome,rome/rome/grafo6680.60.graphml,60,80,C,repaired,4,7,6,refutation,28528,0.065,1,
rome,rome/rome/grafo6682.63.graphml,63,78,C,repaired,4,6,5,refutation,7255,0.03,1,
rome,rome/rome/grafo6683.58.graphml,58,69,C,repaired,3,5,4,refutation,1594,0.011,1,
rome,rome/rome/grafo6685.47.graphml,47,63,C,repaired,4,6,5,refutation,2778,0.01,1,
rome,rome/rome/grafo6684.56.graphml,56,76,C,repaired,4,6,6,refutation,18578,0.034,1,
rome,rome/rome/grafo6686.42.graphml,42,54,C,repaired,4,5,5,refutation,3175,0.015,1,
rome,rome/rome/grafo6687.51.graphml,51,72,C,repaired,4,6,6,refutation,15445,0.041,1,
rome,rome/rome/grafo6688.46.graphml,46,65,C,repaired,4,7,7,refutation,14727,0.04,1,
rome,rome/rome/grafo669.12.graphml,12,12,C,repaired,2,2,2,bound,0,0.0,1,
rome,rome/rome/grafo6689.48.graphml,48,57,C,repaired,3,5,4,refutation,1362,0.009,1,
rome,rome/rome/grafo6690.58.graphml,58,70,C,repaired,4,5,5,refutation,12514,0.039,1,
rome,rome/rome/grafo6691.47.graphml,47,67,C,repaired,4,6,6,refutation,8018,0.031,1,
rome,rome/rome/grafo6679.82.graphml,82,107,C,repaired,5,8,7,refutation,545048,0.514,1,
rome,rome/rome/grafo6692.46.graphml,46,66,C,repaired,5,7,6,refutation,7235,0.03,1,
rome,rome/rome/grafo6693.58.graphml,58,67,C,repaired,3,6,4,refutation,2857,0.01,1,
rome,rome/rome/grafo6696.47.graphml,47,66,C,repaired,5,6,6,refutation,12196,0.035,1,
rome,rome/rome/grafo6694.89.graphml,89,103,C,repaired,3,7,5,refutation,76115,0.116,1,
rome,rome/rome/grafo6695.59.graphml,59,79,C,repaired,5,7,6,refutation,48263,0.082,1,
rome,rome/rome/grafo6697.42.graphml,42,55,C,repaired,4,5,5,refutation,2103,0.011,1,
rome,rome/rome/grafo6698.37.graphml,37,54,C,repaired,4,5,5,refutation,414,0.003,1,
rome,rome/rome/grafo670.15.graphml,15,18,C,repaired,3,3,3,bound,0,0.0,1,
rome,rome/rome/grafo6699.46.graphml,46,69,C,repaired,6,7,6,bound,36,0.002,1,
rome,rome/rome/grafo6701.47.graphml,47,74,C,repaired,6,7,7,refutation,12090,0.039,1,
rome,rome/rome/grafo6702.52.graphml,52,73,C,repaired,5,6,6,refutation,13856,0.04,1,
rome,rome/rome/grafo6703.52.graphml,52,73,C,repaired,5,6,6,refutation,13856,0.037,1,
rome,rome/rome/grafo6704.47.graphml,47,60,C,repaired,4,5,5,refutation,5305,0.018,1,
rome,rome/rome/grafo6705.51.graphml,51,60,C,repaired,3,5,3,bound,973,0.006,1,
rome,rome/rome/grafo6706.52.graphml,52,67,C,repaired,4,6,5,refutation,4168,0.017,1,
rome,rome/rome/grafo6707.49.graphml,49,64,C,repaired,4,6,5,refutation,3063,0.014,1,
rome,rome/rome/grafo6708.49.graphml,49,62,C,repaired,4,5,4,bound,1309,0.007,1,
rome,rome/rome/grafo6700.75.graphml,75,99,C,repaired,6,7,7,refutation,316796,0.305,1,
rome,rome/rome/grafo6681.75.graphml,75,106,C,repaired,6,9,8,refutation,1249292,1.072,1,
rome,rome/rome/grafo671.13.graphml,13,15,C,repaired,2,3,2,bound,13,0.001,1,
rome,rome/rome/grafo6654.87.graphml,87,117,C,repaired,6,8,8,refutation,2085224,1.899,1,
rome,rome/rome/grafo6709.47.graphml,47,55,C,repaired,4,5,4,bound,1587,0.008,1,
rome,rome/rome/grafo6712.37.graphml,37,39,C,repaired,2,3,2,bound,65,0.001,1,
rome,rome/rome/grafo6713.48.graphml,48,67,C,repaired,5,6,5,bound,1105,0.006,1,
rome,rome/rome/grafo6715.52.graphml,52,72,C,repaired,4,7,6,refutation,15381,0.04,1,
rome,rome/rome/grafo6716.46.graphml,46,61,C,repaired,4,5,5,refutation,2642,0.011,1,
rome,rome/rome/grafo6710.73.graphml,73,94,C,repaired,5,6,6,refutation,44695,0.081,1,
rome,rome/rome/grafo6711.81.graphml,81,98,C,repaired,4,6,5,refutation,38923,0.072,1,
rome,rome/rome/grafo6717.38.graphml,38,47,C,repaired,3,5,4,refutation,780,0.004,1,
rome,rome/rome/grafo6719.42.graphml,42,59,C,repaired,4,6,5,refutation,1834,0.006,1,
rome,rome/rome/grafo6718.59.graphml,59,74,C,repaired,4,6,5,refutation,8624,0.033,1,
rome,rome/rome/grafo672.39.graphml,39,40,C,repaired,2,4,3,refutation,303,0.005,1,
rome,rome/rome/grafo6722.58.graphml,58,69,C,repaired,4,6,5,refutation,14031,0.043,1,
rome,rome/rome/grafo6723.46.graphml,46,64,C,repaired,4,6,5,refutation,3347,0.014,1,
rome,rome/rome/grafo6721.56.graphml,56,77,C,repaired,5,7,7,refutation,61392,0.09,1,
rome,rome/rome/grafo6726.47.graphml,47,57,C,repaired,4,5,4,bound,675,0.003,1,
rome,rome/rome/grafo6724.46.graphml,46,66,C,repaired,5,7,7,refutation,23032,0.053,1,
rome,rome/rome/grafo6714.72.graphml,72,95,C,repaired,5,7,7,refutation,450427,0.367,1,
rome,rome/rome/grafo6727.38.graphml,38,49,C,repaired,4,5,5,refutation,2088,0.01,1,
rome,rome/rome/grafo673.18.graphml,18,22,C,repaired,3,3,3,bound,0,0.0,1,
rome,rome/rome/grafo6720.79.graphml,79,102,C,repaired,6,8,7,refutation,268915,0.273,1,
rome,rome/rome/grafo6728.60.graphml,60,76,C,repaired,4,7,6,refutation,18210,0.047,1,
rome,rome/rome/grafo6729.38.graphml,38,51,C,repaired,4,6,6,refutation,5487,0.011,1,
rome,rome/rome/grafo6730.38.graphml,38,54,C,repaired,5,5,5,bound,0,0.001,1,
rome,rome/rome/grafo6733.57.graphml,57,68,C,repaired,4,5,4,bound,120,0.003,1,
rome,rome/rome/grafo6731.51.graphml,51,67,C,repaired,5,7,7,refutation,44974,0.076,1,
rome,rome/rome/grafo6734.38.graphml,38,41,C,repaired,3,4,3,bound,28,0.001,1,
rome,rome/rome/grafo6732.54.graphml,54,69,C,repaired,5,6,6,refutation,20362,0.074,1,
rome,rome/rome/grafo6736.38.graphml,38,53,C,repaired,5,6,5,bound,436,0.004,1,
rome,rome/rome/grafo6737.49.graphml,49,63,C,repaired,4,6,5,refutation,4217,0.017,1,
rome,rome/rome/grafo6735.65.graphml,65,88,C,repaired,5,7,6,refutation,44343,0.066,1,
rome,rome/rome/grafo6738.47.graphml,47,68,C,repaired,5,7,6,refutation,11572,0.035,1,
rome,rome/rome/grafo6739.46.graphml,46,66,C,repaired,5,7,6,refutation,7020,0.029,1,
rome,rome/rome/grafo674.15.graphml,15,18,C,repaired,2,3,3,refutation,21,0.001,1,
rome,rome/rome/grafo6740.50.graphml,50,66,C,repaired,4,6,5,refutation,3287,0.014,1,
rome,rome/rome/grafo6744.46.graphml,46,61,C,repaired,4,5,5,refutation,1808,0.007,1,
rome,rome/rome/grafo6745.35.graphml,35,53,C,repaired,4,6,5,refutation,1064,0.006,1,
rome,rome/rome/grafo6741.55.graphml,55,80,C,repaired,5,8,7,refutation,43626,0.081,1,
rome,rome/rome/grafo6746.38.graphml,38,47,C,repaired,4,5,5,refutation,2608,0.012,1,
rome,rome/rome/grafo6747.51.graphml,51,65,C,repaired,4,6,5,refutation,5766,0.015,1,
rome,rome/rome/grafo6748.38.graphml,38,50,C,repaired,4,6,5,refutation,1113,0.006,1,
rome,rome/rome/grafo675.11.graphml,11,11,C,repaired,2,2,2,bound,0,0.0,1,
rome,rome/rome/grafo6750.49.graphml,49,79,C,repaired,5,8,7,refutation,14438,0.041,1,
rome,rome/rome/grafo6743.82.graphml,82,104,C,repaired,5,8,7,refutation,417682,0.386,1,
rome,rome/rome/grafo6670.84.graphml,84,121,C,repaired,6,9,9,refutation,3293633,2.708,1,
rome,rome/rome/grafo6647.97.graphml,97,127,C,repaired,6,9,8,refutation,3648048,3.36,1,
rome,rome/rome/grafo6752.39.graphml,39,51,C,repaired,4,6,5,refutation,1784,0.009,1,
rome,rome/rome/grafo6749.86.graphml,86,103,C,repaired,4,6,6,refutation,275603,0.276,1,
rome,rome/rome/grafo6751.72.graphml,72,92,C,repaired,4,7,6,refutation,69535,0.118,1,
rome,rome/rome/grafo6742.77.graphml,77,104,C,repaired,6,8,7,refutation,643072,0.498,1,
rome,rome/rome/grafo6755.48.graphml,48,58,C,repaired,3,5,4,refutation,1495,0.008,1,
rome,rome/rome/grafo6754.50.graphml,50,63,C,repaired,3,4,4,refutation,949,0.006,1,
rome,rome/rome/grafo6756.38.graphml,38,53,C,repaired,4,5,4,bound,271,0.005,1,
rome,rome/rome/grafo6759.52.graphml,52,61,C,repaired,4,5,4,bound,83,0.003,1,
rome,rome/rome/grafo676.11.graphml,11,10,C,repaired,1,2,2,refutation,11,0.001,1,
rome,rome/rome/grafo6753.62.graphml,62,89,C,repaired,5,7,7,refutation,91306,0.125,1,
rome,rome/rome/grafo6758.46.graphml,46,66,C,repaired,4,6,5,refutation,3700,0.019,1,
rome,rome/rome/grafo6760.54.graphml,54,68,C,repaired,4,5,4,bound,1078,0.007,1,
rome,rome/rome/grafo6762.34.graphml,34,44,C,repaired,3,4,4,refutation,417,0.003,1,
rome,rome/rome/grafo6725.86.graphml,86,106,C,repaired,5,8,7,refutation,1313664,1.155,1,
rome,rome/rome/grafo6757.58.graphml,58,86,C,repaired,5,8,7,refutation,48100,0.072,1,
rome,rome/rome/grafo6763.40.graphml,40,60,C,repaired,5,6,6,refutation,4585,0.019,1,
rome,rome/rome/grafo6767.53.graphml,53,73,C,repaired,4,7,6,refutation,12271,0.04,1,
rome,rome/rome/grafo6768.50.graphml,50,62,C,repaired,4,6,5,refutation,8401,0.018,1,
rome,rome/rome/grafo6765.68.graphml,68,82,C,repaired,4,6,5,refutation,17380,0.041,1,
rome,rome/rome/grafo6770.46.graphml,46,60,C,repaired,4,5,4,bound,108,0.002,1,
rome,rome/rome/grafo677.17.graphml,17,21,C,repaired,2,3,3,refutation,29,0.001,1,
rome,rome/rome/grafo6771.46.graphml,46,55,C,repaired,3,5,4,refutation,1044,0.004,1,
rome,rome/rome/grafo6769.61.graphml,61,83,C,repaired,4,7,6,refutation,42581,0.079,1,
rome,rome/rome/grafo6761.78.graphml,78,105,C,repaired,5,8,7,refutation,297889,0.27,1,
rome,rome/rome/grafo6773.53.graphml,53,71,C,repaired,5,7,6,refutation,10266,0.031,1,
rome,rome/rome/grafo6766.85.graphml,85,111,C,repaired,5,8,7,refutation,233802,0.249,1,
rome,rome/rome/grafo6774.48.graphml,48,62,C,repaired,4,6,5,refutation,4226,0.019,1,
rome,rome/rome/grafo6776.46.graphml,46,69,C,repaired,5,8,7,refutation,23975,0.061,1,
rome,rome/rome/grafo6775.50.graphml,50,63,C,repaired,4,6,5,refutation,6658,0.029,1,
rome,rome/rome/grafo6778.37.graphml,37,45,C,repaired,3,4,4,refutation,803,0.002,1,
rome,rome/rome/grafo678.17.graphml,17,25,C,repaired,3,4,3,bound,13,0.001,1,
rome,rome/rome/grafo6777.65.graphml,65,81,C,repaired,4,6,6,refutation,32323,0.057,1,
rome,rome/rome/grafo6667.77.graphml,77,109,C,repaired,6,10,9,refutation,4077011,3.503,1,
rome,rome/rome/grafo6782.46.graphml,46,68,C,repaired,4,6,6,refutation,5523,0.017,1,
rome,rome/rome/grafo6781.47.graphml,47,66,C,repaired,4,6,6,refutation,9625,0.034,1,
rome,rome/rome/grafo6783.38.graphml,38,45,C,repaired,4,4,4,bound,0,0.002,1,
rome,rome/rome/grafo6780.50.graphml,50,70,C,repaired,5,7,6,refutation,22381,0.048,1,
rome,rome/rome/grafo6785.37.graphml,37,53,C,repaired,4,5,5,refutation,1074,0.005,1,
rome,rome/rome/grafo6307.92.graphml,92,126,C,repaired,6,11,9,,12828891,10.01,1,
rome,rome/rome/grafo6787.47.graphml,47,57,C,repaired,4,5,5,refutation,3108,0.013,1,
rome,rome/rome/grafo6784.55.graphml,55,72,C,repaired,4,6,5,refutation,8757,0.049,1,
rome,rome/rome/grafo6772.75.graphml,75,103,C,repaired,6,8,7,refutation,304766,0.316,1,
rome,rome/rome/grafo6788.55.graphml,55,60,C,repaired,3,4,3,bound,72,0.002,1,
rome,rome/rome/grafo6786.45.graphml,45,68,C,repaired,5,7,7,refutation,18554,0.033,1,
rome,rome/rome/grafo679.20.graphml,20,25,C,repaired,3,3,3,bound,0,0.001,1,
rome,rome/rome/grafo6789.55.graphml,55,60,C,repaired,3,4,3,bound,72,0.005,1,
rome,rome/rome/grafo6790.46.graphml,46,74,C,repaired,5,8,7,refutation,10338,0.025,1,
rome,rome/rome/grafo6779.77.graphml,77,99,C,repaired,5,8,7,refutation,311951,0.299,1,
rome,rome/rome/grafo6795.38.graphml,38,48,C,repaired,4,5,5,refutation,2056,0.007,1,
rome,rome/rome/grafo6794.48.graphml,48,69,C,repaired,5,7,7,refutation,43418,0.073,1,
rome,rome/rome/grafo6797.39.graphml,39,57,C,repaired,5,6,6,refutation,3096,0.011,1,
rome,rome/rome/grafo6799.36.graphml,36,42,C,repaired,3,4,4,refutation,546,0.003,1,
rome,rome/rome/grafo6791.59.graphml,59,76,C,repaired,5,7,6,refutation,49635,0.107,1,
rome,rome/rome/grafo6796.37.graphml,37,49,C,repaired,4,5,4,bound,62,0.002,1,
rome,rome/rome/grafo6798.37.graphml,37,50,C,repaired,3,5,5,refutation,1184,0.005,1,
rome,rome/rome/grafo6764.94.graphml,94,118,C,repaired,5,8,7,refutation,667264,0.748,1,
rome,rome/rome/grafo680.37.graphml,37,44,C,repaired,2,4,3,refutation,168,0.002,1,
rome,rome/rome/grafo6792.59.graphml,59,76,C,repaired,5,7,6,refutation,49635,0.15,1,
rome,rome/rome/grafo6804.48.graphml,48,59,C,repaired,5,6,6,refutation,15239,0.039,1,
rome,rome/rome/grafo6803.61.graphml,61,87,C,repaired,5,7,6,refutation,10496,0.038,1,
rome,rome/rome/grafo6805.62.graphml,62,75,C,repaired,4,6,5,refutation,12115,0.037,1,
rome,rome/rome/grafo6800.53.graphml,53,69,C,repaired,5,6,6,refutation,33834,0.084,1,
rome,rome/rome/grafo6801.55.graphml,55,78,C,repaired,4,7,7,refutation,57027,0.107,1,
rome,rome/rome/grafo6808.39.graphml,39,45,C,repaired,3,4,3,bound,40,0.002,1,
rome,rome/rome/grafo6807.38.graphml,38,50,C,repaired,4,5,4,bound,50,0.005,1,
rome,rome/rome/grafo681.35.graphml,35,48,C,repaired,4,5,4,bound,128,0.005,1,
rome,rome/rome/grafo6812.37.graphml,37,50,C,repaired,3,5,4,refutation,423,0.003,1,
rome,rome/rome/grafo6809.46.graphml,46,71,C,repaired,5,7,7,refutation,11491,0.049,1,
rome,rome/rome/grafo6814.47.graphml,47,64,C,repaired,5,7,6,refutation,9474,0.027,1,
rome,rome/rome/grafo6811.36.graphml,36,44,C,repaired,2,4,3,refutation,197,0.002,1,
rome,rome/rome/grafo6810.82.graphml,82,101,C,repaired,5,7,6,refutation,87203,0.124,1,
rome,rome/rome/grafo6818.57.graphml,57,76,C,repaired,5,6,6,refutation,20983,0.05,1,
rome,rome/rome/grafo6819.42.graphml,42,61,C,repaired,4,6,5,refutation,1456,0.003,1,
rome,rome/rome/grafo682.16.graphml,16,18,C,repaired,3,3,3,bound,0,0.0,1,
rome,rome/rome/grafo6820.46.graphml,46,55,C,repaired,3,5,5,refutation,3197,0.012,1,
rome,rome/rome/grafo6821.47.graphml,47,68,C,repaired,5,8,7,refutation,14611,0.043,1,
rome,rome/rome/grafo6822.47.graphml,47,56,C,repaired,4,4,4,bound,0,0.002,1,
rome,rome/rome/grafo6824.38.graphml,38,49,C,repaired,3,5,4,refutation,456,0.003,1,
rome,rome/rome/grafo6823.47.graphml,47,61,C,repaired,4,6,5,refutation,3326,0.015,1,
rome,rome/rome/grafo6825.35.graphml,35,44,C,repaired,3,5,4,refutation,748,0.004,1,
rome,rome/rome/grafo6826.36.graphml,36,43,C,repaired,3,5,4,refutation,910,0.006,1,
rome,rome/rome/grafo6828.47.graphml,47,81,C,repaired,6,9,8,refutation,18066,0.05,1,
rome,rome/rome/grafo6827.53.graphml,53,69,C,repaired,4,7,6,refutation,32697,0.063,1,
rome,rome/rome/grafo683.22.graphml,22,27,C,repaired,3,3,3,bound,0,0.001,1,
rome,rome/rome/grafo6830.43.graphml,43,57,C,repaired,4,5,5,refutation,3201,0.015,1,
rome,rome/rome/grafo6793.67.graphml,67,100,C,repaired,6,9,9,refutation,1148043,0.947,1,
rome,rome/rome/grafo6831.47.graphml,47,65,C,repaired,4,5,5,refutation,2284,0.011,1,
rome,rome/rome/grafo6832.38.graphml,38,45,C,repaired,3,4,4,refutation,1092,0.006,1,
rome,rome/rome/grafo6829.67.graphml,67,89,C,repaired,5,8,7,refutation,209430,0.208,1,
rome,rome/rome/grafo6833.48.graphml,48,69,C,repaired,5,7,6,refutation,9305,0.035,1,
rome,rome/rome/grafo6834.46.graphml,46,67,C,repaired,6,7,7,refutation,17379,0.045,1,
rome,rome/rome/grafo6835.36.graphml,36,41,C,repaired,3,5,4,refutation,1017,0.006,1,
rome,rome/rome/grafo6837.54.graphml,54,70,C,repaired,4,6,5,refutation,6830,0.021,1,
rome,rome/rome/grafo6838.50.graphml,50,60,C,repaired,3,6,5,refutation,7921,0.032,1,
rome,rome/rome/grafo6839.47.graphml,47,53,C,repaired,3,5,4,refutation,1333,0.008,1,
rome,rome/rome/grafo684.12.graphml,12,17,C,repaired,2,3,3,refutation,24,0.001,1,
rome,rome/rome/grafo6840.58.graphml,58,73,C,repaired,4,6,5,refutation,5269,0.022,1,
rome,rome/rome/grafo6841.43.graphml,43,56,C,repaired,4,6,5,refutation,4523,0.013,1,
rome,rome/rome/grafo6802.74.graphml,74,99,C,repaired,6,8,8,refutation,1487383,1.208,1,
rome,rome/rome/grafo6816.84.graphml,84,108,C,repaired,6,8,8,refutation,1262216,1.016,1,
rome,rome/rome/grafo6844.41.graphml,41,53,C,repaired,4,6,5,refutation,3093,0.009,1,
rome,rome/rome/grafo6843.43.graphml,43,58,C,repaired,5,6,6,refutation,9890,0.035,1,
rome,rome/rome/grafo6842.57.graphml,57,74,C,repaired,4,6,6,refutation,16996,0.044,1,
rome,rome/rome/grafo6845.40.graphml,40,49,C,repaired,4,5,5,refutation,3807,0.012,1,
rome,rome/rome/grafo6847.37.graphml,37,47,C,repaired,4,5,4,bound,56,0.002,1,
rome,rome/rome/grafo6418.89.graphml,89,130,C,repaired,6,11,11,,14118912,10.015,1,
rome,rome/rome/grafo6848.39.graphml,39,52,C,repaired,4,5,4,bound,117,0.002,1,
rome,rome/rome/grafo6846.51.graphml,51,71,C,repaired,4,6,5,refutation,4586,0.01,1,
rome,rome/rome/grafo6836.72.graphml,72,95,C,repaired,5,8,7,refutation,365005,0.346,1,
rome,rome/rome/grafo685.11.graphml,11,11,C,repaired,2,2,2,bound,0,0.0,1,
rome,rome/rome/grafo6850.45.graphml,45,62,C,repaired,4,5,4,bound,320,0.002,1,
rome,rome/rome/grafo6851.49.graphml,49,64,C,repaired,4,5,5,refutation,3170,0.014,1,
rome,rome/rome/grafo6815.84.graphml,84,108,C,repaired,6,8,8,refutation,1262216,1.193,1,
rome,rome/rome/grafo6854.49.graphml,49,63,C,repaired,4,6,5,refutation,6190,0.026,1,
rome,rome/rome/grafo6857.41.graphml,41,54,C,repaired,5,5,5,bound,0,0.002,1,
rome,rome/rome/grafo6852.44.graphml,44,61,C,repaired,4,6,6,refutation,7126,0.031,1,
rome,rome/rome/grafo6853.41.graphml,41,50,C,repaired,3,5,4,refutation,1090,0.003,1,
rome,rome/rome/grafo6855.45.graphml,45,54,C,repaired,3,5,4,refutation,858,0.003,1,
rome,rome/rome/grafo6856.46.graphml,46,65,C,repaired,4,7,6,refutation,7712,0.03,1,
rome,rome/rome/grafo6858.43.graphml,43,61,C,repaired,5,6,6,refutation,5719,0.019,1,
rome,rome/rome/grafo686.23.graphml,23,25,C,repaired,2,4,3,refutation,157,0.004,1,
rome,rome/rome/grafo6860.44.graphml,44,60,C,repaired,4,6,5,refutation,2880,0.01,1,
rome,rome/rome/grafo6861.40.graphml,40,47,C,repaired,3,5,4,refutation,878,0.004,1,
rome,rome/rome/grafo6863.40.graphml,40,59,C,repaired,5,6,6,refutation,2415,0.01,1,
rome,rome/rome/grafo6862.47.graphml,47,64,C,repaired,4,5,5,refutation,3614,0.02,1,
rome,rome/rome/grafo6865.42.graphml,42,52,C,repaired,3,4,4,refutation,769,0.004,1,
rome,rome/rome/grafo6859.69.graphml,69,87,C,repaired,4,6,5,refutation,19978,0.076,1,
rome,rome/rome/grafo6864.55.graphml,55,75,C,repaired,4,6,5,refutation,4014,0.019,1,
rome,rome/rome/grafo6867.45.graphml,45,73,C,repaired,5,8,7,refutation,10601,0.028,1,
rome,rome/rome/grafo6869.43.graphml,43,57,C,repaired,5,5,5,bound,0,0.001,1,
rome,rome/rome/grafo6849.82.graphml,82,104,C,repaired,5,7,7,refutation,332955,0.318,1,
rome,rome/rome/grafo6866.44.graphml,44,59,C,repaired,4,6,6,refutation,20857,0.086,1,
rome,rome/rome/grafo6870.44.graphml,44,64,C,repaired,5,7,6,refutation,4307,0.013,1,
rome,rome/rome/grafo687.14.graphml,14,22,C,repaired,3,3,3,bound,0,0.003,1,
rome,rome/rome/grafo6873.40.graphml,40,54,C,repaired,4,5,5,refutation,2023,0.007,1,
rome,rome/rome/grafo6874.42.graphml,42,62,C,repaired,5,6,6,refutation,3835,0.013,1,
rome,rome/rome/grafo6875.54.graphml,54,67,C,repaired,4,6,5,refutation,10627,0.032,1,
rome,rome/rome/grafo6876.41.graphml,41,50,C,repaired,3,5,4,refutation,1100,0.006,1,
rome,rome/rome/grafo6871.54.graphml,54,76,C,repaired,5,7,7,refutation,46389,0.08,1,
rome,rome/rome/grafo6872.54.graphml,54,76,C,repaired,5,7,7,refutation,46389,0.08,1,
rome,rome/rome/grafo6878.43.graphml,43,48,C,repaired,3,4,3,bound,53,0.001,1,
rome,rome/rome/grafo6879.41.graphml,41,51,C,repaired,4,5,4,bound,36,0.002,1,
rome,rome/rome/grafo688.10.graphml,10,10,C,repaired,2,2,2,bound,0,0.0,1,
rome,rome/rome/grafo6881.40.graphml,40,55,C,repaired,4,6,5,refutation,1784,0.008,1,
rome,rome/rome/grafo6882.65.graphml,65,72,C,repaired,3,5,4,refutation,6014,0.013,1,
rome,rome/rome/grafo6883.43.graphml,43,54,C,repaired,4,5,5,refutation,2975,0.015,1,
rome,rome/rome/grafo6884.39.graphml,39,51,C,repaired,4,5,5,refutation,1461,0.01,1,
rome,rome/rome/grafo6880.44.graphml,44,58,C,repaired,4,6,6,refutation,6860,0.015,1,
rome,rome/rome/grafo6886.43.graphml,43,62,C,repaired,5,6,5,bound,36,0.002,1,
rome,rome/rome/grafo6887.39.graphml,39,51,C,repaired,3,6,5,refutation,1828,0.008,1,
rome,rome/rome/grafo6888.40.graphml,40,44,C,repaired,3,4,4,refutation,960,0.003,1,
rome,rome/rome/grafo6885.44.graphml,44,56,C,repaired,3,5,5,refutation,2489,0.014,1,
rome,rome/rome/grafo6889.38.graphml,38,50,C,repaired,4,5,5,refutation,1086,0.005,1,
rome,rome/rome/grafo689.10.graphml,10,10,C,repaired,2,2,2,bound,0,0.0,1,
rome,rome/rome/grafo6892.39.graphml,39,57,C,repaired,4,6,6,refutation,3284,0.011,1,
rome,rome/rome/grafo6891.39.graphml,39,51,C,repaired,4,6,5,refutation,2357,0.022,1,
rome,rome/rome/grafo6895.37.graphml,37,54,C,repaired,4,6,5,refutation,797,0.004,1,
rome,rome/rome/grafo6894.51.graphml,51,68,C,repaired,4,6,5,refutation,9379,0.027,1,
rome,rome/rome/grafo6893.51.graphml,51,68,C,repaired,4,6,5,refutation,9379,0.019,1,
rome,rome/rome/grafo6897.35.graphml,35,47,C,repaired,4,5,4,bound,32,0.001,1,
rome,rome/rome/grafo690.11.graphml,11,17,C,repaired,2,2,2,bound,0,0.0,1,
rome,rome/rome/grafo6899.40.graphml,40,47,C,repaired,3,5,4,refutation,1086,0.004,1,
rome,rome/rome/grafo6868.80.graphml,80,111,C,repaired,6,9,8,refutation,618627,0.538,1,
rome,rome/rome/grafo6898.61.graphml,61,72,C,repaired,4,6,6,refutation,74947,0.107,1,
rome,rome/rome/grafo6900.39.graphml,39,53,C,repaired,4,5,4,bound,29,0.002,1,
rome,rome/rome/grafo6902.44.graphml,44,57,C,repaired,4,6,5,refutation,2132,0.01,1,
rome,rome/rome/grafo6901.43.graphml,43,55,C,repaired,5,6,5,bound,205,0.002,1,
rome,rome/rome/grafo6904.49.graphml,49,63,C,repaired,4,6,5,refutation,5197,0.025,1,
rome,rome/rome/grafo6905.37.graphml,37,48,C,repaired,4,5,5,refutation,1853,0.007,1,
rome,rome/rome/grafo6907.38.graphml,38,50,C,repaired,4,5,5,refutation,2620,0.009,1,
rome,rome/rome/grafo6906.45.graphml,45,66,C,repaired,5,6,6,refutation,8850,0.027,1,
rome,rome/rome/grafo6890.71.graphml,71,107,C,repaired,7,10,9,refutation,472194,0.42,1,
rome,rome/rome/grafo6896.82.graphml,82,105,C,repaired,5,8,7,refutation,243080,0.306,1,
rome,rome/rome/grafo6908.43.graphml,43,48,C,repaired,3,4,4,refutation,1048,0.009,1,
rome,rome/rome/grafo691.12.graphml,12,12,C,repaired,2,2,2,bound,0,0.0,1,
rome,rome/rome/grafo6912.37.graphml,37,46,C,repaired,3,4,4,refutation,353,0.002,1,
rome,rome/rome/grafo6909.67.graphml,67,77,C,repaired,4,6,5,refutation,13906,0.043,1,
rome,rome/rome/grafo6910.41.graphml,41,55,C,repaired,4,5,5,refutation,1377,0.006,1,
rome,rome/rome/grafo6903.82.graphml,82,102,C,repaired,4,7,6,refutation,143614,0.21,1,
rome,rome/rome/grafo6911.44.graphml,44,59,C,repaired,4,6,6,refutation,6359,0.019,1,
rome,rome/rome/grafo6913.44.graphml,44,56,C,repaired,4,5,5,refutation,3791,0.015,1,
rome,rome/rome/grafo6917.37.graphml,37,42,C,repaired,3,4,4,refutation,879,0.004,1,
rome,rome/rome/grafo6915.44.graphml,44,58,C,repaired,4,6,6,refutation,9114,0.032,1,
rome,rome/rome/grafo6916.42.graphml,42,52,C,repaired,3,5,4,refutation,750,0.005,1,
rome,rome/rome/grafo6919.39.graphml,39,57,C,repaired,5,6,6,refutation,2982,0.01,1,
rome,rome/rome/grafo6918.36.graphml,36,40,C,repaired,2,3,3,refutation,123,0.001,1,
rome,rome/rome/grafo6914.59.graphml,59,86,C,repaired,6,8,7,refutation,73995,0.104,1,
rome,rome/rome/grafo692.22.graphml,22,30,C,repaired,3,4,3,bound,38,0.001,1,
rome,rome/rome/grafo6920.40.graphml,40,57,C,repaired,4,5,5,refutation,1272,0.005,1,
rome,rome/rome/grafo6921.43.graphml,43,55,C,repaired,4,5,5,refutation,1847,0.007,1,
rome,rome/rome/grafo6922.40.graphml,40,47,C,repaired,3,5,4,refutation,1201,0.008,1,
rome,rome/rome/grafo6923.39.graphml,39,48,C,repaired,3,5,4,refutation,646,0.004,1,
rome,rome/rome/grafo6924.48.graphml,48,63,C,repaired,4,5,5,refutation,2905,0.013,1,
rome,rome/rome/grafo6926.42.graphml,42,50,C,repaired,3,5,4,refutation,691,0.004,1,
rome,rome/rome/grafo6927.50.graphml,50,69,C,repaired,4,6,5,refutation,4682,0.019,1,
rome,rome/rome/grafo6928.43.graphml,43,56,C,repaired,4,6,6,refutation,5867,0.02,1,
rome,rome/rome/grafo693.16.graphml,16,19,C,repaired,2,3,3,refutation,35,0.001,1,
rome,rome/rome/grafo6925.44.graphml,44,62,C,repaired,4,6,5,refutation,2518,0.01,1,
rome,rome/rome/grafo6929.40.graphml,40,56,C,repaired,5,6,5,bound,28,0.001,1,
rome,rome/rome/grafo6931.38.graphml,38,51,C,repaired,3,5,4,refutation,389,0.003,1,
rome,rome/rome/grafo6934.41.graphml,41,51,C,repaired,4,5,5,refutation,1789,0.006,1,
rome,rome/rome/grafo6930.39.graphml,39,58,C,repaired,5,7,6,refutation,9567,0.031,1,
rome,rome/rome/grafo6933.47.graphml,47,61,C,repaired,4,6,6,refutation,13410,0.033,1,
rome,rome/rome/grafo6935.45.graphml,45,64,C,repaired,5,6,6,refutation,6988,0.017,1,
rome,rome/rome/grafo6937.34.graphml,34,41,C,repaired,3,4,3,bound,32,0.001,1,
rome,rome/rome/grafo6939.38.graphml,38,51,C,repaired,4,5,4,bound,603,0.004,1,
rome,rome/rome/grafo6936.43.graphml,43,52,C,repaired,4,5,4,bound,103,0.005,1,
rome,rome/rome/grafo6938.44.graphml,44,61,C,repaired,5,6,6,refutation,6447,0.024,1,
rome,rome/rome/grafo694.22.graphml,22,23,C,repaired,2,3,2,bound,25,0.001,1,
rome,rome/rome/grafo6940.42.graphml,42,60,C,repaired,4,6,5,refutation,1862,0.007,1,
rome,rome/rome/grafo6942.46.graphml,46,64,C,repaired,5,7,6,refutation,6603,0.028,1,
rome,rome/rome/grafo6944.47.graphml,47,60,C,repaired,4,6,5,refutation,6871,0.026,1,
rome,rome/rome/grafo6932.64.graphml,64,88,C,repaired,5,8,7,refutation,235508,0.225,1,
rome,rome/rome/grafo6941.63.graphml,63,82,C,repaired,4,6,6,refutation,33066,0.048,1,
rome,rome/rome/grafo6945.44.graphml,44,60,C,repaired,4,6,5,refutation,3606,0.013,1,
rome,rome/rome/grafo6948.38.graphml,38,44,C,repaired,3,4,3,bound,310,0.002,1,
rome,rome/rome/grafo6946.42.graphml,42,58,C,repaired,5,6,6,refutation,4155,0.023,1,
rome,rome/rome/grafo6947.44.graphml,44,55,C,repaired,4,5,5,refutation,3927,0.022,1,
rome,rome/rome/grafo6949.43.graphml,43,50,C,repaired,4,4,4,bound,0,0.002,1,
rome,rome/rome/grafo695.36.graphml,36,54,C,repaired,5,6,6,refutation,4008,0.015,1,
rome,rome/rome/grafo6952.39.graphml,39,41,C,repaired,2,3,2,bound,119,0.001,1,
rome,rome/rome/grafo6532.83.graphml,83,115,C,repaired,6,10,10,,15953920,10.009,1,
rome,rome/rome/grafo6533.83.graphml,83,115,C,repaired,6,10,10,,16437248,10.011,1,
rome,rome/rome/grafo6950.49.graphml,49,64,C,repaired,4,6,5,refutation,3608,0.017,1,
rome,rome/rome/grafo6951.41.graphml,41,54,C,repaired,3,4,4,refutation,598,0.003,1,
rome,rome/rome/grafo6955.40.graphml,40,52,C,repaired,4,5,5,refutation,2224,0.011,1,
rome,rome/rome/grafo6956.39.graphml,39,58,C,repaired,5,6,6,refutation,2021,0.006,1,
rome,rome/rome/grafo6957.39.graphml,39,54,C,repaired,4,6,6,refutation,4528,0.013,1,
rome,rome/rome/grafo6959.37.graphml,37,55,C,repaired,4,6,6,refutation,1200,0.006,1,
rome,rome/rome/grafo696.12.graphml,12,18,C,repaired,3,3,3,bound,0,0.0,1,
rome,rome/rome/grafo6961.46.graphml,46,52,C,repaired,3,5,4,refutation,1489,0.006,1,
rome,rome/rome/grafo6962.40.graphml,40,53,C,repaired,4,5,5,refutation,1661,0.006,1,
rome,rome/rome/grafo6960.44.graphml,44,61,C,repaired,4,6,6,refutation,7636,0.027,1,
rome,rome/rome/grafo6963.45.graphml,45,58,C,repaired,4,6,5,refutation,4068,0.017,1,
rome,rome/rome/grafo6954.75.graphml,75,91,C,repaired,4,7,6,refutation,101353,0.156,1,
rome,rome/rome/grafo6966.45.graphml,45,65,C,repaired,5,6,6,refutation,5312,0.017,1,
rome,rome/rome/grafo6968.44.graphml,44,67,C,repaired,5,6,6,refutation,5285,0.017,1,
rome,rome/rome/grafo6958.76.graphml,76,107,C,repaired,5,8,7,refutation,233516,0.268,1,
rome,rome/rome/grafo6967.69.graphml,69,87,C,repaired,5,7,6,refutation,109963,0.154,1,
rome,rome/rome/grafo697.15.graphml,15,25,C,repaired,3,4,3,bound,15,0.0,1,
rome,rome/rome/grafo6970.44.graphml,44,53,C,repaired,4,5,5,refutation,3137,0.017,1,
rome,rome/rome/grafo6972.40.graphml,40,51,C,repaired,3,5,4,refutation,456,0.004,1,
rome,rome/rome/grafo6969.59.graphml,59,79,C,repaired,4,7,7,refutation,111527,0.177,1,
rome,rome/rome/grafo6974.39.graphml,39,51,C,repaired,4,6,5,refutation,2477,0.012,1,
rome,rome/rome/grafo6973.41.graphml,41,58,C,repaired,5,7,6,refutation,4536,0.02,1,
rome,rome/rome/grafo6964.83.graphml,83,103,C,repaired,4,8,7,refutation,365320,0.351,1,
rome,rome/rome/grafo6976.40.graphml,40,55,C,repaired,4,6,5,refutation,1807,0.007,1,
rome,rome/rome/grafo6965.83.graphml,83,103,C,repaired,4,8,7,refutation,365320,0.396,1,
rome,rome/rome/grafo6562.98.graphml,98,138,C,repaired,6,10,10,,13709312,10.011,1,
rome,rome/rome/grafo698.20.graphml,20,27,C,repaired,4,4,4,bound,0,0.001,1,
rome,rome/rome/grafo6978.43.graphml,43,70,C,repaired,6,9,8,refutation,28084,0.059,1,
rome,rome/rome/grafo6979.47.graphml,47,64,C,repaired,4,6,6,refutation,6477,0.013,1,
rome,rome/rome/grafo6943.82.graphml,82,116,C,repaired,6,9,8,refutation,828712,0.901,1,
rome,rome/rome/grafo6981.54.graphml,54,74,C,repaired,5,7,7,refutation,30902,0.065,1,
rome,rome/rome/grafo6984.39.graphml,39,52,C,repaired,4,5,5,refutation,1279,0.004,1,
rome,rome/rome/grafo6971.81.graphml,81,108,C,repaired,6,8,7,refutation,348688,0.352,1,
rome,rome/rome/grafo6985.41.graphml,41,49,C,repaired,3,5,4,refutation,878,0.006,1,
rome,rome/rome/grafo6980.59.graphml,59,79,C,repaired,4,7,7,refutation,111527,0.146,1,
rome,rome/rome/grafo6986.46.graphml,46,63,C,repaired,4,6,5,refutation,2555,0.012,1,
rome,rome/rome/grafo6953.73.graphml,73,102,C,repaired,6,8,8,refutation,981076,0.898,1,
rome,rome/rome/grafo6988.47.graphml,47,62,C,repaired,4,6,5,refutation,3109,0.016,1,
rome,rome/rome/grafo6989.42.graphml,42,56,C,repaired,4,6,5,refutation,4051,0.014,1,
rome,rome/rome/grafo6987.39.graphml,39,46,C,repaired,2,4,3,refutation,241,0.002,1,
rome,rome/rome/grafo699.14.graphml,14,13,C,repaired,1,2,2,refutation,15,0.001,1,
rome,rome/rome/grafo6990.46.graphml,46,56,C,repaired,3,5,4,refutation,1258,0.006,1,
rome,rome/rome/grafo6992.45.graphml,45,60,C,repaired,4,6,6,refutation,2828,0.011,1,
rome,rome/rome/grafo6993.40.graphml,40,53,C,repaired,4,6,5,refutation,1682,0.007,1,
rome,rome/rome/grafo6991.44.graphml,44,59,C,repaired,4,6,6,refutation,15737,0.048,1,
rome,rome/rome/grafo6977.74.graphml,74,101,C,repaired,6,8,7,refutation,327653,0.443,1,
rome,rome/rome/grafo6994.46.graphml,46,64,C,repaired,5,7,7,refutation,34774,0.052,1,
rome,rome/rome/grafo6996.38.graphml,38,51,C,repaired,4,6,5,refutation,1250,0.006,1,
rome,rome/rome/grafo6585.97.graphml,97,132,C,repaired,6,9,9,,13262848,10.016,1,
rome,rome/rome/grafo6995.75.graphml,75,94,C,repaired,4,6,5,refutation,24307,0.051,1,
rome,rome/rome/grafo6998.44.graphml,44,59,C,repaired,4,6,5,refutation,2262,0.009,1,
rome,rome/rome/grafo7000.40.graphml,40,50,C,repaired,4,5,4,bound,235,0.002,1,
rome,rome/rome/grafo6982.85.graphml,85,108,C,repaired,5,8,7,refutation,428015,0.394,1,
rome,rome/rome/grafo7001.40.graphml,40,51,C,repaired,3,4,3,bound,54,0.002,1,
rome,rome/rome/grafo7002.38.graphml,38,48,C,repaired,4,5,5,refutation,956,0.004,1,
rome,rome/rome/grafo7004.43.graphml,43,49,C,repaired,3,4,3,bound,178,0.002,1,
rome,rome/rome/grafo6983.85.graphml,85,108,C,repaired,5,8,7,refutation,428015,0.431,1,
rome,rome/rome/grafo700.14.graphml,14,13,C,repaired,1,2,2,refutation,18,0.0,1,
rome,rome/rome/grafo7003.56.graphml,56,73,C,repaired,4,6,5,refutation,4727,0.026,1,
rome,rome/rome/grafo7005.42.graphml,42,57,C,repaired,5,6,5,bound,155,0.002,1,
rome,rome/rome/grafo7006.43.graphml,43,56,C,repaired,4,5,5,refutation,4277,0.015,1,
rome,rome/rome/grafo7007.41.graphml,41,55,C,repaired,5,6,5,bound,38,0.002,1,
rome,rome/rome/grafo7008.37.graphml,37,50,C,repaired,4,5,4,bound,45,0.002,1,
rome,rome/rome/grafo701.14.graphml,14,20,C,repaired,3,3,3,bound,0,0.001,1,
rome,rome/rome/grafo7010.49.graphml,49,67,C,repaired,4,7,5,refutation,4632,0.016,1,
rome,rome/rome/grafo7009.37.graphml,37,47,C,repaired,4,5,4,bound,32,0.001,1,
rome,rome/rome/grafo7013.44.graphml,44,54,C,repaired,3,4,4,refutation,715,0.004,1,
rome,rome/rome/grafo7015.45.graphml,45,53,C,repaired,3,5,4,refutation,1780,0.007,1,
rome,rome/rome/grafo7012.42.graphml,42,59,C,repaired,5,6,6,refutation,15961,0.042,1,
rome,rome/rome/grafo7014.47.graphml,47,63,C,repaired,5,7,6,refutation,12922,0.036,1,
rome,rome/rome/grafo7017.45.graphml,45,66,C,repaired,5,6,5,bound,37,0.002,1,
rome,rome/rome/grafo6997.69.graphml,69,88,C,repaired,4,7,6,refutation,71656,0.234,1,
rome,rome/rome/grafo7011.64.graphml,64,80,C,repaired,4,6,6,refutation,22003,0.071,1,
rome,rome/rome/grafo702.12.graphml,12,14,C,repaired,2,2,2,bound,0,0.0,1,
rome,rome/rome/grafo7016.58.graphml,58,74,C,repaired,4,6,6,refutation,30197,0.059,1,
rome,rome/rome/grafo7020.43.graphml,43,61,C,repaired,5,7,6,refutation,6798,0.021,1,
rome,rome/rome/grafo7018.45.graphml,45,67,C,repaired,5,6,6,refutation,5538,0.029,1,
rome,rome/rome/grafo7023.45.graphml,45,56,C,repaired,3,6,5,refutation,4090,0.017,1,
rome,rome/rome/grafo7024.45.graphml,45,50,C,repaired,3,4,3,bound,55,0.002,1,
rome,rome/rome/grafo7025.47.graphml,47,64,C,repaired,4,6,6,refutation,7745,0.024,1,
rome,rome/rome/grafo7022.58.graphml,58,80,C,repaired,4,7,6,refutation,21884,0.043,1,
rome,rome/rome/grafo7026.42.graphml,42,55,C,repaired,4,5,5,refutation,4305,0.017,1,
rome,rome/rome/grafo7029.39.graphml,39,51,C,repaired,4,6,5,refutation,1101,0.004,1,
rome,rome/rome/grafo7028.37.graphml,37,48,C,repaired,4,5,4,bound,31,0.005,1,
rome,rome/rome/grafo703.19.graphml,19,31,C,repaired,3,4,3,bound,22,0.001,1,
rome,rome/rome/grafo7032.41.graphml,41,53,C,repaired,4,5,5,refutation,2681,0.011,1,
rome,rome/rome/grafo7031.43.graphml,43,63,C,repaired,5,7,7,refutation,10608,0.027,1,
rome,rome/rome/grafo7033.41.graphml,41,48,C,repaired,3,4,4,refutation,670,0.004,1,
rome,rome/rome/grafo7027.76.graphml,76,100,C,repaired,5,7,6,refutation,47509,0.081,1,
rome,rome/rome/grafo7030.46.graphml,46,61,C,repaired,4,6,5,refutation,2903,0.012,1,
rome,rome/rome/grafo7019.62.graphml,62,90,C,repaired,6,8,8,refutation,243797,0.268,1,
rome,rome/rome/grafo7034.39.graphml,39,48,C,repaired,3,4,4,refutation,611,0.005,1,
rome,rome/rome/grafo7039.45.graphml,45,63,C,repaired,5,5,5,bound,0,0.002,1,
rome,rome/rome/grafo7035.37.graphml,37,55,C,repaired,5,6,6,refutation,2055,0.008,1,
rome,rome/rome/grafo7036.55.graphml,55,72,C,repaired,4,6,6,refutation,15191,0.041,1,
rome,rome/rome/grafo7037.45.graphml,45,63,C,repaired,4,6,5,refutation,2770,0.013,1,
rome,rome/rome/grafo7040.43.graphml,43,52,C,repaired,3,5,4,refutation,1129,0.006,1,
rome,rome/rome/grafo7021.71.graphml,71,89,C,repaired,4,8,7,refutation,132726,0.278,1,
rome,rome/rome/grafo7041.44.graphml,44,52,C,repaired,3,4,4,refutation,1362,0.005,1,
rome,rome/rome/grafo704.17.graphml,17,19,C,repaired,3,3,3,bound,0,0.0,1,
rome,rome/rome/grafo7045.45.graphml,45,66,C,repaired,4,6,5,refutation,2908,0.009,1,
rome,rome/rome/grafo7044.41.graphml,41,59,C,repaired,5,7,6,refutation,4046,0.016,1,
rome,rome/rome/grafo7047.43.graphml,43,55,C,repaired,4,5,5,refutation,2200,0.008,1,
rome,rome/rome/grafo7046.48.graphml,48,54,C,repaired,3,4,3,bound,62,0.002,1,
rome,rome/rome/grafo7048.57.graphml,57,74,C,repaired,4,6,6,refutation,34070,0.064,1,
rome,rome/rome/grafo7049.42.graphml,42,54,C,repaired,4,6,5,refutation,3311,0.013,1,
rome,rome/rome/grafo7050.40.graphml,40,51,C,repaired,4,5,5,refutation,2106,0.009,1,
rome,rome/rome/grafo705.16.graphml,16,23,C,repaired,4,4,4,bound,0,0.0,1,
rome,rome/rome/grafo6999.94.graphml,94,121,C,repaired,5,8,7,refutation,867797,0.793,1,
rome,rome/rome/grafo7051.42.graphml,42,53,C,repaired,4,5,5,refutation,3696,0.017,1,
rome,rome/rome/grafo7054.55.graphml,55,79,C,repaired,5,6,5,bound,178,0.004,1,
rome,rome/rome/grafo7052.59.graphml,59,73,C,repaired,4,6,5,refutation,10864,0.032,1,
rome,rome/rome/grafo7042.57.graphml,57,79,C,repaired,5,7,7,refutation,66140,0.173,1,
rome,rome/rome/grafo7053.55.graphml,55,73,C,repaired,5,6,6,refutation,16214,0.038,1,
rome,rome/rome/grafo6625.99.graphml,99,139,C,repaired,6,10,9,,13954972,10.013,1,
rome,rome/rome/grafo7055.55.graphml,55,79,C,repaired,5,6,5,bound,178,0.006,1,
rome,rome/rome/grafo7059.46.graphml,46,53,C,repaired,3,5,4,refutation,1051,0.005,1,
rome,rome/rome/grafo7056.41.graphml,41,51,C,repaired,3,4,4,refutation,693,0.005,1,
rome,rome/rome/grafo7057.50.graphml,50,74,C,repaired,5,7,7,refutation,12538,0.026,1,
rome,rome/rome/grafo7060.42.graphml,42,63,C,repaired,5,7,6,refutation,6628,0.025,1,
rome,rome/rome/grafo706.18.graphml,18,25,C,repaired,2,2,2,bound,0,0.0,1,
rome,rome/rome/grafo7058.76.graphml,76,96,C,repaired,5,7,6,refutation,72673,0.103,1,
rome,rome/rome/grafo7064.44.graphml,44,59,C,repaired,4,6,6,refutation,6657,0.02,1,
rome,rome/rome/grafo7063.44.graphml,44,52,C,repaired,4,5,5,refutation,5452,0.02,1,
rome,rome/rome/grafo7065.37.graphml,37,46,C,repaired,4,5,4,bound,267,0.002,1,
rome,rome/rome/grafo7066.53.graphml,53,77,C,repaired,5,6,6,refutation,6099,0.023,1,
rome,rome/rome/grafo7067.44.graphml,44,55,C,repaired,4,5,5,refutation,4127,0.013,1,
rome,rome/rome/grafo7061.53.graphml,53,74,C,repaired,5,7,7,refutation,55918,0.087,1,
rome,rome/rome/grafo7068.49.graphml,49,69,C,repaired,4,6,5,refutation,2321,0.012,1,
rome,rome/rome/grafo7062.53.graphml,53,74,C,repaired,5,7,7,refutation,55918,0.07,1,
rome,rome/rome/grafo707.15.graphml,15,16,C,repaired,2,2,2,bound,0,0.0,1,
rome,rome/rome/grafo7072.43.graphml,43,53,C,repaired,4,5,4,bound,35,0.002,1,
rome,rome/rome/grafo7073.43.graphml,43,51,C,repaired,3,4,4,refutation,765,0.004,1,
rome,rome/rome/grafo7071.39.graphml,39,56,C,repaired,4,6,5,refutation,1555,0.004,1,
rome,rome/rome/grafo7074.41.graphml,41,50,C,repaired,3,4,4,refutation,1344,0.007,1,
rome,rome/rome/grafo7078.38.graphml,38,47,C,repaired,4,5,4,bound,43,0.001,1,
rome,rome/rome/grafo7070.59.graphml,59,82,C,repaired,4,7,7,refutation,47290,0.076,1,
rome,rome/rome/grafo708.22.graphml,22,30,C,repaired,3,4,3,bound,24,0.001,1,
rome,rome/rome/grafo7077.53.graphml,53,73,C,repaired,5,6,6,refutation,11742,0.031,1,
rome,rome/rome/grafo7076.44.graphml,44,54,C,repaired,3,5,4,refutation,1040,0.007,1,
rome,rome/rome/grafo7079.41.graphml,41,58,C,repaired,5,7,6,refutation,8577,0.03,1,
rome,rome/rome/grafo7075.45.graphml,45,63,C,repaired,4,6,6,refutation,5614,0.03,1,
rome,rome/rome/grafo7080.41.graphml,41,62,C,repaired,4,7,6,refutation,1481,0.006,1,
rome,rome/rome/grafo7081.38.graphml,38,59,C,repaired,5,5,5,bound,0,0.001,1,
rome,rome/rome/grafo7082.53.graphml,53,65,C,repaired,4,5,5,refutation,5121,0.021,1,
rome,rome/rome/grafo7087.37.graphml,37,44,C,repaired,3,4,4,refutation,819,0.003,1,
rome,rome/rome/grafo7084.47.graphml,47,65,C,repaired,4,6,6,refutation,12147,0.033,1,
rome,rome/rome/grafo7086.47.graphml,47,58,C,repaired,4,5,5,refutation,3186,0.01,1,
rome,rome/rome/grafo7085.39.graphml,39,57,C,repaired,4,5,5,refutation,878,0.003,1,
rome,rome/rome/grafo7088.43.graphml,43,57,C,repaired,5,6,6,refutation,4043,0.015,1,
rome,rome/rome/grafo7091.44.graphml,44,56,C,repaired,4,5,5,refutation,3658,0.014,1,
rome,rome/rome/grafo7092.37.graphml,37,47,C,repaired,3,4,4,refutation,623,0.003,1,
rome,rome/rome/grafo709.17.graphml,17,21,C,repaired,2,3,3,refutation,32,0.001,1,
rome,rome/rome/grafo7089.59.graphml,59,82,C,repaired,5,8,7,refutation,34994,0.073,1,
rome,rome/rome/grafo7090.54.graphml,54,72,C,repaired,5,7,6,refutation,18140,0.048,1,
rome,rome/rome/grafo7093.36.graphml,36,49,C,repaired,4,5,5,refutation,752,0.006,1,
rome,rome/rome/grafo7094.44.graphml,44,61,C,repaired,4,5,5,refutation,2086,0.01,1,
rome,rome/rome/grafo7096.45.graphml,45,61,C,repaired,4,6,5,refutation,1442,0.007,1,
rome,rome/rome/grafo7095.53.graphml,53,68,C,repaired,4,6,5,refutation,7565,0.03,1,
rome,rome/rome/grafo710.15.graphml,15,21,C,repaired,3,4,4,refutation,57,0.001,1,
rome,rome/rome/grafo7097.42.graphml,42,56,C,repaired,4,6,5,refutation,1782,0.008,1,
rome,rome/rome/grafo7098.41.graphml,41,59,C,repaired,5,6,6,refutation,14186,0.033,1,
rome,rome/rome/grafo7099.45.graphml,45,56,C,repaired,4,5,5,refutation,4127,0.015,1,
rome,rome/rome/grafo7102.49.graphml,49,65,C,repaired,4,6,5,refutation,3433,0.014,1,
rome,rome/rome/grafo7069.83.graphml,83,106,C,repaired,5,8,7,refutation,404978,0.487,1,
rome,rome/rome/grafo7104.41.graphml,41,56,C,repaired,4,5,5,refutation,2422,0.009,1,
rome,rome/rome/grafo7103.39.graphml,39,53,C,repaired,4,6,6,refutation,6242,0.019,1,
rome,rome/rome/grafo7105.48.graphml,48,58,C,repaired,3,5,5,refutation,3068,0.012,1,
rome,rome/rome/grafo7107.42.graphml,42,54,C,repaired,3,5,4,refutation,542,0.004,1,
rome,rome/rome/grafo7106.44.graphml,44,61,C,repaired,5,6,6,refutation,9526,0.033,1,
rome,rome/rome/grafo6660.98.graphml,98,134,C,repaired,6,10,9,,12637061,10.014,1,
rome,rome/rome/grafo711.13.graphml,13,15,C,repaired,2,2,2,bound,0,0.0,1,
rome,rome/rome/grafo7111.40.graphml,40,51,C,repaired,4,6,5,refutation,2450,0.011,1,
rome,rome/rome/grafo7110.40.graphml,40,52,C,repaired,4,5,5,refutation,2043,0.006,1,
rome,rome/rome/grafo7112.47.graphml,47,61,C,repaired,4,5,5,refutation,1875,0.009,1,
rome,rome/rome/grafo7114.40.graphml,40,49,C,repaired,3,5,4,refutation,649,0.004,1,
rome,rome/rome/grafo7115.52.graphml,52,64,C,repaired,4,6,5,refutation,5852,0.024,1,
rome,rome/rome/grafo7116.43.graphml,43,53,C,repaired,3,5,4,refutation,2405,0.012,1,
rome,rome/rome/grafo7113.57.graphml,57,81,C,repaired,5,8,7,refutation,72766,0.102,1,
rome,rome/rome/grafo7117.42.graphml,42,55,C,repaired,4,5,5,refutation,1652,0.005,1,
rome,rome/rome/grafo7118.45.graphml,45,65,C,repaired,5,7,6,refutation,14639,0.04,1,
rome,rome/rome/grafo7119.42.graphml,42,46,C,repaired,3,3,3,bound,0,0.002,1,
rome,rome/rome/grafo712.21.graphml,21,27,C,repaired,3,3,3,bound,0,0.001,1,
rome,rome/rome/grafo7121.40.graphml,40,50,C,repaired,4,5,4,bound,464,0.003,1,
rome,rome/rome/grafo7123.45.graphml,45,63,C,repaired,4,6,5,refutation,1437,0.008,1,
rome,rome/rome/grafo7122.54.graphml,54,76,C,repaired,4,7,7,refutation,55262,0.08,1,
rome,rome/rome/grafo7124.41.graphml,41,59,C,repaired,4,5,5,refutation,986,0.006,1,
rome,rome/rome/grafo7125.42.graphml,42,52,C,repaired,4,5,4,bound,28,0.002,1,
rome,rome/rome/grafo7128.48.graphml,48,60,C,repaired,4,6,5,refutation,3980,0.016,1,
rome,rome/rome/grafo7108.86.graphml,86,106,C,repaired,5,7,7,refutation,473466,0.454,1,
rome,rome/rome/grafo713.12.graphml,12,13,C,repaired,2,2,2,bound,0,0.0,1,
rome,rome/rome/grafo7127.54.graphml,54,78,C,repaired,5,8,7,refutation,32823,0.059,1,
rome,rome/rome/grafo7083.91.graphml,91,112,C,repaired,5,8,7,refutation,726036,0.883,1,
rome,rome/rome/grafo7129.41.graphml,41,55,C,repaired,4,5,5,refutation,3372,0.007,1,
rome,rome/rome/grafo7131.43.graphml,43,56,C,repaired,4,5,5,refutation,3712,0.014,1,
rome,rome/rome/grafo7133.35.graphml,35,38,C,repaired,2,3,3,refutation,268,0.002,1,
rome,rome/rome/grafo7134.39.graphml,39,50,C,repaired,4,5,5,refutation,3007,0.014,1,
rome,rome/rome/grafo7135.48.graphml,48,68,C,repaired,4,7,6,refutation,10022,0.034,1,
rome,rome/rome/grafo7137.41.graphml,41,59,C,repaired,5,7,7,refutation,18722,0.046,1,
rome,rome/rome/grafo7136.55.graphml,55,73,C,repaired,4,7,6,refutation,20676,0.052,1,
rome,rome/rome/grafo7038.84.graphml,84,113,C,repaired,5,9,8,refutation,2157705,1.874,1,
rome,rome/rome/grafo7138.42.graphml,42,53,C,repaired,4,5,5,refutation,2085,0.01,1,
rome,rome/rome/grafo7139.43.graphml,43,57,C,repaired,4,5,5,refutation,1720,0.011,1,
rome,rome/rome/grafo714.13.graphml,13,15,C,repaired,2,3,3,refutation,24,0.001,1,
rome,rome/rome/grafo7140.41.graphml,41,53,C,repaired,4,6,5,refutation,3389,0.014,1,
rome,rome/rome/grafo7141.42.graphml,42,53,C,repaired,4,5,4,bound,44,0.002,1,
rome,rome/rome/grafo7142.47.graphml,47,56,C,repaired,3,5,4,refutation,1207,0.006,1,
rome,rome/rome/grafo7143.43.graphml,43,54,C,repaired,4,5,5,refutation,2444,0.008,1,
rome,rome/rome/grafo7144.42.graphml,42,53,C,repaired,3,5,4,refutation,882,0.008,1,
rome,rome/rome/grafo7145.56.graphml,56,70,C,repaired,3,5,4,refutation,1032,0.006,1,
rome,rome/rome/grafo7146.42.graphml,42,54,C,repaired,3,4,4,refutation,561,0.003,1,
rome,rome/rome/grafo7148.39.graphml,39,50,C,repaired,4,5,5,refutation,1003,0.004,1,
rome,rome/rome/grafo7147.47.graphml,47,62,C,repaired,4,5,5,refutation,4084,0.015,1,
rome,rome/rome/grafo715.30.graphml,30,32,C,repaired,2,3,3,refutation,166,0.001,1,
rome,rome/rome/grafo7150.41.graphml,41,52,C,repaired,3,6,5,refutation,2791,0.01,1,
rome,rome/rome/grafo7149.74.graphml,74,93,C,repaired,4,6,6,refutation,46256,0.075,1,
rome,rome/rome/grafo7152.57.graphml,57,78,C,repaired,5,7,7,refutation,62392,0.097,1,
rome,rome/rome/grafo7154.60.graphml,60,70,C,repaired,3,5,4,refutation,3644,0.018,1,
rome,rome/rome/grafo7120.84.graphml,84,111,C,repaired,5,9,8,refutation,1259846,1.144,1,
rome,rome/rome/grafo7155.60.graphml,60,70,C,repaired,3,5,4,refutation,3644,0.018,1,
rome,rome/rome/grafo7157.43.graphml,43,53,C,repaired,3,6,5,refutation,1196,0.006,1,
rome,rome/rome/grafo7158.39.graphml,39,54,C,repaired,4,6,5,refutation,2473,0.012,1,
rome,rome/rome/grafo7156.67.graphml,67,86,C,repaired,4,7,7,refutation,132359,0.157,1,
rome,rome/rome/grafo7159.54.graphml,54,66,C,repaired,4,6,5,refutation,7242,0.031,1,
rome,rome/rome/grafo716.13.graphml,13,13,C,repaired,2,2,2,bound,0,0.0,1,
rome,rome/rome/grafo7043.96.graphml,96,126,C,repaired,5,9,8,refutation,2832799,2.67,1,
rome,rome/rome/grafo7160.54.graphml,54,66,C,repaired,4,6,5,refutation,7242,0.026,1,
rome,rome/rome/grafo7161.37.graphml,37,42,C,repaired,3,5,4,refutation,828,0.005,1,
rome,rome/rome/grafo7162.44.graphml,44,59,C,repaired,5,5,5,bound,0,0.002,1,
rome,rome/rome/grafo7163.44.graphml,44,56,C,repaired,4,5,5,refutation,2269,0.011,1,
rome,rome/rome/grafo7164.56.graphml,56,68,C,repaired,4,6,4,bound,387,0.004,1,
rome,rome/rome/grafo7166.52.graphml,52,69,C,repaired,5,6,5,bound,1507,0.009,1,
rome,rome/rome/grafo7165.40.graphml,40,55,C,repaired,5,7,6,refutation,5486,0.018,1,
rome,rome/rome/grafo7168.39.graphml,39,56,C,repaired,5,6,6,refutation,2404,0.01,1,
rome,rome/rome/grafo7169.44.graphml,44,56,C,repaired,3,6,5,refutation,4253,0.02,1,
rome,rome/rome/grafo717.10.graphml,10,10,C,repaired,2,2,2,bound,0,0.0,1,
rome,rome/rome/grafo7170.43.graphml,43,58,C,repaired,4,6,5,refutation,2001,0.011,1,
rome,rome/rome/grafo7172.40.graphml,40,54,C,repaired,5,5,5,bound,0,0.001,1,
rome,rome/rome/grafo7171.44.graphml,44,70,C,repaired,5,7,6,refutation,5126,0.024,1,
rome,rome/rome/grafo7132.87.graphml,87,112,C,repaired,6,9,8,refutation,1657769,1.443,1,
rome,rome/rome/grafo7175.46.graphml,46,67,C,repaired,5,7,6,refutation,3484,0.013,1,
rome,rome/rome/grafo7176.49.graphml,49,59,C,repaired,4,5,5,refutation,4979,0.01,1,
rome,rome/rome/grafo7126.88.graphml,88,118,C,repaired,5,9,8,refutation,2218406,1.825,1,
rome,rome/rome/grafo7178.37.graphml,37,53,C,repaired,4,6,5,refutation,757,0.005,1,
rome,rome/rome/grafo7174.74.graphml,74,96,C,repaired,5,7,7,refutation,358672,0.315,1,
rome,rome/rome/grafo718.10.graphml,10,10,C,repaired,2,2,2,bound,0,0.0,1,
rome,rome/rome/grafo7179.56.graphml,56,81,C,repaired,5,8,7,refutation,59541,0.093,1,
rome,rome/rome/grafo7180.40.graphml,40,52,C,repaired,3,5,4,refutation,357,0.003,1,
rome,rome/rome/grafo7151.85.graphml,85,120,C,repaired,7,9,8,refutation,1420201,1.378,1,
rome,rome/rome/grafo7182.39.graphml,39,55,C,repaired,4,6,4,bound,63,0.002,1,
rome,rome/rome/grafo7177.69.graphml,69,88,C,repaired,5,7,7,refutation,329752,0.31,1,
rome,rome/rome/grafo7181.52.graphml,52,81,C,repaired,5,7,6,refutation,6554,0.028,1,
rome,rome/rome/grafo7153.85.graphml,85,120,C,repaired,7,9,8,refutation,1420201,1.344,1,
rome,rome/rome/grafo7184.39.graphml,39,54,C,repaired,4,5,5,refutation,993,0.005,1,
rome,rome/rome/grafo7185.55.graphml,55,60,C,repaired,3,5,3,bound,791,0.005,1,
rome,rome/rome/grafo7186.52.graphml,52,68,C,repaired,4,5,5,refutation,3038,0.012,1,
rome,rome/rome/grafo7188.44.graphml,44,62,C,repaired,4,6,5,refutation,2020,0.01,1,
rome,rome/rome/grafo7189.52.graphml,52,71,C,repaired,4,5,5,refutation,2712,0.009,1,
rome,rome/rome/grafo7183.53.graphml,53,80,C,repaired,5,8,8,refutation,97504,0.121,1,
rome,rome/rome/grafo7187.38.graphml,38,52,C,repaired,4,6,5,refutation,1489,0.006,1,
rome,rome/rome/grafo719.14.graphml,14,13,C,repaired,1,2,2,refutation,14,0.001,1,
rome,rome/rome/grafo7190.52.graphml,52,71,C,repaired,4,5,5,refutation,2712,0.011,1,
rome,rome/rome/grafo7192.45.graphml,45,59,C,repaired,4,5,5,refutation,2831,0.01,1,
rome,rome/rome/grafo7193.43.graphml,43,64,C,repaired,5,7,7,refutation,12839,0.035,1,
rome,rome/rome/grafo7191.41.graphml,41,54,C,repaired,4,6,6,refutation,4055,0.012,1,
rome,rome/rome/grafo7195.42.graphml,42,51,C,repaired,3,5,4,refutation,1688,0.009,1,
rome,rome/rome/grafo7197.52.graphml,52,68,C,repaired,4,5,5,refutation,3038,0.014,1,
rome,rome/rome/grafo7194.53.graphml,53,69,C,repaired,5,7,6,refutation,18652,0.053,1,
rome,rome/rome/grafo7196.45.graphml,45,65,C,repaired,5,6,6,refutation,11970,0.02,1,
rome,rome/rome/grafo7198.37.graphml,37,50,C,repaired,3,5,4,refutation,350,0.006,1,
rome,rome/rome/grafo720.14.graphml,14,16,C,repaired,3,3,3,bound,0,0.001,1,
rome,rome/rome/grafo7199.56.graphml,56,79,C,repaired,5,7,6,refutation,27742,0.048,1,
rome,rome/rome/grafo7200.42.graphml,42,58,C,repaired,4,6,5,refutation,2073,0.007,1,
rome,rome/rome/grafo7173.78.graphml,78,95,C,repaired,4,7,7,refutation,1175281,0.887,1,
rome,rome/rome/grafo7201.47.graphml,47,62,C,repaired,4,6,5,refutation,2604,0.012,1,
rome,rome/rome/grafo7202.42.graphml,42,58,C,repaired,5,6,6,refutation,4912,0.017,1,
rome,rome/rome/grafo7204.41.graphml,41,54,C,repaired,4,6,5,refutation,1486,0.007,1,
rome,rome/rome/grafo7205.39.graphml,39,49,C,repaired,3,5,4,refutation,623,0.003,1,
rome,rome/rome/grafo7206.43.graphml,43,50,C,repaired,3,5,4,refutation,1224,0.006,1,
rome,rome/rome/grafo7203.57.graphml,57,85,C,repaired,6,8,7,refutation,34571,0.078,1,
rome,rome/rome/grafo7208.43.graphml,43,48,C,repaired,3,4,4,refutation,1487,0.007,1,
rome,rome/rome/grafo7209.40.graphml,40,56,C,repaired,4,4,4,bound,0,0.002,1,
rome,rome/rome/grafo721.17.graphml,17,20,C,repaired,2,3,3,refutation,61,0.001,1,
rome,rome/rome/grafo7207.55.graphml,55,77,C,repaired,5,7,6,refutation,16904,0.054,1,
rome,rome/rome/grafo7210.43.graphml,43,67,C,repaired,5,7,6,refutation,2980,0.012,1,
rome,rome/rome/grafo7211.37.graphml,37,47,C,repaired,3,5,4,refutation,736,0.004,1,
rome,rome/rome/grafo7214.43.graphml,43,55,C,repaired,4,5,5,refutation,5497,0.021,1,
rome,rome/rome/grafo7212.42.graphml,42,53,C,repaired,4,5,4,bound,451,0.002,1,
rome,rome/rome/grafo7215.44.graphml,44,54,C,repaired,4,5,4,bound,340,0.002,1,
rome,rome/rome/grafo7216.47.graphml,47,77,C,repaired,6,9,8,refutation,32257,0.062,1,
rome,rome/rome/grafo7218.46.graphml,46,54,C,repaired,4,5,4,bound,561,0.004,1,
rome,rome/rome/grafo7219.45.graphml,45,59,C,repaired,4,5,5,refutation,2677,0.013,1,
rome,rome/rome/grafo7109.87.graphml,87,112,C,repaired,5,9,8,refutation,3938650,3.182,1,
rome,rome/rome/grafo7217.44.graphml,44,53,C,repaired,3,5,5,refutation,7504,0.026,1,
rome,rome/rome/grafo722.15.graphml,15,17,C,repaired,2,3,2,bound,14,0.0,1,
rome,rome/rome/grafo7220.42.graphml,42,57,C,repaired,5,7,6,refutation,5064,0.02,1,
rome,rome/rome/grafo7224.41.graphml,41,58,C,repaired,4,5,4,bound,69,0.002,1,
rome,rome/rome/grafo7222.40.graphml,40,54,C,repaired,4,5,5,refutation,1445,0.01,1,
rome,rome/rome/grafo7227.38.graphml,38,54,C,repaired,4,6,5,refutation,2767,0.008,1,
rome,rome/rome/grafo7213.73.graphml,73,101,C,repaired,6,9,7,refutation,284913,0.281,1,
rome,rome/rome/grafo7225.37.graphml,37,49,C,repaired,3,5,5,refutation,1350,0.004,1,
rome,rome/rome/grafo7226.38.graphml,38,53,C,repaired,4,5,5,refutation,754,0.003,1,
rome,rome/rome/grafo7228.41.graphml,41,67,C,repaired,7,8,7,bound,41,0.003,1,
rome,rome/rome/grafo7229.43.graphml,43,49,C,repaired,3,4,3,bound,72,0.002,1,
rome,rome/rome/grafo723.17.graphml,17,20,C,repaired,2,3,3,refutation,43,0.001,1,
rome,rome/rome/grafo7231.51.graphml,51,62,C,repaired,3,5,4,refutation,1635,0.007,1,
rome,rome/rome/grafo7233.37.graphml,37,49,C,repaired,4,5,4,bound,101,0.002,1,
rome,rome/rome/grafo7234.46.graphml,46,63,C,repaired,4,7,6,refutation,6985,0.026,1,
rome,rome/rome/grafo7230.61.graphml,61,95,C,repaired,6,8,7,refutation,29146,0.055,1,
rome,rome/rome/grafo7232.38.graphml,38,53,C,repaired,4,5,5,refutation,649,0.006,1,
rome,rome/rome/grafo7235.38.graphml,38,45,C,repaired,3,4,4,refutation,420,0.003,1,
rome,rome/rome/grafo7236.47.graphml,47,70,C,repaired,5,6,6,refutation,6859,0.022,1,
rome,rome/rome/grafo724.18.graphml,18,21,C,repaired,3,3,3,bound,0,0.0,1,
rome,rome/rome/grafo7237.44.graphml,44,56,C,repaired,4,6,6,refutation,16083,0.035,1,
rome,rome/rome/grafo7241.45.graphml,45,62,C,repaired,4,6,5,refutation,1537,0.007,1,
rome,rome/rome/grafo7243.37.graphml,37,46,C,repaired,3,5,4,refutation,664,0.005,1,
rome,rome/rome/grafo7239.60.graphml,60,87,C,repaired,5,8,7,refutation,114951,0.136,1,
rome,rome/rome/grafo7242.37.graphml,37,53,C,repaired,4,6,5,refutation,1120,0.006,1,
rome,rome/rome/grafo7240.60.graphml,60,87,C,repaired,5,8,7,refutation,114951,0.137,1,
rome,rome/rome/grafo7244.41.graphml,41,53,C,repaired,4,5,5,refutation,1838,0.008,1,
rome,rome/rome/grafo7238.65.graphml,65,82,C,repaired,5,7,7,refutation,283815,0.235,1,
rome,rome/rome/grafo7245.49.graphml,49,65,C,repaired,4,6,5,refutation,2105,0.028,1,
rome,rome/rome/grafo7246.42.graphml,42,53,C,repaired,4,5,4,bound,228,0.003,1,
rome,rome/rome/grafo7247.39.graphml,39,47,C,repaired,4,4,4,bound,0,0.001,1,
rome,rome/rome/grafo7248.41.graphml,41,55,C,repaired,4,5,4,bound,55,0.001,1,
rome,rome/rome/grafo725.15.graphml,15,15,C,repaired,2,2,2,bound,0,0.0,1,
rome,rome/rome/grafo7249.42.graphml,42,56,C,repaired,5,6,6,refutation,12272,0.039,1,
rome,rome/rome/grafo7250.47.graphml,47,67,C,repaired,5,6,6,refutation,8771,0.023,1,
rome,rome/rome/grafo7251.40.graphml,40,43,C,repaired,2,4,3,refutation,235,0.002,1,
rome,rome/rome/grafo7252.40.graphml,40,64,C,repaired,5,7,6,refutation,2139,0.01,1,
rome,rome/rome/grafo7253.39.graphml,39,51,C,repaired,5,5,5,bound,0,0.001,1,
rome,rome/rome/grafo7255.49.graphml,49,58,C,repaired,3,4,4,refutation,1166,0.006,1,
rome,rome/rome/grafo7254.44.graphml,44,72,C,repaired,6,8,7,refutation,16009,0.035,1,
rome,rome/rome/grafo7257.37.graphml,37,48,C,repaired,4,5,4,bound,74,0.002,1,
rome,rome/rome/grafo7258.46.graphml,46,67,C,repaired,5,7,7,refutation,15988,0.041,1,
rome,rome/rome/grafo7259.44.graphml,44,61,C,repaired,4,6,5,refutation,2031,0.007,1,
rome,rome/rome/grafo726.14.graphml,14,15,C,repaired,2,3,2,bound,13,0.001,1,
rome,rome/rome/grafo7260.45.graphml,45,61,C,repaired,4,5,5,refutation,1930,0.009,1,
rome,rome/rome/grafo6806.83.graphml,83,109,C,repaired,6,9,9,,13750272,10.01,1,
rome,rome/rome/grafo7261.42.graphml,42,62,C,repaired,5,7,6,refutation,4306,0.018,1,
rome,rome/rome/grafo7264.39.graphml,39,51,C,repaired,4,5,5,refutation,2094,0.008,1,
rome,rome/rome/grafo7262.57.graphml,57,81,C,repaired,4,7,7,refutation,43348,0.083,1,
rome,rome/rome/grafo7265.44.graphml,44,57,C,repaired,4,5,5,refutation,4160,0.013,1,
rome,rome/rome/grafo7267.39.graphml,39,49,C,repaired,4,5,4,bound,26,0.002,1,
rome,rome/rome/grafo6813.84.graphml,84,120,C,repaired,7,9,9,,15982592,10.013,1,
rome,rome/rome/grafo7268.38.graphml,38,46,C,repaired,3,4,3,bound,102,0.002,1,
rome,rome/rome/grafo7266.70.graphml,70,84,C,repaired,3,6,5,refutation,26410,0.058,1,
rome,rome/rome/grafo727.13.graphml,13,19,C,repaired,3,3,3,bound,0,0.0,1,
rome,rome/rome/grafo7271.41.graphml,41,54,C,repaired,4,6,5,refutation,2194,0.009,1,
rome,rome/rome/grafo7269.40.graphml,40,49,C,repaired,4,5,5,refutation,2258,0.009,1,
rome,rome/rome/grafo7270.54.graphml,54,69,C,repaired,3,6,5,refutation,8497,0.039,1,
rome,rome/rome/grafo7272.48.graphml,48,57,C,repaired,3,4,4,refutation,2228,0.009,1,
rome,rome/rome/grafo7274.38.graphml,38,54,C,repaired,5,6,6,refutation,3311,0.011,1,
rome,rome/rome/grafo6817.94.graphml,94,133,C,repaired,7,10,10,,14856192,10.013,1,
rome,rome/rome/grafo7256.69.graphml,69,95,C,repaired,6,8,8,refutation,518898,0.405,1,
rome,rome/rome/grafo7275.41.graphml,41,59,C,repaired,4,5,4,bound,26,0.002,1,
rome,rome/rome/grafo7276.49.graphml,49,64,C,repaired,5,6,5,bound,374,0.008,1,
rome,rome/rome/grafo7277.46.graphml,46,61,C,repaired,5,6,5,bound,789,0.004,1,
rome,rome/rome/grafo7278.42.graphml,42,58,C,repaired,4,5,4,bound,39,0.001,1,
rome,rome/rome/grafo728.28.graphml,28,33,C,repaired,3,3,3,bound,0,0.001,1,
rome,rome/rome/grafo7279.40.graphml,40,53,C,repaired,4,5,4,bound,442,0.011,1,
rome,rome/rome/grafo7280.52.graphml,52,71,C,repaired,4,7,6,refutation,15384,0.043,1,
rome,rome/rome/grafo7281.46.graphml,46,54,C,repaired,3,5,5,refutation,6738,0.019,1,
rome,rome/rome/grafo7282.36.graphml,36,47,C,repaired,3,5,4,refutation,433,0.005,1,
rome,rome/rome/grafo7283.39.graphml,39,50,C,repaired,4,5,5,refutation,1609,0.006,1,
rome,rome/rome/grafo7286.43.graphml,43,56,C,repaired,3,5,4,refutation,512,0.003,1,
rome,rome/rome/grafo7285.40.graphml,40,56,C,repaired,4,6,6,refutation,3758,0.016,1,
rome,rome/rome/grafo7287.43.graphml,43,62,C,repaired,5,7,7,refutation,17055,0.042,1,
rome,rome/rome/grafo729.15.graphml,15,15,C,repaired,2,2,2,bound,0,0.001,1,
rome,rome/rome/grafo7288.45.graphml,45,60,C,repaired,5,7,6,refutation,11726,0.032,1,
rome,rome/rome/grafo7290.38.graphml,38,47,C,repaired,3,5,4,refutation,1129,0.006,1,
rome,rome/rome/grafo7284.69.graphml,69,87,C,repaired,5,7,6,refutation,75327,0.116,1,
rome,rome/rome/grafo7289.57.graphml,57,72,C,repaired,4,7,6,refutation,22931,0.044,1,
rome,rome/rome/grafo7292.50.graphml,50,62,C,repaired,4,6,5,refutation,4304,0.017,1,
rome,rome/rome/grafo7291.39.graphml,39,59,C,repaired,5,7,7,refutation,16721,0.041,1,
rome,rome/rome/grafo7293.68.graphml,68,79,C,repaired,3,5,5,refutation,12087,0.037,1,
rome,rome/rome/grafo7294.57.graphml,57,73,C,repaired,4,5,4,bound,89,0.01,1,
rome,rome/rome/grafo7296.42.graphml,42,56,C,repaired,4,6,5,refutation,1730,0.008,1,
rome,rome/rome/grafo7297.39.graphml,39,61,C,repaired,4,6,5,refutation,710,0.004,1,
rome,rome/rome/grafo7273.69.graphml,69,93,C,repaired,5,8,7,refutation,341671,0.413,1,
rome,rome/rome/grafo7295.43.graphml,43,67,C,repaired,5,8,8,refutation,45126,0.078,1,
rome,rome/rome/grafo7301.40.graphml,40,50,C,repaired,4,5,5,refutation,1777,0.006,1,
rome,rome/rome/grafo7298.41.graphml,41,54,C,repaired,4,5,5,refutation,2593,0.011,1,
rome,rome/rome/grafo7299.41.graphml,41,58,C,repaired,4,5,5,refutation,1040,0.009,1,
rome,rome/rome/grafo730.12.graphml,12,13,C,repaired,2,3,2,bound,12,0.0,1,
rome,rome/rome/grafo7300.41.graphml,41,53,C,repaired,4,6,5,refutation,1018,0.006,1,
rome,rome/rome/grafo7304.45.graphml,45,53,C,repaired,3,5,4,refutation,638,0.003,1,
rome,rome/rome/grafo7302.41.graphml,41,57,C,repaired,5,7,5,bound,694,0.005,1,
rome,rome/rome/grafo7303.46.graphml,46,57,C,repaired,4,6,5,refutation,3338,0.011,1,
rome,rome/rome/grafo7305.38.graphml,38,53,C,repaired,4,6,6,refutation,4010,0.011,1,
rome,rome/rome/grafo7306.36.graphml,36,48,C,repaired,5,6,5,bound,538,0.003,1,
rome,rome/rome/grafo7307.37.graphml,37,47,C,repaired,3,4,4,refutation,305,0.003,1,
rome,rome/rome/grafo7309.41.graphml,41,60,C,repaired,5,6,6,refutation,2652,0.011,1,
rome,rome/rome/grafo731.14.graphml,14,15,C,repaired,2,2,2,bound,0,0.0,1,
rome,rome/rome/grafo7312.41.graphml,105,47,C,repaired,1,2,2,refutation,32,0.002,58,
rome,rome/rome/grafo7310.47.graphml,47,61,C,repaired,4,5,5,refutation,3621,0.013,1,
rome,rome/rome/grafo7308.40.graphml,40,65,C,repaired,5,7,6,refutation,5218,0.019,1,
rome,rome/rome/grafo7314.43.graphml,43,53,C,repaired,4,5,4,bound,120,0.002,1,
rome,rome/rome/grafo7313.43.graphml,43,52,C,repaired,3,6,4,refutation,1327,0.01,1,
rome,rome/rome/grafo7311.41.graphml,41,45,C,repaired,3,4,4,refutation,1195,0.004,1,
rome,rome/rome/grafo7315.50.graphml,50,64,C,repaired,5,6,5,bound,298,0.003,1,
rome,rome/rome/grafo7316.39.graphml,39,50,C,repaired,4,4,4,bound,0,0.001,1,
rome,rome/rome/grafo732.35.graphml,35,44,C,repaired,3,4,4,refutation,438,0.003,1,
rome,rome/rome/grafo7321.39.graphml,39,48,C,repaired,4,5,4,bound,32,0.001,1,
rome,rome/rome/grafo7317.67.graphml,67,92,C,repaired,5,7,6,refutation,44826,0.082,1,
rome,rome/rome/grafo7320.38.graphml,38,58,C,repaired,4,6,5,refutation,1001,0.004,1,
rome,rome/rome/grafo7323.45.graphml,45,60,C,repaired,4,6,5,refutation,3036,0.016,1,
rome,rome/rome/grafo7318.55.graphml,55,70,C,repaired,5,6,6,refutation,31821,0.096,1,
rome,rome/rome/grafo7322.58.graphml,58,79,C,repaired,5,7,6,refutation,20316,0.073,1,
rome,rome/rome/grafo7325.43.graphml,43,50,C,repaired,3,5,4,refutation,1090,0.003,1,
rome,rome/rome/grafo7327.39.graphml,39,51,C,repaired,3,4,4,refutation,543,0.004,1,
rome,rome/rome/grafo7324.61.graphml,61,78,C,repaired,5,7,6,refutation,26968,0.063,1,
rome,rome/rome/grafo7326.41.graphml,41,50,C,repaired,4,5,5,refutation,4054,0.011,1,
rome,rome/rome/grafo733.43.graphml,43,54,C,repaired,4,5,4,bound,187,0.002,1,
rome,rome/rome/grafo7330.40.graphml,40,50,C,repaired,4,6,5,refutation,1936,0.009,1,
rome,rome/rome/grafo7328.59.graphml,59,71,C,repaired,4,6,5,refutation,19424,0.049,1,
rome,rome/rome/grafo7331.41.graphml,41,50,C,repaired,3,4,4,refutation,635,0.003,1,
rome,rome/rome/grafo7329.59.graphml,59,71,C,repaired,4,6,5,refutation,19424,0.049,1,
rome,rome/rome/grafo7334.43.graphml,43,63,C,repaired,4,6,5,refutation,1637,0.007,1,
rome,rome/rome/grafo7319.76.graphml,76,102,C,repaired,6,8,7,refutation,261369,0.316,1,
rome,rome/rome/grafo7335.53.graphml,53,69,C,repaired,4,6,5,refutation,3162,0.013,1,
rome,rome/rome/grafo7336.53.graphml,53,69,C,repaired,4,6,5,refutation,3162,0.012,1,
rome,rome/rome/grafo7337.45.graphml,45,62,C,repaired,5,6,6,refutation,8681,0.028,1,
rome,rome/rome/grafo7333.45.graphml,45,73,C,repaired,5,8,8,refutation,53326,0.079,1,
rome,rome/rome/grafo7338.41.graphml,41,50,C,repaired,4,5,5,refutation,3108,0.016,1,
rome,rome/rome/grafo7339.46.graphml,46,52,C,repaired,3,5,4,refutation,1428,0.005,1,
rome,rome/rome/grafo734.14.graphml,14,18,C,repaired,3,3,3,bound,0,0.0,1,
rome,rome/rome/grafo7332.49.graphml,49,88,C,repaired,7,10,9,refutation,84279,0.117,1,
rome,rome/rome/grafo7342.44.graphml,44,55,C,repaired,3,4,4,refutation,1230,0.005,1,
rome,rome/rome/grafo7340.46.graphml,46,60,C,repaired,3,6,5,refutation,3465,0.017,1,
rome,rome/rome/grafo7344.39.graphml,39,51,C,repaired,4,6,5,refutation,1808,0.007,1,
rome,rome/rome/grafo7345.38.graphml,38,49,C,repaired,3,5,4,refutation,851,0.008,1,
rome,rome/rome/grafo7341.60.graphml,60,78,C,repaired,5,7,6,refutation,50310,0.079,1,
rome,rome/rome/grafo7343.44.graphml,44,53,C,repaired,3,5,5,refutation,4484,0.016,1,
rome,rome/rome/grafo7346.58.graphml,58,78,C,repaired,5,7,6,refutation,35658,0.067,1,
rome,rome/rome/grafo7347.40.graphml,40,56,C,repaired,4,6,5,refutation,1352,0.007,1,
rome,rome/rome/grafo735.15.graphml,15,14,C,repaired,1,2,2,refutation,17,0.001,1,
rome,rome/rome/grafo7351.47.graphml,47,59,C,repaired,4,5,4,bound,311,0.003,1,
rome,rome/rome/grafo7349.43.graphml,43,51,C,repaired,4,5,5,refutation,4485,0.019,1,
rome,rome/rome/grafo7350.45.graphml,45,62,C,repaired,4,6,6,refutation,9758,0.035,1,
rome,rome/rome/grafo7352.42.graphml,42,51,C,repaired,3,4,4,refutation,1031,0.006,1,
rome,rome/rome/grafo7353.49.graphml,49,67,C,repaired,4,5,5,refutation,1476,0.007,1,
rome,rome/rome/grafo7355.45.graphml,45,53,C,repaired,3,4,4,refutation,930,0.005,1,
rome,rome/rome/grafo7348.60.graphml,60,83,C,repaired,5,8,7,refutation,186817,0.163,1,
rome,rome/rome/grafo7359.38.graphml,38,49,C,repaired,4,5,4,bound,29,0.002,1,
rome,rome/rome/grafo7357.37.graphml,37,56,C,repaired,5,7,5,bound,229,0.002,1,
rome,rome/rome/grafo7356.49.graphml,49,71,C,repaired,5,6,6,refutation,9205,0.02,1,
rome,rome/rome/grafo736.13.graphml,13,14,C,repaired,2,2,2,bound,0,0.0,1,
rome,rome/rome/grafo7358.60.graphml,60,78,C,repaired,5,6,6,refutation,42348,0.078,1,
rome,rome/rome/grafo7360.44.graphml,44,58,C,repaired,4,6,5,refutation,2320,0.011,1,
rome,rome/rome/grafo7362.38.graphml,38,44,C,repaired,3,4,4,refutation,689,0.004,1,
rome,rome/rome/grafo7363.39.graphml,39,43,C,repaired,3,4,4,refutation,834,0.004,1,
rome,rome/rome/grafo7364.36.graphml,36,43,C,repaired,3,4,4,refutation,753,0.005,1,
rome,rome/rome/grafo7365.45.graphml,45,51,C,repaired,3,4,4,refutation,1125,0.005,1,
rome,rome/rome/grafo7366.35.graphml,35,43,C,repaired,3,4,3,bound,34,0.001,1,
rome,rome/rome/grafo7367.44.graphml,44,54,C,repaired,4,5,5,refutation,4391,0.018,1,
rome,rome/rome/grafo6877.85.graphml,85,120,C,repaired,7,10,10,,15233024,10.014,1,
rome,rome/rome/grafo7369.48.graphml,48,62,C,repaired,4,6,5,refutation,3941,0.012,1,
rome,rome/rome/grafo7368.42.graphml,42,51,C,repaired,3,5,4,refutation,704,0.006,1,
rome,rome/rome/grafo737.14.graphml,14,14,C,repaired,2,2,2,bound,0,0.0,1,
rome,rome/rome/grafo7372.41.graphml,41,56,C,repaired,4,6,5,refutation,1543,0.007,1,
rome,rome/rome/grafo7370.49.graphml,49,64,C,repaired,5,6,6,refutation,14552,0.035,1,
rome,rome/rome/grafo7361.76.graphml,76,92,C,repaired,4,7,6,refutation,157112,0.175,1,
rome,rome/rome/grafo7373.41.graphml,41,58,C,repaired,4,6,6,refutation,5354,0.026,1,
rome,rome/rome/grafo7371.61.graphml,61,88,C,repaired,5,8,7,refutation,57265,0.095,1,
rome,rome/rome/grafo7374.39.graphml,39,52,C,repaired,4,5,5,refutation,950,0.006,1,
rome,rome/rome/grafo7375.46.graphml,46,60,C,repaired,4,5,5,refutation,1394,0.006,1,
rome,rome/rome/grafo7377.43.graphml,43,58,C,repaired,4,5,5,refutation,2158,0.011,1,
rome,rome/rome/grafo7379.43.graphml,43,58,C,repaired,4,5,5,refutation,1624,0.007,1,
rome,rome/rome/grafo738.12.graphml,12,15,C,repaired,3,3,3,bound,0,0.0,1,
rome,rome/rome/grafo7381.44.graphml,44,65,C,repaired,5,6,6,refutation,9784,0.028,1,
rome,rome/rome/grafo7383.38.graphml,38,44,C,repaired,3,5,4,refutation,892,0.004,1,
rome,rome/rome/grafo7380.36.graphml,36,47,C,repaired,3,5,4,refutation,516,0.002,1,
rome,rome/rome/grafo7382.48.graphml,48,70,C,repaired,5,7,6,refutation,9059,0.031,1,
rome,rome/rome/grafo7376.45.graphml,45,65,C,repaired,5,7,7,refutation,29941,0.083,1,
rome,rome/rome/grafo7384.45.graphml,45,56,C,repaired,4,5,5,refutation,3649,0.017,1,
rome,rome/rome/grafo7385.37.graphml,37,42,C,repaired,2,4,3,refutation,316,0.002,1,
rome,rome/rome/grafo7388.50.graphml,50,66,C,repaired,5,6,5,bound,44,0.002,1,
rome,rome/rome/grafo7386.46.graphml,46,66,C,repaired,5,8,7,refutation,19676,0.05,1,
rome,rome/rome/grafo7387.39.graphml,39,48,C,repaired,4,5,4,bound,195,0.002,1,
rome,rome/rome/grafo7389.42.graphml,42,62,C,repaired,4,7,7,refutation,14239,0.037,1,
rome,rome/rome/grafo7391.45.graphml,45,61,C,repaired,4,5,5,refutation,1614,0.006,1,
rome,rome/rome/grafo739.15.graphml,15,18,C,repaired,2,2,2,bound,0,0.0,1,
rome,rome/rome/grafo7390.39.graphml,39,59,C,repaired,4,6,6,refutation,6582,0.018,1,
rome,rome/rome/grafo7392.40.graphml,40,53,C,repaired,4,5,5,refutation,1048,0.005,1,
rome,rome/rome/grafo7393.42.graphml,42,50,C,repaired,4,5,5,refutation,4348,0.013,1,
rome,rome/rome/grafo7395.40.graphml,40,55,C,repaired,5,6,5,bound,115,0.002,1,
rome,rome/rome/grafo7396.42.graphml,42,48,C,repaired,3,4,4,refutation,907,0.005,1,
rome,rome/rome/grafo7394.47.graphml,47,57,C,repaired,3,5,5,refutation,5247,0.019,1,
rome,rome/rome/grafo7398.44.graphml,44,58,C,repaired,4,5,5,refutation,1853,0.007,1,
rome,rome/rome/grafo740.11.graphml,11,12,C,repaired,2,2,2,bound,0,0.0,1,
rome,rome/rome/grafo7397.40.graphml,40,52,C,repaired,4,5,5,refutation,2158,0.008,1,
rome,rome/rome/grafo7399.46.graphml,46,63,C,repaired,4,6,6,refutation,6236,0.029,1,
rome,rome/rome/grafo7401.40.graphml,40,52,C,repaired,4,6,5,refutation,1571,0.006,1,
rome,rome/rome/grafo7400.57.graphml,57,70,C,repaired,4,7,5,refutation,10703,0.022,1,
rome,rome/rome/grafo7402.57.graphml,57,70,C,repaired,4,7,5,refutation,10703,0.032,1,
rome,rome/rome/grafo7403.43.graphml,43,57,C,repaired,5,7,6,refutation,10407,0.034,1,
rome,rome/rome/grafo7404.43.graphml,43,55,C,repaired,4,5,5,refutation,2586,0.01,1,
rome,rome/rome/grafo7406.41.graphml,41,48,C,repaired,3,4,4,refutation,1079,0.006,1,
rome,rome/rome/grafo7408.38.graphml,38,49,C,repaired,4,4,4,bound,0,0.001,1,
rome,rome/rome/grafo7405.46.graphml,46,64,C,repaired,5,7,6,refutation,7971,0.018,1,
rome,rome/rome/grafo7407.54.graphml,54,66,C,repaired,4,6,5,refutation,10050,0.033,1,
rome,rome/rome/grafo7409.40.graphml,40,48,C,repaired,4,5,4,bound,37,0.001,1,
rome,rome/rome/grafo741.14.graphml,14,14,C,repaired,2,2,2,bound,0,0.0,1,
rome,rome/rome/grafo7410.37.graphml,37,51,C,repaired,4,5,4,bound,50,0.002,1,
rome,rome/rome/grafo7413.44.graphml,44,67,C,repaired,5,7,7,refutation,10032,0.028,1,
rome,rome/rome/grafo7416.36.graphml,36,47,C,repaired,3,5,4,refutation,571,0.004,1,
rome,rome/rome/grafo7412.43.graphml,43,52,C,repaired,4,5,5,refutation,3398,0.008,1,
rome,rome/rome/grafo7414.45.graphml,45,66,C,repaired,5,6,6,refutation,4868,0.026,1,
rome,rome/rome/grafo7415.39.graphml,39,53,C,repaired,4,6,5,refutation,2159,0.008,1,
rome,rome/rome/grafo7419.44.graphml,44,58,C,repaired,5,6,6,refutation,20061,0.041,1,
rome,rome/rome/grafo742.13.graphml,13,15,C,repaired,2,2,2,bound,0,0.0,1,
rome,rome/rome/grafo7420.41.graphml,41,58,C,repaired,4,6,6,refutation,5331,0.015,1,
rome,rome/rome/grafo7423.43.graphml,43,54,C,repaired,4,6,5,refutation,1656,0.007,1,
rome,rome/rome/grafo7421.40.graphml,40,55,C,repaired,4,5,4,bound,25,0.001,1,
rome,rome/rome/grafo7422.40.graphml,40,50,C,repaired,3,5,4,refutation,610,0.002,1,
rome,rome/rome/grafo7424.45.graphml,45,58,C,repaired,4,5,5,refutation,2423,0.008,1,
rome,rome/rome/grafo7426.47.graphml,47,57,C,repaired,4,5,4,bound,70,0.002,1,
rome,rome/rome/grafo7425.44.graphml,44,53,C,repaired,3,5,5,refutation,4407,0.011,1,
rome,rome/rome/grafo7428.43.graphml,43,52,C,repaired,4,5,4,bound,40,0.002,1,
rome,rome/rome/grafo7429.44.graphml,44,65,C,repaired,4,7,6,refutation,2817,0.012,1,
rome,rome/rome/grafo743.32.graphml,32,37,C,repaired,4,4,4,bound,0,0.001,1,
rome,rome/rome/grafo7430.43.graphml,43,70,C,repaired,6,8,7,refutation,5899,0.02,1,
rome,rome/rome/grafo7431.44.graphml,44,64,C,repaired,5,7,6,refutation,7808,0.028,1,
rome,rome/rome/grafo7432.40.graphml,40,47,C,repaired,3,4,3,bound,148,0.002,1,
rome,rome/rome/grafo7427.66.graphml,66,84,C,repaired,5,7,7,refutation,162897,0.156,1,
rome,rome/rome/grafo7433.44.graphml,44,55,C,repaired,4,6,5,refutation,4064,0.017,1,
rome,rome/rome/grafo7435.44.graphml,44,53,C,repaired,4,5,4,bound,29,0.002,1,
rome,rome/rome/grafo7434.52.graphml,52,64,C,repaired,4,6,5,refutation,5710,0.019,1,
rome,rome/rome/grafo7437.44.graphml,44,52,C,repaired,3,5,4,refutation,669,0.005,1,
rome,rome/rome/grafo7438.39.graphml,39,47,C,repaired,3,4,3,bound,33,0.001,1,
rome,rome/rome/grafo7439.45.graphml,45,54,C,repaired,4,5,4,bound,33,0.002,1,
rome,rome/rome/grafo744.28.graphml,28,29,C,repaired,2,3,3,refutation,186,0.002,1,
rome,rome/rome/grafo7436.67.graphml,67,89,C,repaired,4,7,6,refutation,36275,0.083,1,
rome,rome/rome/grafo7441.43.graphml,43,60,C,repaired,4,7,6,refutation,10056,0.031,1,
rome,rome/rome/grafo7440.42.graphml,42,47,C,repaired,3,4,4,refutation,2010,0.013,1,
rome,rome/rome/grafo7442.45.graphml,45,53,C,repaired,3,4,4,refutation,1901,0.005,1,
rome,rome/rome/grafo7443.42.graphml,42,57,C,repaired,4,6,5,refutation,2269,0.009,1,
rome,rome/rome/grafo7444.43.graphml,43,55,C,repaired,5,6,5,bound,261,0.002,1,
rome,rome/rome/grafo7446.45.graphml,45,56,C,repaired,4,5,4,bound,208,0.002,1,
rome,rome/rome/grafo7445.49.graphml,49,72,C,repaired,5,7,7,refutation,37382,0.07,1,
rome,rome/rome/grafo7449.40.graphml,40,47,C,repaired,3,4,4,refutation,852,0.005,1,
rome,rome/rome/grafo745.32.graphml,32,36,C,repaired,3,4,3,bound,21,0.001,1,
rome,rome/rome/grafo7448.60.graphml,60,81,C,repaired,5,8,7,refutation,111775,0.127,1,
rome,rome/rome/grafo6975.39.graphml,105,137,C,repaired,6,10,9,,14278815,10.01,1,
rome,rome/rome/grafo7411.89.graphml,89,120,C,repaired,6,8,8,refutation,1483771,1.349,1,
rome,rome/rome/grafo7452.45.graphml,45,54,C,repaired,3,6,4,refutation,1436,0.008,1,
rome,rome/rome/grafo7453.43.graphml,43,66,C,repaired,5,7,6,refutation,2776,0.01,1,
rome,rome/rome/grafo7454.44.graphml,44,57,C,repaired,4,6,4,bound,86,0.002,1,
rome,rome/rome/grafo7455.41.graphml,41,63,C,repaired,5,6,6,refutation,2003,0.007,1,
rome,rome/rome/grafo7378.88.graphml,88,121,C,repaired,6,8,8,refutation,2236568,1.985,1,
rome,rome/rome/grafo7456.43.graphml,43,70,C,repaired,6,8,7,refutation,8604,0.038,1,
rome,rome/rome/grafo7458.43.graphml,43,61,C,repaired,5,7,7,refutation,27193,0.044,1,
rome,rome/rome/grafo7459.42.graphml,42,55,C,repaired,4,6,5,refutation,1892,0.01,1,
rome,rome/rome/grafo7457.56.graphml,56,82,C,repaired,6,9,8,refutation,131225,0.15,1,
rome,rome/rome/grafo746.13.graphml,13,14,C,repaired,2,3,2,bound,11,0.001,1,
rome,rome/rome/grafo7460.45.graphml,45,58,C,repaired,4,6,6,refutation,7720,0.031,1,
rome,rome/rome/grafo7462.38.graphml,38,47,C,repaired,3,5,5,refutation,2492,0.01,1,
rome,rome/rome/grafo7450.82.graphml,82,117,C,repaired,6,8,7,refutation,840772,0.749,1,
rome,rome/rome/grafo7451.82.graphml,82,117,C,repaired,6,8,7,refutation,840772,0.747,1,
rome,rome/rome/grafo7465.43.graphml,43,60,C,repaired,4,5,5,refutation,1849,0.009,1,
rome,rome/rome/grafo7466.42.graphml,42,62,C,repaired,5,6,6,refutation,3848,0.016,1,
rome,rome/rome/grafo7467.54.graphml,54,72,C,repaired,4,6,5,refutation,4940,0.021,1,
rome,rome/rome/grafo7461.72.graphml,72,97,C,repaired,5,7,7,refutation,373534,0.335,1,
rome,rome/rome/grafo7464.81.graphml,81,108,C,repaired,5,8,7,refutation,274425,0.277,1,
rome,rome/rome/grafo7469.41.graphml,41,60,C,repaired,5,7,7,refutation,12217,0.04,1,
rome,rome/rome/grafo7468.54.graphml,54,81,C,repaired,5,7,7,refutation,57013,0.085,1,
rome,rome/rome/grafo747.12.graphml,12,13,C,repaired,2,2,2,bound,0,0.0,1,
rome,rome/rome/grafo7470.43.graphml,43,52,C,repaired,3,5,5,refutation,5611,0.021,1,
rome,rome/rome/grafo7471.64.graphml,64,76,C,repaired,4,6,4,bound,79,0.006,1,
rome,rome/rome/grafo7472.45.graphml,45,53,C,repaired,2,4,3,refutation,306,0.003,1,
rome,rome/rome/grafo7473.35.graphml,35,41,C,repaired,3,4,3,bound,35,0.001,1,
rome,rome/rome/grafo7474.43.graphml,43,54,C,repaired,3,5,5,refutation,2884,0.011,1,
rome,rome/rome/grafo7476.38.graphml,38,55,C,repaired,4,6,5,refutation,1677,0.007,1,
rome,rome/rome/grafo7478.38.graphml,38,47,C,repaired,3,5,4,refutation,594,0.003,1,
rome,rome/rome/grafo7475.40.graphml,40,53,C,repaired,4,6,5,refutation,3625,0.013,1,
rome,rome/rome/grafo7479.39.graphml,39,53,C,repaired,4,6,5,refutation,2288,0.008,1,
rome,rome/rome/grafo7477.48.graphml,48,70,C,repaired,4,7,7,refutation,16277,0.042,1,
rome,rome/rome/grafo748.11.graphml,11,11,C,repaired,2,2,2,bound,0,0.0,1,
rome,rome/rome/grafo7481.41.graphml,41,59,C,repaired,5,6,6,refutation,6178,0.017,1,
rome,rome/rome/grafo7480.45.graphml,45,69,C,repaired,6,8,7,refutation,9202,0.031,1,
rome,rome/rome/grafo7482.41.graphml,41,48,C,repaired,3,5,4,refutation,877,0.004,1,
rome,rome/rome/grafo7484.43.graphml,43,49,C,repaired,3,4,4,refutation,1347,0.006,1,
rome,rome/rome/grafo7486.42.graphml,42,57,C,repaired,5,5,5,bound,0,0.005,1,
rome,rome/rome/grafo7487.42.graphml,42,53,C,repaired,4,5,5,refutation,2183,0.008,1,
rome,rome/rome/grafo7485.42.graphml,42,56,C,repaired,4,6,5,refutation,1707,0.007,1,
rome,rome/rome/grafo7488.46.graphml,46,59,C,repaired,3,5,4,refutation,973,0.006,1,
rome,rome/rome/grafo7489.39.graphml,39,52,C,repaired,4,5,4,bound,189,0.002,1,
rome,rome/rome/grafo7483.73.graphml,73,92,C,repaired,5,7,6,refutation,145162,0.169,1,
rome,rome/rome/grafo749.11.graphml,11,10,C,repaired,1,1,1,bound,0,0.0,1,
rome,rome/rome/grafo7491.45.graphml,45,61,C,repaired,4,7,6,refutation,7448,0.026,1,
rome,rome/rome/grafo7490.48.graphml,48,68,C,repaired,5,7,6,refutation,7425,0.03,1,
rome,rome/rome/grafo7494.44.graphml,44,58,C,repaired,3,5,5,refutation,3075,0.01,1,
rome,rome/rome/grafo7492.38.graphml,38,57,C,repaired,5,6,6,refutation,4794,0.011,1,
rome,rome/rome/grafo7493.60.graphml,60,83,C,repaired,5,7,6,refutation,15644,0.052,1,
rome,rome/rome/grafo7495.41.graphml,41,48,C,repaired,3,4,4,refutation,612,0.004,1,
rome,rome/rome/grafo7496.42.graphml,42,56,C,repaired,4,6,5,refutation,2588,0.008,1,
rome,rome/rome/grafo750.12.graphml,12,11,C,repaired,1,2,2,refutation,12,0.0,1,
rome,rome/rome/grafo7497.46.graphml,46,67,C,repaired,5,7,6,refutation,21847,0.05,1,
rome,rome/rome/grafo7498.41.graphml,41,52,C,repaired,4,5,4,bound,84,0.002,1,
rome,rome/rome/grafo7500.53.graphml,53,65,C,repaired,3,5,4,refutation,1868,0.01,1,
rome,rome/rome/grafo7502.35.graphml,35,43,C,repaired,3,4,4,refutation,606,0.003,1,
rome,rome/rome/grafo7501.53.graphml,53,65,C,repaired,3,5,4,refutation,1868,0.008,1,
rome,rome/rome/grafo7503.44.graphml,44,58,C,repaired,4,6,5,refutation,3142,0.024,1,
rome,rome/rome/grafo7504.50.graphml,50,69,C,repaired,5,6,6,refutation,14910,0.042,1,
rome,rome/rome/grafo7505.72.graphml,72,89,C,repaired,4,6,5,refutation,16402,0.046,1,
rome,rome/rome/grafo7506.41.graphml,41,55,C,repaired,4,5,5,refutation,2365,0.009,1,
rome,rome/rome/grafo7509.36.graphml,36,45,C,repaired,3,5,4,refutation,390,0.002,1,
rome,rome/rome/grafo751.11.graphml,11,12,C,repaired,2,2,2,bound,0,0.0,1,
rome,rome/rome/grafo7507.67.graphml,67,86,C,repaired,5,7,6,refutation,65662,0.1,1,
rome,rome/rome/grafo7508.56.graphml,56,81,C,repaired,6,8,8,refutation,233214,0.213,1,
rome,rome/rome/grafo7511.55.graphml,55,76,C,repaired,5,7,7,refutation,36837,0.069,1,
rome,rome/rome/grafo7512.37.graphml,37,45,C,repaired,3,4,4,refutation,558,0.004,1,
rome,rome/rome/grafo7513.39.graphml,39,55,C,repaired,5,6,5,bound,222,0.003,1,
rome,rome/rome/grafo7514.43.graphml,43,56,C,repaired,4,6,5,refutation,1975,0.01,1,
rome,rome/rome/grafo7100.86.graphml,86,120,C,repaired,5,10,10,,14200832,10.013,1,
rome,rome/rome/grafo7101.86.graphml,86,120,C,repaired,5,10,10,,12840960,10.013,1,
rome,rome/rome/grafo7517.38.graphml,38,51,C,repaired,4,5,4,bound,32,0.002,1,
rome,rome/rome/grafo7516.69.graphml,69,88,C,repaired,4,6,6,refutation,68449,0.11,1,
rome,rome/rome/grafo7518.46.graphml,46,69,C,repaired,5,7,7,refutation,9939,0.037,1,
rome,rome/rome/grafo7519.36.graphml,36,42,C,repaired,2,4,3,refutation,184,0.002,1,
rome,rome/rome/grafo7510.70.graphml,70,100,C,repaired,5,8,8,refutation,533205,0.462,1,
rome,rome/rome/grafo7520.45.graphml,45,53,C,repaired,3,5,4,refutation,1001,0.006,1,
rome,rome/rome/grafo7521.37.graphml,37,56,C,repaired,5,7,6,refutation,3048,0.017,1,
rome,rome/rome/grafo7522.46.graphml,46,68,C,repaired,5,8,7,refutation,13108,0.039,1,
rome,rome/rome/grafo7523.50.graphml,50,68,C,repaired,5,7,6,refutation,12067,0.039,1,
rome,rome/rome/grafo7515.81.graphml,81,97,C,repaired,5,7,7,refutation,435858,0.372,1,
rome,rome/rome/grafo7526.38.graphml,38,52,C,repaired,4,5,5,refutation,696,0.004,1,
rome,rome/rome/grafo7525.60.graphml,60,76,C,repaired,4,5,5,refutation,9448,0.036,1,
rome,rome/rome/grafo7527.41.graphml,41,56,C,repaired,5,6,5,bound,146,0.005,1,
rome,rome/rome/grafo753.26.graphml,26,28,C,repaired,3,4,3,bound,29,0.001,1,
rome,rome/rome/grafo7528.66.graphml,66,81,C,repaired,4,7,6,refutation,63836,0.102,1,
rome,rome/rome/grafo752.76.graphml,76,95,C,repaired,5,8,7,refutation,374242,0.387,1,
rome,rome/rome/grafo7531.38.graphml,38,44,C,repaired,3,4,4,refutation,937,0.004,1,
rome,rome/rome/grafo7530.44.graphml,44,59,C,repaired,5,7,6,refutation,7537,0.032,1,
rome,rome/rome/grafo7533.50.graphml,50,66,C,repaired,4,6,5,refutation,2871,0.01,1,
rome,rome/rome/grafo7534.40.graphml,40,54,C,repaired,4,5,4,bound,197,0.002,1,
rome,rome/rome/grafo7532.51.graphml,51,71,C,repaired,5,6,6,refutation,13711,0.022,1,
rome,rome/rome/grafo7535.43.graphml,43,59,C,repaired,4,6,6,refutation,5153,0.023,1,
rome,rome/rome/grafo7537.41.graphml,41,55,C,repaired,5,6,5,bound,267,0.002,1,
rome,rome/rome/grafo7536.60.graphml,60,76,C,repaired,4,5,5,refutation,9448,0.031,1,
rome,rome/rome/grafo7130.90.graphml,90,125,C,repaired,7,10,10,,14626816,10.01,1,
rome,rome/rome/grafo754.16.graphml,16,21,C,repaired,2,3,3,refutation,43,0.001,1,
rome,rome/rome/grafo7539.37.graphml,37,49,C,repaired,5,5,5,bound,0,0.004,1,
rome,rome/rome/grafo7538.63.graphml,63,79,C,repaired,5,7,6,refutation,28143,0.063,1,
rome,rome/rome/grafo7541.40.graphml,40,53,C,repaired,4,5,5,refutation,1448,0.006,1,
rome,rome/rome/grafo7542.40.graphml,40,51,C,repaired,4,5,5,refutation,1949,0.008,1,
rome,rome/rome/grafo7540.46.graphml,46,71,C,repaired,4,6,6,refutation,3678,0.011,1,
rome,rome/rome/grafo7543.43.graphml,43,54,C,repaired,3,4,4,refutation,707,0.004,1,
rome,rome/rome/grafo7545.44.graphml,44,60,C,repaired,4,6,5,refutation,2215,0.007,1,
rome,rome/rome/grafo7544.40.graphml,40,53,C,repaired,4,5,5,refutation,3551,0.013,1,
rome,rome/rome/grafo7547.47.graphml,47,59,C,repaired,4,5,4,bound,89,0.003,1,
rome,rome/rome/grafo7546.42.graphml,42,49,C,repaired,3,5,5,refutation,2833,0.009,1,
rome,rome/rome/grafo7549.38.graphml,38,50,C,repaired,4,5,4,bound,51,0.002,1,
rome,rome/rome/grafo7548.35.graphml,35,42,C,repaired,3,3,3,bound,0,0.001,1,
rome,rome/rome/grafo755.20.graphml,20,21,C,repaired,2,2,2,bound,0,0.001,1,
rome,rome/rome/grafo7418.99.graphml,99,132,C,repaired,6,8,8,refutation,4449314,4.272,1,
rome,rome/rome/grafo7551.39.graphml,39,48,C,repaired,3,5,4,refutation,429,0.003,1,
rome,rome/rome/grafo7552.43.graphml,43,64,C,repaired,5,6,6,refutation,4177,0.014,1,
rome,rome/rome/grafo7550.51.graphml,51,66,C,repaired,4,7,6,refutation,28234,0.055,1,
rome,rome/rome/grafo7553.36.graphml,36,52,C,repaired,4,7,6,refutation,1923,0.006,1,
rome,rome/rome/grafo7554.38.graphml,38,48,C,repaired,3,5,4,refutation,514,0.003,1,
rome,rome/rome/grafo7555.45.graphml,45,58,C,repaired,4,5,5,refutation,1710,0.01,1,
rome,rome/rome/grafo7559.52.graphml,52,67,C,repaired,5,6,5,bound,631,0.004,1,
rome,rome/rome/grafo756.12.graphml,12,11,C,repaired,1,2,2,refutation,12,0.001,1,
rome,rome/rome/grafo7556.54.graphml,54,76,C,repaired,5,7,6,refutation,13452,0.027,1,
rome,rome/rome/grafo7557.48.graphml,48,67,C,repaired,5,7,6,refutation,19146,0.043,1,
rome,rome/rome/grafo7558.45.graphml,45,74,C,repaired,5,7,7,refutation,9319,0.02,1,
rome,rome/rome/grafo7560.35.graphml,35,45,C,repaired,4,5,5,refutation,1636,0.007,1,
rome,rome/rome/grafo7499.92.graphml,92,120,C,repaired,6,9,8,refutation,1888789,1.867,1,
rome,rome/rome/grafo7563.42.graphml,42,58,C,repaired,5,6,6,refutation,5066,0.016,1,
rome,rome/rome/grafo7561.37.graphml,37,49,C,repaired,3,5,4,refutation,554,0.005,1,
rome,rome/rome/grafo7562.51.graphml,51,81,C,repaired,6,8,7,refutation,11360,0.034,1,
rome,rome/rome/grafo7564.57.graphml,57,71,C,repaired,4,6,6,refutation,24141,0.056,1,
rome,rome/rome/grafo7565.57.graphml,57,71,C,repaired,4,6,6,refutation,24141,0.052,1,
rome,rome/rome/grafo7566.47.graphml,47,54,C,repaired,3,5,4,refutation,2211,0.008,1,
rome,rome/rome/grafo7568.38.graphml,38,55,C,repaired,5,6,5,bound,276,0.002,1,
rome,rome/rome/grafo7567.45.graphml,45,59,C,repaired,4,5,5,refutation,2316,0.008,1,
rome,rome/rome/grafo757.16.graphml,16,19,C,repaired,2,2,2,bound,0,0.0,1,
rome,rome/rome/grafo7570.40.graphml,40,52,C,repaired,3,4,4,refutation,248,0.003,1,
rome,rome/rome/grafo7569.39.graphml,39,50,C,repaired,4,5,4,bound,164,0.002,1,
rome,rome/rome/grafo7573.59.graphml,59,75,C,repaired,5,6,5,bound,3294,0.015,1,
rome,rome/rome/grafo7576.38.graphml,38,47,C,repaired,4,5,4,bound,40,0.002,1,
rome,rome/rome/grafo7571.41.graphml,41,61,C,repaired,5,7,6,refutation,3867,0.012,1,
rome,rome/rome/grafo7575.41.graphml,41,55,C,repaired,4,6,6,refutation,6018,0.022,1,
rome,rome/rome/grafo7572.42.graphml,42,50,C,repaired,4,5,5,refutation,4453,0.012,1,
rome,rome/rome/grafo7577.41.graphml,41,54,C,repaired,4,4,4,bound,0,0.001,1,
rome,rome/rome/grafo758.10.graphml,10,10,C,repaired,2,2,2,bound,0,0.0,1,
rome,rome/rome/grafo7578.49.graphml,49,57,C,repaired,4,5,4,bound,135,0.002,1,
rome,rome/rome/grafo7579.58.graphml,58,73,C,repaired,4,6,5,refutation,13787,0.04,1,
rome,rome/rome/grafo7582.45.graphml,45,55,C,repaired,4,5,5,refutation,3076,0.013,1,
rome,rome/rome/grafo7581.39.graphml,39,51,C,repaired,3,5,4,refutation,466,0.002,1,
rome,rome/rome/grafo7583.42.graphml,42,56,C,repaired,4,6,5,refutation,2762,0.012,1,
rome,rome/rome/grafo7584.69.graphml,69,80,C,repaired,4,6,5,refutation,21819,0.05,1,
rome,rome/rome/grafo7585.48.graphml,48,70,C,repaired,5,6,6,refutation,3647,0.017,1,
rome,rome/rome/grafo7586.36.graphml,36,50,C,repaired,4,5,4,bound,29,0.001,1,
rome,rome/rome/grafo7580.79.graphml,79,98,C,repaired,5,7,6,refutation,172261,0.19,1,
rome,rome/rome/grafo7589.47.graphml,47,73,C,repaired,5,6,6,refutation,1629,0.007,1,
rome,rome/rome/grafo759.11.graphml,11,12,C,repaired,2,2,2,bound,0,0.0,1,
rome,rome/rome/grafo7588.42.graphml,42,62,C,repaired,5,7,6,refutation,5660,0.024,1,
rome,rome/rome/grafo7590.43.graphml,43,54,C,repaired,3,4,4,refutation,1048,0.005,1,
rome,rome/rome/grafo7463.84.graphml,84,113,C,repaired,6,9,8,refutation,3719836,3.36,1,
rome,rome/rome/grafo7591.44.graphml,44,61,C,repaired,4,6,5,refutation,1741,0.008,1,
rome,rome/rome/grafo7593.43.graphml,43,60,C,repaired,4,6,5,refutation,1889,0.006,1,
rome,rome/rome/grafo7597.44.graphml,44,61,C,repaired,5,7,6,refutation,5905,0.019,1,
rome,rome/rome/grafo7596.61.graphml,61,85,C,repaired,5,8,7,refutation,45849,0.083,1,
rome,rome/rome/grafo7598.43.graphml,43,57,C,repaired,4,6,4,bound,216,0.003,1,
rome,rome/rome/grafo7595.74.graphml,74,97,C,repaired,4,7,6,refutation,65698,0.101,1,
rome,rome/rome/grafo7167.87.graphml,87,126,C,repaired,6,10,10,,12480512,10.014,1,
rome,rome/rome/grafo7574.86.graphml,86,110,C,repaired,5,7,7,refutation,678501,0.573,1,
rome,rome/rome/grafo760.13.graphml,13,14,C,repaired,2,2,2,bound,0,0.0,1,
rome,rome/rome/grafo7600.40.graphml,40,55,C,repaired,5,6,6,refutation,3769,0.011,1,
rome,rome/rome/grafo7599.40.graphml,40,56,C,repaired,4,7,6,refutation,10587,0.039,1,
rome,rome/rome/grafo7603.45.graphml,45,73,C,repaired,5,8,7,refutation,9952,0.034,1,
rome,rome/rome/grafo7602.42.graphml,42,56,C,repaired,4,6,5,refutation,1420,0.01,1,
rome,rome/rome/grafo7604.45.graphml,45,65,C,repaired,5,7,6,refutation,9834,0.035,1,
rome,rome/rome/grafo7601.48.graphml,48,64,C,repaired,5,7,6,refutation,14233,0.037,1,
rome,rome/rome/grafo7605.44.graphml,44,65,C,repaired,5,7,6,refutation,8321,0.035,1,
rome,rome/rome/grafo7607.42.graphml,42,60,C,repaired,5,7,6,refutation,3829,0.015,1,
rome,rome/rome/grafo7606.51.graphml,51,71,C,repaired,5,7,6,refutation,14904,0.039,1,
rome,rome/rome/grafo7592.59.graphml,59,94,C,repaired,6,9,9,refutation,543145,0.393,1,
rome,rome/rome/grafo7609.42.graphml,42,62,C,repaired,5,6,6,refutation,6118,0.023,1,
rome,rome/rome/grafo761.13.graphml,13,13,C,repaired,2,2,2,bound,0,0.0,1,
rome,rome/rome/grafo7610.42.graphml,42,55,C,repaired,4,5,4,bound,43,0.002,1,
rome,rome/rome/grafo7611.40.graphml,40,54,C,repaired,5,6,6,refutation,4462,0.013,1,
rome,rome/rome/grafo7612.54.graphml,54,78,C,repaired,5,6,6,refutation,9864,0.033,1,
rome,rome/rome/grafo7614.42.graphml,42,57,C,repaired,4,6,6,refutation,7300,0.028,1,
rome,rome/rome/grafo7613.54.graphml,54,78,C,repaired,5,6,6,refutation,9864,0.045,1,
rome,rome/rome/grafo7615.37.graphml,37,44,C,repaired,3,4,4,refutation,574,0.005,1,
rome,rome/rome/grafo7616.43.graphml,43,64,C,repaired,4,7,6,refutation,3739,0.014,1,
rome,rome/rome/grafo7619.44.graphml,44,68,C,repaired,5,7,6,refutation,7565,0.022,1,
rome,rome/rome/grafo7617.54.graphml,54,81,C,repaired,5,7,7,refutation,38740,0.072,1,
rome,rome/rome/grafo7618.54.graphml,54,81,C,repaired,5,7,7,refutation,38740,0.076,1,
rome,rome/rome/grafo762.27.graphml,27,31,C,repaired,3,4,3,bound,26,0.002,1,
rome,rome/rome/grafo7620.37.graphml,37,46,C,repaired,3,5,4,refutation,709,0.004,1,
rome,rome/rome/grafo7621.44.graphml,44,65,C,repaired,4,6,5,refutation,2210,0.009,1,
rome,rome/rome/grafo7622.45.graphml,45,62,C,repaired,4,6,5,refutation,2663,0.013,1,
rome,rome/rome/grafo7624.41.graphml,41,54,C,repaired,4,5,4,bound,32,0.002,1,
rome,rome/rome/grafo7623.45.graphml,45,62,C,repaired,4,6,6,refutation,7058,0.024,1,
rome,rome/rome/grafo7625.47.graphml,47,67,C,repaired,5,6,6,refutation,12046,0.038,1,
rome,rome/rome/grafo7626.38.graphml,38,41,C,repaired,2,4,3,refutation,410,0.003,1,
rome,rome/rome/grafo7628.47.graphml,47,66,C,repaired,5,6,6,refutation,4522,0.021,1,
rome,rome/rome/grafo763.18.graphml,18,23,C,repaired,3,3,3,bound,0,0.0,1,
rome,rome/rome/grafo7629.42.graphml,42,65,C,repaired,5,7,6,refutation,4691,0.017,1,
rome,rome/rome/grafo7630.39.graphml,39,46,C,repaired,3,5,4,refutation,960,0.005,1,
rome,rome/rome/grafo7631.39.graphml,39,44,C,repaired,2,3,3,refutation,176,0.002,1,
rome,rome/rome/grafo7632.46.graphml,46,68,C,repaired,5,6,6,refutation,5933,0.018,1,
rome,rome/rome/grafo7633.43.graphml,43,58,C,repaired,4,6,5,refutation,2472,0.01,1,
rome,rome/rome/grafo7635.41.graphml,41,53,C,repaired,4,6,6,refutation,5398,0.021,1,
rome,rome/rome/grafo7636.43.graphml,43,59,C,repaired,4,6,5,refutation,3688,0.015,1,
rome,rome/rome/grafo7627.57.graphml,57,85,C,repaired,6,8,8,refutation,232662,0.211,1,
rome,rome/rome/grafo7638.41.graphml,41,54,C,repaired,4,5,4,bound,134,0.002,1,
rome,rome/rome/grafo7639.40.graphml,40,54,C,repaired,4,6,5,refutation,1126,0.004,1,
rome,rome/rome/grafo764.23.graphml,23,26,C,repaired,3,3,3,bound,0,0.001,1,
rome,rome/rome/grafo7634.56.graphml,56,86,C,repaired,5,9,8,refutation,157308,0.166,1,
rome,rome/rome/grafo7642.42.graphml,42,62,C,repaired,4,6,6,refutation,2643,0.015,1,
rome,rome/rome/grafo7640.45.graphml,45,65,C,repaired,5,7,7,refutation,16866,0.042,1,
rome,rome/rome/grafo7641.39.graphml,39,58,C,repaired,5,7,6,refutation,4119,0.016,1,
rome,rome/rome/grafo7608.88.graphml,88,114,C,repaired,5,8,7,refutation,848488,0.798,1,
rome,rome/rome/grafo7645.37.graphml,37,51,C,repaired,5,6,6,refutation,2481,0.008,1,
rome,rome/rome/grafo7647.42.graphml,42,46,C,repaired,3,4,3,bound,44,0.002,1,
rome,rome/rome/grafo7644.47.graphml,47,75,C,repaired,6,9,8,refutation,26687,0.061,1,
rome,rome/rome/grafo7646.50.graphml,50,62,C,repaired,4,6,5,refutation,7166,0.014,1,
rome,rome/rome/grafo7643.61.graphml,61,85,C,repaired,6,8,7,refutation,65735,0.124,1,
rome,rome/rome/grafo765.37.graphml,37,47,C,repaired,3,4,3,bound,188,0.002,1,
rome,rome/rome/grafo7650.37.graphml,37,52,C,repaired,4,5,5,refutation,710,0.003,1,
rome,rome/rome/grafo7648.58.graphml,58,85,C,repaired,5,7,7,refutation,33466,0.066,1,
rome,rome/rome/grafo7649.58.graphml,58,85,C,repaired,5,7,7,refutation,33466,0.067,1,
rome,rome/rome/grafo7652.40.graphml,40,55,C,repaired,4,6,5,refutation,1486,0.006,1,
rome,rome/rome/grafo7653.39.graphml,39,49,C,repaired,3,4,4,refutation,784,0.003,1,
rome,rome/rome/grafo7651.42.graphml,42,54,C,repaired,4,6,5,refutation,2522,0.013,1,
rome,rome/rome/grafo7654.45.graphml,45,59,C,repaired,4,6,6,refutation,11771,0.035,1,
rome,rome/rome/grafo7656.40.graphml,40,58,C,repaired,4,5,5,refutation,1127,0.005,1,
rome,rome/rome/grafo7657.41.graphml,41,55,C,repaired,4,6,6,refutation,5366,0.013,1,
rome,rome/rome/grafo7655.49.graphml,49,65,C,repaired,4,6,5,refutation,4956,0.021,1,
rome,rome/rome/grafo766.12.graphml,12,12,C,repaired,2,2,2,bound,0,0.0,1,
rome,rome/rome/grafo7659.34.graphml,34,47,C,repaired,4,5,5,refutation,1017,0.006,1,
rome,rome/rome/grafo7658.44.graphml,44,61,C,repaired,4,6,5,refutation,2791,0.012,1,
rome,rome/rome/grafo7662.38.graphml,38,48,C,repaired,3,4,4,refutation,737,0.003,1,
rome,rome/rome/grafo7660.59.graphml,59,81,C,repaired,5,7,6,refutation,25872,0.058,1,
rome,rome/rome/grafo7661.42.graphml,42,60,C,repaired,5,7,7,refutation,22603,0.051,1,
rome,rome/rome/grafo7665.42.graphml,42,67,C,repaired,5,8,7,refutation,9537,0.033,1,
rome,rome/rome/grafo7663.45.graphml,45,72,C,repaired,6,7,7,refutation,11148,0.04,1,
rome,rome/rome/grafo7221.99.graphml,99,141,C,repaired,7,11,11,,13004800,10.012,1,
rome,rome/rome/grafo7664.56.graphml,56,74,C,repaired,5,7,7,refutation,75893,0.103,1,
rome,rome/rome/grafo7666.42.graphml,42,63,C,repaired,5,7,7,refutation,9265,0.034,1,
rome,rome/rome/grafo7223.40.graphml,110,134,C,repaired,5,9,8,,13000947,10.011,6,
rome,rome/rome/grafo7667.47.graphml,47,62,C,repaired,4,6,5,refutation,4291,0.018,1,
rome,rome/rome/grafo7668.43.graphml,43,57,C,repaired,4,6,5,refutation,2617,0.012,1,
rome,rome/rome/grafo767.22.graphml,22,22,C,repaired,2,2,2,bound,0,0.003,1,
rome,rome/rome/grafo7670.40.graphml,40,56,C,repaired,4,6,5,refutation,895,0.003,1,
rome,rome/rome/grafo7673.46.graphml,46,56,C,repaired,3,4,3,bound,79,0.002,1,
rome,rome/rome/grafo7669.56.graphml,56,73,C,repaired,5,7,6,refutation,8883,0.036,1,
rome,rome/rome/grafo7672.37.graphml,37,46,C,repaired,3,4,4,refutation,530,0.003,1,
rome,rome/rome/grafo7675.39.graphml,39,47,C,repaired,3,3,3,bound,0,0.001,1,
rome,rome/rome/grafo7678.52.graphml,52,58,C,repaired,3,5,4,refutation,2972,0.012,1,
rome,rome/rome/grafo7679.41.graphml,41,51,C,repaired,4,6,5,refutation,2160,0.009,1,
rome,rome/rome/grafo7676.45.graphml,45,61,C,repaired,5,7,6,refutation,12223,0.037,1,
rome,rome/rome/grafo7677.43.graphml,43,57,C,repaired,4,5,5,refutation,3280,0.013,1,
rome,rome/rome/grafo768.28.graphml,28,31,C,repaired,3,4,3,bound,76,0.001,1,
rome,rome/rome/grafo7680.40.graphml,40,55,C,repaired,4,5,5,refutation,2343,0.01,1,
rome,rome/rome/grafo7681.40.graphml,40,54,C,repaired,4,7,6,refutation,3509,0.014,1,
rome,rome/rome/grafo7682.50.graphml,50,67,C,repaired,4,6,5,refutation,3301,0.017,1,
rome,rome/rome/grafo7683.38.graphml,38,58,C,repaired,5,6,5,bound,59,0.004,1,
rome,rome/rome/grafo7685.40.graphml,40,63,C,repaired,5,7,6,refutation,2750,0.011,1,
rome,rome/rome/grafo7684.38.graphml,38,54,C,repaired,4,6,5,refutation,1798,0.004,1,
rome,rome/rome/grafo7686.41.graphml,41,57,C,repaired,4,5,5,refutation,724,0.005,1,
rome,rome/rome/grafo7689.37.graphml,37,44,C,repaired,3,3,3,bound,0,0.001,1,
rome,rome/rome/grafo7688.53.graphml,53,65,C,repaired,3,4,4,refutation,998,0.005,1,
rome,rome/rome/grafo7690.44.graphml,44,59,C,repaired,4,5,5,refutation,2093,0.008,1,
rome,rome/rome/grafo7687.53.graphml,53,65,C,repaired,3,4,4,refutation,998,0.008,1,
rome,rome/rome/grafo769.14.graphml,14,13,C,repaired,1,2,2,refutation,15,0.0,1,
rome,rome/rome/grafo7692.42.graphml,42,54,C,repaired,4,5,4,bound,62,0.005,1,
rome,rome/rome/grafo7694.39.graphml,39,46,C,repaired,3,4,4,refutation,850,0.004,1,
rome,rome/rome/grafo7693.52.graphml,52,74,C,repaired,4,7,7,refutation,29761,0.055,1,
rome,rome/rome/grafo7695.56.graphml,56,79,C,repaired,5,7,6,refutation,13346,0.044,1,
rome,rome/rome/grafo7698.40.graphml,40,47,C,repaired,4,5,4,bound,47,0.001,1,
rome,rome/rome/grafo7697.45.graphml,45,65,C,repaired,5,7,6,refutation,14471,0.039,1,
rome,rome/rome/grafo7699.39.graphml,39,50,C,repaired,4,6,5,refutation,3161,0.013,1,
rome,rome/rome/grafo770.12.graphml,12,12,C,repaired,2,2,2,bound,0,0.0,1,
rome,rome/rome/grafo7700.43.graphml,43,59,C,repaired,4,6,5,refutation,4761,0.025,1,
rome,rome/rome/grafo7701.43.graphml,43,64,C,repaired,5,7,6,refutation,3639,0.017,1,
rome,rome/rome/grafo7691.71.graphml,71,95,C,repaired,5,7,7,refutation,263594,0.266,1,
rome,rome/rome/grafo7702.48.graphml,48,69,C,repaired,5,8,7,refutation,18683,0.042,1,
rome,rome/rome/grafo7671.86.graphml,86,110,C,repaired,5,7,7,refutation,744725,0.625,1,
rome,rome/rome/grafo7704.42.graphml,42,51,C,repaired,4,4,4,bound,0,0.001,1,
rome,rome/rome/grafo7706.40.graphml,40,51,C,repaired,4,5,4,bound,39,0.002,1,
rome,rome/rome/grafo7705.42.graphml,42,52,C,repaired,3,5,4,refutation,885,0.004,1,
rome,rome/rome/grafo7707.44.graphml,44,63,C,repaired,4,5,5,refutation,2939,0.012,1,
rome,rome/rome/grafo7708.43.graphml,43,57,C,repaired,3,6,5,refutation,3110,0.011,1,
rome,rome/rome/grafo7709.42.graphml,42,58,C,repaired,4,6,5,refutation,1196,0.006,1,
rome,rome/rome/grafo771.19.graphml,19,18,C,repaired,1,2,2,refutation,22,0.001,1,
rome,rome/rome/grafo7263.99.graphml,99,136,C,repaired,6,10,9,,15612976,10.012,1,
rome,rome/rome/grafo7712.50.graphml,50,67,C,repaired,4,6,5,refutation,3077,0.01,1,
rome,rome/rome/grafo7710.37.graphml,37,48,C,repaired,3,4,4,refutation,362,0.002,1,
rome,rome/rome/grafo7711.45.graphml,45,53,C,repaired,3,4,4,refutation,1737,0.006,1,
rome,rome/rome/grafo7713.46.graphml,46,67,C,repaired,5,7,6,refutation,10238,0.02,1,
rome,rome/rome/grafo7714.44.graphml,44,72,C,repaired,5,7,7,refutation,6950,0.024,1,
rome,rome/rome/grafo7715.40.graphml,40,56,C,repaired,4,5,5,refutation,1595,0.006,1,
rome,rome/rome/grafo7696.61.graphml,61,88,C,repaired,5,8,8,refutation,494955,0.413,1,
rome,rome/rome/grafo7716.39.graphml,39,49,C,repaired,3,5,4,refutation,722,0.006,1,
rome,rome/rome/grafo7717.42.graphml,42,49,C,repaired,3,4,3,bound,98,0.002,1,
rome,rome/rome/grafo7718.40.graphml,40,52,C,repaired,4,6,5,refutation,2292,0.007,1,
rome,rome/rome/grafo7719.42.graphml,42,60,C,repaired,5,6,6,refutation,7408,0.022,1,
rome,rome/rome/grafo7722.43.graphml,43,56,C,repaired,4,6,5,refutation,1685,0.007,1,
rome,rome/rome/grafo772.11.graphml,11,13,C,repaired,2,3,2,bound,14,0.0,1,
rome,rome/rome/grafo7720.44.graphml,44,61,C,repaired,4,6,6,refutation,7758,0.029,1,
rome,rome/rome/grafo7721.52.graphml,52,71,C,repaired,4,6,6,refutation,10210,0.033,1,
rome,rome/rome/grafo7723.54.graphml,54,73,C,repaired,4,7,6,refutation,17520,0.044,1,
rome,rome/rome/grafo7594.88.graphml,88,120,C,repaired,6,9,8,refutation,2941938,2.669,1,
rome,rome/rome/grafo7725.41.graphml,41,57,C,repaired,4,6,5,refutation,1693,0.006,1,
rome,rome/rome/grafo7726.46.graphml,46,64,C,repaired,4,6,5,refutation,1766,0.009,1,
rome,rome/rome/grafo7727.42.graphml,42,55,C,repaired,4,5,4,bound,662,0.003,1,
rome,rome/rome/grafo7724.54.graphml,54,73,C,repaired,4,7,6,refutation,17520,0.046,1,
rome,rome/rome/grafo7728.49.graphml,49,62,C,repaired,4,6,5,refutation,3483,0.014,1,
rome,rome/rome/grafo7729.44.graphml,44,52,C,repaired,3,4,4,refutation,966,0.006,1,
rome,rome/rome/grafo7732.42.graphml,42,53,C,repaired,4,6,5,refutation,1657,0.007,1,
rome,rome/rome/grafo773.12.graphml,12,14,C,repaired,3,3,3,bound,0,0.0,1,
rome,rome/rome/grafo7731.56.graphml,56,70,C,repaired,4,5,5,refutation,6190,0.034,1,
rome,rome/rome/grafo7730.51.graphml,51,67,C,repaired,4,6,5,refutation,6372,0.014,1,
rome,rome/rome/grafo7733.46.graphml,46,56,C,repaired,3,5,4,refutation,1228,0.006,1,
rome,rome/rome/grafo7703.84.graphml,84,109,C,repaired,5,8,7,refutation,463358,0.537,1,
rome,rome/rome/grafo7734.45.graphml,45,55,C,repaired,4,5,5,refutation,2924,0.009,1,
rome,rome/rome/grafo7735.46.graphml,46,60,C,repaired,4,6,6,refutation,6747,0.018,1,
rome,rome/rome/grafo774.17.graphml,17,18,C,repaired,2,3,2,bound,15,0.0,1,
rome,rome/rome/grafo7740.38.graphml,38,42,C,repaired,3,3,3,bound,0,0.001,1,
rome,rome/rome/grafo7739.40.graphml,40,44,C,repaired,3,5,4,refutation,2324,0.007,1,
rome,rome/rome/grafo7737.56.graphml,56,79,C,repaired,4,6,6,refutation,10772,0.038,1,
rome,rome/rome/grafo7738.56.graphml,56,79,C,repaired,4,6,6,refutation,10772,0.036,1,
rome,rome/rome/grafo7741.52.graphml,52,63,C,repaired,4,6,5,refutation,7867,0.027,1,
rome,rome/rome/grafo7736.45.graphml,45,70,C,repaired,5,8,8,refutation,63955,0.098,1,
rome,rome/rome/grafo7742.46.graphml,46,58,C,repaired,4,6,5,refutation,3739,0.017,1,
rome,rome/rome/grafo7743.37.graphml,37,55,C,repaired,5,6,5,bound,102,0.002,1,
rome,rome/rome/grafo7745.38.graphml,38,46,C,repaired,4,4,4,bound,0,0.002,1,
rome,rome/rome/grafo7747.40.graphml,40,48,C,repaired,3,4,4,refutation,991,0.004,1,
rome,rome/rome/grafo7746.43.graphml,43,59,C,repaired,4,6,5,refutation,3622,0.017,1,
rome,rome/rome/grafo7744.42.graphml,42,52,C,repaired,3,4,4,refutation,522,0.002,1,
rome,rome/rome/grafo7748.51.graphml,51,65,C,repaired,4,6,5,refutation,5375,0.02,1,
rome,rome/rome/grafo7749.41.graphml,41,48,C,repaired,3,5,4,refutation,1269,0.006,1,
rome,rome/rome/grafo775.17.graphml,17,23,C,repaired,3,3,3,bound,0,0.0,1,
rome,rome/rome/grafo7752.56.graphml,56,69,C,repaired,4,5,4,bound,181,0.002,1,
rome,rome/rome/grafo7750.48.graphml,48,68,C,repaired,4,6,5,refutation,3651,0.016,1,
rome,rome/rome/grafo7751.44.graphml,44,58,C,repaired,4,5,5,refutation,3279,0.014,1,
rome,rome/rome/grafo7755.40.graphml,40,57,C,repaired,4,6,5,refutation,1369,0.013,1,
rome,rome/rome/grafo7756.44.graphml,44,62,C,repaired,4,5,5,refutation,1256,0.015,1,
rome,rome/rome/grafo7753.40.graphml,40,59,C,repaired,5,7,7,refutation,36103,0.058,1,
rome,rome/rome/grafo7757.56.graphml,56,64,C,repaired,3,5,4,refutation,2840,0.011,1,
rome,rome/rome/grafo7754.49.graphml,49,68,C,repaired,4,6,6,refutation,10685,0.021,1,
rome,rome/rome/grafo7761.44.graphml,44,55,C,repaired,4,4,4,bound,0,0.001,1,
rome,rome/rome/grafo7759.56.graphml,56,64,C,repaired,3,5,4,refutation,2840,0.013,1,
rome,rome/rome/grafo7760.46.graphml,46,57,C,repaired,3,4,4,refutation,623,0.004,1,
rome,rome/rome/grafo7762.46.graphml,46,55,C,repaired,3,5,5,refutation,3414,0.011,1,
rome,rome/rome/grafo776.36.graphml,36,52,C,repaired,4,5,5,refutation,666,0.002,1,
rome,rome/rome/grafo7766.40.graphml,40,50,C,repaired,4,5,5,refutation,1650,0.007,1,
rome,rome/rome/grafo7767.40.graphml,40,54,C,repaired,4,5,5,refutation,1505,0.008,1,
rome,rome/rome/grafo7768.42.graphml,42,53,C,repaired,3,4,4,refutation,471,0.004,1,
rome,rome/rome/grafo7763.57.graphml,57,83,C,repaired,5,7,7,refutation,46838,0.071,1,
rome,rome/rome/grafo7637.99.graphml,99,128,C,repaired,6,8,8,refutation,2348139,2.35,1,
rome,rome/rome/grafo7764.57.graphml,57,83,C,repaired,5,7,7,refutation,46838,0.076,1,
rome,rome/rome/grafo777.14.graphml,14,14,C,repaired,2,2,2,bound,0,0.0,1,
rome,rome/rome/grafo7769.56.graphml,56,75,C,repaired,4,6,5,refutation,5577,0.035,1,
rome,rome/rome/grafo7770.57.graphml,57,69,C,repaired,3,5,5,refutation,11679,0.037,1,
rome,rome/rome/grafo7765.78.graphml,78,99,C,repaired,5,7,6,refutation,67376,0.095,1,
rome,rome/rome/grafo7772.62.graphml,62,79,C,repaired,4,6,5,refutation,5975,0.024,1,
rome,rome/rome/grafo7758.53.graphml,53,77,C,repaired,6,8,8,refutation,124882,0.179,1,
rome,rome/rome/grafo778.15.graphml,15,17,C,repaired,3,3,3,bound,0,0.001,1,
rome,rome/rome/grafo7779.70.graphml,70,90,C,repaired,4,6,5,refutation,24242,0.046,1,
rome,rome/rome/grafo7778.88.graphml,88,110,C,repaired,5,8,7,refutation,475913,0.454,1,
rome,rome/rome/grafo7774.81.graphml,81,104,C,repaired,5,8,7,refutation,516550,0.514,1,
rome,rome/rome/grafo7354.93.graphml,93,130,C,repaired,7,10,9,,12735894,10.009,1,
rome,rome/rome/grafo7777.87.graphml,87,111,C,repaired,5,7,7,refutation,589328,0.577,1,
rome,rome/rome/grafo7773.82.graphml,82,114,C,repaired,5,8,8,refutation,732884,0.632,1,
rome,rome/rome/grafo7786.69.graphml,69,93,C,repaired,4,6,6,refutation,29591,0.059,1,
rome,rome/rome/grafo7783.84.graphml,84,105,C,repaired,5,7,6,refutation,129643,0.166,1,
rome,rome/rome/grafo7782.81.graphml,81,102,C,repaired,5,6,6,refutation,188643,0.204,1,
rome,rome/rome/grafo7784.66.graphml,66,85,C,repaired,5,7,6,refutation,150894,0.172,1,
rome,rome/rome/grafo7787.71.graphml,71,87,C,repaired,4,6,5,refutation,8239,0.03,1,
rome,rome/rome/grafo779.13.graphml,13,15,C,repaired,2,2,2,bound,0,0.0,1,
rome,rome/rome/grafo7776.78.graphml,78,109,C,repaired,6,9,8,refutation,1111662,0.955,1,
rome,rome/rome/grafo7791.62.graphml,62,83,C,repaired,5,7,7,refutation,68346,0.103,1,
rome,rome/rome/grafo7789.62.graphml,62,87,C,repaired,6,8,8,refutation,355240,0.304,1,
rome,rome/rome/grafo7790.67.graphml,67,94,C,repaired,5,8,8,refutation,493785,0.37,1,
rome,rome/rome/grafo7795.70.graphml,70,93,C,repaired,5,7,7,refutation,152133,0.182,1,
rome,rome/rome/grafo7417.39.graphml,104,137,C,repaired,5,10,9,,12591445,10.01,1,
rome,rome/rome/grafo7798.74.graphml,74,99,C,repaired,5,8,7,refutation,185505,0.194,1,
rome,rome/rome/grafo7781.93.graphml,93,119,C,repaired,6,8,7,refutation,2025475,1.805,1,
rome,rome/rome/grafo7771.95.graphml,95,132,C,repaired,5,8,8,refutation,2119760,2.065,1,
rome,rome/rome/grafo780.15.graphml,15,17,C,repaired,2,2,2,bound,0,0.001,1,
rome,rome/rome/grafo7799.69.graphml,69,93,C,repaired,6,8,7,refutation,254194,0.233,1,
rome,rome/rome/grafo7801.70.graphml,70,88,C,repaired,5,6,6,refutation,59426,0.096,1,
rome,rome/rome/grafo7800.61.graphml,61,84,C,repaired,5,7,7,refutation,103609,0.128,1,
rome,rome/rome/grafo7802.71.graphml,71,92,C,repaired,5,7,6,refutation,53745,0.092,1,
rome,rome/rome/grafo7447.98.graphml,98,129,C,repaired,6,10,10,,11890688,10.009,1,
rome,rome/rome/grafo7806.63.graphml,63,83,C,repaired,5,7,5,bound,7855,0.032,1,
rome,rome/rome/grafo7805.59.graphml,59,76,C,repaired,5,7,7,refutation,123082,0.142,1,
rome,rome/rome/grafo7807.76.graphml,76,96,C,repaired,5,7,6,refutation,61031,0.103,1,
rome,rome/rome/grafo7808.69.graphml,69,88,C,repaired,4,6,6,refutation,46776,0.086,1,
rome,rome/rome/grafo781.12.graphml,12,12,C,repaired,2,2,2,bound,0,0.0,1,
rome,rome/rome/grafo7809.71.graphml,71,84,C,repaired,3,6,5,refutation,16973,0.045,1,
rome,rome/rome/grafo7804.77.graphml,77,95,C,repaired,4,7,7,refutation,681488,0.542,1,
rome,rome/rome/grafo7810.71.graphml,71,92,C,repaired,5,7,7,refutation,190395,0.157,1,
rome,rome/rome/grafo7812.72.graphml,72,102,C,repaired,5,7,7,refutation,43779,0.088,1,
rome,rome/rome/grafo7813.62.graphml,62,81,C,repaired,5,7,6,refutation,34997,0.069,1,
rome,rome/rome/grafo7785.100.graphml,100,136,C,repaired,6,8,8,refutation,2758867,2.413,1,
rome,rome/rome/grafo7814.61.graphml,61,90,C,repaired,6,8,7,refutation,59011,0.096,1,
rome,rome/rome/grafo7788.84.graphml,84,116,C,repaired,5,9,8,refutation,3080129,2.45,1,
rome,rome/rome/grafo7811.70.graphml,70,97,C,repaired,6,8,8,refutation,592209,0.526,1,
rome,rome/rome/grafo7816.67.graphml,67,98,C,repaired,5,8,7,refutation,176938,0.176,1,
rome,rome/rome/grafo7817.66.graphml,66,94,C,repaired,5,8,8,refutation,255791,0.236,1,
rome,rome/rome/grafo782.10.graphml,10,9,C,repaired,1,2,2,refutation,10,0.001,1,
rome,rome/rome/grafo7820.71.graphml,71,95,C,repaired,5,8,7,refutation,129305,0.144,1,
rome,rome/rome/grafo7821.76.graphml,76,100,C,repaired,5,8,7,refutation,356196,0.323,1,
rome,rome/rome/grafo7803.75.graphml,75,106,C,repaired,6,9,9,refutation,2023091,1.754,1,
rome,rome/rome/grafo7815.80.graphml,80,121,C,repaired,7,10,9,refutation,1998441,1.393,1,
rome,rome/rome/grafo7824.85.graphml,85,126,C,repaired,7,9,8,refutation,713270,0.679,1,
rome,rome/rome/grafo7823.80.graphml,80,113,C,repaired,6,9,8,refutation,955853,0.878,1,
rome,rome/rome/grafo7825.74.graphml,74,105,C,repaired,6,8,8,refutation,599025,0.421,1,
rome,rome/rome/grafo7826.87.graphml,87,120,C,repaired,5,7,6,refutation,166663,0.233,1,
rome,rome/rome/grafo7524.90.graphml,90,113,C,repaired,5,9,8,,14324142,10.014,1,
rome,rome/rome/grafo7775.77.graphml,77,109,C,repaired,6,9,9,refutation,6786352,5.163,1,
rome,rome/rome/grafo7828.68.graphml,68,92,C,repaired,5,7,6,refutation,117722,0.182,1,
rome,rome/rome/grafo783.15.graphml,15,20,C,repaired,3,3,3,bound,0,0.0,1,
rome,rome/rome/grafo7529.93.graphml,93,131,C,repaired,6,10,9,,16023786,10.012,1,
rome,rome/rome/grafo7832.69.graphml,69,91,C,repaired,5,7,7,refutation,83152,0.129,1,
rome,rome/rome/grafo7830.67.graphml,67,95,C,repaired,6,9,8,refutation,159904,0.17,1,
rome,rome/rome/grafo7831.71.graphml,71,94,C,repaired,5,8,7,refutation,174555,0.21,1,
rome,rome/rome/grafo7835.61.graphml,61,82,C,repaired,5,7,7,refutation,140437,0.138,1,
rome,rome/rome/grafo7829.77.graphml,77,109,C,repaired,6,8,8,refutation,658380,0.614,1,
rome,rome/rome/grafo7833.72.graphml,72,105,C,repaired,6,9,8,refutation,481678,0.499,1,
rome,rome/rome/grafo7827.77.graphml,77,107,C,repaired,6,9,8,refutation,1443924,1.085,1,
rome,rome/rome/grafo7836.79.graphml,79,111,C,repaired,6,9,8,refutation,519183,0.444,1,
rome,rome/rome/grafo784.18.graphml,18,23,C,repaired,3,3,3,bound,0,0.001,1,
rome,rome/rome/grafo7838.67.graphml,67,92,C,repaired,5,9,8,refutation,304689,0.273,1,
rome,rome/rome/grafo7842.68.graphml,68,93,C,repaired,5,7,7,refutation,374049,0.259,1,
rome,rome/rome/grafo7837.76.graphml,76,102,C,repaired,5,8,8,refutation,909597,0.721,1,
rome,rome/rome/grafo7587.95.graphml,95,127,C,repaired,6,9,9,,15474688,10.006,1,
rome,rome/rome/grafo7819.87.graphml,87,114,C,repaired,5,8,8,refutation,4248086,3.281,1,
rome,rome/rome/grafo7840.78.graphml,78,111,C,repaired,5,8,8,refutation,831992,0.666,1,
rome,rome/rome/grafo7841.83.graphml,83,107,C,repaired,5,7,7,refutation,937081,0.824,1,
rome,rome/rome/grafo7843.81.graphml,81,107,C,repaired,5,8,8,refutation,710926,0.591,1,
rome,rome/rome/grafo7834.78.graphml,78,104,C,repaired,5,8,8,refutation,1815359,1.548,1,
rome,rome/rome/grafo7848.68.graphml,68,88,C,repaired,5,7,6,refutation,68176,0.104,1,
rome,rome/rome/grafo785.16.graphml,16,16,C,repaired,2,2,2,bound,0,0.0,1,
rome,rome/rome/grafo7850.66.graphml,66,83,C,repaired,5,6,5,bound,1764,0.011,1,
rome,rome/rome/grafo7846.76.graphml,76,113,C,repaired,6,8,8,refutation,392853,0.404,1,
rome,rome/rome/grafo7845.81.graphml,81,114,C,repaired,6,9,8,refutation,518890,0.508,1,
rome,rome/rome/grafo7844.77.graphml,77,101,C,repaired,5,8,8,refutation,839450,0.704,1,
rome,rome/rome/grafo7852.62.graphml,62,82,C,repaired,5,7,7,refutation,174855,0.175,1,
rome,rome/rome/grafo7855.69.graphml,69,84,C,repaired,5,7,6,refutation,64806,0.097,1,
rome,rome/rome/grafo7851.77.graphml,77,100,C,repaired,5,7,7,refutation,272113,0.27,1,
rome,rome/rome/grafo7839.80.graphml,80,120,C,repaired,6,10,9,refutation,1636044,1.507,1,
rome,rome/rome/grafo7859.69.graphml,69,88,C,repaired,5,7,6,refutation,35163,0.073,1,
rome,rome/rome/grafo786.20.graphml,20,23,C,repaired,2,3,3,refutation,55,0.001,1,
rome,rome/rome/grafo7854.77.graphml,77,110,C,repaired,6,9,8,refutation,560089,0.455,1,
rome,rome/rome/grafo7856.80.graphml,80,117,C,repaired,6,9,8,refutation,789532,0.616,1,
rome,rome/rome/grafo7674.93.graphml,93,129,C,repaired,6,10,9,,13951154,10.013,1,
rome,rome/rome/grafo7857.90.graphml,90,120,C,repaired,6,9,8,refutation,1150249,1.121,1,
rome,rome/rome/grafo7853.76.graphml,76,100,C,repaired,5,9,8,refutation,1638390,1.473,1,
rome,rome/rome/grafo7860.82.graphml,82,113,C,repaired,6,9,8,refutation,1355733,1.025,1,
rome,rome/rome/grafo7866.69.graphml,69,86,C,repaired,5,6,6,refutation,24900,0.059,1,
rome,rome/rome/grafo7867.60.graphml,60,73,C,repaired,5,6,5,bound,87,0.005,1,
rome,rome/rome/grafo7863.67.graphml,67,92,C,repaired,5,8,8,refutation,640670,0.474,1,
rome,rome/rome/grafo7868.77.graphml,77,99,C,repaired,5,8,7,refutation,333187,0.314,1,
rome,rome/rome/grafo787.15.graphml,15,18,C,repaired,3,3,3,bound,0,0.001,1,
rome,rome/rome/grafo7862.80.graphml,80,104,C,repaired,5,9,8,refutation,1468241,1.313,1,
rome,rome/rome/grafo7858.83.graphml,83,121,C,repaired,6,10,9,refutation,2247340,1.925,1,
rome,rome/rome/grafo7869.69.graphml,69,100,C,repaired,6,9,8,refutation,361801,0.346,1,
rome,rome/rome/grafo7870.61.graphml,61,79,C,repaired,5,7,6,refutation,64754,0.114,1,
rome,rome/rome/grafo7865.72.graphml,72,102,C,repaired,6,8,8,refutation,810256,0.691,1,
rome,rome/rome/grafo7874.70.graphml,70,103,C,repaired,5,7,6,refutation,55749,0.096,1,
rome,rome/rome/grafo7864.75.graphml,75,103,C,repaired,6,9,8,refutation,1331961,1.006,1,
rome,rome/rome/grafo7873.72.graphml,72,100,C,repaired,6,8,7,refutation,159260,0.187,1,
rome,rome/rome/grafo7872.63.graphml,63,90,C,repaired,6,8,8,refutation,174632,0.177,1,
rome,rome/rome/grafo7875.62.graphml,62,100,C,repaired,6,9,9,refutation,169251,0.153,1,
rome,rome/rome/grafo788.16.graphml,16,25,C,repaired,4,5,5,refutation,90,0.001,1,
rome,rome/rome/grafo7877.70.graphml,70,92,C,repaired,5,7,6,refutation,56234,0.101,1,
rome,rome/rome/grafo7871.77.graphml,77,112,C,repaired,6,9,8,refutation,482914,0.486,1,
rome,rome/rome/grafo7880.62.graphml,62,80,C,repaired,4,6,6,refutation,42231,0.078,1,
rome,rome/rome/grafo7881.61.graphml,61,74,C,repaired,4,6,5,refutation,9365,0.019,1,
rome,rome/rome/grafo7882.67.graphml,67,81,C,repaired,4,5,5,refutation,12582,0.036,1,
rome,rome/rome/grafo7883.65.graphml,65,88,C,repaired,5,7,7,refutation,73686,0.112,1,
rome,rome/rome/grafo7780.90.graphml,90,128,C,repaired,6,12,11,,12938145,10.01,1,
rome,rome/rome/grafo7849.77.graphml,77,113,C,repaired,6,10,10,refutation,4160555,3.225,1,
rome,rome/rome/grafo7876.79.graphml,79,109,C,repaired,5,8,8,refutation,718329,0.661,1,
rome,rome/rome/grafo7886.80.graphml,80,101,C,repaired,4,7,6,refutation,227449,0.223,1,
rome,rome/rome/grafo789.24.graphml,24,30,C,repaired,3,4,3,bound,30,0.001,1,
rome,rome/rome/grafo7887.68.graphml,68,96,C,repaired,5,7,7,refutation,126193,0.161,1,
rome,rome/rome/grafo7890.67.graphml,67,76,C,repaired,4,6,4,bound,6097,0.029,1,
rome,rome/rome/grafo7888.77.graphml,77,106,C,repaired,5,8,7,refutation,190971,0.254,1,
rome,rome/rome/grafo7889.71.graphml,71,102,C,repaired,6,8,8,refutation,301827,0.274,1,
rome,rome/rome/grafo7792.96.graphml,96,123,C,repaired,5,8,8,refutation,13262825,9.617,1,
rome,rome/rome/grafo7894.68.graphml,68,94,C,repaired,6,8,7,refutation,111957,0.136,1,
rome,rome/rome/grafo7878.79.graphml,79,108,C,repaired,6,8,8,refutation,1310971,1.178,1,
rome,rome/rome/grafo7895.77.graphml,77,106,C,repaired,5,8,7,refutation,261516,0.236,1,
rome,rome/rome/grafo7891.83.graphml,83,113,C,repaired,6,8,7,refutation,816131,0.558,1,
rome,rome/rome/grafo7897.74.graphml,74,94,C,repaired,5,7,6,refutation,38031,0.084,1,
rome,rome/rome/grafo790.17.graphml,17,18,C,repaired,2,3,3,refutation,56,0.001,1,
rome,rome/rome/grafo7898.68.graphml,68,88,C,repaired,4,7,6,refutation,45124,0.078,1,
rome,rome/rome/grafo7892.86.graphml,86,107,C,repaired,5,8,7,refutation,641156,0.601,1,
rome,rome/rome/grafo7793.98.graphml,98,134,C,repaired,6,11,10,,12464374,10.013,1,
rome,rome/rome/grafo7899.78.graphml,78,100,C,repaired,5,8,6,refutation,146046,0.162,1,
rome,rome/rome/grafo7901.69.graphml,69,93,C,repaired,4,6,6,refutation,18577,0.035,1,
rome,rome/rome/grafo7900.77.graphml,77,95,C,repaired,4,7,6,refutation,182180,0.201,1,
rome,rome/rome/grafo7796.93.graphml,93,126,C,repaired,6,9,9,,12644352,10.014,1,
rome,rome/rome/grafo7896.67.graphml,67,95,C,repaired,6,8,8,refutation,678224,0.563,1,
rome,rome/rome/grafo7903.76.graphml,76,105,C,repaired,4,7,6,refutation,85782,0.123,1,
rome,rome/rome/grafo7893.86.graphml,86,113,C,repaired,6,8,8,refutation,829041,0.841,1,
rome,rome/rome/grafo7906.67.graphml,67,86,C,repaired,5,6,6,refutation,45927,0.084,1,
rome,rome/rome/grafo7797.100.graphml,100,144,C,repaired,7,12,12,,13979648,10.014,1,
rome,rome/rome/grafo7902.68.graphml,68,96,C,repaired,5,8,8,refutation,322099,0.269,1,
rome,rome/rome/grafo791.13.graphml,13,15,C,repaired,2,3,2,bound,13,0.0,1,
rome,rome/rome/grafo7909.74.graphml,74,100,C,repaired,5,6,6,refutation,24686,0.058,1,
rome,rome/rome/grafo7913.71.graphml,71,94,C,repaired,4,7,7,refutation,146301,0.173,1,
rome,rome/rome/grafo7912.79.graphml,79,112,C,repaired,6,8,7,refutation,300730,0.299,1,
rome,rome/rome/grafo7914.84.graphml,84,116,C,repaired,5,8,7,refutation,316273,0.321,1,
rome,rome/rome/grafo7915.78.graphml,78,109,C,repaired,6,8,7,refutation,251791,0.261,1,
rome,rome/rome/grafo7908.80.graphml,80,113,C,repaired,6,9,8,refutation,1007839,0.736,1,
rome,rome/rome/grafo7905.67.graphml,67,101,C,repaired,6,10,9,refutation,1266960,1.054,1,
rome,rome/rome/grafo7916.82.graphml,82,104,C,repaired,5,8,7,refutation,521942,0.454,1,
rome,rome/rome/grafo792.13.graphml,13,14,C,repaired,2,2,2,bound,0,0.0,1,
rome,rome/rome/grafo7920.77.graphml,77,95,C,repaired,4,6,5,refutation,23614,0.044,1,
rome,rome/rome/grafo7904.82.graphml,82,107,C,repaired,5,8,8,refutation,1480659,1.263,1,
rome,rome/rome/grafo7921.71.graphml,71,101,C,repaired,6,9,8,refutation,199858,0.208,1,
rome,rome/rome/grafo7822.85.graphml,85,116,C,repaired,6,9,9,refutation,11853506,8.971,1,
rome,rome/rome/grafo7923.62.graphml,62,88,C,repaired,5,8,7,refutation,92086,0.133,1,
rome,rome/rome/grafo7924.72.graphml,72,96,C,repaired,5,8,7,refutation,204334,0.207,1,
rome,rome/rome/grafo7926.75.graphml,75,93,C,repaired,5,8,7,refutation,322577,0.297,1,
rome,rome/rome/grafo7919.81.graphml,81,116,C,repaired,6,9,8,refutation,1351452,1.072,1,
rome,rome/rome/grafo7927.70.graphml,70,103,C,repaired,6,9,8,refutation,398685,0.396,1,
rome,rome/rome/grafo7818.83.graphml,83,118,C,repaired,6,10,10,,14143488,10.009,1,
rome,rome/rome/grafo7847.77.graphml,77,117,C,repaired,7,11,10,refutation,8521776,6.628,1,
rome,rome/rome/grafo793.13.graphml,13,15,C,repaired,3,3,3,bound,0,0.0,1,
rome,rome/rome/grafo7929.76.graphml,76,98,C,repaired,4,7,7,refutation,327657,0.329,1,
rome,rome/rome/grafo7884.83.graphml,83,119,C,repaired,5,10,9,refutation,4465961,3.766,1,
rome,rome/rome/grafo7933.62.graphml,62,79,C,repaired,4,7,6,refutation,67799,0.093,1,
rome,rome/rome/grafo7935.71.graphml,71,91,C,repaired,4,6,5,refutation,7458,0.032,1,
rome,rome/rome/grafo7932.71.graphml,71,102,C,repaired,6,9,9,refutation,649919,0.565,1,
rome,rome/rome/grafo7934.76.graphml,76,96,C,repaired,4,8,7,refutation,270301,0.272,1,
rome,rome/rome/grafo7928.82.graphml,82,110,C,repaired,6,9,8,refutation,1199455,1.099,1,
rome,rome/rome/grafo7937.75.graphml,75,96,C,repaired,4,7,6,refutation,133804,0.176,1,
rome,rome/rome/grafo794.19.graphml,19,21,C,repaired,2,3,3,refutation,89,0.001,1,
rome,rome/rome/grafo7939.79.graphml,79,106,C,repaired,5,7,7,refutation,182998,0.216,1,
rome,rome/rome/grafo7938.69.graphml,69,90,C,repaired,5,8,7,refutation,559862,0.441,1,
rome,rome/rome/grafo7922.82.graphml,82,115,C,repaired,6,9,9,refutation,2576267,2.063,1,
rome,rome/rome/grafo7879.80.graphml,80,117,C,repaired,7,10,10,refutation,6014874,5.133,1,
rome,rome/rome/grafo7943.76.graphml,76,98,C,repaired,4,7,7,refutation,274935,0.25,1,
rome,rome/rome/grafo7925.81.graphml,81,116,C,repaired,7,10,9,refutation,3325081,2.484,1,
rome,rome/rome/grafo7931.77.graphml,77,103,C,repaired,5,9,9,refutation,2378806,1.995,1,
rome,rome/rome/grafo7947.78.graphml,78,98,C,repaired,5,7,7,refutation,143303,0.191,1,
rome,rome/rome/grafo7930.84.graphml,84,115,C,repaired,6,10,9,refutation,2375153,2.291,1,
rome,rome/rome/grafo7907.80.graphml,80,127,C,repaired,7,11,10,refutation,5128534,4.562,1,
rome,rome/rome/grafo795.14.graphml,14,20,C,repaired,3,3,3,bound,0,0.001,1,
rome,rome/rome/grafo7950.62.graphml,62,86,C,repaired,5,8,6,refutation,33996,0.071,1,
rome,rome/rome/grafo7949.84.graphml,84,109,C,repaired,5,7,7,refutation,652716,0.587,1,
rome,rome/rome/grafo7952.77.graphml,77,100,C,repaired,5,8,7,refutation,358187,0.334,1,
rome,rome/rome/grafo7951.81.graphml,81,99,C,repaired,4,7,7,refutation,664709,0.597,1,
rome,rome/rome/grafo7941.80.graphml,80,107,C,repaired,5,8,8,refutation,2971407,2.359,1,
rome,rome/rome/grafo7936.89.graphml,89,137,C,repaired,7,10,9,refutation,3518726,2.969,1,
rome,rome/rome/grafo7955.81.graphml,81,107,C,repaired,5,7,7,refutation,541959,0.5,1,
rome,rome/rome/grafo7954.69.graphml,69,103,C,repaired,6,9,9,refutation,910432,0.793,1,
rome,rome/rome/grafo7861.87.graphml,87,118,C,repaired,6,9,9,,15294464,10.015,1,
rome,rome/rome/grafo7958.61.graphml,61,87,C,repaired,5,7,6,refutation,10963,0.039,1,
rome,rome/rome/grafo796.14.graphml,14,19,C,repaired,2,2,2,bound,0,0.0,1,
rome,rome/rome/grafo7960.62.graphml,62,77,C,repaired,4,6,5,refutation,14870,0.047,1,
rome,rome/rome/grafo7957.62.graphml,62,85,C,repaired,5,8,7,refutation,508693,0.386,1,
rome,rome/rome/grafo7961.63.graphml,63,76,C,repaired,4,6,5,refutation,35269,0.065,1,
rome,rome/rome/grafo7959.73.graphml,73,95,C,repaired,4,8,7,refutation,464460,0.449,1,
rome,rome/rome/grafo7963.84.graphml,84,100,C,repaired,4,7,6,refutation,186328,0.21,1,
rome,rome/rome/grafo7946.78.graphml,78,102,C,repaired,6,9,9,refutation,4299608,3.073,1,
rome,rome/rome/grafo7965.62.graphml,62,94,C,repaired,6,7,7,refutation,41345,0.058,1,
rome,rome/rome/grafo7964.75.graphml,75,101,C,repaired,5,8,7,refutation,185894,0.219,1,
rome,rome/rome/grafo7968.71.graphml,71,91,C,repaired,4,8,6,refutation,34202,0.071,1,
rome,rome/rome/grafo7967.76.graphml,76,100,C,repaired,5,8,7,refutation,296731,0.264,1,
rome,rome/rome/grafo7969.78.graphml,78,98,C,repaired,5,7,6,refutation,92941,0.128,1,
rome,rome/rome/grafo797.14.graphml,14,15,C,repaired,2,2,2,bound,0,0.001,1,
rome,rome/rome/grafo7956.80.graphml,80,110,C,repaired,6,10,9,refutation,2232582,1.783,1,
rome,rome/rome/grafo7971.73.graphml,73,92,C,repaired,5,7,7,refutation,242801,0.234,1,
rome,rome/rome/grafo7972.63.graphml,63,90,C,repaired,5,8,8,refutation,293371,0.259,1,
rome,rome/rome/grafo7966.77.graphml,77,104,C,repaired,6,9,8,refutation,1081292,0.794,1,
rome,rome/rome/grafo7975.81.graphml,81,98,C,repaired,5,6,5,bound,19184,0.048,1,
rome,rome/rome/grafo7945.81.graphml,81,120,C,repaired,6,11,10,refutation,5444378,4.493,1,
rome,rome/rome/grafo7974.69.graphml,69,102,C,repaired,5,9,8,refutation,418529,0.418,1,
rome,rome/rome/grafo7977.87.graphml,87,105,C,repaired,5,7,6,refutation,136582,0.181,1,
rome,rome/rome/grafo7885.83.graphml,83,120,C,repaired,6,10,10,,15290368,10.009,1,
rome,rome/rome/grafo7979.73.graphml,73,94,C,repaired,4,7,7,refutation,299232,0.266,1,
rome,rome/rome/grafo798.26.graphml,26,32,C,repaired,3,4,4,refutation,207,0.002,1,
rome,rome/rome/grafo7978.90.graphml,90,116,C,repaired,6,8,7,refutation,539911,0.548,1,
rome,rome/rome/grafo7980.62.graphml,62,92,C,repaired,6,9,8,refutation,217351,0.213,1,
rome,rome/rome/grafo7982.76.graphml,76,97,C,repaired,5,8,6,refutation,55709,0.094,1,
rome,rome/rome/grafo7910.88.graphml,88,125,C,repaired,7,10,9,refutation,10628915,8.847,1,
rome,rome/rome/grafo7983.73.graphml,73,95,C,repaired,5,8,7,refutation,153834,0.186,1,
rome,rome/rome/grafo7984.92.graphml,92,123,C,repaired,5,8,7,refutation,326767,0.344,1,
rome,rome/rome/grafo7976.80.graphml,80,112,C,repaired,6,9,8,refutation,1897241,1.52,1,
rome,rome/rome/grafo7987.79.graphml,79,106,C,repaired,6,9,7,refutation,362897,0.349,1,
rome,rome/rome/grafo7988.61.graphml,61,87,C,repaired,6,9,8,refutation,706435,0.508,1,
rome,rome/rome/grafo799.49.graphml,49,59,C,repaired,4,5,5,refutation,4420,0.02,1,
rome,rome/rome/grafo7986.77.graphml,77,102,C,repaired,5,8,8,refutation,1069171,0.913,1,
rome,rome/rome/grafo7911.88.graphml,88,115,C,repaired,5,9,9,,14737408,10.013,1,
rome,rome/rome/grafo7989.61.graphml,61,87,C,repaired,6,9,8,refutation,706435,0.519,1,
rome,rome/rome/grafo7994.64.graphml,64,83,C,repaired,4,6,5,refutation,10478,0.038,1,
rome,rome/rome/grafo7962.78.graphml,78,113,C,repaired,7,10,10,refutation,4506165,3.892,1,
rome,rome/rome/grafo7970.74.graphml,74,108,C,repaired,6,10,9,refutation,4049977,3.056,1,
rome,rome/rome/grafo7944.85.graphml,85,119,C,repaired,6,10,9,refutation,7953795,7.031,1,
rome,rome/rome/grafo7992.70.graphml,70,94,C,repaired,5,8,8,refutation,463388,0.44,1,
rome,rome/rome/grafo7917.84.graphml,84,118,C,repaired,6,10,9,,15614371,10.014,1,
rome,rome/rome/grafo7995.65.graphml,65,94,C,repaired,6,9,8,refutation,252436,0.233,1,
rome,rome/rome/grafo800.12.graphml,12,11,C,repaired,1,1,1,bound,0,0.0,1,
rome,rome/rome/grafo7918.84.graphml,84,135,C,repaired,7,11,11,,16834560,10.012,1,
rome,rome/rome/grafo7999.62.graphml,62,82,C,repaired,4,6,6,refutation,33415,0.053,1,
rome,rome/rome/grafo7997.71.graphml,71,96,C,repaired,6,8,7,refutation,215581,0.221,1,
rome,rome/rome/grafo7998.71.graphml,71,91,C,repaired,5,8,7,refutation,235727,0.262,1,
rome,rome/rome/grafo8004.77.graphml,77,115,C,repaired,6,10,9,refutation,1196098,1.084,1,
rome,rome/rome/grafo8003.89.graphml,89,115,C,repaired,6,8,8,refutation,1534538,1.435,1,
rome,rome/rome/grafo8001.82.graphml,82,107,C,repaired,6,9,8,refutation,3510049,2.105,1,
rome,rome/rome/grafo801.13.graphml,13,13,C,repaired,2,2,2,bound,0,0.0,1,
rome,rome/rome/grafo7940.83.graphml,83,117,C,repaired,6,10,10,,16809984,10.009,1,
rome,rome/rome/grafo8010.62.graphml,62,88,C,repaired,5,8,7,refutation,192142,0.189,1,
rome,rome/rome/grafo8002.91.graphml,91,121,C,repaired,6,8,8,refutation,2937818,2.474,1,
rome,rome/rome/grafo7942.83.graphml,83,121,C,repaired,6,11,10,,17042804,10.01,1,
rome,rome/rome/grafo7993.75.graphml,75,110,C,repaired,7,10,9,refutation,3694394,3.203,1,
rome,rome/rome/grafo8005.84.graphml,84,115,C,repaired,5,9,8,refutation,3526194,2.686,1,
rome,rome/rome/grafo8013.76.graphml,76,98,C,repaired,5,8,7,refutation,457857,0.411,1,
rome,rome/rome/grafo8017.64.graphml,64,89,C,repaired,5,7,7,refutation,132024,0.155,1,
rome,rome/rome/grafo8015.81.graphml,81,112,C,repaired,5,8,7,refutation,512644,0.514,1,
rome,rome/rome/grafo8019.84.graphml,84,102,C,repaired,4,6,5,refutation,38047,0.072,1,
rome,rome/rome/grafo8018.80.graphml,80,105,C,repaired,5,7,6,refutation,96477,0.169,1,
rome,rome/rome/grafo8016.85.graphml,85,112,C,repaired,5,8,7,refutation,515694,0.465,1,
rome,rome/rome/grafo802.17.graphml,17,20,C,repaired,2,3,2,bound,17,0.001,1,
rome,rome/rome/grafo8011.91.graphml,91,114,C,repaired,5,8,7,refutation,1732986,1.277,1,
rome,rome/rome/grafo7948.90.graphml,90,125,C,repaired,6,10,9,,15781189,10.013,1,
rome,rome/rome/grafo8021.88.graphml,88,114,C,repaired,5,7,6,refutation,131957,0.166,1,
rome,rome/rome/grafo8022.80.graphml,80,112,C,repaired,6,8,8,refutation,937214,0.652,1,
rome,rome/rome/grafo8026.69.graphml,69,79,C,repaired,3,5,4,refutation,5019,0.025,1,
rome,rome/rome/grafo8027.60.graphml,60,71,C,repaired,3,5,4,refutation,2583,0.014,1,
rome,rome/rome/grafo8028.68.graphml,68,94,C,repaired,6,8,7,refutation,164179,0.183,1,
rome,rome/rome/grafo7953.79.graphml,79,116,C,repaired,7,11,10,,18565996,10.008,1,
rome,rome/rome/grafo803.15.graphml,15,18,C,repaired,2,3,3,refutation,35,0.001,1,
rome,rome/rome/grafo8029.75.graphml,75,105,C,repaired,6,8,7,refutation,562818,0.503,1,
rome,rome/rome/grafo8030.93.graphml,93,109,C,repaired,4,7,6,refutation,309786,0.331,1,
rome,rome/rome/grafo8031.68.graphml,68,93,C,repaired,5,8,7,refutation,59298,0.099,1,
rome,rome/rome/grafo8020.77.graphml,77,107,C,repaired,6,8,8,refutation,2040610,1.741,1,
rome,rome/rome/grafo8032.68.graphml,68,83,C,repaired,4,5,5,refutation,20185,0.052,1,
rome,rome/rome/grafo8012.87.graphml,87,120,C,repaired,6,10,9,refutation,3766815,2.843,1,
rome,rome/rome/grafo8033.91.graphml,91,113,C,repaired,5,6,6,refutation,90301,0.125,1,
rome,rome/rome/grafo8034.91.graphml,91,116,C,repaired,5,7,6,refutation,65165,0.124,1,
rome,rome/rome/grafo8037.62.graphml,62,81,C,repaired,4,7,6,refutation,43352,0.078,1,
rome,rome/rome/grafo8039.65.graphml,65,90,C,repaired,5,8,7,refutation,113536,0.14,1,
rome,rome/rome/grafo804.21.graphml,21,22,C,repaired,2,3,2,bound,20,0.001,1,
rome,rome/rome/grafo8025.82.graphml,82,104,C,repaired,5,8,8,refutation,2754341,2.042,1,
rome,rome/rome/grafo8041.68.graphml,68,106,C,repaired,6,9,8,refutation,894926,0.7,1,
rome,rome/rome/grafo8042.62.graphml,62,79,C,repaired,4,6,6,refutation,29138,0.063,1,
rome,rome/rome/grafo8043.72.graphml,72,100,C,repaired,6,7,7,refutation,113388,0.136,1,
rome,rome/rome/grafo7973.75.graphml,75,118,C,repaired,7,11,11,,17154048,10.007,1,
rome,rome/rome/grafo8045.68.graphml,68,89,C,repaired,4,6,6,refutation,41756,0.076,1,
rome,rome/rome/grafo8046.68.graphml,68,86,C,repaired,4,7,6,refutation,111889,0.147,1,
rome,rome/rome/grafo8047.70.graphml,70,98,C,repaired,5,8,7,refutation,183576,0.187,1,
rome,rome/rome/grafo8044.76.graphml,76,99,C,repaired,5,8,8,refutation,1152479,0.819,1,
rome,rome/rome/grafo8048.68.graphml,68,94,C,repaired,5,8,8,refutation,399306,0.336,1,
rome,rome/rome/grafo805.13.graphml,13,22,C,repaired,3,3,3,bound,0,0.0,1,
rome,rome/rome/grafo7981.85.graphml,85,116,C,repaired,5,10,9,,15565384,10.014,1,
rome,rome/rome/grafo8051.61.graphml,61,73,C,repaired,4,6,5,refutation,7282,0.015,1,
rome,rome/rome/grafo8050.67.graphml,67,86,C,repaired,4,7,6,refutation,65699,0.104,1,
rome,rome/rome/grafo8052.70.graphml,70,86,C,repaired,4,7,6,refutation,37203,0.077,1,
rome,rome/rome/grafo8049.74.graphml,74,103,C,repaired,5,8,8,refutation,497284,0.476,1,
rome,rome/rome/grafo8053.62.graphml,62,91,C,repaired,5,7,7,refutation,106014,0.131,1,
rome,rome/rome/grafo7985.93.graphml,93,126,C,repaired,6,9,9,,14647296,10.017,1,
rome,rome/rome/grafo8056.75.graphml,75,88,C,repaired,3,6,5,refutation,35844,0.072,1,
rome,rome/rome/grafo8055.79.graphml,79,101,C,repaired,5,7,6,refutation,147299,0.198,1,
rome,rome/rome/grafo8059.61.graphml,61,92,C,repaired,6,8,8,refutation,59573,0.095,1,
rome,rome/rome/grafo806.15.graphml,15,16,C,repaired,2,3,3,refutation,44,0.001,1,
rome,rome/rome/grafo8040.73.graphml,73,103,C,repaired,6,10,9,refutation,4138469,3.225,1,
rome,rome/rome/grafo8061.66.graphml,66,88,C,repaired,5,7,6,refutation,18963,0.051,1,
rome,rome/rome/grafo8057.80.graphml,80,111,C,repaired,6,9,8,refutation,1024080,0.861,1,
rome,rome/rome/grafo8058.80.graphml,80,111,C,repaired,6,9,8,refutation,870969,0.828,1,
rome,rome/rome/grafo7990.94.graphml,94,131,C,repaired,7,9,9,,14012416,10.008,1,
rome,rome/rome/grafo8063.70.graphml,70,103,C,repaired,6,8,7,refutation,91377,0.139,1,
rome,rome/rome/grafo8023.99.graphml,99,125,C,repaired,6,9,8,refutation,7492804,5.884,1,
rome,rome/rome/grafo7996.95.graphml,95,128,C,repaired,5,10,9,,12793454,10.012,1,
rome,rome/rome/grafo8064.77.graphml,77,107,C,repaired,5,8,8,refutation,566198,0.5,1,
rome,rome/rome/grafo8000.99.graphml,99,134,C,repaired,6,10,9,,14117835,10.01,1,
rome,rome/rome/grafo8069.73.graphml,73,94,C,repaired,5,8,6,refutation,56913,0.101,1,
rome,rome/rome/grafo807.12.graphml,12,12,C,repaired,2,2,2,bound,0,0.0,1,
rome,rome/rome/grafo8070.68.graphml,68,98,C,repaired,6,8,7,refutation,143929,0.185,1,
rome,rome/rome/grafo8072.69.graphml,69,88,C,repaired,5,6,6,refutation,59125,0.096,1,
rome,rome/rome/grafo8066.79.graphml,79,104,C,repaired,5,8,8,refutation,1375384,0.99,1,
rome,rome/rome/grafo8038.94.graphml,94,125,C,repaired,6,9,8,refutation,6515579,5.069,1,
rome,rome/rome/grafo8074.68.graphml,68,98,C,repaired,5,7,6,refutation,13994,0.045,1,
rome,rome/rome/grafo8076.62.graphml,62,92,C,repaired,6,8,7,refutation,90268,0.106,1,
rome,rome/rome/grafo8068.77.graphml,77,105,C,repaired,5,8,8,refutation,1439323,1.21,1,
rome,rome/rome/grafo8077.83.graphml,83,112,C,repaired,5,7,7,refutation,329268,0.346,1,
rome,rome/rome/grafo8008.95.graphml,95,138,C,repaired,7,11,10,,14126462,10.009,1,
rome,rome/rome/grafo808.12.graphml,12,11,C,repaired,1,2,2,refutation,12,0.001,1,
rome,rome/rome/grafo8078.76.graphml,76,98,C,repaired,5,8,7,refutation,307908,0.292,1,
rome,rome/rome/grafo8071.81.graphml,81,112,C,repaired,6,9,8,refutation,1754752,1.384,1,
rome,rome/rome/grafo8062.83.graphml,83,107,C,repaired,5,9,8,refutation,3141008,2.365,1,
rome,rome/rome/grafo8009.87.graphml,87,111,C,repaired,5,9,9,,17100800,10.011,1,
rome,rome/rome/grafo8081.80.graphml,80,107,C,repaired,5,8,7,refutation,142386,0.176,1,
rome,rome/rome/grafo8080.76.graphml,76,102,C,repaired,5,7,7,refutation,216263,0.241,1,
rome,rome/rome/grafo8084.75.graphml,75,90,C,repaired,4,6,5,refutation,12240,0.04,1,
rome,rome/rome/grafo8075.80.graphml,80,111,C,repaired,6,9,8,refutation,1474564,1.179,1,
rome,rome/rome/grafo8083.88.graphml,88,122,C,repaired,6,8,7,refutation,257577,0.257,1,
rome,rome/rome/grafo8079.81.graphml,81,114,C,repaired,5,9,8,refutation,919060,0.811,1,
rome,rome/rome/grafo8082.83.graphml,83,112,C,repaired,5,9,7,refutation,568304,0.499,1,
rome,rome/rome/grafo809.15.graphml,15,14,C,repaired,1,2,2,refutation,17,0.001,1,
rome,rome/rome/grafo8024.85.graphml,85,110,C,repaired,6,9,9,refutation,11066969,8.425,1,
rome,rome/rome/grafo8088.82.graphml,82,106,C,repaired,5,8,7,refutation,517569,0.4,1,
rome,rome/rome/grafo8091.70.graphml,70,86,C,repaired,4,7,6,refutation,91082,0.122,1,
rome,rome/rome/grafo8067.80.graphml,80,113,C,repaired,6,10,9,refutation,4336645,2.974,1,
rome,rome/rome/grafo8014.88.graphml,88,123,C,repaired,7,10,9,,14918225,10.012,1,
rome,rome/rome/grafo8095.76.graphml,76,105,C,repaired,5,7,7,refutation,258203,0.247,1,
rome,rome/rome/grafo8089.80.graphml,80,107,C,repaired,5,8,8,refutation,1154209,0.977,1,
rome,rome/rome/grafo8096.71.graphml,71,96,C,repaired,6,8,7,refutation,254050,0.308,1,
rome,rome/rome/grafo8087.84.graphml,84,114,C,repaired,6,9,8,refutation,1329863,1.227,1,
rome,rome/rome/grafo8085.76.graphml,76,114,C,repaired,6,9,9,refutation,1994371,1.302,1,
rome,rome/rome/grafo810.16.graphml,16,17,C,repaired,2,3,3,refutation,36,0.001,1,
rome,rome/rome/grafo8100.60.graphml,60,84,C,repaired,5,7,7,refutation,99539,0.099,1,
rome,rome/rome/grafo8097.76.graphml,76,111,C,repaired,6,9,8,refutation,268564,0.272,1,
rome,rome/rome/grafo8060.88.graphml,88,117,C,repaired,5,8,8,refutation,5283602,4.556,1,
rome,rome/rome/grafo8103.71.graphml,71,99,C,repaired,5,8,6,refutation,33068,0.069,1,
rome,rome/rome/grafo8073.82.graphml,82,122,C,repaired,7,10,9,refutation,3358043,2.878,1,
rome,rome/rome/grafo8099.75.graphml,75,99,C,repaired,5,8,7,refutation,484655,0.411,1,
rome,rome/rome/grafo8104.69.graphml,69,100,C,repaired,6,8,7,refutation,94661,0.133,1,
rome,rome/rome/grafo8092.84.graphml,84,111,C,repaired,5,9,8,refutation,2405127,1.656,1,
rome,rome/rome/grafo8107.77.graphml,77,107,C,repaired,6,8,8,refutation,511439,0.48,1,
rome,rome/rome/grafo8105.70.graphml,70,100,C,repaired,6,8,8,refutation,868466,0.63,1,
rome,rome/rome/grafo811.14.graphml,14,20,C,repaired,2,3,3,refutation,18,0.001,1,
rome,rome/rome/grafo8101.82.graphml,82,110,C,repaired,5,9,8,refutation,1409730,1.202,1,
rome,rome/rome/grafo8111.78.graphml,78,104,C,repaired,5,8,8,refutation,367067,0.315,1,
rome,rome/rome/grafo8112.61.graphml,61,77,C,repaired,4,7,6,refutation,42903,0.079,1,
rome,rome/rome/grafo8110.80.graphml,80,105,C,repaired,5,8,7,refutation,385265,0.362,1,
rome,rome/rome/grafo8115.60.graphml,60,74,C,repaired,4,6,5,refutation,5699,0.019,1,
rome,rome/rome/grafo8116.60.graphml,60,81,C,repaired,5,7,5,bound,221,0.005,1,
rome,rome/rome/grafo8113.70.graphml,70,94,C,repaired,5,8,7,refutation,125836,0.18,1,
rome,rome/rome/grafo8090.86.graphml,86,118,C,repaired,6,10,8,refutation,3024063,2.518,1,
rome,rome/rome/grafo8117.62.graphml,62,94,C,repaired,6,8,7,refutation,46460,0.088,1,
rome,rome/rome/grafo812.14.graphml,14,17,C,repaired,2,2,2,bound,0,0.0,1,
rome,rome/rome/grafo8093.83.graphml,83,122,C,repaired,6,9,9,refutation,3554077,2.675,1,
rome,rome/rome/grafo8120.75.graphml,75,104,C,repaired,5,9,8,refutation,400225,0.311,1,
rome,rome/rome/grafo8121.61.graphml,61,81,C,repaired,5,7,7,refutation,76315,0.105,1,
rome,rome/rome/grafo8102.82.graphml,82,117,C,repaired,6,10,9,refutation,2399639,1.966,1,
rome,rome/rome/grafo8106.83.graphml,83,112,C,repaired,5,8,8,refutation,2331141,1.843,1,
rome,rome/rome/grafo8119.79.graphml,79,104,C,repaired,5,8,8,refutation,695871,0.616,1,
rome,rome/rome/grafo8035.98.graphml,98,133,C,repaired,6,10,9,,12975976,10.013,1,
rome,rome/rome/grafo8108.85.graphml,85,115,C,repaired,5,8,8,refutation,2054959,1.802,1,
rome,rome/rome/grafo8122.72.graphml,72,95,C,repaired,5,8,7,refutation,158240,0.192,1,
rome,rome/rome/grafo8124.76.graphml,76,98,C,repaired,5,7,6,refutation,96524,0.146,1,
rome,rome/rome/grafo8036.94.graphml,94,134,C,repaired,7,10,10,,14475264,10.014,1,
rome,rome/rome/grafo813.13.graphml,13,19,C,repaired,2,2,2,bound,0,0.003,1,
rome,rome/rome/grafo8109.77.graphml,77,114,C,repaired,7,10,9,refutation,1866803,1.564,1,
rome,rome/rome/grafo8126.71.graphml,71,99,C,repaired,5,8,7,refutation,90935,0.149,1,
rome,rome/rome/grafo8125.78.graphml,78,98,C,repaired,5,7,7,refutation,222131,0.245,1,
rome,rome/rome/grafo8133.82.graphml,82,110,C,repaired,5,8,7,refutation,216868,0.202,1,
rome,rome/rome/grafo8130.79.graphml,79,123,C,repaired,6,9,8,refutation,331412,0.36,1,
rome,rome/rome/grafo8098.85.graphml,85,111,C,repaired,5,9,8,refutation,3696594,2.89,1,
rome,rome/rome/grafo8131.78.graphml,78,114,C,repaired,6,8,8,refutation,439934,0.373,1,
rome,rome/rome/grafo8136.61.graphml,61,87,C,repaired,6,8,7,refutation,129425,0.159,1,
rome,rome/rome/grafo8132.69.graphml,69,95,C,repaired,5,9,8,refutation,623026,0.514,1,
rome,rome/rome/grafo814.14.graphml,14,14,C,repaired,2,2,2,bound,0,0.0,1,
rome,rome/rome/grafo8138.72.graphml,72,101,C,repaired,5,8,7,refutation,149724,0.185,1,
rome,rome/rome/grafo8094.86.graphml,86,117,C,repaired,6,9,9,refutation,4680164,3.949,1,
rome,rome/rome/grafo8114.83.graphml,83,114,C,repaired,6,9,8,refutation,2164146,1.917,1,
rome,rome/rome/grafo8142.73.graphml,73,110,C,repaired,6,9,8,refutation,221058,0.256,1,
rome,rome/rome/grafo8134.83.graphml,83,116,C,repaired,6,9,8,refutation,1205796,1.038,1,
rome,rome/rome/grafo8129.79.graphml,79,109,C,repaired,6,9,8,refutation,1490958,1.293,1,
rome,rome/rome/grafo8143.77.graphml,77,99,C,repaired,5,7,7,refutation,344208,0.343,1,
rome,rome/rome/grafo8139.83.graphml,83,110,C,repaired,6,9,8,refutation,1067259,0.872,1,
rome,rome/rome/grafo8147.69.graphml,69,85,C,repaired,4,7,6,refutation,95131,0.135,1,
rome,rome/rome/grafo8141.79.graphml,79,108,C,repaired,5,9,8,refutation,930361,0.762,1,
rome,rome/rome/grafo8146.77.graphml,77,99,C,repaired,5,8,7,refutation,300611,0.299,1,
rome,rome/rome/grafo815.15.graphml,15,15,C,repaired,2,3,2,bound,12,0.001,1,
rome,rome/rome/grafo8145.78.graphml,78,98,C,repaired,5,8,7,refutation,492360,0.475,1,
rome,rome/rome/grafo8118.83.graphml,83,112,C,repaired,5,10,8,refutation,3274017,2.578,1,
rome,rome/rome/grafo8144.82.graphml,82,101,C,repaired,5,7,7,refutation,902927,0.751,1,
rome,rome/rome/grafo8140.72.graphml,72,97,C,repaired,6,9,8,refutation,1602800,1.218,1,
rome,rome/rome/grafo8151.76.graphml,76,93,C,repaired,5,7,7,refutation,287917,0.291,1,
rome,rome/rome/grafo8149.82.graphml,82,108,C,repaired,6,8,7,refutation,488575,0.454,1,
rome,rome/rome/grafo8152.79.graphml,79,103,C,repaired,5,7,7,refutation,378880,0.347,1,
rome,rome/rome/grafo8155.61.graphml,61,89,C,repaired,5,7,6,refutation,31442,0.098,1,
rome,rome/rome/grafo8156.69.graphml,69,86,C,repaired,4,7,6,refutation,45340,0.077,1,
rome,rome/rome/grafo8154.91.graphml,91,109,C,repaired,4,7,6,refutation,171703,0.261,1,
rome,rome/rome/grafo816.17.graphml,17,18,C,repaired,2,3,3,refutation,38,0.001,1,
rome,rome/rome/grafo8159.60.graphml,60,85,C,repaired,5,7,6,refutation,43179,0.081,1,
rome,rome/rome/grafo8128.81.graphml,81,123,C,repaired,7,10,9,refutation,2938430,2.357,1,
rome,rome/rome/grafo8161.67.graphml,67,90,C,repaired,5,8,7,refutation,140390,0.176,1,
rome,rome/rome/grafo8150.81.graphml,81,117,C,repaired,7,9,8,refutation,833867,0.787,1,
rome,rome/rome/grafo8162.75.graphml,75,96,C,repaired,4,7,6,refutation,85250,0.131,1,
rome,rome/rome/grafo8166.75.graphml,75,104,C,repaired,6,9,7,refutation,231423,0.258,1,
rome,rome/rome/grafo8054.85.graphml,85,118,C,repaired,6,9,9,,18366464,10.013,1,
rome,rome/rome/grafo8127.78.graphml,78,126,C,repaired,7,11,10,refutation,3788764,2.927,1,
rome,rome/rome/grafo8167.81.graphml,81,106,C,repaired,5,7,6,refutation,92840,0.127,1,
rome,rome/rome/grafo8123.87.graphml,87,127,C,repaired,6,10,9,refutation,3746922,3.281,1,
rome,rome/rome/grafo817.18.graphml,18,19,C,repaired,2,3,2,bound,16,0.001,1,
rome,rome/rome/grafo8169.61.graphml,61,82,C,repaired,5,7,6,refutation,55718,0.067,1,
rome,rome/rome/grafo8171.62.graphml,62,73,C,repaired,4,5,4,bound,81,0.003,1,
rome,rome/rome/grafo8172.66.graphml,66,101,C,repaired,6,8,7,refutation,54790,0.085,1,
rome,rome/rome/grafo8153.78.graphml,78,107,C,repaired,6,9,8,refutation,1461156,1.282,1,
rome,rome/rome/grafo8164.76.graphml,76,96,C,repaired,5,8,7,refutation,870043,0.689,1,
rome,rome/rome/grafo8168.76.graphml,76,102,C,repaired,5,8,7,refutation,288575,0.302,1,
rome,rome/rome/grafo8157.81.graphml,81,113,C,repaired,6,9,8,refutation,1336486,1.09,1,
rome,rome/rome/grafo8175.78.graphml,78,95,C,repaired,4,6,5,refutation,15877,0.04,1,
rome,rome/rome/grafo8170.81.graphml,81,107,C,repaired,5,7,7,refutation,207970,0.226,1,
rome,rome/rome/grafo8163.76.graphml,76,106,C,repaired,5,9,8,refutation,1077948,0.928,1,
rome,rome/rome/grafo818.13.graphml,13,14,C,repaired,2,2,2,bound,0,0.0,1,
rome,rome/rome/grafo8180.74.graphml,74,95,C,repaired,5,7,7,refutation,150704,0.177,1,
rome,rome/rome/grafo8178.85.graphml,85,109,C,repaired,5,8,7,refutation,280473,0.305,1,
rome,rome/rome/grafo8182.61.graphml,61,90,C,repaired,6,8,8,refutation,166261,0.174,1,
rome,rome/rome/grafo8173.74.graphml,74,110,C,repaired,6,10,9,refutation,874151,0.741,1,
rome,rome/rome/grafo8181.72.graphml,72,101,C,repaired,5,8,8,refutation,832376,0.591,1,
rome,rome/rome/grafo8185.61.graphml,61,84,C,repaired,5,8,7,refutation,70453,0.104,1,
rome,rome/rome/grafo8183.63.graphml,63,90,C,repaired,6,8,8,refutation,689758,0.416,1,
rome,rome/rome/grafo8065.82.graphml,82,118,C,repaired,7,10,9,,14791420,10.012,1,
rome,rome/rome/grafo8187.70.graphml,70,89,C,repaired,5,7,6,refutation,157179,0.195,1,
rome,rome/rome/grafo819.38.graphml,38,49,C,repaired,4,5,4,bound,32,0.001,1,
rome,rome/rome/grafo8188.62.graphml,62,89,C,repaired,6,9,8,refutation,171654,0.19,1,
rome,rome/rome/grafo8176.86.graphml,86,112,C,repaired,5,8,8,refutation,1455046,1.177,1,
rome,rome/rome/grafo8174.75.graphml,75,102,C,repaired,6,9,8,refutation,1493735,1.246,1,
rome,rome/rome/grafo8193.88.graphml,88,106,C,repaired,5,7,6,refutation,177681,0.206,1,
rome,rome/rome/grafo8195.74.graphml,74,86,C,repaired,3,6,5,refutation,36598,0.072,1,
rome,rome/rome/grafo8189.85.graphml,85,116,C,repaired,5,9,8,refutation,1289738,0.93,1,
rome,rome/rome/grafo8184.94.graphml,94,120,C,repaired,6,9,7,refutation,1285688,1.21,1,
rome,rome/rome/grafo8196.76.graphml,76,92,C,repaired,5,7,6,refutation,185955,0.197,1,
rome,rome/rome/grafo8199.61.graphml,61,85,C,repaired,5,7,6,refutation,49614,0.08,1,
rome,rome/rome/grafo8190.73.graphml,73,100,C,repaired,6,8,8,refutation,1151407,0.882,1,
rome,rome/rome/grafo820.18.graphml,18,21,C,repaired,2,4,3,refutation,65,0.001,1,
rome,rome/rome/grafo8197.75.graphml,75,101,C,repaired,6,7,7,refutation,298765,0.273,1,
rome,rome/rome/grafo8194.76.graphml,76,107,C,repaired,6,9,9,refutation,1339386,1.147,1,
rome,rome/rome/grafo8203.81.graphml,81,112,C,repaired,6,9,7,refutation,615076,0.443,1,
rome,rome/rome/grafo8179.91.graphml,91,112,C,repaired,5,8,8,refutation,4109763,2.848,1,
rome,rome/rome/grafo8086.81.graphml,81,118,C,repaired,6,10,10,,15429632,10.013,1,
rome,rome/rome/grafo8201.85.graphml,85,117,C,repaired,6,9,8,refutation,1188103,1.038,1,
rome,rome/rome/grafo8205.74.graphml,74,105,C,repaired,5,8,7,refutation,197247,0.182,1,
rome,rome/rome/grafo8165.77.graphml,77,109,C,repaired,6,10,9,refutation,4680192,4.101,1,
rome,rome/rome/grafo8204.82.graphml,82,107,C,repaired,4,7,7,refutation,611127,0.505,1,
rome,rome/rome/grafo821.16.graphml,16,22,C,repaired,3,3,3,bound,0,0.0,1,
rome,rome/rome/grafo8206.90.graphml,90,114,C,repaired,5,8,7,refutation,662122,0.632,1,
rome,rome/rome/grafo8210.71.graphml,71,96,C,repaired,5,7,7,refutation,204331,0.217,1,
rome,rome/rome/grafo8211.77.graphml,77,98,C,repaired,5,7,5,bound,538,0.008,1,
rome,rome/rome/grafo8207.88.graphml,88,111,C,repaired,5,8,7,refutation,895599,0.809,1,
rome,rome/rome/grafo8212.69.graphml,69,95,C,repaired,5,8,8,refutation,274771,0.242,1,
rome,rome/rome/grafo8213.69.graphml,69,95,C,repaired,5,8,8,refutation,274771,0.25,1,
rome,rome/rome/grafo8216.66.graphml,66,89,C,repaired,5,7,7,refutation,43807,0.069,1,
rome,rome/rome/grafo8200.76.graphml,76,102,C,repaired,5,9,8,refutation,3783787,2.617,1,
rome,rome/rome/grafo8214.94.graphml,94,126,C,repaired,6,8,7,refutation,699792,0.652,1,
rome,rome/rome/grafo8217.68.graphml,68,96,C,repaired,5,8,8,refutation,534731,0.485,1,
rome,rome/rome/grafo822.11.graphml,11,13,C,repaired,2,3,2,bound,13,0.0,1,
rome,rome/rome/grafo8202.78.graphml,78,112,C,repaired,6,10,9,refutation,3310714,2.706,1,
rome,rome/rome/grafo8219.93.graphml,93,117,C,repaired,5,7,6,refutation,116765,0.169,1,
rome,rome/rome/grafo8220.96.graphml,96,119,C,repaired,5,7,6,refutation,227581,0.259,1,
rome,rome/rome/grafo8218.92.graphml,92,122,C,repaired,5,8,7,refutation,613094,0.489,1,
rome,rome/rome/grafo8221.94.graphml,94,124,C,repaired,5,8,7,refutation,344205,0.355,1,
rome,rome/rome/grafo8208.89.graphml,89,115,C,repaired,5,8,8,refutation,2892579,2.417,1,
rome,rome/rome/grafo8215.92.graphml,92,125,C,repaired,6,9,8,refutation,2258984,1.918,1,
rome,rome/rome/grafo8225.88.graphml,88,118,C,repaired,5,8,7,refutation,885158,0.753,1,
rome,rome/rome/grafo8228.68.graphml,68,104,C,repaired,6,9,8,refutation,104245,0.118,1,
rome,rome/rome/grafo8229.70.graphml,70,98,C,repaired,5,7,7,refutation,125858,0.151,1,
rome,rome/rome/grafo823.16.graphml,16,16,C,repaired,2,3,2,bound,18,0.001,1,
rome,rome/rome/grafo8135.81.graphml,81,119,C,repaired,6,10,10,,15933440,10.01,1,
rome,rome/rome/grafo8191.86.graphml,86,125,C,repaired,6,10,9,refutation,8030649,6.064,1,
rome,rome/rome/grafo8137.86.graphml,86,122,C,repaired,7,10,9,,14945093,10.011,1,
rome,rome/rome/grafo8231.74.graphml,74,99,C,repaired,5,8,6,refutation,41116,0.084,1,
rome,rome/rome/grafo8232.74.graphml,74,98,C,repaired,4,7,6,refutation,111336,0.14,1,
rome,rome/rome/grafo8234.70.graphml,70,89,C,repaired,5,7,6,refutation,46403,0.085,1,
rome,rome/rome/grafo8233.76.graphml,76,97,C,repaired,5,7,6,refutation,131998,0.177,1,
rome,rome/rome/grafo8237.70.graphml,70,98,C,repaired,5,7,7,refutation,57709,0.099,1,
rome,rome/rome/grafo8236.72.graphml,72,92,C,repaired,5,7,7,refutation,251318,0.242,1,
rome,rome/rome/grafo8230.70.graphml,70,105,C,repaired,6,10,9,refutation,1411682,1.162,1,
rome,rome/rome/grafo8238.70.graphml,70,89,C,repaired,5,7,6,refutation,48059,0.09,1,
rome,rome/rome/grafo824.12.graphml,12,12,C,repaired,2,2,2,bound,0,0.0,1,
rome,rome/rome/grafo8227.69.graphml,69,107,C,repaired,6,11,10,refutation,1894710,1.672,1,
rome,rome/rome/grafo8235.75.graphml,75,97,C,repaired,5,7,7,refutation,578445,0.446,1,
rome,rome/rome/grafo8239.65.graphml,65,94,C,repaired,6,8,7,refutation,99571,0.154,1,
rome,rome/rome/grafo8240.72.graphml,72,96,C,repaired,5,7,7,refutation,112827,0.16,1,
rome,rome/rome/grafo8243.71.graphml,71,98,C,repaired,5,8,7,refutation,200103,0.193,1,
rome,rome/rome/grafo8241.73.graphml,73,93,C,repaired,4,7,7,refutation,359866,0.32,1,
rome,rome/rome/grafo8244.72.graphml,72,97,C,repaired,6,8,7,refutation,250637,0.235,1,
rome,rome/rome/grafo8148.85.graphml,85,119,C,repaired,6,10,10,,14622720,10.012,1,
rome,rome/rome/grafo8246.82.graphml,82,106,C,repaired,5,7,6,refutation,130077,0.161,1,
rome,rome/rome/grafo825.15.graphml,15,17,C,repaired,2,3,3,refutation,29,0.001,1,
rome,rome/rome/grafo8222.84.graphml,84,109,C,repaired,5,9,8,refutation,4299559,3.628,1,
rome,rome/rome/grafo8249.77.graphml,77,111,C,repaired,6,8,8,refutation,572184,0.437,1,
rome,rome/rome/grafo8251.73.graphml,73,104,C,repaired,5,8,7,refutation,188966,0.202,1,
rome,rome/rome/grafo8158.81.graphml,81,113,C,repaired,6,10,9,,16488113,10.014,1,
rome,rome/rome/grafo8250.74.graphml,74,111,C,repaired,6,9,8,refutation,646628,0.529,1,
rome,rome/rome/grafo8242.82.graphml,82,112,C,repaired,6,8,8,refutation,1514773,1.073,1,
rome,rome/rome/grafo8160.83.graphml,83,119,C,repaired,6,9,9,,16130048,10.013,1,
rome,rome/rome/grafo8253.72.graphml,72,106,C,repaired,6,9,8,refutation,186516,0.215,1,
rome,rome/rome/grafo8254.72.graphml,72,85,C,repaired,4,7,6,refutation,195096,0.207,1,
rome,rome/rome/grafo8256.83.graphml,83,110,C,repaired,5,7,7,refutation,195566,0.229,1,
rome,rome/rome/grafo826.22.graphml,22,22,C,repaired,2,2,2,bound,0,0.001,1,
rome,rome/rome/grafo8258.78.graphml,78,105,C,repaired,6,8,7,refutation,277147,0.275,1,
rome,rome/rome/grafo8261.66.graphml,66,82,C,repaired,4,6,6,refutation,35061,0.072,1,
rome,rome/rome/grafo8252.78.graphml,78,109,C,repaired,6,8,8,refutation,1214732,0.89,1,
rome,rome/rome/grafo8245.83.graphml,83,104,C,repaired,4,8,8,refutation,2200816,1.829,1,
rome,rome/rome/grafo8259.72.graphml,72,102,C,repaired,6,9,8,refutation,651703,0.61,1,
rome,rome/rome/grafo8265.69.graphml,69,80,C,repaired,3,4,4,refutation,4494,0.02,1,
rome,rome/rome/grafo8262.78.graphml,78,107,C,repaired,5,8,7,refutation,447502,0.405,1,
rome,rome/rome/grafo8177.88.graphml,88,123,C,repaired,6,10,9,,14377363,10.012,1,
rome,rome/rome/grafo8255.81.graphml,81,106,C,repaired,5,8,8,refutation,1392612,1.148,1,
rome,rome/rome/grafo8267.76.graphml,76,98,C,repaired,4,8,6,refutation,102672,0.156,1,
rome,rome/rome/grafo8264.78.graphml,78,114,C,repaired,6,9,8,refutation,407056,0.398,1,
rome,rome/rome/grafo827.12.graphml,12,13,C,repaired,2,2,2,bound,0,0.0,1,
rome,rome/rome/grafo8268.61.graphml,61,90,C,repaired,6,8,8,refutation,288938,0.231,1,
rome,rome/rome/grafo8270.71.graphml,71,91,C,repaired,5,7,6,refutation,73698,0.111,1,
rome,rome/rome/grafo8186.90.graphml,90,117,C,repaired,6,10,9,,14617139,10.011,1,
rome,rome/rome/grafo8274.60.graphml,60,72,C,repaired,4,5,4,bound,46,0.003,1,
rome,rome/rome/grafo8247.81.graphml,81,118,C,repaired,6,10,9,refutation,3449945,2.703,1,
rome,rome/rome/grafo8271.81.graphml,81,113,C,repaired,5,8,8,refutation,713326,0.663,1,
rome,rome/rome/grafo8273.81.graphml,81,107,C,repaired,4,8,7,refutation,628860,0.528,1,
rome,rome/rome/grafo8276.60.graphml,60,74,C,repaired,4,6,5,refutation,9698,0.035,1,
rome,rome/rome/grafo8257.92.graphml,92,122,C,repaired,5,8,8,refutation,2743644,2.283,1,
rome,rome/rome/grafo828.22.graphml,22,24,C,repaired,2,3,2,bound,17,0.001,1,
rome,rome/rome/grafo8277.82.graphml,82,119,C,repaired,6,10,8,refutation,995384,0.77,1,
rome,rome/rome/grafo8198.99.graphml,99,140,C,repaired,6,11,11,,12308480,10.012,1,
rome,rome/rome/grafo8269.82.graphml,82,120,C,repaired,6,10,9,refutation,2023654,1.843,1,
rome,rome/rome/grafo8282.76.graphml,76,108,C,repaired,6,8,7,refutation,160290,0.193,1,
rome,rome/rome/grafo8263.78.graphml,78,109,C,repaired,6,10,9,refutation,3693641,2.886,1,
rome,rome/rome/grafo8283.83.graphml,83,119,C,repaired,5,8,8,refutation,863036,0.62,1,
rome,rome/rome/grafo8272.83.graphml,83,120,C,repaired,6,10,9,refutation,3376063,2.356,1,
rome,rome/rome/grafo8287.77.graphml,77,90,C,repaired,4,7,5,refutation,28885,0.06,1,
rome,rome/rome/grafo8285.74.graphml,74,98,C,repaired,5,9,7,refutation,437638,0.349,1,
rome,rome/rome/grafo8289.74.graphml,74,101,C,repaired,5,7,7,refutation,97081,0.133,1,
rome,rome/rome/grafo829.17.graphml,17,21,C,repaired,2,3,3,refutation,35,0.001,1,
rome,rome/rome/grafo8288.82.graphml,82,104,C,repaired,5,7,7,refutation,464750,0.447,1,
rome,rome/rome/grafo8209.91.graphml,91,119,C,repaired,5,9,8,,17674309,10.009,1,
rome,rome/rome/grafo8278.70.graphml,70,113,C,repaired,7,10,10,refutation,3880070,2.809,1,
rome,rome/rome/grafo8279.81.graphml,81,112,C,repaired,6,9,8,refutation,3849558,3.043,1,
rome,rome/rome/grafo8293.73.graphml,73,96,C,repaired,5,7,7,refutation,321080,0.224,1,
rome,rome/rome/grafo8294.63.graphml,63,96,C,repaired,5,8,8,refutation,69052,0.114,1,
rome,rome/rome/grafo8292.70.graphml,70,95,C,repaired,6,9,8,refutation,1303745,0.894,1,
rome,rome/rome/grafo8286.81.graphml,81,117,C,repaired,5,9,9,refutation,2230187,1.901,1,
rome,rome/rome/grafo8281.85.graphml,85,117,C,repaired,6,9,8,refutation,4160640,2.991,1,
rome,rome/rome/grafo8299.74.graphml,74,98,C,repaired,5,7,6,refutation,109152,0.153,1,
rome,rome/rome/grafo830.27.graphml,27,27,C,repaired,2,3,2,bound,26,0.001,1,
rome,rome/rome/grafo8223.99.graphml,99,148,C,repaired,7,12,11,,13363544,10.01,1,
rome,rome/rome/grafo8224.100.graphml,100,132,C,repaired,6,9,8,,14757629,10.012,1,
rome,rome/rome/grafo8291.77.graphml,77,112,C,repaired,6,10,9,refutation,2685966,1.877,1,
rome,rome/rome/grafo8295.74.graphml,74,102,C,repaired,5,9,9,refutation,1652527,1.183,1,
rome,rome/rome/grafo8226.90.graphml,90,129,C,repaired,7,11,10,,16468549,10.012,1,
rome,rome/rome/grafo8305.65.graphml,65,89,C,repaired,5,7,7,refutation,168078,0.169,1,
rome,rome/rome/grafo8300.84.graphml,84,115,C,repaired,6,9,8,refutation,719073,0.773,1,
rome,rome/rome/grafo8302.81.graphml,81,101,C,repaired,5,8,7,refutation,751078,0.619,1,
rome,rome/rome/grafo8303.72.graphml,72,103,C,repaired,6,9,9,refutation,874915,0.613,1,
rome,rome/rome/grafo8306.76.graphml,76,95,C,repaired,4,7,6,refutation,63754,0.105,1,
rome,rome/rome/grafo831.16.graphml,16,17,C,repaired,2,3,2,bound,19,0.001,1,
rome,rome/rome/grafo8304.85.graphml,85,123,C,repaired,7,10,9,refutation,941276,0.721,1,
rome,rome/rome/grafo8308.83.graphml,83,102,C,repaired,5,7,6,refutation,98248,0.135,1,
rome,rome/rome/grafo8307.72.graphml,72,100,C,repaired,5,8,7,refutation,100243,0.149,1,
rome,rome/rome/grafo8309.78.graphml,78,104,C,repaired,5,8,8,refutation,1017313,0.865,1,
rome,rome/rome/grafo8312.78.graphml,78,106,C,repaired,6,9,8,refutation,926813,0.824,1,
rome,rome/rome/grafo8314.81.graphml,81,108,C,repaired,5,8,7,refutation,466557,0.477,1,
rome,rome/rome/grafo8315.77.graphml,77,100,C,repaired,5,8,8,refutation,673787,0.594,1,
rome,rome/rome/grafo8317.60.graphml,60,89,C,repaired,5,7,7,refutation,61924,0.099,1,
rome,rome/rome/grafo8248.86.graphml,86,119,C,repaired,6,10,10,,13668352,10.009,1,
rome,rome/rome/grafo8319.61.graphml,61,87,C,repaired,5,6,6,refutation,30206,0.062,1,
rome,rome/rome/grafo832.21.graphml,21,28,C,repaired,4,4,4,bound,0,0.001,1,
rome,rome/rome/grafo8301.76.graphml,76,115,C,repaired,6,11,10,refutation,3869393,3.29,1,
rome,rome/rome/grafo8313.82.graphml,82,108,C,repaired,6,9,8,refutation,3413341,2.685,1,
rome,rome/rome/grafo8318.84.graphml,84,110,C,repaired,5,9,8,refutation,1546554,1.413,1,
rome,rome/rome/grafo8322.70.graphml,70,102,C,repaired,5,9,8,refutation,351014,0.309,1,
rome,rome/rome/grafo8311.86.graphml,86,116,C,repaired,6,9,9,refutation,3723080,3.169,1,
rome,rome/rome/grafo8260.86.graphml,86,123,C,repaired,6,10,10,,15310848,10.013,1,
rome,rome/rome/grafo8325.61.graphml,61,82,C,repaired,4,6,6,refutation,74797,0.103,1,
rome,rome/rome/grafo8324.76.graphml,76,109,C,repaired,6,9,8,refutation,376474,0.389,1,
rome,rome/rome/grafo8327.62.graphml,62,85,C,repaired,5,8,7,refutation,162706,0.176,1,
rome,rome/rome/grafo8328.67.graphml,67,98,C,repaired,5,8,7,refutation,104192,0.132,1,
rome,rome/rome/grafo8329.78.graphml,78,99,C,repaired,5,7,6,refutation,75126,0.12,1,
rome,rome/rome/grafo833.13.graphml,13,17,C,repaired,3,3,3,bound,0,0.0,1,
rome,rome/rome/grafo8266.81.graphml,81,115,C,repaired,6,10,9,,14319730,10.014,1,
rome,rome/rome/grafo8323.84.graphml,84,106,C,repaired,5,8,7,refutation,2360906,1.512,1,
rome,rome/rome/grafo8275.82.graphml,82,124,C,repaired,7,11,10,,14159985,10.009,1,
rome,rome/rome/grafo8332.87.graphml,87,116,C,repaired,6,8,8,refutation,876881,0.873,1,
rome,rome/rome/grafo8280.88.graphml,88,119,C,repaired,5,9,9,,16113664,10.009,1,
rome,rome/rome/grafo8321.78.graphml,78,117,C,repaired,6,10,10,refutation,4213326,3.049,1,
rome,rome/rome/grafo8298.78.graphml,78,116,C,repaired,7,10,10,refutation,11273928,7.036,1,
rome,rome/rome/grafo8336.71.graphml,71,91,C,repaired,5,7,7,refutation,274516,0.275,1,
rome,rome/rome/grafo8337.73.graphml,73,93,C,repaired,4,7,6,refutation,74017,0.116,1,
rome,rome/rome/grafo834.11.graphml,11,12,C,repaired,2,2,2,bound,0,0.0,1,
rome,rome/rome/grafo8338.70.graphml,70,88,C,repaired,4,6,5,refutation,92430,0.129,1,
rome,rome/rome/grafo8340.69.graphml,69,79,C,repaired,3,5,4,refutation,2976,0.016,1,
rome,rome/rome/grafo8339.66.graphml,66,90,C,repaired,6,8,7,refutation,139476,0.157,1,
rome,rome/rome/grafo8331.95.graphml,95,120,C,repaired,5,9,8,refutation,2289433,2.124,1,
rome,rome/rome/grafo8284.84.graphml,84,121,C,repaired,6,10,10,,14757888,10.012,1,
rome,rome/rome/grafo8344.73.graphml,73,99,C,repaired,5,7,7,refutation,198802,0.208,1,
rome,rome/rome/grafo8347.69.graphml,69,76,C,repaired,3,4,4,refutation,5287,0.014,1,
rome,rome/rome/grafo8346.83.graphml,83,106,C,repaired,5,7,7,refutation,599553,0.502,1,
rome,rome/rome/grafo8326.76.graphml,76,115,C,repaired,6,10,10,refutation,4475865,3.62,1,
rome,rome/rome/grafo835.23.graphml,23,27,C,repaired,3,4,3,bound,19,0.001,1,
rome,rome/rome/grafo8333.91.graphml,91,122,C,repaired,5,9,8,refutation,2351890,2.231,1,
rome,rome/rome/grafo8343.75.graphml,75,106,C,repaired,6,9,8,refutation,1595433,1.287,1,
rome,rome/rome/grafo8290.81.graphml,81,118,C,repaired,6,10,10,,17166336,10.009,1,
rome,rome/rome/grafo8345.85.graphml,85,112,C,repaired,5,8,8,refutation,1769788,1.635,1,
rome,rome/rome/grafo8352.89.graphml,89,120,C,repaired,6,8,7,refutation,977817,0.918,1,
rome,rome/rome/grafo8296.86.graphml,86,116,C,repaired,6,9,9,,13275136,10.009,1,
rome,rome/rome/grafo8297.87.graphml,87,126,C,repaired,6,10,10,,17526784,10.012,1,
rome,rome/rome/grafo8356.70.graphml,70,103,C,repaired,6,8,8,refutation,309324,0.297,1,
rome,rome/rome/grafo8350.79.graphml,79,109,C,repaired,6,9,8,refutation,1830606,1.678,1,
rome,rome/rome/grafo8353.89.graphml,89,116,C,repaired,6,9,8,refutation,2190459,1.444,1,
rome,rome/rome/grafo836.10.graphml,10,10,C,repaired,2,2,2,bound,0,0.0,1,
rome,rome/rome/grafo8359.72.graphml,72,87,C,repaired,5,7,6,refutation,160938,0.188,1,
rome,rome/rome/grafo8361.65.graphml,65,84,C,repaired,4,6,6,refutation,85265,0.117,1,
rome,rome/rome/grafo8358.72.graphml,72,104,C,repaired,6,9,8,refutation,742050,0.701,1,
rome,rome/rome/grafo8363.69.graphml,69,91,C,repaired,5,7,6,refutation,85050,0.121,1,
rome,rome/rome/grafo8354.89.graphml,89,116,C,repaired,6,9,8,refutation,2190459,1.933,1,
rome,rome/rome/grafo8364.87.graphml,87,106,C,repaired,5,7,6,refutation,227689,0.249,1,
rome,rome/rome/grafo8310.86.graphml,86,134,C,repaired,7,13,13,,15708160,10.007,1,
rome,rome/rome/grafo8360.87.graphml,87,105,C,repaired,4,7,7,refutation,2143650,1.37,1,
rome,rome/rome/grafo8367.76.graphml,76,99,C,repaired,5,7,7,refutation,200749,0.226,1,
rome,rome/rome/grafo8368.89.graphml,89,114,C,repaired,4,7,6,refutation,51723,0.078,1,
rome,rome/rome/grafo8362.85.graphml,85,109,C,repaired,6,9,8,refutation,1264481,1.193,1,
rome,rome/rome/grafo8369.72.graphml,72,79,C,repaired,2,5,3,refutation,746,0.008,1,
rome,rome/rome/grafo837.10.graphml,10,10,C,repaired,2,2,2,bound,0,0.0,1,
rome,rome/rome/grafo8366.76.graphml,76,102,C,repaired,5,9,8,refutation,554862,0.499,1,
rome,rome/rome/grafo8372.77.graphml,77,86,C,repaired,3,5,4,refutation,14908,0.039,1,
rome,rome/rome/grafo8374.76.graphml,76,100,C,repaired,5,7,7,refutation,550914,0.497,1,
rome,rome/rome/grafo8316.82.graphml,82,126,C,repaired,7,11,10,,16438925,10.009,1,
rome,rome/rome/grafo8357.82.graphml,82,118,C,repaired,6,10,9,refutation,3784259,3.117,1,
rome,rome/rome/grafo8370.84.graphml,84,113,C,repaired,5,9,8,refutation,1229766,1.179,1,
rome,rome/rome/grafo8376.70.graphml,70,96,C,repaired,6,8,7,refutation,283196,0.274,1,
rome,rome/rome/grafo838.16.graphml,16,15,C,repaired,1,2,2,refutation,14,0.001,1,
rome,rome/rome/grafo8375.70.graphml,70,91,C,repaired,5,8,8,refutation,1399205,1.175,1,
rome,rome/rome/grafo8320.83.graphml,83,110,C,repaired,6,10,9,,15704820,10.011,1,
rome,rome/rome/grafo8381.75.graphml,75,93,C,repaired,5,7,6,refutation,161497,0.169,1,
rome,rome/rome/grafo8382.69.graphml,69,85,C,repaired,4,6,6,refutation,36460,0.076,1,
rome,rome/rome/grafo8384.61.graphml,61,79,C,repaired,4,7,6,refutation,37747,0.077,1,
rome,rome/rome/grafo8385.73.graphml,73,97,C,repaired,5,8,7,refutation,233363,0.261,1,
rome,rome/rome/grafo8386.73.graphml,73,99,C,repaired,5,6,6,refutation,29757,0.068,1,
rome,rome/rome/grafo8387.70.graphml,70,91,C,repaired,4,7,6,refutation,36705,0.075,1,
rome,rome/rome/grafo8388.72.graphml,72,102,C,repaired,6,8,7,refutation,199828,0.22,1,
rome,rome/rome/grafo8389.71.graphml,71,87,C,repaired,4,5,5,refutation,9300,0.034,1,
rome,rome/rome/grafo839.14.graphml,14,17,C,repaired,2,2,2,bound,0,0.0,1,
rome,rome/rome/grafo8390.69.graphml,69,94,C,repaired,5,6,6,refutation,31792,0.069,1,
rome,rome/rome/grafo8391.69.graphml,69,87,C,repaired,4,7,6,refutation,53474,0.097,1,
rome,rome/rome/grafo8330.88.graphml,88,125,C,repaired,7,11,10,,14939494,10.012,1,
rome,rome/rome/grafo8392.72.graphml,72,87,C,repaired,3,6,5,refutation,37302,0.073,1,
rome,rome/rome/grafo8393.72.graphml,72,93,C,repaired,5,7,6,refutation,30903,0.068,1,
rome,rome/rome/grafo8395.61.graphml,61,89,C,repaired,6,8,7,refutation,73809,0.101,1,
rome,rome/rome/grafo8396.85.graphml,85,112,C,repaired,6,8,7,refutation,457727,0.456,1,
rome,rome/rome/grafo8397.61.graphml,61,82,C,repaired,5,7,7,refutation,33676,0.071,1,
rome,rome/rome/grafo8334.95.graphml,95,122,C,repaired,5,9,8,,14741610,10.014,1,
rome,rome/rome/grafo8335.93.graphml,93,126,C,repaired,6,9,9,,13873152,10.02,1,
rome,rome/rome/grafo840.17.graphml,17,19,C,repaired,3,3,3,bound,0,0.001,1,
rome,rome/rome/grafo8399.70.graphml,70,95,C,repaired,5,8,8,refutation,470885,0.429,1,
rome,rome/rome/grafo8383.87.graphml,87,116,C,repaired,6,8,8,refutation,3726014,2.981,1,
rome,rome/rome/grafo8402.61.graphml,61,79,C,repaired,3,5,5,refutation,8337,0.034,1,
rome,rome/rome/grafo8403.73.graphml,73,94,C,repaired,4,7,5,refutation,12008,0.041,1,
rome,rome/rome/grafo8342.97.graphml,97,132,C,repaired,6,10,10,,15253504,10.013,1,
rome,rome/rome/grafo8400.81.graphml,81,114,C,repaired,6,9,8,refutation,1441827,1.063,1,
rome,rome/rome/grafo8401.69.graphml,69,100,C,repaired,6,9,8,refutation,1121599,0.835,1,
rome,rome/rome/grafo8348.99.graphml,99,133,C,repaired,6,10,9,,14625598,10.012,1,
rome,rome/rome/grafo8407.61.graphml,61,76,C,repaired,4,6,5,refutation,7385,0.03,1,
rome,rome/rome/grafo8404.69.graphml,69,100,C,repaired,6,9,8,refutation,807733,0.641,1,
rome,rome/rome/grafo841.14.graphml,14,13,C,repaired,1,2,2,refutation,11,0.001,1,
rome,rome/rome/grafo8405.65.graphml,65,92,C,repaired,5,9,8,refutation,755086,0.555,1,
rome,rome/rome/grafo8409.78.graphml,78,103,C,repaired,5,7,7,refutation,316826,0.308,1,
rome,rome/rome/grafo8411.78.graphml,78,104,C,repaired,5,7,7,refutation,211548,0.218,1,
rome,rome/rome/grafo8349.91.graphml,91,133,C,repaired,7,11,10,,14377203,10.011,1,
rome,rome/rome/grafo8413.78.graphml,78,98,C,repaired,5,7,7,refutation,197200,0.209,1,
rome,rome/rome/grafo8351.89.graphml,89,127,C,repaired,7,9,9,,14884864,10.012,1,
rome,rome/rome/grafo8410.81.graphml,81,115,C,repaired,6,9,8,refutation,642991,0.615,1,
rome,rome/rome/grafo8408.84.graphml,84,107,C,repaired,5,8,7,refutation,1007005,0.76,1,
rome,rome/rome/grafo8414.74.graphml,74,101,C,repaired,5,8,7,refutation,350840,0.317,1,
rome,rome/rome/grafo8416.64.graphml,64,79,C,repaired,5,7,6,refutation,45909,0.09,1,
rome,rome/rome/grafo8418.61.graphml,61,80,C,repaired,4,6,6,refutation,26028,0.059,1,
rome,rome/rome/grafo842.21.graphml,21,24,C,repaired,3,3,3,bound,0,0.004,1,
rome,rome/rome/grafo8417.61.graphml,61,89,C,repaired,5,8,8,refutation,181316,0.184,1,
rome,rome/rome/grafo8420.81.graphml,81,105,C,repaired,4,7,6,refutation,99175,0.14,1,
rome,rome/rome/grafo8415.84.graphml,84,107,C,repaired,5,8,7,refutation,440922,0.46,1,
rome,rome/rome/grafo8378.99.graphml,99,132,C,repaired,6,9,8,refutation,6726068,5.922,1,
rome,rome/rome/grafo8424.61.graphml,61,83,C,repaired,5,7,7,refutation,116172,0.139,1,
rome,rome/rome/grafo8421.83.graphml,83,109,C,repaired,5,8,7,refutation,457402,0.478,1,
rome,rome/rome/grafo8422.71.graphml,71,100,C,repaired,6,8,8,refutation,654874,0.611,1,
rome,rome/rome/grafo8427.65.graphml,65,91,C,repaired,6,8,7,refutation,204465,0.188,1,
rome,rome/rome/grafo8426.75.graphml,75,99,C,repaired,5,7,7,refutation,393103,0.325,1,
rome,rome/rome/grafo843.14.graphml,14,14,C,repaired,2,2,2,bound,0,0.0,1,
rome,rome/rome/grafo8355.87.graphml,87,129,C,repaired,7,10,10,,15142912,10.01,1,
rome,rome/rome/grafo8425.81.graphml,81,110,C,repaired,6,9,8,refutation,682530,0.653,1,
rome,rome/rome/grafo8423.82.graphml,82,109,C,repaired,5,8,8,refutation,936536,0.876,1,
rome,rome/rome/grafo8431.73.graphml,73,100,C,repaired,4,7,6,refutation,61984,0.106,1,
rome,rome/rome/grafo8433.75.graphml,75,98,C,repaired,5,8,7,refutation,180059,0.189,1,
rome,rome/rome/grafo8419.82.graphml,82,108,C,repaired,6,9,8,refutation,2013955,1.604,1,
rome,rome/rome/grafo8436.76.graphml,76,108,C,repaired,5,8,7,refutation,116540,0.145,1,
rome,rome/rome/grafo8429.81.graphml,81,112,C,repaired,5,9,8,refutation,1076768,0.936,1,
rome,rome/rome/grafo8434.69.graphml,69,99,C,repaired,5,8,8,refutation,965854,0.776,1,
rome,rome/rome/grafo8406.75.graphml,75,108,C,repaired,5,10,10,refutation,3962891,3.173,1,
rome,rome/rome/grafo844.12.graphml,12,18,C,repaired,3,3,3,bound,0,0.0,1,
rome,rome/rome/grafo8435.87.graphml,87,106,C,repaired,4,8,7,refutation,730098,0.702,1,
rome,rome/rome/grafo8438.67.graphml,67,99,C,repaired,6,9,8,refutation,249245,0.254,1,
rome,rome/rome/grafo8439.71.graphml,71,90,C,repaired,5,7,7,refutation,162279,0.185,1,
rome,rome/rome/grafo8441.72.graphml,72,92,C,repaired,5,7,6,refutation,63006,0.113,1,
rome,rome/rome/grafo8432.86.graphml,86,121,C,repaired,6,9,8,refutation,1511344,1.313,1,
rome,rome/rome/grafo8443.74.graphml,74,101,C,repaired,5,8,7,refutation,180279,0.191,1,
rome,rome/rome/grafo8365.87.graphml,87,120,C,repaired,6,10,9,,15762245,10.012,1,
rome,rome/rome/grafo8412.76.graphml,76,114,C,repaired,6,10,10,refutation,3760254,3.18,1,
rome,rome/rome/grafo8440.84.graphml,84,118,C,repaired,7,8,8,refutation,1055379,0.952,1,
rome,rome/rome/grafo8371.96.graphml,96,130,C,repaired,6,10,9,,14279674,10.014,1,
rome,rome/rome/grafo8373.100.graphml,100,138,C,repaired,7,10,10,,17063936,10.014,1,
rome,rome/rome/grafo8449.72.graphml,72,97,C,repaired,5,8,7,refutation,90569,0.136,1,
rome,rome/rome/grafo845.16.graphml,16,17,C,repaired,2,2,2,bound,0,0.001,1,
rome,rome/rome/grafo8445.83.graphml,83,103,C,repaired,5,8,7,refutation,980748,0.811,1,
rome,rome/rome/grafo8451.69.graphml,69,95,C,repaired,5,8,7,refutation,144792,0.142,1,
rome,rome/rome/grafo8453.83.graphml,83,101,C,repaired,4,7,6,refutation,189054,0.209,1,
rome,rome/rome/grafo8454.78.graphml,78,98,C,repaired,5,7,6,refutation,61376,0.112,1,
rome,rome/rome/grafo8455.61.graphml,61,90,C,repaired,6,8,7,refutation,69171,0.105,1,
rome,rome/rome/grafo8450.69.graphml,69,96,C,repaired,5,9,8,refutation,491911,0.434,1,
rome,rome/rome/grafo8458.75.graphml,75,96,C,repaired,5,8,7,refutation,311070,0.283,1,
rome,rome/rome/grafo8442.76.graphml,76,104,C,repaired,6,10,9,refutation,2924539,1.912,1,
rome,rome/rome/grafo846.27.graphml,27,32,C,repaired,2,4,3,refutation,142,0.001,1,
rome,rome/rome/grafo8459.75.graphml,75,93,C,repaired,4,6,6,refutation,62201,0.106,1,
rome,rome/rome/grafo8456.76.graphml,76,102,C,repaired,6,8,8,refutation,674226,0.595,1,
rome,rome/rome/grafo8377.92.graphml,92,130,C,repaired,6,9,9,,13680640,10.013,1,
rome,rome/rome/grafo8461.64.graphml,64,79,C,repaired,4,7,5,refutation,25028,0.058,1,
rome,rome/rome/grafo8446.76.graphml,76,106,C,repaired,6,9,9,refutation,2363899,1.93,1,
rome,rome/rome/grafo8380.93.graphml,93,126,C,repaired,6,10,9,,14114005,10.011,1,
rome,rome/rome/grafo8460.76.graphml,76,102,C,repaired,6,9,8,refutation,450790,0.437,1,
rome,rome/rome/grafo8464.73.graphml,73,100,C,repaired,5,8,7,refutation,264975,0.222,1,
rome,rome/rome/grafo8463.72.graphml,72,97,C,repaired,5,9,7,refutation,348446,0.356,1,
rome,rome/rome/grafo8467.71.graphml,71,92,C,repaired,5,8,7,refutation,165286,0.166,1,
rome,rome/rome/grafo847.22.graphml,22,29,C,repaired,3,3,3,bound,0,0.001,1,
rome,rome/rome/grafo8448.86.graphml,86,124,C,repaired,6,9,9,refutation,2946200,2.342,1,
rome,rome/rome/grafo8468.85.graphml,85,107,C,repaired,4,8,7,refutation,303118,0.294,1,
rome,rome/rome/grafo8462.76.graphml,76,102,C,repaired,5,8,8,refutation,848078,0.686,1,
rome,rome/rome/grafo8469.85.graphml,85,107,C,repaired,4,8,7,refutation,303118,0.33,1,
rome,rome/rome/grafo8466.75.graphml,75,100,C,repaired,6,8,8,refutation,888431,0.646,1,
rome,rome/rome/grafo8394.89.graphml,89,122,C,repaired,6,10,9,refutation,11089557,8.511,1,
rome,rome/rome/grafo8475.61.graphml,61,79,C,repaired,5,6,6,refutation,43204,0.077,1,
rome,rome/rome/grafo8444.83.graphml,83,115,C,repaired,6,10,9,refutation,3507360,3.105,1,
rome,rome/rome/grafo8470.93.graphml,93,117,C,repaired,5,8,7,refutation,848347,0.697,1,
rome,rome/rome/grafo8479.74.graphml,74,87,C,repaired,4,7,6,refutation,94215,0.113,1,
rome,rome/rome/grafo848.13.graphml,13,14,C,repaired,2,2,2,bound,0,0.0,1,
rome,rome/rome/grafo8457.83.graphml,83,108,C,repaired,6,8,8,refutation,2614764,2.264,1,
rome,rome/rome/grafo8471.89.graphml,89,117,C,repaired,6,8,8,refutation,1580669,1.216,1,
rome,rome/rome/grafo8482.73.graphml,73,96,C,repaired,4,6,6,refutation,67750,0.109,1,
rome,rome/rome/grafo8480.91.graphml,91,116,C,repaired,5,8,7,refutation,995072,0.916,1,
rome,rome/rome/grafo8428.82.graphml,82,124,C,repaired,6,11,10,refutation,7658637,6.286,1,
rome,rome/rome/grafo8484.87.graphml,87,111,C,repaired,5,7,6,refutation,199543,0.251,1,
rome,rome/rome/grafo8398.85.graphml,85,113,C,repaired,5,10,9,,13750333,10.008,1,
rome,rome/rome/grafo8483.76.graphml,76,100,C,repaired,5,9,8,refutation,1406492,1.165,1,
rome,rome/rome/grafo8486.85.graphml,85,115,C,repaired,5,8,8,refutation,489349,0.492,1,
rome,rome/rome/grafo8489.87.graphml,87,106,C,repaired,4,7,6,refutation,180932,0.22,1,
rome,rome/rome/grafo8488.85.graphml,85,99,C,repaired,4,7,6,refutation,332058,0.299,1,
rome,rome/rome/grafo849.11.graphml,11,11,C,repaired,2,2,2,bound,0,0.0,1,
rome,rome/rome/grafo8487.87.graphml,87,112,C,repaired,5,8,7,refutation,2044998,1.52,1,
rome,rome/rome/grafo8447.82.graphml,82,123,C,repaired,6,10,10,refutation,10165122,7.362,1,
rome,rome/rome/grafo8473.93.graphml,93,122,C,repaired,6,9,8,refutation,5518975,4.891,1,
rome,rome/rome/grafo8493.75.graphml,75,94,C,repaired,5,7,6,refutation,171304,0.185,1,
rome,rome/rome/grafo8485.85.graphml,85,117,C,repaired,6,9,9,refutation,4067260,3.593,1,
rome,rome/rome/grafo8430.83.graphml,83,118,C,repaired,6,11,10,,16385647,10.007,1,
rome,rome/rome/grafo8496.61.graphml,61,91,C,repaired,6,9,9,refutation,618499,0.493,1,
rome,rome/rome/grafo8481.96.graphml,96,128,C,repaired,6,9,8,refutation,7007511,5.238,1,
rome,rome/rome/grafo8472.81.graphml,81,109,C,repaired,6,9,9,refutation,9829652,6.432,1,
rome,rome/rome/grafo850.12.graphml,12,13,C,repaired,2,2,2,bound,0,0.0,1,
rome,rome/rome/grafo8437.82.graphml,82,116,C,repaired,6,10,9,,20833190,10.006,1,
rome,rome/rome/grafo8498.74.graphml,74,102,C,repaired,5,8,8,refutation,739284,0.626,1,
rome,rome/rome/grafo8492.86.graphml,86,117,C,repaired,6,9,9,refutation,3715656,2.895,1,
rome,rome/rome/grafo8501.94.graphml,94,110,C,repaired,4,7,6,refutation,300850,0.308,1,
rome,rome/rome/grafo8504.71.graphml,71,89,C,repaired,4,6,5,refutation,36130,0.072,1,
rome,rome/rome/grafo8495.86.graphml,86,126,C,repaired,7,9,9,refutation,2431166,2.103,1,
rome,rome/rome/grafo8497.71.graphml,71,104,C,repaired,5,10,9,refutation,1692641,1.393,1,
rome,rome/rome/grafo8507.75.graphml,75,88,C,repaired,3,6,4,refutation,3952,0.023,1,
rome,rome/rome/grafo8508.73.graphml,73,92,C,repaired,4,6,6,refutation,29524,0.069,1,
rome,rome/rome/grafo8509.74.graphml,74,92,C,repaired,4,6,6,refutation,46663,0.086,1,
rome,rome/rome/grafo851.17.graphml,17,19,C,repaired,2,3,3,refutation,36,0.001,1,
rome,rome/rome/grafo8502.89.graphml,89,107,C,repaired,5,7,7,refutation,1239012,1.05,1,
rome,rome/rome/grafo8503.89.graphml,89,107,C,repaired,5,7,7,refutation,1239012,1.079,1,
rome,rome/rome/grafo8452.85.graphml,85,118,C,repaired,6,10,10,,13328384,10.007,1,
rome,rome/rome/grafo8505.79.graphml,79,100,C,repaired,5,8,8,refutation,1247883,1.03,1,
rome,rome/rome/grafo8465.85.graphml,85,116,C,repaired,6,9,9,,20275200,10.008,1,
rome,rome/rome/grafo8515.61.graphml,61,73,C,repaired,3,6,4,refutation,1749,0.011,1,
rome,rome/rome/grafo8516.79.graphml,79,98,C,repaired,4,7,6,refutation,53679,0.094,1,
rome,rome/rome/grafo8517.75.graphml,75,95,C,repaired,5,7,6,refutation,42756,0.082,1,
rome,rome/rome/grafo8518.73.graphml,73,94,C,repaired,5,7,6,refutation,63833,0.105,1,
rome,rome/rome/grafo8474.90.graphml,90,127,C,repaired,6,10,10,,16621568,10.01,1,
rome,rome/rome/grafo8519.70.graphml,70,92,C,repaired,5,8,7,refutation,137306,0.161,1,
rome,rome/rome/grafo852.19.graphml,19,22,C,repaired,3,3,3,bound,0,0.001,1,
rome,rome/rome/grafo8521.73.graphml,73,90,C,repaired,5,7,5,bound,10853,0.039,1,
rome,rome/rome/grafo8476.95.graphml,95,135,C,repaired,7,11,10,,14249416,10.013,1,
rome,rome/rome/grafo8477.89.graphml,89,123,C,repaired,6,9,9,,19419136,10.01,1,
rome,rome/rome/grafo8520.70.graphml,70,92,C,repaired,5,8,7,refutation,206225,0.212,1,
rome,rome/rome/grafo8478.98.graphml,98,140,C,repaired,7,10,9,,13886895,10.013,1,
rome,rome/rome/grafo8525.60.graphml,60,87,C,repaired,5,8,7,refutation,36370,0.07,1,
rome,rome/rome/grafo8524.75.graphml,75,91,C,repaired,4,7,6,refutation,312980,0.259,1,
rome,rome/rome/grafo8527.67.graphml,67,85,C,repaired,4,7,6,refutation,118398,0.147,1,
rome,rome/rome/grafo8523.71.graphml,71,102,C,repaired,6,8,8,refutation,405341,0.388,1,
rome,rome/rome/grafo8526.76.graphml,76,101,C,repaired,5,8,7,refutation,257878,0.27,1,
rome,rome/rome/grafo853.16.graphml,16,16,C,repaired,2,2,2,bound,0,0.0,1,
rome,rome/rome/grafo8522.76.graphml,76,99,C,repaired,5,8,7,refutation,533609,0.463,1,
rome,rome/rome/grafo8529.74.graphml,74,96,C,repaired,5,8,7,refutation,224523,0.207,1,
rome,rome/rome/grafo8533.60.graphml,60,73,C,repaired,4,6,5,refutation,9753,0.035,1,
rome,rome/rome/grafo8528.84.graphml,84,109,C,repaired,6,8,7,refutation,521376,0.508,1,
rome,rome/rome/grafo8530.76.graphml,76,107,C,repaired,6,9,8,refutation,466497,0.454,1,
rome,rome/rome/grafo8531.88.graphml,88,113,C,repaired,5,8,7,refutation,706084,0.66,1,
rome,rome/rome/grafo8536.61.graphml,61,94,C,repaired,6,9,9,refutation,214619,0.222,1,
rome,rome/rome/grafo8535.71.graphml,71,93,C,repaired,5,7,7,refutation,362880,0.306,1,
rome,rome/rome/grafo8532.83.graphml,83,110,C,repaired,6,9,8,refutation,1953263,1.687,1,
rome,rome/rome/grafo854.12.graphml,12,11,C,repaired,1,2,2,refutation,13,0.001,1,
rome,rome/rome/grafo8534.84.graphml,84,119,C,repaired,6,9,8,refutation,2029879,1.837,1,
rome,rome/rome/grafo8540.74.graphml,74,98,C,repaired,5,8,7,refutation,274144,0.289,1,
rome,rome/rome/grafo8490.95.graphml,95,137,C,repaired,7,11,11,,15368192,10.011,1,
rome,rome/rome/grafo8491.92.graphml,92,133,C,repaired,7,10,9,,17489991,10.012,1,
rome,rome/rome/grafo8542.61.graphml,61,84,C,repaired,4,7,6,refutation,41871,0.057,1,
rome,rome/rome/grafo8544.61.graphml,61,84,C,repaired,4,6,6,refutation,17133,0.034,1,
rome,rome/rome/grafo8546.75.graphml,75,98,C,repaired,5,7,7,refutation,202841,0.183,1,
rome,rome/rome/grafo8545.74.graphml,74,106,C,repaired,6,8,8,refutation,407360,0.368,1,
rome,rome/rome/grafo8548.75.graphml,75,98,C,repaired,5,8,6,refutation,86131,0.147,1,
rome,rome/rome/grafo8547.85.graphml,85,104,C,repaired,5,8,7,refutation,859977,0.721,1,
rome,rome/rome/grafo855.15.graphml,15,17,C,repaired,3,3,3,bound,0,0.001,1,
rome,rome/rome/grafo8550.79.graphml,79,100,C,repaired,5,7,7,refutation,721061,0.632,1,
rome,rome/rome/grafo8543.87.graphml,87,111,C,repaired,5,8,8,refutation,2083425,1.86,1,
rome,rome/rome/grafo8494.90.graphml,90,119,C,repaired,6,10,9,,13631693,10.013,1,
rome,rome/rome/grafo8552.71.graphml,71,93,C,repaired,5,8,7,refutation,347013,0.282,1,
rome,rome/rome/grafo8499.99.graphml,99,130,C,repaired,6,10,9,,18026630,10.009,1,
rome,rome/rome/grafo8500.89.graphml,89,121,C,repaired,6,10,9,,13867426,10.012,1,
rome,rome/rome/grafo8555.87.graphml,87,114,C,repaired,6,9,8,refutation,1310387,0.913,1,
rome,rome/rome/grafo8506.88.graphml,88,124,C,repaired,6,10,9,,14755346,10.013,1,
rome,rome/rome/grafo8556.84.graphml,84,119,C,repaired,6,9,8,refutation,1071038,0.885,1,
rome,rome/rome/grafo8510.100.graphml,100,142,C,repaired,7,11,10,,14685752,10.014,1,
rome,rome/rome/grafo856.11.graphml,11,12,C,repaired,2,2,2,bound,0,0.0,1,
rome,rome/rome/grafo8557.90.graphml,90,112,C,repaired,5,8,7,refutation,797862,0.695,1,
rome,rome/rome/grafo8511.94.graphml,94,134,C,repaired,7,10,9,,12681090,10.013,1,
rome,rome/rome/grafo8562.61.graphml,61,80,C,repaired,5,7,6,refutation,42106,0.08,1,
rome,rome/rome/grafo8561.77.graphml,77,97,C,repaired,5,7,6,refutation,91791,0.156,1,
rome,rome/rome/grafo8560.71.graphml,71,93,C,repaired,5,7,7,refutation,316804,0.296,1,
rome,rome/rome/grafo8512.94.graphml,94,132,C,repaired,6,9,9,,14299136,10.011,1,
rome,rome/rome/grafo8513.100.graphml,100,138,C,repaired,6,11,9,,13772082,10.013,1,
rome,rome/rome/grafo8514.95.graphml,95,130,C,repaired,6,10,9,,16799013,10.014,1,
rome,rome/rome/grafo8565.71.graphml,71,96,C,repaired,6,8,7,refutation,246698,0.232,1,
rome,rome/rome/grafo857.11.graphml,11,11,C,repaired,2,2,2,bound,0,0.0,1,
rome,rome/rome/grafo8570.71.graphml,71,90,C,repaired,5,7,6,refutation,95713,0.13,1,
rome,rome/rome/grafo8568.83.graphml,83,107,C,repaired,5,8,7,refutation,566567,0.494,1,
rome,rome/rome/grafo8559.87.graphml,87,112,C,repaired,6,9,8,refutation,1657769,1.371,1,
rome,rome/rome/grafo8572.62.graphml,62,87,C,repaired,5,8,7,refutation,204502,0.186,1,
rome,rome/rome/grafo8573.92.graphml,92,113,C,repaired,4,8,7,refutation,824679,0.733,1,
rome,rome/rome/grafo8567.85.graphml,85,122,C,repaired,6,10,9,refutation,3460861,2.529,1,
rome,rome/rome/grafo8576.86.graphml,86,122,C,repaired,6,9,7,refutation,372800,0.328,1,
rome,rome/rome/grafo8566.98.graphml,98,139,C,repaired,6,10,8,refutation,4438301,3.113,1,
rome,rome/rome/grafo8577.74.graphml,74,95,C,repaired,5,6,6,refutation,46587,0.091,1,
rome,rome/rome/grafo8563.92.graphml,92,130,C,repaired,6,9,8,refutation,3681656,3.295,1,
rome,rome/rome/grafo8537.84.graphml,84,121,C,repaired,7,10,10,,14602240,10.011,1,
rome,rome/rome/grafo858.23.graphml,23,28,C,repaired,3,3,3,bound,0,0.001,1,
rome,rome/rome/grafo8538.80.graphml,80,114,C,repaired,6,10,10,,14098432,10.013,1,
rome,rome/rome/grafo8539.87.graphml,87,127,C,repaired,6,11,10,,12951685,10.012,1,
rome,rome/rome/grafo8581.94.graphml,94,121,C,repaired,4,7,6,refutation,78239,0.136,1,
rome,rome/rome/grafo8584.61.graphml,61,74,C,repaired,4,6,5,refutation,16800,0.045,1,
rome,rome/rome/grafo8575.86.graphml,86,117,C,repaired,6,10,9,refutation,2600550,2.3,1,
rome,rome/rome/grafo8586.60.graphml,60,79,C,repaired,5,7,6,refutation,23034,0.055,1,
rome,rome/rome/grafo8587.71.graphml,71,87,C,repaired,4,6,5,refutation,14863,0.045,1,
rome,rome/rome/grafo8588.71.graphml,71,93,C,repaired,5,7,6,refutation,40875,0.082,1,
rome,rome/rome/grafo8589.73.graphml,73,92,C,repaired,5,7,6,refutation,89208,0.123,1,
rome,rome/rome/grafo859.30.graphml,30,34,C,repaired,2,4,3,refutation,222,0.002,1,
rome,rome/rome/grafo8583.85.graphml,85,103,C,repaired,5,8,7,refutation,1173107,1.038,1,
rome,rome/rome/grafo8591.74.graphml,74,93,C,repaired,4,7,6,refutation,123222,0.177,1,
rome,rome/rome/grafo8541.86.graphml,86,129,C,repaired,6,11,10,,14188782,10.013,1,
rome,rome/rome/grafo8580.91.graphml,91,107,C,repaired,4,8,7,refutation,1822971,1.596,1,
rome,rome/rome/grafo8590.73.graphml,73,102,C,repaired,6,9,8,refutation,604708,0.515,1,
rome,rome/rome/grafo8592.74.graphml,74,102,C,repaired,6,8,7,refutation,440825,0.431,1,
rome,rome/rome/grafo8595.89.graphml,89,112,C,repaired,5,8,6,refutation,255769,0.289,1,
rome,rome/rome/grafo8549.100.graphml,100,138,C,repaired,6,9,8,,13044888,10.009,1,
rome,rome/rome/grafo8598.83.graphml,83,109,C,repaired,5,8,7,refutation,745891,0.495,1,
rome,rome/rome/grafo8551.85.graphml,85,129,C,repaired,6,11,11,,13574144,10.007,1,
rome,rome/rome/grafo860.31.graphml,31,35,C,repaired,2,5,3,refutation,245,0.002,1,
rome,rome/rome/grafo8553.84.graphml,84,118,C,repaired,6,10,9,,16047783,10.005,1,
rome,rome/rome/grafo8599.83.graphml,83,113,C,repaired,5,9,8,refutation,962278,0.919,1,
rome,rome/rome/grafo8554.84.graphml,84,113,C,repaired,5,10,9,,15459000,10.01,1,
rome,rome/rome/grafo8574.83.graphml,83,115,C,repaired,6,9,9,refutation,10950368,6.952,1,
rome,rome/rome/grafo8602.87.graphml,87,118,C,repaired,6,9,8,refutation,1378411,1.284,1,
rome,rome/rome/grafo8605.68.graphml,68,104,C,repaired,6,8,7,refutation,82442,0.136,1,
rome,rome/rome/grafo8603.87.graphml,87,111,C,repaired,5,7,7,refutation,1749275,1.443,1,
rome,rome/rome/grafo8606.60.graphml,60,83,C,repaired,5,7,6,refutation,30031,0.063,1,
rome,rome/rome/grafo8607.60.graphml,60,82,C,repaired,5,7,6,refutation,24718,0.043,1,
rome,rome/rome/grafo8608.74.graphml,74,98,C,repaired,5,8,6,refutation,155636,0.176,1,
rome,rome/rome/grafo861.12.graphml,12,12,C,repaired,2,2,2,bound,0,0.0,1,
rome,rome/rome/grafo8609.73.graphml,73,101,C,repaired,5,7,7,refutation,208403,0.21,1,
rome,rome/rome/grafo8600.84.graphml,84,118,C,repaired,7,9,8,refutation,2899797,2.218,1,
rome,rome/rome/grafo8610.60.graphml,60,77,C,repaired,5,6,5,bound,56,0.003,1,
rome,rome/rome/grafo8558.90.graphml,90,125,C,repaired,7,10,10,,16121856,10.008,1,
rome,rome/rome/grafo8613.73.graphml,73,91,C,repaired,4,6,6,refutation,76854,0.113,1,
rome,rome/rome/grafo8564.100.graphml,100,134,C,repaired,5,9,9,,17448960,10.008,1,
rome,rome/rome/grafo8614.85.graphml,85,118,C,repaired,6,9,8,refutation,1455228,1.314,1,
rome,rome/rome/grafo8571.94.graphml,94,139,C,repaired,6,11,11,,13611008,10.013,1,
rome,rome/rome/grafo8615.85.graphml,85,110,C,repaired,6,8,8,refutation,1789838,1.597,1,
rome,rome/rome/grafo8604.84.graphml,84,120,C,repaired,6,10,9,refutation,3673800,3.15,1,
rome,rome/rome/grafo862.25.graphml,25,28,C,repaired,2,3,3,refutation,82,0.001,1,
rome,rome/rome/grafo8616.76.graphml,76,98,C,repaired,5,8,8,refutation,1512404,1.108,1,
rome,rome/rome/grafo8611.88.graphml,88,114,C,repaired,6,9,8,refutation,2967839,2.396,1,
rome,rome/rome/grafo8621.73.graphml,73,103,C,repaired,5,8,8,refutation,346684,0.296,1,
rome,rome/rome/grafo8623.74.graphml,74,98,C,repaired,5,8,7,refutation,370251,0.353,1,
rome,rome/rome/grafo8622.75.graphml,75,95,C,repaired,4,8,8,refutation,839973,0.72,1,
rome,rome/rome/grafo8620.86.graphml,86,120,C,repaired,6,9,8,refutation,1489101,1.429,1,
rome,rome/rome/grafo8625.85.graphml,85,105,C,repaired,5,8,7,refutation,711549,0.642,1,
rome,rome/rome/grafo8617.85.graphml,85,116,C,repaired,6,8,8,refutation,2875936,2.538,1,
rome,rome/rome/grafo8624.85.graphml,85,120,C,repaired,6,9,9,refutation,1149694,1.119,1,
rome,rome/rome/grafo8578.87.graphml,87,125,C,repaired,6,10,10,,13955072,10.013,1,
rome,rome/rome/grafo8579.88.graphml,88,121,C,repaired,6,9,9,,15335424,10.01,1,
rome,rome/rome/grafo863.18.graphml,18,19,C,repaired,2,3,3,refutation,55,0.001,1,
rome,rome/rome/grafo8582.96.graphml,96,126,C,repaired,6,9,9,,17756160,10.007,1,
rome,rome/rome/grafo8630.74.graphml,74,101,C,repaired,5,8,7,refutation,289116,0.272,1,
rome,rome/rome/grafo8618.89.graphml,89,117,C,repaired,6,9,8,refutation,4711884,3.023,1,
rome,rome/rome/grafo8585.91.graphml,91,123,C,repaired,5,10,10,,17330176,10.011,1,
rome,rome/rome/grafo8635.73.graphml,73,101,C,repaired,5,8,7,refutation,119189,0.15,1,
rome,rome/rome/grafo8636.74.graphml,74,95,C,repaired,5,7,7,refutation,177396,0.185,1,
rome,rome/rome/grafo8626.74.graphml,74,99,C,repaired,5,9,8,refutation,1975198,1.626,1,
rome,rome/rome/grafo8633.75.graphml,75,102,C,repaired,6,9,8,refutation,1089477,0.726,1,
rome,rome/rome/grafo8638.75.graphml,75,94,C,repaired,5,8,7,refutation,502494,0.459,1,
rome,rome/rome/grafo8593.87.graphml,87,120,C,repaired,6,9,9,,16535552,10.011,1,
rome,rome/rome/grafo8627.82.graphml,82,105,C,repaired,5,8,8,refutation,2282307,1.899,1,
rome,rome/rome/grafo864.16.graphml,16,20,C,repaired,3,3,3,bound,0,0.001,1,
rome,rome/rome/grafo8594.84.graphml,84,115,C,repaired,6,10,10,,23048192,10.009,1,
rome,rome/rome/grafo8637.84.graphml,84,122,C,repaired,6,9,8,refutation,1126224,0.936,1,
rome,rome/rome/grafo8596.84.graphml,84,111,C,repaired,6,9,9,,14540800,10.013,1,
rome,rome/rome/grafo8597.83.graphml,83,113,C,repaired,6,10,9,,15483064,10.013,1,
rome,rome/rome/grafo8640.84.graphml,84,118,C,repaired,6,9,8,refutation,777562,0.686,1,
rome,rome/rome/grafo8643.89.graphml,89,124,C,repaired,6,9,8,refutation,906027,0.805,1,
rome,rome/rome/grafo8634.75.graphml,75,107,C,repaired,6,10,9,refutation,2523969,2.14,1,
rome,rome/rome/grafo865.28.graphml,28,35,C,repaired,3,3,3,bound,0,0.001,1,
rome,rome/rome/grafo8649.86.graphml,86,109,C,repaired,5,7,6,refutation,152279,0.178,1,
rome,rome/rome/grafo8642.91.graphml,91,112,C,repaired,4,8,7,refutation,1192657,1.129,1,
rome,rome/rome/grafo8648.73.graphml,73,102,C,repaired,5,8,8,refutation,630437,0.522,1,
rome,rome/rome/grafo8639.75.graphml,75,108,C,repaired,6,9,9,refutation,2501984,1.744,1,
rome,rome/rome/grafo8654.73.graphml,73,101,C,repaired,5,7,7,refutation,149531,0.172,1,
rome,rome/rome/grafo8644.92.graphml,92,122,C,repaired,5,8,7,refutation,1521843,1.384,1,
rome,rome/rome/grafo8656.73.graphml,73,96,C,repaired,5,8,6,refutation,85252,0.122,1,
rome,rome/rome/grafo8653.74.graphml,74,98,C,repaired,5,8,7,refutation,724143,0.654,1,
rome,rome/rome/grafo8601.87.graphml,87,135,C,repaired,7,11,11,,15626240,10.014,1,
rome,rome/rome/grafo866.19.graphml,19,21,C,repaired,2,2,2,bound,0,0.001,1,
rome,rome/rome/grafo8660.64.graphml,64,84,C,repaired,6,8,8,refutation,458551,0.382,1,
rome,rome/rome/grafo8661.64.graphml,64,80,C,repaired,4,6,5,refutation,12471,0.04,1,
rome,rome/rome/grafo8612.84.graphml,84,119,C,repaired,6,10,9,,15098505,10.009,1,
rome,rome/rome/grafo8628.85.graphml,85,121,C,repaired,7,10,9,refutation,8120588,6.137,1,
rome,rome/rome/grafo8663.75.graphml,75,96,C,repaired,5,8,7,refutation,358703,0.347,1,
rome,rome/rome/grafo8665.74.graphml,74,94,C,repaired,4,8,7,refutation,212498,0.262,1,
rome,rome/rome/grafo8657.88.graphml,88,110,C,repaired,5,8,8,refutation,4256419,3.407,1,
rome,rome/rome/grafo8619.84.graphml,84,117,C,repaired,7,10,10,,16678912,10.013,1,
rome,rome/rome/grafo8668.91.graphml,91,115,C,repaired,4,8,7,refutation,666290,0.522,1,
rome,rome/rome/grafo8667.96.graphml,96,130,C,repaired,6,8,8,refutation,2131142,1.675,1,
rome,rome/rome/grafo867.12.graphml,12,11,C,repaired,1,2,2,refutation,12,0.001,1,
rome,rome/rome/grafo8670.89.graphml,89,109,C,repaired,4,7,5,refutation,13711,0.046,1,
rome,rome/rome/grafo8669.91.graphml,91,116,C,repaired,4,7,7,refutation,315594,0.306,1,
rome,rome/rome/grafo8671.93.graphml,93,114,C,repaired,4,7,6,refutation,195378,0.206,1,
rome,rome/rome/grafo8672.71.graphml,71,98,C,repaired,6,8,8,refutation,516378,0.456,1,
rome,rome/rome/grafo8666.85.graphml,85,110,C,repaired,6,9,8,refutation,2837631,2.616,1,
rome,rome/rome/grafo8629.84.graphml,84,114,C,repaired,6,9,9,,13983744,10.013,1,
rome,rome/rome/grafo8631.87.graphml,87,124,C,repaired,6,10,10,,15515648,10.008,1,
rome,rome/rome/grafo8632.84.graphml,84,111,C,repaired,5,9,9,,17526784,10.012,1,
rome,rome/rome/grafo8678.73.graphml,73,108,C,repaired,5,8,7,refutation,144427,0.191,1,
rome,rome/rome/grafo8677.74.graphml,74,96,C,repaired,5,8,7,refutation,443062,0.464,1,
rome,rome/rome/grafo8679.73.graphml,73,93,C,repaired,4,7,6,refutation,68963,0.108,1,
rome,rome/rome/grafo868.12.graphml,12,12,C,repaired,2,2,2,bound,0,0.0,1,
rome,rome/rome/grafo8680.73.graphml,73,95,C,repaired,5,8,7,refutation,392766,0.342,1,
rome,rome/rome/grafo8645.92.graphml,92,129,C,repaired,7,11,10,,12861505,10.012,1,
rome,rome/rome/grafo8682.87.graphml,87,108,C,repaired,4,8,7,refutation,1162504,0.962,1,
rome,rome/rome/grafo8646.92.graphml,92,135,C,repaired,7,11,9,,16930091,10.011,1,
rome,rome/rome/grafo8647.91.graphml,91,131,C,repaired,6,11,11,,14966784,10.014,1,
rome,rome/rome/grafo8685.74.graphml,74,94,C,repaired,4,6,6,refutation,58194,0.108,1,
rome,rome/rome/grafo8683.79.graphml,79,102,C,repaired,5,8,7,refutation,409609,0.387,1,
rome,rome/rome/grafo8686.89.graphml,89,113,C,repaired,5,8,6,refutation,228802,0.266,1,
rome,rome/rome/grafo8650.91.graphml,91,130,C,repaired,6,10,10,,21553152,10.012,1,
rome,rome/rome/grafo869.10.graphml,10,10,C,repaired,2,2,2,bound,0,0.0,1,
rome,rome/rome/grafo8651.92.graphml,92,126,C,repaired,6,10,10,,16560128,10.013,1,
rome,rome/rome/grafo8655.95.graphml,95,135,C,repaired,7,11,10,,16064575,10.009,1,
rome,rome/rome/grafo8690.85.graphml,85,107,C,repaired,4,7,6,refutation,321328,0.334,1,
rome,rome/rome/grafo8658.89.graphml,89,127,C,repaired,7,10,9,,13288111,10.009,1,
rome,rome/rome/grafo8659.92.graphml,92,135,C,repaired,7,11,10,,13591624,10.013,1,
rome,rome/rome/grafo8693.86.graphml,86,109,C,repaired,5,7,7,refutation,871356,0.665,1,
rome,rome/rome/grafo8696.73.graphml,73,104,C,repaired,5,8,7,refutation,141506,0.178,1,
rome,rome/rome/grafo8697.74.graphml,74,94,C,repaired,4,7,6,refutation,139006,0.189,1,
rome,rome/rome/grafo8662.91.graphml,91,133,C,repaired,6,11,10,,14460259,10.014,1,
rome,rome/rome/grafo8698.73.graphml,73,93,C,repaired,5,7,6,refutation,28404,0.066,1,
rome,rome/rome/grafo870.10.graphml,10,10,C,repaired,2,2,2,bound,0,0.0,1,
rome,rome/rome/grafo8695.85.graphml,85,112,C,repaired,6,9,8,refutation,1069318,1.043,1,
rome,rome/rome/grafo8691.89.graphml,89,117,C,repaired,6,9,8,refutation,2421871,1.936,1,
rome,rome/rome/grafo8700.74.graphml,74,95,C,repaired,4,8,8,refutation,495209,0.485,1,
rome,rome/rome/grafo8703.74.graphml,74,99,C,repaired,5,8,7,refutation,313404,0.312,1,
rome,rome/rome/grafo8664.89.graphml,89,124,C,repaired,6,10,10,,16736256,10.009,1,
rome,rome/rome/grafo8704.97.graphml,97,127,C,repaired,6,8,7,refutation,1105119,1.113,1,
rome,rome/rome/grafo8702.91.graphml,91,129,C,repaired,6,8,8,refutation,2678125,1.784,1,
rome,rome/rome/grafo8705.82.graphml,82,108,C,repaired,6,8,7,refutation,1398957,0.888,1,
rome,rome/rome/grafo8707.92.graphml,92,116,C,repaired,5,7,7,refutation,801474,0.558,1,
rome,rome/rome/grafo8708.96.graphml,96,123,C,repaired,5,8,7,refutation,704743,0.52,1,
rome,rome/rome/grafo871.14.graphml,14,17,C,repaired,3,3,3,bound,0,0.001,1,
rome,rome/rome/grafo8710.98.graphml,98,126,C,repaired,5,8,7,refutation,962143,0.801,1,
rome,rome/rome/grafo8673.98.graphml,98,140,C,repaired,7,11,11,,13553664,10.012,1,
rome,rome/rome/grafo8674.100.graphml,100,135,C,repaired,7,10,10,,13365248,10.014,1,
rome,rome/rome/grafo8713.93.graphml,93,114,C,repaired,4,6,5,refutation,20313,0.06,1,
rome,rome/rome/grafo8675.93.graphml,93,130,C,repaired,7,10,10,,12828672,10.01,1,
rome,rome/rome/grafo8711.90.graphml,90,121,C,repaired,5,8,7,refutation,771563,0.73,1,
rome,rome/rome/grafo8714.73.graphml,73,82,C,repaired,4,5,4,bound,84,0.005,1,
rome,rome/rome/grafo8712.90.graphml,90,119,C,repaired,6,8,7,refutation,533896,0.484,1,
rome,rome/rome/grafo8715.93.graphml,93,120,C,repaired,5,7,7,refutation,194119,0.209,1,
rome,rome/rome/grafo8716.80.graphml,80,101,C,repaired,5,7,7,refutation,544021,0.496,1,
rome,rome/rome/grafo8717.90.graphml,90,118,C,repaired,6,8,8,refutation,541659,0.494,1,
rome,rome/rome/grafo872.24.graphml,24,28,C,repaired,3,3,3,bound,0,0.001,1,
rome,rome/rome/grafo8709.87.graphml,87,111,C,repaired,6,9,8,refutation,2777585,2.596,1,
rome,rome/rome/grafo8676.94.graphml,94,127,C,repaired,6,10,9,,13329024,10.007,1,
rome,rome/rome/grafo8699.97.graphml,97,126,C,repaired,5,8,8,refutation,7268833,5.755,1,
rome,rome/rome/grafo8721.74.graphml,74,97,C,repaired,5,8,7,refutation,257791,0.255,1,
rome,rome/rome/grafo8723.73.graphml,73,94,C,repaired,5,8,7,refutation,191560,0.22,1,
rome,rome/rome/grafo8722.73.graphml,73,97,C,repaired,5,8,8,refutation,942584,0.743,1,
rome,rome/rome/grafo8681.86.graphml,86,126,C,repaired,6,10,9,,17391503,10.011,1,
rome,rome/rome/grafo8727.79.graphml,79,96,C,repaired,4,7,6,refutation,227719,0.225,1,
rome,rome/rome/grafo8688.89.graphml,89,123,C,repaired,5,10,9,refutation,13435859,8.949,1,
rome,rome/rome/grafo873.20.graphml,20,25,C,repaired,3,3,3,bound,0,0.001,1,
rome,rome/rome/grafo8684.86.graphml,86,118,C,repaired,6,10,10,,19345408,10.008,1,
rome,rome/rome/grafo8687.86.graphml,86,129,C,repaired,6,11,10,,13969101,10.012,1,
rome,rome/rome/grafo8689.87.graphml,87,127,C,repaired,7,11,10,,16336882,10.011,1,
rome,rome/rome/grafo8725.86.graphml,86,121,C,repaired,5,9,8,refutation,2976363,2.406,1,
rome,rome/rome/grafo8724.89.graphml,89,116,C,repaired,6,9,8,refutation,3301356,2.57,1,
rome,rome/rome/grafo8728.87.graphml,87,118,C,repaired,6,9,8,refutation,2156407,1.992,1,
rome,rome/rome/grafo8730.86.graphml,86,119,C,repaired,6,9,8,refutation,1537302,1.441,1,
rome,rome/rome/grafo8734.89.graphml,89,109,C,repaired,5,7,6,refutation,340772,0.387,1,
rome,rome/rome/grafo8692.87.graphml,87,127,C,repaired,7,10,10,,14508032,10.012,1,
rome,rome/rome/grafo8732.88.graphml,88,110,C,repaired,5,8,7,refutation,914269,0.846,1,
rome,rome/rome/grafo874.20.graphml,20,25,C,repaired,3,3,3,bound,0,0.001,1,
rome,rome/rome/grafo8694.81.graphml,81,122,C,repaired,6,10,10,,15151104,10.012,1,
rome,rome/rome/grafo8735.60.graphml,60,86,C,repaired,5,9,8,refutation,1014878,0.647,1,
rome,rome/rome/grafo8731.88.graphml,88,115,C,repaired,5,9,8,refutation,2339325,1.73,1,
rome,rome/rome/grafo8741.87.graphml,87,109,C,repaired,5,7,7,refutation,991364,0.589,1,
rome,rome/rome/grafo8738.66.graphml,66,98,C,repaired,5,9,9,refutation,1569099,1.192,1,
rome,rome/rome/grafo8701.90.graphml,90,130,C,repaired,6,11,11,,13406208,10.012,1,
rome,rome/rome/grafo8742.88.graphml,88,115,C,repaired,5,8,8,refutation,1683674,1.428,1,
rome,rome/rome/grafo8736.91.graphml,91,114,C,repaired,5,8,8,refutation,2770549,2.127,1,
rome,rome/rome/grafo8748.88.graphml,88,107,C,repaired,3,6,5,refutation,44008,0.071,1,
rome,rome/rome/grafo8737.90.graphml,90,124,C,repaired,6,9,8,refutation,2637941,2.156,1,
rome,rome/rome/grafo875.20.graphml,20,21,C,repaired,2,3,2,bound,17,0.001,1,
rome,rome/rome/grafo8749.65.graphml,65,91,C,repaired,5,7,7,refutation,194208,0.186,1,
rome,rome/rome/grafo8751.87.graphml,87,113,C,repaired,5,7,7,refutation,454201,0.42,1,
rome,rome/rome/grafo8743.87.graphml,87,116,C,repaired,6,9,9,refutation,2916658,2.339,1,
rome,rome/rome/grafo8752.88.graphml,88,110,C,repaired,5,8,7,refutation,491808,0.456,1,
rome,rome/rome/grafo8754.91.graphml,91,111,C,repaired,4,6,5,refutation,28239,0.062,1,
rome,rome/rome/grafo8746.93.graphml,93,130,C,repaired,6,9,8,refutation,1777224,1.793,1,
rome,rome/rome/grafo8706.86.graphml,86,113,C,repaired,6,9,9,,18857984,10.012,1,
rome,rome/rome/grafo8756.90.graphml,90,117,C,repaired,5,7,6,refutation,63005,0.114,1,
rome,rome/rome/grafo8757.96.graphml,96,119,C,repaired,5,7,6,refutation,149143,0.173,1,
rome,rome/rome/grafo8758.100.graphml,100,126,C,repaired,5,8,7,refutation,1215772,1.225,1,
rome,rome/rome/grafo876.38.graphml,38,45,C,repaired,3,4,4,refutation,750,0.005,1,
rome,rome/rome/grafo8745.90.graphml,90,127,C,repaired,6,9,9,refutation,5003997,3.785,1,
rome,rome/rome/grafo8750.86.graphml,86,115,C,repaired,5,9,8,refutation,3659599,3.225,1,
rome,rome/rome/grafo8760.71.graphml,71,103,C,repaired,6,9,9,refutation,1087221,0.976,1,
rome,rome/rome/grafo8718.97.graphml,97,122,C,repaired,5,9,8,,15666910,10.01,1,
rome,rome/rome/grafo8719.93.graphml,93,136,C,repaired,7,12,12,,12685312,10.012,1,
rome,rome/rome/grafo8720.100.graphml,100,132,C,repaired,6,10,9,,14364838,10.008,1,
rome,rome/rome/grafo8759.94.graphml,94,124,C,repaired,5,9,8,refutation,3804910,3.241,1,
rome,rome/rome/grafo8726.87.graphml,87,128,C,repaired,7,10,10,,13721600,10.011,1,
rome,rome/rome/grafo8729.87.graphml,87,121,C,repaired,6,10,9,refutation,14939045,9.513,1,
rome,rome/rome/grafo8765.86.graphml,86,117,C,repaired,6,9,8,refutation,1390567,1.306,1,
rome,rome/rome/grafo877.16.graphml,16,17,C,repaired,2,3,2,bound,14,0.001,1,
rome,rome/rome/grafo8770.86.graphml,86,107,C,repaired,5,8,6,refutation,140903,0.185,1,
rome,rome/rome/grafo8771.66.graphml,66,88,C,repaired,5,7,6,refutation,24625,0.058,1,
rome,rome/rome/grafo8769.86.graphml,86,105,C,repaired,4,8,7,refutation,1585200,1.013,1,
rome,rome/rome/grafo8772.79.graphml,79,115,C,repaired,6,10,9,refutation,735911,0.704,1,
rome,rome/rome/grafo8766.87.graphml,87,116,C,repaired,5,9,8,refutation,2757234,2.446,1,
rome,rome/rome/grafo8733.88.graphml,88,121,C,repaired,6,9,9,,17248256,10.009,1,
rome,rome/rome/grafo8773.88.graphml,88,117,C,repaired,5,9,8,refutation,2327493,1.486,1,
rome,rome/rome/grafo8739.99.graphml,99,135,C,repaired,6,11,9,,16423108,10.013,1,
rome,rome/rome/grafo8740.87.graphml,87,115,C,repaired,6,10,9,,17572174,10.009,1,
rome,rome/rome/grafo8763.87.graphml,87,119,C,repaired,6,10,9,refutation,5100500,4.315,1,
rome,rome/rome/grafo8775.96.graphml,96,122,C,repaired,4,8,7,refutation,1003023,0.971,1,
rome,rome/rome/grafo878.13.graphml,13,16,C,repaired,2,3,2,bound,11,0.001,1,
rome,rome/rome/grafo8744.90.graphml,90,127,C,repaired,6,10,10,,18124800,10.011,1,
rome,rome/rome/grafo8768.86.graphml,86,124,C,repaired,6,9,9,refutation,4400496,3.881,1,
rome,rome/rome/grafo8782.88.graphml,88,106,C,repaired,4,7,6,refutation,225477,0.245,1,
rome,rome/rome/grafo8781.88.graphml,88,122,C,repaired,6,9,8,refutation,1539076,1.413,1,
rome,rome/rome/grafo8747.89.graphml,89,130,C,repaired,7,11,10,,15266364,10.015,1,
rome,rome/rome/grafo8776.96.graphml,96,119,C,repaired,5,8,7,refutation,2980534,2.63,1,
rome,rome/rome/grafo8778.90.graphml,90,126,C,repaired,6,9,8,refutation,2517966,2.209,1,
rome,rome/rome/grafo8787.91.graphml,91,119,C,repaired,5,8,7,refutation,426634,0.437,1,
rome,rome/rome/grafo8753.91.graphml,91,125,C,repaired,6,11,11,,14368768,10.011,1,
rome,rome/rome/grafo879.15.graphml,15,20,C,repaired,2,3,2,bound,13,0.001,1,
rome,rome/rome/grafo8755.93.graphml,93,125,C,repaired,5,9,9,,18190336,10.011,1,
rome,rome/rome/grafo8788.91.graphml,91,110,C,repaired,5,7,7,refutation,1416732,1.269,1,
rome,rome/rome/grafo8789.95.graphml,95,123,C,repaired,5,8,8,refutation,1547129,1.35,1,
rome,rome/rome/grafo8785.89.graphml,89,116,C,repaired,5,9,8,refutation,3472653,2.674,1,
rome,rome/rome/grafo8783.85.graphml,85,112,C,repaired,5,9,8,refutation,4270909,3.61,1,
rome,rome/rome/grafo8794.79.graphml,79,109,C,repaired,6,9,7,refutation,495463,0.41,1,
rome,rome/rome/grafo8761.89.graphml,89,117,C,repaired,6,9,9,,13926400,10.014,1,
rome,rome/rome/grafo8762.86.graphml,86,116,C,repaired,6,10,9,,15028321,10.01,1,
rome,rome/rome/grafo8798.93.graphml,93,116,C,repaired,6,8,7,refutation,648122,0.491,1,
rome,rome/rome/grafo8764.87.graphml,87,125,C,repaired,7,10,10,,17891328,10.009,1,
rome,rome/rome/grafo880.17.graphml,17,16,C,repaired,1,2,2,refutation,19,0.001,1,
rome,rome/rome/grafo8799.90.graphml,90,113,C,repaired,4,8,7,refutation,692916,0.715,1,
rome,rome/rome/grafo8797.100.graphml,100,129,C,repaired,5,8,7,refutation,1647606,1.548,1,
rome,rome/rome/grafo8767.86.graphml,86,118,C,repaired,6,9,9,,13836288,10.011,1,
rome,rome/rome/grafo8795.86.graphml,86,112,C,repaired,6,9,8,refutation,3265051,2.79,1,
rome,rome/rome/grafo8804.87.graphml,87,130,C,repaired,6,9,8,refutation,388018,0.424,1,
rome,rome/rome/grafo8774.88.graphml,88,129,C,repaired,7,10,9,,13488237,10.013,1,
rome,rome/rome/grafo8777.98.graphml,98,140,C,repaired,7,11,10,,19325276,10.009,1,
rome,rome/rome/grafo8779.88.graphml,88,123,C,repaired,7,10,9,,21216884,10.008,1,
rome,rome/rome/grafo8780.96.graphml,96,141,C,repaired,6,10,9,,14062117,10.011,1,
rome,rome/rome/grafo8808.91.graphml,91,116,C,repaired,4,7,6,refutation,101194,0.121,1,
rome,rome/rome/grafo881.10.graphml,10,9,C,repaired,1,1,1,bound,0,0.0,1,
rome,rome/rome/grafo8810.88.graphml,88,119,C,repaired,5,7,7,refutation,112073,0.145,1,
rome,rome/rome/grafo8809.94.graphml,94,116,C,repaired,4,7,6,refutation,252585,0.285,1,
rome,rome/rome/grafo8805.80.graphml,80,124,C,repaired,7,10,9,refutation,2811189,2.631,1,
rome,rome/rome/grafo8806.98.graphml,98,121,C,repaired,5,8,7,refutation,1906783,1.82,1,
rome,rome/rome/grafo8784.94.graphml,94,130,C,repaired,7,10,9,,13671263,10.009,1,
rome,rome/rome/grafo8801.91.graphml,91,127,C,repaired,7,10,9,refutation,5081546,4.756,1,
rome,rome/rome/grafo8815.87.graphml,87,110,C,repaired,5,7,6,refutation,354541,0.341,1,
rome,rome/rome/grafo8786.91.graphml,91,126,C,repaired,6,9,9,,13086720,10.011,1,
rome,rome/rome/grafo8816.67.graphml,67,100,C,repaired,6,9,9,refutation,828930,0.724,1,
rome,rome/rome/grafo8790.97.graphml,97,133,C,repaired,7,10,10,,14147584,10.012,1,
rome,rome/rome/grafo882.26.graphml,26,27,C,repaired,2,3,2,bound,24,0.001,1,
rome,rome/rome/grafo8791.94.graphml,94,136,C,repaired,6,11,10,,19660685,10.01,1,
rome,rome/rome/grafo8792.98.graphml,98,132,C,repaired,6,10,9,,15565776,10.013,1,
rome,rome/rome/grafo8793.100.graphml,100,138,C,repaired,6,10,10,,12546048,10.012,1,
rome,rome/rome/grafo8819.87.graphml,87,118,C,repaired,6,9,8,refutation,2197457,1.816,1,
rome,rome/rome/grafo8796.88.graphml,88,122,C,repaired,6,10,9,,18081444,10.013,1,
rome,rome/rome/grafo8820.92.graphml,92,121,C,repaired,5,8,8,refutation,2618885,2.213,1,
rome,rome/rome/grafo8800.93.graphml,93,129,C,repaired,6,10,9,,16216150,10.012,1,
rome,rome/rome/grafo8827.64.graphml,64,90,C,repaired,6,9,7,refutation,378910,0.295,1,
rome,rome/rome/grafo8802.91.graphml,91,131,C,repaired,7,10,9,,14405703,10.012,1,
rome,rome/rome/grafo8814.88.graphml,88,125,C,repaired,6,10,9,refutation,9379706,6.081,1,
rome,rome/rome/grafo8803.96.graphml,96,135,C,repaired,6,9,9,,13463552,10.014,1,
rome,rome/rome/grafo883.14.graphml,14,15,C,repaired,2,3,2,bound,16,0.001,1,
rome,rome/rome/grafo8824.91.graphml,91,120,C,repaired,5,9,8,refutation,3946154,3.674,1,
rome,rome/rome/grafo8830.88.graphml,88,123,C,repaired,6,9,8,refutation,1401637,1.212,1,
rome,rome/rome/grafo8831.91.graphml,91,111,C,repaired,5,8,7,refutation,1276742,1.193,1,
rome,rome/rome/grafo8832.91.graphml,91,115,C,repaired,5,8,7,refutation,818556,0.767,1,
rome,rome/rome/grafo8834.87.graphml,87,112,C,repaired,5,8,7,refutation,1278605,1.125,1,
rome,rome/rome/grafo8828.89.graphml,89,114,C,repaired,5,9,8,refutation,3664282,3.164,1,
rome,rome/rome/grafo8829.87.graphml,87,120,C,repaired,6,10,9,refutation,4457961,3.153,1,
rome,rome/rome/grafo8807.87.graphml,87,131,C,repaired,7,12,11,,19227221,10.011,1,
rome,rome/rome/grafo8839.89.graphml,89,113,C,repaired,6,8,7,refutation,694309,0.496,1,
rome,rome/rome/grafo884.17.graphml,17,23,C,repaired,3,3,3,bound,0,0.001,1,
rome,rome/rome/grafo8811.96.graphml,96,127,C,repaired,5,9,9,,20414464,10.013,1,
rome,rome/rome/grafo8812.99.graphml,99,155,C,repaired,7,13,13,,15683584,10.011,1,
rome,rome/rome/grafo8813.88.graphml,88,125,C,repaired,6,9,9,,12824576,10.013,1,
rome,rome/rome/grafo8838.83.graphml,83,114,C,repaired,6,9,8,refutation,1273997,1.196,1,
rome,rome/rome/grafo8833.94.graphml,94,127,C,repaired,5,9,8,refutation,3654959,3.223,1,
rome,rome/rome/grafo8817.88.graphml,88,127,C,repaired,7,12,11,,12349860,10.012,1,
rome,rome/rome/grafo8818.89.graphml,89,121,C,repaired,5,9,9,,17342464,10.008,1,
rome,rome/rome/grafo8843.96.graphml,96,121,C,repaired,5,7,7,refutation,1284426,1.107,1,
rome,rome/rome/grafo8835.87.graphml,87,117,C,repaired,5,9,9,refutation,3530838,3.307,1,
rome,rome/rome/grafo8849.65.graphml,65,78,C,repaired,4,6,5,refutation,17765,0.044,1,
rome,rome/rome/grafo885.18.graphml,18,24,C,repaired,3,3,3,bound,0,0.001,1,
rome,rome/rome/grafo8847.60.graphml,60,83,C,repaired,5,8,7,refutation,186817,0.171,1,
rome,rome/rome/grafo8841.88.graphml,88,118,C,repaired,6,8,8,refutation,1680110,1.554,1,
rome,rome/rome/grafo8845.92.graphml,92,115,C,repaired,5,8,7,refutation,1012809,0.951,1,
rome,rome/rome/grafo8844.88.graphml,88,114,C,repaired,4,9,8,refutation,1805553,1.511,1,
rome,rome/rome/grafo8850.90.graphml,90,119,C,repaired,5,8,8,refutation,1043047,0.919,1,
rome,rome/rome/grafo8852.90.graphml,90,117,C,repaired,5,8,7,refutation,817368,0.776,1,
rome,rome/rome/grafo8821.94.graphml,94,131,C,repaired,7,11,11,,15536128,10.012,1,
rome,rome/rome/grafo8822.88.graphml,88,120,C,repaired,7,9,9,,15351808,10.008,1,
rome,rome/rome/grafo8823.93.graphml,93,136,C,repaired,8,12,11,,12507497,10.011,1,
rome,rome/rome/grafo8853.89.graphml,89,118,C,repaired,6,8,8,refutation,1930249,1.587,1,
rome,rome/rome/grafo886.15.graphml,15,15,C,repaired,2,2,2,bound,0,0.0,1,
rome,rome/rome/grafo8859.89.graphml,89,102,C,repaired,4,6,5,refutation,55312,0.094,1,
rome,rome/rome/grafo8860.73.graphml,73,101,C,repaired,5,7,7,refutation,154513,0.175,1,
rome,rome/rome/grafo8861.94.graphml,94,107,C,repaired,4,7,5,refutation,130193,0.163,1,
rome,rome/rome/grafo8862.89.graphml,89,108,C,repaired,4,6,5,refutation,16114,0.048,1,
rome,rome/rome/grafo8825.92.graphml,92,124,C,repaired,6,9,9,,16146432,10.013,1,
rome,rome/rome/grafo8863.94.graphml,94,121,C,repaired,6,8,7,refutation,696605,0.642,1,
rome,rome/rome/grafo8826.100.graphml,100,152,C,repaired,8,12,11,,11174997,10.011,1,
rome,rome/rome/grafo8868.60.graphml,60,75,C,repaired,4,6,5,refutation,9991,0.037,1,
rome,rome/rome/grafo8869.60.graphml,60,79,C,repaired,4,6,5,refutation,10196,0.036,1,
rome,rome/rome/grafo887.13.graphml,13,15,C,repaired,3,3,3,bound,0,0.0,1,
rome,rome/rome/grafo8870.60.graphml,60,75,C,repaired,3,5,4,refutation,2136,0.012,1,
rome,rome/rome/grafo8871.64.graphml,64,85,C,repaired,5,7,6,refutation,33116,0.069,1,
rome,rome/rome/grafo8848.90.graphml,90,116,C,repaired,5,9,8,refutation,6270305,5.314,1,
rome,rome/rome/grafo8873.88.graphml,88,105,C,repaired,4,6,5,refutation,33189,0.072,1,
rome,rome/rome/grafo8874.60.graphml,60,89,C,repaired,6,8,7,refutation,67623,0.101,1,
rome,rome/rome/grafo8836.88.graphml,88,121,C,repaired,7,10,10,,17178624,10.011,1,
rome,rome/rome/grafo8837.87.graphml,87,123,C,repaired,6,10,10,,18399232,10.008,1,
rome,rome/rome/grafo8875.98.graphml,98,131,C,repaired,6,9,8,refutation,2819964,2.513,1,
rome,rome/rome/grafo8840.90.graphml,90,117,C,repaired,6,9,9,,15613952,10.009,1,
rome,rome/rome/grafo8842.89.graphml,89,122,C,repaired,6,10,9,,11780192,10.013,1,
rome,rome/rome/grafo888.12.graphml,12,13,C,repaired,2,3,2,bound,12,0.001,1,
rome,rome/rome/grafo8879.92.graphml,92,119,C,repaired,5,8,7,refutation,922927,0.653,1,
rome,rome/rome/grafo8846.94.graphml,94,121,C,repaired,5,10,9,,15380623,10.011,1,
rome,rome/rome/grafo8883.71.graphml,71,86,C,repaired,4,6,5,refutation,17933,0.049,1,
rome,rome/rome/grafo8884.64.graphml,64,88,C,repaired,5,8,7,refutation,194812,0.183,1,
rome,rome/rome/grafo8851.90.graphml,90,116,C,repaired,5,9,8,,14086204,10.013,1,
rome,rome/rome/grafo8854.89.graphml,89,123,C,repaired,6,10,9,,14981819,10.007,1,
rome,rome/rome/grafo8855.100.graphml,100,134,C,repaired,6,10,9,,14338629,10.011,1,
rome,rome/rome/grafo8856.97.graphml,97,126,C,repaired,5,9,9,,13778944,10.011,1,
rome,rome/rome/grafo8857.99.graphml,99,135,C,repaired,6,10,10,,16973824,10.009,1,
rome,rome/rome/grafo889.21.graphml,21,28,C,repaired,3,3,3,bound,0,0.001,1,
rome,rome/rome/grafo8889.89.graphml,89,119,C,repaired,5,8,7,refutation,437383,0.388,1,
rome,rome/rome/grafo8885.88.graphml,88,116,C,repaired,6,9,8,refutation,1867759,1.59,1,
rome,rome/rome/grafo8858.92.graphml,92,127,C,repaired,6,10,9,,16321616,10.008,1,
rome,rome/rome/grafo8886.91.graphml,91,122,C,repaired,5,9,8,refutation,2139625,1.941,1,
rome,rome/rome/grafo8894.60.graphml,60,72,C,repaired,4,6,5,refutation,6248,0.031,1,
rome,rome/rome/grafo8890.95.graphml,95,123,C,repaired,5,8,7,refutation,963697,0.861,1,
rome,rome/rome/grafo8891.90.graphml,90,114,C,repaired,5,8,7,refutation,880122,0.783,1,
rome,rome/rome/grafo8895.78.graphml,78,104,C,repaired,4,7,6,refutation,83722,0.133,1,
rome,rome/rome/grafo8896.60.graphml,60,79,C,repaired,5,7,5,bound,1456,0.009,1,
rome,rome/rome/grafo8898.60.graphml,60,78,C,repaired,5,7,5,bound,8438,0.03,1,
rome,rome/rome/grafo890.13.graphml,13,16,C,repaired,3,3,3,bound,0,0.0,1,
rome,rome/rome/grafo8864.98.graphml,98,141,C,repaired,6,11,11,,17694720,10.011,1,
rome,rome/rome/grafo8865.100.graphml,100,135,C,repaired,6,11,10,,14590886,10.011,1,
rome,rome/rome/grafo8867.97.graphml,97,147,C,repaired,7,11,11,,14360576,10.012,1,
rome,rome/rome/grafo8887.89.graphml,89,124,C,repaired,6,9,8,refutation,3839807,2.679,1,
rome,rome/rome/grafo8899.89.graphml,89,116,C,repaired,5,8,7,refutation,1144669,1.035,1,
rome,rome/rome/grafo8872.88.graphml,88,117,C,repaired,6,10,9,,15168863,10.008,1,
rome,rome/rome/grafo8906.75.graphml,75,97,C,repaired,5,8,8,refutation,700946,0.554,1,
rome,rome/rome/grafo8903.97.graphml,97,118,C,repaired,5,8,7,refutation,1912315,1.48,1,
rome,rome/rome/grafo8877.88.graphml,88,132,C,repaired,5,10,10,refutation,7657832,6.759,1,
rome,rome/rome/grafo891.13.graphml,13,13,C,repaired,2,2,2,bound,0,0.0,1,
rome,rome/rome/grafo8907.97.graphml,97,125,C,repaired,6,8,7,refutation,1372529,1.17,1,
rome,rome/rome/grafo8902.89.graphml,89,119,C,repaired,6,9,8,refutation,4552541,3.389,1,
rome,rome/rome/grafo8876.88.graphml,88,127,C,repaired,6,10,9,,13658842,10.011,1,
rome,rome/rome/grafo8878.93.graphml,93,130,C,repaired,6,10,9,,20827861,10.009,1,
rome,rome/rome/grafo8913.88.graphml,88,107,C,repaired,5,8,7,refutation,571440,0.561,1,
rome,rome/rome/grafo8911.100.graphml,100,128,C,repaired,6,9,8,refutation,4351527,3.025,1,
rome,rome/rome/grafo8916.91.graphml,91,101,C,repaired,4,7,5,refutation,84565,0.1,1,
rome,rome/rome/grafo8912.90.graphml,90,117,C,repaired,6,8,8,refutation,3074543,2.621,1,
rome,rome/rome/grafo8914.88.graphml,88,107,C,repaired,5,8,7,refutation,571440,0.519,1,
rome,rome/rome/grafo8881.91.graphml,91,130,C,repaired,6,9,9,,12357632,10.012,1,
rome,rome/rome/grafo892.23.graphml,23,25,C,repaired,2,3,2,bound,36,0.001,1,
rome,rome/rome/grafo8919.92.graphml,92,117,C,repaired,5,7,6,refutation,109147,0.155,1,
rome,rome/rome/grafo8920.94.graphml,94,121,C,repaired,4,6,6,refutation,48890,0.094,1,
rome,rome/rome/grafo8882.100.graphml,100,158,C,repaired,8,13,13,,12230656,10.009,1,
rome,rome/rome/grafo8918.96.graphml,96,121,C,repaired,5,8,7,refutation,1362506,1.115,1,
rome,rome/rome/grafo8917.66.graphml,66,100,C,repaired,6,10,9,refutation,2154532,1.584,1,
rome,rome/rome/grafo8897.88.graphml,88,131,C,repaired,7,10,9,refutation,10637388,8.099,1,
rome,rome/rome/grafo8888.99.graphml,99,125,C,repaired,6,9,8,,16242966,10.008,1,
rome,rome/rome/grafo8892.100.graphml,100,140,C,repaired,7,10,10,,15286272,10.014,1,
rome,rome/rome/grafo8893.96.graphml,96,144,C,repaired,7,10,10,,18432000,10.011,1,
rome,rome/rome/grafo8915.91.graphml,91,118,C,repaired,5,9,8,refutation,4029233,3.539,1,
rome,rome/rome/grafo893.17.graphml,17,21,C,repaired,2,3,2,bound,16,0.001,1,
rome,rome/rome/grafo8928.74.graphml,74,99,C,repaired,5,8,7,refutation,248400,0.219,1,
rome,rome/rome/grafo8931.60.graphml,60,77,C,repaired,4,6,6,refutation,47789,0.077,1,
rome,rome/rome/grafo8900.94.graphml,94,126,C,repaired,7,10,9,,16223323,10.01,1,
rome,rome/rome/grafo8933.60.graphml,60,88,C,repaired,6,8,8,refutation,139831,0.126,1,
rome,rome/rome/grafo8909.89.graphml,89,124,C,repaired,7,9,9,refutation,12241849,8.477,1,
rome,rome/rome/grafo8904.92.graphml,92,124,C,repaired,6,10,9,,14666215,10.009,1,
rome,rome/rome/grafo8905.100.graphml,100,127,C,repaired,5,9,8,,16143921,10.011,1,
rome,rome/rome/grafo8926.89.graphml,89,122,C,repaired,6,9,8,refutation,3802087,3.398,1,
rome,rome/rome/grafo8932.89.graphml,89,118,C,repaired,5,9,8,refutation,2504659,1.981,1,
rome,rome/rome/grafo8908.96.graphml,96,135,C,repaired,7,11,10,,15372773,10.011,1,
rome,rome/rome/grafo8937.90.graphml,90,120,C,repaired,5,8,8,refutation,705656,0.587,1,
rome,rome/rome/grafo894.16.graphml,16,24,C,repaired,3,4,3,bound,17,0.001,1,
rome,rome/rome/grafo8939.75.graphml,75,93,C,repaired,5,7,6,refutation,57077,0.097,1,
rome,rome/rome/grafo8940.88.graphml,88,109,C,repaired,5,7,6,refutation,86611,0.136,1,
rome,rome/rome/grafo8941.90.graphml,90,113,C,repaired,4,7,6,refutation,54129,0.098,1,
rome,rome/rome/grafo8936.94.graphml,94,127,C,repaired,6,9,8,refutation,1447233,1.16,1,
rome,rome/rome/grafo8910.91.graphml,91,124,C,repaired,6,9,9,,18149376,10.009,1,
rome,rome/rome/grafo8938.90.graphml,90,121,C,repaired,5,9,9,refutation,2642076,1.669,1,
rome,rome/rome/grafo8935.88.graphml,88,122,C,repaired,7,8,8,refutation,3562752,2.758,1,
rome,rome/rome/grafo8947.89.graphml,89,116,C,repaired,4,7,6,refutation,233968,0.289,1,
rome,rome/rome/grafo8929.91.graphml,91,126,C,repaired,6,10,9,refutation,4742499,4.361,1,
rome,rome/rome/grafo895.12.graphml,12,11,C,repaired,1,2,2,refutation,12,0.001,1,
rome,rome/rome/grafo8950.67.graphml,67,76,C,repaired,3,5,4,refutation,3235,0.018,1,
rome,rome/rome/grafo8930.97.graphml,97,127,C,repaired,6,9,8,refutation,6731013,6.151,1,
rome,rome/rome/grafo8934.88.graphml,88,124,C,repaired,6,9,9,refutation,7049117,5.377,1,
rome,rome/rome/grafo8949.94.graphml,94,122,C,repaired,6,9,8,refutation,2695668,2.473,1,
rome,rome/rome/grafo8921.98.graphml,98,152,C,repaired,7,13,13,,12218368,10.011,1,
rome,rome/rome/grafo8922.92.graphml,92,130,C,repaired,6,10,9,,15925339,10.012,1,
rome,rome/rome/grafo8923.90.graphml,90,131,C,repaired,7,11,10,,12345917,10.011,1,
rome,rome/rome/grafo8924.89.graphml,89,125,C,repaired,6,10,9,,16875713,10.008,1,
rome,rome/rome/grafo8925.89.graphml,89,121,C,repaired,6,10,9,,13582494,10.011,1,
rome,rome/rome/grafo8946.90.graphml,90,125,C,repaired,6,9,9,refutation,8234518,6.119,1,
rome,rome/rome/grafo896.16.graphml,16,24,C,repaired,4,4,4,bound,0,0.001,1,
rome,rome/rome/grafo8927.88.graphml,88,127,C,repaired,7,10,10,,19595264,10.011,1,
rome,rome/rome/grafo8958.89.graphml,89,122,C,repaired,7,9,8,refutation,2776479,1.932,1,
rome,rome/rome/grafo8962.93.graphml,93,109,C,repaired,4,7,6,refutation,473489,0.343,1,
rome,rome/rome/grafo8948.88.graphml,88,129,C,repaired,7,10,9,refutation,10051919,6.841,1,
rome,rome/rome/grafo8952.90.graphml,90,128,C,repaired,7,10,9,refutation,5694006,4.931,1,
rome,rome/rome/grafo8964.89.graphml,89,110,C,repaired,4,7,6,refutation,289181,0.241,1,
rome,rome/rome/grafo8955.96.graphml,96,121,C,repaired,5,9,8,refutation,4856177,4.095,1,
rome,rome/rome/grafo8967.95.graphml,95,122,C,repaired,5,6,6,refutation,128231,0.168,1,
rome,rome/rome/grafo8961.75.graphml,75,122,C,repaired,7,11,10,refutation,2548312,2.127,1,
rome,rome/rome/grafo8966.89.graphml,89,107,C,repaired,4,7,6,refutation,295040,0.283,1,
rome,rome/rome/grafo897.12.graphml,12,12,C,repaired,2,2,2,bound,0,0.0,1,
rome,rome/rome/grafo8968.90.graphml,90,116,C,repaired,4,7,6,refutation,87414,0.121,1,
rome,rome/rome/grafo8971.63.graphml,63,75,C,repaired,4,6,6,refutation,66104,0.099,1,
rome,rome/rome/grafo8942.96.graphml,96,127,C,repaired,6,9,9,,17678336,10.009,1,
rome,rome/rome/grafo8965.92.graphml,92,109,C,repaired,5,7,7,refutation,2060058,1.285,1,
rome,rome/rome/grafo8943.98.graphml,98,146,C,repaired,7,12,11,,14623307,10.011,1,
rome,rome/rome/grafo8944.97.graphml,97,126,C,repaired,6,9,9,,15413248,10.012,1,
rome,rome/rome/grafo8974.79.graphml,79,100,C,repaired,5,7,6,refutation,71259,0.103,1,
rome,rome/rome/grafo8945.94.graphml,94,132,C,repaired,6,11,10,,14606134,10.01,1,
rome,rome/rome/grafo8972.77.graphml,77,111,C,repaired,6,9,9,refutation,1014256,0.832,1,
rome,rome/rome/grafo8975.72.graphml,72,87,C,repaired,4,7,6,refutation,105746,0.139,1,
rome,rome/rome/grafo8977.66.graphml,66,81,C,repaired,4,6,6,refutation,28649,0.064,1,
rome,rome/rome/grafo898.10.graphml,10,9,C,repaired,1,2,2,refutation,10,0.0,1,
rome,rome/rome/grafo8978.63.graphml,63,98,C,repaired,6,9,8,refutation,109757,0.135,1,
rome,rome/rome/grafo8979.80.graphml,80,97,C,repaired,5,7,6,refutation,104721,0.15,1,
rome,rome/rome/grafo8983.63.graphml,63,95,C,repaired,6,8,8,refutation,256276,0.243,1,
rome,rome/rome/grafo8973.70.graphml,70,95,C,repaired,5,8,8,refutation,912525,0.772,1,
rome,rome/rome/grafo8984.66.graphml,66,92,C,repaired,5,8,7,refutation,114378,0.127,1,
rome,rome/rome/grafo8959.90.graphml,90,121,C,repaired,6,10,9,refutation,5431933,5.244,1,
rome,rome/rome/grafo8985.73.graphml,73,102,C,repaired,6,9,7,refutation,540911,0.391,1,
rome,rome/rome/grafo8986.65.graphml,65,101,C,repaired,6,9,8,refutation,480113,0.365,1,
rome,rome/rome/grafo8988.69.graphml,69,82,C,repaired,4,6,5,refutation,27296,0.062,1,
rome,rome/rome/grafo899.14.graphml,14,15,C,repaired,2,2,2,bound,0,0.0,1,
rome,rome/rome/grafo8989.62.graphml,62,80,C,repaired,5,7,6,refutation,20767,0.054,1,
rome,rome/rome/grafo8987.65.graphml,65,101,C,repaired,6,9,8,refutation,480113,0.403,1,
rome,rome/rome/grafo8990.61.graphml,61,79,C,repaired,4,7,7,refutation,174813,0.171,1,
rome,rome/rome/grafo8992.66.graphml,66,95,C,repaired,6,8,8,refutation,486196,0.411,1,
rome,rome/rome/grafo8951.93.graphml,93,125,C,repaired,5,10,9,,14856268,10.013,1,
rome,rome/rome/grafo8995.69.graphml,69,90,C,repaired,5,7,6,refutation,48963,0.078,1,
rome,rome/rome/grafo8996.67.graphml,67,87,C,repaired,5,8,7,refutation,216348,0.212,1,
rome,rome/rome/grafo8981.93.graphml,93,121,C,repaired,5,9,8,refutation,2058359,2.085,1,
rome,rome/rome/grafo8993.87.graphml,87,123,C,repaired,6,9,8,refutation,1647542,1.155,1,
rome,rome/rome/grafo8994.73.graphml,73,98,C,repaired,5,9,8,refutation,1112503,0.994,1,
rome,rome/rome/grafo8980.95.graphml,95,122,C,repaired,5,8,8,refutation,3353528,2.688,1,
rome,rome/rome/grafo900.11.graphml,11,13,C,repaired,2,2,2,bound,0,0.0,1,
rome,rome/rome/grafo8982.80.graphml,80,106,C,repaired,5,9,8,refutation,3505347,2.706,1,
rome,rome/rome/grafo9000.64.graphml,64,84,C,repaired,4,6,6,refutation,15363,0.045,1,
rome,rome/rome/grafo9002.63.graphml,63,87,C,repaired,5,7,6,refutation,38751,0.066,1,
rome,rome/rome/grafo8999.86.graphml,86,112,C,repaired,5,8,8,refutation,1018315,0.898,1,
rome,rome/rome/grafo8953.94.graphml,94,129,C,repaired,6,11,9,,13646376,10.009,1,
rome,rome/rome/grafo9006.61.graphml,61,80,C,repaired,4,6,6,refutation,26038,0.058,1,
rome,rome/rome/grafo8998.66.graphml,66,99,C,repaired,5,9,9,refutation,1979883,1.373,1,
rome,rome/rome/grafo9009.71.graphml,71,83,C,repaired,3,6,5,refutation,29925,0.056,1,
rome,rome/rome/grafo901.21.graphml,21,24,C,repaired,3,3,3,bound,0,0.001,1,
rome,rome/rome/grafo9007.64.graphml,64,101,C,repaired,6,9,9,refutation,283438,0.252,1,
rome,rome/rome/grafo9010.78.graphml,78,99,C,repaired,4,6,6,refutation,64435,0.106,1,
rome,rome/rome/grafo8954.91.graphml,91,132,C,repaired,7,11,11,,13824000,10.008,1,
rome,rome/rome/grafo9011.66.graphml,66,86,C,repaired,5,8,7,refutation,216342,0.236,1,
rome,rome/rome/grafo9003.84.graphml,84,115,C,repaired,5,9,8,refutation,1504509,1.374,1,
rome,rome/rome/grafo9015.63.graphml,63,84,C,repaired,4,7,6,refutation,20873,0.053,1,
rome,rome/rome/grafo9014.63.graphml,63,88,C,repaired,5,8,7,refutation,152170,0.165,1,
rome,rome/rome/grafo9016.74.graphml,74,89,C,repaired,5,6,5,bound,1741,0.014,1,
rome,rome/rome/grafo9017.61.graphml,61,80,C,repaired,4,6,5,refutation,5771,0.024,1,
rome,rome/rome/grafo8956.92.graphml,92,120,C,repaired,6,9,9,,13631488,10.015,1,
rome,rome/rome/grafo902.22.graphml,22,22,C,repaired,2,2,2,bound,0,0.001,1,
rome,rome/rome/grafo9019.82.graphml,82,101,C,repaired,5,7,6,refutation,106879,0.143,1,
rome,rome/rome/grafo9020.65.graphml,65,97,C,repaired,6,8,8,refutation,135147,0.165,1,
rome,rome/rome/grafo8957.90.graphml,90,133,C,repaired,6,11,11,,12222464,10.012,1,
rome,rome/rome/grafo9021.69.graphml,69,103,C,repaired,5,8,7,refutation,103368,0.14,1,
rome,rome/rome/grafo9022.63.graphml,63,82,C,repaired,4,7,6,refutation,34964,0.075,1,
rome,rome/rome/grafo9024.75.graphml,75,96,C,repaired,4,6,5,refutation,12033,0.039,1,
rome,rome/rome/grafo9001.66.graphml,66,96,C,repaired,6,9,9,refutation,3420869,2.427,1,
rome,rome/rome/grafo9023.78.graphml,78,109,C,repaired,6,8,8,refutation,624508,0.551,1,
rome,rome/rome/grafo9013.84.graphml,84,108,C,repaired,5,9,8,refutation,1843054,1.522,1,
rome,rome/rome/grafo9029.66.graphml,66,77,C,repaired,3,5,4,refutation,3811,0.02,1,
rome,rome/rome/grafo903.17.graphml,17,18,C,repaired,2,3,3,refutation,38,0.001,1,
rome,rome/rome/grafo9018.85.graphml,85,116,C,repaired,6,9,8,refutation,1302617,1.229,1,
rome,rome/rome/grafo9026.87.graphml,87,107,C,repaired,5,8,7,refutation,774399,0.728,1,
rome,rome/rome/grafo9031.62.graphml,62,77,C,repaired,4,6,5,refutation,9393,0.034,1,
rome,rome/rome/grafo9032.68.graphml,68,91,C,repaired,5,8,7,refutation,263328,0.234,1,
rome,rome/rome/grafo9030.92.graphml,92,106,C,repaired,4,7,6,refutation,515062,0.465,1,
rome,rome/rome/grafo9034.68.graphml,68,85,C,repaired,4,7,6,refutation,68476,0.111,1,
rome,rome/rome/grafo9028.69.graphml,69,98,C,repaired,5,9,8,refutation,991962,0.752,1,
rome,rome/rome/grafo9033.80.graphml,80,106,C,repaired,6,8,7,refutation,471712,0.44,1,
rome,rome/rome/grafo9025.85.graphml,85,118,C,repaired,5,9,8,refutation,1730208,1.402,1,
rome,rome/rome/grafo8960.95.graphml,95,129,C,repaired,6,10,9,,15642750,10.012,1,
rome,rome/rome/grafo9038.73.graphml,73,94,C,repaired,5,6,6,refutation,70094,0.117,1,
rome,rome/rome/grafo904.20.graphml,20,22,C,repaired,2,3,2,bound,27,0.001,1,
rome,rome/rome/grafo9040.63.graphml,63,74,C,repaired,3,5,3,bound,1717,0.008,1,
rome,rome/rome/grafo9039.66.graphml,66,86,C,repaired,5,7,7,refutation,163336,0.165,1,
rome,rome/rome/grafo9043.73.graphml,73,95,C,repaired,4,6,6,refutation,24439,0.059,1,
rome,rome/rome/grafo9037.70.graphml,70,95,C,repaired,6,9,8,refutation,508574,0.464,1,
rome,rome/rome/grafo9044.76.graphml,76,95,C,repaired,4,7,6,refutation,43058,0.079,1,
rome,rome/rome/grafo9036.68.graphml,68,95,C,repaired,6,9,8,refutation,842520,0.655,1,
rome,rome/rome/grafo9045.72.graphml,72,92,C,repaired,4,7,6,refutation,37925,0.077,1,
rome,rome/rome/grafo9041.92.graphml,92,110,C,repaired,4,7,6,refutation,426197,0.362,1,
rome,rome/rome/grafo9048.63.graphml,63,74,C,repaired,3,6,4,refutation,2900,0.015,1,
rome,rome/rome/grafo905.15.graphml,15,18,C,repaired,3,3,3,bound,0,0.0,1,
rome,rome/rome/grafo9049.61.graphml,61,83,C,repaired,6,7,7,refutation,142136,0.125,1,
rome,rome/rome/grafo9047.80.graphml,80,105,C,repaired,5,8,6,refutation,197806,0.272,1,
rome,rome/rome/grafo9050.75.graphml,75,94,C,repaired,5,7,6,refutation,131744,0.167,1,
rome,rome/rome/grafo9052.66.graphml,66,85,C,repaired,5,7,7,refutation,121182,0.16,1,
rome,rome/rome/grafo9035.70.graphml,70,99,C,repaired,6,9,9,refutation,1543135,1.225,1,
rome,rome/rome/grafo9051.63.graphml,63,95,C,repaired,6,8,8,refutation,448302,0.348,1,
rome,rome/rome/grafo8963.92.graphml,92,139,C,repaired,7,12,11,,14252569,10.01,1,
rome,rome/rome/grafo9057.64.graphml,64,85,C,repaired,5,7,7,refutation,66314,0.087,1,
rome,rome/rome/grafo9058.63.graphml,63,82,C,repaired,5,7,7,refutation,275527,0.19,1,
rome,rome/rome/grafo9059.65.graphml,65,84,C,repaired,4,7,7,refutation,210388,0.181,1,
rome,rome/rome/grafo906.12.graphml,12,11,C,repaired,1,2,2,refutation,12,0.001,1,
rome,rome/rome/grafo9060.64.graphml,64,81,C,repaired,4,6,6,refutation,34002,0.071,1,
rome,rome/rome/grafo9061.69.graphml,69,89,C,repaired,4,6,5,refutation,6289,0.029,1,
rome,rome/rome/grafo9063.73.graphml,73,98,C,repaired,5,7,7,refutation,178595,0.205,1,
rome,rome/rome/grafo9062.70.graphml,70,92,C,repaired,5,8,7,refutation,295367,0.295,1,
rome,rome/rome/grafo9064.68.graphml,68,88,C,repaired,5,7,5,bound,20914,0.055,1,
rome,rome/rome/grafo9065.70.graphml,70,92,C,repaired,5,7,7,refutation,156825,0.189,1,
rome,rome/rome/grafo9066.71.graphml,71,94,C,repaired,5,8,7,refutation,137034,0.203,1,
rome,rome/rome/grafo9067.61.graphml,61,75,C,repaired,4,7,5,refutation,24582,0.058,1,
rome,rome/rome/grafo9068.70.graphml,70,90,C,repaired,5,7,6,refutation,26541,0.07,1,
rome,rome/rome/grafo8969.94.graphml,94,134,C,repaired,6,10,9,,14823033,10.014,1,
rome,rome/rome/grafo907.10.graphml,10,10,C,repaired,2,2,2,bound,0,0.0,1,
rome,rome/rome/grafo9069.69.graphml,69,91,C,repaired,5,7,6,refutation,54766,0.092,1,
rome,rome/rome/grafo9071.67.graphml,67,78,C,repaired,3,5,4,refutation,3609,0.016,1,
rome,rome/rome/grafo9070.67.graphml,67,88,C,repaired,4,6,5,refutation,10777,0.037,1,
rome,rome/rome/grafo8970.97.graphml,97,127,C,repaired,6,10,9,,14532908,10.011,1,
rome,rome/rome/grafo8976.85.graphml,85,118,C,repaired,6,9,9,refutation,14310291,9.107,1,
rome,rome/rome/grafo9074.70.graphml,70,90,C,repaired,5,6,5,bound,59,0.006,1,
rome,rome/rome/grafo9073.68.graphml,68,85,C,repaired,4,6,6,refutation,28421,0.065,1,
rome,rome/rome/grafo9077.70.graphml,70,78,C,repaired,3,5,4,refutation,9455,0.022,1,
rome,rome/rome/grafo9076.77.graphml,77,103,C,repaired,5,8,7,refutation,157169,0.178,1,
rome,rome/rome/grafo9078.70.graphml,70,88,C,repaired,5,8,7,refutation,170314,0.175,1,
rome,rome/rome/grafo908.12.graphml,12,14,C,repaired,2,3,3,refutation,15,0.001,1,
rome,rome/rome/grafo9075.72.graphml,72,91,C,repaired,5,7,7,refutation,269606,0.293,1,
rome,rome/rome/grafo9079.72.graphml,72,91,C,repaired,4,7,6,refutation,85613,0.13,1,
rome,rome/rome/grafo9080.61.graphml,61,89,C,repaired,5,8,6,refutation,16981,0.045,1,
rome,rome/rome/grafo9081.64.graphml,64,98,C,repaired,5,8,7,refutation,75818,0.133,1,
rome,rome/rome/grafo9083.67.graphml,67,82,C,repaired,4,6,6,refutation,110267,0.116,1,
rome,rome/rome/grafo9082.68.graphml,68,93,C,repaired,5,8,7,refutation,123079,0.148,1,
rome,rome/rome/grafo9084.72.graphml,72,92,C,repaired,4,6,6,refutation,61774,0.106,1,
rome,rome/rome/grafo9085.63.graphml,63,82,C,repaired,5,7,6,refutation,60471,0.092,1,
rome,rome/rome/grafo9087.73.graphml,73,94,C,repaired,4,6,6,refutation,70589,0.111,1,
rome,rome/rome/grafo909.47.graphml,47,52,C,repaired,2,4,3,refutation,347,0.003,1,
rome,rome/rome/grafo9086.67.graphml,67,96,C,repaired,5,8,8,refutation,416049,0.342,1,
rome,rome/rome/grafo9090.64.graphml,64,88,C,repaired,5,8,7,refutation,107364,0.132,1,
rome,rome/rome/grafo9042.98.graphml,98,131,C,repaired,6,9,8,refutation,3717253,3.372,1,
rome,rome/rome/grafo9088.68.graphml,68,97,C,repaired,5,8,8,refutation,491771,0.448,1,
rome,rome/rome/grafo9093.61.graphml,61,80,C,repaired,5,6,6,refutation,19764,0.036,1,
rome,rome/rome/grafo9095.69.graphml,69,91,C,repaired,4,7,6,refutation,24904,0.046,1,
rome,rome/rome/grafo9092.61.graphml,61,99,C,repaired,6,9,8,refutation,175550,0.249,1,
rome,rome/rome/grafo9089.73.graphml,73,102,C,repaired,5,9,8,refutation,1162895,0.768,1,
rome,rome/rome/grafo9046.84.graphml,84,113,C,repaired,6,9,8,refutation,4682795,3.601,1,
rome,rome/rome/grafo9097.65.graphml,65,97,C,repaired,6,8,8,refutation,277115,0.216,1,
rome,rome/rome/grafo9098.64.graphml,64,80,C,repaired,4,6,5,refutation,17308,0.044,1,
rome,rome/rome/grafo910.10.graphml,10,9,C,repaired,1,2,2,refutation,10,0.0,1,
rome,rome/rome/grafo9096.80.graphml,80,108,C,repaired,6,7,7,refutation,466107,0.441,1,
rome,rome/rome/grafo9102.66.graphml,66,80,C,repaired,3,6,6,refutation,39751,0.073,1,
rome,rome/rome/grafo9053.100.graphml,100,127,C,repaired,5,8,8,refutation,4435388,3.758,1,
rome,rome/rome/grafo8991.99.graphml,99,133,C,repaired,6,10,9,,15716823,10.013,1,
rome,rome/rome/grafo9072.74.graphml,74,109,C,repaired,6,9,9,refutation,2569157,2.278,1,
rome,rome/rome/grafo9101.72.graphml,72,102,C,repaired,6,8,8,refutation,766888,0.71,1,
rome,rome/rome/grafo9106.67.graphml,67,84,C,repaired,4,7,6,refutation,41784,0.067,1,
rome,rome/rome/grafo9107.63.graphml,63,80,C,repaired,5,6,6,refutation,48937,0.082,1,
rome,rome/rome/grafo9054.99.graphml,99,131,C,repaired,6,10,8,refutation,4595846,4.025,1,
rome,rome/rome/grafo9104.82.graphml,82,117,C,repaired,6,8,7,refutation,350020,0.377,1,
rome,rome/rome/grafo9100.80.graphml,80,105,C,repaired,6,9,8,refutation,1316237,0.955,1,
rome,rome/rome/grafo9105.75.graphml,75,106,C,repaired,6,8,8,refutation,340230,0.32,1,
rome,rome/rome/grafo911.12.graphml,12,13,C,repaired,2,2,2,bound,0,0.0,1,
rome,rome/rome/grafo9103.80.graphml,80,108,C,repaired,5,8,8,refutation,910406,0.717,1,
rome,rome/rome/grafo9110.63.graphml,63,89,C,repaired,5,7,6,refutation,18641,0.054,1,
rome,rome/rome/grafo9109.63.graphml,63,88,C,repaired,5,7,7,refutation,56838,0.089,1,
rome,rome/rome/grafo9094.83.graphml,83,111,C,repaired,6,8,8,refutation,2301321,1.624,1,
rome,rome/rome/grafo9113.74.graphml,74,94,C,repaired,4,6,6,refutation,118869,0.154,1,
rome,rome/rome/grafo9117.71.graphml,71,100,C,repaired,5,8,7,refutation,65263,0.093,1,
rome,rome/rome/grafo9118.65.graphml,65,84,C,repaired,4,6,5,refutation,9700,0.035,1,
rome,rome/rome/grafo9108.67.graphml,67,101,C,repaired,6,9,8,refutation,468007,0.512,1,
rome,rome/rome/grafo912.14.graphml,14,13,C,repaired,1,2,2,refutation,14,0.001,1,
rome,rome/rome/grafo9121.65.graphml,65,83,C,repaired,4,6,5,refutation,10405,0.038,1,
rome,rome/rome/grafo8997.96.graphml,96,141,C,repaired,6,12,11,,17091649,10.01,1,
rome,rome/rome/grafo9099.83.graphml,83,106,C,repaired,5,8,8,refutation,1716658,1.604,1,
rome,rome/rome/grafo9120.64.graphml,64,87,C,repaired,5,8,7,refutation,188973,0.17,1,
rome,rome/rome/grafo9124.64.graphml,64,89,C,repaired,5,7,6,refutation,28442,0.056,1,
rome,rome/rome/grafo9125.71.graphml,71,86,C,repaired,4,6,5,refutation,20506,0.053,1,
rome,rome/rome/grafo9115.82.graphml,82,112,C,repaired,5,8,8,refutation,979633,0.805,1,
rome,rome/rome/grafo9126.82.graphml,82,113,C,repaired,6,7,7,refutation,170018,0.2,1,
rome,rome/rome/grafo9123.68.graphml,68,103,C,repaired,6,9,9,refutation,456008,0.388,1,
rome,rome/rome/grafo9114.79.graphml,79,111,C,repaired,6,9,8,refutation,971745,0.9,1,
rome,rome/rome/grafo913.15.graphml,15,15,C,repaired,2,3,2,bound,14,0.001,1,
rome,rome/rome/grafo9129.77.graphml,77,97,C,repaired,4,7,6,refutation,122280,0.16,1,
rome,rome/rome/grafo9128.64.graphml,64,94,C,repaired,6,8,8,refutation,214335,0.188,1,
rome,rome/rome/grafo9132.62.graphml,62,76,C,repaired,4,6,5,refutation,15194,0.042,1,
rome,rome/rome/grafo9134.64.graphml,64,88,C,repaired,5,7,7,refutation,79932,0.111,1,
rome,rome/rome/grafo9131.74.graphml,74,105,C,repaired,6,7,7,refutation,270527,0.255,1,
rome,rome/rome/grafo9004.85.graphml,85,120,C,repaired,5,10,9,,14296595,10.012,1,
rome,rome/rome/grafo9091.86.graphml,86,111,C,repaired,6,9,8,refutation,4212865,3.074,1,
rome,rome/rome/grafo9136.67.graphml,67,86,C,repaired,5,7,6,refutation,40056,0.073,1,
rome,rome/rome/grafo9133.82.graphml,82,107,C,repaired,5,8,7,refutation,513631,0.557,1,
rome,rome/rome/grafo914.26.graphml,26,42,C,repaired,4,6,6,refutation,515,0.003,1,
rome,rome/rome/grafo9116.80.graphml,80,118,C,repaired,6,10,9,refutation,2109866,1.78,1,
rome,rome/rome/grafo9130.71.graphml,71,101,C,repaired,6,9,9,refutation,1255786,0.886,1,
rome,rome/rome/grafo9142.60.graphml,60,73,C,repaired,4,6,5,refutation,9753,0.036,1,
rome,rome/rome/grafo9008.91.graphml,91,136,C,repaired,7,11,11,,15208448,10.01,1,
rome,rome/rome/grafo9141.60.graphml,60,82,C,repaired,5,8,7,refutation,71153,0.108,1,
rome,rome/rome/grafo9138.65.graphml,65,105,C,repaired,7,11,10,refutation,716082,0.595,1,
rome,rome/rome/grafo9143.66.graphml,66,84,C,repaired,5,7,6,refutation,38905,0.078,1,
rome,rome/rome/grafo9145.68.graphml,68,86,C,repaired,4,7,6,refutation,40333,0.088,1,
rome,rome/rome/grafo9144.81.graphml,81,108,C,repaired,5,7,6,refutation,97115,0.145,1,
rome,rome/rome/grafo9148.66.graphml,66,88,C,repaired,4,7,6,refutation,21161,0.052,1,
rome,rome/rome/grafo915.24.graphml,24,32,C,repaired,4,4,4,bound,0,0.001,1,
rome,rome/rome/grafo9012.91.graphml,91,129,C,repaired,6,10,9,,13627760,10.013,1,
rome,rome/rome/grafo9146.79.graphml,79,106,C,repaired,5,7,7,refutation,311291,0.323,1,
rome,rome/rome/grafo9152.66.graphml,66,84,C,repaired,4,6,5,refutation,8295,0.033,1,
rome,rome/rome/grafo9151.63.graphml,63,82,C,repaired,5,7,7,refutation,120078,0.139,1,
rome,rome/rome/grafo9112.82.graphml,82,120,C,repaired,6,10,9,refutation,3657301,2.797,1,
rome,rome/rome/grafo9154.66.graphml,66,97,C,repaired,6,8,8,refutation,207589,0.211,1,
rome,rome/rome/grafo9137.82.graphml,82,106,C,repaired,5,8,8,refutation,1838471,1.469,1,
rome,rome/rome/grafo9155.63.graphml,63,83,C,repaired,4,7,6,refutation,25520,0.059,1,
rome,rome/rome/grafo9149.67.graphml,67,92,C,repaired,6,9,8,refutation,975166,0.737,1,
rome,rome/rome/grafo9156.63.graphml,63,82,C,repaired,4,7,7,refutation,112940,0.143,1,
rome,rome/rome/grafo9158.65.graphml,65,87,C,repaired,5,7,6,refutation,40911,0.074,1,
rome,rome/rome/grafo9153.74.graphml,74,106,C,repaired,6,9,8,refutation,506796,0.429,1,
rome,rome/rome/grafo9157.68.graphml,68,92,C,repaired,5,7,7,refutation,140732,0.167,1,
rome,rome/rome/grafo9162.67.graphml,67,90,C,repaired,5,7,6,refutation,66664,0.111,1,
rome,rome/rome/grafo9160.72.graphml,72,100,C,repaired,6,8,7,refutation,184113,0.208,1,
rome,rome/rome/grafo9159.64.graphml,64,92,C,repaired,5,9,8,refutation,289447,0.256,1,
rome,rome/rome/grafo9164.66.graphml,66,96,C,repaired,5,8,7,refutation,67448,0.102,1,
rome,rome/rome/grafo9147.75.graphml,75,106,C,repaired,6,9,8,refutation,1525359,1.322,1,
rome,rome/rome/grafo916.83.graphml,83,110,C,repaired,5,8,7,refutation,590118,0.522,1,
rome,rome/rome/grafo9167.67.graphml,67,96,C,repaired,5,8,6,refutation,27190,0.062,1,
rome,rome/rome/grafo9165.68.graphml,68,91,C,repaired,5,7,7,refutation,304470,0.255,1,
rome,rome/rome/grafo9027.87.graphml,87,129,C,repaired,7,12,11,,12771423,10.011,1,
rome,rome/rome/grafo9168.63.graphml,63,81,C,repaired,4,7,5,refutation,12766,0.038,1,
rome,rome/rome/grafo917.17.graphml,17,20,C,repaired,2,3,3,refutation,42,0.001,1,
rome,rome/rome/grafo9170.65.graphml,65,94,C,repaired,6,9,8,refutation,152679,0.141,1,
rome,rome/rome/grafo9127.84.graphml,84,120,C,repaired,6,10,9,refutation,3754796,3.249,1,
rome,rome/rome/grafo9169.67.graphml,67,106,C,repaired,6,9,9,refutation,297630,0.28,1,
rome,rome/rome/grafo9175.70.graphml,70,94,C,repaired,5,8,7,refutation,94076,0.115,1,
rome,rome/rome/grafo9161.75.graphml,75,112,C,repaired,6,9,9,refutation,1246738,1.049,1,
rome,rome/rome/grafo9174.81.graphml,81,103,C,repaired,5,7,6,refutation,190050,0.238,1,
rome,rome/rome/grafo9176.67.graphml,67,90,C,repaired,5,8,7,refutation,125520,0.151,1,
rome,rome/rome/grafo9177.83.graphml,83,106,C,repaired,5,7,6,refutation,159237,0.19,1,
rome,rome/rome/grafo9179.63.graphml,63,74,C,repaired,4,5,5,refutation,12159,0.041,1,
rome,rome/rome/grafo918.24.graphml,24,24,C,repaired,2,3,2,bound,63,0.001,1,
rome,rome/rome/grafo9178.64.graphml,64,87,C,repaired,5,8,7,refutation,128104,0.161,1,
rome,rome/rome/grafo9180.64.graphml,64,80,C,repaired,4,7,6,refutation,45887,0.077,1,
rome,rome/rome/grafo9172.86.graphml,86,122,C,repaired,6,9,8,refutation,839038,0.847,1,
rome,rome/rome/grafo9183.69.graphml,69,85,C,repaired,4,6,6,refutation,74513,0.095,1,
rome,rome/rome/grafo9184.61.graphml,61,85,C,repaired,5,8,7,refutation,37400,0.077,1,
rome,rome/rome/grafo9111.85.graphml,85,118,C,repaired,6,10,9,refutation,5319459,4.712,1,
rome,rome/rome/grafo9173.71.graphml,71,105,C,repaired,6,9,8,refutation,919975,0.808,1,
rome,rome/rome/grafo9185.64.graphml,64,89,C,repaired,5,8,7,refutation,97036,0.133,1,
rome,rome/rome/grafo9186.62.graphml,62,82,C,repaired,5,7,7,refutation,127773,0.149,1,
rome,rome/rome/grafo919.12.graphml,12,14,C,repaired,2,2,2,bound,0,0.0,1,
rome,rome/rome/grafo9140.85.graphml,85,123,C,repaired,6,9,9,refutation,3350392,3.05,1,
rome,rome/rome/grafo9188.75.graphml,75,92,C,repaired,5,7,6,refutation,125289,0.153,1,
rome,rome/rome/grafo9191.69.graphml,69,90,C,repaired,5,6,6,refutation,41428,0.085,1,
rome,rome/rome/grafo9190.80.graphml,80,104,C,repaired,5,7,6,refutation,72711,0.118,1,
rome,rome/rome/grafo9193.73.graphml,73,101,C,repaired,5,7,6,refutation,29547,0.067,1,
rome,rome/rome/grafo9194.62.graphml,62,78,C,repaired,4,6,6,refutation,28651,0.058,1,
rome,rome/rome/grafo9195.66.graphml,66,86,C,repaired,5,7,6,refutation,51639,0.09,1,
rome,rome/rome/grafo9192.67.graphml,67,95,C,repaired,6,8,8,refutation,261284,0.248,1,
rome,rome/rome/grafo9166.81.graphml,81,119,C,repaired,6,10,9,refutation,2071510,1.855,1,
rome,rome/rome/grafo9181.67.graphml,67,95,C,repaired,6,9,9,refutation,973516,0.854,1,
rome,rome/rome/grafo920.24.graphml,24,25,C,repaired,2,3,2,bound,27,0.001,1,
rome,rome/rome/grafo9189.77.graphml,77,102,C,repaired,4,8,8,refutation,749136,0.651,1,
rome,rome/rome/grafo9200.68.graphml,68,94,C,repaired,5,8,8,refutation,304384,0.307,1,
rome,rome/rome/grafo9203.68.graphml,68,79,C,repaired,3,5,4,refutation,3322,0.019,1,
rome,rome/rome/grafo9056.96.graphml,96,135,C,repaired,6,9,9,,13271040,10.01,1,
rome,rome/rome/grafo9202.71.graphml,71,107,C,repaired,6,9,8,refutation,876350,0.622,1,
rome,rome/rome/grafo9197.70.graphml,70,101,C,repaired,6,9,8,refutation,1521859,1.057,1,
rome,rome/rome/grafo9205.80.graphml,80,112,C,repaired,5,8,7,refutation,256905,0.269,1,
rome,rome/rome/grafo9206.66.graphml,66,84,C,repaired,4,7,6,refutation,67329,0.107,1,
rome,rome/rome/grafo9209.66.graphml,66,80,C,repaired,4,6,5,refutation,11300,0.039,1,
rome,rome/rome/grafo921.16.graphml,16,18,C,repaired,2,2,2,bound,0,0.0,1,
rome,rome/rome/grafo9208.76.graphml,76,109,C,repaired,6,8,7,refutation,234321,0.251,1,
rome,rome/rome/grafo9196.81.graphml,81,121,C,repaired,6,10,9,refutation,1943549,1.442,1,
rome,rome/rome/grafo9211.63.graphml,63,91,C,repaired,5,7,7,refutation,43273,0.079,1,
rome,rome/rome/grafo9210.78.graphml,78,108,C,repaired,5,7,7,refutation,203964,0.222,1,
rome,rome/rome/grafo9187.67.graphml,67,93,C,repaired,6,9,9,refutation,2823480,1.98,1,
rome,rome/rome/grafo9199.77.graphml,77,113,C,repaired,6,10,9,refutation,1799011,1.51,1,
rome,rome/rome/grafo9207.64.graphml,64,99,C,repaired,7,10,9,refutation,664385,0.559,1,
rome,rome/rome/grafo9214.66.graphml,66,95,C,repaired,5,8,7,refutation,69792,0.106,1,
rome,rome/rome/grafo9215.69.graphml,69,90,C,repaired,5,7,6,refutation,50158,0.092,1,
rome,rome/rome/grafo9216.65.graphml,65,81,C,repaired,4,6,6,refutation,74561,0.091,1,
rome,rome/rome/grafo922.14.graphml,14,19,C,repaired,3,3,3,bound,0,0.001,1,
rome,rome/rome/grafo9163.72.graphml,72,112,C,repaired,6,10,10,refutation,4701736,3.719,1,
rome,rome/rome/grafo9219.65.graphml,65,87,C,repaired,5,8,7,refutation,225984,0.204,1,
rome,rome/rome/grafo9213.77.graphml,77,115,C,repaired,6,9,8,refutation,472617,0.46,1,
rome,rome/rome/grafo9119.80.graphml,80,120,C,repaired,7,10,9,refutation,9745942,6.891,1,
rome,rome/rome/grafo9220.67.graphml,67,101,C,repaired,6,9,8,refutation,181586,0.225,1,
rome,rome/rome/grafo9223.65.graphml,65,85,C,repaired,5,6,6,refutation,75015,0.097,1,
rome,rome/rome/grafo9225.62.graphml,62,77,C,repaired,4,7,6,refutation,32018,0.059,1,
rome,rome/rome/grafo9221.63.graphml,63,100,C,repaired,7,9,9,refutation,329301,0.297,1,
rome,rome/rome/grafo9226.75.graphml,75,96,C,repaired,5,7,7,refutation,164780,0.202,1,
rome,rome/rome/grafo9218.80.graphml,80,108,C,repaired,6,9,8,refutation,766763,0.674,1,
rome,rome/rome/grafo923.17.graphml,17,22,C,repaired,3,3,3,bound,0,0.001,1,
rome,rome/rome/grafo9201.83.graphml,83,110,C,repaired,5,8,8,refutation,2493809,2.234,1,
rome,rome/rome/grafo9229.77.graphml,77,99,C,repaired,4,6,6,refutation,86649,0.124,1,
rome,rome/rome/grafo9204.71.graphml,71,106,C,repaired,6,10,10,refutation,2353902,1.98,1,
rome,rome/rome/grafo9233.64.graphml,64,84,C,repaired,4,5,5,refutation,6000,0.028,1,
rome,rome/rome/grafo9232.69.graphml,69,94,C,repaired,6,8,7,refutation,174725,0.182,1,
rome,rome/rome/grafo9234.63.graphml,63,87,C,repaired,5,7,6,refutation,44824,0.083,1,
rome,rome/rome/grafo9224.65.graphml,65,100,C,repaired,6,9,9,refutation,938480,0.759,1,
rome,rome/rome/grafo9222.82.graphml,82,113,C,repaired,5,9,8,refutation,1091723,1.023,1,
rome,rome/rome/grafo9235.72.graphml,72,93,C,repaired,5,8,7,refutation,183870,0.244,1,
rome,rome/rome/grafo9150.82.graphml,82,114,C,repaired,5,9,9,refutation,8314302,5.922,1,
rome,rome/rome/grafo924.19.graphml,19,21,C,repaired,3,4,3,bound,19,0.001,1,
rome,rome/rome/grafo9239.62.graphml,62,85,C,repaired,5,7,6,refutation,28957,0.064,1,
rome,rome/rome/grafo9238.85.graphml,85,103,C,repaired,5,7,6,refutation,143022,0.193,1,
rome,rome/rome/grafo9240.77.graphml,77,92,C,repaired,4,6,5,refutation,20622,0.054,1,
rome,rome/rome/grafo9242.72.graphml,72,96,C,repaired,5,7,7,refutation,185558,0.209,1,
rome,rome/rome/grafo9243.78.graphml,78,102,C,repaired,4,8,7,refutation,211760,0.225,1,
rome,rome/rome/grafo9237.82.graphml,82,112,C,repaired,5,9,8,refutation,885336,0.688,1,
rome,rome/rome/grafo9241.89.graphml,89,108,C,repaired,5,7,6,refutation,455550,0.471,1,
rome,rome/rome/grafo9244.79.graphml,79,98,C,repaired,4,6,6,refutation,117897,0.158,1,
rome,rome/rome/grafo9212.82.graphml,82,124,C,repaired,7,10,9,refutation,2913762,2.332,1,
rome,rome/rome/grafo9246.63.graphml,63,89,C,repaired,5,8,7,refutation,84012,0.113,1,
rome,rome/rome/grafo925.21.graphml,21,31,C,repaired,4,4,4,bound,0,0.001,1,
rome,rome/rome/grafo9250.73.graphml,73,100,C,repaired,5,7,6,refutation,36577,0.075,1,
rome,rome/rome/grafo9251.65.graphml,65,96,C,repaired,5,9,8,refutation,216414,0.205,1,
rome,rome/rome/grafo9248.64.graphml,64,93,C,repaired,6,9,8,refutation,599190,0.476,1,
rome,rome/rome/grafo9247.79.graphml,79,99,C,repaired,5,7,7,refutation,580133,0.517,1,
rome,rome/rome/grafo9249.66.graphml,66,96,C,repaired,6,8,8,refutation,562568,0.46,1,
rome,rome/rome/grafo9255.67.graphml,67,86,C,repaired,5,7,6,refutation,57190,0.08,1,
rome,rome/rome/grafo9253.76.graphml,76,105,C,repaired,5,8,7,refutation,151007,0.186,1,
rome,rome/rome/grafo9228.81.graphml,81,117,C,repaired,7,10,9,refutation,2664767,2.213,1,
rome,rome/rome/grafo9257.62.graphml,62,85,C,repaired,5,7,6,refutation,74364,0.099,1,
rome,rome/rome/grafo9258.62.graphml,62,86,C,repaired,5,7,6,refutation,65033,0.098,1,
rome,rome/rome/grafo9254.81.graphml,81,105,C,repaired,5,8,7,refutation,346460,0.328,1,
rome,rome/rome/grafo9245.82.graphml,82,110,C,repaired,5,8,8,refutation,1366062,1.087,1,
rome,rome/rome/grafo926.14.graphml,14,17,C,repaired,2,3,2,bound,13,0.001,1,
rome,rome/rome/grafo9260.68.graphml,68,94,C,repaired,5,7,6,refutation,43056,0.08,1,
rome,rome/rome/grafo9262.72.graphml,72,96,C,repaired,5,7,6,refutation,46824,0.074,1,
rome,rome/rome/grafo9256.79.graphml,79,98,C,repaired,5,7,7,refutation,411201,0.417,1,
rome,rome/rome/grafo9264.70.graphml,70,89,C,repaired,4,6,6,refutation,29623,0.064,1,
rome,rome/rome/grafo9265.62.graphml,62,83,C,repaired,5,7,6,refutation,46114,0.063,1,
rome,rome/rome/grafo9259.64.graphml,64,92,C,repaired,6,9,8,refutation,435466,0.386,1,
rome,rome/rome/grafo9266.66.graphml,66,93,C,repaired,6,8,7,refutation,171854,0.191,1,
rome,rome/rome/grafo9122.79.graphml,79,111,C,repaired,6,10,10,,15937536,10.011,1,
rome,rome/rome/grafo927.11.graphml,11,10,C,repaired,1,2,1,bound,11,0.0,1,
rome,rome/rome/grafo9270.63.graphml,63,79,C,repaired,4,7,6,refutation,74048,0.101,1,
rome,rome/rome/grafo9269.64.graphml,64,94,C,repaired,6,9,8,refutation,276266,0.258,1,
rome,rome/rome/grafo9272.65.graphml,65,81,C,repaired,4,6,5,refutation,16651,0.031,1,
rome,rome/rome/grafo9267.79.graphml,79,107,C,repaired,5,9,8,refutation,738746,0.634,1,
rome,rome/rome/grafo9271.66.graphml,66,92,C,repaired,5,8,8,refutation,356483,0.31,1,
rome,rome/rome/grafo9263.76.graphml,76,106,C,repaired,6,9,8,refutation,1355486,1.086,1,
rome,rome/rome/grafo9274.65.graphml,65,91,C,repaired,6,8,7,refutation,146393,0.196,1,
rome,rome/rome/grafo9135.85.graphml,85,129,C,repaired,6,11,10,,14061235,10.009,1,
rome,rome/rome/grafo9268.78.graphml,78,117,C,repaired,7,10,9,refutation,1373741,1.213,1,
rome,rome/rome/grafo9139.85.graphml,85,122,C,repaired,6,10,9,,13388477,10.011,1,
rome,rome/rome/grafo9278.61.graphml,61,85,C,repaired,5,7,6,refutation,63784,0.096,1,
rome,rome/rome/grafo928.13.graphml,13,15,C,repaired,2,3,3,refutation,18,0.001,1,
rome,rome/rome/grafo9277.76.graphml,76,102,C,repaired,6,8,7,refutation,360463,0.36,1,
rome,rome/rome/grafo9280.62.graphml,62,75,C,repaired,4,5,5,refutation,13565,0.037,1,
rome,rome/rome/grafo9282.68.graphml,68,81,C,repaired,4,6,5,refutation,23050,0.047,1,
rome,rome/rome/grafo9281.75.graphml,75,96,C,repaired,5,7,6,refutation,27278,0.071,1,
rome,rome/rome/grafo9276.72.graphml,72,101,C,repaired,5,8,8,refutation,621767,0.546,1,
rome,rome/rome/grafo9231.81.graphml,81,116,C,repaired,6,10,9,refutation,4474287,3.995,1,
rome,rome/rome/grafo9283.66.graphml,66,90,C,repaired,5,7,6,refutation,51970,0.097,1,
rome,rome/rome/grafo9288.67.graphml,67,93,C,repaired,6,8,7,refutation,71244,0.108,1,
rome,rome/rome/grafo9287.69.graphml,69,88,C,repaired,4,7,6,refutation,71656,0.12,1,
rome,rome/rome/grafo9286.77.graphml,77,99,C,repaired,4,7,6,refutation,151787,0.171,1,
rome,rome/rome/grafo929.16.graphml,16,21,C,repaired,3,3,3,bound,0,0.001,1,
rome,rome/rome/grafo9291.63.graphml,63,88,C,repaired,5,8,7,refutation,179435,0.167,1,
rome,rome/rome/grafo9290.75.graphml,75,103,C,repaired,6,8,7,refutation,230395,0.227,1,
rome,rome/rome/grafo9292.63.graphml,63,88,C,repaired,5,8,7,refutation,179435,0.186,1,
rome,rome/rome/grafo9293.74.graphml,74,99,C,repaired,4,8,7,refutation,336398,0.309,1,
rome,rome/rome/grafo9275.79.graphml,79,110,C,repaired,6,9,8,refutation,1949704,1.624,1,
rome,rome/rome/grafo9284.68.graphml,68,94,C,repaired,6,8,8,refutation,1514028,1.017,1,
rome,rome/rome/grafo9294.84.graphml,84,100,C,repaired,4,7,6,refutation,204743,0.238,1,
rome,rome/rome/grafo9296.71.graphml,71,94,C,repaired,5,6,6,refutation,63157,0.103,1,
rome,rome/rome/grafo9298.63.graphml,63,85,C,repaired,5,7,6,refutation,76752,0.113,1,
rome,rome/rome/grafo9295.66.graphml,66,96,C,repaired,6,9,8,refutation,290510,0.257,1,
rome,rome/rome/grafo9297.70.graphml,70,96,C,repaired,5,7,6,refutation,70355,0.099,1,
rome,rome/rome/grafo930.13.graphml,13,19,C,repaired,3,3,3,bound,0,0.0,1,
rome,rome/rome/grafo9302.66.graphml,66,80,C,repaired,4,5,5,refutation,14373,0.027,1,
rome,rome/rome/grafo9301.61.graphml,61,77,C,repaired,4,6,6,refutation,59714,0.094,1,
rome,rome/rome/grafo9300.70.graphml,70,96,C,repaired,5,8,7,refutation,153972,0.163,1,
rome,rome/rome/grafo9305.62.graphml,62,74,C,repaired,4,6,5,refutation,21907,0.052,1,
rome,rome/rome/grafo9304.65.graphml,65,91,C,repaired,5,8,8,refutation,203000,0.229,1,
rome,rome/rome/grafo9273.78.graphml,78,112,C,repaired,6,10,9,refutation,3298411,2.693,1,
rome,rome/rome/grafo9285.86.graphml,86,115,C,repaired,6,9,8,refutation,2120222,1.889,1,
rome,rome/rome/grafo9171.84.graphml,84,124,C,repaired,7,11,9,,12710278,10.013,1,
rome,rome/rome/grafo931.13.graphml,13,15,C,repaired,3,3,3,bound,0,0.001,1,
rome,rome/rome/grafo9308.63.graphml,63,93,C,repaired,5,9,8,refutation,193252,0.223,1,
rome,rome/rome/grafo9279.72.graphml,72,109,C,repaired,6,10,9,refutation,2933396,2.329,1,
rome,rome/rome/grafo9309.78.graphml,78,98,C,repaired,5,8,7,refutation,377389,0.334,1,
rome,rome/rome/grafo9311.68.graphml,68,88,C,repaired,5,8,7,refutation,95381,0.117,1,
rome,rome/rome/grafo9303.90.graphml,90,114,C,repaired,5,8,7,refutation,1470041,1.272,1,
rome,rome/rome/grafo9289.89.graphml,89,126,C,repaired,6,9,8,refutation,2680288,2.498,1,
rome,rome/rome/grafo9312.83.graphml,83,111,C,repaired,5,8,7,refutation,739015,0.631,1,
rome,rome/rome/grafo9317.65.graphml,65,80,C,repaired,4,5,5,refutation,14540,0.043,1,
rome,rome/rome/grafo9310.74.graphml,74,101,C,repaired,5,8,8,refutation,851284,0.739,1,
rome,rome/rome/grafo932.28.graphml,28,35,C,repaired,4,4,4,bound,0,0.001,1,
rome,rome/rome/grafo9320.66.graphml,66,87,C,repaired,5,7,7,refutation,239247,0.232,1,
rome,rome/rome/grafo9198.81.graphml,81,131,C,repaired,7,11,10,,14390164,10.01,1,
rome,rome/rome/grafo9322.67.graphml,67,92,C,repaired,5,6,6,refutation,51996,0.091,1,
rome,rome/rome/grafo9321.64.graphml,64,103,C,repaired,7,10,9,refutation,553925,0.46,1,
rome,rome/rome/grafo9323.79.graphml,79,95,C,repaired,4,6,5,refutation,45207,0.085,1,
rome,rome/rome/grafo9318.81.graphml,81,108,C,repaired,5,9,8,refutation,1161577,0.979,1,
rome,rome/rome/grafo9325.63.graphml,63,86,C,repaired,5,7,7,refutation,87747,0.133,1,
rome,rome/rome/grafo9306.83.graphml,83,112,C,repaired,6,9,8,refutation,3011688,2.55,1,
rome,rome/rome/grafo9326.77.graphml,77,98,C,repaired,5,8,7,refutation,371319,0.332,1,
rome,rome/rome/grafo9328.68.graphml,68,99,C,repaired,6,8,7,refutation,99549,0.144,1,
rome,rome/rome/grafo933.12.graphml,12,11,C,repaired,1,1,1,bound,0,0.0,1,
rome,rome/rome/grafo9319.82.graphml,82,108,C,repaired,5,8,8,refutation,1935959,1.557,1,
rome,rome/rome/grafo9329.65.graphml,65,91,C,repaired,5,7,7,refutation,177647,0.182,1,
rome,rome/rome/grafo9330.69.graphml,69,92,C,repaired,5,7,7,refutation,281776,0.274,1,
rome,rome/rome/grafo9230.83.graphml,83,120,C,repaired,7,11,10,refutation,12856733,9.082,1,
rome,rome/rome/grafo9217.88.graphml,88,122,C,repaired,5,10,9,,14854860,10.009,1,
rome,rome/rome/grafo9332.89.graphml,89,116,C,repaired,4,8,7,refutation,763416,0.718,1,
rome,rome/rome/grafo9307.82.graphml,82,117,C,repaired,6,10,9,refutation,4379046,3.64,1,
rome,rome/rome/grafo9336.63.graphml,63,89,C,repaired,5,8,7,refutation,90326,0.142,1,
rome,rome/rome/grafo9335.78.graphml,78,104,C,repaired,4,8,7,refutation,311525,0.287,1,
rome,rome/rome/grafo9227.88.graphml,88,125,C,repaired,6,10,10,,14008320,10.013,1,
rome,rome/rome/grafo934.16.graphml,16,22,C,repaired,3,4,4,refutation,94,0.001,1,
rome,rome/rome/grafo9316.86.graphml,86,109,C,repaired,5,8,8,refutation,4712255,3.377,1,
rome,rome/rome/grafo9340.88.graphml,88,117,C,repaired,5,7,7,refutation,327755,0.32,1,
rome,rome/rome/grafo9339.83.graphml,83,108,C,repaired,5,8,7,refutation,616839,0.583,1,
rome,rome/rome/grafo9334.68.graphml,68,101,C,repaired,6,9,9,refutation,1470069,1.063,1,
rome,rome/rome/grafo9236.80.graphml,80,120,C,repaired,6,11,10,,16288234,10.012,1,
rome,rome/rome/grafo9341.73.graphml,73,100,C,repaired,5,8,7,refutation,377576,0.277,1,
rome,rome/rome/grafo9345.67.graphml,67,90,C,repaired,5,8,6,refutation,41031,0.086,1,
rome,rome/rome/grafo9342.72.graphml,72,92,C,repaired,5,8,7,refutation,354799,0.312,1,
rome,rome/rome/grafo9343.80.graphml,80,103,C,repaired,5,7,7,refutation,405159,0.353,1,
rome,rome/rome/grafo9349.64.graphml,64,74,C,repaired,3,5,4,refutation,2835,0.01,1,
rome,rome/rome/grafo935.21.graphml,21,38,C,repaired,4,5,4,bound,18,0.001,1,
rome,rome/rome/grafo9348.77.graphml,77,95,C,repaired,5,7,6,refutation,70204,0.098,1,
rome,rome/rome/grafo9324.66.graphml,66,106,C,repaired,7,11,10,refutation,4170087,2.874,1,
rome,rome/rome/grafo9351.73.graphml,73,89,C,repaired,3,6,5,refutation,12418,0.04,1,
rome,rome/rome/grafo9350.63.graphml,63,85,C,repaired,5,7,6,refutation,24138,0.058,1,
rome,rome/rome/grafo9347.96.graphml,96,119,C,repaired,5,8,6,refutation,213133,0.232,1,
rome,rome/rome/grafo9354.68.graphml,68,87,C,repaired,5,7,6,refutation,57613,0.077,1,
rome,rome/rome/grafo9352.80.graphml,80,99,C,repaired,5,7,7,refutation,342459,0.342,1,
rome,rome/rome/grafo9346.91.graphml,91,114,C,repaired,5,8,7,refutation,974290,0.738,1,
rome,rome/rome/grafo9358.62.graphml,62,82,C,repaired,5,7,6,refutation,33628,0.074,1,
rome,rome/rome/grafo9331.85.graphml,85,111,C,repaired,5,9,8,refutation,3448292,2.9,1,
rome,rome/rome/grafo9261.82.graphml,82,120,C,repaired,6,10,9,refutation,13076470,9.217,1,
rome,rome/rome/grafo9344.98.graphml,98,130,C,repaired,5,8,7,refutation,1320972,1.221,1,
rome,rome/rome/grafo9359.62.graphml,62,84,C,repaired,5,7,6,refutation,51330,0.09,1,
rome,rome/rome/grafo936.12.graphml,12,12,C,repaired,2,2,2,bound,0,0.0,1,
rome,rome/rome/grafo9360.63.graphml,63,80,C,repaired,4,6,5,refutation,18224,0.061,1,
rome,rome/rome/grafo9361.65.graphml,65,81,C,repaired,4,7,7,refutation,123864,0.142,1,
rome,rome/rome/grafo9356.66.graphml,66,101,C,repaired,6,9,9,refutation,834006,0.69,1,
rome,rome/rome/grafo9364.64.graphml,64,91,C,repaired,5,7,6,refutation,31454,0.069,1,
rome,rome/rome/grafo9252.84.graphml,84,119,C,repaired,7,11,10,,16175601,10.012,1,
rome,rome/rome/grafo9365.63.graphml,63,83,C,repaired,4,6,6,refutation,25802,0.052,1,
rome,rome/rome/grafo9366.66.graphml,66,85,C,repaired,4,6,6,refutation,33091,0.07,1,
rome,rome/rome/grafo9363.70.graphml,70,95,C,repaired,5,8,7,refutation,250335,0.249,1,
rome,rome/rome/grafo937.11.graphml,11,10,C,repaired,1,2,2,refutation,9,0.0,1,
rome,rome/rome/grafo9367.61.graphml,61,77,C,repaired,4,6,6,refutation,95059,0.116,1,
rome,rome/rome/grafo9369.69.graphml,69,89,C,repaired,4,8,6,refutation,85075,0.144,1,
rome,rome/rome/grafo9370.66.graphml,66,88,C,repaired,4,7,7,refutation,59995,0.095,1,
rome,rome/rome/grafo9368.72.graphml,72,93,C,repaired,5,8,7,refutation,215161,0.237,1,
rome,rome/rome/grafo9374.65.graphml,65,85,C,repaired,5,7,6,refutation,38122,0.075,1,
rome,rome/rome/grafo9375.65.graphml,65,76,C,repaired,4,6,4,bound,6104,0.03,1,
rome,rome/rome/grafo9338.86.graphml,86,111,C,repaired,5,9,8,refutation,3061446,2.595,1,
rome,rome/rome/grafo9373.70.graphml,70,87,C,repaired,4,7,6,refutation,45154,0.078,1,
rome,rome/rome/grafo9355.84.graphml,84,117,C,repaired,6,9,8,refutation,1501713,1.357,1,
rome,rome/rome/grafo9379.61.graphml,61,76,C,repaired,4,5,5,refutation,5698,0.024,1,
rome,rome/rome/grafo9378.68.graphml,68,81,C,repaired,4,5,5,refutation,9268,0.034,1,
rome,rome/rome/grafo9372.78.graphml,78,105,C,repaired,5,8,7,refutation,275950,0.288,1,
rome,rome/rome/grafo9376.71.graphml,71,84,C,repaired,4,6,6,refutation,58440,0.1,1,
rome,rome/rome/grafo938.10.graphml,10,14,C,repaired,3,3,3,bound,0,0.0,1,
rome,rome/rome/grafo9382.67.graphml,67,83,C,repaired,5,7,6,refutation,37364,0.072,1,
rome,rome/rome/grafo9383.63.graphml,63,87,C,repaired,5,7,6,refutation,24502,0.049,1,
rome,rome/rome/grafo9353.75.graphml,75,113,C,repaired,7,10,9,refutation,1725512,1.584,1,
rome,rome/rome/grafo9377.72.graphml,72,101,C,repaired,6,8,8,refutation,325514,0.315,1,
rome,rome/rome/grafo9385.63.graphml,63,83,C,repaired,5,6,6,refutation,22920,0.065,1,
rome,rome/rome/grafo9386.66.graphml,66,86,C,repaired,5,6,6,refutation,71098,0.086,1,
rome,rome/rome/grafo9388.66.graphml,66,80,C,repaired,5,7,6,refutation,34373,0.072,1,
rome,rome/rome/grafo9387.66.graphml,66,84,C,repaired,5,7,7,refutation,155307,0.174,1,
rome,rome/rome/grafo939.15.graphml,15,16,C,repaired,2,2,2,bound,0,0.0,1,
rome,rome/rome/grafo9384.64.graphml,64,88,C,repaired,6,8,7,refutation,361027,0.358,1,
rome,rome/rome/grafo9391.61.graphml,61,78,C,repaired,4,6,5,refutation,11975,0.035,1,
rome,rome/rome/grafo9380.62.graphml,62,96,C,repaired,6,9,9,refutation,897330,0.663,1,
rome,rome/rome/grafo9390.63.graphml,63,94,C,repaired,6,9,8,refutation,343602,0.284,1,
rome,rome/rome/grafo9371.77.graphml,77,103,C,repaired,5,8,8,refutation,1168057,0.991,1,
rome,rome/rome/grafo9394.64.graphml,64,87,C,repaired,5,7,7,refutation,181846,0.176,1,
rome,rome/rome/grafo9393.66.graphml,66,88,C,repaired,5,8,7,refutation,251304,0.279,1,
rome,rome/rome/grafo9389.77.graphml,77,99,C,repaired,5,7,7,refutation,539267,0.486,1,
rome,rome/rome/grafo9392.71.graphml,71,94,C,repaired,5,8,7,refutation,439066,0.387,1,
rome,rome/rome/grafo9395.79.graphml,79,99,C,repaired,5,8,6,refutation,120312,0.157,1,
rome,rome/rome/grafo940.20.graphml,20,22,C,repaired,2,3,3,refutation,58,0.001,1,
rome,rome/rome/grafo9400.63.graphml,63,85,C,repaired,5,7,6,refutation,22098,0.037,1,
rome,rome/rome/grafo9402.64.graphml,64,90,C,repaired,5,6,6,refutation,13106,0.044,1,
rome,rome/rome/grafo9381.79.graphml,79,104,C,repaired,5,8,8,refutation,1152733,0.974,1,
rome,rome/rome/grafo9398.66.graphml,66,90,C,repaired,5,8,7,refutation,121382,0.264,1,
rome,rome/rome/grafo9405.62.graphml,62,82,C,repaired,4,7,6,refutation,55763,0.08,1,
rome,rome/rome/grafo9404.65.graphml,65,93,C,repaired,5,8,7,refutation,72034,0.093,1,
rome,rome/rome/grafo9397.78.graphml,78,96,C,repaired,4,7,6,refutation,265316,0.411,1,
rome,rome/rome/grafo9403.66.graphml,66,91,C,repaired,5,8,7,refutation,136956,0.188,1,
rome,rome/rome/grafo941.29.graphml,29,35,C,repaired,3,4,3,bound,24,0.001,1,
rome,rome/rome/grafo9408.61.graphml,61,89,C,repaired,5,7,6,refutation,23434,0.042,1,
rome,rome/rome/grafo9399.69.graphml,69,96,C,repaired,5,9,8,refutation,602008,0.489,1,
rome,rome/rome/grafo9401.80.graphml,80,102,C,repaired,5,7,7,refutation,866269,0.642,1,
rome,rome/rome/grafo9411.65.graphml,65,95,C,repaired,6,8,8,refutation,343690,0.301,1,
rome,rome/rome/grafo9410.67.graphml,67,93,C,repaired,6,9,8,refutation,567891,0.45,1,
rome,rome/rome/grafo9333.80.graphml,80,112,C,repaired,6,10,9,refutation,7025032,5.24,1,
rome,rome/rome/grafo9415.65.graphml,65,85,C,repaired,5,8,7,refutation,109532,0.137,1,
rome,rome/rome/grafo9417.65.graphml,65,88,C,repaired,4,7,6,refutation,36526,0.076,1,
rome,rome/rome/grafo9416.67.graphml,67,90,C,repaired,6,8,7,refutation,250332,0.267,1,
rome,rome/rome/grafo9418.74.graphml,74,94,C,repaired,4,6,6,refutation,30437,0.065,1,
rome,rome/rome/grafo942.31.graphml,31,35,C,repaired,2,3,3,refutation,135,0.002,1,
rome,rome/rome/grafo9419.60.graphml,60,83,C,repaired,5,7,6,refutation,21804,0.05,1,
rome,rome/rome/grafo9420.64.graphml,64,85,C,repaired,4,6,6,refutation,22779,0.056,1,
rome,rome/rome/grafo9409.86.graphml,86,113,C,repaired,5,9,8,refutation,1459930,1.169,1,
rome,rome/rome/grafo9423.72.graphml,72,100,C,repaired,5,8,7,refutation,277195,0.279,1,
rome,rome/rome/grafo9424.63.graphml,63,85,C,repaired,5,7,6,refutation,32584,0.064,1,
rome,rome/rome/grafo9299.92.graphml,92,126,C,repaired,6,10,9,,13513723,10.012,1,
rome,rome/rome/grafo9407.78.graphml,78,102,C,repaired,5,9,8,refutation,2232803,1.789,1,
rome,rome/rome/grafo9425.78.graphml,78,100,C,repaired,5,8,7,refutation,187353,0.227,1,
rome,rome/rome/grafo9427.72.graphml,72,99,C,repaired,5,8,7,refutation,119319,0.152,1,
rome,rome/rome/grafo9426.65.graphml,65,106,C,repaired,7,10,9,refutation,486683,0.396,1,
rome,rome/rome/grafo943.21.graphml,21,26,C,repaired,4,4,4,bound,0,0.001,1,
rome,rome/rome/grafo9430.65.graphml,65,76,C,repaired,4,5,5,refutation,35170,0.068,1,
rome,rome/rome/grafo9413.80.graphml,80,111,C,repaired,6,9,9,refutation,3162934,2.223,1,
rome,rome/rome/grafo9421.82.graphml,82,114,C,repaired,5,9,8,refutation,2159598,1.689,1,
rome,rome/rome/grafo9315.87.graphml,87,117,C,repaired,6,10,9,,14270186,10.012,1,
rome,rome/rome/grafo9314.88.graphml,88,123,C,repaired,7,10,9,,13754463,10.012,1,
rome,rome/rome/grafo9431.79.graphml,79,103,C,repaired,5,8,7,refutation,803623,0.655,1,
rome,rome/rome/grafo9435.72.graphml,72,99,C,repaired,5,7,6,refutation,43390,0.069,1,
rome,rome/rome/grafo9437.64.graphml,64,82,C,repaired,4,6,5,refutation,11256,0.034,1,
rome,rome/rome/grafo9433.65.graphml,65,101,C,repaired,6,9,9,refutation,536846,0.461,1,
rome,rome/rome/grafo9428.85.graphml,85,115,C,repaired,6,9,8,refutation,1472534,1.301,1,
rome,rome/rome/grafo944.14.graphml,14,13,C,repaired,1,2,2,refutation,18,0.001,1,
rome,rome/rome/grafo9438.76.graphml,76,103,C,repaired,5,8,7,refutation,200706,0.223,1,
rome,rome/rome/grafo9439.78.graphml,78,105,C,repaired,5,8,7,refutation,281240,0.3,1,
rome,rome/rome/grafo9442.63.graphml,63,81,C,repaired,5,6,6,refutation,23116,0.056,1,
rome,rome/rome/grafo9440.83.graphml,83,108,C,repaired,5,7,7,refutation,415079,0.349,1,
rome,rome/rome/grafo9444.65.graphml,65,96,C,repaired,5,8,8,refutation,90939,0.125,1,
rome,rome/rome/grafo9441.73.graphml,73,98,C,repaired,5,8,8,refutation,842214,0.71,1,
rome,rome/rome/grafo9446.62.graphml,62,86,C,repaired,5,7,6,refutation,26900,0.058,1,
rome,rome/rome/grafo9447.64.graphml,64,83,C,repaired,4,6,5,refutation,11201,0.038,1,
rome,rome/rome/grafo9327.89.graphml,89,128,C,repaired,6,10,9,,14208771,10.01,1,
rome,rome/rome/grafo9422.86.graphml,86,124,C,repaired,7,9,9,refutation,4036098,3.393,1,
rome,rome/rome/grafo945.17.graphml,17,22,C,repaired,3,3,3,bound,0,0.001,1,
rome,rome/rome/grafo9412.82.graphml,82,117,C,repaired,6,9,9,refutation,6056669,4.509,1,
rome,rome/rome/grafo9448.78.graphml,78,106,C,repaired,6,8,7,refutation,268728,0.293,1,
rome,rome/rome/grafo9443.82.graphml,82,110,C,repaired,6,9,8,refutation,1056445,0.992,1,
rome,rome/rome/grafo9451.61.graphml,61,97,C,repaired,6,10,9,refutation,119523,0.147,1,
rome,rome/rome/grafo9452.66.graphml,66,92,C,repaired,5,8,7,refutation,180611,0.181,1,
rome,rome/rome/grafo9455.63.graphml,63,80,C,repaired,5,7,6,refutation,33191,0.071,1,
rome,rome/rome/grafo9456.65.graphml,65,82,C,repaired,4,6,6,refutation,53310,0.087,1,
rome,rome/rome/grafo9449.72.graphml,72,100,C,repaired,6,9,8,refutation,1213337,1.008,1,
rome,rome/rome/grafo9458.71.graphml,71,94,C,repaired,4,6,5,refutation,13967,0.044,1,
rome,rome/rome/grafo9445.89.graphml,89,118,C,repaired,5,8,8,refutation,1970497,1.753,1,
rome,rome/rome/grafo946.22.graphml,22,25,C,repaired,2,3,3,refutation,65,0.001,1,
rome,rome/rome/grafo9460.64.graphml,64,78,C,repaired,4,5,5,refutation,11752,0.041,1,
rome,rome/rome/grafo9337.86.graphml,86,124,C,repaired,6,10,10,,14557184,10.013,1,
rome,rome/rome/grafo9461.78.graphml,78,114,C,repaired,6,8,8,refutation,316498,0.313,1,
rome,rome/rome/grafo9463.77.graphml,77,103,C,repaired,5,7,7,refutation,326835,0.299,1,
rome,rome/rome/grafo9462.68.graphml,68,99,C,repaired,6,9,9,refutation,1192899,0.98,1,
rome,rome/rome/grafo9357.99.graphml,99,147,C,repaired,7,13,12,,13893018,10.009,1,
rome,rome/rome/grafo9466.69.graphml,69,86,C,repaired,5,6,6,refutation,62100,0.106,1,
rome,rome/rome/grafo9467.64.graphml,64,75,C,repaired,4,5,4,bound,1636,0.012,1,
rome,rome/rome/grafo9434.83.graphml,83,117,C,repaired,6,10,9,refutation,5868659,5.099,1,
rome,rome/rome/grafo9362.98.graphml,98,143,C,repaired,7,11,11,,14827520,10.013,1,
rome,rome/rome/grafo947.15.graphml,15,24,C,repaired,4,4,4,bound,0,0.001,1,
rome,rome/rome/grafo9469.85.graphml,85,109,C,repaired,4,7,6,refutation,105356,0.168,1,
rome,rome/rome/grafo9470.65.graphml,65,87,C,repaired,5,8,7,refutation,180069,0.194,1,
rome,rome/rome/grafo9454.70.graphml,70,109,C,repaired,7,10,10,refutation,4308781,3.572,1,
rome,rome/rome/grafo9473.64.graphml,64,79,C,repaired,4,5,5,refutation,12241,0.024,1,
rome,rome/rome/grafo9472.68.graphml,68,92,C,repaired,5,8,7,refutation,127438,0.157,1,
rome,rome/rome/grafo9474.70.graphml,70,90,C,repaired,5,7,6,refutation,68839,0.124,1,
rome,rome/rome/grafo9475.65.graphml,65,84,C,repaired,4,6,6,refutation,34456,0.052,1,
rome,rome/rome/grafo9457.79.graphml,79,110,C,repaired,6,10,9,refutation,4843077,3.593,1,
rome,rome/rome/grafo9477.63.graphml,63,87,C,repaired,5,8,7,refutation,77331,0.118,1,
rome,rome/rome/grafo9465.82.graphml,82,112,C,repaired,5,9,8,refutation,2088426,1.993,1,
rome,rome/rome/grafo9453.80.graphml,80,114,C,repaired,6,9,9,refutation,4773158,4.266,1,
rome,rome/rome/grafo948.15.graphml,15,20,C,repaired,3,3,3,bound,0,0.001,1,
rome,rome/rome/grafo9478.78.graphml,78,100,C,repaired,5,7,6,refutation,124829,0.179,1,
rome,rome/rome/grafo9459.79.graphml,79,119,C,repaired,7,10,10,refutation,4576563,3.389,1,
rome,rome/rome/grafo9484.60.graphml,60,78,C,repaired,5,7,6,refutation,30212,0.063,1,
rome,rome/rome/grafo9481.67.graphml,67,90,C,repaired,6,7,7,refutation,229906,0.234,1,
rome,rome/rome/grafo9482.79.graphml,79,104,C,repaired,5,8,7,refutation,318024,0.337,1,
rome,rome/rome/grafo9396.88.graphml,88,123,C,repaired,6,9,9,,15695872,10.013,1,
rome,rome/rome/grafo9485.73.graphml,73,98,C,repaired,5,8,7,refutation,228025,0.272,1,
rome,rome/rome/grafo9488.65.graphml,65,80,C,repaired,4,5,5,refutation,10352,0.038,1,
rome,rome/rome/grafo949.10.graphml,10,10,C,repaired,2,2,2,bound,0,0.0,1,
rome,rome/rome/grafo9487.73.graphml,73,96,C,repaired,5,7,7,refutation,232379,0.241,1,
rome,rome/rome/grafo9406.84.graphml,84,120,C,repaired,6,10,10,,12918784,10.013,1,
rome,rome/rome/grafo9491.79.graphml,79,97,C,repaired,5,7,6,refutation,145609,0.182,1,
rome,rome/rome/grafo9468.79.graphml,79,109,C,repaired,6,9,8,refutation,2828109,2.276,1,
rome,rome/rome/grafo9476.79.graphml,79,109,C,repaired,6,9,8,refutation,1566912,1.4,1,
rome,rome/rome/grafo9494.61.graphml,61,80,C,repaired,5,6,5,bound,1897,0.011,1,
rome,rome/rome/grafo9489.83.graphml,83,110,C,repaired,5,8,8,refutation,936158,0.888,1,
rome,rome/rome/grafo9414.75.graphml,75,114,C,repaired,7,11,11,,15810560,10.012,1,
rome,rome/rome/grafo9496.64.graphml,64,89,C,repaired,5,8,7,refutation,211354,0.198,1,
rome,rome/rome/grafo9486.81.graphml,81,116,C,repaired,5,9,8,refutation,1383229,1.228,1,
rome,rome/rome/grafo950.19.graphml,19,23,C,repaired,2,3,2,bound,26,0.001,1,
rome,rome/rome/grafo9499.66.graphml,66,88,C,repaired,5,7,7,refutation,77964,0.107,1,
rome,rome/rome/grafo9492.80.graphml,80,106,C,repaired,5,8,7,refutation,878686,0.79,1,
rome,rome/rome/grafo9498.71.graphml,71,95,C,repaired,5,8,8,refutation,462264,0.4,1,
rome,rome/rome/grafo9500.83.graphml,83,117,C,repaired,6,8,7,refutation,369827,0.298,1,
rome,rome/rome/grafo9479.68.graphml,68,105,C,repaired,6,11,10,refutation,2803682,2.062,1,
rome,rome/rome/grafo9504.64.graphml,64,88,C,repaired,5,7,6,refutation,28581,0.06,1,
rome,rome/rome/grafo9505.75.graphml,75,97,C,repaired,5,6,6,refutation,53585,0.097,1,
rome,rome/rome/grafo9483.83.graphml,83,109,C,repaired,5,8,8,refutation,2862853,2.211,1,
rome,rome/rome/grafo9502.75.graphml,75,111,C,repaired,6,9,8,refutation,603692,0.557,1,
rome,rome/rome/grafo9506.70.graphml,70,91,C,repaired,5,8,7,refutation,237478,0.257,1,
rome,rome/rome/grafo9507.66.graphml,66,96,C,repaired,6,8,8,refutation,191683,0.209,1,
rome,rome/rome/grafo951.13.graphml,13,18,C,repaired,2,2,2,bound,0,0.0,1,
rome,rome/rome/grafo9490.80.graphml,80,120,C,repaired,7,10,9,refutation,2018517,1.819,1,
rome,rome/rome/grafo9501.66.graphml,66,105,C,repaired,6,10,9,refutation,925865,0.714,1,
rome,rome/rome/grafo9509.64.graphml,64,91,C,repaired,5,7,7,refutation,91977,0.107,1,
rome,rome/rome/grafo9508.69.graphml,69,86,C,repaired,4,7,6,refutation,109628,0.128,1,
rome,rome/rome/grafo9513.74.graphml,74,100,C,repaired,5,8,7,refutation,104853,0.147,1,
rome,rome/rome/grafo9510.65.graphml,65,89,C,repaired,5,8,7,refutation,152647,0.22,1,
rome,rome/rome/grafo9503.77.graphml,77,109,C,repaired,6,9,8,refutation,1010010,0.8,1,
rome,rome/rome/grafo9515.67.graphml,67,89,C,repaired,4,7,7,refutation,264555,0.24,1,
rome,rome/rome/grafo9514.68.graphml,68,89,C,repaired,5,8,7,refutation,284783,0.249,1,
rome,rome/rome/grafo9517.63.graphml,63,76,C,repaired,4,6,6,refutation,77619,0.104,1,
rome,rome/rome/grafo9519.65.graphml,65,85,C,repaired,4,5,5,refutation,6061,0.027,1,
rome,rome/rome/grafo9512.65.graphml,65,93,C,repaired,6,9,8,refutation,428408,0.36,1,
rome,rome/rome/grafo952.19.graphml,19,22,C,repaired,2,2,2,bound,0,0.003,1,
rome,rome/rome/grafo9429.86.graphml,86,127,C,repaired,6,11,10,,14679611,10.009,1,
rome,rome/rome/grafo9511.84.graphml,84,119,C,repaired,5,8,7,refutation,483348,0.506,1,
rome,rome/rome/grafo9518.68.graphml,68,90,C,repaired,5,7,7,refutation,289537,0.261,1,
rome,rome/rome/grafo9523.64.graphml,64,85,C,repaired,4,7,7,refutation,222196,0.22,1,
rome,rome/rome/grafo9516.64.graphml,64,92,C,repaired,6,8,8,refutation,864956,0.601,1,
rome,rome/rome/grafo9497.85.graphml,85,114,C,repaired,5,8,8,refutation,2102374,1.954,1,
rome,rome/rome/grafo9522.79.graphml,79,105,C,repaired,6,9,8,refutation,620216,0.587,1,
rome,rome/rome/grafo9528.63.graphml,63,92,C,repaired,5,9,8,refutation,102613,0.137,1,
rome,rome/rome/grafo9495.67.graphml,67,96,C,repaired,6,9,9,refutation,2986846,2.322,1,
rome,rome/rome/grafo953.18.graphml,18,18,C,repaired,2,2,2,bound,0,0.0,1,
rome,rome/rome/grafo9525.78.graphml,78,102,C,repaired,5,8,7,refutation,540689,0.482,1,
rome,rome/rome/grafo9432.89.graphml,89,122,C,repaired,6,10,9,,18914517,10.014,1,
rome,rome/rome/grafo9526.72.graphml,72,98,C,repaired,6,8,8,refutation,594537,0.539,1,
rome,rome/rome/grafo9520.79.graphml,79,109,C,repaired,5,9,8,refutation,1118352,0.837,1,
rome,rome/rome/grafo9531.84.graphml,84,111,C,repaired,5,7,7,refutation,276125,0.273,1,
rome,rome/rome/grafo9535.61.graphml,61,78,C,repaired,5,8,6,refutation,121440,0.137,1,
rome,rome/rome/grafo9532.80.graphml,80,94,C,repaired,5,8,6,refutation,337511,0.275,1,
rome,rome/rome/grafo9521.79.graphml,79,104,C,repaired,5,9,8,refutation,1230857,1.053,1,
rome,rome/rome/grafo9436.82.graphml,82,126,C,repaired,7,10,10,,13291520,10.011,1,
rome,rome/rome/grafo954.12.graphml,12,11,C,repaired,1,2,2,refutation,12,0.001,1,
rome,rome/rome/grafo9534.71.graphml,71,98,C,repaired,5,9,8,refutation,499472,0.439,1,
rome,rome/rome/grafo9537.69.graphml,69,89,C,repaired,5,7,7,refutation,246424,0.261,1,
rome,rome/rome/grafo9530.68.graphml,68,103,C,repaired,6,10,9,refutation,780584,0.69,1,
rome,rome/rome/grafo9536.66.graphml,66,93,C,repaired,6,8,8,refutation,632053,0.458,1,
rome,rome/rome/grafo9529.87.graphml,87,105,C,repaired,4,7,7,refutation,943945,0.838,1,
rome,rome/rome/grafo9543.65.graphml,65,92,C,repaired,6,8,7,refutation,98282,0.139,1,
rome,rome/rome/grafo9540.68.graphml,68,95,C,repaired,5,8,7,refutation,304875,0.307,1,
rome,rome/rome/grafo9545.75.graphml,75,92,C,repaired,4,7,6,refutation,105846,0.146,1,
rome,rome/rome/grafo9548.65.graphml,65,79,C,repaired,5,6,6,refutation,46257,0.085,1,
rome,rome/rome/grafo955.13.graphml,13,12,C,repaired,1,2,2,refutation,13,0.001,1,
rome,rome/rome/grafo9533.82.graphml,82,112,C,repaired,6,8,8,refutation,1033588,0.968,1,
rome,rome/rome/grafo9539.71.graphml,71,114,C,repaired,6,10,9,refutation,773351,0.696,1,
rome,rome/rome/grafo9547.63.graphml,63,89,C,repaired,5,9,7,refutation,303301,0.247,1,
rome,rome/rome/grafo9524.84.graphml,84,116,C,repaired,5,8,8,refutation,2042871,1.696,1,
rome,rome/rome/grafo9544.62.graphml,62,91,C,repaired,6,9,8,refutation,557965,0.413,1,
rome,rome/rome/grafo9546.66.graphml,66,92,C,repaired,6,8,8,refutation,386264,0.369,1,
rome,rome/rome/grafo9551.78.graphml,78,92,C,repaired,4,7,5,refutation,54796,0.105,1,
rome,rome/rome/grafo9549.78.graphml,78,97,C,repaired,4,7,7,refutation,258743,0.278,1,
rome,rome/rome/grafo9554.74.graphml,74,91,C,repaired,4,7,6,refutation,84735,0.115,1,
rome,rome/rome/grafo9555.70.graphml,70,92,C,repaired,5,8,7,refutation,68618,0.147,1,
rome,rome/rome/grafo9556.62.graphml,62,87,C,repaired,5,8,7,refutation,115363,0.128,1,
rome,rome/rome/grafo956.14.graphml,14,15,C,repaired,2,2,2,bound,0,0.0,1,
rome,rome/rome/grafo9559.64.graphml,64,84,C,repaired,5,7,6,refutation,55591,0.091,1,
rome,rome/rome/grafo9493.87.graphml,87,122,C,repaired,6,10,9,refutation,4810793,4.08,1,
rome,rome/rome/grafo9527.88.graphml,88,118,C,repaired,6,9,8,refutation,2051144,1.866,1,
rome,rome/rome/grafo9558.65.graphml,65,93,C,repaired,6,8,7,refutation,223857,0.239,1,
rome,rome/rome/grafo9563.63.graphml,63,85,C,repaired,4,7,6,refutation,22345,0.057,1,
rome,rome/rome/grafo9552.72.graphml,72,98,C,repaired,6,8,8,refutation,626693,0.544,1,
rome,rome/rome/grafo9564.74.graphml,74,99,C,repaired,5,7,6,refutation,52781,0.09,1,
rome,rome/rome/grafo9561.83.graphml,83,105,C,repaired,4,7,6,refutation,158240,0.232,1,
rome,rome/rome/grafo9562.66.graphml,66,91,C,repaired,5,7,7,refutation,149030,0.171,1,
rome,rome/rome/grafo957.12.graphml,12,11,C,repaired,1,1,1,bound,0,0.0,1,
rome,rome/rome/grafo9569.70.graphml,70,91,C,repaired,4,6,6,refutation,42229,0.067,1,
rome,rome/rome/grafo9568.65.graphml,65,92,C,repaired,6,8,7,refutation,117657,0.147,1,
rome,rome/rome/grafo9571.67.graphml,67,77,C,repaired,3,6,5,refutation,12746,0.038,1,
rome,rome/rome/grafo9570.64.graphml,64,82,C,repaired,4,6,6,refutation,53219,0.084,1,
rome,rome/rome/grafo9573.65.graphml,65,73,C,repaired,3,5,4,refutation,4925,0.015,1,
rome,rome/rome/grafo9560.80.graphml,80,100,C,repaired,5,8,7,refutation,580800,0.567,1,
rome,rome/rome/grafo9450.84.graphml,84,125,C,repaired,6,10,10,,13570048,10.012,1,
rome,rome/rome/grafo9575.65.graphml,65,82,C,repaired,4,6,6,refutation,45668,0.085,1,
rome,rome/rome/grafo9541.80.graphml,80,105,C,repaired,5,9,8,refutation,1915117,1.598,1,
rome,rome/rome/grafo9567.67.graphml,67,96,C,repaired,6,8,8,refutation,514398,0.431,1,
rome,rome/rome/grafo9578.66.graphml,66,82,C,repaired,4,6,6,refutation,34390,0.076,1,
rome,rome/rome/grafo958.13.graphml,13,16,C,repaired,3,3,3,bound,0,0.001,1,
rome,rome/rome/grafo9574.74.graphml,74,107,C,repaired,6,9,8,refutation,230304,0.251,1,
rome,rome/rome/grafo9579.63.graphml,63,92,C,repaired,6,9,8,refutation,193300,0.201,1,
rome,rome/rome/grafo9566.70.graphml,70,100,C,repaired,6,8,8,refutation,827769,0.714,1,
rome,rome/rome/grafo9582.80.graphml,80,101,C,repaired,4,6,6,refutation,96269,0.128,1,
rome,rome/rome/grafo9583.62.graphml,62,77,C,repaired,4,7,6,refutation,41118,0.074,1,
rome,rome/rome/grafo9572.71.graphml,71,96,C,repaired,5,9,8,refutation,854609,0.747,1,
rome,rome/rome/grafo9587.62.graphml,62,93,C,repaired,6,8,7,refutation,45856,0.083,1,
rome,rome/rome/grafo9586.78.graphml,78,100,C,repaired,5,7,7,refutation,340961,0.291,1,
rome,rome/rome/grafo9588.62.graphml,62,100,C,repaired,6,9,9,refutation,603883,0.455,1,
rome,rome/rome/grafo9589.62.graphml,62,100,C,repaired,6,9,9,refutation,603883,0.454,1,
rome,rome/rome/grafo959.24.graphml,24,26,C,repaired,2,3,3,refutation,110,0.001,1,
rome,rome/rome/grafo9557.79.graphml,79,116,C,repaired,6,10,9,refutation,3522962,2.524,1,
rome,rome/rome/grafo9584.86.graphml,86,122,C,repaired,7,9,8,refutation,1590098,1.386,1,
rome,rome/rome/grafo9585.86.graphml,86,122,C,repaired,7,9,8,refutation,1590098,1.345,1,
rome,rome/rome/grafo9592.72.graphml,72,86,C,repaired,3,6,5,refutation,15408,0.043,1,
rome,rome/rome/grafo9538.81.graphml,81,120,C,repaired,7,10,9,refutation,4625193,3.541,1,
rome,rome/rome/grafo9464.85.graphml,85,126,C,repaired,6,11,10,,14842000,10.01,1,
rome,rome/rome/grafo9594.64.graphml,64,86,C,repaired,5,7,7,refutation,150791,0.163,1,
rome,rome/rome/grafo9598.62.graphml,62,80,C,repaired,5,7,6,refutation,44493,0.076,1,
rome,rome/rome/grafo960.26.graphml,26,27,C,repaired,2,2,2,bound,0,0.001,1,
rome,rome/rome/grafo9591.73.graphml,73,107,C,repaired,6,8,8,refutation,1120356,0.824,1,
rome,rome/rome/grafo9600.65.graphml,65,82,C,repaired,4,6,6,refutation,41665,0.078,1,
rome,rome/rome/grafo9601.64.graphml,64,99,C,repaired,5,8,7,refutation,43335,0.078,1,
rome,rome/rome/grafo9471.92.graphml,92,122,C,repaired,6,9,9,refutation,11507753,8.881,1,
rome,rome/rome/grafo9590.74.graphml,74,99,C,repaired,6,8,8,refutation,1519049,1.181,1,
rome,rome/rome/grafo9602.82.graphml,82,107,C,repaired,4,8,7,refutation,344548,0.341,1,
rome,rome/rome/grafo9604.82.graphml,82,100,C,repaired,4,6,5,refutation,33695,0.072,1,
rome,rome/rome/grafo9597.96.graphml,96,120,C,repaired,5,8,7,refutation,874606,0.873,1,
rome,rome/rome/grafo9608.83.graphml,83,98,C,repaired,4,6,5,refutation,25246,0.06,1,
rome,rome/rome/grafo9609.63.graphml,63,92,C,repaired,5,9,8,refutation,116356,0.146,1,
rome,rome/rome/grafo961.10.graphml,10,10,C,repaired,2,2,2,bound,0,0.0,1,
rome,rome/rome/grafo9599.81.graphml,81,106,C,repaired,5,8,8,refutation,1308754,1.086,1,
rome,rome/rome/grafo9610.67.graphml,67,94,C,repaired,5,7,7,refutation,138878,0.164,1,
rome,rome/rome/grafo9612.79.graphml,79,99,C,repaired,4,8,6,refutation,178966,0.2,1,
rome,rome/rome/grafo9605.85.graphml,85,117,C,repaired,5,9,8,refutation,1126380,1.062,1,
rome,rome/rome/grafo9595.86.graphml,86,120,C,repaired,6,9,8,refutation,2821030,1.928,1,
rome,rome/rome/grafo9603.85.graphml,85,110,C,repaired,6,8,8,refutation,2040077,1.486,1,
rome,rome/rome/grafo9613.67.graphml,67,91,C,repaired,5,8,7,refutation,297316,0.284,1,
rome,rome/rome/grafo9616.63.graphml,63,94,C,repaired,6,9,9,refutation,534678,0.375,1,
rome,rome/rome/grafo9618.72.graphml,72,94,C,repaired,5,7,6,refutation,52825,0.077,1,
rome,rome/rome/grafo9607.87.graphml,87,116,C,repaired,6,9,8,refutation,2803787,2.086,1,
rome,rome/rome/grafo962.10.graphml,10,10,C,repaired,2,2,2,bound,0,0.0,1,
rome,rome/rome/grafo9606.87.graphml,87,116,C,repaired,6,9,8,refutation,2803787,2.212,1,
rome,rome/rome/grafo9620.71.graphml,71,90,C,repaired,5,7,6,refutation,82902,0.121,1,
rome,rome/rome/grafo9615.81.graphml,81,106,C,repaired,6,9,8,refutation,1498208,1.373,1,
rome,rome/rome/grafo9621.90.graphml,90,112,C,repaired,5,7,6,refutation,236861,0.245,1,
rome,rome/rome/grafo9624.65.graphml,65,80,C,repaired,4,6,5,refutation,5894,0.013,1,
rome,rome/rome/grafo9625.74.graphml,74,92,C,repaired,4,6,6,refutation,68056,0.102,1,
rome,rome/rome/grafo9622.93.graphml,93,124,C,repaired,5,9,8,refutation,786863,0.654,1,
rome,rome/rome/grafo9623.82.graphml,82,109,C,repaired,6,8,8,refutation,889226,0.791,1,
rome,rome/rome/grafo9626.83.graphml,83,115,C,repaired,5,8,7,refutation,773313,0.649,1,
rome,rome/rome/grafo9627.80.graphml,80,98,C,repaired,5,8,7,refutation,408890,0.444,1,
rome,rome/rome/grafo963.19.graphml,19,21,C,repaired,2,3,3,refutation,82,0.001,1,
rome,rome/rome/grafo9628.81.graphml,81,107,C,repaired,6,8,7,refutation,402128,0.325,1,
rome,rome/rome/grafo9631.76.graphml,76,107,C,repaired,5,8,8,refutation,1024363,0.902,1,
rome,rome/rome/grafo9614.86.graphml,86,112,C,repaired,6,9,9,refutation,4893684,3.893,1,
rome,rome/rome/grafo9632.68.graphml,68,91,C,repaired,5,7,7,refutation,166267,0.19,1,
rome,rome/rome/grafo9617.86.graphml,86,107,C,repaired,5,8,8,refutation,4363074,3.638,1,
rome,rome/rome/grafo9633.64.graphml,64,88,C,repaired,6,8,7,refutation,133171,0.162,1,
rome,rome/rome/grafo9636.76.graphml,76,100,C,repaired,5,8,7,refutation,481319,0.425,1,
rome,rome/rome/grafo9634.92.graphml,92,124,C,repaired,6,9,7,refutation,885226,0.672,1,
rome,rome/rome/grafo9637.62.graphml,62,81,C,repaired,4,7,6,refutation,26860,0.06,1,
rome,rome/rome/grafo9639.72.graphml,72,80,C,repaired,3,6,5,refutation,31742,0.07,1,
rome,rome/rome/grafo9542.87.graphml,87,136,C,repaired,7,11,11,,14102528,10.013,1,
rome,rome/rome/grafo9638.65.graphml,65,90,C,repaired,5,8,7,refutation,149520,0.166,1,
rome,rome/rome/grafo964.13.graphml,13,16,C,repaired,3,3,3,bound,0,0.0,1,
rome,rome/rome/grafo9640.68.graphml,68,90,C,repaired,5,7,6,refutation,30189,0.063,1,
rome,rome/rome/grafo9641.66.graphml,66,79,C,repaired,3,6,5,refutation,14334,0.037,1,
rome,rome/rome/grafo9642.69.graphml,69,91,C,repaired,5,7,6,refutation,38257,0.072,1,
rome,rome/rome/grafo9644.73.graphml,73,92,C,repaired,4,6,5,refutation,11532,0.036,1,
rome,rome/rome/grafo9643.62.graphml,62,73,C,repaired,4,6,5,refutation,29509,0.055,1,
rome,rome/rome/grafo9645.75.graphml,75,94,C,repaired,4,6,5,refutation,18455,0.053,1,
rome,rome/rome/grafo9647.72.graphml,72,92,C,repaired,4,6,6,refutation,37262,0.076,1,
rome,rome/rome/grafo9648.64.graphml,64,75,C,repaired,4,6,5,refutation,32394,0.062,1,
rome,rome/rome/grafo965.15.graphml,15,15,C,repaired,2,2,2,bound,0,0.0,1,
rome,rome/rome/grafo9646.71.graphml,71,86,C,repaired,4,6,6,refutation,195276,0.191,1,
rome,rome/rome/grafo9649.70.graphml,70,86,C,repaired,4,6,5,refutation,19097,0.053,1,
rome,rome/rome/grafo9550.85.graphml,85,125,C,repaired,7,10,10,,19070976,10.011,1,
rome,rome/rome/grafo9653.71.graphml,71,80,C,repaired,2,4,3,refutation,459,0.006,1,
rome,rome/rome/grafo9652.63.graphml,63,75,C,repaired,3,6,5,refutation,12376,0.037,1,
rome,rome/rome/grafo9553.79.graphml,79,123,C,repaired,7,11,11,,14630912,10.014,1,
rome,rome/rome/grafo9651.68.graphml,68,90,C,repaired,5,7,6,refutation,67972,0.115,1,
rome,rome/rome/grafo9655.71.graphml,71,88,C,repaired,4,6,6,refutation,41591,0.092,1,
rome,rome/rome/grafo9658.67.graphml,67,79,C,repaired,3,5,4,refutation,2139,0.014,1,
rome,rome/rome/grafo9657.68.graphml,68,90,C,repaired,5,8,7,refutation,161508,0.169,1,
rome,rome/rome/grafo9659.64.graphml,64,82,C,repaired,4,7,6,refutation,44569,0.078,1,
rome,rome/rome/grafo966.13.graphml,13,13,C,repaired,2,2,2,bound,0,0.0,1,
rome,rome/rome/grafo9654.74.graphml,74,94,C,repaired,4,8,7,refutation,378804,0.366,1,
rome,rome/rome/grafo9565.86.graphml,86,111,C,repaired,5,9,8,,21778580,10.013,1,
rome,rome/rome/grafo9656.68.graphml,68,93,C,repaired,6,8,8,refutation,628215,0.572,1,
rome,rome/rome/grafo9660.71.graphml,71,97,C,repaired,5,8,8,refutation,392218,0.32,1,
rome,rome/rome/grafo9665.65.graphml,65,86,C,repaired,3,5,4,refutation,1074,0.008,1,
rome,rome/rome/grafo9650.78.graphml,78,107,C,repaired,6,9,8,refutation,1137112,1.046,1,
rome,rome/rome/grafo9576.92.graphml,92,123,C,repaired,6,10,9,,15364679,10.014,1,
rome,rome/rome/grafo9577.97.graphml,97,124,C,repaired,5,8,8,,14548992,10.013,1,
rome,rome/rome/grafo9669.63.graphml,63,84,C,repaired,4,5,5,refutation,4516,0.015,1,
rome,rome/rome/grafo9667.69.graphml,69,89,C,repaired,4,7,6,refutation,57198,0.099,1,
rome,rome/rome/grafo967.16.graphml,16,17,C,repaired,2,3,2,bound,14,0.001,1,
rome,rome/rome/grafo9580.97.graphml,97,120,C,repaired,5,9,8,,16392737,10.012,1,
rome,rome/rome/grafo9581.91.graphml,91,129,C,repaired,5,10,9,,12483110,10.014,1,
rome,rome/rome/grafo9668.67.graphml,67,83,C,repaired,4,7,7,refutation,197864,0.22,1,
rome,rome/rome/grafo9671.63.graphml,63,80,C,repaired,5,7,6,refutation,58126,0.098,1,
rome,rome/rome/grafo9673.64.graphml,64,89,C,repaired,5,8,8,refutation,201995,0.187,1,
rome,rome/rome/grafo9672.70.graphml,70,104,C,repaired,6,9,8,refutation,353541,0.274,1,
rome,rome/rome/grafo9670.78.graphml,78,100,C,repaired,5,8,7,refutation,527458,0.485,1,
rome,rome/rome/grafo9675.63.graphml,63,89,C,repaired,6,8,8,refutation,358170,0.301,1,
rome,rome/rome/grafo9666.72.graphml,72,112,C,repaired,6,10,9,refutation,1034518,0.884,1,
rome,rome/rome/grafo968.13.graphml,13,21,C,repaired,3,3,3,bound,0,0.0,1,
rome,rome/rome/grafo9679.66.graphml,66,95,C,repaired,5,8,8,refutation,147574,0.166,1,
rome,rome/rome/grafo9677.68.graphml,68,97,C,repaired,5,8,8,refutation,440957,0.371,1,
rome,rome/rome/grafo9681.67.graphml,67,87,C,repaired,4,7,6,refutation,36047,0.077,1,
rome,rome/rome/grafo9683.67.graphml,67,88,C,repaired,5,7,6,refutation,39596,0.08,1,
rome,rome/rome/grafo9682.65.graphml,65,101,C,repaired,6,9,8,refutation,111292,0.128,1,
rome,rome/rome/grafo9663.87.graphml,87,119,C,repaired,6,8,8,refutation,1734820,1.619,1,
rome,rome/rome/grafo9680.83.graphml,83,111,C,repaired,5,8,7,refutation,439033,0.397,1,
rome,rome/rome/grafo9664.80.graphml,80,103,C,repaired,5,8,8,refutation,2022783,1.535,1,
rome,rome/rome/grafo9684.69.graphml,69,95,C,repaired,5,9,7,refutation,223814,0.248,1,
rome,rome/rome/grafo9688.67.graphml,67,82,C,repaired,4,6,6,refutation,55159,0.096,1,
rome,rome/rome/grafo969.12.graphml,12,12,C,repaired,2,3,2,bound,8,0.0,1,
rome,rome/rome/grafo9686.73.graphml,73,103,C,repaired,5,8,8,refutation,267248,0.27,1,
rome,rome/rome/grafo9689.77.graphml,77,103,C,repaired,5,7,7,refutation,184914,0.209,1,
rome,rome/rome/grafo9596.88.graphml,88,123,C,repaired,6,10,10,,13590528,10.013,1,
rome,rome/rome/grafo9678.79.graphml,79,106,C,repaired,6,9,8,refutation,1580714,1.1,1,
rome,rome/rome/grafo9690.63.graphml,63,88,C,repaired,5,8,8,refutation,283283,0.282,1,
rome,rome/rome/grafo9693.78.graphml,78,103,C,repaired,5,7,6,refutation,57206,0.101,1,
rome,rome/rome/grafo9696.62.graphml,62,81,C,repaired,4,8,7,refutation,62337,0.1,1,
rome,rome/rome/grafo9697.62.graphml,62,87,C,repaired,5,8,7,refutation,91491,0.125,1,
rome,rome/rome/grafo9698.79.graphml,79,104,C,repaired,5,8,6,refutation,89238,0.13,1,
rome,rome/rome/grafo9692.80.graphml,80,117,C,repaired,6,8,8,refutation,814899,0.76,1,
rome,rome/rome/grafo970.12.graphml,12,16,C,repaired,3,3,3,bound,0,0.0,1,
rome,rome/rome/grafo9695.77.graphml,77,102,C,repaired,5,8,8,refutation,934754,0.741,1,
rome,rome/rome/grafo9674.81.graphml,81,116,C,repaired,6,10,9,refutation,2923130,2.445,1,
rome,rome/rome/grafo9700.68.graphml,68,93,C,repaired,4,8,7,refutation,265619,0.271,1,
rome,rome/rome/grafo9694.79.graphml,79,109,C,repaired,6,9,8,refutation,1285477,1.072,1,
rome,rome/rome/grafo9703.65.graphml,65,88,C,repaired,5,7,6,refutation,17070,0.05,1,
rome,rome/rome/grafo9662.84.graphml,84,119,C,repaired,6,9,9,refutation,3720805,3.523,1,
rome,rome/rome/grafo9701.84.graphml,84,104,C,repaired,4,8,6,refutation,267730,0.307,1,
rome,rome/rome/grafo9611.89.graphml,89,135,C,repaired,7,11,11,,16809984,10.011,1,
rome,rome/rome/grafo9707.62.graphml,62,82,C,repaired,4,7,6,refutation,46923,0.066,1,
rome,rome/rome/grafo9705.73.graphml,73,94,C,repaired,5,7,7,refutation,250092,0.242,1,
rome,rome/rome/grafo9708.70.graphml,70,91,C,repaired,4,7,6,refutation,45981,0.092,1,
rome,rome/rome/grafo971.17.graphml,17,20,C,repaired,2,3,3,refutation,51,0.001,1,
rome,rome/rome/grafo9687.79.graphml,79,116,C,repaired,6,10,9,refutation,2486877,2.049,1,
rome,rome/rome/grafo9712.67.graphml,67,85,C,repaired,5,6,6,refutation,28434,0.047,1,
rome,rome/rome/grafo9661.86.graphml,86,132,C,repaired,7,11,10,refutation,4824525,4.038,1,
rome,rome/rome/grafo9711.66.graphml,66,88,C,repaired,5,8,7,refutation,185773,0.2,1,
rome,rome/rome/grafo9714.66.graphml,66,90,C,repaired,5,7,7,refutation,161384,0.162,1,
rome,rome/rome/grafo9716.64.graphml,64,82,C,repaired,4,6,6,refutation,36625,0.069,1,
rome,rome/rome/grafo9717.64.graphml,64,85,C,repaired,4,5,5,refutation,6436,0.029,1,
rome,rome/rome/grafo9715.81.graphml,81,107,C,repaired,5,8,7,refutation,446144,0.409,1,
rome,rome/rome/grafo9718.76.graphml,76,93,C,repaired,4,7,6,refutation,93970,0.132,1,
rome,rome/rome/grafo972.18.graphml,18,19,C,repaired,2,3,2,bound,14,0.001,1,
rome,rome/rome/grafo9619.79.graphml,79,111,C,repaired,6,10,10,,14737408,10.008,1,
rome,rome/rome/grafo9720.68.graphml,68,91,C,repaired,5,8,7,refutation,174875,0.191,1,
rome,rome/rome/grafo9713.73.graphml,73,101,C,repaired,5,10,9,refutation,1257626,1.01,1,
rome,rome/rome/grafo9704.80.graphml,80,110,C,repaired,6,9,8,refutation,2099239,1.859,1,
rome,rome/rome/grafo9710.78.graphml,78,111,C,repaired,5,9,9,refutation,1621647,1.479,1,
rome,rome/rome/grafo9719.74.graphml,74,107,C,repaired,6,9,8,refutation,1181012,0.919,1,
rome,rome/rome/grafo9724.64.graphml,64,85,C,repaired,5,7,7,refutation,186676,0.153,1,
rome,rome/rome/grafo9727.66.graphml,66,89,C,repaired,5,7,7,refutation,73398,0.084,1,
rome,rome/rome/grafo9723.72.graphml,72,107,C,repaired,6,9,8,refutation,852515,0.645,1,
rome,rome/rome/grafo9725.66.graphml,66,94,C,repaired,6,9,8,refutation,482804,0.386,1,
rome,rome/rome/grafo9728.70.graphml,70,86,C,repaired,3,6,5,refutation,10389,0.04,1,
rome,rome/rome/grafo973.14.graphml,14,13,C,repaired,1,2,2,refutation,14,0.001,1,
rome,rome/rome/grafo9729.69.graphml,69,103,C,repaired,6,9,8,refutation,398171,0.321,1,
rome,rome/rome/grafo9702.81.graphml,81,109,C,repaired,6,9,9,refutation,3104827,2.791,1,
rome,rome/rome/grafo9732.64.graphml,64,89,C,repaired,6,7,6,bound,38,0.004,1,
rome,rome/rome/grafo9731.81.graphml,81,109,C,repaired,5,7,7,refutation,325053,0.325,1,
rome,rome/rome/grafo9733.62.graphml,62,81,C,repaired,5,7,6,refutation,27614,0.062,1,
rome,rome/rome/grafo9736.75.graphml,75,91,C,repaired,4,6,5,refutation,20328,0.057,1,
rome,rome/rome/grafo9734.64.graphml,64,84,C,repaired,5,7,7,refutation,147429,0.154,1,
rome,rome/rome/grafo9735.75.graphml,75,100,C,repaired,4,7,6,refutation,66315,0.11,1,
rome,rome/rome/grafo9739.70.graphml,70,85,C,repaired,4,6,5,refutation,12459,0.044,1,
rome,rome/rome/grafo9737.74.graphml,74,97,C,repaired,5,7,6,refutation,65396,0.108,1,
rome,rome/rome/grafo974.14.graphml,14,13,C,repaired,1,2,2,refutation,14,0.001,1,
rome,rome/rome/grafo9629.83.graphml,83,112,C,repaired,6,10,9,,16463343,10.012,1,
rome,rome/rome/grafo9741.69.graphml,69,93,C,repaired,5,8,7,refutation,71277,0.105,1,
rome,rome/rome/grafo9630.95.graphml,95,128,C,repaired,6,10,9,,12897373,10.013,1,
rome,rome/rome/grafo9740.73.graphml,73,95,C,repaired,4,8,7,refutation,184611,0.169,1,
rome,rome/rome/grafo9743.80.graphml,80,98,C,repaired,4,7,6,refutation,92369,0.122,1,
rome,rome/rome/grafo9746.68.graphml,68,82,C,repaired,4,6,6,refutation,84427,0.121,1,
rome,rome/rome/grafo9721.79.graphml,79,121,C,repaired,7,11,10,refutation,3205164,2.389,1,
rome,rome/rome/grafo9748.67.graphml,67,103,C,repaired,6,8,8,refutation,173729,0.197,1,
rome,rome/rome/grafo9730.84.graphml,84,118,C,repaired,6,9,8,refutation,2363478,1.771,1,
rome,rome/rome/grafo975.36.graphml,36,48,C,repaired,4,5,5,refutation,2649,0.012,1,
rome,rome/rome/grafo9749.68.graphml,68,82,C,repaired,4,6,6,refutation,61348,0.103,1,
rome,rome/rome/grafo9722.79.graphml,79,110,C,repaired,6,9,9,refutation,3171335,2.802,1,
rome,rome/rome/grafo9752.78.graphml,78,97,C,repaired,5,7,6,refutation,79020,0.118,1,
rome,rome/rome/grafo9751.64.graphml,64,93,C,repaired,5,8,8,refutation,193452,0.202,1,
rome,rome/rome/grafo9754.67.graphml,67,96,C,repaired,6,7,6,bound,3230,0.018,1,
rome,rome/rome/grafo9635.99.graphml,99,133,C,repaired,6,10,9,,14487684,10.007,1,
rome,rome/rome/grafo9750.77.graphml,77,103,C,repaired,5,8,7,refutation,447078,0.425,1,
rome,rome/rome/grafo9755.77.graphml,77,109,C,repaired,6,8,8,refutation,352406,0.326,1,
rome,rome/rome/grafo9744.80.graphml,80,109,C,repaired,5,9,9,refutation,2127170,1.617,1,
rome,rome/rome/grafo9757.68.graphml,68,85,C,repaired,5,7,7,refutation,342364,0.29,1,
rome,rome/rome/grafo9756.68.graphml,68,86,C,repaired,5,7,7,refutation,489176,0.334,1,
rome,rome/rome/grafo976.19.graphml,19,25,C,repaired,3,3,3,bound,0,0.001,1,
rome,rome/rome/grafo9760.64.graphml,64,80,C,repaired,5,6,6,refutation,30896,0.057,1,
rome,rome/rome/grafo9758.72.graphml,72,101,C,repaired,6,8,8,refutation,261003,0.259,1,
rome,rome/rome/grafo9726.84.graphml,84,124,C,repaired,6,10,8,refutation,3819744,3.262,1,
rome,rome/rome/grafo9761.68.graphml,68,94,C,repaired,5,8,7,refutation,233456,0.26,1,
rome,rome/rome/grafo9764.74.graphml,74,86,C,repaired,4,5,5,refutation,12738,0.041,1,
rome,rome/rome/grafo9765.69.graphml,69,91,C,repaired,5,7,6,refutation,69264,0.103,1,
rome,rome/rome/grafo9763.69.graphml,69,95,C,repaired,5,8,8,refutation,551277,0.447,1,
rome,rome/rome/grafo9767.76.graphml,76,103,C,repaired,5,8,7,refutation,285030,0.236,1,
rome,rome/rome/grafo9762.78.graphml,78,106,C,repaired,6,9,8,refutation,1059867,0.93,1,
rome,rome/rome/grafo977.19.graphml,19,19,C,repaired,2,3,2,bound,17,0.001,1,
rome,rome/rome/grafo9768.75.graphml,75,101,C,repaired,6,9,8,refutation,703327,0.592,1,
rome,rome/rome/grafo9745.84.graphml,84,114,C,repaired,6,10,9,refutation,3960564,3.157,1,
rome,rome/rome/grafo9769.77.graphml,77,96,C,repaired,5,7,7,refutation,993174,0.661,1,
rome,rome/rome/grafo9771.84.graphml,84,102,C,repaired,4,8,6,refutation,188784,0.211,1,
rome,rome/rome/grafo9770.79.graphml,79,106,C,repaired,5,8,7,refutation,627160,0.54,1,
rome,rome/rome/grafo9773.79.graphml,79,97,C,repaired,4,7,6,refutation,139150,0.183,1,
rome,rome/rome/grafo9775.61.graphml,61,79,C,repaired,4,6,5,refutation,8465,0.033,1,
rome,rome/rome/grafo9774.76.graphml,76,97,C,repaired,5,8,6,refutation,132144,0.201,1,
rome,rome/rome/grafo9766.77.graphml,77,106,C,repaired,6,9,9,refutation,1700021,1.512,1,
rome,rome/rome/grafo9779.61.graphml,61,90,C,repaired,6,9,8,refutation,202272,0.194,1,
rome,rome/rome/grafo9776.86.graphml,86,113,C,repaired,5,8,7,refutation,435590,0.44,1,
rome,rome/rome/grafo978.10.graphml,10,10,C,repaired,2,2,2,bound,0,0.0,1,
rome,rome/rome/grafo9780.77.graphml,77,96,C,repaired,5,7,6,refutation,132726,0.176,1,
rome,rome/rome/grafo9676.89.graphml,89,124,C,repaired,6,10,9,,15577706,10.014,1,
rome,rome/rome/grafo9782.75.graphml,75,96,C,repaired,5,6,6,refutation,30288,0.069,1,
rome,rome/rome/grafo9783.63.graphml,63,82,C,repaired,4,7,6,refutation,63889,0.08,1,
rome,rome/rome/grafo9781.79.graphml,79,115,C,repaired,6,9,8,refutation,752802,0.627,1,
rome,rome/rome/grafo9772.83.graphml,83,109,C,repaired,6,8,8,refutation,2159699,1.667,1,
rome,rome/rome/grafo9685.83.graphml,83,117,C,repaired,6,11,10,,17016456,10.01,1,
rome,rome/rome/grafo9777.84.graphml,84,105,C,repaired,5,8,8,refutation,1802427,1.418,1,
rome,rome/rome/grafo9778.82.graphml,82,108,C,repaired,6,9,8,refutation,1526941,1.368,1,
rome,rome/rome/grafo979.13.graphml,13,21,C,repaired,3,3,3,bound,0,0.001,1,
rome,rome/rome/grafo9691.79.graphml,79,125,C,repaired,8,11,11,,15863808,10.011,1,
rome,rome/rome/grafo9789.78.graphml,78,103,C,repaired,5,8,7,refutation,286059,0.285,1,
rome,rome/rome/grafo9786.77.graphml,77,106,C,repaired,5,9,9,refutation,1913041,1.515,1,
rome,rome/rome/grafo9699.86.graphml,86,129,C,repaired,7,12,11,,15624383,10.013,1,
rome,rome/rome/grafo9793.77.graphml,77,96,C,repaired,4,6,5,refutation,20952,0.056,1,
rome,rome/rome/grafo9785.84.graphml,84,108,C,repaired,5,9,8,refutation,2074882,1.924,1,
rome,rome/rome/grafo9794.61.graphml,61,91,C,repaired,5,7,7,refutation,75733,0.106,1,
rome,rome/rome/grafo9790.79.graphml,79,103,C,repaired,5,8,8,refutation,1504061,1.297,1,
rome,rome/rome/grafo9798.76.graphml,76,91,C,repaired,4,7,6,refutation,182280,0.205,1,
rome,rome/rome/grafo9797.80.graphml,80,107,C,repaired,6,7,7,refutation,236133,0.241,1,
rome,rome/rome/grafo980.20.graphml,20,20,C,repaired,2,2,2,bound,0,0.0,1,
rome,rome/rome/grafo9706.88.graphml,88,122,C,repaired,6,10,9,,15044793,10.009,1,
rome,rome/rome/grafo9801.69.graphml,69,87,C,repaired,4,6,5,refutation,15794,0.048,1,
rome,rome/rome/grafo9709.86.graphml,86,121,C,repaired,5,10,9,,17059910,10.012,1,
rome,rome/rome/grafo9800.72.graphml,72,95,C,repaired,5,8,7,refutation,202371,0.225,1,
rome,rome/rome/grafo9796.73.graphml,73,98,C,repaired,6,9,8,refutation,872936,0.713,1,
rome,rome/rome/grafo9791.78.graphml,78,112,C,repaired,7,9,9,refutation,2381845,1.821,1,
rome,rome/rome/grafo9805.71.graphml,71,93,C,repaired,4,7,6,refutation,57765,0.094,1,
rome,rome/rome/grafo9806.86.graphml,86,109,C,repaired,5,7,7,refutation,485915,0.446,1,
rome,rome/rome/grafo9807.86.graphml,86,109,C,repaired,5,7,7,refutation,485915,0.42,1,
rome,rome/rome/grafo9808.72.graphml,72,91,C,repaired,4,6,6,refutation,84710,0.12,1,
rome,rome/rome/grafo9809.67.graphml,67,88,C,repaired,4,7,6,refutation,21228,0.054,1,
rome,rome/rome/grafo981.16.graphml,16,20,C,repaired,3,3,3,bound,0,0.001,1,
rome,rome/rome/grafo9795.80.graphml,80,117,C,repaired,6,9,9,refutation,1947024,1.619,1,
rome,rome/rome/grafo9803.86.graphml,86,109,C,repaired,5,8,7,refutation,1160239,0.978,1,
rome,rome/rome/grafo9802.75.graphml,75,114,C,repaired,7,10,9,refutation,1590182,1.425,1,
rome,rome/rome/grafo9810.79.graphml,79,101,C,repaired,5,8,7,refutation,508340,0.444,1,
rome,rome/rome/grafo9813.74.graphml,74,95,C,repaired,6,8,7,refutation,695912,0.477,1,
rome,rome/rome/grafo9815.62.graphml,62,102,C,repaired,6,10,8,refutation,134039,0.151,1,
rome,rome/rome/grafo9817.62.graphml,62,85,C,repaired,5,7,6,refutation,45167,0.074,1,
rome,rome/rome/grafo9816.69.graphml,69,96,C,repaired,5,8,7,refutation,243742,0.214,1,
rome,rome/rome/grafo9818.61.graphml,61,88,C,repaired,6,8,7,refutation,90991,0.122,1,
rome,rome/rome/grafo982.15.graphml,15,16,C,repaired,2,2,2,bound,0,0.0,1,
rome,rome/rome/grafo9820.62.graphml,62,82,C,repaired,5,7,6,refutation,62516,0.093,1,
rome,rome/rome/grafo9814.80.graphml,80,104,C,repaired,5,8,7,refutation,881003,0.804,1,
rome,rome/rome/grafo9821.77.graphml,77,95,C,repaired,5,7,6,refutation,135596,0.161,1,
rome,rome/rome/grafo9804.84.graphml,84,121,C,repaired,6,9,9,refutation,2592891,2.271,1,
rome,rome/rome/grafo9819.72.graphml,72,102,C,repaired,6,9,8,refutation,706124,0.574,1,
rome,rome/rome/grafo9822.62.graphml,62,89,C,repaired,5,8,7,refutation,130220,0.169,1,
rome,rome/rome/grafo9825.67.graphml,67,79,C,repaired,4,6,5,refutation,19797,0.052,1,
rome,rome/rome/grafo9738.100.graphml,100,141,C,repaired,6,12,11,,13649977,10.01,1,
rome,rome/rome/grafo9826.67.graphml,67,100,C,repaired,5,9,8,refutation,176013,0.208,1,
rome,rome/rome/grafo9827.62.graphml,62,95,C,repaired,6,9,9,refutation,190759,0.166,1,
rome,rome/rome/grafo983.19.graphml,19,20,C,repaired,2,3,3,refutation,72,0.001,1,
rome,rome/rome/grafo9812.88.graphml,88,113,C,repaired,5,9,8,refutation,2199213,1.836,1,
rome,rome/rome/grafo9828.72.graphml,72,95,C,repaired,5,7,6,refutation,76117,0.11,1,
rome,rome/rome/grafo9742.92.graphml,92,125,C,repaired,5,10,9,,15522632,10.011,1,
rome,rome/rome/grafo9799.70.graphml,70,105,C,repaired,6,11,10,refutation,4236084,3.165,1,
rome,rome/rome/grafo9824.85.graphml,85,116,C,repaired,5,8,8,refutation,501302,0.522,1,
rome,rome/rome/grafo9831.67.graphml,67,91,C,repaired,5,7,6,refutation,47102,0.081,1,
rome,rome/rome/grafo9836.62.graphml,62,81,C,repaired,5,6,5,bound,3511,0.021,1,
rome,rome/rome/grafo9830.71.graphml,71,83,C,repaired,4,6,6,refutation,108988,0.211,1,
rome,rome/rome/grafo9747.80.graphml,80,121,C,repaired,7,10,10,,13594624,10.009,1,
rome,rome/rome/grafo9839.79.graphml,79,99,C,repaired,5,6,6,refutation,72738,0.113,1,
rome,rome/rome/grafo9835.77.graphml,77,100,C,repaired,4,7,7,refutation,577671,0.533,1,
rome,rome/rome/grafo984.18.graphml,18,24,C,repaired,3,3,3,bound,0,0.001,1,
rome,rome/rome/grafo9840.82.graphml,82,108,C,repaired,5,8,7,refutation,285203,0.299,1,
rome,rome/rome/grafo9841.70.graphml,70,97,C,repaired,5,8,8,refutation,348408,0.319,1,
rome,rome/rome/grafo9811.91.graphml,91,126,C,repaired,6,10,9,refutation,3229825,3.052,1,
rome,rome/rome/grafo9843.83.graphml,83,103,C,repaired,5,7,6,refutation,51182,0.088,1,
rome,rome/rome/grafo9829.86.graphml,86,109,C,repaired,5,9,8,refutation,1605775,1.39,1,
rome,rome/rome/grafo9753.85.graphml,85,120,C,repaired,6,10,10,,13451264,10.014,1,
rome,rome/rome/grafo9844.82.graphml,82,103,C,repaired,5,7,6,refutation,67401,0.116,1,
rome,rome/rome/grafo9834.81.graphml,81,103,C,repaired,5,8,8,refutation,1727092,1.294,1,
rome,rome/rome/grafo9849.35.graphml,35,37,C,repaired,2,3,3,refutation,219,0.002,1,
rome,rome/rome/grafo9847.61.graphml,61,80,C,repaired,4,7,6,refutation,30512,0.064,1,
rome,rome/rome/grafo985.15.graphml,15,18,C,repaired,3,3,3,bound,0,0.001,1,
rome,rome/rome/grafo9851.32.graphml,32,36,C,repaired,2,3,3,refutation,108,0.001,1,
rome,rome/rome/grafo9852.38.graphml,38,48,C,repaired,4,5,5,refutation,2641,0.012,1,
rome,rome/rome/grafo9833.81.graphml,81,103,C,repaired,5,8,8,refutation,1727092,1.504,1,
rome,rome/rome/grafo9853.36.graphml,36,48,C,repaired,3,5,4,refutation,312,0.006,1,
rome,rome/rome/grafo9855.35.graphml,35,40,C,repaired,3,4,3,bound,43,0.001,1,
rome,rome/rome/grafo9856.37.graphml,37,50,C,repaired,4,6,5,refutation,1412,0.007,1,
rome,rome/rome/grafo9759.81.graphml,81,113,C,repaired,6,10,10,,16007168,10.008,1,
rome,rome/rome/grafo9845.75.graphml,75,106,C,repaired,6,9,8,refutation,610411,0.591,1,
rome,rome/rome/grafo9857.31.graphml,31,36,C,repaired,2,3,3,refutation,55,0.001,1,
rome,rome/rome/grafo9858.34.graphml,34,45,C,repaired,3,4,4,refutation,453,0.003,1,
rome,rome/rome/grafo9859.35.graphml,35,42,C,repaired,3,4,4,refutation,446,0.003,1,
rome,rome/rome/grafo986.12.graphml,12,11,C,repaired,1,1,1,bound,0,0.0,1,
rome,rome/rome/grafo9861.39.graphml,39,54,C,repaired,4,5,4,bound,66,0.002,1,
rome,rome/rome/grafo9860.40.graphml,40,52,C,repaired,4,5,5,refutation,3064,0.012,1,
rome,rome/rome/grafo9838.70.graphml,70,101,C,repaired,6,9,9,refutation,2077251,1.72,1,
rome,rome/rome/grafo9862.36.graphml,36,51,C,repaired,4,5,5,refutation,531,0.003,1,
rome,rome/rome/grafo9865.31.graphml,31,36,C,repaired,3,3,3,bound,0,0.001,1,
rome,rome/rome/grafo9866.34.graphml,34,34,C,repaired,2,2,2,bound,0,0.001,1,
rome,rome/rome/grafo9848.76.graphml,76,107,C,repaired,5,9,8,refutation,797671,0.627,1,
rome,rome/rome/grafo9867.32.graphml,32,33,C,repaired,2,2,2,bound,0,0.001,1,
rome,rome/rome/grafo9837.78.graphml,78,116,C,repaired,6,10,9,refutation,2237377,1.867,1,
rome,rome/rome/grafo987.27.graphml,27,30,C,repaired,3,3,3,bound,0,0.001,1,
rome,rome/rome/grafo9868.37.graphml,37,50,C,repaired,4,5,4,bound,86,0.001,1,
rome,rome/rome/grafo9869.33.graphml,33,38,C,repaired,3,4,4,refutation,351,0.002,1,
rome,rome/rome/grafo9870.35.graphml,35,43,C,repaired,3,5,4,refutation,619,0.007,1,
rome,rome/rome/grafo9871.38.graphml,38,57,C,repaired,5,6,5,bound,300,0.002,1,
rome,rome/rome/grafo9872.32.graphml,32,43,C,repaired,4,5,4,bound,114,0.004,1,
rome,rome/rome/grafo9873.35.graphml,35,47,C,repaired,4,5,5,refutation,1980,0.009,1,
rome,rome/rome/grafo9874.37.graphml,37,46,C,repaired,3,4,4,refutation,778,0.004,1,
rome,rome/rome/grafo9877.39.graphml,39,58,C,repaired,5,7,6,refutation,3039,0.011,1,
rome,rome/rome/grafo9878.34.graphml,34,39,C,repaired,3,4,3,bound,26,0.001,1,
rome,rome/rome/grafo9875.38.graphml,38,49,C,repaired,4,5,5,refutation,2407,0.008,1,
rome,rome/rome/grafo9876.33.graphml,33,39,C,repaired,3,4,3,bound,172,0.002,1,
rome,rome/rome/grafo9879.37.graphml,37,47,C,repaired,4,5,4,bound,28,0.002,1,
rome,rome/rome/grafo988.11.graphml,11,11,C,repaired,2,2,2,bound,0,0.003,1,
rome,rome/rome/grafo9881.32.graphml,32,37,C,repaired,2,3,3,refutation,81,0.001,1,
rome,rome/rome/grafo9880.32.graphml,32,40,C,repaired,3,4,4,refutation,488,0.005,1,
rome,rome/rome/grafo9882.34.graphml,34,39,C,repaired,3,3,3,bound,0,0.001,1,
rome,rome/rome/grafo9883.34.graphml,34,42,C,repaired,3,4,3,bound,35,0.001,1,
rome,rome/rome/grafo9884.33.graphml,33,42,C,repaired,3,4,3,bound,69,0.001,1,
rome,rome/rome/grafo9885.41.graphml,41,54,C,repaired,4,6,5,refutation,2162,0.011,1,
rome,rome/rome/grafo9886.38.graphml,38,43,C,repaired,2,3,3,refutation,166,0.004,1,
rome,rome/rome/grafo9888.33.graphml,33,38,C,repaired,3,4,3,bound,37,0.001,1,
rome,rome/rome/grafo9889.32.graphml,32,33,C,repaired,2,3,3,refutation,230,0.002,1,
rome,rome/rome/grafo989.13.graphml,13,14,C,repaired,2,2,2,bound,0,0.0,1,
rome,rome/rome/grafo9890.37.graphml,37,44,C,repaired,3,4,4,refutation,519,0.003,1,
rome,rome/rome/grafo9891.32.graphml,32,37,C,repaired,3,3,3,bound,0,0.001,1,
rome,rome/rome/grafo9892.34.graphml,34,38,C,repaired,2,3,3,refutation,119,0.001,1,
rome,rome/rome/grafo9893.38.graphml,38,49,C,repaired,3,5,4,refutation,769,0.005,1,
rome,rome/rome/grafo9895.33.graphml,33,37,C,repaired,2,3,3,refutation,124,0.001,1,
rome,rome/rome/grafo9896.38.graphml,38,47,C,repaired,3,5,4,refutation,784,0.005,1,
rome,rome/rome/grafo9897.39.graphml,39,55,C,repaired,4,6,5,refutation,1686,0.009,1,
rome,rome/rome/grafo9898.40.graphml,40,50,C,repaired,4,5,4,bound,236,0.002,1,
rome,rome/rome/grafo9899.33.graphml,33,34,C,repaired,2,3,3,refutation,290,0.002,1,
rome,rome/rome/grafo990.13.graphml,13,13,C,repaired,2,2,2,bound,0,0.0,1,
rome,rome/rome/grafo9900.39.graphml,39,44,C,repaired,3,4,3,bound,53,0.002,1,
rome,rome/rome/grafo9901.34.graphml,34,35,C,repaired,2,3,2,bound,47,0.001,1,
rome,rome/rome/grafo9902.32.graphml,32,36,C,repaired,2,3,3,refutation,53,0.001,1,
rome,rome/rome/grafo9903.33.graphml,33,42,C,repaired,3,4,3,bound,69,0.001,1,
rome,rome/rome/grafo9904.33.graphml,33,37,C,repaired,2,3,3,refutation,124,0.001,1,
rome,rome/rome/grafo9905.33.graphml,33,41,C,repaired,4,4,4,bound,0,0.001,1,
rome,rome/rome/grafo9906.38.graphml,38,51,C,repaired,4,6,5,refutation,1292,0.006,1,
rome,rome/rome/grafo9907.32.graphml,32,35,C,repaired,2,3,3,refutation,137,0.001,1,
rome,rome/rome/grafo9909.38.graphml,38,48,C,repaired,4,5,5,refutation,3474,0.011,1,
rome,rome/rome/grafo991.13.graphml,13,14,C,repaired,2,2,2,bound,0,0.0,1,
rome,rome/rome/grafo9910.32.graphml,32,37,C,repaired,3,4,4,refutation,337,0.003,1,
rome,rome/rome/grafo9908.91.graphml,91,118,C,repaired,5,8,7,refutation,261664,0.296,1,
rome,rome/rome/grafo9912.31.graphml,31,38,C,repaired,3,4,4,refutation,374,0.003,1,
rome,rome/rome/grafo9913.31.graphml,31,36,C,repaired,2,3,3,refutation,55,0.001,1,
rome,rome/rome/grafo9784.85.graphml,85,120,C,repaired,6,9,9,,13766656,10.009,1,
rome,rome/rome/grafo9915.91.graphml,91,119,C,repaired,5,7,6,refutation,77480,0.13,1,
rome,rome/rome/grafo9916.31.graphml,31,36,C,repaired,3,3,3,bound,0,0.001,1,
rome,rome/rome/grafo9917.38.graphml,38,48,C,repaired,4,5,5,refutation,1968,0.009,1,
rome,rome/rome/grafo9918.34.graphml,34,34,C,repaired,2,2,2,bound,0,0.001,1,
rome,rome/rome/grafo9919.32.graphml,32,32,C,repaired,2,2,2,bound,0,0.001,1,
rome,rome/rome/grafo992.16.graphml,16,22,C,repaired,3,3,3,bound,0,0.001,1,
rome,rome/rome/grafo9920.38.graphml,38,46,C,repaired,3,4,3,bound,33,0.001,1,
rome,rome/rome/grafo9792.80.graphml,80,112,C,repaired,5,10,9,refutation,14908265,9.422,1,
rome,rome/rome/grafo9921.33.graphml,33,36,C,repaired,2,3,3,refutation,216,0.002,1,
rome,rome/rome/grafo9923.31.graphml,31,41,C,repaired,3,3,3,bound,0,0.001,1,
rome,rome/rome/grafo9787.82.graphml,82,114,C,repaired,6,10,10,,15826944,10.014,1,
rome,rome/rome/grafo9922.39.graphml,39,50,C,repaired,3,6,5,refutation,1172,0.007,1,
rome,rome/rome/grafo9926.33.graphml,33,34,C,repaired,2,3,2,bound,91,0.001,1,
rome,rome/rome/grafo9924.39.graphml,39,52,C,repaired,4,6,6,refutation,7638,0.031,1,
rome,rome/rome/grafo9788.80.graphml,80,124,C,repaired,7,11,10,,15818580,10.015,1,
rome,rome/rome/grafo9927.40.graphml,40,50,C,repaired,3,5,5,refutation,2856,0.011,1,
rome,rome/rome/grafo993.18.graphml,18,23,C,repaired,2,4,2,bound,28,0.001,1,
rome,rome/rome/grafo9929.40.graphml,40,56,C,repaired,4,6,6,refutation,6600,0.018,1,
rome,rome/rome/grafo9930.38.graphml,38,49,C,repaired,4,5,5,refutation,1366,0.008,1,
rome,rome/rome/grafo9931.39.graphml,39,48,C,repaired,4,6,5,refutation,1973,0.01,1,
rome,rome/rome/grafo9933.39.graphml,39,48,C,repaired,4,5,4,bound,28,0.002,1,
rome,rome/rome/grafo9934.34.graphml,34,40,C,repaired,3,3,3,bound,0,0.001,1,
rome,rome/rome/grafo9935.40.graphml,40,50,C,repaired,4,5,4,bound,70,0.002,1,
rome,rome/rome/grafo9928.95.graphml,95,120,C,repaired,5,8,7,refutation,1141047,1.051,1,
rome,rome/rome/grafo9936.90.graphml,90,126,C,repaired,6,9,8,refutation,2517966,2.146,1,
rome,rome/rome/grafo9938.38.graphml,38,48,C,repaired,3,5,4,refutation,659,0.004,1,
rome,rome/rome/grafo9939.96.graphml,96,119,C,repaired,4,7,7,refutation,402488,0.362,1,
rome,rome/rome/grafo994.13.graphml,13,16,C,repaired,3,3,3,bound,0,0.0,1,
rome,rome/rome/grafo9940.39.graphml,39,50,C,repaired,4,5,5,refutation,2689,0.014,1,
rome,rome/rome/grafo9941.38.graphml,38,48,C,repaired,3,5,5,refutation,1272,0.007,1,
rome,rome/rome/grafo9942.32.graphml,32,37,C,repaired,2,4,3,refutation,171,0.002,1,
rome,rome/rome/grafo9943.38.graphml,38,51,C,repaired,4,5,5,refutation,1090,0.006,1,
rome,rome/rome/grafo9944.41.graphml,41,49,C,repaired,3,4,4,refutation,971,0.006,1,
rome,rome/rome/grafo9823.90.graphml,90,126,C,repaired,6,10,9,,14581855,10.013,1,
rome,rome/rome/grafo9946.41.graphml,41,48,C,repaired,3,4,4,refutation,732,0.005,1,
rome,rome/rome/grafo9947.32.graphml,32,40,C,repaired,3,3,3,bound,0,0.001,1,
rome,rome/rome/grafo9937.91.graphml,91,121,C,repaired,5,10,9,refutation,3436710,3.433,1,
rome,rome/rome/grafo9832.92.graphml,92,130,C,repaired,6,10,9,,15572632,10.009,1,
rome,rome/rome/grafo995.18.graphml,18,17,C,repaired,1,2,2,refutation,22,0.001,1,
rome,rome/rome/grafo9842.89.graphml,89,123,C,repaired,6,10,10,,12558336,10.012,1,
rome,rome/rome/grafo9951.33.graphml,33,37,C,repaired,2,3,3,refutation,91,0.002,1,
rome,rome/rome/grafo9952.34.graphml,34,39,C,repaired,3,3,3,bound,0,0.001,1,
rome,rome/rome/grafo9953.33.graphml,33,42,C,repaired,3,4,3,bound,69,0.001,1,
rome,rome/rome/grafo9954.32.graphml,32,34,C,repaired,2,3,3,refutation,214,0.002,1,
rome,rome/rome/grafo9846.81.graphml,81,111,C,repaired,7,10,10,,19144704,10.01,1,
rome,rome/rome/grafo9955.38.graphml,38,46,C,repaired,3,4,3,bound,116,0.002,1,
rome,rome/rome/grafo9956.32.graphml,32,39,C,repaired,3,4,4,refutation,208,0.002,1,
rome,rome/rome/grafo9957.39.graphml,39,51,C,repaired,4,6,5,refutation,1611,0.006,1,
rome,rome/rome/grafo9850.95.graphml,95,128,C,repaired,5,9,9,,20029440,10.009,1,
rome,rome/rome/grafo996.11.graphml,11,13,C,repaired,2,3,3,refutation,13,0.001,1,
rome,rome/rome/grafo9960.32.graphml,32,37,C,repaired,3,3,3,bound,0,0.001,1,
rome,rome/rome/grafo9854.91.graphml,91,134,C,repaired,7,12,11,,13248030,10.01,1,
rome,rome/rome/grafo9864.91.graphml,91,130,C,repaired,6,11,11,,17977344,10.012,1,
rome,rome/rome/grafo9863.91.graphml,91,117,C,repaired,6,10,9,,16654999,10.013,1,
rome,rome/rome/grafo9963.39.graphml,39,46,C,repaired,4,5,4,bound,59,0.002,1,
rome,rome/rome/grafo9964.34.graphml,34,38,C,repaired,2,4,3,refutation,163,0.002,1,
rome,rome/rome/grafo9965.34.graphml,34,49,C,repaired,4,5,4,bound,24,0.001,1,
rome,rome/rome/grafo9966.39.graphml,39,47,C,repaired,3,4,3,bound,33,0.002,1,
rome,rome/rome/grafo9967.39.graphml,39,46,C,repaired,3,4,4,refutation,738,0.005,1,
rome,rome/rome/grafo9968.38.graphml,38,44,C,repaired,3,4,4,refutation,608,0.003,1,
rome,rome/rome/grafo9969.33.graphml,33,39,C,repaired,3,4,4,refutation,419,0.003,1,
rome,rome/rome/grafo997.11.graphml,11,12,C,repaired,2,2,2,bound,0,0.0,1,
rome,rome/rome/grafo9970.39.graphml,39,46,C,repaired,2,3,3,refutation,137,0.002,1,
rome,rome/rome/grafo9971.33.graphml,33,36,C,repaired,3,3,3,bound,0,0.001,1,
rome,rome/rome/grafo9972.41.graphml,41,57,C,repaired,5,6,6,refutation,18919,0.071,1,
rome,rome/rome/grafo9974.39.graphml,39,55,C,repaired,4,5,4,bound,156,0.003,1,
rome,rome/rome/grafo9887.91.graphml,91,127,C,repaired,6,11,10,,15397985,10.012,1,
rome,rome/rome/grafo9975.32.graphml,32,39,C,repaired,3,4,4,refutation,363,0.003,1,
rome,rome/rome/grafo9976.34.graphml,34,43,C,repaired,3,5,4,refutation,612,0.003,1,
rome,rome/rome/grafo9977.38.graphml,38,46,C,repaired,4,4,4,bound,0,0.001,1,
rome,rome/rome/grafo9978.41.graphml,41,53,C,repaired,4,5,5,refutation,3237,0.011,1,
rome,rome/rome/grafo9894.91.graphml,91,128,C,repaired,7,10,10,,14843904,10.014,1,
rome,rome/rome/grafo9979.38.graphml,38,50,C,repaired,4,5,5,refutation,1073,0.006,1,
rome,rome/rome/grafo998.16.graphml,16,15,C,repaired,1,2,1,bound,16,0.001,1,
rome,rome/rome/grafo9980.32.graphml,32,37,C,repaired,3,4,4,refutation,549,0.002,1,
rome,rome/rome/grafo9981.38.graphml,38,45,C,repaired,3,4,3,bound,71,0.001,1,
rome,rome/rome/grafo9982.38.graphml,38,49,C,repaired,4,5,5,refutation,1920,0.01,1,
rome,rome/rome/grafo9958.90.graphml,90,118,C,repaired,5,9,7,refutation,1612740,1.467,1,
rome,rome/rome/grafo9911.91.graphml,91,119,C,repaired,6,10,10,,13508608,10.011,1,
rome,rome/rome/grafo9949.91.graphml,91,119,C,repaired,6,8,8,refutation,3951139,3.419,1,
rome,rome/rome/grafo9988.38.graphml,38,48,C,repaired,3,5,4,refutation,425,0.003,1,
rome,rome/rome/grafo9961.92.graphml,92,123,C,repaired,6,9,8,refutation,2201838,1.614,1,
rome,rome/rome/grafo9989.32.graphml,32,38,C,repaired,3,4,4,refutation,458,0.003,1,
rome,rome/rome/grafo999.13.graphml,13,13,C,repaired,2,2,2,bound,0,0.0,1,
rome,rome/rome/grafo9990.31.graphml,31,35,C,repaired,3,3,3,bound,0,0.001,1,
rome,rome/rome/grafo9991.39.graphml,39,54,C,repaired,4,6,5,refutation,1911,0.012,1,
rome,rome/rome/grafo9992.40.graphml,40,51,C,repaired,4,5,4,bound,36,0.002,1,
rome,rome/rome/grafo9914.91.graphml,91,120,C,repaired,6,10,9,,15876507,10.012,1,
rome,rome/rome/grafo9986.91.graphml,91,122,C,repaired,6,9,8,refutation,1219691,0.993,1,
rome,rome/rome/grafo9996.32.graphml,32,37,C,repaired,2,3,3,refutation,121,0.002,1,
rome,rome/rome/grafo9997.40.graphml,40,50,C,repaired,4,5,5,refutation,2053,0.01,1,
rome,rome/rome/grafo9998.38.graphml,38,47,C,repaired,3,5,4,refutation,1212,0.007,1,
rome,rome/rome/grafo9999.39.graphml,39,49,C,repaired,4,5,5,refutation,2264,0.011,1,
rome,rome/rome/grafo9983.91.graphml,91,125,C,repaired,6,9,9,refutation,1726855,1.453,1,
rome,rome/rome/grafo9925.91.graphml,91,125,C,repaired,6,10,9,,13565179,10.008,1,
rome,rome/rome/grafo9932.91.graphml,91,132,C,repaired,6,12,11,,17215571,10.008,1,
rome,rome/rome/grafo9959.91.graphml,91,113,C,repaired,5,8,8,refutation,6069050,4.557,1,
rome,rome/rome/grafo9994.91.graphml,91,121,C,repaired,5,9,9,refutation,4235322,3.753,1,
rome,rome/rome/grafo9984.96.graphml,96,140,C,repaired,7,10,9,refutation,8440668,5.582,1,
rome,rome/rome/grafo9945.91.graphml,91,123,C,repaired,6,9,9,,15941632,10.008,1,
rome,rome/rome/grafo9948.91.graphml,91,127,C,repaired,6,10,10,,18350080,10.01,1,
rome,rome/rome/grafo9985.91.graphml,91,119,C,repaired,5,9,8,refutation,11660434,7.209,1,
rome,rome/rome/grafo9950.100.graphml,100,128,C,repaired,5,8,8,,18513920,10.009,1,
rome,rome/rome/grafo9962.97.graphml,97,124,C,repaired,6,9,8,,19387944,10.01,1,
rome,rome/rome/grafo9973.96.graphml,96,144,C,repaired,7,11,10,,14987363,10.01,1,
rome,rome/rome/grafo9987.91.graphml,91,118,C,repaired,6,9,8,,19431486,10.008,1,
rome,rome/rome/grafo9993.91.graphml,91,128,C,repaired,6,10,9,,23723598,10.008,1,
rome,rome/rome/grafo9995.94.graphml,94,137,C,repaired,7,11,10,,20785789,10.009,1,
