06:38:55 /home/al/dev/MOSP/pathwidth_solver/bench/run.py rome --time 10 --procs 16 --rules repaired --resume --out /home/al/dev/MOSP/pathwidth_solver/bench/results/repaired/rome.csv
[100/11534] grafo10028.96            n=96   pw= 10 unproved        13209600   10.013s C
[200/11534] grafo10196.94            n=94   pw=  7 refutation        899460    0.786s C
[300/11534] grafo10286.97            n=97   pw=  8 refutation       2447563    2.413s C
[400/11534] grafo10363.98            n=98   pw=  8 unproved        12711192   10.011s C
[500/11534] grafo10441.98            n=98   pw= 11 unproved        22257664   10.012s C
[600/11534] grafo10568.39            n=39   pw=  4 refutation           243    0.003s C
[700/11534] grafo1066.11             n=11   pw=  2 bound                  0      0.0s C
[800/11534] grafo10752.35            n=35   pw=  4 refutation           652    0.004s C
[900/11534] grafo10843.34            n=34   pw=  3 bound                 56    0.001s C
[1000/11534] grafo10907.99            n=99   pw=  9 unproved        14921728   10.009s C
[1100/11534] grafo11026.33            n=33   pw=  2 bound                 42    0.001s C
[1200/11534] grafo11099.99            n=99   pw= 13 unproved        14258176   10.013s C
[1300/11534] grafo11210.33            n=33   pw=  3 bound                 69    0.002s C
[1400/11534] grafo11298.99            n=99   pw=  7 refutation       1258612    1.016s C
[1500/11534] grafo11335.100           n=100  pw= 11 unproved        12091392   10.012s C
[1600/11534] grafo11484.33            n=33   pw=  3 refutation           124    0.002s C
[1700/11534] grafo11573.35            n=35   pw=  4 refutation           476    0.003s C
[1800/11534] grafo11665.40            n=40   pw=  4 refutation           781    0.005s C
[1900/11534] grafo1241.27             n=27   pw=  4 refutation           872    0.003s C
[2000/11534] grafo1330.28             n=28   pw=  3 refutation           261    0.002s C
[2100/11534] grafo1407.68             n=68   pw=  7 refutation        184193    0.179s C
[2200/11534] grafo1510.48             n=48   pw=  3 bound                 35    0.003s C
[2300/11534] grafo1600.28             n=28   pw=  4 bound                  0    0.001s C
[2400/11534] grafo1679.18             n=18   pw=  3 bound                 32    0.001s C
[2500/11534] grafo1764.20             n=20   pw=  4 bound                  0      0.0s C
[2600/11534] grafo1852.19             n=19   pw=  3 bound                  0      0.0s C
[2700/11534] grafo1949.29             n=29   pw=  3 bound                 31    0.002s C
[2800/11534] grafo2036.27             n=27   pw=  3 refutation           106    0.001s C
[2900/11534] grafo2127.18             n=18   pw=  3 bound                  0    0.003s C
[3000/11534] grafo2218.13             n=13   pw=  2 bound                  0      0.0s C
[3100/11534] grafo2301.25             n=25   pw=  4 refutation           146    0.001s C
[3200/11534] grafo2399.26             n=26   pw=  3 bound                  0    0.001s C
[3300/11534] grafo2494.17             n=17   pw=  3 bound                  0      0.0s C
[3400/11534] grafo2585.16             n=16   pw=  2 bound                 16    0.001s C
[3500/11534] grafo2673.11             n=11   pw=  2 bound                  0      0.0s C
[3600/11534] grafo2759.16             n=16   pw=  2 bound                  0      0.0s C
[3700/11534] grafo2857.27             n=27   pw=  3 bound                  0    0.001s C
[3800/11534] grafo2943.21             n=21   pw=  3 bound                  0    0.003s C
[3900/11534] grafo3036.60             n=60   pw=  3 bound                770    0.005s C
[4000/11534] grafo3128.37             n=37   pw=  5 refutation          1185    0.006s C
[4100/11534] grafo3212.57             n=57   pw=  7 refutation         61134    0.107s C
[4200/11534] grafo3313.42             n=42   pw=  6 refutation         12553    0.047s C
[4300/11534] grafo3405.57             n=57   pw=  6 refutation         33722    0.063s C
[4400/11534] grafo350.21              n=21   pw=  3 bound                  0    0.001s C
[4500/11534] grafo3592.44             n=44   pw=  5 refutation          4453    0.012s C
[4600/11534] grafo3678.34             n=34   pw=  5 refutation          2899    0.013s C
[4700/11534] grafo3774.41             n=41   pw=  4 refutation          1730    0.008s C
[4800/11534] grafo3866.35             n=35   pw=  4 bound                 29    0.001s C
[4900/11534] grafo3956.38             n=38   pw=  5 refutation          2126    0.007s C
[5000/11534] grafo4047.41             n=41   pw=  3 bound                 42    0.002s C
[5100/11534] grafo4138.60             n=60   pw=  7 refutation         31039    0.068s C
[5200/11534] grafo4224.66             n=66   pw=  6 refutation         14688    0.068s C
[5300/11534] grafo4315.59             n=59   pw=  7 refutation         74749      0.1s C
[5400/11534] grafo4388.81             n=81   pw=  8 refutation        469603    0.617s C
[5500/11534] grafo4495.63             n=63   pw=  8 refutation        116073     0.18s C
[5600/11534] grafo4593.62             n=62   pw=  5 refutation          7841    0.019s C
[5700/11534] grafo4685.56             n=56   pw=  5 refutation         11459    0.035s C
[5800/11534] grafo4777.61             n=61   pw=  5 refutation         13973     0.02s C
[5900/11534] grafo4858.74             n=74   pw=  7 refutation        222990    0.229s C
[6000/11534] grafo4958.66             n=66   pw=  6 refutation         44338     0.08s C
[6100/11534] grafo5052.53             n=53   pw=  7 refutation         37129    0.071s C
[6200/11534] grafo5143.34             n=34   pw=  3 bound                  0    0.001s C
[6300/11534] grafo5229.37             n=37   pw=  5 bound                  0    0.001s C
[6400/11534] grafo5311.54             n=54   pw=  6 refutation         44836    0.085s C
[6500/11534] grafo5416.33             n=33   pw=  4 refutation           444    0.003s C
[6600/11534] grafo5502.37             n=37   pw=  5 refutation          1172    0.006s C
[6700/11534] grafo5596.37             n=37   pw=  4 bound                553    0.003s C
[6800/11534] grafo5688.34             n=34   pw=  4 refutation           249    0.002s C
[6900/11534] grafo5771.42             n=42   pw=  4 refutation           816    0.005s C
[7000/11534] grafo5864.59             n=59   pw=  6 refutation         38071    0.072s C
[7100/11534] grafo5962.69             n=69   pw=  6 refutation         27297    0.062s C
[7200/11534] grafo5818.77             n=77   pw= 10 refutation       3722789    3.331s C
[7300/11534] grafo6139.40             n=40   pw=  4 refutation           385    0.003s C
[7400/11534] grafo6230.52             n=52   pw=  4 bound               1464    0.006s C
[7500/11534] grafo6324.37             n=37   pw=  4 refutation           717    0.004s C
[7600/11534] grafo6410.50             n=50   pw=  4 bound                128    0.003s C
[7700/11534] grafo6507.59             n=59   pw=  6 refutation          9300    0.032s C
[7800/11534] grafo6581.61             n=61   pw=  8 refutation        240153    0.342s C
[7900/11534] grafo6690.58             n=58   pw=  5 refutation         12514    0.039s C
[8000/11534] grafo6777.65             n=65   pw=  6 refutation         32323    0.057s C
[8100/11534] grafo6866.44             n=44   pw=  6 refutation         20857    0.086s C
[8200/11534] grafo6962.40             n=40   pw=  5 refutation          1661    0.006s C
[8300/11534] grafo6999.94             n=94   pw=  7 refutation        867797    0.793s C
[8400/11534] grafo7144.42             n=42   pw=  4 refutation           882    0.008s C
[8500/11534] grafo7230.61             n=61   pw=  7 refutation         29146    0.055s C
[8600/11534] grafo7322.58             n=58   pw=  6 refutation         20316    0.073s C
[8700/11534] grafo7414.45             n=45   pw=  6 refutation          4868    0.026s C
[8800/11534] grafo751.11              n=11   pw=  2 bound                  0      0.0s C
[8900/11534] grafo7167.87             n=87   pw= 10 unproved        12480512   10.014s C
[9000/11534] grafo7688.53             n=53   pw=  4 refutation           998    0.005s C
[9100/11534] grafo7774.81             n=81   pw=  7 refutation        516550    0.514s C
[9200/11534] grafo7865.72             n=72   pw=  8 refutation        810256    0.691s C
[9300/11534] grafo7946.78             n=78   pw=  9 refutation       4299608    3.073s C
[9400/11534] grafo8059.61             n=61   pw=  8 refutation         59573    0.095s C
[9500/11534] grafo8146.77             n=77   pw=  7 refutation        300611    0.299s C
[9600/11534] grafo8227.69             n=69   pw= 10 refutation       1894710    1.672s C
[9700/11534] grafo8323.84             n=84   pw=  7 refutation       2360906    1.512s C
[9800/11534] grafo8424.61             n=61   pw=  7 refutation        116172    0.139s C
[9900/11534] grafo8516.79             n=79   pw=  6 refutation         53679    0.094s C
[10000/11534] grafo8607.60             n=60   pw=  6 refutation         24718    0.043s C
[10100/11534] grafo8695.85             n=85   pw=  8 refutation       1069318    1.043s C
[10200/11534] grafo8788.91             n=91   pw=  7 refutation       1416732    1.269s C
[10300/11534] grafo8884.64             n=64   pw=  7 refutation        194812    0.183s C
[10400/11534] grafo8974.79             n=79   pw=  6 refutation         71259    0.103s C
[10500/11534] grafo9068.70             n=70   pw=  6 refutation         26541     0.07s C
[10600/11534] grafo9158.65             n=65   pw=  6 refutation         40911    0.074s C
[10700/11534] grafo9251.65             n=65   pw=  8 refutation        216414    0.205s C
[10800/11534] grafo9334.68             n=68   pw=  9 refutation       1470069    1.063s C
[10900/11534] grafo9314.88             n=88   pw=  9 unproved        13754463   10.012s C
[11000/11534] grafo9523.64             n=64   pw=  7 refutation        222196     0.22s C
[11100/11534] grafo9618.72             n=72   pw=  6 refutation         52825    0.077s C
[11200/11534] grafo9705.73             n=73   pw=  7 refutation        250092    0.242s C
[11300/11534] grafo980.20              n=20   pw=  2 bound                  0      0.0s C
[11400/11534] grafo9889.32             n=32   pw=  3 refutation           230    0.002s C
[11500/11534] grafo998.16              n=16   pw=  1 bound                 16    0.001s C
done: 11534 graphs, 10522 proved, 873s wall -> /home/al/dev/MOSP/pathwidth_solver/bench/results/repaired/rome.csv
06:53:28 /home/al/dev/MOSP/pathwidth_solver/bench/run.py rome --time 120 --procs 16 --rules repaired --resume --out /home/al/dev/MOSP/pathwidth_solver/bench/results/repaired/rome_120s.csv --names /home/al/dev/MOSP/pathwidth_solver/bench/results/repaired/rome_unproved.txt
[1/1012] grafo10050.97            n=97   pw=  9 refutation      64143546   47.618s C
[2/1012] grafo10103.98            n=98   pw=  9 refutation     244625408   91.349s C
[3/1012] grafo10006.98            n=98   pw=  9 refutation     114108789   91.676s C
[4/1012] grafo10111.96            n=96   pw=  8 refutation      23348809   16.909s C
[5/1012] grafo10074.90            n=90   pw= 10 unproved       333683184  120.009s C
[6/1012] grafo10028.96            n=96   pw= 10 unproved       177606656   120.02s C
[7/1012] grafo10061.99            n=99   pw=  9 unproved       179512610  120.018s C
[8/1012] grafo10072.97            n=97   pw=  9 unproved       175346604  120.018s C
[9/1012] grafo10098.95            n=95   pw= 10 unproved       195514102  120.019s C
[10/1012] grafo10017.96            n=96   pw= 11 unproved       284577792  120.027s C
[11/1012] grafo10076.90            n=90   pw= 10 unproved       214130751  120.022s C
[12/1012] grafo10084.97            n=97   pw= 11 unproved       196827536  120.028s C
[13/1012] grafo10092.97            n=97   pw= 10 unproved       242929664  120.022s C
[14/1012] grafo10104.96            n=96   pw= 10 unproved       196800512  120.025s C
[15/1012] grafo10093.98            n=98   pw= 11 unproved       237764608  120.018s C
[16/1012] grafo10099.94            n=94   pw= 12 unproved       200065024  120.026s C
[17/1012] grafo10100.99            n=99   pw= 10 unproved       172507167  120.021s C
[18/1012] grafo10148.97            n=97   pw=  8 refutation      31561928   16.813s C
[19/1012] grafo10132.97            n=97   pw=  9 refutation      48279649   36.988s C
[20/1012] grafo10105.93            n=93   pw= 11 unproved       174820486  120.013s C
[21/1012] grafo10118.97            n=97   pw=  9 refutation      98592178   57.738s C
[22/1012] grafo10112.98            n=98   pw= 10 unproved       209686528  120.012s C
[23/1012] grafo10113.94            n=94   pw= 13 unproved       279515136  120.009s C
[24/1012] grafo10116.100           n=100  pw= 11 unproved       186691584  120.012s C
[25/1012] grafo10117.98            n=98   pw=  9 unproved       262586368  120.013s C
[26/1012] grafo10124.100           n=100  pw= 11 unproved       199254016  120.013s C
[27/1012] grafo10123.96            n=96   pw=  9 unproved       242774016  120.014s C
[28/1012] grafo10129.99            n=99   pw= 10 unproved       176216019  120.016s C
[29/1012] grafo10131.98            n=98   pw=  9 unproved       302030848  120.012s C
[30/1012] grafo10126.98            n=98   pw= 11 unproved       246673408  120.013s C
[31/1012] grafo10130.97            n=97   pw= 10 unproved       187019264  120.016s C
[32/1012] grafo10147.94            n=94   pw= 11 unproved       227516481   120.03s C
[33/1012] grafo10149.95            n=95   pw= 11 unproved       241561600  120.014s C
[34/1012] grafo10151.94            n=94   pw= 11 unproved       248393728  120.009s C
[35/1012] grafo10162.93            n=93   pw=  9 refutation      42916183   31.368s C
[36/1012] grafo10153.100           n=100  pw=  9 unproved       189894656  120.009s C
[37/1012] grafo10154.94            n=94   pw= 10 unproved       193306624  120.012s C
[38/1012] grafo10155.97            n=97   pw=  9 unproved       273056321  120.008s C
[39/1012] grafo10166.98            n=98   pw=  9 refutation     122094581   73.965s C
[40/1012] grafo10156.97            n=97   pw= 12 unproved       169403815   120.01s C
[41/1012] grafo10180.98            n=98   pw=  9 refutation     108512917   68.298s C
[42/1012] grafo10160.96            n=96   pw= 11 unproved       239915008  120.008s C
[43/1012] grafo10201.93            n=93   pw=  8 refutation      29976968   21.465s C
[44/1012] grafo10161.99            n=99   pw= 10 unproved       177364703  120.013s C
[45/1012] grafo10164.98            n=98   pw= 10 unproved       212910221  120.009s C
[46/1012] grafo10168.95            n=95   pw=  9 unproved       244514816  120.015s C
[47/1012] grafo10170.96            n=96   pw=  9 unproved       276008960  120.014s C
[48/1012] grafo10171.99            n=99   pw= 12 unproved       179842544  120.015s C
[49/1012] grafo10176.97            n=97   pw= 10 unproved       230543524  120.016s C
[50/1012] grafo10175.99            n=99   pw= 11 unproved       217112576  120.014s C
[51/1012] grafo10173.97            n=97   pw= 10 unproved       211091818  120.012s C
[52/1012] grafo10217.99            n=99   pw=  9 refutation      25621247    14.94s C
[53/1012] grafo10179.97            n=97   pw= 11 unproved       255737856  120.011s C
[54/1012] grafo10183.100           n=100  pw=  9 unproved       203182080  120.012s C
[55/1012] grafo10202.92            n=92   pw= 10 refutation     108619540   63.242s C
[56/1012] grafo10197.96            n=96   pw= 10 refutation     155119199   92.283s C
[57/1012] grafo10184.100           n=100  pw= 10 unproved       181751244  120.009s C
[58/1012] grafo10195.99            n=99   pw= 10 unproved       200802304  120.011s C
[59/1012] grafo10219.99            n=99   pw=  9 refutation      88723593   58.576s C
[60/1012] grafo10224.95            n=95   pw=  9 refutation      65252813   33.668s C
[61/1012] grafo10228.95            n=95   pw=  9 refutation      46989072   25.246s C
[62/1012] grafo10203.97            n=97   pw= 11 unproved       193670576  120.008s C
[63/1012] grafo10227.96            n=96   pw=  8 refutation      53356667   36.447s C
[64/1012] grafo10204.100           n=100  pw= 11 unproved       220627052  120.012s C
[65/1012] grafo10205.97            n=97   pw= 11 unproved       260001792  120.009s C
[66/1012] grafo10207.98            n=98   pw= 11 unproved       212647936  120.013s C
[67/1012] grafo10209.99            n=99   pw= 10 unproved       216768257  120.012s C
[68/1012] grafo10212.97            n=97   pw=  9 unproved       253555641  120.013s C
[69/1012] grafo10213.99            n=99   pw= 10 unproved       200369078  120.014s C
[70/1012] grafo10215.93            n=93   pw= 11 unproved       218283901  120.017s C
[71/1012] grafo10216.97            n=97   pw=  9 unproved       258752512  120.014s C
[72/1012] grafo10218.99            n=99   pw= 11 unproved       212832256  120.013s C
[73/1012] grafo10243.95            n=95   pw=  9 refutation      19323868   15.424s C
[74/1012] grafo10247.95            n=95   pw=  9 refutation      38799179   26.912s C
[75/1012] grafo10220.97            n=97   pw=  9 unproved       188850803  120.013s C
[76/1012] grafo10252.96            n=96   pw=  9 refutation      35545373   25.868s C
[77/1012] grafo10222.99            n=99   pw=  9 unproved       250349438  120.008s C
[78/1012] grafo10223.100           n=100  pw=  9 unproved       249147466  120.008s C
[79/1012] grafo10239.91            n=91   pw=  9 refutation      90848094   60.085s C
[80/1012] grafo10225.99            n=99   pw=  9 unproved       167194924  120.013s C
[81/1012] grafo10268.97            n=97   pw=  9 refutation      24592128   20.128s C
[82/1012] grafo10265.100           n=100  pw=  9 refutation     123734445   43.997s C
[83/1012] grafo10261.96            n=96   pw=  8 refutation     132853807   54.937s C
[84/1012] grafo10237.100           n=100  pw= 11 unproved       185686924  120.012s C
[85/1012] grafo10242.93            n=93   pw=  9 refutation     209932337  117.854s C
[86/1012] grafo10240.97            n=97   pw= 10 unproved       203251712  120.011s C
[87/1012] grafo10250.100           n=100  pw=  9 refutation     231749375  118.301s C
[88/1012] grafo10244.99            n=99   pw= 10 unproved       248572852  120.009s C
[89/1012] grafo10245.92            n=92   pw= 12 unproved       230002688  120.012s C
[90/1012] grafo10246.96            n=96   pw=  9 unproved       211584212  120.011s C
[91/1012] grafo10249.94            n=94   pw= 10 unproved       250691584  120.012s C
[92/1012] grafo10283.92            n=92   pw=  9 refutation      17453466   11.057s C
[93/1012] grafo10255.93            n=93   pw=  9 unproved       227334645  120.012s C
[94/1012] grafo10259.100           n=100  pw= 10 unproved       256602112  120.008s C
[95/1012] grafo10260.98            n=98   pw=  9 unproved       343015424  120.008s C
[96/1012] grafo10262.100           n=100  pw=  9 unproved       252667710  120.011s C
[97/1012] grafo10266.94            n=94   pw= 11 unproved       172152416  120.013s C
[98/1012] grafo10269.99            n=99   pw=  9 unproved       210726517  120.011s C
[99/1012] grafo10291.93            n=93   pw= 10 refutation     137683350   79.163s C
[100/1012] grafo10270.93            n=93   pw= 12 unproved       153649152  120.013s C
[101/1012] grafo10271.100           n=100  pw=  9 unproved       260657745  120.008s C
[102/1012] grafo10273.97            n=97   pw= 10 unproved       178868224  120.012s C
[103/1012] grafo10274.99            n=99   pw=  9 unproved       261762560  120.013s C
[104/1012] grafo10275.97            n=97   pw= 11 unproved       155537070  120.012s C
[105/1012] grafo10288.95            n=95   pw= 11 unproved       296488960  120.011s C
[106/1012] grafo10292.100           n=100  pw= 11 unproved       190160896  120.011s C
[107/1012] grafo10295.95            n=95   pw= 10 unproved       242965958  120.012s C
[108/1012] grafo10302.96            n=96   pw=  9 refutation     135785000   74.877s C
[109/1012] grafo10314.96            n=96   pw=  8 refutation      25201193   18.556s C
[110/1012] grafo10296.100           n=100  pw=  9 unproved       165508438  120.011s C
[111/1012] grafo10297.98            n=98   pw= 11 unproved       308749404  120.009s C
[112/1012] grafo10298.97            n=97   pw= 10 unproved       283715959  120.011s C
[113/1012] grafo10330.96            n=96   pw=  8 refutation      16596446   11.811s C
[114/1012] grafo10299.94            n=94   pw=  9 unproved       174351302  120.012s C
[115/1012] grafo10301.94            n=94   pw= 11 unproved       187478016  120.011s C
[116/1012] grafo10318.98            n=98   pw= 10 refutation      71568674   55.376s C
[117/1012] grafo10303.96            n=96   pw= 10 refutation     153768485    95.52s C
[118/1012] grafo10345.95            n=95   pw=  9 refutation      23148120   15.784s C
[119/1012] grafo10305.100           n=100  pw=  9 unproved       270639437  120.008s C
[120/1012] grafo10329.97            n=97   pw=  9 refutation     126337496   78.033s C
[121/1012] grafo10308.96            n=96   pw=  9 unproved       273682643  120.008s C
[122/1012] grafo10309.94            n=94   pw= 10 unproved       304500736  120.011s C
[123/1012] grafo10316.100           n=100  pw=  9 unproved       215814221  120.012s C
[124/1012] grafo10321.97            n=97   pw= 11 unproved       257097728  120.011s C
[125/1012] grafo10322.97            n=97   pw= 10 unproved       298332160  120.012s C
[126/1012] grafo10323.97            n=97   pw=  9 unproved       202195123  120.012s C
[127/1012] grafo10325.96            n=96   pw= 12 unproved       255255427  120.009s C
[128/1012] grafo10327.97            n=97   pw= 11 unproved       179098169  120.012s C
[129/1012] grafo10357.94            n=94   pw=  8 refutation      28576265   20.529s C
[130/1012] grafo10363.98            n=98   pw=  8 refutation      30689933   20.232s C
[131/1012] grafo10331.100           n=100  pw=  9 unproved       175493120  120.012s C
[132/1012] grafo10332.94            n=94   pw= 10 unproved       273063936  120.011s C
[133/1012] grafo10339.95            n=95   pw= 12 unproved       165904384  120.008s C
[134/1012] grafo10366.99            n=99   pw=  9 refutation      24865294   17.842s C
[135/1012] grafo10346.97            n=97   pw= 11 unproved       169111618  120.013s C
[136/1012] grafo10348.99            n=99   pw=  9 refutation     185939259  114.512s C
[137/1012] grafo10365.97            n=97   pw=  9 refutation      69830326   42.361s C
[138/1012] grafo10350.96            n=96   pw=  9 unproved       197922816  120.011s C
[139/1012] grafo10372.100           n=100  pw=  8 refutation      23542840   16.548s C
[140/1012] grafo10367.96            n=96   pw=  9 refutation      47583957   34.821s C
[141/1012] grafo10351.97            n=97   pw= 10 unproved       268116041  120.007s C
[142/1012] grafo10353.99            n=99   pw= 10 unproved       193394701  120.011s C
[143/1012] grafo10354.99            n=99   pw= 11 unproved       253632512  120.009s C
[144/1012] grafo10355.94            n=94   pw=  8 unproved       318644224  120.007s C
[145/1012] grafo10389.94            n=94   pw=  9 refutation      45271557   21.947s C
[146/1012] grafo10358.95            n=95   pw= 10 unproved       187547648  120.012s C
[147/1012] grafo10359.95            n=95   pw= 12 unproved       183557035  120.012s C
[148/1012] grafo10361.97            n=97   pw= 10 unproved       213577728  120.012s C
[149/1012] grafo10362.94            n=94   pw=  9 unproved       206512487  120.008s C
[150/1012] grafo10370.98            n=98   pw=  9 refutation     124080099    88.62s C
[151/1012] grafo10369.100           n=100  pw= 11 unproved       220078080  120.009s C
[152/1012] grafo10377.94            n=94   pw= 10 unproved       247863357   120.01s C
[153/1012] grafo10380.98            n=98   pw= 11 unproved       235890359  120.011s C
[154/1012] grafo10381.99            n=99   pw=  9 unproved       267352277  120.009s C
[155/1012] grafo10382.94            n=94   pw= 11 unproved       183468150  120.012s C
[156/1012] grafo10383.99            n=99   pw= 10 unproved       232218151  120.013s C
[157/1012] grafo10385.94            n=94   pw= 10 unproved       284029015  120.009s C
[158/1012] grafo10412.94            n=94   pw=  9 refutation      96219339    42.76s C
[159/1012] grafo10386.99            n=99   pw=  9 unproved       349904896  120.008s C
[160/1012] grafo10388.95            n=95   pw= 10 unproved       215969985  120.008s C
[161/1012] grafo10391.94            n=94   pw=  9 refutation     219509109  118.138s C
[162/1012] grafo10392.94            n=94   pw= 10 refutation     162585654    110.4s C
[163/1012] grafo10419.91            n=91   pw= 10 refutation      69707110   46.289s C
[164/1012] grafo10393.96            n=96   pw= 10 unproved       230240496  120.009s C
[165/1012] grafo10404.97            n=97   pw= 10 unproved       257019174  120.009s C
[166/1012] grafo10405.97            n=97   pw= 12 unproved       239869952  120.013s C
[167/1012] grafo10409.96            n=96   pw= 10 unproved       173000964   120.01s C
[168/1012] grafo10411.98            n=98   pw=  9 unproved       287953414  120.009s C
[169/1012] grafo10435.96            n=96   pw=  8 refutation      31898938   22.053s C
[170/1012] grafo10437.97            n=97   pw=  8 refutation      27025720   17.526s C
[171/1012] grafo10413.93            n=93   pw= 10 unproved       273347742  120.009s C
[172/1012] grafo10414.98            n=98   pw= 10 unproved       247025714  120.008s C
[173/1012] grafo10415.94            n=94   pw= 10 unproved       267042816  120.008s C
[174/1012] grafo10416.96            n=96   pw= 11 unproved       292343808  120.009s C
[175/1012] grafo10418.100           n=100  pw= 12 unproved       268079104  120.009s C
[176/1012] grafo10426.100           n=100  pw=  9 refutation     161287080   88.727s C
[177/1012] grafo10420.97            n=97   pw= 11 unproved       183963466  120.009s C
[178/1012] grafo10421.99            n=99   pw=  9 unproved       243869887  120.009s C
[179/1012] grafo10447.99            n=99   pw=  8 refutation      62048871   25.581s C
[180/1012] grafo10422.97            n=97   pw= 10 unproved       241596138  120.012s C
[181/1012] grafo10427.95            n=95   pw=  9 unproved       230606947  120.008s C
[182/1012] grafo10429.100           n=100  pw=  9 unproved       256266240  120.009s C
[183/1012] grafo10432.99            n=99   pw= 11 unproved       273688753  120.008s C
[184/1012] grafo10433.97            n=97   pw=  9 unproved       311459840  120.011s C
[185/1012] grafo10434.98            n=98   pw=  9 unproved       233124439   120.01s C
[186/1012] grafo10436.95            n=95   pw= 12 unproved       207580232  120.012s C
[187/1012] grafo10444.100           n=100  pw=  9 refutation     138447505   92.888s C
[188/1012] grafo10475.98            n=98   pw=  8 refutation      32728206   20.426s C
[189/1012] grafo10438.97            n=97   pw=  9 unproved       232608231   120.01s C
[190/1012] grafo10441.98            n=98   pw= 10 unproved       433484022  120.012s C
[191/1012] grafo10445.94            n=94   pw= 12 unproved       175702016  120.009s C
[192/1012] grafo10480.95            n=95   pw=  8 refutation      44261247   28.062s C
[193/1012] grafo10446.95            n=95   pw= 13 unproved       242374314  120.008s C
[194/1012] grafo10449.96            n=96   pw=  9 unproved       262810984  120.009s C
[195/1012] grafo10451.95            n=95   pw= 10 unproved       239579136  120.011s C
[196/1012] grafo10452.94            n=94   pw= 10 unproved       190040670  120.011s C
[197/1012] grafo10453.97            n=97   pw= 10 unproved       261366214  120.008s C
[198/1012] grafo10465.96            n=96   pw=  9 unproved       282911744  120.011s C
[199/1012] grafo10467.100           n=100  pw= 10 unproved       185428585  120.008s C
[200/1012] grafo10469.100           n=100  pw= 12 unproved       256897024  120.009s C
[201/1012] grafo10470.92            n=92   pw= 11 unproved       336078735  120.008s C
[202/1012] grafo10473.95            n=95   pw=  9 unproved       278691840  120.011s C
[203/1012] grafo10474.94            n=94   pw= 12 unproved       309125120  120.011s C
[204/1012] grafo10495.97            n=97   pw=  9 refutation     119662593     58.9s C
[205/1012] grafo10504.100           n=100  pw=  8 refutation      33135370   14.914s C
[206/1012] grafo10508.100           n=100  pw=  9 refutation      32576214   16.166s C
[207/1012] grafo10479.98            n=98   pw= 10 unproved       285712613  120.008s C
[208/1012] grafo10501.96            n=96   pw=  9 refutation      94678746    41.59s C
[209/1012] grafo10496.98            n=98   pw=  9 refutation      91288359   68.299s C
[210/1012] grafo10484.99            n=99   pw= 12 unproved       182681600   120.01s C
[211/1012] grafo10490.99            n=99   pw=  9 refutation     180768384  110.423s C
[212/1012] grafo10488.98            n=98   pw= 12 unproved       220786688  120.008s C
[213/1012] grafo10489.95            n=95   pw= 10 unproved       287037797  120.009s C
[214/1012] grafo10498.99            n=99   pw=  9 refutation     240455670   88.706s C
[215/1012] grafo10491.97            n=97   pw= 10 unproved       396505088  120.008s C
[216/1012] grafo10492.96            n=96   pw= 12 unproved       230400468  120.009s C
[217/1012] grafo10530.100           n=100  pw=  8 refutation      13492281   11.123s C
[218/1012] grafo10520.99            n=99   pw=  8 refutation      71970082   44.981s C
[219/1012] grafo10526.97            n=97   pw=  9 refutation      67712605   36.348s C
[220/1012] grafo10532.99            n=99   pw=  9 refutation      56556465   26.304s C
[221/1012] grafo10497.95            n=95   pw=  9 unproved       375709696  120.008s C
[222/1012] grafo10516.94            n=94   pw= 10 refutation     167048306   79.608s C
[223/1012] grafo10540.97            n=97   pw=  8 refutation      26184275   13.059s C
[224/1012] grafo10502.91            n=91   pw= 11 unproved       245955920  120.009s C
[225/1012] grafo10546.98            n=98   pw=  8 refutation      31372550   13.303s C
[226/1012] grafo10538.100           n=100  pw=  9 refutation      48224738   38.151s C
[227/1012] grafo10506.98            n=98   pw=  9 unproved       379420672  120.008s C
[228/1012] grafo10517.93            n=93   pw= 10 unproved       270688256  120.008s C
[229/1012] grafo10518.94            n=94   pw= 12 unproved       272908288  120.009s C
[230/1012] grafo10519.98            n=98   pw=  9 unproved       219766784   120.01s C
[231/1012] grafo10555.98            n=98   pw=  8 refutation      21186486   10.716s C
[232/1012] grafo10522.99            n=99   pw= 10 unproved       247570432  120.008s C
[233/1012] grafo10523.97            n=97   pw= 11 unproved       209833984  120.009s C
[234/1012] grafo10527.93            n=93   pw= 11 unproved       291848192  120.008s C
[235/1012] grafo10528.98            n=98   pw= 10 unproved       323399680  120.008s C
[236/1012] grafo10534.100           n=100  pw= 11 unproved       331870208  120.008s C
[237/1012] grafo10536.99            n=99   pw= 11 unproved       262684672  120.009s C
[238/1012] grafo10537.95            n=95   pw= 11 unproved       233766912  120.011s C
[239/1012] grafo10541.93            n=93   pw= 10 unproved       255762432  120.008s C
[240/1012] grafo10542.100           n=100  pw=  9 unproved       260050435  120.008s C
[241/1012] grafo10547.94            n=94   pw= 10 refutation     154947389  109.097s C
[242/1012] grafo10556.100           n=100  pw=  9 refutation     212299800   94.497s C
[243/1012] grafo10548.94            n=94   pw= 11 unproved       317001728  120.007s C
[244/1012] grafo10577.100           n=100  pw=  9 refutation      83412209   51.415s C
[245/1012] grafo10549.99            n=99   pw= 10 unproved       276967930  120.009s C
[246/1012] grafo10552.96            n=96   pw= 12 unproved       312832000  120.011s C
[247/1012] grafo10574.94            n=94   pw=  9 refutation     159898365   80.874s C
[248/1012] grafo10594.94            n=94   pw=  9 refutation      14008321    11.97s C
[249/1012] grafo10557.98            n=98   pw=  9 unproved       204675289  120.012s C
[250/1012] grafo10559.98            n=98   pw=  9 unproved       200133967   120.01s C
[251/1012] grafo10560.95            n=95   pw= 11 unproved       261611520  120.011s C
[252/1012] grafo10572.92            n=92   pw= 11 unproved       246546496  120.008s C
[253/1012] grafo10589.93            n=93   pw= 10 refutation      88677784   58.378s C
[254/1012] grafo10575.99            n=99   pw=  9 unproved       234954411  120.011s C
[255/1012] grafo10578.96            n=96   pw= 11 unproved       243064832  120.011s C
[256/1012] grafo10580.98            n=98   pw= 10 unproved       253079552  120.008s C
[257/1012] grafo10623.98            n=98   pw=  9 refutation      46887034   24.326s C
[258/1012] grafo10582.94            n=94   pw=  9 unproved       251871232   120.01s C
[259/1012] grafo10585.93            n=93   pw=  9 unproved       225900181  120.011s C
[260/1012] grafo10627.96            n=96   pw=  9 refutation      24718973   18.467s C
[261/1012] grafo10586.100           n=100  pw= 10 unproved       195477504  120.013s C
[262/1012] grafo10592.98            n=98   pw=  9 unproved       248969992  120.008s C
[263/1012] grafo10593.98            n=98   pw=  9 unproved       185523569   120.01s C
[264/1012] grafo10596.99            n=99   pw= 11 unproved       153293097  120.012s C
[265/1012] grafo10600.93            n=93   pw= 10 unproved       223997952  120.012s C
[266/1012] grafo10603.100           n=100  pw=  9 unproved       231113527  120.008s C
[267/1012] grafo10614.92            n=92   pw= 10 refutation     142110137   86.615s C
[268/1012] grafo10605.99            n=99   pw=  9 unproved       249442304  120.009s C
[269/1012] grafo10608.93            n=93   pw= 11 unproved       195619685  120.012s C
[270/1012] grafo10609.100           n=100  pw=  9 unproved       209023194   120.01s C
[271/1012] grafo10640.94            n=94   pw=  8 refutation      13832549    7.614s C
[272/1012] grafo10629.100           n=100  pw=  9 refutation     122890234   72.311s C
[273/1012] grafo10610.95            n=95   pw= 10 unproved       254292398  120.008s C
[274/1012] grafo10639.91            n=91   pw=  9 refutation      54202555   27.584s C
[275/1012] grafo10624.91            n=91   pw= 11 unproved       179372161  120.011s C
[276/1012] grafo10626.100           n=100  pw= 10 unproved       207372103  120.012s C
[277/1012] grafo10630.94            n=94   pw= 10 unproved       293051132  120.008s C
[278/1012] grafo10643.94            n=94   pw=  8 refutation     131028926    67.76s C
[279/1012] grafo10631.98            n=98   pw=  9 unproved       237364271  120.009s C
[280/1012] grafo10632.100           n=100  pw= 12 unproved       169050112  120.014s C
[281/1012] grafo10642.90            n=90   pw=  9 refutation     122105057   81.478s C
[282/1012] grafo10633.100           n=100  pw= 10 unproved       211899240   120.01s C
[283/1012] grafo10634.96            n=96   pw= 10 unproved       186503585  120.013s C
[284/1012] grafo10635.95            n=95   pw= 12 unproved       196562944  120.013s C
[285/1012] grafo10637.94            n=94   pw= 11 unproved       192756872   120.01s C
[286/1012] grafo10638.100           n=100  pw= 11 unproved       188829696  120.012s C
[287/1012] grafo10644.100           n=100  pw= 11 unproved       212956221  120.012s C
[288/1012] grafo10645.95            n=95   pw=  9 unproved       194088960  120.011s C
[289/1012] grafo10671.100           n=100  pw=  9 refutation      37472817   31.374s C
[290/1012] grafo10646.100           n=100  pw= 13 unproved       155372386  120.012s C
[291/1012] grafo10647.98            n=98   pw= 10 unproved       177827840  120.011s C
[292/1012] grafo10648.98            n=98   pw= 12 unproved       244748359   120.01s C
[293/1012] grafo10649.95            n=95   pw=  9 unproved       215445180   120.01s C
[294/1012] grafo10674.99            n=99   pw=  9 refutation      86462002    49.09s C
[295/1012] grafo10650.98            n=98   pw= 10 unproved       207462185  120.012s C
[296/1012] grafo10652.100           n=100  pw= 11 unproved       261521408  120.009s C
[297/1012] grafo10653.100           n=100  pw= 10 unproved       202379264  120.011s C
[298/1012] grafo10654.96            n=96   pw=  9 unproved       226705408  120.011s C
[299/1012] grafo10661.95            n=95   pw= 10 unproved       217468928  120.012s C
[300/1012] grafo10662.100           n=100  pw=  9 unproved       304584814  120.008s C
[301/1012] grafo10663.99            n=99   pw= 10 unproved       189604046  120.012s C
[302/1012] grafo10693.98            n=98   pw= 10 refutation      30354114   22.716s C
[303/1012] grafo10669.93            n=93   pw=  9 unproved       241311830  120.013s C
[304/1012] grafo10681.93            n=93   pw=  9 refutation     118154734   59.946s C
[305/1012] grafo10676.100           n=100  pw=  9 refutation     155047286   84.629s C
[306/1012] grafo10670.100           n=100  pw= 10 unproved       225100445  120.009s C
[307/1012] grafo10672.98            n=98   pw=  9 unproved       207833477  120.011s C
[308/1012] grafo10689.98            n=98   pw=  9 refutation     136228593   65.774s C
[309/1012] grafo10675.95            n=95   pw=  9 unproved       247446474  120.009s C
[310/1012] grafo10680.95            n=95   pw=  9 unproved       274030928  120.008s C
[311/1012] grafo10709.98            n=98   pw=  9 refutation      74912891   55.778s C
[312/1012] grafo10685.98            n=98   pw= 12 unproved       280232026  120.009s C
[313/1012] grafo10716.97            n=97   pw=  9 refutation      63562565   42.234s C
[314/1012] grafo10717.96            n=96   pw=  8 refutation     141344261   50.998s C
[315/1012] grafo10688.95            n=95   pw= 10 unproved       263057408   120.01s C
[316/1012] grafo10694.96            n=96   pw= 11 unproved       217133056  120.009s C
[317/1012] grafo10695.98            n=98   pw= 11 unproved       232374272  120.008s C
[318/1012] grafo10696.99            n=99   pw= 10 unproved       251236352  120.011s C
[319/1012] grafo10698.95            n=95   pw= 10 unproved       228707120  120.009s C
[320/1012] grafo10700.98            n=98   pw= 10 unproved       182478166  120.009s C
[321/1012] grafo10705.97            n=97   pw=  9 unproved       238360679  120.012s C
[322/1012] grafo10719.96            n=96   pw=  9 refutation     136590546   82.482s C
[323/1012] grafo10712.98            n=98   pw= 10 unproved       224019274  120.011s C
[324/1012] grafo10713.92            n=92   pw= 11 unproved       253210624  120.008s C
[325/1012] grafo10714.99            n=99   pw= 11 unproved       261382144  120.013s C
[326/1012] grafo10725.99            n=99   pw=  8 refutation     190397737   74.005s C
[327/1012] grafo10757.96            n=96   pw=  9 refutation      31467200   22.683s C
[328/1012] grafo10720.96            n=96   pw=  9 unproved       255899521  120.012s C
[329/1012] grafo10722.96            n=96   pw= 11 unproved       179830784  120.011s C
[330/1012] grafo10744.96            n=96   pw=  9 refutation     116831377   62.023s C
[331/1012] grafo10763.92            n=92   pw=  9 refutation      26717436    20.21s C
[332/1012] grafo10726.99            n=99   pw= 10 unproved       213393408  120.013s C
[333/1012] grafo10774.93            n=93   pw=  9 refutation      43688856   23.353s C
[334/1012] grafo10727.94            n=94   pw= 11 unproved       231686144  120.008s C
[335/1012] grafo10735.99            n=99   pw= 10 unproved       209141760  120.011s C
[336/1012] grafo10737.99            n=99   pw= 12 unproved       199335936  120.013s C
[337/1012] grafo10738.96            n=96   pw=  9 unproved       255148032  120.012s C
[338/1012] grafo10759.96            n=96   pw=  8 refutation     251491856   95.534s C
[339/1012] grafo10741.92            n=92   pw= 10 unproved       207265875  120.014s C
[340/1012] grafo10742.99            n=99   pw=  9 unproved       196931699  120.008s C
[341/1012] grafo10750.100           n=100  pw= 10 unproved       204857344  120.009s C
[342/1012] grafo10758.96            n=96   pw= 11 unproved       267821056  120.012s C
[343/1012] grafo10760.96            n=96   pw= 12 unproved       209715200  120.011s C
[344/1012] grafo10761.95            n=95   pw=  9 unproved       200286208  120.013s C
[345/1012] grafo10790.98            n=98   pw=  8 refutation      63643142   39.144s C
[346/1012] grafo10762.99            n=99   pw=  9 unproved       211239269  120.012s C
[347/1012] grafo10794.100           n=100  pw=  8 refutation      30781796   21.907s C
[348/1012] grafo10782.95            n=95   pw=  9 refutation     180131953   73.174s C
[349/1012] grafo10793.95            n=95   pw=  9 refutation      79332962   46.077s C
[350/1012] grafo10772.100           n=100  pw= 12 unproved       194393070  120.012s C
[351/1012] grafo10777.100           n=100  pw=  9 unproved       198826486  120.008s C
[352/1012] grafo10778.100           n=100  pw=  9 unproved       179866798  120.008s C
[353/1012] grafo10780.99            n=99   pw= 12 unproved       257306624  120.009s C
[354/1012] grafo10781.100           n=100  pw= 11 unproved       247439535  120.012s C
[355/1012] grafo10785.94            n=94   pw=  9 refutation     203576000  109.767s C
[356/1012] grafo10788.98            n=98   pw=  9 unproved       212746358  120.011s C
[357/1012] grafo10789.91            n=91   pw= 11 unproved       213995520  120.008s C
[358/1012] grafo10792.98            n=98   pw= 11 unproved       181956608  120.013s C
[359/1012] grafo10830.92            n=92   pw=  9 refutation      15251759   12.279s C
[360/1012] grafo10805.98            n=98   pw= 10 unproved       199077888  120.013s C
[361/1012] grafo10820.100           n=100  pw=  9 refutation      81115781   60.047s C
[362/1012] grafo10823.96            n=96   pw=  9 refutation      74732630   45.474s C
[363/1012] grafo10819.95            n=95   pw=  9 refutation     115241406    71.47s C
[364/1012] grafo10806.97            n=97   pw= 11 unproved       209534976  120.013s C
[365/1012] grafo10826.93            n=93   pw=  9 refutation      60512465   40.575s C
[366/1012] grafo10807.95            n=95   pw= 10 unproved       192062263  120.013s C
[367/1012] grafo10808.98            n=98   pw= 10 unproved       202899003  120.013s C
[368/1012] grafo10809.99            n=99   pw= 10 unproved       278687744  120.008s C
[369/1012] grafo10810.97            n=97   pw= 11 unproved       188424261  120.008s C
[370/1012] grafo10811.96            n=96   pw= 11 unproved       232099840  120.014s C
[371/1012] grafo10814.98            n=98   pw= 11 unproved       201928704  120.012s C
[372/1012] grafo10821.96            n=96   pw=  8 unproved       248004608  120.012s C
[373/1012] grafo10822.97            n=97   pw= 10 unproved       225001472  120.008s C
[374/1012] grafo10825.98            n=98   pw= 11 unproved       252240147  120.008s C
[375/1012] grafo10854.99            n=99   pw=  8 refutation     140945960   81.715s C
[376/1012] grafo10863.94            n=94   pw=  9 refutation      51523492   37.562s C
[377/1012] grafo10831.98            n=98   pw= 10 unproved       195293293  120.013s C
[378/1012] grafo10832.94            n=94   pw= 11 unproved       207584741  120.013s C
[379/1012] grafo10833.98            n=98   pw=  9 unproved       238329856  120.012s C
[380/1012] grafo10834.93            n=93   pw= 10 unproved       251256408  120.009s C
[381/1012] grafo10836.97            n=97   pw= 11 unproved       228904960  120.013s C
[382/1012] grafo10849.95            n=95   pw= 11 unproved       226144256  120.011s C
[383/1012] grafo10851.95            n=95   pw=  9 unproved       331759616  120.009s C
[384/1012] grafo10864.99            n=99   pw=  9 refutation      62057622   46.574s C
[385/1012] grafo10856.91            n=91   pw=  9 unproved       233093241  120.011s C
[386/1012] grafo10857.95            n=95   pw=  9 unproved       266461242  120.011s C
[387/1012] grafo10859.97            n=97   pw= 10 unproved       225722921  120.009s C
[388/1012] grafo10860.93            n=93   pw= 12 unproved       197532152  120.009s C
[389/1012] grafo10861.100           n=100  pw= 10 unproved       242782208  120.009s C
[390/1012] grafo10862.98            n=98   pw=  9 unproved       258052006  120.008s C
[391/1012] grafo10897.95            n=95   pw=  8 refutation      34826752    20.42s C
[392/1012] grafo10865.100           n=100  pw= 10 unproved       153124251  120.013s C
[393/1012] grafo10879.92            n=92   pw=  9 refutation     131698073   90.595s C
[394/1012] grafo10895.98            n=98   pw=  9 refutation     108142857   65.514s C
[395/1012] grafo10866.98            n=98   pw= 10 unproved       184172424  120.013s C
[396/1012] grafo10867.95            n=95   pw= 11 unproved       188137472  120.012s C
[397/1012] grafo10898.95            n=95   pw=  9 refutation      34888674    24.81s C
[398/1012] grafo10894.97            n=97   pw=  9 refutation     155530301   82.167s C
[399/1012] grafo10869.96            n=96   pw= 11 unproved       221777920  120.008s C
[400/1012] grafo10870.94            n=94   pw= 10 unproved       200015949  120.008s C
[401/1012] grafo10873.97            n=97   pw= 10 unproved       353153024  120.009s C
[402/1012] grafo10876.98            n=98   pw= 10 unproved       205455539  120.011s C
[403/1012] grafo10878.94            n=94   pw= 11 unproved       186640106  120.011s C
[404/1012] grafo10882.95            n=95   pw= 10 unproved       174969044  120.011s C
[405/1012] grafo10883.93            n=93   pw= 11 unproved       287313920  120.011s C
[406/1012] grafo10885.98            n=98   pw=  9 unproved       231505920  120.013s C
[407/1012] grafo10893.92            n=92   pw= 10 unproved       229924503  120.011s C
[408/1012] grafo10926.99            n=99   pw=  9 refutation      13654554     11.3s C
[409/1012] grafo10924.98            n=98   pw=  8 refutation     144266534   54.453s C
[410/1012] grafo10929.94            n=94   pw=  9 refutation      51058456   37.578s C
[411/1012] grafo10901.94            n=94   pw=  9 refutation     161331172   97.581s C
[412/1012] grafo10925.95            n=95   pw=  9 refutation     128218622   75.284s C
[413/1012] grafo10900.93            n=93   pw= 10 unproved       264695808  120.009s C
[414/1012] grafo10907.99            n=99   pw=  9 refutation     168596301   115.85s C
[415/1012] grafo10903.93            n=93   pw= 10 unproved       286343168  120.009s C
[416/1012] grafo10904.94            n=94   pw=  9 unproved       202203136  120.011s C
[417/1012] grafo10905.97            n=97   pw= 11 unproved       198643712  120.012s C
[418/1012] grafo10908.98            n=98   pw= 10 unproved       195313664  120.012s C
[419/1012] grafo10911.100           n=100  pw=  9 unproved       219149762  120.008s C
[420/1012] grafo10921.97            n=97   pw=  9 refutation     173704853  105.544s C
[421/1012] grafo10915.97            n=97   pw= 10 unproved       237821952  120.012s C
[422/1012] grafo10918.98            n=98   pw= 11 unproved       154878251   120.01s C
[423/1012] grafo10936.98            n=98   pw=  8 refutation      44893894   29.723s C
[424/1012] grafo10919.97            n=97   pw= 11 unproved       246878208  120.012s C
[425/1012] grafo10933.94            n=94   pw=  9 refutation      78203703   50.724s C
[426/1012] grafo10923.97            n=97   pw=  9 unproved       177164550  120.012s C
[427/1012] grafo10937.100           n=100  pw=  9 refutation     126110825   62.791s C
[428/1012] grafo10944.96            n=96   pw=  9 refutation     110627269   58.719s C
[429/1012] grafo10930.100           n=100  pw=  9 unproved       238415872  120.011s C
[430/1012] grafo10935.94            n=94   pw= 10 unproved       250691584  120.011s C
[431/1012] grafo10943.95            n=95   pw= 10 unproved       199800496  120.008s C
[432/1012] grafo10945.98            n=98   pw= 10 unproved       173433227   120.01s C
[433/1012] grafo10947.97            n=97   pw=  9 unproved       236019712  120.013s C
[434/1012] grafo10955.94            n=94   pw=  9 refutation     263732941  114.222s C
[435/1012] grafo10949.95            n=95   pw= 10 unproved       181350460  120.013s C
[436/1012] grafo10966.96            n=96   pw=  9 refutation     109251688   66.152s C
[437/1012] grafo10950.97            n=97   pw= 10 unproved       258708065  120.013s C
[438/1012] grafo10952.96            n=96   pw= 10 unproved       236972193  120.011s C
[439/1012] grafo10958.98            n=98   pw= 13 unproved       178479104  120.009s C
[440/1012] grafo10959.97            n=97   pw=  9 unproved       176574536  120.012s C
[441/1012] grafo10973.94            n=94   pw=  9 refutation      26803578   14.284s C
[442/1012] grafo10960.98            n=98   pw= 11 unproved       271228928   120.01s C
[443/1012] grafo10962.100           n=100  pw= 12 unproved       177618403  120.008s C
[444/1012] grafo10963.97            n=97   pw=  9 unproved       206410347  120.008s C
[445/1012] grafo10975.96            n=96   pw=  9 refutation      44959631   23.898s C
[446/1012] grafo10998.100           n=100  pw=  9 refutation      33899007   19.304s C
[447/1012] grafo10985.96            n=96   pw=  9 refutation      50421480   30.358s C
[448/1012] grafo10980.95            n=95   pw=  8 refutation      60690110   39.985s C
[449/1012] grafo10965.99            n=99   pw=  9 unproved       254857216  120.011s C
[450/1012] grafo10969.98            n=98   pw=  8 refutation     151361101   90.134s C
[451/1012] grafo10990.96            n=96   pw=  9 refutation      71051660   50.879s C
[452/1012] grafo10993.95            n=95   pw=  9 refutation      92405890   61.654s C
[453/1012] grafo10995.96            n=96   pw=  9 refutation     106734337   70.062s C
[454/1012] grafo10972.95            n=95   pw= 10 refutation     161367788   113.62s C
[455/1012] grafo10976.92            n=92   pw= 10 unproved       208688825  120.012s C
[456/1012] grafo10978.98            n=98   pw=  9 unproved       189050880  120.013s C
[457/1012] grafo10984.98            n=98   pw=  9 unproved       227323445  120.012s C
[458/1012] grafo10992.94            n=94   pw= 11 unproved       249055055  120.011s C
[459/1012] grafo11000.99            n=99   pw= 10 unproved       243429560  120.011s C
[460/1012] grafo11001.97            n=97   pw= 11 unproved       283148288  120.008s C
[461/1012] grafo11002.96            n=96   pw=  9 unproved       286810112  120.012s C
[462/1012] grafo11003.100           n=100  pw= 10 unproved       244987607  120.011s C
[463/1012] grafo11006.97            n=97   pw= 10 unproved       297107569  120.011s C
[464/1012] grafo11008.99            n=99   pw= 11 unproved       175508881  120.013s C
[465/1012] grafo11010.97            n=97   pw=  9 unproved       259215360  120.011s C
[466/1012] grafo11011.100           n=100  pw=  9 unproved       326680576  120.009s C
[467/1012] grafo11012.96            n=96   pw= 11 unproved       218955776   120.01s C
[468/1012] grafo11041.97            n=97   pw=  8 refutation      33449992   23.197s C
[469/1012] grafo11014.100           n=100  pw= 10 unproved       303037652  120.008s C
[470/1012] grafo11015.98            n=98   pw= 10 unproved       177582080  120.012s C
[471/1012] grafo11016.98            n=98   pw= 11 unproved       230354944  120.013s C
[472/1012] grafo11040.95            n=95   pw=  9 refutation     106757142   51.222s C
[473/1012] grafo11034.95            n=95   pw=  9 refutation     165581049   80.554s C
[474/1012] grafo11017.97            n=97   pw=  9 unproved       216821836  120.011s C
[475/1012] grafo11018.99            n=99   pw=  9 unproved       187022305  120.013s C
[476/1012] grafo11020.100           n=100  pw= 11 unproved       206413692  120.012s C
[477/1012] grafo11025.94            n=94   pw=  9 unproved       227946631  120.012s C
[478/1012] grafo11036.97            n=97   pw=  9 refutation     198980518  105.643s C
[479/1012] grafo11048.94            n=94   pw=  9 refutation      67500952   47.808s C
[480/1012] grafo11035.99            n=99   pw= 11 unproved       282652672  120.009s C
[481/1012] grafo11037.99            n=99   pw= 11 unproved       206876672  120.008s C
[482/1012] grafo11039.96            n=96   pw= 11 unproved       213368939  120.012s C
[483/1012] grafo11045.94            n=94   pw= 10 refutation     177117751   89.108s C
[484/1012] grafo11042.94            n=94   pw= 10 unproved       228783476   120.01s C
[485/1012] grafo11043.94            n=94   pw= 10 unproved       196797761  120.008s C
[486/1012] grafo11044.95            n=95   pw= 11 unproved       330346496  120.009s C
[487/1012] grafo11059.98            n=98   pw=  9 refutation     112334283     70.5s C
[488/1012] grafo11047.92            n=92   pw= 11 unproved       235876352  120.012s C
[489/1012] grafo11067.98            n=98   pw=  9 refutation      68039566   49.732s C
[490/1012] grafo11062.99            n=99   pw=  8 refutation     118591680   59.221s C
[491/1012] grafo11053.94            n=94   pw=  9 refutation     176710789   92.323s C
[492/1012] grafo11050.98            n=98   pw= 10 unproved       279560192  120.009s C
[493/1012] grafo11052.97            n=97   pw= 10 unproved       218755072  120.011s C
[494/1012] grafo11054.96            n=96   pw=  9 unproved       242828190  120.011s C
[495/1012] grafo11056.98            n=98   pw= 10 unproved       255766528  120.012s C
[496/1012] grafo11057.96            n=96   pw= 10 unproved       218863356  120.011s C
[497/1012] grafo11058.98            n=98   pw=  9 unproved       275175831  120.011s C
[498/1012] grafo11075.97            n=97   pw=  9 refutation      83532325   58.208s C
[499/1012] grafo11060.99            n=99   pw= 10 unproved       171040768  120.013s C
[500/1012] grafo11069.93            n=93   pw= 12 unproved       219992064  120.012s C
[501/1012] grafo11070.94            n=94   pw= 12 unproved       251252736   120.01s C
[502/1012] grafo11072.98            n=98   pw= 10 unproved       187158730  120.013s C
[503/1012] grafo11073.100           n=100  pw= 12 unproved       223768576  120.011s C
[504/1012] grafo11074.96            n=96   pw=  9 unproved       319033344  120.009s C
[505/1012] grafo11076.97            n=97   pw= 10 unproved       246194176  120.009s C
[506/1012] grafo11088.97            n=97   pw= 11 unproved       174346434  120.013s C
[507/1012] grafo11091.97            n=97   pw=  9 unproved       205881344  120.013s C
[508/1012] grafo11092.97            n=97   pw= 10 unproved       283201536  120.012s C
[509/1012] grafo11094.98            n=98   pw=  9 unproved       277673191  120.012s C
[510/1012] grafo11095.93            n=93   pw= 10 unproved       207322139  120.013s C
[511/1012] grafo11096.97            n=97   pw= 10 unproved       218509312  120.008s C
[512/1012] grafo11097.96            n=96   pw= 11 unproved       328065024  120.011s C
[513/1012] grafo11099.99            n=99   pw= 13 unproved       210059264  120.013s C
[514/1012] grafo11100.95            n=95   pw= 10 unproved       214671360  120.011s C
[515/1012] grafo11101.95            n=95   pw= 10 unproved       194514546  120.011s C
[516/1012] grafo11114.93            n=93   pw= 10 refutation      78978521   48.921s C
[517/1012] grafo11102.98            n=98   pw=  9 unproved       196157286  120.013s C
[518/1012] grafo11136.98            n=98   pw=  8 refutation      44003042   27.584s C
[519/1012] grafo11104.95            n=95   pw= 10 unproved       188321792  120.011s C
[520/1012] grafo11141.95            n=95   pw=  8 refutation      15583363   11.992s C
[521/1012] grafo11105.95            n=95   pw= 10 unproved       177429172  120.011s C
[522/1012] grafo11106.99            n=99   pw=  9 unproved       243826475  120.013s C
[523/1012] grafo11139.98            n=98   pw=  8 refutation      99207986   55.391s C
[524/1012] grafo11109.94            n=94   pw= 10 unproved       219195893  120.013s C
[525/1012] grafo11110.99            n=99   pw= 10 unproved       219029504  120.014s C
[526/1012] grafo11113.98            n=98   pw=  9 refutation     174385966  114.049s C
[527/1012] grafo11111.94            n=94   pw=  9 unproved       195358122  120.013s C
[528/1012] grafo11112.96            n=96   pw= 12 unproved       256073728  120.009s C
[529/1012] grafo11140.98            n=98   pw=  9 refutation     122658044   75.613s C
[530/1012] grafo11115.92            n=92   pw= 12 unproved       237629297   120.01s C
[531/1012] grafo11119.98            n=98   pw= 10 unproved       204275712  120.009s C
[532/1012] grafo11125.100           n=100  pw= 10 unproved       196325503  120.011s C
[533/1012] grafo11132.95            n=95   pw= 10 unproved       290388409  120.008s C
[534/1012] grafo11144.92            n=92   pw= 10 refutation     154232987   79.828s C
[535/1012] grafo11142.99            n=99   pw=  9 refutation     203000085  100.305s C
[536/1012] grafo11157.100           n=100  pw=  9 refutation      67045546   48.846s C
[537/1012] grafo11169.99            n=99   pw=  9 refutation      52869441   28.357s C
[538/1012] grafo11143.98            n=98   pw= 10 unproved       213058888  120.013s C
[539/1012] grafo11145.99            n=99   pw= 10 unproved       196161536  120.011s C
[540/1012] grafo11148.99            n=99   pw= 10 unproved       159074417  120.013s C
[541/1012] grafo11179.99            n=99   pw=  8 refutation      79443931   44.419s C
[542/1012] grafo11149.100           n=100  pw=  9 unproved       250549320  120.011s C
[543/1012] grafo11150.99            n=99   pw= 10 unproved       361390080  120.008s C
[544/1012] grafo11188.99            n=99   pw=  9 refutation      40465450   25.899s C
[545/1012] grafo11194.100           n=100  pw=  8 refutation      12868002   10.934s C
[546/1012] grafo11176.100           n=100  pw=  9 refutation     161102228   75.232s C
[547/1012] grafo11151.92            n=92   pw=  9 unproved       216690766  120.011s C
[548/1012] grafo11152.98            n=98   pw= 10 unproved       203509760  120.011s C
[549/1012] grafo11154.95            n=95   pw= 10 unproved       159428608  120.013s C
[550/1012] grafo11155.99            n=99   pw=  9 unproved       252956276  120.009s C
[551/1012] grafo11162.100           n=100  pw=  9 unproved       196800512  120.011s C
[552/1012] grafo11177.98            n=98   pw=  9 unproved       224741584   120.01s C
[553/1012] grafo11189.94            n=94   pw=  9 refutation      86104625   62.833s C
[554/1012] grafo11178.95            n=95   pw= 10 unproved       257201186  120.012s C
[555/1012] grafo11181.95            n=95   pw= 12 unproved       229306368  120.009s C
[556/1012] grafo11182.99            n=99   pw=  9 unproved       216285107  120.009s C
[557/1012] grafo11187.98            n=98   pw=  9 unproved       306402015  120.009s C
[558/1012] grafo11206.91            n=91   pw=  9 refutation     147088578   87.883s C
[559/1012] grafo11219.94            n=94   pw=  9 refutation     124943243   54.408s C
[560/1012] grafo11217.95            n=95   pw=  9 refutation     179869469   97.566s C
[561/1012] grafo11195.93            n=93   pw= 10 unproved       267096064  120.008s C
[562/1012] grafo11198.98            n=98   pw= 10 unproved       234369024  120.012s C
[563/1012] grafo11201.99            n=99   pw= 10 unproved       190734336  120.012s C
[564/1012] grafo11203.100           n=100  pw=  9 unproved       222920704  120.008s C
[565/1012] grafo11204.99            n=99   pw= 10 unproved       189388083  120.011s C
[566/1012] grafo11205.94            n=94   pw= 10 unproved       249745408  120.008s C
[567/1012] grafo11215.93            n=93   pw= 10 unproved       268062720  120.011s C
[568/1012] grafo11257.91            n=91   pw=  9 refutation      20489252   10.105s C
[569/1012] grafo11256.99            n=99   pw=  8 refutation      20495951   15.459s C
[570/1012] grafo11233.93            n=93   pw=  9 refutation     120669978   72.075s C
[571/1012] grafo11218.99            n=99   pw= 12 unproved       200619721  120.009s C
[572/1012] grafo11220.92            n=92   pw= 11 unproved       181654310  120.012s C
[573/1012] grafo11223.99            n=99   pw= 12 unproved       162485361  120.011s C
[574/1012] grafo11227.100           n=100  pw= 10 unproved       188763203  120.011s C
[575/1012] grafo11232.92            n=92   pw= 10 unproved       214597743  120.009s C
[576/1012] grafo11250.99            n=99   pw= 10 unproved       228196352  120.008s C
[577/1012] grafo11251.93            n=93   pw= 11 unproved       218620816  120.012s C
[578/1012] grafo11252.93            n=93   pw= 10 unproved       175594752  120.011s C
[579/1012] grafo11253.94            n=94   pw=  9 unproved       263061504  120.011s C
[580/1012] grafo11254.99            n=99   pw= 10 unproved       245100544  120.011s C
[581/1012] grafo11267.92            n=92   pw= 10 unproved       188527031  120.012s C
[582/1012] grafo11269.93            n=93   pw= 10 unproved       176738563  120.012s C
[583/1012] grafo11271.99            n=99   pw= 10 unproved       217574495  120.011s C
[584/1012] grafo11272.99            n=99   pw=  9 unproved       267495455  120.008s C
[585/1012] grafo11274.93            n=93   pw= 10 unproved       244678656  120.009s C
[586/1012] grafo11275.93            n=93   pw= 10 refutation     174651088  103.282s C
[587/1012] grafo11306.99            n=99   pw=  8 refutation      39868632   27.436s C
[588/1012] grafo11276.92            n=92   pw= 10 unproved       288280601  120.011s C
[589/1012] grafo11315.91            n=91   pw= 10 refutation      73318642   35.918s C
[590/1012] grafo11314.92            n=92   pw=  9 refutation      67648851   39.735s C
[591/1012] grafo11280.99            n=99   pw= 11 unproved       167231992  120.013s C
[592/1012] grafo11287.93            n=93   pw= 10 unproved       183520413  120.011s C
[593/1012] grafo11365.92            n=92   pw=  9 refutation      26410078   14.846s C
[594/1012] grafo11297.93            n=93   pw=  9 unproved       235581440  120.011s C
[595/1012] grafo11299.93            n=93   pw= 10 unproved       221057024  120.011s C
[596/1012] grafo11352.90            n=90   pw= 10 refutation      84048151    35.61s C
[597/1012] grafo11300.91            n=91   pw= 10 unproved       239114836  120.011s C
[598/1012] grafo11301.93            n=93   pw= 10 unproved       206929920  120.011s C
[599/1012] grafo11302.99            n=99   pw=  8 unproved       252509764  120.011s C
[600/1012] grafo11303.93            n=93   pw= 10 unproved       183382016  120.013s C
[601/1012] grafo11305.99            n=99   pw=  9 unproved       214083386  120.011s C
[602/1012] grafo11313.96            n=96   pw= 11 unproved       208348051  120.011s C
[603/1012] grafo11324.100           n=100  pw=  9 refutation     188904993   105.79s C
[604/1012] grafo11316.99            n=99   pw=  9 unproved       235417600  120.013s C
[605/1012] grafo11335.100           n=100  pw= 11 unproved       170323968   120.01s C
[606/1012] grafo11430.91            n=91   pw=  9 refutation      37927992   27.189s C
[607/1012] grafo11394.90            n=90   pw=  9 refutation      95924566   51.904s C
[608/1012] grafo11354.92            n=92   pw= 11 unproved       185999360   120.01s C
[609/1012] grafo11355.92            n=92   pw= 10 unproved       261615616  120.012s C
[610/1012] grafo11358.99            n=99   pw=  9 unproved       230976958  120.011s C
[611/1012] grafo11448.91            n=91   pw=  9 refutation      23370115   12.701s C
[612/1012] grafo11369.96            n=96   pw= 10 unproved       323291310  120.012s C
[613/1012] grafo11379.92            n=92   pw=  9 unproved       303935488  120.008s C
[614/1012] grafo11380.97            n=97   pw= 10 unproved       177327902  120.012s C
[615/1012] grafo11381.92            n=92   pw= 10 unproved       238551040   120.01s C
[616/1012] grafo11419.92            n=92   pw=  9 refutation     149311566    82.12s C
[617/1012] grafo11432.92            n=92   pw=  9 refutation     101129976   60.273s C
[618/1012] grafo11390.90            n=90   pw= 10 unproved       282079232  120.011s C
[619/1012] grafo11393.92            n=92   pw= 11 unproved       183951360  120.008s C
[620/1012] grafo11408.92            n=92   pw= 11 unproved       210640896  120.009s C
[621/1012] grafo11420.92            n=92   pw= 10 unproved       215740416  120.011s C
[622/1012] grafo11431.92            n=92   pw= 10 unproved       249667584   120.01s C
[623/1012] grafo11524.100           n=100  pw=  8 refutation      34371085   23.936s C
[624/1012] grafo11491.96            n=96   pw=  8 refutation     131460958   62.513s C
[625/1012] grafo11453.91            n=91   pw= 10 refutation     212893600  103.121s C
[626/1012] grafo11433.92            n=92   pw= 11 unproved       170598510  120.014s C
[627/1012] grafo11439.92            n=92   pw= 10 unproved       281108545  120.008s C
[628/1012] grafo11546.97            n=97   pw=  9 refutation      55683870   33.736s C
[629/1012] grafo11457.92            n=92   pw= 11 unproved       203022397   120.01s C
[630/1012] grafo11602.95            n=95   pw=  9 refutation      25115026   17.431s C
[631/1012] grafo11458.100           n=100  pw= 10 unproved       288387072  120.012s C
[632/1012] grafo11469.96            n=96   pw= 10 unproved       186257478  120.011s C
[633/1012] grafo11470.91            n=91   pw= 11 unproved       229736448  120.011s C
[634/1012] grafo11505.91            n=91   pw= 10 refutation     151412966   95.145s C
[635/1012] grafo11471.91            n=91   pw= 10 unproved       236924928  120.011s C
[636/1012] grafo11472.91            n=91   pw= 11 unproved       193290240  120.011s C
[637/1012] grafo11536.91            n=91   pw= 10 refutation     138318882   75.187s C
[638/1012] grafo11591.93            n=93   pw=  9 refutation      61522793   43.416s C
[639/1012] grafo3184.91             n=91   pw=  9 refutation      29832347   18.742s C
[640/1012] grafo11502.100           n=100  pw=  8 unproved       238620734  120.008s C
[641/1012] grafo11507.91            n=91   pw=  9 refutation     193219021  116.658s C
[642/1012] grafo11648.90            n=90   pw=  9 refutation      57186339   36.876s C
[643/1012] grafo3435.99             n=99   pw=  9 refutation      62066570   34.175s C
[644/1012] grafo11557.95            n=95   pw= 11 unproved       188285663   120.01s C
[645/1012] grafo11568.95            n=95   pw=  8 unproved       218119524  120.009s C
[646/1012] grafo11569.93            n=93   pw= 11 unproved       272076800  120.011s C
[647/1012] grafo11616.91            n=91   pw= 11 unproved       294158336  120.011s C
[648/1012] grafo11624.96            n=96   pw= 10 unproved       225968518  120.011s C
[649/1012] grafo11635.92            n=92   pw= 10 unproved       208187392   120.01s C
[650/1012] grafo11647.90            n=90   pw= 11 unproved       267259904  120.008s C
[651/1012] grafo11657.100           n=100  pw=  9 unproved       344657988  120.008s C
[652/1012] grafo3158.98             n=98   pw=  9 unproved       166820974  120.011s C
[653/1012] grafo3224.98             n=98   pw= 10 unproved       216073251  120.007s C
[654/1012] grafo3262.92             n=92   pw= 10 unproved       208444508  120.011s C
[655/1012] grafo3315.96             n=96   pw= 10 unproved       228671488  120.012s C
[656/1012] grafo3861.99             n=99   pw=  9 refutation      49894259     37.4s C
[657/1012] grafo3482.98             n=98   pw=  9 unproved       271035121  120.009s C
[658/1012] grafo3532.99             n=99   pw= 11 unproved       185225961  120.008s C
[659/1012] grafo3979.98             n=98   pw=  9 refutation      34994607   22.359s C
[660/1012] grafo3680.99             n=99   pw= 12 unproved       200495104  120.012s C
[661/1012] grafo3699.99             n=99   pw=  9 unproved       195022848  120.012s C
[662/1012] grafo4147.81             n=81   pw=  9 refutation      47980780   22.935s C
[663/1012] grafo3879.96             n=96   pw=  9 refutation      99386578   56.181s C
[664/1012] grafo3756.90             n=90   pw=  9 refutation     276985902  107.649s C
[665/1012] grafo4091.99             n=99   pw=  8 refutation     103012346   42.526s C
[666/1012] grafo4297.79             n=79   pw=  9 refutation      57616291   32.747s C
[667/1012] grafo3712.95             n=95   pw= 12 unproved       170418176  120.008s C
[668/1012] grafo4752.81             n=81   pw=  9 refutation      15686711   11.198s C
[669/1012] grafo3808.97             n=97   pw=  9 unproved       221433408  120.011s C
[670/1012] grafo4833.83             n=83   pw= 10 refutation      18766695   14.784s C
[671/1012] grafo4608.83             n=83   pw=  9 refutation      70127791   28.673s C
[672/1012] grafo5938.75             n=75   pw= 10 refutation      14753968   10.399s C
[673/1012] grafo4437.80             n=80   pw=  9 refutation      73360572   38.816s C
[674/1012] grafo3822.94             n=94   pw=  9 unproved       219144192  120.008s C
[675/1012] grafo3871.88             n=88   pw= 10 unproved       256839680  120.008s C
[676/1012] grafo3876.94             n=94   pw=  9 unproved       275947520  120.012s C
[677/1012] grafo3890.96             n=107  pw=  9 unproved       195493888  120.012s C
[678/1012] grafo5572.82             n=82   pw= 10 refutation      59316434   42.118s C
[679/1012] grafo5681.79             n=79   pw= 11 refutation      66685739   38.413s C
[680/1012] grafo4649.85             n=85   pw=  9 refutation     125137336   57.703s C
[681/1012] grafo6585.97             n=97   pw=  9 refutation      18612161   12.583s C
[682/1012] grafo3898.99             n=99   pw=  9 unproved       235269758  120.009s C
[683/1012] grafo3909.92             n=92   pw=  9 unproved       190210048  120.013s C
[684/1012] grafo4507.80             n=80   pw= 10 refutation     134988407   75.053s C
[685/1012] grafo6307.92             n=92   pw=  9 refutation      90666999    43.51s C
[686/1012] grafo3995.97             n=97   pw= 10 unproved       192893721  120.009s C
[687/1012] grafo6660.98             n=98   pw=  9 refutation      52135139    25.27s C
[688/1012] grafo4101.91             n=91   pw= 10 unproved       268120064  120.011s C
[689/1012] grafo7167.87             n=87   pw= 10 refutation      23112071   18.358s C
[690/1012] grafo4348.83             n=83   pw= 10 unproved       228869007  120.012s C
[691/1012] grafo6813.84             n=84   pw=  9 refutation     118574548   53.149s C
[692/1012] grafo6418.89             n=89   pw= 10 refutation     132141596   87.874s C
[693/1012] grafo6806.83             n=83   pw=  9 refutation     120371213   62.924s C
[694/1012] grafo7354.93             n=93   pw=  9 refutation      55540522   28.469s C
[695/1012] grafo7101.86             n=86   pw= 10 refutation     149027611   76.149s C
[696/1012] grafo6532.83             n=83   pw= 10 unproved       249458688  120.011s C
[697/1012] grafo7524.90             n=90   pw=  8 refutation      19281602   12.572s C
[698/1012] grafo7100.86             n=86   pw= 10 refutation     149027611   85.307s C
[699/1012] grafo6533.83             n=83   pw= 10 unproved       263725056  120.012s C
[700/1012] grafo7130.90             n=90   pw= 10 refutation     201893369   83.599s C
[701/1012] grafo6562.98             n=98   pw= 10 unproved       328982528  120.012s C
[702/1012] grafo6625.99             n=99   pw=  9 unproved       291598236  120.012s C
[703/1012] grafo6817.94             n=94   pw= 10 unproved       263266304  120.009s C
[704/1012] grafo6877.85             n=85   pw= 10 unproved       284569600  120.012s C
[705/1012] grafo6975.39             n=105  pw=  9 unproved       245014687  120.012s C
[706/1012] grafo7221.99             n=99   pw= 10 unproved       249397518  120.009s C
[707/1012] grafo7223.40             n=110  pw=  8 unproved       208154867  120.012s C
[708/1012] grafo7263.99             n=99   pw=  9 unproved       304319536  120.009s C
[709/1012] grafo7417.39             n=104  pw=  9 unproved       253706581  120.009s C
[710/1012] grafo7447.98             n=98   pw= 10 unproved       246689792  120.012s C
[711/1012] grafo7918.84             n=84   pw= 11 refutation      37144626   24.627s C
[712/1012] grafo7917.84             n=84   pw=  9 refutation      87422133    50.34s C
[713/1012] grafo7529.93             n=93   pw=  9 unproved       239124714  120.012s C
[714/1012] grafo7587.95             n=95   pw=  9 unproved       232263680  120.011s C
[715/1012] grafo7674.93             n=93   pw=  9 unproved       247615666  120.013s C
[716/1012] grafo7780.90             n=90   pw= 11 unproved       198060961  120.008s C
[717/1012] grafo7793.98             n=98   pw= 10 unproved       251658486  120.009s C
[718/1012] grafo7885.83             n=83   pw= 10 refutation     145527647   94.851s C
[719/1012] grafo7796.93             n=93   pw=  9 unproved       184786944  120.009s C
[720/1012] grafo7797.100            n=100  pw= 12 unproved       183418880  120.013s C
[721/1012] grafo7996.95             n=95   pw=  9 refutation      27203631   14.571s C
[722/1012] grafo7981.85             n=85   pw=  9 refutation      35596203     24.8s C
[723/1012] grafo7990.94             n=94   pw=  9 refutation      31425947   23.095s C
[724/1012] grafo7818.83             n=83   pw= 10 unproved       204926976  120.011s C
[725/1012] grafo7861.87             n=87   pw=  9 unproved       249085952  120.013s C
[726/1012] grafo7973.75             n=75   pw= 11 refutation      78280143   44.866s C
[727/1012] grafo7942.83             n=83   pw= 10 refutation     168108158   65.374s C
[728/1012] grafo7940.83             n=83   pw= 10 refutation     189344898   75.469s C
[729/1012] grafo7911.88             n=88   pw=  9 unproved       253358080  120.009s C
[730/1012] grafo8014.88             n=88   pw=  9 refutation      34524414   22.606s C
[731/1012] grafo8137.86             n=86   pw=  9 refutation      25822196   16.279s C
[732/1012] grafo8065.82             n=82   pw=  9 refutation      44145867   25.803s C
[733/1012] grafo8158.81             n=81   pw=  9 refutation      40463326    18.91s C
[734/1012] grafo8177.88             n=88   pw=  9 refutation      14869766     8.92s C
[735/1012] grafo8135.81             n=81   pw= 10 refutation      61980802   37.099s C
[736/1012] grafo8160.83             n=83   pw=  9 refutation      83728344   40.231s C
[737/1012] grafo7948.90             n=90   pw=  9 unproved       200047941  120.009s C
[738/1012] grafo8086.81             n=81   pw= 10 refutation      92232363   60.463s C
[739/1012] grafo8054.85             n=85   pw=  9 refutation     163299549   66.182s C
[740/1012] grafo7953.79             n=79   pw= 10 unproved       254585708  120.011s C
[741/1012] grafo8224.100            n=100  pw=  8 refutation      45213706   20.432s C
[742/1012] grafo8209.91             n=91   pw=  8 refutation      88199645    44.34s C
[743/1012] grafo8266.81             n=81   pw=  9 refutation      24388567   11.841s C
[744/1012] grafo7985.93             n=93   pw=  9 unproved       231727104  120.008s C
[745/1012] grafo8284.84             n=84   pw= 10 refutation      30167872   14.351s C
[746/1012] grafo8000.99             n=99   pw=  9 unproved       213535691   120.01s C
[747/1012] grafo8008.95             n=95   pw= 10 unproved       215883134  120.009s C
[748/1012] grafo8009.87             n=87   pw=  9 unproved       251760640   120.01s C
[749/1012] grafo8280.88             n=88   pw=  9 refutation      70670761   32.385s C
[750/1012] grafo8035.98             n=98   pw=  9 unproved       320864104  120.009s C
[751/1012] grafo8296.86             n=86   pw=  9 refutation      32716939   19.386s C
[752/1012] grafo8036.94             n=94   pw= 10 unproved       211828736   120.01s C
[753/1012] grafo8290.81             n=81   pw= 10 refutation      62680859   27.493s C
[754/1012] grafo8320.83             n=83   pw=  9 refutation      35719286    16.83s C
[755/1012] grafo8148.85             n=85   pw= 10 unproved       237367296  120.009s C
[756/1012] grafo8186.90             n=90   pw=  9 unproved       316656179  120.008s C
[757/1012] grafo8335.93             n=93   pw=  9 refutation      53490644   31.287s C
[758/1012] grafo8198.99             n=99   pw= 10 unproved       396342469  120.008s C
[759/1012] grafo8334.95             n=95   pw=  8 refutation      77891470   34.311s C
[760/1012] grafo8275.82             n=82   pw= 10 refutation     176742350   79.328s C
[761/1012] grafo8351.89             n=89   pw=  9 refutation      19684759   10.883s C
[762/1012] grafo8365.87             n=87   pw=  9 refutation      29532624   12.873s C
[763/1012] grafo8223.99             n=99   pw= 11 unproved       231803224  120.013s C
[764/1012] grafo8355.87             n=87   pw= 10 refutation      60376350   27.404s C
[765/1012] grafo8316.82             n=82   pw= 10 refutation     169032119   74.966s C
[766/1012] grafo8226.90             n=90   pw= 10 unproved       311777861  120.008s C
[767/1012] grafo8377.92             n=92   pw=  9 refutation      63635978   26.785s C
[768/1012] grafo8248.86             n=86   pw= 10 unproved       305528832  120.008s C
[769/1012] grafo8398.85             n=85   pw=  9 refutation      38410945   22.857s C
[770/1012] grafo8260.86             n=86   pw= 10 unproved       481673216  120.011s C
[771/1012] grafo8380.93             n=93   pw=  9 refutation     103950502   45.983s C
[772/1012] grafo8437.82             n=82   pw=  9 refutation      85908219   36.071s C
[773/1012] grafo8330.88             n=88   pw= 10 refutation     240859063  107.979s C
[774/1012] grafo8297.87             n=87   pw= 10 unproved       350695424  120.008s C
[775/1012] grafo8310.86             n=86   pw= 12 unproved       235752257  120.009s C
[776/1012] grafo8349.91             n=91   pw= 10 refutation     212756143   92.726s C
[777/1012] grafo8478.98             n=98   pw=  9 refutation      33445560   23.751s C
[778/1012] grafo8430.83             n=83   pw= 10 refutation     139701484   58.353s C
[779/1012] grafo8494.90             n=90   pw=  9 refutation      22684289   11.746s C
[780/1012] grafo8342.97             n=97   pw=  9 unproved       279193302  120.008s C
[781/1012] grafo8465.85             n=85   pw=  9 refutation     152012985   61.709s C
[782/1012] grafo8348.99             n=99   pw=  9 unproved       354433854  120.009s C
[783/1012] grafo8506.88             n=88   pw=  9 refutation      71519421    33.89s C
[784/1012] grafo8371.96             n=96   pw=  9 unproved       285684730  120.007s C
[785/1012] grafo8373.100            n=100  pw= 10 unproved       415113216  120.011s C
[786/1012] grafo8474.90             n=90   pw= 10 refutation     258488410   94.906s C
[787/1012] grafo8512.94             n=94   pw=  9 refutation      80510969   38.133s C
[788/1012] grafo8511.94             n=94   pw=  9 refutation     136124947   57.927s C
[789/1012] grafo8500.89             n=89   pw=  9 refutation     144175691   69.927s C
[790/1012] grafo8499.99             n=99   pw=  9 refutation     178055815   74.659s C
[791/1012] grafo8452.85             n=85   pw= 10 unproved       311173120  120.008s C
[792/1012] grafo8476.95             n=95   pw= 10 unproved       239033800  120.009s C
[793/1012] grafo8477.89             n=89   pw=  9 unproved       416423936  120.012s C
[794/1012] grafo8554.84             n=84   pw=  9 refutation      17411666    8.938s C
[795/1012] grafo8549.100            n=100  pw=  8 refutation      39912829   26.205s C
[796/1012] grafo8553.84             n=84   pw=  9 refutation      30022332   14.991s C
[797/1012] grafo8538.80             n=80   pw= 10 refutation     129383780   51.562s C
[798/1012] grafo8578.87             n=87   pw= 10 refutation      43802544   21.148s C
[799/1012] grafo8579.88             n=88   pw=  9 refutation      40395535   20.482s C
[800/1012] grafo8490.95             n=95   pw= 11 unproved       372314112  120.009s C
[801/1012] grafo8541.86             n=86   pw= 10 refutation     127589581   57.425s C
[802/1012] grafo8491.92             n=92   pw=  9 unproved       315527239  120.012s C
[803/1012] grafo8539.87             n=87   pw= 10 refutation     145598307   71.207s C
[804/1012] grafo8593.87             n=87   pw=  9 refutation      51531017   20.264s C
[805/1012] grafo8510.100            n=100  pw= 10 unproved       274679352  120.008s C
[806/1012] grafo8596.84             n=84   pw=  9 refutation      48568748   23.656s C
[807/1012] grafo8612.84             n=84   pw=  9 refutation      34147510   16.252s C
[808/1012] grafo8597.83             n=83   pw=  9 refutation      67374901   26.952s C
[809/1012] grafo8513.100            n=100  pw=  9 unproved       313681202  120.008s C
[810/1012] grafo8514.95             n=95   pw=  9 unproved       280081701  120.008s C
[811/1012] grafo8629.84             n=84   pw=  9 refutation      32992189   16.518s C
[812/1012] grafo8631.87             n=87   pw= 10 refutation      53384689   25.156s C
[813/1012] grafo8558.90             n=90   pw= 10 refutation     201893369   80.357s C
[814/1012] grafo8537.84             n=84   pw= 10 unproved       291504128  120.008s C
[815/1012] grafo8658.89             n=89   pw=  9 refutation      23944414   12.624s C
[816/1012] grafo8551.85             n=85   pw= 11 unproved       280162304  120.009s C
[817/1012] grafo8646.92             n=92   pw=  9 refutation      84905069   48.625s C
[818/1012] grafo8564.100            n=100  pw=  9 unproved       272416768  120.008s C
[819/1012] grafo8571.94             n=94   pw= 11 unproved       311902208  120.011s C
[820/1012] grafo8582.96             n=96   pw=  9 unproved       419045376  120.008s C
[821/1012] grafo8632.84             n=84   pw=  9 refutation     194385202   73.155s C
[822/1012] grafo8585.91             n=91   pw= 10 unproved       308953088  120.008s C
[823/1012] grafo8594.84             n=84   pw= 10 unproved       459046912  120.008s C
[824/1012] grafo8681.86             n=86   pw=  9 refutation      28816794   14.424s C
[825/1012] grafo8601.87             n=87   pw= 11 unproved       253456384  120.008s C
[826/1012] grafo8619.84             n=84   pw= 10 unproved       306819072  120.008s C
[827/1012] grafo8692.87             n=87   pw= 10 refutation      28059281   15.524s C
[828/1012] grafo8645.92             n=92   pw= 10 unproved       311689281  120.008s C
[829/1012] grafo8689.87             n=87   pw= 10 refutation      54599857    26.88s C
[830/1012] grafo8647.91             n=91   pw= 11 unproved       306704384  120.007s C
[831/1012] grafo8650.91             n=91   pw= 10 unproved       318824448  120.009s C
[832/1012] grafo8694.81             n=81   pw= 10 refutation      17282126    9.506s C
[833/1012] grafo8687.86             n=86   pw= 10 refutation      91967819   43.638s C
[834/1012] grafo8676.94             n=94   pw=  9 refutation     128796694   69.678s C
[835/1012] grafo8651.92             n=92   pw= 10 unproved       318672896  120.009s C
[836/1012] grafo8655.95             n=95   pw= 10 unproved       280072255  120.008s C
[837/1012] grafo8662.91             n=91   pw= 10 refutation     236036212   97.109s C
[838/1012] grafo8718.97             n=97   pw=  8 refutation      65780194   26.091s C
[839/1012] grafo8659.92             n=92   pw= 10 unproved       331228232  120.008s C
[840/1012] grafo8706.86             n=86   pw=  9 refutation      87533698   33.989s C
[841/1012] grafo8664.89             n=89   pw= 10 unproved       342315008  120.008s C
[842/1012] grafo8740.87             n=87   pw=  9 refutation      82562632   32.201s C
[843/1012] grafo8673.98             n=98   pw= 10 unproved       256880324   120.01s C
[844/1012] grafo8674.100            n=100  pw=  9 unproved       245377654  120.011s C
[845/1012] grafo8761.89             n=89   pw=  9 refutation      19937117   10.348s C
[846/1012] grafo8675.93             n=93   pw= 10 unproved       262762496  120.008s C
[847/1012] grafo8739.99             n=99   pw=  9 refutation      89756105    43.23s C
[848/1012] grafo8733.88             n=88   pw=  9 refutation      78332587   46.014s C
[849/1012] grafo8755.93             n=93   pw=  9 refutation      73815920   30.663s C
[850/1012] grafo8762.86             n=86   pw=  9 refutation      27094615    14.84s C
[851/1012] grafo8774.88             n=88   pw=  9 refutation      20352327   10.811s C
[852/1012] grafo8784.94             n=94   pw=  9 refutation      20769342   12.781s C
[853/1012] grafo8786.91             n=91   pw=  9 refutation      25682803   13.028s C
[854/1012] grafo8767.86             n=86   pw=  9 refutation      37120863   19.768s C
[855/1012] grafo8684.86             n=86   pw= 10 unproved       359157760  120.009s C
[856/1012] grafo8779.88             n=88   pw=  9 refutation      57760009   22.563s C
[857/1012] grafo8726.87             n=87   pw= 10 refutation     188562507   76.154s C
[858/1012] grafo8802.91             n=91   pw=  9 refutation      37532009    19.83s C
[859/1012] grafo8701.90             n=90   pw= 11 unproved       265740288  120.008s C
[860/1012] grafo8719.93             n=93   pw= 11 unproved       215954869  120.007s C
[861/1012] grafo8720.100            n=100  pw=  9 unproved       300060838  120.008s C
[862/1012] grafo8764.87             n=87   pw= 10 refutation     179753233   69.187s C
[863/1012] grafo8792.98             n=98   pw=  9 refutation     132969574   57.373s C
[864/1012] grafo8744.90             n=90   pw= 10 unproved       346771456  120.008s C
[865/1012] grafo8747.89             n=89   pw= 10 unproved       288838204  120.008s C
[866/1012] grafo8813.88             n=88   pw=  9 refutation      40977440   19.026s C
[867/1012] grafo8753.91             n=91   pw= 11 unproved       326725632  120.009s C
[868/1012] grafo8796.88             n=88   pw=  9 refutation     189600751   74.092s C
[869/1012] grafo8780.96             n=96   pw=  9 refutation     232764687  110.313s C
[870/1012] grafo8777.98             n=98   pw= 10 unproved       307343708  120.011s C
[871/1012] grafo8790.97             n=97   pw= 10 unproved       306778112  120.013s C
[872/1012] grafo8791.94             n=94   pw= 10 unproved       367624077  120.009s C
[873/1012] grafo8793.100            n=100  pw= 10 unproved       260628480  120.008s C
[874/1012] grafo8800.93             n=93   pw=  9 unproved       378126422  120.008s C
[875/1012] grafo8803.96             n=96   pw=  9 refutation     243846693   107.53s C
[876/1012] grafo8842.89             n=89   pw=  9 refutation      26812474   19.328s C
[877/1012] grafo8818.89             n=89   pw=  9 refutation     167054973   85.286s C
[878/1012] grafo8807.87             n=87   pw= 11 unproved       227029589  120.013s C
[879/1012] grafo8811.96             n=96   pw=  9 unproved       279605248  120.007s C
[880/1012] grafo8812.99             n=99   pw= 13 unproved       234106880  120.009s C
[881/1012] grafo8851.90             n=90   pw=  8 refutation      44755205   31.407s C
[882/1012] grafo8854.89             n=89   pw=  9 refutation      53147810   33.987s C
[883/1012] grafo8817.88             n=88   pw= 11 unproved       172310948  120.011s C
[884/1012] grafo8822.88             n=88   pw=  9 refutation     215615201   110.31s C
[885/1012] grafo8846.94             n=94   pw=  9 refutation     120056609   59.072s C
[886/1012] grafo8821.94             n=94   pw= 11 unproved       222121984  120.011s C
[887/1012] grafo8872.88             n=88   pw=  9 refutation      18267593   13.215s C
[888/1012] grafo8823.93             n=93   pw= 11 unproved       196716905  120.011s C
[889/1012] grafo8876.88             n=88   pw=  9 refutation      14428540   11.738s C
[890/1012] grafo8825.92             n=92   pw=  9 unproved       256065536   120.01s C
[891/1012] grafo8858.92             n=92   pw=  9 refutation      68359129   34.265s C
[892/1012] grafo8881.91             n=91   pw=  9 refutation      18428230   14.324s C
[893/1012] grafo8840.90             n=90   pw=  9 refutation     192972255   92.252s C
[894/1012] grafo8826.100            n=100  pw= 11 unproved       175268949  120.013s C
[895/1012] grafo8836.88             n=88   pw= 10 unproved       218730496  120.012s C
[896/1012] grafo8837.87             n=87   pw= 10 unproved       202305536  120.011s C
[897/1012] grafo8888.99             n=99   pw=  8 refutation      48588595   35.455s C
[898/1012] grafo8855.100            n=100  pw=  9 refutation     176646481   95.203s C
[899/1012] grafo8922.92             n=92   pw=  9 refutation      21023125   11.701s C
[900/1012] grafo8856.97             n=97   pw=  9 unproved       208908288  120.012s C
[901/1012] grafo8857.99             n=99   pw= 10 unproved       227446784  120.012s C
[902/1012] grafo8864.98             n=98   pw= 11 unproved       184045568  120.009s C
[903/1012] grafo8865.100            n=100  pw= 10 unproved       249308070  120.012s C
[904/1012] grafo8900.94             n=94   pw=  9 refutation     148161234   87.265s C
[905/1012] grafo8867.97             n=97   pw= 11 unproved       323801088  120.012s C
[906/1012] grafo8925.89             n=89   pw=  9 refutation      26814918   20.111s C
[907/1012] grafo8878.93             n=93   pw=  9 unproved       352575189  120.011s C
[908/1012] grafo8882.100            n=100  pw= 13 unproved       231309312  120.009s C
[909/1012] grafo8892.100            n=100  pw= 10 unproved       204812288  120.012s C
[910/1012] grafo8893.96             n=96   pw= 10 unproved       268197888  120.008s C
[911/1012] grafo8924.89             n=89   pw=  9 refutation      78797393   42.003s C
[912/1012] grafo8904.92             n=92   pw=  9 unproved       253020647  120.008s C
[913/1012] grafo8905.100            n=100  pw=  8 unproved       218625585  120.011s C
[914/1012] grafo8908.96             n=96   pw= 10 unproved       186442213  120.011s C
[915/1012] grafo8910.91             n=91   pw=  9 unproved       219533312  120.013s C
[916/1012] grafo8921.98             n=98   pw= 13 unproved       173117440  120.013s C
[917/1012] grafo8923.90             n=90   pw= 10 unproved       220009021  120.012s C
[918/1012] grafo8969.94             n=94   pw=  9 refutation      83994787   61.806s C
[919/1012] grafo8951.93             n=93   pw=  9 refutation     147520612  100.855s C
[920/1012] grafo8927.88             n=88   pw= 10 unproved       275968000  120.011s C
[921/1012] grafo8942.96             n=96   pw=  9 unproved       319397888  120.008s C
[922/1012] grafo8943.98             n=98   pw= 11 unproved       165343819  120.012s C
[923/1012] grafo9004.85             n=85   pw=  9 refutation      14459019    9.862s C
[924/1012] grafo8944.97             n=97   pw=  9 unproved       316166144  120.013s C
[925/1012] grafo8945.94             n=94   pw= 10 unproved       235573046  120.011s C
[926/1012] grafo9012.91             n=91   pw=  9 refutation      20489252   15.143s C
[927/1012] grafo8953.94             n=94   pw=  9 unproved       210942504  120.011s C
[928/1012] grafo8954.91             n=91   pw= 11 unproved       176824320  120.011s C
[929/1012] grafo8956.92             n=92   pw=  9 unproved       286973952  120.013s C
[930/1012] grafo8957.90             n=90   pw= 11 unproved       243642368  120.014s C
[931/1012] grafo9198.81             n=81   pw= 10 refutation      14522751   10.563s C
[932/1012] grafo9139.85             n=85   pw=  9 refutation      25608027    19.27s C
[933/1012] grafo9171.84             n=84   pw=  9 refutation      29826603   23.606s C
[934/1012] grafo8960.95             n=95   pw=  9 unproved       234848382  120.009s C
[935/1012] grafo8963.92             n=92   pw= 11 unproved       184023577   120.01s C
[936/1012] grafo9217.88             n=88   pw=  9 refutation      34970948   22.108s C
[937/1012] grafo9299.92             n=92   pw=  9 refutation      24560811   17.614s C
[938/1012] grafo9122.79             n=79   pw= 10 refutation      90791841   51.004s C
[939/1012] grafo9327.89             n=89   pw=  9 refutation      16007258   11.291s C
[940/1012] grafo8970.97             n=97   pw=  9 unproved       193655084  120.011s C
[941/1012] grafo8991.99             n=99   pw=  9 unproved       232853975  120.009s C
[942/1012] grafo9315.87             n=87   pw=  9 refutation      35189359   25.159s C
[943/1012] grafo9396.88             n=88   pw=  9 refutation      45676524   22.286s C
[944/1012] grafo9252.84             n=84   pw= 10 refutation      83899017   46.443s C
[945/1012] grafo8997.96             n=96   pw= 11 unproved       243637313  120.012s C
[946/1012] grafo9436.82             n=82   pw= 10 refutation      18187265   14.527s C
[947/1012] grafo9406.84             n=84   pw= 10 refutation      59255229   36.316s C
[948/1012] grafo9314.88             n=88   pw=  9 refutation      96150484   65.221s C
[949/1012] grafo9135.85             n=85   pw= 10 refutation     214957682   97.526s C
[950/1012] grafo9450.84             n=84   pw= 10 refutation      29010830   20.263s C
[951/1012] grafo9056.96             n=96   pw=  9 refutation     176913679  110.373s C
[952/1012] grafo9227.88             n=88   pw= 10 refutation     151078953   86.809s C
[953/1012] grafo9008.91             n=91   pw= 11 unproved       238776320  120.008s C
[954/1012] grafo9027.87             n=87   pw= 11 unproved       184311903  120.012s C
[955/1012] grafo9580.97             n=97   pw=  8 refutation      17531922   10.386s C
[956/1012] grafo9236.80             n=80   pw= 10 refutation     219761921  102.614s C
[957/1012] grafo9577.97             n=97   pw=  8 refutation      35811593   24.715s C
[958/1012] grafo9414.75             n=75   pw= 11 refutation     201925450   83.296s C
[959/1012] grafo9581.91             n=91   pw=  9 refutation      39758279   23.543s C
[960/1012] grafo9337.86             n=86   pw= 10 unproved       329428992   120.01s C
[961/1012] grafo9629.83             n=83   pw=  9 refutation      35195477   23.748s C
[962/1012] grafo9432.89             n=89   pw=  9 refutation     181114066   93.861s C
[963/1012] grafo9357.99             n=99   pw= 12 unproved       158977434  120.013s C
[964/1012] grafo9362.98             n=98   pw= 11 unproved       191905792  120.012s C
[965/1012] grafo9464.85             n=85   pw= 10 refutation     169997378   83.261s C
[966/1012] grafo9429.86             n=86   pw= 10 unproved       183361083  120.012s C
[967/1012] grafo9691.79             n=79   pw= 11 refutation      32369161   19.309s C
[968/1012] grafo9706.88             n=88   pw=  9 refutation      31647828   15.043s C
[969/1012] grafo9619.79             n=79   pw= 10 refutation      75683048   50.342s C
[970/1012] grafo9747.80             n=80   pw= 10 refutation      29148615   20.204s C
[971/1012] grafo9542.87             n=87   pw= 11 unproved       191463424  120.012s C
[972/1012] grafo9550.85             n=85   pw= 10 unproved       220164096  120.012s C
[973/1012] grafo9553.79             n=79   pw= 11 unproved       292876288  120.008s C
[974/1012] grafo9565.86             n=86   pw=  8 unproved       316817556  120.008s C
[975/1012] grafo9576.92             n=92   pw=  9 unproved       269058631  120.012s C
[976/1012] grafo9742.92             n=92   pw=  9 refutation      86781006   40.999s C
[977/1012] grafo9784.85             n=85   pw=  9 refutation      19111510   14.729s C
[978/1012] grafo9788.80             n=80   pw= 10 refutation      32003580    20.45s C
[979/1012] grafo9823.90             n=90   pw=  9 refutation      16455325   13.452s C
[980/1012] grafo9596.88             n=88   pw= 10 unproved       221265920  120.013s C
[981/1012] grafo9709.86             n=86   pw=  9 refutation     138924980   66.278s C
[982/1012] grafo9611.89             n=89   pw= 11 unproved       233881600   120.01s C
[983/1012] grafo9832.92             n=92   pw=  9 refutation      42177849   27.577s C
[984/1012] grafo9630.95             n=95   pw=  9 unproved       198859869  120.011s C
[985/1012] grafo9635.99             n=99   pw=  9 unproved       284160132  120.013s C
[986/1012] grafo9676.89             n=89   pw=  9 unproved       196850282  120.013s C
[987/1012] grafo9685.83             n=83   pw= 10 unproved       267073160  120.012s C
[988/1012] grafo9699.86             n=86   pw= 11 unproved       209201343  120.012s C
[989/1012] grafo9787.82             n=82   pw= 10 refutation     186049752   77.362s C
[990/1012] grafo9925.91             n=91   pw=  9 refutation      16308233   12.299s C
[991/1012] grafo9759.81             n=81   pw= 10 refutation     197688838   92.922s C
[992/1012] grafo9738.100            n=100  pw= 11 unproved       191141945  120.012s C
[993/1012] grafo9914.91             n=91   pw=  9 refutation      32223479    23.75s C
[994/1012] grafo9945.91             n=91   pw=  9 refutation      24540444    15.06s C
[995/1012] grafo9753.85             n=85   pw= 10 refutation     182482901  106.201s C
[996/1012] grafo9846.81             n=81   pw= 10 refutation     138011538   83.866s C
[997/1012] grafo9987.91             n=91   pw=  8 refutation      29174716   13.837s C
[998/1012] grafo9962.97             n=97   pw=  8 refutation      34022782   22.116s C
[999/1012] grafo9842.89             n=89   pw= 10 unproved       223731712  120.009s C
[1000/1012] grafo9993.91             n=91   pw=  9 refutation      79083741   45.293s C
[1001/1012] grafo9850.95             n=95   pw=  9 unproved       302518272  120.008s C
[1002/1012] grafo9854.91             n=91   pw= 11 unproved       234051102  120.008s C
[1003/1012] grafo9863.91             n=91   pw=  9 unproved       315159191  120.009s C
[1004/1012] grafo9864.91             n=91   pw= 11 unproved       318828544  120.008s C
[1005/1012] grafo9887.91             n=91   pw= 10 unproved       184575073  120.008s C
[1006/1012] grafo9950.100            n=100  pw=  8 refutation     123570796   73.545s C
[1007/1012] grafo9894.91             n=91   pw= 10 unproved       256311296  120.008s C
[1008/1012] grafo9973.96             n=96   pw= 10 refutation     155146604   88.917s C
[1009/1012] grafo9911.91             n=91   pw= 10 unproved       278364160  120.009s C
[1010/1012] grafo9932.91             n=91   pw= 11 unproved       252608595  120.008s C
[1011/1012] grafo9948.91             n=91   pw= 10 unproved       255303680  120.009s C
[1012/1012] grafo9995.94             n=94   pw= 10 unproved       258288253  120.008s C
done: 1012 graphs, 390 proved, 5902s wall -> /home/al/dev/MOSP/pathwidth_solver/bench/results/repaired/rome_120s.csv
09:37:22 /home/al/dev/MOSP/pathwidth_solver/bench/run.py rome --time 600 --procs 24 --rules repaired --resume --out /home/al/dev/MOSP/pathwidth_solver/bench/results/repaired/rome_600s.csv --names /home/al/dev/MOSP/pathwidth_solver/bench/results/repaired/rome_120s_unproved.txt
[1/622] grafo10072.97            n=97   pw=  9 refutation     239218088  113.228s C
[2/622] grafo10123.96            n=96   pw=  9 refutation     279986142  125.275s C
[3/622] grafo10129.99            n=99   pw= 10 refutation     436941988  188.288s C
[4/622] grafo10074.90            n=90   pw= 10 refutation     423057754  200.094s C
[5/622] grafo10076.90            n=90   pw= 10 refutation     699084591  294.994s C
[6/622] grafo10117.98            n=98   pw=  9 refutation    1126692446  390.386s C
[7/622] grafo10100.99            n=99   pw= 10 refutation     796466903  405.436s C
[8/622] grafo10061.99            n=99   pw=  9 refutation     746012883  448.803s C
[9/622] grafo10105.93            n=93   pw= 11 refutation     971439959  548.809s C
[10/622] grafo10092.97            n=97   pw= 10 unproved      1261346816  600.019s C
[11/622] grafo10028.96            n=96   pw= 10 unproved      1461989376  600.025s C
[12/622] grafo10093.98            n=98   pw= 11 unproved       899104768  600.025s C
[13/622] grafo10099.94            n=94   pw= 12 unproved      1082744832  600.029s C
[14/622] grafo10112.98            n=98   pw= 10 unproved      1621938176  600.029s C
[15/622] grafo10113.94            n=94   pw= 12 unproved      1390663046  600.027s C
[16/622] grafo10017.96            n=96   pw= 11 unproved      1203470336  600.031s C
[17/622] grafo10084.97            n=97   pw= 11 unproved       942778768   600.03s C
[18/622] grafo10098.95            n=95   pw= 10 unproved      1047482102  600.021s C
[19/622] grafo10104.96            n=96   pw= 10 unproved      1093955584  600.036s C
[20/622] grafo10116.100           n=100  pw= 11 unproved      1044443136  600.019s C
[21/622] grafo10124.100           n=100  pw= 11 unproved       925356032  600.028s C
[22/622] grafo10130.97            n=97   pw= 10 unproved      1595457536  600.011s C
[23/622] grafo10131.98            n=98   pw=  9 unproved      1083981824  600.013s C
[24/622] grafo10126.98            n=98   pw= 11 unproved      1515929600  600.015s C
[25/622] grafo10155.97            n=97   pw=  9 refutation     640303829  307.169s C
[26/622] grafo10147.94            n=94   pw= 11 unproved       990597185   600.01s C
[27/622] grafo10151.94            n=94   pw= 11 refutation     873660789  525.506s C
[28/622] grafo10149.95            n=95   pw= 10 unproved      1095968120  600.011s C
[29/622] grafo10168.95            n=95   pw=  9 refutation     430866856  180.317s C
[30/622] grafo10153.100           n=100  pw=  9 unproved      1150566400  600.008s C
[31/622] grafo10154.94            n=94   pw= 10 refutation    1168367361  533.617s C
[32/622] grafo10173.97            n=97   pw= 10 refutation     449679784  239.401s C
[33/622] grafo10195.99            n=99   pw= 10 refutation     744314848  335.917s C
[34/622] grafo10215.93            n=93   pw= 11 refutation     408849197  255.718s C
[35/622] grafo10156.97            n=97   pw= 12 unproved      1161233831  600.008s C
[36/622] grafo10160.96            n=96   pw= 11 unproved      1339449344   600.01s C
[37/622] grafo10212.97            n=97   pw=  9 refutation     709112558  347.189s C
[38/622] grafo10220.97            n=97   pw=  9 refutation     395840775  234.857s C
[39/622] grafo10225.99            n=99   pw=  9 refutation     168759895  110.548s C
[40/622] grafo10184.100           n=100  pw= 10 refutation     990568961  537.563s C
[41/622] grafo10161.99            n=99   pw= 10 unproved       998006495   600.01s C
[42/622] grafo10176.97            n=97   pw= 10 refutation     877360834  550.967s C
[43/622] grafo10164.98            n=98   pw= 10 unproved      1581633677  600.012s C
[44/622] grafo10175.99            n=99   pw= 11 unproved      1101803520  600.014s C
[45/622] grafo10170.96            n=96   pw=  9 unproved      1202761728  600.014s C
[46/622] grafo10171.99            n=99   pw= 12 unproved       949992944  600.013s C
[47/622] grafo10179.97            n=97   pw= 11 unproved      1366884352  600.013s C
[48/622] grafo10183.100           n=100  pw=  9 unproved      1151856640  600.015s C
[49/622] grafo10204.100           n=100  pw= 11 unproved       935633004  600.016s C
[50/622] grafo10205.97            n=97   pw= 11 unproved       984670208  600.012s C
[51/622] grafo10207.98            n=98   pw= 11 unproved      1916084224  600.021s C
[52/622] grafo10203.97            n=97   pw= 11 unproved       970374576  600.011s C
[53/622] grafo10222.99            n=99   pw=  9 refutation     606774234  367.074s C
[54/622] grafo10246.96            n=96   pw=  9 refutation     301715161  154.056s C
[55/622] grafo10209.99            n=99   pw= 10 unproved      1129246465  600.009s C
[56/622] grafo10213.99            n=99   pw= 10 unproved      1445204918  600.011s C
[57/622] grafo10255.93            n=93   pw=  9 refutation     353297032  222.412s C
[58/622] grafo10216.97            n=97   pw=  9 unproved      1146425344  600.008s C
[59/622] grafo10296.100           n=100  pw=  9 refutation     178088376   85.622s C
[60/622] grafo10218.99            n=99   pw= 11 unproved      1132732416  600.013s C
[61/622] grafo10274.99            n=99   pw=  9 refutation     485164477  250.116s C
[62/622] grafo10299.94            n=94   pw=  9 refutation     184127146   87.519s C
[63/622] grafo10275.97            n=97   pw= 11 refutation     534714953   303.28s C
[64/622] grafo10223.100           n=100  pw=  9 unproved      1413890122  600.009s C
[65/622] grafo10237.100           n=100  pw= 11 unproved      1240636300  600.008s C
[66/622] grafo10240.97            n=97   pw= 10 unproved      1327673344  600.008s C
[67/622] grafo10244.99            n=99   pw= 10 unproved      1252305844  600.012s C
[68/622] grafo10245.92            n=92   pw= 12 unproved      1307430912  600.011s C
[69/622] grafo10249.94            n=94   pw= 10 unproved      1227808768  600.011s C
[70/622] grafo10259.100           n=100  pw= 10 unproved       993554432  600.011s C
[71/622] grafo10323.97            n=97   pw=  9 refutation     251120249  105.541s C
[72/622] grafo10316.100           n=100  pw=  9 refutation     492857316  258.226s C
[73/622] grafo10308.96            n=96   pw=  9 refutation     819840950   318.28s C
[74/622] grafo10266.94            n=94   pw= 11 refutation     995075404   588.48s C
[75/622] grafo10260.98            n=98   pw=  9 unproved      1514266624  600.011s C
[76/622] grafo10262.100           n=100  pw=  9 unproved      1096406846  600.011s C
[77/622] grafo10269.99            n=99   pw=  9 unproved      1104973429  600.015s C
[78/622] grafo10270.93            n=93   pw= 12 unproved      1080573952  600.015s C
[79/622] grafo10271.100           n=100  pw=  9 unproved      1167356497  600.022s C
[80/622] grafo10273.97            n=97   pw= 10 unproved      1215766528  600.013s C
[81/622] grafo10288.95            n=95   pw= 10 unproved      1178233310  600.014s C
[82/622] grafo10292.100           n=100  pw= 10 unproved       982494891   600.01s C
[83/622] grafo10295.95            n=95   pw= 10 unproved      1292451270   600.01s C
[84/622] grafo10350.96            n=96   pw=  9 refutation     307955021  144.923s C
[85/622] grafo10297.98            n=98   pw= 11 unproved      1197896796  600.009s C
[86/622] grafo10358.95            n=95   pw= 10 refutation     362224206  160.507s C
[87/622] grafo10298.97            n=97   pw= 10 unproved      1014618487  600.012s C
[88/622] grafo10362.94            n=94   pw=  9 refutation     331835517  174.917s C
[89/622] grafo10301.94            n=94   pw= 11 unproved      1256964096  600.012s C
[90/622] grafo10305.100           n=100  pw=  9 unproved      1037635917  600.009s C
[91/622] grafo10355.94            n=94   pw=  8 refutation     449141210  241.876s C
[92/622] grafo10309.94            n=94   pw= 10 unproved      1443520512  600.009s C
[93/622] grafo10353.99            n=99   pw= 10 refutation     512307353  274.716s C
[94/622] grafo10381.99            n=99   pw=  9 refutation     352604422  204.717s C
[95/622] grafo10321.97            n=97   pw= 11 unproved      1429299200  600.011s C
[96/622] grafo10351.97            n=97   pw= 10 refutation     858426617  394.515s C
[97/622] grafo10331.100           n=100  pw=  9 refutation     838087478  452.656s C
[98/622] grafo10322.97            n=97   pw= 10 refutation    1401117916  598.989s C
[99/622] grafo10332.94            n=94   pw= 10 refutation     963551213  482.214s C
[100/622] grafo10388.95            n=95   pw= 10 refutation     495289323  256.534s C
[101/622] grafo10325.96            n=96   pw= 12 unproved      1029460867  600.011s C
[102/622] grafo10327.97            n=97   pw= 11 unproved      1187537465   600.01s C
[103/622] grafo10339.95            n=95   pw= 12 unproved       874958848  600.011s C
[104/622] grafo10346.97            n=97   pw= 11 unproved      1043148866   600.01s C
[105/622] grafo10409.96            n=96   pw= 10 refutation     411371276  247.311s C
[106/622] grafo10393.96            n=96   pw= 10 refutation     623060493  336.704s C
[107/622] grafo10354.99            n=99   pw= 10 unproved       892487058  600.012s C
[108/622] grafo10359.95            n=95   pw= 12 unproved      1028082603  600.012s C
[109/622] grafo10361.97            n=97   pw= 10 unproved      1302638592   600.01s C
[110/622] grafo10385.94            n=94   pw= 10 refutation     897986136   429.93s C
[111/622] grafo10369.100           n=100  pw= 10 unproved      1344839674   600.01s C
[112/622] grafo10415.94            n=94   pw= 10 refutation     563378020  223.013s C
[113/622] grafo10377.94            n=94   pw= 10 unproved      1083357245  600.009s C
[114/622] grafo10421.99            n=99   pw=  9 refutation     306020645  183.318s C
[115/622] grafo10420.97            n=97   pw= 11 refutation     345428917  225.234s C
[116/622] grafo10380.98            n=98   pw= 11 unproved      1133938359  600.013s C
[117/622] grafo10382.94            n=94   pw= 11 refutation     885761065  566.824s C
[118/622] grafo10434.98            n=98   pw=  9 refutation     267326067  157.132s C
[119/622] grafo10383.99            n=99   pw= 10 unproved      1672007207  600.011s C
[120/622] grafo10427.95            n=95   pw=  9 refutation     459921813  212.132s C
[121/622] grafo10386.99            n=99   pw=  9 unproved      1373966336  600.009s C
[122/622] grafo10449.96            n=96   pw=  9 refutation     317621233  175.046s C
[123/622] grafo10438.97            n=97   pw=  9 refutation     394122258  237.664s C
[124/622] grafo10404.97            n=97   pw= 10 unproved      1139342630  600.011s C
[125/622] grafo10405.97            n=97   pw= 12 unproved      1061040128  600.012s C
[126/622] grafo10411.98            n=98   pw=  9 unproved      1541681670  600.009s C
[127/622] grafo10413.93            n=93   pw= 10 unproved      1095144606   600.01s C
[128/622] grafo10465.96            n=96   pw=  9 refutation     618197881  229.701s C
[129/622] grafo10414.98            n=98   pw= 10 unproved      1052635186   600.01s C
[130/622] grafo10452.94            n=94   pw= 10 refutation     472955220  306.035s C
[131/622] grafo10416.96            n=96   pw= 11 unproved       974270464  600.012s C
[132/622] grafo10418.100           n=100  pw= 12 unproved      1120882688  600.009s C
[133/622] grafo10422.97            n=97   pw= 10 unproved      1255532266   600.01s C
[134/622] grafo10429.100           n=100  pw=  9 unproved      1336913920  600.012s C
[135/622] grafo10432.99            n=99   pw= 11 unproved      1304971441  600.008s C
[136/622] grafo10445.94            n=94   pw= 12 refutation    1008631911  562.679s C
[137/622] grafo10433.97            n=97   pw=  9 unproved      1080213504  600.009s C
[138/622] grafo10436.95            n=95   pw= 12 unproved      1085865032  600.009s C
[139/622] grafo10441.98            n=98   pw= 10 unproved      1553862902   600.01s C
[140/622] grafo10453.97            n=97   pw= 10 refutation     970566325  487.128s C
[141/622] grafo10446.95            n=95   pw= 13 unproved       912021162  600.008s C
[142/622] grafo10451.95            n=95   pw= 10 unproved      1088004096  600.011s C
[143/622] grafo10473.95            n=95   pw=  9 refutation    1194213537  498.529s C
[144/622] grafo10517.93            n=93   pw= 10 refutation     406958061  173.968s C
[145/622] grafo10467.100           n=100  pw= 10 unproved      1101077097  600.012s C
[146/622] grafo10469.100           n=100  pw= 12 unproved      1031000064  600.012s C
[147/622] grafo10470.92            n=92   pw= 11 unproved      1581401999  600.008s C
[148/622] grafo10474.94            n=94   pw= 12 unproved      1003425792   600.01s C
[149/622] grafo10479.98            n=98   pw= 10 unproved      1123422437  600.009s C
[150/622] grafo10484.99            n=99   pw= 12 unproved      1069244416  600.009s C
[151/622] grafo10488.98            n=98   pw= 12 unproved      1184043008  600.012s C
[152/622] grafo10502.91            n=91   pw= 11 refutation     831659013  549.513s C
[153/622] grafo10489.95            n=95   pw= 10 unproved      1168939365  600.012s C
[154/622] grafo10522.99            n=99   pw= 10 refutation     600810797  393.362s C
[155/622] grafo10491.97            n=97   pw= 10 unproved      1606070272  600.008s C
[156/622] grafo10492.96            n=96   pw= 12 unproved      1020301780  600.009s C
[157/622] grafo10542.100           n=100  pw=  9 refutation     606740802  289.008s C
[158/622] grafo10497.95            n=95   pw=  9 unproved      1879609344  600.008s C
[159/622] grafo10541.93            n=93   pw= 10 refutation     619186676  318.259s C
[160/622] grafo10506.98            n=98   pw=  9 unproved      1575669760  600.008s C
[161/622] grafo10519.98            n=98   pw=  9 refutation     758916246   501.38s C
[162/622] grafo10592.98            n=98   pw=  9 refutation     326516888  117.243s C
[163/622] grafo10582.94            n=94   pw=  9 refutation     453018634  174.774s C
[164/622] grafo10518.94            n=94   pw= 11 unproved       917750097  600.012s C
[165/622] grafo10523.97            n=97   pw= 11 unproved      1197125632  600.012s C
[166/622] grafo10527.93            n=93   pw= 11 unproved       966938624  600.011s C
[167/622] grafo10575.99            n=99   pw=  9 refutation     356963175  221.273s C
[168/622] grafo10528.98            n=98   pw= 10 unproved      1372663808   600.01s C
[169/622] grafo10534.100           n=100  pw= 11 unproved      1185886208   600.01s C
[170/622] grafo10559.98            n=98   pw=  9 refutation     793283758  351.797s C
[171/622] grafo10557.98            n=98   pw=  9 refutation     666498916  388.265s C
[172/622] grafo10536.99            n=99   pw= 10 unproved      1448695848  600.008s C
[173/622] grafo10537.95            n=95   pw= 11 unproved      1314775040  600.012s C
[174/622] grafo10631.98            n=98   pw=  9 refutation     255976616  114.357s C
[175/622] grafo10548.94            n=94   pw= 11 unproved      1380966400  600.012s C
[176/622] grafo10626.100           n=100  pw= 10 refutation     261530091   167.11s C
[177/622] grafo10549.99            n=99   pw= 10 unproved      1113072122  600.008s C
[178/622] grafo10552.96            n=96   pw= 12 unproved      1150619648  600.012s C
[179/622] grafo10585.93            n=93   pw=  9 refutation    1017948862  477.975s C
[180/622] grafo10560.95            n=95   pw= 11 unproved      1120624640  600.012s C
[181/622] grafo10609.100           n=100  pw=  9 refutation     726137881   300.07s C
[182/622] grafo10630.94            n=94   pw= 10 refutation     580721265  293.375s C
[183/622] grafo10572.92            n=92   pw= 11 unproved      1238970432  600.008s C
[184/622] grafo10593.98            n=98   pw=  9 refutation    1177057466  511.042s C
[185/622] grafo10603.100           n=100  pw=  9 refutation    1016118611  417.252s C
[186/622] grafo10578.96            n=96   pw= 11 unproved      1078296576  600.012s C
[187/622] grafo10580.98            n=98   pw= 10 unproved      1142091776  600.012s C
[188/622] grafo10586.100           n=100  pw= 10 unproved      1039093760   600.01s C
[189/622] grafo10645.95            n=95   pw=  9 refutation     440602509  245.352s C
[190/622] grafo10649.95            n=95   pw=  9 refutation     250931221  140.934s C
[191/622] grafo10596.99            n=99   pw= 11 unproved       984871209  600.013s C
[192/622] grafo10600.93            n=93   pw= 10 unproved      1103548416  600.011s C
[193/622] grafo10610.95            n=95   pw= 10 refutation     811245615   504.38s C
[194/622] grafo10634.96            n=96   pw= 10 refutation     792611183  431.288s C
[195/622] grafo10605.99            n=99   pw=  9 unproved      1886945280  600.008s C
[196/622] grafo10608.93            n=93   pw= 11 unproved       855661413  600.012s C
[197/622] grafo10669.93            n=93   pw=  9 refutation     281244537  139.244s C
[198/622] grafo10624.91            n=91   pw= 11 refutation     880037659  597.558s C
[199/622] grafo10637.94            n=94   pw= 11 refutation     806964892  444.952s C
[200/622] grafo10654.96            n=96   pw=  9 refutation     478060791   238.92s C
[201/622] grafo10632.100           n=100  pw= 12 unproved      1174851584  600.008s C
[202/622] grafo10675.95            n=95   pw=  9 refutation     353026396   132.63s C
[203/622] grafo10633.100           n=100  pw= 10 unproved       896045928  600.012s C
[204/622] grafo10635.95            n=95   pw= 12 unproved      1177534464  600.012s C
[205/622] grafo10650.98            n=98   pw= 10 refutation     757788315  403.012s C
[206/622] grafo10672.98            n=98   pw=  9 refutation     423131988  277.016s C
[207/622] grafo10638.100           n=100  pw= 11 unproved      1169899520  600.011s C
[208/622] grafo10644.100           n=100  pw= 11 unproved      1386865725  600.012s C
[209/622] grafo10647.98            n=98   pw= 10 refutation     886671991    524.1s C
[210/622] grafo10646.100           n=100  pw= 13 unproved      1023245154  600.012s C
[211/622] grafo10648.98            n=98   pw= 12 unproved      1027416135   600.01s C
[212/622] grafo10705.97            n=97   pw=  9 refutation     521775846   269.27s C
[213/622] grafo10652.100           n=100  pw= 11 unproved      1175580672   600.01s C
[214/622] grafo10653.100           n=100  pw= 10 unproved      1034969088  600.013s C
[215/622] grafo10696.99            n=99   pw= 10 refutation     724605842  355.442s C
[216/622] grafo10698.95            n=95   pw= 10 refutation     636008382  353.515s C
[217/622] grafo10661.95            n=95   pw= 10 unproved      1281302528  600.011s C
[218/622] grafo10662.100           n=100  pw=  9 unproved      1567549550  600.008s C
[219/622] grafo10663.99            n=99   pw= 10 unproved      1102426318  600.008s C
[220/622] grafo10670.100           n=100  pw= 10 unproved      1179546269  600.011s C
[221/622] grafo10742.99            n=99   pw=  9 refutation     299907683  141.971s C
[222/622] grafo10680.95            n=95   pw=  9 unproved      1200202064  600.011s C
[223/622] grafo10685.98            n=98   pw= 12 unproved      1243496538  600.012s C
[224/622] grafo10688.95            n=95   pw= 10 unproved      1141174272  600.012s C
[225/622] grafo10761.95            n=95   pw=  9 refutation     347325568  159.945s C
[226/622] grafo10694.96            n=96   pw= 11 unproved      1153765376  600.008s C
[227/622] grafo10695.98            n=98   pw= 10 unproved      1036135842  600.012s C
[228/622] grafo10700.98            n=98   pw= 10 unproved      1040192854  600.008s C
[229/622] grafo10712.98            n=98   pw= 10 unproved      1139663690  600.012s C
[230/622] grafo10777.100           n=100  pw=  9 refutation     350170541  237.714s C
[231/622] grafo10713.92            n=92   pw= 11 unproved      1540567040   600.01s C
[232/622] grafo10762.99            n=99   pw=  9 refutation     644311343  309.785s C
[233/622] grafo10714.99            n=99   pw= 11 unproved      1738043392   600.01s C
[234/622] grafo10788.98            n=98   pw=  9 refutation     278968619  170.267s C
[235/622] grafo10720.96            n=96   pw=  9 unproved      1075853185  600.012s C
[236/622] grafo10722.96            n=96   pw= 11 unproved      1118543872  600.008s C
[237/622] grafo10726.99            n=99   pw= 10 unproved      1252065280  600.011s C
[238/622] grafo10727.94            n=94   pw= 11 unproved      1229037568  600.008s C
[239/622] grafo10741.92            n=92   pw= 10 refutation     991997802  449.191s C
[240/622] grafo10778.100           n=100  pw=  9 refutation     409106411  284.376s C
[241/622] grafo10735.99            n=99   pw= 10 unproved      1204625408  600.012s C
[242/622] grafo10737.99            n=99   pw= 12 unproved      1099313152  600.008s C
[243/622] grafo10738.96            n=96   pw=  9 unproved      1459032064  600.011s C
[244/622] grafo10750.100           n=100  pw= 10 refutation     953976029  590.772s C
[245/622] grafo10758.96            n=96   pw= 11 unproved      1238536192  600.011s C
[246/622] grafo10760.96            n=96   pw= 12 unproved      1194893312   600.01s C
[247/622] grafo10831.98            n=98   pw= 10 refutation     465362843  188.737s C
[248/622] grafo10772.100           n=100  pw= 12 unproved       946275310  600.013s C
[249/622] grafo10809.99            n=99   pw=  9 refutation     927511548  361.171s C
[250/622] grafo10780.99            n=99   pw= 12 unproved      1480417280  600.008s C
[251/622] grafo10781.100           n=100  pw= 11 unproved      1094930607  600.011s C
[252/622] grafo10789.91            n=91   pw= 11 unproved      1099763712  600.012s C
[253/622] grafo10833.98            n=98   pw=  9 refutation     625451060  324.624s C
[254/622] grafo10792.98            n=98   pw= 11 unproved      1121406976  600.011s C
[255/622] grafo10805.98            n=98   pw= 10 unproved      1408708608  600.009s C
[256/622] grafo10821.96            n=96   pw=  8 refutation    1080222377  464.831s C
[257/622] grafo10806.97            n=97   pw= 11 unproved      1145184256  600.011s C
[258/622] grafo10859.97            n=97   pw= 10 refutation     326159318  200.772s C
[259/622] grafo10810.97            n=97   pw= 11 refutation     999437944  531.853s C
[260/622] grafo10851.95            n=95   pw=  9 refutation     743532291  311.284s C
[261/622] grafo10807.95            n=95   pw= 10 unproved      1116615479  600.012s C
[262/622] grafo10808.98            n=98   pw= 10 unproved      1013751355  600.011s C
[263/622] grafo10811.96            n=96   pw= 11 unproved      1081929728  600.011s C
[264/622] grafo10856.91            n=91   pw=  9 refutation     740638543  372.522s C
[265/622] grafo10814.98            n=98   pw= 11 unproved      1209044992   600.01s C
[266/622] grafo10822.97            n=97   pw= 10 unproved      1258516480  600.013s C
[267/622] grafo10870.94            n=94   pw= 10 refutation     269972260  159.168s C
[268/622] grafo10825.98            n=98   pw= 11 unproved      1244893459  600.008s C
[269/622] grafo10832.94            n=94   pw= 11 unproved      1231961573  600.011s C
[270/622] grafo10834.93            n=93   pw= 10 refutation     845602075  512.263s C
[271/622] grafo10882.95            n=95   pw= 10 refutation     286188408  206.815s C
[272/622] grafo10878.94            n=94   pw= 11 refutation     428281089  227.303s C
[273/622] grafo10904.94            n=94   pw=  9 refutation     234335733  128.118s C
[274/622] grafo10836.97            n=97   pw= 11 unproved       997642240  600.013s C
[275/622] grafo10849.95            n=95   pw= 11 unproved      1133404160  600.009s C
[276/622] grafo10857.95            n=95   pw=  9 unproved      1477865530   600.01s C
[277/622] grafo10893.92            n=92   pw= 10 refutation     394779440  245.225s C
[278/622] grafo10923.97            n=97   pw=  9 refutation     204324281  127.744s C
[279/622] grafo10860.93            n=93   pw= 12 unproved      1164593656  600.009s C
[280/622] grafo10911.100           n=100  pw=  9 refutation     702684403  315.931s C
[281/622] grafo10903.93            n=93   pw= 10 refutation     862956383  385.062s C
[282/622] grafo10865.100           n=100  pw= 10 refutation    1066068671  573.013s C
[283/622] grafo10861.100           n=100  pw= 10 unproved      1231335424  600.012s C
[284/622] grafo10862.98            n=98   pw=  9 unproved      1295146918  600.011s C
[285/622] grafo10866.98            n=98   pw= 10 unproved      1175740296  600.008s C
[286/622] grafo10867.95            n=95   pw= 11 unproved      1091768320  600.012s C
[287/622] grafo10935.94            n=94   pw= 10 refutation     493134656  258.091s C
[288/622] grafo10869.96            n=96   pw= 11 unproved      1096294400   600.01s C
[289/622] grafo10943.95            n=95   pw= 10 refutation     400673927  256.754s C
[290/622] grafo10873.97            n=97   pw= 10 unproved      1429934080  600.008s C
[291/622] grafo10876.98            n=98   pw= 10 unproved      1309601971  600.013s C
[292/622] grafo10930.100           n=100  pw=  9 refutation     725526577  379.375s C
[293/622] grafo10963.97            n=97   pw=  9 refutation     223068262  104.703s C
[294/622] grafo10959.97            n=97   pw=  9 refutation     237500943  145.703s C
[295/622] grafo10883.93            n=93   pw= 11 unproved      1064943616  600.012s C
[296/622] grafo10885.98            n=98   pw=  9 unproved      1506263040  600.011s C
[297/622] grafo10900.93            n=93   pw= 10 unproved      1601847296  600.007s C
[298/622] grafo10976.92            n=92   pw= 10 refutation     265150741  161.388s C
[299/622] grafo10905.97            n=97   pw= 10 unproved      1050063206  600.012s C
[300/622] grafo10908.98            n=98   pw= 10 unproved      1199017984  600.013s C
[301/622] grafo10945.98            n=98   pw= 10 refutation     556060714  418.901s C
[302/622] grafo10915.97            n=97   pw= 10 unproved      1338818560  600.008s C
[303/622] grafo10918.98            n=98   pw= 11 unproved      1159115051  600.009s C
[304/622] grafo10919.97            n=97   pw= 11 unproved      1121468416  600.011s C
[305/622] grafo11002.96            n=96   pw=  9 refutation     563332751  215.673s C
[306/622] grafo10947.97            n=97   pw=  9 unproved      1213751296  600.011s C
[307/622] grafo10984.98            n=98   pw=  9 refutation    1061415326  425.381s C
[308/622] grafo10949.95            n=95   pw= 10 unproved      1052614716  600.011s C
[309/622] grafo10950.97            n=97   pw= 10 unproved      1231762017  600.011s C
[310/622] grafo11011.100           n=100  pw=  9 refutation     746583908  327.722s C
[311/622] grafo10952.96            n=96   pw= 10 unproved      1684965537  600.009s C
[312/622] grafo10958.98            n=98   pw= 13 unproved      1315344384  600.008s C
[313/622] grafo10960.98            n=98   pw= 10 unproved      1283380942   600.01s C
[314/622] grafo10962.100           n=100  pw= 12 unproved       877764067  600.008s C
[315/622] grafo10965.99            n=99   pw=  9 unproved      1527779328  600.011s C
[316/622] grafo11018.99            n=99   pw=  9 refutation     545552020  313.858s C
[317/622] grafo10978.98            n=98   pw=  9 unproved      1118633984  600.009s C
[318/622] grafo10992.94            n=94   pw= 11 unproved      1366107983  600.011s C
[319/622] grafo11025.94            n=94   pw=  9 refutation     381790071  209.888s C
[320/622] grafo11000.99            n=99   pw= 10 unproved      1251918008  600.008s C
[321/622] grafo11001.97            n=97   pw= 11 unproved      1528303616  600.008s C
[322/622] grafo11003.100           n=100  pw= 10 unproved      1740347095  600.008s C
[323/622] grafo11006.97            n=97   pw= 10 unproved      1149821041  600.008s C
[324/622] grafo11008.99            n=99   pw= 11 unproved      1099005329   600.01s C
[325/622] grafo11047.92            n=92   pw= 11 refutation     358533536   164.28s C
[326/622] grafo11010.97            n=97   pw=  9 unproved      1416183808  600.012s C
[327/622] grafo11012.96            n=96   pw= 10 unproved       987192857  600.012s C
[328/622] grafo11014.100           n=100  pw= 10 unproved      1275657428  600.009s C
[329/622] grafo11015.98            n=98   pw= 10 unproved      1046265856  600.012s C
[330/622] grafo11043.94            n=94   pw= 10 refutation     494304533  311.676s C
[331/622] grafo11017.97            n=97   pw=  9 refutation    1183889564    589.3s C
[332/622] grafo11016.98            n=98   pw= 11 unproved       982372352   600.01s C
[333/622] grafo11057.96            n=96   pw= 10 refutation     467893433  289.019s C
[334/622] grafo11072.98            n=98   pw= 10 refutation     417494977  257.857s C
[335/622] grafo11020.100           n=100  pw= 11 unproved      1205895036  600.011s C
[336/622] grafo11042.94            n=94   pw= 10 refutation     815280204  492.562s C
[337/622] grafo11035.99            n=99   pw= 11 unproved      1168171008  600.008s C
[338/622] grafo11037.99            n=99   pw= 11 unproved       865136640  600.012s C
[339/622] grafo11039.96            n=96   pw= 11 unproved      1169182827  600.013s C
[340/622] grafo11044.95            n=95   pw= 11 unproved      1494851584   600.01s C
[341/622] grafo11094.98            n=98   pw=  9 refutation     612485160    281.9s C
[342/622] grafo11050.98            n=98   pw= 10 unproved      1854074880  600.008s C
[343/622] grafo11052.97            n=97   pw= 10 unproved      1252589568  600.011s C
[344/622] grafo11054.96            n=96   pw=  9 unproved      1383895966  600.011s C
[345/622] grafo11056.98            n=98   pw= 10 unproved      1721593856   600.01s C
[346/622] grafo11058.98            n=98   pw=  9 unproved      1537210775  600.008s C
[347/622] grafo11060.99            n=99   pw= 10 unproved       875077632   600.01s C
[348/622] grafo11101.95            n=95   pw= 10 refutation     460134712  212.619s C
[349/622] grafo11102.98            n=98   pw=  9 refutation     379119678  200.235s C
[350/622] grafo11069.93            n=93   pw= 12 unproved      1092943872  600.011s C
[351/622] grafo11070.94            n=94   pw= 11 unproved      1098822701  600.011s C
[352/622] grafo11073.100           n=100  pw= 12 unproved      1181024256  600.011s C
[353/622] grafo11104.95            n=95   pw= 10 refutation     416921133  265.084s C
[354/622] grafo11074.96            n=96   pw=  9 unproved      1255784448  600.009s C
[355/622] grafo11076.97            n=97   pw= 10 unproved      1629683712  600.008s C
[356/622] grafo11088.97            n=97   pw= 11 unproved      1347498178  600.012s C
[357/622] grafo11091.97            n=97   pw=  9 unproved      1326546944  600.011s C
[358/622] grafo11105.95            n=95   pw= 10 refutation     484430580  263.105s C
[359/622] grafo11092.97            n=97   pw= 10 unproved      1395970048  600.011s C
[360/622] grafo11151.92            n=92   pw=  9 refutation     225630800   91.252s C
[361/622] grafo11095.93            n=93   pw= 10 unproved      1116392475  600.011s C
[362/622] grafo11106.99            n=99   pw=  9 refutation     866505969  390.274s C
[363/622] grafo11096.97            n=97   pw= 10 unproved      1062985728  600.008s C
[364/622] grafo11097.96            n=96   pw= 10 unproved      1717773036  600.009s C
[365/622] grafo11155.99            n=99   pw=  9 refutation     438831372  199.752s C
[366/622] grafo11099.99            n=99   pw= 12 unproved       910846964  600.012s C
[367/622] grafo11100.95            n=95   pw= 10 unproved      1113571328  600.012s C
[368/622] grafo11111.94            n=94   pw=  9 refutation     755567749  392.625s C
[369/622] grafo11148.99            n=99   pw= 10 refutation     584992905  305.178s C
[370/622] grafo11182.99            n=99   pw=  9 refutation     219041050   98.437s C
[371/622] grafo11162.100           n=100  pw=  9 refutation     337580560   208.78s C
[372/622] grafo11203.100           n=100  pw=  9 refutation     235688390   107.25s C
[373/622] grafo11109.94            n=94   pw= 10 refutation     981695231  542.402s C
[374/622] grafo11154.95            n=95   pw= 10 refutation     588258742  360.668s C
[375/622] grafo11177.98            n=98   pw=  9 refutation     687833020  327.512s C
[376/622] grafo11110.99            n=99   pw= 10 unproved      1336852480  600.008s C
[377/622] grafo11112.96            n=96   pw= 12 unproved      1182478336  600.012s C
[378/622] grafo11115.92            n=92   pw= 12 unproved       918089585  600.008s C
[379/622] grafo11119.98            n=98   pw= 10 unproved       941326336  600.011s C
[380/622] grafo11125.100           n=100  pw= 10 unproved      1257791615  600.008s C
[381/622] grafo11132.95            n=95   pw= 10 unproved      1339484601  600.011s C
[382/622] grafo11143.98            n=98   pw= 10 unproved      1128555848  600.011s C
[383/622] grafo11145.99            n=99   pw= 10 unproved       962985984   600.01s C
[384/622] grafo11149.100           n=100  pw=  9 unproved      1420063816  600.012s C
[385/622] grafo11150.99            n=99   pw= 10 unproved      1528332288  600.011s C
[386/622] grafo11152.98            n=98   pw= 10 unproved      1339944960  600.012s C
[387/622] grafo11227.100           n=100  pw= 10 refutation     556542713  253.574s C
[388/622] grafo11252.93            n=93   pw= 10 refutation     248107785  167.401s C
[389/622] grafo11204.99            n=99   pw= 10 refutation     942743576  427.845s C
[390/622] grafo11178.95            n=95   pw= 10 unproved      1069159458  600.012s C
[391/622] grafo11267.92            n=92   pw= 10 refutation     256696558  165.871s C
[392/622] grafo11250.99            n=99   pw= 10 refutation     568239941  272.657s C
[393/622] grafo11181.95            n=95   pw= 12 unproved      1268928512  600.012s C
[394/622] grafo11187.98            n=98   pw=  9 refutation    1344531813   550.92s C
[395/622] grafo11269.93            n=93   pw= 10 refutation     463174096  249.765s C
[396/622] grafo11195.93            n=93   pw= 10 unproved      1204318208  600.012s C
[397/622] grafo11198.98            n=98   pw= 10 refutation    1350172810  599.234s C
[398/622] grafo11232.92            n=92   pw= 10 refutation     768380843  396.022s C
[399/622] grafo11201.99            n=99   pw= 10 unproved       975286272  600.012s C
[400/622] grafo11276.92            n=92   pw= 10 refutation     337991708  172.836s C
[401/622] grafo11287.93            n=93   pw= 10 refutation     230029224  161.392s C
[402/622] grafo11274.93            n=93   pw= 10 refutation     449114644  251.181s C
[403/622] grafo11205.94            n=94   pw= 10 unproved      1215070208  600.011s C
[404/622] grafo11215.93            n=93   pw= 10 unproved      1112133632  600.012s C
[405/622] grafo11299.93            n=93   pw= 10 refutation     374625666  183.672s C
[406/622] grafo11301.93            n=93   pw= 10 refutation     261536969  129.933s C
[407/622] grafo11300.91            n=91   pw= 10 refutation     470164162  176.708s C
[408/622] grafo11218.99            n=99   pw= 12 unproved      1194837705  600.009s C
[409/622] grafo11220.92            n=92   pw= 11 unproved      1261749030  600.009s C
[410/622] grafo11223.99            n=99   pw= 12 unproved      1191785585   600.01s C
[411/622] grafo11302.99            n=99   pw=  8 refutation     498258201  237.725s C
[412/622] grafo11272.99            n=99   pw=  9 refutation     785814382   417.82s C
[413/622] grafo11316.99            n=99   pw=  9 refutation     383042557  228.749s C
[414/622] grafo11251.93            n=93   pw= 11 unproved      1388053392  600.011s C
[415/622] grafo11253.94            n=94   pw=  9 unproved      1221435392  600.011s C
[416/622] grafo11254.99            n=99   pw= 10 unproved      1273745408  600.011s C
[417/622] grafo11305.99            n=99   pw=  9 refutation     700151838  293.973s C
[418/622] grafo11355.92            n=92   pw= 10 refutation     642093017  279.686s C
[419/622] grafo11390.90            n=90   pw= 10 refutation     776241035  252.858s C
[420/622] grafo11271.99            n=99   pw= 10 unproved      1353354335  600.008s C
[421/622] grafo11297.93            n=93   pw=  9 refutation    1336977545   515.06s C
[422/622] grafo11280.99            n=99   pw= 11 unproved       949551608  600.009s C
[423/622] grafo11313.96            n=96   pw= 11 refutation     735712835  455.824s C
[424/622] grafo11381.92            n=92   pw= 10 refutation     827773103  413.437s C
[425/622] grafo11433.92            n=92   pw= 11 refutation     455863023  308.155s C
[426/622] grafo11469.96            n=96   pw= 10 refutation     470250170   262.88s C
[427/622] grafo11303.93            n=93   pw= 10 unproved      1097400320  600.012s C
[428/622] grafo11380.97            n=97   pw= 10 refutation    1102617204   515.28s C
[429/622] grafo11568.95            n=95   pw=  8 refutation     269508558  157.143s C
[430/622] grafo11335.100           n=100  pw= 11 unproved       959995904  600.009s C
[431/622] grafo11354.92            n=92   pw= 11 unproved      1345990656  600.008s C
[432/622] grafo11358.99            n=99   pw=  9 unproved      1359842750  600.012s C
[433/622] grafo11369.96            n=96   pw= 10 unproved      1417259182  600.012s C
[434/622] grafo11379.92            n=92   pw=  9 unproved      1361137664  600.011s C
[435/622] grafo11420.92            n=92   pw= 10 refutation    1147864114   526.03s C
[436/622] grafo11472.91            n=91   pw= 11 refutation     834226079  379.786s C
[437/622] grafo11393.92            n=92   pw= 11 unproved      1054388224  600.013s C
[438/622] grafo11408.92            n=92   pw= 11 unproved      1267400704  600.009s C
[439/622] grafo3262.92             n=92   pw= 10 refutation     313632954  124.668s C
[440/622] grafo11439.92            n=92   pw= 10 refutation    1040938556   510.12s C
[441/622] grafo11431.92            n=92   pw= 10 unproved      1131597824   600.01s C
[442/622] grafo3158.98             n=98   pw=  9 refutation     286345799  193.409s C
[443/622] grafo11457.92            n=92   pw= 11 unproved      1118851133  600.013s C
[444/622] grafo3482.98             n=98   pw=  9 refutation     374761895  222.244s C
[445/622] grafo11458.100           n=100  pw= 10 unproved      1495117824  600.009s C
[446/622] grafo11635.92            n=92   pw= 10 refutation     565456663  335.909s C
[447/622] grafo11470.91            n=91   pw= 11 unproved      1159172096  600.013s C
[448/622] grafo11471.91            n=91   pw= 10 unproved      1186037760  600.011s C
[449/622] grafo11502.100           n=100  pw=  8 unproved      1233293374  600.013s C
[450/622] grafo3822.94             n=94   pw=  9 refutation     479736547  224.753s C
[451/622] grafo11557.95            n=95   pw= 11 unproved      1084232415  600.012s C
[452/622] grafo3871.88             n=88   pw= 10 refutation     605534161  242.567s C
[453/622] grafo3699.99             n=99   pw=  9 refutation     529537453  279.947s C
[454/622] grafo3532.99             n=99   pw= 11 refutation     500125837  353.623s C
[455/622] grafo3909.92             n=92   pw=  9 refutation     277547800  153.668s C
[456/622] grafo3995.97             n=97   pw= 10 refutation     220018476  153.395s C
[457/622] grafo3890.96             n=107  pw=  9 refutation     392983337   247.96s C
[458/622] grafo3808.97             n=97   pw=  9 refutation     629827922  317.675s C
[459/622] grafo11569.93            n=93   pw= 11 unproved      1374822400  600.009s C
[460/622] grafo11616.91            n=91   pw= 11 unproved      1483726848  600.008s C
[461/622] grafo11624.96            n=96   pw= 10 unproved      1015583110  600.013s C
[462/622] grafo4348.83             n=83   pw= 10 refutation     426982927   216.99s C
[463/622] grafo6532.83             n=83   pw= 10 refutation     524657268  241.493s C
[464/622] grafo11647.90            n=90   pw= 11 unproved      1093328896  600.011s C
[465/622] grafo7223.40             n=110  pw=  8 refutation     224998175  129.593s C
[466/622] grafo11657.100           n=100  pw=  9 unproved      1962274884  600.008s C
[467/622] grafo7529.93             n=93   pw=  9 refutation     313447373  104.447s C
[468/622] grafo6533.83             n=83   pw= 10 refutation     524657268  243.654s C
[469/622] grafo3224.98             n=98   pw= 10 unproved      1227883555  600.011s C
[470/622] grafo6877.85             n=85   pw= 10 refutation     450630776  233.355s C
[471/622] grafo3315.96             n=96   pw= 10 unproved      1210843136  600.011s C
[472/622] grafo3898.99             n=99   pw=  9 refutation     651660722  398.714s C
[473/622] grafo3680.99             n=99   pw= 11 unproved      1320506845  600.011s C
[474/622] grafo7674.93             n=93   pw=  9 refutation     293790977  165.184s C
[475/622] grafo7796.93             n=93   pw=  9 refutation     231406993  135.574s C
[476/622] grafo3712.95             n=95   pw= 12 unproved      1064607744   600.01s C
[477/622] grafo7953.79             n=79   pw= 10 refutation     314037953  116.688s C
[478/622] grafo3876.94             n=94   pw=  9 unproved      1316081664  600.012s C
[479/622] grafo7911.88             n=88   pw=  9 refutation     431079584  170.058s C
[480/622] grafo4101.91             n=91   pw= 10 refutation    1220965815  507.546s C
[481/622] grafo7948.90             n=90   pw=  9 refutation     396929911  194.405s C
[482/622] grafo8008.95             n=95   pw= 10 refutation     322607735  173.485s C
[483/622] grafo7818.83             n=83   pw= 10 refutation     540207244  301.957s C
[484/622] grafo8009.87             n=87   pw=  9 refutation     479192411  186.874s C
[485/622] grafo7861.87             n=87   pw=  9 refutation     521720646  290.452s C
[486/622] grafo7985.93             n=93   pw=  9 refutation     425777256  241.047s C
[487/622] grafo8186.90             n=90   pw=  9 refutation     328195823  181.076s C
[488/622] grafo8000.99             n=99   pw=  9 refutation     461411509  289.788s C
[489/622] grafo6562.98             n=98   pw= 10 unproved      1513209856  600.012s C
[490/622] grafo6625.99             n=99   pw=  9 unproved      1691135900   600.01s C
[491/622] grafo6817.94             n=94   pw= 10 unproved      1490489344  600.009s C
[492/622] grafo6975.39             n=105  pw=  9 unproved      1304674463  600.012s C
[493/622] grafo7221.99             n=99   pw= 10 unproved      1162330382  600.008s C
[494/622] grafo8148.85             n=85   pw= 10 refutation     464177854  253.892s C
[495/622] grafo7263.99             n=99   pw=  9 unproved      1457585200  600.008s C
[496/622] grafo7417.39             n=104  pw=  9 unproved      1450946901  600.008s C
[497/622] grafo7447.98             n=98   pw= 10 unproved      1625640960  600.011s C
[498/622] grafo7793.98             n=98   pw= 10 refutation    1018219106   519.95s C
[499/622] grafo7587.95             n=95   pw=  9 unproved      1453699072  600.012s C
[500/622] grafo8371.96             n=96   pw=  9 refutation     291162444  168.485s C
[501/622] grafo7780.90             n=90   pw= 11 unproved      1038506913   600.01s C
[502/622] grafo7797.100            n=100  pw= 12 unproved      1070583808  600.012s C
[503/622] grafo8476.95             n=95   pw= 10 refutation     411095770  205.012s C
[504/622] grafo8452.85             n=85   pw= 10 refutation     443143990  226.094s C
[505/622] grafo8226.90             n=90   pw= 10 refutation     762357653  370.874s C
[506/622] grafo8537.84             n=84   pw= 10 refutation     325799748  192.485s C
[507/622] grafo8248.86             n=86   pw= 10 refutation    1121604065  422.475s C
[508/622] grafo8342.97             n=97   pw=  9 refutation     678279537  346.939s C
[509/622] grafo8551.85             n=85   pw= 11 refutation     295000255  172.148s C
[510/622] grafo8035.98             n=98   pw=  9 unproved      1323994984  600.008s C
[511/622] grafo8564.100            n=100  pw=  9 refutation     366701650  204.439s C
[512/622] grafo8036.94             n=94   pw= 10 unproved      1122512896  600.011s C
[513/622] grafo8198.99             n=99   pw= 10 unproved      2033394885  600.011s C
[514/622] grafo8223.99             n=99   pw= 11 unproved       973748568  600.012s C
[515/622] grafo8594.84             n=84   pw= 10 refutation     779893998  221.302s C
[516/622] grafo8491.92             n=92   pw=  9 refutation     805586381  408.836s C
[517/622] grafo8260.86             n=86   pw= 10 unproved      1974702080  600.009s C
[518/622] grafo8297.87             n=87   pw= 10 unproved      1727938560   600.01s C
[519/622] grafo8310.86             n=86   pw= 12 unproved       926788417  600.011s C
[520/622] grafo8514.95             n=95   pw=  9 refutation    1053044555  473.195s C
[521/622] grafo8601.87             n=87   pw= 11 refutation     501211807  277.404s C
[522/622] grafo8348.99             n=99   pw=  9 unproved      1246927678  600.012s C
[523/622] grafo8619.84             n=84   pw= 10 refutation     497170209  272.846s C
[524/622] grafo8373.100            n=100  pw= 10 unproved      1769234432  600.009s C
[525/622] grafo8477.89             n=89   pw=  9 unproved      1747292160  600.008s C
[526/622] grafo8490.95             n=95   pw= 11 unproved      1279127552  600.013s C
[527/622] grafo8674.100            n=100  pw=  9 refutation     301524293  182.316s C
[528/622] grafo8510.100            n=100  pw= 10 unproved       940668472  600.012s C
[529/622] grafo8513.100            n=100  pw=  9 unproved      1412998450  600.011s C
[530/622] grafo8675.93             n=93   pw= 10 refutation     331482236  193.524s C
[531/622] grafo8684.86             n=86   pw= 10 refutation     761547974  255.549s C
[532/622] grafo8571.94             n=94   pw= 11 refutation    1101053702  583.013s C
[533/622] grafo8701.90             n=90   pw= 11 refutation     617162445  284.234s C
[534/622] grafo8747.89             n=89   pw= 10 refutation     424764768   223.85s C
[535/622] grafo8673.98             n=98   pw= 10 refutation     651645784  361.857s C
[536/622] grafo8582.96             n=96   pw=  9 unproved      1809997824   600.01s C
[537/622] grafo8585.91             n=91   pw= 10 unproved      1169866752   600.01s C
[538/622] grafo8800.93             n=93   pw=  9 refutation     458758510  191.077s C
[539/622] grafo8659.92             n=92   pw= 10 refutation    1028128742  494.704s C
[540/622] grafo8744.90             n=90   pw= 10 refutation     809744060  330.371s C
[541/622] grafo8645.92             n=92   pw= 10 unproved      1413967937  600.011s C
[542/622] grafo8647.91             n=91   pw= 11 unproved       995950592  600.008s C
[543/622] grafo8650.91             n=91   pw= 10 unproved      1453170688  600.009s C
[544/622] grafo8651.92             n=92   pw= 10 unproved      1213726720   600.01s C
[545/622] grafo8655.95             n=95   pw= 10 unproved      1025626175  600.011s C
[546/622] grafo8817.88             n=88   pw= 11 refutation     335914234  190.488s C
[547/622] grafo8720.100            n=100  pw=  9 refutation     972511633  437.092s C
[548/622] grafo8856.97             n=97   pw=  9 refutation     305949914  112.877s C
[549/622] grafo8811.96             n=96   pw=  9 refutation     401701184  253.116s C
[550/622] grafo8664.89             n=89   pw= 10 unproved      1729359872  600.008s C
[551/622] grafo8837.87             n=87   pw= 10 refutation     263444942  143.965s C
[552/622] grafo8807.87             n=87   pw= 11 refutation     586932561  367.544s C
[553/622] grafo8836.88             n=88   pw= 10 refutation     576984207  244.227s C
[554/622] grafo8719.93             n=93   pw= 11 unproved      1066489269   600.01s C
[555/622] grafo8753.91             n=91   pw= 11 unproved      1207783424  600.012s C
[556/622] grafo8910.91             n=91   pw=  9 refutation     254538324  151.407s C
[557/622] grafo8823.93             n=93   pw= 11 refutation     698357900    401.7s C
[558/622] grafo8777.98             n=98   pw= 10 unproved      1263202652  600.011s C
[559/622] grafo8790.97             n=97   pw= 10 unproved      1019125760  600.012s C
[560/622] grafo8791.94             n=94   pw= 10 unproved      1836466061  600.007s C
[561/622] grafo8793.100            n=100  pw= 10 unproved      1230118912  600.011s C
[562/622] grafo8893.96             n=96   pw= 10 refutation     744832754  320.064s C
[563/622] grafo8923.90             n=90   pw= 10 refutation     363757404  176.138s C
[564/622] grafo8812.99             n=99   pw= 13 unproved       898875392   600.01s C
[565/622] grafo8821.94             n=94   pw= 11 unproved      1432092672  600.008s C
[566/622] grafo8825.92             n=92   pw=  9 unproved      1286959104  600.008s C
[567/622] grafo8826.100            n=100  pw= 11 unproved      1074816085   600.01s C
[568/622] grafo8953.94             n=94   pw=  9 refutation     513350470  205.485s C
[569/622] grafo8905.100            n=100  pw=  8 refutation    1337291155  429.939s C
[570/622] grafo8960.95             n=95   pw=  9 refutation     235571871  147.413s C
[571/622] grafo8857.99             n=99   pw= 10 unproved      1125781504  600.011s C
[572/622] grafo8864.98             n=98   pw= 11 unproved      1040232448   600.01s C
[573/622] grafo8865.100            n=100  pw= 10 unproved      1203053478  600.008s C
[574/622] grafo8867.97             n=97   pw= 11 unproved      1336336384  600.012s C
[575/622] grafo8878.93             n=93   pw=  9 unproved      1615576789   600.01s C
[576/622] grafo8882.100            n=100  pw= 13 unproved       968413184  600.013s C
[577/622] grafo8904.92             n=92   pw=  9 refutation    1203173232  582.258s C
[578/622] grafo8927.88             n=88   pw= 10 refutation     975778367  416.052s C
[579/622] grafo8892.100            n=100  pw= 10 unproved      1501421568  600.013s C
[580/622] grafo8954.91             n=91   pw= 11 refutation     591843691  350.337s C
[581/622] grafo8956.92             n=92   pw=  9 refutation     509610717   285.45s C
[582/622] grafo9027.87             n=87   pw= 11 refutation     196499357   121.14s C
[583/622] grafo8908.96             n=96   pw= 10 unproved      1066291685  600.011s C
[584/622] grafo8921.98             n=98   pw= 12 unproved       999466065   600.01s C
[585/622] grafo9429.86             n=86   pw= 10 refutation     289589832  150.943s C
[586/622] grafo9542.87             n=87   pw= 11 refutation     332925504  167.154s C
[587/622] grafo9576.92             n=92   pw=  9 refutation     299573682  170.157s C
[588/622] grafo8970.97             n=97   pw=  9 refutation     714264082  358.135s C
[589/622] grafo9596.88             n=88   pw= 10 refutation     363501259  170.579s C
[590/622] grafo9550.85             n=85   pw= 10 refutation     472358689  211.032s C
[591/622] grafo8942.96             n=96   pw=  9 unproved      1122131968  600.011s C
[592/622] grafo8943.98             n=98   pw= 11 unproved      1112113739  600.009s C
[593/622] grafo9676.89             n=89   pw=  9 refutation     211795755  121.154s C
[594/622] grafo9553.79             n=79   pw= 11 refutation     394272627  226.875s C
[595/622] grafo8944.97             n=97   pw=  9 unproved      1375756288  600.011s C
[596/622] grafo8945.94             n=94   pw= 10 unproved      1384881974  600.008s C
[597/622] grafo8957.90             n=90   pw= 11 refutation     937375978  528.421s C
[598/622] grafo9630.95             n=95   pw=  9 refutation     435741673  254.163s C
[599/622] grafo9565.86             n=86   pw=  8 refutation     776107861  282.381s C
[600/622] grafo9887.91             n=91   pw= 10 refutation     279481963  137.421s C
[601/622] grafo9337.86             n=86   pw= 10 refutation    1016503252   446.92s C
[602/622] grafo9842.89             n=89   pw= 10 refutation     315968522  185.971s C
[603/622] grafo9635.99             n=99   pw=  9 refutation     602849779  332.373s C
[604/622] grafo9611.89             n=89   pw= 11 refutation     839177255  385.933s C
[605/622] grafo8963.92             n=92   pw= 11 unproved      1159997977  600.009s C
[606/622] grafo8991.99             n=99   pw=  9 unproved      1253003735  600.012s C
[607/622] grafo9995.94             n=94   pw= 10 refutation     315324602  151.172s C
[608/622] grafo8997.96             n=96   pw= 11 unproved      1546697793  600.009s C
[609/622] grafo9008.91             n=91   pw= 11 unproved      1298792448  600.008s C
[610/622] grafo9948.91             n=91   pw= 10 refutation     415914055  206.113s C
[611/622] grafo9685.83             n=83   pw= 10 refutation    1040094767  393.236s C
[612/622] grafo9357.99             n=99   pw= 12 unproved      1156873626  600.008s C
[613/622] grafo9362.98             n=98   pw= 11 unproved      1261809664  600.008s C
[614/622] grafo9863.91             n=91   pw=  9 refutation    1121361486  391.883s C
[615/622] grafo9850.95             n=95   pw=  9 refutation    1078535304   428.67s C
[616/622] grafo9894.91             n=91   pw= 10 refutation     936982597  407.692s C
[617/622] grafo9699.86             n=86   pw= 11 unproved      1442130111  600.008s C
[618/622] grafo9738.100            n=100  pw= 11 unproved      1178667065  600.009s C
[619/622] grafo9854.91             n=91   pw= 11 unproved      1657943582  600.009s C
[620/622] grafo9864.91             n=91   pw= 11 unproved      1740402688  600.008s C
[621/622] grafo9911.91             n=91   pw= 10 unproved      1572487168  600.008s C
[622/622] grafo9932.91             n=91   pw= 11 unproved      1650704467  600.007s C
done: 622 graphs, 282 proved, 12258s wall -> /home/al/dev/MOSP/pathwidth_solver/bench/results/repaired/rome_600s.csv
