name	id	year	title	topic	venue	abstract_start
MOSP	W2103937264	2014	A biased random‐key genetic algorithm for the minimization of open stacks problem	Advanced Manufacturing and Logistics Optimization	International Transactions in Operational Research	Abstract This paper describes a biased random‐key genetic algorithm (BRKGA) for the minimization of the open stacks problem (MOSP). The MOSP arises in a production system scenario, and consists of determining a sequence of cutting patterns that minimize the maximum number of open stacks during the cutting process. The proposed approach combines a B
MOSP	W2121430424	2003	A method for solving the minimization of the maximum number of open stacks problem within a cutting process	Optimization and Packing Problems	Computers & Operations Research	
MOSP	W2021487162	2009	The minimization of open stacks problem: A review of some properties and their use in pre-processing operations	Optimization and Packing Problems	European Journal of Operational Research	
MOSP	W1991702007	2009	A heuristic for the minimization of open stacks problem	Advanced Graph Theory Research	Pesquisa Operacional	It is suggested here a fast and easy to implement heuristic for the minimization of open stacks problem (MOSP). The problem is modeled as a traversing problem in a graph (Gmosp) with a special structure (Yanasse, 1997b). It was observed in Ashikaga (2001) that, in the mean experimental case, Gmosp has large cliques and high edge density. This infor
MOSP	W3197120598	2021	Mathematical models for the minimization of open stacks problem	Optimization and Packing Problems	International Transactions in Operational Research	Abstract In this paper, we address the minimization of open stacks problem (MOSP). This problem often appears during production planning of manufacturing industries, such as in the cutting of objects to comply with space constraints around the cutting machine in the glass, furniture, and metallurgical industries. During the processing of the cuttin
MOSP	W1605337313	2002	2-Opt Population Training for Minimization of Open Stack Problem	Optimization and Packing Problems	Lecture notes in computer science	
MOSP	W1982726693	1997	On a pattern sequencing problem to minimize the maximum number of open stacks	Optimization and Packing Problems	European Journal of Operational Research	
MOSP	W2889204587	2018	A PageRank-based heuristic for the minimization of open stacks problem	Optimization and Packing Problems	PLoS ONE	The minimization of open stacks problem (MOSP) aims to determine the ideal production sequence to optimize the occupation of physical space in manufacturing settings. Most of current methods for solving the MOSP were not designed to work with large instances, precluding their use in specific cases of similar modeling problems. We therefore propose 
MOSP	W1493287964	2009	Minimizing the Maximum Number of Open Stacks by Customer Search	Optimization and Packing Problems	Lecture notes in computer science	
MOSP	W2090776450	2007	Dynamic Programming to Minimize the Maximum Number of Open Stacks	Optimization and Packing Problems	INFORMS journal on computing	We give a dynamic-programming solution to the problem of minimizing the maximum number of open stacks. Starting from a call-based dynamic program, we show a number of ways to improve the dynamic-programming search, preprocess the problem to simplify it, and determine lower and upper bounds. We then explore a number of search strategies for reducing
MOSP	W2285778518	2015	GRAPH PROPERTIES OF MINIMIZATION OF OPEN STACKS PROBLEMS AND A NEW INTEGER PROGRAMMING MODEL	Optimization and Packing Problems	Pesquisa Operacional	The Minimization of Open Stacks Problem (MOSP) is a Pattern Sequencing Problem that often arises in industry. Besides the MOSP, there are also other related Pattern Sequencing Problems of similar relevance. In this paper, we show that each feasible solution to the MOSP results from an ordering of the vertices of a graph that defines the instance to
MOSP	W2071948962	2012	An adaptive genetic algorithm for large-size open stack problems	Optimization and Packing Problems	International Journal of Production Research	The problem of minimising the maximum number of open stacks arises in many contexts (production planning, cutting environments, very-large-scale-integration circuit design, etc.) and consists of finding a sequence of tasks (products, cutting patterns, circuit gates, etc.) that determines an efficient utilisation of resources (stacks). We propose a 
MOSP	W2106915499	2014	One‐dimensional cutting stock with a limited number of open stacks: bounds and solutions from a new integer linear programming model	Optimization and Packing Problems	International Transactions in Operational Research	Abstract We address a one‐dimensional cutting stock problem where, in addition to trim‐loss minimization, cutting patterns must be sequenced so that no more than s different part types are in production at any time. We propose a new integer linear programming formulation whose constraints grow quadratically with the number of distinct part types an
MOSP	W2746333792	2017	Descent search approaches applied to the minimization of open stacks	Optimization and Packing Problems	Computers & Industrial Engineering	
MOSP	W4379516262	2023	Mathematical models for the cutting stock with limited open stacks problem	Optimization and Packing Problems	RAIRO - Operations Research	This research is focused on solving the Cutting Stock with Limited Open Stacks Problem (CS-LOSP). The CS-LOSP is an optimization problem which consists of the classical Cutting Stock Problem (CSP) paired with the additional constraint that the maximum number of open stacks from the sequencing of the cutting patterns obtained from the CSP solution i
MOSP	W1520060415	2007	Solving the Minimum Number of Open Stacks Problem with Explanation-based Techniques.	Constraint Satisfaction and Optimization		This paper presents a study conducted on the minimum number of open stacks problem (MOSP) which occurs in various production environments where an efficient simultaneous utilization of resources (stacks) is needed to achieve a set of tasks. We investigate through this problem how classical look-back reasonings based on explanations could be used to
MOSP	W4280643906	2022	Models for two- and three-stage two-dimensional cutting stock problems with a limited number of open stacks	Optimization and Packing Problems	International Journal of Production Research	We address three variants of the two-dimensional cutting stock problem in which the guillotine cutting of large objects produces a set of demanded items. The characteristics of the variants are the rectangular shape of the objects and items; the number of two or three orthogonal guillotine stages; and a sequencing constraint that limits the number 
MOSP	W617714991	2005	Improved lower bounds for solving the minimal open stacks problem	Formal Methods in Verification	ENLIGHTEN (Jurnal Bimbingan dan Konseling Islam)	In this paper we demonstrate the beneﬁt of calculating good lower bounds for the value of , the \nmaximum number of concurrently open stacks, for \nan optimal solution. We give several theoretical results and illustrate their use when applying a model \nchecking approach to ﬁnd solutions. The improvement afforded is equally valid when a constraints
MOSP	W2122148260	2002	Connections between cutting-pattern sequencing, VLSI design, and flexible machines	Optimization and Packing Problems	Computers & Operations Research	
MOSP	W37965623	2005	A constraint model and a reduction operator for the minimising open stacks problem	Constraint Satisfaction and Optimization		"We present two constraint models for the Minimising Open Stacks Problem (MOSP). Our ﬁrst model
is based on that reported in, and our second is
a reﬁnement and is more space efﬁcient. We also
present two reduction operators for the MOSP. One
reduction operator is applied as a pre-process to remove elements of the problem that are provably redund"
MOSP	W204137234	2009	A Lower Bound for the Cutting Stock Problem with a Limited Number of Open Stacks.	Optimization and Packing Problems	Cologne Twente Workshop on Graphs and Combinatorial Optimization	
MOSP	W2187461765	2010	THE MINIMIZATION OF OPEN STACKS PROBLEM	Optimization and Packing Problems		The Minimization of Open Stacks Problem is a pattern sequencing problem that is based on the premise that the different items obtained from cutting patterns are piled in stacks in the work area until all items of the same size have been cut. Due to space limitations, it is gainful to find a sequence for the patterns that minimizes the number of ope
MOSP	W2094377471	2010	Lock-free parallel dynamic programming	Algorithms and Data Compression	Journal of Parallel and Distributed Computing	
MOSP	W4394079912	2022	GRAPH PROPERTIES OF MINIMIZATION OF OPEN STACKS PROBLEMS AND A NEW INTEGER PROGRAMMING MODEL	Advanced Manufacturing and Logistics Optimization	Figshare	The Minimization of Open Stacks Problem (MOSP) is a Pattern Sequencing Problem that often arises in industry. Besides the MOSP, there are also other related Pattern Sequencing Problems of similar relevance. In this paper, we show that each feasible solution to the MOSP results from an ordering of the vertices of a graph that defines the instance to
MOSP	W2150442637	2007	Setup and Open-Stacks Minimization in One-Dimensional Stock Cutting	Optimization and Packing Problems	INFORMS journal on computing	The primary objective in cutting and packing problems is trim loss or material input minimization (in stock cutting) or value maximization (in knapsack-type problems). However, in real-life production we usually have many other objectives (costs) and constraints. Probably the most complex auxiliary criteria in one-dimensional stock cutting are the 
MOSP	W2261641583	2009	A method for solving the minimization of the maximum number of open stacks problem within a cutting process	Optimization and Packing Problems	UNCW Institutional Repository	In this paper, the problem of minimizing the maximum number of open stacks around a saw machine is addressed. A new heuristic and a branch-and-bound based exact method for the problem are presented.
MOSP	W2026641910	2004	Refinements on an enumeration scheme for solving a pattern sequencing problem	Optimization and Packing Problems	International Transactions in Operational Research	Abstract We introduce some refinements on a branch‐ and bound‐scheme for solving the minimization of open stack problem (MOSP). After representing the MOSP as a graph traversing problem, we attempt to divide the graph into parts aiming to solve the resulting subgraphs independently in order to reduce the search in the branching scheme. Subgraphs wi
MOSP	W7120289267	2012	The minization of open stacks problem - new contribuctions	Vehicle Routing Optimization Methods	LA Referencia (Red Federada de Repositorios Institucionales de Publicaciones Científicas)	O Problema de Minimização do Número Máximo de Pilhas Abertas (MOSP, do inglês minimization of open stacks problem) é um problema de otimização combinatória da família NP-Difícil que vem recebendo grande atenção na literatura especializada. Este trabalho apresenta novas contribuições em termos de modelos e técnicas de resolução para o problema. A pr
MOSP	W179473421	2006	Techniques rétrospectives pour résoudre le Minimum Open Stacks Problem	Constraint Satisfaction and Optimization	HAL (Le Centre pour la Communication Scientifique Directe)	Nous présentons une étude de cas sur le MOSP (minimum number of open stacks problem). Ce problème se rencontre dans des environnements de production où la réalisation d'un ensemble de tâches n´ecessite une uti- lisation simultanée de diff´erentes ressources (les piles – stacks). `A travers ce problème, nous cherchons com- ment des raisonnements rét
MOSP	W7120424222	2021	Mathematical formulations for the cutting stock with limited open stacks problem	Optimization and Packing Problems	LA Referencia (Red Federada de Repositorios Institucionales de Publicaciones Científicas)	Orientador: Kelly Cristina Poldi
MOSP	W1548790034	2013	A heuristic and an exact method for the gate matrix connection cost minimization problem	Optimization and Packing Problems	International Transactions in Operational Research	Abstract In many applications, a sequencing of patterns (electronic circuit nodes, cutting patterns, product orders, etc.) has to be found in order to optimize some given objective function, giving rise to the so‐called open stack problems. We focus on a problem related to the optimization of gate matrix layouts: electronic circuits are obtained by
MOSP	W4408440630	2024	Heuristic methods for the cutting stock problem with a limited number of open stacks and applications in the furniture industry	Optimization and Packing Problems		
MOSP	W2073303262	2011	Métodos simplificados para o problema de minimização de pilhas abertas	Optimization and Packing Problems	Gestão & Produção	Este trabalho apresenta dois métodos para a solução do Problema de Minimização de Pilhas Abertas (ou MOSP, de Minimization of Open Stacks Problem), um problema de sequenciamento de padrões oriundo do contexto de produção de peças, cuja aplicação industrial é direta. O primeiro é relativo a uma heurística baseada em teoria de grafos e critérios gulo
MOSP	W1584759191	2001	Industrial Pattern Sequencing Problems: some complexity results and new local search models	Scheduling and Optimization Algorithms		In this thesis we explore some industrial pattern sequencing problems arising in settings as distinct as the scheduling of flexible machines, the design of VLSI circuits, and the sequencing of cutting patterns. This latter setting presents us the minimization of open stacks problem, which is the main focus of our study. Some complexity results are 
MOSP	W1976554482	2010	On the one-dimensional stock cutting problem in the paper tube industry	Optimization and Packing Problems	Journal of Scheduling	
MOSP	W2305519311	2009	An alise do desempenho de varia c~ oes de uma formula c~ ao linear para o problema de minimiza c~ ao do n umero m aximo de pilhas abertas	Optimization and Packing Problems		The minimization of the maximum number of open stacks problem is NP-hard and the exact solution of this problem using the methods suggested in the literature is prohibitive when the size of the problem increases since the execution time increases rapidly. In this paper, we analyze variations of an exact model of literature, with the objective of at
MOSP	W2077687786	2014	A breadth-first search applied to the minimization of the open stacks	Optimization and Packing Problems	Journal of the Operational Research Society	This paper presents a heuristic for the minimization of the open stacks problem (MOSP). The proposed heuristic is based on a simple breadth-first search in MOSP graphs and two new greedy rules to overcome errors. The performance of the proposed heuristic is compared with the best exact and heuristic methods available in the literature. The results 
MOSP	W2138106496	2010	Using interval graphs in an order processing optimization problem	Advanced Graph Theory Research	Portuguese National Funding Agency for Science, Research and Technology (RCAAP Project by FCT)	In this paper we address an order processing optimization problem known as minimization of open stacks (MOSP). We present an integer pro gramming model, based on the existence of a perfect elimination scheme in interval graphs, which ﬁnds an optimal sequence for the costumers orders.
MOSP	W4210508415	2022	Heuristic based approach for short term production planning in highly automated customer oriented pallet production	Advanced Manufacturing and Logistics Optimization	Journal of Intelligent Manufacturing	Abstract Wooden pallets are commonly used as load carriers in many industrial and logistic applications. This article investigates and formalizes the production planning for a highly automated but customized pallet production and provides a solution approach. For completing a specific pallet, the required boards must be cut and stacked in advance t
MOSP	W56622025	2010	Minimization of Open Orders Using Interval Graphs	Optimization and Packing Problems		In this paper we address an order pro- cessing optimization problem known as the Minimiza- tion of Open Stacks Problem (MOSP). This problem consists in finding the best sequence for manufactur- ing the different products required by costumers, in a setting where only one product can be made at a time. The objective is to minimize the maximum number
MOSP	W2047615736	2007	New integer programming formulations and an exact algorithm for the ordered cutting stock problem	Optimization and Packing Problems	Journal of the Operational Research Society	Abstract Apart from trim loss minimization, there are many other issues concerning cutting processes that arise in real production systems. One of these is related to the number of stacks that need to be opened near the cutting machines. Many researchers have worked in the last years on cutting stock problems with additional constraints on the numb
MOSP	W3015230057	2020	Automating production planning and control in pallet manufacturing – A case study	Optimization and Packing Problems	Procedia Manufacturing	In this work, we investigate and formalize the production planning for a highly automated pallet production and provide a solution approach. According to the final pallet to be produced, in pallet production boards have to be cut and stacked in order to fulfil the demand at the assembly line. The overall production problem primarily consists of a c
MOSP	W81227130	2005	Bi-Objective Sequencing of Cutting Patterns	Manufacturing Process and Optimization		
MOSP	W2994169977	2013	VARIANTS OF THE CUTTING STOCK PROBLEM AND THE SOLUTION METHODS	Optimization and Packing Problems	DergiPark (Istanbul University)	Over the years, column generation based algorithms such as branch and pricehave been the preferred solution techniques for the classical cutting stock problem(CSP). However, most cutting stock problems encountered in the real world arevariants of the classical CSP with many more complexities. The exact algorithmshave been found wanting for these va
MOSP	W4403612367	2024	A $Δ$-evaluation function for column permutation problems	Statistical Distribution Estimation and Applications	arXiv (Cornell University)	In this study, a new $Δ$-evaluation method is introduced for solving a column permutation problem defined on a sparse binary matrix with the consecutive ones property. This problem models various $\mathcal{NP}$-hard problems in graph theory and industrial manufacturing contexts. The computational experiments compare the processing time of the $Δ$-e
MOSP	W395857555	1998	THE WAY OF PLANNING OF COMMUNITY LIBRARY SYSTEM : Fundamental investigation for the planning of library system to community area (11)	Library Science and Information	Journal of Architecture and Planning (Transactions of AIJ)	The purpose of this study is to investigate the way of planning of community library which undertakes direct circulation service to community area. In the former paper (the tenth report), we presented the three models of catchment area of the town library divided into the small, middle and large scale according to the number of open stack books, an
MOSP	W2107323544	2015	Preface to the Special Issue on Cutting and Packing	Design Education and Practice	International Transactions in Operational Research	"Preface to the Special Issue onCutting and PackingCutting and packing (C&P) problems are hard combinatorial problems, which arise in the context of many real-world applications, both in industry and in services.In general, they require that ""large objects"" be divided into ""small items"" in such a way that waste is minimized.Problems of this kind may"
MOSP	W3029621453	2019	Busca evolutiva guiada por agrupamentos de chaves aleatórias viciadas aplicada ao problema de sequenciamento de padrões	Optimization and Packing Problems		"ABSTRACT
This work proposes the resolution of the problem of the minimization of open stacks
problem (MOSP) by a metaheuristic called biased random-keys evolutionary clustering
search(BRKeCS) , where it uses assumptions of the genetic algorithm of biased
random-keys genetic algorithm (BRKGA) along to evolutionary clustering search(ECS).
MOSP c"
MOSP	W4393114489	2024	A New Approach to the Integrated Cutting Stock and Pattern Sequencing Problem	Optimization and Packing Problems	SSRN Electronic Journal	
MOSP	W4381032995	2008	Learning from the past to dynamically improve search: a case study on the MOSP problem	Constraint Satisfaction and Optimization		Abstract. This paper presents a study conducted on the min-imum number of open stacks problem (MOSP) which occurs in various production environments where an efficient simultane-ous utilization of resources (stacks) is needed to achieve a set of tasks. We investigate through this problem how classical look-back reasonings based on explanations coul
MOSP	W283847882	2011	An integer programming framework for sequencing cutting patterns based on interval graph completion	Optimization and Packing Problems	Portuguese National Funding Agency for Science, Research and Technology (RCAAP Project by FCT)	We derived a framework in integer programming, based on the properties of a linear ordering of the vertices in interval graphs, that acts as an edge completion model for obtaining interval graphs. This model can be applied to problems of sequencing cutting patterns, namely the minimization of open stacks problem (MOSP). By making small modification
MOSP	W3022017491	2010	Minimization of open orders using interval graphs	Vehicle Routing Optimization Methods	Portuguese National Funding Agency for Science, Research and Technology (RCAAP Project by FCT)	In this paper we address an order processing optimization problem known as the Minimization of Open Stacks Problem (MOSP). This problem consists in ﬁnding the best sequence for manufacturing the diﬀerent products required by costumers, in a setting where only one product can be made at a time. The objective is to minimize the maximum number of inco
MOSP	W1863681733	2008	Learning from the Past to Dynamically Improve Search: A Case Study on the MOSP Problem	Constraint Satisfaction and Optimization	Lecture notes in computer science	
MOSP	W2036039835	2010	Sequencing Cutting Patterns with Colored Interval Graphs	Optimization and Packing Problems	IFAC Proceedings Volumes	
MOSP	W4390627220	2020	Uma formulação de fluxos de multicomodidades para o problema de minimização de pilhas abertas	Optimization and Packing Problems	Anais do Simpósio Brasileiro de Pesquisa Operacional	No contexto de operac es de corte em sistemas de manufatura, o problema de minimizac o de pilhas abertas (MOSP, do ingls, Minimization of Open Stacks Problem) consiste em determinar a sequncia de processamento de padres de corte previamente definidos, que minimiza o nmero mximo de tipos de itens simultaneamente em processo. O MOSP surge tambm como 
MOSP	W1486847405	2012	O problema de minimização de pilhas abertas - novas contribuições	Optimization and Packing Problems		The minimization of open stacks problem (MOSP) is a well known NP-hard combinatorial optimization problem that has been extensively discussed in the specialized literature.This study presents some new contributions in terms of models and solution methods for this problem.The first part of this thesis dealt with mathematical models.The existing mixe
MOSP	W7171979252	2026	EMPIRICAL STUDY ON ONE-DIMENSIONAL CUTTING STOCK PROBLEM SOLUTIONS USING ONLY CUTTING PATTERNS WITH A LIMITED NUMBER OF DISTINCT ITEM TYPES	Optimization and Packing Problems	Pesquisa Operacional	ABSTRACT In this study we focus on the approximate solution of the one-dimensional Cutting Stock Problem (CSP) by leveraging insights from studies on the Cutting Stock Problem with a Limited Number of Open Stacks (CS-LOSP). The CS-LOSP, a variant of the classical CSP, imposes a limit on the number of open stacks during production, reflecting constr
MOSP	W4388855663	2021	Formulações matemáticas para o problema de corte de estoque com limitação no número máximo de pilhas abertas	Optimization and Packing Problems		A toda minha família, por toda ajuda oferecida, em especial a minha avó Teresa, por todo o carinho dispensado a mim, aos meus pais, Ênio e Patricia, por todo apoio dado, aos meus irmãos Clara e Lucas, à minha avó Vânia e ao meu avô Paulo, a quem dedico este trabalho, por sempre me encorajar e apoiar, à quem me espelho como pessoa e profissional.A t
MOSP	W9258149	2006	Résolution de problèmes combinatoires par des approches fondées sur la notion d'explication	Constraint Satisfaction and Optimization	HAL (Le Centre pour la Communication Scientifique Directe)	Constraint programming is a search paradigm for solving combinatorial optimization pro- blems, that has been used to design generic solvers. Numerous researches are conducted to deal with over-constrained and dynamic problems. One of those, is based on the concept of explanations. Explanations provide a trace of the behavior of the solver and have 
MOSP	W2598116679	2016	"Lifting e generazione di disuguaglianze per il politopo delle ""Consecutive Ones"""	Assembly Line Balancing Optimization		Lo studio sviluppato in questa tesi muove dall'esigenza di dare una formulazione matematica ad alcuni problemi di sequenziamento ottimale che emergono in diversi ambiti applicativi, quali ad esempio la pianificazione della produzione, l'ndustria del taglio e la progettazione di circuiti elettronici. In tali situazioni si presenta spesso l'esigenza 
gate matrix layout	W2012970601	1985	Gate Matrix Layout	VLSI and FPGA Design Techniques	IEEE Transactions on Computer-Aided Design of Integrated Circuits and Systems	A graph-theoretic description of the problem of layout of CMOS circuits in the style of gate matrix in minimum area is presented. The problem is formulated as one of finding two assignment functions f and h such that the layout L(f, h) requires the minimum number of rows of the gate matrix. The function f maps the distinct gates of the transistors 
gate matrix layout	W2081922338	1980	A dense gate matrix layout method for MOS VLSI	VLSI and FPGA Design Techniques	IEEE Transactions on Electron Devices	A rapid and systematic method for performing chip layout of VLSI circuits is described. This method utilizes the configuration of a matrix composed of intersecting rows and columns to provide transistor placement and interconnections. This structure, which is orderly and regular, gives high device-packing density and allows ease of checking for lay
gate matrix layout	W2153362081	1990	Graph Problems Related to Gate Matrix Layout and PLA Folding	VLSI and FPGA Design Techniques	Computing. Supplementum	
gate matrix layout	W2162494152	1987	Exact and Approximate Solutions for the Gate Matrix Layout Problem	Advanced Graph Theory Research	IEEE Transactions on Computer-Aided Design of Integrated Circuits and Systems	We consider the gate matrix layout problem for VLSI circuits, which is known to be NP-complete. We present an efficient algorithm for determining whether two tracks suffice. For the general problem of minimizing the number of tracks (and, hence, the area) needed, we design an attractive dynamic programming formulation to guarantee optimality. We al
gate matrix layout	W2064298069	1987	An Efficient Approach to Gate Matrix Layout	VLSI and FPGA Design Techniques	IEEE Transactions on Computer-Aided Design of Integrated Circuits and Systems	This paper proposes a new representation of nets for gate matrix layout, called dynamic-net-lists. The dynamic-net-list representation is better suited for layout optimization than the traditional fixed-net-list since with it net-bindings can be delayed until the gate-ordering has been constructed. Based on dynamic-net-lists, an efficient modified 
gate matrix layout	W1973324808	1994	Obstruction set isolation for the gate matrix layout problem	VLSI and FPGA Design Techniques	Discrete Applied Mathematics	
gate matrix layout	W1999869368	1980	A Dense Gate Matrix Layout Method for MOS VLSI	VLSI and FPGA Design Techniques	IEEE Journal of Solid-State Circuits	A rapid and systematic method for performing chip layout of VLSI circuits is described. This method utilizes the configuration of a matrix composed of interacting rows and columns to provide transistor placement and interconnections. This structure, which is orderly and regular, gives high device-packing density and allows ease of checking for layo
gate matrix layout	W2024969717	1989	Improved gate matrix layout	VLSI and FPGA Design Techniques	IEEE Transactions on Computer-Aided Design of Integrated Circuits and Systems	A two-stage approach to gate matrix layout is described. The approach consists of: the determination of an optimal gate sequence and an assignment of nets to rows such that the nets are realizable. The gate sequence algorithm is based on T. Asano's approximate search (1981). Modifications are made to it to take into account constraints of transisto
gate matrix layout	W2169620189	2002	A constructive genetic algorithm for gate matrix layout problems	VLSI and FPGA Design Techniques	IEEE Transactions on Computer-Aided Design of Integrated Circuits and Systems	This paper describes an application of a Constructive Genetic Algorithm (CGA) to the gate matrix layout problem (GMLP). The GMLP happens in very large scale integration design and can be described as a problem of assigning a set of circuit nodes (gates) in an optimal sequence, such that the layout area is minimized, as a consequence of optimizing t
gate matrix layout	W3148139408	1988	Gate Matrix Layout	Scheduling and Optimization Algorithms	Kluwer international series in engineering and computer science	
gate matrix layout	W2093670892	1990	GM Plan: a gate matrix layout algorithm based on artificial intelligence planning techniques	VLSI and FPGA Design Techniques	IEEE Transactions on Computer-Aided Design of Integrated Circuits and Systems	The CMOS gate matrix layout problem is formulated and solved as an artificial intelligence planning problem in which a plan (the solution algorithm) is to be generated to achieve a goal (the gate matrix layout). The overall goal consists of many subgoals, each of which corresponds to the placement of a gate to a slot, and to the routing of associat
gate matrix layout	W2075807057	1980	A dense gate matrix layout style for MOS LSI	VLSI and FPGA Design Techniques		This paper will discuss a layout style - gate matrix - for CMOS VLSI in the polysilicon gate technology. Approach, simplifying and unifying layout procedure by using an orderly structure, a matrix, characterized by rows of polysilicon and columns of diffusion, has been tested in a 20,000- transistor layout.
gate matrix layout	W1997323952	2004	A multiple-population evolutionary approach to gate matrix layout	VLSI and FPGA Design Techniques	International Journal of Systems Science	This paper deals with a Very-Large-Scale Integrated systems design problem that belongs to the NP(Nondeterministic Polynomial)-hard class. The Gate Matrix Layout problem has numerous applications in the chip-manufacturing industry and in other industrial settings. A memetic algorithm is employed to solve a set of benchmark instances, and numerical 
gate matrix layout	W2127469065	1983	Gate Matrix Layout of Random Control Logic in a 32-bit CMOS CPU Chip Adaptable to Evolving Logic Design	Low-power high-performance VLSI design	IEEE Transactions on Computer-Aided Design of Integrated Circuits and Systems	BELLMAC-32A is a single-chip fully 32-bit high-end microprocessor designed in 2.5-?m twin-tub CMOS technology. This paper describes the gate matrix layout of random control logic in BELLMAC-32A with top-down hierarchical design methodology. The gate matrix layout provided (1) parallel team layout efforts, (2) adaptability to evolving logic design w
gate matrix layout	W1649623028	2005	Genetic Beam Search For Gate Matrix Layout	VLSI and FPGA Design Techniques		'Inhis popci prc5ciiIs a iiouel inipleineiztafzoii of the Cti)(/ic Algol i/hin 111 coinbiizataon wath beam seaich Joi gale matiax layout. Thzs zs a permutatzon problem, JOT iul)zch Ihc trndztional geneiac crossover operator restills zi1 rqeizlzoii of gates, and therefore the GA as not applicable wzthout modzjicataon. However, the GA as N very efici
gate matrix layout	W2169686152	1989	A comparison of four two-dimensional gate matrix layout tools	VLSI and FPGA Design Techniques		A comparison of four layout tools is presented. The layout style is a two-dimensional gate matrix. The first layout tool discussed uses standard simulated annealing. Annealing on gate clusters instead of individual gates can be used to improve the layout results. Two different ways of determining good gate clusters for use in the annealing process 
gate matrix layout	W2107361121	1988	Improved net merging method for gate matrix layout	VLSI and FPGA Design Techniques	IEEE Transactions on Computer-Aided Design of Integrated Circuits and Systems	A net-merging method is proposed for gate-matrix layout. The method is based on a density function to calculate the minimum number of tracks necessary for the net assignment. Examples that demonstrate how this method leads to a denser gate matrix layout are included. The pitch of the gate columns is determined by the design rules, in particular, th
gate matrix layout	W2129707479	1987	GM : a gate matrix layout generator	VLSI and FPGA Design Techniques	TU/e Research Portal	
gate matrix layout	W1980343877	1990	Optimal gate-matrix layout of CMOS functional cells	VLSI and FPGA Design Techniques	Integration	
gate matrix layout	W2111172728	2003	A new algorithm for CMOS gate matrix layout	VLSI and FPGA Design Techniques		Efficient algorithms for CMOS gate matrix layouts which have fully utilized the duality between NMOS and PMOS are presented. Improper assumptions made by previous authors are pointed out. Problems which have prevented previous algorithms from reaching a real optimal result are discussed and solved. Significant improvements are achieved over previou
gate matrix layout	W2006147742	1990	GM-learn: an iterative learning algorithm for CMOS gate matrix layout	VLSI and FPGA Design Techniques	IEE Proceedings E Computers and Digital Techniques	In the paper, an iterative CMOS gate matrix layout algorithm utilising artificial intelligence (A.I.) learning techniques is proposed. This algorithm, called GM-Learn, features a rudimentary learning mechanism which enables iterative improvements of the quality of a gate matrix layout. This is accomplished through the repetitive applications of a o
gate matrix layout	W2988873656	1990	GM-Learn: an iterative learning algorithm for CMOS gate matrix layout	Advancements in Photolithography Techniques		An iterative CMOS gate matrix layout algorithm utilising artificial intelligence (A.I.) learning techniques is proposed. This algorithm called GM-Learn, features a rudimentary learning mechanism which enables iterative improvements of the quality of a gate matrix layout. This accomplished through the repetitive applications of a one-pass gate matri
gate matrix layout	W2073574875	1992	Achieving optimality for gate matrix layout and PLA folding: a graph theoretic approach	Advanced Graph Theory Research	Integration	
gate matrix layout	W2091035977	1994	Genetic beam search for gate matrix layout	Metaheuristic Optimization Algorithms Research	IEE Proceedings - Computers and Digital Techniques	The paper presents a novel implementation of the genetic algorithm in combination with beam search for gate matrix layout. This is a permutation problem, for which the traditional genetic crossover operator results in repetition of gates, and therefore the GA is not applicable without modification. However, the GA is a very efficient stochastic opt
gate matrix layout	W2118951767	1990	A transistor reordering technique for gate matrix layout	VLSI and FPGA Design Techniques		An algorithm is introduced which uses logic equations to determine a gate sequence and a set of nets which optimize the gate matrix layout area. Using logic equations allows the reordering of transistors in a completely general manner. Previous works using net-lists and the concept of delayed binding performed only a small subset of the reordering 
gate matrix layout	W1525313040	1992	Achieving optimality for gate matrix layout and PLA folding: A graph theoretic approach	Advanced Graph Theory Research	Lecture notes in computer science	
gate matrix layout	W2134137447	1989	Gate matrix layout synthesis with two-dimensional folding	VLSI and FPGA Design Techniques		We have developed a gate matrix layout synthesis tool which utilizes folding technique on both rows and columns. The conventional interval graph model and the recently proposed dynamic net-list representation can not fully depict circuit schematics such as inter-net connections. The incomplete representations may mislead the search process for an o
gate matrix layout	W162614615	1988	Efficient algorithms for gate matrix layout	VLSI and FPGA Design Techniques	ThinkTech (Texas Tech University)	A.l The structure diagram of the gate ordering module 134 A.2 The structure diagram of the row ordering module 135 A.3 The transistor-level representation of the circuit in fig.6
gate matrix layout	W2189041658	1992	A Genetic Gate Matrix Layout Algorithm	VLSI and FPGA Design Techniques		This report describes a novel approach for generating a gate matrix style layout. We present a genetic algorithm for determining the order of the polysilicon columns in the layout, which is the first step in generating a gate matrix style layout. The algorithm operates on a set of solutions and produces new solutions through the application of thre
gate matrix layout	W1751109640	2002	Population Studies for the Gate Matrix Layout Problem	Scheduling and Optimization Algorithms	Lecture notes in computer science	
gate matrix layout	W2118984862	2003	A genetic gate matrix layout algorithm (CMOS circuits)	VLSI and FPGA Design Techniques		The authors describe a novel approach for generating a gate matrix style layout. They present a genetic algorithm for determining the order of the polysilicon columns in the layout, which is the first step in generating a gate matrix style layout. The algorithm operates on a set of solutions and produces new solutions through the application of thr
gate matrix layout	W1662023440	2002	Solving gate-matrix layout problems by simulated evolution	VLSI and FPGA Design Techniques	1993 IEEE International Symposium on Circuits and Systems	A simulated evolution algorithm for synthesizing CMOS random logic modules is presented. The gate-matrix layout problem is solved as a one-dimensional transistor gates placement problem. Given a placement of all the transistor gates, simulated evolution offers a systematic method to improve the quality of the layout that is measured by the number o
gate matrix layout	W1569990623	1989	Gate matrix layout revisited: Algorithmic performance and probabilistic analysis	Advanced Graph Theory Research	Lecture notes in computer science	
gate matrix layout	W1558956244	2003	GMLearn: an iterative learning algorithm for CMOS gate matrix layout	Advanced Multi-Objective Optimization Algorithms		An iterative CMOS gate matrix layout algorithm utilizing artificial intelligence (AI) learning techniques is presented. This GMLearn algorithm features a rudimentary learning mechanism which improves the quality of a gate matrix layout through the repetitive application of a one-pass algorithm GMPlan, developed by the authors. Two AI learning parad
gate matrix layout	W2142823686	2003	GM Plan: a gate matrix layout algorithm based on artificial intelligence planning techniques	Advanced Multi-Objective Optimization Algorithms		Gate matrix layout is formulated as a planning problem where a plane (the solution steps) is generated to achieve a goal (the gate matrix layout) that consists of interacting subgoals. Each subgoal corresponds to the placement of a gate to a slot, or to the routing of a net connecting gates. The interaction among subgoals is managed with two artifi
gate matrix layout	W2147931343	2003	Net assignment in gate matrix layout	VLSI and FPGA Design Techniques		In the gate matrix layout approach for CMOS circuits, columns are first rearranged so as to minimize the number of rows needed. This problem is known to be NP-hard. When this is completed, the sets of nets and vertical diffusion runs are determined. The next problem is to assign the nets to rows so that the gate matrix can by physically laid out wi
gate matrix layout	W2136108754	1994	An Efficient Polynomial-Time Algorithm for Three-track Gate Matrix Layout	VLSI and FPGA Design Techniques	The Computer Journal	Gate Matrix Layout (GML) is a combinatorial optimization problem that arises in several VLSI layout styles. It is known to be equivalent to other important problems in combinatorial graph theory including vertex separation and pathwidth. While the general problem is N P-complete, when the relevant parameter is fixed, the decision problem can be sol
gate matrix layout	W1930413607	2003	ALLADIN: a CMOS gate matrix layout system	VLSI and FPGA Design Techniques		The proposed branch-based gate-matrix layout system provides several advantages for the automatic generation of layout under topological and speed constraints. It is, to the authors' knowledge, the simplest way to perform this automatic generation, both because it works at the symbolic level and because the basic elements which are placed, intercon
gate matrix layout	W88588560	2004	VLSI design: gate matrix layout problem	Evolutionary Algorithms and Applications	Studies in fuzziness and soft computing	
gate matrix layout	W2106172745	2002	An extended 1-D assignment problem: net assignment in gate matrix layout	VLSI and FPGA Design Techniques		A formulation for the net assignment problem in gate matrix layout is presented. A problem called the extended one-dimensional assignment problem is defined. A heuristic algorithm for solving this extended one-dimensional assignment problem is proposed. Since the net assignment problem in gate matrix is the extended one-dimensional assignment probl
gate matrix layout	W2155459707	1990	PARAGON: a new package for gate matrix layout synthesis	VLSI and FPGA Design Techniques	European Design Automation Conference	Gate matrix is a layout style for implementing logic in integrated MOS circuits. In this paper we discuss algorithms used in a newly developed software package called PARAGON which generates near-optimal gate matrix geometric layouts given a set of logic expressions. New features include individual sizes of transistors being taken into account at a
gate matrix layout	W2133684485	2002	A novel algorithm for ordering gate sequence for gate matrix layout	VLSI and FPGA Design Techniques		Gate matrix is a layout style for MOS (NMOS or CMOS) integrated circuits. A novel algorithm to determine the optimal gate sequence in gate matrix layout is presented. The algorithm depends on a predictor-and-adaptor procedure which is implemented on IBM-PC/AT and SUN workstations in C language. The algorithm reduces CPU time (10-20)% and reduces th
gate matrix layout	W2024691188	2001	On a solution of a randomized three tracks variant of the Gate Matrix Layout problem	VLSI and FPGA Design Techniques	Discrete Mathematics	
gate matrix layout	W4239748832	1982	Gate Matrix Layout of Random Control Logic in a 32-bit CMOS CPU Chip Adaptable to Evolving Logic Design	Low-power high-performance VLSI design		Previously the gate matrix technique was used to lay out the RALU section of a CMOS 32-bit CPU chip. It took 1.2 Engineer-Years to complete the layout of the RALU that contained more than 20,000 transistors with multiple-bus structure. The average packing density was 840 μm/sup 2/ per transistor in 2.5 μm design rules. Recently we have applied the 
gate matrix layout	W2059948709	1986	Automated Extraction of SPICE Circuit Models from Symbolic Gate Matrix Layout with Pruning	VLSI and FPGA Design Techniques	Design Automation Conference	VLSI designers have made extensive use of SPICE simulation to analyze timing-critical circuits such as critical paths and clock distribution networks. Rigorous modeling of resistive and capacitive parasitics and transistors is required for these timing-critical circuits. Unfortunately the conventional circuit extractors have been unable to model wi
gate matrix layout	W4246429460	1986	Automated extraction of SPICE circuit models from symbolic gate matrix layout with pruning	VLSI and Analog Circuit Testing		
gate matrix layout	W2052867211	1992	The vertex separation number of a graph equals its path-width	Advanced Graph Theory Research	Information Processing Letters	
gate matrix layout	W2076322499	1994	The Vertex Separation and Search Number of a Graph	Advanced Graph Theory Research	Information and Computation	
gate matrix layout	W2121388346	1984	Noise associated with distributed resistance of MOSFET gate structures in integrated circuits	Advancements in Semiconductor Devices and Circuit Design	IEEE Transactions on Electron Devices	The effect of thermal voltage fluctuations in a resistive gate matrix perpendicular to the direction of channel current, in a MOSFET, are treated in detail. A general formula is derived to arrive at channel current fluctuations for an arbitrary gate matrix layout. This formulation is an extension of the analysis done by Thornber and is valid for fr
gate matrix layout	W2157590614	2002	On the synthesis of gate matrix layout	VLSI and FPGA Design Techniques		The gate matrix design style has evolved over the last few years as an alternative to semi-custom VLSI design methodology. A new approach for the design of gate matrix layouts from functional specifications is reported in this paper. The method uses genetic algorithms to solve some of the subproblems that arise in the synthesis process. Results obt
gate matrix layout	W2261157693	1989	AN APPROACH TO GATE MATRIX LAYOUT	Advanced Numerical Analysis Techniques	International Conference on VLSI and CAD	
gate matrix layout	W2337437631	1985	Gate Matrix Layout 의 Compaction Algorithm ( Compaction Algorithm for Gate Matrix Layout )	Parallel Computing and Optimization Techniques	대한전자공학회 학술대회	
gate matrix layout	W2287933505	1991	Folding algorithms for gate matrix layouts	VLSI and FPGA Design Techniques	ThinkTech (Texas Tech University)	
gate matrix layout	W2149999885	2005	Performance Aspects of Gate Matrix Layout	VLSI and FPGA Design Techniques		This paper introduces performance aspects as a new optimization criteria when generating Gate Matrix Layouts. A new layout model is presented that limits the amount of parasitic capacitance in signal paths and the resistance in power supply lines. The performance considerations are combined with a new layout s-trategy that improves circuit performa
gate matrix layout	W1900328264	1984	CAD를 이용한 Gate Matrix Layout	Interconnection Networks and Systems	한국정보과학회 학술발표논문집	Polysilicon을 matrix 의 column 에, diffusion과 metal 을 row 에 할당하여 polysilicon 과 diffusion 의 교차점에서 transistor 를 형성하는 Gate Matrix Layout방식이 있다. 본 논문에서는 Gate Matrix Layout 방식의 면적을 최소화하는 문제의 해를 구하는 방법을 제안한다. Chip 면적의 최소화는 track 수를 최소화함으로써 얻을 수 있는데, 본 논문에서는 connection graph 로 부터 v.d.c. matrix 를 구성하고 최소의 clique 수와 dummy1 을 갖는 filled matrix 를 재구성함으로써 track 수를
gate matrix layout	W2131824807	1987	Automated layout generation using gate matrix approach	VLSI and FPGA Design Techniques		This paper presents a software system ALSUGMA for automated gate matrix layout generation. Its structured Net-List and Realization Matrix models which are different from previous interval graph approach are introduced. Algorithms to minimize and realize the gate matrix layout are also presented with examples. Empirical results showed good performan
gate matrix layout	W2244762101	1989	A HIERARCHICAL ALGORITHM FOR GATE MATRIX LAYOUT	Computational Geometry and Mesh Generation	International Symposium on Circuits and Systems	
gate matrix layout	W4238503746	2002	A transistor reordering technique for gate matrix layout	VLSI and FPGA Design Techniques		An algorithm is introduced which uses logic equations to determine a gate sequence and a set of nets which optimize the gate matrix layout area. Using logic equations allows the reordering of transistors in a completely general manner. Previous works using net-lists and the concept of delayed binding performed only a small subset of the reordering 
gate matrix layout	W2302128470	1986	Net의 구조 분석에 의한 Gate Matrix Layout Algorithm ( Gate Matrix Layout Algorithm by Analyzing the Structure of Net )	Advanced Algorithms and Applications	대한전자공학회 학술대회	
gate matrix layout	W1770734207	1989	Automated gate matrix layout of cmos circuits	VLSI and FPGA Design Techniques		In this dissertation, we consider the problem of obtaining a layout of a CMOS circuit based on the gate matrix style. The problem is formulated as one of finding two functions, a gate sequencing function, $f$, which maps the transistor gates onto the columns of the gate matrix, and a net assignment function, $h$, which maps the nets that connect th
gate matrix layout	W2025479407	1997	A neural network approach to gate matrix layout	VLSI and FPGA Design Techniques	Journal of Electronics (China)	
gate matrix layout	W1748041221	2003	Partition based heuristics for gate matrix layout	VLSI and FPGA Design Techniques		An extension is presented of a concept called dynamic-net-list representation for CMOS circuit layout in the gate-matrix style. With this extension, delayed bindings for nets representing complex connections, such as serial-parallel or parallel-serial connected transistors, can be handled. The authors also develop a heuristic for obtaining a fast f
gate matrix layout	W1955994600	2003	A grouping heuristic algorithm for gate matrix layout	VLSI and FPGA Design Techniques	International Symposium on VLSI Technology, Systems, and Applications	For the gate matrix layout problem, it is necessary to minimize the area of the layout and the total wire length. The authors propose grouping poly-gates as a pseudo gate to simplify the problem and reduce execution time. Good results have been obtained very quickly using the grouping insertion.>
gate matrix layout	W2912032264	2002	Population Studies For The Gate Matrix Layout Problem	Optimization and Search Problems	Scopus	This paper addresses a Very Large Scale Integrated (VLSI) design problem that belongs to the NP-hard class. The Gate Matrix Layout problem has strong applications on the chip-manufacturing industry. A Memetic Algorithm is employed to solve a set of benchmark instances, present in previous works in the literature. Beyond the results found for these 
gate matrix layout	W4256128627	2005	Solving gate-matrix layout problems by simulated evolution	VLSI and FPGA Design Techniques	1993 IEEE International Symposium on Circuits and Systems	
gate matrix layout	W1855711546	2003	A synthesis algorithm for orthogonally structured gate matrix layouts	VLSI and FPGA Design Techniques		The authors discuss a gate matrix layout partitioning problem. To improve the device density in the layout, they present a new template for gate matrix style layouts so that the gates in two adjoining sections of the partitioned layout are orthogonal to each other. The advantages of column folding are included in the template. The simulated anneali
gate matrix layout	W4230967514	2002	PARAGON: a new package for gate matrix layout synthesis	VLSI and FPGA Design Techniques	Proceedings of the European Design Automation Conference, 1990., EDAC.	Gate matrix is a layout style for implementing logic in integrated MOS circuits. The authors discuss algorithms used in a newly developed software package called PARAGON which generates near-optimal gate matrix geometric layouts given a set of logic expressions. New features include individual sizes of transistors being taken into account at all st
gate matrix layout	W2970992775	1992	A New Layout Model For Automatic Gate Matrix Layout Generation	VLSI and Analog Circuit Testing	Technical University of Denmark, DTU Orbit (Technical University of Denmark, DTU)	
gate matrix layout	W2128862124	2002	Gate matrix layout based on hierarchical net-list representations	VLSI and FPGA Design Techniques		The authors propose a hierarchical gate matrix layout algorithm based on a new net-list. It has remarkable features such that logical equivalence is considered, and the drawback of the greedy method can be overcome by using special features of multiterminal nets. Experimental results for CMOS circuits are far superior to those obtained by another p
gate matrix layout	W2293432926	1986	Net의 구조 분석에 의한 Gate Matrix Layout Algorithm	Interconnection Networks and Systems	대한전자공학회 학술대회	
gate matrix layout	W89568374	1993	Compact gate matrix layout using improved MOS processing	Advancements in Semiconductor Devices and Circuit Design	International Conference for Young Computer Scientists	
gate matrix layout	W2167348686	2002	An efficient hybrid heuristic for the gate matrix layout problem in VLSI design	VLSI and FPGA Design Techniques		In this paper, we consider the gate matrix layout problem in VLSI design, where the goal is to minimize the number of tracks required to layout a given circuit. An efficient hybrid heuristic algorithm is proposed to solve this combinatorial optimization problem, which is based on the combination of the probabilistic hill-climbing technique and a gr
gate matrix layout	W1921963327	2002	Technology- and power-supply-independent cell library	Low-power high-performance VLSI design		The authors present a novel principle for the design of digital CMOS cell libraries. All the cells are made of branches (1 to 3 MOS in series), providing the possibility of describing only a few very simple branch models that can be parameterized by the power supply and by different technologies. All the cells are exclusively made of branches that 
gate matrix layout	W2600610918	1993	An Efficient Hybrid Heuristic and Probabilistic Model for the Gate Matrix Layout Problem in VLSI Design	VLSI and FPGA Design Techniques	University of North Texas Digital Library (University of North Texas)	In this thesis, the gate matrix layout problem in VLSI design is considered where the goal is to minimize the number of tracks required to layout a given circuit and a taxonomy of approaches to its solution is presented. An efficient hybrid heuristic is also proposed for this combinatorial optimization problem, which is based on the combination of 
gate matrix layout	W4246124549	1986	Automated Extraction of SPICE Circuit Models from Symbolic Gate Matrix Layout with Pruning	Low-power high-performance VLSI design		VLSI designers have made extensive use of SPICE simulation to analyze timing-critical circuits such as critical paths and clock distribution networks. Rigorous modeling of resistive and capacitive parasitics and transistors is required for these timing-critical circuits. Unfortunately the conventional circuit extractors have been unable to model wi
gate matrix layout	W2401531067	2010	Design-rule independent layout generation of PLA and gate matrix layouts for CMOS technologies	VLSI and FPGA Design Techniques	cIRcle (University of British Columbia)	Automatic layout generation techniques can be used to generate layouts in arbitrary technologies if sufficient information describing the technology is available, and if sufficient constraints can be applied to device placement and routing. Two approaches can be taken to the automatic generation of layouts: the coordinate-free, or relative coordina
gate matrix layout	W2473791351	1990	Studies on vlsi performance-driven layout, gate matrix layout, and wafer packing problem	VLSI and FPGA Design Techniques		Effective VLSI physical layout design tools may assist design engineers to produce good quality chips. Some of the optimization objectives, such as to minimize chip size to reduce the production cost, to shorten clock rate supplied to chips, to lower power consumption, to even thermal dissipation in the chip, and to design for testability, may infl
gate matrix layout	W2120100848	1999	Linear gate assignment: a fast statistical mechanics approach	VLSI and FPGA Design Techniques	IEEE Transactions on Computer-Aided Design of Integrated Circuits and Systems	This paper deals with the problem of linear gate assignment in two layout styles: one-dimensional logic array and gate matrix layout. The goal is to find the optimal sequencing of gates in order to minimize the required number of tracks, and thus to reduce the overall circuit layout area. This is known to be an NP-hard optimization problem, for whi
gate matrix layout	W2019707217	1986	GENIE: A Generalized Array Optimizer for VLSI Synthesis	VLSI and FPGA Design Techniques	Design Automation Conference	A new generalized array optimization scheme is presented which solves the problem of efficient automatic layout of multi-level CMOS and NMOS logic circuits. The new approach has been implemented in the program GENIE which can be used for the multiple folding of PLAs, as well as for compacting gate matrix layouts, SLAs, and Weinberger arrays. The ce
gate matrix layout	W2009047868	1987	Domino-CMOS barrel switch for 32-bit VLSI processors	Analog and Mixed-Signal Circuit Design	IEEE Circuits and Devices Magazine	A description is given of a full-fledged CMOS 32-bit barrel switch and its physical design. With an extensive use of domino-CMOS circuits with undecoded control signals, a high-speed, area-efficient barrel switch was designed to shift or rotate 32-bit data to the left or right by any number of bit positions between 0 and 31. Operating principles, t
gate matrix layout	W409005221	1993	An Efficient Algorithm for Multiple Folded Gate Matrix Layout (Special Section on VLSI Design and CAD Algorithms)	VLSI and FPGA Design Techniques	IEICE Transactions on Fundamentals of Electronics Communications and Computer Sciences	
gate matrix layout	W2098879666	1994	Improved self-reduction algorithms for graphs with bounded treewidth	Advanced Graph Theory Research	Discrete Applied Mathematics	
gate matrix layout	W1990720991	1982	Gate Matrix Layout of Random Control Logic in a 32-bit CMOS CPU Chip Adaptable to Evolving Logic Design	VLSI and FPGA Design Techniques		Previously the gate matrix technique was used to lay out the RALU section of a CMOS 32-bit CPU chip. It took 1.2 Engineer-Years to complete the layout of the RALU that contained more than 20,000 transistors with multiple-bus structure. The average packing density was 840 μm/sup 2/ per transistor in 2.5 μm design rules. Recently we have applied the 
gate matrix layout	W4246664669	1982	Gate matrix layout of random control logic in a 32-bit CMOS CPU chip adaptable to evolving logic design	Low-power high-performance VLSI design		Previously the gate matrix technique was used to lay out the RALU section of a CMOS 32-bit CPU chip. It took 1.2 Engineer-Years to complete the layout of the RALU that contained more than 20,000 transistors with multiple-bus structure. The average packing density was 840 μm2 per transistor in 2.5 μm design rules. Recently we have applied the gate m
gate matrix layout	W1971489728	1998	Minimal Oriented Graphs of Diameter 2	Advanced Graph Theory Research	Graphs and Combinatorics	
gate matrix layout	W1577728416	1986	Automatic Generation of CMOS Layout Cells Under Topological Constraints	VLSI and FPGA Design Techniques		A program which generates gate matrix layout cells under user's topological constraints is presented. This is a first step towards a very efficient module generator, i.e. a generator in which all slices and cells are assembled by abutment.
gate matrix layout	W1588705292	1990	Improved self-reduction algorithms for graphs with bounded treewidth	Advanced Graph Theory Research	Lecture notes in computer science	
gate matrix layout	W1812338194	2002	Minimization of exclusive sums of multi-valued complex terms for logic cell arrays	VLSI and FPGA Design Techniques		The paper proposes a new layout-driven multi-level logic factorization methodology for regular arrays of two-input cells, that can find practical applications in fine-grain FPGA design, standard cell, gate matrix layout and sub-micron technologies. A new factorization algorithm for AND/OR/EXOR logic with multi-valued literals is introduced, that ha
gate matrix layout	W2057846966	1983	NMOS dense gate matrix VLSI design	Semiconductor materials and devices	IEEE Journal of Solid-State Circuits	New optimized rules for a fast dense gate matrix layout in single-metal polysilicon-gate depletion-load NMOS technology are presented and applied to a cell design suitable for a VLSI custom cell library.
gate matrix layout	W4256272885	1986	GENIE: A Generalized Array Optimizer for VLSI Synthesis	VLSI and FPGA Design Techniques		A new generalized array optimization scheme is presented which solves the problem of efficient automatic layout of multi-level CMOS and NMOS logic circuits. The new approach has been implemented in the program GENIE which can be used for the multiple folding of PLAs, as well as for compacting gate matrix layouts, SLAs, and Weinberger arrays. The ce
gate matrix layout	W2112144081	2002	Dense layouts for series-parallel circuits	Advanced Graph Theory Research		The authors address the question 'when do three tracks suffice for the gate matrix layout of series-parallel circuits?' and demonstrate that the rather surprising answer appears to be 'almost always.' This is in contrast to the fact that an unbounded number of tracks may be required to layout contrived instances in the worst case. Their approach st
gate matrix layout	W1604024106	1986	Area Optimized MOS Circuit Generation using the Circuit Synthesis Program MOSYN-2	Low-power high-performance VLSI design		An area optimized circuit synthesis scheme for MOS LSI logic is presented. The optimum circuit is selected out of multiple circuits based on three kinds of area estimation index numbers for circuit topologies. The circuits are generated by a circuit synthesis program MOSYN-2 from a logic specification. These area estimation index numbers can be use
gate matrix layout	W2168324269	2002	JOGM: A CMOS cell layout style using jogged transistor gates	Advancements in Photolithography Techniques		A new width minimizing layout style called jogged gate matrix (JOGM) for CMOS cells is described. The traditional gate matrix layout style is modified by inserting 45/spl deg/ jogs into transistor gates. Thus, JOGM improves CMOS cell width by 23% to 31% in comparison to traditional gate matrix layout. An approach for automatic layout generation is 
gate matrix layout	W2888452109	2018	Adaptive large neighborhood search applied to the design of electronic circuits	Optimization and Packing Problems	Applied Soft Computing	
gate matrix layout	W2135972741	2002	A new approach to AND/OR/EXOR factorization for regular arrays	VLSI and FPGA Design Techniques	Proceedings. 24th EUROMICRO Conference (Cat. No.98EX204)	The proposed factorization methods for regular arrays of two-input cells have several important advantages over the existing logic representations and methodologies. (1) The logic representation and design implementation are consistent. (2) The stages of logic synthesis and physical design are effectively merged into a single stage. (3) The structu
gate matrix layout	W2167530398	2003	A comparison of two digit serial VLSI adders	Low-power high-performance VLSI design		The VLSI design of two digit serial adders, one which processes operand digits and produces online result digits least-significant digit first, and one which processes operands and produces online result digits most-significant digit first, is presented. They are compared with respect to number of gates, interconnect lines, layout area, and digit a
gate matrix layout	W2105243140	1987	Array optimization for VLSI synthesis	VLSI and FPGA Design Techniques		We present in this paper an algorithm that solves a general array optimization problem. The algorithm can be used for compacting Gate Matrix layouts, SLA's, Weinberger Arrays, and for multiple folding of PLA's. Our approach is based on the technique of simulated annealing. A major contribution of this paper is the formulation of the solution space 
gate matrix layout	W2131337273	1989	A gate matrix deformation and three-dimensional maze routing for dense MOS module generation	Interconnection Networks and Systems		A two-stage method is proposed for generating dense MOS modules. The first stage is generation of dense placements of FETs (field-effect transistors) from the gate-matrix layouts, using a gate matrix deformation method. The deformation of gate-matrix layouts is guided by the design rules, using FETs with meander channel structures if needed. The se
gate matrix layout	W1548790034	2013	A heuristic and an exact method for the gate matrix connection cost minimization problem	Optimization and Packing Problems	International Transactions in Operational Research	Abstract In many applications, a sequencing of patterns (electronic circuit nodes, cutting patterns, product orders, etc.) has to be found in order to optimize some given objective function, giving rise to the so‐called open stack problems. We focus on a problem related to the optimization of gate matrix layouts: electronic circuits are obtained by
gate matrix layout	W2115745257	2005	A Practical Approach to Layout Optimization	VLSI and FPGA Design Techniques		In this paper, we present a practical approach for finding optimal solutions for fixed-parameter versions of many VLSI layout problems. To illustrate, we develop efficient algorithms for gate matrix layout. Although gate matrix has become an increasingly popular layout style for CMOS circuits, the combinatorial problem at the heart of this style is
gate matrix layout	W2068455439	1993	SEGMA: A Simulated Evolution Gate‐Matrix LayoutAlgorithm	VLSI and FPGA Design Techniques	VLSI design	In this paper, we present a Simulated Evolution Gate Matrix layout Algorithm (SEGMA) for synthesizing CMOS random logic modules. The gate‐matrix layout problem is solved as a one‐dimensional transistor gates placement problem. Given a placement of all the transistor gates, simulated evolution offers a systematic method to improve the quality of the
gate matrix layout	W2114375532	2002	Complex gate performance improvement by jog insertion into transistor gates	Advancements in Semiconductor Devices and Circuit Design		This paper describes how the insertion of 45 degree jogs into transistor gates leads to performance improvement of static CMOS complex gates. Therefore, CMOS complex gates were designed using a new layout style called Jogged Gate Matrix Layout (JOGM). SPICE3 simulation results exhibit an up to 44% speed improvement in comparison to traditional gate
gate matrix layout	W1606924598	2002	A linear arrangement problem with applications	VLSI and FPGA Design Techniques		A linear arrangement problem, called the minmax mincut problem, emerging from circuit design is investigated. Its input is a series-parallel directed hypergraph, and the output is a linear arrangement (and a layout). The primary objective is to minimize the longest path, and the secondary objective is to minimize the cutwidth. It is shown that cutw
gate matrix layout	W2131591287	2002	Preform: a process independent symbolic layout system	VLSI and FPGA Design Techniques		Preform stick is a symbolic design method for CMOS VLSI cells. It is an alternative to hand-crafted mask design allowing good density and electrical performance while designing process independent cells. Its principle lies between the gate-matrix layout and virtual grid sticks. The authors introduce the notion of a process independent stick syntax 
gate matrix layout	W2008555705	2000	On the Power of Logic Resynthesis	VLSI and FPGA Design Techniques	SIAM Journal on Computing	A linear arrangement problem, called the minmax mincut problem, emerging from circuit design is investigated. Its input is a series-parallel directed hypergraph (SPDH), and the output is a linear arrangement (and a layout). The primary objective is to minimize the longest path, and the secondary objective is to minimize the cutwidth. It is shown th
gate matrix layout	W4240166728	1986	GENIE	VLSI and FPGA Design Techniques		A new generalized array optimization scheme is presented which solves the problem of efficient automatic layout of multi-level CMOS and NMOS logic circuits. The new approach has been implemented in the program GENIE which can be used for the multiple folding of PLAS, as well as for compacting gate matrix layouts, SLAs, and Weinberger arrays. The ce
gate matrix layout	W1561104480	1994	Output-column folding for cellular-architecture FPGAs	Cellular Automata and Applications		The work described in this paper is a component of our comprehensive approach to the low-level synthesis (logic synthesis and layout synthesis) of Cellular-Architecture (CA-type) FPGAs. A multiple-output logic function is represented as a collection of complex terms. Each term is assigned to a separate row of a CA-type FPGA. These terms are collect
gate matrix layout	W4403612367	2024	A $Δ$-evaluation function for column permutation problems	Statistical Distribution Estimation and Applications	arXiv (Cornell University)	In this study, a new $Δ$-evaluation method is introduced for solving a column permutation problem defined on a sparse binary matrix with the consecutive ones property. This problem models various $\mathcal{NP}$-hard problems in graph theory and industrial manufacturing contexts. The computational experiments compare the processing time of the $Δ$-e
gate matrix layout	W2039007265	1984	Optimization of Negative Gate Networks Realized in Weinberger-Likf Layout in a Boolean Level Silicon Compiler	Radiation Effects in Electronics	Design Automation Conference	The random logic portion of a chip Implementing a set of Boolean functions and sequential circuits usually represents a major contribution to chip area. Obviously, there are many circuits which realize the same Boolean function. Unfortunately, at present there is no general theory that provides designers (and design automation programs) with lower 
gate matrix layout	W2534927239	1988	Layout Permutation Problems and Well-Partially-Ordered Sets	Advanced Manufacturing and Logistics Optimization		his chapter contains sections titled: Introduction, Background, Relevant Prior Results on GATE MATRIX LAYOUT, MIN CUT LINEAR ARRANGEMENT and Load Factors, MODIFIED MIN CUT LINEAR ARRANGEMENT, Other Results, Acknowledgements, References
gate matrix layout	W2186187798	1989	and 3-Dimensional maze A Gate routing Matrix for ?fformt@88 ense module generation.	VLSI and FPGA Design Techniques		We propose. a new method to generate dense MOS modules which has two stages. The fmt stage is generation of dense. placements of FETs from the gate matrix layouts using a gate matrix deformation method. The deformation of gate matrix layouts is carried out guided by the design rules using FETs with meander channel structures if needed. The second s
gate matrix layout	W2155434915	1992	The modified Alopex algorithm and its circuit architecture	VLSI and FPGA Design Techniques		A modified algorithm of pattern extraction is presented and its circuit architecture described. The algorithm has been implemented and tested by a C language program on a SUN4/330 Workstation. The software package is applied to placement in VLSI design and gate arrangement in gate matrix layout.>
gate matrix layout	W1530856116	2003	An efficient algorithm for gate matrix compactions	VLSI and FPGA Design Techniques		The authors present an efficient algorithm to minimize the layout area by taking the physical sizes of each line, variable net spacing, contact offset, diffusion line offset, and metal line offset into consideration. This algorithm can be used as a postprocessing step for the gate matrix layout. Significant reduction in the layout area, compared to
gate matrix layout	W630195922	1992	Maximum Folding, a Generalization of Maximum Matching	Interconnection Networks and Systems		We shall introduce a unified graph model which represents various problems in VLSI, e.g., PLA folding, Gate-Matrix layout, and channel routing. Then we introduce an algorithm for folding a Weinberger’s array [an array containing three kinds of entries, 0 (no connection), c (connection), t (transistors)]. It is shown that the folding of Weinberger’s
gate matrix layout	W2186736224	1992	A Synthesis Algorithm for Orthogonally strw=tured	VLSI and FPGA Design Techniques		The paper discusses a gate matrix layout partitioning problem. To improve the device density in the layout, it presents a new template for gate matrix style layouts so that the orientation of gates in two adjoining sections of the partitioned layout are orthogonal to each other. The advantages of column folding are included in the template. The sim
gate matrix layout	W2141698496	2003	Folding an array of transistors and contacts	VLSI and FPGA Design Techniques		The authors present a unified graph model for representing various layout and routing problems in VLSI design, such as programmable logic array (PLA) folding, gate matrix layout, and channel routing. They introduce an algorithm for folding a Weinberger array. This is a generalization of PLA folding, and is equivalent to channel routing. As a part o
gate matrix layout	W1851340700	2003	Gate matrix multiple-folding algorithm (for CMOS VLSI)	VLSI and FPGA Design Techniques		The authors propose a new multiple-folding algorithm for the gate matrix layout. It was applied to generation of rectangular blocks with a flexible size. The algorithm consists of two phases, net partitioning and the gate arrangement, and both are based on the generalized minicut technique. In the first and second phases, the width and height of th
gate matrix layout	W7199346289	1997	Cache scheduling	Caching and Content Delivery	UVic’s Research and Learning Repository (University of Victoria)	The Cache Scheduling problem is to find an optimal permutation of processes in a computer system to minimize the number of cache misses. This increases the effectiveness of cache memory and improves system performance. We define this problem, evaluate its complexity, and consider algorithms to solve it. Cache Scheduling generalizes known problems s
gate matrix layout	W2092553644	1990	A metal—metal matrix cell generator for multi-level metal MOS technology	VLSI and FPGA Design Techniques	Integration	
gate matrix layout	W2914530901	1992	A Practical Approach to Layout Optimization	VLSI and FPGA Design Techniques		In this paper, we present a practical approach for finding optimal solutions for fixed-parameter versions of many VLSI layout problems. To illustrate, we develop efficient algorithms for gate matrix layout. Although gate matrix has become an increasingly popular layout style for CMOS circuits, the combinatorial problem at the heart of this style is
gate matrix layout	W4252489993	1988	Array Optimization	VLSI and FPGA Design Techniques	Kluwer international series in engineering and computer science	
gate matrix layout	W4413556926	2025	A New IEEE Milestone: Development of the BELLMAC-32 Microprocessors, 1976–1982 [A New IEEE Milestone]	VLSI and Analog Circuit Testing	IEEE Circuits and Systems Magazine	On 17 February 2025, the IEEE Board of Directors designated the BELLMAC-32 development as a historic milestone. Commemorative plaques will be placed on the walls of Nokia Bell Labs, Murray Hill, NJ, and the Computer History Museum in Mountain View, CA. The Bell Labs Murray Hill research center was where most of the BELLMAC-32 R&D work was performed
gate matrix layout	W2240428673	1990	VLSI design methodology	Embedded Systems Design Techniques	ERA	The development ofARST was a significant step in the field of silicon compilation.With FIRST, bit-serial signal processing systems could be rapidly implemented in silicon by highlevel designers without requiring layout expertise.This thesis explores extensions to the compiler, but the methodology and techniques are not specific to FIRST and could b
gate matrix layout	W278596666	1994	Application of the genetic algorithm for computer-aided design of VLSI layout	VLSI and FPGA Design Techniques	Deep Blue (University of Michigan)	This research investigates the application of the Genetic Algorithm for four VLSI layout problems, Gate Matrix Layout, Partitioning, Standard Cell, and Macro Cell Placement. In permutation problems such as placement and gate matrix optimization, the traditional binary genetic operators cause conflicts, and hence cannot be applied without modificati
gate matrix layout	W2598116679	2016	"Lifting e generazione di disuguaglianze per il politopo delle ""Consecutive Ones"""	Assembly Line Balancing Optimization		Lo studio sviluppato in questa tesi muove dall'esigenza di dare una formulazione matematica ad alcuni problemi di sequenziamento ottimale che emergono in diversi ambiti applicativi, quali ad esempio la pianificazione della produzione, l'ndustria del taglio e la progettazione di circuiti elettronici. In tali situazioni si presenta spesso l'esigenza 
one-dimensional logic	W2089651609	1979	One-dimensional logic gate assignment and interval graphs	VLSI and FPGA Design Techniques	IEEE Transactions on Circuits and Systems	This paper gives a graph-theoretic approach to the design of one-dimensional logic gate arrays using MOS orI^{2}Lunits. The incidence relation between gates and nets is represented by a graphH=(V,E), and a possible layout of gates and nets is characterized by an interval graph\hat{H} = (V, E \cup F), whereFis called an augmentation. It is shown tha
one-dimensional logic	W2148873648	2005	One-dimensional logic gate assignment and interval graphs	VLSI and FPGA Design Techniques		This paper gives a graph-theoretic approach to the design of one-dimensional logic gate arrays using MOS or I/sup 2/L units. The incidence relation between gates and nets is represented by a graph H = (V, E), and a possible layout of gates and nets is characterized by an interval graph H = (V,E O F), where F is called an augmentation. It is shown t
one-dimensional logic	W2774479070	2017	One-Dimensional Logic over Trees	Advanced Algebra and Logic	DROPS (Schloss Dagstuhl – Leibniz Center for Informatics)	A one-dimensional fragment of first-order logic is obtained by restricting quantification to blocks of existential quantifiers that leave at most one variable free. This fragment contains two-variable logic, and it is known that over words both formalisms have the same complexity and expressive power. Here we investigate the one-dimensional fragmen
one-dimensional logic	W2548723278	2016	One-Dimensional Logic over Words	semigroups and automata theory	DROPS (Schloss Dagstuhl – Leibniz Center for Informatics)	One-dimensional fragment of first-order logic is obtained by restricting quantification to blocks of existential quantifiers that leave at most one variable free. We investigate one-dimensional fragment over words and over omega-words. We show that it is expressively equivalent to the two-variable fragment of first-order logic. We also show that it
one-dimensional logic	W2076158402	1988	Generation of symbolic layout in one-dimensional logic array	VLSI and FPGA Design Techniques	Computer-Aided Design	
one-dimensional logic	W2086361406	1995	New approach for the ordering of gate permutation in one-dimensional logic arrays	VLSI and FPGA Design Techniques	IEE Proceedings - Circuits Devices and Systems	The one-dimensional gate permutation problem is transferred into a new one of achieving an optimum gate permutation under the constraint of a predetermined adjustable maximum number of tracks. A fast and efficient constructive algorithm is proposed to solve it. The algorithm has the advantage of uniformly distributing the local congestion so that o
one-dimensional logic	W2138686700	2005	A Graph-theoretic Approach For One-dimensional Logic Gate Assignment Of Vlsi Circuit Layout	VLSI and FPGA Design Techniques		This paper proposes a new approach for the one-dimensional gate assignment problem. By converting the original problem to a graph G, we transform the gate assignment as a qraph-theoretic problem. A minimum-cut algorithm is applied to the graph G to find the node- ordering which corresponds to the gate assignment in the original problem. This new ap
one-dimensional logic	W2188841929	1989	the Columns in One-Dimensional Logic Arrays	VLSI and FPGA Design Techniques		This paper focuses on the ordering of the columns to min- imize the necessary number of tracks in one-dimensional logic array. We use a column-orientation approach to this problem. Each net is converted into a complete graph (or clique). The weighted graph using such topological transformation is unique. The necessary number of tracks can he evalua
one-dimensional logic	W2120100848	1999	Linear gate assignment: a fast statistical mechanics approach	VLSI and FPGA Design Techniques	IEEE Transactions on Computer-Aided Design of Integrated Circuits and Systems	This paper deals with the problem of linear gate assignment in two layout styles: one-dimensional logic array and gate matrix layout. The goal is to find the optimal sequencing of gates in order to minimize the required number of tracks, and thus to reduce the overall circuit layout area. This is known to be an NP-hard optimization problem, for whi
one-dimensional logic	W2068098987	1989	A heuristic algorithm for ordering the columns in one-dimensional logica arrays	VLSI and FPGA Design Techniques	IEEE Transactions on Computer-Aided Design of Integrated Circuits and Systems	The authors focus on the ordering of the columns to minimize the necessary number of tracks in one-dimensional logic array. They use a column-orientation approach to this problem. Each net is converted into a complete graph (or clique). The weighted graph using such topological transformation is unique. The necessary number of tracks can be evaluat
one-dimensional logic	W3148139408	1988	Gate Matrix Layout	Scheduling and Optimization Algorithms	Kluwer international series in engineering and computer science	
one-dimensional logic	W2047850710	1992	Solving the gate packing problem using a concurrent network	VLSI and FPGA Design Techniques	Electronics Letters	The layout problem of gate matrices and one-dimensional logic arrays is composed of two major tasks: to find a permutation of gates which minimises the number of tracks required and to layout/pack gates based on the ordering. A parallel algorithm is presented in the Letter which can pack n gates within O(1) time, whereas the conventional near-optim
one-dimensional logic	W2592318313	2017	Isolated Scattering Number Can be Computed in Polynomial Time for Interval Graphs	Advanced Graph Theory Research	ANZIAM Journal	The isolated scattering number of an incomplete connected graph\(~G\) is defined as \(\operatorname{isc}(G)=\max\{i(G-X)-|X|:X\in C(G)\}\), where\(~i(G-X)\) and\(~C(G)\), respectively, denote the number of components which are isolated vertices and the set of all separators of\(~G\). The isolated scattering number is a comparatively better paramete
one-dimensional logic	W4289103995	2022	Finite Two-Dimensional Proof Systems for Non-finitely Axiomatizable Logics	Advanced Algebra and Logic	Lecture notes in computer science	Abstract The characterizing properties of a proof-theoretical presentation of a given logic may hang on the choice of proof formalism, on the shape of the logical rules and of the sequents manipulated by a given proof system, on the underlying notion of consequence, and even on the expressiveness of its linguistic resources and on the logical frame
one-dimensional logic	W2365095793	2006	To form logic chains yo transform knowledge as ability,so to explore innovation in cheimstry education	Educational Technology and Assessment	Journal of Guangxi University	Some practical examples in undergraduate chemistry teaching practice were applied to study how to guide students to build one dimension logic chains, two dimension logic network as well as three dimension logic space between knowledge and ability,respetively.With the result that knowledge was transformed as ability.
one-dimensional logic	W2281634220	1999	Генерация тестов для конечных автоматов, заданных граф-схемами алгоритмов	Software Testing and Debugging Techniques	Радиоэлектроника и информатика	The test generation method for finite state machine based on sensetization of one-dimensional logic paths by use of cubic coverings of the finite state machine is offered. The method allows to project the fault detection tests for all single faults of transition.Problem of the test generation is reduce to the one-shot pass-by of all tops oriented c
one-dimensional logic	W2392765377	2003	Optimization Design for VLSI Layout with Neural Networks	VLSI and FPGA Design Techniques	Journal of Jiangsu University of Science and Technology	We study optimization design method that aims at the unit layout in automation design process for integrated circuit. We take one dimensional logic gate as a design exampleBy using neural networks and Hopfield neural unit model,we bulid energy function to seek the best value among all extremums with simulated annealing algorithm, to attain demand 
one-dimensional logic	W4280578837	2022	Finite two-dimensional proof systems for non-finitely axiomatizable logics	Advanced Algebra and Logic	arXiv (Cornell University)	The characterizing properties of a proof-theoretical presentation of a given logic may hang on the choice of proof formalism, on the shape of the logical rules and of the sequents manipulated by a given proof system, on the underlying notion of consequence, and even on the expressiveness of its linguistic resources and on the logical framework into
PLA folding	W2001885513	1982	An Algorithm for Optimal PLA Folding	graph theory and CDMA systems	IEEE Transactions on Computer-Aided Design of Integrated Circuits and Systems	In this paper we present a graph-theoretic formulation of the optimal PLA folding problem. The class of admissible PLA foldings is defined. Necessary and sufficient conditions for obtaining the optimal folding are given. A subproblem of the optimal problem is shown to be NP-complete, and a heuristic algorithm is given which has proven to be effecti
PLA folding	W2143551146	1982	Techniques for Programmable Logic Array Folding	VLSI and FPGA Design Techniques	Design Automation Conference	The optimal PLA folding problem is presented and discussed in its different forms. In particular, new algorithms for row folding in unconstrained architectures and in AND-OR-AND architectures are presented and their complexity examined. The problem of finding an optimal row folding after a column folding has been performed, is described and an algo
PLA folding	W2153362081	1990	Graph Problems Related to Gate Matrix Layout and PLA Folding	VLSI and FPGA Design Techniques	Computing. Supplementum	
PLA folding	W4249055192	1982	Techniques for Programmable Logic Array Folding	VLSI and FPGA Design Techniques		The optimal PLA folding problem is presented and discussed in its different forms. In particular, new algorithms for row folding in unconstrained architectures and in AND-OR-AND architectures are presented and their complexity examined. The problem of finding an optimal row folding after a column folding has been performed, is described and an algo
PLA folding	W1995031045	1988	The Complexity of Near-Optimal Programmable Logic Array Folding	Formal Methods in Verification	SIAM Journal on Computing	The problem of optimally folding a Programmable Logic Array (PLA) is known to be NP-complete. Motivated by the practical importance of this problem, we address the question of obtaining good, though not necessarily optimal, foldings. Two sets of results are presented. First, we show that three natural variants of the folding problem are equivalent 
PLA folding	W1978820165	1986	A Best-First Search Algorithm for Optimal PLA Folding	graph theory and CDMA systems	IEEE Transactions on Computer-Aided Design of Integrated Circuits and Systems	In this paper we propose a new algorithm for optimal PLA folding based on a graph theoretic formulation. An efficient best-first search (BFS) algorithm is presented which finds a near-optimal PLA folding. The proposed algorithm first constructs the longest paths on the associated disjoint graph generated from the PLA personality matrix, and then ex
PLA folding	W4253412771	1982	Techniques for programmable logic array folding	VLSI and FPGA Design Techniques		The optimal PLA folding problem is presented and discussed in its different forms. In particular, new algorithms for row folding in unconstrained architectures and in AND-OR-AND architectures are presented and their complexity examined. The problem of finding an optimal row folding after a column folding has been performed, is described and an algo
PLA folding	W2068010420	1989	Graph theoretic algorithms for the PLA folding problem	Advanced Graph Theory Research	IEEE Transactions on Computer-Aided Design of Integrated Circuits and Systems	Graph theoretic properties of the PLA folding problem which not only give insight into the various folding problems but also provide efficient algorithms for solving the problems are presented. This work is based on the transformation of the PLA into graphs where cliques (completely connected subgraphs) in the graphs correspond to PLA folding sets.
PLA folding	W1980220327	1987	PLA folding by simulated annealing	VLSI and FPGA Design Techniques	IEEE Journal of Solid-State Circuits	A simulated-annealing programmable-logic array (PLA) folding algorithm is presented for simple as well as multiple-column folding. Experimental results indicate that the algorithm performs very well. In many test problems, the results are superior to those produced by the well-known heuristic algorithm of G. De Micheli and A. Sangiovanni-Vincentell
PLA folding	W2149738906	1984	A Branch and Bound Algorithm for Optimal PLA Folding	graph theory and CDMA systems	Design Automation Conference	In this paper we present a branch and bound algorithm which exhaustively searches for an optimal column and/or row folding of PLAs. For PLAs with up to 50-60 input/output lines we can obtain an optimal solution in no more than a few minutes.
PLA folding	W4243459187	1984	A Branch and Bound Algorithm for Optimal PLA Folding	graph theory and CDMA systems		In this paper we present a branch and bound algorithm which exhaustively searches for an optimal column and/or row folding of PLAs. For PLAs with up to 50-60 input/output lines we can obtain an optimal solution in no more than a few minutes.
PLA folding	W2158450822	1982	A Depth-First Branch-and-Bound Algorithm for Optimal PLA Folding	Advanced Materials and Mechanics	Design Automation Conference	In this paper we are concerned with the PLA folding problem defined by Hachtel, Newton and Sangiovanni-Vincentelli. We propose a depth first branch and bound procedure for optimizing simultaneous row and column folding. With our procedure one can compute such a PLA folding which is optimal with respect to different practical constraints. We present
PLA folding	W1977846640	1986	A Statistical Analysis of PLA Folding	Advanced Graph Theory Research	IEEE Transactions on Computer-Aided Design of Integrated Circuits and Systems	Current understanding of the PLA folding problem is limited to simple empirical evidence from studies of heuristic methods. This paper presents a theoretical approach through an analytical and statistical analysis. The problem is first mapped into a set theoretic model. Using a random selection heuristic as a basis, a probability density function (
PLA folding	W4244310963	1982	A Depth-First Branch-and-Bound Algorithm for Optimal PLA Folding	Advanced Materials and Mechanics		In this paper we are concerned with the PLA folding problem defined by Hachtel, Newton and Sangiovanni-Vincentelli. We propose a depth first branch and bound procedure for optimizing simultaneous row and column folding. With our procedure one can compute such a PLA folding which is optimal with respect to different practical constraints. We present
PLA folding	W2085573037	1985	Interval-graph-based PLA folding	Formal Methods in Verification	Integration	
PLA folding	W2143881757	1996	A neural network approach to PLA folding problems	VLSI and FPGA Design Techniques	IEEE Transactions on Computer-Aided Design of Integrated Circuits and Systems	A near-optimum parallel algorithm for solving PLA folding problems is presented in this paper where the problem is NP-complete and one of the most fundamental problems in VLSI design. The proposed system is composed of n/spl times/n neurons based on an artificial two-dimensional maximum neural network where n is the number of inputs and outputs or 
PLA folding	W2073574875	1992	Achieving optimality for gate matrix layout and PLA folding: a graph theoretic approach	Advanced Graph Theory Research	Integration	
PLA folding	W2038512009	1990	An efficient algorithm for optimal PLA folding	graph theory and CDMA systems	Integration	
PLA folding	W1529123449	1991	Two polynomial problems in PLA folding	Advanced Materials and Mechanics	Lecture notes in computer science	
PLA folding	W1525313040	1992	Achieving optimality for gate matrix layout and PLA folding: A graph theoretic approach	Advanced Graph Theory Research	Lecture notes in computer science	
PLA folding	W2100343618	1993	An efficient algorithm for bipartite PLA folding	VLSI and FPGA Design Techniques	IEEE Transactions on Computer-Aided Design of Integrated Circuits and Systems	Programmable logic arrays (PLAs) provide a flexible and efficient way of synthesizing arbitrary combinational functions as well as sequential logic circuits. They are used in both LSI and VLSI technologies. The disadvantage of using PLAs is that most PLAs are very sparse. The high sparsity of the PLA results in a significant waste of silicon area. 
PLA folding	W4205609397	1988	PLA Folding	Advanced Materials and Mechanics	Kluwer international series in engineering and computer science	
PLA folding	W3148386067	2002	Optimum PLA folding through boolean satisfiability	Formal Methods in Verification		This paper proposes an algorithm for optimum PLA folding based on its formulation as a problem of boolean satisfiability. A logical expression is derived such that the assignment of variables that satisfies it defines a folding with a minimum number of columns. The proposed algorithm uses BDDs to represent boolean functions and incorporates novel r
PLA folding	W2077762598	1985	PLA folding algorithm from compatibility relations	VLSI and FPGA Design Techniques	Electronics Letters	The letter reports an algorithm for the folding of programmable logic arrays. The algorithm is valid for both column and row folding, although it has been presented considering only the simple column folding. The pairwise compatibility relations among all the pairs of the columns of the PLA are plotted in a matrix called the compatibility matrix of
PLA folding	W108506794	2005	The PLA-folding problem: Simulated annealing and iterative improvement approaches	VLSI and FPGA Design Techniques	Lecture notes in control and information sciences	
PLA folding	W1993861597	1994	PLA folding in special graph classes	Advanced Graph Theory Research	Discrete Applied Mathematics	
PLA folding	W2163416469	2005	Combining State Assignment with PLA Folding	Algorithms and Data Compression		The problem of minimizing the area of a fwo-level implementation of a finite state machine(FSM comreduced to that of jindiyg suitable length encoding for the states, inputs land 0:utpuis of an FSM, such that the resultant area is minimized by pair-wise row folding and symbolic minimizafion. An algorithm is proposed for maximizing the number of pair
PLA folding	W2252543681	2003	An efficient algorithm for optimal PLA folding	VLSI and Analog Circuit Testing		A three-step heuristic algorithm for PLA column folding and row folding of column-folded PLA is presented. The algorithm is significantly faster than earlier algorithms and provides nearly optimal results. The three steps are min-cut partition of vertices in the column (or row) intersection graph, determination of product order using Fiduccia's min
PLA folding	W2066186056	1995	Graph models for PLA folding problems	Formal Methods in Verification	International Journal of Systems Science	This paper considers combinatorial optimization models for the problem of reducing the chip area of programmable logic arrays (PLAs) by folding. In particular, we focus on the variable and block folding problems, and we present theoretical optimization models based on the compatibility graph, on the incompatibility graph and on the representative h
PLA folding	W1552860946	2002	An efficient 0-1 linear programming for optimal PLA folding	VLSI and FPGA Design Techniques		In this paper we propose a new 0-1 integer linear formulation for optimal PLA folding. An efficient heuristic algorithm is presented which finds optimal PLA folding in polynomial time. The algorithm finds the maximum matching of a given green-edge graph. Then, directions are assigned to each selected edge to minimize certain objective function on a
PLA folding	W2474719637	1986	A best-first search algorithm for optimal pla folding and its implementation on virtual bit map processor	Interconnection Networks and Systems		Folding is a PLA optimization technique that constructs a physical PLA which minimizes silicon area by structural reorganization, exploiting a particular input and output format of the PLA. The technique entails the physical splitting of a line into two or more segments so that different signals may share a single vertical (or horizontal) track. Th
PLA folding	W1579521889	2002	PLA folding by partitioning	VLSI and FPGA Design Techniques		A graph-partitioning-based PLA (programmable logic array) folding algorithm is described. It is solved as a row/column reordering problem by following the approach of F.H. Wang et al. (1987). The implementation considers the area of the folded PLA as the cost function. Many experimental results show that the tool produces results superior to those 
PLA folding	W1989609306	1983	Multiple Constrained Folding of Programmable Logic Arrays: Theory and Applications	VLSI and FPGA Design Techniques	IEEE Transactions on Computer-Aided Design of Integrated Circuits and Systems	Programmable logic arrays are important building blocks of VLSI circuits and systems. We address the problem of optimizing the silicon area and the performances of large logic arrays. In particular, we describe a general method for compacting a logic array defined as multiple row and column folding and we address the problem of interconnecting a PL
PLA folding	W2883358590	1986	The PLA folding problem	Advanced Materials and Mechanics	ERA: Education and Research Archive (University of Alberta)	
PLA folding	W7162034635	1985	Another approach to PLA folding	Advanced Materials and Mechanics	eScholarship@McGill (McGill)	This item was digitized as part of a project to share McGill's intellectual legacy with the public. If you are the copyright holder or a relative of the copyright holder who is deceased, you may request withdrawal by emailing escholarship.library@mcgill.ca. The full policy for eScholarship may be accessed here: https://www.mcgill.ca/libraries/resea
PLA folding	W2842768135	1986	Programmable logic array (PLA) folding	Modular Robots and Swarm Intelligence	ERA: Education and Research Archive (University of Alberta)	
PLA folding	W2148291558	2005	A New algorithm for combined PLA folding	graph theory and CDMA systems		In this paper we propose a new algorithm for optimal PLA folding. The algorithm uses lookahead technique for achieving global optimality of Multiple Folding problem of PLA. The proposed method first constrycts a column incompatible graph(C1G) and a row incompatible graph(R1G) for the given PLA personality matrix, and then selects a Folding set from
PLA folding	W2030835755	1989	Maximum PLA folding using inverters	Interconnection Networks and Systems	Systems and Computers in Japan	Abstract It is desired to reduce the area of mask PLA to save the silicon area and improve the switching speed. In the usual methods for folding, the columns and/or rows are folded with cuts. On the contrary, recently, a new folding technique has been proposed by the authors. In that technique, a variable line and its negation are folded into one l
PLA folding	W2144961206	2008	An efficient greedy approach to PLA folding	VLSI and FPGA Design Techniques		In this paper, a greedy approach for minimizing the area of a Programmable Logic Array (PLA) using column folding of combinational component of Finite State Machines (FSMs) is presented. Also, the row re-ordering problem is addressed and a simple data structure is proposed to satisfy the constraints imposed by folding of columns. Genetic algorithm 
PLA folding	W3004457774	1988	Theoretical results for optimal PLA folding	graph theory and CDMA systems	Dialnet (Universidad de la Rioja)	In this paper we propose a new algorithm for optimal PLA folding based on the coumn/row disjoint graph. The algorithm is of the Epth-First Search (DFS) type which finds a maximal set of ordered folding pairs using the disjoint graph generated from the personality matrix of the PLA. The DFS algorithm does not require to check for cycles within the g
PLA folding	W1995130639	1995	Optimum PLA folding through boolean satisfiability	Interconnection Networks and Systems		No abstract available.
PLA folding	W1971751682	1993	Graph theoretic analysis of PLA folding heuristics	Formal Methods in Verification	Journal of Computer and System Sciences	
PLA folding	W1913041502	2002	Combinatorial optimization models for the PLA folding problem	Formal Methods in Verification		This paper considers combinatorial optimization models for the problem of reducing the chip area of programmable logic arrays (PLA's) by folding. In particular, we focus on the variable and block folding problems, and we present theoretical optimization models based on the compatibility graph, on the incompatibility graph and on the representative 
PLA folding	W2093909226	1987	Topological Optimization of Multiple-Level Array Logic	VLSI and FPGA Design Techniques	IEEE Transactions on Computer-Aided Design of Integrated Circuits and Systems	A generalized topological optimization tool for array-based layout styles is presented. This tool can be used for automated layout synthesis of logic networks in a variety of technologies and design styles, including static CMOS, static NMOS and dynamic MOS domino structures. Results obtained compare favorably with technology and design-style-speci
PLA folding	W2087331515	1983	Bounds on the Saved Area Ratio Due to PLA Folding	VLSI and FPGA Design Techniques	Design Automation Conference	Folding is a scheme to reduce the silicon area in Programmable Logic Array (PLA) design. Since optimum folding is an NP-complete problem, methods for estimating potential area saving are desirable. In the case of row folding, both the upper and lower bounds for the saved area ratio d are derived in the paper. By applying the well-known Rent's relat
PLA folding	W4233665701	1983	Bounds on the Saved Area Ratio Due to PLA Folding	VLSI and FPGA Design Techniques	20th Design Automation Conference Proceedings	Folding is a scheme to reduce the silicon area in Programmable Logic Array (PLA) design. Since optimum folding is an NP-complete problem, methods for estimating potential area saving are desirable. In the case of row folding, both the upper and lower bounds for the saved area ratio d are derived in the paper. By applying the well-known Rent's relat
PLA folding	W2006912560	1984	Bipartite Folding and Partitioning of a PLA	graph theory and CDMA systems	IEEE Transactions on Computer-Aided Design of Integrated Circuits and Systems	A more restricted definition of a PLA folding is introduced, which is called bipartite folding. The additional constraints of a bipartite folding force the resulting PLA to have a more uniform structure. This structure of a column bipartite folding is then exploited when subsequently folding the rows of the PLA. A column bipartite folding creates f
PLA folding	W4238824332	1983	Pleasure: A Computer Program for Simple/Multiple Constrained/Unconstrained Folding of Programmable Logic Arrays	VLSI and FPGA Design Techniques	20th Design Automation Conference Proceedings	Programmable Logic Arrays are important building blocks of VLSI circuits and systems. We address the problem of optimizing the silicon area and the performances of large logic arrays. In particular we describe a general method for compacting a logic array defined as multiple row and column folding and we address the problem of interconnecting a PLA
PLA folding	W4231803201	1982	A depth-first branch-and-bound algorithm for optimal PLA folding	Advanced Materials and Mechanics		In this paper we are concerned with the PLA folding problem defined by Hachtel, Newton and Sangiovanni-Vincentelli. We propose a depth first branch and bound procedure for optimizing simultaneous row and column folding. With our procedure one can compute such a PLA folding which is optimal with respect to different practical constraints. We present
PLA folding	W1604226345	2002	An efficient 0-1 linear programming for optimal PLA folding	VLSI and FPGA Design Techniques		In this paper we propose a new 0-1 integer linear formulation for optimal PLA folding. An efficient heuristic algorithm is presented which finds optimal PLA folding in polynomial time. The algorithm finds the maximum matching of a given green-edge graph. Then, directions are assigned to each selected edge to minimize a certain objective function on
PLA folding	W2154499040	1983	Pleasure: A Computer Program for Simple/Multiple Constrained/Unconstrained Folding of Programmable Logic Arrays	VLSI and FPGA Design Techniques	Design Automation Conference	Programmable Logic Arrays are important building blocks of VLSI circuits and systems. We address the problem of optimizing the silicon area and the performances of large logic arrays. In particular we describe a general method for compacting a logic array defined as multiple row and column folding and we address the problem of interconnecting a PLA
PLA folding	W2064883877	1994	On the equivalence of pull-up transistor assignment in PLA folding and distribution graph	Advanced Graph Theory Research		Pull-up transistor assignment is one of the tasks in product term foMing of a Programmable Logic Array (PILA).This problem can be solved, in polynomial time, fLY first modeling it as a distribution graph, and then as a flow network.The pull-up transistor assignment problem seems simpler than the distribution graph problem.Thus, it may be possible t
PLA folding	W2339950474	1985	PLA Folding을 위한 휴리스틱 알고리즘 ( A Heuristic Algorithm for PLA Folding )	Advanced Materials and Mechanics	대한전자공학회 학술대회	
PLA folding	W2039091569	1984	Pleasure: a computer program for simple/multiple constrained/unconstrained folding of programmable logic arrays	VLSI and FPGA Design Techniques	Computer-Aided Design	
PLA folding	W2033886745	1983	A synthesis system for PLA-based programmable hardware	VLSI and Analog Circuit Testing	Microprocessing and Microprogramming	
PLA folding	W2154706942	1991	Combining logic minimization and folding for PLAs	VLSI and FPGA Design Techniques	IEEE Transactions on Computers	The authors present an approach that combines logic minimization and folding for a programmable logic array (PLA). An efficient algorithm is proposed for optimal bipartite column folding. In the algorithm, the authors model the PLA personality matrix as a network and the bipartite PLA folding as a partitioning problem of that network. This folding 
PLA folding	W2004015280	1987	About folded-PLA area and folding evaluation	Advanced Surface Polishing Techniques	Integration	
PLA folding	W2159303142	1994	An efficient algorithm for selecting bipartite row or column folding of programmable logic arrays	VLSI and FPGA Design Techniques	IEEE Transactions on Circuits and Systems I Fundamental Theory and Applications	Different from the previous PLA folding algorithms which perform row and column foldings independently, we propose an algorithm to obtain bipartite row or column folding result on the same graph. The PLA personality matrix is modeled as a graph and the folding problem is modeled as a partitioning problem. Experimental results show that this algorit
PLA folding	W4242718306	1988	Pleasure: a computer program for simple/multiple constrained unconstrained folding of programmable logic arrays	Modular Robots and Swarm Intelligence		AErRAcf ProgrammableLogic Arrays are important building blocks of VLSI circuits and systems.We address the problem of optimizing the silicon area and the performances of large logic arrays.In particular we describe a general method for compacting a logic array defined as multiple row and column folding and we address the problem of interconnecting 
PLA folding	W2160670760	1983	APSS: An Automatic PLA Synthesis System	VLSI and Analog Circuit Testing	Design Automation Conference	An integrated, fully automatic software capability that combines Boolean logic translation, Boolean minimization, PLA folding, PLA topology generation, and automatic PLA subchip interfacing to the MP2D standard cell automatic placement and routing program in a single, modular software package is described. Written in ANSI standard FORTRAN, APSS per
PLA folding	W2121561482	1987	Improving a PLA area by pull-up transistor folding	Interconnection Networks and Systems		The constraints limiting multiple PLA folding are the positions of pull-up transistors (Tpu) and the layout architecture which supports only I/O folding. In this paper, we present a novel architecture supporting multiple I/O, term, and pull-up foldings with through-the-cell net routing. The pull-up folding allows implementation of multiple level Bo
PLA folding	W4231437655	1983	APSS: An Automatic PLA Synthesis System	Interconnection Networks and Systems	20th Design Automation Conference Proceedings	An integrated, fully automatic software capability that combines Boolean logic translation, Boolean minimization, PLA folding, PLA topology generation, and automatic PLA subchip interfacing to the MP2D standard cell automatic placement and routing program in a single, modular software package is described. Written in ANSI standard FORTRAN, APSS per
PLA folding	W2510226975	1997	A Neural Network Parallel Algorithm for One-Dimensional Gate Assignment Problems	Scheduling and Optimization Algorithms	IEEJ Transactions on Electronics Information and Systems	A near-optimum parallel algorithm for solving the one-dimensional gate assignment problem is presented in this paper where the problem is NP-hard and one of the most fundamental layout problems in VLSI design. The proposed system is composed of n x n processing elements based on the artificial two-dimensional maximum neural network for (n+2)-gate a
PLA folding	W4236276987	1999	A neural network parallel algorithm for one‐dimensional gate assignment problems	Metaheuristic Optimization Algorithms Research	Electrical Engineering in Japan	A near-optimum parallel algorithm for solving the one-dimensional gate assignment problem is presented in this paper, where the problem is NP-hard and one of the most fundamental layout problems in VLSI design. The proposed system is composed of n × n processing elements based on the artificial two-dimensional maximum neural network for (n + 2)-gat
PLA folding	W1980401327	1999	A neural network parallel algorithm for one-dimensional gate assignment problems	VLSI and FPGA Design Techniques	Electrical Engineering in Japan	A near-optimum parallel algorithm for solving the one-dimensional gate assignment problem is presented in this paper, where the problem is NP-hard and one of the most fundamental layout problems in VLSI design. The proposed system is composed of n × n processing elements based on the artificial two-dimensional maximum neural network for (n + 2)-gat
PLA folding	W630195922	1992	Maximum Folding, a Generalization of Maximum Matching	Interconnection Networks and Systems		We shall introduce a unified graph model which represents various problems in VLSI, e.g., PLA folding, Gate-Matrix layout, and channel routing. Then we introduce an algorithm for folding a Weinberger’s array [an array containing three kinds of entries, 0 (no connection), c (connection), t (transistors)]. It is shown that the folding of Weinberger’s
PLA folding	W2141698496	2003	Folding an array of transistors and contacts	VLSI and FPGA Design Techniques		The authors present a unified graph model for representing various layout and routing problems in VLSI design, such as programmable logic array (PLA) folding, gate matrix layout, and channel routing. They introduce an algorithm for folding a Weinberger array. This is a generalization of PLA folding, and is equivalent to channel routing. As a part o
PLA folding	W2183134914	2011	OPTIMIZING PROGRAMMABLE LOGIC ARRAYS USING THE SIMULATED	Optimization and Packing Problems		In the paper the programmable logic array (PLA) topological optimization problem is dealt with using folding techniques. A PLA folding algorithm based on the method of simulated annealing is presented. A simulated-annealing PLA folding algorithm is presented for multiple unconstrained folding. Then, the algorithm is extended to handle constrained f
PLA folding	W641152147	1990	System Modelling and Optimization: Proceedings of the 14th Ifip-Conference Leipzig, Gdr, July 3-7, 1989	Aerospace Engineering and Control Systems		
PLA folding	W2236636821	2007	Tool loading problems in FMS and VLSI circuit layout problems	VLSI and FPGA Design Techniques	Lecture notes in control and information sciences	
PLA folding	W1891590658	2003	A programmable logic array optimiser system (PLAOS) for VLSI design	VLSI and FPGA Design Techniques		PLAOS is an integrated interactive software program that combines graphic display, Boolean personality matrix translation, and PLA folding to ensure more effective PLA designs. The program may be accommodated in any existing PLA procedure, so it does not require a major disruption to present methodology. The objectives are the attainment of compact
PLA folding	W2171790212	1995	Optimal folding of PLAs from a switching theory view point	Formal Methods in Verification	International Journal of Electronics	A simple and efficient procedure for the column folding of programmable logic arrays (PLAs) is presented. The PLA folding problem is formulated from concepts of switching theory and logic design. The proposed procedure constructs the optimal folding solutions from the set of compatible pairs of PLA columns. The pair chart, a new concept denned in t
PLA folding	W2186130207	1983	Logic Arrays: Theory and Applications	VLSI and FPGA Design Techniques		Progra mmable logic arrays are important building blocks of VLSI circuits and systems. We address the problem of optimizing the silicon area and the performances of large logic arrays. In partic­ ular, we describe a general method for compacting a logic array defined as multiple row and column folding and we address the problem of in­ terconnecting
PLA folding	W823792363	1990	On the Reconfigurability of Hardware Accelerators for VLSI CAD tools	VLSI and FPGA Design Techniques	IETE Journal of Research	A hundred fold performance improvement of a CAD tool can bring about a similar increase in design size. Hardware accelerators for CAD tools offer such performance improvements, but are application specific. Though some accelerators can be programmed to adapt themselves to somewhat different applications, it takes as much time and money to reconfigu
interval thickness	W2096882055	1990	A Linear Algorithm for the Pathwidth of Trees	Advanced Graph Theory Research		The pathwidth is a graph parameter only recently studied but closely related to other characteristics of graphs like tree, band- or cutwidth, interval thickness or search number ([S]). The graphs considered here are finite, undirected and simple. First the preliminaries are given. Section 2 contains our main results on the pathwidth of trees, the b
interval thickness	W2042534515	1985	Interval graphs and seatching	Optimization and Search Problems	Discrete Mathematics	
interval thickness	W1412164264	1992	Optimal Embedding of a Tree into an Interval Graph in Linear Time	Advanced Graph Theory Research	Annals of discrete mathematics	
interval thickness	W1566624605	2006	Graph Searching and Search Time	Advanced Graph Theory Research	Lecture notes in computer science	
interval thickness	W2079812956	2007	Node-searching problem on block graphs	Advanced Graph Theory Research	Discrete Applied Mathematics	
interval thickness	W4323972020	2023	On interval colourings of graphs	Limits and Structures in Graph Theory	arXiv (Cornell University)	An interval colouring of a graph $G=(V,E)$ is a proper colouring $c\colon E\to \mathbb{Z}$ such that the set of colours of edges incident to any given vertex forms an interval of $\mathbb{Z}$. The interval thickness $θ(G)$ of a graph $G$ is the smallest integer $k$ such that $G$ can be edge-partitioned into $k$ interval colourable graphs, and $θ(n)
interval thickness	W4280646914	2022	Interval colorings of graphs -- coordinated and unstable no-wait schedules	Advanced Graph Theory Research	arXiv (Cornell University)	A proper edge-coloring of a graph is an interval coloring if the labels on the edges incident to any vertex form an interval of consecutive integers. Interval thickness s(G) of a graph G is the smallest number of interval colorable graphs edge-decomposing G. We prove that s(G)=o(n) for any graph G on n vertices. This improves the previously known b
interval thickness	W1967700023	2012	Variable neighborhood search for the Vertex Separation Problem	Advanced Graph Theory Research	Computers & Operations Research	
interval thickness	W3018594258	1980	A NUMERICAL AND STATISTICAL STUDY OF THE PENNSYLVANIAN GEOLOGY OF SULLIVAN COUNTY, INDIANA	Geochemistry and Geologic Mapping	Purdue e-Pubs (Purdue University System)	"In a numerical subsurface investigation of the Pennsylvanian age sediments of Sullivan County, Indiana, two alternating types of sediments were defined--""low energy"" and clastic. The ""low energy"" sediments consist of thin, semicontinuous layers of coal, limestone, underclay, and black shale. These four facies evidence restricted sediment transporta"
interval thickness	W7168131523	2025	Problems on colourings and reconstruction	Advanced Graph Theory Research	Oxford University Research Archive (ORA) (University of Oxford)	This thesis addresses problems in the areas of graph colourings, reconstruction, and permutations. We consider three topics related to graph colourings. First, we investigate dominating Kt-models introduced by Illingworth and Wood in 2024 which strengthens the notion of containing a clique minor. They asked whether the corresponding strengthening o
node search game	W2053664185	2000	Edge and node searching problems on trees	Advanced Graph Theory Research	Theoretical Computer Science	
node search game	W1974794965	2011	A Distributed Algorithm for Computing the Node Search Number in Trees	Advanced Graph Theory Research	Algorithmica	
node search game	W2079812956	2007	Node-searching problem on block graphs	Advanced Graph Theory Research	Discrete Applied Mathematics	
node search game	W2019208488	2015	DSearching: Using Floating Mobility Information for Distributed Node Searching in DTNs	Opportunistic and Delay-Tolerant Networks	IEEE Transactions on Mobile Computing	In delay tolerant networks (DTNs), enabling a mobile node to search and find another interested mobile node is an important function in many applications. However, the movement of nodes in DTNs makes the problem formidable. Current node searching methods in disconnected networks mainly rely on fixed stations in the network and infrastructure-based 
node search game	W1542622487	2015	TSearch: Target-oriented low-delay node searching in DTNs with social network properties	Opportunistic and Delay-Tolerant Networks		Node searching in delay tolerant networks (DTNs) is of great importance for different applications, in which a locator node finds a target node in person. In the previous distributed node searching method, a locator traces the target along its movement path from its most frequently visited location. For this purpose, nodes leave traces during their
node search game	W2106183912	1997	Edge and node searching problems on trees	Data Management and Algorithms	Lecture notes in computer science	
node search game	W2475397792	2016	TSearch: Target-Oriented Low-Delay Node Searching in DTNs With Social Network Properties	Opportunistic and Delay-Tolerant Networks	IEEE/ACM Transactions on Networking	Node searching in delay tolerant networks is of great importance for different applications, in which a locator node finds a target node in person. In the previous distributed node searching method, a locator traces the target along its movement path from its most frequently visited location. For this purpose, nodes leave traces during their moveme
node search game	W2757170553	2017	DRANS: Daily Routine Analysis for Node Searching in delay tolerant networks	Opportunistic and Delay-Tolerant Networks	International Journal of Distributed Sensor Networks	In delay tolerant networks, the success rate and the transmission speed are restricted by limited social interaction and complex node mobility pattern analysis. To increase the success rate and reduce the transmission delay in delay tolerant networks, we propose Daily Routine Analysis for Node Searching in delay tolerant networks. In Daily Routine 
node search game	W2894229201	2018	A novel distributed node searching method in DTNs	Opportunistic and Delay-Tolerant Networks	International Journal of High Performance Computing and Networking	Among conventional target tracking methods in delay-tolerant networks (DTNs), there exists a type of distributed approach which is efficient with regard to target tracking. However, some nodes in these methods consume energy too quickly, resulting in energy holes and a short network lifetime. Based on the above, this research developed a novel targ
node search game	W4252763726	2018	A novel distributed node searching method in DTNs	Opportunistic and Delay-Tolerant Networks	International Journal of High Performance Computing and Networking	Among conventional target tracking methods in delay-tolerant networks (DTNs), there exists a type of distributed approach which is efficient with regard to target tracking. However, some nodes in these methods consume energy too quickly, resulting in energy holes and a short network lifetime. Based on the above, this research developed a novel targ
node search game	W2991245575	2019	Pilot Nodes Searching for Voltage Regulation in Distribution Systems by OLTC	Smart Grid Energy Management		Distribution System Operators (DSOs) have to face new challenges due to the constant growing of Distributed Generation (DG) on networks. Due to the growing diffusion of electric vehicles, also power demand is raising. For this reasons, the classical control strategies currently implemented for the On-Load Tap Changers in primary substations could r
node search game	W2911682138	2019	A Sensor-Node Searching Scheme for Initial Cell Configuration in Underwater Cellular Network	Underwater Vehicles and Communication Systems	한국통신학회논문지	본 논문에서는 패킷 오류율이 높고 전파지연이 큰 수중 셀룰러 네트워크 환경에서 셀룰러 망 구성을 위한 센서노드 탐색 기법을 제안한다. 센서노드 탐색 과정은 수중기지국의 Echo Request 시그널링 메시지 방송 및 각 센서노드의 Echo Response 메시지 응답의 2-way 핸드셰이킹 통신을 기반으로 한다. 컴퓨터 모의실험을 통해 제안기법의 센서노드 셀 가입률 및 센서노드 탐색 과정의 소요시간을 분석하였다.
node search game	W2015469394	1986	Searching and pebbling	Optimization and Search Problems	Theoretical Computer Science	
node search game	W2052867211	1992	The vertex separation number of a graph equals its path-width	Advanced Graph Theory Research	Information Processing Letters	
node search game	W2165085685	2014	Learning to Search in Branch and Bound Algorithms	Machine Learning and Algorithms		Branch-and-bound is a widely used method in combinatorial optimization, in-cluding mixed integer programming, structured prediction and MAP inference. While most work has been focused on developing problem-specific techniques, little is known about how to systematically design the node searching strategy on a branch-and-bound tree. We address the k
node search game	W2042534515	1985	Interval graphs and seatching	Optimization and Search Problems	Discrete Mathematics	
node search game	W2076322499	1994	The Vertex Separation and Search Number of a Graph	Advanced Graph Theory Research	Information and Computation	
node search game	W2914413082	1983	Topological Bandwidth	Digital Filter Design and Implementation	Lecture notes in computer science	An assignment of unique integers to the vertices of a graph is called a linear layout. The bandwidth of a linear layout is the maximum difference between integers assigned to adjacent vertices. The bandwidth of a graph is the minimum bandwidth of any layout of the graph. The topological bandwidth of a graph is the minimum bandwidth of all graphs th
node search game	W2066946142	2007	Lower bounds on the pathwidth of some grid-like graphs	Advanced Graph Theory Research	Discrete Applied Mathematics	
node search game	W3038034999	2020	Sliding cable modeling: A nonlinear complementarity function based framework	Structural Analysis and Optimization	Mechanical Systems and Signal Processing	
node search game	W2791112163	2018	On the Node Searching Spanning Tree Problem	Optimization and Search Problems		
node search game	W2791214297	2005	Lower bounds for node search number on grid-like graphs	Optimization and Search Problems	UVic’s Research and Learning Repository (University of Victoria)	One method to find the node search number of a graph is to prove identical upper and lower bounds. In four types of grid-like graphs. (h. w)-grids. cylinders. orb webs. and walls, upper bounds are easy to see. However. for tori, the upper bounds are less obvious. requiring two different search strategies. In all cases the lower bounds are not obvio
node search game	W1967700023	2012	Variable neighborhood search for the Vertex Separation Problem	Advanced Graph Theory Research	Computers & Operations Research	
node search game	W2102680322	2006	On the Performance of Flooding-Based Resource Discovery	Peer-to-Peer Network Technologies	IEEE Transactions on Parallel and Distributed Systems	We consider flooding-based resource discovery in distributed systems. With flooding, a node searching for a resource contacts its neighbors in the network, which in turn contact their own neighbors and so on until a node possessing the requested resource is located. Flooding assumes no knowledge about the network topology or the resource distributi
node search game	W1983243209	2000	Graph Searching on Some Subclasses of Chordal Graphs	Advanced Graph Theory Research	Algorithmica	
node search game	W1993495807	2003	On the domination search number	Artificial Intelligence in Games	Discrete Applied Mathematics	
node search game	W2067942639	2012	LIFO-search: A min–max theorem and a searching game for cycle-rank and tree-depth	Complexity and Algorithms in Graphs	Discrete Applied Mathematics	
node search game	W1559054453	2004	Computing Small Search Numbers in Linear Time	Advanced Graph Theory Research	Lecture notes in computer science	
node search game	W2373690036	2008	Design of SIP Internet Telephony Based on P2P-DHT Node Searching	Peer-to-Peer Network Technologies	Jisuanji gongcheng	This paper extends the SIP protocol with the combination of P2P-DHT(CHORD) node-searching algorithm,introduces the DHT-based fully distributed P2P architecture into the traditional SIP Internet-telephony,and designs a new type of P2P-SIP Internet telephony system.The fully distributed architecture design scheme overcomes the shortcomings in central
node search game	W1539358587	1996	Graph searching on chordal graphs	Advanced Graph Theory Research	Lecture notes in computer science	
node search game	W7104387906	2017	Energy Hole Avoidance Routing Algorithm Based on Blind Node Searching in Wireless Sensor Network	Energy Efficient Wireless Sensor Networks	DOAJ (DOAJ: Directory of Open Access Journals)	In the actual Wireless Sensor Network(WSN),the perimeter forwarding method can easily cause the hole edge nodes’ energy consumption to be too fast because of the routing void,resulting in the expansion of the void,and the formation of energy holes.In order to prolong the network lifetime,and avoid energy hole,this paper defines the blind area and t
node search game	W1973873776	2004	Computing the vertex separation of unicyclic graphs	Advanced Graph Theory Research	Information and Computation	
node search game	W2139957765	2008	Monotony properties of connected visible graph searching	Advanced Graph Theory Research	Information and Computation	
node search game	W1926124058	1998	A Linear-Time Algorithm for Constructing an Optimal Node-Search Strategy of a Tree	Advanced Graph Theory Research	Lecture notes in computer science	
node search game	W2098879666	1994	Improved self-reduction algorithms for graphs with bounded treewidth	Advanced Graph Theory Research	Discrete Applied Mathematics	
node search game	W2058941457	2014	Computer determination of weld lines in injection molding based on filling simulation with surface model	Injection Molding Process and Properties	Journal of Reinforced Plastics and Composites	Weld line is aesthetically unpleasant and affects the mechanical strength of injection molded parts. Because of the ever-increasing requirements for parts performance, lots of researchers have performed various studies related to the weld lines optimization. However, research about the computer determination of weld lines in injection molding remai
node search game	W2147671044	2012	Combined Visibility and Surrounding Triangles Method for Simulation of Crack Discontinuities in Meshless Methods	Numerical methods in engineering	Journal of Applied Mathematics	In this paper a combined node searching algorithm for simulation of crack discontinuities in meshless methods called combined visibility and surrounding triangles (CVT) is proposed. The element free Galerkin (EFG) method is employed for stress analysis of cracked bodies. The proposed node searching algorithm is based on the combination of surroundi
node search game	W2240416680	2015	Treasure Hunt with Advice	Optimization and Search Problems	Lecture notes in computer science	
node search game	W1588705292	1990	Improved self-reduction algorithms for graphs with bounded treewidth	Advanced Graph Theory Research	Lecture notes in computer science	
node search game	W1994857123	2011	A min-max theorem for LIFO-search	Optimization and Search Problems	Electronic Notes in Discrete Mathematics	
node search game	W3041250077	2021	A Study of Learning Search Approximation in Mixed Integer Branch and Bound: Node Selection in SCIP	Vehicle Routing Optimization Methods	AI	In line with the growing trend of using machine learning to help solve combinatorial optimisation problems, one promising idea is to improve node selection within a mixed integer programming (MIP) branch-and-bound tree by using a learned policy. Previous work using imitation learning indicates the feasibility of acquiring a node selection policy, b
node search game	W2785900711	2019	Finding small-width connected path decompositions in polynomial time	Advanced Graph Theory Research	Theoretical Computer Science	
node search game	W2189182380	2015	An Enhanced Localization Method for Moving Targets in Coal Mines Based on Witness Nodes	Indoor and Outdoor Localization Technologies	International Journal of Distributed Sensor Networks	An enhanced localization method based on witness nodes (WitEnLoc) is proposed, in which some sensing nodes are selected as witness nodes to confirm the existence of the target at the site given by the initial localization value and improve the accuracy of the existing localization system. WitEnLoc is primarily comprised of three stages: initial val
node search game	W4308121384	2022	An Intelligent Inspection Robot for Underground Cable Trenches Based on Adaptive 2D-SLAM	Robotics and Sensor-Based Localization	Machines	With the rapid growth of underground cable trenches, the corresponding inspections become a heavy burden, and an intelligent inspection robot for automatic examinations in underground cable trenches would be a suitable solution. To achieve this, this paper establishes one new navigation methodology for intelligent inspection robots, especially when
node search game	W1996705259	2007	Ant colony optimization for bearings-only maneuvering target tracking in sensors network	Target Tracking and Data Fusion in Sensor Networks	Journal of Control Theory and Applications	
node search game	W2034337695	2011	Message-Efficient Service Management Schemes for MOM-Based UPnP Networks	Context-Aware Activity Recognition Systems	IEEE Transactions on Services Computing	The use of message-oriented middleware (MOM) in pervasive systems has increased noticeably because of its flexible and failure-tolerant nature. Meanwhile, decentralized service management protocols such as UPnP are believed to be more suitable for administrating applications in small-scale pervasive environments such as smart homes. However, admini
node search game	W3184003630	2021	Two-Dimensional Task Offloading for Mobile Networks: An Imitation Learning Framework	IoT and Edge/Fog Computing	IEEE/ACM Transactions on Networking	Mobile computing network is envisioned as a powerful framework to support the growing computation-intensive applications in the era of the Internet of Things (IoT). In this paper, we exploit the potential of a multi-layer network via a two-dimensional (2-D) task offloading scheme, which enables horizontal cooperations among the edge nodes. To minim
node search game	W2087012360	2011	Determination of the Shortest Time Route Based on the Composite Influence of Multidynamic Elements	Maritime Navigation and Safety	Marine Geodesy	An optimally planned route is the foundation of a safe and economical navigation. This article proposes a method for the shortest time routing based on the composite influence of multidynamic elements. First, an instantaneous model is constructed based on static depths from a chart and a grid tidal model in a sea area, then a collection of obstacle
node search game	W1599662850	2008	Mixed Search Number of Permutation Graphs	Advanced Graph Theory Research	Lecture notes in computer science	
node search game	W4317796390	2023	Graph Exploration With Embedding-Guided Layouts	Data Visualization and Analytics	IEEE Transactions on Visualization and Computer Graphics	Node-link diagrams are widely used to visualize graphs. Most graph layout algorithms only use graph topology for aesthetic goals (e.g., minimize node occlusions and edge crossings) or use node attributes for exploration goals (e.g., preserve visible communities). Existing hybrid methods that bind the two perspectives still suffer from various gener
node search game	W2046699171	2014	HARS: A High-Performance Reliable Routing Scheme for 3D NoCs	Interconnection Networks and Systems		The poor yield of current available processes for Through-Silicon Via (TSV) fabrication leads to serious influence on the robustness of the vertical communications in 3D NoCs. The fault-tolerant routing scheme has been regarded as an effective mechanism to ensure the performance of 2D NoCs. In this paper, we propose a high-performance reliable rout
node search game	W2952252618	2008	A distributed algorithm for computing and updating the process number of a forest	Data Management and Algorithms	arXiv (Cornell University)	In this paper, we present a distributed algorithm to compute various parameters of a tree such as the process number, the edge search number or the node search number and so the pathwidth. This algorithm requires n steps, an overall computation time of O(n log(n)), and n messages of size log_3(n)+3. We then propose a distributed algorithm to update
node search game	W1964257932	2004	Multilevel zone‐based hierarchical link state routing with location search technique applying hierarchical request for mobile ad hoc networks	Mobile Ad Hoc Networks	Electronics and Communications in Japan (Part I Communications)	Abstract To reduce communications overhead and location search overhead and to realize a hierarchical network, we propose multilevel zone‐based hierarchical link state (ZHLS) routing with a location search technique applying hierarchical request for mobile ad hoc networks. The proposed protocol reduces the communication overhead by hierarchizing th
node search game	W2126437803	2009	Distributed collaborative path planning in sensor networks with multiple mobile sensor nodes	Energy Efficient Wireless Sensor Networks		This paper presents an efficient distributed collaboration scheme for a team of autonomous mobile sensor nodes which enables them to navigate through a sparse sensor network with stationary nodes searching for events and improving area coverage. The mobile sensor nodes have limited communication and sensing ranges and autonomously plan their trajec
node search game	W2114999968	2006	Monotony Properties of Connected Visible Graph Searching	Advanced Graph Theory Research	Lecture notes in computer science	
node search game	W2167672521	2002	An efficient optimum channel routing algorithm	VLSI and FPGA Design Techniques		An optimal channel routing algorithm for a detailed two-layer channel routing is proposed. Through the inclusion of appropriate net characteristic information in the node searching function, this algorithm expands far fewer nodes than Wang's (1990) algorithm to obtain optimum solutions on all of the benchmark problems presented by T. Yoshimura and 
node search game	W2068825173	2011	Fast edge searching and fast searching on graphs	Optimization and Search Problems	Theoretical Computer Science	
node search game	W1993849509	2005	PViN	Data Visualization and Analytics		We describe the design and implementation of PViN (Pedigree Visualization and Navigation), a scalable and flexible software system that enables the visualization, analysis, and printing of hierarchical relations typically stored in relational databases. Although the concept of visualizing and printing pedigree databases is not new, we have develope
node search game	W4206810	2010	TRIDNT: Isolating Dropper Nodes with Some Degree of Selfishness in MANET	Mobile Ad Hoc Networks	Communications in computer and information science	
node search game	W2078328467	2011	Design and analysis of arrangement graph-based overlay systems for information sharing	Peer-to-Peer Network Technologies		With the continuous innovation of advanced Internet technology, Peer-to-Peer (P2P) system emerges as an important information-sharing system for the widespread exchange of resources and information among thousands of users. In this study, we applied properties of arrangement graphs to design a newly structured overlay system, named as Arrangement G
node search game	W2028852786	2014	DSearching: Distributed searching of mobile nodes in DTNs with floating mobility information	Opportunistic and Delay-Tolerant Networks		In delay tolerant networks (DTNs), enabling a node to search and find an interested mobile node is an important function in many applications. However, the movement of nodes in DTNs makes the problem formidable. Current methods in disconnected networks mainly rely on fixed stations and infrastructure-based communication to collect node position inf
node search game	W2146359393	2012	A study on the location-based VANET Routing scheme in Urban Environments	Vehicular Ad Hoc Networks (VANETs)		In this paper, we solve the location-based VANET Routing Protocol problem which is due to high mobility from vehicles and complex roadways in Urban Environments. Today, a lot of location-based Routing algorithms have appeared and we will research to consider vehicles behavior. Position information that is received by V2V Communications which is Wir
node search game	W2986224134	2019	Enhancing Attributed Network Embedding via Similarity Measure	Advanced Graph Neural Networks	IEEE Access	Network embedding aims to represent network structural and attributed information with low-dimensional vectors, which has been demonstrated to be beneficial for many network analysis tasks, such as link prediction, node classification and visualization. However, nodes in networks are commonly associated with rich contents, which are facilitated to 
node search game	W4411429542	2025	Automated guided vehicle (AGV) path optimization method based on improved rapidly-exploring random trees	Robotic Path Planning Algorithms	PeerJ Computer Science	In response to the issues of low computational efficiency, slow convergence speed, curvy paths, and the tendency to fall into local optima in rapidly-exploring random tree (RRT) algorithms for automated guided vehicle (AGV) path planning, this article proposes an improved RRT algorithm that combines adaptive step-size optimization with K-dimensiona
node search game	W4388976816	2023	Study on Joint Method of 3D Acoustic Emission Source Localization Simplex and Grid Search Scanning	Geophysical Methods and Applications	Applied Geophysics	
node search game	W2069686678	1980	An empirical evaluation of algorithms for dynamically maintaining binary search trees	Algorithms and Data Compression		Algorithms for dynamically maintaining and utilizing binary search trees are empirically compared and evaluated. The evaluation is based on the performance of the algorithms using simulated search requests. Search keys are generated using weights which are unknown and in general unequal. The algorithms provide for inserting new nodes, searching for
node search game	W2390693822	2008	Trusted routing protocol based on cluster head for wireless sensor networks	Energy Efficient Wireless Sensor Networks	Transducer and Microsystem Technologies	A trusted routing protocol based on cluster head(TRPBCH)for wireless sensor networks is presented,which can provide a method of secure routing with WSNs of great restriction.TRPBCH contains two parts of the mechanism:cluster head and the part of internal cluster,the part of cluster head includes trust and availability mechanism and rotation and ele
node search game	W2314840157	2015	Cloud-Enabled Data Center Organization using K-D Tree	Cloud Computing and Resource Management	International Journal of Database Theory and Application	An efficient load balancing algorithm in the field of cloud computing is absolutely essential in order to have a cloud network with graceful performance satisfying user expectation.Inspite of the existence of handful lightly loaded data centers, numerous heavily overloaded data centers may lead to a performance degradation of overall cloud network.
node search game	W4406464115	2025	SPA: A poisoning attack framework for graph neural networks through searching and pairing	Adversarial Robustness in Machine Learning	Machine Learning	Graph Neural Networks (GNN) have played an important role in many fields, while GNNs also suffer from adversarial attacks that aim to malfunction the GNN model by changing the adjacency matrix (i.e. generating adversarial edges) or node features (i.e. generating adversarial features) in graph data. Although the gradient-based adversarial attack met
node search game	W3101763957	2020	Novel Circular Graph Capabilities for Comprehensive Visual Analytics of Interconnected Data in Digital Humanities	Data Visualization and Analytics	Scientific Visualization	The paper is devoted to the development of tools, which enable to improve the comprehensive power of visual analytics of interconnected data.This kind of data is a great challenge for researchers in the field of Digital Humanities.We propose using ontology-driven SciVi visual analytics platform to tackle this challenge and help researchers to bring
node search game	W2379065915	2013	Dynamic Trust Model with Multiple Decision Factors in MANET	Mobile Ad Hoc Networks	Beijing Youdian Xueyuan xuebao	A dynamic trust model in mobile Ad hoc network( MANET) based on multiple factors decision( MDF-Trust) was proposed. Through quantifying the decision factors of state and behavior of the node,the routing node trust by multiple factors decision theory was evaluated. The deceptive behavior of malicious node was restrained by the trust model when intro
node search game	W1514493342	2009	A Self-stabilizing Algorithm for Graph Searching in Trees	Optimization and Search Problems	Lecture notes in computer science	
node search game	W2237495873	2006	A Light-Weight XML Query Processor for a Large Number of Structural and Textual Patterns	Advanced Database Systems and Queries	Kyushu University Institutional Repository (QIR) (Kyushu University)	A light-weight XML query processor is presented which deals with structural and textual pattern queries. Unlike the existing index-based methods, it builds no indices. Unlike the existing stream-oriented methods, it preprocesses the input XML file to yield a path trie and a binary XML file, which are processed in path-pattern matching stage and in 
node search game	W2115745835	2005	Targeted search: reducing the time and cost for searching for objects in multiple-server networks	Peer-to-Peer Network Technologies		In many applications-including peer-to-peer (P2P) file sharing, content distribution networks, and grid computing-a single object will be searched for in multiple servers. In this paper, we find the provably optimal search method for such applications and develop analytical models for search time and cost. A client node searching for objects mainta
node search game	W4400398667	2024	ART path planning method based on the 3D steering angle weighted A-star algorithm	Robotic Path Planning Algorithms	International Journal of Vehicle Information and Communication Systems	Automated Container Terminals (ACTs) have become vital in modern global supply chains, offering efficient container handling. Path planning for Artificial Intelligence Robot of Transportation (ART) poses challenges. This paper proposes a multi-ART path planning algorithm that reduces energy consumption. It introduces an eight-node searching method 
node search game	W2151314508	2014	Keyword Search on Graphs Based on Content and Structure	Web Data Mining and Analysis	Lecture notes in computer science	
node search game	W2155215004	2008	A Distributed Algorithm for Finding Global Icebergs with Linked Counting Bloom Filters	Caching and Content Delivery		Icebergs denote data items whose total frequency of occurrence is greater than a given threshold. When data items are scattered across a large number of network nodes, searching for global icebergs becomes a challenging task especially in bandwidth limited wireless networks. Existing solutions require a central server for ease of algorithm design a
node search game	W2129874597	2001	Locating Information with Uncertainty in Fully Interconnected Networks with Applications to World Wide Web Information Retrieval	Optimization and Search Problems	The Computer Journal	In this paper we examine the problem of searching for some information item in the nodes of a fully interconnected computer network, where each node contains information relevant to some topic as well as links to other network nodes that also contain information, not necessarily related to locally kept information. These links are used to facilitat
node search game	W2024568627	2011	TRIDNT: The Trust-Based Routing Protocol with Controlled Degree of Node Selfishness for MANET	Mobile Ad Hoc Networks	International Journal of Network Security & Its Applications	In Mobile ad-hoc network, nodes must cooperate to achieve the routing purposes.Node misbehaviour due to selfish or malicious intention could significantly degrade the performance of MANET because most existing routing protocols in MANET are aiming at finding most efficiency path.In this paper, we propose a Two node-disjoint Routes protocol for Isol
node search game	W2112125830	2008	Computing and Updating the Process Number in Trees	Interconnection Networks and Systems	Lecture notes in computer science	
node search game	W3014758179	2021	A polynomial time algorithm to compute the connected treewidth of a series–parallel graph	Advanced Graph Theory Research	Discrete Applied Mathematics	
node search game	W133677794	2012	A Semi-structured Overlay Network for Large-Scale Peer-to-Peer Systems	Peer-to-Peer Network Technologies	Lecture notes in computer science	
node search game	W2737470177	2017	The comparison of A* algorithm and steepest descent method for path planning	Robotic Path Planning Algorithms	Proceedings of SPIE, the International Society for Optical Engineering/Proceedings of SPIE	This study mainly introduces the advanced A* algorithm and steepest descent method for path planning based on grid form. A* algorithm is a node-searching strategy, namely uses the heuristic function to estimate the cost of the path from the start to the goal in the grid maps. The branching factor of A* algorithm describes the moving directions, whi
node search game	W2146512212	2007	Scheduling and Optimization of Dynamic Complex Discrete Events Based on Ant Colony Optimization	Resource-Constrained Project Scheduling		An ant colony optimization (ACO) based on Multi-agent approach for project scheduling and optimization is presented. Several new features that improve the converge speed and precision of ACO in general are proposed and evaluated: (1) new updating strategy of pheromone; (2) importing trust mechanism as heuristic information; (3) multi-node searching
node search game	W2546080949	2013	Design and analysis of an EPC discovery service based randomized architecture	Peer-to-Peer Network Technologies	IEEE Conference Anthology	Concept of Internet of Things has been proposed by professor Ashton from MIT Auto-ID for the first time, EAN and UCC established a none-profit organization EPCglobal, a lot of standards established to make the relative application canonical, aims to raise visibility in supply chains by enabling interested parties to query item-level data. EPCglobal
node search game	W2364500430	2010	A Method for the Shortest Time Routing Based on an Instantaneous Depth Model	Maritime Navigation and Safety	Acta Geodaetica et Cartographica Sinica	A method for the shortest time routing based on an instantaneous depth model is proposed.Firstly,an instantaneous model is constructed based on static depths in a chart and a tidal model in a sea area,then obstacles are acquired and the navigability of a route is analyzed.Secondly,the shortest time path is searched using a dynamic programming metho
node search game	W3152033596	2021	Connected search for a lazy robber	Optimization and Search Problems	Journal of Graph Theory	Abstract The node‐search game against a lazy (or, respectively, agile) invisible robber has been introduced as a search‐game analogue of the treewidth parameter (and, respectively, pathwidth). In the connected variants of the above games, we additionally demand that, at each moment of the search, the clean territories are connected . The connected 
node search game	W2107905778	2011	A Gateway Discovery Method for MANET Accessing Internet Based on Overhead Control	Mobile Ad Hoc Networks		Looking for usable gateway is a process, which brings the biggest overhead, in MANET accessing Internet. For controlling the routing overhead effectively, a gateway discovery method for MANET accessing Internet based on overhead control, which is according to the similar between ant searching path and mobile node searching gateway, is proposed in t
node search game	W175012396	2011	Flooding-Based Resource Locating in Peer-to-Peer Networks	Peer-to-Peer Network Technologies	Lecture notes in electrical engineering	
node search game	W2997619923	2019	Connected Search for a Lazy Robber	Optimization and Search Problems	White Rose Research Online (University of Leeds, The University of Sheffield, University of York)	The node search game against a lazy (or, respectively, agile) invisible robber has been introduced as a search-game analogue of the treewidth parameter (and, respectively, pathwidth). In the connected variants of the above two games, we additionally demand that, at each moment of the search, the clean territories are connected. The connected search
node search game	W2012257029	2010	An implementation and optimization for scalable DHT crawler	Peer-to-Peer Network Technologies	Science China Information Sciences	
node search game	W4413655626	2025	AMP-RRT*: an adaptive multi-layer path planning algorithm for robots in complex environments	Robotic Path Planning Algorithms	Engineering Research Express	Abstract To enhance the path planning capability of robots in complex environments, this paper proposes an Adaptive Multi-layer Path planning algorithm, AMP-RRT*. Built upon a heuristic reverse RRT* framework, the proposed method integrates modules for avoiding both unknown and dynamic obstacles, forming a three-layer cooperative path optimization 
node search game	W2759432358	1973	Random Entry Searching of Binary Trees ; CU-CS-035-73	Algorithms and Data Compression	CU Scholar (University of Colorado Boulder)	A new technique for searching lexically ordered binary trees is analyzed. Searching starts at a randomly selected node, rather than at the root node. Searching progresses in the usual manner until the item of interest is found, or until a leaf node is encountered. Leaf nodes contain pointers to the root of the tree. If the desired item is not found
node search game	W4293818688	2022	Graph Exploration with Embedding-Guided Layouts	Data Visualization and Analytics	arXiv (Cornell University)	Node-link diagrams are widely used to visualize graphs. Most graph layout algorithms only use graph topology for aesthetic goals (e.g., minimize node occlusions and edge crossings) or use node attributes for exploration goals (e.g., preserve visible communities). Existing hybrid methods that bind the two perspectives still suffer from various gener
node search game	W141391606	2002	ARCHITECTURAL FOUNDATIONS OF A CONSTRUCTION INFORMATION NETWORK	BIM and Construction Integration		ABSTRACT: Integrated information systems for construction products and information will become an important catalyst of the global construction market. In the frame of the European Union's Technology Transfer Network such a one-stop-shop for the construction industry of Europe has been developed. During 1999, partners from the UK, Finland and Slove
node search game	W2525185877	2016	Device-to-Device assisted user clustering for Multiple Access in MIMO WLAN	Wireless Networks and Protocols	KSII Transactions on Internet and Information Systems	WLAN is the best choice in the place where complex network is hard to set up. Intelligent terminals are more and more assembled in some areas now. However, according to IEEE 802.11n/802.11ac, the access-point (AP) can only serve one user at a single frequency channel. The spectrum efficiency urgently needs to be improved. In theory, AP with multi-a
node search game	W2575670350	2008	Toward a 2D vector map with a feature nodes-based watermarking method	Advanced Steganography and Watermarking Techniques	Proceedings of SPIE, the International Society for Optical Engineering/Proceedings of SPIE	With a wide use of vector maps, the copyright issue is educing an increasing importance and attracting focus on the transmission and the exchange of the vector maps through a network environment. This paper discusses a feature nodes based watermarking method (FNBW) towards keeping robustness and high accuracy of digital map based on SVG and GML for
node search game	W2132166212	2005	SPEAR: Design of a Secured Peer-to-Peer Architecture	Peer-to-Peer Network Technologies	Lecture notes in computer science	
node search game	W2113267613	2000	On the Domination Search Number	Advanced Graph Theory Research	Lecture notes in computer science	
node search game	W2028375392	2003	Improvement of Searching Nodes Arithmetic in Meshfree Method	Advanced Numerical Methods in Computational Mathematics		In numerical simulation with meshfree method, it is necessary to search nodes that are needed. In dealing with complex problems, there must be a great number of nodes distributed in computational domain. If a conventional Node-Searching method is used here, it will be a burdensome task for the computer. So this paper proposes a new numerical arithm
node search game	W1562768804	2012	Numerical Procedures for Three‐Dimensional Surface Contact	Adhesion, Friction, and Surface Interactions		This chapter contains sections titled: A Contact Algorithm with Slave Node Searching Master Segment A Contact Algorithm with Master Segment Searching Slave Node Method of Contact Territory and Defense Node Pinball Contact Algorithm Edge (Line Segment) Contact Evaluation of Contact Algorithm with Penalty Method
node search game	W2376102002	2006	Research and Design of a New Type of Internet Telephony Based on P2P-SIP Distributed Node Discovery	Advanced Computational Techniques and Applications	Microelectronics & Computer	By analyzing the P2P technology and SIP protocol, the advantage of distribution of P2P technique has been fully exploited. Using the CHORD node searching arithmetic, a new type of Internet-telephony system based on P2P-SIP distributed node discovery has been designed and whereas has solved the disadvantage of centralized directory server in SIP Int
node search game	W2373309926	2008	RESEARCH AND DESIGN OF P2P-SIP INTERNET-TELEPHONE BASED ON DHT	Web Data Mining and Analysis	Computer Applications and Software	Through the analysis of the P2P network based on distributed structured topology and SIP protocol, the advantage of this P2P network is fully exploited.Based on the DHT structure and the CHORD node searching algorithm,a new type of P2P-SIP Internet-telephone system is designed.The shortcoming of the centralized directory scheme in traditional SIP I
node search game	W2371953335	2010	A Hybrid Topology Architecture for Peer-to-Peer Video-on-Demand System	Peer-to-Peer Network Technologies	Computer Systems and Applications	A hybrid topology architecture is presented to solve the problem of scalability in P2P VOD system.Based on the gossip topology of mesh-based system,this paper constructs a structured topology and provides a distributed collaborated nodes searching mechanism for dragging operation.Besides,the model designs an algorithm for data scheduling from multi
node search game	W2625078138	2007	mSN: Metric Social Network for Similarity Searching	Opportunistic and Delay-Tolerant Networks		"This prototype implements the idea of social networking in
metric spaces. The metric social network is a peer-to-peer
network in which users can share their data without the need to
send them to a centralized node. Searching in this system is
based on the notion of similarity which is modelled using
metric spaces. The architecture of the metric soc"
node search game	W2388935912	2006	Algorithm for automatic extraction of boundary characteristic points from scatter data based on normal	3D Shape Modeling and Analysis	Machinery Design and Manufacture	An extraction algorithm of boundary characteristic point based on normal is proposed,in which novel node searching and front update methods are presented to advance front,the wing's normal of front edges are computed during the extension of the front,and points of boundary characteristic are extracted according to the angle between normals of two w
node search game	W2394472298	1995	SOFTWARE SYSTEM FOR SHEET METAL FORMING SIMULATION	Metal Forming Simulation Techniques	Jisuanji gongcheng	SMFSSI refers to software system of the sheet metal forming simulation system-1. It consists of sheet metal forming die design model (CAD)preprocessor post interface and finite element method(FEM)model. The forming process is simulated with FEM code. The slave/master contact node searching makes system fast. The panel factor is used for solving acc
node search game	W2366712160	1998	A Node Cost Model in Solving Binary Constraint Satisfaction Problems	Constraint Satisfaction and Optimization		A model of evaluating cost by number of nodes searched in solving binary constraint satisfaction problems is introduced in this paper. It has been applied to the random binary constraint satisfaction problems to analyze the phase transition property of solving cost. The theoretical cost induced from the model is compared with those practical costs 
node search game	W2348909229	2002	Optimized method for calculating minimal path sets of large-scale network system	Power Systems and Technologies	Journal of systems engineering	Based on the nodes-searching method of calculating minimal path sets of large-scale network system, a new optimized method is presented for calculating minimal path sets. High-order arrays are represented to low-order arrays and dynamic arrays are used in the method. The internal storage space occupied by every dynamic array is immediately freed af
node search game	W2373595398	2007	Intelligent Detecting the Rotor Position of Spherical Motor Based on State Space	Inertial Sensor and Navigation	Micromotors.servo Technique	Based on the permanent magnetic spherical stepper motor model which is introduced by Gregory S.Chirikjian,etc.in American Hopkins University,the paper presents a kind of method of detecting the rotor position in space.Photoelectric sensors are used to identify the rotor position according to random encoder in the surface of the rotor.In this kind o
node search game	W40054910	2012	New bounds for search numbers using probabilistic and algorithmic techniques	Advanced Graph Theory Research	Memorial University Research Repository (Memorial University)	Graph searching is a well-studied subject in graph theory. This thesis concentrates on the magnitude of two different search numbers. First, a new upper bound on the fast search number of a general graph is given. The new result improves the existing bound on the fast search number which is given by the brush number. Based on the improved result, a
node search game	W2363289456	2008	Design and Implemeotation of File Distribution Management Module Based on Multicast and P2P	Technology and Security Systems		This paper introduces a CNGI research project A File Distributing System by The Cooperation of IP Multicast and P2P. Through careful design of the file management module of the system,a combined function of IPv6 multicast and P2P fulfilled can be realized. By using the JXTA P2P platform,the system implements the basic functions of node searching,no
node search game	W4224913677	2022	Learning heuristics for A*	Advanced Graph Neural Networks	arXiv (Cornell University)	Path finding in graphs is one of the most studied classes of problems in computer science. In this context, search algorithms are often extended with heuristics for a more efficient search of target nodes. In this work we combine recent advancements in Neural Algorithmic Reasoning to learn efficient heuristic functions for path finding problems on 
node search game	W2360244183	2010	Overhead Reducing Method for MANET Accessing Internet Based on Gateway Pheromone Update	Mobile Ad Hoc Networks	Dianzi xuebao	Looking for usable gateway is a process,which brings the biggest overhead,in MANET accessing Internet.For controlling the routing overhead effectively,an accessing network overhead control algorithm,which based on gateway pheromone,is proposed in this paper according to the similar between ant searching path and mobile node searching gateway.By sim
node search game	W2387033571	2006	Balancing Two-sided Assembly Line Based on Branch and Bound Way	Assembly Line Balancing Optimization		Aimed at the lack of research on two-sided assembly line balancing problem status in quo,the characteristics of two-sided assembly line were analyzed and the special requirements of balancing were studied,the mathematical model was built,then a balancing algorithm which was based on branch and bound was developed.The algorithm was based on task、 si
node search game	W2121032440	2011	Research of a Novel P2P Search Algorithm Based on Small-World Phenomena	Web Data Mining and Analysis	Advanced materials research	This paper proposes a novel breadth-first search algorithm and deals with the problem of duplicate web pages removing and page ranking by the principle of Small World phenomena. The features of algorithm in this paper are as follows: 1) it proposes the Unit Tree-based Breadth-First Search Algorithm and performs a qualitative analysis and simulated 
node search game	W2358346567	2009	Peer to peer task scheduling based on improved immune clonal selection algorithm	Artificial Immune Systems Applications	Computer Integrated Manufacturing Systems	Due to dynamic uncertainty of Peer to Peer(P2P) network and the complexity of task scheduling,it was difficult to cope with the problems of searching peers and balancing load effectively.To deal with these problems,the statistic indeterminate reasoning was applied to seek the set of idle peers which satisfying the needs of scheduling time from the 
node search game	W134029461	2014	Adaptive Retrieval in a P2P Cloud Datacenter	Peer-to-Peer Network Technologies		
node search game	W2492084836	2009	Meshfree Methods for Adaptive Analysis	Numerical methods in engineering		Previous chapters have described in detail the theory, formulation, procedure, and property of meshfree methods. We now discuss a very practical theme: meshfree methods for adaptive analysis for two-and three-dimensional (2D and 3D) problems. To conduct an adaptive analysis effectively we need to make our codes very efﬁcient and robust for complica
node search game	W3132108062	2020	Hyperbolic Attributed Network Embedding with self-adaptive Random Walks	Advanced Graph Neural Networks		Network embedding aims to learn low-dimensional vectors for vertices in complex networks. In real-world systems, nodes in networks are commonly associated with diverse attributes. However, classic approaches generally ignored the implicit relations and hierarchical information introduced by attributes. Motivated by this, we propose a new method nam
node search game	W3145630141	2010	An implementation and optimization for scalable DHT crawler	Peer-to-Peer Network Technologies		KAD is one of the largest scale DHT based on real applications. Measurements on KAD is a good approach for researching DHT. Many different active and passive measurements have been made on those systems, and crawlers are novel approach in active measurement. A crawler begins crawling into the DHT with a basic set of given nodes, sending node search
node search game	W2899910408	2018	Pancake graphs for lookup acceleration and optimization in P2P networks	Peer-to-Peer Network Technologies	Web Intelligence	Lookup services is still a key challenge in all distributed systems and particularly for P2P based services (e.g. distributed SDN node controllers, social networking…). In these networks, node searching for a specific service or resource has to discover the “best” path to the node offering the requ ested resource or service. Since P2P networking is
node search game	W3014245125	2017	Confiabilidade de conexão entre dispositivos aplicado ao 5G.	Healthcare during COVID-19 Pandemic		The technological resources for data transmission between existing mobile devices will become insufficient considering the speed which mobile technology evolves as a result that emergence the concept of 5G networks has become necessary. The 5G networks present a different structure of networks known and it presents new problems related to the relia
node search game	W3047112472	2020	COLLABORATIVE CORRELATION CODING ASSISTED ROUTING ALGORITHM (C3RA) FOR WMSNS	Energy Efficient Wireless Sensor Networks	Journal of Critical Reviews	"In Wireless Multimedia Sensor Networks (WMSNs), simultaneous achievement of network
energy minimization and Quality of Service is a crucial task. The main reason behind this problem is huge
redundant data due to the dense deployed camera sensor nodes. In a densely deployed WMSN, the visual
information acquired throgh the camera sensor nodes has "
node search game	W7115677299	2021	Two-Dimensional Task Offloading for Mobile Networks: An Imitation Learning Framework	IoT and Edge/Fog Computing	La Trobe University	Mobile computing network is envisioned as a powerful framework to support the growing computation-intensive applications in the era of the Internet of Things (IoT). In this paper, we exploit the potential of a multi-layer network via a two-dimensional (2-D) task offloading scheme, which enables horizontal cooperations among the edge nodes. To minim
node search game	W7115708118	2021	Two-Dimensional Task Offloading for Mobile Networks: An Imitation Learning Framework	IoT and Edge/Fog Computing	La Trobe University	Mobile computing network is envisioned as a powerful framework to support the growing computation-intensive applications in the era of the Internet of Things (IoT). In this paper, we exploit the potential of a multi-layer network via a two-dimensional (2-D) task offloading scheme, which enables horizontal cooperations among the edge nodes. To minim
node search game	W1589799646	2010	Fast Edge-Searching and Related Problems	Optimization and Search Problems	Lecture notes in computer science	
edge search game	W2068825173	2011	Fast edge searching and fast searching on graphs	Optimization and Search Problems	Theoretical Computer Science	
edge search game	W1759534295	2007	Lower Bounds on Edge Searching	Optimization and Search Problems	Lecture notes in computer science	
edge search game	W2068664205	2011	Edge search number of cographs	Advanced Graph Theory Research	Discrete Applied Mathematics	
edge search game	W1538049091	2009	Edge Search Number of Cographs in Linear Time	Advanced Graph Theory Research	Lecture notes in computer science	
edge search game	W2184624261	2009	On Weighted Edge-Searching	Advanced Graph Theory Research		Summary. In this document we address some complications regarding the weighted edge-searching problem. This variant of edge-searching extends the original problem by considering situations where multiple searchers may be required to clear a single edge or guard a single vertex. We show that previous work on this topic overlooked a fundamental probl
edge search game	W1985522690	2009	Edge searching weighted graphs	Optimization and Search Problems	Discrete Applied Mathematics	
edge search game	W2125583143	2013	On minimum cost edge searching	Advanced Graph Theory Research	Theoretical Computer Science	
edge search game	W4386765047	2023	ReRAM-based graph attention network with node-centric edge searching and hamming similarity	Advanced Memory and Neural Computing		The graph attention network (GAT) has demonstrated its advantages via local attention mechanism but suffered from low energy and latency efficiency when implemented on conventional von-Neumann hardware. This work proposes and experimentally demonstrates an algorithm-hardware co-designed GAT that runs efficiently and reliably in ReRAM-based hardware
edge search game	W3145796956	2006	Segmentation algorithm based on edge-searching for multi-linear structured light images	Advanced Measurement and Detection Methods	Chinese Journal of Mechanical Engineering	
edge search game	W2345365639	2008	Algorithmic complexity and extremality characterizations for edge searching and its variations	Advanced Graph Theory Research	Memorial University Research Repository (Memorial University)	Edge searching is a combinatorial game played on graphs. The aim is to construct a search strategy to catch an intruder hidden in the graph independent of his actions. If the intruder has a diffused form then searching corresponds to cleaning the graph. A related problem consists of minimizing the number of searchers used in this search. Various ve
edge search game	W2006510951	1991	Monotonicity in graph searching	Advanced Graph Theory Research	Journal of Algorithms	
edge search game	W2355101038	2004	A Segmentation Algorithm of Images Based on Combination of the advaced Methodology of Edge-searching and CANNY	Advanced Measurement and Detection Methods	Yiqi yibiao xuebao	It presents a simple and effective methodology of segmentation of ICT images,based on combination of the methodology of edge-searching and CANNY.In this algorithm,the methodology of Robert is used for edge detection,and advanced edge-searching-with-weight for searching all imformation of edges,and CANNY for enhancing-edge-itself.This algorithm is u
edge search game	W2055245094	1985	Arboricity and Subgraph Listing Algorithms	Advanced Graph Theory Research	SIAM Journal on Computing	In this paper we introduce a new simple strategy into edge-searching of a graph, which is useful to the various subgraph listing problems. Applying the strategy, we obtain the following four algorithms. The first one lists all the triangles in a graph G in $O(a(G)m)$ time, where m is the number of edges of G and $a(G)$ the arboricity of G. The seco
edge search game	W2053664185	2000	Edge and node searching problems on trees	Advanced Graph Theory Research	Theoretical Computer Science	
edge search game	W2070452951	2009	A Surface Topology and Motion Compensation System for Microsurgery Guidance and Intervention Based on Common-Path Optical Coherence Tomography	Optical Coherence Tomography Applications	IEEE Transactions on Biomedical Engineering	A surface topology and motion compensation system for microsurgery guidance and intervention is developed based on common-path optical coherence tomography. A 1-D erosion-based edge-searching method and autoregressive predictor are applied to A-scan data for real-time depth tracking. Images using the topology and motion compensation technique are o
edge search game	W1600238706	2008	On the Fast Searching Problem	Optimization and Search Problems	Lecture notes in computer science	
edge search game	W2027568724	2008	Sweeping graphs with large clique number	Advanced Graph Theory Research	Discrete Mathematics	
edge search game	W4391247836	2024	Edge searching and fast searching with constraints	Computational Geometry and Mesh Generation	Theoretical Computer Science	
edge search game	W1589799646	2010	Fast Edge-Searching and Related Problems	Optimization and Search Problems	Lecture notes in computer science	
edge search game	W1983243209	2000	Graph Searching on Some Subclasses of Chordal Graphs	Advanced Graph Theory Research	Algorithmica	
edge search game	W7169841130	2018	Edge Searching and Object Enhancing Algorithm	Medical Image Segmentation Techniques	International Journal of Communication Systems and Network Technologies	Image improvement and edge discovery are very important in the digital globe to discover the knowledge relating to an entity similar to strength, level, contrast, range, limitations, missing and hidden areas or boundaries etc. There are very a small amount of methods and algorithms to show the finer facts of an aim. The primary we planned edge dete
edge search game	W1971764330	2000	Algorithms and obstructions for linear-width and related search parameters	Advanced Graph Theory Research	Discrete Applied Mathematics	
edge search game	W59006036	1993	An Optimal Algorithm for Edge Searching an Interval Graph.	Constraint Satisfaction and Optimization	Journal of information science and engineering	
edge search game	W871368298	2005	Iris Localization Based on Edge Searching Strategies	Biometric Identification and Security	西南交通大学学报：英文版	An iris localization scheme based on edge searching strategies is presented. First, the edge detection operator Laplacian-ofGaussian (LoG) is used to iris original image to search its inner boundary. Then, a circle detection operator is introduced to locate the outer boundary and its center, which is invariant of translation, rotation and scale. Fi
edge search game	W2560462343	2010	A Linear Time Algorithm for Edge Searching on 3-Cycle-Disjoint Graphs	Optimization and Search Problems		Abstract The edge searching problem is to find the minimum number of searchers to capture an intruder that is hiding on vertices or edges of a graph. A 3-cycle-disjoint graph is a connected graph in which no pair of cycles share a vertex and every cycle has at most three vertices with degree more than two. In this paper, we consider the edge search
edge search game	W2348850315	2009	Target edge searching segmentation method based on wavelet transform	Image Processing Techniques and Applications	Infrared and Laser Engineering	In order to meet the requirement of real-time and noise immune capability for target recognition,the target edge searching segmentation method based on wavelet transform was presented. The reverse biorthogonal wavelet was used, and then the target edge was detected using a heuristic search in modulus maxima of the wavelet transform. The target edge
edge search game	W1559054453	2004	Computing Small Search Numbers in Linear Time	Advanced Graph Theory Research	Lecture notes in computer science	
edge search game	W1539358587	1996	Graph searching on chordal graphs	Advanced Graph Theory Research	Lecture notes in computer science	
edge search game	W2106682396	2006	SEGMENTATION ALGORITHM BASED ON EDGE-SEARCHING FOR MULTI-LINEAR STRUCTURED LIGHT IMAGES	Industrial Vision Systems and Defect Detection	中国机械工程学报	瞄准边 oflight 条纹上的骚乱的存在使轻条纹的图象的分割困难的问题，一个新分割算法基于寻找边被介绍。它第一计算每个边象素“ s 生产相应毕业边的水平并列毕业生，然后使用设计长度变量 IDtemplate 扫描轻条纹”毕业边。模板能与利用边骚乱的散布特性的不同宽度发现骚乱。发现骚乱最后被消除。算法能顺利不仅分割 light-stripesimages，而且在“没有损坏 thelight 条纹图象的轻条纹的边”上消除大多数骚乱 3D 信息。使用建议算法的一个实际例子最后被给。算法的效率被比较显然改进了，这被证明。
edge search game	W3146326368	2006	SEGMENTATION ALGORITHM BASED ON EDGE-SEARCHING FOR MULTI-LINEAR STRUCTURED LIGHT IMAGES	Advanced Measurement and Detection Methods	中国机械工程学报：英文版	Aiming at the problem that the existence of disturbances on the edges of light-stripe makes the segmentation of the light-stripes images difficult, a new segmentation algorithm based on edge-searching is presented. It firstly calculates every edge pixel's horizontal coordinate grads to produce the corresponding grads-edge, then uses a designed leng
edge search game	W1971580988	2014	Method of Edge Searching Considering Dynamics of Event Area for Wireless Sensor Networks	Energy Efficient Wireless Sensor Networks		This paper targets the reduction in duplications of observations and unnecessary power consumption due to duplications in event-driven wireless sensor networks. Conventional research has proposed efficient scheme of data collection that only collect detected information from nodes located at the edges of event areas, which has eliminated the duplic
edge search game	W2592306766	2011	A Data Collecting Scheme with Edge Searching for Event-Driven Wireless Sensor Networks	Energy Efficient Wireless Sensor Networks	IEICE Technical Report; IEICE Tech. Rep.	
edge search game	W2373865387	2011	Edge Searching Algorithm for Quadratic Graphic Arrangements and the Cohomology of Orlik-Solomon Algebras	Advanced Combinatorial Mathematics	Advances in Mathematics	A special class of graphic arrangements,quadratic graphic arrangements,is studied.The edge searching algorithm is formulated and used to determine which order of the hyperplanes in a graphic arrangement makes the arrangement quadratic.The Poincare polynomials of the Orlik-Solomon algebras for this class of arrangements are formulated.When the bound
edge search game	W2592013352	2013	A Cluster-based Data Collection Scheme with Edge Searching for Event-Driven Wireless Sensor Networks	Energy Efficient Wireless Sensor Networks	IEICE Technical Report; IEICE Tech. Rep.	
edge search game	W2574513069	2012	Energy-Efficient Data Collecting Scheme with Edge Searching for Event Driven Wireless Sensor Networks	Energy Efficient Wireless Sensor Networks	Medical Entomology and Zoology	
edge search game	W2053859880	2008	A multi-resolution approach for line-edge roughness detection	Surface Roughness and Optical Measurements	Microelectronic Engineering	
edge search game	W2409761506	2016	Edge Decision Message Reduction Method for Data Collecting Scheme with Edge Searching in Wireless Sensor Networks	Energy Efficient Wireless Sensor Networks	B - Abstracts of IEICE TRANSACTIONS on Communications (Japanese Edition)	
edge search game	W1980343433	2011	Development of a guide-dog robot: human–robot interface considering walking conditions for a visually handicapped person	Gaze Tracking and Assistive Technology	Microsystem Technologies	
edge search game	W1996845744	2014	Choosing a heuristic and root node for edge ordering in BDD-based network reliability analysis	Reliability and Maintenance Optimization	Reliability Engineering & System Safety	
edge search game	W2405543280	2015	Edge Detection Message Reduction Method for Data Collecting Scheme by Edge Searching in Event Driven Wireless Sensor Networks	Energy Efficient Wireless Sensor Networks	IEICE technical report. Speech	
edge search game	W1617857752	2011	Connected searching of weighted trees	Optimization and Search Problems	Theoretical Computer Science	
edge search game	W2032116766	1993	Efficient edge detection using hierarchical structures	Medical Image Segmentation Techniques	Pattern Recognition	
edge search game	W1978656633	2011	Algorithms and complexity results for graph-based pursuit evasion	Guidance and Control Systems	Autonomous Robots	
edge search game	W2315703913	2009	The design and application of a robotic vacuum cleaner	Robotic Path Planning Algorithms	Journal of Information and Optimization Sciences	Robots are widely used in modern industrial manufacturing, in households, in entertainment, and in the security sector. To facilitate targeted functions, interactivity in conjunction with high quality sensors play essential roles. In this paper, an intelligent and interactive robotic vacuum cleaner is developed. By using awireless transport protoco
edge search game	W2074771880	2008	Monotonicity in digraph search problems	Optimization and Search Problems	Theoretical Computer Science	
edge search game	W2070526994	2008	Time constrained graph searching	Optimization and Search Problems	Theoretical Computer Science	
edge search game	W2132813033	2013	Three-fast-searchable graphs	Optimization and Search Problems	Discrete Applied Mathematics	
edge search game	W2102919104	2007	Arc Searching Digraphs Without Jumping	Optimization and Search Problems	Lecture notes in computer science	
edge search game	W2026915901	2014	Distributed graph searching with a sense of direction	Optimization and Search Problems	Distributed Computing	In this work we consider the edge searching problem for vertex-weighted graphs with arbitrarily fast and invisible fugitive. The weight function $${\omega }$$ provides for each vertex $$v$$ the minimum number of searchers required to guard $$v$$ , i.e., the fugitive may not pass through $$v$$ without being detected only if at least $${\omega }(v)$$
edge search game	W1984957709	1993	SEARCHING A PSEUDO 3-SIDED SOLID ORTHOCONVEX GRID	Optimization and Search Problems	International Journal of Foundations of Computer Science	In this paper we examine the edge searching problem on pseudo 3-sided solid orthoconvex grids. We define a similar problem which we call modified edge searching, and we derive a relation among the original edge searching problem and the modified one. Then, for the modified edge searching problem, we show that there are searching strategies that pos
edge search game	W1599662850	2008	Mixed Search Number of Permutation Graphs	Advanced Graph Theory Research	Lecture notes in computer science	
edge search game	W1974794965	2011	A Distributed Algorithm for Computing the Node Search Number in Trees	Advanced Graph Theory Research	Algorithmica	
edge search game	W4210318663	2021	Content-based Image Retrieval based on Convolutional Neural Networks	Image Retrieval and Classification Techniques		Images can communicate a service, brand or product. Moreover, images provide depth and context to a description or story and give a much more intense experience than writing alone. Image retrieval is the highest searching performance process, especially in large databases. Search by content is a powerful tool for many industries. Images are more co
edge search game	W2952252618	2008	A distributed algorithm for computing and updating the process number of a forest	Data Management and Algorithms	arXiv (Cornell University)	In this paper, we present a distributed algorithm to compute various parameters of a tree such as the process number, the edge search number or the node search number and so the pathwidth. This algorithm requires n steps, an overall computation time of O(n log(n)), and n messages of size log_3(n)+3. We then propose a distributed algorithm to update
edge search game	W1620490497	2010	Connected Searching of Weighted Trees	Optimization and Search Problems	Lecture notes in computer science	
edge search game	W3189536157	2021	Ultra-Wideband Positioning Sensor with Application to an Autonomous Ultraviolet-C Disinfection Vehicle	Indoor and Outdoor Localization Technologies	Sensors	Due to the COVID-19 virus being highly transmittable, frequently cleaning and disinfecting facilities is common guidance in public places. However, the more often the environment is cleaned, the higher the risk of cleaning staff getting infected. Therefore, strong demand for sanitizing areas in automatic modes is undoubtedly expected. In this paper
edge search game	W2106183912	1997	Edge and node searching problems on trees	Data Management and Algorithms	Lecture notes in computer science	
edge search game	W2398199861	2009	Adaptive Gait for Large Rough Terrain of a Leg-Wheel Robot (Third Report: Step-Down Gait)	Robotic Locomotion and Control	Journal of Robotics and Mechatronics	A leg-wheel robot has mechanically separated four legs and two wheels, and it performs high mobility and stability on rough terrains. The adaptive gait for large rough terrains of the leg-wheel robot is composed of three gait strategies. In this paper, the step-down gait, which is one part of the adaptive gait, is described. The point of the flow o
edge search game	W1600618345	2010	Application of genetic algorithms in graph searching problem	Optimization and Search Problems	International Conference in Information Technology	Graph searching is a common approach to solving a problem of capturing a hostile intruder by a group of mobile agents. We assume that this task is performed in an environment which we are able to model as a graph G. The question asked is how many agents are needed to capture an arbitrary fast, invisible and smart intruder. This number is called the
edge search game	W4236982040	2006	Adaptive Gait for Large Rough Terrain of a Leg-wheel Robot (3rd Report, Gait for a Downward Step)	Robotic Locomotion and Control	TRANSACTIONS OF THE JAPAN SOCIETY OF MECHANICAL ENGINEERS Series C	A leg-wheel robot has mechanically separated four legs and two wheels, and it performs high mobility and stability on rough terrains. The adaptive gait for large rough terrains of the leg-wheel robot is composed of three gait strategies. In this paper, the gait for a downward step, which is one part of the adaptive gait, is described. The point of 
edge search game	W3175493865	2021	Singing Transcription from Polyphonic Music Using Melody Contour Filtering	Music and Audio Processing	Applied Sciences	Automatic singing transcription and analysis from polyphonic music records are essential in a number of indexing techniques for computational auditory scenes. To obtain a note-level sequence in this work, we divide the singing transcription task into two subtasks: melody extraction and note transcription. We construct a salience function in terms o
edge search game	W3161500263	2020	Triangle Search Optimization Algorithm for Single-Objective Bound-Constrained Numerical Optimization	Metaheuristic Optimization Algorithms Research	2020 5th International Conference on Mechanical, Control and Computer Engineering (ICMCCE)	Real-parameter optimization has been a focus of the last decade. An inspired algorithm, triangle search optimization (TSO), is proposed for the Congress on Evolutionary Computation (CEC) 2020 competition. In this paper, the TSO algorithm is divided into two phases: the triangle vertex searching (TVS) and triangle edge searching (TES) phases. In the
edge search game	W1990146010	2010	Digital Image Splicing Using Edges	Image Processing and 3D Reconstruction	International Journal of Digital Crime and Forensics	In this paper, the authors splice together an image which has been split up on a piece of paper by using duplication detection. The nearest pieces are connected using edge searching and matching and the pieces that have graphics or textures are matched using the edge shape and intersection between the two near pieces. Thus, the initial step is to m
edge search game	W2112125830	2008	Computing and Updating the Process Number in Trees	Interconnection Networks and Systems	Lecture notes in computer science	
edge search game	W1540625588	2013	A Linguistic Graph-Based Approach for Web News Sentence Searching	Natural Language Processing Techniques	Lecture notes in computer science	
edge search game	W3047980310	2020	Applying a micro-UAV for searching an indoor target person using laser ranging and monocular vision	Robotics and Sensor-Based Localization	Scientia Sinica Technologica	A micro-unmanned aerial vehicle (UAV) generally refers to an ultrasmall unmanned aerial vehicle <10 cm in size. Its load capacity is not high enough to carry high-performance sensors and an onboard computer. Therefore, performing autonomous flight missions using micro-UAVs is difficult. In this study, an indoor target person searching scheme is pro
edge search game	W2340251468	2007	Wavelet-based image feature extraction	Neural Networks and Applications		Wavelets are compactly supported functions, which are zero outside a finite interval. A wavelet transform provides both the space and frequency localizations of a signal. Wavelets are created from a single function, called the mother wavelet, by stretching and translation. This property makes wavelets a powerful tool in multiresolution representati
edge search game	W2010347496	2010	Automatic cable spooling for a robotic vacuum cleaner	IoT-based Smart Home Systems	Journal of Information and Optimization Sciences	The main purpose of this paper is to create a mechanism that can automatically gather and loosen the power line on the mobile cleaning robot. A single-chip Microcontroller PIC18F452 is used as a control core in the robot. The robot driven by two stepping motors is equipped with six infrared-ray-distance detectors to detect obstacles and calculate t
edge search game	W1606697188	1992	Searching a solid pseudo 3-sided orthoconvex grid	Advanced Graph Theory Research	Lecture notes in computer science	
edge search game	W4394674305	2024	Learning Counterfactual Explanation of Graph Neural Networks via Generative Flow Network	Explainable Artificial Intelligence (XAI)	IEEE Transactions on Artificial Intelligence	Counterfactual subgraphs explain Graph Neural Networks (GNNs) by answering the question: “How would the prediction change if a certain subgraph were absent in the input instance?” The differentiable proxy adjacency matrix is prevalent in current counterfactual subgraph discovery studies due to its ability to avoid exhaustive edge searching. However
edge search game	W2049269516	2008	Scanning networks with cactus topology	Optimization and Search Problems		The family of pursuit and evasion problems is widely studied because of its numerous practical applications, ranging from communication protocols to cybernetic and physical security. Calculating the search number of a graph is one of most commonly analyzed members of this problem family. The search number is the smallest number of mobile agents req
edge search game	W3083707105	2020	An Order Sampling Processing-in-Memory Architecture for Approximate Graph Pattern Mining	Graph Theory and Algorithms		There have been increasing interests in graph pattern mining due to the booming of data volume in various domains. Conventional graph mining implementations which calculate the exact count of patterns usually suffer from huge amounts of intermediate data and low performance on large-scale graphs. With the observation that the exact pattern counts a
edge search game	W3018600480	2022	A Linear Fixed Parameter Tractable Algorithm for Connected Pathwidth	Advanced Graph Theory Research	SIAM Journal on Discrete Mathematics	The graph parameter of pathwidth can be seen as a measure of the topological resemblance of a graph to a path. A popular definition of pathwidth is given in terms of node search, where we are given a system of tunnels (represented by a graph) that is contaminated by some infectious substance and we are looking for a search strategy that, at each st
edge search game	W2066060175	1998	Model-driven active visual tracking	Advanced Vision and Imaging	Real-Time Imaging	
edge search game	W4402978870	2024	Depth first: Optimal path discovery between designated nodes in random ring-based graphs	Data Management and Algorithms	China Communications	This paper focuses on optimally determining the existence of connected paths between some given nodes in random ring-based graphs. Serving as a fundamental underlying structure in network modeling, ring topology appears as commonplace in many realistic scenarios. Regarding this, we consider graphs composed of rings, with some possible connected pat
edge search game	W4386155733	2023	Constrained Graph Searching on Trees	Optimization and Search Problems	Lecture notes in computer science	
edge search game	W4392382949	2024	More efficient algorithms for searching for several edges in a hypergraph	graph theory and CDMA systems	Indian Journal of Pure and Applied Mathematics	
edge search game	W2382367461	2006	A Rapidly Search Method in Repairing Surface Mesh	Manufacturing Process and Optimization	Jisuanji yingyong yanjiu	This paper addresses an edge-searching algorithm applied to searching disfigurement meshes in the process of repairing surface mesh.In order to improve the efficiency of this algorithm,using the method of hoisting dimension,change an edge in 3D to a point in 6D and create cell-edge binary tree.At the same time,the search process is divided into two
edge search game	W4400233469	2024	Hierarchical Placement Algorithm for Analog Circuit With Polygonal Modules	VLSI and FPGA Design Techniques		With the increasing application of analog circuits, manual layout processes become time-consuming. Existing research on automatic placement primarily applies to rectangular modules, and it is challenging to simultaneously meet the requirements of speed, compactness, and high performance. This work presents a hierarchical placement algorithm for ana
edge search game	W1537116167	2009	Digital Image Splicing Using Edges	Digital Media Forensic Detection	Lecture notes in computer science	
edge search game	W4247163151	2012	Digital Image Splicing Using Edges	Image Processing and 3D Reconstruction	IGI Global eBooks	In this paper, the authors splice together an image which has been split up on a piece of paper by using duplication detection. The nearest pieces are connected using edge searching and matching and the pieces that have graphics or textures are matched using the edge shape and intersection between the two near pieces. Thus, the initial step is to m
edge search game	W2048008151	2012	Building Three-Dimensional Merged Surface Model from Polygonal Models	Robotic Path Planning Algorithms	Advanced materials research	Three-dimensional surface merging plays an important role in rapid prototyping manufacture, physically based modeling and finite element analysis. In this paper, a rapid merging method is proposed to build three-dimensional water-proof surface model from polygonal models. To rapidly determine merging boundaries, collision detection techniques are u
edge search game	W2051963389	2012	The realizability problem for Golovach-type functions	Mathematical Dynamics and Fractals	Vestnik St Petersburg University Mathematics	The problem mentioned in the title is stated as follows. Consider a function f with some necessary properties of the Golovach function, namely, a piecewise constant nonincreasing right continuous function defined on the set of nonnegative real numbers and taking integer values such that this function is identically equal to 1 at sufficiently large 
edge search game	W4244951286	2017	Graph cleaning	Semantic Web and Ontologies		The graph cleaning model is a graph searching game that considers the decontamination of a graph by sending brushes from vertex to vertex. Graph cleaning may be viewed as a combination of the chip-firing game and edge searching on graphs. The assumption is that a graph is cleaned when every vertex has been cleaned. If every vertex has been cleaned,
edge search game	W2393865159	2012	Algorithm of Extracting Polyhedral Parts Surface Cells in 3D Reconstruction	Image Processing and 3D Reconstruction	Machinery Design and Manufacture	Presents concepts of polyhedral part surface cell and algorithm of extracting polyhedral part surface cells in 3D rapid reconstruction.Firstly,an adjacency matrix of undirected graph in the plane view of polyhedral part is established.Then,establishes the initial node sequence of the undirected graph and start edge searching sequence for initial no
edge search game	W2742698121	2009	J1601-1-3 Robust Human-Guide-Dog Robot Interface Development Considering Walking Conditions of a Visually-Handicapped Person	Robotics and Sensor-Based Localization	The proceedings of the JSME annual meeting	In Japan, repletion rate of guide dogs for visually-handicapped persons is at very low percentage of roughly 10% nationwide due to required long training period as well as uneconomic price in obtaining a guide dog. Motivated by these two reasons, we are currently developing a Guide-Dog Robot with major objective given to developing intelligence in 
edge search game	W2777477701	2010	Modeling and Multiresolution Characterization of Micro/Nano Surface	Surface Roughness and Optical Measurements		Various statistical features can be used to characterize the surface in quantitative way. Such an analysis can be done by the multi-resolution capabilities of wavelet transforms (WT) of the surface microscopic image. A multi-scale molecular model can help to investigate the physical and chemical mechanism in manufacturing process. Multiresolution c
edge search game	W4240626291	1988	Chapter 8 Listing Subgraphs	Advanced Graph Theory Research	North-Holland mathematics studies	
edge search game	W2996595309	2019	Research on target location method based on varistor image	Image Processing Techniques and Applications		In order to more accurately locate and segment the varistor image to achieve the varistor image data set necessary for automatic construction of deep learning. This paper proposes a method for locating and stitching the body and stitch of varistor based on Hough transform and mathematical morphology. In order to obtain an image that eliminates surf
edge search game	W2119076468	2009	Seam Tracking Technology for Hyperbaric Underwater Welding	Welding Techniques and Residual Stresses	中国机械工程学报：英文版	Automatic weld seam tracking technology to be used in hyperbaric underwater damaged pipeline repair welding is much more important, because of poor bevel preparation and severe working condition. A weld seam tracking system based on digital signal processing(DSP) passive light weld image processing technology has been established. A convenient char
edge search game	W4386706054	2023	Learning Counterfactual Explanation of Graph Neural Networks Via Generative Flow Network	Explainable Artificial Intelligence (XAI)	SSRN Electronic Journal	
edge search game	W1555567505	2007	MTF Measurement Based on Interactive Live-Wire Edge Extraction	Medical Image Segmentation Techniques	Lecture notes in computer science	
edge search game	W2780923657	2016	A CNC machine guiderail wear in-process monitoring system	Advanced machining processes and optimization	CERES (Cranfield University)	This research investigates and establishes a system for monitoring the guiderail wear on medium size CNC machines. The system possesses the function of measuring the wear state on guiderails in an in-process way, which is more functional and efficient than the traditional method. In this research, two different types of sensors for monitoring each 
edge search game	W4401881634	2024	Ants: Attacking Spatial Temporal Graph Learning Networks Structurally	Advanced Graph Neural Networks		Spatial-temporal graph data widely appear in real-world applications like traffic flow forecasting and skeleton-based action recognition. To effectively handle such data, spatial-temporal graph learning neural networks (STGNNs) have emerged as a promising solution and outperform traditional deep learning in these tasks. However, existing studies ma
edge search game	W7214273467	2026	An industrial vision-based gear dimension measurement method using adaptive scale compensation and theoretical radius constraint	Advanced Measurement and Metrology Techniques	Measurement Science and Technology	Abstract Gear dimensional measurement using ordinary industrial cameras is susceptible to imaging scale variation caused by workpiece thickness, as well as edge localization errors induced by metallic reflections and grayscale fluctuations under front illumination. To address these issues, a vision-based gear dimensional measurement framework integ
narrowness	W1599996235	1990	Lazy narrowing in a graph machine	Parallel Computing and Optimization Techniques	Lecture notes in computer science	
narrowness	W78174217	1996	Term graph narrowing	Logic, programming, and type systems	Mathematical Structures in Computer Science	We introduce term graph narrowing as an approach for solving equations by transformations on term graphs. Term graph narrowing combines term graph rewriting with first-order term unification. Our main result is that this mechanism is complete for all term rewriting systems over which term graph rewriting is normalizing and confluent. This includes,
narrowness	W2064885482	1995	Unification, Rewriting, and Narrowing on Term Graphs	Logic, programming, and type systems	Electronic Notes in Theoretical Computer Science	The concept of graph substitution recently introduced by the authors is applied to term graphs, yielding a uniform framework for unification, rewriting, and narrowing on term graphs. The notion of substitution allows definitions of these concepts that are close to the corresponding definitions in the term world. The rewriting model obtained in this
narrowness	W1554593997	1999	Complete Strategies for Term Graph Narrowing	Logic, programming, and type systems	Lecture notes in computer science	
narrowness	W2508060747	1992	Graph Narrowing to Implement a Functional Logic Language	Semantic Web and Ontologies	RWTH Publications (RWTH Aachen)	
narrowness	W4404307272	2024	Multi-Robot Formation Planning in Maze-Like Environments Consisting of Narrow Passages Using Graph Search	Modular Robots and Swarm Intelligence	IEEE Access	This paper presents a formation planning method for a group of mobile robots navigating complex maze-like environments with walls and narrow passages. For a group of robots to move in complex maze-like environments, the robots need to move in a formation that maintains a proper relative position to each other. In addition, the robots need to adapt 
narrowness	W2154286698	1999	TERM GRAPH REWRITING	Semantic Web and Ontologies	WORLD SCIENTIFIC eBooks	Reduction Systems . . . . . . . . . . 5 1.3 Term Graphs . . . . . . . . . . . . . . . . . . . . 9 1.4 Term Graph Rewriting . . . . . . . . . . . . . . 15 1.5 Completeness . . . . . . . . . . . . . . . . . . . 23 1.6 Termination . . . . . . . . . . . . . . . . . . . . 29 1.7 Confluence . . . . . . . . . . . . . . . . . . . . . 37 1.8 Term Graph Narr
narrowness	W2019346246	2009	Skull stripping using graph cuts	Medical Image Segmentation Techniques	NeuroImage	
narrowness	W176560628	1998	Admissible graph rewriting and narrowing	Logic, programming, and type systems		We address the problem of graph rewriting and narrowing as the underlying operational semantics of rule-based programming languages. We propose new optimal graph rewriting and narrowing strategies in the setting of orthogonal constructor-based graph rewriting systems. For this purpose, we first characterize a subset of graphs, called admissible gra
narrowness	W7170114218	2002	Complete Strategies for Term Graph Narrowing	Graph Theory and Algorithms	White Rose Research Online (University of Leeds, The University of Sheffield, University of York)	
narrowness	W1582786773	1990	Graph-based implementation of a functional logic language	Logic, programming, and type systems	Lecture notes in computer science	
narrowness	W2972602019	1996	On narrow 6-gonal graphs with a triple transitive suborbit	Advanced Graph Theory Research	UWA Profiles and Research Repository (UWA)	
narrowness	W2084833937	2002	Solving Equations by Graph Transformation	Logic, programming, and type systems	Electronic Notes in Theoretical Computer Science	We review the concept of term graph narrowing as an approach for solving equations by transformations on term graphs. Term graph narrowing combines term graph rewriting with first-order term unification. This mechanism is complete for all term rewriting systems over which term graph rewriting is normalizing and confluent. This includes, in particul
narrowness	W2017957030	2011	Object tracking in visual surveillance using narrow band-based graph cuts	Video Surveillance and Tracking Methods	Proceedings of SPIE, the International Society for Optical Engineering/Proceedings of SPIE	Tracking deforming objects involves estimating the global motion of the object and its local deformations as a function of time. Tracking algorithms using Graph Cut have been proposed. However, because of its globally optimal nature, it is prone to capture outlying areas similar to the object of interest. Constraint was introduced to confine the st
narrowness	W4393063596	2024	SPDEs on narrow channels and graphs: convergence and large deviations in case of non smooth noise	Spectral Theory in Mathematical Physics	arXiv (Cornell University)	We investigate a class of stochastic partial differential equations of reaction-diffusion type defined on graphs, which can be derived as the limit of SPDEs on narrow planar channels. In the first part, we demonstrate that this limit can be achieved under less restrictive assumptions on the regularity of the noise, compared to [4]. In the second pa
narrowness	W1527639320	1992	Implementing a Lazy Functional Logic Language with Disequality Constraints	Logic, Reasoning, and Knowledge		In this paper, we investigate the implementation of a lazy functional logic language (in particular the language BABEL [MR88, MR92]) which uses disequality constraints for solving equations and building answers. We specify a new operational semantics which combines lazy narrowing with disequality constraints and we define an abstract machine tailor
narrowness	W1990214628	2011	Iterative Narrowband-Based Graph Cuts Optimization for Geodesic Active Contours With Region Forces (GACWRF)	Medical Image Segmentation Techniques	IEEE Transactions on Image Processing	In this paper, an iterative narrow-band-based graph cuts (INBBGC) method is proposed to optimize the geodesic active contours with region forces (GACWRF) model for interactive object segmentation. Based on cut metric on graphs proposed by Boykov and Kolmogorov, an NBBGC method is devised to compute the local minimization of GAC. An extension to an 
narrowness	W4382239112	2023	SigMaNet: One Laplacian to Rule Them All	Advanced Graph Neural Networks	Proceedings of the AAAI Conference on Artificial Intelligence	This paper introduces SigMaNet, a generalized Graph Convolutional Network (GCN) capable of handling both undirected and directed graphs with weights not restricted in sign nor magnitude. The cornerstone of SigMaNet is the Sign-Magnetic Laplacian (LSM), a new Laplacian matrix that we introduce ex novo in this work. LSM allows us to bridge a gap in t
narrowness	W1927482632	2008	Quantum and Randomized Lower Bounds for Local Search on Vertex-Transitive Graphs	Quantum Computing Algorithms and Architecture	Lecture notes in computer science	
narrowness	W1508697550	2006	Independent AND-parallel implementation of narrowing	Parallel Computing and Optimization Techniques	Lecture notes in computer science	
narrowness	W1598391744	1994	A Model for Mathematical Analysis of Functional Logic Programs and Their Implementations.	Statistical and Computational Modeling		Introduction We extend the core Prolog model of [2] to a model for the functional logic programming language BABEL [8] by adding, to Prolog's backtracking structure, rules for the reduction of functional expressions to normal form. Then we define six typical provably correct refinements which are directed towards implementation of functional logic 
narrowness	W1979886160	2008	A solitaire game played on 2-colored graphs	Advanced Graph Theory Research	Discrete Mathematics	
narrowness	W1496056514	2007	Dependency Pairs for Rewriting with Non-free Constructors	Logic, programming, and type systems	Lecture notes in computer science	
narrowness	W1490310327	2014	EDGE GROWTH IN GRAPH SQUARES	Advanced Graph Theory Research		We resolve a conjecture of Hegarty regarding the number of edges in the square of a regular graph. If $G$ is a connected $d$-regular graph with $n$ vertices, the graph square of $G$ is not complete, and $G$ is not a member of two narrow families of graphs, then the square of $G$ has at least $(2-o_d(1))n$ more edges than $G$.
narrowness	W2979688311	2019	Spanning bipartite graphs with high degree sum in graphs	Advanced Graph Theory Research	Discrete Mathematics	
narrowness	W4415607602	2025	Large multimodal model-based intent prompting learning for multimedia recommendation	Recommender Systems and Techniques	Information Fusion	
narrowness	W2492341945	1992	Independent And-Parallel Narrowing	semigroups and automata theory		We present a parallel graph narrowing machine, which is used to implement a functional logic language on a shared memory multiprocessor. It is an extension of an abstract machine for a purely functional language. The result is a programmed graph reduction machine which integrates the mechanisms of unification, backtracking, and independent and-para
narrowness	W2347359266	2007	Analysis of Signal Features about Fruit Fly's Wing Fluttering Vibration	Simulation and Modeling Applications	Journal of Xi'an University of Arts and Science	Sound is a means of communication between animals,the feature of sound signal corresponds with the animal's particular action.Using Matlab,the male and female Medfly's sound signals,caused by wing fluttering while flying,were analyzed and compared in the light of time and frequency domain, and their sound feature parameters were extracted.The wave 
narrowness	W3193462482	2021	Degree Conditions for Tight Hamilton Cycles	Limits and Structures in Graph Theory	Trends in mathematics	
narrowness	W1503109951	2013	Cliques, colouring and satisfiability : from structure to algorithms	Advanced Graph Theory Research	Warwick Research Archive Portal (University of Warwick)	We examine the implications of various structural restrictions on the computational \ncomplexity of three central problems of theoretical computer science \n(colourability, independent set and satisfiability), and their relatives. All problems \nwe study are generally NP-hard and they remain NP-hard under various restrictions. \nFinding the greates
narrowness	W4281640093	2022	SigMaNet: One Laplacian to Rule Them All	Advanced Graph Neural Networks	arXiv (Cornell University)	This paper introduces SigMaNet, a generalized Graph Convolutional Network (GCN) capable of handling both undirected and directed graphs with weights not restricted in sign nor magnitude. The cornerstone of SigMaNet is the Sign-Magnetic Laplacian ($L^σ$), a new Laplacian matrix that we introduce ex novo in this work. $L^σ$ allows us to bridge a gap 
narrowness	W4394651021	2008	Quantum and Randomized Lower Bounds for Local Search on Vertex-Transitive Graphs	Optimization and Search Problems	arXiv (Cornell University)	We study the problem of \emph{local search} on a graph. Given a real-valued black-box function f on the graph's vertices, this is the problem of determining a local minimum of f--a vertex v for which f(v) is no more than f evaluated at any of v's neighbors. In 1983, Aldous gave the first strong lower bounds for the problem, showing that any randomi
narrowness	W2950319843	2010	Quantum and randomized lower bounds for local search on vertex-transitive graphs	Complexity and Algorithms in Graphs	Quantum Information and Computation	We study the problem of \emph{local search} on a graph. Given a real-valued black-box function $f$ on the graph's vertices, this is the problem of determining a local minimum of $f$---a vertex $v$ for which $f(v)$ is no more than $f$ evaluated at any of $v$'s neighbors. In 1983, Aldous gave the first strong lower bounds for the problem, showing tha
narrowness	W7126006020	2026	Finding Order in Chaos: The Construction and Properties of the Graph R(5)	Limits and Structures in Graph Theory	Murray State's Digital Commons (Murray State University)	Ramsey theory is built around a striking idea: in a large enough system, patterns become unavoidable. Even if connections are arranged randomly or designed to avoid structure order eventually appears simply because the network is so large and interconnected. One classic way to study this phenomenon is through graphs, which are networks made of vert
narrowness	W205389003	2010	Rigorous bounds for fundamental heuristic search	Optimization and Search Problems	OpenCommons at University of Connecticut (University of Connecticut)	Both A* search and local search are heuristic algorithms widely used for problem-solving in Artificial Intelligence and Combinatorial Optimization. Understanding their performance is a problem of both practical and theoretical importance. Our goal in this thesis is to fill significant gaps in the rigorous analyses of these two heuristic algorithms.
split bandwidth	W2134528904	2005	Accuracy of Differential Shift Estimation by Correlation and Split-Bandwidth Interferometry for Wideband and Delta-k SAR Systems	Synthetic Aperture Radar (SAR) Applications and Techniques	IEEE Geoscience and Remote Sensing Letters	Estimation of differential shift of image elements between two synthetic aperture radar (SAR) images is the basis for many applications, like digital elevation model generation or ground motion mapping. The shift measurement can be done nonambiguously on the macro scale at an accuracy depending on the range resolution of the system or on the micro 
split bandwidth	W2752189547	2017	Landslide Displacement Monitoring with Split-Bandwidth Interferometry: A Case Study of the Shuping Landslide in the Three Gorges Area	Synthetic Aperture Radar (SAR) Applications and Techniques	Remote Sensing	Landslides constitute a major threat to people’s lives and property in mountainous regions such, as in the Three Gorges area in China. Synthetic Aperture Radar Interferometry (InSAR) with its wide coverage and unprecedented displacement measuring capabilities has been widely used in landslide monitoring. However, it is difficult to apply traditiona
split bandwidth	W1967289304	2010	Multi-path routing in optical WDM networks: Even versus uneven split bandwidth allocation	Advanced Optical Network Technologies		In this paper, we investigate the design and performance of multi-path routing in optical wavelength division multiplexed (WDM) networks, that support traffic grooming. A circuit-switched network is considered, where connection requests arriving to the network have to be allotted an end-to-end path carrying the requested bandwidth. Traffic grooming
split bandwidth	W4390187468	2023	Absolute Phase Estimation in Repeat-Pass CSAR Interferometry Based on Backprojection and Split-Bandwidth Techniques	Synthetic Aperture Radar (SAR) Applications and Techniques	IEEE Journal of Selected Topics in Applied Earth Observations and Remote Sensing	The generation of high-precision ground digital elevation models (DEMs) based on synthetic aperture radar interferometry (InSAR) technology has attracted wide attention. Compared with the linear InSAR technique, the 360° aperture gives circular InSAR (In-CSAR) the capability to generate a full-angle DEM of the observed region. The backprojection (B
split bandwidth	W2053982255	2012	An Ultra-Compact, Linearly-Controlled Variable Phase Shifter Designed With a Novel RC Poly-Phase Filter	Advanced Power Amplifier Design	IEEE Transactions on Microwave Theory and Techniques	This paper proposes a new vector-sum type variable-phase shifter (VPS) topology for predistorting the phase of a modulated signal for an analog-predistortion power amplifier system. It has a continuous linear-in-degree control curve over a 90° phase-control range and has the smallest size among all those proposed CMOS works. The phase shifter utili
split bandwidth	W3209927546	2021	A Novel Liquid Crystal-Filled, Dual-Core Photonic Crystal Fiber Polarization Beam Splitter Covering the E + S + C + L + U Communication Band	Photonic Crystal and Fiber Optics	Photonics	This paper proposes a novel liquid crystal-filled, dual core photonic crystal fiber polarization beam splitter (LC-DC-PCF PBS) based on the coupled mode theory of DC-PCF. The mode birefringence of odd and even modes, coupling lengths (CLs) of the X-polarization (X-pol) and Y-polarization (Y-pol), and the corresponding coupling length ratio (CLR) of
split bandwidth	W4390752216	2024	Ultra-broadband small-size dual-core photonic crystal fiber polarization splitter based on silver coating	Photonic Crystal and Fiber Optics	Optics Communications	
split bandwidth	W2126896067	1998	Demonstration of a splitter/router based on a chirped waveguide grating router	Photonic and Optical Devices	IEEE Photonics Technology Letters	We propose and demonstrate a novel method to build a device that acts like an optical multiplexer in one wavelength band and an optical power splitter in another one. The method is based on a chirped waveguide grating router design. There is no penalty in terms of insertion loss or crosstalk for the routing characteristics of the device but there i
split bandwidth	W4386082676	2022	Interferometric synthetic aperture radar for deformation mapping: opportunities, challenges and the outlook	Synthetic Aperture Radar (SAR) Applications and Techniques	DOAJ (DOAJ: Directory of Open Access Journals)	With frequent launches of synthetic aperture radar (SAR) satellites, interferometric SAR (InSAR) technology has been presented with unprecedented opportunities along with many new challenges for deformation mapping. In this paper, we concisely demonstrate the current development of SAR satellites and the principle of the InSAR technique, and then s
split bandwidth	W4417250003	2025	Spatially-Optimized Split Bandwidth Assignment for ICI Mitigation in Dense 5G NR Network Using the Modified Kernighan-Lin Algorithm	Advanced MIMO Systems Optimization		Due to the increasing demand for mobile data, mobile network operators typically rely on cell densification to meet sufficient network capacity. However, doing so also introduces increased interference (ICI), leading to diminishing returns in terms of spectral efficiency and making further capacity enhancements challenging. This paper explores the 
split bandwidth	W3179151879	2021	Ultra-short polarization beam splitter based on dual-core photonic crystal fiber with surface plasmon resonance effect	Advanced Fiber Optic Sensors	Optical Engineering	An ultra-short polarization beam splitter (PBS) based on a dual-core photonic crystal fiber (PCF) with the surface plasmon resonance effect is proposed. The finite-element method is used to investigate the coupling characteristics between the core mode and surface plasmon polariton mode. The influences of the PCF structure parameters on the couplin
split bandwidth	W4206997823	2022	Ultrabroadband and -compact chip-integrated polarization beam splitters based on intelligent inverse design method	Photonic and Optical Devices	Optical Engineering	In chip-integrated optical circuits, the polarization beam splitter (PBS) is one of the core elements that separates TE/TM modes and transmits them to different ports. We designed an ultracompact Si-based PBS with a footprint of 2 μm × 2 μm by an intelligent inverse design method. This method combines the method of moving asymptotes algorithm and t
split bandwidth	W3120941338	2021	A Novel Gold Film-Coated V-Shape Dual-Core Photonic Crystal Fiber Polarization Beam Splitter Covering the E + S + C + L + U Band	Photonic Crystal and Fiber Optics	Sensors	In this paper, a novel gold film-coated V-shape dual-core photonic crystal fiber (V-DC-PCF) polarization beam splitter (PBS) based on surface plasmon resonance effect is proposed. The coupling lengths of the X-polarization (X-pol) and Y-polarization (Y-pol) and the corresponding coupling length ratio of the proposed V-DC-PCF PBS without gold film a
split bandwidth	W4411579580	2025	Photonic crystal microring resonators on a hybrid silicon nitride-on-lithium niobate platform	Photonic and Optical Devices	Optics Letters	Photonic crystal resonators (PhCRs) have been widely used in nonlinear integrated photonics for frequency engineering applications. A microwave-assisted frequency converter based on PhCRs provides precisely controlled bidirectional frequency conversion. Using a hybrid silicon nitride-on-lithium niobate-on-insulator platform, we demonstrate a high-q
split bandwidth	W2057829329	2013	Hybrid digital-analog coding for interference broadcast channels	Wireless Communication Security Techniques		We consider the transmission of bivariate Gaussian sources (V1, V2) over the two-user Gaussian broadcast channel in the presence of interference that is correlated to the source and known to the transmitter. Each user i is interested in estimating Vi. We study hybrid digital-analog (HDA) schemes and analyze the achievable (square-error) distortion 
split bandwidth	W2098282506	2008	A unified coding scheme for hybrid transmission of Gaussian source over Gaussian channel	Wireless Communication Security Techniques		We show that when transmitting a Gaussian source over an average-power-constrained Gaussian channel with mismatched bandwidth, there exists an uncountable set of hybrid digital analog schemes which are optimal under the minimum mean squared error criterion. This generalizes the recent result by Bross et al. that for the bandwidth matched case, ther
split bandwidth	W4229036059	2022	Ge20Sb15Se65 glass-based ultra-bandwidth X-shaped dual-core photonic crystal fiber polarization beam splitter with an air hole filled gold rod	Photonic Crystal and Fiber Optics	Journal of the Optical Society of America B	In this paper, a novel X-shaped dual-core photonic crystal fiber polarization beam splitter (X-DC-PCF PBS) with an air hole filled gold rod based on G e 20 S b 15 S e 65 glass is proposed. According to the DC mode coupling theory and surface plasmon resonance effect, the mode coupling phenomena of the x polarization (X-pol) and y polarization (Y-po
split bandwidth	W4205309877	2022	Three-dimensional deformation and its uncertainty derived by integrating multiple SAR data analysis methods	Synthetic Aperture Radar (SAR) Applications and Techniques	Earth Planets and Space	Abstract Three-dimensional (3D) surface deformation data with high accuracy and resolution can help reveal the complex mechanisms and sources of subsurface deformation, both tectonic and anthropogenic. Detailed 3D deformation data are also beneficial for maintaining the position coordinates of existing ground features, which is critical for develop
split bandwidth	W4399740512	2024	Dual-Core Photonic Crystal Fiber Polarization Beam Splitter Based on a Nematic Liquid Crystal with an Ultra-Short Length and Ultra-Wide Bandwidth	Photonic Crystal and Fiber Optics	Electronics	This paper presents a novel pentagonal structure dual-core photonic crystal fiber polarizing beam splitter (PS-DC-PCF PBS) filled with a nematic liquid crystal (NLC) in the central hole. Unlike previous designs with symmetric arrangements, the upper and lower halves of the structure have different air hole arrangements. The upper half consists of a
split bandwidth	W3201093647	2021	Simple structure dual-core photonic crystal fiber polarization beam splitter covering the O + E + S + C + L + U band based on the surface plasmon resonance effect	Photonic Crystal and Fiber Optics	Journal of the Optical Society of America B	In this paper, a simple structure dual-core photonic crystal fiber (SS-DC-PCF) polarization beam splitter (PBS) based on the surface plasmon resonance (SPR) effect and symmetric dual-core coupling mode theory is proposed. For the proposed SS-DC-PCF-1 PBS, the coupling lengths (CLs) and coupling length ratio (CLR) are analyzed, and the variations of
split bandwidth	W4402270931	2024	Photonic Crystal Microring Resonator on a Hybrid Silicon nitride-on-lithium niobate Platform	Photonic and Optical Devices		We demonstrate a photonic crystal resonator on hybrid silicon nitride-on-lithium niobate (SiN-on-LN) platform, designed for microwave-assisted optical-frequency conversion applications. We measure a large intrinsic quality factor (Qint) of 1.47×105 with mode-splitting bandwidth of 14.6 GHz.
split bandwidth	W2888854215	2018	Bandwidth Slicing for Socially-Aware D2D Caching in SDN-Enabled Networks	Caching and Content Delivery	IEEE Access	The explosive growth of mobile data traffic poses challenge to the network architecture design. Caching popular contents on device level instead of infrastructure level, termed as distributed caching, can potentially alleviate the traffic load. As an emerging technology to decouple the control plane from the physical network topology, software-defi
split bandwidth	W4410847361	2025	Design of a mid-infrared dual-core photonic crystal fiber polarization beam splitter based on GaS material	Advanced Fiber Optic Sensors	Optical Engineering	We proposed a mid-infrared dual-core photonic crystal fiber (DC-PCF) polarization beam splitter (PBS) based on the GaS material. The mode coupling characteristics of the X-polarized and Y-polarized even and odd modes in the DC-PCF PBS are investigated using the finite element method and coupled-mode theory. The simulation results indicate that when
split bandwidth	W1833040991	2003	An Internet paradigm and scheduling algorithm for guaranteeing end-to-end QoS	Network Traffic and Congestion Control		In the proposed paradigm for guaranteeing end-to-end QoS, Internet service providers (ISPs) are responsible for guaranteeing the IP-level QoS for each QoS class. The maximum number of ISP networks a datagram can traverse is limited, and the end-to-end QoS target is uniformly allocated to each ISP. At each connection point (CP) between ISPs or betwe
split bandwidth	W4415045086	2025	Ultra-broadband simple hexagonal dual core photonic crystal fiber mid-infrared polarization beam splitter based on surface plasmon resonance	Photonic Crystal and Fiber Optics	Optical Fiber Technology	
split bandwidth	W1989889906	2014	Source-Channel Coding for Fading Channels With Correlated Interference	Wireless Communication Security Techniques	IEEE Transactions on Communications	We consider the problem of sending a Gaussian source over a fading channel with Gaussian interference known to the transmitter. We study joint source-channel coding schemes for the case of unequal bandwidth between the source and the channel and when the source and the interference are correlated. An outer bound on the system's distortion is first 
split bandwidth	W4400417290	2024	Ultra-Broadband Minuscule Polarization Beam Splitter Based on Dual-Core Photonic Crystal Fiber with Two Silver Wires	Photonic Crystal and Fiber Optics	Electronics	This paper presents a polarizing beam splitter (PBS) based on a hexagonal lattice silver-filled photonic crystal fiber (PCF) with two silver wires, which possesses advantages such as a short splitting length, high extinction ratio (ER), and an ultra-wide bandwidth in commonly used communication bands. Utilizing the full-vector finite element method
split bandwidth	W113494486	2005	Design of Wideband Speech Coder Using the MLT Residual Signal	Speech and Audio Processing	The Journal of the Acoustical Society of Korea	In this Paper, the structure of a split bandwidth wideband speech coder and its highband coder for tone qualify elevation are Proposed. The lowband and highband by the split bandwidth method are encoded independently applying the G.729E and MLT (Modulated Lapped Transform) residual model. In the highband structure which is encoded by low bit rate o
split bandwidth	W4414256743	2025	Design of dual hollow-core anti-resonant fiber polarization beam splitter covering the O + E + S + C + L + U band	Photonic Crystal and Fiber Optics	Optical Review	
split bandwidth	W4416923208	2025	Valley-Locked Waveguide Coupling Enabled On-Chip Topological Beam Splitter	Photonic and Optical Devices		Beam splitters are essential components in integrated photonic systems. This work presents an on-chip topological beam splitter based on valley-locked waveguide coupling. By modulating the inter-waveguide coupling distance, the device achieves frequency-selective power splitting while maintaining uncoupled transmission of non-target frequencies in 
split bandwidth	W4413373597	2025	Multi-band Ge20Sb15Se65 dual-core photonic crystal fiber polarization beam splitter with filled liquid crystal	Photonic Crystal and Fiber Optics	Indian Journal of Physics	
split bandwidth	W2293105572	2009	Determining the complete spectrum for sparse symmetric matrices	Matrix Theory and Algorithms	cIRcle (University of British Columbia)	This dissertation studies a restricted form of the fundamental algebraic eigenvalue prob lem. From the broad spectrum of eigenvalue problems and solution methods, it focuses upon sequential direct methods for determining moderately large subsets of eigenvalues or the complete spectrum of large sparse symmetric matrices. The thesis uses a combinatio
split bandwidth	W787635799	2006	Highband Coding Method Using Matching Pusuit Estimation and CELP Coding for Wideband Speech Coder	Advanced Data Compression Techniques	The Journal of the Acoustical Society of Korea	In this Paper a split bandwidth wideband speech coder and its highband coding method are Proposed. The coder uses a split-band approach. where the wideband input speech signal is split into two equal frequency bands from 0-4kHz and 4-8kHz. The lowband and the highband are coded respectively by the 11.8kb/s G.729 Annex E and the proposed coding meth
split bandwidth	W4385797012	2024	Subaperture Decomposition for Ship Detection and Velocity Estimation from SLC SAR data	Synthetic Aperture Radar (SAR) Applications and Techniques	Zenodo (CERN European Organization for Nuclear Research)	Synthetic Aperture Radar (SAR) system collects backscattering data along the radar trajectory at various positions and azimuth angles. The contrast between ship targets and the surrounding sea is improved in SAR images by splitting bandwidth in the sub-apertures (SAs) and then averaging to attain high azimuth resolution. This letter proposes the us
split bandwidth	W7202177005	2026	Energy-Efficient Integrated Access and Fronthaul for Cell-Free Massive MIMO with Adaptive Quantization Resolution	Advanced MIMO Systems Optimization	arXiv (Cornell University)	Cell-free massive MIMO with wireless fronthaul is a promising architecture for energy-efficient 6G networks, but the access and fronthaul links must then share the same scarce spectrum, and, under the fully centralized (option-8) functional split, the fronthaul rate is dictated by the finite quantization resolution used at the access points (APs). 
edge separation	W1546876109	2001	How to Solve NP-hard Graph Problems on Clique-Width Bounded Graphs in Polynomial Time	Advanced Graph Theory Research	Lecture notes in computer science	
edge separation	W1989284062	2010	Empirical Analysis of Core-Edge Separation by Decomposing Internet Topology Graph	Network Traffic and Congestion Control		Border Gateway Protocol (BGP) is the de facto standard protocol for the inter-domain routing. Due to multi-homing and traffic engineering, the BGP routing table size of default free zone (DFZ) is growing rapidly. Inter-domain routing is facing the scaling challenge. Many solutions have been proposed. Among them, the core-edge separation scheme gets
edge separation	W2075295902	2000	A Framework for Drawing Planar Graphs with Curves and Polylines	Computational Geometry and Mesh Generation	Journal of Algorithms	We describe a unified framework of aesthetic criteria and complexity measures for drawing planar graphs with polylines and curves. This framework includes several visual properties of such drawings, including aspect ratio, vertex resolution, edge length, edge separation, and edge curvature, as well as complexity measures such as vertex and edge rep
edge separation	W1618375835	2016	On the Complexity of Computing the k-restricted Edge-connectivity of a Graph	Advanced Graph Theory Research	Lecture notes in computer science	
edge separation	W1528765647	1998	A Framework for Drawing Planar Graphs with Curves and Polylines	Computational Geometry and Mesh Generation	Lecture notes in computer science	
edge separation	W2021615485	2005	Decompositions of infinite graphs: I—bond-faithful decompositions	Computability, Logic, AI Algorithms	Journal of Combinatorial Theory Series B	
edge separation	W3143073629	2003	Polar Coordinate Drawing of Planar Graphs with Good Angular Resolution	Computational Geometry and Mesh Generation	Journal of Graph Algorithms and Applications	We present a novel way to draw planar graphs with good angular resolution. We introduce the polar coordinate representation and describe a family of algorithms for constructing it. The main advantage of the polar representation is that it allows independent control over grid size and bend positions. We first describe a standard (Cartesian) represen
edge separation	W2115050014	2002	Polar Coordinate Drawing of Planar Graphs with Good Angular Resolution	Computational Geometry and Mesh Generation	Lecture notes in computer science	
edge separation	W2183147941	1996	Drawing with colors	Computational Geometry and Mesh Generation	Lecture notes in computer science	
edge separation	W4415240729	2025	Addressing Graph Anomaly Detection via Causal Edge Separation and Spectrum	Advanced Graph Neural Networks	arXiv (Cornell University)	In the real world, anomalous entities often add more legitimate connections while hiding direct links with other anomalous entities, leading to heterophilic structures in anomalous networks that most GNN-based techniques fail to address. Several works have been proposed to tackle this issue in the spatial domain. However, these methods overlook the
edge separation	W3170762166	2021	Experimental analysis of fluid-structure interaction in flexible wings at low Reynolds number flows	Biomimetic flight and propulsion mechanisms	Aircraft Engineering and Aerospace Technology	Purpose The purpose of this exhaustive experimental study is to investigate the fluid-structure interaction in the flexible membrane wings over a range of angles of attack for various Reynolds numbers. Design/methodology/approach In this paper, an experimental study on fluid-structure interaction of flexible membrane wings was presented at Reynolds
edge separation	W2014078009	2004	The Countable Character of Uncountable Graphs	Advanced Topology and Set Theory	Electronic Notes in Theoretical Computer Science	We show that a graph can always be decomposed into edge-disjoint subgraphs of countable cardinality in which the edge-connectivities and edge-separations of the original graph are preserved up to countable cardinals.We also show that the vertex set of any graph can be endowed with a well-ordering which has a certain compactness property with respec
edge separation	W4385892040	2023	Bounding Branch-Width	Advanced Graph Theory Research	The Electronic Journal of Combinatorics	If $(X,Y)$ is a partition of the vertices of a graph $G=(V,E)$ and there are $k$ edges joining vertices in $X$ to vertices in $Y$, then $(X,Y)$ is an edge separation of $G$ of order $k$. The graph $G$ is $(n,k)$-edge connected, if whenever $(X,Y)$ is an edge separation of $G$ of order at most $k$, then either $X$ or $Y$ has at most $n$ elements. We
edge separation	W4302596981	2015	On the complexity of computing the $k$-restricted edge-connectivity of a\n graph	Advanced Graph Theory Research	arXiv (Cornell University)	The \\emph{$k$-restricted edge-connectivity} of a graph $G$, denoted by\n$\\lambda_k(G)$, is defined as the minimum size of an edge set whose removal\nleaves exactly two connected components each containing at least $k$ vertices.\nThis graph invariant, which can be seen as a generalization of a minimum\nedge-cut, has been extensively studied from a
edge separation	W4414381227	2025	A Note on the Structure of Locally Finite Planar Quasi-Transitive Graphs	Advanced Graph Theory Research	The Electronic Journal of Combinatorics	In an early work from 1896, Maschke established the complete list of all finite planar Cayley graphs. This result initiated a long line of research over the next century, aiming at characterizing in a similar way all planar infinite Cayley graphs. Droms (2006) proved a structure theorem for finitely generated planar groups, i.e., finitely generated
edge separation	W4405955751	2024	A note on the structure of locally finite planar quasi-transitive graphs	Advanced Graph Theory Research	arXiv (Cornell University)	In an early work from 1896, Maschke established the complete list of all finite planar Cayley graphs. This result initiated a long line of research over the next century, aiming at characterizing in a similar way all planar infinite Cayley graphs. Droms (2006) proved a structure theorem for finitely generated planar groups, i.e., finitely generated
edge separation	W2338368266	2009	Hybrid RANS-LES simulations for separated flows using dynamic grids	Computational Fluid Dynamics and Aerodynamics	White Rose eTheses Online (University of Leeds, The University of Sheffield, University of York)	A hybrid RANS-LES approach is used in this thesis to simulate the unsteady aerodynamic flows. Different cases are investigated such as high Reynolds number flows around a circular cylinder, flows over an Aerospatiale A-aerofoil at stall conditions and flows around a flapping wing with mesh deformation. The Dynamic Grid Detached Eddy Simulation (DG-
edge separation	W15900726	2005	Development of a Dual Frequency Microwave Moisture Sensor System Based Circular Microstrip Antenna	Microwave and Dielectric Measurement Techniques	Universiti Putra Malaysia Institutional Repository (Universiti Putra Malaysia)	A dual frequency microwave moisture sensor based on far field reflection technique using two circular microstrip antenna pairs was developed and used to measure moisture content of various lossy liquid solutions. The sensor used two dielectric resonator oscillators as microwave sources in the X-band with oscillating frequencies of 8.48 and 10.69 GH
edge separation	W7156165006	2026	Cuts and Gauges for Submodular Width	Complexity and Algorithms in Graphs	arXiv (Cornell University)	Submodular width is a central structural measure governing the complexity of conjunctive query evaluation. In this paper we recast submodular width in geometric terms. We how that submodular width can be approximated, up to a factor $3/2$, by a new branchwidth parameter defined in terms of edge separations in the hypergraph and the costs induced on
edge separation	W4415743990	2025	A Texture Solution to the Edge Crossing Problem	Data Visualization and Analytics		Edge crossings in graph visualization pose an important challenge leading to low readability and interpretability. Yet, classical methods like edge bundling, transparency, and edge coloring allow partial resolution of these problems at the cost of new limitations: they cannot blend colors and still have limitations for distinguishing overlapping ed
edge separation	W896589829	1991	A study and implementation of the network flow problem and edge integrity of networks	Software-Defined Networks and 5G	Cardinal Scholar (Ball State University)	Fundamental problems in graph theory are of four types existence, construction, enumeration and optimization problems. Optimization problems lie at the interface between computer science and the field of operations research and are of primary importance in decision-making. In this thesis, two optimization problems are studied: the edge-integrity of
vertex separation	W2076322499	1994	The Vertex Separation and Search Number of a Graph	Advanced Graph Theory Research	Information and Computation	
vertex separation	W2052867211	1992	The vertex separation number of a graph equals its path-width	Advanced Graph Theory Research	Information Processing Letters	
vertex separation	W1967700023	2012	Variable neighborhood search for the Vertex Separation Problem	Advanced Graph Theory Research	Computers & Operations Research	
vertex separation	W1997205866	2013	Combining intensification and diversification strategies in VNS. An application to the Vertex Separation problem	Vehicle Routing Optimization Methods	Computers & Operations Research	
vertex separation	W1989886714	2007	Digraph searching, directed vertex separation and directed pathwidth	Optimization and Search Problems	Discrete Applied Mathematics	
vertex separation	W1973873776	2004	Computing the vertex separation of unicyclic graphs	Advanced Graph Theory Research	Information and Computation	
vertex separation	W2063778405	2003	Construction of linear tree-layouts which are optimal with respect to vertex separation in linear time	Advanced Graph Theory Research	Journal of Algorithms	
vertex separation	W2748148113	2017	A quality and distance guided metaheuristic algorithm for vertex separation problem	Optimization and Search Problems	IEEE Access	This paper presents a quality and distance guided metaheuristic algorithm (QD-ILS) for solving the vertex separation problem. QD-ILS integrates a basic local search procedure with QD-LS strategy, which uses an augmented evaluation function that considers both solution quality and distance between the current solution and the best found solution to 
vertex separation	W2076884286	1997	The total vertex separation number of a graph	Graph Labeling and Dimension Problems	Discrete Mathematics and Applications	
vertex separation	W2495738654	2016	Optimization of the Vertex Separation Problem with Genetic Algorithms	Metaheuristic Optimization Algorithms Research	Advances in logistics, operations, and management science book series	The Vertex Separation Problem (VSP) is an NP-hard combinatorial optimization problem in the context of graph theory. The importance of studying VSP lies in its close relation with other problems. Thus, VSP has important practical applications in the contexts of very large scale integration design, computer language compiler design, natural language
vertex separation	W2972535982	2019	A branch-and-price algorithm for capacitated hypergraph vertex separation	Complexity and Algorithms in Graphs	Mathematical Programming Computation	
vertex separation	W2280243388	2015	Two New Exact Methods for the Vertex Separation Problem	Advanced Graph Theory Research	Redalyc (Universidad Autónoma del Estado de México)	"""The Vertex Separation Problem (VSP) is an NP-hard combinatorial optimization problem in the context of graph theory. Particularly, VSP belongs to a family of linear ordering problems in which the goal is to find the best separator of vertices in a generic graph. In the literature reviewed, we only found two exact methods based on integer linear pr"
vertex separation	W609972812	2015	Comparative Study on Constructive Heuristics for the Vertex Separation Problem	Optimization and Search Problems	Studies in computational intelligence	
vertex separation	W1668212782	2007	On the Vertex Separation of Cactus Graphs	Advanced Graph Theory Research	Serdica Journal of Computing	"This paper is part of a work in progress whose goal is to construct a fast, practical algorithm for the vertex separation (VS) of cactus graphs. We prove a \main theorem for cacti"", a necessary and sufficient condition for the VS of a cactus graph being k. Further, we investigate the ensuing ramifications that prevent the construction of an algorit"
vertex separation	W203444202	2004	A fast practical algorithm for the vertex separation of unicyclic graphs	Advanced Graph Theory Research	UVic’s Research and Learning Repository (University of Victoria)	"The vertex separation of a graph is the minimum vertex separation of a linear layout of that graph over all its linear layouts. A linear layout of a graph is an arrangement of its vertices in a line and the vertex separation of a linear layout is maximum number of vertices to the left of any intervertex ""gap"" that are adjacent to vertices to the ri"
vertex separation	W2783919084	2018	A New Heuristic Algorithm for the Vertex Separation Problem	semigroups and automata theory	Studies in computational intelligence	
vertex separation	W2901919692	2018	Linear ordering based MIP formulations for the vertex separation or pathwidth problem	Advanced Graph Theory Research	Journal of Discrete Algorithms	
vertex separation	W4225621420	2021	Vertex Separation in Networks	Advanced Graph Theory Research		We study the problems of finding a subset of nodes having a given size$k$and satisfying one of the following separation properties: The set is disconnected from the rest of the graph by a small/large cut or by a small separator. The considered problems are of interest in several practical settings, such as epidemiology or disaster control as well a
vertex separation	W2030015880	1993	The cutwidth of a graph and the vertex separation number of the line graph	Advanced Graph Theory Research	Discrete Mathematics and Applications	
vertex separation	W2734134346	2008	On the Vertex Separation of Maximal Outerplanar Graphs	Advanced Graph Theory Research	Serdica Journal of Computing	We investigate the NP-complete problem Vertex Separation (VS) on Maximal Outerplanar Graphs (mops). We formulate and prove a “main theorem for mops”, a necessary and sufficient condition for the vertex separation of a mop being k. The main theorem reduces the vertex separation of mops to a special kind of stretchability, one that we call affixabili
vertex separation	W2798480755	2018	Linear Ordering Based MIP Formulations for the Vertex Separation or Pathwidth Problem	Advanced Graph Theory Research	Lecture notes in computer science	
vertex separation	W2051729784	1998	The total vertex separation number and profile of a graph	Graph Labeling and Dimension Problems	Discrete Mathematics and Applications	
vertex separation	W2101400962	1988	Min cut is NP-complete for edge weighted trees	Advanced Graph Theory Research	Theoretical Computer Science	
vertex separation	W4388505391	2023	Mismatched Quantized H ∞ Output-Feedback Control of Fuzzy Markov Jump Systems With a Dynamic Guaranteed Cost Triggering Scheme	Stability and Control of Uncertain Systems	IEEE Transactions on Fuzzy Systems	This article is concerned with the mismatched quantized$H_{\infty }$output-feedback control of fuzzy Markov jump systems via a dynamic guaranteed cost triggering scheme. An event generator and a quantizer are set up at the sensor-to-controller side and the controller-to-actuator side, respectively. The quantization scheme is presented in terms of a
vertex separation	W2019635018	2001	Approximating Layout Problems on Random Geometric Graphs	Computational Geometry and Mesh Generation	Journal of Algorithms	
vertex separation	W2509889156	1987	Graph Separation and Search Number	Algorithms and Data Compression	Open Scholarship Institutional Repository (Washington University in St. Louis)	We relate two concepts in graph theory and algorithmic complexity, namely the search number and the vertex separation of a graph. Lengauer has previously related vertex separation to progressive black/white pebble demand. Let a (G) denote the search number and vs(G) denote the vertex separation of a connected, undirected graph G. We show that vs(G)
vertex separation	W2883365082	2018	Robust $H_2$ Control of Linear Systems With Mismatched Quantization	Stability and Control of Uncertain Systems	IEEE Transactions on Automatic Control	This paper is concerned with the H2control of linear systems with multiple quantization channels. The quantization parameters of each channel are not required to be identical. The resultant mismatches are represented by polytopic uncertainties. A composite controller composed of linear and nonlinear parts is designed to meet the required H2performa
vertex separation	W1602793287	2000	Computing Optimal Linear Layouts of Trees in Linear Time	Advanced Graph Theory Research	Lecture notes in computer science	
vertex separation	W2105079371	2004	Updating the Vertex Separation of a Dynamically Changing Tree	Algorithms and Data Compression	UWSpace (University of Waterloo)	I hereby declare that I am the sole author of this thesis. This is a true copy of the thesis, including any required final revisions, as accepted by my examiners. I understand that my thesis may be made available electronically to the public. iii This thesis presents several algorithms that update the vertex separation of a tree after the tree is m
vertex separation	W4406258636	2025	Dynamic Event-Triggered H ∞ Filtering for Fuzzy Markov Jump Systems Subject to Mismatched Quantization	Neural Networks Stability and Synchronization	IEEE Transactions on Automation Science and Engineering	This paper is dedicated to a dynamic event-triggeredH∞filtering method of fuzzy Markov jump systems via a mismatched quantization scheme. The system outputs are triggered by a dynamic event-triggered mechanism and then quantized via a mismatched quantizer before being sent to the remote filter. The dynamic triggering scheme with a special diagonal 
vertex separation	W2152871123	2011	Characterization of graphs and digraphs with small process numbers	Advanced Graph Theory Research	Discrete Applied Mathematics	
vertex separation	W2066946142	2007	Lower bounds on the pathwidth of some grid-like graphs	Advanced Graph Theory Research	Discrete Applied Mathematics	
vertex separation	W1999180885	1995	The cutwidth and the vertex separation number of hypergraphs and their König’s representations	Advanced Graph Theory Research	Discrete Mathematics and Applications	Article The cutwidth and the vertex separation number of hypergraphs and their König’s representations was published on January 1, 1995 in the journal Discrete Mathematics and Applications (volume 5, issue 3).
vertex separation	W2790255170	2018	Event-triggered nonfragile H ∞ filtering of Markov jump systems with imperfect transmissions	Stability and Control of Uncertain Systems	Signal Processing	
vertex separation	W1835191920	2001	Optimal Möbius Transformations for Information Visualization and Meshing	Computational Geometry and Mesh Generation	Lecture notes in computer science	
vertex separation	W75009678	2012	Linear Layouts in Submodular Systems	Advanced Graph Theory Research	Lecture notes in computer science	
vertex separation	W1555292913	2010	Algoritmo Heurístico para el Problema del Vertex Separation	Chemical and Environmental Engineering Research		
vertex separation	W7206983120	2010	Algoritmo Heurístico para el Problema del Vertex Separation	Slime Mold and Myxomycetes Research	Hispana	Proyecto Fin de Carrera leído en la Universidad Rey Juan Carlos en el curso académico 2009/2010. Tutores del Proyecto: Abraham Duarte Muñoz y Eduardo García Pardo
vertex separation	W2156626376	2000	Convergence Theorems for Some Layout Measures on Random Lattice and Random Geometric Graphs	Advanced Graph Theory Research	Combinatorics Probability Computing	This work deals with convergence theorems and bounds on the cost of several layout measures for lattice graphs, random lattice graphs and sparse random geometric graphs. Specifically, we consider the following problems: Minimum Linear Arrangement, Cutwidth, Sum Cut, Vertex Separation, Edge Bisection and Vertex Bisection. For full square lattices, w
vertex separation	W2053287466	2008	Polyhedral model for self-similar grain growth	Elasticity and Material Modeling	Acta Materialia	
vertex separation	W2592973536	2017	Polynomial Time Efficient Construction Heuristics for Vertex Separation Minimization Problem	VLSI and FPGA Design Techniques	Electronic Notes in Discrete Mathematics	
vertex separation	W2963320633	2017	Polynomial Time Efficient Construction Heuristics for Vertex Separation Minimization Problem	Advanced Graph Theory Research	arXiv (Cornell University)	Vertex Separation Minimization Problem (VSMP) consists of finding a layout of a graph G = (V,E) which minimizes the maximum vertex cut or separation of a layout. It is an NP-complete problem in general for which metaheuristic techniques can be applied to find near optimal solution. VSMP has applications in VLSI design, graph drawing and computer la
vertex separation	W4298847266	2017	Polynomial Time Efficient Construction Heuristics for Vertex Separation\n Minimization Problem	VLSI and FPGA Design Techniques	arXiv (Cornell University)	Vertex Separation Minimization Problem (VSMP) consists of finding a layout of\na graph G = (V,E) which minimizes the maximum vertex cut or separation of a\nlayout. It is an NP-complete problem in general for which metaheuristic\ntechniques can be applied to find near optimal solution. VSMP has applications\nin VLSI design, graph drawing and compute
vertex separation	W760807047	2009	Distillating knowledge about SCOTCH	VLSI and FPGA Design Techniques	DROPS (Schloss Dagstuhl – Leibniz Center for Informatics)	The design of the Scotch library for static mapping, graph partitioning and sparse matrix ordering is highly modular, so as to allow users and potential contributors to tweak it and add easily new static mapping, graph bipartitioning, vertex separation or graph ordering methods to match their particular needs. The purpose of this tutorial is twofol
vertex separation	W2060378965	1986	Min Cut is NP-complete for edge weighted trees	Advanced Graph Theory Research	Lecture notes in computer science	
vertex separation	W1597221725	2013	Perfect Tree-Like Markovian Distributions	Bayesian Modeling and Causal Inference	arXiv (Cornell University)	We show that if a strictly positive joint probability distribution for a set of binary random variables factors according to a tree, then vertex separation represents all and only the independence relations enclosed in the distribution. The same result is shown to hold also for multivariate strictly positive normal distributions. Our proof uses a n
vertex separation	W1926124058	1998	A Linear-Time Algorithm for Constructing an Optimal Node-Search Strategy of a Tree	Advanced Graph Theory Research	Lecture notes in computer science	
vertex separation	W2045193931	2000	Evaluating Network Reliability and 2-Edge-Connected Reliability in Linear Time for Bounded Pathwidth Graphs	Advanced Graph Theory Research	Algorithmica	
vertex separation	W2911779984	1995	Kuratowski Chains	graph theory and CDMA systems	Journal of Combinatorial Theory Series B	
vertex separation	W2098879666	1994	Improved self-reduction algorithms for graphs with bounded treewidth	Advanced Graph Theory Research	Discrete Applied Mathematics	
vertex separation	W2219837301	2015	Connectivity, tree-decompositions and unavoidable-minors	Advanced Graph Theory Research	UWSpace (University of Waterloo)	The results in this thesis are steps toward bridging the gap between the handful of exact structure theorems known for minor-closed classes of graphs, and the very general, yet wildly qualitative, Graph Minors Structure Theorem. \n \nThis thesis introduces a refinement of the notion of tree-width. Tree-width is a measure of how “tree-like” a graph 
vertex separation	W1588705292	1990	Improved self-reduction algorithms for graphs with bounded treewidth	Advanced Graph Theory Research	Lecture notes in computer science	
vertex separation	W1566624605	2006	Graph Searching and Search Time	Advanced Graph Theory Research	Lecture notes in computer science	
vertex separation	W1543181490	2007	Searching Cycle-Disjoint Graphs	Complexity and Algorithms in Graphs	Lecture notes in computer science	
vertex separation	W1217450446	2005	NOVEL METHODOLOGY FOR PARTITIONING COMPLEX SYSTEMS FOR FAULT DIAGNOSIS PURPOSES	Fault Detection and Control Systems	IFAC Proceedings Volumes	
vertex separation	W2079812956	2007	Node-searching problem on block graphs	Advanced Graph Theory Research	Discrete Applied Mathematics	
vertex separation	W1517603735	1999	Linear Orderings of Random Geometric Graphs	Computational Geometry and Mesh Generation	Lecture notes in computer science	
vertex separation	W2058300431	2012	An experimental comparison of Variable Neighborhood Search variants for the minimization of the vertex-cut in layout problems	Optimization and Packing Problems	Electronic Notes in Discrete Mathematics	
vertex separation	W1988972078	1963	A Method for Localized Variation of the Paths of Two Paraxial Rays	Advanced Measurement and Metrology Techniques	Applied Optics	This paper treats lens systems which consist of spherical and plane refracting surfaces, and for which fixed values of the indices of refraction have already been assigned. Simple algebraic equations are derived which allow changes to be made in the curvatures of two consecutive surfaces, together with changes in two specified vertex separations, s
vertex separation	W2942927459	2019	Search Numbers in Networks with Special Topologies	Advanced Graph Theory Research	Journal of Interconnection Networks	In this paper, we consider the problem of finding the minimum number of searchers to sweep networks/graphs with special topological structures. Such a number is called the search number. We first study graphs, which contain only one cycle, and present a linear time algorithm to compute the vertex separation and the optimal layout of such graphs; by
vertex separation	W149534446	2014	On the Exact Solution of VSP for General and Structured Graphs: Models and Algorithms	Vehicle Routing Optimization Methods	Studies in computational intelligence	
vertex separation	W7128403731	2026	Anti-disturbance synchronization of complex networks with mismatched quantization input via aperiodically intermittent control	Neural Networks Stability and Synchronization	Journal of the Franklin Institute	
vertex separation	W3165142394	2021	Revisiting 2D Convolutional Neural Networks for Graph-Based Applications	Graph Theory and Algorithms	IEEE Transactions on Pattern Analysis and Machine Intelligence	Graph convolutional networks (GCNs) are widely used in graph-based applications such as graph classification and segmentation. However, current GCNs have limitations on implementation such as network architectures due to their irregular inputs. In contrast, convolutional neural networks (CNNs) are capable of extracting rich features from large-scal
vertex separation	W2944480130	2019	Typical Sequences Revisited - Algorithms for Linear Orderings of Series Parallel Digraphs.	Advanced Graph Theory Research	arXiv (Cornell University)	In this paper, we show that the Cutwidth, Modified Cutwidth, and Vertex Separation problems can be solved in $O(n^2)$ time for series parallel digraphs on $n$ vertices. To obtain the result, we give a lemma of independent interest on merges of typical sequences, a notion that was introduced in 1991 [Lagergren and Arnborg, Bodlaender and Kloks, both
vertex separation	W3009819742	2019	Optimal Filter Assignment Policy against Transit-Link Distributed Denial-of-Service Attack	Network Security and Intrusion Detection		A transit-link distributed denial-of-service (DDoS) attack is a special attack in which the attacker sends out a huge number of requests to exhaust the capacity of a link on the path the traffic comes to a server. As a result, denial-of-service and degradation of Quality-of-Service (QoS) occurs. Because the attack traffic does not go to the victim,
vertex separation	W2122952119	2014	Experimental Evaluation of a Branch and Bound Algorithm for Computing Pathwidth	Advanced Graph Theory Research	Lecture notes in computer science	
vertex separation	W4410608457	2025	Graph Layout Problems	Optimization and Packing Problems		
vertex separation	W2565615012	2016	Linear Layout Problems	Optimization and Packing Problems		
vertex separation	W2062952982	2014	DAG representation of asymmetric independence models arising in coherent conditional possibility theory	Bayesian Modeling and Causal Inference	Fuzzy Sets and Systems	
vertex separation	W4399020261	2024	Dynamic event-triggered non-fragile dissipative filtering for interval type-2 fuzzy Markov jump systems	Fuzzy Logic and Control Systems	International Journal of Machine Learning and Cybernetics	
vertex separation	W4407851501	2025	Planar Graphs with Separation Are dp-Minimal	Advanced Graph Theory Research	Notre Dame Journal of Formal Logic	We prove that, given a planar embedding of a graph in the sphere, the expansion of the graph structure by predicates encoding vertex separation by simple graph cycles is dp-minimal. This provides a rich natural class of examples of unstable, dp-minimal, and also monadically NIP theories. We also show how to infer the existence of a distal expansion
vertex separation	W2802342784	2018	Performance of flapping airfoil propulsion with LBM method and DMD analysis	Lattice Boltzmann Simulation Studies	Modern Physics Letters B	In this work, the performance of flapping airfoil propulsion at low Reynolds number of Re = 100–400 is studied numerically with the lattice Boltzmann method (LBM). Combined with immersed boundary method (IBM), the LBM has been widely used to simulate moving boundary problems. The influences of the reduced frequency on the plunging and pitching airf
vertex separation	W2136108754	1994	An Efficient Polynomial-Time Algorithm for Three-track Gate Matrix Layout	VLSI and FPGA Design Techniques	The Computer Journal	Gate Matrix Layout (GML) is a combinatorial optimization problem that arises in several VLSI layout styles. It is known to be equivalent to other important problems in combinatorial graph theory including vertex separation and pathwidth. While the general problem is N P-complete, when the relevant parameter is fixed, the decision problem can be sol
vertex separation	W62382570	1982	Layout problems and their complexity	Advanced Graph Theory Research		"The subject of this thesis is the complexity involved in finding one-dimensional (linear) layouts of graphs to optimize various properties. The problems that have been considered are described in the following paragraphs.
In Chapter 1 we motivate the subject and give applications in various areas of computer science. In this chapter the fundamenta"
vertex separation	W4211154129	2018	Linear Layout Problems	Optimization and Packing Problems		
vertex separation	W4401644236	2024	A unified combinatorial view beyond some spectral properties	Limits and Structures in Graph Theory	Journal of Algebraic Combinatorics	
vertex separation	W2214805159	2016	Linear Rank-Width of Distance-Hereditary Graphs I. A Polynomial-Time Algorithm	Advanced Graph Theory Research	Algorithmica	
vertex separation	W3195370492	2021	Mitigation of Different Network Attacks and Optimization in Software Defined Network	Software-Defined Networks and 5G	TUScholarShare (Temple University)	Cyber attacks are growing with the increase in internet usage. There are several types of network attacks including volumetric and non-volumetric attacks.In a volumetric attack, the target resource is taken down with a huge amount of traffic. Distributed denial-of-service (DDoS) and transit-link DDoS are examples of these types of attacks. A DDoS a
vertex separation	W3042196545	2012	Linear layouts in submodular systems	Advanced Graph Theory Research		Linear layout of graphs/digraphs is one of the classical and important optimization problems that have many practical applications. Recently Tamaki proposed an O(mn k+1)-time and O(n k)-space algorithm for testing whether the pathwidth (or vertex separation) of a given digraph with n vertices and m edges is at most k. In this paper, we show that li
vertex separation	W7165373885	2026	Vertex cuts and median decompositions	Advanced Graph Theory Research	arXiv (Cornell University)	Median decompositions were introduced by Stavropoulos in 2015 as a generalisation of tree decompositions. In this paper, we further develop and exposit this theory as a tool in structural graph theory to study systems of vertex separations. Generalising the well-known fact that nested systems of vertex separations produce tree decompositions of a g
vertex separation	W2952204811	2001	Optimal Moebius Transformations for Information Visualization and Meshing	Computational Geometry and Mesh Generation	arXiv (Cornell University)	We give linear-time quasiconvex programming algorithms for finding a Moebius transformation of a set of spheres in a unit ball or on the surface of a unit sphere that maximizes the minimum size of a transformed sphere. We can also use similar methods to maximize the minimum distance among a set of pairs of input points. We apply these results to ve
vertex separation	W4254611158	2009	Polytope Enumeration	Advanced Combinatorial Mathematics		
vertex separation	W2762705874	2017	Estimating the number of endmembers in hyperspectral imagery using accumulated convex hull vertex and similarity measure	Remote-Sensing Image Classification		The key to successful spectral un-mixing is indicating number of endmembers and their corresponding spectral signatures. Nevertheless, correctly estimate the number of end members without a priori knowledge is a very hard task because pixels in a hyperspectral image are always contain a mixture of the several reflected spectra. Currently, Noise Whi
vertex separation	W2578638724	1999	Linear orderings of random geometric graphs (extended abstract)	Computational Geometry and Mesh Generation		"In random geometric graphs, vertices are randomly distributed on [0,1]^2 and pairs of vertices are connected by edges
whenever they are sufficiently close together. Layout problems seek a linear ordering of the vertices of a graph such that a
certain measure is minimized. In this paper, we study several layout problems on random geometric graphs:"
vertex separation	W7165629284	2026	Service-Cut Certificates for Aligned Eviction in Tiered Cache Networks	Caching and Content Delivery	arXiv (Cornell University)	In a tiered cache, eviction is a graph decision: removing one aligned storage block can disconnect downstream demand that never addressed that block directly, so request recency alone cannot price the action. This paper studies aligned eviction as a vertex-separation problem and gives a selection rule whose decisions carry independently checkable s
vertex separation	W4415250269	2025	Graph Layout Problems	Optimization and Packing Problems		
vertex separation	W4414424792	2025	A metrization theorem for edge-end spaces of infinite graphs	Advanced Banach Space Theory	arXiv (Cornell University)	We prove that the edge-end space of an infinite graph is metrizable if and only if it is first-countable. This strengthens a recent result by Aurichi, Magalhaes Jr.\ and Real (2024). Our central graph-theoretic tool is the use of tree-cut decompositions, introduced by Wollan (2015) as a variation of tree decompositions that is based on edge cuts in
vertex separation	W4399912192	2024	The isoperimetric peak of complete trees	Topological and Geometric Data Analysis	arXiv (Cornell University)	We give exact values and bounds on the isoperimetric peak of complete trees, improving on known results. For the complete $q$-ary tree of depth $d$, if $q\ge 5$, then we find that the isoperimetric peak equals $d$, completing an open problem. In the case that $q$ is 3 or 4, we determine the value up to three values, and in the case $q=2$, up to a l
vertex separation	W4283024270	2022	Parameterized Complexity Results for Bayesian Inference	Bayesian Modeling and Causal Inference	arXiv (Cornell University)	We present completeness results for inference in Bayesian networks with respect to two different parameterizations, namely the number of variables and the topological vertex separation number. For this we introduce the parameterized complexity classes $\mathsf{W[1]PP}$ and $\mathsf{XLPP}$, which relate to $\mathsf{W[1]}$ and $\mathsf{XNLP}$ respect
vertex separation	W7106545355	2025	Generalized Capacitated Vertex Separator Problem: Models and Algorithms	Complexity and Algorithms in Graphs	Procedia Computer Science	Given an undirected graph and two numbers q and b , the Capacitated Vertex Separation Problem (CVSP) looks for a vertex subset of minimum cardinality such that the connected components in the subgraph generated after the vertex removal can be packed into no more than q bins of cardinality at most b. This problem has been studied in graph theory, an
vertex separation	W7128774742	2026	Approximating the Average-Case Graph Search Problem with Non-uniform Costs	Complexity and Algorithms in Graphs	Lecture notes in computer science	
vertex separation	W7105237032	2025	Approximating the Average-Case Graph Search Problem with Non-Uniform Costs	Complexity and Algorithms in Graphs	arXiv (Cornell University)	Consider the following generalization of the classic binary search problem: A searcher is required to find a hidden target vertex $x$ in a graph $G$. To do so, they iteratively perform queries to an oracle, each about a chosen vertex $v$. After each such call, the oracle responds whether the target was found and if not, the searcher receives as a r
vertex separation	W7135211062	2026	A metrization theorem for edge-end spaces of infinite graphs	Advanced Graph Theory Research	Proceedings of the American Mathematical Society	We prove that the edge-end space of an infinite graph is metrizable if and only if it is first countable. This strengthens a recent result by Aurichi, Magalhaes Jr. and Real [Preprint, arXiv:2404.17116 , 2024]. Our central graph-theoretic tool is the use of tree-cut decompositions, introduced by Wollan [J. Comb. Theory Ser. B 110 (2015), 47–66] as 
vertex separation	W2169959387	1990	Toward a complete representation of graphoids in graphs — Abridged Version	Bayesian Modeling and Causal Inference	Lecture notes in computer science	
vertex separation	W7167094461	2026	Characterizing and Identifying Separable Graphical Models	Advanced Graph Theory Research	arXiv (Cornell University)	We study a broad class of graphical models whose independencies correspond to vertex separation in mixed graphs with directed, undirected, and bidirected edges, that are capable of encoding independence structures arising from feedback, latent and selection mechanisms. In particular, we introduce separable graphs, in which each missing edge implies
vertex separation	W2976651171	2019	Graph-Preserving Grid Layout: A Simple Graph Drawing Method for Graph Classification using CNNs	Graph Theory and Algorithms	arXiv (Cornell University)	Graph convolutional networks (GCNs) suffer from the irregularity of graphs, while more widely-used convolutional neural networks (CNNs) benefit from regular grids. To bridge the gap between GCN and CNN, in contrast to previous works on generalizing the basic operations in CNNs to graph data, in this paper we address the problem of how to project un
vertex separation	W4281678227	2022	A unified combinatorial view beyond some spectral properties	Limits and Structures in Graph Theory	arXiv (Cornell University)	Let $β>0$. Motivated by jumbled graphs defined by Thomason, the celebrated expander mixing lemma and Haemers's vertex separation inequality, we define that a graph $G$ with $n$ vertices is a weakly $(n,β)$-graph if $\frac{|X| |Y|}{(n-|X|)(n-|Y|)} \le β^2$ holds for every pair of disjoint proper subsets $X, Y$ of $V(G)$ with no edge between $X$ and 
vertex separation	W4394806023	2024	Optimal filter assignment policy against link flooding attack	Network Security and Intrusion Detection	High-Confidence Computing	A Link Flooding (LFA) attack is a special type of Denial-of-Service (DoS) attack in which the attacker sends out a huge number of requests to exhaust the capacity of a link on the path the traffic comes to a server. As a result, user traffic cannot reach the server. As a result, DoS and degradation of Quality-of-Service (QoS) occur. Because the att
vertex separation	W7129401202	2026	Faster Parameterized Vertex Multicut	Complexity and Algorithms in Graphs	arXiv (Cornell University)	In the {\sc Vertex Multicut} problem the input consists of a graph $G$, integer $k$, and a set $\mathbf{T} = \{(s_1, t_1), \ldots, (s_p, t_p)\}$ of pairs of vertices of $G$. The task is to find a set $X$ of at most $k$ vertices such that, for every $(s_i, t_i) \in \mathbf{T}$, there is no path from $s_i$ to $t_i$ in $G - X$. Marx and Razgon [STOC 2
vertex separation	W2591471316	2016	Graph layout problems: a metaheuristic approach	Scheduling and Optimization Algorithms	Dialnet (Universidad de la Rioja)	La optimizacion es una disciplina que trata de encontrar solucion a problemas de la vida cotidiana. Numerosos problemas de interes en diferentes areas cientificas y tecnologicas pueden ser enunciados como problemas de optimizacion. Aquellos problemas en los que, existiendo un gran numero de soluciones posibles y una clara forma de comparacion entre
