runs,labellings,recovered,unknown_lo,unknown_hi,disagreement,disagreeing,contradiction,witness_failures,nodes_lo_default_identity,base_name,n,m,optimum,oracle_search,oracle_construction,oracle_ok,oracle_recover_search,oracle_recover_ok,source,cell,source_file,seconds
12,6,True,0,0,False,,False,0,2354,ens_b_n50_m100_p0.025_i000,50,100,7,,,,,,campaign,b_n50_m100_p0.025,,0.056
12,6,True,0,0,False,,False,0,976,ens_b_n50_m100_p0.025_i001,50,100,6,,,,,,campaign,b_n50_m100_p0.025,,0.024
12,6,True,0,0,False,,False,0,3245,ens_b_n50_m100_p0.025_i002,50,100,9,,,,,,campaign,b_n50_m100_p0.025,,0.052
12,6,True,0,0,False,,False,0,9275,ens_b_n50_m100_p0.025_i003,50,100,8,,,,,,campaign,b_n50_m100_p0.025,,0.131
12,6,True,0,0,False,,False,0,5505,ens_b_n50_m100_p0.025_i004,50,100,8,,,,,,campaign,b_n50_m100_p0.025,,0.092
12,6,True,0,0,False,,False,0,1393,ens_b_n50_m100_p0.025_i005,50,100,5,,,,,,campaign,b_n50_m100_p0.025,,0.026
12,6,True,0,0,False,,False,0,4216,ens_b_n50_m100_p0.025_i006,50,100,8,,,,,,campaign,b_n50_m100_p0.025,,0.066
12,6,True,0,0,False,,False,0,4676,ens_b_n50_m100_p0.025_i007,50,100,7,,,,,,campaign,b_n50_m100_p0.025,,0.088
12,6,True,0,0,False,,False,0,612,ens_b_n50_m100_p0.075_i004,50,100,34,,,,,,campaign,b_n50_m100_p0.075,,0.031
12,6,True,0,0,False,,False,0,5475,ens_b_n50_m100_p0.075_i005,50,100,31,,,,,,campaign,b_n50_m100_p0.075,,0.102
12,6,True,0,0,False,,False,0,4040,ens_b_n50_m100_p0.075_i006,50,100,32,,,,,,campaign,b_n50_m100_p0.075,,0.085
12,6,True,0,0,False,,False,0,3026,ens_b_n50_m100_p0.075_i007,50,100,33,,,,,,campaign,b_n50_m100_p0.075,,0.095
12,6,True,0,0,False,,False,0,339,ens_b_n50_m100_p0.1_i000,50,100,38,,,,,,campaign,b_n50_m100_p0.1,,0.019
12,6,True,0,0,False,,False,0,315,ens_b_n50_m100_p0.1_i001,50,100,38,,,,,,campaign,b_n50_m100_p0.1,,0.019
12,6,True,0,0,False,,False,0,367,ens_b_n50_m100_p0.1_i002,50,100,38,,,,,,campaign,b_n50_m100_p0.1,,0.02
12,6,True,0,0,False,,False,0,345,ens_b_n50_m100_p0.1_i003,50,100,39,,,,,,campaign,b_n50_m100_p0.1,,0.021
12,6,True,0,0,False,,False,0,488,ens_b_n50_m100_p0.1_i004,50,100,37,,,,,,campaign,b_n50_m100_p0.1,,0.025
12,6,True,0,0,False,,False,0,328,ens_b_n50_m100_p0.1_i005,50,100,39,,,,,,campaign,b_n50_m100_p0.1,,0.019
12,6,True,0,0,False,,False,0,411,ens_b_n50_m100_p0.1_i006,50,100,39,,,,,,campaign,b_n50_m100_p0.1,,0.02
12,6,True,0,0,False,,False,0,125,ens_b_n50_m100_p0.1_i007,50,100,37,,,,,,campaign,b_n50_m100_p0.1,,0.016
12,6,True,0,0,False,,False,0,18,ens_b_n50_m100_p0.15_i004,50,100,44,,,,,,campaign,b_n50_m100_p0.15,,0.014
12,6,True,0,0,False,,False,0,11,ens_b_n50_m100_p0.15_i005,50,100,45,,,,,,campaign,b_n50_m100_p0.15,,0.014
12,6,True,0,0,False,,False,0,24,ens_b_n50_m100_p0.15_i006,50,100,45,,,,,,campaign,b_n50_m100_p0.15,,0.014
12,6,True,0,0,False,,False,0,21,ens_b_n50_m100_p0.15_i007,50,100,45,,,,,,campaign,b_n50_m100_p0.15,,0.014
12,6,True,0,0,False,,False,0,4,ens_b_n50_m100_p0.2_i000,50,100,46,,,,,,campaign,b_n50_m100_p0.2,,0.014
12,6,True,0,0,False,,False,0,4,ens_b_n50_m100_p0.2_i001,50,100,48,,,,,,campaign,b_n50_m100_p0.2,,0.013
12,6,True,0,0,False,,False,0,4,ens_b_n50_m100_p0.2_i002,50,100,48,,,,,,campaign,b_n50_m100_p0.2,,0.013
12,6,True,0,0,False,,False,0,2,ens_b_n50_m100_p0.2_i003,50,100,48,,,,,,campaign,b_n50_m100_p0.2,,0.013
12,6,True,0,0,False,,False,0,22,ens_b_n50_m100_p0.15_i000,50,100,45,,,,,,campaign,b_n50_m100_p0.15,,0.026
12,6,True,0,0,False,,False,0,31,ens_b_n50_m100_p0.15_i001,50,100,44,,,,,,campaign,b_n50_m100_p0.15,,0.026
12,6,True,0,0,False,,False,0,21,ens_b_n50_m100_p0.15_i002,50,100,46,,,,,,campaign,b_n50_m100_p0.15,,0.025
12,6,True,0,0,False,,False,0,31,ens_b_n50_m100_p0.15_i003,50,100,44,,,,,,campaign,b_n50_m100_p0.15,,0.026
12,6,True,0,0,False,,False,0,263,ens_b_n50_m25_p0.025_i000,50,25,6,,,,,,campaign,b_n50_m25_p0.025,,0.009
12,6,True,0,0,False,,False,0,11,ens_b_n50_m25_p0.025_i001,50,25,3,,,,,,campaign,b_n50_m25_p0.025,,0.006
12,6,True,0,0,False,,False,0,75,ens_b_n50_m25_p0.025_i002,50,25,5,,,,,,campaign,b_n50_m25_p0.025,,0.007
12,6,True,0,0,False,,False,0,26,ens_b_n50_m25_p0.025_i003,50,25,5,,,,,,campaign,b_n50_m25_p0.025,,0.006
12,6,True,0,0,False,,False,0,5,ens_b_n50_m100_p0.2_i004,50,100,48,,,,,,campaign,b_n50_m100_p0.2,,0.014
12,6,True,0,0,False,,False,0,4,ens_b_n50_m100_p0.2_i005,50,100,48,,,,,,campaign,b_n50_m100_p0.2,,0.014
12,6,True,0,0,False,,False,0,4,ens_b_n50_m100_p0.2_i006,50,100,48,,,,,,campaign,b_n50_m100_p0.2,,0.014
12,6,True,0,0,False,,False,0,8,ens_b_n50_m100_p0.2_i007,50,100,47,,,,,,campaign,b_n50_m100_p0.2,,0.015
12,6,True,0,0,False,,False,0,40,ens_b_n50_m25_p0.025_i004,50,25,7,,,,,,campaign,b_n50_m25_p0.025,,0.011
12,6,True,0,0,False,,False,0,35,ens_b_n50_m25_p0.025_i005,50,25,6,,,,,,campaign,b_n50_m25_p0.025,,0.011
12,6,True,0,0,False,,False,0,81,ens_b_n50_m25_p0.025_i006,50,25,5,,,,,,campaign,b_n50_m25_p0.025,,0.013
12,6,True,0,0,False,,False,0,48,ens_b_n50_m25_p0.025_i007,50,25,6,,,,,,campaign,b_n50_m25_p0.025,,0.012
12,6,True,0,0,False,,False,0,750,ens_b_n50_m25_p0.05_i000,50,25,10,,,,,,campaign,b_n50_m25_p0.05,,0.014
12,6,True,0,0,False,,False,0,255,ens_b_n50_m25_p0.05_i001,50,25,6,,,,,,campaign,b_n50_m25_p0.05,,0.01
12,6,True,0,0,False,,False,0,171,ens_b_n50_m25_p0.05_i002,50,25,5,,,,,,campaign,b_n50_m25_p0.05,,0.01
12,6,True,0,0,False,,False,0,166,ens_b_n50_m25_p0.05_i003,50,25,6,,,,,,campaign,b_n50_m25_p0.05,,0.008
12,6,True,0,0,False,,False,0,14465,ens_b_n50_m100_p0.075_i000,50,100,31,,,,,,campaign,b_n50_m100_p0.075,,0.264
12,6,True,0,0,False,,False,0,1749,ens_b_n50_m100_p0.075_i001,50,100,32,,,,,,campaign,b_n50_m100_p0.075,,0.063
12,6,True,0,0,False,,False,0,4285,ens_b_n50_m100_p0.075_i002,50,100,32,,,,,,campaign,b_n50_m100_p0.075,,0.135
12,6,True,0,0,False,,False,0,1232,ens_b_n50_m100_p0.075_i003,50,100,33,,,,,,campaign,b_n50_m100_p0.075,,0.056
12,6,True,0,0,False,,False,0,283,ens_b_n50_m25_p0.05_i004,50,25,7,,,,,,campaign,b_n50_m25_p0.05,,0.011
12,6,True,0,0,False,,False,0,2090,ens_b_n50_m25_p0.05_i005,50,25,10,,,,,,campaign,b_n50_m25_p0.05,,0.034
12,6,True,0,0,False,,False,0,997,ens_b_n50_m25_p0.05_i006,50,25,7,,,,,,campaign,b_n50_m25_p0.05,,0.022
12,6,True,0,0,False,,False,0,220,ens_b_n50_m25_p0.05_i007,50,25,5,,,,,,campaign,b_n50_m25_p0.05,,0.01
12,6,True,0,0,False,,False,0,1670,ens_b_n50_m25_p0.075_i004,50,25,13,,,,,,campaign,b_n50_m25_p0.075,,0.032
12,6,True,0,0,False,,False,0,1924,ens_b_n50_m25_p0.075_i005,50,25,13,,,,,,campaign,b_n50_m25_p0.075,,0.034
12,6,True,0,0,False,,False,0,4031,ens_b_n50_m25_p0.075_i006,50,25,15,,,,,,campaign,b_n50_m25_p0.075,,0.073
12,6,True,0,0,False,,False,0,8303,ens_b_n50_m25_p0.075_i007,50,25,14,,,,,,campaign,b_n50_m25_p0.075,,0.116
12,6,True,0,0,False,,False,0,1887,ens_b_n50_m25_p0.15_i000,50,25,29,,,,,,campaign,b_n50_m25_p0.15,,0.049
12,6,True,0,0,False,,False,0,882,ens_b_n50_m25_p0.15_i001,50,25,26,,,,,,campaign,b_n50_m25_p0.15,,0.023
12,6,True,0,0,False,,False,0,375,ens_b_n50_m25_p0.15_i002,50,25,29,,,,,,campaign,b_n50_m25_p0.15,,0.014
12,6,True,0,0,False,,False,0,826,ens_b_n50_m25_p0.15_i003,50,25,27,,,,,,campaign,b_n50_m25_p0.15,,0.021
12,6,True,0,0,False,,False,0,2752,ens_b_n50_m25_p0.1_i004,50,25,18,,,,,,campaign,b_n50_m25_p0.1,,0.061
12,6,True,0,0,False,,False,0,2227,ens_b_n50_m25_p0.1_i005,50,25,21,,,,,,campaign,b_n50_m25_p0.1,,0.051
12,6,True,0,0,False,,False,0,1509,ens_b_n50_m25_p0.1_i006,50,25,15,,,,,,campaign,b_n50_m25_p0.1,,0.035
12,6,True,0,0,False,,False,0,10607,ens_b_n50_m25_p0.1_i007,50,25,17,,,,,,campaign,b_n50_m25_p0.1,,0.22
12,6,True,0,0,False,,False,0,4204,ens_b_n50_m25_p0.075_i000,50,25,11,,,,,,campaign,b_n50_m25_p0.075,,0.098
12,6,True,0,0,False,,False,0,5842,ens_b_n50_m25_p0.075_i001,50,25,15,,,,,,campaign,b_n50_m25_p0.075,,0.147
12,6,True,0,0,False,,False,0,4443,ens_b_n50_m25_p0.075_i002,50,25,14,,,,,,campaign,b_n50_m25_p0.075,,0.114
12,6,True,0,0,False,,False,0,2725,ens_b_n50_m25_p0.075_i003,50,25,14,,,,,,campaign,b_n50_m25_p0.075,,0.08
12,6,True,0,0,False,,False,0,161,ens_b_n50_m25_p0.2_i000,50,25,38,,,,,,campaign,b_n50_m25_p0.2,,0.013
12,6,True,0,0,False,,False,0,605,ens_b_n50_m25_p0.2_i001,50,25,32,,,,,,campaign,b_n50_m25_p0.2,,0.021
12,6,True,0,0,False,,False,0,252,ens_b_n50_m25_p0.2_i002,50,25,37,,,,,,campaign,b_n50_m25_p0.2,,0.014
12,6,True,0,0,False,,False,0,267,ens_b_n50_m25_p0.2_i003,50,25,38,,,,,,campaign,b_n50_m25_p0.2,,0.013
12,6,True,0,0,False,,False,0,1175,ens_b_n50_m25_p0.15_i004,50,25,28,,,,,,campaign,b_n50_m25_p0.15,,0.026
12,6,True,0,0,False,,False,0,790,ens_b_n50_m25_p0.15_i005,50,25,25,,,,,,campaign,b_n50_m25_p0.15,,0.019
12,6,True,0,0,False,,False,0,1134,ens_b_n50_m25_p0.15_i006,50,25,30,,,,,,campaign,b_n50_m25_p0.15,,0.029
12,6,True,0,0,False,,False,0,2370,ens_b_n50_m25_p0.15_i007,50,25,29,,,,,,campaign,b_n50_m25_p0.15,,0.045
12,6,True,0,0,False,,False,0,191,ens_b_n50_m25_p0.2_i004,50,25,36,,,,,,campaign,b_n50_m25_p0.2,,0.02
12,6,True,0,0,False,,False,0,297,ens_b_n50_m25_p0.2_i005,50,25,36,,,,,,campaign,b_n50_m25_p0.2,,0.024
12,6,True,0,0,False,,False,0,402,ens_b_n50_m25_p0.2_i006,50,25,33,,,,,,campaign,b_n50_m25_p0.2,,0.027
12,6,True,0,0,False,,False,0,324,ens_b_n50_m25_p0.2_i007,50,25,36,,,,,,campaign,b_n50_m25_p0.2,,0.023
12,6,True,0,0,False,,False,0,536,ens_b_n50_m50_p0.025_i000,50,50,6,,,,,,campaign,b_n50_m50_p0.025,,0.013
12,6,True,0,0,False,,False,0,437,ens_b_n50_m50_p0.025_i001,50,50,8,,,,,,campaign,b_n50_m50_p0.025,,0.013
12,6,True,0,0,False,,False,0,166,ens_b_n50_m50_p0.025_i002,50,50,5,,,,,,campaign,b_n50_m50_p0.025,,0.01
12,6,True,0,0,False,,False,0,66,ens_b_n50_m50_p0.025_i003,50,50,4,,,,,,campaign,b_n50_m50_p0.025,,0.008
12,6,True,0,0,False,,False,0,1150,ens_b_n50_m50_p0.025_i004,50,50,7,,,,,,campaign,b_n50_m50_p0.025,,0.026
12,6,True,0,0,False,,False,0,280,ens_b_n50_m50_p0.025_i005,50,50,5,,,,,,campaign,b_n50_m50_p0.025,,0.016
12,6,True,0,0,False,,False,0,94,ens_b_n50_m50_p0.025_i006,50,50,4,,,,,,campaign,b_n50_m50_p0.025,,0.009
12,6,True,0,0,False,,False,0,2633,ens_b_n50_m50_p0.025_i007,50,50,6,,,,,,campaign,b_n50_m50_p0.025,,0.04
12,6,True,0,0,False,,False,0,7743,ens_b_n50_m25_p0.1_i000,50,25,20,,,,,,campaign,b_n50_m25_p0.1,,0.186
12,6,True,0,0,False,,False,0,7515,ens_b_n50_m25_p0.1_i001,50,25,19,,,,,,campaign,b_n50_m25_p0.1,,0.219
12,6,True,0,0,False,,False,0,5911,ens_b_n50_m25_p0.1_i002,50,25,17,,,,,,campaign,b_n50_m25_p0.1,,0.17
12,6,True,0,0,False,,False,0,1968,ens_b_n50_m25_p0.1_i003,50,25,22,,,,,,campaign,b_n50_m25_p0.1,,0.06
12,6,True,0,0,False,,False,0,11426,ens_b_n50_m100_p0.05_i004,50,100,24,,,,,,campaign,b_n50_m100_p0.05,,0.232
12,6,True,0,0,False,,False,0,17097,ens_b_n50_m100_p0.05_i005,50,100,22,,,,,,campaign,b_n50_m100_p0.05,,0.288
12,6,True,0,0,False,,False,0,6338,ens_b_n50_m100_p0.05_i006,50,100,20,,,,,,campaign,b_n50_m100_p0.05,,0.143
12,6,True,0,0,False,,False,0,69215,ens_b_n50_m100_p0.05_i007,50,100,23,,,,,,campaign,b_n50_m100_p0.05,,0.969
12,6,True,0,0,False,,False,0,7530,ens_b_n50_m50_p0.05_i004,50,50,14,,,,,,campaign,b_n50_m50_p0.05,,0.132
12,6,True,0,0,False,,False,0,3907,ens_b_n50_m50_p0.05_i005,50,50,9,,,,,,campaign,b_n50_m50_p0.05,,0.09
12,6,True,0,0,False,,False,0,46209,ens_b_n50_m50_p0.05_i006,50,50,14,,,,,,campaign,b_n50_m50_p0.05,,0.556
12,6,True,0,0,False,,False,0,6533,ens_b_n50_m50_p0.05_i007,50,50,10,,,,,,campaign,b_n50_m50_p0.05,,0.144
12,6,True,0,0,False,,False,0,1832,ens_b_n50_m50_p0.1_i000,50,50,31,,,,,,campaign,b_n50_m50_p0.1,,0.046
12,6,True,0,0,False,,False,0,5657,ens_b_n50_m50_p0.1_i001,50,50,28,,,,,,campaign,b_n50_m50_p0.1,,0.124
12,6,True,0,0,False,,False,0,2823,ens_b_n50_m50_p0.1_i002,50,50,28,,,,,,campaign,b_n50_m50_p0.1,,0.074
12,6,True,0,0,False,,False,0,1904,ens_b_n50_m50_p0.1_i003,50,50,29,,,,,,campaign,b_n50_m50_p0.1,,0.069
12,6,True,0,0,False,,False,0,251,ens_b_n50_m50_p0.15_i000,50,50,39,,,,,,campaign,b_n50_m50_p0.15,,0.018
12,6,True,0,0,False,,False,0,197,ens_b_n50_m50_p0.15_i001,50,50,40,,,,,,campaign,b_n50_m50_p0.15,,0.016
12,6,True,0,0,False,,False,0,285,ens_b_n50_m50_p0.15_i002,50,50,38,,,,,,campaign,b_n50_m50_p0.15,,0.018
12,6,True,0,0,False,,False,0,184,ens_b_n50_m50_p0.15_i003,50,50,39,,,,,,campaign,b_n50_m50_p0.15,,0.016
12,6,True,0,0,False,,False,0,313,ens_b_n50_m50_p0.15_i004,50,50,39,,,,,,campaign,b_n50_m50_p0.15,,0.018
12,6,True,0,0,False,,False,0,157,ens_b_n50_m50_p0.15_i005,50,50,39,,,,,,campaign,b_n50_m50_p0.15,,0.016
12,6,True,0,0,False,,False,0,290,ens_b_n50_m50_p0.15_i006,50,50,37,,,,,,campaign,b_n50_m50_p0.15,,0.018
12,6,True,0,0,False,,False,0,115,ens_b_n50_m50_p0.15_i007,50,50,39,,,,,,campaign,b_n50_m50_p0.15,,0.014
12,6,True,0,0,False,,False,0,29,ens_b_n50_m50_p0.2_i000,50,50,44,,,,,,campaign,b_n50_m50_p0.2,,0.013
12,6,True,0,0,False,,False,0,22,ens_b_n50_m50_p0.2_i001,50,50,43,,,,,,campaign,b_n50_m50_p0.2,,0.013
12,6,True,0,0,False,,False,0,28,ens_b_n50_m50_p0.2_i002,50,50,44,,,,,,campaign,b_n50_m50_p0.2,,0.013
12,6,True,0,0,False,,False,0,65,ens_b_n50_m50_p0.2_i003,50,50,44,,,,,,campaign,b_n50_m50_p0.2,,0.014
12,6,True,0,0,False,,False,0,1761,ens_b_n50_m50_p0.1_i004,50,50,30,,,,,,campaign,b_n50_m50_p0.1,,0.04
12,6,True,0,0,False,,False,0,3543,ens_b_n50_m50_p0.1_i005,50,50,27,,,,,,campaign,b_n50_m50_p0.1,,0.067
12,6,True,0,0,False,,False,0,4379,ens_b_n50_m50_p0.1_i006,50,50,32,,,,,,campaign,b_n50_m50_p0.1,,0.091
12,6,True,0,0,False,,False,0,1119,ens_b_n50_m50_p0.1_i007,50,50,31,,,,,,campaign,b_n50_m50_p0.1,,0.029
12,6,True,0,0,False,,False,0,32,ens_b_n50_m50_p0.2_i004,50,50,44,,,,,,campaign,b_n50_m50_p0.2,,0.013
12,6,True,0,0,False,,False,0,60,ens_b_n50_m50_p0.2_i005,50,50,41,,,,,,campaign,b_n50_m50_p0.2,,0.013
12,6,True,0,0,False,,False,0,17,ens_b_n50_m50_p0.2_i006,50,50,44,,,,,,campaign,b_n50_m50_p0.2,,0.012
12,6,True,0,0,False,,False,0,110,ens_b_n50_m50_p0.2_i007,50,50,43,,,,,,campaign,b_n50_m50_p0.2,,0.015
12,6,True,0,0,False,,False,0,22396,ens_b_n50_m50_p0.05_i000,50,50,12,,,,,,campaign,b_n50_m50_p0.05,,0.502
12,6,True,0,0,False,,False,0,2043,ens_b_n50_m50_p0.05_i001,50,50,10,,,,,,campaign,b_n50_m50_p0.05,,0.058
12,6,True,0,0,False,,False,0,6967,ens_b_n50_m50_p0.05_i002,50,50,10,,,,,,campaign,b_n50_m50_p0.05,,0.172
12,6,True,0,0,False,,False,0,26129,ens_b_n50_m50_p0.05_i003,50,50,13,,,,,,campaign,b_n50_m50_p0.05,,0.579
12,6,True,0,0,False,,False,0,31645,ens_b_n50_m50_p0.075_i000,50,50,18,,,,,,campaign,b_n50_m50_p0.075,,0.473
12,6,True,0,0,False,,False,0,7122,ens_b_n50_m50_p0.075_i001,50,50,18,,,,,,campaign,b_n50_m50_p0.075,,0.173
12,6,True,0,0,False,,False,0,18159,ens_b_n50_m50_p0.075_i002,50,50,23,,,,,,campaign,b_n50_m50_p0.075,,0.292
12,6,True,0,0,False,,False,0,48769,ens_b_n50_m50_p0.075_i003,50,50,20,,,,,,campaign,b_n50_m50_p0.075,,0.689
12,6,True,0,0,False,,False,0,47529,ens_b_n50_m100_p0.05_i000,50,100,16,,,,,,campaign,b_n50_m100_p0.05,,0.981
12,6,True,0,0,False,,False,0,14011,ens_b_n50_m100_p0.05_i001,50,100,21,,,,,,campaign,b_n50_m100_p0.05,,0.324
12,6,True,0,0,False,,False,0,19681,ens_b_n50_m100_p0.05_i002,50,100,22,,,,,,campaign,b_n50_m100_p0.05,,0.419
12,6,True,0,0,False,,False,0,52581,ens_b_n50_m100_p0.05_i003,50,100,21,,,,,,campaign,b_n50_m100_p0.05,,1.056
12,6,True,0,0,False,,False,0,1465,ens_b_n60_m120_p0.075_i000,60,120,46,,,,,,campaign,b_n60_m120_p0.075,,0.054
12,6,True,0,0,False,,False,0,8093,ens_b_n60_m120_p0.075_i001,60,120,41,,,,,,campaign,b_n60_m120_p0.075,,0.249
12,6,True,0,0,False,,False,0,3930,ens_b_n60_m120_p0.075_i002,60,120,40,,,,,,campaign,b_n60_m120_p0.075,,0.099
12,6,True,0,0,False,,False,0,5822,ens_b_n60_m120_p0.075_i003,60,120,43,,,,,,campaign,b_n60_m120_p0.075,,0.135
12,6,True,0,0,False,,False,0,2832,ens_b_n50_m50_p0.075_i004,50,50,23,,,,,,campaign,b_n50_m50_p0.075,,0.091
12,6,True,0,0,False,,False,0,14415,ens_b_n50_m50_p0.075_i005,50,50,20,,,,,,campaign,b_n50_m50_p0.075,,0.442
12,6,True,0,0,False,,False,0,19041,ens_b_n50_m50_p0.075_i006,50,50,17,,,,,,campaign,b_n50_m50_p0.075,,0.544
12,6,True,0,0,False,,False,0,102160,ens_b_n50_m50_p0.075_i007,50,50,22,,,,,,campaign,b_n50_m50_p0.075,,1.615
12,6,True,0,0,False,,False,0,6741,ens_b_n60_m120_p0.075_i004,60,120,43,,,,,,campaign,b_n60_m120_p0.075,,0.145
12,6,True,0,0,False,,False,0,2956,ens_b_n60_m120_p0.075_i005,60,120,44,,,,,,campaign,b_n60_m120_p0.075,,0.068
12,6,True,0,0,False,,False,0,1858,ens_b_n60_m120_p0.075_i006,60,120,46,,,,,,campaign,b_n60_m120_p0.075,,0.056
12,6,True,0,0,False,,False,0,15546,ens_b_n60_m120_p0.075_i007,60,120,40,,,,,,campaign,b_n60_m120_p0.075,,0.27
12,6,True,0,0,False,,False,0,253,ens_b_n60_m120_p0.1_i004,60,120,50,,,,,,campaign,b_n60_m120_p0.1,,0.026
12,6,True,0,0,False,,False,0,279,ens_b_n60_m120_p0.1_i005,60,120,50,,,,,,campaign,b_n60_m120_p0.1,,0.025
12,6,True,0,0,False,,False,0,243,ens_b_n60_m120_p0.1_i006,60,120,50,,,,,,campaign,b_n60_m120_p0.1,,0.025
12,6,True,0,0,False,,False,0,471,ens_b_n60_m120_p0.1_i007,60,120,50,,,,,,campaign,b_n60_m120_p0.1,,0.029
12,6,True,0,0,False,,False,0,198,ens_b_n60_m120_p0.1_i000,60,120,50,,,,,,campaign,b_n60_m120_p0.1,,0.039
12,6,True,0,0,False,,False,0,930,ens_b_n60_m120_p0.1_i001,60,120,49,,,,,,campaign,b_n60_m120_p0.1,,0.053
12,6,True,0,0,False,,False,0,547,ens_b_n60_m120_p0.1_i002,60,120,48,,,,,,campaign,b_n60_m120_p0.1,,0.048
12,6,True,0,0,False,,False,0,205,ens_b_n60_m120_p0.1_i003,60,120,50,,,,,,campaign,b_n60_m120_p0.1,,0.039
12,6,True,0,0,False,,False,0,23,ens_b_n60_m120_p0.15_i000,60,120,56,,,,,,campaign,b_n60_m120_p0.15,,0.021
12,6,True,0,0,False,,False,0,33,ens_b_n60_m120_p0.15_i001,60,120,55,,,,,,campaign,b_n60_m120_p0.15,,0.021
12,6,True,0,0,False,,False,0,29,ens_b_n60_m120_p0.15_i002,60,120,55,,,,,,campaign,b_n60_m120_p0.15,,0.022
12,6,True,0,0,False,,False,0,20,ens_b_n60_m120_p0.15_i003,60,120,57,,,,,,campaign,b_n60_m120_p0.15,,0.021
12,6,True,0,0,False,,False,0,1,ens_b_n60_m120_p0.2_i000,60,120,59,,,,,,campaign,b_n60_m120_p0.2,,0.019
12,6,True,0,0,False,,False,0,4,ens_b_n60_m120_p0.2_i001,60,120,58,,,,,,campaign,b_n60_m120_p0.2,,0.02
12,6,True,0,0,False,,False,0,2,ens_b_n60_m120_p0.2_i002,60,120,58,,,,,,campaign,b_n60_m120_p0.2,,0.02
12,6,True,0,0,False,,False,0,1,ens_b_n60_m120_p0.2_i003,60,120,58,,,,,,campaign,b_n60_m120_p0.2,,0.019
12,6,True,0,0,False,,False,0,18,ens_b_n60_m120_p0.15_i004,60,120,56,,,,,,campaign,b_n60_m120_p0.15,,0.033
12,6,True,0,0,False,,False,0,13,ens_b_n60_m120_p0.15_i005,60,120,56,,,,,,campaign,b_n60_m120_p0.15,,0.032
12,6,True,0,0,False,,False,0,18,ens_b_n60_m120_p0.15_i006,60,120,56,,,,,,campaign,b_n60_m120_p0.15,,0.033
12,6,True,0,0,False,,False,0,22,ens_b_n60_m120_p0.15_i007,60,120,56,,,,,,campaign,b_n60_m120_p0.15,,0.033
12,6,True,0,0,False,,False,0,2,ens_b_n60_m120_p0.2_i004,60,120,59,,,,,,campaign,b_n60_m120_p0.2,,0.02
12,6,True,0,0,False,,False,0,1,ens_b_n60_m120_p0.2_i005,60,120,59,,,,,,campaign,b_n60_m120_p0.2,,0.019
12,6,True,0,0,False,,False,0,0,ens_b_n60_m120_p0.2_i006,60,120,58,,,,,,campaign,b_n60_m120_p0.2,,0.019
12,6,True,0,0,False,,False,0,1,ens_b_n60_m120_p0.2_i007,60,120,58,,,,,,campaign,b_n60_m120_p0.2,,0.019
12,6,True,0,0,False,,False,0,133,ens_b_n60_m30_p0.025_i000,60,30,7,,,,,,campaign,b_n60_m30_p0.025,,0.014
12,6,True,0,0,False,,False,0,34,ens_b_n60_m30_p0.025_i001,60,30,9,,,,,,campaign,b_n60_m30_p0.025,,0.013
12,6,True,0,0,False,,False,0,44,ens_b_n60_m30_p0.025_i002,60,30,6,,,,,,campaign,b_n60_m30_p0.025,,0.013
12,6,True,0,0,False,,False,0,88,ens_b_n60_m30_p0.025_i003,60,30,5,,,,,,campaign,b_n60_m30_p0.025,,0.014
12,6,True,0,0,False,,False,0,125,ens_b_n60_m30_p0.025_i004,60,30,6,,,,,,campaign,b_n60_m30_p0.025,,0.009
12,6,True,0,0,False,,False,0,47,ens_b_n60_m30_p0.025_i005,60,30,6,,,,,,campaign,b_n60_m30_p0.025,,0.009
12,6,True,0,0,False,,False,0,232,ens_b_n60_m30_p0.025_i006,60,30,6,,,,,,campaign,b_n60_m30_p0.025,,0.011
12,6,True,0,0,False,,False,0,172,ens_b_n60_m30_p0.025_i007,60,30,6,,,,,,campaign,b_n60_m30_p0.025,,0.01
12,6,True,0,0,False,,False,0,10595,ens_b_n60_m30_p0.05_i004,60,30,9,,,,,,campaign,b_n60_m30_p0.05,,0.153
12,6,True,0,0,False,,False,0,4199,ens_b_n60_m30_p0.05_i005,60,30,12,,,,,,campaign,b_n60_m30_p0.05,,0.097
12,6,True,0,0,False,,False,0,11918,ens_b_n60_m30_p0.05_i006,60,30,10,,,,,,campaign,b_n60_m30_p0.05,,0.18
12,6,True,0,0,False,,False,0,8045,ens_b_n60_m30_p0.05_i007,60,30,13,,,,,,campaign,b_n60_m30_p0.05,,0.129
12,6,True,0,0,False,,False,0,85449,ens_b_n60_m120_p0.025_i000,60,120,10,,,,,,campaign,b_n60_m120_p0.025,,0.96
12,6,True,0,0,False,,False,0,100331,ens_b_n60_m120_p0.025_i001,60,120,12,,,,,,campaign,b_n60_m120_p0.025,,0.965
12,6,True,0,0,False,,False,0,39845,ens_b_n60_m120_p0.025_i002,60,120,10,,,,,,campaign,b_n60_m120_p0.025,,0.486
12,6,True,0,0,False,,False,0,25688,ens_b_n60_m120_p0.025_i003,60,120,8,,,,,,campaign,b_n60_m120_p0.025,,0.292
12,6,True,0,0,False,,False,0,12389,ens_b_n60_m30_p0.05_i000,60,30,12,,,,,,campaign,b_n60_m30_p0.05,,0.27
12,6,True,0,0,False,,False,0,5427,ens_b_n60_m30_p0.05_i001,60,30,9,,,,,,campaign,b_n60_m30_p0.05,,0.132
12,6,True,0,0,False,,False,0,3242,ens_b_n60_m30_p0.05_i002,60,30,9,,,,,,campaign,b_n60_m30_p0.05,,0.116
12,6,True,0,0,False,,False,0,11492,ens_b_n60_m30_p0.05_i003,60,30,10,,,,,,campaign,b_n60_m30_p0.05,,0.35
12,6,True,0,0,False,,False,0,4624,ens_b_n60_m30_p0.075_i004,60,30,19,,,,,,campaign,b_n60_m30_p0.075,,0.115
12,6,True,0,0,False,,False,0,15761,ens_b_n60_m30_p0.075_i005,60,30,14,,,,,,campaign,b_n60_m30_p0.075,,0.333
12,6,True,0,0,False,,False,0,8805,ens_b_n60_m30_p0.075_i006,60,30,16,,,,,,campaign,b_n60_m30_p0.075,,0.173
12,6,True,0,0,False,,False,0,20539,ens_b_n60_m30_p0.075_i007,60,30,16,,,,,,campaign,b_n60_m30_p0.075,,0.373
12,6,True,0,0,False,,False,0,14623,ens_b_n60_m120_p0.025_i004,60,120,8,,,,,,campaign,b_n60_m120_p0.025,,0.285
12,6,True,0,0,False,,False,0,54010,ens_b_n60_m120_p0.025_i005,60,120,11,,,,,,campaign,b_n60_m120_p0.025,,0.885
12,6,True,0,0,False,,False,0,216467,ens_b_n60_m120_p0.025_i006,60,120,13,,,,,,campaign,b_n60_m120_p0.025,,1.741
12,6,True,0,0,False,,False,0,100617,ens_b_n60_m120_p0.025_i007,60,120,11,,,,,,campaign,b_n60_m120_p0.025,,1.11
12,6,True,0,0,False,,False,0,21663,ens_b_n60_m30_p0.075_i000,60,30,18,,,,,,campaign,b_n60_m30_p0.075,,0.442
12,6,True,0,0,False,,False,0,14137,ens_b_n60_m30_p0.075_i001,60,30,15,,,,,,campaign,b_n60_m30_p0.075,,0.279
12,6,True,0,0,False,,False,0,17606,ens_b_n60_m30_p0.075_i002,60,30,17,,,,,,campaign,b_n60_m30_p0.075,,0.412
12,6,True,0,0,False,,False,0,36136,ens_b_n60_m30_p0.075_i003,60,30,14,,,,,,campaign,b_n60_m30_p0.075,,0.674
12,6,True,0,0,False,,False,0,1533,ens_b_n60_m30_p0.15_i000,60,30,42,,,,,,campaign,b_n60_m30_p0.15,,0.048
12,6,True,0,0,False,,False,0,12839,ens_b_n60_m30_p0.15_i001,60,30,35,,,,,,campaign,b_n60_m30_p0.15,,0.289
12,6,True,0,0,False,,False,0,3089,ens_b_n60_m30_p0.15_i002,60,30,41,,,,,,campaign,b_n60_m30_p0.15,,0.065
12,6,True,0,0,False,,False,0,1694,ens_b_n60_m30_p0.15_i003,60,30,40,,,,,,campaign,b_n60_m30_p0.15,,0.047
12,6,True,0,0,False,,False,0,181,ens_b_n60_m30_p0.2_i000,60,30,49,,,,,,campaign,b_n60_m30_p0.2,,0.017
12,6,True,0,0,False,,False,0,516,ens_b_n60_m30_p0.2_i001,60,30,45,,,,,,campaign,b_n60_m30_p0.2,,0.021
12,6,True,0,0,False,,False,0,335,ens_b_n60_m30_p0.2_i002,60,30,48,,,,,,campaign,b_n60_m30_p0.2,,0.019
12,6,True,0,0,False,,False,0,236,ens_b_n60_m30_p0.2_i003,60,30,46,,,,,,campaign,b_n60_m30_p0.2,,0.018
12,6,True,0,0,False,,False,0,133,ens_b_n60_m30_p0.2_i004,60,30,47,,,,,,campaign,b_n60_m30_p0.2,,0.016
12,6,True,0,0,False,,False,0,307,ens_b_n60_m30_p0.2_i005,60,30,46,,,,,,campaign,b_n60_m30_p0.2,,0.018
12,6,True,0,0,False,,False,0,132,ens_b_n60_m30_p0.2_i006,60,30,50,,,,,,campaign,b_n60_m30_p0.2,,0.016
12,6,True,0,0,False,,False,0,540,ens_b_n60_m30_p0.2_i007,60,30,46,,,,,,campaign,b_n60_m30_p0.2,,0.022
12,6,True,0,0,False,,False,0,142,ens_b_n60_m60_p0.025_i000,60,60,4,,,,,,campaign,b_n60_m60_p0.025,,0.013
12,6,True,0,0,False,,False,0,90,ens_b_n60_m60_p0.025_i001,60,60,4,,,,,,campaign,b_n60_m60_p0.025,,0.011
12,6,True,0,0,False,,False,0,231,ens_b_n60_m60_p0.025_i002,60,60,4,,,,,,campaign,b_n60_m60_p0.025,,0.015
12,6,True,0,0,False,,False,0,361,ens_b_n60_m60_p0.025_i003,60,60,5,,,,,,campaign,b_n60_m60_p0.025,,0.015
12,6,True,0,0,False,,False,0,1508,ens_b_n60_m30_p0.15_i004,60,30,38,,,,,,campaign,b_n60_m30_p0.15,,0.06
12,6,True,0,0,False,,False,0,1555,ens_b_n60_m30_p0.15_i005,60,30,39,,,,,,campaign,b_n60_m30_p0.15,,0.053
12,6,True,0,0,False,,False,0,4486,ens_b_n60_m30_p0.15_i006,60,30,38,,,,,,campaign,b_n60_m30_p0.15,,0.128
12,6,True,0,0,False,,False,0,2084,ens_b_n60_m30_p0.15_i007,60,30,40,,,,,,campaign,b_n60_m30_p0.15,,0.081
12,6,True,0,0,False,,False,0,1368,ens_b_n60_m60_p0.025_i004,60,60,7,,,,,,campaign,b_n60_m60_p0.025,,0.023
12,6,True,0,0,False,,False,0,3771,ens_b_n60_m60_p0.025_i005,60,60,6,,,,,,campaign,b_n60_m60_p0.025,,0.067
12,6,True,0,0,False,,False,0,4107,ens_b_n60_m60_p0.025_i006,60,60,6,,,,,,campaign,b_n60_m60_p0.025,,0.08
12,6,True,0,0,False,,False,0,4857,ens_b_n60_m60_p0.025_i007,60,60,7,,,,,,campaign,b_n60_m60_p0.025,,0.095
12,6,True,0,0,False,,False,0,33970,ens_b_n60_m30_p0.1_i000,60,30,27,,,,,,campaign,b_n60_m30_p0.1,,0.893
12,6,True,0,0,False,,False,0,10162,ens_b_n60_m30_p0.1_i001,60,30,23,,,,,,campaign,b_n60_m30_p0.1,,0.241
12,6,True,0,0,False,,False,0,14062,ens_b_n60_m30_p0.1_i002,60,30,25,,,,,,campaign,b_n60_m30_p0.1,,0.457
12,6,True,0,0,False,,False,0,24599,ens_b_n60_m30_p0.1_i003,60,30,27,,,,,,campaign,b_n60_m30_p0.1,,0.56
12,6,True,0,0,False,,False,0,19932,ens_b_n60_m30_p0.1_i004,60,30,21,,,,,,campaign,b_n60_m30_p0.1,,0.359
12,6,True,0,0,False,,False,0,13943,ens_b_n60_m30_p0.1_i005,60,30,25,,,,,,campaign,b_n60_m30_p0.1,,0.275
12,6,True,0,0,False,,False,0,21810,ens_b_n60_m30_p0.1_i006,60,30,24,,,,,,campaign,b_n60_m30_p0.1,,0.425
12,6,True,0,0,False,,False,0,16957,ens_b_n60_m30_p0.1_i007,60,30,26,,,,,,campaign,b_n60_m30_p0.1,,0.374
12,6,True,0,0,False,,False,0,37793,ens_b_n60_m120_p0.05_i004,60,120,30,,,,,,campaign,b_n60_m120_p0.05,,0.591
12,6,True,0,0,False,,False,0,409230,ens_b_n60_m120_p0.05_i005,60,120,29,,,,,,campaign,b_n60_m120_p0.05,,3.031
12,6,True,0,0,False,,False,0,120565,ens_b_n60_m120_p0.05_i006,60,120,30,,,,,,campaign,b_n60_m120_p0.05,,1.321
12,6,True,0,0,False,,False,0,129815,ens_b_n60_m120_p0.05_i007,60,120,29,,,,,,campaign,b_n60_m120_p0.05,,1.699
12,6,True,0,0,False,,False,0,5047,ens_b_n60_m60_p0.1_i000,60,60,40,,,,,,campaign,b_n60_m60_p0.1,,0.112
12,6,True,0,0,False,,False,0,4596,ens_b_n60_m60_p0.1_i001,60,60,41,,,,,,campaign,b_n60_m60_p0.1,,0.1
12,6,True,0,0,False,,False,0,13120,ens_b_n60_m60_p0.1_i002,60,60,37,,,,,,campaign,b_n60_m60_p0.1,,0.246
12,6,True,0,0,False,,False,0,6095,ens_b_n60_m60_p0.1_i003,60,60,42,,,,,,campaign,b_n60_m60_p0.1,,0.128
12,6,True,0,0,False,,False,0,6051,ens_b_n60_m60_p0.1_i004,60,60,39,,,,,,campaign,b_n60_m60_p0.1,,0.133
12,6,True,0,0,False,,False,0,5686,ens_b_n60_m60_p0.1_i005,60,60,39,,,,,,campaign,b_n60_m60_p0.1,,0.117
12,6,True,0,0,False,,False,0,3877,ens_b_n60_m60_p0.1_i006,60,60,43,,,,,,campaign,b_n60_m60_p0.1,,0.083
12,6,True,0,0,False,,False,0,4369,ens_b_n60_m60_p0.1_i007,60,60,37,,,,,,campaign,b_n60_m60_p0.1,,0.108
12,6,True,0,0,False,,False,0,198,ens_b_n60_m60_p0.15_i000,60,60,50,,,,,,campaign,b_n60_m60_p0.15,,0.019
12,6,True,0,0,False,,False,0,60,ens_b_n60_m60_p0.15_i001,60,60,53,,,,,,campaign,b_n60_m60_p0.15,,0.016
12,6,True,0,0,False,,False,0,126,ens_b_n60_m60_p0.15_i002,60,60,50,,,,,,campaign,b_n60_m60_p0.15,,0.017
12,6,True,0,0,False,,False,0,157,ens_b_n60_m60_p0.15_i003,60,60,52,,,,,,campaign,b_n60_m60_p0.15,,0.017
12,6,True,0,0,False,,False,0,192,ens_b_n60_m60_p0.15_i004,60,60,50,,,,,,campaign,b_n60_m60_p0.15,,0.018
12,6,True,0,0,False,,False,0,77,ens_b_n60_m60_p0.15_i005,60,60,52,,,,,,campaign,b_n60_m60_p0.15,,0.016
12,6,True,0,0,False,,False,0,203,ens_b_n60_m60_p0.15_i006,60,60,50,,,,,,campaign,b_n60_m60_p0.15,,0.019
12,6,True,0,0,False,,False,0,127,ens_b_n60_m60_p0.15_i007,60,60,51,,,,,,campaign,b_n60_m60_p0.15,,0.017
12,6,True,0,0,False,,False,0,38,ens_b_n60_m60_p0.2_i000,60,60,54,,,,,,campaign,b_n60_m60_p0.2,,0.016
12,6,True,0,0,False,,False,0,25,ens_b_n60_m60_p0.2_i001,60,60,55,,,,,,campaign,b_n60_m60_p0.2,,0.014
12,6,True,0,0,False,,False,0,33,ens_b_n60_m60_p0.2_i002,60,60,56,,,,,,campaign,b_n60_m60_p0.2,,0.015
12,6,True,0,0,False,,False,0,31,ens_b_n60_m60_p0.2_i003,60,60,55,,,,,,campaign,b_n60_m60_p0.2,,0.015
12,6,True,0,0,False,,False,0,37,ens_b_n60_m60_p0.2_i004,60,60,54,,,,,,campaign,b_n60_m60_p0.2,,0.015
12,6,True,0,0,False,,False,0,26,ens_b_n60_m60_p0.2_i005,60,60,55,,,,,,campaign,b_n60_m60_p0.2,,0.015
12,6,True,0,0,False,,False,0,24,ens_b_n60_m60_p0.2_i006,60,60,56,,,,,,campaign,b_n60_m60_p0.2,,0.015
12,6,True,0,0,False,,False,0,27,ens_b_n60_m60_p0.2_i007,60,60,53,,,,,,campaign,b_n60_m60_p0.2,,0.015
12,6,True,0,0,False,,False,0,149686,ens_b_n60_m120_p0.05_i000,60,120,32,,,,,,campaign,b_n60_m120_p0.05,,2.046
12,6,True,0,0,False,,False,0,174615,ens_b_n60_m120_p0.05_i001,60,120,33,,,,,,campaign,b_n60_m120_p0.05,,2.095
12,6,True,0,0,False,,False,0,177191,ens_b_n60_m120_p0.05_i002,60,120,31,,,,,,campaign,b_n60_m120_p0.05,,2.3
12,6,True,0,0,False,,False,0,93267,ens_b_n60_m120_p0.05_i003,60,120,30,,,,,,campaign,b_n60_m120_p0.05,,2.358
12,6,True,0,0,False,,False,0,59584,ens_b_n60_m60_p0.075_i004,60,60,31,,,,,,campaign,b_n60_m60_p0.075,,1.182
12,6,True,0,0,False,,False,0,91444,ens_b_n60_m60_p0.075_i005,60,60,29,,,,,,campaign,b_n60_m60_p0.075,,1.606
12,6,True,0,0,False,,False,0,26459,ens_b_n60_m60_p0.075_i006,60,60,35,,,,,,campaign,b_n60_m60_p0.075,,0.555
12,6,True,0,0,False,,False,0,55130,ens_b_n60_m60_p0.075_i007,60,60,30,,,,,,campaign,b_n60_m60_p0.075,,0.966
12,6,True,0,0,False,,False,0,19441,ens_b_n60_m60_p0.05_i004,60,60,16,,,,,,campaign,b_n60_m60_p0.05,,0.379
12,6,True,0,0,False,,False,0,131116,ens_b_n60_m60_p0.05_i005,60,60,21,,,,,,campaign,b_n60_m60_p0.05,,1.607
12,6,True,0,0,False,,False,0,211689,ens_b_n60_m60_p0.05_i006,60,60,20,,,,,,campaign,b_n60_m60_p0.05,,2.289
12,6,True,0,0,False,,False,0,10241,ens_b_n60_m60_p0.05_i007,60,60,15,,,,,,campaign,b_n60_m60_p0.05,,0.287
12,6,True,0,0,False,,False,0,57763,ens_b_n60_m60_p0.075_i000,60,60,28,,,,,,campaign,b_n60_m60_p0.075,,1.31
12,6,True,0,0,False,,False,0,34835,ens_b_n60_m60_p0.075_i001,60,60,33,,,,,,campaign,b_n60_m60_p0.075,,0.853
12,6,True,0,0,False,,False,0,83472,ens_b_n60_m60_p0.075_i002,60,60,29,,,,,,campaign,b_n60_m60_p0.075,,1.667
12,6,True,0,0,False,,False,0,44045,ens_b_n60_m60_p0.075_i003,60,60,31,,,,,,campaign,b_n60_m60_p0.075,,0.916
12,6,True,0,0,False,,False,0,4432,ens_b_n75_m150_p0.075_i000,75,150,59,,,,,,campaign,b_n75_m150_p0.075,,0.174
12,6,True,0,0,False,,False,0,2297,ens_b_n75_m150_p0.075_i001,75,150,60,,,,,,campaign,b_n75_m150_p0.075,,0.117
12,6,True,0,0,False,,False,0,4949,ens_b_n75_m150_p0.075_i002,75,150,58,,,,,,campaign,b_n75_m150_p0.075,,0.185
12,6,True,0,0,False,,False,0,4926,ens_b_n75_m150_p0.075_i003,75,150,60,,,,,,campaign,b_n75_m150_p0.075,,0.207
12,6,True,0,0,False,,False,0,2692,ens_b_n75_m150_p0.075_i004,75,150,61,,,,,,campaign,b_n75_m150_p0.075,,0.142
12,6,True,0,0,False,,False,0,5218,ens_b_n75_m150_p0.075_i005,75,150,59,,,,,,campaign,b_n75_m150_p0.075,,0.174
12,6,True,0,0,False,,False,0,3992,ens_b_n75_m150_p0.075_i006,75,150,59,,,,,,campaign,b_n75_m150_p0.075,,0.146
12,6,True,0,0,False,,False,0,6264,ens_b_n75_m150_p0.075_i007,75,150,59,,,,,,campaign,b_n75_m150_p0.075,,0.198
12,6,True,0,0,False,,False,0,236,ens_b_n75_m150_p0.1_i000,75,150,65,,,,,,campaign,b_n75_m150_p0.1,,0.054
12,6,True,0,0,False,,False,0,462,ens_b_n75_m150_p0.1_i001,75,150,65,,,,,,campaign,b_n75_m150_p0.1,,0.059
12,6,True,0,0,False,,False,0,312,ens_b_n75_m150_p0.1_i002,75,150,66,,,,,,campaign,b_n75_m150_p0.1,,0.057
12,6,True,0,0,False,,False,0,1154,ens_b_n75_m150_p0.1_i003,75,150,64,,,,,,campaign,b_n75_m150_p0.1,,0.075
12,6,True,0,0,False,,False,0,221,ens_b_n75_m150_p0.1_i004,75,150,67,,,,,,campaign,b_n75_m150_p0.1,,0.056
12,6,True,0,0,False,,False,0,357,ens_b_n75_m150_p0.1_i005,75,150,64,,,,,,campaign,b_n75_m150_p0.1,,0.057
12,6,True,0,0,False,,False,0,287,ens_b_n75_m150_p0.1_i006,75,150,65,,,,,,campaign,b_n75_m150_p0.1,,0.056
12,6,True,0,0,False,,False,0,333,ens_b_n75_m150_p0.1_i007,75,150,66,,,,,,campaign,b_n75_m150_p0.1,,0.057
12,6,True,0,0,False,,False,0,22,ens_b_n75_m150_p0.15_i000,75,150,72,,,,,,campaign,b_n75_m150_p0.15,,0.05
12,6,True,0,0,False,,False,0,14,ens_b_n75_m150_p0.15_i001,75,150,71,,,,,,campaign,b_n75_m150_p0.15,,0.048
12,6,True,0,0,False,,False,0,18,ens_b_n75_m150_p0.15_i002,75,150,71,,,,,,campaign,b_n75_m150_p0.15,,0.046
12,6,True,0,0,False,,False,0,10,ens_b_n75_m150_p0.15_i003,75,150,71,,,,,,campaign,b_n75_m150_p0.15,,0.046
12,6,True,0,0,False,,False,0,17,ens_b_n75_m150_p0.15_i004,75,150,71,,,,,,campaign,b_n75_m150_p0.15,,0.043
12,6,True,0,0,False,,False,0,16,ens_b_n75_m150_p0.15_i005,75,150,72,,,,,,campaign,b_n75_m150_p0.15,,0.03
12,6,True,0,0,False,,False,0,14,ens_b_n75_m150_p0.15_i006,75,150,72,,,,,,campaign,b_n75_m150_p0.15,,0.03
12,6,True,0,0,False,,False,0,14,ens_b_n75_m150_p0.15_i007,75,150,72,,,,,,campaign,b_n75_m150_p0.15,,0.029
12,6,True,0,0,False,,False,0,132041,ens_b_n60_m60_p0.05_i000,60,60,21,,,,,,campaign,b_n60_m60_p0.05,,3.731
12,6,True,0,0,False,,False,0,146771,ens_b_n60_m60_p0.05_i001,60,60,22,,,,,,campaign,b_n60_m60_p0.05,,2.095
12,6,True,0,0,False,,False,0,74320,ens_b_n60_m60_p0.05_i002,60,60,18,,,,,,campaign,b_n60_m60_p0.05,,1.081
12,6,True,0,0,False,,False,0,12321,ens_b_n60_m60_p0.05_i003,60,60,16,,,,,,campaign,b_n60_m60_p0.05,,0.331
12,6,True,0,0,False,,False,0,0,ens_b_n75_m150_p0.2_i000,75,150,72,,,,,,campaign,b_n75_m150_p0.2,,0.028
12,6,True,0,0,False,,False,0,2,ens_b_n75_m150_p0.2_i001,75,150,74,,,,,,campaign,b_n75_m150_p0.2,,0.028
12,6,True,0,0,False,,False,0,2,ens_b_n75_m150_p0.2_i002,75,150,74,,,,,,campaign,b_n75_m150_p0.2,,0.029
12,6,True,0,0,False,,False,0,0,ens_b_n75_m150_p0.2_i003,75,150,73,,,,,,campaign,b_n75_m150_p0.2,,0.028
12,6,True,0,0,False,,False,0,1,ens_b_n75_m150_p0.2_i004,75,150,74,,,,,,campaign,b_n75_m150_p0.2,,0.033
12,6,True,0,0,False,,False,0,0,ens_b_n75_m150_p0.2_i005,75,150,73,,,,,,campaign,b_n75_m150_p0.2,,0.042
12,6,True,0,0,False,,False,0,1,ens_b_n75_m150_p0.2_i006,75,150,74,,,,,,campaign,b_n75_m150_p0.2,,0.041
12,6,True,0,0,False,,False,0,1,ens_b_n75_m150_p0.2_i007,75,150,74,,,,,,campaign,b_n75_m150_p0.2,,0.041
12,6,True,0,0,False,,False,0,1584,ens_b_n75_m37_p0.025_i000,75,37,6,,,,,,campaign,b_n75_m37_p0.025,,0.043
12,6,True,0,0,False,,False,0,2475,ens_b_n75_m37_p0.025_i001,75,37,7,,,,,,campaign,b_n75_m37_p0.025,,0.063
12,6,True,0,0,False,,False,0,332,ens_b_n75_m37_p0.025_i002,75,37,5,,,,,,campaign,b_n75_m37_p0.025,,0.015
12,6,True,0,0,False,,False,0,2393,ens_b_n75_m37_p0.025_i003,75,37,8,,,,,,campaign,b_n75_m37_p0.025,,0.046
12,6,True,0,0,False,,False,0,1477,ens_b_n75_m37_p0.025_i004,75,37,6,,,,,,campaign,b_n75_m37_p0.025,,0.048
12,6,True,0,0,False,,False,0,466,ens_b_n75_m37_p0.025_i005,75,37,7,,,,,,campaign,b_n75_m37_p0.025,,0.037
12,6,True,0,0,False,,False,0,341,ens_b_n75_m37_p0.025_i006,75,37,6,,,,,,campaign,b_n75_m37_p0.025,,0.021
12,6,True,0,0,False,,False,0,5531,ens_b_n75_m37_p0.025_i007,75,37,7,,,,,,campaign,b_n75_m37_p0.025,,0.163
12,6,True,0,0,False,,False,0,48344,ens_b_n75_m37_p0.05_i000,75,37,12,,,,,,campaign,b_n75_m37_p0.05,,0.714
12,6,True,0,0,False,,False,0,64404,ens_b_n75_m37_p0.05_i001,75,37,18,,,,,,campaign,b_n75_m37_p0.05,,1.242
12,6,True,0,0,False,,False,0,50879,ens_b_n75_m37_p0.05_i002,75,37,14,,,,,,campaign,b_n75_m37_p0.05,,0.711
12,6,True,0,0,False,,False,0,30076,ens_b_n75_m37_p0.05_i003,75,37,13,,,,,,campaign,b_n75_m37_p0.05,,0.491
12,6,True,0,0,False,,False,0,99940,ens_b_n75_m37_p0.05_i004,75,37,14,,,,,,campaign,b_n75_m37_p0.05,,1.454
12,6,True,0,0,False,,False,0,442814,ens_b_n75_m37_p0.05_i005,75,37,21,,,,,,campaign,b_n75_m37_p0.05,,5.347
12,6,True,0,0,False,,False,0,127455,ens_b_n75_m37_p0.05_i006,75,37,15,,,,,,campaign,b_n75_m37_p0.05,,2.666
12,6,True,0,0,False,,False,0,43642,ens_b_n75_m37_p0.05_i007,75,37,13,,,,,,campaign,b_n75_m37_p0.05,,0.821
12,6,True,0,0,False,,False,0,448611,ens_b_n75_m150_p0.05_i000,75,150,46,,,,,,campaign,b_n75_m150_p0.05,,5.764
12,6,True,0,0,False,,False,0,114233,ens_b_n75_m150_p0.05_i001,75,150,42,,,,,,campaign,b_n75_m150_p0.05,,2.02
12,6,True,0,0,False,,False,0,98405,ens_b_n75_m150_p0.05_i002,75,150,50,,,,,,campaign,b_n75_m150_p0.05,,1.802
12,6,True,0,0,False,,False,0,291500,ens_b_n75_m150_p0.05_i003,75,150,46,,,,,,campaign,b_n75_m150_p0.05,,6.136
12,6,True,0,0,False,,False,0,64127,ens_b_n75_m37_p0.075_i000,75,37,23,,,,,,campaign,b_n75_m37_p0.075,,1.183
12,6,True,0,0,False,,False,0,397823,ens_b_n75_m37_p0.075_i001,75,37,27,,,,,,campaign,b_n75_m37_p0.075,,3.9
12,6,True,0,0,False,,False,0,255067,ens_b_n75_m37_p0.075_i002,75,37,25,,,,,,campaign,b_n75_m37_p0.075,,2.52
12,6,True,0,0,False,,False,0,445743,ens_b_n75_m37_p0.075_i003,75,37,29,,,,,,campaign,b_n75_m37_p0.075,,4.573
12,6,True,0,0,False,,False,0,39966,ens_b_n75_m37_p0.1_i000,75,37,45,,,,,,campaign,b_n75_m37_p0.1,,0.779
12,6,True,0,0,False,,False,0,59928,ens_b_n75_m37_p0.1_i001,75,37,40,,,,,,campaign,b_n75_m37_p0.1,,1.077
12,6,True,0,0,False,,False,0,75713,ens_b_n75_m37_p0.1_i002,75,37,36,,,,,,campaign,b_n75_m37_p0.1,,1.29
12,6,True,0,0,False,,False,0,35878,ens_b_n75_m37_p0.1_i003,75,37,40,,,,,,campaign,b_n75_m37_p0.1,,0.779
12,6,True,0,0,False,,False,0,2763,ens_b_n75_m37_p0.15_i000,75,37,57,,,,,,campaign,b_n75_m37_p0.15,,0.085
12,6,True,0,0,False,,False,0,3307,ens_b_n75_m37_p0.15_i001,75,37,54,,,,,,campaign,b_n75_m37_p0.15,,0.106
12,6,True,0,0,False,,False,0,3598,ens_b_n75_m37_p0.15_i002,75,37,56,,,,,,campaign,b_n75_m37_p0.15,,0.108
12,6,True,0,0,False,,False,0,2671,ens_b_n75_m37_p0.15_i003,75,37,56,,,,,,campaign,b_n75_m37_p0.15,,0.094
12,6,True,0,0,False,,False,0,3633,ens_b_n75_m37_p0.15_i004,75,37,57,,,,,,campaign,b_n75_m37_p0.15,,0.103
12,6,True,0,0,False,,False,0,1745,ens_b_n75_m37_p0.15_i005,75,37,53,,,,,,campaign,b_n75_m37_p0.15,,0.07
12,6,True,0,0,False,,False,0,8338,ens_b_n75_m37_p0.15_i006,75,37,56,,,,,,campaign,b_n75_m37_p0.15,,0.196
12,6,True,0,0,False,,False,0,3020,ens_b_n75_m37_p0.15_i007,75,37,55,,,,,,campaign,b_n75_m37_p0.15,,0.092
12,6,True,0,0,False,,False,0,296,ens_b_n75_m37_p0.2_i000,75,37,65,,,,,,campaign,b_n75_m37_p0.2,,0.036
12,6,True,0,0,False,,False,0,617,ens_b_n75_m37_p0.2_i001,75,37,62,,,,,,campaign,b_n75_m37_p0.2,,0.044
12,6,True,0,0,False,,False,0,371,ens_b_n75_m37_p0.2_i002,75,37,64,,,,,,campaign,b_n75_m37_p0.2,,0.036
12,6,True,0,0,False,,False,0,249,ens_b_n75_m37_p0.2_i003,75,37,66,,,,,,campaign,b_n75_m37_p0.2,,0.034
12,6,True,0,0,False,,False,0,141,ens_b_n75_m37_p0.2_i004,75,37,66,,,,,,campaign,b_n75_m37_p0.2,,0.033
12,6,True,0,0,False,,False,0,317,ens_b_n75_m37_p0.2_i005,75,37,64,,,,,,campaign,b_n75_m37_p0.2,,0.036
12,6,True,0,0,False,,False,0,403,ens_b_n75_m37_p0.2_i006,75,37,63,,,,,,campaign,b_n75_m37_p0.2,,0.038
12,6,True,0,0,False,,False,0,154,ens_b_n75_m37_p0.2_i007,75,37,65,,,,,,campaign,b_n75_m37_p0.2,,0.032
12,6,True,0,0,False,,False,0,1163877,ens_b_n75_m150_p0.05_i004,75,150,45,,,,,,campaign,b_n75_m150_p0.05,,9.968
12,6,True,0,0,False,,False,0,157798,ens_b_n75_m150_p0.05_i005,75,150,47,,,,,,campaign,b_n75_m150_p0.05,,2.611
12,6,True,0,0,False,,False,0,347395,ens_b_n75_m150_p0.05_i006,75,150,48,,,,,,campaign,b_n75_m150_p0.05,,3.411
12,6,True,0,0,False,,False,0,907138,ens_b_n75_m150_p0.05_i007,75,150,46,,,,,,campaign,b_n75_m150_p0.05,,7.547
12,6,True,0,0,False,,False,0,117831,ens_b_n75_m75_p0.025_i004,75,75,11,,,,,,campaign,b_n75_m75_p0.025,,1.252
12,6,True,0,0,False,,False,0,21552,ens_b_n75_m75_p0.025_i005,75,75,9,,,,,,campaign,b_n75_m75_p0.025,,0.364
12,6,True,0,0,False,,False,0,78218,ens_b_n75_m75_p0.025_i006,75,75,9,,,,,,campaign,b_n75_m75_p0.025,,0.908
12,6,True,0,0,False,,False,0,9909,ens_b_n75_m75_p0.025_i007,75,75,7,,,,,,campaign,b_n75_m75_p0.025,,0.152
12,6,True,0,0,False,,False,0,244945,ens_b_n75_m37_p0.075_i004,75,37,27,,,,,,campaign,b_n75_m37_p0.075,,3.324
12,6,True,0,0,False,,False,0,525282,ens_b_n75_m37_p0.075_i005,75,37,27,,,,,,campaign,b_n75_m37_p0.075,,5.242
12,6,True,0,0,False,,False,0,180288,ens_b_n75_m37_p0.075_i006,75,37,27,,,,,,campaign,b_n75_m37_p0.075,,1.975
12,6,True,0,0,False,,False,0,240963,ens_b_n75_m37_p0.075_i007,75,37,29,,,,,,campaign,b_n75_m37_p0.075,,2.522
12,6,True,0,0,False,,False,0,97053,ens_b_n75_m37_p0.1_i004,75,37,42,,,,,,campaign,b_n75_m37_p0.1,,1.172
12,6,True,0,0,False,,False,0,280125,ens_b_n75_m37_p0.1_i005,75,37,35,,,,,,campaign,b_n75_m37_p0.1,,3.668
12,6,True,0,0,False,,False,0,129169,ens_b_n75_m37_p0.1_i006,75,37,37,,,,,,campaign,b_n75_m37_p0.1,,2.655
12,6,True,0,0,False,,False,0,130192,ens_b_n75_m37_p0.1_i007,75,37,39,,,,,,campaign,b_n75_m37_p0.1,,1.467
12,6,True,0,0,False,,False,0,9396,ens_b_n75_m75_p0.025_i000,75,75,6,,,,,,campaign,b_n75_m75_p0.025,,0.393
12,6,True,0,0,False,,False,0,3830,ens_b_n75_m75_p0.025_i001,75,75,6,,,,,,campaign,b_n75_m75_p0.025,,0.081
12,6,True,0,0,False,,False,0,85648,ens_b_n75_m75_p0.025_i002,75,75,11,,,,,,campaign,b_n75_m75_p0.025,,1.183
12,6,True,0,0,False,,False,0,748339,ens_b_n75_m75_p0.025_i003,75,75,11,,,,,,campaign,b_n75_m75_p0.025,,7.097
12,6,True,0,0,False,,False,0,119682,ens_b_n75_m75_p0.075_i004,75,75,46,,,,,,campaign,b_n75_m75_p0.075,,1.736
12,6,True,0,0,False,,False,0,361240,ens_b_n75_m75_p0.075_i005,75,75,44,,,,,,campaign,b_n75_m75_p0.075,,4.97
12,6,True,0,0,False,,False,0,326366,ens_b_n75_m75_p0.075_i006,75,75,45,,,,,,campaign,b_n75_m75_p0.075,,3.697
12,6,True,0,0,False,,False,0,43667,ens_b_n75_m75_p0.075_i007,75,75,51,,,,,,campaign,b_n75_m75_p0.075,,0.843
12,6,True,0,0,False,,False,0,5114,ens_b_n75_m75_p0.1_i000,75,75,57,,,,,,campaign,b_n75_m75_p0.1,,0.153
12,6,True,0,0,False,,False,0,6925,ens_b_n75_m75_p0.1_i001,75,75,56,,,,,,campaign,b_n75_m75_p0.1,,0.205
12,6,True,0,0,False,,False,0,15034,ens_b_n75_m75_p0.1_i002,75,75,56,,,,,,campaign,b_n75_m75_p0.1,,0.372
12,6,True,0,0,False,,False,0,4465,ens_b_n75_m75_p0.1_i003,75,75,57,,,,,,campaign,b_n75_m75_p0.1,,0.157
12,6,True,0,0,False,,False,0,11042,ens_b_n75_m75_p0.1_i004,75,75,56,,,,,,campaign,b_n75_m75_p0.1,,0.282
12,6,True,0,0,False,,False,0,2651,ens_b_n75_m75_p0.1_i005,75,75,58,,,,,,campaign,b_n75_m75_p0.1,,0.095
12,6,True,0,0,False,,False,0,12237,ens_b_n75_m75_p0.1_i006,75,75,56,,,,,,campaign,b_n75_m75_p0.1,,0.302
12,6,True,0,0,False,,False,0,3714,ens_b_n75_m75_p0.1_i007,75,75,57,,,,,,campaign,b_n75_m75_p0.1,,0.12
12,6,True,0,0,False,,False,0,234,ens_b_n75_m75_p0.15_i000,75,75,67,,,,,,campaign,b_n75_m75_p0.15,,0.041
12,6,True,0,0,False,,False,0,100,ens_b_n75_m75_p0.15_i001,75,75,66,,,,,,campaign,b_n75_m75_p0.15,,0.039
12,6,True,0,0,False,,False,0,186,ens_b_n75_m75_p0.15_i002,75,75,67,,,,,,campaign,b_n75_m75_p0.15,,0.041
12,6,True,0,0,False,,False,0,251,ens_b_n75_m75_p0.15_i003,75,75,65,,,,,,campaign,b_n75_m75_p0.15,,0.041
12,6,True,0,0,False,,False,0,273,ens_b_n75_m75_p0.15_i004,75,75,66,,,,,,campaign,b_n75_m75_p0.15,,0.043
12,6,True,0,0,False,,False,0,148,ens_b_n75_m75_p0.15_i005,75,75,68,,,,,,campaign,b_n75_m75_p0.15,,0.039
12,6,True,0,0,False,,False,0,179,ens_b_n75_m75_p0.15_i006,75,75,67,,,,,,campaign,b_n75_m75_p0.15,,0.04
12,6,True,0,0,False,,False,0,137,ens_b_n75_m75_p0.15_i007,75,75,67,,,,,,campaign,b_n75_m75_p0.15,,0.039
12,6,True,0,0,False,,False,0,21,ens_b_n75_m75_p0.2_i000,75,75,71,,,,,,campaign,b_n75_m75_p0.2,,0.035
12,6,True,0,0,False,,False,0,16,ens_b_n75_m75_p0.2_i001,75,75,70,,,,,,campaign,b_n75_m75_p0.2,,0.035
12,6,True,0,0,False,,False,0,11,ens_b_n75_m75_p0.2_i002,75,75,70,,,,,,campaign,b_n75_m75_p0.2,,0.032
12,6,True,0,0,False,,False,0,30,ens_b_n75_m75_p0.2_i003,75,75,71,,,,,,campaign,b_n75_m75_p0.2,,0.035
12,6,True,0,0,False,,False,0,13,ens_b_n75_m75_p0.2_i004,75,75,71,,,,,,campaign,b_n75_m75_p0.2,,0.033
12,6,True,0,0,False,,False,0,16,ens_b_n75_m75_p0.2_i005,75,75,71,,,,,,campaign,b_n75_m75_p0.2,,0.034
12,6,True,0,0,False,,False,0,43,ens_b_n75_m75_p0.2_i006,75,75,70,,,,,,campaign,b_n75_m75_p0.2,,0.038
12,6,True,0,0,False,,False,0,20,ens_b_n75_m75_p0.2_i007,75,75,71,,,,,,campaign,b_n75_m75_p0.2,,0.036
12,6,True,0,0,False,,False,0,5,ens_f_n50_m100_d10_i000,50,100,48,,,,,,campaign,f_n50_m100_d10,,0.023
12,6,True,0,0,False,,False,0,2,ens_f_n50_m100_d10_i001,50,100,47,,,,,,campaign,f_n50_m100_d10,,0.023
12,6,True,0,0,False,,False,0,2,ens_f_n50_m100_d10_i002,50,100,47,,,,,,campaign,f_n50_m100_d10,,0.023
12,6,True,0,0,False,,False,0,4,ens_f_n50_m100_d10_i003,50,100,47,,,,,,campaign,f_n50_m100_d10,,0.024
12,6,True,0,0,False,,False,0,9,ens_f_n50_m100_d10_i004,50,100,47,,,,,,campaign,f_n50_m100_d10,,0.023
12,6,True,0,0,False,,False,0,3,ens_f_n50_m100_d10_i005,50,100,47,,,,,,campaign,f_n50_m100_d10,,0.023
12,6,True,0,0,False,,False,0,5,ens_f_n50_m100_d10_i006,50,100,47,,,,,,campaign,f_n50_m100_d10,,0.023
12,6,True,0,0,False,,False,0,2,ens_f_n50_m100_d10_i007,50,100,46,,,,,,campaign,f_n50_m100_d10,,0.023
12,6,True,0,0,False,,False,0,826709,ens_b_n75_m75_p0.075_i000,75,75,45,,,,,,campaign,b_n75_m75_p0.075,,6.741
12,6,True,0,0,False,,False,0,207555,ens_b_n75_m75_p0.075_i001,75,75,45,,,,,,campaign,b_n75_m75_p0.075,,2.483
12,6,True,0,0,False,,False,0,135013,ens_b_n75_m75_p0.075_i002,75,75,45,,,,,,campaign,b_n75_m75_p0.075,,2.013
12,6,True,0,0,False,,False,0,489757,ens_b_n75_m75_p0.075_i003,75,75,44,,,,,,campaign,b_n75_m75_p0.075,,6.187
12,6,True,0,0,False,,False,0,52603,ens_f_n50_m100_d2_i000,50,100,11,,,,,,campaign,f_n50_m100_d2,,1.1
12,6,True,0,0,False,,False,0,206621,ens_f_n50_m100_d2_i001,50,100,12,,,,,,campaign,f_n50_m100_d2,,2.166
12,6,True,0,0,False,,False,0,62865,ens_f_n50_m100_d2_i002,50,100,11,,,,,,campaign,f_n50_m100_d2,,0.938
12,6,True,0,0,False,,False,0,121598,ens_f_n50_m100_d2_i003,50,100,11,,,,,,campaign,f_n50_m100_d2,,1.49
12,6,True,0,0,False,,False,0,28778,ens_f_n50_m100_d3_i000,50,100,22,,,,,,campaign,f_n50_m100_d3,,0.744
12,6,True,0,0,False,,False,0,90286,ens_f_n50_m100_d3_i001,50,100,25,,,,,,campaign,f_n50_m100_d3,,1.246
12,6,True,0,0,False,,False,0,19736,ens_f_n50_m100_d3_i002,50,100,24,,,,,,campaign,f_n50_m100_d3,,0.425
12,6,True,0,0,False,,False,0,43212,ens_f_n50_m100_d3_i003,50,100,25,,,,,,campaign,f_n50_m100_d3,,0.822
12,6,True,0,0,False,,False,0,49041,ens_f_n50_m100_d3_i004,50,100,23,,,,,,campaign,f_n50_m100_d3,,0.866
12,6,True,0,0,False,,False,0,47474,ens_f_n50_m100_d3_i005,50,100,23,,,,,,campaign,f_n50_m100_d3,,0.824
12,6,True,0,0,False,,False,0,17824,ens_f_n50_m100_d3_i006,50,100,23,,,,,,campaign,f_n50_m100_d3,,0.473
12,6,True,0,0,False,,False,0,71156,ens_f_n50_m100_d3_i007,50,100,25,,,,,,campaign,f_n50_m100_d3,,1.058
12,6,True,0,0,False,,False,0,4521,ens_f_n50_m100_d4_i000,50,100,32,,,,,,campaign,f_n50_m100_d4,,0.122
12,6,True,0,0,False,,False,0,4512,ens_f_n50_m100_d4_i001,50,100,32,,,,,,campaign,f_n50_m100_d4,,0.142
12,6,True,0,0,False,,False,0,4080,ens_f_n50_m100_d4_i002,50,100,32,,,,,,campaign,f_n50_m100_d4,,0.114
12,6,True,0,0,False,,False,0,5707,ens_f_n50_m100_d4_i003,50,100,32,,,,,,campaign,f_n50_m100_d4,,0.151
12,6,True,0,0,False,,False,0,3818,ens_f_n50_m100_d4_i004,50,100,32,,,,,,campaign,f_n50_m100_d4,,0.109
12,6,True,0,0,False,,False,0,4604,ens_f_n50_m100_d4_i005,50,100,32,,,,,,campaign,f_n50_m100_d4,,0.128
12,6,True,0,0,False,,False,0,4832,ens_f_n50_m100_d4_i006,50,100,32,,,,,,campaign,f_n50_m100_d4,,0.126
12,6,True,0,0,False,,False,0,4709,ens_f_n50_m100_d4_i007,50,100,32,,,,,,campaign,f_n50_m100_d4,,0.123
12,6,True,0,0,False,,False,0,919,ens_f_n50_m100_d5_i000,50,100,38,,,,,,campaign,f_n50_m100_d5,,0.043
12,6,True,0,0,False,,False,0,1511,ens_f_n50_m100_d5_i001,50,100,37,,,,,,campaign,f_n50_m100_d5,,0.055
12,6,True,0,0,False,,False,0,647,ens_f_n50_m100_d5_i002,50,100,37,,,,,,campaign,f_n50_m100_d5,,0.037
12,6,True,0,0,False,,False,0,692,ens_f_n50_m100_d5_i003,50,100,38,,,,,,campaign,f_n50_m100_d5,,0.037
12,6,True,0,0,False,,False,0,840,ens_f_n50_m100_d5_i004,50,100,38,,,,,,campaign,f_n50_m100_d5,,0.041
12,6,True,0,0,False,,False,0,815,ens_f_n50_m100_d5_i005,50,100,37,,,,,,campaign,f_n50_m100_d5,,0.04
12,6,True,0,0,False,,False,0,966,ens_f_n50_m100_d5_i006,50,100,38,,,,,,campaign,f_n50_m100_d5,,0.043
12,6,True,0,0,False,,False,0,934,ens_f_n50_m100_d5_i007,50,100,39,,,,,,campaign,f_n50_m100_d5,,0.043
12,6,True,0,0,False,,False,0,195,ens_f_n50_m100_d6_i000,50,100,40,,,,,,campaign,f_n50_m100_d6,,0.029
12,6,True,0,0,False,,False,0,176,ens_f_n50_m100_d6_i001,50,100,42,,,,,,campaign,f_n50_m100_d6,,0.028
12,6,True,0,0,False,,False,0,119,ens_f_n50_m100_d6_i002,50,100,41,,,,,,campaign,f_n50_m100_d6,,0.028
12,6,True,0,0,False,,False,0,170,ens_f_n50_m100_d6_i003,50,100,42,,,,,,campaign,f_n50_m100_d6,,0.027
12,6,True,0,0,False,,False,0,111,ens_f_n50_m100_d6_i004,50,100,40,,,,,,campaign,f_n50_m100_d6,,0.026
12,6,True,0,0,False,,False,0,192,ens_f_n50_m100_d6_i005,50,100,40,,,,,,campaign,f_n50_m100_d6,,0.028
12,6,True,0,0,False,,False,0,303,ens_f_n50_m100_d6_i006,50,100,41,,,,,,campaign,f_n50_m100_d6,,0.031
12,6,True,0,0,False,,False,0,214,ens_f_n50_m100_d6_i007,50,100,41,,,,,,campaign,f_n50_m100_d6,,0.028
12,6,True,0,0,False,,False,0,54,ens_f_n50_m100_d7_i000,50,100,44,,,,,,campaign,f_n50_m100_d7,,0.025
12,6,True,0,0,False,,False,0,48,ens_f_n50_m100_d7_i001,50,100,43,,,,,,campaign,f_n50_m100_d7,,0.025
12,6,True,0,0,False,,False,0,76,ens_f_n50_m100_d7_i002,50,100,43,,,,,,campaign,f_n50_m100_d7,,0.025
12,6,True,0,0,False,,False,0,62,ens_f_n50_m100_d7_i003,50,100,43,,,,,,campaign,f_n50_m100_d7,,0.025
12,6,True,0,0,False,,False,0,49,ens_f_n50_m100_d7_i004,50,100,44,,,,,,campaign,f_n50_m100_d7,,0.024
12,6,True,0,0,False,,False,0,48,ens_f_n50_m100_d7_i005,50,100,42,,,,,,campaign,f_n50_m100_d7,,0.025
12,6,True,0,0,False,,False,0,70,ens_f_n50_m100_d7_i006,50,100,43,,,,,,campaign,f_n50_m100_d7,,0.025
12,6,True,0,0,False,,False,0,73,ens_f_n50_m100_d7_i007,50,100,44,,,,,,campaign,f_n50_m100_d7,,0.025
12,6,True,0,0,False,,False,0,35,ens_f_n50_m100_d8_i000,50,100,45,,,,,,campaign,f_n50_m100_d8,,0.025
12,6,True,0,0,False,,False,0,32,ens_f_n50_m100_d8_i001,50,100,46,,,,,,campaign,f_n50_m100_d8,,0.024
12,6,True,0,0,False,,False,0,25,ens_f_n50_m100_d8_i002,50,100,46,,,,,,campaign,f_n50_m100_d8,,0.024
12,6,True,0,0,False,,False,0,23,ens_f_n50_m100_d8_i003,50,100,45,,,,,,campaign,f_n50_m100_d8,,0.024
12,6,True,0,0,False,,False,0,16,ens_f_n50_m100_d8_i004,50,100,45,,,,,,campaign,f_n50_m100_d8,,0.024
12,6,True,0,0,False,,False,0,18,ens_f_n50_m100_d8_i005,50,100,46,,,,,,campaign,f_n50_m100_d8,,0.024
12,6,True,0,0,False,,False,0,41,ens_f_n50_m100_d8_i006,50,100,46,,,,,,campaign,f_n50_m100_d8,,0.024
12,6,True,0,0,False,,False,0,19,ens_f_n50_m100_d8_i007,50,100,45,,,,,,campaign,f_n50_m100_d8,,0.024
12,6,True,0,0,False,,False,0,12,ens_f_n50_m100_d9_i000,50,100,47,,,,,,campaign,f_n50_m100_d9,,0.023
12,6,True,0,0,False,,False,0,12,ens_f_n50_m100_d9_i001,50,100,46,,,,,,campaign,f_n50_m100_d9,,0.024
12,6,True,0,0,False,,False,0,13,ens_f_n50_m100_d9_i002,50,100,47,,,,,,campaign,f_n50_m100_d9,,0.024
12,6,True,0,0,False,,False,0,5,ens_f_n50_m100_d9_i003,50,100,47,,,,,,campaign,f_n50_m100_d9,,0.023
12,6,True,0,0,False,,False,0,63299,ens_f_n50_m100_d2_i004,50,100,11,,,,,,campaign,f_n50_m100_d2,,1.305
12,6,True,0,0,False,,False,0,272133,ens_f_n50_m100_d2_i005,50,100,12,,,,,,campaign,f_n50_m100_d2,,2.814
12,6,True,0,0,False,,False,0,775278,ens_f_n50_m100_d2_i006,50,100,13,,,,,,campaign,f_n50_m100_d2,,6.946
12,6,True,0,0,False,,False,0,188554,ens_f_n50_m100_d2_i007,50,100,11,,,,,,campaign,f_n50_m100_d2,,2.0
12,6,True,0,0,False,,False,0,350,ens_f_n50_m25_d10_i000,50,25,38,,,,,,campaign,f_n50_m25_d10,,0.017
12,6,True,0,0,False,,False,0,281,ens_f_n50_m25_d10_i001,50,25,36,,,,,,campaign,f_n50_m25_d10,,0.015
12,6,True,0,0,False,,False,0,421,ens_f_n50_m25_d10_i002,50,25,36,,,,,,campaign,f_n50_m25_d10,,0.019
12,6,True,0,0,False,,False,0,293,ens_f_n50_m25_d10_i003,50,25,34,,,,,,campaign,f_n50_m25_d10,,0.015
12,6,True,0,0,False,,False,0,6,ens_f_n50_m100_d9_i004,50,100,47,,,,,,campaign,f_n50_m100_d9,,0.023
12,6,True,0,0,False,,False,0,8,ens_f_n50_m100_d9_i005,50,100,46,,,,,,campaign,f_n50_m100_d9,,0.024
12,6,True,0,0,False,,False,0,10,ens_f_n50_m100_d9_i006,50,100,47,,,,,,campaign,f_n50_m100_d9,,0.023
12,6,True,0,0,False,,False,0,11,ens_f_n50_m100_d9_i007,50,100,46,,,,,,campaign,f_n50_m100_d9,,0.024
12,6,True,0,0,False,,False,0,351,ens_f_n50_m25_d2_i000,50,25,5,,,,,,campaign,f_n50_m25_d2,,0.016
12,6,True,0,0,False,,False,0,273,ens_f_n50_m25_d2_i001,50,25,5,,,,,,campaign,f_n50_m25_d2,,0.015
12,6,True,0,0,False,,False,0,196,ens_f_n50_m25_d2_i002,50,25,5,,,,,,campaign,f_n50_m25_d2,,0.015
12,6,True,0,0,False,,False,0,273,ens_f_n50_m25_d2_i003,50,25,4,,,,,,campaign,f_n50_m25_d2,,0.015
12,6,True,0,0,False,,False,0,562,ens_f_n50_m25_d10_i004,50,25,36,,,,,,campaign,f_n50_m25_d10,,0.023
12,6,True,0,0,False,,False,0,341,ens_f_n50_m25_d10_i005,50,25,37,,,,,,campaign,f_n50_m25_d10,,0.016
12,6,True,0,0,False,,False,0,362,ens_f_n50_m25_d10_i006,50,25,36,,,,,,campaign,f_n50_m25_d10,,0.016
12,6,True,0,0,False,,False,0,388,ens_f_n50_m25_d10_i007,50,25,35,,,,,,campaign,f_n50_m25_d10,,0.016
12,6,True,0,0,False,,False,0,500,ens_f_n50_m25_d2_i004,50,25,5,,,,,,campaign,f_n50_m25_d2,,0.018
12,6,True,0,0,False,,False,0,1240,ens_f_n50_m25_d2_i005,50,25,5,,,,,,campaign,f_n50_m25_d2,,0.028
12,6,True,0,0,False,,False,0,77,ens_f_n50_m25_d2_i006,50,25,4,,,,,,campaign,f_n50_m25_d2,,0.012
12,6,True,0,0,False,,False,0,328,ens_f_n50_m25_d2_i007,50,25,5,,,,,,campaign,f_n50_m25_d2,,0.016
12,6,True,0,0,False,,False,0,2288,ens_f_n50_m25_d3_i000,50,25,8,,,,,,campaign,f_n50_m25_d3,,0.039
12,6,True,0,0,False,,False,0,723,ens_f_n50_m25_d3_i001,50,25,7,,,,,,campaign,f_n50_m25_d3,,0.021
12,6,True,0,0,False,,False,0,1553,ens_f_n50_m25_d3_i002,50,25,8,,,,,,campaign,f_n50_m25_d3,,0.029
12,6,True,0,0,False,,False,0,1229,ens_f_n50_m25_d3_i003,50,25,8,,,,,,campaign,f_n50_m25_d3,,0.025
12,6,True,0,0,False,,False,0,694,ens_f_n50_m25_d3_i004,50,25,7,,,,,,campaign,f_n50_m25_d3,,0.029
12,6,True,0,0,False,,False,0,1373,ens_f_n50_m25_d3_i005,50,25,7,,,,,,campaign,f_n50_m25_d3,,0.041
12,6,True,0,0,False,,False,0,4430,ens_f_n50_m25_d3_i006,50,25,9,,,,,,campaign,f_n50_m25_d3,,0.092
12,6,True,0,0,False,,False,0,142,ens_f_n50_m25_d3_i007,50,25,5,,,,,,campaign,f_n50_m25_d3,,0.014
12,6,True,0,0,False,,False,0,1871,ens_f_n50_m25_d4_i000,50,25,11,,,,,,campaign,f_n50_m25_d4,,0.04
12,6,True,0,0,False,,False,0,4134,ens_f_n50_m25_d4_i001,50,25,12,,,,,,campaign,f_n50_m25_d4,,0.074
12,6,True,0,0,False,,False,0,2748,ens_f_n50_m25_d4_i002,50,25,11,,,,,,campaign,f_n50_m25_d4,,0.048
12,6,True,0,0,False,,False,0,1365,ens_f_n50_m25_d4_i003,50,25,11,,,,,,campaign,f_n50_m25_d4,,0.029
12,6,True,0,0,False,,False,0,1453,ens_f_n50_m25_d4_i004,50,25,11,,,,,,campaign,f_n50_m25_d4,,0.038
12,6,True,0,0,False,,False,0,2451,ens_f_n50_m25_d4_i005,50,25,12,,,,,,campaign,f_n50_m25_d4,,0.055
12,6,True,0,0,False,,False,0,5355,ens_f_n50_m25_d4_i006,50,25,12,,,,,,campaign,f_n50_m25_d4,,0.124
12,6,True,0,0,False,,False,0,2895,ens_f_n50_m25_d4_i007,50,25,13,,,,,,campaign,f_n50_m25_d4,,0.071
12,6,True,0,0,False,,False,0,1677,ens_f_n50_m25_d5_i000,50,25,15,,,,,,campaign,f_n50_m25_d5,,0.036
12,6,True,0,0,False,,False,0,7674,ens_f_n50_m25_d5_i001,50,25,19,,,,,,campaign,f_n50_m25_d5,,0.125
12,6,True,0,0,False,,False,0,3585,ens_f_n50_m25_d5_i002,50,25,17,,,,,,campaign,f_n50_m25_d5,,0.063
12,6,True,0,0,False,,False,0,5447,ens_f_n50_m25_d5_i003,50,25,18,,,,,,campaign,f_n50_m25_d5,,0.087
12,6,True,0,0,False,,False,0,4046,ens_f_n50_m25_d6_i000,50,25,23,,,,,,campaign,f_n50_m25_d6,,0.07
12,6,True,0,0,False,,False,0,3296,ens_f_n50_m25_d6_i001,50,25,22,,,,,,campaign,f_n50_m25_d6,,0.062
12,6,True,0,0,False,,False,0,2847,ens_f_n50_m25_d6_i002,50,25,23,,,,,,campaign,f_n50_m25_d6,,0.055
12,6,True,0,0,False,,False,0,1780,ens_f_n50_m25_d6_i003,50,25,21,,,,,,campaign,f_n50_m25_d6,,0.035
12,6,True,0,0,False,,False,0,1993,ens_f_n50_m25_d5_i004,50,25,15,,,,,,campaign,f_n50_m25_d5,,0.054
12,6,True,0,0,False,,False,0,3850,ens_f_n50_m25_d5_i005,50,25,17,,,,,,campaign,f_n50_m25_d5,,0.089
12,6,True,0,0,False,,False,0,3829,ens_f_n50_m25_d5_i006,50,25,17,,,,,,campaign,f_n50_m25_d5,,0.087
12,6,True,0,0,False,,False,0,11207,ens_f_n50_m25_d5_i007,50,25,18,,,,,,campaign,f_n50_m25_d5,,0.222
12,6,True,0,0,False,,False,0,6910,ens_f_n50_m25_d6_i004,50,25,24,,,,,,campaign,f_n50_m25_d6,,0.115
12,6,True,0,0,False,,False,0,4011,ens_f_n50_m25_d6_i005,50,25,23,,,,,,campaign,f_n50_m25_d6,,0.074
12,6,True,0,0,False,,False,0,2187,ens_f_n50_m25_d6_i006,50,25,20,,,,,,campaign,f_n50_m25_d6,,0.041
12,6,True,0,0,False,,False,0,6278,ens_f_n50_m25_d6_i007,50,25,23,,,,,,campaign,f_n50_m25_d6,,0.108
12,6,True,0,0,False,,False,0,1097,ens_f_n50_m25_d7_i000,50,25,24,,,,,,campaign,f_n50_m25_d7,,0.042
12,6,True,0,0,False,,False,0,1566,ens_f_n50_m25_d7_i001,50,25,25,,,,,,campaign,f_n50_m25_d7,,0.045
12,6,True,0,0,False,,False,0,3571,ens_f_n50_m25_d7_i002,50,25,26,,,,,,campaign,f_n50_m25_d7,,0.083
12,6,True,0,0,False,,False,0,1856,ens_f_n50_m25_d7_i003,50,25,26,,,,,,campaign,f_n50_m25_d7,,0.052
12,6,True,0,0,False,,False,0,1256,ens_f_n50_m25_d8_i000,50,25,28,,,,,,campaign,f_n50_m25_d8,,0.04
12,6,True,0,0,False,,False,0,1572,ens_f_n50_m25_d8_i001,50,25,29,,,,,,campaign,f_n50_m25_d8,,0.047
12,6,True,0,0,False,,False,0,1344,ens_f_n50_m25_d8_i002,50,25,27,,,,,,campaign,f_n50_m25_d8,,0.044
12,6,True,0,0,False,,False,0,1670,ens_f_n50_m25_d8_i003,50,25,31,,,,,,campaign,f_n50_m25_d8,,0.046
12,6,True,0,0,False,,False,0,869,ens_f_n50_m25_d7_i004,50,25,25,,,,,,campaign,f_n50_m25_d7,,0.024
12,6,True,0,0,False,,False,0,2508,ens_f_n50_m25_d7_i005,50,25,26,,,,,,campaign,f_n50_m25_d7,,0.047
12,6,True,0,0,False,,False,0,4128,ens_f_n50_m25_d7_i006,50,25,25,,,,,,campaign,f_n50_m25_d7,,0.075
12,6,True,0,0,False,,False,0,4222,ens_f_n50_m25_d7_i007,50,25,26,,,,,,campaign,f_n50_m25_d7,,0.075
12,6,True,0,0,False,,False,0,367,ens_f_n50_m25_d9_i000,50,25,34,,,,,,campaign,f_n50_m25_d9,,0.018
12,6,True,0,0,False,,False,0,348,ens_f_n50_m25_d9_i001,50,25,31,,,,,,campaign,f_n50_m25_d9,,0.015
12,6,True,0,0,False,,False,0,1144,ens_f_n50_m25_d9_i002,50,25,34,,,,,,campaign,f_n50_m25_d9,,0.028
12,6,True,0,0,False,,False,0,936,ens_f_n50_m25_d9_i003,50,25,34,,,,,,campaign,f_n50_m25_d9,,0.026
12,6,True,0,0,False,,False,0,393,ens_f_n50_m25_d9_i004,50,25,33,,,,,,campaign,f_n50_m25_d9,,0.016
12,6,True,0,0,False,,False,0,650,ens_f_n50_m25_d9_i005,50,25,34,,,,,,campaign,f_n50_m25_d9,,0.021
12,6,True,0,0,False,,False,0,460,ens_f_n50_m25_d9_i006,50,25,32,,,,,,campaign,f_n50_m25_d9,,0.018
12,6,True,0,0,False,,False,0,858,ens_f_n50_m25_d9_i007,50,25,33,,,,,,campaign,f_n50_m25_d9,,0.023
12,6,True,0,0,False,,False,0,1313,ens_f_n50_m25_d8_i004,50,25,29,,,,,,campaign,f_n50_m25_d8,,0.039
12,6,True,0,0,False,,False,0,1705,ens_f_n50_m25_d8_i005,50,25,31,,,,,,campaign,f_n50_m25_d8,,0.048
12,6,True,0,0,False,,False,0,1121,ens_f_n50_m25_d8_i006,50,25,29,,,,,,campaign,f_n50_m25_d8,,0.041
12,6,True,0,0,False,,False,0,1819,ens_f_n50_m25_d8_i007,50,25,32,,,,,,campaign,f_n50_m25_d8,,0.052
12,6,True,0,0,False,,False,0,52,ens_f_n50_m50_d10_i000,50,50,44,,,,,,campaign,f_n50_m50_d10,,0.014
12,6,True,0,0,False,,False,0,35,ens_f_n50_m50_d10_i001,50,50,43,,,,,,campaign,f_n50_m50_d10,,0.013
12,6,True,0,0,False,,False,0,72,ens_f_n50_m50_d10_i002,50,50,44,,,,,,campaign,f_n50_m50_d10,,0.015
12,6,True,0,0,False,,False,0,30,ens_f_n50_m50_d10_i003,50,50,44,,,,,,campaign,f_n50_m50_d10,,0.013
12,6,True,0,0,False,,False,0,55,ens_f_n50_m50_d10_i004,50,50,45,,,,,,campaign,f_n50_m50_d10,,0.02
12,6,True,0,0,False,,False,0,66,ens_f_n50_m50_d10_i005,50,50,44,,,,,,campaign,f_n50_m50_d10,,0.02
12,6,True,0,0,False,,False,0,42,ens_f_n50_m50_d10_i006,50,50,43,,,,,,campaign,f_n50_m50_d10,,0.019
12,6,True,0,0,False,,False,0,55,ens_f_n50_m50_d10_i007,50,50,44,,,,,,campaign,f_n50_m50_d10,,0.02
12,6,True,0,0,False,,False,0,440,ens_f_n50_m50_d2_i000,50,50,4,,,,,,campaign,f_n50_m50_d2,,0.019
12,6,True,0,0,False,,False,0,1138,ens_f_n50_m50_d2_i001,50,50,5,,,,,,campaign,f_n50_m50_d2,,0.029
12,6,True,0,0,False,,False,0,690,ens_f_n50_m50_d2_i002,50,50,5,,,,,,campaign,f_n50_m50_d2,,0.025
12,6,True,0,0,False,,False,0,1247,ens_f_n50_m50_d2_i003,50,50,5,,,,,,campaign,f_n50_m50_d2,,0.028
12,6,True,0,0,False,,False,0,4600,ens_f_n50_m50_d2_i004,50,50,6,,,,,,campaign,f_n50_m50_d2,,0.095
12,6,True,0,0,False,,False,0,202,ens_f_n50_m50_d2_i005,50,50,4,,,,,,campaign,f_n50_m50_d2,,0.018
12,6,True,0,0,False,,False,0,312,ens_f_n50_m50_d2_i006,50,50,4,,,,,,campaign,f_n50_m50_d2,,0.022
12,6,True,0,0,False,,False,0,748,ens_f_n50_m50_d2_i007,50,50,5,,,,,,campaign,f_n50_m50_d2,,0.03
12,6,True,0,0,False,,False,0,21847,ens_f_n50_m50_d3_i000,50,50,14,,,,,,campaign,f_n50_m50_d3,,0.457
12,6,True,0,0,False,,False,0,67444,ens_f_n50_m50_d3_i001,50,50,15,,,,,,campaign,f_n50_m50_d3,,0.983
12,6,True,0,0,False,,False,0,30383,ens_f_n50_m50_d3_i002,50,50,13,,,,,,campaign,f_n50_m50_d3,,0.426
12,6,True,0,0,False,,False,0,27736,ens_f_n50_m50_d3_i003,50,50,13,,,,,,campaign,f_n50_m50_d3,,0.435
12,6,True,0,0,False,,False,0,31702,ens_f_n50_m50_d3_i004,50,50,13,,,,,,campaign,f_n50_m50_d3,,0.634
12,6,True,0,0,False,,False,0,55474,ens_f_n50_m50_d3_i005,50,50,14,,,,,,campaign,f_n50_m50_d3,,0.86
12,6,True,0,0,False,,False,0,53932,ens_f_n50_m50_d3_i006,50,50,14,,,,,,campaign,f_n50_m50_d3,,0.888
12,6,True,0,0,False,,False,0,58204,ens_f_n50_m50_d3_i007,50,50,15,,,,,,campaign,f_n50_m50_d3,,0.911
12,6,True,0,0,False,,False,0,11438,ens_f_n50_m50_d4_i000,50,50,21,,,,,,campaign,f_n50_m50_d4,,0.248
12,6,True,0,0,False,,False,0,38325,ens_f_n50_m50_d4_i001,50,50,22,,,,,,campaign,f_n50_m50_d4,,0.564
12,6,True,0,0,False,,False,0,16662,ens_f_n50_m50_d4_i002,50,50,22,,,,,,campaign,f_n50_m50_d4,,0.283
12,6,True,0,0,False,,False,0,29893,ens_f_n50_m50_d4_i003,50,50,23,,,,,,campaign,f_n50_m50_d4,,0.454
12,6,True,0,0,False,,False,0,7279,ens_f_n50_m50_d5_i000,50,50,29,,,,,,campaign,f_n50_m50_d5,,0.141
12,6,True,0,0,False,,False,0,5148,ens_f_n50_m50_d5_i001,50,50,27,,,,,,campaign,f_n50_m50_d5,,0.103
12,6,True,0,0,False,,False,0,4329,ens_f_n50_m50_d5_i002,50,50,27,,,,,,campaign,f_n50_m50_d5,,0.089
12,6,True,0,0,False,,False,0,6691,ens_f_n50_m50_d5_i003,50,50,27,,,,,,campaign,f_n50_m50_d5,,0.163
12,6,True,0,0,False,,False,0,9172,ens_f_n50_m50_d5_i004,50,50,27,,,,,,campaign,f_n50_m50_d5,,0.206
12,6,True,0,0,False,,False,0,7645,ens_f_n50_m50_d5_i005,50,50,30,,,,,,campaign,f_n50_m50_d5,,0.183
12,6,True,0,0,False,,False,0,3102,ens_f_n50_m50_d5_i006,50,50,28,,,,,,campaign,f_n50_m50_d5,,0.109
12,6,True,0,0,False,,False,0,6247,ens_f_n50_m50_d5_i007,50,50,29,,,,,,campaign,f_n50_m50_d5,,0.153
12,6,True,0,0,False,,False,0,2593,ens_f_n50_m50_d6_i000,50,50,34,,,,,,campaign,f_n50_m50_d6,,0.076
12,6,True,0,0,False,,False,0,2374,ens_f_n50_m50_d6_i001,50,50,32,,,,,,campaign,f_n50_m50_d6,,0.067
12,6,True,0,0,False,,False,0,1605,ens_f_n50_m50_d6_i002,50,50,33,,,,,,campaign,f_n50_m50_d6,,0.052
12,6,True,0,0,False,,False,0,2342,ens_f_n50_m50_d6_i003,50,50,32,,,,,,campaign,f_n50_m50_d6,,0.07
12,6,True,0,0,False,,False,0,53581,ens_f_n50_m50_d4_i004,50,50,23,,,,,,campaign,f_n50_m50_d4,,0.866
12,6,True,0,0,False,,False,0,21039,ens_f_n50_m50_d4_i005,50,50,21,,,,,,campaign,f_n50_m50_d4,,0.41
12,6,True,0,0,False,,False,0,10595,ens_f_n50_m50_d4_i006,50,50,22,,,,,,campaign,f_n50_m50_d4,,0.242
12,6,True,0,0,False,,False,0,18949,ens_f_n50_m50_d4_i007,50,50,21,,,,,,campaign,f_n50_m50_d4,,0.386
12,6,True,0,0,False,,False,0,694,ens_f_n50_m50_d7_i000,50,50,37,,,,,,campaign,f_n50_m50_d7,,0.035
12,6,True,0,0,False,,False,0,463,ens_f_n50_m50_d7_i001,50,50,39,,,,,,campaign,f_n50_m50_d7,,0.029
12,6,True,0,0,False,,False,0,510,ens_f_n50_m50_d7_i002,50,50,38,,,,,,campaign,f_n50_m50_d7,,0.029
12,6,True,0,0,False,,False,0,481,ens_f_n50_m50_d7_i003,50,50,36,,,,,,campaign,f_n50_m50_d7,,0.029
12,6,True,0,0,False,,False,0,1832,ens_f_n50_m50_d6_i004,50,50,32,,,,,,campaign,f_n50_m50_d6,,0.056
12,6,True,0,0,False,,False,0,2015,ens_f_n50_m50_d6_i005,50,50,32,,,,,,campaign,f_n50_m50_d6,,0.06
12,6,True,0,0,False,,False,0,3017,ens_f_n50_m50_d6_i006,50,50,33,,,,,,campaign,f_n50_m50_d6,,0.069
12,6,True,0,0,False,,False,0,1569,ens_f_n50_m50_d6_i007,50,50,31,,,,,,campaign,f_n50_m50_d6,,0.05
12,6,True,0,0,False,,False,0,605,ens_f_n50_m50_d7_i004,50,50,38,,,,,,campaign,f_n50_m50_d7,,0.031
12,6,True,0,0,False,,False,0,507,ens_f_n50_m50_d7_i005,50,50,36,,,,,,campaign,f_n50_m50_d7,,0.029
12,6,True,0,0,False,,False,0,337,ens_f_n50_m50_d7_i006,50,50,37,,,,,,campaign,f_n50_m50_d7,,0.026
12,6,True,0,0,False,,False,0,528,ens_f_n50_m50_d7_i007,50,50,37,,,,,,campaign,f_n50_m50_d7,,0.03
12,6,True,0,0,False,,False,0,249,ens_f_n50_m50_d8_i000,50,50,39,,,,,,campaign,f_n50_m50_d8,,0.024
12,6,True,0,0,False,,False,0,269,ens_f_n50_m50_d8_i001,50,50,40,,,,,,campaign,f_n50_m50_d8,,0.018
12,6,True,0,0,False,,False,0,244,ens_f_n50_m50_d8_i002,50,50,40,,,,,,campaign,f_n50_m50_d8,,0.018
12,6,True,0,0,False,,False,0,200,ens_f_n50_m50_d8_i003,50,50,40,,,,,,campaign,f_n50_m50_d8,,0.017
12,6,True,0,0,False,,False,0,367,ens_f_n50_m50_d8_i004,50,50,40,,,,,,campaign,f_n50_m50_d8,,0.026
12,6,True,0,0,False,,False,0,174,ens_f_n50_m50_d8_i005,50,50,40,,,,,,campaign,f_n50_m50_d8,,0.022
12,6,True,0,0,False,,False,0,164,ens_f_n50_m50_d8_i006,50,50,39,,,,,,campaign,f_n50_m50_d8,,0.022
12,6,True,0,0,False,,False,0,211,ens_f_n50_m50_d8_i007,50,50,40,,,,,,campaign,f_n50_m50_d8,,0.023
12,6,True,0,0,False,,False,0,107,ens_f_n50_m50_d9_i000,50,50,42,,,,,,campaign,f_n50_m50_d9,,0.016
12,6,True,0,0,False,,False,0,65,ens_f_n50_m50_d9_i001,50,50,41,,,,,,campaign,f_n50_m50_d9,,0.015
12,6,True,0,0,False,,False,0,108,ens_f_n50_m50_d9_i002,50,50,41,,,,,,campaign,f_n50_m50_d9,,0.015
12,6,True,0,0,False,,False,0,61,ens_f_n50_m50_d9_i003,50,50,42,,,,,,campaign,f_n50_m50_d9,,0.015
12,6,True,0,0,False,,False,0,70,ens_f_n50_m50_d9_i004,50,50,41,,,,,,campaign,f_n50_m50_d9,,0.02
12,6,True,0,0,False,,False,0,130,ens_f_n50_m50_d9_i005,50,50,42,,,,,,campaign,f_n50_m50_d9,,0.022
12,6,True,0,0,False,,False,0,79,ens_f_n50_m50_d9_i006,50,50,43,,,,,,campaign,f_n50_m50_d9,,0.02
12,6,True,0,0,False,,False,0,73,ens_f_n50_m50_d9_i007,50,50,42,,,,,,campaign,f_n50_m50_d9,,0.021
12,6,True,0,0,False,,False,0,10,ens_f_n60_m120_d10_i000,60,120,57,,,,,,campaign,f_n60_m120_d10,,0.022
12,6,True,0,0,False,,False,0,9,ens_f_n60_m120_d10_i001,60,120,56,,,,,,campaign,f_n60_m120_d10,,0.022
12,6,True,0,0,False,,False,0,15,ens_f_n60_m120_d10_i002,60,120,56,,,,,,campaign,f_n60_m120_d10,,0.023
12,6,True,0,0,False,,False,0,10,ens_f_n60_m120_d10_i003,60,120,56,,,,,,campaign,f_n60_m120_d10,,0.023
12,6,True,0,0,False,,False,0,17,ens_f_n60_m120_d10_i004,60,120,57,,,,,,campaign,f_n60_m120_d10,,0.031
12,6,True,0,0,False,,False,0,20,ens_f_n60_m120_d10_i005,60,120,57,,,,,,campaign,f_n60_m120_d10,,0.031
12,6,True,0,0,False,,False,0,18,ens_f_n60_m120_d10_i006,60,120,56,,,,,,campaign,f_n60_m120_d10,,0.032
12,6,True,0,0,False,,False,0,15,ens_f_n60_m120_d10_i007,60,120,57,,,,,,campaign,f_n60_m120_d10,,0.032
12,6,True,0,0,False,,False,0,1794853,ens_b_n75_m75_p0.05_i004,75,75,30,,,,,,campaign,b_n75_m75_p0.05,,16.576
12,6,True,0,0,False,,False,0,1121878,ens_b_n75_m75_p0.05_i005,75,75,31,,,,,,campaign,b_n75_m75_p0.05,,14.249
12,6,True,0,0,False,,False,0,252649,ens_b_n75_m75_p0.05_i006,75,75,30,,,,,,campaign,b_n75_m75_p0.05,,5.537
12,6,True,0,0,False,,False,0,1337586,ens_b_n75_m75_p0.05_i007,75,75,32,,,,,,campaign,b_n75_m75_p0.05,,15.72
12,6,True,0,0,False,,False,0,344905,ens_f_n60_m120_d3_i000,60,120,27,,,,,,campaign,f_n60_m120_d3,,4.091
12,6,True,0,0,False,,False,0,365345,ens_f_n60_m120_d3_i001,60,120,27,,,,,,campaign,f_n60_m120_d3,,5.053
12,6,True,0,0,False,,False,0,737509,ens_f_n60_m120_d3_i002,60,120,28,,,,,,campaign,f_n60_m120_d3,,12.126
12,6,True,0,0,False,,False,0,577207,ens_f_n60_m120_d3_i003,60,120,29,,,,,,campaign,f_n60_m120_d3,,5.547
12,6,True,0,0,False,,False,0,1641197,ens_b_n75_m75_p0.05_i000,75,75,33,,,,,,campaign,b_n75_m75_p0.05,,14.22
12,6,True,0,0,False,,False,0,998163,ens_b_n75_m75_p0.05_i001,75,75,34,,,,,,campaign,b_n75_m75_p0.05,,12.297
12,6,True,0,0,False,,False,0,2587482,ens_b_n75_m75_p0.05_i002,75,75,31,,,,,,campaign,b_n75_m75_p0.05,,33.431
12,6,True,0,0,False,,False,0,2480269,ens_b_n75_m75_p0.05_i003,75,75,30,,,,,,campaign,b_n75_m75_p0.05,,30.55
12,6,True,0,0,False,,False,0,44919,ens_f_n60_m120_d4_i000,60,120,38,,,,,,campaign,f_n60_m120_d4,,0.591
12,6,True,0,0,False,,False,0,26839,ens_f_n60_m120_d4_i001,60,120,39,,,,,,campaign,f_n60_m120_d4,,0.412
12,6,True,0,0,False,,False,0,43179,ens_f_n60_m120_d4_i002,60,120,38,,,,,,campaign,f_n60_m120_d4,,0.566
12,6,True,0,0,False,,False,0,20894,ens_f_n60_m120_d4_i003,60,120,37,,,,,,campaign,f_n60_m120_d4,,0.315
12,6,True,0,0,False,,False,0,276475,ens_f_n60_m120_d3_i004,60,120,28,,,,,,campaign,f_n60_m120_d3,,3.003
12,6,True,0,0,False,,False,0,317336,ens_f_n60_m120_d3_i005,60,120,27,,,,,,campaign,f_n60_m120_d3,,3.886
12,6,True,0,0,False,,False,0,208747,ens_f_n60_m120_d3_i006,60,120,28,,,,,,campaign,f_n60_m120_d3,,2.696
12,6,True,0,0,False,,False,0,582640,ens_f_n60_m120_d3_i007,60,120,28,,,,,,campaign,f_n60_m120_d3,,4.221
12,6,True,0,0,False,,False,0,3722,ens_f_n60_m120_d5_i000,60,120,46,,,,,,campaign,f_n60_m120_d5,,0.079
12,6,True,0,0,False,,False,0,3031,ens_f_n60_m120_d5_i001,60,120,45,,,,,,campaign,f_n60_m120_d5,,0.067
12,6,True,0,0,False,,False,0,4934,ens_f_n60_m120_d5_i002,60,120,45,,,,,,campaign,f_n60_m120_d5,,0.099
12,6,True,0,0,False,,False,0,4709,ens_f_n60_m120_d5_i003,60,120,45,,,,,,campaign,f_n60_m120_d5,,0.096
12,6,True,0,0,False,,False,0,7710,ens_f_n60_m120_d5_i004,60,120,44,,,,,,campaign,f_n60_m120_d5,,0.141
12,6,True,0,0,False,,False,0,3125,ens_f_n60_m120_d5_i005,60,120,44,,,,,,campaign,f_n60_m120_d5,,0.07
12,6,True,0,0,False,,False,0,3527,ens_f_n60_m120_d5_i006,60,120,43,,,,,,campaign,f_n60_m120_d5,,0.078
12,6,True,0,0,False,,False,0,3053,ens_f_n60_m120_d5_i007,60,120,45,,,,,,campaign,f_n60_m120_d5,,0.065
12,6,True,0,0,False,,False,0,667,ens_f_n60_m120_d6_i000,60,120,48,,,,,,campaign,f_n60_m120_d6,,0.032
12,6,True,0,0,False,,False,0,494,ens_f_n60_m120_d6_i001,60,120,49,,,,,,campaign,f_n60_m120_d6,,0.029
12,6,True,0,0,False,,False,0,897,ens_f_n60_m120_d6_i002,60,120,49,,,,,,campaign,f_n60_m120_d6,,0.035
12,6,True,0,0,False,,False,0,922,ens_f_n60_m120_d6_i003,60,120,50,,,,,,campaign,f_n60_m120_d6,,0.035
12,6,True,0,0,False,,False,0,639,ens_f_n60_m120_d6_i004,60,120,48,,,,,,campaign,f_n60_m120_d6,,0.032
12,6,True,0,0,False,,False,0,559,ens_f_n60_m120_d6_i005,60,120,47,,,,,,campaign,f_n60_m120_d6,,0.029
12,6,True,0,0,False,,False,0,715,ens_f_n60_m120_d6_i006,60,120,49,,,,,,campaign,f_n60_m120_d6,,0.032
12,6,True,0,0,False,,False,0,977,ens_f_n60_m120_d6_i007,60,120,49,,,,,,campaign,f_n60_m120_d6,,0.035
12,6,True,0,0,False,,False,0,169,ens_f_n60_m120_d7_i000,60,120,52,,,,,,campaign,f_n60_m120_d7,,0.023
12,6,True,0,0,False,,False,0,190,ens_f_n60_m120_d7_i001,60,120,51,,,,,,campaign,f_n60_m120_d7,,0.023
12,6,True,0,0,False,,False,0,192,ens_f_n60_m120_d7_i002,60,120,53,,,,,,campaign,f_n60_m120_d7,,0.024
12,6,True,0,0,False,,False,0,147,ens_f_n60_m120_d7_i003,60,120,52,,,,,,campaign,f_n60_m120_d7,,0.023
12,6,True,0,0,False,,False,0,265,ens_f_n60_m120_d7_i004,60,120,51,,,,,,campaign,f_n60_m120_d7,,0.026
12,6,True,0,0,False,,False,0,185,ens_f_n60_m120_d7_i005,60,120,52,,,,,,campaign,f_n60_m120_d7,,0.025
12,6,True,0,0,False,,False,0,178,ens_f_n60_m120_d7_i006,60,120,51,,,,,,campaign,f_n60_m120_d7,,0.025
12,6,True,0,0,False,,False,0,116,ens_f_n60_m120_d7_i007,60,120,51,,,,,,campaign,f_n60_m120_d7,,0.023
12,6,True,0,0,False,,False,0,69,ens_f_n60_m120_d8_i000,60,120,54,,,,,,campaign,f_n60_m120_d8,,0.022
12,6,True,0,0,False,,False,0,67,ens_f_n60_m120_d8_i001,60,120,54,,,,,,campaign,f_n60_m120_d8,,0.021
12,6,True,0,0,False,,False,0,62,ens_f_n60_m120_d8_i002,60,120,54,,,,,,campaign,f_n60_m120_d8,,0.022
12,6,True,0,0,False,,False,0,68,ens_f_n60_m120_d8_i003,60,120,55,,,,,,campaign,f_n60_m120_d8,,0.021
12,6,True,0,0,False,,False,0,86,ens_f_n60_m120_d8_i004,60,120,54,,,,,,campaign,f_n60_m120_d8,,0.022
12,6,True,0,0,False,,False,0,49,ens_f_n60_m120_d8_i005,60,120,54,,,,,,campaign,f_n60_m120_d8,,0.02
12,6,True,0,0,False,,False,0,71,ens_f_n60_m120_d8_i006,60,120,54,,,,,,campaign,f_n60_m120_d8,,0.021
12,6,True,0,0,False,,False,0,70,ens_f_n60_m120_d8_i007,60,120,55,,,,,,campaign,f_n60_m120_d8,,0.021
12,6,True,0,0,False,,False,0,47,ens_f_n60_m120_d9_i000,60,120,55,,,,,,campaign,f_n60_m120_d9,,0.021
12,6,True,0,0,False,,False,0,24,ens_f_n60_m120_d9_i001,60,120,55,,,,,,campaign,f_n60_m120_d9,,0.02
12,6,True,0,0,False,,False,0,37,ens_f_n60_m120_d9_i002,60,120,56,,,,,,campaign,f_n60_m120_d9,,0.021
12,6,True,0,0,False,,False,0,34,ens_f_n60_m120_d9_i003,60,120,55,,,,,,campaign,f_n60_m120_d9,,0.021
12,6,True,0,0,False,,False,0,33,ens_f_n60_m120_d9_i004,60,120,55,,,,,,campaign,f_n60_m120_d9,,0.02
12,6,True,0,0,False,,False,0,37,ens_f_n60_m120_d9_i005,60,120,56,,,,,,campaign,f_n60_m120_d9,,0.02
12,6,True,0,0,False,,False,0,28,ens_f_n60_m120_d9_i006,60,120,56,,,,,,campaign,f_n60_m120_d9,,0.02
12,6,True,0,0,False,,False,0,27,ens_f_n60_m120_d9_i007,60,120,55,,,,,,campaign,f_n60_m120_d9,,0.02
12,6,True,0,0,False,,False,0,1821,ens_f_n60_m30_d10_i000,60,30,44,,,,,,campaign,f_n60_m30_d10,,0.04
12,6,True,0,0,False,,False,0,1297,ens_f_n60_m30_d10_i001,60,30,40,,,,,,campaign,f_n60_m30_d10,,0.035
12,6,True,0,0,False,,False,0,1192,ens_f_n60_m30_d10_i002,60,30,42,,,,,,campaign,f_n60_m30_d10,,0.029
12,6,True,0,0,False,,False,0,1851,ens_f_n60_m30_d10_i003,60,30,42,,,,,,campaign,f_n60_m30_d10,,0.039
12,6,True,0,0,False,,False,0,33752,ens_f_n60_m120_d4_i004,60,120,39,,,,,,campaign,f_n60_m120_d4,,0.463
12,6,True,0,0,False,,False,0,16601,ens_f_n60_m120_d4_i005,60,120,36,,,,,,campaign,f_n60_m120_d4,,0.268
12,6,True,0,0,False,,False,0,54963,ens_f_n60_m120_d4_i006,60,120,39,,,,,,campaign,f_n60_m120_d4,,0.69
12,6,True,0,0,False,,False,0,47051,ens_f_n60_m120_d4_i007,60,120,36,,,,,,campaign,f_n60_m120_d4,,0.612
12,6,True,0,0,False,,False,0,1360,ens_f_n60_m30_d2_i000,60,30,5,,,,,,campaign,f_n60_m30_d2,,0.023
12,6,True,0,0,False,,False,0,361,ens_f_n60_m30_d2_i001,60,30,4,,,,,,campaign,f_n60_m30_d2,,0.013
12,6,True,0,0,False,,False,0,1266,ens_f_n60_m30_d2_i002,60,30,5,,,,,,campaign,f_n60_m30_d2,,0.021
12,6,True,0,0,False,,False,0,342,ens_f_n60_m30_d2_i003,60,30,5,,,,,,campaign,f_n60_m30_d2,,0.012
12,6,True,0,0,False,,False,0,837,ens_f_n60_m30_d2_i004,60,30,5,,,,,,campaign,f_n60_m30_d2,,0.017
12,6,True,0,0,False,,False,0,80,ens_f_n60_m30_d2_i005,60,30,4,,,,,,campaign,f_n60_m30_d2,,0.009
12,6,True,0,0,False,,False,0,999,ens_f_n60_m30_d2_i006,60,30,6,,,,,,campaign,f_n60_m30_d2,,0.019
12,6,True,0,0,False,,False,0,433,ens_f_n60_m30_d2_i007,60,30,4,,,,,,campaign,f_n60_m30_d2,,0.013
12,6,True,0,0,False,,False,0,1705,ens_f_n60_m30_d10_i004,60,30,41,,,,,,campaign,f_n60_m30_d10,,0.039
12,6,True,0,0,False,,False,0,4481,ens_f_n60_m30_d10_i005,60,30,43,,,,,,campaign,f_n60_m30_d10,,0.079
12,6,True,0,0,False,,False,0,1494,ens_f_n60_m30_d10_i006,60,30,44,,,,,,campaign,f_n60_m30_d10,,0.035
12,6,True,0,0,False,,False,0,1987,ens_f_n60_m30_d10_i007,60,30,42,,,,,,campaign,f_n60_m30_d10,,0.041
12,6,True,0,0,False,,False,0,2389,ens_f_n60_m30_d3_i000,60,30,8,,,,,,campaign,f_n60_m30_d3,,0.053
12,6,True,0,0,False,,False,0,3012,ens_f_n60_m30_d3_i001,60,30,8,,,,,,campaign,f_n60_m30_d3,,0.051
12,6,True,0,0,False,,False,0,3143,ens_f_n60_m30_d3_i002,60,30,7,,,,,,campaign,f_n60_m30_d3,,0.055
12,6,True,0,0,False,,False,0,888,ens_f_n60_m30_d3_i003,60,30,7,,,,,,campaign,f_n60_m30_d3,,0.026
12,6,True,0,0,False,,False,0,7383,ens_f_n60_m30_d3_i004,60,30,9,,,,,,campaign,f_n60_m30_d3,,0.133
12,6,True,0,0,False,,False,0,2913,ens_f_n60_m30_d3_i005,60,30,7,,,,,,campaign,f_n60_m30_d3,,0.069
12,6,True,0,0,False,,False,0,5755,ens_f_n60_m30_d3_i006,60,30,8,,,,,,campaign,f_n60_m30_d3,,0.097
12,6,True,0,0,False,,False,0,985,ens_f_n60_m30_d3_i007,60,30,7,,,,,,campaign,f_n60_m30_d3,,0.03
12,6,True,0,0,False,,False,0,28510,ens_f_n60_m30_d4_i004,60,30,13,,,,,,campaign,f_n60_m30_d4,,0.361
12,6,True,0,0,False,,False,0,5582,ens_f_n60_m30_d4_i005,60,30,12,,,,,,campaign,f_n60_m30_d4,,0.082
12,6,True,0,0,False,,False,0,20254,ens_f_n60_m30_d4_i006,60,30,13,,,,,,campaign,f_n60_m30_d4,,0.305
12,6,True,0,0,False,,False,0,10939,ens_f_n60_m30_d4_i007,60,30,13,,,,,,campaign,f_n60_m30_d4,,0.152
12,6,True,0,0,False,,False,0,28078,ens_f_n60_m30_d4_i000,60,30,14,,,,,,campaign,f_n60_m30_d4,,0.375
12,6,True,0,0,False,,False,0,42997,ens_f_n60_m30_d4_i001,60,30,15,,,,,,campaign,f_n60_m30_d4,,0.498
12,6,True,0,0,False,,False,0,14042,ens_f_n60_m30_d4_i002,60,30,14,,,,,,campaign,f_n60_m30_d4,,0.19
12,6,True,0,0,False,,False,0,23378,ens_f_n60_m30_d4_i003,60,30,14,,,,,,campaign,f_n60_m30_d4,,0.409
12,6,True,0,0,False,,False,0,23213,ens_f_n60_m30_d5_i000,60,30,20,,,,,,campaign,f_n60_m30_d5,,0.339
12,6,True,0,0,False,,False,0,9134,ens_f_n60_m30_d5_i001,60,30,18,,,,,,campaign,f_n60_m30_d5,,0.146
12,6,True,0,0,False,,False,0,24228,ens_f_n60_m30_d5_i002,60,30,19,,,,,,campaign,f_n60_m30_d5,,0.337
12,6,True,0,0,False,,False,0,7142,ens_f_n60_m30_d5_i003,60,30,18,,,,,,campaign,f_n60_m30_d5,,0.116
12,6,True,0,0,False,,False,0,20848,ens_f_n60_m30_d6_i000,60,30,24,,,,,,campaign,f_n60_m30_d6,,0.326
12,6,True,0,0,False,,False,0,17224,ens_f_n60_m30_d6_i001,60,30,23,,,,,,campaign,f_n60_m30_d6,,0.243
12,6,True,0,0,False,,False,0,13369,ens_f_n60_m30_d6_i002,60,30,25,,,,,,campaign,f_n60_m30_d6,,0.205
12,6,True,0,0,False,,False,0,15069,ens_f_n60_m30_d6_i003,60,30,25,,,,,,campaign,f_n60_m30_d6,,0.219
12,6,True,0,0,False,,False,0,19345,ens_f_n60_m30_d5_i004,60,30,19,,,,,,campaign,f_n60_m30_d5,,0.265
12,6,True,0,0,False,,False,0,31377,ens_f_n60_m30_d5_i005,60,30,19,,,,,,campaign,f_n60_m30_d5,,0.441
12,6,True,0,0,False,,False,0,37784,ens_f_n60_m30_d5_i006,60,30,21,,,,,,campaign,f_n60_m30_d5,,0.496
12,6,True,0,0,False,,False,0,49042,ens_f_n60_m30_d5_i007,60,30,21,,,,,,campaign,f_n60_m30_d5,,0.567
12,6,True,0,0,False,,False,0,10286,ens_f_n60_m30_d7_i000,60,30,30,,,,,,campaign,f_n60_m30_d7,,0.156
12,6,True,0,0,False,,False,0,21496,ens_f_n60_m30_d7_i001,60,30,29,,,,,,campaign,f_n60_m30_d7,,0.294
12,6,True,0,0,False,,False,0,8163,ens_f_n60_m30_d7_i002,60,30,31,,,,,,campaign,f_n60_m30_d7,,0.134
12,6,True,0,0,False,,False,0,13744,ens_f_n60_m30_d7_i003,60,30,30,,,,,,campaign,f_n60_m30_d7,,0.206
12,6,True,0,0,False,,False,0,11247,ens_f_n60_m30_d6_i004,60,30,23,,,,,,campaign,f_n60_m30_d6,,0.206
12,6,True,0,0,False,,False,0,40973,ens_f_n60_m30_d6_i005,60,30,26,,,,,,campaign,f_n60_m30_d6,,0.515
12,6,True,0,0,False,,False,0,21464,ens_f_n60_m30_d6_i006,60,30,25,,,,,,campaign,f_n60_m30_d6,,0.378
12,6,True,0,0,False,,False,0,24611,ens_f_n60_m30_d6_i007,60,30,26,,,,,,campaign,f_n60_m30_d6,,0.439
12,6,True,0,0,False,,False,0,16411,ens_f_n60_m30_d7_i004,60,30,30,,,,,,campaign,f_n60_m30_d7,,0.264
12,6,True,0,0,False,,False,0,9540,ens_f_n60_m30_d7_i005,60,30,31,,,,,,campaign,f_n60_m30_d7,,0.217
12,6,True,0,0,False,,False,0,8642,ens_f_n60_m30_d7_i006,60,30,30,,,,,,campaign,f_n60_m30_d7,,0.199
12,6,True,0,0,False,,False,0,16205,ens_f_n60_m30_d7_i007,60,30,30,,,,,,campaign,f_n60_m30_d7,,0.369
12,6,True,0,0,False,,False,0,6631,ens_f_n60_m30_d8_i000,60,30,37,,,,,,campaign,f_n60_m30_d8,,0.167
12,6,True,0,0,False,,False,0,9521,ens_f_n60_m30_d8_i001,60,30,34,,,,,,campaign,f_n60_m30_d8,,0.232
12,6,True,0,0,False,,False,0,5724,ens_f_n60_m30_d8_i002,60,30,35,,,,,,campaign,f_n60_m30_d8,,0.193
12,6,True,0,0,False,,False,0,4672,ens_f_n60_m30_d8_i003,60,30,35,,,,,,campaign,f_n60_m30_d8,,0.194
12,6,True,0,0,False,,False,0,4554,ens_f_n60_m30_d9_i000,60,30,39,,,,,,campaign,f_n60_m30_d9,,0.157
12,6,True,0,0,False,,False,0,2375,ens_f_n60_m30_d9_i001,60,30,39,,,,,,campaign,f_n60_m30_d9,,0.084
12,6,True,0,0,False,,False,0,3586,ens_f_n60_m30_d9_i002,60,30,38,,,,,,campaign,f_n60_m30_d9,,0.12
12,6,True,0,0,False,,False,0,4311,ens_f_n60_m30_d9_i003,60,30,39,,,,,,campaign,f_n60_m30_d9,,0.163
12,6,True,0,0,False,,False,0,11916,ens_f_n60_m30_d8_i004,60,30,36,,,,,,campaign,f_n60_m30_d8,,0.286
12,6,True,0,0,False,,False,0,5919,ens_f_n60_m30_d8_i005,60,30,35,,,,,,campaign,f_n60_m30_d8,,0.213
12,6,True,0,0,False,,False,0,14554,ens_f_n60_m30_d8_i006,60,30,36,,,,,,campaign,f_n60_m30_d8,,0.334
12,6,True,0,0,False,,False,0,2457,ens_f_n60_m30_d8_i007,60,30,33,,,,,,campaign,f_n60_m30_d8,,0.074
12,6,True,0,0,False,,False,0,213,ens_f_n60_m60_d10_i000,60,60,52,,,,,,campaign,f_n60_m60_d10,,0.027
12,6,True,0,0,False,,False,0,115,ens_f_n60_m60_d10_i001,60,60,53,,,,,,campaign,f_n60_m60_d10,,0.042
12,6,True,0,0,False,,False,0,148,ens_f_n60_m60_d10_i002,60,60,52,,,,,,campaign,f_n60_m60_d10,,0.057
12,6,True,0,0,False,,False,0,174,ens_f_n60_m60_d10_i003,60,60,52,,,,,,campaign,f_n60_m60_d10,,0.061
12,6,True,0,0,False,,False,0,2187,ens_f_n60_m30_d9_i004,60,30,37,,,,,,campaign,f_n60_m30_d9,,0.086
12,6,True,0,0,False,,False,0,2501,ens_f_n60_m30_d9_i005,60,30,40,,,,,,campaign,f_n60_m30_d9,,0.167
12,6,True,0,0,False,,False,0,3897,ens_f_n60_m30_d9_i006,60,30,39,,,,,,campaign,f_n60_m30_d9,,0.149
12,6,True,0,0,False,,False,0,1776,ens_f_n60_m30_d9_i007,60,30,36,,,,,,campaign,f_n60_m30_d9,,0.061
12,6,True,0,0,False,,False,0,104,ens_f_n60_m60_d10_i004,60,60,52,,,,,,campaign,f_n60_m60_d10,,0.057
12,6,True,0,0,False,,False,0,177,ens_f_n60_m60_d10_i005,60,60,51,,,,,,campaign,f_n60_m60_d10,,0.061
12,6,True,0,0,False,,False,0,77,ens_f_n60_m60_d10_i006,60,60,51,,,,,,campaign,f_n60_m60_d10,,0.04
12,6,True,0,0,False,,False,0,199,ens_f_n60_m60_d10_i007,60,60,51,,,,,,campaign,f_n60_m60_d10,,0.029
12,6,True,0,0,False,,False,0,887,ens_f_n60_m60_d2_i000,60,60,5,,,,,,campaign,f_n60_m60_d2,,0.078
12,6,True,0,0,False,,False,0,1723,ens_f_n60_m60_d2_i001,60,60,5,,,,,,campaign,f_n60_m60_d2,,0.112
12,6,True,0,0,False,,False,0,3434,ens_f_n60_m60_d2_i002,60,60,5,,,,,,campaign,f_n60_m60_d2,,0.148
12,6,True,0,0,False,,False,0,2020,ens_f_n60_m60_d2_i003,60,60,5,,,,,,campaign,f_n60_m60_d2,,0.129
12,6,True,0,0,False,,False,0,10510,ens_f_n60_m60_d2_i004,60,60,6,,,,,,campaign,f_n60_m60_d2,,0.2
12,6,True,0,0,False,,False,0,4143,ens_f_n60_m60_d2_i005,60,60,5,,,,,,campaign,f_n60_m60_d2,,0.126
12,6,True,0,0,False,,False,0,5933,ens_f_n60_m60_d2_i006,60,60,6,,,,,,campaign,f_n60_m60_d2,,0.131
12,6,True,0,0,False,,False,0,2414,ens_f_n60_m60_d2_i007,60,60,5,,,,,,campaign,f_n60_m60_d2,,0.133
12,6,True,0,0,False,,False,0,1867150,ens_f_n60_m120_d2_i004,60,120,14,,,,,,campaign,f_n60_m120_d2,,21.155
12,6,True,0,0,False,,False,0,1241593,ens_f_n60_m120_d2_i005,60,120,13,,,,,,campaign,f_n60_m120_d2,,14.608
12,6,True,0,0,False,,False,0,2464753,ens_f_n60_m120_d2_i006,60,120,14,,,,,,campaign,f_n60_m120_d2,,21.689
12,6,True,0,0,False,,False,0,562701,ens_f_n60_m120_d2_i007,60,120,13,,,,,,campaign,f_n60_m120_d2,,6.179
12,6,True,0,0,False,,False,0,327599,ens_f_n60_m60_d3_i000,60,60,15,,,,,,campaign,f_n60_m60_d3,,3.991
12,6,True,0,0,False,,False,0,172547,ens_f_n60_m60_d3_i001,60,60,16,,,,,,campaign,f_n60_m60_d3,,2.515
12,6,True,0,0,False,,False,0,197169,ens_f_n60_m60_d3_i002,60,60,15,,,,,,campaign,f_n60_m60_d3,,2.43
12,6,True,0,0,False,,False,0,210129,ens_f_n60_m60_d3_i003,60,60,16,,,,,,campaign,f_n60_m60_d3,,2.575
12,6,True,0,0,False,,False,0,263827,ens_f_n60_m60_d4_i000,60,60,25,,,,,,campaign,f_n60_m60_d4,,3.613
12,6,True,0,0,False,,False,0,153169,ens_f_n60_m60_d4_i001,60,60,25,,,,,,campaign,f_n60_m60_d4,,2.527
12,6,True,0,0,False,,False,0,182037,ens_f_n60_m60_d4_i002,60,60,24,,,,,,campaign,f_n60_m60_d4,,2.655
12,6,True,0,0,False,,False,0,269255,ens_f_n60_m60_d4_i003,60,60,25,,,,,,campaign,f_n60_m60_d4,,3.259
12,6,True,0,0,False,,False,0,148704,ens_f_n60_m60_d3_i004,60,60,15,,,,,,campaign,f_n60_m60_d3,,2.956
12,6,True,0,0,False,,False,0,235144,ens_f_n60_m60_d3_i005,60,60,15,,,,,,campaign,f_n60_m60_d3,,3.316
12,6,True,0,0,False,,False,0,187078,ens_f_n60_m60_d3_i006,60,60,15,,,,,,campaign,f_n60_m60_d3,,3.758
12,6,True,0,0,False,,False,0,449298,ens_f_n60_m60_d3_i007,60,60,17,,,,,,campaign,f_n60_m60_d3,,7.5
12,6,True,0,0,False,,False,0,94617,ens_f_n60_m60_d5_i000,60,60,33,,,,,,campaign,f_n60_m60_d5,,1.678
12,6,True,0,0,False,,False,0,55804,ens_f_n60_m60_d5_i001,60,60,34,,,,,,campaign,f_n60_m60_d5,,1.859
12,6,True,0,0,False,,False,0,57723,ens_f_n60_m60_d5_i002,60,60,33,,,,,,campaign,f_n60_m60_d5,,1.669
12,6,True,0,0,False,,False,0,55266,ens_f_n60_m60_d5_i003,60,60,32,,,,,,campaign,f_n60_m60_d5,,1.419
12,6,True,0,0,False,,False,0,1744266,ens_f_n60_m120_d2_i000,60,120,13,,,,,,campaign,f_n60_m120_d2,,25.536
12,6,True,0,0,False,,False,0,1190808,ens_f_n60_m120_d2_i001,60,120,13,,,,,,campaign,f_n60_m120_d2,,15.608
12,6,True,0,0,False,,False,0,2326230,ens_f_n60_m120_d2_i002,60,120,14,,,,,,campaign,f_n60_m120_d2,,20.779
12,6,True,0,0,False,,False,0,1613781,ens_f_n60_m120_d2_i003,60,120,12,,,,,,campaign,f_n60_m120_d2,,21.703
12,6,True,0,0,False,,False,0,19516,ens_f_n60_m60_d6_i000,60,60,39,,,,,,campaign,f_n60_m60_d6,,0.829
12,6,True,0,0,False,,False,0,14391,ens_f_n60_m60_d6_i001,60,60,41,,,,,,campaign,f_n60_m60_d6,,0.422
12,6,True,0,0,False,,False,0,13411,ens_f_n60_m60_d6_i002,60,60,40,,,,,,campaign,f_n60_m60_d6,,0.403
12,6,True,0,0,False,,False,0,8171,ens_f_n60_m60_d6_i003,60,60,39,,,,,,campaign,f_n60_m60_d6,,0.438
12,6,True,0,0,False,,False,0,9503,ens_f_n60_m60_d6_i004,60,60,39,,,,,,campaign,f_n60_m60_d6,,0.274
12,6,True,0,0,False,,False,0,9145,ens_f_n60_m60_d6_i005,60,60,40,,,,,,campaign,f_n60_m60_d6,,0.261
12,6,True,0,0,False,,False,0,9032,ens_f_n60_m60_d6_i006,60,60,40,,,,,,campaign,f_n60_m60_d6,,0.25
12,6,True,0,0,False,,False,0,9102,ens_f_n60_m60_d6_i007,60,60,38,,,,,,campaign,f_n60_m60_d6,,0.248
12,6,True,0,0,False,,False,0,4072,ens_f_n60_m60_d7_i000,60,60,43,,,,,,campaign,f_n60_m60_d7,,0.244
12,6,True,0,0,False,,False,0,2200,ens_f_n60_m60_d7_i001,60,60,43,,,,,,campaign,f_n60_m60_d7,,0.097
12,6,True,0,0,False,,False,0,1888,ens_f_n60_m60_d7_i002,60,60,43,,,,,,campaign,f_n60_m60_d7,,0.075
12,6,True,0,0,False,,False,0,4385,ens_f_n60_m60_d7_i003,60,60,42,,,,,,campaign,f_n60_m60_d7,,0.134
12,6,True,0,0,False,,False,0,3250,ens_f_n60_m60_d7_i004,60,60,46,,,,,,campaign,f_n60_m60_d7,,0.11
12,6,True,0,0,False,,False,0,4008,ens_f_n60_m60_d7_i005,60,60,43,,,,,,campaign,f_n60_m60_d7,,0.131
12,6,True,0,0,False,,False,0,3385,ens_f_n60_m60_d7_i006,60,60,43,,,,,,campaign,f_n60_m60_d7,,0.113
12,6,True,0,0,False,,False,0,2931,ens_f_n60_m60_d7_i007,60,60,44,,,,,,campaign,f_n60_m60_d7,,0.101
12,6,True,0,0,False,,False,0,755,ens_f_n60_m60_d8_i000,60,60,46,,,,,,campaign,f_n60_m60_d8,,0.051
12,6,True,0,0,False,,False,0,737,ens_f_n60_m60_d8_i001,60,60,46,,,,,,campaign,f_n60_m60_d8,,0.05
12,6,True,0,0,False,,False,0,1316,ens_f_n60_m60_d8_i002,60,60,46,,,,,,campaign,f_n60_m60_d8,,0.064
12,6,True,0,0,False,,False,0,575,ens_f_n60_m60_d8_i003,60,60,47,,,,,,campaign,f_n60_m60_d8,,0.04
12,6,True,0,0,False,,False,0,827,ens_f_n60_m60_d8_i004,60,60,48,,,,,,campaign,f_n60_m60_d8,,0.049
12,6,True,0,0,False,,False,0,747,ens_f_n60_m60_d8_i005,60,60,46,,,,,,campaign,f_n60_m60_d8,,0.052
12,6,True,0,0,False,,False,0,930,ens_f_n60_m60_d8_i006,60,60,47,,,,,,campaign,f_n60_m60_d8,,0.053
12,6,True,0,0,False,,False,0,801,ens_f_n60_m60_d8_i007,60,60,45,,,,,,campaign,f_n60_m60_d8,,0.048
12,6,True,0,0,False,,False,0,291,ens_f_n60_m60_d9_i000,60,60,50,,,,,,campaign,f_n60_m60_d9,,0.036
12,6,True,0,0,False,,False,0,165,ens_f_n60_m60_d9_i001,60,60,50,,,,,,campaign,f_n60_m60_d9,,0.032
12,6,True,0,0,False,,False,0,286,ens_f_n60_m60_d9_i002,60,60,50,,,,,,campaign,f_n60_m60_d9,,0.033
12,6,True,0,0,False,,False,0,634,ens_f_n60_m60_d9_i003,60,60,48,,,,,,campaign,f_n60_m60_d9,,0.043
12,6,True,0,0,False,,False,0,188,ens_f_n60_m60_d9_i004,60,60,50,,,,,,campaign,f_n60_m60_d9,,0.035
12,6,True,0,0,False,,False,0,258,ens_f_n60_m60_d9_i005,60,60,51,,,,,,campaign,f_n60_m60_d9,,0.035
12,6,True,0,0,False,,False,0,348,ens_f_n60_m60_d9_i006,60,60,50,,,,,,campaign,f_n60_m60_d9,,0.039
12,6,True,0,0,False,,False,0,309,ens_f_n60_m60_d9_i007,60,60,49,,,,,,campaign,f_n60_m60_d9,,0.037
12,6,True,0,0,False,,False,0,46,ens_f_n75_m150_d10_i000,75,150,70,,,,,,campaign,f_n75_m150_d10,,0.053
12,6,True,0,0,False,,False,0,80,ens_f_n75_m150_d10_i001,75,150,70,,,,,,campaign,f_n75_m150_d10,,0.048
12,6,True,0,0,False,,False,0,40,ens_f_n75_m150_d10_i002,75,150,70,,,,,,campaign,f_n75_m150_d10,,0.05
12,6,True,0,0,False,,False,0,50,ens_f_n75_m150_d10_i003,75,150,70,,,,,,campaign,f_n75_m150_d10,,0.048
12,6,True,0,0,False,,False,0,41,ens_f_n75_m150_d10_i004,75,150,69,,,,,,campaign,f_n75_m150_d10,,0.057
12,6,True,0,0,False,,False,0,49,ens_f_n75_m150_d10_i005,75,150,69,,,,,,campaign,f_n75_m150_d10,,0.055
12,6,True,0,0,False,,False,0,55,ens_f_n75_m150_d10_i006,75,150,71,,,,,,campaign,f_n75_m150_d10,,0.054
12,6,True,0,0,False,,False,0,32,ens_f_n75_m150_d10_i007,75,150,69,,,,,,campaign,f_n75_m150_d10,,0.055
12,6,True,0,0,False,,False,0,34659,ens_f_n60_m60_d5_i004,60,60,34,,,,,,campaign,f_n60_m60_d5,,1.407
12,6,True,0,0,False,,False,0,77489,ens_f_n60_m60_d5_i005,60,60,33,,,,,,campaign,f_n60_m60_d5,,2.913
12,6,True,0,0,False,,False,0,38523,ens_f_n60_m60_d5_i006,60,60,33,,,,,,campaign,f_n60_m60_d5,,1.335
12,6,True,0,0,False,,False,0,48874,ens_f_n60_m60_d5_i007,60,60,34,,,,,,campaign,f_n60_m60_d5,,1.508
12,6,True,0,0,False,,False,0,216258,ens_f_n60_m60_d4_i004,60,60,26,,,,,,campaign,f_n60_m60_d4,,3.651
12,6,True,0,0,False,,False,0,261058,ens_f_n60_m60_d4_i005,60,60,26,,,,,,campaign,f_n60_m60_d4,,3.854
12,6,True,0,0,False,,False,0,312764,ens_f_n60_m60_d4_i006,60,60,25,,,,,,campaign,f_n60_m60_d4,,4.725
12,6,True,0,0,False,,False,0,156571,ens_f_n60_m60_d4_i007,60,60,25,,,,,,campaign,f_n60_m60_d4,,2.647
12,6,True,0,0,False,,False,0,9544522,ens_b_n75_m150_p0.025_i004,75,150,18,,,,,,campaign,b_n75_m150_p0.025,,84.239
12,6,True,0,0,False,,False,0,2793444,ens_b_n75_m150_p0.025_i005,75,150,19,,,,,,campaign,b_n75_m150_p0.025,,29.964
12,6,True,0,0,False,,False,0,47737665,ens_b_n75_m150_p0.025_i006,75,150,22,,,,,,campaign,b_n75_m150_p0.025,,424.188
12,6,True,0,0,False,,False,0,1733249,ens_b_n75_m150_p0.025_i007,75,150,17,,,,,,campaign,b_n75_m150_p0.025,,17.709
12,6,True,0,0,False,,False,0,437448,ens_f_n75_m150_d4_i000,75,150,46,,,,,,campaign,f_n75_m150_d4,,6.32
12,6,True,0,0,False,,False,0,401890,ens_f_n75_m150_d4_i001,75,150,45,,,,,,campaign,f_n75_m150_d4,,6.354
12,6,True,0,0,False,,False,0,689202,ens_f_n75_m150_d4_i002,75,150,46,,,,,,campaign,f_n75_m150_d4,,10.284
12,6,True,0,0,False,,False,0,916635,ens_f_n75_m150_d4_i003,75,150,48,,,,,,campaign,f_n75_m150_d4,,14.921
12,6,True,0,0,False,,False,0,1199799,ens_f_n75_m150_d4_i004,75,150,47,,,,,,campaign,f_n75_m150_d4,,16.588
12,6,True,0,0,False,,False,0,1743385,ens_f_n75_m150_d4_i005,75,150,46,,,,,,campaign,f_n75_m150_d4,,23.0
12,6,True,0,0,False,,False,0,640326,ens_f_n75_m150_d4_i006,75,150,45,,,,,,campaign,f_n75_m150_d4,,8.668
12,6,True,0,0,False,,False,0,539320,ens_f_n75_m150_d4_i007,75,150,47,,,,,,campaign,f_n75_m150_d4,,7.157
12,6,True,0,0,False,,False,0,41004,ens_f_n75_m150_d5_i000,75,150,53,,,,,,campaign,f_n75_m150_d5,,0.856
12,6,True,0,0,False,,False,0,61569,ens_f_n75_m150_d5_i001,75,150,55,,,,,,campaign,f_n75_m150_d5,,1.475
12,6,True,0,0,False,,False,0,46413,ens_f_n75_m150_d5_i002,75,150,54,,,,,,campaign,f_n75_m150_d5,,0.913
12,6,True,0,0,False,,False,0,33559,ens_f_n75_m150_d5_i003,75,150,55,,,,,,campaign,f_n75_m150_d5,,0.71
12,6,True,0,0,False,,False,0,47367,ens_f_n75_m150_d5_i004,75,150,55,,,,,,campaign,f_n75_m150_d5,,0.968
12,6,True,0,0,False,,False,0,49117,ens_f_n75_m150_d5_i005,75,150,54,,,,,,campaign,f_n75_m150_d5,,0.972
12,6,True,0,0,False,,False,0,44464,ens_f_n75_m150_d5_i006,75,150,54,,,,,,campaign,f_n75_m150_d5,,0.87
12,6,True,0,0,False,,False,0,61803,ens_f_n75_m150_d5_i007,75,150,55,,,,,,campaign,f_n75_m150_d5,,1.152
12,6,True,0,0,False,,False,0,7373,ens_f_n75_m150_d6_i000,75,150,61,,,,,,campaign,f_n75_m150_d6,,0.229
12,6,True,0,0,False,,False,0,5881,ens_f_n75_m150_d6_i001,75,150,61,,,,,,campaign,f_n75_m150_d6,,0.279
12,6,True,0,0,False,,False,0,3578,ens_f_n75_m150_d6_i002,75,150,61,,,,,,campaign,f_n75_m150_d6,,0.145
12,6,True,0,0,False,,False,0,5628,ens_f_n75_m150_d6_i003,75,150,60,,,,,,campaign,f_n75_m150_d6,,0.202
12,6,True,0,0,False,,False,0,5662,ens_f_n75_m150_d6_i004,75,150,60,,,,,,campaign,f_n75_m150_d6,,0.178
12,6,True,0,0,False,,False,0,5126,ens_f_n75_m150_d6_i005,75,150,60,,,,,,campaign,f_n75_m150_d6,,0.263
12,6,True,0,0,False,,False,0,6377,ens_f_n75_m150_d6_i006,75,150,59,,,,,,campaign,f_n75_m150_d6,,0.213
12,6,True,0,0,False,,False,0,6126,ens_f_n75_m150_d6_i007,75,150,60,,,,,,campaign,f_n75_m150_d6,,0.201
12,6,True,0,0,False,,False,0,1061,ens_f_n75_m150_d7_i000,75,150,64,,,,,,campaign,f_n75_m150_d7,,0.07
12,6,True,0,0,False,,False,0,1547,ens_f_n75_m150_d7_i001,75,150,64,,,,,,campaign,f_n75_m150_d7,,0.08
12,6,True,0,0,False,,False,0,1809,ens_f_n75_m150_d7_i002,75,150,65,,,,,,campaign,f_n75_m150_d7,,0.088
12,6,True,0,0,False,,False,0,1241,ens_f_n75_m150_d7_i003,75,150,64,,,,,,campaign,f_n75_m150_d7,,0.074
12,6,True,0,0,False,,False,0,1056,ens_f_n75_m150_d7_i004,75,150,64,,,,,,campaign,f_n75_m150_d7,,0.075
12,6,True,0,0,False,,False,0,1254,ens_f_n75_m150_d7_i005,75,150,64,,,,,,campaign,f_n75_m150_d7,,0.078
12,6,True,0,0,False,,False,0,593,ens_f_n75_m150_d7_i006,75,150,63,,,,,,campaign,f_n75_m150_d7,,0.058
12,6,True,0,0,False,,False,0,1716,ens_f_n75_m150_d7_i007,75,150,64,,,,,,campaign,f_n75_m150_d7,,0.084
12,6,True,0,0,False,,False,0,464,ens_f_n75_m150_d8_i000,75,150,67,,,,,,campaign,f_n75_m150_d8,,0.057
12,6,True,0,0,False,,False,0,229,ens_f_n75_m150_d8_i001,75,150,67,,,,,,campaign,f_n75_m150_d8,,0.05
12,6,True,0,0,False,,False,0,339,ens_f_n75_m150_d8_i002,75,150,67,,,,,,campaign,f_n75_m150_d8,,0.055
12,6,True,0,0,False,,False,0,489,ens_f_n75_m150_d8_i003,75,150,67,,,,,,campaign,f_n75_m150_d8,,0.056
12,6,True,0,0,False,,False,0,494,ens_f_n75_m150_d8_i004,75,150,67,,,,,,campaign,f_n75_m150_d8,,0.057
12,6,True,0,0,False,,False,0,270,ens_f_n75_m150_d8_i005,75,150,66,,,,,,campaign,f_n75_m150_d8,,0.052
12,6,True,0,0,False,,False,0,193,ens_f_n75_m150_d8_i006,75,150,66,,,,,,campaign,f_n75_m150_d8,,0.05
12,6,True,0,0,False,,False,0,333,ens_f_n75_m150_d8_i007,75,150,67,,,,,,campaign,f_n75_m150_d8,,0.054
12,6,True,0,0,False,,False,0,112,ens_f_n75_m150_d9_i000,75,150,69,,,,,,campaign,f_n75_m150_d9,,0.048
12,6,True,0,0,False,,False,0,104,ens_f_n75_m150_d9_i001,75,150,68,,,,,,campaign,f_n75_m150_d9,,0.048
12,6,True,0,0,False,,False,0,98,ens_f_n75_m150_d9_i002,75,150,68,,,,,,campaign,f_n75_m150_d9,,0.05
12,6,True,0,0,False,,False,0,115,ens_f_n75_m150_d9_i003,75,150,69,,,,,,campaign,f_n75_m150_d9,,0.049
12,6,True,0,0,False,,False,0,113,ens_f_n75_m150_d9_i004,75,150,69,,,,,,campaign,f_n75_m150_d9,,0.048
12,6,True,0,0,False,,False,0,125,ens_f_n75_m150_d9_i005,75,150,68,,,,,,campaign,f_n75_m150_d9,,0.05
12,6,True,0,0,False,,False,0,119,ens_f_n75_m150_d9_i006,75,150,68,,,,,,campaign,f_n75_m150_d9,,0.049
12,6,True,0,0,False,,False,0,108,ens_f_n75_m150_d9_i007,75,150,69,,,,,,campaign,f_n75_m150_d9,,0.049
12,6,True,0,0,False,,False,0,13431,ens_f_n75_m37_d10_i000,75,37,53,,,,,,campaign,f_n75_m37_d10,,0.35
12,6,True,0,0,False,,False,0,22711,ens_f_n75_m37_d10_i001,75,37,53,,,,,,campaign,f_n75_m37_d10,,0.627
12,6,True,0,0,False,,False,0,22666,ens_f_n75_m37_d10_i002,75,37,53,,,,,,campaign,f_n75_m37_d10,,0.582
12,6,True,0,0,False,,False,0,33706,ens_f_n75_m37_d10_i003,75,37,51,,,,,,campaign,f_n75_m37_d10,,0.895
12,6,True,0,0,False,,False,0,19245,ens_f_n75_m37_d10_i004,75,37,49,,,,,,campaign,f_n75_m37_d10,,0.629
12,6,True,0,0,False,,False,0,13598,ens_f_n75_m37_d10_i005,75,37,51,,,,,,campaign,f_n75_m37_d10,,0.514
12,6,True,0,0,False,,False,0,22307,ens_f_n75_m37_d10_i006,75,37,52,,,,,,campaign,f_n75_m37_d10,,0.515
12,6,True,0,0,False,,False,0,13695,ens_f_n75_m37_d10_i007,75,37,51,,,,,,campaign,f_n75_m37_d10,,0.334
12,6,True,0,0,False,,False,0,3618,ens_f_n75_m37_d2_i000,75,37,5,,,,,,campaign,f_n75_m37_d2,,0.084
12,6,True,0,0,False,,False,0,3198,ens_f_n75_m37_d2_i001,75,37,5,,,,,,campaign,f_n75_m37_d2,,0.06
12,6,True,0,0,False,,False,0,1040,ens_f_n75_m37_d2_i002,75,37,5,,,,,,campaign,f_n75_m37_d2,,0.036
12,6,True,0,0,False,,False,0,766,ens_f_n75_m37_d2_i003,75,37,5,,,,,,campaign,f_n75_m37_d2,,0.031
12,6,True,0,0,False,,False,0,3153,ens_f_n75_m37_d2_i004,75,37,5,,,,,,campaign,f_n75_m37_d2,,0.078
12,6,True,0,0,False,,False,0,4990,ens_f_n75_m37_d2_i005,75,37,5,,,,,,campaign,f_n75_m37_d2,,0.1
12,6,True,0,0,False,,False,0,4140,ens_f_n75_m37_d2_i006,75,37,6,,,,,,campaign,f_n75_m37_d2,,0.088
12,6,True,0,0,False,,False,0,13244,ens_f_n75_m37_d2_i007,75,37,5,,,,,,campaign,f_n75_m37_d2,,0.259
12,6,True,0,0,False,,False,0,11159,ens_f_n75_m37_d3_i000,75,37,9,,,,,,campaign,f_n75_m37_d3,,0.248
12,6,True,0,0,False,,False,0,8865,ens_f_n75_m37_d3_i001,75,37,8,,,,,,campaign,f_n75_m37_d3,,0.228
12,6,True,0,0,False,,False,0,19694,ens_f_n75_m37_d3_i002,75,37,8,,,,,,campaign,f_n75_m37_d3,,0.595
12,6,True,0,0,False,,False,0,17806,ens_f_n75_m37_d3_i003,75,37,9,,,,,,campaign,f_n75_m37_d3,,0.418
12,6,True,0,0,False,,False,0,54900,ens_f_n75_m37_d3_i004,75,37,10,,,,,,campaign,f_n75_m37_d3,,1.12
12,6,True,0,0,False,,False,0,4701,ens_f_n75_m37_d3_i005,75,37,8,,,,,,campaign,f_n75_m37_d3,,0.12
12,6,True,0,0,False,,False,0,10654,ens_f_n75_m37_d3_i006,75,37,8,,,,,,campaign,f_n75_m37_d3,,0.254
12,6,True,0,0,False,,False,0,10533,ens_f_n75_m37_d3_i007,75,37,9,,,,,,campaign,f_n75_m37_d3,,0.241
12,6,True,0,0,False,,False,0,42932,ens_f_n75_m37_d4_i000,75,37,14,,,,,,campaign,f_n75_m37_d4,,0.932
12,6,True,0,0,False,,False,0,174267,ens_f_n75_m37_d4_i001,75,37,16,,,,,,campaign,f_n75_m37_d4,,2.085
12,6,True,0,0,False,,False,0,38100,ens_f_n75_m37_d4_i002,75,37,15,,,,,,campaign,f_n75_m37_d4,,0.804
12,6,True,0,0,False,,False,0,281174,ens_f_n75_m37_d4_i003,75,37,16,,,,,,campaign,f_n75_m37_d4,,3.236
12,6,True,0,0,False,,False,0,26723727,ens_b_n75_m150_p0.025_i000,75,150,21,,,,,,campaign,b_n75_m150_p0.025,,230.384
12,6,True,0,0,False,,False,0,8907537,ens_b_n75_m150_p0.025_i001,75,150,22,,,,,,campaign,b_n75_m150_p0.025,,110.243
12,6,True,0,0,False,,False,0,27468065,ens_b_n75_m150_p0.025_i002,75,150,19,,,,,,campaign,b_n75_m150_p0.025,,288.515
12,6,True,0,0,False,,False,0,4151939,ens_b_n75_m150_p0.025_i003,75,150,20,,,,,,campaign,b_n75_m150_p0.025,,54.705
12,6,True,0,0,False,,False,0,182148,ens_f_n75_m37_d4_i004,75,37,16,,,,,,campaign,f_n75_m37_d4,,2.294
12,6,True,0,0,False,,False,0,40443,ens_f_n75_m37_d4_i005,75,37,15,,,,,,campaign,f_n75_m37_d4,,0.828
12,6,True,0,0,False,,False,0,220412,ens_f_n75_m37_d4_i006,75,37,15,,,,,,campaign,f_n75_m37_d4,,2.682
12,6,True,0,0,False,,False,0,688429,ens_f_n75_m37_d4_i007,75,37,18,,,,,,campaign,f_n75_m37_d4,,6.445
12,6,True,0,0,False,,False,0,104859,ens_f_n75_m37_d5_i004,75,37,22,,,,,,campaign,f_n75_m37_d5,,1.579
12,6,True,0,0,False,,False,0,251534,ens_f_n75_m37_d5_i005,75,37,22,,,,,,campaign,f_n75_m37_d5,,2.603
12,6,True,0,0,False,,False,0,131731,ens_f_n75_m37_d5_i006,75,37,22,,,,,,campaign,f_n75_m37_d5,,1.793
12,6,True,0,0,False,,False,0,380894,ens_f_n75_m37_d5_i007,75,37,23,,,,,,campaign,f_n75_m37_d5,,4.357
12,6,True,0,0,False,,False,0,62835,ens_f_n75_m37_d5_i000,75,37,21,,,,,,campaign,f_n75_m37_d5,,1.429
12,6,True,0,0,False,,False,0,697998,ens_f_n75_m37_d5_i001,75,37,24,,,,,,campaign,f_n75_m37_d5,,8.283
12,6,True,0,0,False,,False,0,294041,ens_f_n75_m37_d5_i002,75,37,24,,,,,,campaign,f_n75_m37_d5,,3.733
12,6,True,0,0,False,,False,0,114823,ens_f_n75_m37_d5_i003,75,37,21,,,,,,campaign,f_n75_m37_d5,,1.993
12,6,True,0,0,False,,False,0,294930,ens_f_n75_m37_d6_i000,75,37,31,,,,,,campaign,f_n75_m37_d6,,2.884
12,6,True,0,0,False,,False,0,121571,ens_f_n75_m37_d6_i001,75,37,29,,,,,,campaign,f_n75_m37_d6,,1.517
12,6,True,0,0,False,,False,0,133049,ens_f_n75_m37_d6_i002,75,37,29,,,,,,campaign,f_n75_m37_d6,,1.854
12,6,True,0,0,False,,False,0,196859,ens_f_n75_m37_d6_i003,75,37,30,,,,,,campaign,f_n75_m37_d6,,2.57
12,6,True,0,0,False,,False,0,159970,ens_f_n75_m37_d6_i004,75,37,28,,,,,,campaign,f_n75_m37_d6,,3.15
12,6,True,0,0,False,,False,0,337677,ens_f_n75_m37_d6_i005,75,37,31,,,,,,campaign,f_n75_m37_d6,,4.8
12,6,True,0,0,False,,False,0,592665,ens_f_n75_m37_d6_i006,75,37,31,,,,,,campaign,f_n75_m37_d6,,7.221
12,6,True,0,0,False,,False,0,243488,ens_f_n75_m37_d6_i007,75,37,30,,,,,,campaign,f_n75_m37_d6,,3.347
12,6,True,0,0,False,,False,0,144747,ens_f_n75_m37_d7_i000,75,37,35,,,,,,campaign,f_n75_m37_d7,,1.898
12,6,True,0,0,False,,False,0,224494,ens_f_n75_m37_d7_i001,75,37,37,,,,,,campaign,f_n75_m37_d7,,3.254
12,6,True,0,0,False,,False,0,177422,ens_f_n75_m37_d7_i002,75,37,35,,,,,,campaign,f_n75_m37_d7,,2.495
12,6,True,0,0,False,,False,0,204771,ens_f_n75_m37_d7_i003,75,37,37,,,,,,campaign,f_n75_m37_d7,,2.823
12,6,True,0,0,False,,False,0,89105,ens_f_n75_m37_d8_i000,75,37,43,,,,,,campaign,f_n75_m37_d8,,1.474
12,6,True,0,0,False,,False,0,82917,ens_f_n75_m37_d8_i001,75,37,40,,,,,,campaign,f_n75_m37_d8,,1.553
12,6,True,0,0,False,,False,0,78409,ens_f_n75_m37_d8_i002,75,37,42,,,,,,campaign,f_n75_m37_d8,,1.601
12,6,True,0,0,False,,False,0,105978,ens_f_n75_m37_d8_i003,75,37,43,,,,,,campaign,f_n75_m37_d8,,1.671
12,6,True,0,0,False,,False,0,173956,ens_f_n75_m37_d7_i004,75,37,36,,,,,,campaign,f_n75_m37_d7,,2.36
12,6,True,0,0,False,,False,0,272625,ens_f_n75_m37_d7_i005,75,37,37,,,,,,campaign,f_n75_m37_d7,,3.569
12,6,True,0,0,False,,False,0,209562,ens_f_n75_m37_d7_i006,75,37,36,,,,,,campaign,f_n75_m37_d7,,2.644
12,6,True,0,0,False,,False,0,47581,ens_f_n75_m37_d7_i007,75,37,32,,,,,,campaign,f_n75_m37_d7,,0.953
12,6,True,0,0,False,,False,0,30775,ens_f_n75_m37_d9_i000,75,37,45,,,,,,campaign,f_n75_m37_d9,,0.799
12,6,True,0,0,False,,False,0,30420,ens_f_n75_m37_d9_i001,75,37,45,,,,,,campaign,f_n75_m37_d9,,0.848
12,6,True,0,0,False,,False,0,33543,ens_f_n75_m37_d9_i002,75,37,46,,,,,,campaign,f_n75_m37_d9,,0.754
12,6,True,0,0,False,,False,0,28706,ens_f_n75_m37_d9_i003,75,37,46,,,,,,campaign,f_n75_m37_d9,,0.661
12,6,True,0,0,False,,False,0,91364,ens_f_n75_m37_d8_i004,75,37,41,,,,,,campaign,f_n75_m37_d8,,1.948
12,6,True,0,0,False,,False,0,60629,ens_f_n75_m37_d8_i005,75,37,41,,,,,,campaign,f_n75_m37_d8,,1.341
12,6,True,0,0,False,,False,0,161965,ens_f_n75_m37_d8_i006,75,37,43,,,,,,campaign,f_n75_m37_d8,,2.367
12,6,True,0,0,False,,False,0,75446,ens_f_n75_m37_d8_i007,75,37,40,,,,,,campaign,f_n75_m37_d8,,1.337
12,6,True,0,0,False,,False,0,689,ens_f_n75_m75_d10_i000,75,75,63,,,,,,campaign,f_n75_m75_d10,,0.057
12,6,True,0,0,False,,False,0,533,ens_f_n75_m75_d10_i001,75,75,64,,,,,,campaign,f_n75_m75_d10,,0.053
12,6,True,0,0,False,,False,0,701,ens_f_n75_m75_d10_i002,75,75,64,,,,,,campaign,f_n75_m75_d10,,0.055
12,6,True,0,0,False,,False,0,778,ens_f_n75_m75_d10_i003,75,75,65,,,,,,campaign,f_n75_m75_d10,,0.058
12,6,True,0,0,False,,False,0,685,ens_f_n75_m75_d10_i004,75,75,63,,,,,,campaign,f_n75_m75_d10,,0.054
12,6,True,0,0,False,,False,0,1137,ens_f_n75_m75_d10_i005,75,75,63,,,,,,campaign,f_n75_m75_d10,,0.067
12,6,True,0,0,False,,False,0,810,ens_f_n75_m75_d10_i006,75,75,63,,,,,,campaign,f_n75_m75_d10,,0.06
12,6,True,0,0,False,,False,0,768,ens_f_n75_m75_d10_i007,75,75,64,,,,,,campaign,f_n75_m75_d10,,0.057
12,6,True,0,0,False,,False,0,44942,ens_f_n75_m37_d9_i004,75,37,47,,,,,,campaign,f_n75_m37_d9,,1.051
12,6,True,0,0,False,,False,0,43179,ens_f_n75_m37_d9_i005,75,37,45,,,,,,campaign,f_n75_m37_d9,,0.929
12,6,True,0,0,False,,False,0,48329,ens_f_n75_m37_d9_i006,75,37,46,,,,,,campaign,f_n75_m37_d9,,1.198
12,6,True,0,0,False,,False,0,17093,ens_f_n75_m37_d9_i007,75,37,45,,,,,,campaign,f_n75_m37_d9,,0.543
12,6,True,0,0,False,,False,0,15579,ens_f_n75_m75_d2_i004,75,75,6,,,,,,campaign,f_n75_m75_d2,,0.337
12,6,True,0,0,False,,False,0,15140,ens_f_n75_m75_d2_i005,75,75,6,,,,,,campaign,f_n75_m75_d2,,0.373
12,6,True,0,0,False,,False,0,17162,ens_f_n75_m75_d2_i006,75,75,6,,,,,,campaign,f_n75_m75_d2,,0.325
12,6,True,0,0,False,,False,0,2821,ens_f_n75_m75_d2_i007,75,75,5,,,,,,campaign,f_n75_m75_d2,,0.111
12,6,True,0,0,False,,False,0,148468,ens_f_n75_m75_d2_i000,75,75,8,,,,,,campaign,f_n75_m75_d2,,1.797
12,6,True,0,0,False,,False,0,40715,ens_f_n75_m75_d2_i001,75,75,6,,,,,,campaign,f_n75_m75_d2,,0.627
12,6,True,0,0,False,,False,0,44538,ens_f_n75_m75_d2_i002,75,75,6,,,,,,campaign,f_n75_m75_d2,,0.568
12,6,True,0,0,False,,False,0,6027,ens_f_n75_m75_d2_i003,75,75,5,,,,,,campaign,f_n75_m75_d2,,0.2
12,6,True,0,0,False,,False,0,4470575,ens_f_n75_m75_d3_i004,75,75,18,,,,,,campaign,f_n75_m75_d3,,52.649
12,6,True,0,0,False,,False,0,4437923,ens_f_n75_m75_d3_i005,75,75,19,,,,,,campaign,f_n75_m75_d3,,41.953
12,6,True,0,0,False,,False,0,907357,ens_f_n75_m75_d3_i006,75,75,16,,,,,,campaign,f_n75_m75_d3,,8.152
12,6,True,0,0,False,,False,0,3537619,ens_f_n75_m75_d3_i007,75,75,17,,,,,,campaign,f_n75_m75_d3,,35.472
12,6,True,0,0,False,,False,0,4471038,ens_f_n75_m75_d3_i000,75,75,17,,,,,,campaign,f_n75_m75_d3,,53.317
12,6,True,0,0,False,,False,0,14953465,ens_f_n75_m75_d3_i001,75,75,20,,,,,,campaign,f_n75_m75_d3,,119.323
12,6,True,0,0,False,,False,0,2589352,ens_f_n75_m75_d3_i002,75,75,18,,,,,,campaign,f_n75_m75_d3,,22.391
12,6,True,0,0,False,,False,0,18019352,ens_f_n75_m75_d3_i003,75,75,19,,,,,,campaign,f_n75_m75_d3,,112.535
12,6,True,0,0,False,,False,0,37488309,ens_f_n75_m150_d3_i004,75,150,34,,,,,,campaign,f_n75_m150_d3,,440.701
12,6,True,0,0,False,,False,0,12809745,ens_f_n75_m150_d3_i005,75,150,35,,,,,,campaign,f_n75_m150_d3,,152.177
12,6,True,0,0,False,,False,0,12485644,ens_f_n75_m150_d3_i006,75,150,34,,,,,,campaign,f_n75_m150_d3,,118.028
12,6,True,0,0,False,,False,0,23806816,ens_f_n75_m150_d3_i007,75,150,34,,,,,,campaign,f_n75_m150_d3,,178.168
12,6,True,0,0,False,,False,0,1015871,ens_f_n75_m75_d5_i000,75,75,41,,,,,,campaign,f_n75_m75_d5,,9.576
12,6,True,0,0,False,,False,0,1733026,ens_f_n75_m75_d5_i001,75,75,40,,,,,,campaign,f_n75_m75_d5,,14.444
12,6,True,0,0,False,,False,0,1103078,ens_f_n75_m75_d5_i002,75,75,42,,,,,,campaign,f_n75_m75_d5,,8.235
12,6,True,0,0,False,,False,0,613736,ens_f_n75_m75_d5_i003,75,75,40,,,,,,campaign,f_n75_m75_d5,,6.408
12,6,True,0,0,False,,False,0,19372532,ens_f_n75_m150_d3_i000,75,150,33,,,,,,campaign,f_n75_m150_d3,,226.372
12,6,True,0,0,False,,False,0,6315713,ens_f_n75_m150_d3_i001,75,150,33,,,,,,campaign,f_n75_m150_d3,,106.191
12,6,True,0,0,False,,False,0,22051078,ens_f_n75_m150_d3_i002,75,150,34,,,,,,campaign,f_n75_m150_d3,,334.854
12,6,True,0,0,False,,False,0,39728553,ens_f_n75_m150_d3_i003,75,150,35,,,,,,campaign,f_n75_m150_d3,,285.402
12,6,True,0,0,False,,False,0,279527,ens_f_n75_m75_d6_i000,75,75,47,,,,,,campaign,f_n75_m75_d6,,2.863
12,6,True,0,0,False,,False,0,183554,ens_f_n75_m75_d6_i001,75,75,49,,,,,,campaign,f_n75_m75_d6,,1.944
12,6,True,0,0,False,,False,0,175413,ens_f_n75_m75_d6_i002,75,75,48,,,,,,campaign,f_n75_m75_d6,,1.854
12,6,True,0,0,False,,False,0,158551,ens_f_n75_m75_d6_i003,75,75,48,,,,,,campaign,f_n75_m75_d6,,1.766
12,6,True,0,0,False,,False,0,1842835,ens_f_n75_m75_d4_i000,75,75,28,,,,,,campaign,f_n75_m75_d4,,16.3
12,6,True,0,0,False,,False,0,16393610,ens_f_n75_m75_d4_i001,75,75,30,,,,,,campaign,f_n75_m75_d4,,142.693
12,6,True,0,0,False,,False,0,3083474,ens_f_n75_m75_d4_i002,75,75,28,,,,,,campaign,f_n75_m75_d4,,31.359
12,6,True,0,0,False,,False,0,5107174,ens_f_n75_m75_d4_i003,75,75,31,,,,,,campaign,f_n75_m75_d4,,52.57
12,6,True,0,0,False,,False,0,35812,ens_f_n75_m75_d7_i000,75,75,51,,,,,,campaign,f_n75_m75_d7,,0.7
12,6,True,0,0,False,,False,0,61707,ens_f_n75_m75_d7_i001,75,75,55,,,,,,campaign,f_n75_m75_d7,,0.782
12,6,True,0,0,False,,False,0,26186,ens_f_n75_m75_d7_i002,75,75,51,,,,,,campaign,f_n75_m75_d7,,0.48
12,6,True,0,0,False,,False,0,17828,ens_f_n75_m75_d7_i003,75,75,54,,,,,,campaign,f_n75_m75_d7,,0.335
12,6,True,0,0,False,,False,0,44055,ens_f_n75_m75_d7_i004,75,75,55,,,,,,campaign,f_n75_m75_d7,,0.703
12,6,True,0,0,False,,False,0,26672,ens_f_n75_m75_d7_i005,75,75,51,,,,,,campaign,f_n75_m75_d7,,0.494
12,6,True,0,0,False,,False,0,50243,ens_f_n75_m75_d7_i006,75,75,55,,,,,,campaign,f_n75_m75_d7,,0.704
12,6,True,0,0,False,,False,0,24481,ens_f_n75_m75_d7_i007,75,75,53,,,,,,campaign,f_n75_m75_d7,,0.424
12,6,True,0,0,False,,False,0,1825434,ens_f_n75_m75_d5_i004,75,75,41,,,,,,campaign,f_n75_m75_d5,,15.314
12,6,True,0,0,False,,False,0,804926,ens_f_n75_m75_d5_i005,75,75,38,,,,,,campaign,f_n75_m75_d5,,8.293
12,6,True,0,0,False,,False,0,767758,ens_f_n75_m75_d5_i006,75,75,39,,,,,,campaign,f_n75_m75_d5,,8.388
12,6,True,0,0,False,,False,0,741260,ens_f_n75_m75_d5_i007,75,75,38,,,,,,campaign,f_n75_m75_d5,,6.602
12,6,True,0,0,False,,False,0,8878,ens_f_n75_m75_d8_i000,75,75,56,,,,,,campaign,f_n75_m75_d8,,0.198
12,6,True,0,0,False,,False,0,13310,ens_f_n75_m75_d8_i001,75,75,58,,,,,,campaign,f_n75_m75_d8,,0.238
12,6,True,0,0,False,,False,0,9647,ens_f_n75_m75_d8_i002,75,75,57,,,,,,campaign,f_n75_m75_d8,,0.166
12,6,True,0,0,False,,False,0,7661,ens_f_n75_m75_d8_i003,75,75,57,,,,,,campaign,f_n75_m75_d8,,0.204
12,6,True,0,0,False,,False,0,5555,ens_f_n75_m75_d8_i004,75,75,56,,,,,,campaign,f_n75_m75_d8,,0.12
12,6,True,0,0,False,,False,0,9647,ens_f_n75_m75_d8_i005,75,75,58,,,,,,campaign,f_n75_m75_d8,,0.235
12,6,True,0,0,False,,False,0,8536,ens_f_n75_m75_d8_i006,75,75,58,,,,,,campaign,f_n75_m75_d8,,0.18
12,6,True,0,0,False,,False,0,3684,ens_f_n75_m75_d8_i007,75,75,55,,,,,,campaign,f_n75_m75_d8,,0.095
12,6,True,0,0,False,,False,0,2614,ens_f_n75_m75_d9_i000,75,75,61,,,,,,campaign,f_n75_m75_d9,,0.064
12,6,True,0,0,False,,False,0,2381,ens_f_n75_m75_d9_i001,75,75,62,,,,,,campaign,f_n75_m75_d9,,0.067
12,6,True,0,0,False,,False,0,2816,ens_f_n75_m75_d9_i002,75,75,61,,,,,,campaign,f_n75_m75_d9,,0.084
12,6,True,0,0,False,,False,0,4119,ens_f_n75_m75_d9_i003,75,75,60,,,,,,campaign,f_n75_m75_d9,,0.102
12,6,True,0,0,False,,False,0,2,"GP1:  50 customers,  50 products,  high path width",50,50,45,,,,,,corpus,ChallengeInstances2005,benchmarks/instances/ChallengeInstances2005/Wilson/gp50by50.txt,0.012
12,6,True,0,0,False,,False,0,4,"GP2:  50 customers,  50 products,  medium path width",50,50,40,,,,,,corpus,ChallengeInstances2005,benchmarks/instances/ChallengeInstances2005/Wilson/gp50by50.txt,0.011
12,6,True,0,0,False,,False,0,0,"GP3:  50 customers,  50 products,  medium path width",50,50,40,,,,,,corpus,ChallengeInstances2005,benchmarks/instances/ChallengeInstances2005/Wilson/gp50by50.txt,0.011
12,6,True,0,0,False,,False,0,2,"GP4:  50 customers,  50 products,  low path width",50,50,30,,,,,,corpus,ChallengeInstances2005,benchmarks/instances/ChallengeInstances2005/Wilson/gp50by50.txt,0.011
12,6,True,0,0,False,,False,0,3092,ens_f_n75_m75_d9_i004,75,75,59,,,,,,campaign,f_n75_m75_d9,,0.073
12,6,True,0,0,False,,False,0,1809,ens_f_n75_m75_d9_i005,75,75,58,,,,,,campaign,f_n75_m75_d9,,0.047
12,6,True,0,0,False,,False,0,2258,ens_f_n75_m75_d9_i006,75,75,62,,,,,,campaign,f_n75_m75_d9,,0.055
12,6,True,0,0,False,,False,0,3242,ens_f_n75_m75_d9_i007,75,75,59,,,,,,campaign,f_n75_m75_d9,,0.089
12,6,True,0,0,False,,False,0,305752,ens_f_n75_m75_d6_i004,75,75,49,,,,,,campaign,f_n75_m75_d6,,2.84
12,6,True,0,0,False,,False,0,162295,ens_f_n75_m75_d6_i005,75,75,48,,,,,,campaign,f_n75_m75_d6,,2.526
12,6,True,0,0,False,,False,0,175805,ens_f_n75_m75_d6_i006,75,75,48,,,,,,campaign,f_n75_m75_d6,,1.739
12,6,True,0,0,False,,False,0,277046,ens_f_n75_m75_d6_i007,75,75,47,,,,,,campaign,f_n75_m75_d6,,3.659
12,6,True,0,0,False,,False,0,3,Random-50-100-10-1_0,50,100,48,,,,,,corpus,MOSP_Instances,benchmarks/instances/MOSP_Instances/Chu_Stuckey/Random-50-100-10-1.txt,0.016
12,6,True,0,0,False,,False,0,1,Random-50-100-10-2_0,50,100,48,,,,,,corpus,MOSP_Instances,benchmarks/instances/MOSP_Instances/Chu_Stuckey/Random-50-100-10-2.txt,0.017
12,6,True,0,0,False,,False,0,2,Random-50-100-10-3_0,50,100,48,,,,,,corpus,MOSP_Instances,benchmarks/instances/MOSP_Instances/Chu_Stuckey/Random-50-100-10-3.txt,0.016
12,6,True,0,0,False,,False,0,3,Random-50-100-10-4_0,50,100,48,,,,,,corpus,MOSP_Instances,benchmarks/instances/MOSP_Instances/Chu_Stuckey/Random-50-100-10-4.txt,0.015
12,6,True,0,0,False,,False,0,4,Random-50-100-10-5_0,50,100,47,,,,,,corpus,MOSP_Instances,benchmarks/instances/MOSP_Instances/Chu_Stuckey/Random-50-100-10-5.txt,0.019
12,6,True,0,0,False,,False,0,55325,Random-50-100-2-1_0,50,100,19,,,,,,corpus,MOSP_Instances,benchmarks/instances/MOSP_Instances/Chu_Stuckey/Random-50-100-2-1.txt,0.778
12,6,True,0,0,False,,False,0,61509,Random-50-100-2-2_0,50,100,21,,,,,,corpus,MOSP_Instances,benchmarks/instances/MOSP_Instances/Chu_Stuckey/Random-50-100-2-2.txt,0.863
12,6,True,0,0,False,,False,0,71514,Random-50-100-2-3_0,50,100,22,,,,,,corpus,MOSP_Instances,benchmarks/instances/MOSP_Instances/Chu_Stuckey/Random-50-100-2-3.txt,1.008
12,6,True,0,0,False,,False,0,76080,Random-50-100-2-4_0,50,100,24,,,,,,corpus,MOSP_Instances,benchmarks/instances/MOSP_Instances/Chu_Stuckey/Random-50-100-2-4.txt,1.16
12,6,True,0,0,False,,False,0,179511,Random-50-100-2-5_0,50,100,20,,,,,,corpus,MOSP_Instances,benchmarks/instances/MOSP_Instances/Chu_Stuckey/Random-50-100-2-5.txt,1.878
12,6,True,0,0,False,,False,0,781,Random-50-100-4-1_0,50,100,35,,,,,,corpus,MOSP_Instances,benchmarks/instances/MOSP_Instances/Chu_Stuckey/Random-50-100-4-1.txt,0.031
12,6,True,0,0,False,,False,0,1198,Random-50-100-4-2_0,50,100,34,,,,,,corpus,MOSP_Instances,benchmarks/instances/MOSP_Instances/Chu_Stuckey/Random-50-100-4-2.txt,0.037
12,6,True,0,0,False,,False,0,1533,Random-50-100-4-3_0,50,100,34,,,,,,corpus,MOSP_Instances,benchmarks/instances/MOSP_Instances/Chu_Stuckey/Random-50-100-4-3.txt,0.041
12,6,True,0,0,False,,False,0,1284,Random-50-100-4-4_0,50,100,35,,,,,,corpus,MOSP_Instances,benchmarks/instances/MOSP_Instances/Chu_Stuckey/Random-50-100-4-4.txt,0.037
12,6,True,0,0,False,,False,0,1638,Random-50-100-4-5_0,50,100,35,,,,,,corpus,MOSP_Instances,benchmarks/instances/MOSP_Instances/Chu_Stuckey/Random-50-100-4-5.txt,0.042
12,6,True,0,0,False,,False,0,47,Random-50-100-6-1_0,50,100,44,,,,,,corpus,MOSP_Instances,benchmarks/instances/MOSP_Instances/Chu_Stuckey/Random-50-100-6-1.txt,0.016
12,6,True,0,0,False,,False,0,91,Random-50-100-6-2_0,50,100,44,,,,,,corpus,MOSP_Instances,benchmarks/instances/MOSP_Instances/Chu_Stuckey/Random-50-100-6-2.txt,0.017
12,6,True,0,0,False,,False,0,77,Random-50-100-6-3_0,50,100,42,,,,,,corpus,MOSP_Instances,benchmarks/instances/MOSP_Instances/Chu_Stuckey/Random-50-100-6-3.txt,0.016
12,6,True,0,0,False,,False,0,66,Random-50-100-6-4_0,50,100,42,,,,,,corpus,MOSP_Instances,benchmarks/instances/MOSP_Instances/Chu_Stuckey/Random-50-100-6-4.txt,0.016
12,6,True,0,0,False,,False,0,142,Random-50-100-6-5_0,50,100,40,,,,,,corpus,MOSP_Instances,benchmarks/instances/MOSP_Instances/Chu_Stuckey/Random-50-100-6-5.txt,0.018
12,6,True,0,0,False,,False,0,17,Random-50-100-8-1_0,50,100,47,,,,,,corpus,MOSP_Instances,benchmarks/instances/MOSP_Instances/Chu_Stuckey/Random-50-100-8-1.txt,0.015
12,6,True,0,0,False,,False,0,16,Random-50-100-8-2_0,50,100,47,,,,,,corpus,MOSP_Instances,benchmarks/instances/MOSP_Instances/Chu_Stuckey/Random-50-100-8-2.txt,0.015
12,6,True,0,0,False,,False,0,9,Random-50-100-8-3_0,50,100,46,,,,,,corpus,MOSP_Instances,benchmarks/instances/MOSP_Instances/Chu_Stuckey/Random-50-100-8-3.txt,0.015
12,6,True,0,0,False,,False,0,12,Random-50-100-8-4_0,50,100,46,,,,,,corpus,MOSP_Instances,benchmarks/instances/MOSP_Instances/Chu_Stuckey/Random-50-100-8-4.txt,0.015
12,6,True,0,0,False,,False,0,29,Random-50-100-8-5_0,50,100,45,,,,,,corpus,MOSP_Instances,benchmarks/instances/MOSP_Instances/Chu_Stuckey/Random-50-100-8-5.txt,0.015
12,6,True,0,0,False,,False,0,47,Random-50-50-10-1_0,50,50,44,,,,,,corpus,MOSP_Instances,benchmarks/instances/MOSP_Instances/Chu_Stuckey/Random-50-50-10-1.txt,0.012
12,6,True,0,0,False,,False,0,47,Random-50-50-10-2_0,50,50,43,,,,,,corpus,MOSP_Instances,benchmarks/instances/MOSP_Instances/Chu_Stuckey/Random-50-50-10-2.txt,0.011
12,6,True,0,0,False,,False,0,32,Random-50-50-10-3_0,50,50,44,,,,,,corpus,MOSP_Instances,benchmarks/instances/MOSP_Instances/Chu_Stuckey/Random-50-50-10-3.txt,0.011
12,6,True,0,0,False,,False,0,25,Random-50-50-10-4_0,50,50,45,,,,,,corpus,MOSP_Instances,benchmarks/instances/MOSP_Instances/Chu_Stuckey/Random-50-50-10-4.txt,0.011
12,6,True,0,0,False,,False,0,15,Random-50-50-10-5_0,50,50,46,,,,,,corpus,MOSP_Instances,benchmarks/instances/MOSP_Instances/Chu_Stuckey/Random-50-50-10-5.txt,0.01
12,6,True,0,0,False,,False,0,22366,Random-50-50-2-1_0,50,50,15,,,,,,corpus,MOSP_Instances,benchmarks/instances/MOSP_Instances/Chu_Stuckey/Random-50-50-2-1.txt,0.421
12,6,True,0,0,False,,False,0,58452,Random-50-50-2-2_0,50,50,13,,,,,,corpus,MOSP_Instances,benchmarks/instances/MOSP_Instances/Chu_Stuckey/Random-50-50-2-2.txt,0.843
12,6,True,0,0,False,,False,0,18233,Random-50-50-2-3_0,50,50,11,,,,,,corpus,MOSP_Instances,benchmarks/instances/MOSP_Instances/Chu_Stuckey/Random-50-50-2-3.txt,0.308
12,6,True,0,0,False,,False,0,6735,Random-50-50-2-4_0,50,50,13,,,,,,corpus,MOSP_Instances,benchmarks/instances/MOSP_Instances/Chu_Stuckey/Random-50-50-2-4.txt,0.157
12,6,True,0,0,False,,False,0,42155,Random-50-50-2-5_0,50,50,14,,,,,,corpus,MOSP_Instances,benchmarks/instances/MOSP_Instances/Chu_Stuckey/Random-50-50-2-5.txt,0.611
12,6,True,0,0,False,,False,0,4764,Random-50-50-4-1_0,50,50,21,,,,,,corpus,MOSP_Instances,benchmarks/instances/MOSP_Instances/Chu_Stuckey/Random-50-50-4-1.txt,0.116
12,6,True,0,0,False,,False,0,32859,Random-50-50-4-2_0,50,50,25,,,,,,corpus,MOSP_Instances,benchmarks/instances/MOSP_Instances/Chu_Stuckey/Random-50-50-4-2.txt,0.455
12,6,True,0,0,False,,False,0,8048,Random-50-50-4-3_0,50,50,24,,,,,,corpus,MOSP_Instances,benchmarks/instances/MOSP_Instances/Chu_Stuckey/Random-50-50-4-3.txt,0.17
12,6,True,0,0,False,,False,0,7169,Random-50-50-4-4_0,50,50,27,,,,,,corpus,MOSP_Instances,benchmarks/instances/MOSP_Instances/Chu_Stuckey/Random-50-50-4-4.txt,0.228
12,6,True,0,0,False,,False,0,1824,Random-50-50-4-5_0,50,50,22,,,,,,corpus,MOSP_Instances,benchmarks/instances/MOSP_Instances/Chu_Stuckey/Random-50-50-4-5.txt,0.064
12,6,True,0,0,False,,False,0,1173,Random-50-50-6-1_0,50,50,36,,,,,,corpus,MOSP_Instances,benchmarks/instances/MOSP_Instances/Chu_Stuckey/Random-50-50-6-1.txt,0.038
12,6,True,0,0,False,,False,0,1375,Random-50-50-6-2_0,50,50,35,,,,,,corpus,MOSP_Instances,benchmarks/instances/MOSP_Instances/Chu_Stuckey/Random-50-50-6-2.txt,0.034
12,6,True,0,0,False,,False,0,953,Random-50-50-6-3_0,50,50,33,,,,,,corpus,MOSP_Instances,benchmarks/instances/MOSP_Instances/Chu_Stuckey/Random-50-50-6-3.txt,0.029
12,6,True,0,0,False,,False,0,547,Random-50-50-6-4_0,50,50,35,,,,,,corpus,MOSP_Instances,benchmarks/instances/MOSP_Instances/Chu_Stuckey/Random-50-50-6-4.txt,0.02
12,6,True,0,0,False,,False,0,677,Random-50-50-6-5_0,50,50,37,,,,,,corpus,MOSP_Instances,benchmarks/instances/MOSP_Instances/Chu_Stuckey/Random-50-50-6-5.txt,0.024
12,6,True,0,0,False,,False,0,126,Random-50-50-8-1_0,50,50,40,,,,,,corpus,MOSP_Instances,benchmarks/instances/MOSP_Instances/Chu_Stuckey/Random-50-50-8-1.txt,0.015
12,6,True,0,0,False,,False,0,126,Random-50-50-8-2_0,50,50,39,,,,,,corpus,MOSP_Instances,benchmarks/instances/MOSP_Instances/Chu_Stuckey/Random-50-50-8-2.txt,0.015
12,6,True,0,0,False,,False,0,176,Random-50-50-8-3_0,50,50,39,,,,,,corpus,MOSP_Instances,benchmarks/instances/MOSP_Instances/Chu_Stuckey/Random-50-50-8-3.txt,0.021
12,6,True,0,0,False,,False,0,88,Random-50-50-8-4_0,50,50,42,,,,,,corpus,MOSP_Instances,benchmarks/instances/MOSP_Instances/Chu_Stuckey/Random-50-50-8-4.txt,0.014
12,6,True,0,0,False,,False,0,62,Random-50-50-8-5_0,50,50,42,,,,,,corpus,MOSP_Instances,benchmarks/instances/MOSP_Instances/Chu_Stuckey/Random-50-50-8-5.txt,0.014
12,6,True,0,0,False,,False,0,534,Random-75-75-10-1_0,75,75,66,,,,,,corpus,MOSP_Instances,benchmarks/instances/MOSP_Instances/Chu_Stuckey/Random-75-75-10-1.txt,0.034
12,6,True,0,0,False,,False,0,346,Random-75-75-10-2_0,75,75,65,,,,,,corpus,MOSP_Instances,benchmarks/instances/MOSP_Instances/Chu_Stuckey/Random-75-75-10-2.txt,0.031
12,6,True,0,0,False,,False,0,0,GP3_0,50,50,40,,,,,,corpus,MOSP_Instances,benchmarks/instances/MOSP_Instances/Challenge/GP3.txt,0.012
12,6,True,0,0,False,,False,0,2,GP4_0,50,50,30,,,,,,corpus,MOSP_Instances,benchmarks/instances/MOSP_Instances/Challenge/GP4.txt,0.012
12,6,True,0,0,False,,False,0,16800,SP2_0,50,50,19,,,,,,corpus,MOSP_Instances,benchmarks/instances/MOSP_Instances/Challenge/SP2.txt,0.248
12,6,True,0,0,False,,False,0,1473290,SP3_0,75,75,34,,,,,,corpus,MOSP_Instances,benchmarks/instances/MOSP_Instances/Challenge/SP3.txt,17.508
12,6,True,0,0,False,,False,0,443,Random-75-75-10-3_0,75,75,65,,,,,,corpus,MOSP_Instances,benchmarks/instances/MOSP_Instances/Chu_Stuckey/Random-75-75-10-3.txt,0.033
12,6,True,0,0,False,,False,0,355,Random-75-75-10-4_0,75,75,65,,,,,,corpus,MOSP_Instances,benchmarks/instances/MOSP_Instances/Chu_Stuckey/Random-75-75-10-4.txt,0.03
12,6,True,0,0,False,,False,0,823,Random-75-75-10-5_0,75,75,63,,,,,,corpus,MOSP_Instances,benchmarks/instances/MOSP_Instances/Chu_Stuckey/Random-75-75-10-5.txt,0.039
12,6,True,0,0,False,,False,0,400533,Random-75-75-2-1_0,75,75,16,,,,,,corpus,MOSP_Instances,benchmarks/instances/MOSP_Instances/Chu_Stuckey/Random-75-75-2-1.txt,4.922
12,6,True,0,0,False,,False,0,16800,SP2,50,50,19,,,,,,corpus,ChallengeInstances2005,benchmarks/instances/ChallengeInstances2005/Wilson/sp4.txt,0.247
12,6,True,0,0,False,,False,0,1473290,SP3,75,75,34,,,,,,corpus,ChallengeInstances2005,benchmarks/instances/ChallengeInstances2005/Wilson/sp4.txt,18.86
12,6,True,0,0,False,,False,0,2,GP1_0,50,50,45,,,,,,corpus,MOSP_Instances,benchmarks/instances/MOSP_Instances/Challenge/GP1.txt,0.02
12,6,True,0,0,False,,False,0,4,GP2_0,50,50,40,,,,,,corpus,MOSP_Instances,benchmarks/instances/MOSP_Instances/Challenge/GP2.txt,0.019
12,6,True,0,0,False,,False,0,1441982,Random-75-75-4-5_0,75,75,32,,,,,,corpus,MOSP_Instances,benchmarks/instances/MOSP_Instances/Chu_Stuckey/Random-75-75-4-5.txt,17.375
12,6,True,0,0,False,,False,0,126935,Random-75-75-6-1_0,75,75,49,,,,,,corpus,MOSP_Instances,benchmarks/instances/MOSP_Instances/Chu_Stuckey/Random-75-75-6-1.txt,1.917
12,6,True,0,0,False,,False,0,37122,Random-75-75-6-2_0,75,75,52,,,,,,corpus,MOSP_Instances,benchmarks/instances/MOSP_Instances/Chu_Stuckey/Random-75-75-6-2.txt,0.754
12,6,True,0,0,False,,False,0,37039,Random-75-75-6-3_0,75,75,51,,,,,,corpus,MOSP_Instances,benchmarks/instances/MOSP_Instances/Chu_Stuckey/Random-75-75-6-3.txt,0.959
12,6,True,0,0,False,,False,0,92992,Random-75-75-6-4_0,75,75,47,,,,,,corpus,MOSP_Instances,benchmarks/instances/MOSP_Instances/Chu_Stuckey/Random-75-75-6-4.txt,1.492
12,6,True,0,0,False,,False,0,88537,Random-75-75-6-5_0,75,75,51,,,,,,corpus,MOSP_Instances,benchmarks/instances/MOSP_Instances/Chu_Stuckey/Random-75-75-6-5.txt,1.441
12,6,True,0,0,False,,False,0,2670,Random-75-75-8-1_0,75,75,58,,,,,,corpus,MOSP_Instances,benchmarks/instances/MOSP_Instances/Chu_Stuckey/Random-75-75-8-1.txt,0.101
12,6,True,0,0,False,,False,0,1851,Random-75-75-8-2_0,75,75,61,,,,,,corpus,MOSP_Instances,benchmarks/instances/MOSP_Instances/Chu_Stuckey/Random-75-75-8-2.txt,0.08
12,6,True,0,0,False,,False,0,3050,Random-75-75-8-3_0,75,75,60,,,,,,corpus,MOSP_Instances,benchmarks/instances/MOSP_Instances/Chu_Stuckey/Random-75-75-8-3.txt,0.109
12,6,True,0,0,False,,False,0,4765,Random-75-75-8-4_0,75,75,59,,,,,,corpus,MOSP_Instances,benchmarks/instances/MOSP_Instances/Chu_Stuckey/Random-75-75-8-4.txt,0.158
12,6,True,0,0,False,,False,0,5904,Random-75-75-8-5_0,75,75,59,,,,,,corpus,MOSP_Instances,benchmarks/instances/MOSP_Instances/Chu_Stuckey/Random-75-75-8-5.txt,0.175
12,6,True,0,0,False,,False,0,167,p1050n1_0,50,10,9,,,,,,corpus,MOSP_Instances,benchmarks/instances/MOSP_Instances/Faggioli_Bentivoglio/p1050n1.txt,0.012
12,6,True,0,0,False,,False,0,65,p1050n10_0,50,10,8,,,,,,corpus,MOSP_Instances,benchmarks/instances/MOSP_Instances/Faggioli_Bentivoglio/p1050n10.txt,0.01
12,6,True,0,0,False,,False,0,70,p1050n2_0,50,10,9,,,,,,corpus,MOSP_Instances,benchmarks/instances/MOSP_Instances/Faggioli_Bentivoglio/p1050n2.txt,0.01
12,6,True,0,0,False,,False,0,22,p1050n3_0,50,10,7,,,,,,corpus,MOSP_Instances,benchmarks/instances/MOSP_Instances/Faggioli_Bentivoglio/p1050n3.txt,0.009
12,6,True,0,0,False,,False,0,20,p1050n4_0,50,10,7,,,,,,corpus,MOSP_Instances,benchmarks/instances/MOSP_Instances/Faggioli_Bentivoglio/p1050n4.txt,0.009
12,6,True,0,0,False,,False,0,77,p1050n5_0,50,10,9,,,,,,corpus,MOSP_Instances,benchmarks/instances/MOSP_Instances/Faggioli_Bentivoglio/p1050n5.txt,0.011
12,6,True,0,0,False,,False,0,95,p1050n6_0,50,10,9,,,,,,corpus,MOSP_Instances,benchmarks/instances/MOSP_Instances/Faggioli_Bentivoglio/p1050n6.txt,0.01
12,6,True,0,0,False,,False,0,77,p1050n7_0,50,10,8,,,,,,corpus,MOSP_Instances,benchmarks/instances/MOSP_Instances/Faggioli_Bentivoglio/p1050n7.txt,0.01
12,6,True,0,0,False,,False,0,52,p1050n8_0,50,10,8,,,,,,corpus,MOSP_Instances,benchmarks/instances/MOSP_Instances/Faggioli_Bentivoglio/p1050n8.txt,0.01
12,6,True,0,0,False,,False,0,56,p1050n9_0,50,10,8,,,,,,corpus,MOSP_Instances,benchmarks/instances/MOSP_Instances/Faggioli_Bentivoglio/p1050n9.txt,0.009
12,6,True,0,0,False,,False,0,314,p1550n1_0,50,15,8,,,,,,corpus,MOSP_Instances,benchmarks/instances/MOSP_Instances/Faggioli_Bentivoglio/p1550n1.txt,0.016
12,6,True,0,0,False,,False,0,329,p1550n10_0,50,15,8,,,,,,corpus,MOSP_Instances,benchmarks/instances/MOSP_Instances/Faggioli_Bentivoglio/p1550n10.txt,0.018
12,6,True,0,0,False,,False,0,588,p1550n2_0,50,15,8,,,,,,corpus,MOSP_Instances,benchmarks/instances/MOSP_Instances/Faggioli_Bentivoglio/p1550n2.txt,0.02
12,6,True,0,0,False,,False,0,541,p1550n3_0,50,15,8,,,,,,corpus,MOSP_Instances,benchmarks/instances/MOSP_Instances/Faggioli_Bentivoglio/p1550n3.txt,0.021
12,6,True,0,0,False,,False,0,200,p1550n4_0,50,15,7,,,,,,corpus,MOSP_Instances,benchmarks/instances/MOSP_Instances/Faggioli_Bentivoglio/p1550n4.txt,0.015
12,6,True,0,0,False,,False,0,96,p1550n5_0,50,15,7,,,,,,corpus,MOSP_Instances,benchmarks/instances/MOSP_Instances/Faggioli_Bentivoglio/p1550n5.txt,0.012
12,6,True,0,0,False,,False,0,605,p1550n6_0,50,15,7,,,,,,corpus,MOSP_Instances,benchmarks/instances/MOSP_Instances/Faggioli_Bentivoglio/p1550n6.txt,0.022
12,6,True,0,0,False,,False,0,63,p1550n7_0,50,15,6,,,,,,corpus,MOSP_Instances,benchmarks/instances/MOSP_Instances/Faggioli_Bentivoglio/p1550n7.txt,0.012
12,6,True,0,0,False,,False,0,500,p1550n8_0,50,15,8,,,,,,corpus,MOSP_Instances,benchmarks/instances/MOSP_Instances/Faggioli_Bentivoglio/p1550n8.txt,0.022
12,6,True,0,0,False,,False,0,188,p1550n9_0,50,15,7,,,,,,corpus,MOSP_Instances,benchmarks/instances/MOSP_Instances/Faggioli_Bentivoglio/p1550n9.txt,0.016
12,6,True,0,0,False,,False,0,247,p2050n1_0,50,20,7,,,,,,corpus,MOSP_Instances,benchmarks/instances/MOSP_Instances/Faggioli_Bentivoglio/p2050n1.txt,0.018
12,6,True,0,0,False,,False,0,1487,p2050n10_0,50,20,9,,,,,,corpus,MOSP_Instances,benchmarks/instances/MOSP_Instances/Faggioli_Bentivoglio/p2050n10.txt,0.058
12,6,True,0,0,False,,False,0,216,p2050n2_0,50,20,7,,,,,,corpus,MOSP_Instances,benchmarks/instances/MOSP_Instances/Faggioli_Bentivoglio/p2050n2.txt,0.025
12,6,True,0,0,False,,False,0,673,p2050n3_0,50,20,8,,,,,,corpus,MOSP_Instances,benchmarks/instances/MOSP_Instances/Faggioli_Bentivoglio/p2050n3.txt,0.027
12,6,True,0,0,False,,False,0,539,p2050n4_0,50,20,8,,,,,,corpus,MOSP_Instances,benchmarks/instances/MOSP_Instances/Faggioli_Bentivoglio/p2050n4.txt,0.024
12,6,True,0,0,False,,False,0,270,p2050n5_0,50,20,7,,,,,,corpus,MOSP_Instances,benchmarks/instances/MOSP_Instances/Faggioli_Bentivoglio/p2050n5.txt,0.018
12,6,True,0,0,False,,False,0,254,p2050n6_0,50,20,8,,,,,,corpus,MOSP_Instances,benchmarks/instances/MOSP_Instances/Faggioli_Bentivoglio/p2050n6.txt,0.019
12,6,True,0,0,False,,False,0,548,p2050n7_0,50,20,8,,,,,,corpus,MOSP_Instances,benchmarks/instances/MOSP_Instances/Faggioli_Bentivoglio/p2050n7.txt,0.023
12,6,True,0,0,False,,False,0,752,p2050n8_0,50,20,7,,,,,,corpus,MOSP_Instances,benchmarks/instances/MOSP_Instances/Faggioli_Bentivoglio/p2050n8.txt,0.035
12,6,True,0,0,False,,False,0,2579,p2050n9_0,50,20,10,,,,,,corpus,MOSP_Instances,benchmarks/instances/MOSP_Instances/Faggioli_Bentivoglio/p2050n9.txt,0.059
12,6,True,0,0,False,,False,0,646,p2550n1_0,50,25,9,,,,,,corpus,MOSP_Instances,benchmarks/instances/MOSP_Instances/Faggioli_Bentivoglio/p2550n1.txt,0.029
12,6,True,0,0,False,,False,0,3211,p2550n10_0,50,25,11,,,,,,corpus,MOSP_Instances,benchmarks/instances/MOSP_Instances/Faggioli_Bentivoglio/p2550n10.txt,0.078
12,6,True,0,0,False,,False,0,9288,p2550n2_0,50,25,11,,,,,,corpus,MOSP_Instances,benchmarks/instances/MOSP_Instances/Faggioli_Bentivoglio/p2550n2.txt,0.192
12,6,True,0,0,False,,False,0,1910,p2550n3_0,50,25,9,,,,,,corpus,MOSP_Instances,benchmarks/instances/MOSP_Instances/Faggioli_Bentivoglio/p2550n3.txt,0.054
12,6,True,0,0,False,,False,0,2155,p2550n4_0,50,25,10,,,,,,corpus,MOSP_Instances,benchmarks/instances/MOSP_Instances/Faggioli_Bentivoglio/p2550n4.txt,0.055
12,6,True,0,0,False,,False,0,1377,p2550n5_0,50,25,10,,,,,,corpus,MOSP_Instances,benchmarks/instances/MOSP_Instances/Faggioli_Bentivoglio/p2550n5.txt,0.043
12,6,True,0,0,False,,False,0,1164,p2550n6_0,50,25,9,,,,,,corpus,MOSP_Instances,benchmarks/instances/MOSP_Instances/Faggioli_Bentivoglio/p2550n6.txt,0.046
12,6,True,0,0,False,,False,0,3833,p2550n7_0,50,25,10,,,,,,corpus,MOSP_Instances,benchmarks/instances/MOSP_Instances/Faggioli_Bentivoglio/p2550n7.txt,0.089
12,6,True,0,0,False,,False,0,6532,p2550n8_0,50,25,11,,,,,,corpus,MOSP_Instances,benchmarks/instances/MOSP_Instances/Faggioli_Bentivoglio/p2550n8.txt,0.135
12,6,True,0,0,False,,False,0,1791,p2550n9_0,50,25,10,,,,,,corpus,MOSP_Instances,benchmarks/instances/MOSP_Instances/Faggioli_Bentivoglio/p2550n9.txt,0.048
12,6,True,0,0,False,,False,0,4003,p3050n1_0,50,30,11,,,,,,corpus,MOSP_Instances,benchmarks/instances/MOSP_Instances/Faggioli_Bentivoglio/p3050n1.txt,0.105
12,6,True,0,0,False,,False,0,3338,p3050n10_0,50,30,12,,,,,,corpus,MOSP_Instances,benchmarks/instances/MOSP_Instances/Faggioli_Bentivoglio/p3050n10.txt,0.077
12,6,True,0,0,False,,False,0,5370,p3050n2_0,50,30,11,,,,,,corpus,MOSP_Instances,benchmarks/instances/MOSP_Instances/Faggioli_Bentivoglio/p3050n2.txt,0.121
12,6,True,0,0,False,,False,0,1484,p3050n3_0,50,30,8,,,,,,corpus,MOSP_Instances,benchmarks/instances/MOSP_Instances/Faggioli_Bentivoglio/p3050n3.txt,0.042
12,6,True,0,0,False,,False,0,2239,p3050n4_0,50,30,11,,,,,,corpus,MOSP_Instances,benchmarks/instances/MOSP_Instances/Faggioli_Bentivoglio/p3050n4.txt,0.078
12,6,True,0,0,False,,False,0,9167,p3050n5_0,50,30,12,,,,,,corpus,MOSP_Instances,benchmarks/instances/MOSP_Instances/Faggioli_Bentivoglio/p3050n5.txt,0.195
12,6,True,0,0,False,,False,0,13267,p3050n6_0,50,30,13,,,,,,corpus,MOSP_Instances,benchmarks/instances/MOSP_Instances/Faggioli_Bentivoglio/p3050n6.txt,0.276
12,6,True,0,0,False,,False,0,6359,p3050n7_0,50,30,12,,,,,,corpus,MOSP_Instances,benchmarks/instances/MOSP_Instances/Faggioli_Bentivoglio/p3050n7.txt,0.142
12,6,True,0,0,False,,False,0,2410,p3050n8_0,50,30,10,,,,,,corpus,MOSP_Instances,benchmarks/instances/MOSP_Instances/Faggioli_Bentivoglio/p3050n8.txt,0.061
12,6,True,0,0,False,,False,0,11394,p3050n9_0,50,30,12,,,,,,corpus,MOSP_Instances,benchmarks/instances/MOSP_Instances/Faggioli_Bentivoglio/p3050n9.txt,0.227
12,6,True,0,0,False,,False,0,13886,p4050n1_0,50,40,14,,,,,,corpus,MOSP_Instances,benchmarks/instances/MOSP_Instances/Faggioli_Bentivoglio/p4050n1.txt,0.336
12,6,True,0,0,False,,False,0,4482,p4050n10_0,50,40,14,,,,,,corpus,MOSP_Instances,benchmarks/instances/MOSP_Instances/Faggioli_Bentivoglio/p4050n10.txt,0.116
12,6,True,0,0,False,,False,0,34561,p4050n2_0,50,40,15,,,,,,corpus,MOSP_Instances,benchmarks/instances/MOSP_Instances/Faggioli_Bentivoglio/p4050n2.txt,0.602
12,6,True,0,0,False,,False,0,32817,p4050n3_0,50,40,15,,,,,,corpus,MOSP_Instances,benchmarks/instances/MOSP_Instances/Faggioli_Bentivoglio/p4050n3.txt,0.572
12,6,True,0,0,False,,False,0,18495,p4050n4_0,50,40,14,,,,,,corpus,MOSP_Instances,benchmarks/instances/MOSP_Instances/Faggioli_Bentivoglio/p4050n4.txt,0.454
12,6,True,0,0,False,,False,0,33130,p4050n5_0,50,40,15,,,,,,corpus,MOSP_Instances,benchmarks/instances/MOSP_Instances/Faggioli_Bentivoglio/p4050n5.txt,0.588
12,6,True,0,0,False,,False,0,19350,p4050n6_0,50,40,15,,,,,,corpus,MOSP_Instances,benchmarks/instances/MOSP_Instances/Faggioli_Bentivoglio/p4050n6.txt,0.463
12,6,True,0,0,False,,False,0,39230,p4050n7_0,50,40,14,,,,,,corpus,MOSP_Instances,benchmarks/instances/MOSP_Instances/Faggioli_Bentivoglio/p4050n7.txt,0.704
12,6,True,0,0,False,,False,0,12166,p4050n8_0,50,40,15,,,,,,corpus,MOSP_Instances,benchmarks/instances/MOSP_Instances/Faggioli_Bentivoglio/p4050n8.txt,0.26
12,6,True,0,0,False,,False,0,28644,p4050n9_0,50,40,15,,,,,,corpus,MOSP_Instances,benchmarks/instances/MOSP_Instances/Faggioli_Bentivoglio/p4050n9.txt,0.542
12,6,True,0,0,False,,False,0,525,scoop-A_FA+AA-_12_0,75,20,9,,,,,,corpus,MOSP_Instances,benchmarks/instances/MOSP_Instances/SCOOP/scoop-A_FA+AA-_12.txt,0.028
12,6,True,0,0,False,,False,0,370,scoop-A_FA+AA-_15_0,68,18,9,,,,,,corpus,MOSP_Instances,benchmarks/instances/MOSP_Instances/SCOOP/scoop-A_FA+AA-_15.txt,0.025
12,6,True,0,0,False,,False,0,1583,scoop-A_FA+AA-_2_0,75,19,11,,,,,,corpus,MOSP_Instances,benchmarks/instances/MOSP_Instances/SCOOP/scoop-A_FA+AA-_2.txt,0.049
12,6,True,0,0,False,,False,0,1881,scoop-B_REVAL_145_0,60,49,7,,,,,,corpus,MOSP_Instances,benchmarks/instances/MOSP_Instances/SCOOP/scoop-B_REVAL_145.txt,0.055
12,6,True,0,0,False,,False,0,542705,Random-75-75-4-1_0,75,75,35,,,,,,corpus,MOSP_Instances,benchmarks/instances/MOSP_Instances/Chu_Stuckey/Random-75-75-4-1.txt,6.134
12,6,True,0,0,False,,False,0,334079,Random-75-75-4-2_0,75,75,35,,,,,,corpus,MOSP_Instances,benchmarks/instances/MOSP_Instances/Chu_Stuckey/Random-75-75-4-2.txt,3.434
12,6,True,0,0,False,,False,0,3067355,Random-75-75-4-3_0,75,75,37,,,,,,corpus,MOSP_Instances,benchmarks/instances/MOSP_Instances/Chu_Stuckey/Random-75-75-4-3.txt,32.303
12,6,True,0,0,False,,False,0,2056912,Random-75-75-4-4_0,75,75,32,,,,,,corpus,MOSP_Instances,benchmarks/instances/MOSP_Instances/Chu_Stuckey/Random-75-75-4-4.txt,19.158
12,6,True,0,0,False,,False,0,2636329,Random-75-75-2-2_0,75,75,17,,,,,,corpus,MOSP_Instances,benchmarks/instances/MOSP_Instances/Chu_Stuckey/Random-75-75-2-2.txt,23.765
12,6,True,0,0,False,,False,0,1037072,Random-75-75-2-3_0,75,75,17,,,,,,corpus,MOSP_Instances,benchmarks/instances/MOSP_Instances/Chu_Stuckey/Random-75-75-2-3.txt,9.485
12,6,True,0,0,False,,False,0,3677209,Random-75-75-2-4_0,75,75,13,,,,,,corpus,MOSP_Instances,benchmarks/instances/MOSP_Instances/Chu_Stuckey/Random-75-75-2-4.txt,26.115
12,6,True,0,0,False,,False,0,4312134,Random-75-75-2-5_0,75,75,16,,,,,,corpus,MOSP_Instances,benchmarks/instances/MOSP_Instances/Chu_Stuckey/Random-75-75-2-5.txt,34.698
12,6,True,0,0,False,,False,0,21100867,ens_f_n75_m75_d4_i004,75,75,30,,,,,,campaign,f_n75_m75_d4,,152.601
12,6,True,0,0,False,,False,0,2417987,ens_f_n75_m75_d4_i005,75,75,30,,,,,,campaign,f_n75_m75_d4,,20.074
12,6,True,0,0,False,,False,0,12149113,ens_f_n75_m75_d4_i006,75,75,31,,,,,,campaign,f_n75_m75_d4,,99.837
12,6,True,0,0,False,,False,0,3944623,ens_f_n75_m75_d4_i007,75,75,30,,,,,,campaign,f_n75_m75_d4,,31.482
12,6,True,0,0,False,,False,0,61854205,ens_f_n75_m150_d2_i000,75,150,14,,,,,,campaign,f_n75_m150_d2,,446.11
12,6,True,0,0,False,,False,0,323924497,ens_f_n75_m150_d2_i001,75,150,16,,,,,,campaign,f_n75_m150_d2,,1709.198
12,6,True,0,0,False,,False,0,295836938,ens_f_n75_m150_d2_i002,75,150,16,,,,,,campaign,f_n75_m150_d2,,1223.195
12,6,True,0,0,False,,False,0,7175432,ens_f_n75_m150_d2_i003,75,150,14,,,,,,campaign,f_n75_m150_d2,,48.785
12,6,True,0,0,False,,False,0,129518213,ens_f_n75_m150_d2_i004,75,150,16,,,,,,campaign,f_n75_m150_d2,,1172.354
12,6,True,0,0,False,,False,0,315407857,ens_f_n75_m150_d2_i005,75,150,15,,,,,,campaign,f_n75_m150_d2,,1395.304
12,6,True,0,0,False,,False,0,435192030,ens_f_n75_m150_d2_i006,75,150,17,,,,,,campaign,f_n75_m150_d2,,1954.093
12,6,True,0,0,False,,False,0,27567444,ens_f_n75_m150_d2_i007,75,150,15,,,,,,campaign,f_n75_m150_d2,,185.256
