set,name,n,m,widest,setting,width,proof,lower,upper_start,nodes,seconds,budget,count_k,count_status,count_nodes,count_seconds,filter_calls,definite_prefilter,definite_match_fail,definite_fires,definite_lost,better_prefilter,better_match_fail,better_pruned
vsplib-tree,TREE_22_3_rot1,22,21,22,repaired,3,refutation,1,3,107,0.001,120.0,3,unsat,107,0.001,73,68,0,68,0,0,0,0
vsplib-tree,TREE_22_3_rot1,22,21,22,old,3,refutation,1,3,107,0.001,120.0,3,unsat,107,0.0003,73,68,0,68,0,0,0,0
vsplib-tree,TREE_22_3_rot2,22,21,22,old,3,refutation,1,3,102,0.001,120.0,3,unsat,102,0.0003,69,64,0,64,0,0,0,0
vsplib-tree,TREE_22_3_rot2,22,21,22,repaired,3,refutation,1,3,102,0.0,120.0,3,unsat,102,0.0002,69,64,0,64,0,0,0,0
vsplib-tree,TREE_22_3_rot3,22,21,22,repaired,3,refutation,1,3,90,0.0,120.0,3,unsat,90,0.0002,61,57,0,57,0,0,0,0
vsplib-tree,TREE_22_3_rot3,22,21,22,old,3,refutation,1,3,90,0.0,120.0,3,unsat,90,0.0002,61,57,0,57,0,0,0,0
vsplib-tree,TREE_22_3_rot4,22,21,22,old,3,refutation,1,3,97,0.0,120.0,3,unsat,97,0.0003,65,60,0,60,0,0,0,0
vsplib-tree,TREE_22_3_rot4,22,21,22,repaired,3,refutation,1,3,97,0.0,120.0,3,unsat,97,0.0002,65,60,0,60,0,0,0,0
vsplib-tree,TREE_22_3_rot5,22,21,22,repaired,3,refutation,1,3,90,0.0,120.0,3,unsat,90,0.0002,61,57,0,57,0,0,0,0
vsplib-tree,TREE_22_3_rot5,22,21,22,old,3,refutation,1,3,90,0.0,120.0,3,unsat,90,0.0002,61,57,0,57,0,0,0,0
vsplib-tree,TREE_67_4_rot1,67,66,67,old,4,refutation,1,4,4355,0.011,120.0,4,unsat,4355,0.0063,2789,2709,0,2709,0,0,0,0
vsplib-tree,TREE_67_4_rot1,67,66,67,repaired,4,refutation,1,4,4355,0.008,120.0,4,unsat,4355,0.0083,2789,2709,0,2709,0,0,0,0
vsplib-tree,TREE_67_4_rot2,67,66,67,repaired,4,refutation,1,4,4309,0.008,120.0,4,unsat,4309,0.006,2761,2682,0,2682,0,0,0,0
vsplib-tree,TREE_67_4_rot2,67,66,67,old,4,refutation,1,4,4309,0.008,120.0,4,unsat,4309,0.0062,2761,2682,0,2682,0,0,0,0
vsplib-tree,TREE_67_4_rot3,67,66,67,old,4,refutation,1,4,3881,0.007,120.0,4,unsat,3881,0.0052,2517,2446,0,2446,0,0,0,0
vsplib-tree,TREE_67_4_rot3,67,66,67,repaired,4,refutation,1,4,3881,0.007,120.0,4,unsat,3881,0.0048,2517,2446,0,2446,0,0,0,0
vsplib-tree,TREE_67_4_rot4,67,66,67,repaired,4,refutation,1,4,4306,0.007,120.0,4,unsat,4306,0.0046,2759,2680,0,2680,0,0,0,0
vsplib-tree,TREE_67_4_rot4,67,66,67,old,4,refutation,1,4,4306,0.006,120.0,4,unsat,4306,0.0044,2759,2680,0,2680,0,0,0,0
vsplib-tree,TREE_67_4_rot5,67,66,67,old,4,refutation,1,4,3880,0.005,120.0,4,unsat,3880,0.004,2516,2445,0,2445,0,0,0,0
vsplib-tree,TREE_67_4_rot5,67,66,67,repaired,4,refutation,1,4,3880,0.005,120.0,4,unsat,3880,0.004,2516,2445,0,2445,0,0,0,0
vsplib-tree,TREE_202_5_rot3,202,201,202,old,5,refutation,1,5,1880937,1.808,120.0,,,,,,,,,,,,
vsplib-tree,TREE_202_5_rot3,202,201,202,repaired,5,refutation,1,5,1897353,1.885,120.0,,,,,,,,,,,,
vsplib-tree,TREE_202_5_rot57,202,201,202,repaired,5,refutation,1,5,1925668,1.928,120.0,,,,,,,,,,,,
vsplib-tree,TREE_202_5_rot57,202,201,202,old,5,refutation,1,5,1909008,1.815,120.0,,,,,,,,,,,,
vsplib-tree,TREE_202_5_rot4,202,201,202,repaired,5,refutation,1,5,2057701,2.03,120.0,,,,,,,,,,,,
vsplib-tree,TREE_202_5_rot4,202,201,202,old,5,refutation,1,5,2040575,1.951,120.0,,,,,,,,,,,,
vsplib-tree,TREE_202_5_rot1,202,201,202,old,5,refutation,1,5,2048795,1.975,120.0,,,,,,,,,,,,
vsplib-tree,TREE_202_5_rot1,202,201,202,repaired,5,refutation,1,5,2065965,2.047,120.0,,,,,,,,,,,,
vsplib-tree,TREE_202_5_rot2,202,201,202,repaired,5,refutation,1,5,2063798,2.124,120.0,,,,,,,,,,,,
vsplib-tree,TREE_202_5_rot2,202,201,202,old,5,refutation,1,5,2046650,1.946,120.0,,,,,,,,,,,,
vsplib-tree,TREE_202_5_rot56,202,201,202,old,5,refutation,1,5,1888842,1.991,120.0,,,,,,,,,,,,
vsplib-tree,TREE_202_5_rot56,202,201,202,repaired,5,refutation,1,5,1905098,2.091,120.0,,,,,,,,,,,,
vsplib-tree,TREE_202_5_rot60,202,201,202,old,5,refutation,1,5,2038726,2.091,120.0,,,,,,,,,,,,
vsplib-tree,TREE_202_5_rot60,202,201,202,repaired,5,refutation,1,5,2055496,2.206,120.0,,,,,,,,,,,,
vsplib-tree,TREE_202_5_rot58,202,201,202,old,5,refutation,1,5,2074638,2.712,120.0,,,,,,,,,,,,
vsplib-tree,TREE_202_5_rot58,202,201,202,repaired,5,refutation,1,5,2091232,3.045,120.0,,,,,,,,,,,,
vsplib-tree,TREE_202_5_rot59,202,201,202,repaired,5,refutation,1,5,2056762,3.013,120.0,,,,,,,,,,,,
vsplib-tree,TREE_202_5_rot59,202,201,202,old,5,refutation,1,5,2040132,3.045,120.0,,,,,,,,,,,,
vsplib-tree,TREE_22_3_rot1,22,21,22,old,3,refutation,1,3,121,0.001,120.0,3,unsat,121,0.0007,83,77,0,77,0,0,0,0
vsplib-tree,TREE_22_3_rot1,22,21,22,repaired,3,refutation,1,3,121,0.001,120.0,3,unsat,121,0.0003,83,77,0,77,0,0,0,0
vsplib-tree,TREE_22_3_rot2,22,21,22,repaired,3,refutation,1,3,90,0.001,120.0,3,unsat,90,0.0003,61,57,0,57,0,0,0,0
vsplib-tree,TREE_22_3_rot2,22,21,22,old,3,refutation,1,3,90,0.001,120.0,3,unsat,90,0.0003,61,57,0,57,0,0,0,0
vsplib-tree,TREE_22_3_rot3,22,21,22,old,3,refutation,1,3,111,0.001,120.0,3,unsat,111,0.0003,75,69,0,69,0,0,0,0
vsplib-tree,TREE_22_3_rot3,22,21,22,repaired,3,refutation,1,3,111,0.001,120.0,3,unsat,111,0.0003,75,69,0,69,0,0,0,0
vsplib-tree,TREE_22_3_rot4,22,21,22,repaired,3,refutation,1,3,101,0.001,120.0,3,unsat,101,0.0003,67,61,0,61,0,0,0,0
vsplib-tree,TREE_22_3_rot4,22,21,22,old,3,refutation,1,3,101,0.0,120.0,3,unsat,101,0.0003,67,61,0,61,0,0,0,0
vsplib-tree,TREE_22_3_rot5,22,21,22,old,3,refutation,1,3,90,0.001,120.0,3,unsat,90,0.0003,61,57,0,57,0,0,0,0
vsplib-tree,TREE_22_3_rot5,22,21,22,repaired,3,refutation,1,3,90,0.0,120.0,3,unsat,90,0.0003,61,57,0,57,0,0,0,0
vsplib-tree,TREE_67_4_rot10,67,66,67,repaired,4,refutation,1,4,4475,0.01,120.0,4,unsat,4475,0.0073,2823,2736,0,2736,0,0,0,0
vsplib-tree,TREE_67_4_rot10,67,66,67,old,4,refutation,1,4,4475,0.009,120.0,4,unsat,4475,0.007,2823,2736,0,2736,0,0,0,0
vsplib-tree,TREE_67_4_rot6,67,66,67,old,4,refutation,1,4,3857,0.008,120.0,4,unsat,3857,0.0063,2573,2506,0,2506,0,0,0,0
vsplib-tree,TREE_67_4_rot6,67,66,67,repaired,4,refutation,1,4,3857,0.008,120.0,4,unsat,3857,0.0063,2573,2506,0,2506,0,0,0,0
vsplib-tree,TREE_67_4_rot7,67,66,67,repaired,4,refutation,1,4,3618,0.008,120.0,4,unsat,3618,0.006,2348,2281,0,2281,0,0,0,0
vsplib-tree,TREE_67_4_rot7,67,66,67,old,4,refutation,1,4,3618,0.008,120.0,4,unsat,3618,0.0057,2348,2281,0,2281,0,0,0,0
vsplib-tree,TREE_67_4_rot8,67,66,67,old,4,refutation,1,4,4658,0.009,120.0,4,unsat,4658,0.0075,2943,2854,0,2854,0,0,0,0
vsplib-tree,TREE_67_4_rot8,67,66,67,repaired,4,refutation,1,4,4658,0.01,120.0,4,unsat,4658,0.0076,2943,2854,0,2854,0,0,0,0
vsplib-tree,TREE_67_4_rot9,67,66,67,repaired,4,refutation,1,4,3618,0.008,120.0,4,unsat,3618,0.006,2348,2281,0,2281,0,0,0,0
vsplib-tree,TREE_67_4_rot9,67,66,67,old,4,refutation,1,4,3618,0.008,120.0,4,unsat,3618,0.0059,2348,2281,0,2281,0,0,0,0
vsplib-tree,TREE_202_5_rot56,202,201,202,old,5,refutation,1,5,2631248,2.467,120.0,,,,,,,,,,,,
vsplib-tree,TREE_202_5_rot56,202,201,202,repaired,5,refutation,1,5,2631248,2.522,120.0,,,,,,,,,,,,
vsplib-tree,TREE_202_5_rot10,202,201,202,repaired,5,refutation,1,5,2973872,4.352,120.0,,,,,,,,,,,,
vsplib-tree,TREE_202_5_rot10,202,201,202,old,5,refutation,1,5,2973872,4.258,120.0,,,,,,,,,,,,
vsplib-tree,TREE_22_3_rot1,22,21,22,old,3,refutation,1,3,132,0.001,120.0,3,unsat,132,0.0004,91,84,0,84,0,0,0,0
vsplib-tree,TREE_22_3_rot1,22,21,22,repaired,3,refutation,1,3,132,0.001,120.0,3,unsat,132,0.0004,91,84,0,84,0,0,0,0
vsplib-tree,TREE_22_3_rot2,22,21,22,repaired,3,refutation,1,3,90,0.001,120.0,3,unsat,90,0.0003,61,57,0,57,0,0,0,0
vsplib-tree,TREE_22_3_rot2,22,21,22,old,3,refutation,1,3,90,0.001,120.0,3,unsat,90,0.0003,61,57,0,57,0,0,0,0
vsplib-tree,TREE_22_3_rot3,22,21,22,old,3,refutation,1,3,117,0.001,120.0,3,unsat,117,0.0003,79,72,0,72,0,0,0,0
vsplib-tree,TREE_22_3_rot3,22,21,22,repaired,3,refutation,1,3,117,0.001,120.0,3,unsat,117,0.0003,79,72,0,72,0,0,0,0
vsplib-tree,TREE_22_3_rot4,22,21,22,repaired,3,refutation,1,3,90,0.001,120.0,3,unsat,90,0.0003,61,57,0,57,0,0,0,0
vsplib-tree,TREE_22_3_rot4,22,21,22,old,3,refutation,1,3,90,0.0,120.0,3,unsat,90,0.0003,61,57,0,57,0,0,0,0
vsplib-tree,TREE_22_3_rot5,22,21,22,old,3,refutation,1,3,102,0.0,120.0,3,unsat,102,0.0003,67,60,0,60,0,0,0,0
vsplib-tree,TREE_22_3_rot5,22,21,22,repaired,3,refutation,1,3,102,0.0,120.0,3,unsat,102,0.0003,67,60,0,60,0,0,0,0
vsplib-tree,TREE_202_5_rot57,202,201,202,repaired,5,refutation,1,5,2692293,2.589,120.0,,,,,,,,,,,,
vsplib-tree,TREE_202_5_rot57,202,201,202,old,5,refutation,1,5,2692293,2.497,120.0,,,,,,,,,,,,
vsplib-tree,TREE_67_4_rot11,67,66,67,repaired,4,refutation,1,4,2959,0.007,120.0,4,unsat,2959,0.0059,1900,1842,0,1842,0,0,0,0
vsplib-tree,TREE_67_4_rot11,67,66,67,old,4,refutation,1,4,2959,0.007,120.0,4,unsat,2959,0.0049,1900,1842,0,1842,0,0,0,0
vsplib-tree,TREE_67_4_rot12,67,66,67,old,4,refutation,1,4,3996,0.006,120.0,4,unsat,3996,0.0048,2472,2384,0,2384,0,0,0,0
vsplib-tree,TREE_67_4_rot12,67,66,67,repaired,4,refutation,1,4,3996,0.006,120.0,4,unsat,3996,0.0044,2472,2384,0,2384,0,0,0,0
vsplib-tree,TREE_67_4_rot13,67,66,67,repaired,4,refutation,1,4,3112,0.007,120.0,4,unsat,3112,0.0053,2047,1989,0,1989,0,0,0,0
vsplib-tree,TREE_67_4_rot13,67,66,67,old,4,refutation,1,4,3112,0.007,120.0,4,unsat,3112,0.0051,2047,1989,0,1989,0,0,0,0
vsplib-tree,TREE_67_4_rot14,67,66,67,old,4,refutation,1,4,2914,0.004,120.0,4,unsat,2914,0.0031,1867,1809,0,1809,0,0,0,0
vsplib-tree,TREE_67_4_rot14,67,66,67,repaired,4,refutation,1,4,2914,0.004,120.0,4,unsat,2914,0.0031,1867,1809,0,1809,0,0,0,0
vsplib-tree,TREE_202_5_rot60,202,201,202,old,5,refutation,1,5,2570989,2.371,120.0,,,,,,,,,,,,
vsplib-tree,TREE_202_5_rot60,202,201,202,repaired,5,refutation,1,5,2570989,2.475,120.0,,,,,,,,,,,,
vsplib-tree,TREE_67_4_rot15,67,66,67,repaired,4,refutation,1,4,4128,0.009,120.0,4,unsat,4128,0.0071,2553,2462,0,2462,0,0,0,0
vsplib-tree,TREE_67_4_rot15,67,66,67,old,4,refutation,1,4,4128,0.009,120.0,4,unsat,4128,0.0068,2553,2462,0,2462,0,0,0,0
vsplib-tree,TREE_202_5_rot6,202,201,202,repaired,5,refutation,1,5,2638003,2.552,120.0,,,,,,,,,,,,
vsplib-tree,TREE_202_5_rot6,202,201,202,old,5,refutation,1,5,2638003,2.423,120.0,,,,,,,,,,,,
vsplib-grids,grid_10,100,180,100,old,10,refutation,4,10,102037,0.101,120.0,10,unsat,102037,0.0829,36683,22373,0,22373,0,0,0,0
vsplib-grids,grid_10,100,180,100,repaired,10,refutation,4,10,102165,0.105,120.0,10,unsat,102165,0.085,36721,22424,27,22397,5,0,0,0
vsplib-tree,TREE_202_5_rot7,202,201,202,repaired,5,refutation,1,5,2650201,2.736,120.0,,,,,,,,,,,,
vsplib-tree,TREE_202_5_rot7,202,201,202,old,5,refutation,1,5,2650201,2.626,120.0,,,,,,,,,,,,
vsplib-tree,TREE_202_5_rot59,202,201,202,old,5,refutation,1,5,3007444,2.74,120.0,,,,,,,,,,,,
vsplib-tree,TREE_202_5_rot59,202,201,202,repaired,5,refutation,1,5,3007444,2.837,120.0,,,,,,,,,,,,
vsplib-tree,TREE_202_5_rot8,202,201,202,old,5,refutation,1,5,2999539,2.969,120.0,,,,,,,,,,,,
vsplib-tree,TREE_202_5_rot8,202,201,202,repaired,5,refutation,1,5,2999539,3.114,120.0,,,,,,,,,,,,
vsplib-grids,grid_11,121,220,121,repaired,11,refutation,4,11,451003,0.359,120.0,11,unsat,451003,0.3106,147145,86673,141,86532,28,0,0,0
vsplib-grids,grid_11,121,220,121,old,11,refutation,4,11,449997,0.353,120.0,11,unsat,449997,0.3034,146851,86389,0,86389,0,0,0,0
vsplib-tree,TREE_202_5_rot9,202,201,202,repaired,5,refutation,1,5,2649999,3.692,120.0,,,,,,,,,,,,
vsplib-tree,TREE_202_5_rot9,202,201,202,old,5,refutation,1,5,2649999,3.496,120.0,,,,,,,,,,,,
vsplib-tree,TREE_202_5_rot57,202,201,202,repaired,5,refutation,1,5,3320931,3.128,120.0,,,,,,,,,,,,
vsplib-tree,TREE_202_5_rot57,202,201,202,old,5,refutation,1,5,3320931,3.021,120.0,,,,,,,,,,,,
vsplib-grids,grid_12,144,264,144,old,12,refutation,4,12,2003850,3.078,120.0,,,,,,,,,,,,
vsplib-grids,grid_12,144,264,144,repaired,12,refutation,4,12,2012619,3.128,120.0,,,,,,,,,,,,
vsplib-tree,TREE_202_5_rot11,202,201,202,old,5,refutation,1,5,3377504,4.712,120.0,,,,,,,,,,,,
vsplib-tree,TREE_202_5_rot11,202,201,202,repaired,5,refutation,1,5,3377504,5.016,120.0,,,,,,,,,,,,
vsplib-grids,grid_13,169,312,169,repaired,13,refutation,4,13,40243841,31.748,120.0,,,,,,,,,,,,
vsplib-grids,grid_13,169,312,169,old,13,refutation,4,13,39551465,30.129,120.0,,,,,,,,,,,,
vsplib-grids,grid_14,196,364,196,old,14,budget,4,14,181092352,120.021,120.0,,,,,,,,,,,,
vsplib-grids,grid_14,196,364,196,repaired,14,budget,4,14,119259136,120.022,120.0,,,,,,,,,,,,
vsplib-grids,grid_15,225,420,225,repaired,15,budget,4,15,127049728,120.017,120.0,,,,,,,,,,,,
vsplib-grids,grid_15,225,420,225,old,15,budget,4,15,135634944,120.018,120.0,,,,,,,,,,,,
vsplib-grids,grid_16,256,480,256,old,16,budget,4,16,129024000,120.017,120.0,,,,,,,,,,,,
vsplib-grids,grid_16,256,480,256,repaired,16,budget,4,16,120602624,120.017,120.0,,,,,,,,,,,,
vsplib-grids,grid_17,289,544,289,repaired,17,budget,4,17,73580544,120.036,120.0,,,,,,,,,,,,
vsplib-grids,grid_17,289,544,289,old,17,budget,4,17,76509184,120.035,120.0,,,,,,,,,,,,
vsplib-grids,grid_18,324,612,324,old,18,budget,4,18,69574656,120.033,120.0,,,,,,,,,,,,
vsplib-grids,grid_18,324,612,324,repaired,18,budget,4,18,66105344,120.036,120.0,,,,,,,,,,,,
vsplib-grids,grid_19,361,684,361,repaired,19,budget,4,19,38035456,120.042,120.0,,,,,,,,,,,,
vsplib-grids,grid_19,361,684,361,old,19,budget,4,19,36069376,120.044,120.0,,,,,,,,,,,,
vsplib-grids,grid_20,400,760,400,old,20,budget,4,20,50675712,120.039,120.0,,,,,,,,,,,,
vsplib-grids,grid_20,400,760,400,repaired,20,budget,4,20,48963584,120.035,120.0,,,,,,,,,,,,
vsplib-grids,grid_21,441,840,441,repaired,21,budget,2,21,26746880,120.059,120.0,,,,,,,,,,,,
vsplib-grids,grid_21,441,840,441,old,21,budget,2,21,32571392,120.039,120.0,,,,,,,,,,,,
vsplib-grids,grid_22,484,924,484,old,22,budget,2,22,25939968,120.054,120.0,,,,,,,,,,,,
vsplib-grids,grid_22,484,924,484,repaired,22,budget,2,22,25673728,120.051,120.0,,,,,,,,,,,,
vsplib-grids,grid_23,529,1012,529,repaired,23,budget,2,23,36397056,120.031,120.0,,,,,,,,,,,,
vsplib-grids,grid_23,529,1012,529,old,23,budget,2,23,36343808,120.039,120.0,,,,,,,,,,,,
vsplib-grids,grid_24,576,1104,576,old,24,budget,2,24,24580096,120.042,120.0,,,,,,,,,,,,
vsplib-grids,grid_24,576,1104,576,repaired,24,budget,2,24,34942976,120.046,120.0,,,,,,,,,,,,
vsplib-grids,grid_25,625,1200,625,repaired,25,budget,2,25,30449664,120.049,120.0,,,,,,,,,,,,
vsplib-grids,grid_25,625,1200,625,old,25,budget,2,25,25366528,120.07,120.0,,,,,,,,,,,,
vsplib-grids,grid_26,676,1300,676,old,26,budget,2,26,32616448,120.048,120.0,,,,,,,,,,,,
vsplib-grids,grid_26,676,1300,676,repaired,26,budget,2,26,32444416,120.045,120.0,,,,,,,,,,,,
vsplib-grids,grid_27,729,1404,729,repaired,27,budget,2,27,29237248,120.047,120.0,,,,,,,,,,,,
vsplib-grids,grid_27,729,1404,729,old,27,budget,2,27,30552064,120.046,120.0,,,,,,,,,,,,
vsplib-grids,grid_28,784,1512,784,old,28,budget,2,28,30613504,120.036,120.0,,,,,,,,,,,,
vsplib-grids,grid_28,784,1512,784,repaired,28,budget,2,28,29491200,120.041,120.0,,,,,,,,,,,,
vsplib-grids,grid_29,841,1624,841,repaired,29,budget,2,29,20086784,120.036,120.0,,,,,,,,,,,,
vsplib-grids,grid_29,841,1624,841,old,29,budget,2,29,30052352,120.047,120.0,,,,,,,,,,,,
vsplib-grids,grid_30,900,1740,900,old,30,budget,2,30,28807168,120.052,120.0,,,,,,,,,,,,
vsplib-grids,grid_30,900,1740,900,repaired,30,budget,2,30,26943488,120.045,120.0,,,,,,,,,,,,
vsplib-grids,grid_31,961,1860,961,repaired,31,budget,2,31,22405120,120.054,120.0,,,,,,,,,,,,
vsplib-grids,grid_31,961,1860,961,old,31,budget,2,31,24481792,120.042,120.0,,,,,,,,,,,,
vsplib-grids,grid_32,1024,1984,1024,old,32,budget,2,32,15429632,120.062,120.0,,,,,,,,,,,,
vsplib-grids,grid_32,1024,1984,1024,repaired,32,budget,2,32,21819392,120.042,120.0,,,,,,,,,,,,
vsplib-grids,grid_33,1089,2112,1089,repaired,33,budget,2,33,245760,120.301,120.0,,,,,,,,,,,,
vsplib-grids,grid_33,1089,2112,1089,old,33,budget,2,33,270336,121.027,120.0,,,,,,,,,,,,
vsplib-grids,grid_34,1156,2244,1156,old,34,budget,2,34,249856,121.532,120.0,,,,,,,,,,,,
vsplib-grids,grid_34,1156,2244,1156,repaired,34,budget,2,34,204800,120.227,120.0,,,,,,,,,,,,
vsplib-grids,grid_35,1225,2380,1225,repaired,35,budget,2,35,94208,121.013,120.0,,,,,,,,,,,,
vsplib-grids,grid_35,1225,2380,1225,old,35,budget,2,35,118784,121.675,120.0,,,,,,,,,,,,
vsplib-grids,grid_36,1296,2520,1296,old,36,budget,2,36,208896,121.909,120.0,,,,,,,,,,,,
vsplib-grids,grid_36,1296,2520,1296,repaired,36,budget,2,36,159744,120.989,120.0,,,,,,,,,,,,
vsplib-grids,grid_38,1444,2812,1444,old,38,budget,2,38,163840,121.901,120.0,,,,,,,,,,,,
vsplib-grids,grid_38,1444,2812,1444,repaired,38,budget,2,38,118784,121.865,120.0,,,,,,,,,,,,
vsplib-grids,grid_37,1369,2664,1369,repaired,37,budget,2,37,151552,122.707,120.0,,,,,,,,,,,,
vsplib-grids,grid_37,1369,2664,1369,old,37,budget,2,37,143360,121.54,120.0,,,,,,,,,,,,
vsplib-grids,grid_39,1521,2964,1521,repaired,39,budget,2,39,135168,121.968,120.0,,,,,,,,,,,,
vsplib-grids,grid_39,1521,2964,1521,old,39,budget,2,39,126976,121.359,120.0,,,,,,,,,,,,
vsplib-grids,grid_40,1600,3120,1600,old,40,budget,2,40,126976,120.258,120.0,,,,,,,,,,,,
vsplib-grids,grid_40,1600,3120,1600,repaired,40,budget,2,40,106496,122.114,120.0,,,,,,,,,,,,
vsplib-grids,grid_5,25,40,25,old,5,refutation,4,5,102,0.001,120.0,5,unsat,102,0.0005,44,24,0,24,0,0,0,0
vsplib-grids,grid_5,25,40,25,repaired,5,refutation,4,5,102,0.0,120.0,5,unsat,102,0.0003,44,24,0,24,0,0,0,0
vsplib-grids,grid_41,1681,3280,1681,repaired,41,budget,2,41,94208,122.123,120.0,,,,,,,,,,,,
vsplib-grids,grid_41,1681,3280,1681,old,41,budget,2,41,86016,120.429,120.0,,,,,,,,,,,,
vsplib-grids,grid_42,1764,3444,1764,old,42,budget,2,42,90112,120.532,120.0,,,,,,,,,,,,
vsplib-grids,grid_42,1764,3444,1764,repaired,42,budget,2,42,61440,123.396,120.0,,,,,,,,,,,,
vsplib-grids,grid_43,1849,3612,1849,repaired,43,budget,2,43,77824,125.661,120.0,,,,,,,,,,,,
vsplib-grids,grid_43,1849,3612,1849,old,43,budget,2,43,69632,123.43,120.0,,,,,,,,,,,,
vsplib-grids,grid_45,2025,3960,2025,repaired,45,budget,2,45,24576,121.694,120.0,,,,,,,,,,,,
vsplib-grids,grid_45,2025,3960,2025,old,45,budget,2,45,57344,121.185,120.0,,,,,,,,,,,,
vsplib-grids,grid_47,2209,4324,2209,repaired,47,budget,2,47,28672,121.06,120.0,,,,,,,,,,,,
vsplib-grids,grid_47,2209,4324,2209,old,47,budget,2,47,45056,121.131,120.0,,,,,,,,,,,,
vsplib-grids,grid_6,36,60,36,old,6,refutation,4,6,396,0.001,120.0,6,unsat,396,0.0006,167,112,0,112,0,0,0,0
vsplib-grids,grid_6,36,60,36,repaired,6,refutation,4,6,396,0.001,120.0,6,unsat,396,0.0008,167,112,0,112,0,0,0,0
vsplib-grids,grid_7,49,84,49,repaired,7,refutation,4,7,1577,0.003,120.0,7,unsat,1577,0.0019,654,408,0,408,0,0,0,0
vsplib-grids,grid_7,49,84,49,old,7,refutation,4,7,1577,0.003,120.0,7,unsat,1577,0.0019,654,408,0,408,0,0,0,0
vsplib-grids,grid_8,64,112,64,old,8,refutation,4,8,6278,0.01,120.0,8,unsat,6278,0.0075,2485,1617,0,1617,0,0,0,0
vsplib-grids,grid_8,64,112,64,repaired,8,refutation,4,8,6278,0.01,120.0,8,unsat,6278,0.0073,2485,1617,0,1617,0,0,0,0
vsplib-grids,grid_9,81,144,81,repaired,9,refutation,4,9,24287,0.035,120.0,9,unsat,24287,0.0273,9036,5896,4,5892,0,0,0,0
vsplib-grids,grid_9,81,144,81,old,9,refutation,4,9,24281,0.035,120.0,9,unsat,24281,0.0261,9030,5886,0,5886,0,0,0,0
vsplib-grids,grid_46,2116,4140,2116,old,46,budget,2,46,32768,122.349,120.0,,,,,,,,,,,,
vsplib-grids,grid_46,2116,4140,2116,repaired,46,budget,2,46,53248,123.687,120.0,,,,,,,,,,,,
vsplib-grids,grid_48,2304,4512,2304,old,48,budget,2,48,16384,123.215,120.0,,,,,,,,,,,,
vsplib-grids,grid_48,2304,4512,2304,repaired,48,budget,2,48,24576,122.731,120.0,,,,,,,,,,,,
vsplib-grids,grid_44,1936,3784,1936,old,44,budget,2,44,49152,126.667,120.0,,,,,,,,,,,,
vsplib-grids,grid_44,1936,3784,1936,repaired,44,budget,2,44,16384,123.066,120.0,,,,,,,,,,,,
vsplib-grids,grid_49,2401,4704,2401,repaired,49,budget,2,49,4096,123.239,120.0,,,,,,,,,,,,
vsplib-grids,grid_49,2401,4704,2401,old,49,budget,2,49,20480,125.407,120.0,,,,,,,,,,,,
vsplib-hb,ash85,85,219,85,old,8,refutation,4,8,1658,0.006,120.0,8,unsat,1658,0.0028,866,645,0,645,0,0,0,0
vsplib-hb,ash85,85,219,85,repaired,8,refutation,4,8,1658,0.005,120.0,8,unsat,1658,0.0025,866,646,1,645,0,0,0,0
vsplib-hb,bcspwr01,39,46,39,repaired,4,refutation,3,4,1102,0.002,120.0,4,unsat,1102,0.0012,617,553,0,553,0,0,0,0
vsplib-hb,bcspwr01,39,46,39,old,4,refutation,3,4,1102,0.002,120.0,4,unsat,1102,0.0012,617,553,0,553,0,0,0,0
vsplib-hb,bcspwr02,49,59,49,old,3,bound,3,5,678,0.002,120.0,3,unsat,261,0.0005,125,109,0,109,0,0,0,0
vsplib-hb,bcspwr02,49,59,49,repaired,3,bound,3,5,678,0.002,120.0,3,unsat,261,0.0005,125,109,0,109,0,0,0,0
vsplib-hb,bcspwr03,118,179,118,repaired,6,refutation,4,6,58851,0.071,120.0,6,unsat,58851,0.0616,27248,23434,2,23432,0,0,0,0
vsplib-hb,bcspwr03,118,179,118,old,6,refutation,4,6,58851,0.067,120.0,6,unsat,58851,0.0596,27248,23432,0,23432,0,0,0,0
vsplib-hb,ash292,292,958,292,repaired,15,refutation,8,15,1387620,4.362,120.0,,,,,,,,,,,,
vsplib-hb,ash292,292,958,292,old,15,refutation,8,15,1384345,4.201,120.0,,,,,,,,,,,,
vsplib-grids,grid_50,2500,4900,2500,repaired,50,budget,2,50,4096,145.721,120.0,,,,,,,,,,,,
vsplib-grids,grid_50,2500,4900,2500,old,50,budget,2,50,8192,120.369,120.0,,,,,,,,,,,,
vsplib-hb,bcsstk01,48,176,48,old,13,refutation,9,14,1596,0.006,120.0,13,unsat,1081,0.0017,365,146,0,146,0,0,0,0
vsplib-hb,bcsstk01,48,176,48,repaired,13,refutation,9,14,1596,0.005,120.0,13,unsat,1081,0.0016,365,146,0,146,0,0,0,0
vsplib-hb,bcsstk02,66,2145,66,repaired,65,bound,65,65,0,0.002,120.0,65,unsat,0,0.0037,0,0,0,0,0,0,0,0
vsplib-hb,bcsstk02,66,2145,66,old,65,bound,65,65,0,0.002,120.0,65,unsat,0,0.0037,0,0,0,0,0,0,0,0
vsplib-hb,bcsstk03,112,264,56,old,3,bound,3,3,0,0.002,120.0,3,unsat,0,0.0003,0,0,0,0,0,0,0,0
vsplib-hb,bcsstk03,112,264,56,repaired,3,bound,3,3,0,0.002,120.0,3,unsat,0,0.0003,0,0,0,0,0,0,0,0
vsplib-hb,bcsstk04,132,1758,132,repaired,34,refutation,29,34,5161,0.019,120.0,,,,,,,,,,,,
vsplib-hb,bcsstk04,132,1758,132,old,34,refutation,29,34,5116,0.018,120.0,,,,,,,,,,,,
vsplib-hb,bcsstk05,153,1135,153,old,20,bound,20,20,0,0.01,120.0,,,,,,,,,,,,
vsplib-hb,bcsstk05,153,1135,153,repaired,20,bound,20,20,0,0.01,120.0,,,,,,,,,,,,
vsplib-grids,grid_51,2601,5100,2601,old,51,budget,2,51,4096,138.603,120.0,,,,,,,,,,,,
vsplib-grids,grid_51,2601,5100,2601,repaired,51,budget,2,51,4096,130.8,120.0,,,,,,,,,,,,
vsplib-grids,grid_52,2704,5304,2704,repaired,52,budget,2,52,4096,165.285,120.0,,,,,,,,,,,,
vsplib-grids,grid_52,2704,5304,2704,old,52,budget,2,52,4096,143.109,120.0,,,,,,,,,,,,
vsplib-hb,bcsstk19,817,3018,817,repaired,11,refutation,5,11,1234475,8.664,120.0,,,,,,,,,,,,
vsplib-hb,bcsstk19,817,3018,817,old,11,refutation,5,11,1234437,8.53,120.0,,,,,,,,,,,,
vsplib-grids,grid_53,2809,5512,2809,old,53,budget,2,53,4096,153.737,120.0,,,,,,,,,,,,
vsplib-grids,grid_53,2809,5512,2809,repaired,53,budget,2,53,4096,149.009,120.0,,,,,,,,,,,,
vsplib-hb,bcsstk22,138,279,110,repaired,8,refutation,6,8,25062,0.034,120.0,8,unsat,25062,0.0285,15975,13753,4,13749,0,0,0,0
vsplib-hb,bcsstk22,138,279,110,old,8,refutation,6,8,25064,0.032,120.0,8,unsat,25064,0.0266,15977,13751,0,13751,0,0,0,0
vsplib-hb,can__144,144,576,144,old,8,refutation,6,8,144,0.005,120.0,,,,,,,,,,,,
vsplib-hb,can__144,144,576,144,repaired,8,refutation,6,8,144,0.005,120.0,,,,,,,,,,,,
vsplib-hb,can__161,161,608,161,repaired,18,refutation,11,18,219607,0.302,120.0,,,,,,,,,,,,
vsplib-hb,can__161,161,608,161,old,18,refutation,11,18,218994,0.29,120.0,,,,,,,,,,,,
vsplib-hb,can__187,187,652,187,old,12,refutation,8,23,53072,0.232,120.0,,,,,,,,,,,,
vsplib-hb,can__187,187,652,187,repaired,12,refutation,8,23,53313,0.239,120.0,,,,,,,,,,,,
vsplib-hb,494_bus,494,586,494,old,10,budget,2,10,50249728,120.03,120.0,,,,,,,,,,,,
vsplib-hb,494_bus,494,586,494,repaired,10,budget,2,10,48775168,120.037,120.0,,,,,,,,,,,,
vsplib-hb,662_bus,662,906,662,repaired,16,budget,4,16,33804288,120.042,120.0,,,,,,,,,,,,
vsplib-hb,662_bus,662,906,662,old,16,budget,4,16,35180544,120.033,120.0,,,,,,,,,,,,
vsplib-hb,685_bus,685,1282,685,old,20,budget,5,26,36774396,120.038,120.0,,,,,,,,,,,,
vsplib-hb,685_bus,685,1282,685,repaired,20,budget,5,26,36586843,120.038,120.0,,,,,,,,,,,,
vsplib-hb,can__268,268,1407,268,repaired,22,refutation,14,22,1044116,1.957,120.0,,,,,,,,,,,,
vsplib-hb,can__268,268,1407,268,old,22,refutation,14,22,1037260,1.954,120.0,,,,,,,,,,,,
vsplib-hb,bcspwr04,274,669,274,old,14,budget,7,14,80621568,120.036,120.0,,,,,,,,,,,,
vsplib-hb,bcspwr04,274,669,274,repaired,14,budget,7,14,80670720,120.049,120.0,,,,,,,,,,,,
vsplib-hb,bcspwr05,443,590,443,repaired,10,budget,3,13,32622257,120.045,120.0,,,,,,,,,,,,
vsplib-hb,bcspwr05,443,590,443,old,10,budget,3,13,38803121,120.045,120.0,,,,,,,,,,,,
vsplib-hb,bcsstk06,420,3720,420,repaired,42,budget,14,42,51228672,120.036,120.0,,,,,,,,,,,,
vsplib-hb,bcsstk06,420,3720,420,old,42,budget,14,42,50872320,120.042,120.0,,,,,,,,,,,,
vsplib-hb,can___24,24,68,24,old,5,bound,5,5,0,0.001,120.0,5,unsat,12,0.0003,5,0,0,0,0,0,0,0
vsplib-hb,can___24,24,68,24,repaired,5,bound,5,5,0,0.0,120.0,5,unsat,12,0.0003,5,0,0,0,0,0,0,0
vsplib-hb,can___61,61,248,61,repaired,8,refutation,7,8,98,0.002,120.0,8,unsat,98,0.001,58,39,0,39,0,0,0,0
vsplib-hb,can___61,61,248,61,old,8,refutation,7,8,98,0.002,120.0,8,unsat,98,0.0009,58,39,0,39,0,0,0,0
vsplib-hb,can___62,62,78,62,old,4,refutation,3,5,1094,0.004,120.0,4,unsat,1020,0.0017,543,478,0,478,0,0,0,0
vsplib-hb,can___62,62,78,62,repaired,4,refutation,3,5,1094,0.004,120.0,4,unsat,1020,0.0017,543,478,0,478,0,0,0,0
vsplib-hb,can___73,73,152,73,repaired,10,refutation,6,10,815431,0.581,120.0,10,unsat,815431,0.558,193476,70872,686,70186,642,0,0,0
vsplib-hb,can___73,73,152,73,old,10,refutation,6,10,802790,0.563,120.0,10,unsat,802790,0.5418,191171,69391,0,69391,0,0,0,0
vsplib-hb,can___96,96,336,96,old,13,refutation,9,13,7811,0.034,120.0,13,unsat,7811,0.0136,4080,2307,0,2307,0,0,0,0
vsplib-hb,can___96,96,336,96,repaired,13,refutation,9,13,7811,0.034,120.0,13,unsat,7811,0.0138,4080,2307,0,2307,0,0,0,0
vsplib-hb,dwt__162,162,510,162,repaired,10,refutation,7,10,9025,0.039,120.0,,,,,,,,,,,,
vsplib-hb,dwt__162,162,510,162,old,10,refutation,7,10,9033,0.038,120.0,,,,,,,,,,,,
vsplib-hb,bcsstk07,420,3720,420,old,42,budget,14,42,52408320,120.038,120.0,,,,,,,,,,,,
vsplib-hb,bcsstk07,420,3720,420,repaired,42,budget,14,42,53874688,120.04,120.0,,,,,,,,,,,,
vsplib-hb,dwt__198,198,597,72,repaired,7,refutation,7,7,156,0.005,120.0,7,unsat,102,0.0007,61,24,0,24,0,0,0,0
vsplib-hb,dwt__198,198,597,72,old,7,refutation,7,7,156,0.005,120.0,7,unsat,102,0.0006,61,24,0,24,0,0,0,0
vsplib-hb,dwt__193,193,1650,193,old,29,refutation,21,40,152251,0.546,120.0,,,,,,,,,,,,
vsplib-hb,dwt__193,193,1650,193,repaired,29,refutation,21,40,152175,0.555,120.0,,,,,,,,,,,,
vsplib-hb,dwt__221,221,704,221,repaired,11,refutation,8,11,15949,0.082,120.0,,,,,,,,,,,,
vsplib-hb,dwt__221,221,704,221,old,11,refutation,8,11,15759,0.08,120.0,,,,,,,,,,,,
vsplib-hb,dwt__209,209,767,209,old,18,refutation,10,18,3397843,3.992,120.0,,,,,,,,,,,,
vsplib-hb,dwt__209,209,767,209,repaired,18,refutation,10,18,3418164,4.136,120.0,,,,,,,,,,,,
vsplib-hb,dwt__234,234,300,117,old,7,refutation,4,8,2308407,1.922,120.0,7,unsat,2308185,1.9095,946538,812045,0,812045,0,0,0,0
vsplib-hb,dwt__234,234,300,117,repaired,7,refutation,4,8,2308407,2.03,120.0,7,unsat,2308185,1.9946,946538,812045,0,812045,0,0,0,0
vsplib-hb,bcsstk20,485,1325,467,old,10,budget,5,10,65552384,120.034,120.0,,,,,,,,,,,,
vsplib-hb,bcsstk20,485,1325,467,repaired,10,budget,5,10,49102848,120.042,120.0,,,,,,,,,,,,
vsplib-hb,dwt__310,310,1069,310,repaired,11,refutation,9,11,15634,0.133,120.0,,,,,,,,,,,,
vsplib-hb,dwt__310,310,1069,310,old,11,refutation,9,11,15625,0.13,120.0,,,,,,,,,,,,
vsplib-grids,grid_54,2916,5724,2916,repaired,54,budget,2,54,4096,182.091,120.0,,,,,,,,,,,,
vsplib-grids,grid_54,2916,5724,2916,old,54,budget,2,54,4096,167.662,120.0,,,,,,,,,,,,
vsplib-hb,dwt__361,361,1296,361,repaired,14,refutation,11,14,176735,0.588,120.0,,,,,,,,,,,,
vsplib-hb,dwt__361,361,1296,361,old,14,refutation,11,14,176481,0.577,120.0,,,,,,,,,,,,
vsplib-hb,can__229,229,774,229,repaired,20,budget,12,21,124566186,120.015,120.0,,,,,,,,,,,,
vsplib-hb,can__229,229,774,229,old,20,budget,12,21,129294318,120.016,120.0,,,,,,,,,,,,
vsplib-hb,dwt__492,492,1332,249,repaired,9,refutation,6,9,112588,0.237,120.0,,,,,,,,,,,,
vsplib-hb,dwt__492,492,1332,249,old,9,refutation,6,9,112621,0.232,120.0,,,,,,,,,,,,
vsplib-hb,can__256,256,1330,256,old,24,budget,15,24,196165632,120.015,120.0,,,,,,,,,,,,
vsplib-hb,can__256,256,1330,256,repaired,24,budget,15,24,189931520,120.017,120.0,,,,,,,,,,,,
vsplib-hb,can__292,292,1124,292,old,23,budget,13,25,87891074,120.045,120.0,,,,,,,,,,,,
vsplib-hb,can__292,292,1124,292,repaired,23,budget,13,25,87871205,120.047,120.0,,,,,,,,,,,,
vsplib-hb,can__445,445,1682,445,repaired,55,budget,5,55,67330048,120.036,120.0,,,,,,,,,,,,
vsplib-hb,can__445,445,1682,445,old,55,budget,5,55,71204864,120.034,120.0,,,,,,,,,,,,
vsplib-hb,dwt__512,512,1495,172,repaired,18,refutation,13,18,3478506,3.687,120.0,,,,,,,,,,,,
vsplib-hb,dwt__512,512,1495,172,old,18,refutation,13,18,3410131,3.529,120.0,,,,,,,,,,,,
vsplib-hb,can__634,634,3297,634,old,53,budget,8,76,24302553,120.049,120.0,,,,,,,,,,,,
vsplib-hb,can__634,634,3297,634,repaired,53,budget,8,76,25037137,120.053,120.0,,,,,,,,,,,,
vsplib-hb,can__715,715,2975,715,repaired,42,budget,6,42,27459584,120.05,120.0,,,,,,,,,,,,
vsplib-hb,can__715,715,2975,715,old,42,budget,6,42,26595328,120.056,120.0,,,,,,,,,,,,
vsplib-hb,dwt__245,245,608,245,repaired,12,budget,9,12,133144576,120.016,120.0,,,,,,,,,,,,
vsplib-hb,dwt__245,245,608,245,old,12,budget,9,12,137822208,120.015,120.0,,,,,,,,,,,,
vsplib-hb,dwt__307,307,1108,307,old,29,budget,12,30,61248832,120.04,120.0,,,,,,,,,,,,
vsplib-hb,dwt__307,307,1108,307,repaired,29,budget,12,30,61863232,120.054,120.0,,,,,,,,,,,,
vsplib-hb,dwt___59,59,104,59,old,5,refutation,4,5,573,0.003,120.0,5,unsat,573,0.0014,289,223,0,223,0,0,0,0
vsplib-hb,dwt___59,59,104,59,repaired,5,refutation,4,5,573,0.003,120.0,5,unsat,573,0.0013,289,223,0,223,0,0,0,0
vsplib-hb,dwt___66,66,127,66,repaired,2,bound,2,2,0,0.002,120.0,2,unsat,2,0.0005,1,0,0,0,0,0,0,0
vsplib-hb,dwt___66,66,127,66,old,2,bound,2,2,0,0.002,120.0,2,unsat,2,0.0005,1,0,0,0,0,0,0,0
vsplib-hb,dwt___72,72,75,72,old,3,refutation,2,3,341,0.003,120.0,3,unsat,341,0.001,248,240,0,240,0,0,0,0
vsplib-hb,dwt___72,72,75,72,repaired,3,refutation,2,3,341,0.003,120.0,3,unsat,341,0.0009,248,240,0,240,0,0,0,0
vsplib-hb,dwt___87,87,227,87,repaired,8,refutation,6,8,19375,0.032,120.0,8,unsat,19375,0.0264,9634,7708,22,7686,7,0,0,0
vsplib-hb,dwt___87,87,227,87,old,8,refutation,6,8,19341,0.03,120.0,8,unsat,19341,0.0254,9610,7669,0,7669,0,0,0,0
vsplib-hb,dwt__346,346,1440,340,old,23,budget,15,23,39112704,120.052,120.0,,,,,,,,,,,,
vsplib-hb,dwt__346,346,1440,340,repaired,23,budget,15,23,43597824,120.03,120.0,,,,,,,,,,,,
vsplib-hb,dwt__419,419,1572,419,old,20,budget,6,35,63159540,120.033,120.0,,,,,,,,,,,,
vsplib-hb,dwt__419,419,1572,419,repaired,20,budget,6,35,60175828,120.033,120.0,,,,,,,,,,,,
vsplib-hb,dwt__503,503,2762,503,old,30,budget,8,38,57272519,120.036,120.0,,,,,,,,,,,,
vsplib-hb,dwt__503,503,2762,503,repaired,30,budget,8,38,53087579,120.043,120.0,,,,,,,,,,,,
vsplib-hb,dwt__592,592,2256,592,old,25,budget,5,25,44838912,120.04,120.0,,,,,,,,,,,,
vsplib-hb,dwt__592,592,2256,592,repaired,25,budget,5,25,53592064,120.037,120.0,,,,,,,,,,,,
vsplib-hb,dwt__607,607,2262,442,repaired,35,budget,6,35,49225728,120.043,120.0,,,,,,,,,,,,
vsplib-hb,dwt__607,607,2262,442,old,35,budget,6,35,51056640,120.042,120.0,,,,,,,,,,,,
vsplib-hb,nos1,237,390,158,repaired,3,bound,3,3,0,0.007,120.0,,,,,,,,,,,,
vsplib-hb,nos1,237,390,158,old,3,bound,3,3,0,0.007,120.0,,,,,,,,,,,,
vsplib-hb,nos2,957,1590,638,old,3,refutation,2,3,6,0.127,120.0,,,,,,,,,,,,
vsplib-hb,nos2,957,1590,638,repaired,3,refutation,2,3,6,0.124,120.0,,,,,,,,,,,,
vsplib-hb,dwt__758,758,2618,758,old,20,budget,4,22,38182036,120.038,120.0,,,,,,,,,,,,
vsplib-hb,dwt__758,758,2618,758,repaired,20,budget,4,22,46861248,120.044,120.0,,,,,,,,,,,,
vsplib-hb,nos4,100,247,100,old,8,refutation,7,8,8333,0.015,120.0,8,unsat,8333,0.0109,2957,1553,0,1553,0,0,0,0
vsplib-hb,nos4,100,247,100,repaired,8,refutation,7,8,8333,0.014,120.0,8,unsat,8333,0.0107,2957,1553,0,1553,0,0,0,0
vsplib-hb,dwt__869,869,3208,869,repaired,25,budget,5,25,23609344,120.034,120.0,,,,,,,,,,,,
vsplib-hb,dwt__869,869,3208,869,old,25,budget,5,25,35758080,120.039,120.0,,,,,,,,,,,,
vsplib-hb,dwt__878,878,3285,878,old,23,budget,4,23,19136512,120.033,120.0,,,,,,,,,,,,
vsplib-hb,dwt__878,878,3285,878,repaired,23,budget,4,23,22945792,120.041,120.0,,,,,,,,,,,,
vsplib-hb,dwt__918,918,3233,918,repaired,26,budget,5,48,58833927,120.04,120.0,,,,,,,,,,,,
vsplib-hb,dwt__918,918,3233,918,old,26,budget,5,48,58804722,120.043,120.0,,,,,,,,,,,,
vsplib-hb,gr_30_30,900,3422,900,old,31,budget,4,31,19992576,120.041,120.0,,,,,,,,,,,,
vsplib-hb,gr_30_30,900,3422,900,repaired,31,budget,4,31,26984448,120.044,120.0,,,,,,,,,,,,
vsplib-hb,plat362,362,2712,362,old,34,refutation,20,34,4104924,9.813,120.0,,,,,,,,,,,,
vsplib-hb,plat362,362,2712,362,repaired,34,refutation,20,34,4215557,10.444,120.0,,,,,,,,,,,,
coloring,david,87,406,87,old,13,refutation,12,14,598205,0.4,120.0,13,unsat,594527,0.3155,291523,217083,0,217083,0,0,0,0
coloring,david,87,406,87,repaired,13,refutation,12,14,611759,0.429,120.0,13,unsat,608024,0.3453,298460,225891,3322,222569,0,0,0,0
coloring,fpsol2.i.1,496,11654,269,repaired,67,refutation,66,78,2355944,3.574,120.0,,,,,,,,,,,,
coloring,fpsol2.i.1,496,11654,269,old,67,refutation,66,78,2355931,3.34,120.0,,,,,,,,,,,,
vsplib-hb,lshp_265,265,744,265,repaired,17,budget,4,17,98279424,120.031,120.0,,,,,,,,,,,,
vsplib-hb,lshp_265,265,744,265,old,17,budget,4,17,113389568,120.033,120.0,,,,,,,,,,,,
vsplib-hb,lshp_406,406,1155,406,old,21,budget,3,21,60026880,120.038,120.0,,,,,,,,,,,,
vsplib-hb,lshp_406,406,1155,406,repaired,21,budget,3,21,58195968,120.037,120.0,,,,,,,,,,,,
vsplib-hb,lshp_577,577,1656,577,repaired,25,budget,3,25,35422208,120.044,120.0,,,,,,,,,,,,
vsplib-hb,lshp_577,577,1656,577,old,25,budget,3,25,42991616,120.038,120.0,,,,,,,,,,,,
vsplib-hb,lshp_778,778,2247,778,old,29,budget,3,29,25018368,120.041,120.0,,,,,,,,,,,,
vsplib-hb,lshp_778,778,2247,778,repaired,29,budget,3,29,32727040,120.047,120.0,,,,,,,,,,,,
coloring,huck,74,301,69,old,10,bound,10,12,1432,0.004,120.0,10,unsat,35292,0.0342,18495,12349,0,12349,0,0,0,0
coloring,huck,74,301,69,repaired,10,bound,10,12,1432,0.004,120.0,10,unsat,35292,0.0331,18495,12349,0,12349,0,0,0,0
vsplib-hb,nos3,960,7442,960,repaired,43,budget,9,43,21331968,120.049,120.0,,,,,,,,,,,,
vsplib-hb,nos3,960,7442,960,old,43,budget,9,43,22151168,120.046,120.0,,,,,,,,,,,,
vsplib-hb,nos5,468,2352,468,repaired,56,budget,7,56,58650624,120.04,120.0,,,,,,,,,,,,
vsplib-hb,nos5,468,2352,468,old,56,budget,7,56,62283776,120.034,120.0,,,,,,,,,,,,
vsplib-hb,nos6,675,1290,675,old,15,budget,2,15,22839296,120.04,120.0,,,,,,,,,,,,
vsplib-hb,nos6,675,1290,675,repaired,15,budget,2,15,22343680,120.038,120.0,,,,,,,,,,,,
coloring,jean,80,254,77,old,10,refutation,9,11,948178,0.511,120.0,10,unsat,945721,0.4151,594146,502573,0,502573,0,0,0,0
coloring,jean,80,254,77,repaired,10,refutation,9,11,948154,0.551,120.0,10,unsat,945697,0.4501,594122,502622,73,502549,0,0,0,0
vsplib-hb,nos7,729,1944,729,repaired,66,budget,3,69,37985471,120.043,120.0,,,,,,,,,,,,
vsplib-hb,nos7,729,1944,729,old,66,budget,3,69,38870207,120.043,120.0,,,,,,,,,,,,
coloring,anna,138,493,138,repaired,14,budget,11,16,275675182,120.015,120.0,,,,,,,,,,,,
coloring,anna,138,493,138,old,14,budget,11,16,289042552,120.015,120.0,,,,,,,,,,,,
coloring,fpsol2.i.2,451,8691,363,old,43,budget,31,58,112933678,120.038,120.0,,,,,,,,,,,,
coloring,fpsol2.i.2,451,8691,363,repaired,43,budget,31,58,109067068,120.035,120.0,,,,,,,,,,,,
coloring,fpsol2.i.3,425,8688,363,repaired,43,budget,31,59,102082509,120.038,120.0,,,,,,,,,,,,
coloring,fpsol2.i.3,425,8688,363,old,43,budget,31,59,107853757,120.037,120.0,,,,,,,,,,,,
coloring,homer,561,1628,542,repaired,36,budget,12,36,55173120,120.037,120.0,,,,,,,,,,,,
coloring,homer,561,1628,542,old,36,budget,12,36,55087104,120.038,120.0,,,,,,,,,,,,
coloring,games120,120,638,120,old,32,refutation,19,34,133884909,74.771,120.0,32,unknown,50000001,23.5203,21414154,11441848,0,11441848,0,0,0,0
coloring,games120,120,638,120,repaired,32,refutation,19,34,136062891,80.812,120.0,32,unknown,50000001,24.5087,21336389,11359737,52979,11306758,18140,0,0,0
coloring,inithx.i.1,864,18707,519,repaired,57,budget,55,59,82389492,120.041,120.0,,,,,,,,,,,,
coloring,inithx.i.1,864,18707,519,old,57,budget,55,59,92226872,120.042,120.0,,,,,,,,,,,,
coloring,inithx.i.2,645,13979,558,old,40,budget,31,53,60728393,120.037,120.0,,,,,,,,,,,,
coloring,inithx.i.2,645,13979,558,repaired,40,budget,31,53,59655240,120.037,120.0,,,,,,,,,,,,
coloring,inithx.i.3,621,13969,559,repaired,40,budget,31,53,60221576,120.044,120.0,,,,,,,,,,,,
coloring,inithx.i.3,621,13969,559,old,40,budget,31,53,61995145,120.037,120.0,,,,,,,,,,,,
coloring,le450_15a,450,8168,450,repaired,264,budget,24,264,45359104,120.031,120.0,,,,,,,,,,,,
coloring,le450_15a,450,8168,450,old,264,budget,24,264,45969408,120.037,120.0,,,,,,,,,,,,
coloring,le450_15b,450,8169,450,old,273,budget,24,274,52982515,120.04,120.0,,,,,,,,,,,,
coloring,le450_15b,450,8169,450,repaired,273,budget,24,274,52868633,120.038,120.0,,,,,,,,,,,,
coloring,le450_15c,450,16680,450,repaired,354,budget,49,358,40507344,120.036,120.0,,,,,,,,,,,,
coloring,le450_15c,450,16680,450,old,354,budget,49,358,40847312,120.036,120.0,,,,,,,,,,,,
coloring,miles1000,128,3216,128,repaired,49,bound,49,49,0,0.005,120.0,49,unsat,703,0.0063,424,241,33,208,3,0,0,0
coloring,miles1000,128,3216,128,old,49,bound,49,49,0,0.005,120.0,49,unsat,674,0.0059,404,195,0,195,0,0,0,0
coloring,miles1500,128,5198,128,old,77,bound,77,77,0,0.005,120.0,77,unsat,173,0.0085,82,39,0,39,0,0,0,0
coloring,miles1500,128,5198,128,repaired,77,bound,77,77,0,0.005,120.0,77,unsat,182,0.0084,86,54,15,39,4,0,0,0
coloring,miles250,128,387,92,repaired,10,refutation,9,10,12797,0.019,120.0,10,unsat,12794,0.0134,7765,6426,24,6402,0,0,0,0
coloring,miles250,128,387,92,old,10,refutation,9,10,12799,0.017,120.0,10,unsat,12796,0.013,7768,6404,0,6404,0,0,0,0
coloring,miles500,128,1170,128,old,22,bound,22,22,0,0.008,120.0,22,unsat,19133,0.0241,11450,7801,0,7801,0,0,0,0
coloring,miles500,128,1170,128,repaired,22,bound,22,22,0,0.008,120.0,22,unsat,19281,0.0241,11526,8066,237,7829,12,0,0,0
coloring,miles750,128,2113,128,repaired,36,refutation,33,36,3229,0.016,120.0,36,unsat,3229,0.0076,2062,1386,91,1295,1,0,0,0
coloring,miles750,128,2113,128,old,36,refutation,33,36,3219,0.015,120.0,36,unsat,3219,0.0073,2052,1286,0,1286,0,0,0,0
coloring,mulsol.i.1,197,3925,138,old,50,bound,50,50,0,0.007,120.0,,,,,,,,,,,,
coloring,mulsol.i.1,197,3925,138,repaired,50,bound,50,50,0,0.007,120.0,,,,,,,,,,,,
coloring,mulsol.i.2,188,3885,173,repaired,32,bound,32,46,66142,0.108,120.0,,,,,,,,,,,,
coloring,mulsol.i.2,188,3885,173,old,32,bound,32,46,66128,0.106,120.0,,,,,,,,,,,,
coloring,mulsol.i.3,184,3916,174,old,32,bound,32,46,66437,0.108,120.0,,,,,,,,,,,,
coloring,mulsol.i.3,184,3916,174,repaired,32,bound,32,46,66451,0.109,120.0,,,,,,,,,,,,
coloring,mulsol.i.4,185,3946,175,repaired,32,bound,32,46,67163,0.11,120.0,,,,,,,,,,,,
coloring,mulsol.i.4,185,3946,175,old,32,bound,32,46,67149,0.106,120.0,,,,,,,,,,,,
coloring,mulsol.i.5,186,3973,176,old,31,bound,31,46,32796,0.06,120.0,,,,,,,,,,,,
coloring,mulsol.i.5,186,3973,176,repaired,31,bound,31,46,32811,0.061,120.0,,,,,,,,,,,,
coloring,myciel2,5,5,5,repaired,2,bound,2,2,0,0.0,120.0,2,unsat,0,0.0001,0,0,0,0,0,0,0,0
coloring,myciel2,5,5,5,old,2,bound,2,2,0,0.0,120.0,2,unsat,0,0.0,0,0,0,0,0,0,0,0
coloring,myciel3,11,20,11,old,5,refutation,4,5,15,0.0,120.0,5,unsat,15,0.0001,4,0,0,0,0,0,0,0
coloring,myciel3,11,20,11,repaired,5,refutation,4,5,15,0.0,120.0,5,unsat,15,0.0001,4,0,0,0,0,0,0,0
coloring,myciel4,23,71,23,repaired,10,refutation,8,10,477,0.001,120.0,10,unsat,477,0.0007,116,1,0,1,0,0,0,0
coloring,myciel4,23,71,23,old,10,refutation,8,10,477,0.001,120.0,10,unsat,477,0.0006,116,1,0,1,0,0,0,0
coloring,myciel5,47,236,47,old,20,refutation,14,20,685211,0.291,120.0,20,unsat,685211,0.2888,190134,34852,0,34852,0,0,0,0
coloring,myciel5,47,236,47,repaired,20,refutation,14,20,685211,0.294,120.0,20,unsat,685211,0.2894,190134,34852,0,34852,0,0,0,0
coloring,le450_15d,450,16750,450,old,356,budget,51,356,37449728,120.044,120.0,,,,,,,,,,,,
coloring,le450_15d,450,16750,450,repaired,356,budget,51,356,39096320,120.032,120.0,,,,,,,,,,,,
coloring,le450_25a,450,8260,450,repaired,228,budget,26,228,50495488,120.04,120.0,,,,,,,,,,,,
coloring,le450_25a,450,8260,450,old,228,budget,26,228,52121600,120.033,120.0,,,,,,,,,,,,
coloring,queen10_10,100,1470,100,repaired,72,refutation,34,72,3386647,2.662,120.0,72,unsat,3386647,2.2076,647004,46908,79,46829,74,0,0,0
coloring,queen10_10,100,1470,100,old,72,refutation,34,72,3386638,2.717,120.0,72,unsat,3386638,2.1768,646999,46898,0,46898,0,0,0,0
coloring,le450_25b,450,8263,450,old,233,budget,25,235,51491580,120.039,120.0,,,,,,,,,,,,
coloring,le450_25b,450,8263,450,repaired,233,budget,25,235,51860222,120.033,120.0,,,,,,,,,,,,
coloring,le450_25c,450,17343,450,repaired,321,budget,52,326,46887934,120.037,120.0,,,,,,,,,,,,
coloring,le450_25c,450,17343,450,old,321,budget,52,326,49406832,120.035,120.0,,,,,,,,,,,,
coloring,queen11_11,121,1980,121,old,87,refutation,39,87,33891626,29.877,120.0,87,unsat,33891626,24.1984,7385290,998928,0,998928,0,0,0,0
coloring,queen11_11,121,1980,121,repaired,87,refutation,39,87,33889623,30.004,120.0,87,unsat,33889623,24.9644,7384363,998896,2214,996682,1892,0,0,0
coloring,le450_25d,450,17425,450,old,334,budget,51,334,47808512,120.039,120.0,,,,,,,,,,,,
coloring,le450_25d,450,17425,450,repaired,334,budget,51,334,47558656,120.042,120.0,,,,,,,,,,,,
coloring,le450_5a,450,5714,450,repaired,245,budget,17,246,47669607,120.034,120.0,,,,,,,,,,,,
coloring,le450_5a,450,5714,450,old,245,budget,17,246,49115493,120.033,120.0,,,,,,,,,,,,
coloring,le450_5b,450,5734,450,old,261,budget,17,266,54924123,120.037,120.0,,,,,,,,,,,,
coloring,le450_5b,450,5734,450,repaired,261,budget,17,266,55157599,120.03,120.0,,,,,,,,,,,,
coloring,queen5_5,25,160,25,old,18,refutation,12,18,135,0.001,120.0,18,unsat,135,0.0005,27,2,0,2,0,0,0,0
coloring,queen5_5,25,160,25,repaired,18,refutation,12,18,135,0.001,120.0,18,unsat,135,0.0004,27,2,0,2,0,0,0,0
coloring,queen6_6,36,290,36,repaired,25,refutation,15,25,462,0.002,120.0,25,unsat,462,0.001,96,8,0,8,0,0,0,0
coloring,queen6_6,36,290,36,old,25,refutation,15,25,462,0.001,120.0,25,unsat,462,0.001,96,8,0,8,0,0,0,0
coloring,queen7_7,49,476,49,old,35,refutation,20,35,5221,0.013,120.0,35,unsat,5221,0.0063,1131,139,0,139,0,0,0,0
coloring,queen7_7,49,476,49,repaired,35,refutation,20,35,5221,0.012,120.0,35,unsat,5221,0.0063,1131,139,0,139,0,0,0,0
coloring,queen8_12,96,1368,96,repaired,65,refutation,32,65,562524,0.437,120.0,65,unsat,562524,0.3611,121377,23471,494,22977,421,0,0,0
coloring,queen8_12,96,1368,96,old,65,refutation,32,65,562363,0.434,120.0,65,unsat,562363,0.3732,121349,23376,0,23376,0,0,0,0
coloring,queen8_8,64,728,64,old,45,refutation,24,45,24172,0.046,120.0,45,unsat,24172,0.0262,4264,110,0,110,0,0,0,0
coloring,queen8_8,64,728,64,repaired,45,refutation,24,45,24172,0.051,120.0,45,unsat,24172,0.0268,4264,110,0,110,0,0,0,0
coloring,queen9_9,81,1056,81,repaired,58,refutation,28,58,332998,0.267,120.0,58,unsat,332998,0.2087,64250,5345,0,5345,0,0,0,0
coloring,queen9_9,81,1056,81,old,58,refutation,28,58,332998,0.263,120.0,58,unsat,332998,0.2081,64250,5345,0,5345,0,0,0,0
coloring,le450_5c,450,9803,450,repaired,267,budget,33,267,45727744,120.04,120.0,,,,,,,,,,,,
coloring,le450_5c,450,9803,450,old,267,budget,33,267,46968832,120.042,120.0,,,,,,,,,,,,
coloring,le450_5d,450,9757,450,old,270,budget,32,270,55582720,120.031,120.0,,,,,,,,,,,,
coloring,le450_5d,450,9757,450,repaired,270,budget,32,270,54734848,120.031,120.0,,,,,,,,,,,,
coloring,zeroin.i.1,211,4100,126,old,50,bound,50,54,240,0.007,120.0,50,unsat,54109,0.0552,35776,29666,0,29666,0,0,0,0
coloring,zeroin.i.1,211,4100,126,repaired,50,bound,50,54,240,0.007,120.0,50,unsat,54109,0.0553,35776,29666,0,29666,0,0,0,0
coloring,zeroin.i.2,211,3541,157,repaired,32,bound,32,42,6401703,5.037,120.0,,,,,,,,,,,,
coloring,zeroin.i.2,211,3541,157,old,32,bound,32,42,6401680,4.791,120.0,,,,,,,,,,,,
coloring,zeroin.i.3,206,3540,157,old,32,bound,32,42,7184828,5.401,120.0,,,,,,,,,,,,
coloring,zeroin.i.3,206,3540,157,repaired,32,bound,32,42,7184851,5.818,120.0,,,,,,,,,,,,
named,AhrensSzekeresGeneralizedQuadrangleGraph_3,27,135,27,repaired,18,refutation,10,18,378,0.001,120.0,18,unsat,378,0.0007,27,0,0,0,0,0,0,0
named,AhrensSzekeresGeneralizedQuadrangleGraph_3,27,135,27,old,18,refutation,10,18,378,0.001,120.0,18,unsat,378,0.0007,27,0,0,0,0,0,0,0
coloring,myciel6,95,755,95,repaired,38,budget,25,39,258924613,120.009,120.0,,,,,,,,,,,,
coloring,myciel6,95,755,95,old,38,budget,25,39,264679493,120.009,120.0,,,,,,,,,,,,
coloring,myciel7,191,2360,191,old,72,budget,42,76,177033789,120.016,120.0,,,,,,,,,,,,
coloring,myciel7,191,2360,191,repaired,72,budget,42,76,171168321,120.016,120.0,,,,,,,,,,,,
coloring,queen12_12,144,2596,144,repaired,103,budget,43,105,100555687,120.016,120.0,,,,,,,,,,,,
coloring,queen12_12,144,2596,144,old,103,budget,43,105,100653886,120.017,120.0,,,,,,,,,,,,
named,BarbellGraph_10_5,25,96,25,repaired,9,bound,9,9,0,0.0,120.0,9,unsat,15,0.0003,11,10,0,10,0,0,0,0
named,BarbellGraph_10_5,25,96,25,old,9,bound,9,9,0,0.0,120.0,9,unsat,15,0.0002,11,10,0,10,0,0,0,0
named,BidiakisCube,12,18,12,old,4,refutation,3,4,12,0.0,120.0,4,unsat,12,0.0001,1,0,0,0,0,0,0,0
named,BidiakisCube,12,18,12,repaired,4,refutation,3,4,12,0.0,120.0,4,unsat,12,0.0001,1,0,0,0,0,0,0,0
coloring,queen13_13,169,3328,169,old,121,budget,47,123,92607138,120.018,120.0,,,,,,,,,,,,
coloring,queen13_13,169,3328,169,repaired,121,budget,47,123,92781416,120.021,120.0,,,,,,,,,,,,
named,BlanusaFirstSnarkGraph,18,27,18,old,5,refutation,4,5,45,0.0,120.0,5,unsat,45,0.0002,17,0,0,0,0,0,0,0
named,BlanusaFirstSnarkGraph,18,27,18,repaired,5,refutation,4,5,45,0.0,120.0,5,unsat,45,0.0001,17,0,0,0,0,0,0,0
named,BlanusaSecondSnarkGraph,18,27,18,repaired,5,refutation,4,5,45,0.0,120.0,5,unsat,45,0.0002,17,0,0,0,0,0,0,0
named,BlanusaSecondSnarkGraph,18,27,18,old,5,refutation,4,5,45,0.0,120.0,5,unsat,45,0.0001,17,0,0,0,0,0,0,0
named,BrinkmannGraph,21,42,21,old,8,refutation,5,9,216,0.001,120.0,8,unsat,189,0.0003,21,0,0,0,0,0,0,0
named,BrinkmannGraph,21,42,21,repaired,8,refutation,5,9,216,0.001,120.0,8,unsat,189,0.0003,21,0,0,0,0,0,0,0
named,BrouwerHaemersGraph,81,810,81,repaired,56,refutation,29,56,2449275,1.677,120.0,56,unsat,2449275,1.3756,391267,0,0,0,0,0,0,0
named,BrouwerHaemersGraph,81,810,81,old,56,refutation,29,56,2449275,1.663,120.0,56,unsat,2449275,1.3171,391267,0,0,0,0,0,0,0
coloring,queen14_14,196,4186,196,repaired,140,budget,54,144,83735595,120.02,120.0,,,,,,,,,,,,
coloring,queen14_14,196,4186,196,old,140,budget,54,144,84634722,120.019,120.0,,,,,,,,,,,,
named,BuckyBall,60,90,60,repaired,10,refutation,4,10,238772,0.143,120.0,10,unsat,238772,0.1263,97755,64362,0,64362,0,0,0,0
named,BuckyBall,60,90,60,old,10,refutation,4,10,238772,0.134,120.0,10,unsat,238772,0.1223,97755,64362,0,64362,0,0,0,0
coloring,queen15_15,225,5180,225,old,162,budget,58,164,83153946,120.018,120.0,,,,,,,,,,,,
coloring,queen15_15,225,5180,225,repaired,162,budget,58,164,82436288,120.019,120.0,,,,,,,,,,,,
coloring,queen16_16,256,6320,256,repaired,185,budget,64,187,77651071,120.019,120.0,,,,,,,,,,,,
coloring,queen16_16,256,6320,256,old,185,budget,64,187,77260189,120.021,120.0,,,,,,,,,,,,
named,ChvatalGraph,12,24,12,old,6,refutation,4,6,16,0.0,120.0,6,unsat,16,0.0003,5,0,0,0,0,0,0,0
named,ChvatalGraph,12,24,12,repaired,6,refutation,4,6,16,0.0,120.0,6,unsat,16,0.0001,5,0,0,0,0,0,0,0
named,CirculantGraph_20_5,20,20,4,repaired,2,bound,2,2,0,0.0,120.0,2,unsat,0,0.0,0,0,0,0,0,0,0,0
named,CirculantGraph_20_5,20,20,4,old,2,bound,2,2,0,0.0,120.0,2,unsat,0,0.0,0,0,0,0,0,0,0,0
named,CircularLadderGraph_20,40,60,40,old,4,refutation,3,4,40,0.001,120.0,4,unsat,40,0.0002,1,0,0,0,0,0,0,0
named,CircularLadderGraph_20,40,60,40,repaired,4,refutation,3,4,40,0.001,120.0,4,unsat,40,0.0002,1,0,0,0,0,0,0,0
named,ClebschGraph,16,40,16,repaired,9,refutation,7,9,136,0.0,120.0,9,unsat,136,0.0003,16,0,0,0,0,0,0,0
named,ClebschGraph,16,40,16,old,9,refutation,7,9,136,0.0,120.0,9,unsat,136,0.0002,16,0,0,0,0,0,0,0
named,CompleteBipartiteGraph_25_20,45,500,45,old,20,bound,20,20,0,0.001,120.0,20,unsat,0,0.0008,0,0,0,0,0,0,0,0
named,CompleteBipartiteGraph_25_20,45,500,45,repaired,20,bound,20,20,0,0.001,120.0,20,unsat,0,0.0008,0,0,0,0,0,0,0,0
named,CompleteGraph_15,15,105,15,repaired,14,bound,14,14,0,0.0,120.0,14,unsat,0,0.0002,0,0,0,0,0,0,0,0
named,CompleteGraph_15,15,105,15,old,14,bound,14,14,0,0.0,120.0,14,unsat,0,0.0002,0,0,0,0,0,0,0,0
named,CoxeterGraph,28,42,28,old,9,refutation,4,9,16487,0.022,120.0,9,unsat,16487,0.0159,5870,2286,0,2286,0,0,0,0
named,CoxeterGraph,28,42,28,repaired,9,refutation,4,9,16487,0.021,120.0,9,unsat,16487,0.0156,5870,2286,0,2286,0,0,0,0
coloring,school1,385,19095,377,old,182,budget,122,182,65372160,120.045,120.0,,,,,,,,,,,,
coloring,school1,385,19095,377,repaired,182,budget,122,182,65900544,120.035,120.0,,,,,,,,,,,,
named,CycleGraph_100,100,100,100,old,2,bound,2,2,0,0.002,120.0,2,unsat,0,0.0004,0,0,0,0,0,0,0,0
named,CycleGraph_100,100,100,100,repaired,2,bound,2,2,0,0.002,120.0,2,unsat,0,0.0003,0,0,0,0,0,0,0,0
coloring,school1_nsh,352,14612,344,repaired,156,budget,106,156,72642560,120.037,120.0,,,,,,,,,,,,
coloring,school1_nsh,352,14612,344,old,156,budget,106,156,71041024,120.035,120.0,,,,,,,,,,,,
named,DesarguesGraph,20,30,20,old,6,refutation,4,6,170,0.001,120.0,6,unsat,170,0.0003,49,0,0,0,0,0,0,0
named,DesarguesGraph,20,30,20,repaired,6,refutation,4,6,170,0.001,120.0,6,unsat,170,0.0003,49,0,0,0,0,0,0,0
named,DodecahedralGraph,20,30,20,repaired,6,refutation,4,6,290,0.001,120.0,6,unsat,290,0.0004,133,84,0,84,0,0,0,0
named,DodecahedralGraph,20,30,20,old,6,refutation,4,6,290,0.001,120.0,6,unsat,290,0.0004,133,84,0,84,0,0,0,0
named,CubeGraph_6,64,192,64,repaired,23,refutation,11,23,7495085,3.748,120.0,23,unsat,7495085,3.4774,1074005,113818,0,113818,0,0,0,0
named,CubeGraph_6,64,192,64,old,23,refutation,11,23,7495085,3.639,120.0,23,unsat,7495085,3.4445,1074005,113818,0,113818,0,0,0,0
named,DoubleStarSnark,30,45,30,repaired,7,refutation,3,7,1295,0.002,120.0,7,unsat,1295,0.0014,357,110,0,110,0,0,0,0
named,DoubleStarSnark,30,45,30,old,7,refutation,3,7,1295,0.002,120.0,7,unsat,1295,0.0014,357,110,0,110,0,0,0,0
named,DurerGraph,12,18,12,old,4,refutation,3,4,18,0.0,120.0,4,unsat,18,0.0001,7,6,0,6,0,0,0,0
named,DurerGraph,12,18,12,repaired,4,refutation,3,4,18,0.0,120.0,4,unsat,18,0.0001,7,6,0,6,0,0,0,0
named,DyckGraph,32,48,32,repaired,9,refutation,4,9,20578,0.026,120.0,9,unsat,20578,0.0201,7269,3321,0,3321,0,0,0,0
named,DyckGraph,32,48,32,old,9,refutation,4,9,20578,0.025,120.0,9,unsat,20578,0.0195,7269,3321,0,3321,0,0,0,0
named,EllinghamHorton54Graph,54,81,54,old,7,refutation,5,7,3643,0.006,120.0,7,unsat,3643,0.004,1113,654,0,654,0,0,0,0
named,EllinghamHorton54Graph,54,81,54,repaired,7,refutation,5,7,3643,0.006,120.0,7,unsat,3643,0.004,1113,654,0,654,0,0,0,0
named,EllinghamHorton78Graph,78,117,78,repaired,6,refutation,4,6,663,0.003,120.0,6,unsat,663,0.0011,183,0,0,0,0,0,0,0
named,EllinghamHorton78Graph,78,117,78,old,6,refutation,4,6,663,0.003,120.0,6,unsat,663,0.001,183,0,0,0,0,0,0,0
named,ErreraGraph,17,45,17,old,6,refutation,5,6,12,0.0,120.0,6,unsat,12,0.0001,1,0,0,0,0,0,0,0
named,ErreraGraph,17,45,17,repaired,6,refutation,5,6,12,0.0,120.0,6,unsat,12,0.0001,1,0,0,0,0,0,0,0
named,F26AGraph,26,39,26,repaired,8,refutation,4,8,3884,0.006,120.0,8,unsat,3884,0.0039,1407,482,0,482,0,0,0,0
named,F26AGraph,26,39,26,old,8,refutation,4,8,3884,0.005,120.0,8,unsat,3884,0.0039,1407,482,0,482,0,0,0,0
named,FibonacciTree_10,143,142,143,old,3,refutation,1,5,13515,0.025,120.0,,,,,,,,,,,,
named,FibonacciTree_10,143,142,143,repaired,3,refutation,1,5,13515,0.026,120.0,,,,,,,,,,,,
named,FlowerSnark,20,30,20,repaired,6,refutation,4,7,195,0.001,120.0,6,unsat,180,0.0003,56,7,0,7,0,0,0,0
named,FlowerSnark,20,30,20,old,6,refutation,4,7,195,0.001,120.0,6,unsat,180,0.0003,56,7,0,7,0,0,0,0
named,Balaban10Cage,70,105,70,old,15,budget,5,16,229649228,120.007,120.0,,,,,,,,,,,,
named,Balaban10Cage,70,105,70,repaired,15,budget,5,16,223804236,120.009,120.0,,,,,,,,,,,,
named,FolkmanGraph,20,40,20,repaired,7,refutation,5,7,153,0.001,120.0,7,unsat,153,0.0003,80,45,0,45,0,0,0,0
named,FolkmanGraph,20,40,20,old,7,refutation,5,7,153,0.0,120.0,7,unsat,153,0.0003,80,45,0,45,0,0,0,0
named,Balaban11Cage,112,168,112,repaired,24,budget,8,24,217661440,120.01,120.0,,,,,,,,,,,,
named,Balaban11Cage,112,168,112,old,24,budget,8,24,233664512,120.009,120.0,,,,,,,,,,,,
named,FranklinGraph,12,18,12,repaired,5,refutation,3,5,48,0.001,120.0,5,unsat,48,0.0002,22,12,0,12,0,0,0,0
named,FranklinGraph,12,18,12,old,5,refutation,3,5,48,0.0,120.0,5,unsat,48,0.0001,22,12,0,12,0,0,0,0
named,FriendshipGraph_10,21,30,21,old,2,bound,2,2,0,0.0,120.0,2,unsat,0,0.0001,0,0,0,0,0,0,0,0
named,FriendshipGraph_10,21,30,21,repaired,2,bound,2,2,0,0.0,120.0,2,unsat,0,0.0001,0,0,0,0,0,0,0,0
named,FruchtGraph,12,18,12,repaired,4,refutation,3,4,23,0.0,120.0,4,unsat,23,0.0001,12,11,0,11,0,0,0,0
named,FruchtGraph,12,18,12,old,4,refutation,3,4,23,0.0,120.0,4,unsat,23,0.0001,12,11,0,11,0,0,0,0
named,GeneralizedPetersenGraph_10_4,20,30,20,old,6,refutation,4,6,190,0.001,120.0,6,unsat,190,0.0003,61,12,0,12,0,0,0,0
named,GeneralizedPetersenGraph_10_4,20,30,20,repaired,6,refutation,4,6,190,0.001,120.0,6,unsat,190,0.0003,61,12,0,12,0,0,0,0
named,GoethalsSeidelGraph_2_3,16,72,16,repaired,12,refutation,9,12,16,0.0,120.0,12,unsat,16,0.0002,1,0,0,0,0,0,0,0
named,GoethalsSeidelGraph_2_3,16,72,16,old,12,refutation,9,12,16,0.0,120.0,12,unsat,16,0.0002,1,0,0,0,0,0,0,0
named,GoldnerHararyGraph,11,27,11,old,4,refutation,3,5,13,0.0,120.0,4,unsat,6,0.0001,1,0,0,0,0,0,0,0
named,GoldnerHararyGraph,11,27,11,repaired,4,refutation,3,5,13,0.0,120.0,4,unsat,6,0.0001,1,0,0,0,0,0,0,0
named,GossetGraph,56,756,56,repaired,43,refutation,27,43,14924,0.031,120.0,43,unsat,14924,0.0176,3691,0,0,0,0,0,0,0
named,GossetGraph,56,756,56,old,43,refutation,27,43,14924,0.029,120.0,43,unsat,14924,0.0174,3691,0,0,0,0,0,0,0
named,BalancedTree_3_5,364,363,364,old,5,budget,1,6,110203954,120.031,120.0,,,,,,,,,,,,
named,BalancedTree_3_5,364,363,364,repaired,5,budget,1,6,105767986,120.033,120.0,,,,,,,,,,,,
named,GrayGraph,54,81,54,old,13,refutation,5,13,19747143,7.225,120.0,13,unsat,19747143,7.1814,9297838,6955989,0,6955989,0,0,0,0
named,GrayGraph,54,81,54,repaired,13,refutation,5,13,19747143,7.55,120.0,13,unsat,19747143,7.434,9297838,6955989,0,6955989,0,0,0,0
named,Grid2dGraph_5_5,25,40,25,old,5,refutation,3,5,104,0.001,120.0,5,unsat,104,0.0003,44,26,0,26,0,0,0,0
named,Grid2dGraph_5_5,25,40,25,repaired,5,refutation,3,5,104,0.0,120.0,5,unsat,104,0.0002,44,26,0,26,0,0,0,0
named,GrotzschGraph,11,20,11,repaired,5,refutation,4,5,15,0.0,120.0,5,unsat,15,0.0001,4,0,0,0,0,0,0,0
named,GrotzschGraph,11,20,11,old,5,refutation,4,5,15,0.0,120.0,5,unsat,15,0.0001,4,0,0,0,0,0,0,0
named,HallJankoGraph,100,1800,100,old,82,refutation,39,82,4283297,3.314,120.0,82,unsat,4283297,2.5981,503759,58275,0,58275,0,0,0,0
named,HallJankoGraph,100,1800,100,repaired,82,refutation,39,82,4283297,3.29,120.0,82,unsat,4283297,2.5811,503759,58275,0,58275,0,0,0,0
named,HanoiTowerGraph_4_3,64,168,64,repaired,14,refutation,8,14,78772,0.079,120.0,14,unsat,78772,0.0571,38248,25156,89,25067,4,0,0,0
named,HanoiTowerGraph_4_3,64,168,64,old,14,refutation,8,14,78226,0.077,120.0,14,unsat,78226,0.0549,38022,24957,0,24957,0,0,0,0
named,HararyGraph_6_15,15,45,15,old,6,bound,6,6,0,0.0,120.0,6,unsat,0,0.0002,0,0,0,0,0,0,0,0
named,HararyGraph_6_15,15,45,15,repaired,6,bound,6,6,0,0.0,120.0,6,unsat,0,0.0001,0,0,0,0,0,0,0,0
named,HarborthGraph,52,104,52,repaired,5,refutation,4,5,111,0.001,120.0,5,unsat,111,0.0004,52,47,0,47,0,0,0,0
named,HarborthGraph,52,104,52,old,5,refutation,4,5,111,0.001,120.0,5,unsat,111,0.0004,52,47,0,47,0,0,0,0
named,BiggsSmithGraph,102,153,102,repaired,19,budget,6,19,218873856,120.008,120.0,,,,,,,,,,,,
named,BiggsSmithGraph,102,153,102,old,19,budget,6,19,228126720,120.008,120.0,,,,,,,,,,,,
named,BubbleSortGraph_5,120,240,120,old,23,budget,8,23,268312576,120.009,120.0,,,,,,,,,,,,
named,BubbleSortGraph_5,120,240,120,repaired,23,budget,8,23,248762368,120.009,120.0,,,,,,,,,,,,
named,HeawoodGraph,14,21,14,old,6,refutation,3,6,119,0.001,120.0,6,unsat,119,0.0003,34,0,0,0,0,0,0,0
named,HeawoodGraph,14,21,14,repaired,6,refutation,3,6,119,0.0,120.0,6,unsat,119,0.0002,34,0,0,0,0,0,0,0
named,HerschelGraph,11,18,11,repaired,4,refutation,3,4,8,0.0,120.0,4,unsat,8,0.0001,1,0,0,0,0,0,0,0
named,HerschelGraph,11,18,11,old,4,refutation,3,4,8,0.0,120.0,4,unsat,8,0.0001,1,0,0,0,0,0,0,0
named,HexahedralGraph,8,12,8,old,4,refutation,3,4,8,0.0,120.0,4,unsat,8,0.0001,1,0,0,0,0,0,0,0
named,HexahedralGraph,8,12,8,repaired,4,refutation,3,4,8,0.0,120.0,4,unsat,8,0.0,1,0,0,0,0,0,0,0
named,CameronGraph,231,3465,231,old,161,budget,43,161,76677120,120.018,120.0,,,,,,,,,,,,
named,CameronGraph,231,3465,231,repaired,161,budget,43,161,76472320,120.016,120.0,,,,,,,,,,,,
named,HoffmanGraph,16,32,16,old,7,refutation,4,7,104,0.001,120.0,7,unsat,104,0.0003,25,6,0,6,0,0,0,0
named,HoffmanGraph,16,32,16,repaired,7,refutation,4,7,104,0.0,120.0,7,unsat,104,0.0002,25,6,0,6,0,0,0,0
named,Cell120,600,1200,600,repaired,67,budget,4,67,51363840,120.035,120.0,,,,,,,,,,,,
named,Cell120,600,1200,600,old,67,budget,4,67,53047296,120.036,120.0,,,,,,,,,,,,
named,HoltGraph,27,54,27,old,10,refutation,6,11,2071,0.005,120.0,10,unsat,2050,0.0022,605,88,0,88,0,0,0,0
named,HoltGraph,27,54,27,repaired,10,refutation,6,11,2071,0.005,120.0,10,unsat,2050,0.0021,605,88,0,88,0,0,0,0
named,HortonGrap,96,144,96,repaired,8,refutation,4,8,37394,0.051,120.0,8,unsat,37394,0.0372,13421,6328,19,6309,0,0,0,0
named,HortonGrap,96,144,96,old,8,refutation,4,8,37400,0.049,120.0,8,unsat,37400,0.0367,13427,6315,0,6315,0,0,0,0
named,HouseGraph,5,6,5,old,2,bound,2,2,0,0.0,120.0,2,unsat,0,0.0001,0,0,0,0,0,0,0,0
named,HouseGraph,5,6,5,repaired,2,bound,2,2,0,0.0,120.0,2,unsat,0,0.0,0,0,0,0,0,0,0,0
named,HouseXGraph,5,8,5,repaired,3,bound,3,3,0,0.0,120.0,3,unsat,1,0.0,1,0,0,0,0,0,0,0
named,HouseXGraph,5,8,5,old,3,bound,3,3,0,0.0,120.0,3,unsat,1,0.0,1,0,0,0,0,0,0,0
named,HyperStarGraph_10_2,45,72,45,old,8,bound,8,8,0,0.001,120.0,8,unsat,1639002,0.5789,861989,707574,0,707574,0,0,0,0
named,HyperStarGraph_10_2,45,72,45,repaired,8,bound,8,8,0,0.001,120.0,8,unsat,1639002,0.5932,861989,707574,0,707574,0,0,0,0
named,DejterGraph,112,336,112,repaired,33,budget,13,35,291816034,120.009,120.0,,,,,,,,,,,,
named,DejterGraph,112,336,112,old,33,budget,13,35,289143984,120.008,120.0,,,,,,,,,,,,
named,IcosahedralGraph,12,30,12,old,6,refutation,5,6,12,0.0,120.0,6,unsat,12,0.0001,1,0,0,0,0,0,0,0
named,IcosahedralGraph,12,30,12,repaired,6,refutation,5,6,12,0.0,120.0,6,unsat,12,0.0001,1,0,0,0,0,0,0,0
named,HoffmanSingletonGraph,50,175,50,repaired,27,refutation,12,28,5656090,2.68,120.0,27,unsat,5656071,2.5346,1158892,120266,0,120266,0,0,0,0
named,HoffmanSingletonGraph,50,175,50,old,27,refutation,12,28,5656090,2.669,120.0,27,unsat,5656071,2.5397,1158892,120266,0,120266,0,0,0,0
named,JohnsonGraph_8_2,28,168,28,old,18,refutation,12,18,100,0.001,120.0,18,unsat,100,0.0005,28,0,0,0,0,0,0,0
named,JohnsonGraph_8_2,28,168,28,repaired,18,refutation,12,18,100,0.001,120.0,18,unsat,100,0.0004,28,0,0,0,0,0,0,0
named,KittellGraph,23,63,23,repaired,7,refutation,5,7,66,0.0,120.0,7,unsat,66,0.0002,35,21,0,21,0,0,0,0
named,KittellGraph,23,63,23,old,7,refutation,5,7,66,0.0,120.0,7,unsat,66,0.0002,35,21,0,21,0,0,0,0
named,FoldedCubeGraph_7,64,224,64,old,31,budget,13,31,250408960,120.008,120.0,,,,,,,,,,,,
named,FoldedCubeGraph_7,64,224,64,repaired,31,budget,13,31,248475648,120.007,120.0,,,,,,,,,,,,
named,Klein7RegularGraph,24,84,24,repaired,13,refutation,8,13,542,0.001,120.0,13,unsat,542,0.0008,142,42,0,42,0,0,0,0
named,Klein7RegularGraph,24,84,24,old,13,refutation,8,13,542,0.001,120.0,13,unsat,542,0.0007,142,42,0,42,0,0,0,0
named,KneserGraph_10_2,45,630,45,old,36,refutation,28,36,405,0.001,120.0,36,unsat,405,0.0015,43,0,0,0,0,0,0,0
named,KneserGraph_10_2,45,630,45,repaired,36,refutation,28,36,405,0.001,120.0,36,unsat,405,0.0014,43,0,0,0,0,0,0,0
named,KneserGraph_8_3,56,280,56,repaired,32,refutation,15,32,2312055,1.161,120.0,32,unsat,2312055,1.1042,537708,191040,0,191040,0,0,0,0
named,KneserGraph_8_3,56,280,56,old,32,refutation,15,32,2312055,1.152,120.0,32,unsat,2312055,1.0802,537708,191040,0,191040,0,0,0,0
named,KrackhardtKiteGraph,10,18,10,old,4,refutation,3,4,9,0.0,120.0,4,unsat,9,0.0001,6,4,0,4,0,0,0,0
named,KrackhardtKiteGraph,10,18,10,repaired,4,refutation,3,4,9,0.0,120.0,4,unsat,9,0.0001,6,4,0,4,0,0,0,0
named,LadderGraph_20,40,58,40,repaired,2,bound,2,2,0,0.0,120.0,2,unsat,0,0.0002,0,0,0,0,0,0,0,0
named,LadderGraph_20,40,58,40,old,2,bound,2,2,0,0.0,120.0,2,unsat,0,0.0001,0,0,0,0,0,0,0,0
named,FosterGraph,90,135,90,old,20,budget,7,20,257470464,120.008,120.0,,,,,,,,,,,,
named,FosterGraph,90,135,90,repaired,20,budget,7,20,240263168,120.009,120.0,,,,,,,,,,,,
named,LollipopGraph_7_5,12,26,12,repaired,6,bound,6,6,0,0.0,120.0,6,unsat,9,0.0001,6,5,0,5,0,0,0,0
named,LollipopGraph_7_5,12,26,12,old,6,bound,6,6,0,0.0,120.0,6,unsat,9,0.0001,6,5,0,5,0,0,0,0
named,Klein3RegularGraph,56,84,56,old,13,refutation,5,13,17729105,7.613,120.0,13,unsat,17729105,7.3807,7064733,4678185,0,4678185,0,0,0,0
named,Klein3RegularGraph,56,84,56,repaired,13,refutation,5,13,17729105,7.928,120.0,13,unsat,17729105,7.653,7064733,4678185,0,4678185,0,0,0,0
named,MarkstroemGraph,24,36,24,repaired,5,refutation,4,5,128,0.001,120.0,5,unsat,128,0.0003,92,72,0,72,0,0,0,0
named,MarkstroemGraph,24,36,24,old,5,refutation,4,5,128,0.0,120.0,5,unsat,128,0.0002,92,72,0,72,0,0,0,0
named,McGeeGraph,24,36,24,old,8,refutation,4,8,3812,0.006,120.0,8,unsat,3812,0.0038,1345,573,0,573,0,0,0,0
named,McGeeGraph,24,36,24,repaired,8,refutation,4,8,3812,0.005,120.0,8,unsat,3812,0.0038,1345,573,0,573,0,0,0,0
named,MeredithGraph,70,140,70,repaired,8,refutation,6,8,1963,0.004,120.0,8,unsat,1963,0.0022,1195,1000,0,1000,0,0,0,0
named,MeredithGraph,70,140,70,old,8,refutation,6,8,1963,0.004,120.0,8,unsat,1963,0.0021,1195,1000,0,1000,0,0,0,0
named,MoebiusKantorGraph,16,24,16,old,6,refutation,4,6,136,0.0,120.0,6,unsat,136,0.0002,36,0,0,0,0,0,0,0
named,MoebiusKantorGraph,16,24,16,repaired,6,refutation,4,6,136,0.0,120.0,6,unsat,136,0.0002,36,0,0,0,0,0,0,0
named,MoserSpindle,7,11,7,repaired,3,bound,3,3,0,0.0,120.0,3,unsat,0,0.0,0,0,0,0,0,0,0,0
named,MoserSpindle,7,11,7,old,3,bound,3,3,0,0.0,120.0,3,unsat,0,0.0,0,0,0,0,0,0,0,0
named,NKStarGraph_5_3,60,120,60,old,15,refutation,7,15,2340423,1.147,120.0,15,unsat,2340423,1.0978,709669,217359,0,217359,0,0,0,0
named,NKStarGraph_5_3,60,120,60,repaired,15,refutation,7,15,2340434,1.14,120.0,15,unsat,2340434,1.1119,709669,217359,20,217339,20,0,0,0
named,NKStarGraph_8_2,56,196,56,repaired,18,refutation,12,18,9146,0.015,120.0,18,unsat,9146,0.0101,7120,6659,0,6659,0,0,0,0
named,NKStarGraph_8_2,56,196,56,old,18,refutation,12,18,9146,0.013,120.0,18,unsat,9146,0.0097,7120,6659,0,6659,0,0,0,0
named,Grid2dGraph_20_40,800,1540,800,repaired,20,budget,2,20,16891904,120.05,120.0,,,,,,,,,,,,
named,Grid2dGraph_20_40,800,1540,800,old,20,budget,2,20,16920576,120.043,120.0,,,,,,,,,,,,
named,NauruGraph,24,36,24,repaired,8,refutation,4,8,3471,0.006,120.0,8,unsat,3471,0.0034,1246,428,0,428,0,0,0,0
named,NauruGraph,24,36,24,old,8,refutation,4,8,3471,0.005,120.0,8,unsat,3471,0.0034,1246,428,0,428,0,0,0,0
named,NonisotropicOrthogonalPolarGraph_3_5,15,60,15,old,10,refutation,8,10,15,0.0,120.0,10,unsat,15,0.0002,1,0,0,0,0,0,0,0
named,NonisotropicOrthogonalPolarGraph_3_5,15,60,15,repaired,10,refutation,8,10,15,0.0,120.0,10,unsat,15,0.0001,1,0,0,0,0,0,0,0
named,NonisotropicUnitaryPolarGraph_3_3,63,1008,63,repaired,54,refutation,32,54,26103,0.046,120.0,54,unsat,26103,0.0262,4848,3087,0,3087,0,0,0,0
named,NonisotropicUnitaryPolarGraph_3_3,63,1008,63,old,54,refutation,32,54,26103,0.045,120.0,54,unsat,26103,0.0254,4848,3087,0,3087,0,0,0,0
named,OctahedralGraph,6,12,6,old,4,bound,4,4,0,0.0,120.0,4,unsat,0,0.0001,0,0,0,0,0,0,0,0
named,OctahedralGraph,6,12,6,repaired,4,bound,4,4,0,0.0,120.0,4,unsat,0,0.0,0,0,0,0,0,0,0,0
named,OddGraph_3,10,15,10,repaired,5,refutation,3,5,25,0.0,120.0,5,unsat,25,0.0001,8,0,0,0,0,0,0,0
named,OddGraph_3,10,15,10,old,5,refutation,3,5,25,0.0,120.0,5,unsat,25,0.0001,8,0,0,0,0,0,0,0
named,OddGraph_4,35,70,35,old,13,refutation,6,13,57206,0.057,120.0,13,unsat,57206,0.0466,12417,971,0,971,0,0,0,0
named,OddGraph_4,35,70,35,repaired,13,refutation,6,13,57206,0.055,120.0,13,unsat,57206,0.0467,12417,971,0,971,0,0,0,0
named,HarriesGraph,70,105,70,old,15,budget,5,16,227852343,120.009,120.0,,,,,,,,,,,,
named,HarriesGraph,70,105,70,repaired,15,budget,5,16,224247863,120.008,120.0,,,,,,,,,,,,
named,OrthogonalArrayBlockGraph_4_3,9,36,9,old,8,bound,8,8,0,0.0,120.0,8,unsat,0,0.0001,0,0,0,0,0,0,0,0
named,OrthogonalArrayBlockGraph_4_3,9,36,9,repaired,8,bound,8,8,0,0.0,120.0,8,unsat,0,0.0001,0,0,0,0,0,0,0,0
named,OrthogonalPolarGraph_5_2,15,45,15,repaired,10,refutation,6,10,120,0.0,120.0,10,unsat,120,0.0003,15,0,0,0,0,0,0,0
named,OrthogonalPolarGraph_5_2,15,45,15,old,10,refutation,6,10,120,0.0,120.0,10,unsat,120,0.0002,15,0,0,0,0,0,0,0
named,PaleyGraph_17,17,68,17,old,12,refutation,8,12,85,0.0,120.0,12,unsat,85,0.0003,17,0,0,0,0,0,0,0
named,PaleyGraph_17,17,68,17,repaired,12,refutation,8,12,85,0.0,120.0,12,unsat,85,0.0002,17,0,0,0,0,0,0,0
named,PappusGraph,18,27,18,repaired,7,refutation,4,7,873,0.002,120.0,7,unsat,873,0.0009,332,190,0,190,0,0,0,0
named,PappusGraph,18,27,18,old,7,refutation,4,7,873,0.001,120.0,7,unsat,873,0.0009,332,190,0,190,0,0,0,0
named,PasechnikGraph_1,9,9,3,old,2,bound,2,2,0,0.0,120.0,2,unsat,0,0.0,0,0,0,0,0,0,0,0
named,PasechnikGraph_1,9,9,3,repaired,2,bound,2,2,0,0.0,120.0,2,unsat,0,0.0,0,0,0,0,0,0,0,0
named,PasechnikGraph_2,49,441,49,repaired,36,refutation,18,36,20433,0.036,120.0,36,unsat,20433,0.0203,4037,0,0,0,0,0,0,0
named,PasechnikGraph_2,49,441,49,old,36,refutation,18,36,20433,0.035,120.0,36,unsat,20433,0.0201,4037,0,0,0,0,0,0,0
named,PasechnikGraph_3,121,3025,121,old,102,refutation,50,103,1319603,1.132,120.0,102,unsat,1319431,0.8934,123708,648,0,648,0,0,0,0
named,PasechnikGraph_3,121,3025,121,repaired,102,refutation,50,103,1319603,1.13,120.0,102,unsat,1319431,0.8939,123708,648,0,648,0,0,0,0
named,PathGraph_100,100,99,100,repaired,1,bound,1,1,0,0.002,120.0,1,unsat,0,0.0003,0,0,0,0,0,0,0,0
named,PathGraph_100,100,99,100,old,1,bound,1,1,0,0.002,120.0,1,unsat,0,0.0003,0,0,0,0,0,0,0,0
named,HarriesWongGraph,70,105,70,repaired,15,budget,7,17,222253589,120.009,120.0,,,,,,,,,,,,
named,HarriesWongGraph,70,105,70,old,15,budget,7,17,234975765,120.008,120.0,,,,,,,,,,,,
named,PetersenGraph,10,15,10,repaired,5,refutation,3,5,25,0.0,120.0,5,unsat,25,0.0001,9,0,0,0,0,0,0,0
named,PetersenGraph,10,15,10,old,5,refutation,3,5,25,0.0,120.0,5,unsat,25,0.0001,9,0,0,0,0,0,0,0
named,PoussinGraph,15,39,15,old,6,refutation,5,6,15,0.0,120.0,6,unsat,15,0.0001,6,3,0,3,0,0,0,0
named,PoussinGraph,15,39,15,repaired,6,refutation,5,6,15,0.0,120.0,6,unsat,15,0.0001,6,3,0,3,0,0,0,0
named,HigmanSimsGraph,100,1100,100,repaired,74,budget,33,76,148962779,120.009,120.0,,,,,,,,,,,,
named,HigmanSimsGraph,100,1100,100,old,74,budget,33,76,152079835,120.008,120.0,,,,,,,,,,,,
named,RingedTree_6,63,123,63,old,9,refutation,4,9,13257,0.016,120.0,9,unsat,13257,0.0129,8185,6784,0,6784,0,0,0,0
named,RingedTree_6,63,123,63,repaired,9,refutation,4,9,13257,0.016,120.0,9,unsat,13257,0.0129,8185,6784,0,6784,0,0,0,0
named,HyperStarGraph_10_5,252,630,252,repaired,62,budget,15,65,162902800,120.016,120.0,,,,,,,,,,,,
named,HyperStarGraph_10_5,252,630,252,old,62,budget,15,65,168162034,120.015,120.0,,,,,,,,,,,,
named,RobertsonGraph,19,38,19,old,8,refutation,6,9,185,0.001,120.0,8,unsat,171,0.0003,19,0,0,0,0,0,0,0
named,RobertsonGraph,19,38,19,repaired,8,refutation,6,9,185,0.001,120.0,8,unsat,171,0.0003,19,0,0,0,0,0,0,0
named,SchlaefliGraph,27,216,27,repaired,21,refutation,16,21,243,0.001,120.0,21,unsat,243,0.0007,27,0,0,0,0,0,0,0
named,SchlaefliGraph,27,216,27,old,21,refutation,16,21,243,0.001,120.0,21,unsat,243,0.0006,27,0,0,0,0,0,0,0
named,ShrikhandeGraph,16,48,16,old,9,refutation,6,9,64,0.0,120.0,9,unsat,64,0.0002,15,0,0,0,0,0,0,0
named,ShrikhandeGraph,16,48,16,repaired,9,refutation,6,9,64,0.0,120.0,9,unsat,64,0.0002,15,0,0,0,0,0,0,0
named,SierpinskiGasketGraph_3,15,27,15,repaired,4,refutation,3,4,21,0.0,120.0,4,unsat,21,0.0001,13,6,0,6,0,0,0,0
named,SierpinskiGasketGraph_3,15,27,15,old,4,refutation,3,4,21,0.0,120.0,4,unsat,21,0.0001,13,6,0,6,0,0,0,0
named,SierpinskiGasketGraph_5,123,243,123,old,6,refutation,4,6,2266,0.008,120.0,6,unsat,2266,0.0028,1133,711,0,711,0,0,0,0
named,SierpinskiGasketGraph_5,123,243,123,repaired,6,refutation,4,6,2266,0.008,120.0,6,unsat,2266,0.0028,1133,714,3,711,0,0,0,0
named,JohnsonGraph_10_4,210,2520,210,repaired,109,budget,35,110,122836214,120.016,120.0,,,,,,,,,,,,
named,JohnsonGraph_10_4,210,2520,210,old,109,budget,35,110,124699442,120.015,120.0,,,,,,,,,,,,
named,SousselierGraph,16,27,16,old,5,refutation,4,5,23,0.0,120.0,5,unsat,23,0.0002,8,0,0,0,0,0,0,0
named,SousselierGraph,16,27,16,repaired,5,refutation,4,5,23,0.0,120.0,5,unsat,23,0.0001,8,0,0,0,0,0,0,0
named,SquaredSkewHadamardMatrixGraph_1,9,18,9,repaired,5,refutation,4,5,9,0.0,120.0,5,unsat,9,0.0001,1,0,0,0,0,0,0,0
named,SquaredSkewHadamardMatrixGraph_1,9,18,9,old,5,refutation,4,5,9,0.0,120.0,5,unsat,9,0.0001,1,0,0,0,0,0,0,0
named,SquaredSkewHadamardMatrixGraph_2,49,588,49,old,41,refutation,24,41,10437,0.023,120.0,41,unsat,10437,0.012,1113,0,0,0,0,0,0,0
named,SquaredSkewHadamardMatrixGraph_2,49,588,49,repaired,41,refutation,24,41,10437,0.021,120.0,41,unsat,10437,0.0119,1113,0,0,0,0,0,0,0
named,SimsGewirtzGraph,56,280,56,repaired,34,refutation,16,34,3269291,1.536,120.0,34,unsat,3269291,1.4155,444845,40079,0,40079,0,0,0,0
named,SimsGewirtzGraph,56,280,56,old,34,refutation,16,34,3269291,1.519,120.0,34,unsat,3269291,1.4146,444845,40079,0,40079,0,0,0,0
named,StarGraph_100,101,100,101,old,1,bound,1,1,0,0.002,120.0,1,unsat,0,0.0003,0,0,0,0,0,0,0,0
named,StarGraph_100,101,100,101,repaired,1,bound,1,1,0,0.002,120.0,1,unsat,0,0.0003,0,0,0,0,0,0,0,0
named,SwitchedSquaredSkewHadamardMatrixGraph_1,10,15,10,repaired,5,refutation,3,5,25,0.0,120.0,5,unsat,25,0.0001,7,0,0,0,0,0,0,0
named,SwitchedSquaredSkewHadamardMatrixGraph_1,10,15,10,old,5,refutation,3,5,25,0.0,120.0,5,unsat,25,0.0001,7,0,0,0,0,0,0,0
named,SwitchedSquaredSkewHadamardMatrixGraph_2,50,525,50,old,39,refutation,21,39,11477,0.024,120.0,39,unsat,11477,0.0129,1834,261,0,261,0,0,0,0
named,SwitchedSquaredSkewHadamardMatrixGraph_2,50,525,50,repaired,39,refutation,21,39,11477,0.024,120.0,39,unsat,11477,0.0129,1834,261,0,261,0,0,0,0
named,SquaredSkewHadamardMatrixGraph_3,121,3630,121,repaired,108,refutation,60,108,693283,0.577,120.0,108,unsat,693283,0.4751,116255,8732,0,8732,0,0,0,0
named,SquaredSkewHadamardMatrixGraph_3,121,3630,121,old,108,refutation,60,108,693283,0.572,120.0,108,unsat,693283,0.4761,116255,8732,0,8732,0,0,0,0
named,SylvesterGraph,36,90,36,old,16,refutation,8,16,70816,0.061,120.0,16,unsat,70816,0.0515,13886,851,0,851,0,0,0,0
named,SylvesterGraph,36,90,36,repaired,16,refutation,8,16,70816,0.06,120.0,16,unsat,70816,0.051,13886,851,0,851,0,0,0,0
named,SymplecticDualPolarGraph_4_3,40,240,40,repaired,28,refutation,14,28,33733,0.033,120.0,28,unsat,33733,0.0284,10335,4833,0,4833,0,0,0,0
named,SymplecticDualPolarGraph_4_3,40,240,40,old,28,refutation,14,28,33733,0.033,120.0,28,unsat,33733,0.0275,10335,4833,0,4833,0,0,0,0
named,SwitchedSquaredSkewHadamardMatrixGraph_3,122,3355,122,repaired,106,refutation,55,106,878838,0.734,120.0,106,unsat,878838,0.5848,129864,1274,0,1274,0,0,0,0
named,SwitchedSquaredSkewHadamardMatrixGraph_3,122,3355,122,old,106,refutation,55,106,878838,0.734,120.0,106,unsat,878838,0.5817,129864,1274,0,1274,0,0,0,0
named,SymplecticPolarGraph_4_3,40,240,40,repaired,29,refutation,13,29,83240,0.069,120.0,29,unsat,83240,0.0532,9311,0,0,0,0,0,0,0
named,SymplecticPolarGraph_4_3,40,240,40,old,29,refutation,13,29,83240,0.069,120.0,29,unsat,83240,0.0534,9311,0,0,0,0,0,0,0
named,LjubljanaGraph,112,168,112,old,22,budget,7,23,231002454,120.008,120.0,,,,,,,,,,,,
named,LjubljanaGraph,112,168,112,repaired,22,budget,7,23,217297238,120.009,120.0,,,,,,,,,,,,
named,SzekeresSnarkGraph,50,75,50,repaired,7,refutation,5,7,3002,0.005,120.0,7,unsat,3002,0.0032,1027,666,0,666,0,0,0,0
named,SzekeresSnarkGraph,50,75,50,old,7,refutation,5,7,3002,0.005,120.0,7,unsat,3002,0.0031,1027,666,0,666,0,0,0,0
named,T2starGeneralizedQuadrangleGraph_2,8,16,8,old,4,bound,4,4,0,0.0,120.0,4,unsat,0,0.0001,0,0,0,0,0,0,0,0
named,T2starGeneralizedQuadrangleGraph_2,8,16,8,repaired,4,bound,4,4,0,0.0,120.0,4,unsat,0,0.0,0,0,0,0,0,0,0,0
named,T2starGeneralizedQuadrangleGraph_4,64,576,64,repaired,47,refutation,22,48,1179385,0.645,120.0,47,unsat,1177535,0.5734,219616,77208,0,77208,0,0,0,0
named,T2starGeneralizedQuadrangleGraph_4,64,576,64,old,47,refutation,22,48,1179385,0.642,120.0,47,unsat,1177535,0.5702,219616,77208,0,77208,0,0,0,0
named,TaylorTwographDescendantSRG_3,27,135,27,old,18,refutation,11,19,386,0.001,120.0,18,unsat,378,0.0007,27,0,0,0,0,0,0,0
named,TaylorTwographDescendantSRG_3,27,135,27,repaired,18,refutation,11,19,386,0.001,120.0,18,unsat,378,0.0006,27,0,0,0,0,0,0,0
named,TaylorTwographSRG_3,28,210,28,repaired,22,refutation,15,22,244,0.001,120.0,22,unsat,244,0.0006,69,0,0,0,0,0,0,0
named,TaylorTwographSRG_3,28,210,28,old,22,refutation,15,22,244,0.001,120.0,22,unsat,244,0.0006,69,0,0,0,0,0,0,0
named,TetrahedralGraph,4,6,4,old,3,bound,3,3,0,0.0,120.0,3,unsat,0,0.0,0,0,0,0,0,0,0,0
named,TetrahedralGraph,4,6,4,repaired,3,bound,3,3,0,0.0,120.0,3,unsat,0,0.0,0,0,0,0,0,0,0,0
named,ThomsenGraph,6,9,6,repaired,3,bound,3,3,0,0.0,120.0,3,unsat,0,0.0,0,0,0,0,0,0,0,0
named,ThomsenGraph,6,9,6,old,3,bound,3,3,0,0.0,120.0,3,unsat,0,0.0,0,0,0,0,0,0,0,0
named,TietzeGraph,12,18,12,old,5,refutation,3,5,35,0.0,120.0,5,unsat,35,0.0001,16,5,0,5,0,0,0,0
named,TietzeGraph,12,18,12,repaired,5,refutation,3,5,35,0.0,120.0,5,unsat,35,0.0001,16,5,0,5,0,0,0,0
named,Toroidal6RegularGrid2dGraph_4_6,24,72,24,repaired,9,refutation,6,9,96,0.001,120.0,9,unsat,96,0.0003,24,0,0,0,0,0,0,0
named,Toroidal6RegularGrid2dGraph_4_6,24,72,24,old,9,refutation,6,9,96,0.0,120.0,9,unsat,96,0.0003,24,0,0,0,0,0,0,0
named,M22Graph,77,616,77,old,54,refutation,25,55,93993472,65.502,120.0,54,unknown,50000001,27.1682,7197407,974134,0,974134,0,0,0,0
named,M22Graph,77,616,77,repaired,54,refutation,25,55,93993472,65.254,120.0,54,unknown,50000001,27.1364,7197407,974134,0,974134,0,0,0,0
named,TruncatedTetrahedralGraph,12,18,12,repaired,4,bound,4,4,0,0.0,120.0,4,unsat,24,0.0001,13,12,0,12,0,0,0,0
named,TruncatedTetrahedralGraph,12,18,12,old,4,bound,4,4,0,0.0,120.0,4,unsat,24,0.0001,13,12,0,12,0,0,0,0
named,NStarGraph_5,120,240,120,old,28,budget,10,33,159379768,120.01,120.0,,,,,,,,,,,,
named,NStarGraph_5,120,240,120,repaired,28,budget,10,33,159412554,120.008,120.0,,,,,,,,,,,,
named,TutteCoxeterGraph,30,45,30,repaired,9,refutation,4,9,19003,0.024,120.0,9,unsat,19003,0.0181,6362,2593,0,2593,0,0,0,0
named,TutteCoxeterGraph,30,45,30,old,9,refutation,4,9,19003,0.023,120.0,9,unsat,19003,0.0174,6362,2593,0,2593,0,0,0,0
named,TutteGraph,46,69,46,old,6,refutation,4,6,1029,0.003,120.0,6,unsat,1029,0.0013,602,459,0,459,0,0,0,0
named,TutteGraph,46,69,46,repaired,6,refutation,4,6,1029,0.002,120.0,6,unsat,1029,0.0012,602,459,0,459,0,0,0,0
named,WagnerGraph,8,12,8,repaired,4,refutation,3,4,8,0.0,120.0,4,unsat,8,0.0001,1,0,0,0,0,0,0,0
named,WagnerGraph,8,12,8,old,4,refutation,3,4,8,0.0,120.0,4,unsat,8,0.0,1,0,0,0,0,0,0,0
named,WatkinsSnarkGraph,50,75,50,old,7,refutation,4,7,2792,0.005,120.0,7,unsat,2792,0.0029,922,581,0,581,0,0,0,0
named,WatkinsSnarkGraph,50,75,50,repaired,7,refutation,4,7,2792,0.005,120.0,7,unsat,2792,0.0029,922,581,0,581,0,0,0,0
named,WellsGraph,32,80,32,repaired,15,refutation,8,15,31648,0.034,120.0,15,unsat,31648,0.0287,7653,800,0,800,0,0,0,0
named,WellsGraph,32,80,32,old,15,refutation,8,15,31648,0.034,120.0,15,unsat,31648,0.0277,7653,800,0,800,0,0,0,0
named,WheelGraph_100,100,198,100,old,3,bound,3,3,0,0.002,120.0,3,unsat,0,0.0005,0,0,0,0,0,0,0,0
named,WheelGraph_100,100,198,100,repaired,3,bound,3,3,0,0.002,120.0,3,unsat,0,0.0004,0,0,0,0,0,0,0,0
named,WienerArayaGraph,42,67,42,repaired,7,refutation,4,7,1616,0.003,120.0,7,unsat,1616,0.0018,513,259,0,259,0,0,0,0
named,WienerArayaGraph,42,67,42,old,7,refutation,4,7,1616,0.003,120.0,7,unsat,1616,0.0017,513,259,0,259,0,0,0,0
named,WorldMap,166,323,157,old,7,refutation,4,8,982630,0.902,120.0,,,,,,,,,,,,
named,WorldMap,166,323,157,repaired,7,refutation,4,8,990882,0.936,120.0,,,,,,,,,,,,
rome,grafo10038.38,38,46,38,repaired,4,refutation,3,4,428,0.001,120.0,4,unsat,428,0.0007,232,192,0,192,0,0,0,0
rome,grafo10038.38,38,46,38,old,4,refutation,3,4,428,0.001,120.0,4,unsat,428,0.0006,232,192,0,192,0,0,0,0
named,PerkelGraph,57,171,57,old,27,refutation,10,27,102323646,51.071,120.0,27,unknown,50000001,23.0345,10379510,3043508,0,3043508,0,0,0,0
named,PerkelGraph,57,171,57,repaired,27,refutation,10,27,102283953,51.345,120.0,27,unknown,50000001,22.6319,10378284,3040876,459,3040417,445,0,0,0
rome,grafo10121.95,95,122,95,repaired,8,refutation,6,9,2035551,1.191,120.0,8,unsat,2034964,0.964,1051376,942826,258,942568,38,0,0,0
rome,grafo10121.95,95,122,95,old,8,refutation,6,9,2034207,1.116,120.0,8,unsat,2033620,0.9097,1050826,942091,0,942091,0,0,0,0
named,OddGraph_5,126,315,126,repaired,41,budget,14,43,201157536,120.008,120.0,,,,,,,,,,,,
named,OddGraph_5,126,315,126,old,41,budget,14,43,205028255,120.007,120.0,,,,,,,,,,,,
named,RingedTree_10,1023,2043,1023,repaired,17,budget,3,17,17494016,120.048,120.0,,,,,,,,,,,,
named,RingedTree_10,1023,2043,1023,old,17,budget,3,17,18042880,120.041,120.0,,,,,,,,,,,,
named,RingedTree_8,255,507,255,repaired,13,budget,4,13,206893056,120.015,120.0,,,,,,,,,,,,
named,RingedTree_8,255,507,255,old,13,budget,4,13,273104896,120.014,120.0,,,,,,,,,,,,
named,TruncatedIcosidodecahedralGraph,120,180,120,old,12,refutation,4,12,74798110,35.97,120.0,12,unknown,50000001,21.1752,31702233,28803989,0,28803989,0,0,0,0
named,TruncatedIcosidodecahedralGraph,120,180,120,repaired,12,refutation,4,12,75990446,39.103,120.0,12,unknown,50000001,23.0912,31699546,28808515,977,28807538,627,0,0,0
rome,grafo10202.92,92,131,92,repaired,10,refutation,6,10,108619540,46.833,120.0,10,unknown,50000001,18.6654,25429131,22999467,2069,22997398,773,0,0,0
rome,grafo10202.92,92,131,92,old,10,refutation,6,10,107854342,43.843,120.0,10,unknown,50000001,17.4882,25433322,23003552,0,23003552,0,0,0,0
rome,grafo10278.40,40,55,40,repaired,4,refutation,3,5,594,0.001,120.0,4,unsat,537,0.0007,247,199,0,199,0,0,0,0
rome,grafo10278.40,40,55,40,old,4,refutation,3,5,594,0.001,120.0,4,unsat,537,0.0007,247,199,0,199,0,0,0,0
rome,grafo10279.32,32,37,32,old,3,bound,3,4,26,0.0,120.0,3,unsat,88,0.0002,53,47,0,47,0,0,0,0
rome,grafo10279.32,32,37,32,repaired,3,bound,3,4,26,0.0,120.0,3,unsat,88,0.0002,53,47,0,47,0,0,0,0
rome,grafo10285.39,39,59,39,repaired,6,refutation,5,6,2345,0.003,120.0,6,unsat,2345,0.0024,942,632,0,632,0,0,0,0
rome,grafo10285.39,39,59,39,old,6,refutation,5,6,2345,0.003,120.0,6,unsat,2345,0.0023,942,632,0,632,0,0,0,0
rome,grafo10247.95,95,126,95,repaired,9,refutation,5,9,38799179,18.071,120.0,9,unsat,38799179,14.8789,19557884,17868034,1029,17867005,131,0,0,0
rome,grafo10247.95,95,126,95,old,9,refutation,5,9,38194505,16.683,120.0,9,unsat,38194505,13.8799,19260082,17598122,0,17598122,0,0,0,0
named,SymplecticDualPolarGraph_4_4,85,850,85,old,64,budget,26,64,174886912,120.009,120.0,,,,,,,,,,,,
named,SymplecticDualPolarGraph_4_4,85,850,85,repaired,64,budget,26,64,175198208,120.01,120.0,,,,,,,,,,,,
named,SymplecticPolarGraph_4_4,85,850,85,old,64,budget,24,64,175984640,120.008,120.0,,,,,,,,,,,,
named,SymplecticPolarGraph_4_4,85,850,85,repaired,64,budget,24,64,175763456,120.01,120.0,,,,,,,,,,,,
rome,grafo10371.95,95,125,95,old,8,refutation,6,9,4039693,2.521,120.0,8,unsat,4033482,1.996,1891426,1624115,0,1624115,0,0,0,0
rome,grafo10371.95,95,125,95,repaired,8,refutation,6,9,4040520,2.646,120.0,8,unsat,4034309,2.0478,1891511,1624242,209,1624033,86,0,0,0
rome,grafo1039.14,14,21,14,old,3,bound,3,3,0,0.0,120.0,3,unsat,15,0.0001,9,6,0,6,0,0,0,0
rome,grafo1039.14,14,21,14,repaired,3,bound,3,3,0,0.0,120.0,3,unsat,15,0.0001,9,6,0,6,0,0,0,0
rome,grafo1044.23,23,25,23,repaired,3,refutation,2,3,67,0.0,120.0,3,unsat,67,0.0002,41,36,0,36,0,0,0,0
rome,grafo1044.23,23,25,23,old,3,refutation,2,3,67,0.0,120.0,3,unsat,67,0.0002,41,36,0,36,0,0,0,0
rome,grafo1051.34,34,38,34,old,3,refutation,2,3,144,0.001,120.0,3,unsat,144,0.0003,84,75,0,75,0,0,0,0
rome,grafo1051.34,34,38,34,repaired,3,refutation,2,3,144,0.001,120.0,3,unsat,144,0.0003,84,75,0,75,0,0,0,0
named,Tutte12Cage,126,189,126,old,27,budget,7,28,250620820,120.009,120.0,,,,,,,,,,,,
named,Tutte12Cage,126,189,126,repaired,27,budget,7,28,233450388,120.009,120.0,,,,,,,,,,,,
rome,grafo10093.98,98,140,98,old,11,budget,7,11,295051264,120.008,120.0,,,,,,,,,,,,
rome,grafo10093.98,98,140,98,repaired,11,budget,7,11,279576576,120.007,120.0,,,,,,,,,,,,
rome,grafo10564.37,37,47,37,repaired,4,refutation,3,5,504,0.001,120.0,4,unsat,363,0.0006,197,168,0,168,0,0,0,0
rome,grafo10564.37,37,47,37,old,4,refutation,3,5,504,0.001,120.0,4,unsat,363,0.0005,197,168,0,168,0,0,0,0
rome,grafo10130.97,97,138,97,old,10,budget,6,10,350232576,120.008,120.0,,,,,,,,,,,,
rome,grafo10130.97,97,138,97,repaired,10,budget,6,10,326131712,120.008,120.0,,,,,,,,,,,,
rome,grafo10245.92,92,135,92,old,12,budget,6,12,352161792,120.007,120.0,,,,,,,,,,,,
rome,grafo10245.92,92,135,92,repaired,12,budget,6,12,326275072,120.008,120.0,,,,,,,,,,,,
rome,grafo10724.92,92,120,92,old,7,refutation,5,8,393053,0.218,120.0,7,unsat,392980,0.1929,216432,199370,0,199370,0,0,0,0
rome,grafo10724.92,92,120,92,repaired,7,refutation,5,8,392261,0.226,120.0,7,unsat,392188,0.1933,216032,199022,26,198996,4,0,0,0
rome,grafo10740.92,92,117,92,repaired,7,refutation,6,7,435805,0.282,120.0,7,unsat,435805,0.2324,208377,180793,4,180789,2,0,0,0
rome,grafo10740.92,92,117,92,old,7,refutation,6,7,435780,0.271,120.0,7,unsat,435780,0.2237,208372,180787,0,180787,0,0,0,0
rome,grafo10776.96,96,117,96,old,6,refutation,4,6,249251,0.161,120.0,6,unsat,249251,0.1367,128555,116002,0,116002,0,0,0,0
rome,grafo10776.96,96,117,96,repaired,6,refutation,4,6,249251,0.171,120.0,6,unsat,249251,0.1427,128555,116003,1,116002,0,0,0,0
rome,grafo10250.100,100,138,100,old,9,refutation,6,9,228256298,75.807,120.0,9,unknown,50000001,15.2584,25600972,23454328,0,23454328,0,0,0,0
rome,grafo10250.100,100,138,100,repaired,9,refutation,6,9,231749375,82.833,120.0,9,unknown,50000001,16.3146,25586416,23439261,1188,23438073,855,0,0,0
rome,grafo10298.97,97,143,97,old,10,budget,7,11,352631159,120.008,120.0,,,,,,,,,,,,
rome,grafo10298.97,97,143,97,repaired,10,budget,7,11,328407415,120.008,120.0,,,,,,,,,,,,
rome,grafo10359.95,95,139,95,repaired,12,budget,7,13,264031147,120.008,120.0,,,,,,,,,,,,
rome,grafo10359.95,95,139,95,old,12,budget,7,13,277883808,120.009,120.0,,,,,,,,,,,,
rome,grafo10798.37,37,47,37,old,4,refutation,3,4,542,0.001,120.0,4,unsat,542,0.0007,275,233,0,233,0,0,0,0
rome,grafo10798.37,37,47,37,repaired,4,refutation,3,4,542,0.001,120.0,4,unsat,542,0.0007,275,233,0,233,0,0,0,0
rome,grafo10380.98,98,135,98,repaired,11,budget,7,12,363079351,120.007,120.0,,,,,,,,,,,,
rome,grafo10380.98,98,135,98,old,11,budget,7,12,389367479,120.008,120.0,,,,,,,,,,,,
rome,grafo10537.95,95,138,95,repaired,11,budget,7,11,344985600,120.008,120.0,,,,,,,,,,,,
rome,grafo10537.95,95,138,95,old,11,budget,7,11,386564096,120.007,120.0,,,,,,,,,,,,
rome,grafo10827.99,99,135,99,old,9,refutation,6,9,4598657,3.065,120.0,9,unsat,4598657,2.4444,2301917,2014838,0,2014838,0,0,0,0
rome,grafo10827.99,99,135,99,repaired,9,refutation,6,9,4648375,3.336,120.0,9,unsat,4648375,2.5597,2324498,2036711,2378,2034333,968,0,0,0
rome,grafo10858.93,93,118,93,old,7,refutation,4,7,501950,0.29,120.0,7,unsat,501950,0.2447,269919,242205,0,242205,0,0,0,0
rome,grafo10858.93,93,118,93,repaired,7,refutation,4,7,502891,0.3,120.0,7,unsat,502891,0.2622,270441,242731,69,242662,1,0,0,0
rome,grafo10888.35,35,46,35,repaired,5,refutation,4,5,738,0.002,120.0,5,unsat,738,0.0009,338,259,0,259,0,0,0,0
rome,grafo10888.35,35,46,35,old,5,refutation,4,5,738,0.001,120.0,5,unsat,738,0.0009,338,259,0,259,0,0,0,0
rome,grafo10549.99,99,140,99,old,10,budget,6,11,326955512,120.007,120.0,,,,,,,,,,,,
rome,grafo10549.99,99,140,99,repaired,10,budget,6,11,302887418,120.009,120.0,,,,,,,,,,,,
rome,grafo10578.96,96,139,96,old,11,budget,6,11,341237760,120.008,120.0,,,,,,,,,,,,
rome,grafo10578.96,96,139,96,repaired,11,budget,6,11,318345216,120.008,120.0,,,,,,,,,,,,
rome,grafo10794.100,100,130,100,repaired,8,refutation,5,9,30781796,14.413,120.0,8,unsat,28404575,10.7441,15269076,14286212,423,14285789,143,0,0,0
rome,grafo10794.100,100,130,100,old,8,refutation,5,9,30713822,13.349,120.0,8,unsat,28339705,9.948,15236203,14255164,0,14255164,0,0,0,0
rome,grafo11022.32,32,35,32,repaired,3,refutation,2,3,161,0.001,120.0,3,unsat,161,0.0003,96,88,0,88,0,0,0,0
rome,grafo11022.32,32,35,32,old,3,refutation,2,3,161,0.001,120.0,3,unsat,161,0.0003,96,88,0,88,0,0,0,0
rome,grafo10680.95,95,126,95,repaired,9,budget,6,10,340779344,120.008,120.0,,,,,,,,,,,,
rome,grafo10680.95,95,126,95,old,9,budget,6,10,364433743,120.008,120.0,,,,,,,,,,,,
rome,grafo11118.99,99,125,99,repaired,7,refutation,5,9,1513566,0.962,120.0,7,unsat,1140353,0.5727,488206,416334,1,416333,0,0,0,0
rome,grafo11118.99,99,125,99,old,7,refutation,5,9,1513566,0.906,120.0,7,unsat,1140353,0.5484,488206,416333,0,416333,0,0,0,0
rome,grafo10936.98,98,124,98,old,8,refutation,5,9,44861011,18.952,120.0,8,unsat,44818207,15.8786,22983649,21358015,0,21358015,0,0,0,0
rome,grafo10936.98,98,124,98,repaired,8,refutation,5,9,44893894,20.089,120.0,8,unsat,44851090,16.9596,23003928,21377379,145,21377234,33,0,0,0
rome,grafo1115.31,31,43,31,repaired,4,bound,4,5,32,0.001,120.0,4,unsat,512,0.0008,296,250,0,250,0,0,0,0
rome,grafo1115.31,31,43,31,old,4,bound,4,5,32,0.0,120.0,4,unsat,512,0.0007,296,250,0,250,0,0,0,0
rome,grafo11174.91,91,117,91,old,7,refutation,6,9,1250870,0.724,120.0,7,unsat,958706,0.4585,508230,457460,0,457460,0,0,0,0
rome,grafo11174.91,91,117,91,repaired,7,refutation,6,9,1253551,0.76,120.0,7,unsat,961135,0.484,509305,458499,43,458456,35,0,0,0
rome,grafo10777.100,100,133,100,repaired,9,budget,6,10,300849654,120.008,120.0,,,,,,,,,,,,
rome,grafo10777.100,100,133,100,old,9,budget,6,10,315899115,120.008,120.0,,,,,,,,,,,,
rome,grafo10820.100,100,141,100,repaired,9,refutation,6,10,81115781,38.611,120.0,9,unknown,50000001,20.1656,27473419,25582814,2877,25579937,617,0,0,0
rome,grafo10820.100,100,141,100,old,9,refutation,6,10,80125339,35.302,120.0,9,unknown,50000001,18.6837,27479576,25591467,0,25591467,0,0,0,0
rome,grafo1123.10,10,10,10,repaired,2,bound,2,2,0,0.0,120.0,2,unsat,7,0.0001,5,4,0,4,0,0,0,0
rome,grafo1123.10,10,10,10,old,2,bound,2,2,0,0.0,120.0,2,unsat,7,0.0,5,4,0,4,0,0,0,0
rome,grafo11048.94,94,128,94,old,9,refutation,6,10,67430692,28.659,120.0,9,unknown,50000001,18.3782,24667564,22640466,0,22640466,0,0,0,0
rome,grafo11048.94,94,128,94,repaired,9,refutation,6,10,67500952,31.25,120.0,9,unknown,50000001,19.3228,24662918,22635767,399,22635368,105,0,0,0
rome,grafo1130.23,23,39,23,repaired,5,refutation,4,6,245,0.001,120.0,5,unsat,180,0.0004,72,39,0,39,0,0,0,0
rome,grafo1130.23,23,39,23,old,5,refutation,4,6,245,0.001,120.0,5,unsat,180,0.0003,72,39,0,39,0,0,0,0
rome,grafo11307.32,32,38,32,old,3,bound,3,4,38,0.0,120.0,3,unsat,110,0.0003,55,45,0,45,0,0,0,0
rome,grafo11307.32,32,38,32,repaired,3,bound,3,4,38,0.0,120.0,3,unsat,110,0.0002,55,45,0,45,0,0,0,0
rome,grafo11319.34,34,40,34,repaired,4,refutation,3,4,726,0.001,120.0,4,unsat,726,0.0008,435,391,0,391,0,0,0,0
rome,grafo11319.34,34,40,34,old,4,refutation,3,4,726,0.001,120.0,4,unsat,726,0.0008,435,391,0,391,0,0,0,0
rome,grafo11388.40,40,49,40,old,5,refutation,4,6,3390,0.004,120.0,5,unsat,3307,0.0031,1721,1412,0,1412,0,0,0,0
rome,grafo11388.40,40,49,40,repaired,5,refutation,4,6,3390,0.004,120.0,5,unsat,3307,0.0031,1721,1412,0,1412,0,0,0,0
rome,grafo11398.37,37,43,37,repaired,3,bound,3,4,64,0.001,120.0,3,unsat,106,0.0003,59,51,0,51,0,0,0,0
rome,grafo11398.37,37,43,37,old,3,bound,3,4,64,0.001,120.0,3,unsat,106,0.0002,59,51,0,51,0,0,0,0
rome,grafo11451.32,32,35,32,old,3,refutation,2,3,101,0.001,120.0,3,unsat,101,0.0002,64,58,0,58,0,0,0,0
rome,grafo11451.32,32,35,32,repaired,3,refutation,2,3,101,0.001,120.0,3,unsat,101,0.0002,64,58,0,58,0,0,0,0
rome,grafo10995.96,96,130,96,repaired,9,refutation,6,10,106734337,46.6,120.0,9,unsat,18773880,8.2119,9741091,8803551,622,8802929,273,0,0,0
rome,grafo10995.96,96,130,96,old,9,refutation,6,10,106126550,43.199,120.0,9,unsat,18726081,7.6684,9718089,8782389,0,8782389,0,0,0,0
rome,grafo11520.91,91,129,91,old,9,refutation,6,10,5005811,2.891,120.0,9,unsat,2440941,1.1374,1054040,886351,0,886351,0,0,0,0
rome,grafo11520.91,91,129,91,repaired,9,refutation,6,10,5013218,3.026,120.0,9,unsat,2445183,1.1885,1055940,888152,138,888014,72,0,0,0
rome,grafo11545.39,39,47,39,repaired,4,refutation,3,4,833,0.002,120.0,4,unsat,833,0.0009,484,433,0,433,0,0,0,0
rome,grafo11545.39,39,47,39,old,4,refutation,3,4,833,0.001,120.0,4,unsat,833,0.0009,484,433,0,433,0,0,0,0
rome,grafo11555.39,39,52,39,old,4,refutation,3,4,454,0.001,120.0,4,unsat,454,0.0006,215,171,0,171,0,0,0,0
rome,grafo11555.39,39,52,39,repaired,4,refutation,3,4,454,0.001,120.0,4,unsat,454,0.0006,215,171,0,171,0,0,0,0
rome,grafo11567.35,35,43,35,repaired,3,bound,3,3,0,0.0,120.0,3,unsat,136,0.0003,85,76,0,76,0,0,0,0
rome,grafo11567.35,35,43,35,old,3,bound,3,3,0,0.001,120.0,3,unsat,136,0.0003,85,76,0,76,0,0,0,0
rome,grafo116.28,28,38,28,old,3,bound,3,4,43,0.0,120.0,3,unsat,57,0.0002,31,25,0,25,0,0,0,0
rome,grafo116.28,28,38,28,repaired,3,bound,3,4,43,0.0,120.0,3,unsat,57,0.0002,31,25,0,25,0,0,0,0
rome,grafo11613.100,100,125,100,repaired,7,refutation,5,8,1468059,0.916,120.0,7,unsat,1446398,0.729,758399,696834,19,696815,1,0,0,0
rome,grafo11613.100,100,125,100,old,7,refutation,5,8,1467210,0.862,120.0,7,unsat,1445887,0.6808,758172,696657,0,696657,0,0,0,0
rome,grafo11615.33,33,42,33,old,3,bound,3,4,69,0.001,120.0,3,unsat,55,0.0002,30,28,0,28,0,0,0,0
rome,grafo11615.33,33,42,33,repaired,3,bound,3,4,69,0.0,120.0,3,unsat,55,0.0002,30,28,0,28,0,0,0,0
rome,grafo1162.11,11,11,11,repaired,2,bound,2,2,0,0.0,120.0,2,unsat,8,0.0001,6,5,0,5,0,0,0,0
rome,grafo1162.11,11,11,11,old,2,bound,2,2,0,0.0,120.0,2,unsat,8,0.0,6,5,0,5,0,0,0,0
rome,grafo11621.40,40,50,40,old,5,refutation,3,6,2745,0.004,120.0,5,unsat,2722,0.0026,1580,1413,0,1413,0,0,0,0
rome,grafo11621.40,40,50,40,repaired,5,refutation,3,6,2745,0.003,120.0,5,unsat,2722,0.0026,1580,1413,0,1413,0,0,0,0
rome,grafo11640.44,44,59,44,repaired,5,refutation,4,5,1803,0.002,120.0,5,unsat,1803,0.0019,860,679,0,679,0,0,0,0
rome,grafo11640.44,44,59,44,old,5,refutation,4,5,1803,0.002,120.0,5,unsat,1803,0.0019,860,679,0,679,0,0,0,0
rome,grafo11654.35,35,46,35,old,5,refutation,4,5,738,0.001,120.0,5,unsat,738,0.0008,338,259,0,259,0,0,0,0
rome,grafo11654.35,35,46,35,repaired,5,refutation,4,5,738,0.001,120.0,5,unsat,738,0.0008,338,259,0,259,0,0,0,0
rome,grafo11663.38,38,52,38,repaired,6,refutation,4,6,3411,0.004,120.0,6,unsat,3411,0.0032,1690,1349,0,1349,0,0,0,0
rome,grafo11663.38,38,52,38,old,6,refutation,4,6,3411,0.004,120.0,6,unsat,3411,0.0031,1690,1349,0,1349,0,0,0,0
rome,grafo1179.17,17,19,17,old,3,bound,3,3,0,0.0,120.0,3,unsat,36,0.0001,23,18,0,18,0,0,0,0
rome,grafo1179.17,17,19,17,repaired,3,bound,3,3,0,0.0,120.0,3,unsat,36,0.0001,23,18,0,18,0,0,0,0
rome,grafo1215.62,62,82,62,repaired,6,refutation,5,7,36290,0.034,120.0,6,unsat,36178,0.0306,17476,15045,0,15045,0,0,0,0
rome,grafo1215.62,62,82,62,old,6,refutation,5,7,36290,0.033,120.0,6,unsat,36178,0.0298,17476,15045,0,15045,0,0,0,0
rome,grafo1229.27,27,31,27,old,3,refutation,2,3,99,0.0,120.0,3,unsat,99,0.0002,69,61,0,61,0,0,0,0
rome,grafo1229.27,27,31,27,repaired,3,refutation,2,3,99,0.0,120.0,3,unsat,99,0.0002,69,61,0,61,0,0,0,0
rome,grafo123.21,21,26,21,repaired,3,bound,3,4,19,0.0,120.0,3,unsat,54,0.0002,27,19,0,19,0,0,0,0
rome,grafo123.21,21,26,21,old,3,bound,3,4,19,0.0,120.0,3,unsat,54,0.0002,27,19,0,19,0,0,0,0
rome,grafo1239.28,28,31,28,old,3,bound,3,4,29,0.0,120.0,3,unsat,160,0.0003,90,79,0,79,0,0,0,0
rome,grafo1239.28,28,31,28,repaired,3,bound,3,4,29,0.0,120.0,3,unsat,160,0.0003,90,79,0,79,0,0,0,0
rome,grafo1255.32,32,37,32,repaired,4,refutation,3,4,652,0.001,120.0,4,unsat,652,0.0007,378,332,0,332,0,0,0,0
rome,grafo1255.32,32,37,32,old,4,refutation,3,4,652,0.001,120.0,4,unsat,652,0.0007,378,332,0,332,0,0,0,0
rome,grafo1325.24,24,23,24,old,2,refutation,1,3,59,0.0,120.0,2,unsat,30,0.0001,22,21,0,21,0,0,0,0
rome,grafo1325.24,24,23,24,repaired,2,refutation,1,3,59,0.0,120.0,2,unsat,30,0.0001,22,21,0,21,0,0,0,0
rome,grafo1353.49,49,54,49,repaired,3,refutation,2,5,867,0.002,120.0,3,unsat,528,0.0007,295,277,0,277,0,0,0,0
rome,grafo1353.49,49,54,49,old,3,refutation,2,5,867,0.002,120.0,3,unsat,528,0.0007,295,277,0,277,0,0,0,0
rome,grafo1375.26,26,31,26,old,4,bound,4,4,0,0.0,120.0,4,unsat,301,0.0004,170,138,0,138,0,0,0,0
rome,grafo1375.26,26,31,26,repaired,4,bound,4,4,0,0.0,120.0,4,unsat,301,0.0004,170,138,0,138,0,0,0,0
rome,grafo1404.51,51,70,51,repaired,6,refutation,5,7,16638,0.018,120.0,6,unsat,16544,0.0151,8073,6774,0,6774,0,0,0,0
rome,grafo1404.51,51,70,51,old,6,refutation,5,7,16638,0.017,120.0,6,unsat,16544,0.0144,8073,6774,0,6774,0,0,0,0
rome,grafo1412.28,28,29,28,old,3,refutation,2,3,191,0.001,120.0,3,unsat,191,0.0003,127,114,0,114,0,0,0,0
rome,grafo1412.28,28,29,28,repaired,3,refutation,2,3,191,0.0,120.0,3,unsat,191,0.0003,127,114,0,114,0,0,0,0
rome,grafo1424.47,47,58,47,repaired,5,refutation,4,5,7860,0.008,120.0,5,unsat,7860,0.0073,3982,3435,0,3435,0,0,0,0
rome,grafo1424.47,47,58,47,old,5,refutation,4,5,7860,0.008,120.0,5,unsat,7860,0.0071,3982,3435,0,3435,0,0,0,0
rome,grafo1456.29,29,43,29,old,5,refutation,4,5,406,0.001,120.0,5,unsat,406,0.0006,188,136,0,136,0,0,0,0
rome,grafo1456.29,29,43,29,repaired,5,refutation,4,5,406,0.001,120.0,5,unsat,406,0.0006,188,136,0,136,0,0,0,0
rome,grafo1471.24,24,26,24,repaired,2,bound,2,3,45,0.0,120.0,2,unsat,24,0.0001,13,12,0,12,0,0,0,0
rome,grafo1471.24,24,26,24,old,2,bound,2,3,45,0.0,120.0,2,unsat,24,0.0001,13,12,0,12,0,0,0,0
rome,grafo1483.54,54,67,54,old,5,refutation,4,5,6846,0.008,120.0,5,unsat,6846,0.0063,3785,3402,0,3402,0,0,0,0
rome,grafo1483.54,54,67,54,repaired,5,refutation,4,5,6846,0.008,120.0,5,unsat,6846,0.0063,3785,3402,0,3402,0,0,0,0
rome,grafo1487.55,55,71,55,repaired,5,refutation,4,6,4901,0.006,120.0,5,unsat,4853,0.0048,2318,1909,0,1909,0,0,0,0
rome,grafo1487.55,55,71,55,old,5,refutation,4,6,4901,0.008,120.0,5,unsat,4853,0.0047,2318,1909,0,1909,0,0,0,0
rome,grafo1488.48,48,58,48,old,4,refutation,3,5,1236,0.002,120.0,4,unsat,816,0.001,409,342,0,342,0,0,0,0
rome,grafo1488.48,48,58,48,repaired,4,refutation,3,5,1236,0.002,120.0,4,unsat,816,0.001,409,342,0,342,0,0,0,0
rome,grafo149.41,41,54,41,repaired,5,refutation,4,6,2334,0.003,120.0,5,unsat,2296,0.0023,1221,1031,0,1031,0,0,0,0
rome,grafo149.41,41,54,41,old,5,refutation,4,6,2334,0.003,120.0,5,unsat,2296,0.0021,1221,1031,0,1031,0,0,0,0
rome,grafo1534.30,30,32,30,old,3,refutation,2,4,257,0.001,120.0,3,unsat,228,0.0003,156,147,0,147,0,0,0,0
rome,grafo1534.30,30,32,30,repaired,3,refutation,2,4,257,0.001,120.0,3,unsat,228,0.0003,156,147,0,147,0,0,0,0
rome,grafo1535.48,48,53,48,repaired,3,bound,3,4,37,0.001,120.0,3,unsat,252,0.0005,137,124,0,124,0,0,0,0
rome,grafo1535.48,48,53,48,old,3,bound,3,4,37,0.001,120.0,3,unsat,252,0.0004,137,124,0,124,0,0,0,0
rome,grafo1595.29,29,30,29,old,2,bound,2,2,0,0.0,120.0,2,unsat,22,0.0001,12,11,0,11,0,0,0,0
rome,grafo1595.29,29,30,29,repaired,2,bound,2,2,0,0.0,120.0,2,unsat,22,0.0001,12,11,0,11,0,0,0,0
rome,grafo1607.32,32,42,32,repaired,4,bound,4,4,0,0.0,120.0,4,unsat,352,0.0005,163,119,0,119,0,0,0,0
rome,grafo1607.32,32,42,32,old,4,bound,4,4,0,0.0,120.0,4,unsat,352,0.0004,163,119,0,119,0,0,0,0
rome,grafo1614.25,25,27,25,old,3,bound,3,3,0,0.0,120.0,3,unsat,121,0.0002,79,71,0,71,0,0,0,0
rome,grafo1614.25,25,27,25,repaired,3,bound,3,3,0,0.0,120.0,3,unsat,121,0.0002,79,71,0,71,0,0,0,0
rome,grafo1618.15,15,16,15,repaired,2,bound,2,2,0,0.0,120.0,2,unsat,2,0.0001,1,0,0,0,0,0,0,0
rome,grafo1618.15,15,16,15,old,2,bound,2,2,0,0.0,120.0,2,unsat,2,0.0001,1,0,0,0,0,0,0,0
rome,grafo1620.27,27,27,27,old,2,bound,2,4,56,0.0,120.0,2,unsat,26,0.0001,17,16,0,16,0,0,0,0
rome,grafo1620.27,27,27,27,repaired,2,bound,2,4,56,0.0,120.0,2,unsat,26,0.0001,17,16,0,16,0,0,0,0
rome,grafo1621.10,10,15,10,repaired,2,bound,2,3,10,0.0,120.0,2,unsat,0,0.0001,0,0,0,0,0,0,0,0
rome,grafo1621.10,10,15,10,old,2,bound,2,3,10,0.0,120.0,2,unsat,0,0.0,0,0,0,0,0,0,0,0
rome,grafo1661.19,19,21,19,old,3,refutation,2,3,75,0.0,120.0,3,unsat,75,0.0002,42,36,0,36,0,0,0,0
rome,grafo1661.19,19,21,19,repaired,3,refutation,2,3,75,0.0,120.0,3,unsat,75,0.0001,42,36,0,36,0,0,0,0
rome,grafo1664.26,26,32,26,repaired,4,refutation,3,4,318,0.001,120.0,4,unsat,318,0.0004,182,155,0,155,0,0,0,0
rome,grafo1664.26,26,32,26,old,4,refutation,3,4,318,0.001,120.0,4,unsat,318,0.0004,182,155,0,155,0,0,0,0
rome,grafo1680.32,32,44,32,old,4,refutation,3,4,431,0.001,120.0,4,unsat,431,0.0005,270,236,0,236,0,0,0,0
rome,grafo1680.32,32,44,32,repaired,4,refutation,3,4,431,0.001,120.0,4,unsat,431,0.0005,270,236,0,236,0,0,0,0
rome,grafo1684.19,19,23,19,repaired,3,refutation,2,3,38,0.0,120.0,3,unsat,38,0.0001,22,17,0,17,0,0,0,0
rome,grafo1684.19,19,23,19,old,3,refutation,2,3,38,0.0,120.0,3,unsat,38,0.0001,22,17,0,17,0,0,0,0
rome,grafo1695.15,15,17,15,old,2,bound,2,2,0,0.0,120.0,2,unsat,6,0.0001,2,1,0,1,0,0,0,0
rome,grafo1695.15,15,17,15,repaired,2,bound,2,2,0,0.0,120.0,2,unsat,6,0.0001,2,1,0,1,0,0,0,0
rome,grafo1697.11,11,17,11,repaired,4,refutation,3,4,14,0.0,120.0,4,unsat,14,0.0001,6,2,0,2,0,0,0,0
rome,grafo1697.11,11,17,11,old,4,refutation,3,4,14,0.0,120.0,4,unsat,14,0.0001,6,2,0,2,0,0,0,0
rome,grafo1702.30,30,36,30,old,4,refutation,3,4,267,0.001,120.0,4,unsat,267,0.0004,132,103,0,103,0,0,0,0
rome,grafo1702.30,30,36,30,repaired,4,refutation,3,4,267,0.001,120.0,4,unsat,267,0.0003,132,103,0,103,0,0,0,0
rome,grafo1704.10,10,15,10,repaired,2,bound,2,3,10,0.0,120.0,2,unsat,0,0.0001,0,0,0,0,0,0,0,0
rome,grafo1704.10,10,15,10,old,2,bound,2,3,10,0.0,120.0,2,unsat,0,0.0,0,0,0,0,0,0,0,0
rome,grafo1716.20,20,23,20,old,3,bound,3,3,0,0.0,120.0,3,unsat,71,0.0002,48,41,0,41,0,0,0,0
rome,grafo1716.20,20,23,20,repaired,3,bound,3,3,0,0.0,120.0,3,unsat,71,0.0001,48,41,0,41,0,0,0,0
rome,grafo1723.10,10,15,10,repaired,2,bound,2,3,10,0.0,120.0,2,unsat,0,0.0001,0,0,0,0,0,0,0,0
rome,grafo1723.10,10,15,10,old,2,bound,2,3,10,0.0,120.0,2,unsat,0,0.0,0,0,0,0,0,0,0,0
rome,grafo1736.27,27,35,27,old,4,refutation,3,4,240,0.001,120.0,4,unsat,240,0.0003,140,118,0,118,0,0,0,0
rome,grafo1736.27,27,35,27,repaired,4,refutation,3,4,240,0.0,120.0,4,unsat,240,0.0003,140,118,0,118,0,0,0,0
rome,grafo1737.22,22,28,22,repaired,4,refutation,3,4,123,0.0,120.0,4,unsat,123,0.0002,66,52,0,52,0,0,0,0
rome,grafo1737.22,22,28,22,old,4,refutation,3,4,123,0.0,120.0,4,unsat,123,0.0002,66,52,0,52,0,0,0,0
rome,grafo1756.16,16,20,16,old,2,bound,2,2,0,0.0,120.0,2,unsat,2,0.0001,1,0,0,0,0,0,0,0
rome,grafo1756.16,16,20,16,repaired,2,bound,2,2,0,0.0,120.0,2,unsat,2,0.0001,1,0,0,0,0,0,0,0
rome,grafo176.30,30,35,30,repaired,3,bound,3,4,20,0.0,120.0,3,unsat,110,0.0002,62,55,0,55,0,0,0,0
rome,grafo176.30,30,35,30,old,3,bound,3,4,20,0.0,120.0,3,unsat,110,0.0002,62,55,0,55,0,0,0,0
rome,grafo1810.30,30,40,30,old,4,refutation,3,4,215,0.001,120.0,4,unsat,215,0.0003,127,108,0,108,0,0,0,0
rome,grafo1810.30,30,40,30,repaired,4,refutation,3,4,215,0.001,120.0,4,unsat,215,0.0003,127,108,0,108,0,0,0,0
rome,grafo1817.28,28,34,28,repaired,3,bound,3,4,25,0.0,120.0,3,unsat,58,0.0002,27,21,0,21,0,0,0,0
rome,grafo1817.28,28,34,28,old,3,bound,3,4,25,0.0,120.0,3,unsat,58,0.0002,27,21,0,21,0,0,0,0
rome,grafo1861.17,17,21,17,old,3,bound,3,3,0,0.0,120.0,3,unsat,30,0.0001,19,15,0,15,0,0,0,0
rome,grafo1861.17,17,21,17,repaired,3,bound,3,3,0,0.0,120.0,3,unsat,30,0.0001,19,15,0,15,0,0,0,0
rome,grafo1869.31,31,33,31,repaired,3,bound,3,4,38,0.0,120.0,3,unsat,154,0.0003,98,89,0,89,0,0,0,0
rome,grafo1869.31,31,33,31,old,3,bound,3,4,38,0.0,120.0,3,unsat,154,0.0002,98,89,0,89,0,0,0,0
rome,grafo1871.17,17,18,17,old,2,bound,2,2,0,0.0,120.0,2,unsat,10,0.0001,6,5,0,5,0,0,0,0
rome,grafo1871.17,17,18,17,repaired,2,bound,2,2,0,0.0,120.0,2,unsat,10,0.0001,6,5,0,5,0,0,0,0
rome,grafo1874.36,36,48,36,repaired,5,refutation,4,5,2395,0.003,120.0,5,unsat,2395,0.0022,1304,1116,0,1116,0,0,0,0
rome,grafo1874.36,36,48,36,old,5,refutation,4,5,2395,0.003,120.0,5,unsat,2395,0.0021,1304,1116,0,1116,0,0,0,0
rome,grafo1880.24,24,26,24,old,3,refutation,2,3,114,0.0,120.0,3,unsat,114,0.0002,73,66,0,66,0,0,0,0
rome,grafo1880.24,24,26,24,repaired,3,refutation,2,3,114,0.0,120.0,3,unsat,114,0.0002,73,66,0,66,0,0,0,0
rome,grafo1885.13,13,16,13,repaired,2,bound,2,2,0,0.0,120.0,2,unsat,3,0.0001,2,1,0,1,0,0,0,0
rome,grafo1885.13,13,16,13,old,2,bound,2,2,0,0.0,120.0,2,unsat,3,0.0001,2,1,0,1,0,0,0,0
rome,grafo1899.23,23,29,23,old,3,bound,3,5,79,0.0,120.0,3,unsat,100,0.0002,57,48,0,48,0,0,0,0
rome,grafo1899.23,23,29,23,repaired,3,bound,3,5,79,0.0,120.0,3,unsat,100,0.0002,57,48,0,48,0,0,0,0
rome,grafo190.20,20,26,20,repaired,3,bound,3,4,17,0.0,120.0,3,unsat,30,0.0001,14,9,0,9,0,0,0,0
rome,grafo190.20,20,26,20,old,3,bound,3,4,17,0.0,120.0,3,unsat,30,0.0001,14,9,0,9,0,0,0,0
rome,grafo1946.31,31,38,31,old,3,bound,3,4,46,0.0,120.0,3,unsat,53,0.0002,21,14,0,14,0,0,0,0
rome,grafo1946.31,31,38,31,repaired,3,bound,3,4,46,0.0,120.0,3,unsat,53,0.0002,21,14,0,14,0,0,0,0
rome,grafo2095.29,29,35,29,repaired,4,refutation,3,5,330,0.001,120.0,4,unsat,282,0.0004,118,81,0,81,0,0,0,0
rome,grafo2095.29,29,35,29,old,4,refutation,3,5,330,0.001,120.0,4,unsat,282,0.0004,118,81,0,81,0,0,0,0
rome,grafo2097.53,53,69,53,old,6,refutation,5,7,31421,0.03,120.0,6,unsat,31312,0.029,15645,13172,0,13172,0,0,0,0
rome,grafo2097.53,53,69,53,repaired,6,refutation,5,7,31421,0.031,120.0,6,unsat,31312,0.0303,15645,13172,0,13172,0,0,0,0
rome,grafo2110.11,11,11,11,repaired,2,bound,2,2,0,0.0,120.0,2,unsat,9,0.0001,5,4,0,4,0,0,0,0
rome,grafo2110.11,11,11,11,old,2,bound,2,2,0,0.0,120.0,2,unsat,9,0.0001,5,4,0,4,0,0,0,0
rome,grafo2135.19,19,23,19,old,3,bound,3,3,0,0.0,120.0,3,unsat,27,0.0001,13,9,0,9,0,0,0,0
rome,grafo2135.19,19,23,19,repaired,3,bound,3,3,0,0.0,120.0,3,unsat,27,0.0001,13,9,0,9,0,0,0,0
rome,grafo2160.15,15,19,15,repaired,2,bound,2,3,14,0.0,120.0,2,unsat,1,0.0001,1,0,0,0,0,0,0,0
rome,grafo2160.15,15,19,15,old,2,bound,2,3,14,0.0,120.0,2,unsat,1,0.0001,1,0,0,0,0,0,0,0
rome,grafo217.14,14,17,14,old,3,bound,3,3,0,0.0,120.0,3,unsat,20,0.0001,11,7,0,7,0,0,0,0
rome,grafo217.14,14,17,14,repaired,3,bound,3,3,0,0.0,120.0,3,unsat,20,0.0001,11,7,0,7,0,0,0,0
rome,grafo219.11,11,13,11,repaired,2,bound,2,2,0,0.0,120.0,2,unsat,3,0.0001,1,0,0,0,0,0,0,0
rome,grafo219.11,11,13,11,old,2,bound,2,2,0,0.0,120.0,2,unsat,3,0.0,1,0,0,0,0,0,0,0
rome,grafo2201.25,25,29,25,old,3,bound,3,3,0,0.0,120.0,3,unsat,91,0.0002,60,54,0,54,0,0,0,0
rome,grafo2201.25,25,29,25,repaired,3,bound,3,3,0,0.0,120.0,3,unsat,91,0.0002,60,54,0,54,0,0,0,0
rome,grafo2212.36,36,41,36,repaired,3,refutation,2,4,203,0.001,120.0,3,unsat,163,0.0003,94,84,0,84,0,0,0,0
rome,grafo2212.36,36,41,36,old,3,refutation,2,4,203,0.001,120.0,3,unsat,163,0.0003,94,84,0,84,0,0,0,0
rome,grafo222.11,11,10,11,old,2,refutation,1,2,11,0.0,120.0,2,unsat,11,0.0001,8,7,0,7,0,0,0,0
rome,grafo222.11,11,10,11,repaired,2,refutation,1,2,11,0.0,120.0,2,unsat,11,0.0001,8,7,0,7,0,0,0,0
rome,grafo2221.13,13,13,13,repaired,2,bound,2,2,0,0.0,120.0,2,unsat,4,0.0001,2,1,0,1,0,0,0,0
rome,grafo2221.13,13,13,13,old,2,bound,2,2,0,0.0,120.0,2,unsat,4,0.0001,2,1,0,1,0,0,0,0
rome,grafo2247.18,18,25,18,old,4,refutation,3,4,79,0.0,120.0,4,unsat,79,0.0002,37,22,0,22,0,0,0,0
rome,grafo2247.18,18,25,18,repaired,4,refutation,3,4,79,0.0,120.0,4,unsat,79,0.0002,37,22,0,22,0,0,0,0
rome,grafo2263.22,22,24,22,repaired,3,bound,3,3,0,0.0,120.0,3,unsat,55,0.0001,35,29,0,29,0,0,0,0
rome,grafo2263.22,22,24,22,old,3,bound,3,3,0,0.0,120.0,3,unsat,55,0.0001,35,29,0,29,0,0,0,0
rome,grafo2270.32,32,34,32,old,2,bound,2,3,31,0.0,120.0,2,unsat,18,0.0001,10,9,0,9,0,0,0,0
rome,grafo2270.32,32,34,32,repaired,2,bound,2,3,31,0.001,120.0,2,unsat,18,0.0001,10,9,0,9,0,0,0,0
rome,grafo2276.16,16,20,16,repaired,3,bound,3,3,0,0.0,120.0,3,unsat,36,0.0001,19,14,0,14,0,0,0,0
rome,grafo2276.16,16,20,16,old,3,bound,3,3,0,0.0,120.0,3,unsat,36,0.0001,19,14,0,14,0,0,0,0
rome,grafo2293.13,13,13,13,old,2,bound,2,2,0,0.0,120.0,2,unsat,11,0.0001,6,5,0,5,0,0,0,0
rome,grafo2293.13,13,13,13,repaired,2,bound,2,2,0,0.0,120.0,2,unsat,11,0.0001,6,5,0,5,0,0,0,0
rome,grafo230.14,14,19,14,repaired,3,bound,3,3,0,0.0,120.0,3,unsat,13,0.0001,8,5,0,5,0,0,0,0
rome,grafo230.14,14,19,14,old,3,bound,3,3,0,0.0,120.0,3,unsat,13,0.0001,8,5,0,5,0,0,0,0
rome,grafo2341.24,24,29,24,old,3,bound,3,4,31,0.0,120.0,3,unsat,50,0.0002,28,22,0,22,0,0,0,0
rome,grafo2341.24,24,29,24,repaired,3,bound,3,4,31,0.0,120.0,3,unsat,50,0.0001,28,22,0,22,0,0,0,0
rome,grafo2342.18,18,20,18,repaired,2,bound,2,3,23,0.0,120.0,2,unsat,8,0.0001,4,3,0,3,0,0,0,0
rome,grafo2342.18,18,20,18,old,2,bound,2,3,23,0.0,120.0,2,unsat,8,0.0001,4,3,0,3,0,0,0,0
rome,grafo2344.12,12,14,12,old,2,bound,2,2,0,0.0,120.0,2,unsat,0,0.0001,0,0,0,0,0,0,0,0
rome,grafo2344.12,12,14,12,repaired,2,bound,2,2,0,0.0,120.0,2,unsat,0,0.0001,0,0,0,0,0,0,0,0
rome,grafo2420.16,16,18,16,repaired,3,refutation,2,3,42,0.0,120.0,3,unsat,42,0.0001,26,22,0,22,0,0,0,0
rome,grafo2420.16,16,18,16,old,3,refutation,2,3,42,0.0,120.0,3,unsat,42,0.0001,26,22,0,22,0,0,0,0
rome,grafo2446.46,46,57,46,old,5,refutation,4,5,4961,0.007,120.0,5,unsat,4961,0.005,2513,2148,0,2148,0,0,0,0
rome,grafo2446.46,46,57,46,repaired,5,refutation,4,5,4981,0.006,120.0,5,unsat,4981,0.005,2519,2155,2,2153,1,0,0,0
rome,grafo2474.22,22,25,22,repaired,3,refutation,2,3,84,0.0,120.0,3,unsat,84,0.0003,61,55,0,55,0,0,0,0
rome,grafo2474.22,22,25,22,old,3,refutation,2,3,84,0.0,120.0,3,unsat,84,0.0003,61,55,0,55,0,0,0,0
rome,grafo2484.17,17,18,17,old,3,refutation,2,3,44,0.0,120.0,3,unsat,44,0.0001,27,22,0,22,0,0,0,0
rome,grafo2484.17,17,18,17,repaired,3,refutation,2,3,44,0.0,120.0,3,unsat,44,0.0001,27,22,0,22,0,0,0,0
rome,grafo2493.16,16,19,16,repaired,3,refutation,2,3,41,0.0,120.0,3,unsat,41,0.0001,27,23,0,23,0,0,0,0
rome,grafo2493.16,16,19,16,old,3,refutation,2,3,41,0.0,120.0,3,unsat,41,0.0001,27,23,0,23,0,0,0,0
rome,grafo2517.24,24,28,24,old,3,refutation,2,3,69,0.0,120.0,3,unsat,69,0.0002,41,35,0,35,0,0,0,0
rome,grafo2517.24,24,28,24,repaired,3,refutation,2,3,69,0.0,120.0,3,unsat,69,0.0002,41,35,0,35,0,0,0,0
rome,grafo257.10,10,10,10,repaired,2,bound,2,2,0,0.0,120.0,2,unsat,4,0.0001,3,2,0,2,0,0,0,0
rome,grafo257.10,10,10,10,old,2,bound,2,2,0,0.0,120.0,2,unsat,4,0.0,3,2,0,2,0,0,0,0
rome,grafo2584.16,16,22,16,old,4,bound,4,4,0,0.0,120.0,4,unsat,59,0.0001,28,16,0,16,0,0,0,0
rome,grafo2584.16,16,22,16,repaired,4,bound,4,4,0,0.0,120.0,4,unsat,59,0.0001,28,16,0,16,0,0,0,0
rome,grafo2606.26,26,32,26,repaired,3,bound,3,4,24,0.0,120.0,3,unsat,64,0.0002,34,28,0,28,0,0,0,0
rome,grafo2606.26,26,32,26,old,3,bound,3,4,24,0.0,120.0,3,unsat,64,0.0002,34,28,0,28,0,0,0,0
rome,grafo2655.18,18,26,18,old,3,bound,3,3,0,0.0,120.0,3,unsat,24,0.0001,14,11,0,11,0,0,0,0
rome,grafo2655.18,18,26,18,repaired,3,bound,3,3,0,0.0,120.0,3,unsat,24,0.0001,14,11,0,11,0,0,0,0
rome,grafo2656.49,49,59,49,repaired,5,refutation,3,5,4980,0.007,120.0,5,unsat,4980,0.0052,2772,2457,0,2457,0,0,0,0
rome,grafo2656.49,49,59,49,old,5,refutation,3,5,4980,0.006,120.0,5,unsat,4980,0.0051,2772,2457,0,2457,0,0,0,0
rome,grafo2675.12,12,14,12,old,2,bound,2,2,0,0.0,120.0,2,unsat,0,0.0001,0,0,0,0,0,0,0,0
rome,grafo2675.12,12,14,12,repaired,2,bound,2,2,0,0.0,120.0,2,unsat,0,0.0,0,0,0,0,0,0,0,0
rome,grafo2709.15,15,17,15,repaired,2,bound,2,2,0,0.0,120.0,2,unsat,10,0.0001,6,5,0,5,0,0,0,0
rome,grafo2709.15,15,17,15,old,2,bound,2,2,0,0.0,120.0,2,unsat,10,0.0001,6,5,0,5,0,0,0,0
rome,grafo2712.23,23,30,23,old,3,bound,3,4,36,0.0,120.0,3,unsat,41,0.0002,18,11,0,11,0,0,0,0
rome,grafo2712.23,23,30,23,repaired,3,bound,3,4,36,0.0,120.0,3,unsat,41,0.0003,18,11,0,11,0,0,0,0
rome,grafo2755.25,25,32,25,repaired,3,bound,3,4,27,0.0,120.0,3,unsat,46,0.0002,27,23,0,23,0,0,0,0
rome,grafo2755.25,25,32,25,old,3,bound,3,4,27,0.0,120.0,3,unsat,46,0.0001,27,23,0,23,0,0,0,0
rome,grafo2756.21,21,26,21,old,4,refutation,3,4,136,0.0,120.0,4,unsat,136,0.0003,86,76,0,76,0,0,0,0
rome,grafo2756.21,21,26,21,repaired,4,refutation,3,4,136,0.0,120.0,4,unsat,136,0.0002,86,76,0,76,0,0,0,0
rome,grafo2790.16,16,18,16,repaired,3,refutation,2,3,47,0.0,120.0,3,unsat,47,0.0001,27,21,0,21,0,0,0,0
rome,grafo2790.16,16,18,16,old,3,refutation,2,3,47,0.0,120.0,3,unsat,47,0.0001,27,21,0,21,0,0,0,0
rome,grafo2792.11,11,11,11,old,2,bound,2,2,0,0.0,120.0,2,unsat,5,0.0001,3,2,0,2,0,0,0,0
rome,grafo2792.11,11,11,11,repaired,2,bound,2,2,0,0.0,120.0,2,unsat,5,0.0,3,2,0,2,0,0,0,0
rome,grafo2808.37,37,44,37,repaired,4,refutation,3,4,640,0.001,120.0,4,unsat,640,0.0007,401,364,0,364,0,0,0,0
rome,grafo2808.37,37,44,37,old,4,refutation,3,4,640,0.001,120.0,4,unsat,640,0.0007,401,364,0,364,0,0,0,0
rome,grafo2823.17,17,21,17,old,3,bound,3,3,0,0.0,120.0,3,unsat,13,0.0001,5,3,0,3,0,0,0,0
rome,grafo2823.17,17,21,17,repaired,3,bound,3,3,0,0.0,120.0,3,unsat,13,0.0001,5,3,0,3,0,0,0,0
rome,grafo2829.17,17,20,17,repaired,3,bound,3,3,0,0.0,120.0,3,unsat,26,0.0001,16,13,0,13,0,0,0,0
rome,grafo2829.17,17,20,17,old,3,bound,3,3,0,0.0,120.0,3,unsat,26,0.0001,16,13,0,13,0,0,0,0
rome,grafo284.28,28,36,28,old,4,refutation,3,4,420,0.001,120.0,4,unsat,420,0.0005,226,188,0,188,0,0,0,0
rome,grafo284.28,28,36,28,repaired,4,refutation,3,4,420,0.001,120.0,4,unsat,420,0.0005,226,188,0,188,0,0,0,0
rome,grafo2856.16,16,18,16,repaired,3,refutation,2,3,48,0.0,120.0,3,unsat,48,0.0001,35,32,0,32,0,0,0,0
rome,grafo2856.16,16,18,16,old,3,refutation,2,3,48,0.0,120.0,3,unsat,48,0.0001,35,32,0,32,0,0,0,0
rome,grafo2858.19,19,22,19,old,3,refutation,2,3,52,0.0,120.0,3,unsat,52,0.0001,33,28,0,28,0,0,0,0
rome,grafo2858.19,19,22,19,repaired,3,refutation,2,3,52,0.0,120.0,3,unsat,52,0.0001,33,28,0,28,0,0,0,0
rome,grafo288.15,15,16,15,repaired,2,bound,2,2,0,0.0,120.0,2,unsat,9,0.0001,5,4,0,4,0,0,0,0
rome,grafo288.15,15,16,15,old,2,bound,2,2,0,0.0,120.0,2,unsat,9,0.0001,5,4,0,4,0,0,0,0
rome,grafo2930.35,35,37,35,old,3,refutation,2,3,280,0.001,120.0,3,unsat,280,0.0004,174,160,0,160,0,0,0,0
rome,grafo2930.35,35,37,35,repaired,3,refutation,2,3,280,0.001,120.0,3,unsat,280,0.0004,174,160,0,160,0,0,0,0
rome,grafo2967.47,47,58,47,repaired,4,bound,4,5,107,0.001,120.0,4,unsat,1090,0.0012,545,467,0,467,0,0,0,0
rome,grafo2967.47,47,58,47,old,4,bound,4,5,107,0.001,120.0,4,unsat,1090,0.0012,545,467,0,467,0,0,0,0
rome,grafo2970.38,38,51,38,old,4,bound,4,5,220,0.001,120.0,4,unsat,329,0.0005,156,125,0,125,0,0,0,0
rome,grafo2970.38,38,51,38,repaired,4,bound,4,5,220,0.001,120.0,4,unsat,329,0.0005,156,125,0,125,0,0,0,0
rome,grafo2979.11,11,11,11,repaired,2,bound,2,2,0,0.0,120.0,2,unsat,5,0.0001,3,2,0,2,0,0,0,0
rome,grafo2979.11,11,11,11,old,2,bound,2,2,0,0.0,120.0,2,unsat,5,0.0,3,2,0,2,0,0,0,0
rome,grafo3028.24,24,34,24,old,4,refutation,3,5,143,0.0,120.0,4,unsat,115,0.0002,65,50,0,50,0,0,0,0
rome,grafo3028.24,24,34,24,repaired,4,refutation,3,5,143,0.0,120.0,4,unsat,115,0.0002,65,50,0,50,0,0,0,0
rome,grafo3078.25,25,31,25,repaired,3,bound,3,3,0,0.0,120.0,3,unsat,52,0.0002,31,26,0,26,0,0,0,0
rome,grafo3078.25,25,31,25,old,3,bound,3,3,0,0.0,120.0,3,unsat,52,0.0001,31,26,0,26,0,0,0,0
rome,grafo311.16,16,20,16,old,3,bound,3,3,0,0.0,120.0,3,unsat,26,0.0001,18,14,0,14,0,0,0,0
rome,grafo311.16,16,20,16,repaired,3,bound,3,3,0,0.0,120.0,3,unsat,26,0.0001,18,14,0,14,0,0,0,0
rome,grafo3117.38,38,51,38,repaired,4,refutation,3,5,549,0.001,120.0,4,unsat,520,0.0007,241,196,0,196,0,0,0,0
rome,grafo3117.38,38,51,38,old,4,refutation,3,5,549,0.001,120.0,4,unsat,520,0.0006,241,196,0,196,0,0,0,0
rome,grafo3130.41,41,61,41,old,5,bound,5,6,502,0.001,120.0,5,unsat,1794,0.0019,854,658,0,658,0,0,0,0
rome,grafo3130.41,41,61,41,repaired,5,bound,5,6,502,0.001,120.0,5,unsat,1794,0.0019,854,658,0,658,0,0,0,0
rome,grafo3139.89,89,121,89,repaired,7,refutation,6,8,499447,0.32,120.0,7,unsat,473684,0.2441,218249,183623,1,183622,1,0,0,0
rome,grafo3139.89,89,121,89,old,7,refutation,6,8,499432,0.299,120.0,7,unsat,473669,0.2349,218244,183618,0,183618,0,0,0,0
rome,grafo10780.99,99,149,99,old,12,budget,7,12,380997632,120.008,120.0,,,,,,,,,,,,
rome,grafo10780.99,99,149,99,repaired,12,budget,7,12,350056448,120.007,120.0,,,,,,,,,,,,
rome,grafo3172.51,51,71,51,repaired,6,refutation,5,7,14124,0.016,120.0,6,unsat,11446,0.0108,5444,4477,0,4477,0,0,0,0
rome,grafo3172.51,51,71,51,old,6,refutation,5,7,14124,0.015,120.0,6,unsat,11446,0.0104,5444,4477,0,4477,0,0,0,0
rome,grafo3186.39,39,49,39,old,4,refutation,3,5,832,0.002,120.0,4,unsat,804,0.001,460,410,0,410,0,0,0,0
rome,grafo3186.39,39,49,39,repaired,4,refutation,3,5,832,0.001,120.0,4,unsat,804,0.0009,460,410,0,410,0,0,0,0
rome,grafo3190.53,53,84,53,repaired,8,refutation,5,8,51295,0.045,120.0,8,unsat,51295,0.0405,20231,13338,1,13337,1,0,0,0
rome,grafo3190.53,53,84,53,old,8,refutation,5,8,51293,0.044,120.0,8,unsat,51293,0.0404,20231,13338,0,13338,0,0,0,0
rome,grafo324.11,11,11,11,old,2,bound,2,2,0,0.0,120.0,2,unsat,9,0.0001,6,5,0,5,0,0,0,0
rome,grafo324.11,11,11,11,repaired,2,bound,2,2,0,0.0,120.0,2,unsat,9,0.0001,6,5,0,5,0,0,0,0
rome,grafo3260.33,33,48,33,repaired,5,refutation,4,5,622,0.001,120.0,5,unsat,622,0.0008,311,239,0,239,0,0,0,0
rome,grafo3260.33,33,48,33,old,5,refutation,4,5,622,0.001,120.0,5,unsat,622,0.0007,311,239,0,239,0,0,0,0
rome,grafo3269.43,43,58,43,old,5,refutation,4,6,3707,0.004,120.0,5,unsat,3671,0.0033,1997,1733,0,1733,0,0,0,0
rome,grafo3269.43,43,58,43,repaired,5,refutation,4,6,3707,0.004,120.0,5,unsat,3671,0.0035,1997,1733,0,1733,0,0,0,0
rome,grafo3276.49,49,65,49,repaired,6,refutation,5,6,10850,0.012,120.0,6,unsat,10850,0.0105,5535,4667,0,4667,0,0,0,0
rome,grafo3276.49,49,65,49,old,6,refutation,5,6,10850,0.011,120.0,6,unsat,10850,0.0097,5535,4667,0,4667,0,0,0,0
rome,grafo3278.41,41,56,41,old,5,refutation,4,6,3044,0.004,120.0,5,unsat,2935,0.0027,1541,1299,0,1299,0,0,0,0
rome,grafo3278.41,41,56,41,repaired,5,refutation,4,6,3044,0.004,120.0,5,unsat,2935,0.0027,1541,1300,1,1299,0,0,0,0
rome,grafo3288.37,37,50,37,repaired,4,bound,4,5,63,0.001,120.0,4,unsat,377,0.0005,188,154,0,154,0,0,0,0
rome,grafo3288.37,37,50,37,old,4,bound,4,5,63,0.001,120.0,4,unsat,377,0.0005,188,154,0,154,0,0,0,0
rome,grafo3318.55,55,75,55,old,6,refutation,5,6,8472,0.01,120.0,6,unsat,8472,0.0081,4328,3695,0,3695,0,0,0,0
rome,grafo3318.55,55,75,55,repaired,6,refutation,5,6,8501,0.009,120.0,6,unsat,8501,0.0083,4343,3715,6,3709,0,0,0,0
rome,grafo3399.61,61,78,61,repaired,6,refutation,4,7,35535,0.034,120.0,6,unsat,35268,0.0297,18027,15394,0,15394,0,0,0,0
rome,grafo3399.61,61,78,61,old,6,refutation,4,7,35535,0.033,120.0,6,unsat,35268,0.0289,18027,15394,0,15394,0,0,0,0
rome,grafo3408.62,62,73,62,old,5,refutation,4,6,11905,0.013,120.0,5,unsat,11801,0.011,6671,6097,0,6097,0,0,0,0
rome,grafo3408.62,62,73,62,repaired,5,refutation,4,6,11905,0.014,120.0,5,unsat,11801,0.0112,6671,6097,0,6097,0,0,0,0
rome,grafo3436.57,57,76,57,repaired,6,refutation,5,6,18122,0.019,120.0,6,unsat,18122,0.0167,7365,5616,0,5616,0,0,0,0
rome,grafo3436.57,57,76,57,old,6,refutation,5,6,18122,0.019,120.0,6,unsat,18122,0.0164,7365,5616,0,5616,0,0,0,0
rome,grafo3448.58,58,85,58,old,7,refutation,5,8,64826,0.055,120.0,7,unsat,59689,0.0459,23456,16989,0,16989,0,0,0,0
rome,grafo3448.58,58,85,58,repaired,7,refutation,5,8,64826,0.055,120.0,7,unsat,59689,0.0469,23456,16989,0,16989,0,0,0,0
rome,grafo3143.94,94,132,94,old,8,refutation,7,9,4374173,2.517,120.0,8,unsat,2875494,1.344,1119073,886597,0,886597,0,0,0,0
rome,grafo3143.94,94,132,94,repaired,8,refutation,7,9,4375295,2.602,120.0,8,unsat,2876000,1.405,1119213,886739,31,886708,14,0,0,0
rome,grafo3500.64,64,92,64,old,7,refutation,6,9,101808,0.081,120.0,7,unsat,88037,0.0578,37846,29932,0,29932,0,0,0,0
rome,grafo3500.64,64,92,64,repaired,7,refutation,6,9,101808,0.082,120.0,7,unsat,88037,0.0605,37846,29932,0,29932,0,0,0,0
rome,grafo3477.57,57,88,57,repaired,9,refutation,6,10,403139,0.223,120.0,9,unsat,403098,0.2094,145271,92883,22,92861,6,0,0,0
rome,grafo3477.57,57,88,57,old,9,refutation,6,10,403055,0.215,120.0,9,unsat,403014,0.2036,145246,92849,0,92849,0,0,0,0
rome,grafo3561.48,48,68,48,old,6,refutation,5,6,19666,0.02,120.0,6,unsat,19666,0.0172,10204,8659,0,8659,0,0,0,0
rome,grafo3561.48,48,68,48,repaired,6,refutation,5,6,19666,0.02,120.0,6,unsat,19666,0.0194,10204,8659,0,8659,0,0,0,0
rome,grafo3612.37,37,57,37,repaired,5,bound,5,6,38,0.001,120.0,5,unsat,563,0.001,261,189,0,189,0,0,0,0
rome,grafo3612.37,37,57,37,old,5,bound,5,6,38,0.001,120.0,5,unsat,563,0.0007,261,189,0,189,0,0,0,0
rome,grafo3627.37,37,37,37,old,2,bound,2,3,137,0.001,120.0,2,unsat,21,0.0003,11,10,0,10,0,0,0,0
rome,grafo3627.37,37,37,37,repaired,2,bound,2,3,137,0.001,120.0,2,unsat,21,0.0001,11,10,0,10,0,0,0,0
rome,grafo3642.63,63,92,63,repaired,8,refutation,6,8,619113,0.318,120.0,8,unsat,619113,0.2799,297444,242558,81,242477,22,0,0,0
rome,grafo3642.63,63,92,63,old,8,refutation,6,8,618282,0.285,120.0,8,unsat,618282,0.2696,297128,242229,0,242229,0,0,0,0
rome,grafo3659.44,44,55,44,old,5,refutation,4,5,5491,0.007,120.0,5,unsat,5491,0.0053,2671,2262,0,2262,0,0,0,0
rome,grafo3659.44,44,55,44,repaired,5,refutation,4,5,5491,0.006,120.0,5,unsat,5491,0.0053,2671,2262,0,2262,0,0,0,0
rome,grafo3666.53,53,93,53,repaired,9,refutation,6,10,76192,0.062,120.0,9,unsat,75961,0.0581,25775,14496,29,14467,24,0,0,0
rome,grafo3666.53,53,93,53,old,9,refutation,6,10,76032,0.061,120.0,9,unsat,75801,0.0567,25752,14484,0,14484,0,0,0,0
rome,grafo3709.61,61,85,61,old,7,refutation,5,8,70951,0.06,120.0,7,unsat,68913,0.0508,27651,20321,0,20321,0,0,0,0
rome,grafo3709.61,61,85,61,repaired,7,refutation,5,8,70951,0.061,120.0,7,unsat,68913,0.0518,27651,20322,1,20321,0,0,0,0
rome,grafo3733.62,62,91,62,repaired,8,refutation,6,9,359136,0.194,120.0,8,unsat,354141,0.1758,109058,65208,2,65206,2,0,0,0
rome,grafo3733.62,62,91,62,old,8,refutation,6,9,359114,0.19,120.0,8,unsat,354119,0.1689,109055,65207,0,65207,0,0,0,0
rome,grafo3757.39,39,62,39,old,6,refutation,5,7,3921,0.005,120.0,6,unsat,3856,0.0039,1598,1120,0,1120,0,0,0,0
rome,grafo3757.39,39,62,39,repaired,6,refutation,5,7,3921,0.005,120.0,6,unsat,3856,0.0039,1598,1120,0,1120,0,0,0,0
rome,grafo3766.38,38,47,38,repaired,4,refutation,3,4,509,0.001,120.0,4,unsat,509,0.0006,288,253,0,253,0,0,0,0
rome,grafo3766.38,38,47,38,old,4,refutation,3,4,509,0.001,120.0,4,unsat,509,0.0006,288,253,0,253,0,0,0,0
rome,grafo3843.44,44,61,44,old,5,refutation,4,6,4123,0.004,120.0,5,unsat,4071,0.0039,2184,1859,0,1859,0,0,0,0
rome,grafo3843.44,44,61,44,repaired,5,refutation,4,6,4123,0.004,120.0,5,unsat,4071,0.0036,2184,1859,0,1859,0,0,0,0
rome,grafo3866.35,35,43,35,repaired,4,bound,4,5,29,0.001,120.0,4,unsat,378,0.0005,186,148,0,148,0,0,0,0
rome,grafo3866.35,35,43,35,old,4,bound,4,5,29,0.001,120.0,4,unsat,378,0.0005,186,148,0,148,0,0,0,0
rome,grafo393.13,13,18,13,old,3,bound,3,3,0,0.0,120.0,3,unsat,16,0.0001,10,9,0,9,0,0,0,0
rome,grafo393.13,13,18,13,repaired,3,bound,3,3,0,0.0,120.0,3,unsat,16,0.0001,10,9,0,9,0,0,0,0
rome,grafo3942.40,40,50,40,repaired,4,bound,4,6,590,0.001,120.0,4,unsat,819,0.0009,436,380,0,380,0,0,0,0
rome,grafo3942.40,40,50,40,old,4,bound,4,6,590,0.001,120.0,4,unsat,819,0.0009,436,380,0,380,0,0,0,0
rome,grafo3945.59,59,73,59,old,6,refutation,4,6,31051,0.029,120.0,6,unsat,31051,0.0247,17394,15845,0,15845,0,0,0,0
rome,grafo3945.59,59,73,59,repaired,6,refutation,4,6,31051,0.029,120.0,6,unsat,31051,0.0261,17394,15845,0,15845,0,0,0,0
rome,grafo3948.47,47,66,47,repaired,7,refutation,5,7,20582,0.021,120.0,7,unsat,20582,0.0194,8972,6519,0,6519,0,0,0,0
rome,grafo3948.47,47,66,47,old,7,refutation,5,7,20582,0.02,120.0,7,unsat,20582,0.0186,8972,6519,0,6519,0,0,0,0
rome,grafo3958.51,51,62,51,old,5,refutation,3,6,11820,0.013,120.0,5,unsat,9497,0.0086,5049,4427,0,4427,0,0,0,0
rome,grafo3958.51,51,62,51,repaired,5,refutation,3,6,11820,0.012,120.0,5,unsat,9497,0.0088,5049,4427,0,4427,0,0,0,0
rome,grafo3986.40,40,57,40,repaired,6,refutation,5,7,5366,0.007,120.0,6,unsat,5334,0.0053,1977,1236,0,1236,0,0,0,0
rome,grafo3986.40,40,57,40,old,6,refutation,5,7,5366,0.006,120.0,6,unsat,5334,0.0051,1977,1236,0,1236,0,0,0,0
rome,grafo3998.48,48,56,48,old,3,bound,3,5,851,0.002,120.0,3,unsat,274,0.0005,146,132,0,132,0,0,0,0
rome,grafo3998.48,48,56,48,repaired,3,bound,3,5,851,0.002,120.0,3,unsat,274,0.0005,146,132,0,132,0,0,0,0
rome,grafo4043.37,37,47,37,repaired,4,bound,4,5,44,0.001,120.0,4,unsat,707,0.0008,328,260,0,260,0,0,0,0
rome,grafo4043.37,37,47,37,old,4,bound,4,5,44,0.001,120.0,4,unsat,707,0.0007,328,260,0,260,0,0,0,0
rome,grafo4067.44,44,54,44,old,4,bound,4,5,36,0.001,120.0,4,unsat,588,0.0007,257,201,0,201,0,0,0,0
rome,grafo4067.44,44,54,44,repaired,4,bound,4,5,36,0.001,120.0,4,unsat,588,0.0007,257,201,0,201,0,0,0,0
rome,grafo4094.40,40,51,40,repaired,4,bound,4,5,31,0.001,120.0,4,unsat,920,0.001,464,402,0,402,0,0,0,0
rome,grafo4094.40,40,51,40,old,4,bound,4,5,31,0.001,120.0,4,unsat,920,0.0009,464,402,0,402,0,0,0,0
rome,grafo4096.42,42,65,42,old,6,refutation,5,7,4304,0.006,120.0,6,unsat,2972,0.0032,972,505,0,505,0,0,0,0
rome,grafo4096.42,42,65,42,repaired,6,refutation,5,7,4304,0.005,120.0,6,unsat,2972,0.0031,972,505,0,505,0,0,0,0
rome,grafo412.23,23,27,23,repaired,3,refutation,2,3,75,0.0,120.0,3,unsat,75,0.0002,40,32,0,32,0,0,0,0
rome,grafo412.23,23,27,23,old,3,refutation,2,3,75,0.0,120.0,3,unsat,75,0.0002,40,32,0,32,0,0,0,0
rome,grafo414.14,14,14,14,old,2,bound,2,3,12,0.0,120.0,2,unsat,12,0.0001,7,6,0,6,0,0,0,0
rome,grafo414.14,14,14,14,repaired,2,bound,2,3,12,0.0,120.0,2,unsat,12,0.0001,7,6,0,6,0,0,0,0
rome,grafo4146.50,50,61,50,repaired,5,refutation,4,5,8223,0.009,120.0,5,unsat,8223,0.0077,4511,3986,0,3986,0,0,0,0
rome,grafo4146.50,50,61,50,old,5,refutation,4,5,8223,0.008,120.0,5,unsat,8223,0.0075,4511,3986,0,3986,0,0,0,0
rome,grafo4151.58,58,75,58,old,5,refutation,4,6,5913,0.007,120.0,5,unsat,5867,0.0057,3221,2875,0,2875,0,0,0,0
rome,grafo4151.58,58,75,58,repaired,5,refutation,4,6,5913,0.007,120.0,5,unsat,5867,0.0056,3221,2875,0,2875,0,0,0,0
rome,grafo417.13,13,12,13,repaired,2,refutation,1,2,16,0.0,120.0,2,unsat,16,0.0001,11,10,0,10,0,0,0,0
rome,grafo417.13,13,12,13,old,2,refutation,1,2,16,0.0,120.0,2,unsat,16,0.0001,11,10,0,10,0,0,0,0
rome,grafo4174.76,76,98,76,old,7,refutation,5,7,476382,0.253,120.0,7,unsat,476382,0.2153,257779,229765,0,229765,0,0,0,0
rome,grafo4174.76,76,98,76,repaired,7,refutation,5,7,476423,0.262,120.0,7,unsat,476423,0.223,257797,229784,2,229782,1,0,0,0
rome,grafo4186.57,57,72,57,repaired,5,refutation,4,6,8296,0.011,120.0,5,unsat,8042,0.0081,3858,3214,0,3214,0,0,0,0
rome,grafo4186.57,57,72,57,old,5,refutation,4,6,8296,0.01,120.0,5,unsat,8042,0.0081,3858,3214,0,3214,0,0,0,0
rome,grafo4208.67,67,92,67,old,6,refutation,5,7,27097,0.029,120.0,6,unsat,26829,0.0238,11578,9216,0,9216,0,0,0,0
rome,grafo4208.67,67,92,67,repaired,6,refutation,5,7,27097,0.029,120.0,6,unsat,26829,0.0241,11578,9216,0,9216,0,0,0,0
rome,grafo4265.54,54,70,54,repaired,5,refutation,4,6,4462,0.006,120.0,5,unsat,4409,0.0044,2237,1878,0,1878,0,0,0,0
rome,grafo4265.54,54,70,54,old,5,refutation,4,6,4462,0.006,120.0,5,unsat,4409,0.0042,2237,1878,0,1878,0,0,0,0
rome,grafo4270.69,69,81,69,old,5,refutation,4,6,28582,0.029,120.0,5,unsat,28524,0.0241,14270,12692,0,12692,0,0,0,0
rome,grafo4270.69,69,81,69,repaired,5,refutation,4,6,28582,0.029,120.0,5,unsat,28524,0.0242,14270,12692,0,12692,0,0,0,0
rome,grafo4307.64,64,79,64,repaired,6,refutation,4,6,39727,0.035,120.0,6,unsat,39727,0.0322,22529,20577,0,20577,0,0,0,0
rome,grafo4307.64,64,79,64,old,6,refutation,4,6,39727,0.034,120.0,6,unsat,39727,0.0311,22529,20577,0,20577,0,0,0,0
rome,grafo4315.59,59,80,59,old,7,refutation,5,8,74749,0.057,120.0,7,unsat,74498,0.0524,34015,27459,0,27459,0,0,0,0
rome,grafo4315.59,59,80,59,repaired,7,refutation,5,8,74749,0.059,120.0,7,unsat,74498,0.0538,34015,27460,1,27459,0,0,0,0
rome,grafo4343.79,79,109,79,repaired,8,refutation,6,9,772567,0.451,120.0,8,unsat,771380,0.3721,353426,300186,218,299968,102,0,0,0
rome,grafo4343.79,79,109,79,old,8,refutation,6,9,768689,0.433,120.0,8,unsat,767502,0.3545,352055,298732,0,298732,0,0,0,0
rome,grafo435.12,12,11,12,old,1,bound,1,1,0,0.0,120.0,1,unsat,0,0.0001,0,0,0,0,0,0,0,0
rome,grafo435.12,12,11,12,repaired,1,bound,1,1,0,0.0,120.0,1,unsat,0,0.0,0,0,0,0,0,0,0,0
rome,grafo4369.51,51,67,51,repaired,5,bound,5,6,70,0.001,120.0,5,unsat,3185,0.0035,1553,1269,0,1269,0,0,0,0
rome,grafo4369.51,51,67,51,old,5,bound,5,6,70,0.001,120.0,5,unsat,3185,0.0033,1553,1269,0,1269,0,0,0,0
rome,grafo4389.63,63,87,63,old,8,refutation,5,9,328861,0.179,120.0,8,unsat,327068,0.1588,136796,100682,0,100682,0,0,0,0
rome,grafo4389.63,63,87,63,repaired,8,refutation,5,9,329237,0.185,120.0,8,unsat,327444,0.1644,136927,100793,24,100769,18,0,0,0
rome,grafo4406.73,73,98,73,repaired,6,refutation,5,7,88840,0.086,120.0,6,unsat,43896,0.0367,21086,18202,0,18202,0,0,0,0
rome,grafo4406.73,73,98,73,old,6,refutation,5,7,88840,0.082,120.0,6,unsat,43896,0.0363,21086,18202,0,18202,0,0,0,0
rome,grafo4431.62,62,80,62,old,7,refutation,5,7,94298,0.07,120.0,7,unsat,94298,0.0634,46258,38197,0,38197,0,0,0,0
rome,grafo4431.62,62,80,62,repaired,7,refutation,5,7,94298,0.071,120.0,7,unsat,94298,0.0664,46258,38197,0,38197,0,0,0,0
rome,grafo4435.54,54,69,54,repaired,5,refutation,4,5,4231,0.006,120.0,5,unsat,4231,0.0043,2229,1912,0,1912,0,0,0,0
rome,grafo4435.54,54,69,54,old,5,refutation,4,5,4231,0.005,120.0,5,unsat,4231,0.0041,2229,1912,0,1912,0,0,0,0
rome,grafo4469.62,62,77,62,old,6,refutation,5,6,41101,0.036,120.0,6,unsat,41101,0.0332,19781,17332,0,17332,0,0,0,0
rome,grafo4469.62,62,77,62,repaired,6,refutation,5,6,41117,0.037,120.0,6,unsat,41117,0.0332,19783,17334,2,17332,2,0,0,0
rome,grafo11140.98,98,138,98,old,9,refutation,6,10,120327202,44.674,120.0,9,unsat,37814357,15.0602,16182720,14071483,0,14071483,0,0,0,0
rome,grafo11140.98,98,138,98,repaired,9,refutation,6,10,122658044,48.11,120.0,9,unsat,37968016,15.865,16235856,14117454,3697,14113757,2056,0,0,0
rome,grafo11179.99,99,123,99,repaired,8,refutation,5,8,79443931,29.594,120.0,8,unknown,50000001,16.4132,28114263,26710680,467,26710213,307,0,0,0
rome,grafo11179.99,99,123,99,old,8,refutation,5,8,79340517,27.038,120.0,8,unknown,50000001,14.9048,28113190,26709503,0,26709503,0,0,0,0
rome,grafo4498.77,77,105,77,old,8,refutation,5,8,1019163,0.536,120.0,8,unsat,1019163,0.4316,466838,395674,0,395674,0,0,0,0
rome,grafo4498.77,77,105,77,repaired,8,refutation,5,8,1019990,0.553,120.0,8,unsat,1019990,0.452,467149,395958,28,395930,15,0,0,0
rome,grafo4493.76,76,113,76,repaired,10,refutation,7,10,3319742,1.941,120.0,10,unsat,3319742,1.5877,1365494,1037981,921,1037060,538,0,0,0
rome,grafo4493.76,76,113,76,old,10,refutation,7,10,3296727,1.864,120.0,10,unsat,3296727,1.5143,1356870,1030221,0,1030221,0,0,0,0
rome,grafo4548.60,60,72,60,repaired,5,refutation,4,6,6248,0.009,120.0,5,unsat,6194,0.0066,3577,3245,0,3245,0,0,0,0
rome,grafo4548.60,60,72,60,old,5,refutation,4,6,6248,0.008,120.0,5,unsat,6194,0.0064,3577,3245,0,3245,0,0,0,0
rome,grafo4516.59,59,79,59,old,6,refutation,5,6,19914,0.02,120.0,6,unsat,19914,0.0185,9442,7747,0,7747,0,0,0,0
rome,grafo4516.59,59,79,59,repaired,6,refutation,5,6,19914,0.021,120.0,6,unsat,19914,0.019,9442,7747,0,7747,0,0,0,0
rome,grafo4565.56,56,71,56,old,5,refutation,4,6,4446,0.006,120.0,5,unsat,4401,0.0047,2055,1720,0,1720,0,0,0,0
rome,grafo4565.56,56,71,56,repaired,5,refutation,4,6,4446,0.006,120.0,5,unsat,4401,0.0046,2055,1720,0,1720,0,0,0,0
rome,grafo4590.54,54,72,54,old,6,refutation,4,7,8389,0.01,120.0,6,unsat,8257,0.0084,4106,3500,0,3500,0,0,0,0
rome,grafo4590.54,54,72,54,repaired,6,refutation,4,7,8389,0.01,120.0,6,unsat,8257,0.0087,4106,3500,0,3500,0,0,0,0
rome,grafo4600.51,51,62,51,repaired,4,refutation,3,4,1708,0.003,120.0,4,unsat,1708,0.002,909,801,0,801,0,0,0,0
rome,grafo4600.51,51,62,51,old,4,refutation,3,4,1708,0.003,120.0,4,unsat,1708,0.0019,909,801,0,801,0,0,0,0
rome,grafo4603.50,50,69,50,old,5,refutation,4,6,3686,0.005,120.0,5,unsat,3534,0.0039,1745,1436,0,1436,0,0,0,0
rome,grafo4603.50,50,69,50,repaired,5,refutation,4,6,3686,0.005,120.0,5,unsat,3534,0.0037,1745,1436,0,1436,0,0,0,0
rome,grafo4578.63,63,80,63,repaired,6,refutation,4,7,36190,0.034,120.0,6,unsat,36059,0.0314,18657,16602,0,16602,0,0,0,0
rome,grafo4578.63,63,80,63,old,6,refutation,4,7,36190,0.034,120.0,6,unsat,36059,0.0289,18657,16602,0,16602,0,0,0,0
rome,grafo4708.76,76,91,76,old,5,refutation,3,6,22833,0.024,120.0,5,unsat,22715,0.0199,12745,11737,0,11737,0,0,0,0
rome,grafo4708.76,76,91,76,repaired,5,refutation,3,6,22833,0.024,120.0,5,unsat,22715,0.0201,12745,11737,0,11737,0,0,0,0
rome,grafo4631.63,63,96,63,repaired,8,refutation,6,9,145044,0.099,120.0,8,unsat,144979,0.0904,56172,40661,24,40637,18,0,0,0
rome,grafo4631.63,63,96,63,old,8,refutation,6,9,144771,0.096,120.0,8,unsat,144706,0.0895,56090,40581,0,40581,0,0,0,0
rome,grafo472.12,12,11,12,old,2,refutation,1,2,12,0.0,120.0,2,unsat,12,0.0001,9,8,0,8,0,0,0,0
rome,grafo472.12,12,11,12,repaired,2,refutation,1,2,12,0.0,120.0,2,unsat,12,0.0001,9,8,0,8,0,0,0,0
rome,grafo4734.49,49,59,49,repaired,5,refutation,4,5,8422,0.009,120.0,5,unsat,8422,0.008,4797,4287,0,4287,0,0,0,0
rome,grafo4734.49,49,59,49,old,5,refutation,4,5,8422,0.009,120.0,5,unsat,8422,0.0078,4797,4287,0,4287,0,0,0,0
rome,grafo4511.77,77,103,77,repaired,8,refutation,6,9,363042,0.24,120.0,8,unsat,361004,0.191,192110,170191,102,170089,19,0,0,0
rome,grafo4511.77,77,103,77,old,8,refutation,6,9,361591,0.224,120.0,8,unsat,359553,0.1792,191431,169515,0,169515,0,0,0,0
rome,grafo4711.65,65,85,65,repaired,7,refutation,5,8,238382,0.136,120.0,7,unsat,232094,0.1175,116166,100639,19,100620,0,0,0,0
rome,grafo4711.65,65,85,65,old,7,refutation,5,8,238678,0.13,120.0,7,unsat,232417,0.1107,116277,100710,0,100710,0,0,0,0
rome,grafo4769.53,53,72,53,old,6,refutation,4,6,48412,0.038,120.0,6,unsat,48412,0.0362,23024,19168,0,19168,0,0,0,0
rome,grafo4769.53,53,72,53,repaired,6,refutation,4,6,48412,0.038,120.0,6,unsat,48412,0.0362,23024,19168,0,19168,0,0,0,0
rome,grafo4789.71,71,94,71,repaired,6,refutation,4,7,49466,0.044,120.0,6,unsat,49415,0.0394,26284,23751,0,23751,0,0,0,0
rome,grafo4789.71,71,94,71,old,6,refutation,4,7,49466,0.043,120.0,6,unsat,49415,0.0371,26284,23751,0,23751,0,0,0,0
rome,grafo4814.68,68,90,68,old,7,refutation,5,7,134957,0.096,120.0,7,unsat,134957,0.08,62367,51010,0,51010,0,0,0,0
rome,grafo4814.68,68,90,68,repaired,7,refutation,5,7,134957,0.094,120.0,7,unsat,134957,0.0834,62367,51020,10,51010,0,0,0,0
rome,grafo4854.57,57,76,57,repaired,5,refutation,4,6,4667,0.006,120.0,5,unsat,4622,0.0044,2025,1657,2,1655,1,0,0,0
rome,grafo4854.57,57,76,57,old,5,refutation,4,6,4655,0.006,120.0,5,unsat,4610,0.0043,2021,1652,0,1652,0,0,0,0
rome,grafo4859.59,59,78,59,old,5,refutation,4,6,5006,0.006,120.0,5,unsat,4928,0.0047,2514,2171,0,2171,0,0,0,0
rome,grafo4859.59,59,78,59,repaired,5,refutation,4,6,5006,0.006,120.0,5,unsat,4928,0.0047,2514,2171,0,2171,0,0,0,0
rome,grafo4882.53,53,75,53,repaired,6,refutation,5,6,8438,0.01,120.0,6,unsat,8438,0.0085,3754,2832,0,2832,0,0,0,0
rome,grafo4882.53,53,75,53,old,6,refutation,5,6,8438,0.009,120.0,6,unsat,8438,0.0082,3754,2832,0,2832,0,0,0,0
rome,grafo4886.60,60,73,60,old,5,refutation,4,6,6666,0.008,120.0,5,unsat,6581,0.0064,3711,3336,0,3336,0,0,0,0
rome,grafo4886.60,60,73,60,repaired,5,refutation,4,6,6666,0.008,120.0,5,unsat,6581,0.0072,3711,3336,0,3336,0,0,0,0
rome,grafo490.40,40,45,40,repaired,3,bound,3,4,344,0.001,120.0,3,unsat,280,0.0005,172,158,0,158,0,0,0,0
rome,grafo490.40,40,45,40,old,3,bound,3,4,344,0.001,120.0,3,unsat,280,0.0004,172,158,0,158,0,0,0,0
rome,grafo4900.59,59,83,59,old,7,refutation,5,8,79747,0.061,120.0,7,unsat,79285,0.0544,39130,32879,0,32879,0,0,0,0
rome,grafo4900.59,59,83,59,repaired,7,refutation,5,8,79748,0.062,120.0,7,unsat,79286,0.0546,39131,32893,13,32880,0,0,0,0
rome,grafo4759.79,79,108,79,repaired,7,refutation,5,8,529764,0.342,120.0,7,unsat,339021,0.1793,144782,120661,231,120430,81,0,0,0
rome,grafo4759.79,79,108,79,old,7,refutation,5,8,531749,0.332,120.0,7,unsat,341610,0.1749,146422,121939,0,121939,0,0,0,0
rome,grafo4931.53,53,64,53,old,4,refutation,3,4,1652,0.003,120.0,4,unsat,1652,0.0018,904,805,0,805,0,0,0,0
rome,grafo4931.53,53,64,53,repaired,4,refutation,3,4,1652,0.003,120.0,4,unsat,1652,0.0018,904,805,0,805,0,0,0,0
rome,grafo4933.58,58,67,58,repaired,3,bound,3,6,538,0.002,120.0,3,unsat,286,0.0005,164,151,0,151,0,0,0,0
rome,grafo4933.58,58,67,58,old,3,bound,3,6,538,0.002,120.0,3,unsat,286,0.0005,164,151,0,151,0,0,0,0
rome,grafo4934.59,59,72,59,old,5,refutation,4,5,12613,0.014,120.0,5,unsat,12613,0.0118,6473,5751,0,5751,0,0,0,0
rome,grafo4934.59,59,72,59,repaired,5,refutation,4,5,12613,0.014,120.0,5,unsat,12613,0.0121,6473,5752,1,5751,0,0,0,0
rome,grafo501.13,13,12,13,repaired,2,refutation,1,2,13,0.0,120.0,2,unsat,13,0.0001,10,9,0,9,0,0,0,0
rome,grafo501.13,13,12,13,old,2,refutation,1,2,13,0.0,120.0,2,unsat,13,0.0001,10,9,0,9,0,0,0,0
rome,grafo5010.56,56,71,56,old,4,bound,4,5,89,0.001,120.0,4,unsat,1492,0.0019,627,507,0,507,0,0,0,0
rome,grafo5010.56,56,71,56,repaired,4,bound,4,5,89,0.001,120.0,4,unsat,1492,0.0018,627,507,0,507,0,0,0,0
rome,grafo504.25,25,29,25,repaired,3,bound,3,3,0,0.0,120.0,3,unsat,63,0.0002,38,31,0,31,0,0,0,0
rome,grafo504.25,25,29,25,old,3,bound,3,3,0,0.0,120.0,3,unsat,63,0.0002,38,31,0,31,0,0,0,0
rome,grafo5047.60,60,92,60,old,7,refutation,6,8,37507,0.036,120.0,7,unsat,37391,0.0316,17222,13456,0,13456,0,0,0,0
rome,grafo5047.60,60,92,60,repaired,7,refutation,6,8,37507,0.036,120.0,7,unsat,37391,0.0326,17222,13456,0,13456,0,0,0,0
rome,grafo4927.78,78,96,78,repaired,6,refutation,4,7,92968,0.076,120.0,6,unsat,92894,0.0655,49844,45612,0,45612,0,0,0,0
rome,grafo4927.78,78,96,78,old,6,refutation,4,7,92968,0.075,120.0,6,unsat,92894,0.0631,49844,45612,0,45612,0,0,0,0
rome,grafo5117.56,56,72,56,old,6,refutation,4,6,24523,0.023,120.0,6,unsat,24523,0.021,13505,11825,0,11825,0,0,0,0
rome,grafo5117.56,56,72,56,repaired,6,refutation,4,6,24534,0.024,120.0,6,unsat,24534,0.0217,13512,11831,1,11830,1,0,0,0
rome,grafo5143.34,34,40,34,repaired,3,bound,3,3,0,0.001,120.0,3,unsat,108,0.0003,60,52,0,52,0,0,0,0
rome,grafo5143.34,34,40,34,old,3,bound,3,3,0,0.0,120.0,3,unsat,108,0.0002,60,52,0,52,0,0,0,0
rome,grafo5148.34,34,37,34,old,3,refutation,2,3,140,0.001,120.0,3,unsat,140,0.0003,81,72,0,72,0,0,0,0
rome,grafo5148.34,34,37,34,repaired,3,refutation,2,3,140,0.001,120.0,3,unsat,140,0.0003,81,72,0,72,0,0,0,0
rome,grafo518.15,15,17,15,repaired,3,bound,3,3,0,0.0,120.0,3,unsat,28,0.0001,16,12,0,12,0,0,0,0
rome,grafo518.15,15,17,15,old,3,bound,3,3,0,0.0,120.0,3,unsat,28,0.0001,16,12,0,12,0,0,0,0
rome,grafo5095.62,62,90,62,repaired,7,refutation,5,7,76857,0.059,120.0,7,unsat,76857,0.0542,35924,30052,0,30052,0,0,0,0
rome,grafo5095.62,62,90,62,old,7,refutation,5,7,76857,0.057,120.0,7,unsat,76857,0.0527,35924,30052,0,30052,0,0,0,0
rome,grafo5212.63,63,78,63,old,6,refutation,5,6,96826,0.065,120.0,6,unsat,96826,0.0604,51679,46602,0,46602,0,0,0,0
rome,grafo5212.63,63,78,63,repaired,6,refutation,5,6,96825,0.067,120.0,6,unsat,96825,0.0617,51678,46604,3,46601,0,0,0,0
rome,grafo5263.75,75,99,75,repaired,8,refutation,5,9,1004910,0.609,120.0,8,unsat,944846,0.4425,412527,338226,25,338201,9,0,0,0
rome,grafo5263.75,75,99,75,old,8,refutation,5,9,1004780,0.572,120.0,8,unsat,944716,0.4212,412493,338172,0,338172,0,0,0,0
rome,grafo5297.44,44,63,44,repaired,7,refutation,5,7,14100,0.016,120.0,7,unsat,14100,0.013,6267,4706,0,4706,0,0,0,0
rome,grafo5297.44,44,63,44,old,7,refutation,5,7,14100,0.015,120.0,7,unsat,14100,0.0127,6267,4706,0,4706,0,0,0,0
rome,grafo5316.36,36,41,36,old,3,bound,3,4,59,0.001,120.0,3,unsat,143,0.0003,77,68,0,68,0,0,0,0
rome,grafo5316.36,36,41,36,repaired,3,bound,3,4,59,0.001,120.0,3,unsat,143,0.0003,77,68,0,68,0,0,0,0
rome,grafo533.11,11,11,11,repaired,2,bound,2,2,0,0.0,120.0,2,unsat,5,0.0001,3,2,0,2,0,0,0,0
rome,grafo533.11,11,11,11,old,2,bound,2,2,0,0.0,120.0,2,unsat,5,0.0,3,2,0,2,0,0,0,0
rome,grafo5334.41,41,57,41,old,6,refutation,5,6,6071,0.007,120.0,6,unsat,6071,0.0057,3289,2767,0,2767,0,0,0,0
rome,grafo5334.41,41,57,41,repaired,6,refutation,5,6,6071,0.007,120.0,6,unsat,6071,0.0056,3289,2767,0,2767,0,0,0,0
rome,grafo5381.36,36,45,36,repaired,5,refutation,3,5,1415,0.002,120.0,5,unsat,1415,0.0014,734,594,0,594,0,0,0,0
rome,grafo5381.36,36,45,36,old,5,refutation,3,5,1415,0.002,120.0,5,unsat,1415,0.0014,734,594,0,594,0,0,0,0
rome,grafo5393.73,73,94,73,old,6,refutation,5,7,86075,0.071,120.0,6,unsat,78583,0.0565,36638,30975,0,30975,0,0,0,0
rome,grafo5393.73,73,94,73,repaired,6,refutation,5,7,86075,0.073,120.0,6,unsat,78583,0.0577,36638,30975,0,30975,0,0,0,0
rome,grafo5414.41,41,44,41,repaired,3,bound,3,4,217,0.001,120.0,3,unsat,311,0.0005,188,174,0,174,0,0,0,0
rome,grafo5414.41,41,44,41,old,3,bound,3,4,217,0.001,120.0,3,unsat,311,0.0005,188,174,0,174,0,0,0,0
rome,grafo5422.44,44,63,44,old,6,refutation,5,6,4242,0.005,120.0,6,unsat,4242,0.0042,2056,1600,0,1600,0,0,0,0
rome,grafo5422.44,44,63,44,repaired,6,refutation,5,6,4242,0.005,120.0,6,unsat,4242,0.0041,2056,1600,0,1600,0,0,0,0
rome,grafo547.16,16,16,16,repaired,2,bound,2,2,0,0.0,120.0,2,unsat,11,0.0001,8,7,0,7,0,0,0,0
rome,grafo547.16,16,16,16,old,2,bound,2,2,0,0.0,120.0,2,unsat,11,0.0001,8,7,0,7,0,0,0,0
rome,grafo5473.46,46,64,46,old,5,refutation,4,6,2202,0.003,120.0,5,unsat,1916,0.002,894,735,0,735,0,0,0,0
rome,grafo5473.46,46,64,46,repaired,5,refutation,4,6,2202,0.003,120.0,5,unsat,1916,0.0019,894,735,0,735,0,0,0,0
rome,grafo5477.42,42,50,42,repaired,4,refutation,3,5,1128,0.002,120.0,4,unsat,1049,0.0012,588,514,0,514,0,0,0,0
rome,grafo5477.42,42,50,42,old,4,refutation,3,5,1128,0.002,120.0,4,unsat,1049,0.0011,588,514,0,514,0,0,0,0
rome,grafo5481.62,62,101,62,old,9,refutation,6,10,344031,0.187,120.0,9,unsat,342401,0.1662,136998,98005,0,98005,0,0,0,0
rome,grafo5481.62,62,101,62,repaired,9,refutation,6,10,344401,0.191,120.0,9,unsat,342771,0.1713,137063,98106,119,97987,39,0,0,0
rome,grafo5492.47,47,61,47,repaired,5,refutation,4,5,7404,0.008,120.0,5,unsat,7404,0.0066,3765,3230,0,3230,0,0,0,0
rome,grafo5492.47,47,61,47,old,5,refutation,4,5,7404,0.008,120.0,5,unsat,7404,0.0064,3765,3230,0,3230,0,0,0,0
rome,grafo5538.58,58,76,58,old,6,refutation,5,7,30761,0.029,120.0,6,unsat,30436,0.0249,15941,14085,0,14085,0,0,0,0
rome,grafo5538.58,58,76,58,repaired,6,refutation,5,7,30761,0.029,120.0,6,unsat,30436,0.0251,15941,14085,0,14085,0,0,0,0
rome,grafo5559.61,61,75,61,repaired,5,bound,5,6,369,0.002,120.0,5,unsat,12182,0.0121,5885,5082,0,5082,0,0,0,0
rome,grafo5559.61,61,75,61,old,5,bound,5,6,369,0.002,120.0,5,unsat,12182,0.0114,5885,5082,0,5082,0,0,0,0
rome,grafo557.11,11,12,11,old,2,bound,2,2,0,0.0,120.0,2,unsat,2,0.0001,2,1,0,1,0,0,0,0
rome,grafo557.11,11,12,11,repaired,2,bound,2,2,0,0.0,120.0,2,unsat,2,0.0,2,1,0,1,0,0,0,0
rome,grafo5636.44,44,49,44,repaired,3,bound,3,4,41,0.001,120.0,3,unsat,247,0.0005,136,123,0,123,0,0,0,0
rome,grafo5636.44,44,49,44,old,3,bound,3,4,41,0.001,120.0,3,unsat,247,0.0004,136,123,0,123,0,0,0,0
rome,grafo567.14,14,18,14,old,3,bound,3,3,0,0.0,120.0,3,unsat,14,0.0001,10,7,0,7,0,0,0,0
rome,grafo567.14,14,18,14,repaired,3,bound,3,3,0,0.0,120.0,3,unsat,14,0.0001,10,7,0,7,0,0,0,0
rome,grafo5683.39,39,52,39,repaired,4,bound,4,5,47,0.001,120.0,4,unsat,365,0.0005,217,194,0,194,0,0,0,0
rome,grafo5683.39,39,52,39,old,4,bound,4,5,47,0.001,120.0,4,unsat,365,0.0005,217,194,0,194,0,0,0,0
rome,grafo5801.45,45,55,45,old,4,bound,4,5,777,0.002,120.0,4,unsat,789,0.0009,431,383,0,383,0,0,0,0
rome,grafo5801.45,45,55,45,repaired,4,bound,4,5,777,0.001,120.0,4,unsat,789,0.0009,431,383,0,383,0,0,0,0
rome,grafo5806.48,48,65,48,repaired,6,refutation,4,7,17661,0.018,120.0,6,unsat,16947,0.0145,7832,6385,10,6375,10,0,0,0
rome,grafo5806.48,48,65,48,old,6,refutation,4,7,17197,0.016,120.0,6,unsat,16483,0.0139,7662,6246,0,6246,0,0,0,0
rome,grafo5814.36,36,43,36,old,4,refutation,3,5,776,0.001,120.0,4,unsat,730,0.0009,363,302,0,302,0,0,0,0
rome,grafo5814.36,36,43,36,repaired,4,refutation,3,5,776,0.001,120.0,4,unsat,730,0.0008,363,302,0,302,0,0,0,0
rome,grafo5279.78,78,114,78,old,9,refutation,6,10,1692872,0.982,120.0,9,unsat,1692799,0.7696,690603,534725,0,534725,0,0,0,0
rome,grafo5279.78,78,114,78,repaired,9,refutation,6,10,1694426,1.018,120.0,9,unsat,1694353,0.8081,690773,535005,277,534728,22,0,0,0
rome,grafo5942.34,34,46,34,old,4,bound,4,5,136,0.001,120.0,4,unsat,132,0.0003,72,57,0,57,0,0,0,0
rome,grafo5942.34,34,46,34,repaired,4,bound,4,5,136,0.001,120.0,4,unsat,132,0.0003,72,57,0,57,0,0,0,0
rome,grafo5971.53,53,83,53,repaired,7,refutation,6,8,56002,0.047,120.0,7,unsat,55927,0.0419,23623,17647,0,17647,0,0,0,0
rome,grafo5971.53,53,83,53,old,7,refutation,6,8,56002,0.047,120.0,7,unsat,55927,0.0423,23623,17647,0,17647,0,0,0,0
rome,grafo6008.43,43,68,43,old,7,refutation,5,7,6483,0.008,120.0,7,unsat,6483,0.0065,2585,1638,0,1638,0,0,0,0
rome,grafo6008.43,43,68,43,repaired,7,refutation,5,7,6483,0.008,120.0,7,unsat,6483,0.0065,2585,1638,0,1638,0,0,0,0
rome,grafo6021.50,50,74,50,repaired,6,refutation,5,7,9232,0.01,120.0,6,unsat,8641,0.0087,4332,3511,0,3511,0,0,0,0
rome,grafo6021.50,50,74,50,old,6,refutation,5,7,9232,0.01,120.0,6,unsat,8641,0.0082,4332,3511,0,3511,0,0,0,0
rome,grafo6025.56,56,79,56,old,5,bound,5,6,53,0.001,120.0,5,unsat,5430,0.0054,2484,2049,0,2049,0,0,0,0
rome,grafo6025.56,56,79,56,repaired,5,bound,5,6,53,0.001,120.0,5,unsat,5430,0.0056,2484,2049,0,2049,0,0,0,0
rome,grafo5896.60,60,84,60,repaired,7,refutation,5,7,326938,0.153,120.0,7,unsat,326938,0.1482,162629,143866,0,143866,0,0,0,0
rome,grafo5896.60,60,84,60,old,7,refutation,5,7,326938,0.146,120.0,7,unsat,326938,0.1454,162629,143866,0,143866,0,0,0,0
rome,grafo6039.46,46,59,46,repaired,5,refutation,4,5,3257,0.004,120.0,5,unsat,3257,0.0033,1693,1449,0,1449,0,0,0,0
rome,grafo6039.46,46,59,46,old,5,refutation,4,5,3257,0.004,120.0,5,unsat,3257,0.0031,1693,1449,0,1449,0,0,0,0
rome,grafo6057.42,42,55,42,repaired,4,bound,4,5,361,0.001,120.0,4,unsat,644,0.0009,321,268,0,268,0,0,0,0
rome,grafo6057.42,42,55,42,old,4,bound,4,5,361,0.001,120.0,4,unsat,644,0.0008,321,268,0,268,0,0,0,0
rome,grafo6054.45,45,60,45,old,5,refutation,4,6,2959,0.004,120.0,5,unsat,2741,0.0028,1352,1104,0,1104,0,0,0,0
rome,grafo6054.45,45,60,45,repaired,5,refutation,4,6,2959,0.004,120.0,5,unsat,2741,0.0027,1352,1104,0,1104,0,0,0,0
rome,grafo6087.39,39,46,39,old,4,refutation,3,4,663,0.001,120.0,4,unsat,663,0.0007,396,348,0,348,0,0,0,0
rome,grafo6087.39,39,46,39,repaired,4,refutation,3,4,663,0.001,120.0,4,unsat,663,0.0007,396,348,0,348,0,0,0,0
rome,grafo6095.35,35,49,35,repaired,4,refutation,3,4,173,0.001,120.0,4,unsat,173,0.0004,83,61,0,61,0,0,0,0
rome,grafo6095.35,35,49,35,old,4,refutation,3,4,173,0.001,120.0,4,unsat,173,0.0003,83,61,0,61,0,0,0,0
rome,grafo6108.38,38,44,38,old,3,refutation,2,3,159,0.001,120.0,3,unsat,159,0.0003,107,98,0,98,0,0,0,0
rome,grafo6108.38,38,44,38,repaired,3,refutation,2,3,159,0.001,120.0,3,unsat,159,0.0003,107,98,0,98,0,0,0,0
rome,grafo612.11,11,11,11,repaired,2,bound,2,2,0,0.0,120.0,2,unsat,8,0.0001,6,5,0,5,0,0,0,0
rome,grafo612.11,11,11,11,old,2,bound,2,2,0,0.0,120.0,2,unsat,8,0.0,6,5,0,5,0,0,0,0
rome,grafo6144.43,43,56,43,old,4,bound,4,5,118,0.001,120.0,4,unsat,433,0.0006,212,171,0,171,0,0,0,0
rome,grafo6144.43,43,56,43,repaired,4,bound,4,5,118,0.001,120.0,4,unsat,433,0.0006,212,171,0,171,0,0,0,0
rome,grafo6162.44,44,56,44,old,4,bound,4,5,51,0.001,120.0,4,unsat,684,0.0009,372,326,0,326,0,0,0,0
rome,grafo6162.44,44,56,44,repaired,4,bound,4,5,51,0.001,120.0,4,unsat,684,0.0008,372,326,0,326,0,0,0,0
rome,grafo6172.41,41,50,41,repaired,3,bound,3,4,137,0.001,120.0,3,unsat,255,0.0004,162,151,0,151,0,0,0,0
rome,grafo6172.41,41,50,41,old,3,bound,3,4,137,0.001,120.0,3,unsat,255,0.0004,162,151,0,151,0,0,0,0
rome,grafo6182.40,40,53,40,old,4,bound,4,4,0,0.001,120.0,4,unsat,278,0.0004,137,113,0,113,0,0,0,0
rome,grafo6182.40,40,53,40,repaired,4,bound,4,4,0,0.001,120.0,4,unsat,278,0.0006,137,113,0,113,0,0,0,0
rome,grafo6192.41,41,54,41,repaired,5,refutation,4,6,1936,0.003,120.0,5,unsat,1719,0.0019,831,672,0,672,0,0,0,0
rome,grafo6192.41,41,54,41,old,5,refutation,4,6,1936,0.003,120.0,5,unsat,1719,0.0017,831,672,0,672,0,0,0,0
rome,grafo6211.54,54,64,54,old,3,bound,3,4,346,0.001,120.0,3,unsat,210,0.0004,99,86,0,86,0,0,0,0
rome,grafo6211.54,54,64,54,repaired,3,bound,3,4,346,0.001,120.0,3,unsat,210,0.0004,99,86,0,86,0,0,0,0
rome,grafo6159.52,52,65,52,repaired,5,refutation,4,6,9406,0.011,120.0,5,unsat,9353,0.0092,4670,4031,0,4031,0,0,0,0
rome,grafo6159.52,52,65,52,old,5,refutation,4,6,9406,0.01,120.0,5,unsat,9353,0.0091,4670,4031,0,4031,0,0,0,0
rome,grafo6227.36,36,47,36,old,4,bound,4,5,55,0.001,120.0,4,unsat,287,0.0005,139,108,0,108,0,0,0,0
rome,grafo6227.36,36,47,36,repaired,4,bound,4,5,55,0.001,120.0,4,unsat,287,0.0004,139,108,0,108,0,0,0,0
rome,grafo6221.53,53,64,53,repaired,5,refutation,4,6,18381,0.021,120.0,5,unsat,8789,0.0085,4018,3445,0,3445,0,0,0,0
rome,grafo6221.53,53,64,53,old,5,refutation,4,6,18381,0.02,120.0,5,unsat,8789,0.0082,4018,3445,0,3445,0,0,0,0
rome,grafo6294.39,39,58,39,old,6,refutation,5,6,3415,0.004,120.0,6,unsat,3415,0.0037,1477,1044,0,1044,0,0,0,0
rome,grafo6294.39,39,58,39,repaired,6,refutation,5,6,3415,0.004,120.0,6,unsat,3415,0.0034,1477,1044,0,1044,0,0,0,0
rome,grafo6333.42,42,54,42,repaired,4,refutation,3,4,611,0.001,120.0,4,unsat,611,0.0008,337,292,0,292,0,0,0,0
rome,grafo6333.42,42,54,42,old,4,refutation,3,4,611,0.001,120.0,4,unsat,611,0.0007,337,292,0,292,0,0,0,0
rome,grafo6342.37,37,42,37,old,3,bound,3,4,31,0.001,120.0,3,unsat,173,0.0003,98,87,0,87,0,0,0,0
rome,grafo6342.37,37,42,37,repaired,3,bound,3,4,31,0.001,120.0,3,unsat,173,0.0003,98,87,0,87,0,0,0,0
rome,grafo6357.46,46,59,46,repaired,6,refutation,4,6,15231,0.016,120.0,6,unsat,15231,0.0138,8312,7170,0,7170,0,0,0,0
rome,grafo6357.46,46,59,46,old,6,refutation,4,6,15231,0.015,120.0,6,unsat,15231,0.0135,8312,7170,0,7170,0,0,0,0
rome,grafo6238.57,57,87,57,repaired,7,refutation,6,8,46302,0.047,120.0,7,unsat,34863,0.0308,14091,10549,0,10549,0,0,0,0
rome,grafo6238.57,57,87,57,old,7,refutation,6,8,46302,0.046,120.0,7,unsat,34863,0.0302,14091,10549,0,10549,0,0,0,0
rome,grafo639.14,14,20,14,repaired,3,refutation,2,3,25,0.0,120.0,3,unsat,25,0.0001,15,12,0,12,0,0,0,0
rome,grafo639.14,14,20,14,old,3,refutation,2,3,25,0.0,120.0,3,unsat,25,0.0001,15,12,0,12,0,0,0,0
rome,grafo6398.41,41,53,41,old,4,bound,4,4,0,0.001,120.0,4,unsat,286,0.0005,135,108,0,108,0,0,0,0
rome,grafo6398.41,41,53,41,repaired,4,bound,4,4,0,0.001,120.0,4,unsat,286,0.0005,135,108,0,108,0,0,0,0
rome,grafo6369.56,56,84,56,old,7,refutation,5,8,62003,0.05,120.0,7,unsat,61945,0.0453,29674,23912,0,23912,0,0,0,0
rome,grafo6369.56,56,84,56,repaired,7,refutation,5,8,62003,0.051,120.0,7,unsat,61945,0.0461,29674,23914,2,23912,0,0,0,0
rome,grafo6430.71,71,81,71,old,5,refutation,3,6,30385,0.03,120.0,5,unsat,30094,0.0249,16762,15524,0,15524,0,0,0,0
rome,grafo6430.71,71,81,71,repaired,5,refutation,3,6,30385,0.03,120.0,5,unsat,30094,0.0257,16762,15524,0,15524,0,0,0,0
rome,grafo6445.49,49,63,49,repaired,5,refutation,4,6,3137,0.005,120.0,5,unsat,2858,0.0029,1412,1190,0,1190,0,0,0,0
rome,grafo6445.49,49,63,49,old,5,refutation,4,6,3137,0.004,120.0,5,unsat,2858,0.0028,1412,1190,0,1190,0,0,0,0
rome,grafo6463.84,84,106,84,old,7,refutation,4,8,531995,0.299,120.0,7,unsat,531891,0.2448,246682,214049,0,214049,0,0,0,0
rome,grafo6463.84,84,106,84,repaired,7,refutation,4,8,532088,0.311,120.0,7,unsat,531984,0.2562,246731,214100,6,214094,2,0,0,0
rome,grafo6493.39,39,50,39,repaired,5,refutation,3,5,1213,0.002,120.0,5,unsat,1213,0.0014,611,480,0,480,0,0,0,0
rome,grafo6493.39,39,50,39,old,5,refutation,3,5,1213,0.002,120.0,5,unsat,1213,0.0013,611,480,0,480,0,0,0,0
rome,grafo6530.41,41,54,41,old,4,refutation,3,5,430,0.001,120.0,4,unsat,383,0.0005,222,194,0,194,0,0,0,0
rome,grafo6530.41,41,54,41,repaired,4,refutation,3,5,430,0.001,120.0,4,unsat,383,0.0005,222,194,0,194,0,0,0,0
rome,grafo6549.45,45,58,45,repaired,5,refutation,4,6,4291,0.005,120.0,5,unsat,4228,0.004,2271,1957,0,1957,0,0,0,0
rome,grafo6549.45,45,58,45,old,5,refutation,4,6,4291,0.005,120.0,5,unsat,4228,0.0038,2271,1957,0,1957,0,0,0,0
rome,grafo6554.48,48,70,48,old,5,bound,5,6,1109,0.002,120.0,5,unsat,2037,0.0021,845,640,0,640,0,0,0,0
rome,grafo6554.48,48,70,48,repaired,5,bound,5,6,1109,0.002,120.0,5,unsat,2037,0.002,845,640,0,640,0,0,0,0
rome,grafo6564.42,42,58,42,repaired,4,bound,4,5,66,0.001,120.0,4,unsat,361,0.0005,206,182,0,182,0,0,0,0
rome,grafo6564.42,42,58,42,old,4,bound,4,5,66,0.001,120.0,4,unsat,361,0.0005,206,182,0,182,0,0,0,0
rome,grafo6604.38,38,44,38,old,3,bound,3,3,0,0.0,120.0,3,unsat,246,0.0004,146,133,0,133,0,0,0,0
rome,grafo6604.38,38,44,38,repaired,3,bound,3,3,0,0.0,120.0,3,unsat,246,0.0004,146,133,0,133,0,0,0,0
rome,grafo6644.38,38,51,38,repaired,4,refutation,3,5,486,0.001,120.0,4,unsat,273,0.0004,133,107,0,107,0,0,0,0
rome,grafo6644.38,38,51,38,old,4,refutation,3,5,486,0.001,120.0,4,unsat,273,0.0004,133,107,0,107,0,0,0,0
rome,grafo6645.47,47,77,47,old,7,refutation,6,8,21764,0.022,120.0,7,unsat,15503,0.014,6713,4940,0,4940,0,0,0,0
rome,grafo6645.47,47,77,47,repaired,7,refutation,6,8,21764,0.022,120.0,7,unsat,15503,0.0143,6713,4940,0,4940,0,0,0,0
rome,grafo6646.77,77,104,77,repaired,7,refutation,5,8,463877,0.269,120.0,7,unsat,461091,0.2165,186799,150395,7,150388,4,0,0,0
rome,grafo6646.77,77,104,77,old,7,refutation,5,8,463780,0.26,120.0,7,unsat,460994,0.2087,186771,150368,0,150368,0,0,0,0
rome,grafo670.15,15,18,15,old,3,bound,3,3,0,0.0,120.0,3,unsat,23,0.0001,13,10,0,10,0,0,0,0
rome,grafo670.15,15,18,15,repaired,3,bound,3,3,0,0.0,120.0,3,unsat,23,0.0001,13,10,0,10,0,0,0,0
rome,grafo6711.81,81,98,81,repaired,5,refutation,4,6,38923,0.042,120.0,5,unsat,32172,0.0284,17189,15846,0,15846,0,0,0,0
rome,grafo6711.81,81,98,81,old,5,refutation,4,6,38923,0.04,120.0,5,unsat,32172,0.0275,17189,15846,0,15846,0,0,0,0
rome,grafo6726.47,47,57,47,old,4,bound,4,5,675,0.002,120.0,4,unsat,1240,0.0014,630,556,0,556,0,0,0,0
rome,grafo6726.47,47,57,47,repaired,4,bound,4,5,675,0.001,120.0,4,unsat,1240,0.0013,630,556,0,556,0,0,0,0
rome,grafo6760.54,54,68,54,repaired,4,bound,4,5,1078,0.002,120.0,4,unsat,790,0.001,391,333,0,333,0,0,0,0
rome,grafo6760.54,54,68,54,old,4,bound,4,5,1078,0.002,120.0,4,unsat,790,0.0009,391,333,0,333,0,0,0,0
rome,grafo6761.78,78,105,78,old,7,refutation,5,8,297889,0.181,120.0,7,unsat,297838,0.1484,131181,110383,0,110383,0,0,0,0
rome,grafo6761.78,78,105,78,repaired,7,refutation,5,8,297889,0.188,120.0,7,unsat,297838,0.1546,131181,110383,0,110383,0,0,0,0
rome,grafo6776.46,46,69,46,repaired,7,refutation,5,8,23975,0.025,120.0,7,unsat,23561,0.0212,9040,5631,0,5631,0,0,0,0
rome,grafo6776.46,46,69,46,old,7,refutation,5,8,23975,0.024,120.0,7,unsat,23561,0.0209,9040,5631,0,5631,0,0,0,0
rome,grafo6836.72,72,95,72,old,7,refutation,5,8,363133,0.206,120.0,7,unsat,363070,0.1676,162830,139004,0,139004,0,0,0,0
rome,grafo6836.72,72,95,72,repaired,7,refutation,5,8,365005,0.214,120.0,7,unsat,364942,0.1758,163391,139404,46,139358,5,0,0,0
rome,grafo6853.41,41,50,41,repaired,4,refutation,3,5,1090,0.002,120.0,4,unsat,926,0.0011,444,364,0,364,0,0,0,0
rome,grafo6853.41,41,50,41,old,4,refutation,3,5,1090,0.002,120.0,4,unsat,926,0.001,444,364,0,364,0,0,0,0
rome,grafo6879.41,41,51,41,old,4,bound,4,5,36,0.001,120.0,4,unsat,683,0.0008,325,270,0,270,0,0,0,0
rome,grafo6879.41,41,51,41,repaired,4,bound,4,5,36,0.001,120.0,4,unsat,683,0.0007,325,270,0,270,0,0,0,0
rome,grafo688.10,10,10,10,repaired,2,bound,2,2,0,0.0,120.0,2,unsat,7,0.0001,5,4,0,4,0,0,0,0
rome,grafo688.10,10,10,10,old,2,bound,2,2,0,0.0,120.0,2,unsat,7,0.0,5,4,0,4,0,0,0,0
rome,grafo6895.37,37,54,37,old,5,refutation,4,6,797,0.001,120.0,5,unsat,746,0.0009,386,326,0,326,0,0,0,0
rome,grafo6895.37,37,54,37,repaired,5,refutation,4,6,797,0.001,120.0,5,unsat,746,0.0008,386,326,0,326,0,0,0,0
rome,grafo6931.38,38,51,38,repaired,4,refutation,3,5,389,0.001,120.0,4,unsat,350,0.0005,231,211,0,211,0,0,0,0
rome,grafo6931.38,38,51,38,old,4,refutation,3,5,389,0.001,120.0,4,unsat,350,0.0004,231,211,0,211,0,0,0,0
rome,grafo6942.46,46,64,46,old,6,refutation,5,7,6603,0.008,120.0,6,unsat,6566,0.0065,2768,1983,0,1983,0,0,0,0
rome,grafo6942.46,46,64,46,repaired,6,refutation,5,7,6603,0.008,120.0,6,unsat,6566,0.0065,2768,1983,0,1983,0,0,0,0
rome,grafo6949.43,43,50,43,repaired,4,bound,4,4,0,0.001,120.0,4,unsat,1493,0.0016,727,610,0,610,0,0,0,0
rome,grafo6949.43,43,50,43,old,4,bound,4,4,0,0.001,120.0,4,unsat,1493,0.0015,727,610,0,610,0,0,0,0
rome,grafo6973.41,41,58,41,old,6,refutation,5,7,4536,0.005,120.0,6,unsat,4446,0.0043,1927,1394,0,1394,0,0,0,0
rome,grafo6973.41,41,58,41,repaired,6,refutation,5,7,4536,0.005,120.0,6,unsat,4446,0.0043,1927,1394,0,1394,0,0,0,0
rome,grafo7000.40,40,50,40,repaired,4,bound,4,5,235,0.001,120.0,4,unsat,527,0.0007,268,223,0,223,0,0,0,0
rome,grafo7000.40,40,50,40,old,4,bound,4,5,235,0.001,120.0,4,unsat,527,0.0007,268,223,0,223,0,0,0,0
rome,grafo7036.55,55,72,55,old,6,refutation,4,6,15191,0.017,120.0,6,unsat,15191,0.0139,8072,7017,0,7017,0,0,0,0
rome,grafo7036.55,55,72,55,repaired,6,refutation,4,6,15191,0.017,120.0,6,unsat,15191,0.0135,8072,7017,0,7017,0,0,0,0
rome,grafo7039.45,45,63,45,repaired,5,bound,5,5,0,0.001,120.0,5,unsat,2177,0.0025,1104,922,0,922,0,0,0,0
rome,grafo7039.45,45,63,45,old,5,bound,5,5,0,0.001,120.0,5,unsat,2177,0.0023,1104,922,0,922,0,0,0,0
rome,grafo7059.46,46,53,46,old,4,refutation,3,5,1051,0.002,120.0,4,unsat,792,0.0009,428,377,0,377,0,0,0,0
rome,grafo7059.46,46,53,46,repaired,4,refutation,3,5,1051,0.002,120.0,4,unsat,792,0.0009,428,377,0,377,0,0,0,0
rome,grafo7068.49,49,69,49,repaired,5,refutation,4,6,2321,0.003,120.0,5,unsat,2226,0.0024,940,681,0,681,0,0,0,0
rome,grafo7068.49,49,69,49,old,5,refutation,4,6,2321,0.003,120.0,5,unsat,2226,0.0022,940,681,0,681,0,0,0,0
rome,grafo7106.44,44,61,44,old,6,refutation,5,6,9526,0.01,120.0,6,unsat,9526,0.0087,4612,3692,0,3692,0,0,0,0
rome,grafo7106.44,44,61,44,repaired,6,refutation,5,6,9526,0.01,120.0,6,unsat,9526,0.0087,4612,3692,1,3691,1,0,0,0
rome,grafo10831.98,98,146,98,repaired,10,budget,7,11,307429485,120.007,120.0,,,,,,,,,,,,
rome,grafo10831.98,98,146,98,old,10,budget,7,11,323391513,120.008,120.0,,,,,,,,,,,,
rome,grafo718.10,10,10,10,old,2,bound,2,2,0,0.0,120.0,2,unsat,7,0.0001,5,4,0,4,0,0,0,0
rome,grafo718.10,10,10,10,repaired,2,bound,2,2,0,0.0,120.0,2,unsat,7,0.0001,5,4,0,4,0,0,0,0
rome,grafo7225.37,37,49,37,repaired,5,refutation,3,5,1350,0.002,120.0,5,unsat,1350,0.0014,764,666,0,666,0,0,0,0
rome,grafo7225.37,37,49,37,old,5,refutation,3,5,1350,0.002,120.0,5,unsat,1350,0.0014,764,666,0,666,0,0,0,0
rome,grafo7233.37,37,49,37,old,4,bound,4,5,101,0.001,120.0,4,unsat,285,0.0005,137,106,0,106,0,0,0,0
rome,grafo7233.37,37,49,37,repaired,4,bound,4,5,101,0.001,120.0,4,unsat,285,0.0004,137,106,0,106,0,0,0,0
rome,grafo7245.49,49,65,49,repaired,5,refutation,4,6,2105,0.003,120.0,5,unsat,2062,0.0022,957,763,0,763,0,0,0,0
rome,grafo7245.49,49,65,49,old,5,refutation,4,6,2105,0.003,120.0,5,unsat,2062,0.0022,957,763,0,763,0,0,0,0
rome,grafo7256.69,69,95,69,old,8,refutation,6,8,518434,0.272,120.0,8,unsat,518434,0.2242,259309,228986,0,228986,0,0,0,0
rome,grafo7256.69,69,95,69,repaired,8,refutation,6,8,518898,0.283,120.0,8,unsat,518898,0.2341,259498,229161,23,229138,14,0,0,0
rome,grafo7333.45,45,73,45,repaired,8,refutation,5,8,53326,0.044,120.0,8,unsat,53326,0.0401,22750,15862,24,15838,10,0,0,0
rome,grafo7333.45,45,73,45,old,8,refutation,5,8,53302,0.042,120.0,8,unsat,53302,0.0385,22749,15848,0,15848,0,0,0,0
rome,grafo7335.53,53,69,53,old,5,refutation,4,6,3162,0.004,120.0,5,unsat,3018,0.0029,1704,1542,0,1542,0,0,0,0
rome,grafo7335.53,53,69,53,repaired,5,refutation,4,6,3162,0.004,120.0,5,unsat,3018,0.0028,1704,1542,0,1542,0,0,0,0
rome,grafo7343.44,44,53,44,repaired,5,refutation,3,5,4484,0.005,120.0,5,unsat,4484,0.0041,2524,2219,0,2219,0,0,0,0
rome,grafo7343.44,44,53,44,old,5,refutation,3,5,4484,0.005,120.0,5,unsat,4484,0.0041,2524,2219,0,2219,0,0,0,0
rome,grafo7377.43,43,58,43,old,5,refutation,4,5,2158,0.003,120.0,5,unsat,2158,0.002,1032,845,0,845,0,0,0,0
rome,grafo7377.43,43,58,43,repaired,5,refutation,4,5,2158,0.003,120.0,5,unsat,2158,0.002,1032,845,0,845,0,0,0,0
rome,grafo7390.39,39,59,39,repaired,6,refutation,4,6,6582,0.007,120.0,6,unsat,6582,0.0062,3314,2623,0,2623,0,0,0,0
rome,grafo7390.39,39,59,39,old,6,refutation,4,6,6582,0.007,120.0,6,unsat,6582,0.0064,3314,2623,0,2623,0,0,0,0
rome,grafo7422.40,40,50,40,old,4,refutation,3,5,610,0.001,120.0,4,unsat,564,0.0007,246,198,0,198,0,0,0,0
rome,grafo7422.40,40,50,40,repaired,4,refutation,3,5,610,0.001,120.0,4,unsat,564,0.0007,246,198,0,198,0,0,0,0
rome,grafo7445.49,49,72,49,repaired,7,refutation,5,7,37382,0.032,120.0,7,unsat,37382,0.0296,17057,13317,9,13308,1,0,0,0
rome,grafo7445.49,49,72,49,old,7,refutation,5,7,37374,0.033,120.0,7,unsat,37374,0.0287,17057,13309,0,13309,0,0,0,0
rome,grafo7494.44,44,58,44,old,5,refutation,3,5,3075,0.004,120.0,5,unsat,3075,0.0029,1561,1285,0,1285,0,0,0,0
rome,grafo7494.44,44,58,44,repaired,5,refutation,3,5,3075,0.004,120.0,5,unsat,3075,0.0029,1561,1285,0,1285,0,0,0,0
rome,grafo7499.92,92,120,92,repaired,8,refutation,6,9,1888789,1.138,120.0,8,unsat,1887816,0.9176,901121,774966,242,774724,15,0,0,0
rome,grafo7499.92,92,120,92,old,8,refutation,6,9,1890630,1.086,120.0,8,unsat,1889657,0.8764,902102,775663,0,775663,0,0,0,0
rome,grafo4752.81,81,109,81,old,9,refutation,6,9,15673695,6.914,120.0,9,unsat,15673695,5.8978,7864652,7065131,0,7065131,0,0,0,0
rome,grafo4752.81,81,109,81,repaired,9,refutation,6,9,15686711,7.418,120.0,9,unsat,15686711,6.1996,7870306,7070310,872,7069438,415,0,0,0
rome,grafo7553.36,36,52,36,repaired,6,refutation,4,7,1923,0.003,120.0,6,unsat,1768,0.0019,748,541,0,541,0,0,0,0
rome,grafo7553.36,36,52,36,old,6,refutation,4,7,1923,0.003,120.0,6,unsat,1768,0.0016,748,541,0,541,0,0,0,0
rome,grafo7558.45,45,74,45,old,7,refutation,5,7,9319,0.011,120.0,7,unsat,9319,0.0097,3679,2436,0,2436,0,0,0,0
rome,grafo7558.45,45,74,45,repaired,7,refutation,5,7,9319,0.011,120.0,7,unsat,9319,0.0099,3679,2436,0,2436,0,0,0,0
rome,grafo758.10,10,10,10,repaired,2,bound,2,2,0,0.0,120.0,2,unsat,7,0.0001,5,4,0,4,0,0,0,0
rome,grafo758.10,10,10,10,old,2,bound,2,2,0,0.0,120.0,2,unsat,7,0.0,5,4,0,4,0,0,0,0
rome,grafo7596.61,61,85,61,old,7,refutation,5,8,45849,0.044,120.0,7,unsat,45752,0.0385,21026,16781,0,16781,0,0,0,0
rome,grafo7596.61,61,85,61,repaired,7,refutation,5,8,45849,0.045,120.0,7,unsat,45752,0.0396,21026,16781,0,16781,0,0,0,0
rome,grafo7603.45,45,73,45,repaired,7,refutation,5,8,9952,0.013,120.0,7,unsat,7581,0.0081,3166,2163,0,2163,0,0,0,0
rome,grafo7603.45,45,73,45,old,7,refutation,5,8,9952,0.012,120.0,7,unsat,7581,0.0075,3166,2163,0,2163,0,0,0,0
rome,grafo7613.54,54,78,54,old,6,refutation,5,6,9864,0.011,120.0,6,unsat,9864,0.0101,4526,3585,0,3585,0,0,0,0
rome,grafo7613.54,54,78,54,repaired,6,refutation,5,6,9864,0.012,120.0,6,unsat,9864,0.0101,4526,3585,0,3585,0,0,0,0
rome,grafo7614.42,42,57,42,repaired,6,refutation,4,6,7300,0.008,120.0,6,unsat,7300,0.0071,3736,3089,0,3089,0,0,0,0
rome,grafo7614.42,42,57,42,old,6,refutation,4,6,7300,0.008,120.0,6,unsat,7300,0.0069,3736,3089,0,3089,0,0,0,0
rome,grafo7651.42,42,54,42,old,5,refutation,4,6,2522,0.003,120.0,5,unsat,2488,0.0026,1382,1228,0,1228,0,0,0,0
rome,grafo7651.42,42,54,42,repaired,5,refutation,4,6,2522,0.003,120.0,5,unsat,2488,0.0024,1382,1228,0,1228,0,0,0,0
rome,grafo7657.41,41,55,41,repaired,6,refutation,4,6,5366,0.006,120.0,6,unsat,5366,0.0051,2837,2380,0,2380,0,0,0,0
rome,grafo7657.41,41,55,41,old,6,refutation,4,6,5366,0.006,120.0,6,unsat,5366,0.0051,2837,2380,0,2380,0,0,0,0
rome,grafo7678.52,52,58,52,old,4,refutation,3,5,2972,0.004,120.0,4,unsat,2799,0.0026,1654,1537,0,1537,0,0,0,0
rome,grafo7678.52,52,58,52,repaired,4,refutation,3,5,2972,0.004,120.0,4,unsat,2799,0.0029,1654,1537,0,1537,0,0,0,0
rome,grafo772.11,11,13,11,repaired,2,bound,2,3,14,0.0,120.0,2,unsat,2,0.0001,1,0,0,0,0,0,0,0
rome,grafo772.11,11,13,11,old,2,bound,2,3,14,0.0,120.0,2,unsat,2,0.0,1,0,0,0,0,0,0,0
rome,grafo7727.42,42,55,42,old,4,bound,4,5,662,0.001,120.0,4,unsat,371,0.0005,173,134,0,134,0,0,0,0
rome,grafo7727.42,42,55,42,repaired,4,bound,4,5,662,0.001,120.0,4,unsat,371,0.0005,173,134,0,134,0,0,0,0
rome,grafo7753.40,40,59,40,repaired,7,refutation,5,7,36103,0.033,120.0,7,unsat,36103,0.0295,15921,11656,1,11655,1,0,0,0
rome,grafo7753.40,40,59,40,old,7,refutation,5,7,36096,0.031,120.0,7,unsat,36096,0.0288,15920,11656,0,11656,0,0,0,0
rome,grafo7806.63,63,83,63,old,5,bound,5,7,7855,0.01,120.0,5,unsat,11495,0.0109,5792,5136,0,5136,0,0,0,0
rome,grafo7806.63,63,83,63,repaired,5,bound,5,7,7855,0.01,120.0,5,unsat,11495,0.011,5792,5136,0,5136,0,0,0,0
rome,grafo7808.69,69,88,69,repaired,6,refutation,4,6,46776,0.046,120.0,6,unsat,46776,0.0395,23809,20817,0,20817,0,0,0,0
rome,grafo7808.69,69,88,69,old,6,refutation,4,6,46776,0.044,120.0,6,unsat,46776,0.0385,23809,20817,0,20817,0,0,0,0
rome,grafo7838.67,67,92,67,old,8,refutation,5,9,304315,0.188,120.0,8,unsat,304267,0.1604,125106,96993,0,96993,0,0,0,0
rome,grafo7838.67,67,92,67,repaired,8,refutation,5,9,304689,0.195,120.0,8,unsat,304641,0.1637,125237,97112,24,97088,13,0,0,0
rome,grafo784.18,18,23,18,repaired,3,bound,3,3,0,0.0,120.0,3,unsat,33,0.0002,15,9,0,9,0,0,0,0
rome,grafo784.18,18,23,18,old,3,bound,3,3,0,0.0,120.0,3,unsat,33,0.0001,15,9,0,9,0,0,0,0
rome,grafo7843.81,81,107,81,old,8,refutation,5,8,709664,0.438,120.0,8,unsat,709664,0.3492,336349,281154,0,281154,0,0,0,0
rome,grafo7843.81,81,107,81,repaired,8,refutation,5,8,710926,0.456,120.0,8,unsat,710926,0.3673,336809,281699,192,281507,25,0,0,0
rome,grafo7909.74,74,100,74,repaired,6,refutation,5,6,24686,0.029,120.0,6,unsat,24686,0.0229,11102,9247,0,9247,0,0,0,0
rome,grafo7909.74,74,100,74,old,6,refutation,5,6,24686,0.027,120.0,6,unsat,24686,0.0225,11102,9247,0,9247,0,0,0,0
rome,grafo7914.84,84,116,84,old,7,refutation,5,8,315979,0.203,120.0,7,unsat,313297,0.1645,135970,115097,0,115097,0,0,0,0
rome,grafo7914.84,84,116,84,repaired,7,refutation,5,8,316273,0.209,120.0,7,unsat,313591,0.1706,136075,115195,14,115181,6,0,0,0
rome,grafo793.13,13,15,13,repaired,3,bound,3,3,0,0.0,120.0,3,unsat,15,0.0001,8,6,0,6,0,0,0,0
rome,grafo793.13,13,15,13,old,3,bound,3,3,0,0.0,120.0,3,unsat,15,0.0001,8,6,0,6,0,0,0,0
rome,grafo11017.97,97,125,97,old,9,budget,5,10,389386316,120.008,120.0,,,,,,,,,,,,
rome,grafo11017.97,97,125,97,repaired,9,budget,5,10,353882188,120.008,120.0,,,,,,,,,,,,
rome,grafo7944.85,85,119,85,old,9,refutation,6,10,7951670,4.684,120.0,9,unsat,5545702,2.5745,2201629,1702504,0,1702504,0,0,0,0
rome,grafo7944.85,85,119,85,repaired,9,refutation,6,10,7953795,4.744,120.0,9,unsat,5548051,2.6692,2202551,1703320,121,1703199,23,0,0,0
rome,grafo7945.81,81,120,81,repaired,10,refutation,6,11,5444378,3.332,120.0,10,unsat,5438623,2.6385,2300625,1797384,3743,1793641,1660,0,0,0
rome,grafo7945.81,81,120,81,old,10,refutation,6,11,5381918,3.151,120.0,10,unsat,5376163,2.5098,2273362,1771917,0,1771917,0,0,0,0
rome,grafo7972.63,63,90,63,repaired,8,refutation,5,8,293371,0.159,120.0,8,unsat,293371,0.143,135742,112139,10,112129,4,0,0,0
rome,grafo7972.63,63,90,63,old,8,refutation,5,8,293199,0.152,120.0,8,unsat,293199,0.1379,135653,112055,0,112055,0,0,0,0
rome,grafo8023.99,99,125,99,old,8,refutation,6,9,7419338,3.964,120.0,8,unsat,6990562,3.0594,3685931,3390240,0,3390240,0,0,0,0
rome,grafo8023.99,99,125,99,repaired,8,refutation,6,9,7492804,4.215,120.0,8,unsat,7064028,3.2617,3726722,3429141,495,3428646,163,0,0,0
rome,grafo806.15,15,16,15,repaired,3,refutation,2,3,44,0.0,120.0,3,unsat,44,0.0002,24,18,0,18,0,0,0,0
rome,grafo806.15,15,16,15,old,3,refutation,2,3,44,0.0,120.0,3,unsat,44,0.0001,24,18,0,18,0,0,0,0
rome,grafo8066.79,79,104,79,old,8,refutation,5,8,1375238,0.725,120.0,8,unsat,1375238,0.5951,667958,581849,0,581849,0,0,0,0
rome,grafo8066.79,79,104,79,repaired,8,refutation,5,8,1375384,0.757,120.0,8,unsat,1375384,0.6214,668018,581937,57,581880,12,0,0,0
rome,grafo8116.60,60,81,60,repaired,5,bound,5,7,221,0.002,120.0,5,unsat,10503,0.0099,4861,3989,0,3989,0,0,0,0
rome,grafo8116.60,60,81,60,old,5,bound,5,7,221,0.002,120.0,5,unsat,10503,0.0094,4861,3989,0,3989,0,0,0,0
rome,grafo8126.71,71,99,71,old,7,refutation,5,8,90782,0.081,120.0,7,unsat,79996,0.0567,32810,25060,0,25060,0,0,0,0
rome,grafo8126.71,71,99,71,repaired,7,refutation,5,8,90935,0.084,120.0,7,unsat,80149,0.0577,32855,25100,8,25092,3,0,0,0
rome,grafo8133.82,82,110,82,repaired,7,refutation,5,8,216868,0.149,120.0,7,unsat,216699,0.1224,104926,89985,0,89985,0,0,0,0
rome,grafo8133.82,82,110,82,old,7,refutation,5,8,216868,0.145,120.0,7,unsat,216699,0.1188,104926,89985,0,89985,0,0,0,0
rome,grafo815.15,15,15,15,old,2,bound,2,3,12,0.0,120.0,2,unsat,9,0.0001,6,5,0,5,0,0,0,0
rome,grafo815.15,15,15,15,repaired,2,bound,2,3,12,0.0,120.0,2,unsat,9,0.0001,6,5,0,5,0,0,0,0
rome,grafo8152.79,79,103,79,repaired,7,refutation,5,7,378880,0.233,120.0,7,unsat,378880,0.1876,181882,157281,4,157277,0,0,0,0
rome,grafo8152.79,79,103,79,old,7,refutation,5,7,378880,0.224,120.0,7,unsat,378880,0.1829,181882,157277,0,157277,0,0,0,0
rome,grafo8167.81,81,106,81,old,6,refutation,5,7,92840,0.076,120.0,6,unsat,92419,0.0626,43639,37866,0,37866,0,0,0,0
rome,grafo8167.81,81,106,81,repaired,6,refutation,5,7,92840,0.077,120.0,6,unsat,92419,0.0648,43639,37866,0,37866,0,0,0,0
rome,grafo8169.61,61,82,61,repaired,6,refutation,5,7,55718,0.044,120.0,6,unsat,54582,0.0387,26160,22669,0,22669,0,0,0,0
rome,grafo8169.61,61,82,61,old,6,refutation,5,7,55718,0.043,120.0,6,unsat,54582,0.0373,26160,22669,0,22669,0,0,0,0
rome,grafo8179.91,91,112,91,old,8,refutation,5,8,4110377,2.309,120.0,8,unsat,4110377,1.8124,2256939,2061392,0,2061392,0,0,0,0
rome,grafo8179.91,91,112,91,repaired,8,refutation,5,8,4109763,2.451,120.0,8,unsat,4109763,1.9299,2256446,2061141,237,2060904,7,0,0,0
rome,grafo8197.75,75,101,75,repaired,7,refutation,6,7,298765,0.2,120.0,7,unsat,298765,0.1497,161091,142809,1,142808,0,0,0,0
rome,grafo8197.75,75,101,75,old,7,refutation,6,7,298766,0.176,120.0,7,unsat,298766,0.1416,161092,142809,0,142809,0,0,0,0
rome,grafo8202.78,78,112,78,old,9,refutation,6,10,3305229,1.868,120.0,9,unsat,3025255,1.3505,1309723,1050256,0,1050256,0,0,0,0
rome,grafo8202.78,78,112,78,repaired,9,refutation,6,10,3310714,1.947,120.0,9,unsat,3030740,1.415,1311805,1052368,469,1051899,135,0,0,0
rome,grafo8205.74,74,105,74,repaired,7,refutation,5,8,197247,0.134,120.0,7,unsat,196364,0.11,82350,64409,0,64409,0,0,0,0
rome,grafo8205.74,74,105,74,old,7,refutation,5,8,197247,0.129,120.0,7,unsat,196364,0.1074,82350,64409,0,64409,0,0,0,0
rome,grafo821.16,16,22,16,old,3,bound,3,3,0,0.0,120.0,3,unsat,28,0.0001,16,11,0,11,0,0,0,0
rome,grafo821.16,16,22,16,repaired,3,bound,3,3,0,0.0,120.0,3,unsat,28,0.0001,16,11,0,11,0,0,0,0
rome,grafo8243.71,71,98,71,repaired,7,refutation,5,8,200103,0.131,120.0,7,unsat,200036,0.1109,89648,74381,4,74377,0,0,0,0
rome,grafo8243.71,71,98,71,old,7,refutation,5,8,200103,0.129,120.0,7,unsat,200036,0.1069,89648,74377,0,74377,0,0,0,0
rome,grafo826.22,22,22,22,old,2,bound,2,2,0,0.0,120.0,2,unsat,9,0.0001,5,4,0,4,0,0,0,0
rome,grafo826.22,22,22,22,repaired,2,bound,2,2,0,0.0,120.0,2,unsat,9,0.0001,5,4,0,4,0,0,0,0
rome,grafo11205.94,94,131,94,old,10,budget,6,10,362758144,120.008,120.0,,,,,,,,,,,,
rome,grafo11205.94,94,131,94,repaired,10,budget,6,10,338169856,120.007,120.0,,,,,,,,,,,,
rome,grafo8318.84,84,110,84,old,8,refutation,5,9,1546440,0.874,120.0,8,unsat,1412822,0.6501,602687,492747,0,492747,0,0,0,0
rome,grafo8318.84,84,110,84,repaired,8,refutation,5,9,1546554,0.93,120.0,8,unsat,1412936,0.6759,602731,492797,22,492775,5,0,0,0
rome,grafo8331.95,95,120,95,repaired,8,refutation,5,9,2289433,1.481,120.0,8,unsat,2043407,1.0302,1075018,962125,36,962089,15,0,0,0
rome,grafo8331.95,95,120,95,old,8,refutation,5,9,2287368,1.4,120.0,8,unsat,2041342,0.9708,1074015,961206,0,961206,0,0,0,0
rome,grafo840.17,17,19,17,old,3,bound,3,3,0,0.0,120.0,3,unsat,31,0.0002,15,11,0,11,0,0,0,0
rome,grafo840.17,17,19,17,repaired,3,bound,3,3,0,0.0,120.0,3,unsat,31,0.0001,15,11,0,11,0,0,0,0
rome,grafo8401.69,69,100,69,repaired,8,refutation,6,9,1121599,0.562,120.0,8,unsat,1121508,0.4777,544587,471079,27,471052,4,0,0,0
rome,grafo8401.69,69,100,69,old,8,refutation,6,9,1121539,0.536,120.0,8,unsat,1121448,0.4501,544573,471044,0,471044,0,0,0,0
rome,grafo8427.65,65,91,65,old,7,refutation,6,8,204316,0.116,120.0,7,unsat,201799,0.1046,102291,87764,0,87764,0,0,0,0
rome,grafo8427.65,65,91,65,repaired,7,refutation,6,8,204465,0.121,120.0,7,unsat,201948,0.1087,102369,87835,1,87834,1,0,0,0
rome,grafo8440.84,84,118,84,repaired,8,refutation,7,8,1055379,0.634,120.0,8,unsat,1055379,0.5085,391353,294534,14,294520,9,0,0,0
rome,grafo8440.84,84,118,84,old,8,refutation,7,8,1054905,0.61,120.0,8,unsat,1054905,0.4893,391175,294378,0,294378,0,0,0,0
rome,grafo11502.100,100,126,100,repaired,8,budget,5,9,344084542,120.008,120.0,,,,,,,,,,,,
rome,grafo11502.100,100,126,100,old,8,budget,5,9,370905150,120.008,120.0,,,,,,,,,,,,
rome,grafo8487.87,87,112,87,repaired,7,refutation,5,8,2044998,1.198,120.0,7,unsat,987873,0.4645,447565,385258,22,385236,19,0,0,0
rome,grafo8487.87,87,112,87,old,7,refutation,5,8,2043877,1.16,120.0,7,unsat,987337,0.4436,447405,385098,0,385098,0,0,0,0
rome,grafo8501.94,94,110,94,old,6,refutation,4,7,300774,0.186,120.0,6,unsat,300674,0.1567,158496,145316,0,145316,0,0,0,0
rome,grafo8501.94,94,110,94,repaired,6,refutation,4,7,300850,0.196,120.0,6,unsat,300750,0.1653,158532,145349,2,145347,1,0,0,0
rome,grafo6418.89,89,130,89,repaired,10,refutation,6,11,132141596,57.077,120.0,10,unknown,50000001,18.2169,24696183,22011974,2056,22009918,1019,0,0,0
rome,grafo6418.89,89,130,89,old,10,refutation,6,11,130631356,52.875,120.0,10,unknown,50000001,17.1568,24721699,22038260,0,22038260,0,0,0,0
rome,grafo8533.60,60,73,60,old,5,refutation,4,6,9820,0.012,120.0,5,unsat,7908,0.0073,4352,3881,0,3881,0,0,0,0
rome,grafo8533.60,60,73,60,repaired,5,refutation,4,6,9753,0.011,120.0,5,unsat,7841,0.0074,4317,3852,5,3847,1,0,0,0
rome,grafo8555.87,87,114,87,repaired,8,refutation,6,9,1310387,0.834,120.0,8,unsat,841370,0.4286,386659,328136,5,328131,3,0,0,0
rome,grafo8555.87,87,114,87,old,8,refutation,6,9,1310276,0.796,120.0,8,unsat,841259,0.4154,386632,328112,0,328112,0,0,0,0
rome,grafo8573.92,92,113,92,old,7,refutation,4,8,823922,0.474,120.0,7,unsat,823827,0.3878,438480,401160,0,401160,0,0,0,0
rome,grafo8573.92,92,113,92,repaired,7,refutation,4,8,824679,0.508,120.0,7,unsat,824584,0.4102,438897,401565,11,401554,2,0,0,0
rome,grafo858.23,23,28,23,repaired,3,bound,3,3,0,0.0,120.0,3,unsat,36,0.0002,17,12,0,12,0,0,0,0
rome,grafo858.23,23,28,23,old,3,bound,3,3,0,0.0,120.0,3,unsat,36,0.0001,17,12,0,12,0,0,0,0
rome,grafo8606.60,60,83,60,old,6,refutation,5,7,30031,0.029,120.0,6,unsat,29946,0.0259,16290,14315,0,14315,0,0,0,0
rome,grafo8606.60,60,83,60,repaired,6,refutation,5,7,30031,0.029,120.0,6,unsat,29946,0.0258,16290,14315,0,14315,0,0,0,0
rome,grafo8656.73,73,96,73,repaired,6,refutation,5,8,85252,0.075,120.0,6,unsat,78372,0.0573,40860,36392,0,36392,0,0,0,0
rome,grafo8656.73,73,96,73,old,6,refutation,5,8,85252,0.072,120.0,6,unsat,78372,0.0563,40860,36392,0,36392,0,0,0,0
rome,grafo8707.92,92,116,92,old,7,refutation,5,7,800329,0.433,120.0,7,unsat,800329,0.3623,421238,385130,0,385130,0,0,0,0
rome,grafo8707.92,92,116,92,repaired,7,refutation,5,7,801474,0.465,120.0,7,unsat,801474,0.3778,421644,385576,92,385484,29,0,0,0
rome,grafo3532.99,99,154,99,repaired,11,budget,7,12,248586985,120.008,120.0,,,,,,,,,,,,
rome,grafo3532.99,99,154,99,old,11,budget,7,12,260315627,120.007,120.0,,,,,,,,,,,,
rome,grafo11287.93,93,131,93,old,10,refutation,6,11,229571239,94.787,120.0,10,unknown,50000001,18.6995,25442589,23166899,0,23166899,0,0,0,0
rome,grafo11287.93,93,131,93,repaired,10,refutation,6,11,230029224,100.373,120.0,10,unknown,50000001,19.8715,25441813,23167550,1828,23165722,318,0,0,0
rome,grafo8847.60,60,83,60,repaired,7,refutation,5,8,186817,0.11,120.0,7,unsat,186528,0.1023,98766,86489,32,86457,2,0,0,0
rome,grafo8847.60,60,83,60,old,7,refutation,5,8,186792,0.108,120.0,7,unsat,186503,0.1014,98757,86451,0,86451,0,0,0,0
rome,grafo8848.90,90,116,90,old,8,refutation,5,9,6269625,3.608,120.0,8,unsat,6084647,2.7281,2900488,2564107,0,2564107,0,0,0,0
rome,grafo8848.90,90,116,90,repaired,8,refutation,5,9,6270305,3.73,120.0,8,unsat,6085327,2.8986,2900064,2563742,158,2563584,61,0,0,0
rome,grafo8875.98,98,131,98,repaired,8,refutation,6,9,2819964,1.77,120.0,8,unsat,2803891,1.4257,1214463,1014910,18,1014892,9,0,0,0
rome,grafo8875.98,98,131,98,old,8,refutation,6,9,2819757,1.73,120.0,8,unsat,2803684,1.3603,1214405,1014852,0,1014852,0,0,0,0
rome,grafo7130.90,90,125,90,repaired,10,refutation,7,10,201893369,77.468,120.0,10,unknown,50000001,16.7526,25291983,22917445,4148,22913297,1203,0,0,0
rome,grafo7130.90,90,125,90,old,10,refutation,7,10,195272045,69.296,120.0,10,unknown,50000001,15.5632,25385847,23030942,0,23030942,0,0,0,0
rome,grafo8903.97,97,118,97,repaired,7,refutation,5,8,1912315,1.143,120.0,7,unsat,1590708,0.7692,733827,638793,18,638775,2,0,0,0
rome,grafo8903.97,97,118,97,old,7,refutation,5,8,1911275,1.098,120.0,7,unsat,1590195,0.7383,733574,638541,0,638541,0,0,0,0
rome,grafo8917.66,66,100,66,old,9,refutation,6,10,2152873,1.104,120.0,9,unsat,2145692,0.9445,814166,581851,0,581851,0,0,0,0
rome,grafo8917.66,66,100,66,repaired,9,refutation,6,10,2154532,1.097,120.0,9,unsat,2147351,0.9684,814606,582271,208,582063,128,0,0,0
rome,grafo7948.90,90,125,90,old,9,budget,6,10,352681285,120.007,120.0,,,,,,,,,,,,
rome,grafo7948.90,90,125,90,repaired,9,budget,6,10,332131653,120.009,120.0,,,,,,,,,,,,
rome,grafo8813.88,88,125,88,old,9,refutation,6,9,40572401,17.507,120.0,9,unsat,40572401,14.2821,19139421,17201846,0,17201846,0,0,0,0
rome,grafo8813.88,88,125,88,repaired,9,refutation,6,9,40977440,18.521,120.0,9,unsat,40977440,15.1842,19331893,17375841,808,17375033,62,0,0,0
rome,grafo8718.97,97,122,97,repaired,8,refutation,5,9,65780194,25.299,120.0,8,unknown,50000001,16.6125,27580882,26086932,72,26086860,18,0,0,0
rome,grafo8718.97,97,122,97,old,8,refutation,5,9,65751396,23.36,120.0,8,unknown,50000001,15.2345,27580542,26086538,0,26086538,0,0,0,0
rome,grafo896.16,16,24,16,old,4,bound,4,4,0,0.0,120.0,4,unsat,31,0.0002,11,5,0,5,0,0,0,0
rome,grafo896.16,16,24,16,repaired,4,bound,4,4,0,0.0,120.0,4,unsat,31,0.0001,11,5,0,5,0,0,0,0
rome,grafo8979.80,80,97,80,repaired,6,refutation,5,7,104721,0.087,120.0,6,unsat,99130,0.0677,55525,50399,1,50398,0,0,0,0
rome,grafo8979.80,80,97,80,old,6,refutation,5,7,104722,0.081,120.0,6,unsat,99131,0.0654,55526,50399,0,50399,0,0,0,0
rome,grafo8988.69,69,82,69,old,5,refutation,4,6,27296,0.028,120.0,5,unsat,26999,0.0238,16196,15193,0,15193,0,0,0,0
rome,grafo8988.69,69,82,69,repaired,5,refutation,4,6,27296,0.028,120.0,5,unsat,26999,0.024,16196,15193,0,15193,0,0,0,0
rome,grafo8922.92,92,130,92,repaired,9,refutation,6,10,21023125,10.041,120.0,9,unsat,21023034,8.4979,10555327,9487595,1993,9485602,820,0,0,0
rome,grafo8922.92,92,130,92,old,9,refutation,6,10,20055846,9.076,120.0,9,unsat,20055755,7.4792,10074812,9057414,0,9057414,0,0,0,0
rome,grafo9033.80,80,106,80,old,7,refutation,6,8,471728,0.27,120.0,7,unsat,471665,0.2207,211457,178737,0,178737,0,0,0,0
rome,grafo9033.80,80,106,80,repaired,7,refutation,6,8,471712,0.279,120.0,7,unsat,471649,0.2302,211435,178722,5,178717,4,0,0,0
rome,grafo9048.63,63,74,63,repaired,4,refutation,3,6,2900,0.005,120.0,4,unsat,2794,0.0029,1613,1473,0,1473,0,0,0,0
rome,grafo9048.63,63,74,63,old,4,refutation,3,6,2900,0.004,120.0,4,unsat,2794,0.0028,1613,1473,0,1473,0,0,0,0
rome,grafo905.15,15,18,15,old,3,bound,3,3,0,0.0,120.0,3,unsat,36,0.0001,22,18,0,18,0,0,0,0
rome,grafo905.15,15,18,15,repaired,3,bound,3,3,0,0.0,120.0,3,unsat,36,0.0001,22,18,0,18,0,0,0,0
rome,grafo8999.86,86,112,86,repaired,8,refutation,5,8,1018315,0.621,120.0,8,unsat,1018315,0.4999,468878,398251,143,398108,52,0,0,0
rome,grafo8999.86,86,112,86,old,8,refutation,5,8,1016855,0.598,120.0,8,unsat,1016855,0.4928,468306,397632,0,397632,0,0,0,0
rome,grafo9065.70,70,92,70,old,7,refutation,5,7,155272,0.111,120.0,7,unsat,155272,0.0935,78875,67826,0,67826,0,0,0,0
rome,grafo9065.70,70,92,70,repaired,7,refutation,5,7,156825,0.112,120.0,7,unsat,156825,0.0978,79685,68594,49,68545,18,0,0,0
rome,grafo9062.70,70,92,70,repaired,7,refutation,5,8,295367,0.181,120.0,7,unsat,279825,0.1427,144341,127383,0,127383,0,0,0,0
rome,grafo9062.70,70,92,70,old,7,refutation,5,8,295367,0.176,120.0,7,unsat,279825,0.1379,144341,127383,0,127383,0,0,0,0
rome,grafo9076.77,77,103,77,repaired,7,refutation,5,8,157169,0.122,120.0,7,unsat,156047,0.0979,68368,55801,46,55755,9,0,0,0
rome,grafo9076.77,77,103,77,old,7,refutation,5,8,157788,0.116,120.0,7,unsat,156666,0.0925,69006,56623,0,56623,0,0,0,0
rome,grafo8948.88,88,129,88,repaired,9,refutation,7,10,10051919,5.215,120.0,9,unsat,9965074,4.2133,4759911,4112412,122,4112290,44,0,0,0
rome,grafo8948.88,88,129,88,old,9,refutation,7,10,10055695,4.943,120.0,9,unsat,9969086,3.986,4761953,4114248,0,4114248,0,0,0,0
rome,grafo9170.65,65,94,65,repaired,8,refutation,6,9,152679,0.104,120.0,8,unsat,152567,0.0887,71342,58242,8,58234,2,0,0,0
rome,grafo9170.65,65,94,65,old,8,refutation,6,9,152615,0.098,120.0,8,unsat,152503,0.0873,71324,58221,0,58221,0,0,0,0
rome,grafo9086.67,67,96,67,old,8,refutation,5,8,416172,0.24,120.0,8,unsat,416172,0.1942,178648,138013,0,138013,0,0,0,0
rome,grafo9086.67,67,96,67,repaired,8,refutation,5,8,416049,0.239,120.0,8,unsat,416049,0.2026,178570,137940,22,137918,5,0,0,0
rome,grafo9220.67,67,101,67,old,8,refutation,6,9,181559,0.137,120.0,8,unsat,153296,0.0936,64122,47542,0,47542,0,0,0,0
rome,grafo9220.67,67,101,67,repaired,8,refutation,6,9,181586,0.138,120.0,8,unsat,153323,0.0952,64127,47550,6,47544,2,0,0,0
rome,grafo9240.77,77,92,77,repaired,5,refutation,4,6,20622,0.024,120.0,5,unsat,20073,0.0184,10220,9273,0,9273,0,0,0,0
rome,grafo9240.77,77,92,77,old,5,refutation,4,6,20622,0.022,120.0,5,unsat,20073,0.0178,10220,9273,0,9273,0,0,0,0
rome,grafo8512.94,94,132,94,repaired,9,refutation,6,9,80510969,34.539,120.0,9,unknown,50000001,18.3558,25197081,22688144,276,22687868,197,0,0,0
rome,grafo8512.94,94,132,94,old,9,refutation,6,9,80990413,32.818,120.0,9,unknown,50000001,17.1536,25199059,22689764,0,22689764,0,0,0,0
rome,grafo9207.64,64,99,64,repaired,9,refutation,7,10,664385,0.341,120.0,9,unsat,664272,0.3057,274835,197862,65,197797,17,0,0,0
rome,grafo9207.64,64,99,64,old,9,refutation,7,10,664304,0.314,120.0,9,unsat,664191,0.2952,274830,197806,0,197806,0,0,0,0
rome,grafo9181.67,67,95,67,old,9,refutation,6,9,973063,0.513,120.0,9,unsat,973063,0.4269,452431,361401,0,361401,0,0,0,0
rome,grafo9181.67,67,95,67,repaired,9,refutation,6,9,973516,0.533,120.0,9,unsat,973516,0.4518,452607,361581,50,361531,21,0,0,0
rome,grafo9385.63,63,83,63,repaired,6,refutation,5,6,22920,0.026,120.0,6,unsat,22920,0.0207,11266,9275,0,9275,0,0,0,0
rome,grafo9385.63,63,83,63,old,6,refutation,5,6,22920,0.024,120.0,6,unsat,22920,0.0207,11266,9275,0,9275,0,0,0,0
rome,grafo946.22,22,25,22,old,3,refutation,2,3,65,0.0,120.0,3,unsat,65,0.0002,40,35,0,35,0,0,0,0
rome,grafo946.22,22,25,22,repaired,3,refutation,2,3,65,0.0,120.0,3,unsat,65,0.0002,40,35,0,35,0,0,0,0
rome,grafo9384.64,64,88,64,old,7,refutation,6,8,360977,0.196,120.0,7,unsat,172131,0.0944,83526,71344,0,71344,0,0,0,0
rome,grafo9384.64,64,88,64,repaired,7,refutation,6,8,361027,0.219,120.0,7,unsat,172156,0.1018,83528,71349,5,71344,2,0,0,0
rome,grafo9506.70,70,91,70,old,7,refutation,5,8,236375,0.149,120.0,7,unsat,236287,0.123,111519,96075,0,96075,0,0,0,0
rome,grafo9506.70,70,91,70,repaired,7,refutation,5,8,237478,0.159,120.0,7,unsat,237390,0.1345,111843,96367,55,96312,33,0,0,0
rome,grafo9510.65,65,89,65,repaired,7,refutation,5,8,152647,0.102,120.0,7,unsat,146886,0.0868,63568,50793,1,50792,0,0,0,0
rome,grafo9510.65,65,89,65,old,7,refutation,5,8,152647,0.097,120.0,7,unsat,146886,0.084,63568,50792,0,50792,0,0,0,0
rome,grafo953.18,18,18,18,old,2,bound,2,2,0,0.0,120.0,2,unsat,15,0.0001,10,9,0,9,0,0,0,0
rome,grafo953.18,18,18,18,repaired,2,bound,2,2,0,0.0,120.0,2,unsat,15,0.0001,10,9,0,9,0,0,0,0
rome,grafo9502.75,75,111,75,repaired,8,refutation,6,9,603692,0.357,120.0,8,unsat,593911,0.2896,239557,175899,27,175872,11,0,0,0
rome,grafo9502.75,75,111,75,old,8,refutation,6,9,603712,0.344,120.0,8,unsat,593842,0.2783,239550,175873,0,175873,0,0,0,0
rome,grafo9543.65,65,92,65,repaired,7,refutation,6,8,98282,0.077,120.0,7,unsat,92614,0.0647,43617,36567,4,36563,3,0,0,0
rome,grafo9543.65,65,92,65,old,7,refutation,6,8,98273,0.075,120.0,7,unsat,92605,0.0652,43618,36567,0,36567,0,0,0,0
rome,grafo9579.63,63,92,63,old,8,refutation,6,9,193836,0.123,120.0,8,unsat,190298,0.1082,80902,61761,0,61761,0,0,0,0
rome,grafo9579.63,63,92,63,repaired,8,refutation,6,9,193300,0.124,120.0,8,unsat,189762,0.1075,80644,61548,21,61527,2,0,0,0
rome,grafo9597.96,96,120,96,repaired,7,refutation,5,8,874606,0.601,120.0,7,unsat,732799,0.4005,342967,303272,32,303240,3,0,0,0
rome,grafo9597.96,96,120,96,old,7,refutation,5,8,873910,0.579,120.0,7,unsat,732286,0.3801,342764,303073,0,303073,0,0,0,0
rome,grafo9319.82,82,108,82,repaired,8,refutation,5,8,1935959,1.126,120.0,8,unsat,1935959,0.8804,986028,860906,53,860853,28,0,0,0
rome,grafo9319.82,82,108,82,old,8,refutation,5,8,1934783,1.05,120.0,8,unsat,1934783,0.8439,985574,860526,0,860526,0,0,0,0
rome,grafo7529.93,93,131,93,old,9,refutation,6,10,276832685,82.143,120.0,9,unknown,50000001,13.9796,26306168,24162362,0,24162362,0,0,0,0
rome,grafo7529.93,93,131,93,repaired,9,refutation,6,10,313447373,98.979,120.0,9,unknown,50000001,15.0195,26268277,24097347,6297,24091050,3081,0,0,0
rome,grafo9616.63,63,94,63,old,9,refutation,6,9,534672,0.276,120.0,9,unsat,534672,0.2485,224933,167463,0,167463,0,0,0,0
rome,grafo9616.63,63,94,63,repaired,9,refutation,6,9,534678,0.282,120.0,9,unsat,534678,0.2582,224934,167496,34,167462,2,0,0,0
rome,grafo9652.63,63,75,63,old,5,refutation,3,6,12376,0.015,120.0,5,unsat,12254,0.0118,6329,5697,0,5697,0,0,0,0
rome,grafo9652.63,63,75,63,repaired,5,refutation,3,6,12376,0.014,120.0,5,unsat,12254,0.0114,6329,5697,0,5697,0,0,0,0
rome,grafo966.13,13,13,13,repaired,2,bound,2,2,0,0.0,120.0,2,unsat,6,0.0001,4,3,0,3,0,0,0,0
rome,grafo966.13,13,13,13,old,2,bound,2,2,0,0.0,120.0,2,unsat,6,0.0001,4,3,0,3,0,0,0,0
rome,grafo9289.89,89,126,89,old,8,refutation,6,9,2679248,1.52,120.0,8,unsat,2679181,1.2481,1106213,900505,0,900505,0,0,0,0
rome,grafo9289.89,89,126,89,repaired,8,refutation,6,9,2680288,1.585,120.0,8,unsat,2680221,1.3034,1106268,900531,77,900454,36,0,0,0
rome,grafo9696.62,62,81,62,repaired,7,refutation,4,8,62337,0.054,120.0,7,unsat,62284,0.0467,33185,28702,8,28694,7,0,0,0
rome,grafo9696.62,62,81,62,old,7,refutation,4,8,62016,0.051,120.0,7,unsat,61963,0.0446,33023,28554,0,28554,0,0,0,0
rome,grafo9615.81,81,106,81,repaired,8,refutation,6,9,1498208,0.931,120.0,8,unsat,1472392,0.7181,672513,565079,39,565040,22,0,0,0
rome,grafo9615.81,81,106,81,old,8,refutation,6,9,1496793,0.889,120.0,8,unsat,1470977,0.6964,671889,564519,0,564519,0,0,0,0
rome,grafo972.18,18,19,18,repaired,2,bound,2,3,14,0.0,120.0,2,unsat,6,0.0001,4,3,0,3,0,0,0,0
rome,grafo972.18,18,19,18,old,2,bound,2,3,14,0.0,120.0,2,unsat,6,0.0001,4,3,0,3,0,0,0,0
rome,grafo9736.75,75,91,75,old,5,refutation,4,6,20329,0.024,120.0,5,unsat,18934,0.0184,11276,10543,0,10543,0,0,0,0
rome,grafo9736.75,75,91,75,repaired,5,refutation,4,6,20328,0.024,120.0,5,unsat,18934,0.0193,11276,10543,0,10543,0,0,0,0
rome,grafo9749.68,68,82,68,repaired,6,refutation,4,6,61348,0.062,120.0,6,unsat,61348,0.0503,31957,28504,0,28504,0,0,0,0
rome,grafo9749.68,68,82,68,old,6,refutation,4,6,61348,0.055,120.0,6,unsat,61348,0.0465,31957,28504,0,28504,0,0,0,0
rome,grafo9782.75,75,96,75,old,6,refutation,5,6,30288,0.039,120.0,6,unsat,30288,0.029,14189,11925,0,11925,0,0,0,0
rome,grafo9782.75,75,96,75,repaired,6,refutation,5,6,30288,0.035,120.0,6,unsat,30288,0.0294,14189,11925,0,11925,0,0,0,0
rome,grafo9816.69,69,96,69,repaired,7,refutation,5,8,243742,0.164,120.0,7,unsat,243368,0.137,114806,96493,22,96471,10,0,0,0
rome,grafo9816.69,69,96,69,old,7,refutation,5,8,242848,0.152,120.0,7,unsat,242474,0.1285,114578,96333,0,96333,0,0,0,0
rome,grafo9826.67,67,100,67,old,8,refutation,5,9,176010,0.131,120.0,8,unsat,165327,0.0996,70961,53534,0,53534,0,0,0,0
rome,grafo9826.67,67,100,67,repaired,8,refutation,5,9,176013,0.134,120.0,8,unsat,165330,0.1001,70963,53537,3,53534,2,0,0,0
rome,grafo983.19,19,20,19,repaired,3,refutation,2,3,72,0.0,120.0,3,unsat,72,0.0002,45,37,0,37,0,0,0,0
rome,grafo983.19,19,20,19,old,3,refutation,2,3,72,0.0,120.0,3,unsat,72,0.0002,45,37,0,37,0,0,0,0
rome,grafo9664.80,80,103,80,old,8,refutation,5,8,2020959,1.061,120.0,8,unsat,2020959,0.8913,961151,827885,0,827885,0,0,0,0
rome,grafo9664.80,80,103,80,repaired,8,refutation,5,8,2022783,1.119,120.0,8,unsat,2022783,0.934,962077,828813,126,828687,17,0,0,0
rome,grafo9874.37,37,46,37,repaired,4,refutation,3,4,778,0.001,120.0,4,unsat,778,0.0009,387,331,0,331,0,0,0,0
rome,grafo9874.37,37,46,37,old,4,refutation,3,4,778,0.001,120.0,4,unsat,778,0.0008,387,331,0,331,0,0,0,0
rome,grafo9897.39,39,55,39,old,5,refutation,4,6,1686,0.002,120.0,5,unsat,1113,0.0012,487,354,0,354,0,0,0,0
rome,grafo9897.39,39,55,39,repaired,5,refutation,4,6,1686,0.002,120.0,5,unsat,1113,0.0012,487,354,0,354,0,0,0,0
rome,grafo9971.33,33,36,33,repaired,3,bound,3,3,0,0.0,120.0,3,unsat,98,0.0002,61,56,0,56,0,0,0,0
rome,grafo9971.33,33,36,33,old,3,bound,3,3,0,0.0,120.0,3,unsat,98,0.0002,61,56,0,56,0,0,0,0
rome,grafo9972.41,41,57,41,old,6,refutation,5,6,18919,0.019,120.0,6,unsat,18919,0.0157,10050,8471,0,8471,0,0,0,0
rome,grafo9972.41,41,57,41,repaired,6,refutation,5,6,18919,0.018,120.0,6,unsat,18919,0.0159,10050,8471,0,8471,0,0,0,0
rome,grafo9978.41,41,53,41,repaired,5,refutation,4,5,3237,0.004,120.0,5,unsat,3237,0.0033,1367,1028,0,1028,0,0,0,0
rome,grafo9978.41,41,53,41,old,5,refutation,4,5,3237,0.004,120.0,5,unsat,3237,0.0031,1367,1028,0,1028,0,0,0,0
rome,grafo9980.32,32,37,32,old,4,refutation,3,4,549,0.001,120.0,4,unsat,549,0.0006,307,272,0,272,0,0,0,0
rome,grafo9980.32,32,37,32,repaired,4,refutation,3,4,549,0.001,120.0,4,unsat,549,0.0006,307,272,0,272,0,0,0,0
rome,grafo8316.82,82,126,82,repaired,10,refutation,7,11,169032119,65.927,120.0,10,unknown,50000001,17.1981,24469130,21530550,241,21530309,113,0,0,0
rome,grafo8316.82,82,126,82,old,10,refutation,7,11,169202361,62.549,120.0,10,unknown,50000001,16.0621,24467366,21528934,0,21528934,0,0,0,0
rome,grafo9614.86,86,112,86,old,9,refutation,6,9,4890501,2.669,120.0,9,unsat,4890501,2.1287,2643509,2366688,0,2366688,0,0,0,0
rome,grafo9614.86,86,112,86,repaired,9,refutation,6,9,4893684,2.809,120.0,9,unsat,4893684,2.3834,2644766,2368146,461,2367685,92,0,0,0
rome,grafo8477.89,89,123,89,old,9,budget,6,9,488673280,120.008,120.0,,,,,,,,,,,,
rome,grafo8477.89,89,123,89,repaired,9,budget,6,9,457752576,120.007,120.0,,,,,,,,,,,,
rome,grafo9706.88,88,122,88,old,9,refutation,6,10,30726544,11.831,120.0,9,unsat,30726359,9.5419,17608018,16518644,0,16518644,0,0,0,0
rome,grafo9706.88,88,122,88,repaired,9,refutation,6,10,31647828,12.946,120.0,9,unsat,31647643,10.5123,18171553,17052352,3442,17048910,2007,0,0,0
rome,grafo9832.92,92,130,92,old,9,refutation,6,10,42002517,17.543,120.0,9,unsat,41454702,14.1977,20061411,17996813,0,17996813,0,0,0,0
rome,grafo9832.92,92,130,92,repaired,9,refutation,6,10,42177849,18.568,120.0,9,unsat,41629345,14.9755,20137534,18064468,1109,18063359,556,0,0,0
rome,grafo8893.96,96,144,96,old,10,budget,7,10,353210368,120.007,120.0,,,,,,,,,,,,
rome,grafo8893.96,96,144,96,repaired,10,budget,7,10,336711680,120.008,120.0,,,,,,,,,,,,
rome,grafo8927.88,88,127,88,old,10,budget,7,10,497197056,120.007,120.0,,,,,,,,,,,,
rome,grafo8927.88,88,127,88,repaired,10,budget,7,10,474791936,120.008,120.0,,,,,,,,,,,,
rome,grafo9630.95,95,128,95,repaired,9,budget,6,10,316922973,120.008,120.0,,,,,,,,,,,,
rome,grafo9630.95,95,128,95,old,9,budget,6,10,347868197,120.007,120.0,,,,,,,,,,,,
