instance_name,k,key,kind,status,nodes,seconds,children,cap,witness,started,finished
Random-125-125-4-1_0,56,,expand,,0,0.0,93,,,,2026-10-02T14:12:36
Random-125-125-4-1_0,56,48,expand,,0,0.0,97,,,,2026-10-02T14:12:36
Random-125-125-2-4_0,23,,expand,,0,0.0,44,,,,2026-10-02T14:12:36
Random-125-125-2-4_0,23,1,expand,,0,0.0,47,,,,2026-10-02T14:12:36
Random-125-125-2-4_0,23,27,expand,,0,0.0,46,,,,2026-10-02T14:12:36
Random-125-125-4-5_0,45,,expand,,0,0.0,70,,,,2026-10-02T14:12:36
Random-125-125-4-5_0,45,6,expand,,0,0.0,74,,,,2026-10-02T14:12:36
Random-125-125-4-2_0,56,,expand,,0,0.0,97,,,,2026-10-02T14:12:36
Random-125-125-2-1_0,23,,expand,,0,0.0,57,,,,2026-10-02T14:12:36
Random-125-125-2-1_0,23,10,expand,,0,0.0,1,,,,2026-10-02T14:12:36
Random-125-125-2-1_0,23,37,expand,,0,0.0,56,,,,2026-10-02T14:12:36
Random-125-125-2-5_0,19,,expand,,0,0.0,46,,,,2026-10-02T14:12:36
Random-125-125-2-5_0,19,0,expand,,0,0.0,47,,,,2026-10-02T14:12:36
Random-125-125-2-5_0,19,17,expand,,0,0.0,53,,,,2026-10-02T14:12:36
Random-125-125-4-4_0,50,,expand,,0,0.0,81,,,,2026-10-02T14:12:36
Random-125-125-4-4_0,50,13,expand,,0,0.0,87,,,,2026-10-02T14:12:36
Random-125-125-4-1_0,56,48.76,task,unsat,8583811,7.394,,3000000000,,2026-10-02T14:12:36,2026-10-02T14:12:44
Random-125-125-4-1_0,56,48.77,task,unsat,7045089,8.397,,3000000000,,2026-10-02T14:12:36,2026-10-02T14:12:45
Random-125-125-4-1_0,56,48.86,task,unsat,6627074,8.459,,3000000000,,2026-10-02T14:12:36,2026-10-02T14:12:45
Random-125-125-4-1_0,56,48.50,task,unsat,9010943,10.281,,3000000000,,2026-10-02T14:12:36,2026-10-02T14:12:47
Random-125-125-4-1_0,56,48.110,task,unsat,2748491,3.194,,3000000000,,2026-10-02T14:12:45,2026-10-02T14:12:48
Random-125-125-4-1_0,56,48.12,task,unsat,2982991,3.448,,3000000000,,2026-10-02T14:12:45,2026-10-02T14:12:48
Random-125-125-4-1_0,56,48.96,task,unsat,5342909,4.535,,3000000000,,2026-10-02T14:12:44,2026-10-02T14:12:48
Random-125-125-4-1_0,56,48.4,task,unsat,968203,1.121,,3000000000,,2026-10-02T14:12:48,2026-10-02T14:12:49
Random-125-125-4-1_0,56,48.22,task,unsat,1100201,0.907,,3000000000,,2026-10-02T14:12:48,2026-10-02T14:12:49
Random-125-125-4-1_0,56,48.57,task,unsat,2960927,3.233,,3000000000,,2026-10-02T14:12:47,2026-10-02T14:12:50
Random-125-125-4-1_0,56,48.32,task,unsat,881248,0.973,,3000000000,,2026-10-02T14:12:49,2026-10-02T14:12:50
Random-125-125-4-1_0,56,48.56,task,unsat,375305,0.449,,3000000000,,2026-10-02T14:12:50,2026-10-02T14:12:50
Random-125-125-4-1_0,56,48.33,task,unsat,1326733,1.481,,3000000000,,2026-10-02T14:12:49,2026-10-02T14:12:51
Random-125-125-4-1_0,56,48.55,task,unsat,1198538,0.918,,3000000000,,2026-10-02T14:12:50,2026-10-02T14:12:51
Random-125-125-4-1_0,56,48.8,task,unsat,326294,0.274,,3000000000,,2026-10-02T14:12:51,2026-10-02T14:12:51
Random-125-125-4-1_0,56,48.118,task,unsat,513003,0.612,,3000000000,,2026-10-02T14:12:51,2026-10-02T14:12:51
Random-125-125-4-1_0,56,48.10,task,unsat,2613697,3.014,,3000000000,,2026-10-02T14:12:48,2026-10-02T14:12:51
Random-125-125-4-1_0,56,48.122,task,unsat,493763,0.411,,3000000000,,2026-10-02T14:12:51,2026-10-02T14:12:51
Random-125-125-4-1_0,56,48.107,task,unsat,868543,0.994,,3000000000,,2026-10-02T14:12:50,2026-10-02T14:12:51
Random-125-125-4-1_0,56,48.35,task,unsat,232811,0.295,,3000000000,,2026-10-02T14:12:51,2026-10-02T14:12:52
Random-125-125-4-1_0,56,48.52,task,unsat,158500,0.156,,3000000000,,2026-10-02T14:12:51,2026-10-02T14:12:52
Random-125-125-4-1_0,56,48.3,task,unsat,310598,0.386,,3000000000,,2026-10-02T14:12:51,2026-10-02T14:12:52
Random-125-125-4-1_0,56,48.103,task,unsat,91483,0.139,,3000000000,,2026-10-02T14:12:52,2026-10-02T14:12:52
Random-125-125-4-1_0,56,48.53,task,unsat,259325,0.336,,3000000000,,2026-10-02T14:12:51,2026-10-02T14:12:52
Random-125-125-4-1_0,56,48.90,task,unsat,227301,0.233,,3000000000,,2026-10-02T14:12:52,2026-10-02T14:12:52
Random-125-125-4-1_0,56,48.69,task,unsat,239704,0.304,,3000000000,,2026-10-02T14:12:52,2026-10-02T14:12:52
Random-125-125-4-1_0,56,48.104,task,unsat,61339,0.108,,3000000000,,2026-10-02T14:12:52,2026-10-02T14:12:52
Random-125-125-4-1_0,56,48.34,task,unsat,82913,0.128,,3000000000,,2026-10-02T14:12:52,2026-10-02T14:12:52
Random-125-125-4-1_0,56,48.113,task,unsat,173539,0.169,,3000000000,,2026-10-02T14:12:52,2026-10-02T14:12:52
Random-125-125-4-1_0,56,48.120,task,unsat,109718,0.165,,3000000000,,2026-10-02T14:12:52,2026-10-02T14:12:52
Random-125-125-4-1_0,56,48.19,task,unsat,71795,0.115,,3000000000,,2026-10-02T14:12:52,2026-10-02T14:12:52
Random-125-125-4-1_0,56,48.2,task,unsat,104003,0.153,,3000000000,,2026-10-02T14:12:52,2026-10-02T14:12:52
Random-125-125-4-1_0,56,48.37,task,unsat,40185,0.074,,3000000000,,2026-10-02T14:12:52,2026-10-02T14:12:52
Random-125-125-4-1_0,56,48.28,task,unsat,117875,0.119,,3000000000,,2026-10-02T14:12:52,2026-10-02T14:12:52
Random-125-125-4-1_0,56,48.47,task,unsat,43625,0.08,,3000000000,,2026-10-02T14:12:52,2026-10-02T14:12:52
Random-125-125-4-1_0,56,48.36,task,unsat,74268,0.117,,3000000000,,2026-10-02T14:12:52,2026-10-02T14:12:52
Random-125-125-4-1_0,56,48.93,task,unsat,28495,0.055,,3000000000,,2026-10-02T14:12:52,2026-10-02T14:12:52
Random-125-125-4-1_0,56,48.13,task,unsat,26404,0.037,,3000000000,,2026-10-02T14:12:52,2026-10-02T14:12:52
Random-125-125-4-1_0,56,48.23,task,unsat,12433,0.019,,3000000000,,2026-10-02T14:12:52,2026-10-02T14:12:52
Random-125-125-4-1_0,56,48.7,task,unsat,22876,0.046,,3000000000,,2026-10-02T14:12:52,2026-10-02T14:12:52
Random-125-125-4-1_0,56,48.46,task,unsat,40693,0.074,,3000000000,,2026-10-02T14:12:52,2026-10-02T14:12:52
Random-125-125-4-1_0,56,48.114,task,unsat,43948,0.079,,3000000000,,2026-10-02T14:12:52,2026-10-02T14:12:52
Random-125-125-4-1_0,56,48.26,task,unsat,31736,0.044,,3000000000,,2026-10-02T14:12:52,2026-10-02T14:12:52
Random-125-125-4-1_0,56,48.40,task,unsat,14037,0.029,,3000000000,,2026-10-02T14:12:52,2026-10-02T14:12:52
Random-125-125-4-1_0,56,48.72,task,unsat,8605,0.019,,3000000000,,2026-10-02T14:12:52,2026-10-02T14:12:52
Random-125-125-4-1_0,56,48.117,task,unsat,10963,0.019,,3000000000,,2026-10-02T14:12:52,2026-10-02T14:12:52
Random-125-125-4-1_0,56,48.51,task,unsat,14814,0.031,,3000000000,,2026-10-02T14:12:52,2026-10-02T14:12:52
Random-125-125-4-1_0,56,48.121,task,unsat,8304,0.018,,3000000000,,2026-10-02T14:12:52,2026-10-02T14:12:52
Random-125-125-4-1_0,56,48.0,task,unsat,5226,0.012,,3000000000,,2026-10-02T14:12:52,2026-10-02T14:12:52
Random-125-125-4-1_0,56,48.11,task,unsat,10346,0.016,,3000000000,,2026-10-02T14:12:52,2026-10-02T14:12:52
Random-125-125-4-1_0,56,48.18,task,unsat,7286,0.016,,3000000000,,2026-10-02T14:12:52,2026-10-02T14:12:52
Random-125-125-4-1_0,56,48.62,task,unsat,5248,0.012,,3000000000,,2026-10-02T14:12:52,2026-10-02T14:12:52
Random-125-125-4-1_0,56,48.39,task,unsat,6215,0.014,,3000000000,,2026-10-02T14:12:52,2026-10-02T14:12:52
Random-125-125-4-1_0,56,48.66,task,unsat,3947,0.007,,3000000000,,2026-10-02T14:12:52,2026-10-02T14:12:52
Random-125-125-4-1_0,56,48.80,task,unsat,1708,0.004,,3000000000,,2026-10-02T14:12:52,2026-10-02T14:12:52
Random-125-125-4-1_0,56,48.99,task,unsat,3759,0.006,,3000000000,,2026-10-02T14:12:52,2026-10-02T14:12:52
Random-125-125-4-1_0,56,48.79,task,unsat,3237,0.008,,3000000000,,2026-10-02T14:12:52,2026-10-02T14:12:52
Random-125-125-4-1_0,56,48.1,task,unsat,1611,0.003,,3000000000,,2026-10-02T14:12:52,2026-10-02T14:12:52
Random-125-125-4-1_0,56,48.67,task,unsat,6582,0.014,,3000000000,,2026-10-02T14:12:52,2026-10-02T14:12:52
Random-125-125-4-1_0,56,48.112,task,unsat,2594,0.006,,3000000000,,2026-10-02T14:12:52,2026-10-02T14:12:52
Random-125-125-4-1_0,56,48.14,task,unsat,2140,0.005,,3000000000,,2026-10-02T14:12:52,2026-10-02T14:12:52
Random-125-125-4-1_0,56,48.70,task,unsat,1561,0.003,,3000000000,,2026-10-02T14:12:52,2026-10-02T14:12:52
Random-125-125-4-1_0,56,48.61,task,unsat,1133,0.003,,3000000000,,2026-10-02T14:12:52,2026-10-02T14:12:52
Random-125-125-4-1_0,56,48.63,task,unsat,1043,0.003,,3000000000,,2026-10-02T14:12:52,2026-10-02T14:12:52
Random-125-125-4-1_0,56,48.111,task,unsat,976,0.003,,3000000000,,2026-10-02T14:12:52,2026-10-02T14:12:52
Random-125-125-4-1_0,56,48.38,task,unsat,1327,0.003,,3000000000,,2026-10-02T14:12:52,2026-10-02T14:12:52
Random-125-125-4-1_0,56,48.82,task,unsat,538,0.002,,3000000000,,2026-10-02T14:12:52,2026-10-02T14:12:52
Random-125-125-4-1_0,56,48.15,task,unsat,919,0.002,,3000000000,,2026-10-02T14:12:52,2026-10-02T14:12:52
Random-125-125-4-1_0,56,48.29,task,unsat,406,0.001,,3000000000,,2026-10-02T14:12:52,2026-10-02T14:12:52
Random-125-125-4-1_0,56,48.75,task,unsat,239,0.001,,3000000000,,2026-10-02T14:12:52,2026-10-02T14:12:52
Random-125-125-4-1_0,56,48.65,task,unsat,10,0.0,,3000000000,,2026-10-02T14:12:52,2026-10-02T14:12:52
Random-125-125-4-1_0,56,48.58,task,unsat,614,0.002,,3000000000,,2026-10-02T14:12:52,2026-10-02T14:12:52
Random-125-125-4-1_0,56,48.105,task,unsat,245,0.001,,3000000000,,2026-10-02T14:12:52,2026-10-02T14:12:52
Random-125-125-4-1_0,56,48.73,task,unsat,110,0.001,,3000000000,,2026-10-02T14:12:52,2026-10-02T14:12:52
Random-125-125-4-1_0,56,48.124,task,unsat,82,0.001,,3000000000,,2026-10-02T14:12:52,2026-10-02T14:12:52
Random-125-125-4-1_0,56,48.5,task,unsat,14,0.0,,3000000000,,2026-10-02T14:12:52,2026-10-02T14:12:52
Random-125-125-4-1_0,56,48.21,task,unsat,94,0.001,,3000000000,,2026-10-02T14:12:52,2026-10-02T14:12:52
Random-125-125-4-1_0,56,48.17,task,unsat,17541327,16.148,,3000000000,,2026-10-02T14:12:36,2026-10-02T14:12:52
Random-125-125-4-1_0,56,48.25,task,unsat,17567502,18.42,,3000000000,,2026-10-02T14:12:36,2026-10-02T14:12:55
Random-125-125-4-1_0,56,48.102,task,unsat,28126800,31.96,,3000000000,,2026-10-02T14:12:36,2026-10-02T14:13:08
Random-125-125-4-1_0,56,48.101,task,unsat,48130774,55.54,,3000000000,,2026-10-02T14:12:36,2026-10-02T14:13:32
Random-125-125-4-1_0,56,48.95,task,unsat,60332740,73.133,,3000000000,,2026-10-02T14:12:36,2026-10-02T14:13:49
Random-125-125-4-1_0,56,48.74,task,unsat,127329892,102.101,,3000000000,,2026-10-02T14:12:36,2026-10-02T14:14:18
Random-125-125-4-1_0,56,48.87,task,unsat,102926505,121.483,,3000000000,,2026-10-02T14:12:36,2026-10-02T14:14:38
Random-125-125-4-1_0,56,48.59,task,unsat,207749170,146.261,,3000000000,,2026-10-02T14:12:36,2026-10-02T14:15:03
Random-125-125-4-1_0,56,48.43,task,unsat,228550109,175.372,,3000000000,,2026-10-02T14:12:36,2026-10-02T14:15:32
Random-125-125-4-1_0,56,48.49,task,unsat,220998945,179.882,,3000000000,,2026-10-02T14:12:36,2026-10-02T14:15:36
Random-125-125-4-1_0,56,48.27,task,unsat,267194931,321.523,,3000000000,,2026-10-02T14:12:36,2026-10-02T14:17:58
Random-125-125-4-1_0,56,95,task,unsat,137390458,158.656,,3000000000,,2026-10-02T14:15:36,2026-10-02T14:18:15
Random-125-125-4-1_0,56,48.30,task,unsat,371328585,346.675,,3000000000,,2026-10-02T14:12:36,2026-10-02T14:18:23
Random-125-125-4-1_0,56,102,task,unsat,54305073,61.069,,3000000000,,2026-10-02T14:18:23,2026-10-02T14:19:24
Random-125-125-4-1_0,56,100,task,unsat,95293977,101.194,,3000000000,,2026-10-02T14:17:58,2026-10-02T14:19:39
Random-125-125-4-1_0,56,101,task,unsat,87551395,98.034,,3000000000,,2026-10-02T14:18:15,2026-10-02T14:19:53
Random-125-125-4-1_0,56,87,task,unsat,252499043,261.259,,3000000000,,2026-10-02T14:15:32,2026-10-02T14:19:53
Random-125-125-4-1_0,56,17,task,unsat,32738805,34.06,,3000000000,,2026-10-02T14:19:24,2026-10-02T14:19:58
Random-125-125-4-1_0,56,110,task,unsat,9360425,11.087,,3000000000,,2026-10-02T14:19:58,2026-10-02T14:20:09
Random-125-125-4-1_0,56,49,task,unsat,36563935,35.874,,3000000000,,2026-10-02T14:19:39,2026-10-02T14:20:15
Random-125-125-4-1_0,56,96,task,unsat,19826519,22.792,,3000000000,,2026-10-02T14:19:53,2026-10-02T14:20:16
Random-125-125-4-1_0,56,12,task,unsat,8641832,10.343,,3000000000,,2026-10-02T14:20:09,2026-10-02T14:20:20
Random-125-125-4-1_0,56,50,task,unsat,4671647,6.09,,3000000000,,2026-10-02T14:20:16,2026-10-02T14:20:22
Random-125-125-4-1_0,56,25,task,unsat,6283953,7.649,,3000000000,,2026-10-02T14:20:15,2026-10-02T14:20:23
Random-125-125-4-1_0,56,86,task,unsat,33747360,31.056,,3000000000,,2026-10-02T14:19:53,2026-10-02T14:20:24
Random-125-125-4-1_0,56,4,task,unsat,1785764,1.577,,3000000000,,2026-10-02T14:20:23,2026-10-02T14:20:24
Random-125-125-4-1_0,56,76,task,unsat,4485823,5.203,,3000000000,,2026-10-02T14:20:20,2026-10-02T14:20:25
Random-125-125-4-1_0,56,77,task,unsat,3084138,3.578,,3000000000,,2026-10-02T14:20:22,2026-10-02T14:20:25
Random-125-125-4-1_0,56,22,task,unsat,1993406,1.98,,3000000000,,2026-10-02T14:20:24,2026-10-02T14:20:26
Random-125-125-4-1_0,56,32,task,unsat,1584303,1.504,,3000000000,,2026-10-02T14:20:25,2026-10-02T14:20:26
Random-125-125-4-1_0,56,56,task,unsat,551064,0.489,,3000000000,,2026-10-02T14:20:26,2026-10-02T14:20:27
Random-125-125-4-1_0,56,33,task,unsat,2019521,2.432,,3000000000,,2026-10-02T14:20:25,2026-10-02T14:20:28
Random-125-125-4-1_0,56,57,task,unsat,1600214,1.389,,3000000000,,2026-10-02T14:20:27,2026-10-02T14:20:28
Random-125-125-4-1_0,56,118,task,unsat,800953,0.691,,3000000000,,2026-10-02T14:20:28,2026-10-02T14:20:29
Random-125-125-4-1_0,56,55,task,unsat,2369978,2.792,,3000000000,,2026-10-02T14:20:26,2026-10-02T14:20:29
Random-125-125-4-1_0,56,8,task,unsat,241846,0.323,,3000000000,,2026-10-02T14:20:29,2026-10-02T14:20:29
Random-125-125-4-1_0,56,107,task,unsat,1221962,1.461,,3000000000,,2026-10-02T14:20:28,2026-10-02T14:20:29
Random-125-125-4-1_0,56,122,task,unsat,728191,0.735,,3000000000,,2026-10-02T14:20:29,2026-10-02T14:20:30
Random-125-125-4-1_0,56,52,task,unsat,303434,0.286,,3000000000,,2026-10-02T14:20:29,2026-10-02T14:20:30
Random-125-125-4-1_0,56,35,task,unsat,349875,0.457,,3000000000,,2026-10-02T14:20:29,2026-10-02T14:20:30
Random-125-125-4-1_0,56,10,task,unsat,4646555,5.855,,3000000000,,2026-10-02T14:20:24,2026-10-02T14:20:30
Random-125-125-4-1_0,56,103,task,unsat,166119,0.242,,3000000000,,2026-10-02T14:20:30,2026-10-02T14:20:30
Random-125-125-4-1_0,56,90,task,unsat,424522,0.382,,3000000000,,2026-10-02T14:20:30,2026-10-02T14:20:30
Random-125-125-4-1_0,56,3,task,unsat,177442,0.259,,3000000000,,2026-10-02T14:20:30,2026-10-02T14:20:30
Random-125-125-4-1_0,56,53,task,unsat,491803,0.638,,3000000000,,2026-10-02T14:20:30,2026-10-02T14:20:30
Random-125-125-4-1_0,56,69,task,unsat,195089,0.278,,3000000000,,2026-10-02T14:20:30,2026-10-02T14:20:30
Random-125-125-4-1_0,56,113,task,unsat,314852,0.295,,3000000000,,2026-10-02T14:20:30,2026-10-02T14:20:30
Random-125-125-4-1_0,56,34,task,unsat,71482,0.089,,3000000000,,2026-10-02T14:20:30,2026-10-02T14:20:30
Random-125-125-4-1_0,56,120,task,unsat,208624,0.295,,3000000000,,2026-10-02T14:20:30,2026-10-02T14:20:30
Random-125-125-4-1_0,56,19,task,unsat,125498,0.191,,3000000000,,2026-10-02T14:20:30,2026-10-02T14:20:30
Random-125-125-4-1_0,56,2,task,unsat,173375,0.249,,3000000000,,2026-10-02T14:20:30,2026-10-02T14:20:30
Random-125-125-4-1_0,56,37,task,unsat,70081,0.124,,3000000000,,2026-10-02T14:20:30,2026-10-02T14:20:30
Random-125-125-4-1_0,56,36,task,unsat,164337,0.166,,3000000000,,2026-10-02T14:20:30,2026-10-02T14:20:31
Random-125-125-4-1_0,56,47,task,unsat,86558,0.144,,3000000000,,2026-10-02T14:20:30,2026-10-02T14:20:31
Random-125-125-4-1_0,56,13,task,unsat,64533,0.112,,3000000000,,2026-10-02T14:20:30,2026-10-02T14:20:31
Random-125-125-4-1_0,56,46,task,unsat,57904,0.076,,3000000000,,2026-10-02T14:20:31,2026-10-02T14:20:31
Random-125-125-4-1_0,56,28,task,unsat,75426,0.129,,3000000000,,2026-10-02T14:20:30,2026-10-02T14:20:31
Random-125-125-4-1_0,56,7,task,unsat,40836,0.08,,3000000000,,2026-10-02T14:20:31,2026-10-02T14:20:31
Random-125-125-4-1_0,56,40,task,unsat,19497,0.043,,3000000000,,2026-10-02T14:20:31,2026-10-02T14:20:31
Random-125-125-4-1_0,56,114,task,unsat,63966,0.114,,3000000000,,2026-10-02T14:20:31,2026-10-02T14:20:31
Random-125-125-4-1_0,56,26,task,unsat,55460,0.074,,3000000000,,2026-10-02T14:20:31,2026-10-02T14:20:31
Random-125-125-4-1_0,56,0,task,unsat,12487,0.029,,3000000000,,2026-10-02T14:20:31,2026-10-02T14:20:31
Random-125-125-4-1_0,56,23,task,unsat,10894,0.02,,3000000000,,2026-10-02T14:20:31,2026-10-02T14:20:31
Random-125-125-4-1_0,56,18,task,unsat,17980,0.041,,3000000000,,2026-10-02T14:20:31,2026-10-02T14:20:31
Random-125-125-4-1_0,56,39,task,unsat,12079,0.028,,3000000000,,2026-10-02T14:20:31,2026-10-02T14:20:31
Random-125-125-4-1_0,56,11,task,unsat,23470,0.051,,3000000000,,2026-10-02T14:20:31,2026-10-02T14:20:31
Random-125-125-4-1_0,56,62,task,unsat,13985,0.023,,3000000000,,2026-10-02T14:20:31,2026-10-02T14:20:31
Random-125-125-4-1_0,56,67,task,unsat,8133,0.019,,3000000000,,2026-10-02T14:20:31,2026-10-02T14:20:31
Random-125-125-4-1_0,56,79,task,unsat,7803,0.019,,3000000000,,2026-10-02T14:20:31,2026-10-02T14:20:31
Random-125-125-4-1_0,56,72,task,unsat,9537,0.023,,3000000000,,2026-10-02T14:20:31,2026-10-02T14:20:31
Random-125-125-4-1_0,56,99,task,unsat,9630,0.016,,3000000000,,2026-10-02T14:20:31,2026-10-02T14:20:31
Random-125-125-4-1_0,56,117,task,unsat,5643,0.014,,3000000000,,2026-10-02T14:20:31,2026-10-02T14:20:31
Random-125-125-4-1_0,56,80,task,unsat,2377,0.005,,3000000000,,2026-10-02T14:20:31,2026-10-02T14:20:31
Random-125-125-4-1_0,56,66,task,unsat,4537,0.011,,3000000000,,2026-10-02T14:20:31,2026-10-02T14:20:31
Random-125-125-4-1_0,56,112,task,unsat,8151,0.019,,3000000000,,2026-10-02T14:20:31,2026-10-02T14:20:31
Random-125-125-4-1_0,56,14,task,unsat,3870,0.007,,3000000000,,2026-10-02T14:20:31,2026-10-02T14:20:31
Random-125-125-4-1_0,56,63,task,unsat,2735,0.007,,3000000000,,2026-10-02T14:20:31,2026-10-02T14:20:31
Random-125-125-4-1_0,56,70,task,unsat,2567,0.007,,3000000000,,2026-10-02T14:20:31,2026-10-02T14:20:31
Random-125-125-4-1_0,56,38,task,unsat,2502,0.005,,3000000000,,2026-10-02T14:20:31,2026-10-02T14:20:31
Random-125-125-4-1_0,56,1,task,unsat,5010,0.013,,3000000000,,2026-10-02T14:20:31,2026-10-02T14:20:31
Random-125-125-4-1_0,56,82,task,unsat,1718,0.005,,3000000000,,2026-10-02T14:20:31,2026-10-02T14:20:31
Random-125-125-4-1_0,56,111,task,unsat,963,0.003,,3000000000,,2026-10-02T14:20:31,2026-10-02T14:20:31
Random-125-125-4-1_0,56,75,task,unsat,440,0.002,,3000000000,,2026-10-02T14:20:31,2026-10-02T14:20:31
Random-125-125-4-1_0,56,58,task,unsat,701,0.002,,3000000000,,2026-10-02T14:20:31,2026-10-02T14:20:31
Random-125-125-4-1_0,56,65,task,unsat,169,0.001,,3000000000,,2026-10-02T14:20:31,2026-10-02T14:20:31
Random-125-125-4-1_0,56,15,task,unsat,1419,0.004,,3000000000,,2026-10-02T14:20:31,2026-10-02T14:20:31
Random-125-125-4-1_0,56,105,task,unsat,522,0.001,,3000000000,,2026-10-02T14:20:31,2026-10-02T14:20:31
Random-125-125-4-1_0,56,73,task,unsat,233,0.001,,3000000000,,2026-10-02T14:20:31,2026-10-02T14:20:31
Random-125-125-4-1_0,56,124,task,unsat,244,0.001,,3000000000,,2026-10-02T14:20:31,2026-10-02T14:20:31
Random-125-125-4-1_0,56,29,task,unsat,2050,0.005,,3000000000,,2026-10-02T14:20:31,2026-10-02T14:20:31
Random-125-125-4-1_0,56,5,task,unsat,427,0.002,,3000000000,,2026-10-02T14:20:31,2026-10-02T14:20:31
Random-125-125-4-1_0,56,21,task,unsat,377,0.001,,3000000000,,2026-10-02T14:20:31,2026-10-02T14:20:31
Random-125-125-4-1_0,56,43,task,unsat,376925450,397.521,,3000000000,,2026-10-02T14:14:18,2026-10-02T14:20:56
Random-125-125-4-1_0,56,48.109,task,unsat,562217407,532.612,,3000000000,,2026-10-02T14:12:36,2026-10-02T14:21:29
Random-125-125-4-1_0,56,74,task,unsat,360213469,417.006,,3000000000,,2026-10-02T14:15:03,2026-10-02T14:22:00
Random-125-125-4-1_0,56,59,task,unsat,517203329,493.326,,3000000000,,2026-10-02T14:14:38,2026-10-02T14:22:51
Random-125-125-4-1_0,56,27,task,unsat,601230028,610.553,,3000000000,,2026-10-02T14:13:32,2026-10-02T14:23:42
Random-125-125-4-1_0,56,48.100,task,unsat,621265374,681.237,,3000000000,,2026-10-02T14:12:36,2026-10-02T14:23:58
Random-125-125-4-1_0,56,109,task,unsat,834879722,810.045,,3000000000,,2026-10-02T14:12:55,2026-10-02T14:26:25
Random-125-125-4-1_0,56,30,task,unsat,834228404,761.172,,3000000000,,2026-10-02T14:13:49,2026-10-02T14:26:31
Random-125-125-4-1_0,56,48.31,task,unsat,1078588557,997.07,,3000000000,,2026-10-02T14:12:36,2026-10-02T14:29:13
Random-125-125-2-4_0,23,1.35,task,unsat,520393198,410.625,,3000000000,,2026-10-02T14:26:25,2026-10-02T14:33:15
Random-125-125-2-4_0,23,1.37,task,unsat,810385684,502.494,,3000000000,,2026-10-02T14:26:31,2026-10-02T14:34:53
Random-125-125-2-4_0,23,1.77,task,unsat,538188540,383.28,,3000000000,,2026-10-02T14:29:13,2026-10-02T14:35:37
Random-125-125-4-1_0,56,31,task,unsat,1579161830,1415.498,,3000000000,,2026-10-02T14:13:08,2026-10-02T14:36:44
Random-125-125-4-1_0,56,48.71,task,unsat,1339708477,1450.065,,3000000000,,2026-10-02T14:12:36,2026-10-02T14:36:46
Random-125-125-2-4_0,23,1.82,task,unsat,317002517,278.591,,3000000000,,2026-10-02T14:33:15,2026-10-02T14:37:54
Random-125-125-2-4_0,23,1.8,task,unsat,93851360,83.491,,3000000000,,2026-10-02T14:36:46,2026-10-02T14:38:10
Random-125-125-4-1_0,56,48.64,task,unsat,1638305432,1544.778,,3000000000,,2026-10-02T14:12:36,2026-10-02T14:38:21
Random-125-125-2-4_0,23,1.88,task,unsat,232991251,220.054,,3000000000,,2026-10-02T14:34:53,2026-10-02T14:38:33
Random-125-125-2-4_0,23,1.63,task,unsat,24974676,24.761,,3000000000,,2026-10-02T14:38:10,2026-10-02T14:38:35
Random-125-125-2-4_0,23,1.86,task,unsat,7528880,6.293,,3000000000,,2026-10-02T14:38:33,2026-10-02T14:38:39
Random-125-125-2-4_0,23,1.84,task,unsat,23360907,22.231,,3000000000,,2026-10-02T14:38:21,2026-10-02T14:38:43
Random-125-125-2-4_0,23,1.10,task,unsat,4418298,4.781,,3000000000,,2026-10-02T14:38:39,2026-10-02T14:38:44
Random-125-125-2-4_0,23,1.98,task,unsat,11214489,11.97,,3000000000,,2026-10-02T14:38:35,2026-10-02T14:38:47
Random-125-125-2-4_0,23,1.22,task,unsat,3682953,3.927,,3000000000,,2026-10-02T14:38:43,2026-10-02T14:38:47
Random-125-125-2-4_0,23,1.69,task,unsat,1500351,1.54,,3000000000,,2026-10-02T14:38:47,2026-10-02T14:38:49
Random-125-125-2-4_0,23,1.64,task,unsat,2542311,2.725,,3000000000,,2026-10-02T14:38:47,2026-10-02T14:38:49
Random-125-125-2-4_0,23,1.31,task,unsat,5021242,5.301,,3000000000,,2026-10-02T14:38:44,2026-10-02T14:38:50
Random-125-125-2-4_0,23,1.94,task,unsat,2157073,1.509,,3000000000,,2026-10-02T14:38:50,2026-10-02T14:38:51
Random-125-125-2-4_0,23,1.72,task,unsat,2894250,2.969,,3000000000,,2026-10-02T14:38:49,2026-10-02T14:38:52
Random-125-125-2-4_0,23,1.36,task,unsat,640921,0.739,,3000000000,,2026-10-02T14:38:52,2026-10-02T14:38:53
Random-125-125-2-4_0,23,1.9,task,unsat,1951479,1.492,,3000000000,,2026-10-02T14:38:51,2026-10-02T14:38:53
Random-125-125-2-4_0,23,1.83,task,unsat,3471292,3.551,,3000000000,,2026-10-02T14:38:49,2026-10-02T14:38:53
Random-125-125-2-4_0,23,1.81,task,unsat,458857,0.499,,3000000000,,2026-10-02T14:38:53,2026-10-02T14:38:53
Random-125-125-2-4_0,23,1.62,task,unsat,762815,0.866,,3000000000,,2026-10-02T14:38:53,2026-10-02T14:38:53
Random-125-125-2-4_0,23,1.50,task,unsat,1271726,1.408,,3000000000,,2026-10-02T14:38:53,2026-10-02T14:38:54
Random-125-125-2-4_0,23,1.99,task,unsat,953560,0.997,,3000000000,,2026-10-02T14:38:53,2026-10-02T14:38:54
Random-125-125-2-4_0,23,1.112,task,unsat,958878,1.01,,3000000000,,2026-10-02T14:38:53,2026-10-02T14:38:54
Random-125-125-2-4_0,23,1.17,task,unsat,670991,0.757,,3000000000,,2026-10-02T14:38:54,2026-10-02T14:38:55
Random-125-125-2-4_0,23,1.92,task,unsat,357751,0.398,,3000000000,,2026-10-02T14:38:54,2026-10-02T14:38:55
Random-125-125-2-4_0,23,1.18,task,unsat,522369,0.552,,3000000000,,2026-10-02T14:38:54,2026-10-02T14:38:55
Random-125-125-2-4_0,23,1.6,task,unsat,149313,0.186,,3000000000,,2026-10-02T14:38:55,2026-10-02T14:38:55
Random-125-125-2-4_0,23,1.40,task,unsat,147018,0.183,,3000000000,,2026-10-02T14:38:55,2026-10-02T14:38:55
Random-125-125-2-4_0,23,1.4,task,unsat,120865,0.154,,3000000000,,2026-10-02T14:38:55,2026-10-02T14:38:55
Random-125-125-2-4_0,23,1.11,task,unsat,9263,0.018,,3000000000,,2026-10-02T14:38:55,2026-10-02T14:38:55
Random-125-125-2-4_0,23,1.103,task,unsat,484616,0.525,,3000000000,,2026-10-02T14:38:55,2026-10-02T14:38:55
Random-125-125-2-4_0,23,1.24,task,unsat,95823,0.132,,3000000000,,2026-10-02T14:38:55,2026-10-02T14:38:55
Random-125-125-2-4_0,23,1.12,task,unsat,76881502,68.481,,3000000000,,2026-10-02T14:37:54,2026-10-02T14:39:02
Random-125-125-2-4_0,23,1.91,task,unsat,178004491,157.18,,3000000000,,2026-10-02T14:36:44,2026-10-02T14:39:21
Random-125-125-2-4_0,23,1.90,task,unsat,426728587,287.397,,3000000000,,2026-10-02T14:35:37,2026-10-02T14:40:24
Random-125-125-2-4_0,23,1.32,task,unsat,1238983047,1145.082,,3000000000,,2026-10-02T14:23:42,2026-10-02T14:42:48
Random-125-125-2-4_0,23,1.20,task,unsat,1659512627,1416.488,,3000000000,,2026-10-02T14:22:51,2026-10-02T14:46:28
Random-125-125-2-4_0,23,1.33,task,unsat,1765184836,1382.173,,3000000000,,2026-10-02T14:23:58,2026-10-02T14:47:00
Random-125-125-4-1_0,56,71,task,unsat,2254701505,2343.995,,3000000000,,2026-10-02T14:12:52,2026-10-02T14:51:56
Random-125-125-4-1_0,56,48.6,task,unsat,2251435560,2369.825,,3000000000,,2026-10-02T14:12:36,2026-10-02T14:52:06
Random-125-125-2-4_0,23,1.97,task,split,3000000001,2009.708,,3000000000,,2026-10-02T14:20:56,2026-10-02T14:54:26
Random-125-125-2-4_0,23,1.97,expand,,0,0.0,46,,,,2026-10-02T14:54:26
Random-125-125-4-1_0,56,48.108,task,split,3000000001,2579.249,,3000000000,,2026-10-02T14:12:36,2026-10-02T14:55:36
Random-125-125-4-1_0,56,48.108,expand,,0,0.0,101,,,,2026-10-02T14:55:36
Random-125-125-2-4_0,23,1.85,task,split,3000000001,2152.76,,3000000000,,2026-10-02T14:20:31,2026-10-02T14:56:24
Random-125-125-2-4_0,23,1.85,expand,,0,0.0,46,,,,2026-10-02T14:56:24
Random-125-125-2-4_0,23,27.35,task,unsat,537693555,460.249,,3000000000,,2026-10-02T14:51:56,2026-10-02T14:59:37
Random-125-125-2-4_0,23,27.77,task,unsat,559837795,329.358,,3000000000,,2026-10-02T14:54:26,2026-10-02T14:59:55
Random-125-125-2-4_0,23,1.111,task,split,3000000001,2343.153,,3000000000,,2026-10-02T14:21:29,2026-10-02T15:00:32
Random-125-125-2-4_0,23,1.111,expand,,0,0.0,42,,,,2026-10-02T15:00:32
Random-125-125-2-4_0,23,1.2,task,split,3000000001,2446.403,,3000000000,,2026-10-02T14:22:00,2026-10-02T15:02:46
Random-125-125-2-4_0,23,1.2,expand,,0,0.0,48,,,,2026-10-02T15:02:46
Random-125-125-2-4_0,23,1.46,task,split,3000000001,2536.282,,3000000000,,2026-10-02T14:20:31,2026-10-02T15:02:47
Random-125-125-2-4_0,23,1.46,expand,,0,0.0,47,,,,2026-10-02T15:02:47
Random-125-125-2-4_0,23,27.37,task,unsat,811199772,654.337,,3000000000,,2026-10-02T14:52:06,2026-10-02T15:03:00
Random-125-125-2-4_0,23,1.59,task,split,3000000001,2553.564,,3000000000,,2026-10-02T14:20:31,2026-10-02T15:03:04
Random-125-125-2-4_0,23,1.59,expand,,0,0.0,47,,,,2026-10-02T15:03:04
Random-125-125-2-4_0,23,27.32,task,unsat,1382379847,997.968,,3000000000,,2026-10-02T14:46:28,2026-10-02T15:03:06
Random-125-125-2-4_0,23,1.27,task,split,3000000001,2571.769,,3000000000,,2026-10-02T14:20:31,2026-10-02T15:03:23
Random-125-125-2-4_0,23,1.27,expand,,0,0.0,46,,,,2026-10-02T15:03:23
Random-125-125-4-1_0,56,64,task,unsat,2879321506,3037.381,,3000000000,,2026-10-02T14:12:52,2026-10-02T15:03:30
Random-125-125-4-1_0,56,48.108.27,task,unsat,66707658,52.201,,3000000000,,2026-10-02T15:03:00,2026-10-02T15:03:53
Random-125-125-4-1_0,56,48.108.41,task,unsat,67290531,52.355,,3000000000,,2026-10-02T15:03:06,2026-10-02T15:03:58
Random-125-125-4-1_0,56,44,task,split,3000000001,3070.418,,3000000000,,2026-10-02T14:12:52,2026-10-02T15:04:03
Random-125-125-4-1_0,56,44,expand,,0,0.0,96,,,,2026-10-02T15:04:03
Random-125-125-4-1_0,56,48.108.43,task,unsat,67159355,57.503,,3000000000,,2026-10-02T15:03:23,2026-10-02T15:04:20
Random-125-125-4-1_0,56,48.108.77,task,unsat,19393276,22.552,,3000000000,,2026-10-02T15:04:03,2026-10-02T15:04:25
Random-125-125-4-1_0,56,48.108.49,task,unsat,49733973,56.814,,3000000000,,2026-10-02T15:03:30,2026-10-02T15:04:26
Random-125-125-4-1_0,56,48.108.74,task,unsat,28716111,32.95,,3000000000,,2026-10-02T15:03:58,2026-10-02T15:04:31
Random-125-125-4-1_0,56,48.108.101,task,unsat,8312280,8.662,,3000000000,,2026-10-02T15:04:26,2026-10-02T15:04:35
Random-125-125-4-1_0,56,48.108.102,task,unsat,5127564,6.356,,3000000000,,2026-10-02T15:04:31,2026-10-02T15:04:37
Random-125-125-4-1_0,56,48.108.95,task,unsat,9740152,12.036,,3000000000,,2026-10-02T15:04:25,2026-10-02T15:04:37
Random-125-125-4-1_0,56,48.44,task,split,3000000001,3123.149,,3000000000,,2026-10-02T14:12:36,2026-10-02T15:04:39
Random-125-125-4-1_0,56,48.44,expand,,0,0.0,98,,,,2026-10-02T15:04:39
Random-125-125-4-1_0,56,48.108.17,task,unsat,3708833,4.859,,3000000000,,2026-10-02T15:04:35,2026-10-02T15:04:40
Random-125-125-4-1_0,56,48.108.50,task,unsat,2403724,2.989,,3000000000,,2026-10-02T15:04:37,2026-10-02T15:04:40
Random-125-125-4-1_0,56,48.108.76,task,unsat,3037944,3.68,,3000000000,,2026-10-02T15:04:37,2026-10-02T15:04:41
Random-125-125-4-1_0,56,48.108.110,task,unsat,1248536,1.503,,3000000000,,2026-10-02T15:04:40,2026-10-02T15:04:42
Random-125-125-4-1_0,56,48.108.86,task,unsat,2597053,2.313,,3000000000,,2026-10-02T15:04:39,2026-10-02T15:04:42
Random-125-125-4-1_0,56,48.108.20,task,unsat,932572,0.779,,3000000000,,2026-10-02T15:04:42,2026-10-02T15:04:43
Random-125-125-4-1_0,56,48.108.59,task,unsat,46448752,50.478,,3000000000,,2026-10-02T15:03:53,2026-10-02T15:04:43
Random-125-125-4-1_0,56,48.108.22,task,unsat,709934,0.631,,3000000000,,2026-10-02T15:04:43,2026-10-02T15:04:43
Random-125-125-4-1_0,56,48.108.12,task,unsat,1310481,1.54,,3000000000,,2026-10-02T15:04:42,2026-10-02T15:04:43
Random-125-125-4-1_0,56,48.108.96,task,unsat,2637579,3.445,,3000000000,,2026-10-02T15:04:40,2026-10-02T15:04:43
Random-125-125-4-1_0,56,48.108.56,task,unsat,378541,0.334,,3000000000,,2026-10-02T15:04:43,2026-10-02T15:04:44
Random-125-125-4-1_0,56,48.108.10,task,unsat,2071782,2.562,,3000000000,,2026-10-02T15:04:41,2026-10-02T15:04:44
Random-125-125-4-1_0,56,48.108.4,task,unsat,221798,0.209,,3000000000,,2026-10-02T15:04:44,2026-10-02T15:04:44
Random-125-125-4-1_0,56,48.108.32,task,unsat,703978,0.849,,3000000000,,2026-10-02T15:04:43,2026-10-02T15:04:44
Random-125-125-4-1_0,56,48.108.33,task,unsat,455672,0.553,,3000000000,,2026-10-02T15:04:44,2026-10-02T15:04:44
Random-125-125-4-1_0,56,48.108.55,task,unsat,433617,0.364,,3000000000,,2026-10-02T15:04:44,2026-10-02T15:04:44
Random-125-125-4-1_0,56,48.108.3,task,unsat,176101,0.173,,3000000000,,2026-10-02T15:04:44,2026-10-02T15:04:44
Random-125-125-4-1_0,56,48.108.107,task,unsat,768961,0.914,,3000000000,,2026-10-02T15:04:43,2026-10-02T15:04:44
Random-125-125-4-1_0,56,48.108.118,task,unsat,218245,0.292,,3000000000,,2026-10-02T15:04:44,2026-10-02T15:04:44
Random-125-125-4-1_0,56,48.108.98,task,unsat,297985,0.383,,3000000000,,2026-10-02T15:04:44,2026-10-02T15:04:44
Random-125-125-4-1_0,56,48.108.57,task,unsat,931176,1.104,,3000000000,,2026-10-02T15:04:43,2026-10-02T15:04:44
Random-125-125-4-1_0,56,48.108.8,task,unsat,108687,0.117,,3000000000,,2026-10-02T15:04:44,2026-10-02T15:04:44
Random-125-125-4-1_0,56,48.108.34,task,unsat,55624,0.1,,3000000000,,2026-10-02T15:04:44,2026-10-02T15:04:45
Random-125-125-4-1_0,56,48.108.52,task,unsat,54084,0.097,,3000000000,,2026-10-02T15:04:44,2026-10-02T15:04:45
Random-125-125-4-1_0,56,48.108.53,task,unsat,83272,0.103,,3000000000,,2026-10-02T15:04:44,2026-10-02T15:04:45
Random-125-125-4-1_0,56,48.108.68,task,unsat,37362,0.075,,3000000000,,2026-10-02T15:04:45,2026-10-02T15:04:45
Random-125-125-4-1_0,56,48.108.122,task,unsat,117586,0.179,,3000000000,,2026-10-02T15:04:44,2026-10-02T15:04:45
Random-125-125-4-1_0,56,48.108.35,task,unsat,146402,0.21,,3000000000,,2026-10-02T15:04:44,2026-10-02T15:04:45
Random-125-125-4-1_0,56,48.108.90,task,unsat,85248,0.099,,3000000000,,2026-10-02T15:04:45,2026-10-02T15:04:45
Random-125-125-4-1_0,56,48.108.69,task,unsat,79884,0.131,,3000000000,,2026-10-02T15:04:45,2026-10-02T15:04:45
Random-125-125-4-1_0,56,48.108.103,task,unsat,30643,0.062,,3000000000,,2026-10-02T15:04:45,2026-10-02T15:04:45
Random-125-125-4-1_0,56,48.108.37,task,unsat,26484,0.056,,3000000000,,2026-10-02T15:04:45,2026-10-02T15:04:45
Random-125-125-4-1_0,56,48.108.93,task,unsat,31264,0.046,,3000000000,,2026-10-02T15:04:45,2026-10-02T15:04:45
Random-125-125-4-1_0,56,48.108.116,task,unsat,11061,0.025,,3000000000,,2026-10-02T15:04:45,2026-10-02T15:04:45
Random-125-125-4-1_0,56,48.108.104,task,unsat,16804,0.038,,3000000000,,2026-10-02T15:04:45,2026-10-02T15:04:45
Random-125-125-4-1_0,56,48.108.120,task,unsat,20915,0.034,,3000000000,,2026-10-02T15:04:45,2026-10-02T15:04:45
Random-125-125-4-1_0,56,48.108.28,task,unsat,72298,0.124,,3000000000,,2026-10-02T15:04:45,2026-10-02T15:04:45
Random-125-125-4-1_0,56,48.108.13,task,unsat,14863,0.033,,3000000000,,2026-10-02T15:04:45,2026-10-02T15:04:45
Random-125-125-4-1_0,56,48.108.113,task,unsat,38246,0.077,,3000000000,,2026-10-02T15:04:45,2026-10-02T15:04:45
Random-125-125-4-1_0,56,48.108.2,task,unsat,21622,0.046,,3000000000,,2026-10-02T15:04:45,2026-10-02T15:04:45
Random-125-125-4-1_0,56,48.108.19,task,unsat,15728,0.026,,3000000000,,2026-10-02T15:04:45,2026-10-02T15:04:45
Random-125-125-4-1_0,56,48.108.23,task,unsat,11713,0.027,,3000000000,,2026-10-02T15:04:45,2026-10-02T15:04:45
Random-125-125-4-1_0,56,48.108.72,task,unsat,5379,0.01,,3000000000,,2026-10-02T15:04:45,2026-10-02T15:04:45
Random-125-125-4-1_0,56,48.108.47,task,unsat,8310,0.02,,3000000000,,2026-10-02T15:04:45,2026-10-02T15:04:45
Random-125-125-4-1_0,56,48.108.36,task,unsat,13900,0.031,,3000000000,,2026-10-02T15:04:45,2026-10-02T15:04:45
Random-125-125-4-1_0,56,48.108.46,task,unsat,12544,0.029,,3000000000,,2026-10-02T15:04:45,2026-10-02T15:04:45
Random-125-125-4-1_0,56,48.108.62,task,unsat,3963,0.01,,3000000000,,2026-10-02T15:04:45,2026-10-02T15:04:45
Random-125-125-4-1_0,56,48.108.7,task,unsat,7928,0.018,,3000000000,,2026-10-02T15:04:45,2026-10-02T15:04:45
Random-125-125-4-1_0,56,48.108.51,task,unsat,8668,0.016,,3000000000,,2026-10-02T15:04:45,2026-10-02T15:04:45
Random-125-125-4-1_0,56,48.108.40,task,unsat,2656,0.007,,3000000000,,2026-10-02T15:04:45,2026-10-02T15:04:45
Random-125-125-4-1_0,56,48.108.117,task,unsat,2737,0.006,,3000000000,,2026-10-02T15:04:45,2026-10-02T15:04:45
Random-125-125-4-1_0,56,48.108.39,task,unsat,3594,0.009,,3000000000,,2026-10-02T15:04:45,2026-10-02T15:04:45
Random-125-125-4-1_0,56,48.108.0,task,unsat,1466,0.003,,3000000000,,2026-10-02T15:04:45,2026-10-02T15:04:45
Random-125-125-4-1_0,56,48.108.121,task,unsat,2076,0.005,,3000000000,,2026-10-02T15:04:45,2026-10-02T15:04:45
Random-125-125-4-1_0,56,48.108.114,task,unsat,8738,0.02,,3000000000,,2026-10-02T15:04:45,2026-10-02T15:04:45
Random-125-125-4-1_0,56,48.108.14,task,unsat,1305,0.003,,3000000000,,2026-10-02T15:04:45,2026-10-02T15:04:45
Random-125-125-4-1_0,56,48.108.11,task,unsat,3009,0.007,,3000000000,,2026-10-02T15:04:45,2026-10-02T15:04:45
Random-125-125-4-1_0,56,48.108.26,task,unsat,7962,0.019,,3000000000,,2026-10-02T15:04:45,2026-10-02T15:04:45
Random-125-125-4-1_0,56,48.108.61,task,unsat,1062,0.003,,3000000000,,2026-10-02T15:04:45,2026-10-02T15:04:45
Random-125-125-4-1_0,56,48.108.66,task,unsat,1532,0.003,,3000000000,,2026-10-02T15:04:45,2026-10-02T15:04:45
Random-125-125-4-1_0,56,48.108.18,task,unsat,1777,0.005,,3000000000,,2026-10-02T15:04:45,2026-10-02T15:04:45
Random-125-125-4-1_0,56,48.108.67,task,unsat,606,0.002,,3000000000,,2026-10-02T15:04:45,2026-10-02T15:04:45
Random-125-125-4-1_0,56,48.108.80,task,unsat,393,0.001,,3000000000,,2026-10-02T15:04:45,2026-10-02T15:04:45
Random-125-125-4-1_0,56,48.108.79,task,unsat,962,0.003,,3000000000,,2026-10-02T15:04:45,2026-10-02T15:04:45
Random-125-125-4-1_0,56,48.108.1,task,unsat,186,0.001,,3000000000,,2026-10-02T15:04:45,2026-10-02T15:04:45
Random-125-125-4-1_0,56,48.108.111,task,unsat,559,0.002,,3000000000,,2026-10-02T15:04:45,2026-10-02T15:04:45
Random-125-125-4-1_0,56,48.108.99,task,unsat,1391,0.003,,3000000000,,2026-10-02T15:04:45,2026-10-02T15:04:45
Random-125-125-4-1_0,56,48.108.112,task,unsat,1155,0.003,,3000000000,,2026-10-02T15:04:45,2026-10-02T15:04:45
Random-125-125-4-1_0,56,48.108.38,task,unsat,616,0.002,,3000000000,,2026-10-02T15:04:45,2026-10-02T15:04:45
Random-125-125-4-1_0,56,48.108.63,task,unsat,426,0.001,,3000000000,,2026-10-02T15:04:45,2026-10-02T15:04:45
Random-125-125-4-1_0,56,48.108.70,task,unsat,747,0.002,,3000000000,,2026-10-02T15:04:45,2026-10-02T15:04:45
Random-125-125-4-1_0,56,48.108.15,task,unsat,413,0.001,,3000000000,,2026-10-02T15:04:45,2026-10-02T15:04:45
Random-125-125-4-1_0,56,48.108.82,task,unsat,204,0.001,,3000000000,,2026-10-02T15:04:45,2026-10-02T15:04:45
Random-125-125-4-1_0,56,48.108.29,task,unsat,249,0.001,,3000000000,,2026-10-02T15:04:45,2026-10-02T15:04:45
Random-125-125-4-1_0,56,48.108.58,task,unsat,186,0.001,,3000000000,,2026-10-02T15:04:45,2026-10-02T15:04:45
Random-125-125-4-1_0,56,48.108.97,task,unsat,64,0.001,,3000000000,,2026-10-02T15:04:45,2026-10-02T15:04:45
Random-125-125-4-1_0,56,48.108.75,task,unsat,62,0.001,,3000000000,,2026-10-02T15:04:45,2026-10-02T15:04:45
Random-125-125-4-1_0,56,48.108.65,task,unsat,4,0.0,,3000000000,,2026-10-02T15:04:45,2026-10-02T15:04:45
Random-125-125-4-1_0,56,48.108.105,task,unsat,83,0.001,,3000000000,,2026-10-02T15:04:45,2026-10-02T15:04:45
Random-125-125-4-1_0,56,48.108.124,task,unsat,41,0.001,,3000000000,,2026-10-02T15:04:45,2026-10-02T15:04:45
Random-125-125-4-1_0,56,48.108.73,task,unsat,117,0.001,,3000000000,,2026-10-02T15:04:45,2026-10-02T15:04:45
Random-125-125-4-1_0,56,48.108.5,task,unsat,87,0.001,,3000000000,,2026-10-02T15:04:45,2026-10-02T15:04:45
Random-125-125-4-1_0,56,48.108.21,task,unsat,214,0.001,,3000000000,,2026-10-02T15:04:45,2026-10-02T15:04:45
Random-125-125-4-1_0,56,48.108.87,task,unsat,26438652,28.316,,3000000000,,2026-10-02T15:04:20,2026-10-02T15:04:48
Random-125-125-4-1_0,56,48.108.30,task,unsat,104211114,111.359,,3000000000,,2026-10-02T15:03:04,2026-10-02T15:04:56
Random-125-125-4-1_0,56,48.108.25,task,unsat,125627141,154.308,,3000000000,,2026-10-02T15:02:47,2026-10-02T15:05:21
Random-125-125-4-1_0,56,48.108.109,task,unsat,330448514,342.989,,3000000000,,2026-10-02T14:59:55,2026-10-02T15:05:38
Random-125-125-4-1_0,56,48.108.31,task,unsat,331431398,332.245,,3000000000,,2026-10-02T15:00:32,2026-10-02T15:06:04
Random-125-125-4-1_0,56,48.108.100,task,unsat,194846708,199.449,,3000000000,,2026-10-02T15:02:46,2026-10-02T15:06:05
Random-125-125-4-1_0,56,6,task,split,3000000001,3230.263,,3000000000,,2026-10-02T14:12:52,2026-10-02T15:06:43
Random-125-125-4-1_0,56,6,expand,,0,0.0,91,,,,2026-10-02T15:06:43
Random-125-125-4-1_0,56,48.108.64,task,unsat,557960595,629.892,,3000000000,,2026-10-02T14:56:24,2026-10-02T15:06:53
Random-125-125-4-1_0,56,48.108.71,task,unsat,446477321,458.089,,3000000000,,2026-10-02T14:59:37,2026-10-02T15:07:15
Random-125-125-4-1_0,56,108,task,split,3000000001,3276.114,,3000000000,,2026-10-02T14:12:52,2026-10-02T15:07:28
Random-125-125-4-1_0,56,108,expand,,0,0.0,99,,,,2026-10-02T15:07:28
Random-125-125-4-1_0,56,44.43,task,unsat,75894818,91.074,,3000000000,,2026-10-02T15:06:43,2026-10-02T15:08:14
Random-125-125-4-1_0,56,44.74,task,unsat,66618582,74.233,,3000000000,,2026-10-02T15:07:15,2026-10-02T15:08:29
Random-125-125-4-1_0,56,44.59,task,unsat,96896454,101.732,,3000000000,,2026-10-02T15:06:53,2026-10-02T15:08:35
Random-125-125-4-1_0,56,44.87,task,unsat,55533670,67.294,,3000000000,,2026-10-02T15:07:28,2026-10-02T15:08:36
Random-125-125-4-1_0,56,44.96,task,unsat,26886110,29.38,,3000000000,,2026-10-02T15:08:14,2026-10-02T15:08:43
Random-125-125-4-1_0,56,44.30,task,unsat,135291786,161.7,,3000000000,,2026-10-02T15:06:05,2026-10-02T15:08:47
Random-125-125-4-1_0,56,44.12,task,unsat,10178713,11.755,,3000000000,,2026-10-02T15:08:36,2026-10-02T15:08:47
Random-125-125-4-1_0,56,44.100,task,unsat,17859039,21.798,,3000000000,,2026-10-02T15:08:29,2026-10-02T15:08:51
Random-125-125-4-1_0,56,44.17,task,unsat,195705607,168.945,,3000000000,,2026-10-02T15:06:04,2026-10-02T15:08:53
Random-125-125-4-1_0,56,44.110,task,unsat,2910540,3.732,,3000000000,,2026-10-02T15:08:51,2026-10-02T15:08:55
Random-125-125-4-1_0,56,44.101,task,unsat,17622913,20.02,,3000000000,,2026-10-02T15:08:35,2026-10-02T15:08:55
Random-125-125-4-1_0,56,44.25,task,unsat,10298182,12.463,,3000000000,,2026-10-02T15:08:43,2026-10-02T15:08:55
Random-125-125-4-1_0,56,44.86,task,unsat,7031342,8.366,,3000000000,,2026-10-02T15:08:47,2026-10-02T15:08:56
Random-125-125-4-1_0,56,44.56,task,unsat,968711,0.88,,3000000000,,2026-10-02T15:08:55,2026-10-02T15:08:56
Random-125-125-4-1_0,56,44.22,task,unsat,2343240,3.099,,3000000000,,2026-10-02T15:08:53,2026-10-02T15:08:56
Random-125-125-4-1_0,56,44.50,task,unsat,1961639,2.581,,3000000000,,2026-10-02T15:08:55,2026-10-02T15:08:57
Random-125-125-4-1_0,56,44.49,task,unsat,7861889,10.06,,3000000000,,2026-10-02T15:08:47,2026-10-02T15:08:57
Random-125-125-4-1_0,56,44.4,task,unsat,648763,0.847,,3000000000,,2026-10-02T15:08:56,2026-10-02T15:08:57
Random-125-125-4-1_0,56,44.76,task,unsat,1341110,1.579,,3000000000,,2026-10-02T15:08:56,2026-10-02T15:08:57
Random-125-125-4-1_0,56,44.77,task,unsat,1216488,1.565,,3000000000,,2026-10-02T15:08:56,2026-10-02T15:08:58
Random-125-125-4-1_0,56,44.32,task,unsat,621124,0.777,,3000000000,,2026-10-02T15:08:57,2026-10-02T15:08:58
Random-125-125-4-1_0,56,44.33,task,unsat,878735,1.092,,3000000000,,2026-10-02T15:08:57,2026-10-02T15:08:58
Random-125-125-4-1_0,56,44.107,task,unsat,687760,0.879,,3000000000,,2026-10-02T15:08:58,2026-10-02T15:08:59
Random-125-125-4-1_0,56,44.55,task,unsat,941266,1.121,,3000000000,,2026-10-02T15:08:57,2026-10-02T15:08:59
Random-125-125-4-1_0,56,44.57,task,unsat,2643216,3.141,,3000000000,,2026-10-02T15:08:55,2026-10-02T15:08:59
Random-125-125-4-1_0,56,44.118,task,unsat,497400,0.653,,3000000000,,2026-10-02T15:08:58,2026-10-02T15:08:59
Random-125-125-4-1_0,56,44.8,task,unsat,109079,0.17,,3000000000,,2026-10-02T15:08:59,2026-10-02T15:08:59
Random-125-125-4-1_0,56,44.116,task,unsat,228056,0.317,,3000000000,,2026-10-02T15:08:59,2026-10-02T15:08:59
Random-125-125-4-1_0,56,44.53,task,unsat,446493,0.574,,3000000000,,2026-10-02T15:08:58,2026-10-02T15:08:59
Random-125-125-4-1_0,56,44.122,task,unsat,331987,0.453,,3000000000,,2026-10-02T15:08:59,2026-10-02T15:08:59
Random-125-125-4-1_0,56,44.2,task,unsat,324595,0.408,,3000000000,,2026-10-02T15:08:59,2026-10-02T15:08:59
Random-125-125-4-1_0,56,44.52,task,unsat,131722,0.207,,3000000000,,2026-10-02T15:08:59,2026-10-02T15:08:59
Random-125-125-4-1_0,56,44.35,task,unsat,150923,0.22,,3000000000,,2026-10-02T15:08:59,2026-10-02T15:08:59
Random-125-125-4-1_0,56,44.84,task,unsat,143464,0.221,,3000000000,,2026-10-02T15:08:59,2026-10-02T15:08:59
Random-125-125-4-1_0,56,44.103,task,unsat,74708,0.135,,3000000000,,2026-10-02T15:08:59,2026-10-02T15:08:59
Random-125-125-4-1_0,56,44.3,task,unsat,70280,0.126,,3000000000,,2026-10-02T15:08:59,2026-10-02T15:08:59
Random-125-125-4-1_0,56,44.34,task,unsat,36095,0.074,,3000000000,,2026-10-02T15:08:59,2026-10-02T15:08:59
Random-125-125-4-1_0,56,44.19,task,unsat,81372,0.141,,3000000000,,2026-10-02T15:08:59,2026-10-02T15:08:59
Random-125-125-4-1_0,56,44.90,task,unsat,193576,0.279,,3000000000,,2026-10-02T15:08:59,2026-10-02T15:08:59
Random-125-125-4-1_0,56,44.113,task,unsat,167415,0.247,,3000000000,,2026-10-02T15:08:59,2026-10-02T15:08:59
Random-125-125-4-1_0,56,44.69,task,unsat,67939,0.124,,3000000000,,2026-10-02T15:08:59,2026-10-02T15:08:59
Random-125-125-4-1_0,56,44.37,task,unsat,46040,0.092,,3000000000,,2026-10-02T15:08:59,2026-10-02T15:08:59
Random-125-125-4-1_0,56,44.13,task,unsat,32258,0.065,,3000000000,,2026-10-02T15:08:59,2026-10-02T15:08:59
Random-125-125-4-1_0,56,44.47,task,unsat,41712,0.09,,3000000000,,2026-10-02T15:08:59,2026-10-02T15:08:59
Random-125-125-4-1_0,56,44.46,task,unsat,57912,0.109,,3000000000,,2026-10-02T15:08:59,2026-10-02T15:08:59
Random-125-125-4-1_0,56,44.36,task,unsat,96924,0.16,,3000000000,,2026-10-02T15:08:59,2026-10-02T15:08:59
Random-125-125-4-1_0,56,44.62,task,unsat,14517,0.034,,3000000000,,2026-10-02T15:08:59,2026-10-02T15:08:59
Random-125-125-4-1_0,56,44.10,task,unsat,1798059,2.254,,3000000000,,2026-10-02T15:08:57,2026-10-02T15:08:59
Random-125-125-4-1_0,56,44.93,task,unsat,10834,0.027,,3000000000,,2026-10-02T15:08:59,2026-10-02T15:08:59
Random-125-125-4-1_0,56,44.28,task,unsat,29095,0.064,,3000000000,,2026-10-02T15:08:59,2026-10-02T15:08:59
Random-125-125-4-1_0,56,44.26,task,unsat,46674,0.084,,3000000000,,2026-10-02T15:08:59,2026-10-02T15:08:59
Random-125-125-4-1_0,56,44.18,task,unsat,45471,0.085,,3000000000,,2026-10-02T15:08:59,2026-10-02T15:08:59
Random-125-125-4-1_0,56,44.7,task,unsat,15017,0.036,,3000000000,,2026-10-02T15:08:59,2026-10-02T15:08:59
Random-125-125-4-1_0,56,44.23,task,unsat,5850,0.016,,3000000000,,2026-10-02T15:08:59,2026-10-02T15:08:59
Random-125-125-4-1_0,56,44.40,task,unsat,6637,0.018,,3000000000,,2026-10-02T15:08:59,2026-10-02T15:08:59
Random-125-125-4-1_0,56,44.11,task,unsat,12381,0.03,,3000000000,,2026-10-02T15:08:59,2026-10-02T15:08:59
Random-125-125-4-1_0,56,44.39,task,unsat,8094,0.021,,3000000000,,2026-10-02T15:08:59,2026-10-02T15:08:59
Random-125-125-4-1_0,56,44.114,task,unsat,24080,0.055,,3000000000,,2026-10-02T15:08:59,2026-10-02T15:08:59
Random-125-125-4-1_0,56,44.0,task,unsat,4750,0.013,,3000000000,,2026-10-02T15:08:59,2026-10-02T15:08:59
Random-125-125-4-1_0,56,44.112,task,unsat,8574,0.023,,3000000000,,2026-10-02T15:08:59,2026-10-02T15:08:59
Random-125-125-4-1_0,56,44.67,task,unsat,4296,0.011,,3000000000,,2026-10-02T15:08:59,2026-10-02T15:08:59
Random-125-125-4-1_0,56,44.72,task,unsat,3425,0.009,,3000000000,,2026-10-02T15:08:59,2026-10-02T15:08:59
Random-125-125-4-1_0,56,44.66,task,unsat,4299,0.012,,3000000000,,2026-10-02T15:08:59,2026-10-02T15:08:59
Random-125-125-4-1_0,56,44.79,task,unsat,3073,0.008,,3000000000,,2026-10-02T15:08:59,2026-10-02T15:08:59
Random-125-125-4-1_0,56,44.80,task,unsat,1133,0.004,,3000000000,,2026-10-02T15:08:59,2026-10-02T15:08:59
Random-125-125-4-1_0,56,44.99,task,unsat,4262,0.011,,3000000000,,2026-10-02T15:08:59,2026-10-02T15:08:59
Random-125-125-4-1_0,56,44.51,task,unsat,2120,0.006,,3000000000,,2026-10-02T15:08:59,2026-10-02T15:08:59
Random-125-125-4-1_0,56,44.1,task,unsat,1085,0.003,,3000000000,,2026-10-02T15:08:59,2026-10-02T15:08:59
Random-125-125-4-1_0,56,44.117,task,unsat,3199,0.009,,3000000000,,2026-10-02T15:08:59,2026-10-02T15:08:59
Random-125-125-4-1_0,56,44.82,task,unsat,2849,0.007,,3000000000,,2026-10-02T15:08:59,2026-10-02T15:08:59
Random-125-125-4-1_0,56,44.121,task,unsat,3251,0.009,,3000000000,,2026-10-02T15:08:59,2026-10-02T15:08:59
Random-125-125-4-1_0,56,44.38,task,unsat,1798,0.004,,3000000000,,2026-10-02T15:08:59,2026-10-02T15:08:59
Random-125-125-4-1_0,56,44.14,task,unsat,1827,0.005,,3000000000,,2026-10-02T15:08:59,2026-10-02T15:08:59
Random-125-125-4-1_0,56,44.63,task,unsat,1178,0.004,,3000000000,,2026-10-02T15:08:59,2026-10-02T15:08:59
Random-125-125-4-1_0,56,44.111,task,unsat,1059,0.003,,3000000000,,2026-10-02T15:08:59,2026-10-02T15:08:59
Random-125-125-4-1_0,56,44.29,task,unsat,767,0.003,,3000000000,,2026-10-02T15:08:59,2026-10-02T15:08:59
Random-125-125-4-1_0,56,44.70,task,unsat,1331,0.004,,3000000000,,2026-10-02T15:08:59,2026-10-02T15:08:59
Random-125-125-4-1_0,56,44.105,task,unsat,19,0.0,,3000000000,,2026-10-02T15:08:59,2026-10-02T15:08:59
Random-125-125-4-1_0,56,44.75,task,unsat,160,0.001,,3000000000,,2026-10-02T15:08:59,2026-10-02T15:08:59
Random-125-125-4-1_0,56,44.97,task,unsat,548,0.002,,3000000000,,2026-10-02T15:08:59,2026-10-02T15:08:59
Random-125-125-4-1_0,56,44.65,task,unsat,8,0.001,,3000000000,,2026-10-02T15:08:59,2026-10-02T15:08:59
Random-125-125-4-1_0,56,44.15,task,unsat,761,0.002,,3000000000,,2026-10-02T15:08:59,2026-10-02T15:08:59
Random-125-125-4-1_0,56,44.73,task,unsat,194,0.001,,3000000000,,2026-10-02T15:08:59,2026-10-02T15:08:59
Random-125-125-4-1_0,56,44.58,task,unsat,516,0.002,,3000000000,,2026-10-02T15:08:59,2026-10-02T15:08:59
Random-125-125-4-1_0,56,44.5,task,unsat,26,0.001,,3000000000,,2026-10-02T15:08:59,2026-10-02T15:08:59
Random-125-125-4-1_0,56,44.21,task,unsat,9,0.001,,3000000000,,2026-10-02T15:08:59,2026-10-02T15:08:59
Random-125-125-4-1_0,56,44.124,task,unsat,30,0.001,,3000000000,,2026-10-02T15:08:59,2026-10-02T15:08:59
Random-125-125-4-1_0,56,44.102,task,unsat,223987296,219.465,,3000000000,,2026-10-02T15:05:38,2026-10-02T15:09:17
Random-125-125-2-4_0,23,27.20,task,unsat,1791242417,1600.362,,3000000000,,2026-10-02T14:42:48,2026-10-02T15:09:28
Random-125-125-4-1_0,56,44.109,task,unsat,326050420,295.231,,3000000000,,2026-10-02T15:04:48,2026-10-02T15:09:44
Random-125-125-4-1_0,56,48.44.100,task,unsat,153078275,127.083,,3000000000,,2026-10-02T15:09:44,2026-10-02T15:11:51
Random-125-125-4-1_0,56,48.44.109,task,unsat,211725071,180.994,,3000000000,,2026-10-02T15:08:59,2026-10-02T15:12:00
Random-125-125-4-1_0,56,44.31,task,unsat,454746628,410.497,,3000000000,,2026-10-02T15:05:21,2026-10-02T15:12:12
Random-125-125-4-1_0,56,48.44.25,task,unsat,61854807,51.196,,3000000000,,2026-10-02T15:12:12,2026-10-02T15:13:03
Random-125-125-4-1_0,56,44.27,task,unsat,428567233,506.659,,3000000000,,2026-10-02T15:04:56,2026-10-02T15:13:22
Random-125-125-4-1_0,56,48.44.102,task,unsat,98908998,104.136,,3000000000,,2026-10-02T15:11:51,2026-10-02T15:13:35
Random-125-125-4-1_0,56,48.44.17,task,unsat,81246722,96.868,,3000000000,,2026-10-02T15:12:00,2026-10-02T15:13:37
Random-125-125-4-1_0,56,48.44.27,task,unsat,264275172,267.759,,3000000000,,2026-10-02T15:09:17,2026-10-02T15:13:45
Random-125-125-4-1_0,56,48.44.30,task,unsat,51739623,49.024,,3000000000,,2026-10-02T15:13:03,2026-10-02T15:13:52
Random-125-125-4-1_0,56,48.44.74,task,unsat,19617608,17.166,,3000000000,,2026-10-02T15:13:45,2026-10-02T15:14:02
Random-125-125-4-1_0,56,48.44.49,task,unsat,35172920,30.882,,3000000000,,2026-10-02T15:13:35,2026-10-02T15:14:06
Random-125-125-4-1_0,56,48.44.87,task,unsat,16244119,19.116,,3000000000,,2026-10-02T15:13:52,2026-10-02T15:14:11
Random-125-125-4-1_0,56,48.44.101,task,unsat,6422143,6.146,,3000000000,,2026-10-02T15:14:06,2026-10-02T15:14:12
Random-125-125-4-1_0,56,48.44.59,task,unsat,29655678,34.755,,3000000000,,2026-10-02T15:13:37,2026-10-02T15:14:12
Random-125-125-4-1_0,56,48.44.96,task,unsat,9041924,10.398,,3000000000,,2026-10-02T15:14:02,2026-10-02T15:14:13
Random-125-125-4-1_0,56,48.44.43,task,unsat,42597333,50.505,,3000000000,,2026-10-02T15:13:22,2026-10-02T15:14:13
Random-125-125-4-1_0,56,48.44.50,task,unsat,2694802,2.538,,3000000000,,2026-10-02T15:14:12,2026-10-02T15:14:14
Random-125-125-4-1_0,56,48.44.76,task,unsat,1860085,2.195,,3000000000,,2026-10-02T15:14:13,2026-10-02T15:14:15
Random-125-125-4-1_0,56,48.44.77,task,unsat,2005109,2.402,,3000000000,,2026-10-02T15:14:13,2026-10-02T15:14:15
Random-125-125-4-1_0,56,48.44.12,task,unsat,3751334,4.379,,3000000000,,2026-10-02T15:14:11,2026-10-02T15:14:16
Random-125-125-4-1_0,56,48.44.56,task,unsat,442029,0.536,,3000000000,,2026-10-02T15:14:16,2026-10-02T15:14:16
Random-125-125-4-1_0,56,48.44.110,task,unsat,1111501,1.301,,3000000000,,2026-10-02T15:14:15,2026-10-02T15:14:16
Random-125-125-4-1_0,56,48.44.22,task,unsat,873499,1.074,,3000000000,,2026-10-02T15:14:15,2026-10-02T15:14:16
Random-125-125-4-1_0,56,48.44.57,task,unsat,3443957,4.343,,3000000000,,2026-10-02T15:14:12,2026-10-02T15:14:16
Random-125-125-4-1_0,56,48.44.4,task,unsat,388926,0.484,,3000000000,,2026-10-02T15:14:16,2026-10-02T15:14:17
Random-125-125-4-1_0,56,48.44.86,task,unsat,1868957,2.327,,3000000000,,2026-10-02T15:14:14,2026-10-02T15:14:17
Random-125-125-4-1_0,56,48.44.32,task,unsat,401619,0.47,,3000000000,,2026-10-02T15:14:16,2026-10-02T15:14:17
Random-125-125-4-1_0,56,48.44.118,task,unsat,298172,0.384,,3000000000,,2026-10-02T15:14:17,2026-10-02T15:14:17
Random-125-125-4-1_0,56,48.44.55,task,unsat,563023,0.653,,3000000000,,2026-10-02T15:14:17,2026-10-02T15:14:17
Random-125-125-4-1_0,56,48.44.33,task,unsat,633818,0.802,,3000000000,,2026-10-02T15:14:16,2026-10-02T15:14:17
Random-125-125-4-1_0,56,48.44.107,task,unsat,448628,0.557,,3000000000,,2026-10-02T15:14:17,2026-10-02T15:14:17
Random-125-125-4-1_0,56,48.44.8,task,unsat,173523,0.234,,3000000000,,2026-10-02T15:14:17,2026-10-02T15:14:17
Random-125-125-4-1_0,56,48.44.116,task,unsat,135353,0.209,,3000000000,,2026-10-02T15:14:17,2026-10-02T15:14:17
Random-125-125-4-1_0,56,48.44.53,task,unsat,261492,0.333,,3000000000,,2026-10-02T15:14:17,2026-10-02T15:14:18
Random-125-125-4-1_0,56,48.44.122,task,unsat,227472,0.326,,3000000000,,2026-10-02T15:14:17,2026-10-02T15:14:18
Random-125-125-4-1_0,56,48.44.10,task,unsat,1144598,1.352,,3000000000,,2026-10-02T15:14:16,2026-10-02T15:14:18
Random-125-125-4-1_0,56,48.44.3,task,unsat,129852,0.189,,3000000000,,2026-10-02T15:14:17,2026-10-02T15:14:18
Random-125-125-4-1_0,56,48.44.2,task,unsat,186395,0.255,,3000000000,,2026-10-02T15:14:17,2026-10-02T15:14:18
Random-125-125-4-1_0,56,48.44.52,task,unsat,68958,0.122,,3000000000,,2026-10-02T15:14:18,2026-10-02T15:14:18
Random-125-125-4-1_0,56,48.44.35,task,unsat,97143,0.151,,3000000000,,2026-10-02T15:14:18,2026-10-02T15:14:18
Random-125-125-4-1_0,56,48.44.84,task,unsat,72307,0.122,,3000000000,,2026-10-02T15:14:18,2026-10-02T15:14:18
Random-125-125-4-1_0,56,48.44.103,task,unsat,43739,0.082,,3000000000,,2026-10-02T15:14:18,2026-10-02T15:14:18
Random-125-125-4-1_0,56,48.44.69,task,unsat,109460,0.165,,3000000000,,2026-10-02T15:14:18,2026-10-02T15:14:18
Random-125-125-4-1_0,56,48.44.90,task,unsat,102014,0.154,,3000000000,,2026-10-02T15:14:18,2026-10-02T15:14:18
Random-125-125-4-1_0,56,48.44.34,task,unsat,31286,0.052,,3000000000,,2026-10-02T15:14:18,2026-10-02T15:14:18
Random-125-125-4-1_0,56,48.44.19,task,unsat,48880,0.088,,3000000000,,2026-10-02T15:14:18,2026-10-02T15:14:18
Random-125-125-4-1_0,56,48.44.93,task,unsat,29566,0.059,,3000000000,,2026-10-02T15:14:18,2026-10-02T15:14:18
Random-125-125-4-1_0,56,48.44.113,task,unsat,91012,0.149,,3000000000,,2026-10-02T15:14:18,2026-10-02T15:14:18
Random-125-125-4-1_0,56,48.44.104,task,unsat,17930,0.041,,3000000000,,2026-10-02T15:14:18,2026-10-02T15:14:18
Random-125-125-4-1_0,56,48.44.28,task,unsat,53199,0.069,,3000000000,,2026-10-02T15:14:18,2026-10-02T15:14:18
Random-125-125-4-1_0,56,48.44.37,task,unsat,24366,0.05,,3000000000,,2026-10-02T15:14:18,2026-10-02T15:14:18
Random-125-125-4-1_0,56,48.44.47,task,unsat,21229,0.046,,3000000000,,2026-10-02T15:14:18,2026-10-02T15:14:18
Random-125-125-4-1_0,56,48.44.36,task,unsat,34073,0.066,,3000000000,,2026-10-02T15:14:18,2026-10-02T15:14:18
Random-125-125-4-1_0,56,48.44.13,task,unsat,11911,0.022,,3000000000,,2026-10-02T15:14:18,2026-10-02T15:14:18
Random-125-125-4-1_0,56,48.44.46,task,unsat,31421,0.062,,3000000000,,2026-10-02T15:14:18,2026-10-02T15:14:18
Random-125-125-4-1_0,56,48.44.23,task,unsat,7822,0.018,,3000000000,,2026-10-02T15:14:18,2026-10-02T15:14:18
Random-125-125-4-1_0,56,48.44.62,task,unsat,8962,0.02,,3000000000,,2026-10-02T15:14:18,2026-10-02T15:14:18
Random-125-125-4-1_0,56,48.44.18,task,unsat,22299,0.047,,3000000000,,2026-10-02T15:14:18,2026-10-02T15:14:18
Random-125-125-4-1_0,56,48.44.121,task,unsat,9348,0.024,,3000000000,,2026-10-02T15:14:18,2026-10-02T15:14:18
Random-125-125-4-1_0,56,48.44.7,task,unsat,8628,0.022,,3000000000,,2026-10-02T15:14:18,2026-10-02T15:14:18
Random-125-125-4-1_0,56,48.44.114,task,unsat,16781,0.04,,3000000000,,2026-10-02T15:14:18,2026-10-02T15:14:18
Random-125-125-4-1_0,56,48.44.39,task,unsat,5057,0.013,,3000000000,,2026-10-02T15:14:18,2026-10-02T15:14:18
Random-125-125-4-1_0,56,48.44.11,task,unsat,6796,0.018,,3000000000,,2026-10-02T15:14:18,2026-10-02T15:14:18
Random-125-125-4-1_0,56,48.44.26,task,unsat,22877,0.053,,3000000000,,2026-10-02T15:14:18,2026-10-02T15:14:18
Random-125-125-4-1_0,56,48.44.51,task,unsat,3494,0.009,,3000000000,,2026-10-02T15:14:18,2026-10-02T15:14:18
Random-125-125-4-1_0,56,48.44.40,task,unsat,4665,0.012,,3000000000,,2026-10-02T15:14:18,2026-10-02T15:14:18
Random-125-125-4-1_0,56,48.44.66,task,unsat,3997,0.01,,3000000000,,2026-10-02T15:14:18,2026-10-02T15:14:18
Random-125-125-4-1_0,56,48.44.72,task,unsat,3055,0.008,,3000000000,,2026-10-02T15:14:18,2026-10-02T15:14:18
Random-125-125-4-1_0,56,48.44.0,task,unsat,2271,0.006,,3000000000,,2026-10-02T15:14:18,2026-10-02T15:14:18
Random-125-125-4-1_0,56,48.44.112,task,unsat,3583,0.009,,3000000000,,2026-10-02T15:14:18,2026-10-02T15:14:18
Random-125-125-4-1_0,56,48.44.117,task,unsat,3098,0.008,,3000000000,,2026-10-02T15:14:18,2026-10-02T15:14:18
Random-125-125-4-1_0,56,48.44.79,task,unsat,1732,0.005,,3000000000,,2026-10-02T15:14:18,2026-10-02T15:14:18
Random-125-125-4-1_0,56,48.44.80,task,unsat,953,0.003,,3000000000,,2026-10-02T15:14:18,2026-10-02T15:14:18
Random-125-125-4-1_0,56,48.44.67,task,unsat,3272,0.008,,3000000000,,2026-10-02T15:14:18,2026-10-02T15:14:18
Random-125-125-4-1_0,56,48.44.1,task,unsat,965,0.003,,3000000000,,2026-10-02T15:14:18,2026-10-02T15:14:18
Random-125-125-4-1_0,56,48.44.14,task,unsat,1207,0.003,,3000000000,,2026-10-02T15:14:18,2026-10-02T15:14:18
Random-125-125-4-1_0,56,48.44.99,task,unsat,2105,0.005,,3000000000,,2026-10-02T15:14:18,2026-10-02T15:14:18
Random-125-125-4-1_0,56,48.44.70,task,unsat,1275,0.003,,3000000000,,2026-10-02T15:14:18,2026-10-02T15:14:18
Random-125-125-4-1_0,56,48.44.111,task,unsat,1159,0.003,,3000000000,,2026-10-02T15:14:18,2026-10-02T15:14:18
Random-125-125-4-1_0,56,48.44.82,task,unsat,1792,0.005,,3000000000,,2026-10-02T15:14:18,2026-10-02T15:14:18
Random-125-125-4-1_0,56,48.44.61,task,unsat,494,0.002,,3000000000,,2026-10-02T15:14:18,2026-10-02T15:14:18
Random-125-125-4-1_0,56,48.44.63,task,unsat,579,0.002,,3000000000,,2026-10-02T15:14:18,2026-10-02T15:14:18
Random-125-125-4-1_0,56,48.44.38,task,unsat,831,0.002,,3000000000,,2026-10-02T15:14:18,2026-10-02T15:14:18
Random-125-125-4-1_0,56,48.44.15,task,unsat,384,0.001,,3000000000,,2026-10-02T15:14:18,2026-10-02T15:14:18
Random-125-125-4-1_0,56,48.44.97,task,unsat,183,0.001,,3000000000,,2026-10-02T15:14:18,2026-10-02T15:14:18
Random-125-125-4-1_0,56,48.44.29,task,unsat,503,0.002,,3000000000,,2026-10-02T15:14:18,2026-10-02T15:14:18
Random-125-125-4-1_0,56,48.44.75,task,unsat,166,0.001,,3000000000,,2026-10-02T15:14:18,2026-10-02T15:14:18
Random-125-125-4-1_0,56,48.44.58,task,unsat,442,0.001,,3000000000,,2026-10-02T15:14:18,2026-10-02T15:14:18
Random-125-125-4-1_0,56,48.44.65,task,unsat,7,0.0,,3000000000,,2026-10-02T15:14:18,2026-10-02T15:14:18
Random-125-125-4-1_0,56,48.44.21,task,unsat,7,0.0,,3000000000,,2026-10-02T15:14:18,2026-10-02T15:14:18
Random-125-125-4-1_0,56,48.44.105,task,unsat,128,0.001,,3000000000,,2026-10-02T15:14:18,2026-10-02T15:14:18
Random-125-125-4-1_0,56,48.44.73,task,unsat,143,0.001,,3000000000,,2026-10-02T15:14:18,2026-10-02T15:14:18
Random-125-125-4-1_0,56,48.44.124,task,unsat,8,0.0,,3000000000,,2026-10-02T15:14:18,2026-10-02T15:14:18
Random-125-125-4-1_0,56,48.44.5,task,unsat,5,0.0,,3000000000,,2026-10-02T15:14:18,2026-10-02T15:14:18
Random-125-125-4-1_0,56,48.44.31,task,unsat,305702506,317.643,,3000000000,,2026-10-02T15:09:28,2026-10-02T15:14:46
Random-125-125-4-1_0,56,48.108.6,task,unsat,1048314467,1162.685,,3000000000,,2026-10-02T14:55:36,2026-10-02T15:14:58
Random-125-125-2-4_0,23,27.97,task,split,3000000001,2165.803,,3000000000,,2026-10-02T14:39:02,2026-10-02T15:15:08
Random-125-125-2-4_0,23,27.97,expand,,0,0.0,46,,,,2026-10-02T15:15:08
Random-125-125-2-4_0,23,27.111,task,split,3000000001,2149.329,,3000000000,,2026-10-02T14:39:21,2026-10-02T15:15:10
Random-125-125-2-4_0,23,27.111,expand,,0,0.0,42,,,,2026-10-02T15:15:10
Random-125-125-2-4_0,23,27.33,task,unsat,1925795543,1729.092,,3000000000,,2026-10-02T14:47:00,2026-10-02T15:15:49
Random-125-125-4-1_0,56,6.59,task,unsat,55896722,45.796,,3000000000,,2026-10-02T15:15:10,2026-10-02T15:15:56
Random-125-125-4-1_0,56,6.27,task,unsat,74820607,84.612,,3000000000,,2026-10-02T15:14:46,2026-10-02T15:16:10
Random-125-125-4-1_0,56,6.49,task,unsat,76482494,66.748,,3000000000,,2026-10-02T15:15:08,2026-10-02T15:16:15
Random-125-125-4-1_0,56,6.100,task,unsat,11434825,13.463,,3000000000,,2026-10-02T15:16:15,2026-10-02T15:16:29
Random-125-125-4-1_0,56,6.87,task,unsat,40468784,33.077,,3000000000,,2026-10-02T15:15:56,2026-10-02T15:16:29
Random-125-125-2-4_0,23,27.41,task,split,3000000001,2255.909,,3000000000,,2026-10-02T14:38:55,2026-10-02T15:16:31
Random-125-125-2-4_0,23,27.41,expand,,0,0.0,1,,,,2026-10-02T15:16:31
Random-125-125-4-1_0,56,6.95,task,unsat,19456563,22.839,,3000000000,,2026-10-02T15:16:10,2026-10-02T15:16:33
Random-125-125-4-1_0,56,6.74,task,unsat,38426172,46.167,,3000000000,,2026-10-02T15:15:49,2026-10-02T15:16:35
Random-125-125-4-1_0,56,6.17,task,unsat,3922101,3.998,,3000000000,,2026-10-02T15:16:33,2026-10-02T15:16:37
Random-125-125-4-1_0,56,6.30,task,unsat,82117423,99.992,,3000000000,,2026-10-02T15:14:58,2026-10-02T15:16:38
Random-125-125-4-1_0,56,6.102,task,unsat,8291933,9.94,,3000000000,,2026-10-02T15:16:29,2026-10-02T15:16:39
Random-125-125-4-1_0,56,6.12,task,unsat,6578985,8.154,,3000000000,,2026-10-02T15:16:31,2026-10-02T15:16:39
Random-125-125-4-1_0,56,6.76,task,unsat,3401004,2.816,,3000000000,,2026-10-02T15:16:37,2026-10-02T15:16:40
Random-125-125-4-1_0,56,6.25,task,unsat,1193900,1.042,,3000000000,,2026-10-02T15:16:40,2026-10-02T15:16:41
Random-125-125-4-1_0,56,6.110,task,unsat,1337833,1.741,,3000000000,,2026-10-02T15:16:39,2026-10-02T15:16:41
Random-125-125-4-1_0,56,6.57,task,unsat,5369151,6.442,,3000000000,,2026-10-02T15:16:35,2026-10-02T15:16:41
Random-125-125-4-1_0,56,6.50,task,unsat,933391,0.82,,3000000000,,2026-10-02T15:16:41,2026-10-02T15:16:42
Random-125-125-4-1_0,56,6.4,task,unsat,317133,0.276,,3000000000,,2026-10-02T15:16:42,2026-10-02T15:16:42
Random-125-125-4-1_0,56,6.96,task,unsat,2381473,2.855,,3000000000,,2026-10-02T15:16:39,2026-10-02T15:16:42
Random-125-125-4-1_0,56,6.77,task,unsat,729305,0.879,,3000000000,,2026-10-02T15:16:41,2026-10-02T15:16:42
Random-125-125-4-1_0,56,6.22,task,unsat,511530,0.629,,3000000000,,2026-10-02T15:16:42,2026-10-02T15:16:43
Random-125-125-4-1_0,56,6.56,task,unsat,195122,0.254,,3000000000,,2026-10-02T15:16:43,2026-10-02T15:16:43
Random-125-125-4-1_0,56,6.33,task,unsat,488419,0.581,,3000000000,,2026-10-02T15:16:42,2026-10-02T15:16:43
Random-125-125-4-1_0,56,6.10,task,unsat,1229904,1.019,,3000000000,,2026-10-02T15:16:42,2026-10-02T15:16:43
Random-125-125-4-1_0,56,6.86,task,unsat,3460820,4.7,,3000000000,,2026-10-02T15:16:38,2026-10-02T15:16:43
Random-125-125-4-1_0,56,6.55,task,unsat,1795343,2.202,,3000000000,,2026-10-02T15:16:41,2026-10-02T15:16:43
Random-125-125-4-1_0,56,6.118,task,unsat,230668,0.324,,3000000000,,2026-10-02T15:16:43,2026-10-02T15:16:43
Random-125-125-4-1_0,56,6.107,task,unsat,431735,0.518,,3000000000,,2026-10-02T15:16:43,2026-10-02T15:16:43
Random-125-125-4-1_0,56,6.36,task,unsat,623647,0.505,,3000000000,,2026-10-02T15:16:43,2026-10-02T15:16:43
Random-125-125-4-1_0,56,6.2,task,unsat,152636,0.231,,3000000000,,2026-10-02T15:16:43,2026-10-02T15:16:44
Random-125-125-4-1_0,56,6.122,task,unsat,224131,0.308,,3000000000,,2026-10-02T15:16:43,2026-10-02T15:16:44
Random-125-125-4-1_0,56,6.8,task,unsat,70372,0.113,,3000000000,,2026-10-02T15:16:43,2026-10-02T15:16:44
Random-125-125-4-1_0,56,6.19,task,unsat,105889,0.114,,3000000000,,2026-10-02T15:16:43,2026-10-02T15:16:44
Random-125-125-4-1_0,56,6.90,task,unsat,639442,0.739,,3000000000,,2026-10-02T15:16:43,2026-10-02T15:16:44
Random-125-125-4-1_0,56,6.35,task,unsat,93800,0.149,,3000000000,,2026-10-02T15:16:44,2026-10-02T15:16:44
Random-125-125-4-1_0,56,6.69,task,unsat,100459,0.109,,3000000000,,2026-10-02T15:16:44,2026-10-02T15:16:44
Random-125-125-4-1_0,56,6.52,task,unsat,98957,0.162,,3000000000,,2026-10-02T15:16:44,2026-10-02T15:16:44
Random-125-125-4-1_0,56,6.93,task,unsat,62419,0.106,,3000000000,,2026-10-02T15:16:44,2026-10-02T15:16:44
Random-125-125-4-1_0,56,6.53,task,unsat,114753,0.173,,3000000000,,2026-10-02T15:16:44,2026-10-02T15:16:44
Random-125-125-4-1_0,56,6.103,task,unsat,37311,0.079,,3000000000,,2026-10-02T15:16:44,2026-10-02T15:16:44
Random-125-125-4-1_0,56,6.39,task,unsat,47789,0.089,,3000000000,,2026-10-02T15:16:44,2026-10-02T15:16:44
Random-125-125-4-1_0,56,6.3,task,unsat,66611,0.12,,3000000000,,2026-10-02T15:16:44,2026-10-02T15:16:44
Random-125-125-4-1_0,56,6.28,task,unsat,71478,0.125,,3000000000,,2026-10-02T15:16:44,2026-10-02T15:16:44
Random-125-125-4-1_0,56,6.120,task,unsat,40415,0.082,,3000000000,,2026-10-02T15:16:44,2026-10-02T15:16:44
Random-125-125-4-1_0,56,6.113,task,unsat,70495,0.117,,3000000000,,2026-10-02T15:16:44,2026-10-02T15:16:44
Random-125-125-4-1_0,56,6.13,task,unsat,26437,0.057,,3000000000,,2026-10-02T15:16:44,2026-10-02T15:16:44
Random-125-125-4-1_0,56,6.101,task,unsat,13233402,15.338,,3000000000,,2026-10-02T15:16:29,2026-10-02T15:16:44
Random-125-125-4-1_0,56,6.34,task,unsat,15866,0.038,,3000000000,,2026-10-02T15:16:44,2026-10-02T15:16:44
Random-125-125-4-1_0,56,6.37,task,unsat,14124,0.034,,3000000000,,2026-10-02T15:16:44,2026-10-02T15:16:44
Random-125-125-4-1_0,56,6.116,task,unsat,5902,0.014,,3000000000,,2026-10-02T15:16:44,2026-10-02T15:16:44
Random-125-125-4-1_0,56,6.47,task,unsat,18446,0.04,,3000000000,,2026-10-02T15:16:44,2026-10-02T15:16:44
Random-125-125-4-1_0,56,6.7,task,unsat,37283,0.079,,3000000000,,2026-10-02T15:16:44,2026-10-02T15:16:44
Random-125-125-4-1_0,56,6.117,task,unsat,7399,0.018,,3000000000,,2026-10-02T15:16:44,2026-10-02T15:16:44
Random-125-125-4-1_0,56,6.46,task,unsat,12314,0.029,,3000000000,,2026-10-02T15:16:44,2026-10-02T15:16:44
Random-125-125-4-1_0,56,6.18,task,unsat,8925,0.022,,3000000000,,2026-10-02T15:16:44,2026-10-02T15:16:44
Random-125-125-4-1_0,56,6.26,task,unsat,12761,0.03,,3000000000,,2026-10-02T15:16:44,2026-10-02T15:16:44
Random-125-125-4-1_0,56,6.40,task,unsat,5854,0.014,,3000000000,,2026-10-02T15:16:44,2026-10-02T15:16:44
Random-125-125-4-1_0,56,6.114,task,unsat,21618,0.051,,3000000000,,2026-10-02T15:16:44,2026-10-02T15:16:44
Random-125-125-4-1_0,56,6.11,task,unsat,22601,0.049,,3000000000,,2026-10-02T15:16:44,2026-10-02T15:16:44
Random-125-125-4-1_0,56,6.51,task,unsat,5174,0.013,,3000000000,,2026-10-02T15:16:44,2026-10-02T15:16:44
Random-125-125-4-1_0,56,6.0,task,unsat,2597,0.006,,3000000000,,2026-10-02T15:16:44,2026-10-02T15:16:44
Random-125-125-4-1_0,56,6.112,task,unsat,6829,0.016,,3000000000,,2026-10-02T15:16:44,2026-10-02T15:16:44
Random-125-125-4-1_0,56,6.23,task,unsat,1602,0.005,,3000000000,,2026-10-02T15:16:44,2026-10-02T15:16:44
Random-125-125-4-1_0,56,6.66,task,unsat,3539,0.009,,3000000000,,2026-10-02T15:16:44,2026-10-02T15:16:44
Random-125-125-4-1_0,56,6.67,task,unsat,2448,0.006,,3000000000,,2026-10-02T15:16:44,2026-10-02T15:16:44
Random-125-125-4-1_0,56,6.62,task,unsat,4372,0.01,,3000000000,,2026-10-02T15:16:44,2026-10-02T15:16:44
Random-125-125-4-1_0,56,6.79,task,unsat,1566,0.004,,3000000000,,2026-10-02T15:16:44,2026-10-02T15:16:44
Random-125-125-4-1_0,56,6.14,task,unsat,4869,0.011,,3000000000,,2026-10-02T15:16:44,2026-10-02T15:16:44
Random-125-125-4-1_0,56,6.80,task,unsat,1979,0.005,,3000000000,,2026-10-02T15:16:44,2026-10-02T15:16:44
Random-125-125-4-1_0,56,6.1,task,unsat,884,0.003,,3000000000,,2026-10-02T15:16:44,2026-10-02T15:16:44
Random-125-125-4-1_0,56,6.99,task,unsat,1367,0.004,,3000000000,,2026-10-02T15:16:44,2026-10-02T15:16:44
Random-125-125-4-1_0,56,6.63,task,unsat,660,0.002,,3000000000,,2026-10-02T15:16:44,2026-10-02T15:16:44
Random-125-125-4-1_0,56,6.38,task,unsat,1430,0.004,,3000000000,,2026-10-02T15:16:44,2026-10-02T15:16:44
Random-125-125-4-1_0,56,6.106,task,unsat,1119,0.003,,3000000000,,2026-10-02T15:16:44,2026-10-02T15:16:44
Random-125-125-4-1_0,56,6.121,task,unsat,1157,0.003,,3000000000,,2026-10-02T15:16:44,2026-10-02T15:16:44
Random-125-125-4-1_0,56,6.70,task,unsat,638,0.002,,3000000000,,2026-10-02T15:16:44,2026-10-02T15:16:44
Random-125-125-4-1_0,56,6.111,task,unsat,887,0.003,,3000000000,,2026-10-02T15:16:44,2026-10-02T15:16:44
Random-125-125-4-1_0,56,6.97,task,unsat,209,0.001,,3000000000,,2026-10-02T15:16:44,2026-10-02T15:16:44
Random-125-125-4-1_0,56,6.29,task,unsat,707,0.002,,3000000000,,2026-10-02T15:16:44,2026-10-02T15:16:44
Random-125-125-4-1_0,56,6.15,task,unsat,321,0.001,,3000000000,,2026-10-02T15:16:44,2026-10-02T15:16:44
Random-125-125-4-1_0,56,6.82,task,unsat,702,0.002,,3000000000,,2026-10-02T15:16:44,2026-10-02T15:16:44
Random-125-125-4-1_0,56,6.75,task,unsat,396,0.001,,3000000000,,2026-10-02T15:16:44,2026-10-02T15:16:44
Random-125-125-4-1_0,56,6.65,task,unsat,73,0.001,,3000000000,,2026-10-02T15:16:44,2026-10-02T15:16:44
Random-125-125-4-1_0,56,6.105,task,unsat,181,0.001,,3000000000,,2026-10-02T15:16:44,2026-10-02T15:16:44
Random-125-125-4-1_0,56,6.5,task,unsat,4,0.0,,3000000000,,2026-10-02T15:16:44,2026-10-02T15:16:44
Random-125-125-4-1_0,56,6.73,task,unsat,106,0.001,,3000000000,,2026-10-02T15:16:44,2026-10-02T15:16:44
Random-125-125-4-1_0,56,6.21,task,unsat,519,0.002,,3000000000,,2026-10-02T15:16:44,2026-10-02T15:16:44
Random-125-125-4-1_0,56,6.43,task,unsat,178753231,175.632,,3000000000,,2026-10-02T15:14:18,2026-10-02T15:17:14
Random-125-125-4-1_0,56,48.44.95,task,unsat,575188680,497.967,,3000000000,,2026-10-02T15:08:59,2026-10-02T15:17:17
Random-125-125-4-1_0,56,44.95,task,unsat,901365405,765.889,,3000000000,,2026-10-02T15:04:45,2026-10-02T15:17:31
Random-125-125-2-4_0,23,27.85,task,split,3000000001,2361.877,,3000000000,,2026-10-02T14:38:55,2026-10-02T15:18:17
Random-125-125-2-4_0,23,27.85,expand,,0,0.0,46,,,,2026-10-02T15:18:17
Random-125-125-4-1_0,56,6.31,task,unsat,238095609,260.949,,3000000000,,2026-10-02T15:14:18,2026-10-02T15:18:39
Random-125-125-4-1_0,56,6.71,task,unsat,321616610,310.005,,3000000000,,2026-10-02T15:14:18,2026-10-02T15:19:28
Random-125-125-4-1_0,56,108.27,task,unsat,179321238,165.333,,3000000000,,2026-10-02T15:16:44,2026-10-02T15:19:29
Random-125-125-4-1_0,56,108.43,task,unsat,152543506,136.632,,3000000000,,2026-10-02T15:17:17,2026-10-02T15:19:34
Random-125-125-4-1_0,56,108.59,task,unsat,155563110,149.612,,3000000000,,2026-10-02T15:17:31,2026-10-02T15:20:00
Random-125-125-2-4_0,23,27.59,task,split,3000000001,2467.033,,3000000000,,2026-10-02T14:38:55,2026-10-02T15:20:02
Random-125-125-2-4_0,23,27.59,expand,,0,0.0,47,,,,2026-10-02T15:20:02
Random-125-125-4-1_0,56,108.101,task,unsat,36188198,30.576,,3000000000,,2026-10-02T15:19:34,2026-10-02T15:20:05
Random-125-125-4-1_0,56,108.74,task,unsat,124202021,107.783,,3000000000,,2026-10-02T15:18:17,2026-10-02T15:20:05
Random-125-125-4-1_0,56,108.17,task,unsat,15183557,13.054,,3000000000,,2026-10-02T15:20:02,2026-10-02T15:20:15
Random-125-125-4-1_0,56,108.41,task,unsat,12763275,14.67,,3000000000,,2026-10-02T15:20:05,2026-10-02T15:20:20
Random-125-125-4-1_0,56,108.100,task,unsat,45524486,50.685,,3000000000,,2026-10-02T15:19:29,2026-10-02T15:20:20
Random-125-125-4-1_0,56,108.25,task,unsat,13644092,16.012,,3000000000,,2026-10-02T15:20:05,2026-10-02T15:20:21
Random-125-125-4-1_0,56,108.86,task,unsat,5487875,6.569,,3000000000,,2026-10-02T15:20:20,2026-10-02T15:20:27
Random-125-125-4-1_0,56,108.96,task,unsat,5325460,6.241,,3000000000,,2026-10-02T15:20:21,2026-10-02T15:20:27
Random-125-125-4-1_0,56,108.49,task,unsat,10423849,11.828,,3000000000,,2026-10-02T15:20:15,2026-10-02T15:20:27
Random-125-125-4-1_0,56,108.77,task,unsat,6352567,8.393,,3000000000,,2026-10-02T15:20:20,2026-10-02T15:20:28
Random-125-125-4-1_0,56,108.102,task,unsat,24043035,27.902,,3000000000,,2026-10-02T15:20:00,2026-10-02T15:20:28
Random-125-125-4-1_0,56,108.22,task,unsat,1368988,1.248,,3000000000,,2026-10-02T15:20:28,2026-10-02T15:20:29
Random-125-125-4-1_0,56,108.87,task,unsat,123678380,110.508,,3000000000,,2026-10-02T15:18:39,2026-10-02T15:20:29
Random-125-125-4-1_0,56,108.110,task,unsat,2612797,3.183,,3000000000,,2026-10-02T15:20:27,2026-10-02T15:20:30
Random-125-125-4-1_0,56,108.20,task,unsat,1811135,2.075,,3000000000,,2026-10-02T15:20:28,2026-10-02T15:20:30
Random-125-125-4-1_0,56,108.12,task,unsat,2600771,2.961,,3000000000,,2026-10-02T15:20:27,2026-10-02T15:20:30
Random-125-125-4-1_0,56,108.56,task,unsat,597428,0.758,,3000000000,,2026-10-02T15:20:30,2026-10-02T15:20:30
Random-125-125-4-1_0,56,108.32,task,unsat,1524253,1.307,,3000000000,,2026-10-02T15:20:29,2026-10-02T15:20:31
Random-125-125-4-1_0,56,108.50,task,unsat,1059337,1.369,,3000000000,,2026-10-02T15:20:29,2026-10-02T15:20:31
Random-125-125-4-1_0,56,108.4,task,unsat,404656,0.521,,3000000000,,2026-10-02T15:20:30,2026-10-02T15:20:31
Random-125-125-4-1_0,56,48.44.64,task,unsat,801103621,691.744,,3000000000,,2026-10-02T15:08:59,2026-10-02T15:20:31
Random-125-125-4-1_0,56,108.33,task,unsat,726900,0.636,,3000000000,,2026-10-02T15:20:31,2026-10-02T15:20:31
Random-125-125-4-1_0,56,108.76,task,unsat,1166193,1.35,,3000000000,,2026-10-02T15:20:30,2026-10-02T15:20:31
Random-125-125-4-1_0,56,108.107,task,unsat,1314680,1.562,,3000000000,,2026-10-02T15:20:30,2026-10-02T15:20:32
Random-125-125-4-1_0,56,108.98,task,unsat,430922,0.442,,3000000000,,2026-10-02T15:20:31,2026-10-02T15:20:32
Random-125-125-4-1_0,56,108.35,task,unsat,248713,0.342,,3000000000,,2026-10-02T15:20:31,2026-10-02T15:20:32
Random-125-125-4-1_0,56,108.57,task,unsat,641359,0.815,,3000000000,,2026-10-02T15:20:31,2026-10-02T15:20:32
Random-125-125-4-1_0,56,108.118,task,unsat,340884,0.441,,3000000000,,2026-10-02T15:20:31,2026-10-02T15:20:32
Random-125-125-4-1_0,56,108.122,task,unsat,205106,0.203,,3000000000,,2026-10-02T15:20:32,2026-10-02T15:20:32
Random-125-125-4-1_0,56,108.8,task,unsat,72040,0.123,,3000000000,,2026-10-02T15:20:32,2026-10-02T15:20:32
Random-125-125-4-1_0,56,108.3,task,unsat,160207,0.223,,3000000000,,2026-10-02T15:20:32,2026-10-02T15:20:32
Random-125-125-4-1_0,56,108.10,task,unsat,4107656,4.982,,3000000000,,2026-10-02T15:20:27,2026-10-02T15:20:32
Random-125-125-4-1_0,56,108.55,task,unsat,878798,1.06,,3000000000,,2026-10-02T15:20:31,2026-10-02T15:20:32
Random-125-125-4-1_0,56,108.52,task,unsat,87107,0.147,,3000000000,,2026-10-02T15:20:32,2026-10-02T15:20:32
Random-125-125-4-1_0,56,108.68,task,unsat,35476,0.073,,3000000000,,2026-10-02T15:20:32,2026-10-02T15:20:32
Random-125-125-4-1_0,56,108.103,task,unsat,55943,0.106,,3000000000,,2026-10-02T15:20:32,2026-10-02T15:20:32
Random-125-125-4-1_0,56,108.34,task,unsat,49015,0.099,,3000000000,,2026-10-02T15:20:32,2026-10-02T15:20:32
Random-125-125-4-1_0,56,108.90,task,unsat,151519,0.162,,3000000000,,2026-10-02T15:20:32,2026-10-02T15:20:32
Random-125-125-4-1_0,56,108.37,task,unsat,75522,0.126,,3000000000,,2026-10-02T15:20:32,2026-10-02T15:20:32
Random-125-125-4-1_0,56,108.116,task,unsat,20837,0.047,,3000000000,,2026-10-02T15:20:32,2026-10-02T15:20:32
Random-125-125-4-1_0,56,108.69,task,unsat,52591,0.102,,3000000000,,2026-10-02T15:20:32,2026-10-02T15:20:32
Random-125-125-4-1_0,56,108.53,task,unsat,152357,0.23,,3000000000,,2026-10-02T15:20:32,2026-10-02T15:20:32
Random-125-125-4-1_0,56,108.36,task,unsat,32326,0.055,,3000000000,,2026-10-02T15:20:32,2026-10-02T15:20:32
Random-125-125-4-1_0,56,108.2,task,unsat,55140,0.079,,3000000000,,2026-10-02T15:20:32,2026-10-02T15:20:32
Random-125-125-4-1_0,56,108.13,task,unsat,41709,0.067,,3000000000,,2026-10-02T15:20:32,2026-10-02T15:20:32
Random-125-125-4-1_0,56,108.120,task,unsat,48372,0.1,,3000000000,,2026-10-02T15:20:32,2026-10-02T15:20:32
Random-125-125-4-1_0,56,108.19,task,unsat,34628,0.069,,3000000000,,2026-10-02T15:20:32,2026-10-02T15:20:32
Random-125-125-4-1_0,56,108.23,task,unsat,8083,0.021,,3000000000,,2026-10-02T15:20:32,2026-10-02T15:20:32
Random-125-125-4-1_0,56,108.28,task,unsat,44372,0.083,,3000000000,,2026-10-02T15:20:32,2026-10-02T15:20:32
Random-125-125-4-1_0,56,108.62,task,unsat,9634,0.023,,3000000000,,2026-10-02T15:20:32,2026-10-02T15:20:32
Random-125-125-4-1_0,56,108.47,task,unsat,16489,0.037,,3000000000,,2026-10-02T15:20:32,2026-10-02T15:20:32
Random-125-125-4-1_0,56,108.7,task,unsat,17596,0.041,,3000000000,,2026-10-02T15:20:32,2026-10-02T15:20:32
Random-125-125-4-1_0,56,108.93,task,unsat,6932,0.019,,3000000000,,2026-10-02T15:20:32,2026-10-02T15:20:32
Random-125-125-4-1_0,56,108.113,task,unsat,90791,0.159,,3000000000,,2026-10-02T15:20:32,2026-10-02T15:20:32
Random-125-125-4-1_0,56,108.72,task,unsat,8207,0.021,,3000000000,,2026-10-02T15:20:32,2026-10-02T15:20:32
Random-125-125-4-1_0,56,108.46,task,unsat,25858,0.049,,3000000000,,2026-10-02T15:20:32,2026-10-02T15:20:32
Random-125-125-4-1_0,56,108.0,task,unsat,3164,0.009,,3000000000,,2026-10-02T15:20:32,2026-10-02T15:20:32
Random-125-125-4-1_0,56,108.40,task,unsat,3496,0.01,,3000000000,,2026-10-02T15:20:32,2026-10-02T15:20:32
Random-125-125-4-1_0,56,108.39,task,unsat,6083,0.016,,3000000000,,2026-10-02T15:20:32,2026-10-02T15:20:32
Random-125-125-4-1_0,56,108.18,task,unsat,4459,0.009,,3000000000,,2026-10-02T15:20:32,2026-10-02T15:20:32
Random-125-125-4-1_0,56,108.11,task,unsat,5390,0.015,,3000000000,,2026-10-02T15:20:32,2026-10-02T15:20:32
Random-125-125-4-1_0,56,108.67,task,unsat,2415,0.006,,3000000000,,2026-10-02T15:20:32,2026-10-02T15:20:32
Random-125-125-4-1_0,56,108.51,task,unsat,4257,0.011,,3000000000,,2026-10-02T15:20:32,2026-10-02T15:20:32
Random-125-125-4-1_0,56,108.79,task,unsat,1841,0.005,,3000000000,,2026-10-02T15:20:32,2026-10-02T15:20:32
Random-125-125-4-1_0,56,108.117,task,unsat,1485,0.004,,3000000000,,2026-10-02T15:20:32,2026-10-02T15:20:32
Random-125-125-4-1_0,56,108.99,task,unsat,2761,0.005,,3000000000,,2026-10-02T15:20:32,2026-10-02T15:20:32
Random-125-125-4-1_0,56,108.114,task,unsat,14909,0.038,,3000000000,,2026-10-02T15:20:32,2026-10-02T15:20:32
Random-125-125-4-1_0,56,108.80,task,unsat,581,0.002,,3000000000,,2026-10-02T15:20:32,2026-10-02T15:20:32
Random-125-125-4-1_0,56,108.112,task,unsat,2626,0.007,,3000000000,,2026-10-02T15:20:32,2026-10-02T15:20:32
Random-125-125-4-1_0,56,108.26,task,unsat,15836,0.029,,3000000000,,2026-10-02T15:20:32,2026-10-02T15:20:32
Random-125-125-4-1_0,56,108.38,task,unsat,1248,0.003,,3000000000,,2026-10-02T15:20:32,2026-10-02T15:20:32
Random-125-125-4-1_0,56,108.66,task,unsat,1305,0.004,,3000000000,,2026-10-02T15:20:32,2026-10-02T15:20:32
Random-125-125-4-1_0,56,108.1,task,unsat,209,0.001,,3000000000,,2026-10-02T15:20:32,2026-10-02T15:20:32
Random-125-125-4-1_0,56,108.14,task,unsat,1855,0.005,,3000000000,,2026-10-02T15:20:32,2026-10-02T15:20:32
Random-125-125-4-1_0,56,108.111,task,unsat,959,0.003,,3000000000,,2026-10-02T15:20:32,2026-10-02T15:20:32
Random-125-125-4-1_0,56,108.63,task,unsat,641,0.002,,3000000000,,2026-10-02T15:20:32,2026-10-02T15:20:32
Random-125-125-4-1_0,56,108.121,task,unsat,906,0.003,,3000000000,,2026-10-02T15:20:32,2026-10-02T15:20:32
Random-125-125-4-1_0,56,108.82,task,unsat,296,0.002,,3000000000,,2026-10-02T15:20:32,2026-10-02T15:20:32
Random-125-125-4-1_0,56,108.97,task,unsat,117,0.001,,3000000000,,2026-10-02T15:20:32,2026-10-02T15:20:32
Random-125-125-4-1_0,56,108.70,task,unsat,788,0.002,,3000000000,,2026-10-02T15:20:32,2026-10-02T15:20:32
Random-125-125-4-1_0,56,108.58,task,unsat,293,0.001,,3000000000,,2026-10-02T15:20:32,2026-10-02T15:20:32
Random-125-125-4-1_0,56,108.15,task,unsat,758,0.002,,3000000000,,2026-10-02T15:20:32,2026-10-02T15:20:32
Random-125-125-4-1_0,56,108.105,task,unsat,158,0.001,,3000000000,,2026-10-02T15:20:32,2026-10-02T15:20:32
Random-125-125-4-1_0,56,108.29,task,unsat,394,0.001,,3000000000,,2026-10-02T15:20:32,2026-10-02T15:20:32
Random-125-125-4-1_0,56,108.65,task,unsat,4,0.0,,3000000000,,2026-10-02T15:20:32,2026-10-02T15:20:32
Random-125-125-4-1_0,56,108.75,task,unsat,122,0.001,,3000000000,,2026-10-02T15:20:32,2026-10-02T15:20:32
Random-125-125-4-1_0,56,108.5,task,unsat,4,0.001,,3000000000,,2026-10-02T15:20:32,2026-10-02T15:20:32
Random-125-125-4-1_0,56,108.73,task,unsat,230,0.001,,3000000000,,2026-10-02T15:20:32,2026-10-02T15:20:32
Random-125-125-4-1_0,56,108.124,task,unsat,68,0.001,,3000000000,,2026-10-02T15:20:32,2026-10-02T15:20:32
Random-125-125-4-1_0,56,108.21,task,unsat,296,0.001,,3000000000,,2026-10-02T15:20:32,2026-10-02T15:20:32
Random-125-125-4-1_0,56,108.95,task,unsat,53918636,65.652,,3000000000,,2026-10-02T15:19:28,2026-10-02T15:20:34
Random-125-125-2-4_0,23,27.63,task,unsat,19865892,21.069,,3000000000,,2026-10-02T15:20:34,2026-10-02T15:20:55
Random-125-125-2-4_0,23,27.22,task,unsat,35614001,25.217,,3000000000,,2026-10-02T15:20:32,2026-10-02T15:20:57
Random-125-125-2-4_0,23,27.86,task,unsat,4621696,5.398,,3000000000,,2026-10-02T15:20:57,2026-10-02T15:21:03
Random-125-125-2-4_0,23,27.84,task,unsat,15965593,11.988,,3000000000,,2026-10-02T15:20:55,2026-10-02T15:21:07
Random-125-125-2-4_0,23,27.10,task,unsat,4127616,4.6,,3000000000,,2026-10-02T15:21:03,2026-10-02T15:21:07
Random-125-125-2-4_0,23,27.64,task,unsat,2540623,2.767,,3000000000,,2026-10-02T15:21:07,2026-10-02T15:21:10
Random-125-125-2-4_0,23,27.31,task,unsat,5381391,4.192,,3000000000,,2026-10-02T15:21:07,2026-10-02T15:21:11
Random-125-125-2-4_0,23,27.69,task,unsat,1627255,1.821,,3000000000,,2026-10-02T15:21:10,2026-10-02T15:21:12
Random-125-125-2-4_0,23,27.72,task,unsat,2607714,1.971,,3000000000,,2026-10-02T15:21:11,2026-10-02T15:21:13
Random-125-125-2-4_0,23,27.12,task,unsat,62807957,41.837,,3000000000,,2026-10-02T15:20:32,2026-10-02T15:21:14
Random-125-125-2-4_0,23,27.98,task,unsat,1810799,1.397,,3000000000,,2026-10-02T15:21:13,2026-10-02T15:21:14
Random-125-125-2-4_0,23,27.17,task,unsat,1421148,1.064,,3000000000,,2026-10-02T15:21:14,2026-10-02T15:21:15
Random-125-125-2-4_0,23,27.83,task,unsat,3314897,3.723,,3000000000,,2026-10-02T15:21:12,2026-10-02T15:21:16
Random-125-125-2-4_0,23,27.36,task,unsat,577111,0.455,,3000000000,,2026-10-02T15:21:15,2026-10-02T15:21:16
Random-125-125-2-4_0,23,27.9,task,unsat,1961722,2.131,,3000000000,,2026-10-02T15:21:14,2026-10-02T15:21:16
Random-125-125-2-4_0,23,27.62,task,unsat,502866,0.412,,3000000000,,2026-10-02T15:21:16,2026-10-02T15:21:16
Random-125-125-2-4_0,23,27.81,task,unsat,476204,0.564,,3000000000,,2026-10-02T15:21:16,2026-10-02T15:21:17
Random-125-125-2-4_0,23,27.94,task,unsat,933166,0.704,,3000000000,,2026-10-02T15:21:16,2026-10-02T15:21:17
Random-125-125-2-4_0,23,27.50,task,unsat,1093857,1.231,,3000000000,,2026-10-02T15:21:16,2026-10-02T15:21:17
Random-125-125-2-4_0,23,27.92,task,unsat,339722,0.417,,3000000000,,2026-10-02T15:21:17,2026-10-02T15:21:17
Random-125-125-2-4_0,23,27.112,task,unsat,820145,0.618,,3000000000,,2026-10-02T15:21:17,2026-10-02T15:21:18
Random-125-125-2-4_0,23,27.99,task,unsat,817475,0.952,,3000000000,,2026-10-02T15:21:17,2026-10-02T15:21:18
Random-125-125-2-4_0,23,27.18,task,unsat,262122,0.222,,3000000000,,2026-10-02T15:21:18,2026-10-02T15:21:18
Random-125-125-2-4_0,23,27.6,task,unsat,146329,0.202,,3000000000,,2026-10-02T15:21:18,2026-10-02T15:21:18
Random-125-125-2-4_0,23,27.103,task,unsat,476098,0.526,,3000000000,,2026-10-02T15:21:17,2026-10-02T15:21:18
Random-125-125-2-4_0,23,27.40,task,unsat,146441,0.201,,3000000000,,2026-10-02T15:21:18,2026-10-02T15:21:18
Random-125-125-2-4_0,23,27.11,task,unsat,3890,0.009,,3000000000,,2026-10-02T15:21:18,2026-10-02T15:21:18
Random-125-125-2-4_0,23,27.4,task,unsat,99023,0.149,,3000000000,,2026-10-02T15:21:18,2026-10-02T15:21:18
Random-125-125-2-4_0,23,27.24,task,unsat,100407,0.152,,3000000000,,2026-10-02T15:21:18,2026-10-02T15:21:18
Random-125-125-4-1_0,56,6.64,task,unsat,444315911,421.584,,3000000000,,2026-10-02T15:14:18,2026-10-02T15:21:20
Random-125-125-2-4_0,23,27.2,task,split,3000000001,2476.783,,3000000000,,2026-10-02T14:40:24,2026-10-02T15:21:41
Random-125-125-2-4_0,23,27.2,expand,,0,0.0,48,,,,2026-10-02T15:21:41
Random-125-125-2-4_0,23,27.8,task,unsat,88655863,84.983,,3000000000,,2026-10-02T15:20:32,2026-10-02T15:21:57
Random-125-125-4-1_0,56,108.30,task,unsat,260334380,288.816,,3000000000,,2026-10-02T15:17:14,2026-10-02T15:22:02
Random-125-125-4-1_0,56,48.44.71,task,unsat,794140384,810.825,,3000000000,,2026-10-02T15:08:59,2026-10-02T15:22:30
Random-125-125-2-4_0,23,27.91,task,unsat,170501076,144.792,,3000000000,,2026-10-02T15:20:32,2026-10-02T15:22:57
Random-125-125-4-1_0,56,108.31,task,unsat,486482318,430.095,,3000000000,,2026-10-02T15:16:44,2026-10-02T15:23:54
Random-125-125-2-4_0,23,27.82,task,unsat,302938163,217.761,,3000000000,,2026-10-02T15:20:32,2026-10-02T15:24:10
Random-125-125-2-4_0,23,27.90,task,unsat,333181956,240.862,,3000000000,,2026-10-02T15:20:32,2026-10-02T15:24:33
Random-125-125-2-4_0,23,27.88,task,unsat,286826185,278.199,,3000000000,,2026-10-02T15:20:32,2026-10-02T15:25:10
Random-125-125-4-1_0,56,108.109,task,unsat,469029871,518.88,,3000000000,,2026-10-02T15:16:44,2026-10-02T15:25:23
Random-125-125-2-4_0,23,1.27.82,task,unsat,122117986,75.63,,12000000000,,2026-10-02T15:26:25,2026-10-02T15:27:41
Random-125-125-2-4_0,23,1.27.88,task,unsat,111191569,76.291,,12000000000,,2026-10-02T15:26:25,2026-10-02T15:27:42
Random-125-125-2-4_0,23,1.27.91,task,unsat,76078093,46.502,,12000000000,,2026-10-02T15:27:42,2026-10-02T15:28:28
Random-125-125-2-4_0,23,1.27.8,task,unsat,34548001,21.133,,12000000000,,2026-10-02T15:28:28,2026-10-02T15:28:49
Random-125-125-2-4_0,23,1.27.77,task,unsat,242359048,145.798,,12000000000,,2026-10-02T15:26:25,2026-10-02T15:28:51
Random-125-125-2-4_0,23,1.27.22,task,unsat,13752089,13.957,,12000000000,,2026-10-02T15:28:51,2026-10-02T15:29:05
Random-125-125-2-4_0,23,1.27.12,task,unsat,21077691,20.82,,12000000000,,2026-10-02T15:28:49,2026-10-02T15:29:10
Random-125-125-2-4_0,23,1.27.63,task,unsat,5425353,5.763,,12000000000,,2026-10-02T15:29:05,2026-10-02T15:29:11
Random-125-125-2-4_0,23,1.27.84,task,unsat,4607013,3.322,,12000000000,,2026-10-02T15:29:10,2026-10-02T15:29:13
Random-125-125-2-4_0,23,1.27.86,task,unsat,2771673,3.014,,12000000000,,2026-10-02T15:29:11,2026-10-02T15:29:14
Random-125-125-2-4_0,23,1.27.98,task,unsat,3338264,2.433,,12000000000,,2026-10-02T15:29:13,2026-10-02T15:29:16
Random-125-125-2-4_0,23,1.27.10,task,unsat,2107481,2.16,,12000000000,,2026-10-02T15:29:14,2026-10-02T15:29:16
Random-125-125-2-4_0,23,1.27.64,task,unsat,1342722,1.356,,12000000000,,2026-10-02T15:29:16,2026-10-02T15:29:17
Random-125-125-2-4_0,23,1.27.31,task,unsat,2655378,1.957,,12000000000,,2026-10-02T15:29:16,2026-10-02T15:29:18
Random-125-125-2-4_0,23,1.27.69,task,unsat,846149,0.891,,12000000000,,2026-10-02T15:29:17,2026-10-02T15:29:18
Random-125-125-2-4_0,23,1.27.72,task,unsat,1477459,1.048,,12000000000,,2026-10-02T15:29:18,2026-10-02T15:29:19
Random-125-125-2-4_0,23,1.27.94,task,unsat,1267138,0.902,,12000000000,,2026-10-02T15:29:19,2026-10-02T15:29:20
Random-125-125-2-4_0,23,1.27.83,task,unsat,1853655,1.931,,12000000000,,2026-10-02T15:29:18,2026-10-02T15:29:20
Random-125-125-2-4_0,23,1.27.9,task,unsat,882391,0.606,,12000000000,,2026-10-02T15:29:20,2026-10-02T15:29:20
Random-125-125-2-4_0,23,1.27.35,task,unsat,227747610,175.113,,12000000000,,2026-10-02T15:26:25,2026-10-02T15:29:20
Random-125-125-2-4_0,23,1.27.36,task,unsat,292501,0.236,,12000000000,,2026-10-02T15:29:20,2026-10-02T15:29:21
Random-125-125-2-4_0,23,1.27.62,task,unsat,257514,0.214,,12000000000,,2026-10-02T15:29:21,2026-10-02T15:29:21
Random-125-125-2-4_0,23,1.27.81,task,unsat,212058,0.179,,12000000000,,2026-10-02T15:29:21,2026-10-02T15:29:21
Random-125-125-2-4_0,23,1.27.50,task,unsat,585470,0.633,,12000000000,,2026-10-02T15:29:20,2026-10-02T15:29:21
Random-125-125-2-4_0,23,1.27.17,task,unsat,923844,0.945,,12000000000,,2026-10-02T15:29:20,2026-10-02T15:29:21
Random-125-125-2-4_0,23,1.27.99,task,unsat,471780,0.356,,12000000000,,2026-10-02T15:29:21,2026-10-02T15:29:21
Random-125-125-2-4_0,23,1.27.18,task,unsat,290357,0.33,,12000000000,,2026-10-02T15:29:21,2026-10-02T15:29:21
Random-125-125-2-4_0,23,1.27.92,task,unsat,183047,0.16,,12000000000,,2026-10-02T15:29:21,2026-10-02T15:29:21
Random-125-125-2-4_0,23,1.27.6,task,unsat,99399,0.095,,12000000000,,2026-10-02T15:29:21,2026-10-02T15:29:22
Random-125-125-2-4_0,23,1.27.112,task,unsat,515086,0.55,,12000000000,,2026-10-02T15:29:21,2026-10-02T15:29:22
Random-125-125-2-4_0,23,1.27.40,task,unsat,65938,0.071,,12000000000,,2026-10-02T15:29:22,2026-10-02T15:29:22
Random-125-125-2-4_0,23,1.27.4,task,unsat,56882,0.089,,12000000000,,2026-10-02T15:29:22,2026-10-02T15:29:22
Random-125-125-2-4_0,23,1.27.24,task,unsat,45388,0.053,,12000000000,,2026-10-02T15:29:22,2026-10-02T15:29:22
Random-125-125-2-4_0,23,1.27.11,task,unsat,3459,0.007,,12000000000,,2026-10-02T15:29:22,2026-10-02T15:29:22
Random-125-125-2-4_0,23,1.27.103,task,unsat,272507,0.308,,12000000000,,2026-10-02T15:29:21,2026-10-02T15:29:22
Random-125-125-2-4_0,23,1.27.90,task,unsat,169226244,145.263,,12000000000,,2026-10-02T15:27:41,2026-10-02T15:30:06
Random-125-125-2-4_0,23,1.27.37,task,unsat,366420703,324.609,,12000000000,,2026-10-02T15:26:25,2026-10-02T15:31:50
Random-125-125-2-4_0,23,1.27.32,task,unsat,570800764,504.413,,12000000000,,2026-10-02T15:26:25,2026-10-02T15:34:50
Random-125-125-2-4_0,23,1.27.20,task,unsat,716123478,590.622,,12000000000,,2026-10-02T15:26:25,2026-10-02T15:36:16
Random-125-125-2-4_0,23,1.27.33,task,unsat,788825431,692.063,,12000000000,,2026-10-02T15:26:25,2026-10-02T15:37:57
Random-125-125-4-1_0,56,108.64,task,unsat,958423613,825.052,,6000000000,,2026-10-02T15:26:25,2026-10-02T15:40:10
Random-125-125-4-1_0,56,108.71,task,unsat,764298730,864.449,,6000000000,,2026-10-02T15:26:25,2026-10-02T15:40:50
Random-125-125-2-4_0,23,1.46.20,task,unsat,557681611,334.15,,12000000000,,2026-10-02T15:36:16,2026-10-02T15:41:50
Random-125-125-4-1_0,56,48.44.6,task,unsat,1016769932,944.094,,12000000000,,2026-10-02T15:26:25,2026-10-02T15:42:09
Random-125-125-2-4_0,23,1.46.21,task,unsat,309405263,280.168,,12000000000,,2026-10-02T15:37:57,2026-10-02T15:42:38
Random-125-125-2-4_0,23,1.46.35,task,unsat,147533146,90.624,,12000000000,,2026-10-02T15:41:50,2026-10-02T15:43:21
Random-125-125-2-4_0,23,1.46.77,task,unsat,153582378,91.118,,12000000000,,2026-10-02T15:42:38,2026-10-02T15:44:09
Random-125-125-2-4_0,23,1.46.82,task,unsat,88874730,52.604,,12000000000,,2026-10-02T15:43:21,2026-10-02T15:44:13
Random-125-125-2-4_0,23,1.46.88,task,unsat,64085735,55.603,,12000000000,,2026-10-02T15:44:09,2026-10-02T15:45:04
Random-125-125-2-4_0,23,1.46.90,task,unsat,73502084,61.964,,12000000000,,2026-10-02T15:44:13,2026-10-02T15:45:15
Random-125-125-2-4_0,23,1.46.8,task,unsat,10190579,6.723,,12000000000,,2026-10-02T15:45:15,2026-10-02T15:45:22
Random-125-125-2-4_0,23,1.46.91,task,unsat,22730319,22.03,,12000000000,,2026-10-02T15:45:04,2026-10-02T15:45:26
Random-125-125-2-4_0,23,1.46.32,task,unsat,382267465,316.255,,12000000000,,2026-10-02T15:40:10,2026-10-02T15:45:27
Random-125-125-2-4_0,23,1.46.84,task,unsat,3719338,3.894,,12000000000,,2026-10-02T15:45:27,2026-10-02T15:45:31
Random-125-125-2-4_0,23,1.46.63,task,unsat,3973346,4.226,,12000000000,,2026-10-02T15:45:26,2026-10-02T15:45:31
Random-125-125-2-4_0,23,1.46.12,task,unsat,9522369,10.256,,12000000000,,2026-10-02T15:45:22,2026-10-02T15:45:32
Random-125-125-2-4_0,23,1.46.86,task,unsat,2218334,2.402,,12000000000,,2026-10-02T15:45:31,2026-10-02T15:45:33
Random-125-125-2-4_0,23,1.46.98,task,unsat,2786752,3.13,,12000000000,,2026-10-02T15:45:31,2026-10-02T15:45:34
Random-125-125-2-4_0,23,1.46.10,task,unsat,1700805,1.873,,12000000000,,2026-10-02T15:45:32,2026-10-02T15:45:34
Random-125-125-2-4_0,23,1.46.22,task,unsat,1483634,1.561,,12000000000,,2026-10-02T15:45:33,2026-10-02T15:45:34
Random-125-125-2-4_0,23,1.46.69,task,unsat,612025,0.649,,12000000000,,2026-10-02T15:45:34,2026-10-02T15:45:35
Random-125-125-2-4_0,23,1.46.64,task,unsat,1037762,1.124,,12000000000,,2026-10-02T15:45:34,2026-10-02T15:45:35
Random-125-125-2-4_0,23,1.46.31,task,unsat,1975331,2.223,,12000000000,,2026-10-02T15:45:34,2026-10-02T15:45:36
Random-125-125-2-4_0,23,1.46.72,task,unsat,1182900,1.218,,12000000000,,2026-10-02T15:45:35,2026-10-02T15:45:36
Random-125-125-2-4_0,23,1.46.83,task,unsat,1354805,1.514,,12000000000,,2026-10-02T15:45:35,2026-10-02T15:45:37
Random-125-125-2-4_0,23,1.46.94,task,unsat,927039,1.016,,12000000000,,2026-10-02T15:45:36,2026-10-02T15:45:37
Random-125-125-2-4_0,23,1.46.9,task,unsat,668974,0.681,,12000000000,,2026-10-02T15:45:36,2026-10-02T15:45:37
Random-125-125-2-4_0,23,1.46.36,task,unsat,264961,0.308,,12000000000,,2026-10-02T15:45:37,2026-10-02T15:45:37
Random-125-125-2-4_0,23,1.46.62,task,unsat,233378,0.298,,12000000000,,2026-10-02T15:45:37,2026-10-02T15:45:37
Random-125-125-2-4_0,23,1.46.81,task,unsat,220923,0.274,,12000000000,,2026-10-02T15:45:37,2026-10-02T15:45:37
Random-125-125-2-4_0,23,1.46.50,task,unsat,470078,0.561,,12000000000,,2026-10-02T15:45:37,2026-10-02T15:45:37
Random-125-125-2-4_0,23,1.46.99,task,unsat,420686,0.464,,12000000000,,2026-10-02T15:45:37,2026-10-02T15:45:38
Random-125-125-2-4_0,23,1.46.112,task,unsat,418743,0.487,,12000000000,,2026-10-02T15:45:37,2026-10-02T15:45:38
Random-125-125-2-4_0,23,1.46.17,task,unsat,371915,0.419,,12000000000,,2026-10-02T15:45:37,2026-10-02T15:45:38
Random-125-125-2-4_0,23,1.46.18,task,unsat,209811,0.273,,12000000000,,2026-10-02T15:45:38,2026-10-02T15:45:38
Random-125-125-2-4_0,23,1.46.92,task,unsat,186261,0.242,,12000000000,,2026-10-02T15:45:38,2026-10-02T15:45:38
Random-125-125-2-4_0,23,1.46.40,task,unsat,51613,0.092,,12000000000,,2026-10-02T15:45:38,2026-10-02T15:45:38
Random-125-125-2-4_0,23,1.46.103,task,unsat,256525,0.31,,12000000000,,2026-10-02T15:45:38,2026-10-02T15:45:38
Random-125-125-2-4_0,23,1.46.4,task,unsat,45164,0.08,,12000000000,,2026-10-02T15:45:38,2026-10-02T15:45:38
Random-125-125-2-4_0,23,1.46.24,task,unsat,35301,0.066,,12000000000,,2026-10-02T15:45:38,2026-10-02T15:45:38
Random-125-125-2-4_0,23,1.46.11,task,unsat,3075,0.007,,12000000000,,2026-10-02T15:45:38,2026-10-02T15:45:38
Random-125-125-2-4_0,23,1.46.6,task,unsat,190197,0.236,,12000000000,,2026-10-02T15:45:38,2026-10-02T15:45:38
Random-125-125-2-4_0,23,1.46.37,task,unsat,236779570,226.361,,12000000000,,2026-10-02T15:42:09,2026-10-02T15:45:56
Random-125-125-2-4_0,23,1.46.33,task,unsat,505483033,425.774,,12000000000,,2026-10-02T15:40:50,2026-10-02T15:47:56
Random-125-125-4-1_0,56,44.64,task,unsat,1475240295,1397.037,,6000000000,,2026-10-02T15:26:25,2026-10-02T15:49:42
Random-125-125-4-1_0,56,6.109,task,unsat,1656081319,1449.176,,6000000000,,2026-10-02T15:26:25,2026-10-02T15:50:34
Random-125-125-4-1_0,56,48.44.108,task,unsat,1854024065,1601.56,,12000000000,,2026-10-02T15:26:25,2026-10-02T15:53:07
Random-125-125-4-1_0,56,44.71,task,unsat,1437516528,1625.71,,6000000000,,2026-10-02T15:26:25,2026-10-02T15:53:31
Random-125-125-4-1_0,56,108.6,task,unsat,1595608166,1662.987,,6000000000,,2026-10-02T15:26:25,2026-10-02T15:54:08
Random-125-125-2-4_0,23,1.59.41,task,unsat,111478319,92.121,,12000000000,,2026-10-02T15:54:08,2026-10-02T15:55:40
Random-125-125-4-1_0,56,44.6,task,unsat,1651568782,1792.77,,6000000000,,2026-10-02T15:26:25,2026-10-02T15:56:18
Random-125-125-2-4_0,23,1.27.2,task,unsat,2387138650,1799.433,,12000000000,,2026-10-02T15:26:25,2026-10-02T15:56:25
Random-125-125-2-4_0,23,1.59.35,task,unsat,283126002,200.324,,12000000000,,2026-10-02T15:53:07,2026-10-02T15:56:27
Random-125-125-2-4_0,23,1.59.20,task,unsat,849289092,521.052,,12000000000,,2026-10-02T15:47:56,2026-10-02T15:56:37
Random-125-125-2-4_0,23,1.59.91,task,unsat,28088177,20.541,,12000000000,,2026-10-02T15:56:37,2026-10-02T15:56:57
Random-125-125-2-4_0,23,1.59.8,task,unsat,10789306,7.73,,12000000000,,2026-10-02T15:56:57,2026-10-02T15:57:05
Random-125-125-2-4_0,23,1.59.12,task,unsat,11931345,10.852,,12000000000,,2026-10-02T15:57:05,2026-10-02T15:57:16
Random-125-125-2-4_0,23,1.59.88,task,unsat,57347526,53.496,,12000000000,,2026-10-02T15:56:25,2026-10-02T15:57:18
Random-125-125-2-4_0,23,1.59.63,task,unsat,5056856,4.196,,12000000000,,2026-10-02T15:57:16,2026-10-02T15:57:20
Random-125-125-2-4_0,23,1.59.86,task,unsat,2372900,2.008,,12000000000,,2026-10-02T15:57:20,2026-10-02T15:57:22
Random-125-125-2-4_0,23,1.59.84,task,unsat,5745499,5.899,,12000000000,,2026-10-02T15:57:18,2026-10-02T15:57:24
Random-125-125-2-4_0,23,1.59.98,task,unsat,2970792,2.461,,12000000000,,2026-10-02T15:57:22,2026-10-02T15:57:24
Random-125-125-2-4_0,23,1.59.22,task,unsat,1337998,1.569,,12000000000,,2026-10-02T15:57:24,2026-10-02T15:57:26
Random-125-125-2-4_0,23,1.59.10,task,unsat,2162172,2.368,,12000000000,,2026-10-02T15:57:24,2026-10-02T15:57:27
Random-125-125-2-4_0,23,1.59.32,task,unsat,602894228,465.295,,12000000000,,2026-10-02T15:49:42,2026-10-02T15:57:28
Random-125-125-2-4_0,23,1.59.31,task,unsat,2141467,2.165,,12000000000,,2026-10-02T15:57:26,2026-10-02T15:57:28
Random-125-125-2-4_0,23,1.59.69,task,unsat,785090,0.6,,12000000000,,2026-10-02T15:57:28,2026-10-02T15:57:29
Random-125-125-2-4_0,23,1.59.50,task,unsat,2282315,2.473,,12000000000,,2026-10-02T15:57:27,2026-10-02T15:57:29
Random-125-125-2-4_0,23,1.59.64,task,unsat,1373868,1.482,,12000000000,,2026-10-02T15:57:28,2026-10-02T15:57:29
Random-125-125-2-4_0,23,1.59.72,task,unsat,1268562,0.955,,12000000000,,2026-10-02T15:57:29,2026-10-02T15:57:30
Random-125-125-2-4_0,23,1.59.94,task,unsat,976499,1.118,,12000000000,,2026-10-02T15:57:29,2026-10-02T15:57:30
Random-125-125-2-4_0,23,1.59.9,task,unsat,914420,0.98,,12000000000,,2026-10-02T15:57:29,2026-10-02T15:57:30
Random-125-125-2-4_0,23,1.59.18,task,unsat,820232,0.625,,12000000000,,2026-10-02T15:57:30,2026-10-02T15:57:30
Random-125-125-2-4_0,23,1.59.36,task,unsat,244898,0.316,,12000000000,,2026-10-02T15:57:30,2026-10-02T15:57:30
Random-125-125-2-4_0,23,1.59.81,task,unsat,184096,0.176,,12000000000,,2026-10-02T15:57:30,2026-10-02T15:57:30
Random-125-125-2-4_0,23,1.59.62,task,unsat,331703,0.436,,12000000000,,2026-10-02T15:57:30,2026-10-02T15:57:31
Random-125-125-2-4_0,23,1.59.112,task,unsat,393726,0.329,,12000000000,,2026-10-02T15:57:30,2026-10-02T15:57:31
Random-125-125-2-4_0,23,1.59.17,task,unsat,233363,0.307,,12000000000,,2026-10-02T15:57:31,2026-10-02T15:57:31
Random-125-125-2-4_0,23,1.59.92,task,unsat,155389,0.179,,12000000000,,2026-10-02T15:57:31,2026-10-02T15:57:31
Random-125-125-2-4_0,23,1.59.99,task,unsat,475456,0.572,,12000000000,,2026-10-02T15:57:30,2026-10-02T15:57:31
Random-125-125-2-4_0,23,1.59.40,task,unsat,118748,0.17,,12000000000,,2026-10-02T15:57:31,2026-10-02T15:57:31
Random-125-125-2-4_0,23,1.59.103,task,unsat,275687,0.316,,12000000000,,2026-10-02T15:57:31,2026-10-02T15:57:31
Random-125-125-2-4_0,23,1.59.6,task,unsat,58959,0.102,,12000000000,,2026-10-02T15:57:31,2026-10-02T15:57:31
Random-125-125-2-4_0,23,1.59.109,task,unsat,337618,0.28,,12000000000,,2026-10-02T15:57:31,2026-10-02T15:57:31
Random-125-125-2-4_0,23,1.59.4,task,unsat,53079,0.091,,12000000000,,2026-10-02T15:57:31,2026-10-02T15:57:31
Random-125-125-2-4_0,23,1.59.24,task,unsat,56586,0.095,,12000000000,,2026-10-02T15:57:31,2026-10-02T15:57:31
Random-125-125-2-4_0,23,1.59.87,task,unsat,153397,0.202,,12000000000,,2026-10-02T15:57:31,2026-10-02T15:57:31
Random-125-125-2-4_0,23,1.59.11,task,unsat,8068,0.018,,12000000000,,2026-10-02T15:57:31,2026-10-02T15:57:31
Random-125-125-2-4_0,23,1.59.54,task,unsat,34763,0.063,,12000000000,,2026-10-02T15:57:31,2026-10-02T15:57:31
Random-125-125-2-4_0,23,1.59.82,task,unsat,143046942,120.448,,12000000000,,2026-10-02T15:56:18,2026-10-02T15:58:19
Random-125-125-2-4_0,23,1.59.90,task,unsat,134556446,116.753,,12000000000,,2026-10-02T15:56:27,2026-10-02T15:58:24
Random-125-125-2-4_0,23,1.59.77,task,unsat,223669468,176.359,,12000000000,,2026-10-02T15:55:40,2026-10-02T15:58:37
Random-125-125-2-4_0,23,1.59.37,task,unsat,420078587,373.162,,12000000000,,2026-10-02T15:53:31,2026-10-02T15:59:44
Random-125-125-2-4_0,23,1.85.35,task,unsat,196658192,136.967,,12000000000,,2026-10-02T15:59:44,2026-10-02T16:02:01
Random-125-125-2-4_0,23,1.59.33,task,unsat,985853068,731.147,,12000000000,,2026-10-02T15:50:34,2026-10-02T16:02:46
Random-125-125-2-4_0,23,1.46.2,task,unsat,1857442279,1702.169,,12000000000,,2026-10-02T15:34:50,2026-10-02T16:03:12
Random-125-125-2-4_0,23,1.85.41,task,unsat,133113959,123.962,,12000000000,,2026-10-02T16:02:46,2026-10-02T16:04:50
Random-125-125-2-4_0,23,1.85.77,task,unsat,199571426,125.677,,12000000000,,2026-10-02T16:03:12,2026-10-02T16:05:18
Random-125-125-2-4_0,23,1.85.37,task,unsat,323378257,210.483,,12000000000,,2026-10-02T16:02:01,2026-10-02T16:05:32
Random-125-125-2-4_0,23,1.85.82,task,unsat,93415077,72.471,,12000000000,,2026-10-02T16:04:50,2026-10-02T16:06:02
Random-125-125-2-4_0,23,1.85.32,task,unsat,497699006,469.343,,12000000000,,2026-10-02T15:58:24,2026-10-02T16:06:13
Random-125-125-2-4_0,23,1.85.88,task,unsat,103101848,64.871,,12000000000,,2026-10-02T16:05:18,2026-10-02T16:06:22
Random-125-125-2-4_0,23,1.85.8,task,unsat,12604076,13.378,,12000000000,,2026-10-02T16:06:13,2026-10-02T16:06:27
Random-125-125-2-4_0,23,1.85.91,task,unsat,30602252,27.82,,12000000000,,2026-10-02T16:06:02,2026-10-02T16:06:30
Random-125-125-2-4_0,23,1.85.20,task,unsat,643355293,493.244,,12000000000,,2026-10-02T15:58:19,2026-10-02T16:06:32
Random-125-125-2-4_0,23,1.85.63,task,unsat,4475384,5.153,,12000000000,,2026-10-02T16:06:27,2026-10-02T16:06:32
Random-125-125-2-4_0,23,1.85.84,task,unsat,3990091,3.06,,12000000000,,2026-10-02T16:06:30,2026-10-02T16:06:33
Random-125-125-2-4_0,23,1.85.86,task,unsat,2757522,2.204,,12000000000,,2026-10-02T16:06:32,2026-10-02T16:06:34
Random-125-125-2-4_0,23,1.85.10,task,unsat,1862154,1.4,,12000000000,,2026-10-02T16:06:33,2026-10-02T16:06:34
Random-125-125-2-4_0,23,1.85.22,task,unsat,1462541,1.141,,12000000000,,2026-10-02T16:06:34,2026-10-02T16:06:35
Random-125-125-2-4_0,23,1.85.98,task,unsat,3085675,3.569,,12000000000,,2026-10-02T16:06:32,2026-10-02T16:06:35
Random-125-125-2-4_0,23,1.85.12,task,unsat,12651718,13.382,,12000000000,,2026-10-02T16:06:22,2026-10-02T16:06:36
Random-125-125-2-4_0,23,1.85.36,task,unsat,973206,0.723,,12000000000,,2026-10-02T16:06:35,2026-10-02T16:06:36
Random-125-125-2-4_0,23,1.85.31,task,unsat,2239239,1.749,,12000000000,,2026-10-02T16:06:34,2026-10-02T16:06:36
Random-125-125-2-4_0,23,1.85.69,task,unsat,571253,0.541,,12000000000,,2026-10-02T16:06:36,2026-10-02T16:06:36
Random-125-125-2-4_0,23,1.85.64,task,unsat,1025281,0.828,,12000000000,,2026-10-02T16:06:36,2026-10-02T16:06:37
Random-125-125-2-4_0,23,1.85.62,task,unsat,1297135,1.487,,12000000000,,2026-10-02T16:06:35,2026-10-02T16:06:37
Random-125-125-2-4_0,23,1.85.72,task,unsat,1127276,0.931,,12000000000,,2026-10-02T16:06:36,2026-10-02T16:06:37
Random-125-125-2-4_0,23,1.85.94,task,unsat,898539,0.68,,12000000000,,2026-10-02T16:06:37,2026-10-02T16:06:37
Random-125-125-2-4_0,23,1.85.50,task,unsat,492233,0.394,,12000000000,,2026-10-02T16:06:37,2026-10-02T16:06:37
Random-125-125-2-4_0,23,1.85.81,task,unsat,200737,0.183,,12000000000,,2026-10-02T16:06:37,2026-10-02T16:06:38
Random-125-125-2-4_0,23,1.85.9,task,unsat,781656,0.838,,12000000000,,2026-10-02T16:06:37,2026-10-02T16:06:38
Random-125-125-2-4_0,23,1.85.99,task,unsat,438795,0.354,,12000000000,,2026-10-02T16:06:37,2026-10-02T16:06:38
Random-125-125-2-4_0,23,1.85.83,task,unsat,1350913,1.514,,12000000000,,2026-10-02T16:06:36,2026-10-02T16:06:38
Random-125-125-2-4_0,23,1.85.112,task,unsat,480029,0.379,,12000000000,,2026-10-02T16:06:38,2026-10-02T16:06:38
Random-125-125-2-4_0,23,1.85.18,task,unsat,215158,0.19,,12000000000,,2026-10-02T16:06:38,2026-10-02T16:06:38
Random-125-125-2-4_0,23,1.85.17,task,unsat,238112,0.298,,12000000000,,2026-10-02T16:06:38,2026-10-02T16:06:38
Random-125-125-2-4_0,23,1.85.103,task,unsat,223417,0.193,,12000000000,,2026-10-02T16:06:38,2026-10-02T16:06:38
Random-125-125-2-4_0,23,1.85.109,task,unsat,146869,0.141,,12000000000,,2026-10-02T16:06:38,2026-10-02T16:06:38
Random-125-125-2-4_0,23,1.85.6,task,unsat,65165,0.108,,12000000000,,2026-10-02T16:06:38,2026-10-02T16:06:38
Random-125-125-2-4_0,23,1.85.92,task,unsat,182502,0.242,,12000000000,,2026-10-02T16:06:38,2026-10-02T16:06:38
Random-125-125-2-4_0,23,1.85.40,task,unsat,46077,0.058,,12000000000,,2026-10-02T16:06:38,2026-10-02T16:06:38
Random-125-125-2-4_0,23,1.85.11,task,unsat,2821,0.005,,12000000000,,2026-10-02T16:06:38,2026-10-02T16:06:38
Random-125-125-2-4_0,23,1.85.24,task,unsat,20334,0.042,,12000000000,,2026-10-02T16:06:38,2026-10-02T16:06:38
Random-125-125-2-4_0,23,1.85.4,task,unsat,70591,0.08,,12000000000,,2026-10-02T16:06:38,2026-10-02T16:06:38
Random-125-125-2-4_0,23,1.85.87,task,unsat,59727,0.102,,12000000000,,2026-10-02T16:06:38,2026-10-02T16:06:38
Random-125-125-2-4_0,23,1.85.90,task,unsat,90720751,85.07,,12000000000,,2026-10-02T16:05:32,2026-10-02T16:06:57
Random-125-125-2-4_0,23,1.85.33,task,unsat,673882810,652.975,,12000000000,,2026-10-02T15:58:37,2026-10-02T16:09:30
Random-125-125-2-4_0,23,1.46.111,task,unsat,2974384489,2380.34,,12000000000,,2026-10-02T15:31:50,2026-10-02T16:11:30
Random-125-125-2-4_0,23,1.97.32,task,unsat,356862943,332.826,,12000000000,,2026-10-02T16:06:57,2026-10-02T16:12:30
Random-125-125-2-4_0,23,1.97.35,task,unsat,139902180,98.22,,12000000000,,2026-10-02T16:11:30,2026-10-02T16:13:08
Random-125-125-2-4_0,23,1.97.41,task,unsat,77091932,50.846,,12000000000,,2026-10-02T16:13:08,2026-10-02T16:13:59
Random-125-125-2-4_0,23,1.97.20,task,unsat,471682383,464.201,,12000000000,,2026-10-02T16:06:38,2026-10-02T16:14:22
Random-125-125-2-4_0,23,1.97.77,task,unsat,118533832,78.762,,12000000000,,2026-10-02T16:13:59,2026-10-02T16:15:18
Random-125-125-2-4_0,23,1.97.82,task,unsat,67481542,61.69,,12000000000,,2026-10-02T16:14:22,2026-10-02T16:15:24
Random-125-125-2-4_0,23,1.97.37,task,unsat,248061000,178.425,,12000000000,,2026-10-02T16:12:30,2026-10-02T16:15:28
Random-125-125-2-4_0,23,1.97.91,task,unsat,13096532,16.729,,12000000000,,2026-10-02T16:15:28,2026-10-02T16:15:45
Random-125-125-2-4_0,23,1.97.8,task,unsat,5297011,6.248,,12000000000,,2026-10-02T16:15:45,2026-10-02T16:15:51
Random-125-125-2-4_0,23,1.97.12,task,unsat,4888360,5.696,,12000000000,,2026-10-02T16:15:51,2026-10-02T16:15:57
Random-125-125-2-4_0,23,1.97.88,task,unsat,42361715,40.021,,12000000000,,2026-10-02T16:15:18,2026-10-02T16:15:58
Random-125-125-2-4_0,23,1.97.63,task,unsat,3179374,3.868,,12000000000,,2026-10-02T16:15:57,2026-10-02T16:16:01
Random-125-125-2-4_0,23,1.97.84,task,unsat,2892495,3.383,,12000000000,,2026-10-02T16:15:58,2026-10-02T16:16:02
Random-125-125-2-4_0,23,1.97.86,task,unsat,1808782,2.255,,12000000000,,2026-10-02T16:16:01,2026-10-02T16:16:03
Random-125-125-2-4_0,23,1.97.98,task,unsat,2019847,2.432,,12000000000,,2026-10-02T16:16:02,2026-10-02T16:16:04
Random-125-125-2-4_0,23,1.97.10,task,unsat,1372522,1.609,,12000000000,,2026-10-02T16:16:03,2026-10-02T16:16:04
Random-125-125-2-4_0,23,1.97.22,task,unsat,998518,1.21,,12000000000,,2026-10-02T16:16:04,2026-10-02T16:16:05
Random-125-125-2-4_0,23,1.97.90,task,unsat,37256954,41.571,,12000000000,,2026-10-02T16:15:24,2026-10-02T16:16:06
Random-125-125-2-4_0,23,1.97.64,task,unsat,813686,0.923,,12000000000,,2026-10-02T16:16:05,2026-10-02T16:16:06
Random-125-125-2-4_0,23,1.97.69,task,unsat,435249,0.531,,12000000000,,2026-10-02T16:16:06,2026-10-02T16:16:06
Random-125-125-2-4_0,23,1.97.31,task,unsat,1782581,2.102,,12000000000,,2026-10-02T16:16:04,2026-10-02T16:16:06
Random-125-125-2-4_0,23,1.97.72,task,unsat,857400,1.001,,12000000000,,2026-10-02T16:16:06,2026-10-02T16:16:07
Random-125-125-2-4_0,23,1.97.94,task,unsat,607724,0.722,,12000000000,,2026-10-02T16:16:06,2026-10-02T16:16:07
Random-125-125-2-4_0,23,1.97.83,task,unsat,1031442,1.186,,12000000000,,2026-10-02T16:16:06,2026-10-02T16:16:07
Random-125-125-2-4_0,23,1.97.36,task,unsat,206605,0.271,,12000000000,,2026-10-02T16:16:07,2026-10-02T16:16:07
Random-125-125-2-4_0,23,1.97.9,task,unsat,600250,0.672,,12000000000,,2026-10-02T16:16:07,2026-10-02T16:16:08
Random-125-125-2-4_0,23,1.97.62,task,unsat,234283,0.311,,12000000000,,2026-10-02T16:16:07,2026-10-02T16:16:08
Random-125-125-2-4_0,23,1.97.50,task,unsat,390256,0.47,,12000000000,,2026-10-02T16:16:07,2026-10-02T16:16:08
Random-125-125-2-4_0,23,1.97.81,task,unsat,145330,0.205,,12000000000,,2026-10-02T16:16:08,2026-10-02T16:16:08
Random-125-125-2-4_0,23,1.97.99,task,unsat,237135,0.309,,12000000000,,2026-10-02T16:16:08,2026-10-02T16:16:08
Random-125-125-2-4_0,23,1.97.17,task,unsat,181646,0.244,,12000000000,,2026-10-02T16:16:08,2026-10-02T16:16:08
Random-125-125-2-4_0,23,1.97.112,task,unsat,282543,0.352,,12000000000,,2026-10-02T16:16:08,2026-10-02T16:16:08
Random-125-125-2-4_0,23,1.97.18,task,unsat,160243,0.219,,12000000000,,2026-10-02T16:16:08,2026-10-02T16:16:08
Random-125-125-2-4_0,23,1.97.92,task,unsat,125729,0.184,,12000000000,,2026-10-02T16:16:08,2026-10-02T16:16:08
Random-125-125-2-4_0,23,1.97.103,task,unsat,102117,0.155,,12000000000,,2026-10-02T16:16:08,2026-10-02T16:16:08
Random-125-125-2-4_0,23,1.97.109,task,unsat,106368,0.157,,12000000000,,2026-10-02T16:16:08,2026-10-02T16:16:08
Random-125-125-2-4_0,23,1.97.40,task,unsat,35662,0.067,,12000000000,,2026-10-02T16:16:08,2026-10-02T16:16:08
Random-125-125-2-4_0,23,1.97.6,task,unsat,51505,0.091,,12000000000,,2026-10-02T16:16:08,2026-10-02T16:16:08
Random-125-125-2-4_0,23,1.97.24,task,unsat,12391,0.027,,12000000000,,2026-10-02T16:16:08,2026-10-02T16:16:09
Random-125-125-2-4_0,23,1.97.11,task,unsat,2260,0.006,,12000000000,,2026-10-02T16:16:09,2026-10-02T16:16:09
Random-125-125-2-4_0,23,1.97.4,task,unsat,37770,0.07,,12000000000,,2026-10-02T16:16:08,2026-10-02T16:16:09
Random-125-125-2-4_0,23,1.97.87,task,unsat,46820,0.084,,12000000000,,2026-10-02T16:16:08,2026-10-02T16:16:09
Random-125-125-2-4_0,23,1.97.33,task,unsat,499065316,461.067,,12000000000,,2026-10-02T16:09:30,2026-10-02T16:17:11
Random-125-125-2-4_0,23,1.27.111,task,unsat,3812482191,3072.831,,12000000000,,2026-10-02T15:26:25,2026-10-02T16:17:38
Random-125-125-4-1_0,56,44.108,task,unsat,2956992546,3193.149,,6000000000,,2026-10-02T15:26:25,2026-10-02T16:19:38
Random-125-125-2-4_0,23,1.59.2,task,unsat,2471099099,2044.062,,12000000000,,2026-10-02T15:45:56,2026-10-02T16:20:00
Random-125-125-2-4_0,23,1.111.35,task,unsat,210835906,198.878,,12000000000,,2026-10-02T16:19:38,2026-10-02T16:22:57
Random-125-125-2-4_0,23,1.111.20,task,unsat,672545159,450.468,,12000000000,,2026-10-02T16:16:09,2026-10-02T16:23:39
Random-125-125-2-4_0,23,1.111.32,task,unsat,490825113,396.102,,12000000000,,2026-10-02T16:17:11,2026-10-02T16:23:47
Random-125-125-2-4_0,23,1.111.41,task,unsat,103314303,71.481,,12000000000,,2026-10-02T16:22:57,2026-10-02T16:24:09
Random-125-125-2-4_0,23,1.111.88,task,unsat,52481070,34.546,,12000000000,,2026-10-02T16:24:09,2026-10-02T16:24:43
Random-125-125-2-4_0,23,1.111.37,task,unsat,321180046,285.385,,12000000000,,2026-10-02T16:20:00,2026-10-02T16:24:45
Random-125-125-2-4_0,23,1.111.33,task,unsat,705123152,430.825,,12000000000,,2026-10-02T16:17:38,2026-10-02T16:24:49
Random-125-125-2-4_0,23,1.111.63,task,unsat,110731006,74.708,,12000000000,,2026-10-02T16:23:39,2026-10-02T16:24:54
Random-125-125-2-4_0,23,1.111.8,task,unsat,10274217,8.264,,12000000000,,2026-10-02T16:24:49,2026-10-02T16:24:57
Random-125-125-2-4_0,23,1.111.84,task,unsat,4192477,2.971,,12000000000,,2026-10-02T16:24:57,2026-10-02T16:25:00
Random-125-125-2-4_0,23,1.111.86,task,unsat,2431993,1.815,,12000000000,,2026-10-02T16:25:00,2026-10-02T16:25:02
Random-125-125-2-4_0,23,1.111.12,task,unsat,10663626,10.228,,12000000000,,2026-10-02T16:24:54,2026-10-02T16:25:04
Random-125-125-2-4_0,23,1.111.98,task,unsat,2959267,2.105,,12000000000,,2026-10-02T16:25:02,2026-10-02T16:25:04
Random-125-125-2-4_0,23,1.111.22,task,unsat,1418997,1.51,,12000000000,,2026-10-02T16:25:04,2026-10-02T16:25:06
Random-125-125-2-4_0,23,1.111.10,task,unsat,1870396,1.887,,12000000000,,2026-10-02T16:25:04,2026-10-02T16:25:06
Random-125-125-2-4_0,23,1.111.91,task,unsat,22478264,21.554,,12000000000,,2026-10-02T16:24:45,2026-10-02T16:25:07
Random-125-125-2-4_0,23,1.111.64,task,unsat,1164039,1.154,,12000000000,,2026-10-02T16:25:06,2026-10-02T16:25:07
Random-125-125-2-4_0,23,1.111.69,task,unsat,778749,0.806,,12000000000,,2026-10-02T16:25:07,2026-10-02T16:25:08
Random-125-125-2-4_0,23,1.111.31,task,unsat,1988827,2.096,,12000000000,,2026-10-02T16:25:06,2026-10-02T16:25:08
Random-125-125-2-4_0,23,1.111.81,task,unsat,673732,0.719,,12000000000,,2026-10-02T16:25:08,2026-10-02T16:25:08
Random-125-125-2-4_0,23,1.111.72,task,unsat,1263923,1.296,,12000000000,,2026-10-02T16:25:07,2026-10-02T16:25:08
Random-125-125-2-4_0,23,1.111.9,task,unsat,771784,0.771,,12000000000,,2026-10-02T16:25:08,2026-10-02T16:25:09
Random-125-125-2-4_0,23,1.111.94,task,unsat,850452,0.887,,12000000000,,2026-10-02T16:25:08,2026-10-02T16:25:09
Random-125-125-2-4_0,23,1.111.83,task,unsat,1542703,1.572,,12000000000,,2026-10-02T16:25:08,2026-10-02T16:25:09
Random-125-125-2-4_0,23,1.111.36,task,unsat,276908,0.315,,12000000000,,2026-10-02T16:25:09,2026-10-02T16:25:09
Random-125-125-2-4_0,23,1.111.62,task,unsat,327584,0.373,,12000000000,,2026-10-02T16:25:09,2026-10-02T16:25:10
Random-125-125-2-4_0,23,1.111.50,task,unsat,551042,0.578,,12000000000,,2026-10-02T16:25:09,2026-10-02T16:25:10
Random-125-125-2-4_0,23,1.111.112,task,unsat,482747,0.506,,12000000000,,2026-10-02T16:25:09,2026-10-02T16:25:10
Random-125-125-2-4_0,23,1.111.17,task,unsat,265632,0.301,,12000000000,,2026-10-02T16:25:10,2026-10-02T16:25:10
Random-125-125-2-4_0,23,1.111.18,task,unsat,279253,0.314,,12000000000,,2026-10-02T16:25:10,2026-10-02T16:25:10
Random-125-125-2-4_0,23,1.111.92,task,unsat,210415,0.258,,12000000000,,2026-10-02T16:25:10,2026-10-02T16:25:10
Random-125-125-2-4_0,23,1.111.6,task,unsat,72421,0.107,,12000000000,,2026-10-02T16:25:10,2026-10-02T16:25:10
Random-125-125-2-4_0,23,1.111.109,task,unsat,153561,0.188,,12000000000,,2026-10-02T16:25:10,2026-10-02T16:25:10
Random-125-125-2-4_0,23,1.111.103,task,unsat,264597,0.299,,12000000000,,2026-10-02T16:25:10,2026-10-02T16:25:10
Random-125-125-2-4_0,23,1.111.24,task,unsat,27497,0.049,,12000000000,,2026-10-02T16:25:10,2026-10-02T16:25:10
Random-125-125-2-4_0,23,1.111.11,task,unsat,2907,0.006,,12000000000,,2026-10-02T16:25:10,2026-10-02T16:25:10
Random-125-125-2-4_0,23,1.111.40,task,unsat,60783,0.094,,12000000000,,2026-10-02T16:25:10,2026-10-02T16:25:10
Random-125-125-2-4_0,23,1.111.4,task,unsat,74611,0.106,,12000000000,,2026-10-02T16:25:10,2026-10-02T16:25:10
Random-125-125-2-4_0,23,1.111.82,task,unsat,107101287,89.533,,12000000000,,2026-10-02T16:23:47,2026-10-02T16:25:16
Random-125-125-2-4_0,23,1.111.90,task,unsat,55934764,37.499,,12000000000,,2026-10-02T16:24:43,2026-10-02T16:25:21
Random-125-125-2-4_0,23,1.97.2,task,unsat,1564447551,1213.744,,12000000000,,2026-10-02T16:06:38,2026-10-02T16:26:52
Random-125-125-2-4_0,23,1.2.35,task,unsat,186907080,113.857,,12000000000,,2026-10-02T16:25:21,2026-10-02T16:27:15
Random-125-125-2-4_0,23,1.2.41,task,unsat,107475108,95.951,,12000000000,,2026-10-02T16:27:15,2026-10-02T16:28:51
Random-125-125-2-4_0,23,1.85.2,task,unsat,2151225553,1901.918,,12000000000,,2026-10-02T15:57:31,2026-10-02T16:29:13
Random-125-125-2-4_0,23,1.2.32,task,unsat,411149792,300.176,,12000000000,,2026-10-02T16:25:10,2026-10-02T16:30:11
Random-125-125-2-4_0,23,1.2.78,task,unsat,71481981,64.99,,12000000000,,2026-10-02T16:29:13,2026-10-02T16:30:18
Random-125-125-2-4_0,23,1.2.88,task,unsat,41505198,28.735,,12000000000,,2026-10-02T16:30:18,2026-10-02T16:30:47
Random-125-125-2-4_0,23,1.2.77,task,unsat,163111532,122.169,,12000000000,,2026-10-02T16:28:51,2026-10-02T16:30:53
Random-125-125-2-4_0,23,1.2.82,task,unsat,54506964,55.845,,12000000000,,2026-10-02T16:30:11,2026-10-02T16:31:06
Random-125-125-2-4_0,23,1.2.91,task,unsat,12548308,13.674,,12000000000,,2026-10-02T16:30:53,2026-10-02T16:31:07
Random-125-125-2-4_0,23,1.2.12,task,unsat,6032384,6.71,,12000000000,,2026-10-02T16:31:07,2026-10-02T16:31:13
Random-125-125-2-4_0,23,1.2.8,task,unsat,6156710,6.869,,12000000000,,2026-10-02T16:31:06,2026-10-02T16:31:13
Random-125-125-2-4_0,23,1.2.63,task,unsat,2850332,3.236,,12000000000,,2026-10-02T16:31:13,2026-10-02T16:31:17
Random-125-125-2-4_0,23,1.2.53,task,unsat,3617814,4.212,,12000000000,,2026-10-02T16:31:13,2026-10-02T16:31:17
Random-125-125-2-4_0,23,1.2.86,task,unsat,1602247,1.856,,12000000000,,2026-10-02T16:31:17,2026-10-02T16:31:19
Random-125-125-2-4_0,23,1.2.84,task,unsat,2542400,2.847,,12000000000,,2026-10-02T16:31:17,2026-10-02T16:31:19
Random-125-125-2-4_0,23,1.2.90,task,unsat,40044330,32.954,,12000000000,,2026-10-02T16:30:47,2026-10-02T16:31:20
Random-125-125-2-4_0,23,1.2.15,task,unsat,821220,0.637,,12000000000,,2026-10-02T16:31:20,2026-10-02T16:31:21
Random-125-125-2-4_0,23,1.2.10,task,unsat,1220558,1.347,,12000000000,,2026-10-02T16:31:19,2026-10-02T16:31:21
Random-125-125-2-4_0,23,1.2.22,task,unsat,871088,0.703,,12000000000,,2026-10-02T16:31:21,2026-10-02T16:31:21
Random-125-125-2-4_0,23,1.2.98,task,unsat,1891522,2.12,,12000000000,,2026-10-02T16:31:19,2026-10-02T16:31:21
Random-125-125-2-4_0,23,1.2.64,task,unsat,631121,0.472,,12000000000,,2026-10-02T16:31:21,2026-10-02T16:31:22
Random-125-125-2-4_0,23,1.2.31,task,unsat,1101968,1.246,,12000000000,,2026-10-02T16:31:21,2026-10-02T16:31:22
Random-125-125-2-4_0,23,1.2.57,task,unsat,592019,0.708,,12000000000,,2026-10-02T16:31:21,2026-10-02T16:31:22
Random-125-125-2-4_0,23,1.2.69,task,unsat,304685,0.262,,12000000000,,2026-10-02T16:31:22,2026-10-02T16:31:22
Random-125-125-2-4_0,23,1.2.72,task,unsat,670634,0.589,,12000000000,,2026-10-02T16:31:22,2026-10-02T16:31:23
Random-125-125-2-4_0,23,1.2.94,task,unsat,432964,0.51,,12000000000,,2026-10-02T16:31:22,2026-10-02T16:31:23
Random-125-125-2-4_0,23,1.2.83,task,unsat,796231,0.845,,12000000000,,2026-10-02T16:31:22,2026-10-02T16:31:23
Random-125-125-2-4_0,23,1.2.119,task,unsat,337530,0.403,,12000000000,,2026-10-02T16:31:23,2026-10-02T16:31:23
Random-125-125-2-4_0,23,1.2.36,task,unsat,99897,0.149,,12000000000,,2026-10-02T16:31:23,2026-10-02T16:31:23
Random-125-125-2-4_0,23,1.2.9,task,unsat,452965,0.462,,12000000000,,2026-10-02T16:31:23,2026-10-02T16:31:23
Random-125-125-2-4_0,23,1.2.81,task,unsat,64799,0.079,,12000000000,,2026-10-02T16:31:23,2026-10-02T16:31:23
Random-125-125-2-4_0,23,1.2.62,task,unsat,125857,0.176,,12000000000,,2026-10-02T16:31:23,2026-10-02T16:31:23
Random-125-125-2-4_0,23,1.2.50,task,unsat,273551,0.333,,12000000000,,2026-10-02T16:31:23,2026-10-02T16:31:23
Random-125-125-2-4_0,23,1.2.99,task,unsat,86951,0.101,,12000000000,,2026-10-02T16:31:23,2026-10-02T16:31:23
Random-125-125-2-4_0,23,1.2.17,task,unsat,92574,0.141,,12000000000,,2026-10-02T16:31:23,2026-10-02T16:31:23
Random-125-125-2-4_0,23,1.2.18,task,unsat,85196,0.093,,12000000000,,2026-10-02T16:31:23,2026-10-02T16:31:23
Random-125-125-2-4_0,23,1.2.112,task,unsat,160724,0.213,,12000000000,,2026-10-02T16:31:23,2026-10-02T16:31:23
Random-125-125-2-4_0,23,1.2.103,task,unsat,23479,0.036,,12000000000,,2026-10-02T16:31:23,2026-10-02T16:31:23
Random-125-125-2-4_0,23,1.2.40,task,unsat,31169,0.042,,12000000000,,2026-10-02T16:31:23,2026-10-02T16:31:24
Random-125-125-2-4_0,23,1.2.92,task,unsat,89998,0.135,,12000000000,,2026-10-02T16:31:23,2026-10-02T16:31:24
Random-125-125-2-4_0,23,1.2.4,task,unsat,38198,0.047,,12000000000,,2026-10-02T16:31:24,2026-10-02T16:31:24
Random-125-125-2-4_0,23,1.2.109,task,unsat,68882,0.111,,12000000000,,2026-10-02T16:31:23,2026-10-02T16:31:24
Random-125-125-2-4_0,23,1.2.24,task,unsat,6609,0.01,,12000000000,,2026-10-02T16:31:24,2026-10-02T16:31:24
Random-125-125-2-4_0,23,1.2.11,task,unsat,1697,0.004,,12000000000,,2026-10-02T16:31:24,2026-10-02T16:31:24
Random-125-125-2-4_0,23,1.2.87,task,unsat,36867,0.068,,12000000000,,2026-10-02T16:31:24,2026-10-02T16:31:24
Random-125-125-2-4_0,23,1.2.37,task,unsat,356373695,297.639,,12000000000,,2026-10-02T16:26:52,2026-10-02T16:31:50
Random-125-125-2-4_0,23,1.46.85,task,unsat,5468843356,3813.639,,12000000000,,2026-10-02T15:29:22,2026-10-02T16:32:55
Random-125-125-2-4_0,23,1.2.33,task,unsat,673906551,529.451,,12000000000,,2026-10-02T16:25:16,2026-10-02T16:34:06
Random-125-125-2-4_0,23,1.46.97,task,unsat,4367659954,3917.782,,12000000000,,2026-10-02T15:30:06,2026-10-02T16:35:24
Random-125-125-2-4_0,23,1.2.20,task,unsat,689870166,619.854,,12000000000,,2026-10-02T16:25:10,2026-10-02T16:35:30
Random-125-125-2-4_0,23,1.2.5,task,unsat,1493032239,979.379,,12000000000,,2026-10-02T16:25:10,2026-10-02T16:41:30
Random-125-125-2-4_0,23,27.59.32,task,unsat,449975093,373.353,,12000000000,,2026-10-02T16:35:30,2026-10-02T16:41:44
Random-125-125-2-4_0,23,1.59.111,task,unsat,4551286038,3467.857,,12000000000,,2026-10-02T15:45:38,2026-10-02T16:43:26
Random-125-125-2-4_0,23,27.59.20,task,unsat,629344400,534.2,,12000000000,,2026-10-02T16:35:24,2026-10-02T16:44:18
Random-125-125-2-4_0,23,1.27.97,task,unsat,5492622937,4680.281,,12000000000,,2026-10-02T15:26:25,2026-10-02T16:44:26
Random-125-125-2-4_0,23,27.59.35,task,unsat,190210645,170.105,,12000000000,,2026-10-02T16:41:44,2026-10-02T16:44:34
Random-125-125-2-4_0,23,1.85.111,task,unsat,3524616214,2870.147,,12000000000,,2026-10-02T15:57:31,2026-10-02T16:45:22
Random-125-125-2-4_0,23,27.59.88,task,unsat,78831142,50.467,,12000000000,,2026-10-02T16:44:34,2026-10-02T16:45:24
Random-125-125-2-4_0,23,27.59.91,task,unsat,21320951,22.397,,12000000000,,2026-10-02T16:45:24,2026-10-02T16:45:47
Random-125-125-2-4_0,23,27.59.8,task,unsat,9702345,10.434,,12000000000,,2026-10-02T16:45:47,2026-10-02T16:45:57
Random-125-125-2-4_0,23,27.59.82,task,unsat,103800800,97.958,,12000000000,,2026-10-02T16:44:26,2026-10-02T16:46:04
Random-125-125-2-4_0,23,27.59.12,task,unsat,10314091,10.996,,12000000000,,2026-10-02T16:45:57,2026-10-02T16:46:08
Random-125-125-2-4_0,23,27.59.22,task,unsat,6099592,6.714,,12000000000,,2026-10-02T16:46:04,2026-10-02T16:46:10
Random-125-125-2-4_0,23,27.59.63,task,unsat,3842518,4.084,,12000000000,,2026-10-02T16:46:08,2026-10-02T16:46:12
Random-125-125-2-4_0,23,27.59.86,task,unsat,1754844,2.085,,12000000000,,2026-10-02T16:46:12,2026-10-02T16:46:14
Random-125-125-2-4_0,23,27.59.90,task,unsat,50255519,52.625,,12000000000,,2026-10-02T16:45:22,2026-10-02T16:46:14
Random-125-125-2-4_0,23,27.59.84,task,unsat,3833297,4.121,,12000000000,,2026-10-02T16:46:10,2026-10-02T16:46:14
Random-125-125-2-4_0,23,27.59.10,task,unsat,1802183,2.017,,12000000000,,2026-10-02T16:46:14,2026-10-02T16:46:16
Random-125-125-2-4_0,23,27.59.50,task,unsat,1865125,1.944,,12000000000,,2026-10-02T16:46:14,2026-10-02T16:46:16
Random-125-125-2-4_0,23,27.59.31,task,unsat,1919809,2.283,,12000000000,,2026-10-02T16:46:14,2026-10-02T16:46:16
Random-125-125-2-4_0,23,27.59.69,task,unsat,744635,0.849,,12000000000,,2026-10-02T16:46:16,2026-10-02T16:46:17
Random-125-125-2-4_0,23,27.59.64,task,unsat,1226285,1.329,,12000000000,,2026-10-02T16:46:16,2026-10-02T16:46:18
Random-125-125-2-4_0,23,27.59.72,task,unsat,1003895,1.149,,12000000000,,2026-10-02T16:46:16,2026-10-02T16:46:18
Random-125-125-2-4_0,23,27.59.98,task,unsat,725224,0.854,,12000000000,,2026-10-02T16:46:17,2026-10-02T16:46:18
Random-125-125-2-4_0,23,27.59.17,task,unsat,474079,0.562,,12000000000,,2026-10-02T16:46:18,2026-10-02T16:46:18
Random-125-125-2-4_0,23,27.59.36,task,unsat,239081,0.309,,12000000000,,2026-10-02T16:46:18,2026-10-02T16:46:18
Random-125-125-2-4_0,23,27.59.9,task,unsat,802099,0.874,,12000000000,,2026-10-02T16:46:18,2026-10-02T16:46:18
Random-125-125-2-4_0,23,27.59.62,task,unsat,302200,0.391,,12000000000,,2026-10-02T16:46:18,2026-10-02T16:46:19
Random-125-125-2-4_0,23,27.59.81,task,unsat,176497,0.24,,12000000000,,2026-10-02T16:46:18,2026-10-02T16:46:19
Random-125-125-2-4_0,23,27.59.94,task,unsat,410840,0.489,,12000000000,,2026-10-02T16:46:18,2026-10-02T16:46:19
Random-125-125-2-4_0,23,27.59.112,task,unsat,330443,0.402,,12000000000,,2026-10-02T16:46:19,2026-10-02T16:46:19
Random-125-125-2-4_0,23,27.59.99,task,unsat,478060,0.573,,12000000000,,2026-10-02T16:46:19,2026-10-02T16:46:19
Random-125-125-2-4_0,23,27.59.18,task,unsat,255550,0.317,,12000000000,,2026-10-02T16:46:19,2026-10-02T16:46:19
Random-125-125-2-4_0,23,27.59.92,task,unsat,141088,0.201,,12000000000,,2026-10-02T16:46:19,2026-10-02T16:46:19
Random-125-125-2-4_0,23,27.59.40,task,unsat,95474,0.143,,12000000000,,2026-10-02T16:46:19,2026-10-02T16:46:19
Random-125-125-2-4_0,23,27.59.103,task,unsat,228349,0.295,,12000000000,,2026-10-02T16:46:19,2026-10-02T16:46:19
Random-125-125-2-4_0,23,27.59.6,task,unsat,61529,0.102,,12000000000,,2026-10-02T16:46:19,2026-10-02T16:46:19
Random-125-125-2-4_0,23,27.59.4,task,unsat,42020,0.076,,12000000000,,2026-10-02T16:46:19,2026-10-02T16:46:20
Random-125-125-2-4_0,23,27.59.109,task,unsat,289357,0.345,,12000000000,,2026-10-02T16:46:19,2026-10-02T16:46:20
Random-125-125-2-4_0,23,27.59.54,task,unsat,21738,0.043,,12000000000,,2026-10-02T16:46:20,2026-10-02T16:46:20
Random-125-125-2-4_0,23,27.59.11,task,unsat,2980,0.007,,12000000000,,2026-10-02T16:46:20,2026-10-02T16:46:20
Random-125-125-2-4_0,23,27.59.87,task,unsat,134866,0.182,,12000000000,,2026-10-02T16:46:19,2026-10-02T16:46:20
Random-125-125-2-4_0,23,27.59.24,task,unsat,50114,0.087,,12000000000,,2026-10-02T16:46:20,2026-10-02T16:46:20
Random-125-125-2-4_0,23,1.111.2,task,unsat,2007808796,1832.032,,12000000000,,2026-10-02T16:16:09,2026-10-02T16:46:41
Random-125-125-2-4_0,23,27.59.77,task,unsat,171162742,165.981,,12000000000,,2026-10-02T16:44:18,2026-10-02T16:47:04
Random-125-125-2-4_0,23,27.59.37,task,unsat,279646960,254.876,,12000000000,,2026-10-02T16:43:26,2026-10-02T16:47:41
Random-125-125-2-4_0,23,27.59.33,task,unsat,680464186,524.851,,12000000000,,2026-10-02T16:41:30,2026-10-02T16:50:15
Random-125-125-2-4_0,23,1.59.97,task,unsat,5472168804,3981.963,,12000000000,,2026-10-02T15:45:38,2026-10-02T16:52:00
Random-125-125-2-4_0,23,1.111.77,task,unsat,2885795303,2196.309,,12000000000,,2026-10-02T16:16:09,2026-10-02T16:52:45
Random-125-125-2-4_0,23,1.97.116,task,unsat,3267352843,2783.163,,12000000000,,2026-10-02T16:06:38,2026-10-02T16:53:01
Random-125-125-2-4_0,23,27.85.32,task,unsat,450226256,387.378,,12000000000,,2026-10-02T16:47:41,2026-10-02T16:54:08
Random-125-125-2-4_0,23,27.85.35,task,unsat,175006338,161.051,,12000000000,,2026-10-02T16:52:00,2026-10-02T16:54:41
Random-125-125-2-4_0,23,27.85.77,task,unsat,198292662,119.69,,12000000000,,2026-10-02T16:53:01,2026-10-02T16:55:01
Random-125-125-2-4_0,23,27.85.90,task,unsat,55378296,36.388,,12000000000,,2026-10-02T16:55:01,2026-10-02T16:55:37
Random-125-125-2-4_0,23,27.85.91,task,unsat,31567193,19.921,,12000000000,,2026-10-02T16:55:37,2026-10-02T16:55:57
Random-125-125-2-4_0,23,27.85.82,task,unsat,112702598,109.24,,12000000000,,2026-10-02T16:54:08,2026-10-02T16:55:58
Random-125-125-2-4_0,23,27.85.37,task,unsat,259899434,198.053,,12000000000,,2026-10-02T16:52:45,2026-10-02T16:56:03
Random-125-125-2-4_0,23,27.85.8,task,unsat,13522780,9.174,,12000000000,,2026-10-02T16:55:57,2026-10-02T16:56:07
Random-125-125-2-4_0,23,27.85.63,task,unsat,3541901,2.706,,12000000000,,2026-10-02T16:56:07,2026-10-02T16:56:09
Random-125-125-2-4_0,23,27.85.12,task,unsat,12781906,12.288,,12000000000,,2026-10-02T16:55:58,2026-10-02T16:56:10
Random-125-125-2-4_0,23,27.85.22,task,unsat,8043933,7.843,,12000000000,,2026-10-02T16:56:03,2026-10-02T16:56:11
Random-125-125-2-4_0,23,27.85.84,task,unsat,3219357,2.417,,12000000000,,2026-10-02T16:56:09,2026-10-02T16:56:12
Random-125-125-2-4_0,23,27.85.86,task,unsat,2058018,2.215,,12000000000,,2026-10-02T16:56:10,2026-10-02T16:56:12
Random-125-125-2-4_0,23,27.85.10,task,unsat,1581739,1.642,,12000000000,,2026-10-02T16:56:11,2026-10-02T16:56:12
Random-125-125-2-4_0,23,27.85.36,task,unsat,852572,0.901,,12000000000,,2026-10-02T16:56:12,2026-10-02T16:56:13
Random-125-125-2-4_0,23,27.85.62,task,unsat,1058203,1.14,,12000000000,,2026-10-02T16:56:12,2026-10-02T16:56:14
Random-125-125-2-4_0,23,27.85.31,task,unsat,2100442,2.265,,12000000000,,2026-10-02T16:56:12,2026-10-02T16:56:14
Random-125-125-2-4_0,23,27.85.64,task,unsat,915665,0.939,,12000000000,,2026-10-02T16:56:13,2026-10-02T16:56:14
Random-125-125-2-4_0,23,27.85.69,task,unsat,563273,0.608,,12000000000,,2026-10-02T16:56:14,2026-10-02T16:56:14
Random-125-125-2-4_0,23,27.85.98,task,unsat,641338,0.691,,12000000000,,2026-10-02T16:56:14,2026-10-02T16:56:15
Random-125-125-2-4_0,23,27.85.72,task,unsat,917860,0.962,,12000000000,,2026-10-02T16:56:14,2026-10-02T16:56:15
Random-125-125-2-4_0,23,27.85.20,task,unsat,565822483,550.819,,12000000000,,2026-10-02T16:47:04,2026-10-02T16:56:15
Random-125-125-2-4_0,23,27.85.83,task,unsat,1186892,1.251,,12000000000,,2026-10-02T16:56:14,2026-10-02T16:56:15
Random-125-125-2-4_0,23,27.85.50,task,unsat,387000,0.35,,12000000000,,2026-10-02T16:56:15,2026-10-02T16:56:15
Random-125-125-2-4_0,23,27.85.17,task,unsat,448205,0.477,,12000000000,,2026-10-02T16:56:15,2026-10-02T16:56:15
Random-125-125-2-4_0,23,27.85.81,task,unsat,199313,0.24,,12000000000,,2026-10-02T16:56:15,2026-10-02T16:56:16
Random-125-125-2-4_0,23,27.85.9,task,unsat,707586,0.721,,12000000000,,2026-10-02T16:56:15,2026-10-02T16:56:16
Random-125-125-2-4_0,23,27.85.99,task,unsat,389242,0.306,,12000000000,,2026-10-02T16:56:15,2026-10-02T16:56:16
Random-125-125-2-4_0,23,27.85.92,task,unsat,183989,0.223,,12000000000,,2026-10-02T16:56:16,2026-10-02T16:56:16
Random-125-125-2-4_0,23,27.85.94,task,unsat,364452,0.41,,12000000000,,2026-10-02T16:56:15,2026-10-02T16:56:16
Random-125-125-2-4_0,23,27.85.103,task,unsat,191279,0.169,,12000000000,,2026-10-02T16:56:16,2026-10-02T16:56:16
Random-125-125-2-4_0,23,27.85.18,task,unsat,100904,0.143,,12000000000,,2026-10-02T16:56:16,2026-10-02T16:56:16
Random-125-125-2-4_0,23,27.85.112,task,unsat,359940,0.396,,12000000000,,2026-10-02T16:56:16,2026-10-02T16:56:16
Random-125-125-2-4_0,23,27.85.109,task,unsat,143728,0.184,,12000000000,,2026-10-02T16:56:16,2026-10-02T16:56:16
Random-125-125-2-4_0,23,27.85.6,task,unsat,69093,0.109,,12000000000,,2026-10-02T16:56:16,2026-10-02T16:56:16
Random-125-125-2-4_0,23,27.85.40,task,unsat,44263,0.076,,12000000000,,2026-10-02T16:56:16,2026-10-02T16:56:16
Random-125-125-2-4_0,23,27.85.11,task,unsat,961,0.003,,12000000000,,2026-10-02T16:56:16,2026-10-02T16:56:16
Random-125-125-2-4_0,23,27.85.4,task,unsat,51072,0.082,,12000000000,,2026-10-02T16:56:16,2026-10-02T16:56:16
Random-125-125-2-4_0,23,27.85.24,task,unsat,19061,0.04,,12000000000,,2026-10-02T16:56:16,2026-10-02T16:56:16
Random-125-125-2-4_0,23,27.85.87,task,unsat,54967,0.089,,12000000000,,2026-10-02T16:56:16,2026-10-02T16:56:16
Random-125-125-2-4_0,23,27.85.88,task,unsat,125980781,103.844,,12000000000,,2026-10-02T16:54:41,2026-10-02T16:56:25
Random-125-125-2-4_0,23,1.27.85,task,unsat,6806625783,5472.884,,12000000000,,2026-10-02T15:26:25,2026-10-02T16:57:38
Random-125-125-2-4_0,23,27.59.2,task,unsat,1916621645,1417.378,,12000000000,,2026-10-02T16:34:06,2026-10-02T16:57:43
Random-125-125-2-4_0,23,27.85.33,task,unsat,569852765,515.776,,12000000000,,2026-10-02T16:50:15,2026-10-02T16:58:50
Random-125-125-2-4_0,23,27.97.20,task,unsat,382331223,245.806,,12000000000,,2026-10-02T16:56:25,2026-10-02T17:00:31
Random-125-125-2-4_0,23,27.97.35,task,unsat,111148834,100.782,,12000000000,,2026-10-02T16:58:50,2026-10-02T17:00:31
Random-125-125-2-4_0,23,27.97.77,task,unsat,106340367,66.606,,12000000000,,2026-10-02T17:00:31,2026-10-02T17:01:38
Random-125-125-2-4_0,23,27.97.82,task,unsat,56282076,34.993,,12000000000,,2026-10-02T17:01:38,2026-10-02T17:02:13
Random-125-125-2-4_0,23,27.97.32,task,unsat,289386767,287.713,,12000000000,,2026-10-02T16:57:38,2026-10-02T17:02:26
Random-125-125-2-4_0,23,27.97.88,task,unsat,51858469,31.988,,12000000000,,2026-10-02T17:02:13,2026-10-02T17:02:45
Random-125-125-2-4_0,23,27.97.90,task,unsat,29529428,21.055,,12000000000,,2026-10-02T17:02:26,2026-10-02T17:02:47
Random-125-125-2-4_0,23,27.97.8,task,unsat,6168200,6.418,,12000000000,,2026-10-02T17:02:47,2026-10-02T17:02:53
Random-125-125-2-4_0,23,27.97.91,task,unsat,12865951,11.863,,12000000000,,2026-10-02T17:02:45,2026-10-02T17:02:57
Random-125-125-2-4_0,23,27.97.12,task,unsat,4715954,5.033,,12000000000,,2026-10-02T17:02:53,2026-10-02T17:02:58
Random-125-125-2-4_0,23,27.97.22,task,unsat,3943514,4.293,,12000000000,,2026-10-02T17:02:57,2026-10-02T17:03:01
Random-125-125-2-4_0,23,27.97.63,task,unsat,2541389,2.729,,12000000000,,2026-10-02T17:02:58,2026-10-02T17:03:01
Random-125-125-2-4_0,23,27.97.86,task,unsat,1343730,1.469,,12000000000,,2026-10-02T17:03:01,2026-10-02T17:03:03
Random-125-125-2-4_0,23,27.97.84,task,unsat,2328457,2.456,,12000000000,,2026-10-02T17:03:01,2026-10-02T17:03:03
Random-125-125-2-4_0,23,27.97.10,task,unsat,1176381,1.235,,12000000000,,2026-10-02T17:03:03,2026-10-02T17:03:04
Random-125-125-2-4_0,23,27.97.64,task,unsat,725135,0.758,,12000000000,,2026-10-02T17:03:04,2026-10-02T17:03:05
Random-125-125-2-4_0,23,27.97.31,task,unsat,1636747,1.771,,12000000000,,2026-10-02T17:03:03,2026-10-02T17:03:05
Random-125-125-2-4_0,23,27.97.69,task,unsat,449520,0.497,,12000000000,,2026-10-02T17:03:05,2026-10-02T17:03:05
Random-125-125-2-4_0,23,27.97.72,task,unsat,690360,0.751,,12000000000,,2026-10-02T17:03:05,2026-10-02T17:03:06
Random-125-125-2-4_0,23,27.97.83,task,unsat,893674,0.956,,12000000000,,2026-10-02T17:03:05,2026-10-02T17:03:06
Random-125-125-2-4_0,23,27.97.98,task,unsat,471208,0.528,,12000000000,,2026-10-02T17:03:06,2026-10-02T17:03:06
Random-125-125-2-4_0,23,27.97.9,task,unsat,552221,0.573,,12000000000,,2026-10-02T17:03:06,2026-10-02T17:03:07
Random-125-125-2-4_0,23,27.97.17,task,unsat,359670,0.399,,12000000000,,2026-10-02T17:03:06,2026-10-02T17:03:07
Random-125-125-2-4_0,23,27.97.36,task,unsat,171621,0.216,,12000000000,,2026-10-02T17:03:07,2026-10-02T17:03:07
Random-125-125-2-4_0,23,27.97.62,task,unsat,184424,0.235,,12000000000,,2026-10-02T17:03:07,2026-10-02T17:03:07
Random-125-125-2-4_0,23,27.97.50,task,unsat,304815,0.348,,12000000000,,2026-10-02T17:03:07,2026-10-02T17:03:07
Random-125-125-2-4_0,23,27.97.81,task,unsat,138791,0.181,,12000000000,,2026-10-02T17:03:07,2026-10-02T17:03:07
Random-125-125-2-4_0,23,27.97.94,task,unsat,227581,0.271,,12000000000,,2026-10-02T17:03:07,2026-10-02T17:03:07
Random-125-125-2-4_0,23,27.97.99,task,unsat,226340,0.269,,12000000000,,2026-10-02T17:03:07,2026-10-02T17:03:08
Random-125-125-2-4_0,23,27.97.112,task,unsat,212919,0.252,,12000000000,,2026-10-02T17:03:07,2026-10-02T17:03:08
Random-125-125-2-4_0,23,27.97.92,task,unsat,128679,0.169,,12000000000,,2026-10-02T17:03:08,2026-10-02T17:03:08
Random-125-125-2-4_0,23,27.97.103,task,unsat,92558,0.133,,12000000000,,2026-10-02T17:03:08,2026-10-02T17:03:08
Random-125-125-2-4_0,23,27.97.18,task,unsat,81564,0.12,,12000000000,,2026-10-02T17:03:08,2026-10-02T17:03:08
Random-125-125-2-4_0,23,27.97.6,task,unsat,56212,0.088,,12000000000,,2026-10-02T17:03:08,2026-10-02T17:03:08
Random-125-125-2-4_0,23,27.97.109,task,unsat,101574,0.139,,12000000000,,2026-10-02T17:03:08,2026-10-02T17:03:08
Random-125-125-2-4_0,23,27.97.40,task,unsat,31025,0.056,,12000000000,,2026-10-02T17:03:08,2026-10-02T17:03:08
Random-125-125-2-4_0,23,27.97.4,task,unsat,33199,0.058,,12000000000,,2026-10-02T17:03:08,2026-10-02T17:03:08
Random-125-125-2-4_0,23,27.97.24,task,unsat,10946,0.022,,12000000000,,2026-10-02T17:03:08,2026-10-02T17:03:08
Random-125-125-2-4_0,23,27.97.11,task,unsat,712,0.002,,12000000000,,2026-10-02T17:03:08,2026-10-02T17:03:08
Random-125-125-2-4_0,23,27.97.87,task,unsat,40936,0.069,,12000000000,,2026-10-02T17:03:08,2026-10-02T17:03:08
Random-125-125-2-4_0,23,27.97.37,task,unsat,180406583,169.378,,12000000000,,2026-10-02T17:00:31,2026-10-02T17:03:20
Random-125-125-2-4_0,23,27.97.33,task,unsat,388672789,361.18,,12000000000,,2026-10-02T16:57:43,2026-10-02T17:03:44
Random-125-125-2-4_0,23,1.97.111,task,unsat,4357738806,3458.31,,12000000000,,2026-10-02T16:06:38,2026-10-02T17:04:16
Random-125-125-2-4_0,23,1.85.97,task,unsat,5206051694,4282.613,,12000000000,,2026-10-02T15:57:31,2026-10-02T17:08:54
Random-125-125-2-4_0,23,27.111.32,task,unsat,375543646,337.137,,12000000000,,2026-10-02T17:04:16,2026-10-02T17:09:54
Random-125-125-2-4_0,23,27.111.20,task,unsat,523312739,466.56,,12000000000,,2026-10-02T17:03:44,2026-10-02T17:11:31
Random-125-125-2-4_0,23,27.111.35,task,unsat,152054444,148.291,,12000000000,,2026-10-02T17:09:54,2026-10-02T17:12:22
Random-125-125-2-4_0,23,1.59.85,task,unsat,6178889552,5248.699,,12000000000,,2026-10-02T15:45:38,2026-10-02T17:13:07
Random-125-125-2-4_0,23,27.111.63,task,unsat,104048418,105.665,,12000000000,,2026-10-02T17:12:22,2026-10-02T17:14:08
Random-125-125-2-4_0,23,27.111.82,task,unsat,88920612,86.398,,12000000000,,2026-10-02T17:13:07,2026-10-02T17:14:33
Random-125-125-2-4_0,23,27.85.2,task,unsat,1918893372,1675.238,,12000000000,,2026-10-02T16:46:41,2026-10-02T17:14:36
Random-125-125-2-4_0,23,27.111.91,task,unsat,21152034,22.006,,12000000000,,2026-10-02T17:14:36,2026-10-02T17:14:58
Random-125-125-2-4_0,23,27.111.37,task,unsat,229971977,209.741,,12000000000,,2026-10-02T17:11:31,2026-10-02T17:15:01
Random-125-125-2-4_0,23,27.111.88,task,unsat,71602667,54.803,,12000000000,,2026-10-02T17:14:08,2026-10-02T17:15:02
Random-125-125-2-4_0,23,27.111.8,task,unsat,10138264,8.626,,12000000000,,2026-10-02T17:14:58,2026-10-02T17:15:06
Random-125-125-2-4_0,23,27.111.22,task,unsat,5263958,6.036,,12000000000,,2026-10-02T17:15:02,2026-10-02T17:15:08
Random-125-125-2-4_0,23,27.111.84,task,unsat,3344140,2.574,,12000000000,,2026-10-02T17:15:06,2026-10-02T17:15:09
Random-125-125-2-4_0,23,27.111.12,task,unsat,8683462,8.491,,12000000000,,2026-10-02T17:15:01,2026-10-02T17:15:09
Random-125-125-2-4_0,23,27.111.86,task,unsat,1883417,1.692,,12000000000,,2026-10-02T17:15:08,2026-10-02T17:15:10
Random-125-125-2-4_0,23,27.111.10,task,unsat,1590836,1.551,,12000000000,,2026-10-02T17:15:09,2026-10-02T17:15:11
Random-125-125-2-4_0,23,27.111.69,task,unsat,769504,0.594,,12000000000,,2026-10-02T17:15:11,2026-10-02T17:15:11
Random-125-125-2-4_0,23,27.111.64,task,unsat,1044911,1.154,,12000000000,,2026-10-02T17:15:10,2026-10-02T17:15:11
Random-125-125-2-4_0,23,27.111.31,task,unsat,1917522,2.041,,12000000000,,2026-10-02T17:15:09,2026-10-02T17:15:11
Random-125-125-2-4_0,23,27.111.72,task,unsat,1033931,0.788,,12000000000,,2026-10-02T17:15:11,2026-10-02T17:15:12
Random-125-125-2-4_0,23,27.111.81,task,unsat,635068,0.744,,12000000000,,2026-10-02T17:15:11,2026-10-02T17:15:12
Random-125-125-2-4_0,23,27.111.90,task,unsat,37938124,38.926,,12000000000,,2026-10-02T17:14:33,2026-10-02T17:15:12
Random-125-125-2-4_0,23,27.111.9,task,unsat,702982,0.522,,12000000000,,2026-10-02T17:15:12,2026-10-02T17:15:13
Random-125-125-2-4_0,23,27.111.98,task,unsat,634240,0.73,,12000000000,,2026-10-02T17:15:12,2026-10-02T17:15:13
Random-125-125-2-4_0,23,27.111.83,task,unsat,1379961,1.422,,12000000000,,2026-10-02T17:15:11,2026-10-02T17:15:13
Random-125-125-2-4_0,23,27.111.36,task,unsat,256737,0.229,,12000000000,,2026-10-02T17:15:13,2026-10-02T17:15:13
Random-125-125-2-4_0,23,27.111.17,task,unsat,457763,0.53,,12000000000,,2026-10-02T17:15:12,2026-10-02T17:15:13
Random-125-125-2-4_0,23,27.111.62,task,unsat,287092,0.26,,12000000000,,2026-10-02T17:15:13,2026-10-02T17:15:13
Random-125-125-2-4_0,23,27.111.92,task,unsat,199208,0.178,,12000000000,,2026-10-02T17:15:13,2026-10-02T17:15:13
Random-125-125-2-4_0,23,27.111.94,task,unsat,362005,0.443,,12000000000,,2026-10-02T17:15:13,2026-10-02T17:15:13
Random-125-125-2-4_0,23,27.111.50,task,unsat,441497,0.499,,12000000000,,2026-10-02T17:15:13,2026-10-02T17:15:13
Random-125-125-2-4_0,23,27.111.112,task,unsat,391863,0.455,,12000000000,,2026-10-02T17:15:13,2026-10-02T17:15:13
Random-125-125-2-4_0,23,27.111.18,task,unsat,118049,0.172,,12000000000,,2026-10-02T17:15:13,2026-10-02T17:15:13
Random-125-125-2-4_0,23,27.111.6,task,unsat,69591,0.105,,12000000000,,2026-10-02T17:15:13,2026-10-02T17:15:13
Random-125-125-2-4_0,23,27.111.109,task,unsat,138348,0.19,,12000000000,,2026-10-02T17:15:13,2026-10-02T17:15:13
Random-125-125-2-4_0,23,27.111.103,task,unsat,225590,0.259,,12000000000,,2026-10-02T17:15:13,2026-10-02T17:15:13
Random-125-125-2-4_0,23,27.111.11,task,unsat,1018,0.003,,12000000000,,2026-10-02T17:15:13,2026-10-02T17:15:13
Random-125-125-2-4_0,23,27.111.24,task,unsat,25406,0.048,,12000000000,,2026-10-02T17:15:13,2026-10-02T17:15:13
Random-125-125-2-4_0,23,27.111.40,task,unsat,56017,0.092,,12000000000,,2026-10-02T17:15:13,2026-10-02T17:15:13
Random-125-125-2-4_0,23,27.111.4,task,unsat,55159,0.087,,12000000000,,2026-10-02T17:15:13,2026-10-02T17:15:13
Random-125-125-2-4_0,23,27.97.2,task,unsat,1301837300,1146.098,,12000000000,,2026-10-02T16:56:16,2026-10-02T17:15:22
Random-125-125-2-4_0,23,27.111.33,task,unsat,502020956,473.446,,12000000000,,2026-10-02T17:08:54,2026-10-02T17:16:47
Random-125-125-2-4_0,23,27.59.111,task,unsat,3312402975,2728.933,,12000000000,,2026-10-02T16:32:55,2026-10-02T17:18:24
Random-125-125-2-4_0,23,27.2.35,task,unsat,157192375,157.22,,12000000000,,2026-10-02T17:16:47,2026-10-02T17:19:25
Random-125-125-2-4_0,23,27.2.32,task,unsat,343679878,325.472,,12000000000,,2026-10-02T17:15:13,2026-10-02T17:20:39
Random-125-125-2-4_0,23,27.2.78,task,unsat,59451170,61.373,,12000000000,,2026-10-02T17:20:39,2026-10-02T17:21:40
Random-125-125-2-4_0,23,1.46.59,task,unsat,7670096159,6744.805,,12000000000,,2026-10-02T15:29:22,2026-10-02T17:21:47
Random-125-125-2-4_0,23,27.2.77,task,unsat,166375177,157.64,,12000000000,,2026-10-02T17:19:25,2026-10-02T17:22:02
Random-125-125-2-4_0,23,27.2.33,task,unsat,543469907,404.281,,12000000000,,2026-10-02T17:15:22,2026-10-02T17:22:06
Random-125-125-2-4_0,23,27.2.37,task,unsat,248673600,231.239,,12000000000,,2026-10-02T17:18:24,2026-10-02T17:22:16
Random-125-125-2-4_0,23,27.2.91,task,unsat,15576915,16.524,,12000000000,,2026-10-02T17:22:06,2026-10-02T17:22:23
Random-125-125-2-4_0,23,27.2.8,task,unsat,7540100,7.57,,12000000000,,2026-10-02T17:22:16,2026-10-02T17:22:23
Random-125-125-2-4_0,23,27.2.22,task,unsat,4563405,4.826,,12000000000,,2026-10-02T17:22:23,2026-10-02T17:22:28
Random-125-125-2-4_0,23,27.2.12,task,unsat,5928835,6.368,,12000000000,,2026-10-02T17:22:23,2026-10-02T17:22:29
Random-125-125-2-4_0,23,27.2.82,task,unsat,47809805,49.751,,12000000000,,2026-10-02T17:21:40,2026-10-02T17:22:30
Random-125-125-2-4_0,23,27.2.53,task,unsat,2880352,3.101,,12000000000,,2026-10-02T17:22:28,2026-10-02T17:22:31
Random-125-125-2-4_0,23,27.2.63,task,unsat,2220750,2.363,,12000000000,,2026-10-02T17:22:29,2026-10-02T17:22:32
Random-125-125-2-4_0,23,27.2.86,task,unsat,1114634,0.927,,12000000000,,2026-10-02T17:22:31,2026-10-02T17:22:32
Random-125-125-2-4_0,23,27.2.84,task,unsat,2019367,2.272,,12000000000,,2026-10-02T17:22:30,2026-10-02T17:22:32
Random-125-125-2-4_0,23,27.2.15,task,unsat,677672,0.527,,12000000000,,2026-10-02T17:22:32,2026-10-02T17:22:33
Random-125-125-2-4_0,23,27.2.10,task,unsat,1031195,1.155,,12000000000,,2026-10-02T17:22:32,2026-10-02T17:22:33
Random-125-125-2-4_0,23,27.2.57,task,unsat,544487,0.429,,12000000000,,2026-10-02T17:22:33,2026-10-02T17:22:33
Random-125-125-2-4_0,23,27.2.69,task,unsat,292670,0.247,,12000000000,,2026-10-02T17:22:33,2026-10-02T17:22:33
Random-125-125-2-4_0,23,27.2.88,task,unsat,49549045,46.867,,12000000000,,2026-10-02T17:21:47,2026-10-02T17:22:33
Random-125-125-2-4_0,23,27.2.64,task,unsat,514390,0.589,,12000000000,,2026-10-02T17:22:33,2026-10-02T17:22:33
Random-125-125-2-4_0,23,27.2.31,task,unsat,1018907,1.176,,12000000000,,2026-10-02T17:22:32,2026-10-02T17:22:34
Random-125-125-2-4_0,23,27.2.72,task,unsat,529109,0.42,,12000000000,,2026-10-02T17:22:33,2026-10-02T17:22:34
Random-125-125-2-4_0,23,27.2.98,task,unsat,332564,0.407,,12000000000,,2026-10-02T17:22:33,2026-10-02T17:22:34
Random-125-125-2-4_0,23,27.2.119,task,unsat,352194,0.421,,12000000000,,2026-10-02T17:22:34,2026-10-02T17:22:34
Random-125-125-2-4_0,23,27.2.9,task,unsat,414778,0.317,,12000000000,,2026-10-02T17:22:34,2026-10-02T17:22:34
Random-125-125-2-4_0,23,27.2.36,task,unsat,85051,0.131,,12000000000,,2026-10-02T17:22:34,2026-10-02T17:22:34
Random-125-125-2-4_0,23,27.2.17,task,unsat,250208,0.307,,12000000000,,2026-10-02T17:22:34,2026-10-02T17:22:34
Random-125-125-2-4_0,23,27.2.50,task,unsat,199981,0.178,,12000000000,,2026-10-02T17:22:34,2026-10-02T17:22:34
Random-125-125-2-4_0,23,27.2.83,task,unsat,653054,0.761,,12000000000,,2026-10-02T17:22:33,2026-10-02T17:22:34
Random-125-125-2-4_0,23,27.2.81,task,unsat,61821,0.105,,12000000000,,2026-10-02T17:22:34,2026-10-02T17:22:34
Random-125-125-2-4_0,23,27.2.62,task,unsat,120312,0.17,,12000000000,,2026-10-02T17:22:34,2026-10-02T17:22:34
Random-125-125-2-4_0,23,27.2.94,task,unsat,134870,0.133,,12000000000,,2026-10-02T17:22:34,2026-10-02T17:22:34
Random-125-125-2-4_0,23,27.2.99,task,unsat,92578,0.14,,12000000000,,2026-10-02T17:22:34,2026-10-02T17:22:34
Random-125-125-2-4_0,23,27.2.103,task,unsat,22348,0.048,,12000000000,,2026-10-02T17:22:34,2026-10-02T17:22:34
Random-125-125-2-4_0,23,27.2.92,task,unsat,83596,0.105,,12000000000,,2026-10-02T17:22:34,2026-10-02T17:22:34
Random-125-125-2-4_0,23,27.2.18,task,unsat,42075,0.078,,12000000000,,2026-10-02T17:22:34,2026-10-02T17:22:34
Random-125-125-2-4_0,23,27.2.40,task,unsat,26845,0.037,,12000000000,,2026-10-02T17:22:34,2026-10-02T17:22:34
Random-125-125-2-4_0,23,27.2.112,task,unsat,110067,0.16,,12000000000,,2026-10-02T17:22:34,2026-10-02T17:22:34
Random-125-125-2-4_0,23,27.2.24,task,unsat,4045,0.01,,12000000000,,2026-10-02T17:22:34,2026-10-02T17:22:34
Random-125-125-2-4_0,23,27.2.11,task,unsat,488,0.002,,12000000000,,2026-10-02T17:22:34,2026-10-02T17:22:34
Random-125-125-2-4_0,23,27.2.4,task,unsat,31868,0.06,,12000000000,,2026-10-02T17:22:34,2026-10-02T17:22:34
Random-125-125-2-4_0,23,27.2.109,task,unsat,63074,0.105,,12000000000,,2026-10-02T17:22:34,2026-10-02T17:22:34
Random-125-125-2-4_0,23,27.2.87,task,unsat,32397,0.043,,12000000000,,2026-10-02T17:22:34,2026-10-02T17:22:34
Random-125-125-2-4_0,23,27.2.90,task,unsat,34056373,33.094,,12000000000,,2026-10-02T17:22:02,2026-10-02T17:22:35
Random-125-125-2-4_0,23,27.2.20,task,unsat,584085722,566.075,,12000000000,,2026-10-02T17:15:13,2026-10-02T17:24:40
Random-125-125-2-4_0,23,27.111.2,task,unsat,1639611990,1356.842,,12000000000,,2026-10-02T17:03:20,2026-10-02T17:25:57
Random-125-125-2-4_0,23,27.59.97,task,unsat,4234720950,3266.693,,12000000000,,2026-10-02T16:31:50,2026-10-02T17:26:16
Random-125-125-2-4_0,23,27.97.116,task,unsat,2584948891,1823.971,,12000000000,,2026-10-02T16:56:16,2026-10-02T17:26:40
Random-125-125-2-4_0,23,27.2.46,task,unsat,1053962037,829.955,,12000000000,,2026-10-02T17:15:13,2026-10-02T17:29:03
Random-125-125-2-4_0,23,27.111.46,task,unsat,2364952014,1585.362,,12000000000,,2026-10-02T17:03:08,2026-10-02T17:29:33
Random-125-125-2-4_0,23,27.85.111,task,unsat,3092369805,2683.631,,12000000000,,2026-10-02T16:46:20,2026-10-02T17:31:03
Random-125-125-2-4_0,23,27.111.77,task,unsat,2279852873,1787.922,,12000000000,,2026-10-02T17:03:08,2026-10-02T17:32:56
Random-125-125-2-4_0,23,27.97.111,task,unsat,3544254328,2598.685,,12000000000,,2026-10-02T16:56:16,2026-10-02T17:39:35
Random-125-125-2-4_0,23,1.27.59,task,unsat,9541329758,8052.314,,12000000000,,2026-10-02T15:26:25,2026-10-02T17:40:38
Random-125-125-2-4_0,23,27.59.46,task,unsat,5825219108,4168.498,,12000000000,,2026-10-02T16:31:24,2026-10-02T17:40:52
Random-125-125-2-4_0,23,27.2.5,task,unsat,1722833180,1547.291,,12000000000,,2026-10-02T17:15:13,2026-10-02T17:41:01
Random-125-125-2-4_0,23,27.59.85,task,unsat,5072464918,4177.444,,12000000000,,2026-10-02T16:31:24,2026-10-02T17:41:01
Random-125-125-2-4_0,23,82,task,unsat,659690392,561.893,,3000000000,,2026-10-02T17:32:56,2026-10-02T17:42:18
Random-125-125-2-4_0,23,8,task,unsat,196192939,117.47,,3000000000,,2026-10-02T17:41:01,2026-10-02T17:42:58
Random-125-125-2-4_0,23,63,task,unsat,64907925,60.764,,3000000000,,2026-10-02T17:42:18,2026-10-02T17:43:19
Random-125-125-2-4_0,23,27.85.97,task,unsat,4614243673,3428.88,,12000000000,,2026-10-02T16:46:20,2026-10-02T17:43:28
Random-125-125-2-4_0,23,12,task,unsat,157336550,152.855,,3000000000,,2026-10-02T17:41:01,2026-10-02T17:43:34
Random-125-125-2-4_0,23,84,task,unsat,62214504,37.303,,3000000000,,2026-10-02T17:42:58,2026-10-02T17:43:36
Random-125-125-2-4_0,23,22,task,unsat,8751883,9.168,,3000000000,,2026-10-02T17:43:34,2026-10-02T17:43:43
Random-125-125-2-4_0,23,86,task,unsat,32048052,25.163,,3000000000,,2026-10-02T17:43:19,2026-10-02T17:43:44
Random-125-125-2-4_0,23,10,task,unsat,15698165,15.465,,3000000000,,2026-10-02T17:43:28,2026-10-02T17:43:44
Random-125-125-2-4_0,23,69,task,unsat,2968256,2.149,,3000000000,,2026-10-02T17:43:44,2026-10-02T17:43:46
Random-125-125-2-4_0,23,64,task,unsat,4922514,4.89,,3000000000,,2026-10-02T17:43:43,2026-10-02T17:43:48
Random-125-125-2-4_0,23,72,task,unsat,6091378,6.197,,3000000000,,2026-10-02T17:43:44,2026-10-02T17:43:50
Random-125-125-2-4_0,23,36,task,unsat,1377590,1.426,,3000000000,,2026-10-02T17:43:50,2026-10-02T17:43:52
Random-125-125-2-4_0,23,83,task,unsat,8871321,5.969,,3000000000,,2026-10-02T17:43:46,2026-10-02T17:43:52
Random-125-125-2-4_0,23,9,task,unsat,4148847,4.155,,3000000000,,2026-10-02T17:43:48,2026-10-02T17:43:52
Random-125-125-2-4_0,23,31,task,unsat,20696846,16.646,,3000000000,,2026-10-02T17:43:36,2026-10-02T17:43:52
Random-125-125-2-4_0,23,62,task,unsat,1645911,1.265,,3000000000,,2026-10-02T17:43:52,2026-10-02T17:43:53
Random-125-125-2-4_0,23,81,task,unsat,1099794,1.135,,3000000000,,2026-10-02T17:43:52,2026-10-02T17:43:53
Random-125-125-2-4_0,23,50,task,unsat,2499896,2.543,,3000000000,,2026-10-02T17:43:52,2026-10-02T17:43:54
Random-125-125-2-4_0,23,99,task,unsat,2023513,2.24,,3000000000,,2026-10-02T17:43:52,2026-10-02T17:43:54
Random-125-125-2-4_0,23,17,task,unsat,1077334,1.144,,3000000000,,2026-10-02T17:43:53,2026-10-02T17:43:54
Random-125-125-2-4_0,23,6,task,unsat,311395,0.354,,3000000000,,2026-10-02T17:43:54,2026-10-02T17:43:55
Random-125-125-2-4_0,23,40,task,unsat,376544,0.408,,3000000000,,2026-10-02T17:43:55,2026-10-02T17:43:55
Random-125-125-2-4_0,23,112,task,unsat,1857745,2.011,,3000000000,,2026-10-02T17:43:53,2026-10-02T17:43:55
Random-125-125-2-4_0,23,92,task,unsat,1084631,1.13,,3000000000,,2026-10-02T17:43:54,2026-10-02T17:43:55
Random-125-125-2-4_0,23,4,task,unsat,208846,0.244,,3000000000,,2026-10-02T17:43:55,2026-10-02T17:43:55
Random-125-125-2-4_0,23,24,task,unsat,289612,0.266,,3000000000,,2026-10-02T17:43:55,2026-10-02T17:43:55
Random-125-125-2-4_0,23,103,task,unsat,1075310,1.21,,3000000000,,2026-10-02T17:43:54,2026-10-02T17:43:56
Random-125-125-2-4_0,23,35,task,unsat,1184978685,933.237,,3000000000,,2026-10-02T17:29:03,2026-10-02T17:44:37
Random-125-125-2-4_0,23,77,task,unsat,1159672294,842.996,,3000000000,,2026-10-02T17:31:03,2026-10-02T17:45:06
Random-125-125-2-4_0,23,91,task,unsat,359247359,283.411,,3000000000,,2026-10-02T17:40:52,2026-10-02T17:45:35
Random-125-125-2-4_0,23,88,task,unsat,501746388,427.671,,3000000000,,2026-10-02T17:39:35,2026-10-02T17:46:42
Random-125-125-2-4_0,23,27.97.46,task,unsat,3569520510,3209.73,,12000000000,,2026-10-02T16:56:16,2026-10-02T17:49:46
Random-125-125-2-4_0,23,90,task,unsat,755130275,594.382,,3000000000,,2026-10-02T17:40:38,2026-10-02T17:50:32
Random-125-125-2-4_0,23,1.46.41,task,unsat,11534337946,8538.49,,12000000000,,2026-10-02T15:29:22,2026-10-02T17:51:40
Random-125-125-2-4_0,23,27.85.46,task,unsat,4768812983,3973.046,,12000000000,,2026-10-02T16:46:20,2026-10-02T17:52:33
Random-125-125-2-4_0,23,37,task,unsat,1818545505,1434.481,,3000000000,,2026-10-02T17:29:33,2026-10-02T17:53:28
Random-125-125-4-5_0,45,6.87,task,unsat,709823239,529.786,,6000000000,,2026-10-02T17:45:36,2026-10-02T17:54:25
Random-125-125-4-5_0,45,6.89,task,unsat,101483844,103.019,,6000000000,,2026-10-02T17:53:28,2026-10-02T17:55:11
Random-125-125-4-5_0,45,6.18,task,unsat,393713231,330.45,,6000000000,,2026-10-02T17:49:46,2026-10-02T17:55:16
Random-125-125-2-4_0,23,1.27.41,task,unsat,11928816755,8935.741,,12000000000,,2026-10-02T15:26:25,2026-10-02T17:55:21
Random-125-125-4-5_0,45,6.32,task,unsat,228869347,227.073,,6000000000,,2026-10-02T17:51:40,2026-10-02T17:55:27
Random-125-125-4-5_0,45,6.21,task,unsat,384339386,304.943,,6000000000,,2026-10-02T17:50:32,2026-10-02T17:55:37
Random-125-125-4-5_0,45,6.14,task,unsat,30683132,32.349,,6000000000,,2026-10-02T17:55:16,2026-10-02T17:55:49
Random-125-125-4-5_0,45,6.44,task,unsat,194367302,198.517,,6000000000,,2026-10-02T17:52:33,2026-10-02T17:55:51
Random-125-125-4-5_0,45,6.69,task,unsat,14755174,15.429,,6000000000,,2026-10-02T17:55:37,2026-10-02T17:55:52
Random-125-125-4-5_0,45,6.19,task,unsat,24408225,25.322,,6000000000,,2026-10-02T17:55:27,2026-10-02T17:55:53
Random-125-125-4-5_0,45,6.91,task,unsat,129645801,87.459,,6000000000,,2026-10-02T17:54:25,2026-10-02T17:55:53
Random-125-125-4-5_0,45,6.90,task,unsat,5598796,4.143,,6000000000,,2026-10-02T17:55:51,2026-10-02T17:55:55
Random-125-125-4-5_0,45,6.62,task,unsat,3691810,4.242,,6000000000,,2026-10-02T17:55:53,2026-10-02T17:55:57
Random-125-125-4-5_0,45,6.76,task,unsat,3598856,2.646,,6000000000,,2026-10-02T17:55:55,2026-10-02T17:55:58
Random-125-125-4-5_0,45,6.3,task,unsat,5513717,5.809,,6000000000,,2026-10-02T17:55:52,2026-10-02T17:55:58
Random-125-125-4-5_0,45,6.48,task,unsat,5280840,5.645,,6000000000,,2026-10-02T17:55:53,2026-10-02T17:55:58
Random-125-125-4-5_0,45,6.101,task,unsat,1589391,1.211,,6000000000,,2026-10-02T17:55:58,2026-10-02T17:55:59
Random-125-125-4-5_0,45,6.104,task,unsat,1077262,1.183,,6000000000,,2026-10-02T17:55:58,2026-10-02T17:55:59
Random-125-125-4-5_0,45,6.31,task,unsat,524713,0.467,,6000000000,,2026-10-02T17:55:59,2026-10-02T17:56:00
Random-125-125-4-5_0,45,6.16,task,unsat,35382360,38.578,,6000000000,,2026-10-02T17:55:21,2026-10-02T17:56:00
Random-125-125-4-5_0,45,6.49,task,unsat,2645753,2.773,,6000000000,,2026-10-02T17:55:57,2026-10-02T17:56:00
Random-125-125-4-5_0,45,6.124,task,unsat,281604,0.229,,6000000000,,2026-10-02T17:56:00,2026-10-02T17:56:00
Random-125-125-4-5_0,45,6.82,task,unsat,479059,0.383,,6000000000,,2026-10-02T17:56:00,2026-10-02T17:56:00
Random-125-125-4-5_0,45,6.12,task,unsat,129877,0.127,,6000000000,,2026-10-02T17:56:00,2026-10-02T17:56:00
Random-125-125-4-5_0,45,6.107,task,unsat,474223,0.56,,6000000000,,2026-10-02T17:56:00,2026-10-02T17:56:00
Random-125-125-4-5_0,45,6.66,task,unsat,266105,0.22,,6000000000,,2026-10-02T17:56:00,2026-10-02T17:56:00
Random-125-125-4-5_0,45,6.2,task,unsat,34318,0.064,,6000000000,,2026-10-02T17:56:00,2026-10-02T17:56:00
Random-125-125-4-5_0,45,6.4,task,unsat,1855475,2.055,,6000000000,,2026-10-02T17:55:58,2026-10-02T17:56:00
Random-125-125-4-5_0,45,6.84,task,unsat,202931,0.178,,6000000000,,2026-10-02T17:56:00,2026-10-02T17:56:00
Random-125-125-4-5_0,45,6.28,task,unsat,98252,0.105,,6000000000,,2026-10-02T17:56:00,2026-10-02T17:56:00
Random-125-125-4-5_0,45,6.26,task,unsat,49645,0.061,,6000000000,,2026-10-02T17:56:00,2026-10-02T17:56:00
Random-125-125-4-5_0,45,6.5,task,unsat,97014,0.143,,6000000000,,2026-10-02T17:56:00,2026-10-02T17:56:00
Random-125-125-4-5_0,45,6.39,task,unsat,145536,0.209,,6000000000,,2026-10-02T17:56:00,2026-10-02T17:56:00
Random-125-125-4-5_0,45,6.45,task,unsat,83846,0.09,,6000000000,,2026-10-02T17:56:00,2026-10-02T17:56:00
Random-125-125-4-5_0,45,6.78,task,unsat,1029967,1.118,,6000000000,,2026-10-02T17:55:59,2026-10-02T17:56:00
Random-125-125-4-5_0,45,6.54,task,unsat,169264,0.217,,6000000000,,2026-10-02T17:56:00,2026-10-02T17:56:01
Random-125-125-4-5_0,45,6.11,task,unsat,57937,0.072,,6000000000,,2026-10-02T17:56:00,2026-10-02T17:56:01
Random-125-125-4-5_0,45,6.72,task,unsat,70257,0.112,,6000000000,,2026-10-02T17:56:00,2026-10-02T17:56:01
Random-125-125-4-5_0,45,6.83,task,unsat,62167,0.105,,6000000000,,2026-10-02T17:56:00,2026-10-02T17:56:01
Random-125-125-4-5_0,45,6.37,task,unsat,45102,0.08,,6000000000,,2026-10-02T17:56:00,2026-10-02T17:56:01
Random-125-125-4-5_0,45,6.81,task,unsat,38662,0.07,,6000000000,,2026-10-02T17:56:01,2026-10-02T17:56:01
Random-125-125-4-5_0,45,6.7,task,unsat,10664,0.023,,6000000000,,2026-10-02T17:56:01,2026-10-02T17:56:01
Random-125-125-4-5_0,45,6.1,task,unsat,22888,0.035,,6000000000,,2026-10-02T17:56:01,2026-10-02T17:56:01
Random-125-125-4-5_0,45,6.120,task,unsat,14906,0.023,,6000000000,,2026-10-02T17:56:01,2026-10-02T17:56:01
Random-125-125-4-5_0,45,6.36,task,unsat,16016,0.035,,6000000000,,2026-10-02T17:56:01,2026-10-02T17:56:01
Random-125-125-4-5_0,45,6.100,task,unsat,15430,0.033,,6000000000,,2026-10-02T17:56:01,2026-10-02T17:56:01
Random-125-125-4-5_0,45,6.113,task,unsat,15280,0.033,,6000000000,,2026-10-02T17:56:01,2026-10-02T17:56:01
Random-125-125-4-5_0,45,6.8,task,unsat,10484,0.019,,6000000000,,2026-10-02T17:56:01,2026-10-02T17:56:01
Random-125-125-4-5_0,45,6.71,task,unsat,8561,0.019,,6000000000,,2026-10-02T17:56:01,2026-10-02T17:56:01
Random-125-125-4-5_0,45,6.67,task,unsat,11333,0.025,,6000000000,,2026-10-02T17:56:01,2026-10-02T17:56:01
Random-125-125-4-5_0,45,6.56,task,unsat,15595,0.034,,6000000000,,2026-10-02T17:56:01,2026-10-02T17:56:01
Random-125-125-4-5_0,45,6.80,task,unsat,10406,0.017,,6000000000,,2026-10-02T17:56:01,2026-10-02T17:56:01
Random-125-125-4-5_0,45,6.73,task,unsat,2141,0.005,,6000000000,,2026-10-02T17:56:01,2026-10-02T17:56:01
Random-125-125-4-5_0,45,6.86,task,unsat,3829,0.007,,6000000000,,2026-10-02T17:56:01,2026-10-02T17:56:01
Random-125-125-4-5_0,45,6.65,task,unsat,6594,0.015,,6000000000,,2026-10-02T17:56:01,2026-10-02T17:56:01
Random-125-125-4-5_0,45,6.99,task,unsat,3453,0.008,,6000000000,,2026-10-02T17:56:01,2026-10-02T17:56:01
Random-125-125-4-5_0,45,6.117,task,unsat,1777,0.004,,6000000000,,2026-10-02T17:56:01,2026-10-02T17:56:01
Random-125-125-4-5_0,45,6.109,task,unsat,11492,0.026,,6000000000,,2026-10-02T17:56:01,2026-10-02T17:56:01
Random-125-125-4-5_0,45,6.119,task,unsat,4305,0.01,,6000000000,,2026-10-02T17:56:01,2026-10-02T17:56:01
Random-125-125-4-5_0,45,6.38,task,unsat,2920,0.007,,6000000000,,2026-10-02T17:56:01,2026-10-02T17:56:01
Random-125-125-4-5_0,45,6.75,task,unsat,1494,0.004,,6000000000,,2026-10-02T17:56:01,2026-10-02T17:56:01
Random-125-125-4-5_0,45,6.29,task,unsat,1477,0.004,,6000000000,,2026-10-02T17:56:01,2026-10-02T17:56:01
Random-125-125-4-5_0,45,6.47,task,unsat,3552,0.008,,6000000000,,2026-10-02T17:56:01,2026-10-02T17:56:01
Random-125-125-4-5_0,45,6.96,task,unsat,1186,0.002,,6000000000,,2026-10-02T17:56:01,2026-10-02T17:56:01
Random-125-125-4-5_0,45,6.27,task,unsat,1918,0.005,,6000000000,,2026-10-02T17:56:01,2026-10-02T17:56:01
Random-125-125-4-5_0,45,6.97,task,unsat,53824,0.093,,6000000000,,2026-10-02T17:56:01,2026-10-02T17:56:01
Random-125-125-4-5_0,45,6.77,task,unsat,16010443,16.833,,6000000000,,2026-10-02T17:55:49,2026-10-02T17:56:05
Random-125-125-4-5_0,45,6.95,task,unsat,66498189,68.646,,6000000000,,2026-10-02T17:55:11,2026-10-02T17:56:20
Random-125-125-4-5_0,45,6.98,task,unsat,666217285,676.38,,6000000000,,2026-10-02T17:46:42,2026-10-02T17:57:59
Random-125-125-2-4_0,23,46,task,split,3000000001,2250.699,,3000000000,,2026-10-02T17:22:34,2026-10-02T18:00:05
Random-125-125-2-4_0,23,46,expand,,0,0.0,47,,,,2026-10-02T18:00:05
Random-125-125-4-5_0,45,6.41,task,unsat,1075425332,935.82,,6000000000,,2026-10-02T17:45:06,2026-10-02T18:00:42
Random-125-125-2-4_0,23,32,task,unsat,2832680694,2151.195,,3000000000,,2026-10-02T17:26:16,2026-10-02T18:02:07
Random-125-125-2-4_0,23,2,task,split,3000000001,2305.632,,3000000000,,2026-10-02T17:24:40,2026-10-02T18:03:05
Random-125-125-2-4_0,23,2,expand,,0,0.0,48,,,,2026-10-02T18:03:05
Random-125-125-2-4_0,23,85,task,split,3000000001,2446.221,,3000000000,,2026-10-02T17:22:34,2026-10-02T18:03:21
Random-125-125-2-4_0,23,85,expand,,0,0.0,46,,,,2026-10-02T18:03:21
Random-125-125-2-4_0,23,111,task,split,3000000001,2546.775,,3000000000,,2026-10-02T17:22:35,2026-10-02T18:05:02
Random-125-125-2-4_0,23,111,expand,,0,0.0,42,,,,2026-10-02T18:05:02
Random-125-125-2-4_0,23,97,task,split,3000000001,2569.933,,3000000000,,2026-10-02T17:22:34,2026-10-02T18:05:24
Random-125-125-2-4_0,23,97,expand,,0,0.0,46,,,,2026-10-02T18:05:24
Random-125-125-2-4_0,23,33,task,split,3000000001,2327.567,,3000000000,,2026-10-02T17:26:40,2026-10-02T18:05:28
Random-125-125-2-4_0,23,33,expand,,0,0.0,45,,,,2026-10-02T18:05:28
Random-125-125-4-5_0,45,6.30,task,unsat,1545279959,1335.293,,6000000000,,2026-10-02T17:44:37,2026-10-02T18:06:52
Random-125-125-2-4_0,23,20,task,split,3000000001,2481.09,,3000000000,,2026-10-02T17:25:57,2026-10-02T18:07:18
Random-125-125-2-4_0,23,20,expand,,0,0.0,47,,,,2026-10-02T18:07:18
Random-125-125-2-4_0,23,59,task,split,3000000001,2717.35,,3000000000,,2026-10-02T17:22:34,2026-10-02T18:07:52
Random-125-125-2-4_0,23,59,expand,,0,0.0,47,,,,2026-10-02T18:07:52
Random-125-125-2-4_0,23,46.35,task,unsat,360936019,351.413,,6000000000,,2026-10-02T18:07:52,2026-10-02T18:13:43
Random-125-125-4-5_0,45,69,task,unsat,30537776,22.306,,3000000000,,2026-10-02T18:15:59,2026-10-02T18:16:21
Random-125-125-4-5_0,45,77,task,unsat,33326422,22.996,,3000000000,,2026-10-02T18:15:59,2026-10-02T18:16:22
Random-125-125-4-5_0,45,90,task,unsat,10942908,8.286,,3000000000,,2026-10-02T18:16:21,2026-10-02T18:16:29
Random-125-125-4-5_0,45,3,task,unsat,11189454,7.667,,3000000000,,2026-10-02T18:16:22,2026-10-02T18:16:29
Random-125-125-4-5_0,45,76,task,unsat,8825660,8.807,,3000000000,,2026-10-02T18:16:29,2026-10-02T18:16:38
Random-125-125-4-5_0,45,48,task,unsat,10531079,10.543,,3000000000,,2026-10-02T18:16:29,2026-10-02T18:16:40
Random-125-125-4-5_0,45,19,task,unsat,44030936,42.981,,3000000000,,2026-10-02T18:15:59,2026-10-02T18:16:42
Random-125-125-4-5_0,45,101,task,unsat,3287657,3.381,,3000000000,,2026-10-02T18:16:40,2026-10-02T18:16:43
Random-125-125-4-5_0,45,104,task,unsat,2243623,2.344,,3000000000,,2026-10-02T18:16:42,2026-10-02T18:16:44
Random-125-125-4-5_0,45,49,task,unsat,6300908,6.476,,3000000000,,2026-10-02T18:16:38,2026-10-02T18:16:45
Random-125-125-4-5_0,45,31,task,unsat,1067456,1.12,,3000000000,,2026-10-02T18:16:44,2026-10-02T18:16:45
Random-125-125-4-5_0,45,82,task,unsat,1015417,1.063,,3000000000,,2026-10-02T18:16:45,2026-10-02T18:16:46
Random-125-125-4-5_0,45,78,task,unsat,2091475,2.132,,3000000000,,2026-10-02T18:16:45,2026-10-02T18:16:47
Random-125-125-4-5_0,45,107,task,unsat,961086,1.014,,3000000000,,2026-10-02T18:16:46,2026-10-02T18:16:47
Random-125-125-4-5_0,45,4,task,unsat,3921078,4.126,,3000000000,,2026-10-02T18:16:43,2026-10-02T18:16:47
Random-125-125-4-5_0,45,124,task,unsat,562387,0.586,,3000000000,,2026-10-02T18:16:47,2026-10-02T18:16:47
Random-125-125-4-5_0,45,12,task,unsat,259087,0.309,,3000000000,,2026-10-02T18:16:47,2026-10-02T18:16:48
Random-125-125-4-5_0,45,2,task,unsat,73804,0.11,,3000000000,,2026-10-02T18:16:48,2026-10-02T18:16:48
Random-125-125-4-5_0,45,84,task,unsat,397500,0.434,,3000000000,,2026-10-02T18:16:47,2026-10-02T18:16:48
Random-125-125-4-5_0,45,28,task,unsat,172729,0.218,,3000000000,,2026-10-02T18:16:48,2026-10-02T18:16:48
Random-125-125-4-5_0,45,66,task,unsat,514766,0.553,,3000000000,,2026-10-02T18:16:47,2026-10-02T18:16:48
Random-125-125-4-5_0,45,5,task,unsat,200628,0.243,,3000000000,,2026-10-02T18:16:48,2026-10-02T18:16:48
Random-125-125-4-5_0,45,39,task,unsat,305098,0.35,,3000000000,,2026-10-02T18:16:48,2026-10-02T18:16:48
Random-125-125-4-5_0,45,54,task,unsat,328860,0.37,,3000000000,,2026-10-02T18:16:48,2026-10-02T18:16:48
Random-125-125-4-5_0,45,26,task,unsat,92308,0.133,,3000000000,,2026-10-02T18:16:48,2026-10-02T18:16:48
Random-125-125-4-5_0,45,45,task,unsat,150501,0.191,,3000000000,,2026-10-02T18:16:48,2026-10-02T18:16:48
Random-125-125-4-5_0,45,72,task,unsat,137619,0.18,,3000000000,,2026-10-02T18:16:48,2026-10-02T18:16:48
Random-125-125-4-5_0,45,83,task,unsat,115919,0.158,,3000000000,,2026-10-02T18:16:48,2026-10-02T18:16:48
Random-125-125-4-5_0,45,11,task,unsat,101203,0.141,,3000000000,,2026-10-02T18:16:48,2026-10-02T18:16:49
Random-125-125-4-5_0,45,37,task,unsat,81379,0.121,,3000000000,,2026-10-02T18:16:48,2026-10-02T18:16:49
Random-125-125-4-5_0,45,81,task,unsat,69390,0.107,,3000000000,,2026-10-02T18:16:48,2026-10-02T18:16:49
Random-125-125-4-5_0,45,1,task,unsat,42143,0.072,,3000000000,,2026-10-02T18:16:49,2026-10-02T18:16:49
Random-125-125-4-5_0,45,36,task,unsat,27965,0.054,,3000000000,,2026-10-02T18:16:49,2026-10-02T18:16:49
Random-125-125-4-5_0,45,100,task,unsat,27149,0.051,,3000000000,,2026-10-02T18:16:49,2026-10-02T18:16:49
Random-125-125-4-5_0,45,113,task,unsat,25209,0.049,,3000000000,,2026-10-02T18:16:49,2026-10-02T18:16:49
Random-125-125-4-5_0,45,120,task,unsat,27414,0.052,,3000000000,,2026-10-02T18:16:49,2026-10-02T18:16:49
Random-125-125-4-5_0,45,8,task,unsat,15730,0.032,,3000000000,,2026-10-02T18:16:49,2026-10-02T18:16:49
Random-125-125-4-5_0,45,97,task,unsat,99724,0.14,,3000000000,,2026-10-02T18:16:49,2026-10-02T18:16:49
Random-125-125-4-5_0,45,71,task,unsat,14865,0.03,,3000000000,,2026-10-02T18:16:49,2026-10-02T18:16:49
Random-125-125-4-5_0,45,56,task,unsat,27133,0.051,,3000000000,,2026-10-02T18:16:49,2026-10-02T18:16:49
Random-125-125-4-5_0,45,80,task,unsat,17036,0.034,,3000000000,,2026-10-02T18:16:49,2026-10-02T18:16:49
Random-125-125-4-5_0,45,86,task,unsat,9428,0.02,,3000000000,,2026-10-02T18:16:49,2026-10-02T18:16:49
Random-125-125-4-5_0,45,65,task,unsat,11975,0.025,,3000000000,,2026-10-02T18:16:49,2026-10-02T18:16:49
Random-125-125-4-5_0,45,109,task,unsat,21125,0.042,,3000000000,,2026-10-02T18:16:49,2026-10-02T18:16:49
Random-125-125-4-5_0,45,99,task,unsat,7371,0.015,,3000000000,,2026-10-02T18:16:49,2026-10-02T18:16:49
Random-125-125-4-5_0,45,119,task,unsat,8810,0.018,,3000000000,,2026-10-02T18:16:49,2026-10-02T18:16:49
Random-125-125-4-5_0,45,117,task,unsat,3725,0.009,,3000000000,,2026-10-02T18:16:49,2026-10-02T18:16:49
Random-125-125-4-5_0,45,38,task,unsat,5325,0.011,,3000000000,,2026-10-02T18:16:49,2026-10-02T18:16:49
Random-125-125-4-5_0,45,75,task,unsat,3161,0.007,,3000000000,,2026-10-02T18:16:49,2026-10-02T18:16:49
Random-125-125-4-5_0,45,29,task,unsat,3077,0.007,,3000000000,,2026-10-02T18:16:49,2026-10-02T18:16:49
Random-125-125-4-5_0,45,27,task,unsat,2799,0.007,,3000000000,,2026-10-02T18:16:49,2026-10-02T18:16:49
Random-125-125-4-5_0,45,96,task,unsat,2643,0.006,,3000000000,,2026-10-02T18:16:49,2026-10-02T18:16:49
Random-125-125-4-5_0,45,14,task,unsat,63780212,68.119,,3000000000,,2026-10-02T18:15:59,2026-10-02T18:17:07
Random-125-125-4-5_0,45,16,task,unsat,67950423,70.299,,3000000000,,2026-10-02T18:15:59,2026-10-02T18:17:09
Random-125-125-4-5_0,45,95,task,unsat,178054696,119.014,,3000000000,,2026-10-02T18:15:59,2026-10-02T18:17:58
Random-125-125-4-5_0,45,89,task,unsat,210645427,182.804,,3000000000,,2026-10-02T18:15:59,2026-10-02T18:19:02
Random-125-125-4-5_0,45,91,task,unsat,273459573,250.722,,3000000000,,2026-10-02T18:15:59,2026-10-02T18:20:09
Random-125-125-4-5_0,45,44,task,unsat,422688706,287.762,,3000000000,,2026-10-02T18:15:59,2026-10-02T18:20:47
Random-125-125-4-5_0,45,32,task,unsat,447234749,318.394,,3000000000,,2026-10-02T18:15:59,2026-10-02T18:21:17
Random-125-125-4-5_0,45,21,task,unsat,824544170,655.533,,3000000000,,2026-10-02T18:15:59,2026-10-02T18:26:54
Random-125-125-4-5_0,45,18,task,unsat,788384917,660.34,,3000000000,,2026-10-02T18:15:59,2026-10-02T18:26:59
Random-125-125-4-2_0,56,86,task,unsat,396256645,392.267,,3000000000,,2026-10-02T18:21:17,2026-10-02T18:27:49
Random-125-125-4-2_0,56,35,task,unsat,271405145,201.931,,3000000000,,2026-10-02T18:26:59,2026-10-02T18:30:21
Random-125-125-4-2_0,56,15,task,unsat,242092003,260.044,,3000000000,,2026-10-02T18:26:54,2026-10-02T18:31:14
Random-125-125-4-2_0,56,74,task,unsat,189487759,209.292,,3000000000,,2026-10-02T18:27:49,2026-10-02T18:31:19
Random-125-125-4-2_0,56,16,task,unsat,108275076,89.621,,3000000000,,2026-10-02T18:30:21,2026-10-02T18:31:51
Random-125-125-4-2_0,56,24,task,unsat,70500010,75.23,,3000000000,,2026-10-02T18:31:14,2026-10-02T18:32:30
Random-125-125-4-2_0,56,42,task,unsat,89678033,78.759,,3000000000,,2026-10-02T18:31:51,2026-10-02T18:33:09
Random-125-125-4-2_0,56,29,task,unsat,97028707,110.975,,3000000000,,2026-10-02T18:31:19,2026-10-02T18:33:10
Random-125-125-4-2_0,56,72,task,unsat,56661819,62.108,,3000000000,,2026-10-02T18:32:30,2026-10-02T18:33:32
Random-125-125-4-2_0,56,96,task,unsat,44690823,35.328,,3000000000,,2026-10-02T18:33:09,2026-10-02T18:33:45
Random-125-125-4-2_0,56,51,task,unsat,926992304,800.486,,3000000000,,2026-10-02T18:20:47,2026-10-02T18:34:07
Random-125-125-4-2_0,56,78,task,unsat,31641582,24.04,,3000000000,,2026-10-02T18:33:45,2026-10-02T18:34:09
Random-125-125-4-2_0,56,103,task,unsat,52906948,60.985,,3000000000,,2026-10-02T18:33:10,2026-10-02T18:34:11
Random-125-125-4-2_0,56,83,task,unsat,15155184,12.115,,3000000000,,2026-10-02T18:34:07,2026-10-02T18:34:19
Random-125-125-4-2_0,56,121,task,unsat,43678549,47.986,,3000000000,,2026-10-02T18:33:32,2026-10-02T18:34:20
Random-125-125-4-2_0,56,27,task,unsat,8609599,9.666,,3000000000,,2026-10-02T18:34:11,2026-10-02T18:34:20
Random-125-125-4-2_0,56,67,task,unsat,3287679,3.803,,3000000000,,2026-10-02T18:34:20,2026-10-02T18:34:24
Random-125-125-4-2_0,56,47,task,unsat,7403743,8.033,,3000000000,,2026-10-02T18:34:20,2026-10-02T18:34:28
Random-125-125-4-2_0,56,38,task,unsat,8630923,9.654,,3000000000,,2026-10-02T18:34:19,2026-10-02T18:34:29
Random-125-125-4-2_0,56,68,task,unsat,4550603,5.289,,3000000000,,2026-10-02T18:34:24,2026-10-02T18:34:29
Random-125-125-4-2_0,56,98,task,unsat,2027477,1.792,,3000000000,,2026-10-02T18:34:29,2026-10-02T18:34:31
Random-125-125-4-2_0,56,82,task,unsat,3423470,3.85,,3000000000,,2026-10-02T18:34:28,2026-10-02T18:34:32
Random-125-125-4-2_0,56,3,task,unsat,1459405,1.231,,3000000000,,2026-10-02T18:34:31,2026-10-02T18:34:32
Random-125-125-4-2_0,56,97,task,unsat,22588410,23.379,,3000000000,,2026-10-02T18:34:09,2026-10-02T18:34:32
Random-125-125-4-2_0,56,36,task,unsat,1214184,1.036,,3000000000,,2026-10-02T18:34:32,2026-10-02T18:34:33
Random-125-125-4-2_0,56,58,task,unsat,1526110,1.273,,3000000000,,2026-10-02T18:34:32,2026-10-02T18:34:33
Random-125-125-4-2_0,56,93,task,unsat,1194841,1.017,,3000000000,,2026-10-02T18:34:33,2026-10-02T18:34:34
Random-125-125-4-2_0,56,8,task,unsat,2249059,2.798,,3000000000,,2026-10-02T18:34:32,2026-10-02T18:34:34
Random-125-125-4-2_0,56,5,task,unsat,591931,0.737,,3000000000,,2026-10-02T18:34:34,2026-10-02T18:34:35
Random-125-125-4-2_0,56,124,task,unsat,1662527,1.365,,3000000000,,2026-10-02T18:34:33,2026-10-02T18:34:35
Random-125-125-4-2_0,56,46,task,unsat,660592,0.726,,3000000000,,2026-10-02T18:34:34,2026-10-02T18:34:35
Random-125-125-4-2_0,56,64,task,unsat,659314,0.815,,3000000000,,2026-10-02T18:34:35,2026-10-02T18:34:35
Random-125-125-4-2_0,56,9,task,unsat,580728,0.522,,3000000000,,2026-10-02T18:34:35,2026-10-02T18:34:36
Random-125-125-4-2_0,56,99,task,unsat,5383813,6.176,,3000000000,,2026-10-02T18:34:29,2026-10-02T18:34:36
Random-125-125-4-2_0,56,66,task,unsat,224192,0.296,,3000000000,,2026-10-02T18:34:36,2026-10-02T18:34:36
Random-125-125-4-2_0,56,54,task,unsat,415579,0.523,,3000000000,,2026-10-02T18:34:35,2026-10-02T18:34:36
Random-125-125-4-2_0,56,76,task,unsat,294235,0.384,,3000000000,,2026-10-02T18:34:36,2026-10-02T18:34:36
Random-125-125-4-2_0,56,71,task,unsat,97328,0.154,,3000000000,,2026-10-02T18:34:36,2026-10-02T18:34:36
Random-125-125-4-2_0,56,87,task,unsat,231393,0.317,,3000000000,,2026-10-02T18:34:36,2026-10-02T18:34:36
Random-125-125-4-2_0,56,105,task,unsat,1184740,1.411,,3000000000,,2026-10-02T18:34:35,2026-10-02T18:34:36
Random-125-125-4-2_0,56,101,task,unsat,217816,0.302,,3000000000,,2026-10-02T18:34:36,2026-10-02T18:34:36
Random-125-125-4-2_0,56,84,task,unsat,80577,0.136,,3000000000,,2026-10-02T18:34:36,2026-10-02T18:34:36
Random-125-125-4-2_0,56,18,task,unsat,87972,0.146,,3000000000,,2026-10-02T18:34:36,2026-10-02T18:34:36
Random-125-125-4-2_0,56,116,task,unsat,115177,0.18,,3000000000,,2026-10-02T18:34:36,2026-10-02T18:34:36
Random-125-125-4-2_0,56,7,task,unsat,114257,0.182,,3000000000,,2026-10-02T18:34:36,2026-10-02T18:34:36
Random-125-125-4-2_0,56,37,task,unsat,37738,0.078,,3000000000,,2026-10-02T18:34:36,2026-10-02T18:34:36
Random-125-125-4-2_0,56,41,task,unsat,141222,0.213,,3000000000,,2026-10-02T18:34:36,2026-10-02T18:34:36
Random-125-125-4-2_0,56,114,task,unsat,61096,0.111,,3000000000,,2026-10-02T18:34:36,2026-10-02T18:34:36
Random-125-125-4-2_0,56,91,task,unsat,72489,0.126,,3000000000,,2026-10-02T18:34:36,2026-10-02T18:34:37
Random-125-125-4-2_0,56,61,task,unsat,29343,0.062,,3000000000,,2026-10-02T18:34:36,2026-10-02T18:34:37
Random-125-125-4-2_0,56,6,task,unsat,62035,0.112,,3000000000,,2026-10-02T18:34:36,2026-10-02T18:34:37
Random-125-125-4-2_0,56,22,task,unsat,41776,0.083,,3000000000,,2026-10-02T18:34:37,2026-10-02T18:34:37
Random-125-125-4-2_0,56,17,task,unsat,69010,0.121,,3000000000,,2026-10-02T18:34:37,2026-10-02T18:34:37
Random-125-125-4-2_0,56,122,task,unsat,82786,0.142,,3000000000,,2026-10-02T18:34:36,2026-10-02T18:34:37
Random-125-125-4-2_0,56,70,task,unsat,17994,0.041,,3000000000,,2026-10-02T18:34:37,2026-10-02T18:34:37
Random-125-125-4-2_0,56,26,task,unsat,28658,0.06,,3000000000,,2026-10-02T18:34:37,2026-10-02T18:34:37
Random-125-125-4-2_0,56,44,task,unsat,18446,0.042,,3000000000,,2026-10-02T18:34:37,2026-10-02T18:34:37
Random-125-125-4-2_0,56,102,task,unsat,25786,0.057,,3000000000,,2026-10-02T18:34:37,2026-10-02T18:34:37
Random-125-125-4-2_0,56,0,task,unsat,13527,0.032,,3000000000,,2026-10-02T18:34:37,2026-10-02T18:34:37
Random-125-125-4-2_0,56,20,task,unsat,8950,0.022,,3000000000,,2026-10-02T18:34:37,2026-10-02T18:34:37
Random-125-125-4-2_0,56,19,task,unsat,16943,0.038,,3000000000,,2026-10-02T18:34:37,2026-10-02T18:34:37
Random-125-125-4-2_0,56,32,task,unsat,9150,0.022,,3000000000,,2026-10-02T18:34:37,2026-10-02T18:34:37
Random-125-125-4-2_0,56,21,task,unsat,14710,0.035,,3000000000,,2026-10-02T18:34:37,2026-10-02T18:34:37
Random-125-125-4-2_0,56,1,task,unsat,6824,0.017,,3000000000,,2026-10-02T18:34:37,2026-10-02T18:34:37
Random-125-125-4-2_0,56,95,task,unsat,9391,0.022,,3000000000,,2026-10-02T18:34:37,2026-10-02T18:34:37
Random-125-125-4-2_0,56,11,task,unsat,5130,0.013,,3000000000,,2026-10-02T18:34:37,2026-10-02T18:34:37
Random-125-125-4-2_0,56,75,task,unsat,11809,0.028,,3000000000,,2026-10-02T18:34:37,2026-10-02T18:34:37
Random-125-125-4-2_0,56,119,task,unsat,4064,0.01,,3000000000,,2026-10-02T18:34:37,2026-10-02T18:34:37
Random-125-125-4-2_0,56,39,task,unsat,6726,0.016,,3000000000,,2026-10-02T18:34:37,2026-10-02T18:34:37
Random-125-125-4-2_0,56,109,task,unsat,5628,0.014,,3000000000,,2026-10-02T18:34:37,2026-10-02T18:34:37
Random-125-125-4-2_0,56,108,task,unsat,892,0.003,,3000000000,,2026-10-02T18:34:37,2026-10-02T18:34:37
Random-125-125-4-2_0,56,23,task,unsat,977,0.003,,3000000000,,2026-10-02T18:34:37,2026-10-02T18:34:37
Random-125-125-4-2_0,56,80,task,unsat,1904,0.005,,3000000000,,2026-10-02T18:34:37,2026-10-02T18:34:37
Random-125-125-4-2_0,56,50,task,unsat,8002,0.018,,3000000000,,2026-10-02T18:34:37,2026-10-02T18:34:37
Random-125-125-4-2_0,56,30,task,unsat,1658,0.005,,3000000000,,2026-10-02T18:34:37,2026-10-02T18:34:37
Random-125-125-4-2_0,56,111,task,unsat,1328,0.004,,3000000000,,2026-10-02T18:34:37,2026-10-02T18:34:37
Random-125-125-4-2_0,56,40,task,unsat,819,0.003,,3000000000,,2026-10-02T18:34:37,2026-10-02T18:34:37
Random-125-125-4-2_0,56,25,task,unsat,2551,0.007,,3000000000,,2026-10-02T18:34:37,2026-10-02T18:34:37
Random-125-125-4-2_0,56,45,task,unsat,3817,0.01,,3000000000,,2026-10-02T18:34:37,2026-10-02T18:34:37
Random-125-125-4-2_0,56,4,task,unsat,1039,0.003,,3000000000,,2026-10-02T18:34:37,2026-10-02T18:34:37
Random-125-125-4-2_0,56,79,task,unsat,586,0.002,,3000000000,,2026-10-02T18:34:37,2026-10-02T18:34:37
Random-125-125-4-2_0,56,52,task,unsat,439,0.002,,3000000000,,2026-10-02T18:34:37,2026-10-02T18:34:37
Random-125-125-4-2_0,56,118,task,unsat,781,0.003,,3000000000,,2026-10-02T18:34:37,2026-10-02T18:34:37
Random-125-125-4-2_0,56,81,task,unsat,5482,0.013,,3000000000,,2026-10-02T18:34:37,2026-10-02T18:34:37
Random-125-125-4-2_0,56,13,task,unsat,453,0.002,,3000000000,,2026-10-02T18:34:37,2026-10-02T18:34:37
Random-125-125-4-2_0,56,12,task,unsat,324,0.001,,3000000000,,2026-10-02T18:34:37,2026-10-02T18:34:37
Random-125-125-4-2_0,56,113,task,unsat,603,0.002,,3000000000,,2026-10-02T18:34:37,2026-10-02T18:34:37
Random-125-125-4-2_0,56,77,task,unsat,178,0.001,,3000000000,,2026-10-02T18:34:37,2026-10-02T18:34:37
Random-125-125-4-2_0,56,28,task,unsat,709,0.002,,3000000000,,2026-10-02T18:34:37,2026-10-02T18:34:37
Random-125-125-4-2_0,56,2,task,unsat,992759100,912.48,,3000000000,,2026-10-02T18:20:09,2026-10-02T18:35:22
Random-125-125-4-5_0,45,98,task,unsat,1437614388,1276.689,,3000000000,,2026-10-02T18:15:59,2026-10-02T18:37:15
Random-125-125-4-5_0,45,87,task,unsat,1509383987,1328.907,,3000000000,,2026-10-02T18:15:59,2026-10-02T18:38:08
Random-125-125-4-5_0,45,41,task,unsat,2171164647,1839.976,,3000000000,,2026-10-02T18:15:59,2026-10-02T18:46:39
Random-125-125-4-2_0,56,120,task,unsat,1727938739,1808.014,,3000000000,,2026-10-02T18:19:02,2026-10-02T18:49:10
Random-125-125-4-5_0,45,63,task,split,3000000001,2331.042,,3000000000,,2026-10-02T18:15:59,2026-10-02T18:54:50
Random-125-125-4-5_0,45,63,expand,,0,0.0,71,,,,2026-10-02T18:54:50
Random-125-125-4-2_0,56,62,task,unsat,2571928541,2274.009,,3000000000,,2026-10-02T18:17:58,2026-10-02T18:55:52
Random-125-125-2-4_0,23,46.21,task,unsat,785558253,507.976,,6000000000,,2026-10-02T18:49:10,2026-10-02T18:57:38
Random-125-125-4-5_0,45,30,task,split,3000000001,2605.203,,3000000000,,2026-10-02T18:15:59,2026-10-02T18:59:24
Random-125-125-4-5_0,45,30,expand,,0,0.0,65,,,,2026-10-02T18:59:24
Random-125-125-4-5_0,45,57,task,split,3000000001,2627.352,,3000000000,,2026-10-02T18:15:59,2026-10-02T18:59:46
Random-125-125-4-5_0,45,57,expand,,0,0.0,65,,,,2026-10-02T18:59:46
Random-125-125-4-5_0,45,60,task,split,3000000001,2656.387,,3000000000,,2026-10-02T18:15:59,2026-10-02T19:00:15
Random-125-125-4-5_0,45,60,expand,,0,0.0,71,,,,2026-10-02T19:00:15
Random-125-125-4-2_0,56,57,task,split,3000000001,2754.948,,3000000000,,2026-10-02T18:16:49,2026-10-02T19:02:44
Random-125-125-4-2_0,56,57,expand,,0,0.0,96,,,,2026-10-02T19:02:44
Random-125-125-4-5_0,45,58,task,split,3000000001,2929.627,,3000000000,,2026-10-02T18:15:59,2026-10-02T19:04:48
Random-125-125-4-5_0,45,58,expand,,0,0.0,70,,,,2026-10-02T19:04:48
Random-125-125-4-2_0,56,104,task,split,3000000001,2921.455,,3000000000,,2026-10-02T18:16:49,2026-10-02T19:05:30
Random-125-125-4-2_0,56,104,expand,,0,0.0,93,,,,2026-10-02T19:05:30
Random-125-125-2-4_0,23,46.20,task,unsat,1436819807,1247.052,,6000000000,,2026-10-02T18:46:39,2026-10-02T19:07:26
Random-125-125-4-5_0,45,6.60,task,unsat,2947432271,3151.269,,6000000000,,2026-10-02T18:15:59,2026-10-02T19:08:30
Random-125-125-4-5_0,45,6.58,task,unsat,3250955650,3172.848,,6000000000,,2026-10-02T18:15:59,2026-10-02T19:08:52
Random-125-125-4-5_0,45,63.18,task,unsat,323418053,276.659,,6000000000,,2026-10-02T19:05:30,2026-10-02T19:10:07
Random-125-125-4-2_0,56,55,task,split,3000000001,3180.332,,3000000000,,2026-10-02T18:17:09,2026-10-02T19:10:09
Random-125-125-4-2_0,56,55,expand,,0,0.0,90,,,,2026-10-02T19:10:09
Random-125-125-4-2_0,56,59,task,split,3000000001,3184.713,,3000000000,,2026-10-02T18:17:07,2026-10-02T19:10:12
Random-125-125-4-2_0,56,59,expand,,0,0.0,86,,,,2026-10-02T19:10:12
Random-125-125-4-5_0,45,63.87,task,unsat,585736070,449.041,,6000000000,,2026-10-02T19:02:44,2026-10-02T19:10:13
Random-125-125-4-5_0,45,63.14,task,unsat,23350591,23.707,,6000000000,,2026-10-02T19:10:13,2026-10-02T19:10:37
Random-125-125-4-5_0,45,63.77,task,unsat,165007025,112.113,,6000000000,,2026-10-02T19:08:52,2026-10-02T19:10:44
Random-125-125-4-5_0,45,63.19,task,unsat,16560829,11.394,,6000000000,,2026-10-02T19:10:44,2026-10-02T19:10:55
Random-125-125-4-5_0,45,63.16,task,unsat,24324525,22.428,,6000000000,,2026-10-02T19:10:37,2026-10-02T19:10:59
Random-125-125-4-5_0,45,63.90,task,unsat,4922965,3.553,,6000000000,,2026-10-02T19:10:59,2026-10-02T19:11:03
Random-125-125-4-5_0,45,63.69,task,unsat,10807213,10.972,,6000000000,,2026-10-02T19:10:55,2026-10-02T19:11:06
Random-125-125-4-5_0,45,63.3,task,unsat,5053833,3.654,,6000000000,,2026-10-02T19:11:03,2026-10-02T19:11:06
Random-125-125-4-5_0,45,63.76,task,unsat,4175986,3.058,,6000000000,,2026-10-02T19:11:06,2026-10-02T19:11:09
Random-125-125-4-5_0,45,63.48,task,unsat,4545664,4.795,,6000000000,,2026-10-02T19:11:06,2026-10-02T19:11:11
Random-125-125-4-5_0,45,63.49,task,unsat,2511397,2.594,,6000000000,,2026-10-02T19:11:11,2026-10-02T19:11:13
Random-125-125-4-5_0,45,63.4,task,unsat,6205812,4.597,,6000000000,,2026-10-02T19:11:09,2026-10-02T19:11:14
Random-125-125-4-5_0,45,63.95,task,unsat,59639297,62.299,,6000000000,,2026-10-02T19:10:12,2026-10-02T19:11:14
Random-125-125-4-5_0,45,63.101,task,unsat,1447650,1.034,,6000000000,,2026-10-02T19:11:14,2026-10-02T19:11:15
Random-125-125-4-5_0,45,63.104,task,unsat,1018211,1.125,,6000000000,,2026-10-02T19:11:14,2026-10-02T19:11:15
Random-125-125-4-5_0,45,63.15,task,unsat,997413,0.706,,6000000000,,2026-10-02T19:11:15,2026-10-02T19:11:16
Random-125-125-4-5_0,45,63.31,task,unsat,473343,0.549,,6000000000,,2026-10-02T19:11:15,2026-10-02T19:11:16
Random-125-125-4-5_0,45,63.78,task,unsat,2349492,2.454,,6000000000,,2026-10-02T19:11:13,2026-10-02T19:11:16
Random-125-125-4-5_0,45,63.82,task,unsat,534524,0.404,,6000000000,,2026-10-02T19:11:16,2026-10-02T19:11:16
Random-125-125-4-5_0,45,63.107,task,unsat,481762,0.567,,6000000000,,2026-10-02T19:11:16,2026-10-02T19:11:16
Random-125-125-4-5_0,45,63.124,task,unsat,261800,0.21,,6000000000,,2026-10-02T19:11:16,2026-10-02T19:11:16
Random-125-125-4-5_0,45,63.2,task,unsat,56112,0.096,,6000000000,,2026-10-02T19:11:16,2026-10-02T19:11:16
Random-125-125-4-5_0,45,63.12,task,unsat,119427,0.119,,6000000000,,2026-10-02T19:11:16,2026-10-02T19:11:16
Random-125-125-4-5_0,45,63.84,task,unsat,321451,0.364,,6000000000,,2026-10-02T19:11:16,2026-10-02T19:11:16
Random-125-125-4-5_0,45,63.28,task,unsat,90425,0.096,,6000000000,,2026-10-02T19:11:16,2026-10-02T19:11:16
Random-125-125-4-5_0,45,63.66,task,unsat,219470,0.277,,6000000000,,2026-10-02T19:11:16,2026-10-02T19:11:17
Random-125-125-4-5_0,45,63.39,task,unsat,167970,0.212,,6000000000,,2026-10-02T19:11:16,2026-10-02T19:11:17
Random-125-125-4-5_0,45,63.54,task,unsat,158008,0.141,,6000000000,,2026-10-02T19:11:16,2026-10-02T19:11:17
Random-125-125-4-5_0,45,63.26,task,unsat,45247,0.078,,6000000000,,2026-10-02T19:11:17,2026-10-02T19:11:17
Random-125-125-4-5_0,45,63.45,task,unsat,76307,0.082,,6000000000,,2026-10-02T19:11:17,2026-10-02T19:11:17
Random-125-125-4-5_0,45,63.5,task,unsat,98415,0.15,,6000000000,,2026-10-02T19:11:17,2026-10-02T19:11:17
Random-125-125-4-5_0,45,63.83,task,unsat,68531,0.076,,6000000000,,2026-10-02T19:11:17,2026-10-02T19:11:17
Random-125-125-4-5_0,45,63.72,task,unsat,74271,0.113,,6000000000,,2026-10-02T19:11:17,2026-10-02T19:11:17
Random-125-125-4-5_0,45,63.11,task,unsat,52303,0.091,,6000000000,,2026-10-02T19:11:17,2026-10-02T19:11:17
Random-125-125-4-5_0,45,63.37,task,unsat,41134,0.053,,6000000000,,2026-10-02T19:11:17,2026-10-02T19:11:17
Random-125-125-4-5_0,45,63.81,task,unsat,37689,0.067,,6000000000,,2026-10-02T19:11:17,2026-10-02T19:11:17
Random-125-125-4-5_0,45,63.1,task,unsat,19091,0.027,,6000000000,,2026-10-02T19:11:17,2026-10-02T19:11:17
Random-125-125-4-5_0,45,63.36,task,unsat,12505,0.027,,6000000000,,2026-10-02T19:11:17,2026-10-02T19:11:17
Random-125-125-4-5_0,45,63.100,task,unsat,17944,0.026,,6000000000,,2026-10-02T19:11:17,2026-10-02T19:11:17
Random-125-125-4-5_0,45,63.120,task,unsat,32584,0.061,,6000000000,,2026-10-02T19:11:17,2026-10-02T19:11:17
Random-125-125-4-5_0,45,63.7,task,unsat,7887,0.012,,6000000000,,2026-10-02T19:11:17,2026-10-02T19:11:17
Random-125-125-4-5_0,45,63.113,task,unsat,15514,0.032,,6000000000,,2026-10-02T19:11:17,2026-10-02T19:11:17
Random-125-125-4-5_0,45,63.56,task,unsat,16044,0.023,,6000000000,,2026-10-02T19:11:17,2026-10-02T19:11:17
Random-125-125-4-5_0,45,63.8,task,unsat,15436,0.033,,6000000000,,2026-10-02T19:11:17,2026-10-02T19:11:17
Random-125-125-4-5_0,45,63.80,task,unsat,11887,0.018,,6000000000,,2026-10-02T19:11:17,2026-10-02T19:11:17
Random-125-125-4-5_0,45,63.71,task,unsat,11004,0.023,,6000000000,,2026-10-02T19:11:17,2026-10-02T19:11:17
Random-125-125-4-5_0,45,63.65,task,unsat,6788,0.011,,6000000000,,2026-10-02T19:11:17,2026-10-02T19:11:17
Random-125-125-4-5_0,45,63.86,task,unsat,5330,0.008,,6000000000,,2026-10-02T19:11:17,2026-10-02T19:11:17
Random-125-125-4-5_0,45,63.109,task,unsat,16889,0.035,,6000000000,,2026-10-02T19:11:17,2026-10-02T19:11:17
Random-125-125-4-5_0,45,63.67,task,unsat,11844,0.024,,6000000000,,2026-10-02T19:11:17,2026-10-02T19:11:17
Random-125-125-4-5_0,45,63.99,task,unsat,5650,0.009,,6000000000,,2026-10-02T19:11:17,2026-10-02T19:11:17
Random-125-125-4-5_0,45,63.73,task,unsat,2122,0.006,,6000000000,,2026-10-02T19:11:17,2026-10-02T19:11:17
Random-125-125-4-5_0,45,63.38,task,unsat,3307,0.006,,6000000000,,2026-10-02T19:11:17,2026-10-02T19:11:17
Random-125-125-4-5_0,45,63.119,task,unsat,4300,0.01,,6000000000,,2026-10-02T19:11:17,2026-10-02T19:11:17
Random-125-125-4-5_0,45,63.29,task,unsat,1764,0.003,,6000000000,,2026-10-02T19:11:17,2026-10-02T19:11:17
Random-125-125-4-5_0,45,63.75,task,unsat,3801,0.009,,6000000000,,2026-10-02T19:11:17,2026-10-02T19:11:17
Random-125-125-4-5_0,45,63.27,task,unsat,2289,0.004,,6000000000,,2026-10-02T19:11:17,2026-10-02T19:11:17
Random-125-125-4-5_0,45,63.96,task,unsat,1524,0.004,,6000000000,,2026-10-02T19:11:17,2026-10-02T19:11:17
Random-125-125-4-5_0,45,63.47,task,unsat,3680,0.008,,6000000000,,2026-10-02T19:11:17,2026-10-02T19:11:17
Random-125-125-4-5_0,45,63.89,task,unsat,85772553,71.876,,6000000000,,2026-10-02T19:10:07,2026-10-02T19:11:19
Random-125-125-4-5_0,45,63.32,task,unsat,255999239,236.074,,6000000000,,2026-10-02T19:07:26,2026-10-02T19:11:22
Random-125-125-4-5_0,45,63.91,task,unsat,124718225,116.889,,6000000000,,2026-10-02T19:10:09,2026-10-02T19:12:06
Random-125-125-4-5_0,45,63.44,task,unsat,240604596,231.769,,6000000000,,2026-10-02T19:08:30,2026-10-02T19:12:22
Random-125-125-4-5_0,45,63.41,task,unsat,950496950,760.446,,6000000000,,2026-10-02T19:00:15,2026-10-02T19:12:56
