7 instances, 987 tasks pending
2026-10-02T14:12:44 Random-125-125-4-1_0 48.76 unsat 8.58e+06 nodes 7 s; 963 queued
2026-10-02T14:12:45 Random-125-125-4-1_0 48.77 unsat 7.05e+06 nodes 8 s; 962 queued
2026-10-02T14:12:45 Random-125-125-4-1_0 48.86 unsat 6.63e+06 nodes 8 s; 961 queued
2026-10-02T14:12:47 Random-125-125-4-1_0 48.50 unsat 9.01e+06 nodes 10 s; 960 queued
2026-10-02T14:12:48 Random-125-125-4-1_0 48.110 unsat 2.75e+06 nodes 3 s; 959 queued
2026-10-02T14:12:48 Random-125-125-4-1_0 48.12 unsat 2.98e+06 nodes 3 s; 958 queued
2026-10-02T14:12:48 Random-125-125-4-1_0 48.96 unsat 5.34e+06 nodes 5 s; 957 queued
2026-10-02T14:12:49 Random-125-125-4-1_0 48.4 unsat 9.68e+05 nodes 1 s; 956 queued
2026-10-02T14:12:49 Random-125-125-4-1_0 48.22 unsat 1.1e+06 nodes 1 s; 955 queued
2026-10-02T14:12:50 Random-125-125-4-1_0 48.57 unsat 2.96e+06 nodes 3 s; 954 queued
2026-10-02T14:12:50 Random-125-125-4-1_0 48.32 unsat 8.81e+05 nodes 1 s; 953 queued
2026-10-02T14:12:50 Random-125-125-4-1_0 48.56 unsat 3.75e+05 nodes 0 s; 952 queued
2026-10-02T14:12:51 Random-125-125-4-1_0 48.33 unsat 1.33e+06 nodes 1 s; 951 queued
2026-10-02T14:12:51 Random-125-125-4-1_0 48.55 unsat 1.2e+06 nodes 1 s; 950 queued
2026-10-02T14:12:51 Random-125-125-4-1_0 48.8 unsat 3.26e+05 nodes 0 s; 949 queued
2026-10-02T14:12:51 Random-125-125-4-1_0 48.118 unsat 5.13e+05 nodes 1 s; 948 queued
2026-10-02T14:12:51 Random-125-125-4-1_0 48.10 unsat 2.61e+06 nodes 3 s; 947 queued
2026-10-02T14:12:51 Random-125-125-4-1_0 48.122 unsat 4.94e+05 nodes 0 s; 946 queued
2026-10-02T14:12:51 Random-125-125-4-1_0 48.107 unsat 8.69e+05 nodes 1 s; 945 queued
2026-10-02T14:12:52 Random-125-125-4-1_0 48.35 unsat 2.33e+05 nodes 0 s; 944 queued
2026-10-02T14:12:52 Random-125-125-4-1_0 48.52 unsat 1.58e+05 nodes 0 s; 943 queued
2026-10-02T14:12:52 Random-125-125-4-1_0 48.3 unsat 3.11e+05 nodes 0 s; 942 queued
2026-10-02T14:12:52 Random-125-125-4-1_0 48.103 unsat 9.15e+04 nodes 0 s; 941 queued
2026-10-02T14:12:52 Random-125-125-4-1_0 48.53 unsat 2.59e+05 nodes 0 s; 940 queued
2026-10-02T14:12:52 Random-125-125-4-1_0 48.90 unsat 2.27e+05 nodes 0 s; 939 queued
2026-10-02T14:12:52 Random-125-125-4-1_0 48.69 unsat 2.4e+05 nodes 0 s; 938 queued
2026-10-02T14:12:52 Random-125-125-4-1_0 48.104 unsat 6.13e+04 nodes 0 s; 937 queued
2026-10-02T14:12:52 Random-125-125-4-1_0 48.34 unsat 8.29e+04 nodes 0 s; 936 queued
2026-10-02T14:12:52 Random-125-125-4-1_0 48.113 unsat 1.74e+05 nodes 0 s; 935 queued
2026-10-02T14:12:52 Random-125-125-4-1_0 48.120 unsat 1.1e+05 nodes 0 s; 934 queued
2026-10-02T14:12:52 Random-125-125-4-1_0 48.19 unsat 7.18e+04 nodes 0 s; 933 queued
2026-10-02T14:12:52 Random-125-125-4-1_0 48.2 unsat 1.04e+05 nodes 0 s; 932 queued
2026-10-02T14:12:52 Random-125-125-4-1_0 48.37 unsat 4.02e+04 nodes 0 s; 931 queued
2026-10-02T14:12:52 Random-125-125-4-1_0 48.28 unsat 1.18e+05 nodes 0 s; 930 queued
2026-10-02T14:12:52 Random-125-125-4-1_0 48.47 unsat 4.36e+04 nodes 0 s; 929 queued
2026-10-02T14:12:52 Random-125-125-4-1_0 48.36 unsat 7.43e+04 nodes 0 s; 928 queued
2026-10-02T14:12:52 Random-125-125-4-1_0 48.93 unsat 2.85e+04 nodes 0 s; 927 queued
2026-10-02T14:12:52 Random-125-125-4-1_0 48.13 unsat 2.64e+04 nodes 0 s; 926 queued
2026-10-02T14:12:52 Random-125-125-4-1_0 48.23 unsat 1.24e+04 nodes 0 s; 925 queued
2026-10-02T14:12:52 Random-125-125-4-1_0 48.7 unsat 2.29e+04 nodes 0 s; 924 queued
2026-10-02T14:12:52 Random-125-125-4-1_0 48.46 unsat 4.07e+04 nodes 0 s; 923 queued
2026-10-02T14:12:52 Random-125-125-4-1_0 48.114 unsat 4.39e+04 nodes 0 s; 922 queued
2026-10-02T14:12:52 Random-125-125-4-1_0 48.26 unsat 3.17e+04 nodes 0 s; 921 queued
2026-10-02T14:12:52 Random-125-125-4-1_0 48.40 unsat 1.4e+04 nodes 0 s; 920 queued
2026-10-02T14:12:52 Random-125-125-4-1_0 48.72 unsat 8.6e+03 nodes 0 s; 919 queued
2026-10-02T14:12:52 Random-125-125-4-1_0 48.117 unsat 1.1e+04 nodes 0 s; 918 queued
2026-10-02T14:12:52 Random-125-125-4-1_0 48.51 unsat 1.48e+04 nodes 0 s; 917 queued
2026-10-02T14:12:52 Random-125-125-4-1_0 48.121 unsat 8.3e+03 nodes 0 s; 916 queued
2026-10-02T14:12:52 Random-125-125-4-1_0 48.0 unsat 5.23e+03 nodes 0 s; 915 queued
2026-10-02T14:12:52 Random-125-125-4-1_0 48.11 unsat 1.03e+04 nodes 0 s; 914 queued
2026-10-02T14:12:52 Random-125-125-4-1_0 48.18 unsat 7.29e+03 nodes 0 s; 913 queued
2026-10-02T14:12:52 Random-125-125-4-1_0 48.62 unsat 5.25e+03 nodes 0 s; 912 queued
2026-10-02T14:12:52 Random-125-125-4-1_0 48.39 unsat 6.22e+03 nodes 0 s; 911 queued
2026-10-02T14:12:52 Random-125-125-4-1_0 48.66 unsat 3.95e+03 nodes 0 s; 910 queued
2026-10-02T14:12:52 Random-125-125-4-1_0 48.80 unsat 1.71e+03 nodes 0 s; 909 queued
2026-10-02T14:12:52 Random-125-125-4-1_0 48.99 unsat 3.76e+03 nodes 0 s; 908 queued
2026-10-02T14:12:52 Random-125-125-4-1_0 48.79 unsat 3.24e+03 nodes 0 s; 907 queued
2026-10-02T14:12:52 Random-125-125-4-1_0 48.1 unsat 1.61e+03 nodes 0 s; 906 queued
2026-10-02T14:12:52 Random-125-125-4-1_0 48.67 unsat 6.58e+03 nodes 0 s; 905 queued
2026-10-02T14:12:52 Random-125-125-4-1_0 48.112 unsat 2.59e+03 nodes 0 s; 904 queued
2026-10-02T14:12:52 Random-125-125-4-1_0 48.14 unsat 2.14e+03 nodes 0 s; 903 queued
2026-10-02T14:12:52 Random-125-125-4-1_0 48.70 unsat 1.56e+03 nodes 0 s; 902 queued
2026-10-02T14:12:52 Random-125-125-4-1_0 48.61 unsat 1.13e+03 nodes 0 s; 901 queued
2026-10-02T14:12:52 Random-125-125-4-1_0 48.63 unsat 1.04e+03 nodes 0 s; 900 queued
2026-10-02T14:12:52 Random-125-125-4-1_0 48.111 unsat 976 nodes 0 s; 899 queued
2026-10-02T14:12:52 Random-125-125-4-1_0 48.38 unsat 1.33e+03 nodes 0 s; 898 queued
2026-10-02T14:12:52 Random-125-125-4-1_0 48.82 unsat 538 nodes 0 s; 897 queued
2026-10-02T14:12:52 Random-125-125-4-1_0 48.15 unsat 919 nodes 0 s; 896 queued
2026-10-02T14:12:52 Random-125-125-4-1_0 48.29 unsat 406 nodes 0 s; 895 queued
2026-10-02T14:12:52 Random-125-125-4-1_0 48.75 unsat 239 nodes 0 s; 894 queued
2026-10-02T14:12:52 Random-125-125-4-1_0 48.65 unsat 10 nodes 0 s; 893 queued
2026-10-02T14:12:52 Random-125-125-4-1_0 48.58 unsat 614 nodes 0 s; 892 queued
2026-10-02T14:12:52 Random-125-125-4-1_0 48.105 unsat 245 nodes 0 s; 891 queued
2026-10-02T14:12:52 Random-125-125-4-1_0 48.73 unsat 110 nodes 0 s; 891 queued
2026-10-02T14:12:52 Random-125-125-4-1_0 48.124 unsat 82 nodes 0 s; 889 queued
2026-10-02T14:12:52 Random-125-125-4-1_0 48.5 unsat 14 nodes 0 s; 888 queued
2026-10-02T14:12:52 Random-125-125-4-1_0 48.21 unsat 94 nodes 0 s; 887 queued
2026-10-02T14:12:52 Random-125-125-4-1_0 48.17 unsat 1.75e+07 nodes 16 s; 886 queued
2026-10-02T14:12:55 Random-125-125-4-1_0 48.25 unsat 1.76e+07 nodes 18 s; 885 queued
2026-10-02T14:13:08 Random-125-125-4-1_0 48.102 unsat 2.81e+07 nodes 32 s; 884 queued
2026-10-02T14:13:32 Random-125-125-4-1_0 48.101 unsat 4.81e+07 nodes 56 s; 883 queued
2026-10-02T14:13:49 Random-125-125-4-1_0 48.95 unsat 6.03e+07 nodes 73 s; 882 queued
2026-10-02T14:14:18 Random-125-125-4-1_0 48.74 unsat 1.27e+08 nodes 102 s; 881 queued
2026-10-02T14:14:38 Random-125-125-4-1_0 48.87 unsat 1.03e+08 nodes 121 s; 880 queued
2026-10-02T14:15:03 Random-125-125-4-1_0 48.59 unsat 2.08e+08 nodes 146 s; 879 queued
2026-10-02T14:15:32 Random-125-125-4-1_0 48.43 unsat 2.29e+08 nodes 175 s; 878 queued
2026-10-02T14:15:36 Random-125-125-4-1_0 48.49 unsat 2.21e+08 nodes 180 s; 877 queued
2026-10-02T14:17:58 Random-125-125-4-1_0 48.27 unsat 2.67e+08 nodes 322 s; 876 queued
2026-10-02T14:18:15 Random-125-125-4-1_0 95 unsat 1.37e+08 nodes 159 s; 875 queued
2026-10-02T14:18:23 Random-125-125-4-1_0 48.30 unsat 3.71e+08 nodes 347 s; 874 queued
2026-10-02T14:19:24 Random-125-125-4-1_0 102 unsat 5.43e+07 nodes 61 s; 873 queued
2026-10-02T14:19:39 Random-125-125-4-1_0 100 unsat 9.53e+07 nodes 101 s; 872 queued
2026-10-02T14:19:53 Random-125-125-4-1_0 101 unsat 8.76e+07 nodes 98 s; 871 queued
2026-10-02T14:19:53 Random-125-125-4-1_0 87 unsat 2.52e+08 nodes 261 s; 870 queued
2026-10-02T14:19:58 Random-125-125-4-1_0 17 unsat 3.27e+07 nodes 34 s; 869 queued
2026-10-02T14:20:09 Random-125-125-4-1_0 110 unsat 9.36e+06 nodes 11 s; 868 queued
2026-10-02T14:20:15 Random-125-125-4-1_0 49 unsat 3.66e+07 nodes 36 s; 867 queued
2026-10-02T14:20:16 Random-125-125-4-1_0 96 unsat 1.98e+07 nodes 23 s; 866 queued
2026-10-02T14:20:20 Random-125-125-4-1_0 12 unsat 8.64e+06 nodes 10 s; 865 queued
2026-10-02T14:20:22 Random-125-125-4-1_0 50 unsat 4.67e+06 nodes 6 s; 864 queued
2026-10-02T14:20:23 Random-125-125-4-1_0 25 unsat 6.28e+06 nodes 8 s; 863 queued
2026-10-02T14:20:24 Random-125-125-4-1_0 86 unsat 3.37e+07 nodes 31 s; 862 queued
2026-10-02T14:20:24 Random-125-125-4-1_0 4 unsat 1.79e+06 nodes 2 s; 861 queued
2026-10-02T14:20:25 Random-125-125-4-1_0 76 unsat 4.49e+06 nodes 5 s; 860 queued
2026-10-02T14:20:25 Random-125-125-4-1_0 77 unsat 3.08e+06 nodes 4 s; 859 queued
2026-10-02T14:20:26 Random-125-125-4-1_0 22 unsat 1.99e+06 nodes 2 s; 858 queued
2026-10-02T14:20:26 Random-125-125-4-1_0 32 unsat 1.58e+06 nodes 2 s; 857 queued
2026-10-02T14:20:27 Random-125-125-4-1_0 56 unsat 5.51e+05 nodes 0 s; 856 queued
2026-10-02T14:20:28 Random-125-125-4-1_0 33 unsat 2.02e+06 nodes 2 s; 855 queued
2026-10-02T14:20:28 Random-125-125-4-1_0 57 unsat 1.6e+06 nodes 1 s; 854 queued
2026-10-02T14:20:29 Random-125-125-4-1_0 118 unsat 8.01e+05 nodes 1 s; 853 queued
2026-10-02T14:20:29 Random-125-125-4-1_0 55 unsat 2.37e+06 nodes 3 s; 852 queued
2026-10-02T14:20:29 Random-125-125-4-1_0 8 unsat 2.42e+05 nodes 0 s; 851 queued
2026-10-02T14:20:29 Random-125-125-4-1_0 107 unsat 1.22e+06 nodes 1 s; 850 queued
2026-10-02T14:20:30 Random-125-125-4-1_0 122 unsat 7.28e+05 nodes 1 s; 849 queued
2026-10-02T14:20:30 Random-125-125-4-1_0 52 unsat 3.03e+05 nodes 0 s; 848 queued
2026-10-02T14:20:30 Random-125-125-4-1_0 35 unsat 3.5e+05 nodes 0 s; 847 queued
2026-10-02T14:20:30 Random-125-125-4-1_0 10 unsat 4.65e+06 nodes 6 s; 846 queued
2026-10-02T14:20:30 Random-125-125-4-1_0 103 unsat 1.66e+05 nodes 0 s; 845 queued
2026-10-02T14:20:30 Random-125-125-4-1_0 90 unsat 4.25e+05 nodes 0 s; 844 queued
2026-10-02T14:20:30 Random-125-125-4-1_0 3 unsat 1.77e+05 nodes 0 s; 843 queued
2026-10-02T14:20:30 Random-125-125-4-1_0 53 unsat 4.92e+05 nodes 1 s; 842 queued
2026-10-02T14:20:30 Random-125-125-4-1_0 69 unsat 1.95e+05 nodes 0 s; 841 queued
2026-10-02T14:20:30 Random-125-125-4-1_0 113 unsat 3.15e+05 nodes 0 s; 840 queued
2026-10-02T14:20:30 Random-125-125-4-1_0 34 unsat 7.15e+04 nodes 0 s; 839 queued
2026-10-02T14:20:30 Random-125-125-4-1_0 120 unsat 2.09e+05 nodes 0 s; 838 queued
2026-10-02T14:20:30 Random-125-125-4-1_0 19 unsat 1.25e+05 nodes 0 s; 837 queued
2026-10-02T14:20:30 Random-125-125-4-1_0 2 unsat 1.73e+05 nodes 0 s; 836 queued
2026-10-02T14:20:30 Random-125-125-4-1_0 37 unsat 7.01e+04 nodes 0 s; 835 queued
2026-10-02T14:20:31 Random-125-125-4-1_0 36 unsat 1.64e+05 nodes 0 s; 834 queued
2026-10-02T14:20:31 Random-125-125-4-1_0 47 unsat 8.66e+04 nodes 0 s; 833 queued
2026-10-02T14:20:31 Random-125-125-4-1_0 13 unsat 6.45e+04 nodes 0 s; 832 queued
2026-10-02T14:20:31 Random-125-125-4-1_0 46 unsat 5.79e+04 nodes 0 s; 831 queued
2026-10-02T14:20:31 Random-125-125-4-1_0 28 unsat 7.54e+04 nodes 0 s; 830 queued
2026-10-02T14:20:31 Random-125-125-4-1_0 7 unsat 4.08e+04 nodes 0 s; 829 queued
2026-10-02T14:20:31 Random-125-125-4-1_0 40 unsat 1.95e+04 nodes 0 s; 828 queued
2026-10-02T14:20:31 Random-125-125-4-1_0 114 unsat 6.4e+04 nodes 0 s; 827 queued
2026-10-02T14:20:31 Random-125-125-4-1_0 26 unsat 5.55e+04 nodes 0 s; 826 queued
2026-10-02T14:20:31 Random-125-125-4-1_0 0 unsat 1.25e+04 nodes 0 s; 825 queued
2026-10-02T14:20:31 Random-125-125-4-1_0 23 unsat 1.09e+04 nodes 0 s; 824 queued
2026-10-02T14:20:31 Random-125-125-4-1_0 18 unsat 1.8e+04 nodes 0 s; 823 queued
2026-10-02T14:20:31 Random-125-125-4-1_0 39 unsat 1.21e+04 nodes 0 s; 822 queued
2026-10-02T14:20:31 Random-125-125-4-1_0 11 unsat 2.35e+04 nodes 0 s; 821 queued
2026-10-02T14:20:31 Random-125-125-4-1_0 62 unsat 1.4e+04 nodes 0 s; 820 queued
2026-10-02T14:20:31 Random-125-125-4-1_0 67 unsat 8.13e+03 nodes 0 s; 819 queued
2026-10-02T14:20:31 Random-125-125-4-1_0 79 unsat 7.8e+03 nodes 0 s; 818 queued
2026-10-02T14:20:31 Random-125-125-4-1_0 72 unsat 9.54e+03 nodes 0 s; 817 queued
2026-10-02T14:20:31 Random-125-125-4-1_0 99 unsat 9.63e+03 nodes 0 s; 816 queued
2026-10-02T14:20:31 Random-125-125-4-1_0 117 unsat 5.64e+03 nodes 0 s; 815 queued
2026-10-02T14:20:31 Random-125-125-4-1_0 80 unsat 2.38e+03 nodes 0 s; 814 queued
2026-10-02T14:20:31 Random-125-125-4-1_0 66 unsat 4.54e+03 nodes 0 s; 813 queued
2026-10-02T14:20:31 Random-125-125-4-1_0 112 unsat 8.15e+03 nodes 0 s; 812 queued
2026-10-02T14:20:31 Random-125-125-4-1_0 14 unsat 3.87e+03 nodes 0 s; 811 queued
2026-10-02T14:20:31 Random-125-125-4-1_0 63 unsat 2.74e+03 nodes 0 s; 810 queued
2026-10-02T14:20:31 Random-125-125-4-1_0 70 unsat 2.57e+03 nodes 0 s; 809 queued
2026-10-02T14:20:31 Random-125-125-4-1_0 38 unsat 2.5e+03 nodes 0 s; 808 queued
2026-10-02T14:20:31 Random-125-125-4-1_0 1 unsat 5.01e+03 nodes 0 s; 807 queued
2026-10-02T14:20:31 Random-125-125-4-1_0 82 unsat 1.72e+03 nodes 0 s; 806 queued
2026-10-02T14:20:31 Random-125-125-4-1_0 111 unsat 963 nodes 0 s; 805 queued
2026-10-02T14:20:31 Random-125-125-4-1_0 75 unsat 440 nodes 0 s; 804 queued
2026-10-02T14:20:31 Random-125-125-4-1_0 58 unsat 701 nodes 0 s; 804 queued
2026-10-02T14:20:31 Random-125-125-4-1_0 65 unsat 169 nodes 0 s; 802 queued
2026-10-02T14:20:31 Random-125-125-4-1_0 15 unsat 1.42e+03 nodes 0 s; 801 queued
2026-10-02T14:20:31 Random-125-125-4-1_0 105 unsat 522 nodes 0 s; 800 queued
2026-10-02T14:20:31 Random-125-125-4-1_0 73 unsat 233 nodes 0 s; 799 queued
2026-10-02T14:20:31 Random-125-125-4-1_0 124 unsat 244 nodes 0 s; 798 queued
2026-10-02T14:20:31 Random-125-125-4-1_0 29 unsat 2.05e+03 nodes 0 s; 797 queued
2026-10-02T14:20:31 Random-125-125-4-1_0 5 unsat 427 nodes 0 s; 796 queued
2026-10-02T14:20:31 Random-125-125-4-1_0 21 unsat 377 nodes 0 s; 795 queued
2026-10-02T14:20:56 Random-125-125-4-1_0 43 unsat 3.77e+08 nodes 398 s; 794 queued
2026-10-02T14:21:29 Random-125-125-4-1_0 48.109 unsat 5.62e+08 nodes 533 s; 793 queued
2026-10-02T14:22:00 Random-125-125-4-1_0 74 unsat 3.6e+08 nodes 417 s; 792 queued
2026-10-02T14:22:51 Random-125-125-4-1_0 59 unsat 5.17e+08 nodes 493 s; 791 queued
2026-10-02T14:23:42 Random-125-125-4-1_0 27 unsat 6.01e+08 nodes 611 s; 790 queued
2026-10-02T14:23:58 Random-125-125-4-1_0 48.100 unsat 6.21e+08 nodes 681 s; 789 queued
2026-10-02T14:26:25 Random-125-125-4-1_0 109 unsat 8.35e+08 nodes 810 s; 788 queued
2026-10-02T14:26:31 Random-125-125-4-1_0 30 unsat 8.34e+08 nodes 761 s; 787 queued
2026-10-02T14:29:13 Random-125-125-4-1_0 48.31 unsat 1.08e+09 nodes 997 s; 786 queued
2026-10-02T14:33:15 Random-125-125-2-4_0 1.35 unsat 5.2e+08 nodes 411 s; 785 queued
2026-10-02T14:34:53 Random-125-125-2-4_0 1.37 unsat 8.1e+08 nodes 502 s; 784 queued
2026-10-02T14:35:37 Random-125-125-2-4_0 1.77 unsat 5.38e+08 nodes 383 s; 783 queued
2026-10-02T14:36:44 Random-125-125-4-1_0 31 unsat 1.58e+09 nodes 1415 s; 782 queued
2026-10-02T14:36:46 Random-125-125-4-1_0 48.71 unsat 1.34e+09 nodes 1450 s; 781 queued
2026-10-02T14:37:54 Random-125-125-2-4_0 1.82 unsat 3.17e+08 nodes 279 s; 780 queued
2026-10-02T14:38:10 Random-125-125-2-4_0 1.8 unsat 9.39e+07 nodes 83 s; 779 queued
2026-10-02T14:38:21 Random-125-125-4-1_0 48.64 unsat 1.64e+09 nodes 1545 s; 778 queued
2026-10-02T14:38:33 Random-125-125-2-4_0 1.88 unsat 2.33e+08 nodes 220 s; 777 queued
2026-10-02T14:38:35 Random-125-125-2-4_0 1.63 unsat 2.5e+07 nodes 25 s; 776 queued
2026-10-02T14:38:39 Random-125-125-2-4_0 1.86 unsat 7.53e+06 nodes 6 s; 775 queued
2026-10-02T14:38:43 Random-125-125-2-4_0 1.84 unsat 2.34e+07 nodes 22 s; 774 queued
2026-10-02T14:38:44 Random-125-125-2-4_0 1.10 unsat 4.42e+06 nodes 5 s; 773 queued
2026-10-02T14:38:47 Random-125-125-2-4_0 1.98 unsat 1.12e+07 nodes 12 s; 772 queued
2026-10-02T14:38:47 Random-125-125-2-4_0 1.22 unsat 3.68e+06 nodes 4 s; 771 queued
2026-10-02T14:38:49 Random-125-125-2-4_0 1.69 unsat 1.5e+06 nodes 2 s; 770 queued
2026-10-02T14:38:49 Random-125-125-2-4_0 1.64 unsat 2.54e+06 nodes 3 s; 769 queued
2026-10-02T14:38:50 Random-125-125-2-4_0 1.31 unsat 5.02e+06 nodes 5 s; 768 queued
2026-10-02T14:38:51 Random-125-125-2-4_0 1.94 unsat 2.16e+06 nodes 2 s; 767 queued
2026-10-02T14:38:52 Random-125-125-2-4_0 1.72 unsat 2.89e+06 nodes 3 s; 766 queued
2026-10-02T14:38:53 Random-125-125-2-4_0 1.36 unsat 6.41e+05 nodes 1 s; 765 queued
2026-10-02T14:38:53 Random-125-125-2-4_0 1.9 unsat 1.95e+06 nodes 1 s; 764 queued
2026-10-02T14:38:53 Random-125-125-2-4_0 1.83 unsat 3.47e+06 nodes 4 s; 763 queued
2026-10-02T14:38:53 Random-125-125-2-4_0 1.81 unsat 4.59e+05 nodes 0 s; 762 queued
2026-10-02T14:38:53 Random-125-125-2-4_0 1.62 unsat 7.63e+05 nodes 1 s; 761 queued
2026-10-02T14:38:54 Random-125-125-2-4_0 1.50 unsat 1.27e+06 nodes 1 s; 760 queued
2026-10-02T14:38:54 Random-125-125-2-4_0 1.99 unsat 9.54e+05 nodes 1 s; 759 queued
2026-10-02T14:38:54 Random-125-125-2-4_0 1.112 unsat 9.59e+05 nodes 1 s; 758 queued
2026-10-02T14:38:55 Random-125-125-2-4_0 1.17 unsat 6.71e+05 nodes 1 s; 757 queued
2026-10-02T14:38:55 Random-125-125-2-4_0 1.92 unsat 3.58e+05 nodes 0 s; 756 queued
2026-10-02T14:38:55 Random-125-125-2-4_0 1.18 unsat 5.22e+05 nodes 1 s; 755 queued
2026-10-02T14:38:55 Random-125-125-2-4_0 1.6 unsat 1.49e+05 nodes 0 s; 754 queued
2026-10-02T14:38:55 Random-125-125-2-4_0 1.40 unsat 1.47e+05 nodes 0 s; 753 queued
2026-10-02T14:38:55 Random-125-125-2-4_0 1.4 unsat 1.21e+05 nodes 0 s; 752 queued
2026-10-02T14:38:55 Random-125-125-2-4_0 1.11 unsat 9.26e+03 nodes 0 s; 751 queued
2026-10-02T14:38:55 Random-125-125-2-4_0 1.103 unsat 4.85e+05 nodes 1 s; 750 queued
2026-10-02T14:38:55 Random-125-125-2-4_0 1.24 unsat 9.58e+04 nodes 0 s; 749 queued
2026-10-02T14:39:02 Random-125-125-2-4_0 1.12 unsat 7.69e+07 nodes 68 s; 748 queued
2026-10-02T14:39:21 Random-125-125-2-4_0 1.91 unsat 1.78e+08 nodes 157 s; 747 queued
2026-10-02T14:40:24 Random-125-125-2-4_0 1.90 unsat 4.27e+08 nodes 287 s; 746 queued
2026-10-02T14:42:48 Random-125-125-2-4_0 1.32 unsat 1.24e+09 nodes 1145 s; 745 queued
2026-10-02T14:46:28 Random-125-125-2-4_0 1.20 unsat 1.66e+09 nodes 1416 s; 744 queued
2026-10-02T14:47:00 Random-125-125-2-4_0 1.33 unsat 1.77e+09 nodes 1382 s; 743 queued
2026-10-02T14:51:56 Random-125-125-4-1_0 71 unsat 2.25e+09 nodes 2344 s; 742 queued
2026-10-02T14:52:06 Random-125-125-4-1_0 48.6 unsat 2.25e+09 nodes 2370 s; 741 queued
2026-10-02T14:54:26 Random-125-125-2-4_0 1.97 unknown 3e+09 nodes 2010 s; 786 queued
2026-10-02T14:55:36 Random-125-125-4-1_0 48.108 unknown 3e+09 nodes 2579 s; 886 queued
2026-10-02T14:56:24 Random-125-125-2-4_0 1.85 unknown 3e+09 nodes 2153 s; 931 queued
2026-10-02T14:59:37 Random-125-125-2-4_0 27.35 unsat 5.38e+08 nodes 460 s; 930 queued
2026-10-02T14:59:55 Random-125-125-2-4_0 27.77 unsat 5.6e+08 nodes 329 s; 929 queued
2026-10-02T15:00:32 Random-125-125-2-4_0 1.111 unknown 3e+09 nodes 2343 s; 970 queued
2026-10-02T15:02:46 Random-125-125-2-4_0 1.2 unknown 3e+09 nodes 2446 s; 1017 queued
2026-10-02T15:02:47 Random-125-125-2-4_0 1.46 unknown 3e+09 nodes 2536 s; 1063 queued
2026-10-02T15:03:00 Random-125-125-2-4_0 27.37 unsat 8.11e+08 nodes 654 s; 1062 queued
2026-10-02T15:03:04 Random-125-125-2-4_0 1.59 unknown 3e+09 nodes 2554 s; 1108 queued
2026-10-02T15:03:06 Random-125-125-2-4_0 27.32 unsat 1.38e+09 nodes 998 s; 1107 queued
2026-10-02T15:03:23 Random-125-125-2-4_0 1.27 unknown 3e+09 nodes 2572 s; 1152 queued
2026-10-02T15:03:30 Random-125-125-4-1_0 64 unsat 2.88e+09 nodes 3037 s; 1151 queued
2026-10-02T15:03:53 Random-125-125-4-1_0 48.108.27 unsat 6.67e+07 nodes 52 s; 1150 queued
2026-10-02T15:03:58 Random-125-125-4-1_0 48.108.41 unsat 6.73e+07 nodes 52 s; 1149 queued
2026-10-02T15:04:03 Random-125-125-4-1_0 44 unknown 3e+09 nodes 3070 s; 1244 queued
2026-10-02T15:04:20 Random-125-125-4-1_0 48.108.43 unsat 6.72e+07 nodes 58 s; 1243 queued
2026-10-02T15:04:25 Random-125-125-4-1_0 48.108.77 unsat 1.94e+07 nodes 23 s; 1242 queued
2026-10-02T15:04:26 Random-125-125-4-1_0 48.108.49 unsat 4.97e+07 nodes 57 s; 1241 queued
2026-10-02T15:04:31 Random-125-125-4-1_0 48.108.74 unsat 2.87e+07 nodes 33 s; 1240 queued
2026-10-02T15:04:35 Random-125-125-4-1_0 48.108.101 unsat 8.31e+06 nodes 9 s; 1239 queued
2026-10-02T15:04:37 Random-125-125-4-1_0 48.108.102 unsat 5.13e+06 nodes 6 s; 1238 queued
2026-10-02T15:04:37 Random-125-125-4-1_0 48.108.95 unsat 9.74e+06 nodes 12 s; 1237 queued
2026-10-02T15:04:39 Random-125-125-4-1_0 48.44 unknown 3e+09 nodes 3123 s; 1334 queued
2026-10-02T15:04:40 Random-125-125-4-1_0 48.108.17 unsat 3.71e+06 nodes 5 s; 1333 queued
2026-10-02T15:04:40 Random-125-125-4-1_0 48.108.50 unsat 2.4e+06 nodes 3 s; 1332 queued
2026-10-02T15:04:41 Random-125-125-4-1_0 48.108.76 unsat 3.04e+06 nodes 4 s; 1331 queued
2026-10-02T15:04:42 Random-125-125-4-1_0 48.108.110 unsat 1.25e+06 nodes 2 s; 1330 queued
2026-10-02T15:04:42 Random-125-125-4-1_0 48.108.86 unsat 2.6e+06 nodes 2 s; 1329 queued
2026-10-02T15:04:43 Random-125-125-4-1_0 48.108.20 unsat 9.33e+05 nodes 1 s; 1328 queued
2026-10-02T15:04:43 Random-125-125-4-1_0 48.108.59 unsat 4.64e+07 nodes 50 s; 1327 queued
2026-10-02T15:04:43 Random-125-125-4-1_0 48.108.22 unsat 7.1e+05 nodes 1 s; 1326 queued
2026-10-02T15:04:43 Random-125-125-4-1_0 48.108.12 unsat 1.31e+06 nodes 2 s; 1325 queued
2026-10-02T15:04:43 Random-125-125-4-1_0 48.108.96 unsat 2.64e+06 nodes 3 s; 1324 queued
2026-10-02T15:04:44 Random-125-125-4-1_0 48.108.56 unsat 3.79e+05 nodes 0 s; 1323 queued
2026-10-02T15:04:44 Random-125-125-4-1_0 48.108.10 unsat 2.07e+06 nodes 3 s; 1322 queued
2026-10-02T15:04:44 Random-125-125-4-1_0 48.108.4 unsat 2.22e+05 nodes 0 s; 1321 queued
2026-10-02T15:04:44 Random-125-125-4-1_0 48.108.32 unsat 7.04e+05 nodes 1 s; 1320 queued
2026-10-02T15:04:44 Random-125-125-4-1_0 48.108.33 unsat 4.56e+05 nodes 1 s; 1319 queued
2026-10-02T15:04:44 Random-125-125-4-1_0 48.108.55 unsat 4.34e+05 nodes 0 s; 1318 queued
2026-10-02T15:04:44 Random-125-125-4-1_0 48.108.3 unsat 1.76e+05 nodes 0 s; 1317 queued
2026-10-02T15:04:44 Random-125-125-4-1_0 48.108.107 unsat 7.69e+05 nodes 1 s; 1316 queued
2026-10-02T15:04:44 Random-125-125-4-1_0 48.108.118 unsat 2.18e+05 nodes 0 s; 1315 queued
2026-10-02T15:04:44 Random-125-125-4-1_0 48.108.98 unsat 2.98e+05 nodes 0 s; 1314 queued
2026-10-02T15:04:44 Random-125-125-4-1_0 48.108.57 unsat 9.31e+05 nodes 1 s; 1313 queued
2026-10-02T15:04:44 Random-125-125-4-1_0 48.108.8 unsat 1.09e+05 nodes 0 s; 1312 queued
2026-10-02T15:04:45 Random-125-125-4-1_0 48.108.34 unsat 5.56e+04 nodes 0 s; 1311 queued
2026-10-02T15:04:45 Random-125-125-4-1_0 48.108.52 unsat 5.41e+04 nodes 0 s; 1310 queued
2026-10-02T15:04:45 Random-125-125-4-1_0 48.108.53 unsat 8.33e+04 nodes 0 s; 1309 queued
2026-10-02T15:04:45 Random-125-125-4-1_0 48.108.68 unsat 3.74e+04 nodes 0 s; 1308 queued
2026-10-02T15:04:45 Random-125-125-4-1_0 48.108.122 unsat 1.18e+05 nodes 0 s; 1307 queued
2026-10-02T15:04:45 Random-125-125-4-1_0 48.108.35 unsat 1.46e+05 nodes 0 s; 1306 queued
2026-10-02T15:04:45 Random-125-125-4-1_0 48.108.90 unsat 8.52e+04 nodes 0 s; 1305 queued
2026-10-02T15:04:45 Random-125-125-4-1_0 48.108.69 unsat 7.99e+04 nodes 0 s; 1304 queued
2026-10-02T15:04:45 Random-125-125-4-1_0 48.108.103 unsat 3.06e+04 nodes 0 s; 1303 queued
2026-10-02T15:04:45 Random-125-125-4-1_0 48.108.37 unsat 2.65e+04 nodes 0 s; 1302 queued
2026-10-02T15:04:45 Random-125-125-4-1_0 48.108.93 unsat 3.13e+04 nodes 0 s; 1301 queued
2026-10-02T15:04:45 Random-125-125-4-1_0 48.108.116 unsat 1.11e+04 nodes 0 s; 1300 queued
2026-10-02T15:04:45 Random-125-125-4-1_0 48.108.104 unsat 1.68e+04 nodes 0 s; 1299 queued
2026-10-02T15:04:45 Random-125-125-4-1_0 48.108.120 unsat 2.09e+04 nodes 0 s; 1298 queued
2026-10-02T15:04:45 Random-125-125-4-1_0 48.108.28 unsat 7.23e+04 nodes 0 s; 1297 queued
2026-10-02T15:04:45 Random-125-125-4-1_0 48.108.13 unsat 1.49e+04 nodes 0 s; 1296 queued
2026-10-02T15:04:45 Random-125-125-4-1_0 48.108.113 unsat 3.82e+04 nodes 0 s; 1295 queued
2026-10-02T15:04:45 Random-125-125-4-1_0 48.108.2 unsat 2.16e+04 nodes 0 s; 1294 queued
2026-10-02T15:04:45 Random-125-125-4-1_0 48.108.19 unsat 1.57e+04 nodes 0 s; 1293 queued
2026-10-02T15:04:45 Random-125-125-4-1_0 48.108.23 unsat 1.17e+04 nodes 0 s; 1292 queued
2026-10-02T15:04:45 Random-125-125-4-1_0 48.108.72 unsat 5.38e+03 nodes 0 s; 1291 queued
2026-10-02T15:04:45 Random-125-125-4-1_0 48.108.47 unsat 8.31e+03 nodes 0 s; 1290 queued
2026-10-02T15:04:45 Random-125-125-4-1_0 48.108.36 unsat 1.39e+04 nodes 0 s; 1289 queued
2026-10-02T15:04:45 Random-125-125-4-1_0 48.108.46 unsat 1.25e+04 nodes 0 s; 1288 queued
2026-10-02T15:04:45 Random-125-125-4-1_0 48.108.62 unsat 3.96e+03 nodes 0 s; 1287 queued
2026-10-02T15:04:45 Random-125-125-4-1_0 48.108.7 unsat 7.93e+03 nodes 0 s; 1286 queued
2026-10-02T15:04:45 Random-125-125-4-1_0 48.108.51 unsat 8.67e+03 nodes 0 s; 1285 queued
2026-10-02T15:04:45 Random-125-125-4-1_0 48.108.40 unsat 2.66e+03 nodes 0 s; 1284 queued
2026-10-02T15:04:45 Random-125-125-4-1_0 48.108.117 unsat 2.74e+03 nodes 0 s; 1283 queued
2026-10-02T15:04:45 Random-125-125-4-1_0 48.108.39 unsat 3.59e+03 nodes 0 s; 1282 queued
2026-10-02T15:04:45 Random-125-125-4-1_0 48.108.0 unsat 1.47e+03 nodes 0 s; 1281 queued
2026-10-02T15:04:45 Random-125-125-4-1_0 48.108.121 unsat 2.08e+03 nodes 0 s; 1280 queued
2026-10-02T15:04:45 Random-125-125-4-1_0 48.108.114 unsat 8.74e+03 nodes 0 s; 1279 queued
2026-10-02T15:04:45 Random-125-125-4-1_0 48.108.14 unsat 1.3e+03 nodes 0 s; 1278 queued
2026-10-02T15:04:45 Random-125-125-4-1_0 48.108.11 unsat 3.01e+03 nodes 0 s; 1277 queued
2026-10-02T15:04:45 Random-125-125-4-1_0 48.108.26 unsat 7.96e+03 nodes 0 s; 1276 queued
2026-10-02T15:04:45 Random-125-125-4-1_0 48.108.61 unsat 1.06e+03 nodes 0 s; 1275 queued
2026-10-02T15:04:45 Random-125-125-4-1_0 48.108.66 unsat 1.53e+03 nodes 0 s; 1274 queued
2026-10-02T15:04:45 Random-125-125-4-1_0 48.108.18 unsat 1.78e+03 nodes 0 s; 1273 queued
2026-10-02T15:04:45 Random-125-125-4-1_0 48.108.67 unsat 606 nodes 0 s; 1272 queued
2026-10-02T15:04:45 Random-125-125-4-1_0 48.108.80 unsat 393 nodes 0 s; 1271 queued
2026-10-02T15:04:45 Random-125-125-4-1_0 48.108.79 unsat 962 nodes 0 s; 1270 queued
2026-10-02T15:04:45 Random-125-125-4-1_0 48.108.1 unsat 186 nodes 0 s; 1269 queued
2026-10-02T15:04:45 Random-125-125-4-1_0 48.108.111 unsat 559 nodes 0 s; 1268 queued
2026-10-02T15:04:45 Random-125-125-4-1_0 48.108.99 unsat 1.39e+03 nodes 0 s; 1267 queued
2026-10-02T15:04:45 Random-125-125-4-1_0 48.108.112 unsat 1.16e+03 nodes 0 s; 1266 queued
2026-10-02T15:04:45 Random-125-125-4-1_0 48.108.38 unsat 616 nodes 0 s; 1265 queued
2026-10-02T15:04:45 Random-125-125-4-1_0 48.108.63 unsat 426 nodes 0 s; 1264 queued
2026-10-02T15:04:45 Random-125-125-4-1_0 48.108.70 unsat 747 nodes 0 s; 1263 queued
2026-10-02T15:04:45 Random-125-125-4-1_0 48.108.15 unsat 413 nodes 0 s; 1262 queued
2026-10-02T15:04:45 Random-125-125-4-1_0 48.108.82 unsat 204 nodes 0 s; 1261 queued
2026-10-02T15:04:45 Random-125-125-4-1_0 48.108.29 unsat 249 nodes 0 s; 1260 queued
2026-10-02T15:04:45 Random-125-125-4-1_0 48.108.58 unsat 186 nodes 0 s; 1259 queued
2026-10-02T15:04:45 Random-125-125-4-1_0 48.108.97 unsat 64 nodes 0 s; 1259 queued
2026-10-02T15:04:45 Random-125-125-4-1_0 48.108.75 unsat 62 nodes 0 s; 1257 queued
2026-10-02T15:04:45 Random-125-125-4-1_0 48.108.65 unsat 4 nodes 0 s; 1256 queued
2026-10-02T15:04:45 Random-125-125-4-1_0 48.108.105 unsat 83 nodes 0 s; 1255 queued
2026-10-02T15:04:45 Random-125-125-4-1_0 48.108.124 unsat 41 nodes 0 s; 1254 queued
2026-10-02T15:04:45 Random-125-125-4-1_0 48.108.73 unsat 117 nodes 0 s; 1253 queued
2026-10-02T15:04:45 Random-125-125-4-1_0 48.108.5 unsat 87 nodes 0 s; 1252 queued
2026-10-02T15:04:45 Random-125-125-4-1_0 48.108.21 unsat 214 nodes 0 s; 1251 queued
2026-10-02T15:04:48 Random-125-125-4-1_0 48.108.87 unsat 2.64e+07 nodes 28 s; 1250 queued
2026-10-02T15:04:56 Random-125-125-4-1_0 48.108.30 unsat 1.04e+08 nodes 111 s; 1249 queued
2026-10-02T15:05:21 Random-125-125-4-1_0 48.108.25 unsat 1.26e+08 nodes 154 s; 1248 queued
2026-10-02T15:05:38 Random-125-125-4-1_0 48.108.109 unsat 3.3e+08 nodes 343 s; 1247 queued
2026-10-02T15:06:04 Random-125-125-4-1_0 48.108.31 unsat 3.31e+08 nodes 332 s; 1246 queued
2026-10-02T15:06:05 Random-125-125-4-1_0 48.108.100 unsat 1.95e+08 nodes 199 s; 1245 queued
2026-10-02T15:06:43 Random-125-125-4-1_0 6 unknown 3e+09 nodes 3230 s; 1335 queued
2026-10-02T15:06:53 Random-125-125-4-1_0 48.108.64 unsat 5.58e+08 nodes 630 s; 1334 queued
2026-10-02T15:07:15 Random-125-125-4-1_0 48.108.71 unsat 4.46e+08 nodes 458 s; 1333 queued
2026-10-02T15:07:28 Random-125-125-4-1_0 108 unknown 3e+09 nodes 3276 s; 1431 queued
2026-10-02T15:08:14 Random-125-125-4-1_0 44.43 unsat 7.59e+07 nodes 91 s; 1430 queued
2026-10-02T15:08:29 Random-125-125-4-1_0 44.74 unsat 6.66e+07 nodes 74 s; 1429 queued
2026-10-02T15:08:35 Random-125-125-4-1_0 44.59 unsat 9.69e+07 nodes 102 s; 1428 queued
2026-10-02T15:08:36 Random-125-125-4-1_0 44.87 unsat 5.55e+07 nodes 67 s; 1427 queued
2026-10-02T15:08:43 Random-125-125-4-1_0 44.96 unsat 2.69e+07 nodes 29 s; 1426 queued
2026-10-02T15:08:47 Random-125-125-4-1_0 44.30 unsat 1.35e+08 nodes 162 s; 1425 queued
2026-10-02T15:08:47 Random-125-125-4-1_0 44.12 unsat 1.02e+07 nodes 12 s; 1424 queued
2026-10-02T15:08:51 Random-125-125-4-1_0 44.100 unsat 1.79e+07 nodes 22 s; 1423 queued
2026-10-02T15:08:53 Random-125-125-4-1_0 44.17 unsat 1.96e+08 nodes 169 s; 1422 queued
2026-10-02T15:08:55 Random-125-125-4-1_0 44.110 unsat 2.91e+06 nodes 4 s; 1421 queued
2026-10-02T15:08:55 Random-125-125-4-1_0 44.101 unsat 1.76e+07 nodes 20 s; 1420 queued
2026-10-02T15:08:55 Random-125-125-4-1_0 44.25 unsat 1.03e+07 nodes 12 s; 1419 queued
2026-10-02T15:08:56 Random-125-125-4-1_0 44.86 unsat 7.03e+06 nodes 8 s; 1418 queued
2026-10-02T15:08:56 Random-125-125-4-1_0 44.56 unsat 9.69e+05 nodes 1 s; 1417 queued
2026-10-02T15:08:56 Random-125-125-4-1_0 44.22 unsat 2.34e+06 nodes 3 s; 1416 queued
2026-10-02T15:08:57 Random-125-125-4-1_0 44.50 unsat 1.96e+06 nodes 3 s; 1415 queued
2026-10-02T15:08:57 Random-125-125-4-1_0 44.49 unsat 7.86e+06 nodes 10 s; 1414 queued
2026-10-02T15:08:57 Random-125-125-4-1_0 44.4 unsat 6.49e+05 nodes 1 s; 1413 queued
2026-10-02T15:08:57 Random-125-125-4-1_0 44.76 unsat 1.34e+06 nodes 2 s; 1412 queued
2026-10-02T15:08:58 Random-125-125-4-1_0 44.77 unsat 1.22e+06 nodes 2 s; 1411 queued
2026-10-02T15:08:58 Random-125-125-4-1_0 44.32 unsat 6.21e+05 nodes 1 s; 1410 queued
2026-10-02T15:08:58 Random-125-125-4-1_0 44.33 unsat 8.79e+05 nodes 1 s; 1409 queued
2026-10-02T15:08:59 Random-125-125-4-1_0 44.107 unsat 6.88e+05 nodes 1 s; 1408 queued
2026-10-02T15:08:59 Random-125-125-4-1_0 44.55 unsat 9.41e+05 nodes 1 s; 1407 queued
2026-10-02T15:08:59 Random-125-125-4-1_0 44.57 unsat 2.64e+06 nodes 3 s; 1406 queued
2026-10-02T15:08:59 Random-125-125-4-1_0 44.118 unsat 4.97e+05 nodes 1 s; 1405 queued
2026-10-02T15:08:59 Random-125-125-4-1_0 44.8 unsat 1.09e+05 nodes 0 s; 1404 queued
2026-10-02T15:08:59 Random-125-125-4-1_0 44.116 unsat 2.28e+05 nodes 0 s; 1403 queued
2026-10-02T15:08:59 Random-125-125-4-1_0 44.53 unsat 4.46e+05 nodes 1 s; 1402 queued
2026-10-02T15:08:59 Random-125-125-4-1_0 44.122 unsat 3.32e+05 nodes 0 s; 1401 queued
2026-10-02T15:08:59 Random-125-125-4-1_0 44.2 unsat 3.25e+05 nodes 0 s; 1400 queued
2026-10-02T15:08:59 Random-125-125-4-1_0 44.52 unsat 1.32e+05 nodes 0 s; 1399 queued
2026-10-02T15:08:59 Random-125-125-4-1_0 44.35 unsat 1.51e+05 nodes 0 s; 1398 queued
2026-10-02T15:08:59 Random-125-125-4-1_0 44.84 unsat 1.43e+05 nodes 0 s; 1397 queued
2026-10-02T15:08:59 Random-125-125-4-1_0 44.103 unsat 7.47e+04 nodes 0 s; 1396 queued
2026-10-02T15:08:59 Random-125-125-4-1_0 44.3 unsat 7.03e+04 nodes 0 s; 1395 queued
2026-10-02T15:08:59 Random-125-125-4-1_0 44.34 unsat 3.61e+04 nodes 0 s; 1394 queued
2026-10-02T15:08:59 Random-125-125-4-1_0 44.19 unsat 8.14e+04 nodes 0 s; 1393 queued
2026-10-02T15:08:59 Random-125-125-4-1_0 44.90 unsat 1.94e+05 nodes 0 s; 1392 queued
2026-10-02T15:08:59 Random-125-125-4-1_0 44.113 unsat 1.67e+05 nodes 0 s; 1391 queued
2026-10-02T15:08:59 Random-125-125-4-1_0 44.69 unsat 6.79e+04 nodes 0 s; 1390 queued
2026-10-02T15:08:59 Random-125-125-4-1_0 44.37 unsat 4.6e+04 nodes 0 s; 1389 queued
2026-10-02T15:08:59 Random-125-125-4-1_0 44.13 unsat 3.23e+04 nodes 0 s; 1388 queued
2026-10-02T15:08:59 Random-125-125-4-1_0 44.47 unsat 4.17e+04 nodes 0 s; 1387 queued
2026-10-02T15:08:59 Random-125-125-4-1_0 44.46 unsat 5.79e+04 nodes 0 s; 1386 queued
2026-10-02T15:08:59 Random-125-125-4-1_0 44.36 unsat 9.69e+04 nodes 0 s; 1385 queued
2026-10-02T15:08:59 Random-125-125-4-1_0 44.62 unsat 1.45e+04 nodes 0 s; 1384 queued
2026-10-02T15:08:59 Random-125-125-4-1_0 44.10 unsat 1.8e+06 nodes 2 s; 1383 queued
2026-10-02T15:08:59 Random-125-125-4-1_0 44.93 unsat 1.08e+04 nodes 0 s; 1382 queued
2026-10-02T15:08:59 Random-125-125-4-1_0 44.28 unsat 2.91e+04 nodes 0 s; 1381 queued
2026-10-02T15:08:59 Random-125-125-4-1_0 44.26 unsat 4.67e+04 nodes 0 s; 1380 queued
2026-10-02T15:08:59 Random-125-125-4-1_0 44.18 unsat 4.55e+04 nodes 0 s; 1379 queued
2026-10-02T15:08:59 Random-125-125-4-1_0 44.7 unsat 1.5e+04 nodes 0 s; 1378 queued
2026-10-02T15:08:59 Random-125-125-4-1_0 44.23 unsat 5.85e+03 nodes 0 s; 1377 queued
2026-10-02T15:08:59 Random-125-125-4-1_0 44.40 unsat 6.64e+03 nodes 0 s; 1376 queued
2026-10-02T15:08:59 Random-125-125-4-1_0 44.11 unsat 1.24e+04 nodes 0 s; 1375 queued
2026-10-02T15:08:59 Random-125-125-4-1_0 44.39 unsat 8.09e+03 nodes 0 s; 1374 queued
2026-10-02T15:08:59 Random-125-125-4-1_0 44.114 unsat 2.41e+04 nodes 0 s; 1373 queued
2026-10-02T15:08:59 Random-125-125-4-1_0 44.0 unsat 4.75e+03 nodes 0 s; 1372 queued
2026-10-02T15:08:59 Random-125-125-4-1_0 44.112 unsat 8.57e+03 nodes 0 s; 1371 queued
2026-10-02T15:08:59 Random-125-125-4-1_0 44.67 unsat 4.3e+03 nodes 0 s; 1370 queued
2026-10-02T15:08:59 Random-125-125-4-1_0 44.72 unsat 3.42e+03 nodes 0 s; 1369 queued
2026-10-02T15:08:59 Random-125-125-4-1_0 44.66 unsat 4.3e+03 nodes 0 s; 1368 queued
2026-10-02T15:08:59 Random-125-125-4-1_0 44.79 unsat 3.07e+03 nodes 0 s; 1367 queued
2026-10-02T15:08:59 Random-125-125-4-1_0 44.80 unsat 1.13e+03 nodes 0 s; 1366 queued
2026-10-02T15:08:59 Random-125-125-4-1_0 44.99 unsat 4.26e+03 nodes 0 s; 1365 queued
2026-10-02T15:08:59 Random-125-125-4-1_0 44.51 unsat 2.12e+03 nodes 0 s; 1364 queued
2026-10-02T15:08:59 Random-125-125-4-1_0 44.1 unsat 1.08e+03 nodes 0 s; 1363 queued
2026-10-02T15:08:59 Random-125-125-4-1_0 44.117 unsat 3.2e+03 nodes 0 s; 1362 queued
2026-10-02T15:08:59 Random-125-125-4-1_0 44.82 unsat 2.85e+03 nodes 0 s; 1361 queued
2026-10-02T15:08:59 Random-125-125-4-1_0 44.121 unsat 3.25e+03 nodes 0 s; 1360 queued
2026-10-02T15:08:59 Random-125-125-4-1_0 44.38 unsat 1.8e+03 nodes 0 s; 1359 queued
2026-10-02T15:08:59 Random-125-125-4-1_0 44.14 unsat 1.83e+03 nodes 0 s; 1358 queued
2026-10-02T15:08:59 Random-125-125-4-1_0 44.63 unsat 1.18e+03 nodes 0 s; 1357 queued
2026-10-02T15:08:59 Random-125-125-4-1_0 44.111 unsat 1.06e+03 nodes 0 s; 1356 queued
2026-10-02T15:08:59 Random-125-125-4-1_0 44.29 unsat 767 nodes 0 s; 1356 queued
2026-10-02T15:08:59 Random-125-125-4-1_0 44.70 unsat 1.33e+03 nodes 0 s; 1354 queued
2026-10-02T15:08:59 Random-125-125-4-1_0 44.105 unsat 19 nodes 0 s; 1353 queued
2026-10-02T15:08:59 Random-125-125-4-1_0 44.75 unsat 160 nodes 0 s; 1352 queued
2026-10-02T15:08:59 Random-125-125-4-1_0 44.97 unsat 548 nodes 0 s; 1351 queued
2026-10-02T15:08:59 Random-125-125-4-1_0 44.65 unsat 8 nodes 0 s; 1351 queued
2026-10-02T15:08:59 Random-125-125-4-1_0 44.15 unsat 761 nodes 0 s; 1351 queued
2026-10-02T15:08:59 Random-125-125-4-1_0 44.73 unsat 194 nodes 0 s; 1351 queued
2026-10-02T15:08:59 Random-125-125-4-1_0 44.58 unsat 516 nodes 0 s; 1351 queued
2026-10-02T15:08:59 Random-125-125-4-1_0 44.5 unsat 26 nodes 0 s; 1346 queued
2026-10-02T15:08:59 Random-125-125-4-1_0 44.21 unsat 9 nodes 0 s; 1346 queued
2026-10-02T15:08:59 Random-125-125-4-1_0 44.124 unsat 30 nodes 0 s; 1344 queued
2026-10-02T15:09:17 Random-125-125-4-1_0 44.102 unsat 2.24e+08 nodes 219 s; 1343 queued
2026-10-02T15:09:28 Random-125-125-2-4_0 27.20 unsat 1.79e+09 nodes 1600 s; 1342 queued
2026-10-02T15:09:44 Random-125-125-4-1_0 44.109 unsat 3.26e+08 nodes 295 s; 1341 queued
2026-10-02T15:11:51 Random-125-125-4-1_0 48.44.100 unsat 1.53e+08 nodes 127 s; 1340 queued
2026-10-02T15:12:00 Random-125-125-4-1_0 48.44.109 unsat 2.12e+08 nodes 181 s; 1339 queued
2026-10-02T15:12:12 Random-125-125-4-1_0 44.31 unsat 4.55e+08 nodes 410 s; 1338 queued
2026-10-02T15:13:03 Random-125-125-4-1_0 48.44.25 unsat 6.19e+07 nodes 51 s; 1337 queued
2026-10-02T15:13:22 Random-125-125-4-1_0 44.27 unsat 4.29e+08 nodes 507 s; 1336 queued
2026-10-02T15:13:35 Random-125-125-4-1_0 48.44.102 unsat 9.89e+07 nodes 104 s; 1335 queued
2026-10-02T15:13:37 Random-125-125-4-1_0 48.44.17 unsat 8.12e+07 nodes 97 s; 1334 queued
2026-10-02T15:13:45 Random-125-125-4-1_0 48.44.27 unsat 2.64e+08 nodes 268 s; 1333 queued
2026-10-02T15:13:52 Random-125-125-4-1_0 48.44.30 unsat 5.17e+07 nodes 49 s; 1332 queued
2026-10-02T15:14:02 Random-125-125-4-1_0 48.44.74 unsat 1.96e+07 nodes 17 s; 1331 queued
2026-10-02T15:14:06 Random-125-125-4-1_0 48.44.49 unsat 3.52e+07 nodes 31 s; 1330 queued
2026-10-02T15:14:11 Random-125-125-4-1_0 48.44.87 unsat 1.62e+07 nodes 19 s; 1329 queued
2026-10-02T15:14:12 Random-125-125-4-1_0 48.44.101 unsat 6.42e+06 nodes 6 s; 1328 queued
2026-10-02T15:14:12 Random-125-125-4-1_0 48.44.59 unsat 2.97e+07 nodes 35 s; 1327 queued
2026-10-02T15:14:13 Random-125-125-4-1_0 48.44.96 unsat 9.04e+06 nodes 10 s; 1326 queued
2026-10-02T15:14:13 Random-125-125-4-1_0 48.44.43 unsat 4.26e+07 nodes 51 s; 1325 queued
2026-10-02T15:14:14 Random-125-125-4-1_0 48.44.50 unsat 2.69e+06 nodes 3 s; 1324 queued
2026-10-02T15:14:15 Random-125-125-4-1_0 48.44.76 unsat 1.86e+06 nodes 2 s; 1323 queued
2026-10-02T15:14:15 Random-125-125-4-1_0 48.44.77 unsat 2.01e+06 nodes 2 s; 1322 queued
2026-10-02T15:14:16 Random-125-125-4-1_0 48.44.12 unsat 3.75e+06 nodes 4 s; 1321 queued
2026-10-02T15:14:16 Random-125-125-4-1_0 48.44.56 unsat 4.42e+05 nodes 1 s; 1320 queued
2026-10-02T15:14:16 Random-125-125-4-1_0 48.44.110 unsat 1.11e+06 nodes 1 s; 1319 queued
2026-10-02T15:14:16 Random-125-125-4-1_0 48.44.22 unsat 8.73e+05 nodes 1 s; 1318 queued
2026-10-02T15:14:16 Random-125-125-4-1_0 48.44.57 unsat 3.44e+06 nodes 4 s; 1317 queued
2026-10-02T15:14:17 Random-125-125-4-1_0 48.44.4 unsat 3.89e+05 nodes 0 s; 1316 queued
2026-10-02T15:14:17 Random-125-125-4-1_0 48.44.86 unsat 1.87e+06 nodes 2 s; 1315 queued
2026-10-02T15:14:17 Random-125-125-4-1_0 48.44.32 unsat 4.02e+05 nodes 0 s; 1314 queued
2026-10-02T15:14:17 Random-125-125-4-1_0 48.44.118 unsat 2.98e+05 nodes 0 s; 1313 queued
2026-10-02T15:14:17 Random-125-125-4-1_0 48.44.55 unsat 5.63e+05 nodes 1 s; 1312 queued
2026-10-02T15:14:17 Random-125-125-4-1_0 48.44.33 unsat 6.34e+05 nodes 1 s; 1311 queued
2026-10-02T15:14:17 Random-125-125-4-1_0 48.44.107 unsat 4.49e+05 nodes 1 s; 1310 queued
2026-10-02T15:14:17 Random-125-125-4-1_0 48.44.8 unsat 1.74e+05 nodes 0 s; 1309 queued
2026-10-02T15:14:17 Random-125-125-4-1_0 48.44.116 unsat 1.35e+05 nodes 0 s; 1308 queued
2026-10-02T15:14:18 Random-125-125-4-1_0 48.44.53 unsat 2.61e+05 nodes 0 s; 1307 queued
2026-10-02T15:14:18 Random-125-125-4-1_0 48.44.122 unsat 2.27e+05 nodes 0 s; 1306 queued
2026-10-02T15:14:18 Random-125-125-4-1_0 48.44.10 unsat 1.14e+06 nodes 1 s; 1305 queued
2026-10-02T15:14:18 Random-125-125-4-1_0 48.44.3 unsat 1.3e+05 nodes 0 s; 1304 queued
2026-10-02T15:14:18 Random-125-125-4-1_0 48.44.2 unsat 1.86e+05 nodes 0 s; 1303 queued
2026-10-02T15:14:18 Random-125-125-4-1_0 48.44.52 unsat 6.9e+04 nodes 0 s; 1302 queued
2026-10-02T15:14:18 Random-125-125-4-1_0 48.44.35 unsat 9.71e+04 nodes 0 s; 1301 queued
2026-10-02T15:14:18 Random-125-125-4-1_0 48.44.84 unsat 7.23e+04 nodes 0 s; 1300 queued
2026-10-02T15:14:18 Random-125-125-4-1_0 48.44.103 unsat 4.37e+04 nodes 0 s; 1299 queued
2026-10-02T15:14:18 Random-125-125-4-1_0 48.44.69 unsat 1.09e+05 nodes 0 s; 1298 queued
2026-10-02T15:14:18 Random-125-125-4-1_0 48.44.90 unsat 1.02e+05 nodes 0 s; 1297 queued
2026-10-02T15:14:18 Random-125-125-4-1_0 48.44.34 unsat 3.13e+04 nodes 0 s; 1296 queued
2026-10-02T15:14:18 Random-125-125-4-1_0 48.44.19 unsat 4.89e+04 nodes 0 s; 1295 queued
2026-10-02T15:14:18 Random-125-125-4-1_0 48.44.93 unsat 2.96e+04 nodes 0 s; 1295 queued
2026-10-02T15:14:18 Random-125-125-4-1_0 48.44.113 unsat 9.1e+04 nodes 0 s; 1293 queued
2026-10-02T15:14:18 Random-125-125-4-1_0 48.44.104 unsat 1.79e+04 nodes 0 s; 1292 queued
2026-10-02T15:14:18 Random-125-125-4-1_0 48.44.28 unsat 5.32e+04 nodes 0 s; 1291 queued
2026-10-02T15:14:18 Random-125-125-4-1_0 48.44.37 unsat 2.44e+04 nodes 0 s; 1290 queued
2026-10-02T15:14:18 Random-125-125-4-1_0 48.44.47 unsat 2.12e+04 nodes 0 s; 1289 queued
2026-10-02T15:14:18 Random-125-125-4-1_0 48.44.36 unsat 3.41e+04 nodes 0 s; 1288 queued
2026-10-02T15:14:18 Random-125-125-4-1_0 48.44.13 unsat 1.19e+04 nodes 0 s; 1288 queued
2026-10-02T15:14:18 Random-125-125-4-1_0 48.44.46 unsat 3.14e+04 nodes 0 s; 1286 queued
2026-10-02T15:14:18 Random-125-125-4-1_0 48.44.23 unsat 7.82e+03 nodes 0 s; 1285 queued
2026-10-02T15:14:18 Random-125-125-4-1_0 48.44.62 unsat 8.96e+03 nodes 0 s; 1284 queued
2026-10-02T15:14:18 Random-125-125-4-1_0 48.44.18 unsat 2.23e+04 nodes 0 s; 1283 queued
2026-10-02T15:14:18 Random-125-125-4-1_0 48.44.121 unsat 9.35e+03 nodes 0 s; 1282 queued
2026-10-02T15:14:18 Random-125-125-4-1_0 48.44.7 unsat 8.63e+03 nodes 0 s; 1281 queued
2026-10-02T15:14:18 Random-125-125-4-1_0 48.44.114 unsat 1.68e+04 nodes 0 s; 1280 queued
2026-10-02T15:14:18 Random-125-125-4-1_0 48.44.39 unsat 5.06e+03 nodes 0 s; 1279 queued
2026-10-02T15:14:18 Random-125-125-4-1_0 48.44.11 unsat 6.8e+03 nodes 0 s; 1278 queued
2026-10-02T15:14:18 Random-125-125-4-1_0 48.44.26 unsat 2.29e+04 nodes 0 s; 1277 queued
2026-10-02T15:14:18 Random-125-125-4-1_0 48.44.51 unsat 3.49e+03 nodes 0 s; 1276 queued
2026-10-02T15:14:18 Random-125-125-4-1_0 48.44.40 unsat 4.66e+03 nodes 0 s; 1276 queued
2026-10-02T15:14:18 Random-125-125-4-1_0 48.44.66 unsat 4e+03 nodes 0 s; 1274 queued
2026-10-02T15:14:18 Random-125-125-4-1_0 48.44.72 unsat 3.06e+03 nodes 0 s; 1273 queued
2026-10-02T15:14:18 Random-125-125-4-1_0 48.44.0 unsat 2.27e+03 nodes 0 s; 1272 queued
2026-10-02T15:14:18 Random-125-125-4-1_0 48.44.112 unsat 3.58e+03 nodes 0 s; 1271 queued
2026-10-02T15:14:18 Random-125-125-4-1_0 48.44.117 unsat 3.1e+03 nodes 0 s; 1270 queued
2026-10-02T15:14:18 Random-125-125-4-1_0 48.44.79 unsat 1.73e+03 nodes 0 s; 1269 queued
2026-10-02T15:14:18 Random-125-125-4-1_0 48.44.80 unsat 953 nodes 0 s; 1268 queued
2026-10-02T15:14:18 Random-125-125-4-1_0 48.44.67 unsat 3.27e+03 nodes 0 s; 1267 queued
2026-10-02T15:14:18 Random-125-125-4-1_0 48.44.1 unsat 965 nodes 0 s; 1266 queued
2026-10-02T15:14:18 Random-125-125-4-1_0 48.44.14 unsat 1.21e+03 nodes 0 s; 1265 queued
2026-10-02T15:14:18 Random-125-125-4-1_0 48.44.99 unsat 2.1e+03 nodes 0 s; 1265 queued
2026-10-02T15:14:18 Random-125-125-4-1_0 48.44.70 unsat 1.28e+03 nodes 0 s; 1263 queued
2026-10-02T15:14:18 Random-125-125-4-1_0 48.44.111 unsat 1.16e+03 nodes 0 s; 1262 queued
2026-10-02T15:14:18 Random-125-125-4-1_0 48.44.82 unsat 1.79e+03 nodes 0 s; 1261 queued
2026-10-02T15:14:18 Random-125-125-4-1_0 48.44.61 unsat 494 nodes 0 s; 1260 queued
2026-10-02T15:14:18 Random-125-125-4-1_0 48.44.63 unsat 579 nodes 0 s; 1259 queued
2026-10-02T15:14:18 Random-125-125-4-1_0 48.44.38 unsat 831 nodes 0 s; 1258 queued
2026-10-02T15:14:18 Random-125-125-4-1_0 48.44.15 unsat 384 nodes 0 s; 1257 queued
2026-10-02T15:14:18 Random-125-125-4-1_0 48.44.97 unsat 183 nodes 0 s; 1257 queued
2026-10-02T15:14:18 Random-125-125-4-1_0 48.44.29 unsat 503 nodes 0 s; 1257 queued
2026-10-02T15:14:18 Random-125-125-4-1_0 48.44.75 unsat 166 nodes 0 s; 1254 queued
2026-10-02T15:14:18 Random-125-125-4-1_0 48.44.58 unsat 442 nodes 0 s; 1253 queued
2026-10-02T15:14:18 Random-125-125-4-1_0 48.44.65 unsat 7 nodes 0 s; 1252 queued
2026-10-02T15:14:18 Random-125-125-4-1_0 48.44.21 unsat 7 nodes 0 s; 1251 queued
2026-10-02T15:14:18 Random-125-125-4-1_0 48.44.105 unsat 128 nodes 0 s; 1250 queued
2026-10-02T15:14:18 Random-125-125-4-1_0 48.44.73 unsat 143 nodes 0 s; 1249 queued
2026-10-02T15:14:18 Random-125-125-4-1_0 48.44.124 unsat 8 nodes 0 s; 1249 queued
2026-10-02T15:14:18 Random-125-125-4-1_0 48.44.5 unsat 5 nodes 0 s; 1247 queued
2026-10-02T15:14:46 Random-125-125-4-1_0 48.44.31 unsat 3.06e+08 nodes 318 s; 1246 queued
2026-10-02T15:14:58 Random-125-125-4-1_0 48.108.6 unsat 1.05e+09 nodes 1163 s; 1245 queued
2026-10-02T15:15:08 Random-125-125-2-4_0 27.97 unknown 3e+09 nodes 2166 s; 1290 queued
2026-10-02T15:15:10 Random-125-125-2-4_0 27.111 unknown 3e+09 nodes 2149 s; 1331 queued
2026-10-02T15:15:49 Random-125-125-2-4_0 27.33 unsat 1.93e+09 nodes 1729 s; 1330 queued
2026-10-02T15:15:56 Random-125-125-4-1_0 6.59 unsat 5.59e+07 nodes 46 s; 1329 queued
2026-10-02T15:16:10 Random-125-125-4-1_0 6.27 unsat 7.48e+07 nodes 85 s; 1328 queued
2026-10-02T15:16:15 Random-125-125-4-1_0 6.49 unsat 7.65e+07 nodes 67 s; 1327 queued
2026-10-02T15:16:29 Random-125-125-4-1_0 6.100 unsat 1.14e+07 nodes 13 s; 1326 queued
2026-10-02T15:16:29 Random-125-125-4-1_0 6.87 unsat 4.05e+07 nodes 33 s; 1325 queued
2026-10-02T15:16:31 Random-125-125-2-4_0 27.41 unknown 3e+09 nodes 2256 s; 1325 queued
2026-10-02T15:16:33 Random-125-125-4-1_0 6.95 unsat 1.95e+07 nodes 23 s; 1324 queued
2026-10-02T15:16:35 Random-125-125-4-1_0 6.74 unsat 3.84e+07 nodes 46 s; 1323 queued
2026-10-02T15:16:37 Random-125-125-4-1_0 6.17 unsat 3.92e+06 nodes 4 s; 1322 queued
2026-10-02T15:16:38 Random-125-125-4-1_0 6.30 unsat 8.21e+07 nodes 100 s; 1321 queued
2026-10-02T15:16:39 Random-125-125-4-1_0 6.102 unsat 8.29e+06 nodes 10 s; 1320 queued
2026-10-02T15:16:39 Random-125-125-4-1_0 6.12 unsat 6.58e+06 nodes 8 s; 1319 queued
2026-10-02T15:16:40 Random-125-125-4-1_0 6.76 unsat 3.4e+06 nodes 3 s; 1318 queued
2026-10-02T15:16:41 Random-125-125-4-1_0 6.25 unsat 1.19e+06 nodes 1 s; 1317 queued
2026-10-02T15:16:41 Random-125-125-4-1_0 6.110 unsat 1.34e+06 nodes 2 s; 1316 queued
2026-10-02T15:16:41 Random-125-125-4-1_0 6.57 unsat 5.37e+06 nodes 6 s; 1315 queued
2026-10-02T15:16:42 Random-125-125-4-1_0 6.50 unsat 9.33e+05 nodes 1 s; 1314 queued
2026-10-02T15:16:42 Random-125-125-4-1_0 6.4 unsat 3.17e+05 nodes 0 s; 1313 queued
2026-10-02T15:16:42 Random-125-125-4-1_0 6.96 unsat 2.38e+06 nodes 3 s; 1312 queued
2026-10-02T15:16:42 Random-125-125-4-1_0 6.77 unsat 7.29e+05 nodes 1 s; 1311 queued
2026-10-02T15:16:43 Random-125-125-4-1_0 6.22 unsat 5.12e+05 nodes 1 s; 1310 queued
2026-10-02T15:16:43 Random-125-125-4-1_0 6.56 unsat 1.95e+05 nodes 0 s; 1309 queued
2026-10-02T15:16:43 Random-125-125-4-1_0 6.33 unsat 4.88e+05 nodes 1 s; 1308 queued
2026-10-02T15:16:43 Random-125-125-4-1_0 6.10 unsat 1.23e+06 nodes 1 s; 1307 queued
2026-10-02T15:16:43 Random-125-125-4-1_0 6.86 unsat 3.46e+06 nodes 5 s; 1306 queued
2026-10-02T15:16:43 Random-125-125-4-1_0 6.55 unsat 1.8e+06 nodes 2 s; 1305 queued
2026-10-02T15:16:43 Random-125-125-4-1_0 6.118 unsat 2.31e+05 nodes 0 s; 1304 queued
2026-10-02T15:16:43 Random-125-125-4-1_0 6.107 unsat 4.32e+05 nodes 1 s; 1303 queued
2026-10-02T15:16:43 Random-125-125-4-1_0 6.36 unsat 6.24e+05 nodes 1 s; 1302 queued
2026-10-02T15:16:44 Random-125-125-4-1_0 6.2 unsat 1.53e+05 nodes 0 s; 1301 queued
2026-10-02T15:16:44 Random-125-125-4-1_0 6.122 unsat 2.24e+05 nodes 0 s; 1300 queued
2026-10-02T15:16:44 Random-125-125-4-1_0 6.8 unsat 7.04e+04 nodes 0 s; 1299 queued
2026-10-02T15:16:44 Random-125-125-4-1_0 6.19 unsat 1.06e+05 nodes 0 s; 1298 queued
2026-10-02T15:16:44 Random-125-125-4-1_0 6.90 unsat 6.39e+05 nodes 1 s; 1297 queued
2026-10-02T15:16:44 Random-125-125-4-1_0 6.35 unsat 9.38e+04 nodes 0 s; 1296 queued
2026-10-02T15:16:44 Random-125-125-4-1_0 6.69 unsat 1e+05 nodes 0 s; 1295 queued
2026-10-02T15:16:44 Random-125-125-4-1_0 6.52 unsat 9.9e+04 nodes 0 s; 1294 queued
2026-10-02T15:16:44 Random-125-125-4-1_0 6.93 unsat 6.24e+04 nodes 0 s; 1293 queued
2026-10-02T15:16:44 Random-125-125-4-1_0 6.53 unsat 1.15e+05 nodes 0 s; 1292 queued
2026-10-02T15:16:44 Random-125-125-4-1_0 6.103 unsat 3.73e+04 nodes 0 s; 1291 queued
2026-10-02T15:16:44 Random-125-125-4-1_0 6.39 unsat 4.78e+04 nodes 0 s; 1290 queued
2026-10-02T15:16:44 Random-125-125-4-1_0 6.3 unsat 6.66e+04 nodes 0 s; 1289 queued
2026-10-02T15:16:44 Random-125-125-4-1_0 6.28 unsat 7.15e+04 nodes 0 s; 1288 queued
2026-10-02T15:16:44 Random-125-125-4-1_0 6.120 unsat 4.04e+04 nodes 0 s; 1287 queued
2026-10-02T15:16:44 Random-125-125-4-1_0 6.113 unsat 7.05e+04 nodes 0 s; 1286 queued
2026-10-02T15:16:44 Random-125-125-4-1_0 6.13 unsat 2.64e+04 nodes 0 s; 1285 queued
2026-10-02T15:16:44 Random-125-125-4-1_0 6.101 unsat 1.32e+07 nodes 15 s; 1284 queued
2026-10-02T15:16:44 Random-125-125-4-1_0 6.34 unsat 1.59e+04 nodes 0 s; 1283 queued
2026-10-02T15:16:44 Random-125-125-4-1_0 6.37 unsat 1.41e+04 nodes 0 s; 1282 queued
2026-10-02T15:16:44 Random-125-125-4-1_0 6.116 unsat 5.9e+03 nodes 0 s; 1281 queued
2026-10-02T15:16:44 Random-125-125-4-1_0 6.47 unsat 1.84e+04 nodes 0 s; 1280 queued
2026-10-02T15:16:44 Random-125-125-4-1_0 6.7 unsat 3.73e+04 nodes 0 s; 1280 queued
2026-10-02T15:16:44 Random-125-125-4-1_0 6.117 unsat 7.4e+03 nodes 0 s; 1278 queued
2026-10-02T15:16:44 Random-125-125-4-1_0 6.46 unsat 1.23e+04 nodes 0 s; 1277 queued
2026-10-02T15:16:44 Random-125-125-4-1_0 6.18 unsat 8.92e+03 nodes 0 s; 1276 queued
2026-10-02T15:16:44 Random-125-125-4-1_0 6.26 unsat 1.28e+04 nodes 0 s; 1275 queued
2026-10-02T15:16:44 Random-125-125-4-1_0 6.40 unsat 5.85e+03 nodes 0 s; 1274 queued
2026-10-02T15:16:44 Random-125-125-4-1_0 6.114 unsat 2.16e+04 nodes 0 s; 1274 queued
2026-10-02T15:16:44 Random-125-125-4-1_0 6.11 unsat 2.26e+04 nodes 0 s; 1274 queued
2026-10-02T15:16:44 Random-125-125-4-1_0 6.51 unsat 5.17e+03 nodes 0 s; 1274 queued
2026-10-02T15:16:44 Random-125-125-4-1_0 6.0 unsat 2.6e+03 nodes 0 s; 1270 queued
2026-10-02T15:16:44 Random-125-125-4-1_0 6.112 unsat 6.83e+03 nodes 0 s; 1269 queued
2026-10-02T15:16:44 Random-125-125-4-1_0 6.23 unsat 1.6e+03 nodes 0 s; 1269 queued
2026-10-02T15:16:44 Random-125-125-4-1_0 6.66 unsat 3.54e+03 nodes 0 s; 1267 queued
2026-10-02T15:16:44 Random-125-125-4-1_0 6.67 unsat 2.45e+03 nodes 0 s; 1266 queued
2026-10-02T15:16:44 Random-125-125-4-1_0 6.62 unsat 4.37e+03 nodes 0 s; 1265 queued
2026-10-02T15:16:44 Random-125-125-4-1_0 6.79 unsat 1.57e+03 nodes 0 s; 1264 queued
2026-10-02T15:16:44 Random-125-125-4-1_0 6.14 unsat 4.87e+03 nodes 0 s; 1263 queued
2026-10-02T15:16:44 Random-125-125-4-1_0 6.80 unsat 1.98e+03 nodes 0 s; 1262 queued
2026-10-02T15:16:44 Random-125-125-4-1_0 6.1 unsat 884 nodes 0 s; 1261 queued
2026-10-02T15:16:44 Random-125-125-4-1_0 6.99 unsat 1.37e+03 nodes 0 s; 1260 queued
2026-10-02T15:16:44 Random-125-125-4-1_0 6.63 unsat 660 nodes 0 s; 1259 queued
2026-10-02T15:16:44 Random-125-125-4-1_0 6.38 unsat 1.43e+03 nodes 0 s; 1258 queued
2026-10-02T15:16:44 Random-125-125-4-1_0 6.106 unsat 1.12e+03 nodes 0 s; 1257 queued
2026-10-02T15:16:44 Random-125-125-4-1_0 6.121 unsat 1.16e+03 nodes 0 s; 1257 queued
2026-10-02T15:16:44 Random-125-125-4-1_0 6.70 unsat 638 nodes 0 s; 1255 queued
2026-10-02T15:16:44 Random-125-125-4-1_0 6.111 unsat 887 nodes 0 s; 1254 queued
2026-10-02T15:16:44 Random-125-125-4-1_0 6.97 unsat 209 nodes 0 s; 1253 queued
2026-10-02T15:16:44 Random-125-125-4-1_0 6.29 unsat 707 nodes 0 s; 1252 queued
2026-10-02T15:16:44 Random-125-125-4-1_0 6.15 unsat 321 nodes 0 s; 1251 queued
2026-10-02T15:16:44 Random-125-125-4-1_0 6.82 unsat 702 nodes 0 s; 1251 queued
2026-10-02T15:16:44 Random-125-125-4-1_0 6.75 unsat 396 nodes 0 s; 1249 queued
2026-10-02T15:16:44 Random-125-125-4-1_0 6.65 unsat 73 nodes 0 s; 1248 queued
2026-10-02T15:16:44 Random-125-125-4-1_0 6.105 unsat 181 nodes 0 s; 1247 queued
2026-10-02T15:16:44 Random-125-125-4-1_0 6.5 unsat 4 nodes 0 s; 1246 queued
2026-10-02T15:16:44 Random-125-125-4-1_0 6.73 unsat 106 nodes 0 s; 1245 queued
2026-10-02T15:16:44 Random-125-125-4-1_0 6.21 unsat 519 nodes 0 s; 1244 queued
2026-10-02T15:17:14 Random-125-125-4-1_0 6.43 unsat 1.79e+08 nodes 176 s; 1243 queued
2026-10-02T15:17:17 Random-125-125-4-1_0 48.44.95 unsat 5.75e+08 nodes 498 s; 1242 queued
2026-10-02T15:17:31 Random-125-125-4-1_0 44.95 unsat 9.01e+08 nodes 766 s; 1241 queued
2026-10-02T15:18:17 Random-125-125-2-4_0 27.85 unknown 3e+09 nodes 2362 s; 1286 queued
2026-10-02T15:18:39 Random-125-125-4-1_0 6.31 unsat 2.38e+08 nodes 261 s; 1285 queued
2026-10-02T15:19:28 Random-125-125-4-1_0 6.71 unsat 3.22e+08 nodes 310 s; 1284 queued
2026-10-02T15:19:29 Random-125-125-4-1_0 108.27 unsat 1.79e+08 nodes 165 s; 1283 queued
2026-10-02T15:19:34 Random-125-125-4-1_0 108.43 unsat 1.53e+08 nodes 137 s; 1282 queued
2026-10-02T15:20:00 Random-125-125-4-1_0 108.59 unsat 1.56e+08 nodes 150 s; 1281 queued
2026-10-02T15:20:02 Random-125-125-2-4_0 27.59 unknown 3e+09 nodes 2467 s; 1327 queued
2026-10-02T15:20:05 Random-125-125-4-1_0 108.101 unsat 3.62e+07 nodes 31 s; 1326 queued
2026-10-02T15:20:05 Random-125-125-4-1_0 108.74 unsat 1.24e+08 nodes 108 s; 1325 queued
2026-10-02T15:20:15 Random-125-125-4-1_0 108.17 unsat 1.52e+07 nodes 13 s; 1324 queued
2026-10-02T15:20:20 Random-125-125-4-1_0 108.41 unsat 1.28e+07 nodes 15 s; 1323 queued
2026-10-02T15:20:20 Random-125-125-4-1_0 108.100 unsat 4.55e+07 nodes 51 s; 1322 queued
2026-10-02T15:20:21 Random-125-125-4-1_0 108.25 unsat 1.36e+07 nodes 16 s; 1321 queued
2026-10-02T15:20:27 Random-125-125-4-1_0 108.86 unsat 5.49e+06 nodes 7 s; 1320 queued
2026-10-02T15:20:27 Random-125-125-4-1_0 108.96 unsat 5.33e+06 nodes 6 s; 1319 queued
2026-10-02T15:20:27 Random-125-125-4-1_0 108.49 unsat 1.04e+07 nodes 12 s; 1318 queued
2026-10-02T15:20:28 Random-125-125-4-1_0 108.77 unsat 6.35e+06 nodes 8 s; 1317 queued
2026-10-02T15:20:28 Random-125-125-4-1_0 108.102 unsat 2.4e+07 nodes 28 s; 1316 queued
2026-10-02T15:20:29 Random-125-125-4-1_0 108.22 unsat 1.37e+06 nodes 1 s; 1315 queued
2026-10-02T15:20:29 Random-125-125-4-1_0 108.87 unsat 1.24e+08 nodes 111 s; 1314 queued
2026-10-02T15:20:30 Random-125-125-4-1_0 108.110 unsat 2.61e+06 nodes 3 s; 1313 queued
2026-10-02T15:20:30 Random-125-125-4-1_0 108.20 unsat 1.81e+06 nodes 2 s; 1312 queued
2026-10-02T15:20:30 Random-125-125-4-1_0 108.12 unsat 2.6e+06 nodes 3 s; 1311 queued
2026-10-02T15:20:30 Random-125-125-4-1_0 108.56 unsat 5.97e+05 nodes 1 s; 1310 queued
2026-10-02T15:20:31 Random-125-125-4-1_0 108.32 unsat 1.52e+06 nodes 1 s; 1309 queued
2026-10-02T15:20:31 Random-125-125-4-1_0 108.50 unsat 1.06e+06 nodes 1 s; 1308 queued
2026-10-02T15:20:31 Random-125-125-4-1_0 108.4 unsat 4.05e+05 nodes 1 s; 1307 queued
2026-10-02T15:20:31 Random-125-125-4-1_0 48.44.64 unsat 8.01e+08 nodes 692 s; 1306 queued
2026-10-02T15:20:31 Random-125-125-4-1_0 108.33 unsat 7.27e+05 nodes 1 s; 1305 queued
2026-10-02T15:20:31 Random-125-125-4-1_0 108.76 unsat 1.17e+06 nodes 1 s; 1304 queued
2026-10-02T15:20:32 Random-125-125-4-1_0 108.107 unsat 1.31e+06 nodes 2 s; 1303 queued
2026-10-02T15:20:32 Random-125-125-4-1_0 108.98 unsat 4.31e+05 nodes 0 s; 1302 queued
2026-10-02T15:20:32 Random-125-125-4-1_0 108.35 unsat 2.49e+05 nodes 0 s; 1301 queued
2026-10-02T15:20:32 Random-125-125-4-1_0 108.57 unsat 6.41e+05 nodes 1 s; 1300 queued
2026-10-02T15:20:32 Random-125-125-4-1_0 108.118 unsat 3.41e+05 nodes 0 s; 1299 queued
2026-10-02T15:20:32 Random-125-125-4-1_0 108.122 unsat 2.05e+05 nodes 0 s; 1298 queued
2026-10-02T15:20:32 Random-125-125-4-1_0 108.8 unsat 7.2e+04 nodes 0 s; 1297 queued
2026-10-02T15:20:32 Random-125-125-4-1_0 108.3 unsat 1.6e+05 nodes 0 s; 1296 queued
2026-10-02T15:20:32 Random-125-125-4-1_0 108.10 unsat 4.11e+06 nodes 5 s; 1295 queued
2026-10-02T15:20:32 Random-125-125-4-1_0 108.55 unsat 8.79e+05 nodes 1 s; 1294 queued
2026-10-02T15:20:32 Random-125-125-4-1_0 108.52 unsat 8.71e+04 nodes 0 s; 1293 queued
2026-10-02T15:20:32 Random-125-125-4-1_0 108.68 unsat 3.55e+04 nodes 0 s; 1292 queued
2026-10-02T15:20:32 Random-125-125-4-1_0 108.103 unsat 5.59e+04 nodes 0 s; 1291 queued
2026-10-02T15:20:32 Random-125-125-4-1_0 108.34 unsat 4.9e+04 nodes 0 s; 1290 queued
2026-10-02T15:20:32 Random-125-125-4-1_0 108.90 unsat 1.52e+05 nodes 0 s; 1289 queued
2026-10-02T15:20:32 Random-125-125-4-1_0 108.37 unsat 7.55e+04 nodes 0 s; 1288 queued
2026-10-02T15:20:32 Random-125-125-4-1_0 108.116 unsat 2.08e+04 nodes 0 s; 1287 queued
2026-10-02T15:20:32 Random-125-125-4-1_0 108.69 unsat 5.26e+04 nodes 0 s; 1286 queued
2026-10-02T15:20:32 Random-125-125-4-1_0 108.53 unsat 1.52e+05 nodes 0 s; 1285 queued
2026-10-02T15:20:32 Random-125-125-4-1_0 108.36 unsat 3.23e+04 nodes 0 s; 1284 queued
2026-10-02T15:20:32 Random-125-125-4-1_0 108.2 unsat 5.51e+04 nodes 0 s; 1283 queued
2026-10-02T15:20:32 Random-125-125-4-1_0 108.13 unsat 4.17e+04 nodes 0 s; 1283 queued
2026-10-02T15:20:32 Random-125-125-4-1_0 108.120 unsat 4.84e+04 nodes 0 s; 1281 queued
2026-10-02T15:20:32 Random-125-125-4-1_0 108.19 unsat 3.46e+04 nodes 0 s; 1280 queued
2026-10-02T15:20:32 Random-125-125-4-1_0 108.23 unsat 8.08e+03 nodes 0 s; 1279 queued
2026-10-02T15:20:32 Random-125-125-4-1_0 108.28 unsat 4.44e+04 nodes 0 s; 1278 queued
2026-10-02T15:20:32 Random-125-125-4-1_0 108.62 unsat 9.63e+03 nodes 0 s; 1277 queued
2026-10-02T15:20:32 Random-125-125-4-1_0 108.47 unsat 1.65e+04 nodes 0 s; 1276 queued
2026-10-02T15:20:32 Random-125-125-4-1_0 108.7 unsat 1.76e+04 nodes 0 s; 1275 queued
2026-10-02T15:20:32 Random-125-125-4-1_0 108.93 unsat 6.93e+03 nodes 0 s; 1274 queued
2026-10-02T15:20:32 Random-125-125-4-1_0 108.113 unsat 9.08e+04 nodes 0 s; 1273 queued
2026-10-02T15:20:32 Random-125-125-4-1_0 108.72 unsat 8.21e+03 nodes 0 s; 1272 queued
2026-10-02T15:20:32 Random-125-125-4-1_0 108.46 unsat 2.59e+04 nodes 0 s; 1271 queued
2026-10-02T15:20:32 Random-125-125-4-1_0 108.0 unsat 3.16e+03 nodes 0 s; 1270 queued
2026-10-02T15:20:32 Random-125-125-4-1_0 108.40 unsat 3.5e+03 nodes 0 s; 1269 queued
2026-10-02T15:20:32 Random-125-125-4-1_0 108.39 unsat 6.08e+03 nodes 0 s; 1268 queued
2026-10-02T15:20:32 Random-125-125-4-1_0 108.18 unsat 4.46e+03 nodes 0 s; 1267 queued
2026-10-02T15:20:32 Random-125-125-4-1_0 108.11 unsat 5.39e+03 nodes 0 s; 1266 queued
2026-10-02T15:20:32 Random-125-125-4-1_0 108.67 unsat 2.42e+03 nodes 0 s; 1265 queued
2026-10-02T15:20:32 Random-125-125-4-1_0 108.51 unsat 4.26e+03 nodes 0 s; 1264 queued
2026-10-02T15:20:32 Random-125-125-4-1_0 108.79 unsat 1.84e+03 nodes 0 s; 1263 queued
2026-10-02T15:20:32 Random-125-125-4-1_0 108.117 unsat 1.48e+03 nodes 0 s; 1262 queued
2026-10-02T15:20:32 Random-125-125-4-1_0 108.99 unsat 2.76e+03 nodes 0 s; 1261 queued
2026-10-02T15:20:32 Random-125-125-4-1_0 108.114 unsat 1.49e+04 nodes 0 s; 1260 queued
2026-10-02T15:20:32 Random-125-125-4-1_0 108.80 unsat 581 nodes 0 s; 1259 queued
2026-10-02T15:20:32 Random-125-125-4-1_0 108.112 unsat 2.63e+03 nodes 0 s; 1258 queued
2026-10-02T15:20:32 Random-125-125-4-1_0 108.26 unsat 1.58e+04 nodes 0 s; 1257 queued
2026-10-02T15:20:32 Random-125-125-4-1_0 108.38 unsat 1.25e+03 nodes 0 s; 1256 queued
2026-10-02T15:20:32 Random-125-125-4-1_0 108.66 unsat 1.3e+03 nodes 0 s; 1255 queued
2026-10-02T15:20:32 Random-125-125-4-1_0 108.1 unsat 209 nodes 0 s; 1254 queued
2026-10-02T15:20:32 Random-125-125-4-1_0 108.14 unsat 1.86e+03 nodes 0 s; 1253 queued
2026-10-02T15:20:32 Random-125-125-4-1_0 108.111 unsat 959 nodes 0 s; 1253 queued
2026-10-02T15:20:32 Random-125-125-4-1_0 108.63 unsat 641 nodes 0 s; 1251 queued
2026-10-02T15:20:32 Random-125-125-4-1_0 108.121 unsat 906 nodes 0 s; 1250 queued
2026-10-02T15:20:32 Random-125-125-4-1_0 108.82 unsat 296 nodes 0 s; 1249 queued
2026-10-02T15:20:32 Random-125-125-4-1_0 108.97 unsat 117 nodes 0 s; 1248 queued
2026-10-02T15:20:32 Random-125-125-4-1_0 108.70 unsat 788 nodes 0 s; 1248 queued
2026-10-02T15:20:32 Random-125-125-4-1_0 108.58 unsat 293 nodes 0 s; 1246 queued
2026-10-02T15:20:32 Random-125-125-4-1_0 108.15 unsat 758 nodes 0 s; 1246 queued
2026-10-02T15:20:32 Random-125-125-4-1_0 108.105 unsat 158 nodes 0 s; 1244 queued
2026-10-02T15:20:32 Random-125-125-4-1_0 108.29 unsat 394 nodes 0 s; 1244 queued
2026-10-02T15:20:32 Random-125-125-4-1_0 108.65 unsat 4 nodes 0 s; 1242 queued
2026-10-02T15:20:32 Random-125-125-4-1_0 108.75 unsat 122 nodes 0 s; 1241 queued
2026-10-02T15:20:32 Random-125-125-4-1_0 108.5 unsat 4 nodes 0 s; 1240 queued
2026-10-02T15:20:32 Random-125-125-4-1_0 108.73 unsat 230 nodes 0 s; 1239 queued
2026-10-02T15:20:32 Random-125-125-4-1_0 108.124 unsat 68 nodes 0 s; 1239 queued
2026-10-02T15:20:32 Random-125-125-4-1_0 108.21 unsat 296 nodes 0 s; 1237 queued
2026-10-02T15:20:34 Random-125-125-4-1_0 108.95 unsat 5.39e+07 nodes 66 s; 1236 queued
2026-10-02T15:20:55 Random-125-125-2-4_0 27.63 unsat 1.99e+07 nodes 21 s; 1235 queued
2026-10-02T15:20:57 Random-125-125-2-4_0 27.22 unsat 3.56e+07 nodes 25 s; 1234 queued
2026-10-02T15:21:03 Random-125-125-2-4_0 27.86 unsat 4.62e+06 nodes 5 s; 1233 queued
2026-10-02T15:21:07 Random-125-125-2-4_0 27.84 unsat 1.6e+07 nodes 12 s; 1232 queued
2026-10-02T15:21:07 Random-125-125-2-4_0 27.10 unsat 4.13e+06 nodes 5 s; 1231 queued
2026-10-02T15:21:10 Random-125-125-2-4_0 27.64 unsat 2.54e+06 nodes 3 s; 1230 queued
2026-10-02T15:21:11 Random-125-125-2-4_0 27.31 unsat 5.38e+06 nodes 4 s; 1229 queued
2026-10-02T15:21:12 Random-125-125-2-4_0 27.69 unsat 1.63e+06 nodes 2 s; 1228 queued
2026-10-02T15:21:13 Random-125-125-2-4_0 27.72 unsat 2.61e+06 nodes 2 s; 1227 queued
2026-10-02T15:21:14 Random-125-125-2-4_0 27.12 unsat 6.28e+07 nodes 42 s; 1226 queued
2026-10-02T15:21:14 Random-125-125-2-4_0 27.98 unsat 1.81e+06 nodes 1 s; 1225 queued
2026-10-02T15:21:15 Random-125-125-2-4_0 27.17 unsat 1.42e+06 nodes 1 s; 1224 queued
2026-10-02T15:21:16 Random-125-125-2-4_0 27.83 unsat 3.31e+06 nodes 4 s; 1223 queued
2026-10-02T15:21:16 Random-125-125-2-4_0 27.36 unsat 5.77e+05 nodes 0 s; 1222 queued
2026-10-02T15:21:16 Random-125-125-2-4_0 27.9 unsat 1.96e+06 nodes 2 s; 1221 queued
2026-10-02T15:21:16 Random-125-125-2-4_0 27.62 unsat 5.03e+05 nodes 0 s; 1220 queued
2026-10-02T15:21:17 Random-125-125-2-4_0 27.81 unsat 4.76e+05 nodes 1 s; 1219 queued
2026-10-02T15:21:17 Random-125-125-2-4_0 27.94 unsat 9.33e+05 nodes 1 s; 1218 queued
2026-10-02T15:21:17 Random-125-125-2-4_0 27.50 unsat 1.09e+06 nodes 1 s; 1217 queued
2026-10-02T15:21:17 Random-125-125-2-4_0 27.92 unsat 3.4e+05 nodes 0 s; 1216 queued
2026-10-02T15:21:18 Random-125-125-2-4_0 27.112 unsat 8.2e+05 nodes 1 s; 1215 queued
2026-10-02T15:21:18 Random-125-125-2-4_0 27.99 unsat 8.17e+05 nodes 1 s; 1214 queued
2026-10-02T15:21:18 Random-125-125-2-4_0 27.18 unsat 2.62e+05 nodes 0 s; 1213 queued
2026-10-02T15:21:18 Random-125-125-2-4_0 27.6 unsat 1.46e+05 nodes 0 s; 1212 queued
2026-10-02T15:21:18 Random-125-125-2-4_0 27.103 unsat 4.76e+05 nodes 1 s; 1211 queued
2026-10-02T15:21:18 Random-125-125-2-4_0 27.40 unsat 1.46e+05 nodes 0 s; 1210 queued
2026-10-02T15:21:18 Random-125-125-2-4_0 27.11 unsat 3.89e+03 nodes 0 s; 1209 queued
2026-10-02T15:21:18 Random-125-125-2-4_0 27.4 unsat 9.9e+04 nodes 0 s; 1208 queued
2026-10-02T15:21:18 Random-125-125-2-4_0 27.24 unsat 1e+05 nodes 0 s; 1207 queued
2026-10-02T15:21:20 Random-125-125-4-1_0 6.64 unsat 4.44e+08 nodes 422 s; 1206 queued
2026-10-02T15:21:41 Random-125-125-2-4_0 27.2 unknown 3e+09 nodes 2477 s; 1253 queued
2026-10-02T15:21:57 Random-125-125-2-4_0 27.8 unsat 8.87e+07 nodes 85 s; 1252 queued
2026-10-02T15:22:02 Random-125-125-4-1_0 108.30 unsat 2.6e+08 nodes 289 s; 1251 queued
2026-10-02T15:22:30 Random-125-125-4-1_0 48.44.71 unsat 7.94e+08 nodes 811 s; 1250 queued
2026-10-02T15:22:57 Random-125-125-2-4_0 27.91 unsat 1.71e+08 nodes 145 s; 1249 queued
2026-10-02T15:23:54 Random-125-125-4-1_0 108.31 unsat 4.86e+08 nodes 430 s; 1248 queued
2026-10-02T15:24:10 Random-125-125-2-4_0 27.82 unsat 3.03e+08 nodes 218 s; 1247 queued
2026-10-02T15:24:33 Random-125-125-2-4_0 27.90 unsat 3.33e+08 nodes 241 s; 1246 queued
2026-10-02T15:25:10 Random-125-125-2-4_0 27.88 unsat 2.87e+08 nodes 278 s; 1245 queued
2026-10-02T15:25:23 Random-125-125-4-1_0 108.109 unsat 4.69e+08 nodes 519 s; 1244 queued
--- restart 2026-10-02T15:26:25+01:00: breadth-first split, depth-doubling cap
7 instances, 1267 tasks pending
2026-10-02T15:27:41 Random-125-125-2-4_0 1.27.82 unsat 1.22e+08 nodes 76 s; 1243 queued
2026-10-02T15:27:42 Random-125-125-2-4_0 1.27.88 unsat 1.11e+08 nodes 76 s; 1242 queued
2026-10-02T15:28:28 Random-125-125-2-4_0 1.27.91 unsat 7.61e+07 nodes 47 s; 1241 queued
2026-10-02T15:28:49 Random-125-125-2-4_0 1.27.8 unsat 3.45e+07 nodes 21 s; 1240 queued
2026-10-02T15:28:51 Random-125-125-2-4_0 1.27.77 unsat 2.42e+08 nodes 146 s; 1239 queued
2026-10-02T15:29:05 Random-125-125-2-4_0 1.27.22 unsat 1.38e+07 nodes 14 s; 1238 queued
2026-10-02T15:29:10 Random-125-125-2-4_0 1.27.12 unsat 2.11e+07 nodes 21 s; 1237 queued
2026-10-02T15:29:11 Random-125-125-2-4_0 1.27.63 unsat 5.43e+06 nodes 6 s; 1236 queued
2026-10-02T15:29:13 Random-125-125-2-4_0 1.27.84 unsat 4.61e+06 nodes 3 s; 1235 queued
2026-10-02T15:29:14 Random-125-125-2-4_0 1.27.86 unsat 2.77e+06 nodes 3 s; 1234 queued
2026-10-02T15:29:16 Random-125-125-2-4_0 1.27.98 unsat 3.34e+06 nodes 2 s; 1233 queued
2026-10-02T15:29:16 Random-125-125-2-4_0 1.27.10 unsat 2.11e+06 nodes 2 s; 1232 queued
2026-10-02T15:29:17 Random-125-125-2-4_0 1.27.64 unsat 1.34e+06 nodes 1 s; 1231 queued
2026-10-02T15:29:18 Random-125-125-2-4_0 1.27.31 unsat 2.66e+06 nodes 2 s; 1230 queued
2026-10-02T15:29:18 Random-125-125-2-4_0 1.27.69 unsat 8.46e+05 nodes 1 s; 1229 queued
2026-10-02T15:29:19 Random-125-125-2-4_0 1.27.72 unsat 1.48e+06 nodes 1 s; 1228 queued
2026-10-02T15:29:20 Random-125-125-2-4_0 1.27.94 unsat 1.27e+06 nodes 1 s; 1227 queued
2026-10-02T15:29:20 Random-125-125-2-4_0 1.27.83 unsat 1.85e+06 nodes 2 s; 1226 queued
2026-10-02T15:29:20 Random-125-125-2-4_0 1.27.9 unsat 8.82e+05 nodes 1 s; 1225 queued
2026-10-02T15:29:20 Random-125-125-2-4_0 1.27.35 unsat 2.28e+08 nodes 175 s; 1224 queued
2026-10-02T15:29:21 Random-125-125-2-4_0 1.27.36 unsat 2.93e+05 nodes 0 s; 1223 queued
2026-10-02T15:29:21 Random-125-125-2-4_0 1.27.62 unsat 2.58e+05 nodes 0 s; 1222 queued
2026-10-02T15:29:21 Random-125-125-2-4_0 1.27.81 unsat 2.12e+05 nodes 0 s; 1221 queued
2026-10-02T15:29:21 Random-125-125-2-4_0 1.27.50 unsat 5.85e+05 nodes 1 s; 1220 queued
2026-10-02T15:29:21 Random-125-125-2-4_0 1.27.17 unsat 9.24e+05 nodes 1 s; 1219 queued
2026-10-02T15:29:21 Random-125-125-2-4_0 1.27.99 unsat 4.72e+05 nodes 0 s; 1218 queued
2026-10-02T15:29:21 Random-125-125-2-4_0 1.27.18 unsat 2.9e+05 nodes 0 s; 1217 queued
2026-10-02T15:29:21 Random-125-125-2-4_0 1.27.92 unsat 1.83e+05 nodes 0 s; 1216 queued
2026-10-02T15:29:22 Random-125-125-2-4_0 1.27.6 unsat 9.94e+04 nodes 0 s; 1215 queued
2026-10-02T15:29:22 Random-125-125-2-4_0 1.27.112 unsat 5.15e+05 nodes 1 s; 1214 queued
2026-10-02T15:29:22 Random-125-125-2-4_0 1.27.40 unsat 6.59e+04 nodes 0 s; 1213 queued
2026-10-02T15:29:22 Random-125-125-2-4_0 1.27.4 unsat 5.69e+04 nodes 0 s; 1212 queued
2026-10-02T15:29:22 Random-125-125-2-4_0 1.27.24 unsat 4.54e+04 nodes 0 s; 1211 queued
2026-10-02T15:29:22 Random-125-125-2-4_0 1.27.11 unsat 3.46e+03 nodes 0 s; 1210 queued
2026-10-02T15:29:22 Random-125-125-2-4_0 1.27.103 unsat 2.73e+05 nodes 0 s; 1209 queued
2026-10-02T15:30:06 Random-125-125-2-4_0 1.27.90 unsat 1.69e+08 nodes 145 s; 1208 queued
2026-10-02T15:31:50 Random-125-125-2-4_0 1.27.37 unsat 3.66e+08 nodes 325 s; 1207 queued
2026-10-02T15:34:50 Random-125-125-2-4_0 1.27.32 unsat 5.71e+08 nodes 504 s; 1206 queued
2026-10-02T15:36:16 Random-125-125-2-4_0 1.27.20 unsat 7.16e+08 nodes 591 s; 1205 queued
2026-10-02T15:37:57 Random-125-125-2-4_0 1.27.33 unsat 7.89e+08 nodes 692 s; 1204 queued
2026-10-02T15:40:10 Random-125-125-4-1_0 108.64 unsat 9.58e+08 nodes 825 s; 1203 queued
2026-10-02T15:40:50 Random-125-125-4-1_0 108.71 unsat 7.64e+08 nodes 864 s; 1202 queued
2026-10-02T15:41:50 Random-125-125-2-4_0 1.46.20 unsat 5.58e+08 nodes 334 s; 1201 queued
2026-10-02T15:42:09 Random-125-125-4-1_0 48.44.6 unsat 1.02e+09 nodes 944 s; 1200 queued
2026-10-02T15:42:38 Random-125-125-2-4_0 1.46.21 unsat 3.09e+08 nodes 280 s; 1199 queued
2026-10-02T15:43:21 Random-125-125-2-4_0 1.46.35 unsat 1.48e+08 nodes 91 s; 1198 queued
2026-10-02T15:44:09 Random-125-125-2-4_0 1.46.77 unsat 1.54e+08 nodes 91 s; 1197 queued
2026-10-02T15:44:13 Random-125-125-2-4_0 1.46.82 unsat 8.89e+07 nodes 53 s; 1196 queued
2026-10-02T15:45:04 Random-125-125-2-4_0 1.46.88 unsat 6.41e+07 nodes 56 s; 1195 queued
2026-10-02T15:45:15 Random-125-125-2-4_0 1.46.90 unsat 7.35e+07 nodes 62 s; 1194 queued
2026-10-02T15:45:22 Random-125-125-2-4_0 1.46.8 unsat 1.02e+07 nodes 7 s; 1193 queued
2026-10-02T15:45:26 Random-125-125-2-4_0 1.46.91 unsat 2.27e+07 nodes 22 s; 1192 queued
2026-10-02T15:45:27 Random-125-125-2-4_0 1.46.32 unsat 3.82e+08 nodes 316 s; 1191 queued
2026-10-02T15:45:31 Random-125-125-2-4_0 1.46.84 unsat 3.72e+06 nodes 4 s; 1190 queued
2026-10-02T15:45:31 Random-125-125-2-4_0 1.46.63 unsat 3.97e+06 nodes 4 s; 1189 queued
2026-10-02T15:45:32 Random-125-125-2-4_0 1.46.12 unsat 9.52e+06 nodes 10 s; 1188 queued
2026-10-02T15:45:33 Random-125-125-2-4_0 1.46.86 unsat 2.22e+06 nodes 2 s; 1187 queued
2026-10-02T15:45:34 Random-125-125-2-4_0 1.46.98 unsat 2.79e+06 nodes 3 s; 1186 queued
2026-10-02T15:45:34 Random-125-125-2-4_0 1.46.10 unsat 1.7e+06 nodes 2 s; 1185 queued
2026-10-02T15:45:34 Random-125-125-2-4_0 1.46.22 unsat 1.48e+06 nodes 2 s; 1184 queued
2026-10-02T15:45:35 Random-125-125-2-4_0 1.46.69 unsat 6.12e+05 nodes 1 s; 1183 queued
2026-10-02T15:45:35 Random-125-125-2-4_0 1.46.64 unsat 1.04e+06 nodes 1 s; 1182 queued
2026-10-02T15:45:36 Random-125-125-2-4_0 1.46.31 unsat 1.98e+06 nodes 2 s; 1181 queued
2026-10-02T15:45:36 Random-125-125-2-4_0 1.46.72 unsat 1.18e+06 nodes 1 s; 1180 queued
2026-10-02T15:45:37 Random-125-125-2-4_0 1.46.83 unsat 1.35e+06 nodes 2 s; 1179 queued
2026-10-02T15:45:37 Random-125-125-2-4_0 1.46.94 unsat 9.27e+05 nodes 1 s; 1178 queued
2026-10-02T15:45:37 Random-125-125-2-4_0 1.46.9 unsat 6.69e+05 nodes 1 s; 1177 queued
2026-10-02T15:45:37 Random-125-125-2-4_0 1.46.36 unsat 2.65e+05 nodes 0 s; 1176 queued
2026-10-02T15:45:37 Random-125-125-2-4_0 1.46.62 unsat 2.33e+05 nodes 0 s; 1175 queued
2026-10-02T15:45:37 Random-125-125-2-4_0 1.46.81 unsat 2.21e+05 nodes 0 s; 1174 queued
2026-10-02T15:45:37 Random-125-125-2-4_0 1.46.50 unsat 4.7e+05 nodes 1 s; 1173 queued
2026-10-02T15:45:38 Random-125-125-2-4_0 1.46.99 unsat 4.21e+05 nodes 0 s; 1172 queued
2026-10-02T15:45:38 Random-125-125-2-4_0 1.46.112 unsat 4.19e+05 nodes 0 s; 1171 queued
2026-10-02T15:45:38 Random-125-125-2-4_0 1.46.17 unsat 3.72e+05 nodes 0 s; 1170 queued
2026-10-02T15:45:38 Random-125-125-2-4_0 1.46.18 unsat 2.1e+05 nodes 0 s; 1169 queued
2026-10-02T15:45:38 Random-125-125-2-4_0 1.46.92 unsat 1.86e+05 nodes 0 s; 1168 queued
2026-10-02T15:45:38 Random-125-125-2-4_0 1.46.40 unsat 5.16e+04 nodes 0 s; 1167 queued
2026-10-02T15:45:38 Random-125-125-2-4_0 1.46.103 unsat 2.57e+05 nodes 0 s; 1166 queued
2026-10-02T15:45:38 Random-125-125-2-4_0 1.46.4 unsat 4.52e+04 nodes 0 s; 1165 queued
2026-10-02T15:45:38 Random-125-125-2-4_0 1.46.24 unsat 3.53e+04 nodes 0 s; 1164 queued
2026-10-02T15:45:38 Random-125-125-2-4_0 1.46.11 unsat 3.08e+03 nodes 0 s; 1163 queued
2026-10-02T15:45:38 Random-125-125-2-4_0 1.46.6 unsat 1.9e+05 nodes 0 s; 1162 queued
2026-10-02T15:45:56 Random-125-125-2-4_0 1.46.37 unsat 2.37e+08 nodes 226 s; 1161 queued
2026-10-02T15:47:56 Random-125-125-2-4_0 1.46.33 unsat 5.05e+08 nodes 426 s; 1160 queued
2026-10-02T15:49:42 Random-125-125-4-1_0 44.64 unsat 1.48e+09 nodes 1397 s; 1159 queued
2026-10-02T15:50:34 Random-125-125-4-1_0 6.109 unsat 1.66e+09 nodes 1449 s; 1158 queued
2026-10-02T15:53:07 Random-125-125-4-1_0 48.44.108 unsat 1.85e+09 nodes 1602 s; 1157 queued
2026-10-02T15:53:31 Random-125-125-4-1_0 44.71 unsat 1.44e+09 nodes 1626 s; 1156 queued
2026-10-02T15:54:08 Random-125-125-4-1_0 108.6 unsat 1.6e+09 nodes 1663 s; 1155 queued
2026-10-02T15:55:40 Random-125-125-2-4_0 1.59.41 unsat 1.11e+08 nodes 92 s; 1154 queued
2026-10-02T15:56:18 Random-125-125-4-1_0 44.6 unsat 1.65e+09 nodes 1793 s; 1153 queued
2026-10-02T15:56:25 Random-125-125-2-4_0 1.27.2 unsat 2.39e+09 nodes 1799 s; 1152 queued
2026-10-02T15:56:27 Random-125-125-2-4_0 1.59.35 unsat 2.83e+08 nodes 200 s; 1151 queued
2026-10-02T15:56:37 Random-125-125-2-4_0 1.59.20 unsat 8.49e+08 nodes 521 s; 1150 queued
2026-10-02T15:56:57 Random-125-125-2-4_0 1.59.91 unsat 2.81e+07 nodes 21 s; 1149 queued
2026-10-02T15:57:05 Random-125-125-2-4_0 1.59.8 unsat 1.08e+07 nodes 8 s; 1148 queued
2026-10-02T15:57:16 Random-125-125-2-4_0 1.59.12 unsat 1.19e+07 nodes 11 s; 1147 queued
2026-10-02T15:57:18 Random-125-125-2-4_0 1.59.88 unsat 5.73e+07 nodes 53 s; 1146 queued
2026-10-02T15:57:20 Random-125-125-2-4_0 1.59.63 unsat 5.06e+06 nodes 4 s; 1145 queued
2026-10-02T15:57:22 Random-125-125-2-4_0 1.59.86 unsat 2.37e+06 nodes 2 s; 1144 queued
2026-10-02T15:57:24 Random-125-125-2-4_0 1.59.84 unsat 5.75e+06 nodes 6 s; 1143 queued
2026-10-02T15:57:24 Random-125-125-2-4_0 1.59.98 unsat 2.97e+06 nodes 2 s; 1142 queued
2026-10-02T15:57:26 Random-125-125-2-4_0 1.59.22 unsat 1.34e+06 nodes 2 s; 1141 queued
2026-10-02T15:57:27 Random-125-125-2-4_0 1.59.10 unsat 2.16e+06 nodes 2 s; 1140 queued
2026-10-02T15:57:28 Random-125-125-2-4_0 1.59.32 unsat 6.03e+08 nodes 465 s; 1139 queued
2026-10-02T15:57:28 Random-125-125-2-4_0 1.59.31 unsat 2.14e+06 nodes 2 s; 1138 queued
2026-10-02T15:57:29 Random-125-125-2-4_0 1.59.69 unsat 7.85e+05 nodes 1 s; 1137 queued
2026-10-02T15:57:29 Random-125-125-2-4_0 1.59.50 unsat 2.28e+06 nodes 2 s; 1136 queued
2026-10-02T15:57:29 Random-125-125-2-4_0 1.59.64 unsat 1.37e+06 nodes 1 s; 1135 queued
2026-10-02T15:57:30 Random-125-125-2-4_0 1.59.72 unsat 1.27e+06 nodes 1 s; 1134 queued
2026-10-02T15:57:30 Random-125-125-2-4_0 1.59.94 unsat 9.76e+05 nodes 1 s; 1133 queued
2026-10-02T15:57:30 Random-125-125-2-4_0 1.59.9 unsat 9.14e+05 nodes 1 s; 1132 queued
2026-10-02T15:57:30 Random-125-125-2-4_0 1.59.18 unsat 8.2e+05 nodes 1 s; 1131 queued
2026-10-02T15:57:30 Random-125-125-2-4_0 1.59.36 unsat 2.45e+05 nodes 0 s; 1130 queued
2026-10-02T15:57:30 Random-125-125-2-4_0 1.59.81 unsat 1.84e+05 nodes 0 s; 1129 queued
2026-10-02T15:57:31 Random-125-125-2-4_0 1.59.62 unsat 3.32e+05 nodes 0 s; 1128 queued
2026-10-02T15:57:31 Random-125-125-2-4_0 1.59.112 unsat 3.94e+05 nodes 0 s; 1127 queued
2026-10-02T15:57:31 Random-125-125-2-4_0 1.59.17 unsat 2.33e+05 nodes 0 s; 1126 queued
2026-10-02T15:57:31 Random-125-125-2-4_0 1.59.92 unsat 1.55e+05 nodes 0 s; 1125 queued
2026-10-02T15:57:31 Random-125-125-2-4_0 1.59.99 unsat 4.75e+05 nodes 1 s; 1124 queued
2026-10-02T15:57:31 Random-125-125-2-4_0 1.59.40 unsat 1.19e+05 nodes 0 s; 1123 queued
2026-10-02T15:57:31 Random-125-125-2-4_0 1.59.103 unsat 2.76e+05 nodes 0 s; 1122 queued
2026-10-02T15:57:31 Random-125-125-2-4_0 1.59.6 unsat 5.9e+04 nodes 0 s; 1121 queued
2026-10-02T15:57:31 Random-125-125-2-4_0 1.59.109 unsat 3.38e+05 nodes 0 s; 1121 queued
2026-10-02T15:57:31 Random-125-125-2-4_0 1.59.4 unsat 5.31e+04 nodes 0 s; 1119 queued
2026-10-02T15:57:31 Random-125-125-2-4_0 1.59.24 unsat 5.66e+04 nodes 0 s; 1118 queued
2026-10-02T15:57:31 Random-125-125-2-4_0 1.59.87 unsat 1.53e+05 nodes 0 s; 1117 queued
2026-10-02T15:57:31 Random-125-125-2-4_0 1.59.11 unsat 8.07e+03 nodes 0 s; 1116 queued
2026-10-02T15:57:31 Random-125-125-2-4_0 1.59.54 unsat 3.48e+04 nodes 0 s; 1115 queued
2026-10-02T15:58:19 Random-125-125-2-4_0 1.59.82 unsat 1.43e+08 nodes 120 s; 1114 queued
2026-10-02T15:58:24 Random-125-125-2-4_0 1.59.90 unsat 1.35e+08 nodes 117 s; 1113 queued
2026-10-02T15:58:37 Random-125-125-2-4_0 1.59.77 unsat 2.24e+08 nodes 176 s; 1112 queued
2026-10-02T15:59:44 Random-125-125-2-4_0 1.59.37 unsat 4.2e+08 nodes 373 s; 1111 queued
2026-10-02T16:02:01 Random-125-125-2-4_0 1.85.35 unsat 1.97e+08 nodes 137 s; 1110 queued
2026-10-02T16:02:46 Random-125-125-2-4_0 1.59.33 unsat 9.86e+08 nodes 731 s; 1109 queued
2026-10-02T16:03:12 Random-125-125-2-4_0 1.46.2 unsat 1.86e+09 nodes 1702 s; 1108 queued
2026-10-02T16:04:50 Random-125-125-2-4_0 1.85.41 unsat 1.33e+08 nodes 124 s; 1107 queued
2026-10-02T16:05:18 Random-125-125-2-4_0 1.85.77 unsat 2e+08 nodes 126 s; 1106 queued
2026-10-02T16:05:32 Random-125-125-2-4_0 1.85.37 unsat 3.23e+08 nodes 210 s; 1105 queued
2026-10-02T16:06:02 Random-125-125-2-4_0 1.85.82 unsat 9.34e+07 nodes 72 s; 1104 queued
2026-10-02T16:06:13 Random-125-125-2-4_0 1.85.32 unsat 4.98e+08 nodes 469 s; 1103 queued
2026-10-02T16:06:22 Random-125-125-2-4_0 1.85.88 unsat 1.03e+08 nodes 65 s; 1102 queued
2026-10-02T16:06:27 Random-125-125-2-4_0 1.85.8 unsat 1.26e+07 nodes 13 s; 1101 queued
2026-10-02T16:06:30 Random-125-125-2-4_0 1.85.91 unsat 3.06e+07 nodes 28 s; 1100 queued
2026-10-02T16:06:32 Random-125-125-2-4_0 1.85.20 unsat 6.43e+08 nodes 493 s; 1099 queued
2026-10-02T16:06:32 Random-125-125-2-4_0 1.85.63 unsat 4.48e+06 nodes 5 s; 1098 queued
2026-10-02T16:06:33 Random-125-125-2-4_0 1.85.84 unsat 3.99e+06 nodes 3 s; 1097 queued
2026-10-02T16:06:34 Random-125-125-2-4_0 1.85.86 unsat 2.76e+06 nodes 2 s; 1096 queued
2026-10-02T16:06:34 Random-125-125-2-4_0 1.85.10 unsat 1.86e+06 nodes 1 s; 1095 queued
2026-10-02T16:06:35 Random-125-125-2-4_0 1.85.22 unsat 1.46e+06 nodes 1 s; 1094 queued
2026-10-02T16:06:35 Random-125-125-2-4_0 1.85.98 unsat 3.09e+06 nodes 4 s; 1093 queued
2026-10-02T16:06:36 Random-125-125-2-4_0 1.85.12 unsat 1.27e+07 nodes 13 s; 1092 queued
2026-10-02T16:06:36 Random-125-125-2-4_0 1.85.36 unsat 9.73e+05 nodes 1 s; 1091 queued
2026-10-02T16:06:36 Random-125-125-2-4_0 1.85.31 unsat 2.24e+06 nodes 2 s; 1090 queued
2026-10-02T16:06:36 Random-125-125-2-4_0 1.85.69 unsat 5.71e+05 nodes 1 s; 1089 queued
2026-10-02T16:06:37 Random-125-125-2-4_0 1.85.64 unsat 1.03e+06 nodes 1 s; 1088 queued
2026-10-02T16:06:37 Random-125-125-2-4_0 1.85.62 unsat 1.3e+06 nodes 1 s; 1087 queued
2026-10-02T16:06:37 Random-125-125-2-4_0 1.85.72 unsat 1.13e+06 nodes 1 s; 1086 queued
2026-10-02T16:06:37 Random-125-125-2-4_0 1.85.94 unsat 8.99e+05 nodes 1 s; 1085 queued
2026-10-02T16:06:37 Random-125-125-2-4_0 1.85.50 unsat 4.92e+05 nodes 0 s; 1084 queued
2026-10-02T16:06:38 Random-125-125-2-4_0 1.85.81 unsat 2.01e+05 nodes 0 s; 1083 queued
2026-10-02T16:06:38 Random-125-125-2-4_0 1.85.9 unsat 7.82e+05 nodes 1 s; 1082 queued
2026-10-02T16:06:38 Random-125-125-2-4_0 1.85.99 unsat 4.39e+05 nodes 0 s; 1081 queued
2026-10-02T16:06:38 Random-125-125-2-4_0 1.85.83 unsat 1.35e+06 nodes 2 s; 1080 queued
2026-10-02T16:06:38 Random-125-125-2-4_0 1.85.112 unsat 4.8e+05 nodes 0 s; 1079 queued
2026-10-02T16:06:38 Random-125-125-2-4_0 1.85.18 unsat 2.15e+05 nodes 0 s; 1078 queued
2026-10-02T16:06:38 Random-125-125-2-4_0 1.85.17 unsat 2.38e+05 nodes 0 s; 1077 queued
2026-10-02T16:06:38 Random-125-125-2-4_0 1.85.103 unsat 2.23e+05 nodes 0 s; 1076 queued
2026-10-02T16:06:38 Random-125-125-2-4_0 1.85.109 unsat 1.47e+05 nodes 0 s; 1075 queued
2026-10-02T16:06:38 Random-125-125-2-4_0 1.85.6 unsat 6.52e+04 nodes 0 s; 1074 queued
2026-10-02T16:06:38 Random-125-125-2-4_0 1.85.92 unsat 1.83e+05 nodes 0 s; 1073 queued
2026-10-02T16:06:38 Random-125-125-2-4_0 1.85.40 unsat 4.61e+04 nodes 0 s; 1072 queued
2026-10-02T16:06:38 Random-125-125-2-4_0 1.85.11 unsat 2.82e+03 nodes 0 s; 1071 queued
2026-10-02T16:06:38 Random-125-125-2-4_0 1.85.24 unsat 2.03e+04 nodes 0 s; 1070 queued
2026-10-02T16:06:38 Random-125-125-2-4_0 1.85.4 unsat 7.06e+04 nodes 0 s; 1069 queued
2026-10-02T16:06:38 Random-125-125-2-4_0 1.85.87 unsat 5.97e+04 nodes 0 s; 1068 queued
2026-10-02T16:06:57 Random-125-125-2-4_0 1.85.90 unsat 9.07e+07 nodes 85 s; 1067 queued
2026-10-02T16:09:30 Random-125-125-2-4_0 1.85.33 unsat 6.74e+08 nodes 653 s; 1066 queued
2026-10-02T16:11:30 Random-125-125-2-4_0 1.46.111 unsat 2.97e+09 nodes 2380 s; 1065 queued
2026-10-02T16:12:30 Random-125-125-2-4_0 1.97.32 unsat 3.57e+08 nodes 333 s; 1064 queued
2026-10-02T16:13:08 Random-125-125-2-4_0 1.97.35 unsat 1.4e+08 nodes 98 s; 1063 queued
2026-10-02T16:13:59 Random-125-125-2-4_0 1.97.41 unsat 7.71e+07 nodes 51 s; 1062 queued
2026-10-02T16:14:22 Random-125-125-2-4_0 1.97.20 unsat 4.72e+08 nodes 464 s; 1061 queued
2026-10-02T16:15:18 Random-125-125-2-4_0 1.97.77 unsat 1.19e+08 nodes 79 s; 1060 queued
2026-10-02T16:15:24 Random-125-125-2-4_0 1.97.82 unsat 6.75e+07 nodes 62 s; 1059 queued
2026-10-02T16:15:28 Random-125-125-2-4_0 1.97.37 unsat 2.48e+08 nodes 178 s; 1058 queued
2026-10-02T16:15:45 Random-125-125-2-4_0 1.97.91 unsat 1.31e+07 nodes 17 s; 1057 queued
2026-10-02T16:15:51 Random-125-125-2-4_0 1.97.8 unsat 5.3e+06 nodes 6 s; 1056 queued
2026-10-02T16:15:57 Random-125-125-2-4_0 1.97.12 unsat 4.89e+06 nodes 6 s; 1055 queued
2026-10-02T16:15:58 Random-125-125-2-4_0 1.97.88 unsat 4.24e+07 nodes 40 s; 1054 queued
2026-10-02T16:16:01 Random-125-125-2-4_0 1.97.63 unsat 3.18e+06 nodes 4 s; 1053 queued
2026-10-02T16:16:02 Random-125-125-2-4_0 1.97.84 unsat 2.89e+06 nodes 3 s; 1052 queued
2026-10-02T16:16:03 Random-125-125-2-4_0 1.97.86 unsat 1.81e+06 nodes 2 s; 1051 queued
2026-10-02T16:16:04 Random-125-125-2-4_0 1.97.98 unsat 2.02e+06 nodes 2 s; 1050 queued
2026-10-02T16:16:04 Random-125-125-2-4_0 1.97.10 unsat 1.37e+06 nodes 2 s; 1049 queued
2026-10-02T16:16:05 Random-125-125-2-4_0 1.97.22 unsat 9.99e+05 nodes 1 s; 1048 queued
2026-10-02T16:16:06 Random-125-125-2-4_0 1.97.90 unsat 3.73e+07 nodes 42 s; 1047 queued
2026-10-02T16:16:06 Random-125-125-2-4_0 1.97.64 unsat 8.14e+05 nodes 1 s; 1046 queued
2026-10-02T16:16:06 Random-125-125-2-4_0 1.97.69 unsat 4.35e+05 nodes 1 s; 1045 queued
2026-10-02T16:16:06 Random-125-125-2-4_0 1.97.31 unsat 1.78e+06 nodes 2 s; 1044 queued
2026-10-02T16:16:07 Random-125-125-2-4_0 1.97.72 unsat 8.57e+05 nodes 1 s; 1043 queued
2026-10-02T16:16:07 Random-125-125-2-4_0 1.97.94 unsat 6.08e+05 nodes 1 s; 1042 queued
2026-10-02T16:16:07 Random-125-125-2-4_0 1.97.83 unsat 1.03e+06 nodes 1 s; 1041 queued
2026-10-02T16:16:07 Random-125-125-2-4_0 1.97.36 unsat 2.07e+05 nodes 0 s; 1040 queued
2026-10-02T16:16:08 Random-125-125-2-4_0 1.97.9 unsat 6e+05 nodes 1 s; 1039 queued
2026-10-02T16:16:08 Random-125-125-2-4_0 1.97.62 unsat 2.34e+05 nodes 0 s; 1038 queued
2026-10-02T16:16:08 Random-125-125-2-4_0 1.97.50 unsat 3.9e+05 nodes 0 s; 1037 queued
2026-10-02T16:16:08 Random-125-125-2-4_0 1.97.81 unsat 1.45e+05 nodes 0 s; 1036 queued
2026-10-02T16:16:08 Random-125-125-2-4_0 1.97.99 unsat 2.37e+05 nodes 0 s; 1035 queued
2026-10-02T16:16:08 Random-125-125-2-4_0 1.97.17 unsat 1.82e+05 nodes 0 s; 1034 queued
2026-10-02T16:16:08 Random-125-125-2-4_0 1.97.112 unsat 2.83e+05 nodes 0 s; 1033 queued
2026-10-02T16:16:08 Random-125-125-2-4_0 1.97.18 unsat 1.6e+05 nodes 0 s; 1032 queued
2026-10-02T16:16:08 Random-125-125-2-4_0 1.97.92 unsat 1.26e+05 nodes 0 s; 1031 queued
2026-10-02T16:16:08 Random-125-125-2-4_0 1.97.103 unsat 1.02e+05 nodes 0 s; 1030 queued
2026-10-02T16:16:08 Random-125-125-2-4_0 1.97.109 unsat 1.06e+05 nodes 0 s; 1029 queued
2026-10-02T16:16:08 Random-125-125-2-4_0 1.97.40 unsat 3.57e+04 nodes 0 s; 1028 queued
2026-10-02T16:16:08 Random-125-125-2-4_0 1.97.6 unsat 5.15e+04 nodes 0 s; 1027 queued
2026-10-02T16:16:09 Random-125-125-2-4_0 1.97.24 unsat 1.24e+04 nodes 0 s; 1026 queued
2026-10-02T16:16:09 Random-125-125-2-4_0 1.97.11 unsat 2.26e+03 nodes 0 s; 1025 queued
2026-10-02T16:16:09 Random-125-125-2-4_0 1.97.4 unsat 3.78e+04 nodes 0 s; 1024 queued
2026-10-02T16:16:09 Random-125-125-2-4_0 1.97.87 unsat 4.68e+04 nodes 0 s; 1023 queued
2026-10-02T16:17:11 Random-125-125-2-4_0 1.97.33 unsat 4.99e+08 nodes 461 s; 1022 queued
2026-10-02T16:17:38 Random-125-125-2-4_0 1.27.111 unsat 3.81e+09 nodes 3073 s; 1021 queued
=== Random-125-125-4-1_0: k = 56 refuted, 4.973e+10 nodes over 669 tasks, 18.1 core-h
2026-10-02T16:19:38 Random-125-125-4-1_0 44.108 unsat 2.96e+09 nodes 3193 s; 1020 queued
2026-10-02T16:20:00 Random-125-125-2-4_0 1.59.2 unsat 2.47e+09 nodes 2044 s; 1019 queued
2026-10-02T16:22:57 Random-125-125-2-4_0 1.111.35 unsat 2.11e+08 nodes 199 s; 1018 queued
2026-10-02T16:23:39 Random-125-125-2-4_0 1.111.20 unsat 6.73e+08 nodes 450 s; 1017 queued
2026-10-02T16:23:47 Random-125-125-2-4_0 1.111.32 unsat 4.91e+08 nodes 396 s; 1016 queued
2026-10-02T16:24:09 Random-125-125-2-4_0 1.111.41 unsat 1.03e+08 nodes 71 s; 1015 queued
2026-10-02T16:24:43 Random-125-125-2-4_0 1.111.88 unsat 5.25e+07 nodes 35 s; 1014 queued
2026-10-02T16:24:45 Random-125-125-2-4_0 1.111.37 unsat 3.21e+08 nodes 285 s; 1013 queued
2026-10-02T16:24:49 Random-125-125-2-4_0 1.111.33 unsat 7.05e+08 nodes 431 s; 1012 queued
2026-10-02T16:24:54 Random-125-125-2-4_0 1.111.63 unsat 1.11e+08 nodes 75 s; 1011 queued
2026-10-02T16:24:57 Random-125-125-2-4_0 1.111.8 unsat 1.03e+07 nodes 8 s; 1010 queued
2026-10-02T16:25:00 Random-125-125-2-4_0 1.111.84 unsat 4.19e+06 nodes 3 s; 1009 queued
2026-10-02T16:25:02 Random-125-125-2-4_0 1.111.86 unsat 2.43e+06 nodes 2 s; 1008 queued
2026-10-02T16:25:04 Random-125-125-2-4_0 1.111.12 unsat 1.07e+07 nodes 10 s; 1007 queued
2026-10-02T16:25:04 Random-125-125-2-4_0 1.111.98 unsat 2.96e+06 nodes 2 s; 1006 queued
2026-10-02T16:25:06 Random-125-125-2-4_0 1.111.22 unsat 1.42e+06 nodes 2 s; 1005 queued
2026-10-02T16:25:06 Random-125-125-2-4_0 1.111.10 unsat 1.87e+06 nodes 2 s; 1004 queued
2026-10-02T16:25:07 Random-125-125-2-4_0 1.111.91 unsat 2.25e+07 nodes 22 s; 1003 queued
2026-10-02T16:25:07 Random-125-125-2-4_0 1.111.64 unsat 1.16e+06 nodes 1 s; 1002 queued
2026-10-02T16:25:08 Random-125-125-2-4_0 1.111.69 unsat 7.79e+05 nodes 1 s; 1001 queued
2026-10-02T16:25:08 Random-125-125-2-4_0 1.111.31 unsat 1.99e+06 nodes 2 s; 1000 queued
2026-10-02T16:25:08 Random-125-125-2-4_0 1.111.81 unsat 6.74e+05 nodes 1 s; 999 queued
2026-10-02T16:25:08 Random-125-125-2-4_0 1.111.72 unsat 1.26e+06 nodes 1 s; 998 queued
2026-10-02T16:25:09 Random-125-125-2-4_0 1.111.9 unsat 7.72e+05 nodes 1 s; 997 queued
2026-10-02T16:25:09 Random-125-125-2-4_0 1.111.94 unsat 8.5e+05 nodes 1 s; 996 queued
2026-10-02T16:25:09 Random-125-125-2-4_0 1.111.83 unsat 1.54e+06 nodes 2 s; 995 queued
2026-10-02T16:25:09 Random-125-125-2-4_0 1.111.36 unsat 2.77e+05 nodes 0 s; 994 queued
2026-10-02T16:25:10 Random-125-125-2-4_0 1.111.62 unsat 3.28e+05 nodes 0 s; 993 queued
2026-10-02T16:25:10 Random-125-125-2-4_0 1.111.50 unsat 5.51e+05 nodes 1 s; 992 queued
2026-10-02T16:25:10 Random-125-125-2-4_0 1.111.112 unsat 4.83e+05 nodes 1 s; 991 queued
2026-10-02T16:25:10 Random-125-125-2-4_0 1.111.17 unsat 2.66e+05 nodes 0 s; 990 queued
2026-10-02T16:25:10 Random-125-125-2-4_0 1.111.18 unsat 2.79e+05 nodes 0 s; 989 queued
2026-10-02T16:25:10 Random-125-125-2-4_0 1.111.92 unsat 2.1e+05 nodes 0 s; 988 queued
2026-10-02T16:25:10 Random-125-125-2-4_0 1.111.6 unsat 7.24e+04 nodes 0 s; 987 queued
2026-10-02T16:25:10 Random-125-125-2-4_0 1.111.109 unsat 1.54e+05 nodes 0 s; 986 queued
2026-10-02T16:25:10 Random-125-125-2-4_0 1.111.103 unsat 2.65e+05 nodes 0 s; 985 queued
2026-10-02T16:25:10 Random-125-125-2-4_0 1.111.24 unsat 2.75e+04 nodes 0 s; 984 queued
2026-10-02T16:25:10 Random-125-125-2-4_0 1.111.11 unsat 2.91e+03 nodes 0 s; 983 queued
2026-10-02T16:25:10 Random-125-125-2-4_0 1.111.40 unsat 6.08e+04 nodes 0 s; 982 queued
2026-10-02T16:25:10 Random-125-125-2-4_0 1.111.4 unsat 7.46e+04 nodes 0 s; 981 queued
2026-10-02T16:25:16 Random-125-125-2-4_0 1.111.82 unsat 1.07e+08 nodes 90 s; 980 queued
2026-10-02T16:25:21 Random-125-125-2-4_0 1.111.90 unsat 5.59e+07 nodes 37 s; 979 queued
2026-10-02T16:26:52 Random-125-125-2-4_0 1.97.2 unsat 1.56e+09 nodes 1214 s; 978 queued
2026-10-02T16:27:15 Random-125-125-2-4_0 1.2.35 unsat 1.87e+08 nodes 114 s; 977 queued
2026-10-02T16:28:51 Random-125-125-2-4_0 1.2.41 unsat 1.07e+08 nodes 96 s; 976 queued
2026-10-02T16:29:13 Random-125-125-2-4_0 1.85.2 unsat 2.15e+09 nodes 1902 s; 975 queued
2026-10-02T16:30:11 Random-125-125-2-4_0 1.2.32 unsat 4.11e+08 nodes 300 s; 974 queued
2026-10-02T16:30:18 Random-125-125-2-4_0 1.2.78 unsat 7.15e+07 nodes 65 s; 973 queued
2026-10-02T16:30:47 Random-125-125-2-4_0 1.2.88 unsat 4.15e+07 nodes 29 s; 972 queued
2026-10-02T16:30:53 Random-125-125-2-4_0 1.2.77 unsat 1.63e+08 nodes 122 s; 971 queued
2026-10-02T16:31:06 Random-125-125-2-4_0 1.2.82 unsat 5.45e+07 nodes 56 s; 970 queued
2026-10-02T16:31:07 Random-125-125-2-4_0 1.2.91 unsat 1.25e+07 nodes 14 s; 969 queued
2026-10-02T16:31:13 Random-125-125-2-4_0 1.2.12 unsat 6.03e+06 nodes 7 s; 968 queued
2026-10-02T16:31:13 Random-125-125-2-4_0 1.2.8 unsat 6.16e+06 nodes 7 s; 967 queued
2026-10-02T16:31:17 Random-125-125-2-4_0 1.2.63 unsat 2.85e+06 nodes 3 s; 966 queued
2026-10-02T16:31:17 Random-125-125-2-4_0 1.2.53 unsat 3.62e+06 nodes 4 s; 965 queued
2026-10-02T16:31:19 Random-125-125-2-4_0 1.2.86 unsat 1.6e+06 nodes 2 s; 964 queued
2026-10-02T16:31:19 Random-125-125-2-4_0 1.2.84 unsat 2.54e+06 nodes 3 s; 963 queued
2026-10-02T16:31:20 Random-125-125-2-4_0 1.2.90 unsat 4e+07 nodes 33 s; 962 queued
2026-10-02T16:31:21 Random-125-125-2-4_0 1.2.15 unsat 8.21e+05 nodes 1 s; 961 queued
2026-10-02T16:31:21 Random-125-125-2-4_0 1.2.10 unsat 1.22e+06 nodes 1 s; 960 queued
2026-10-02T16:31:21 Random-125-125-2-4_0 1.2.22 unsat 8.71e+05 nodes 1 s; 959 queued
2026-10-02T16:31:21 Random-125-125-2-4_0 1.2.98 unsat 1.89e+06 nodes 2 s; 958 queued
2026-10-02T16:31:22 Random-125-125-2-4_0 1.2.64 unsat 6.31e+05 nodes 0 s; 957 queued
2026-10-02T16:31:22 Random-125-125-2-4_0 1.2.31 unsat 1.1e+06 nodes 1 s; 956 queued
2026-10-02T16:31:22 Random-125-125-2-4_0 1.2.57 unsat 5.92e+05 nodes 1 s; 955 queued
2026-10-02T16:31:22 Random-125-125-2-4_0 1.2.69 unsat 3.05e+05 nodes 0 s; 954 queued
2026-10-02T16:31:23 Random-125-125-2-4_0 1.2.72 unsat 6.71e+05 nodes 1 s; 953 queued
2026-10-02T16:31:23 Random-125-125-2-4_0 1.2.94 unsat 4.33e+05 nodes 1 s; 952 queued
2026-10-02T16:31:23 Random-125-125-2-4_0 1.2.83 unsat 7.96e+05 nodes 1 s; 951 queued
2026-10-02T16:31:23 Random-125-125-2-4_0 1.2.119 unsat 3.38e+05 nodes 0 s; 950 queued
2026-10-02T16:31:23 Random-125-125-2-4_0 1.2.36 unsat 9.99e+04 nodes 0 s; 949 queued
2026-10-02T16:31:23 Random-125-125-2-4_0 1.2.9 unsat 4.53e+05 nodes 0 s; 948 queued
2026-10-02T16:31:23 Random-125-125-2-4_0 1.2.81 unsat 6.48e+04 nodes 0 s; 947 queued
2026-10-02T16:31:23 Random-125-125-2-4_0 1.2.62 unsat 1.26e+05 nodes 0 s; 946 queued
2026-10-02T16:31:23 Random-125-125-2-4_0 1.2.50 unsat 2.74e+05 nodes 0 s; 945 queued
2026-10-02T16:31:23 Random-125-125-2-4_0 1.2.99 unsat 8.7e+04 nodes 0 s; 944 queued
2026-10-02T16:31:23 Random-125-125-2-4_0 1.2.17 unsat 9.26e+04 nodes 0 s; 943 queued
2026-10-02T16:31:23 Random-125-125-2-4_0 1.2.18 unsat 8.52e+04 nodes 0 s; 942 queued
2026-10-02T16:31:23 Random-125-125-2-4_0 1.2.112 unsat 1.61e+05 nodes 0 s; 941 queued
2026-10-02T16:31:23 Random-125-125-2-4_0 1.2.103 unsat 2.35e+04 nodes 0 s; 940 queued
2026-10-02T16:31:24 Random-125-125-2-4_0 1.2.40 unsat 3.12e+04 nodes 0 s; 939 queued
2026-10-02T16:31:24 Random-125-125-2-4_0 1.2.92 unsat 9e+04 nodes 0 s; 938 queued
2026-10-02T16:31:24 Random-125-125-2-4_0 1.2.4 unsat 3.82e+04 nodes 0 s; 937 queued
2026-10-02T16:31:24 Random-125-125-2-4_0 1.2.109 unsat 6.89e+04 nodes 0 s; 936 queued
2026-10-02T16:31:24 Random-125-125-2-4_0 1.2.24 unsat 6.61e+03 nodes 0 s; 935 queued
2026-10-02T16:31:24 Random-125-125-2-4_0 1.2.11 unsat 1.7e+03 nodes 0 s; 934 queued
2026-10-02T16:31:24 Random-125-125-2-4_0 1.2.87 unsat 3.69e+04 nodes 0 s; 933 queued
2026-10-02T16:31:50 Random-125-125-2-4_0 1.2.37 unsat 3.56e+08 nodes 298 s; 932 queued
2026-10-02T16:32:55 Random-125-125-2-4_0 1.46.85 unsat 5.47e+09 nodes 3814 s; 931 queued
2026-10-02T16:34:06 Random-125-125-2-4_0 1.2.33 unsat 6.74e+08 nodes 529 s; 930 queued
2026-10-02T16:35:24 Random-125-125-2-4_0 1.46.97 unsat 4.37e+09 nodes 3918 s; 929 queued
2026-10-02T16:35:30 Random-125-125-2-4_0 1.2.20 unsat 6.9e+08 nodes 620 s; 928 queued
2026-10-02T16:41:30 Random-125-125-2-4_0 1.2.5 unsat 1.49e+09 nodes 979 s; 927 queued
2026-10-02T16:41:44 Random-125-125-2-4_0 27.59.32 unsat 4.5e+08 nodes 373 s; 926 queued
2026-10-02T16:43:26 Random-125-125-2-4_0 1.59.111 unsat 4.55e+09 nodes 3468 s; 925 queued
2026-10-02T16:44:18 Random-125-125-2-4_0 27.59.20 unsat 6.29e+08 nodes 534 s; 924 queued
2026-10-02T16:44:26 Random-125-125-2-4_0 1.27.97 unsat 5.49e+09 nodes 4680 s; 923 queued
2026-10-02T16:44:34 Random-125-125-2-4_0 27.59.35 unsat 1.9e+08 nodes 170 s; 922 queued
2026-10-02T16:45:22 Random-125-125-2-4_0 1.85.111 unsat 3.52e+09 nodes 2870 s; 921 queued
2026-10-02T16:45:24 Random-125-125-2-4_0 27.59.88 unsat 7.88e+07 nodes 50 s; 920 queued
2026-10-02T16:45:47 Random-125-125-2-4_0 27.59.91 unsat 2.13e+07 nodes 22 s; 919 queued
2026-10-02T16:45:57 Random-125-125-2-4_0 27.59.8 unsat 9.7e+06 nodes 10 s; 918 queued
2026-10-02T16:46:04 Random-125-125-2-4_0 27.59.82 unsat 1.04e+08 nodes 98 s; 917 queued
2026-10-02T16:46:08 Random-125-125-2-4_0 27.59.12 unsat 1.03e+07 nodes 11 s; 916 queued
2026-10-02T16:46:10 Random-125-125-2-4_0 27.59.22 unsat 6.1e+06 nodes 7 s; 915 queued
2026-10-02T16:46:12 Random-125-125-2-4_0 27.59.63 unsat 3.84e+06 nodes 4 s; 914 queued
2026-10-02T16:46:14 Random-125-125-2-4_0 27.59.86 unsat 1.75e+06 nodes 2 s; 913 queued
2026-10-02T16:46:14 Random-125-125-2-4_0 27.59.90 unsat 5.03e+07 nodes 53 s; 912 queued
2026-10-02T16:46:14 Random-125-125-2-4_0 27.59.84 unsat 3.83e+06 nodes 4 s; 911 queued
2026-10-02T16:46:16 Random-125-125-2-4_0 27.59.10 unsat 1.8e+06 nodes 2 s; 910 queued
2026-10-02T16:46:16 Random-125-125-2-4_0 27.59.50 unsat 1.87e+06 nodes 2 s; 909 queued
2026-10-02T16:46:16 Random-125-125-2-4_0 27.59.31 unsat 1.92e+06 nodes 2 s; 908 queued
2026-10-02T16:46:17 Random-125-125-2-4_0 27.59.69 unsat 7.45e+05 nodes 1 s; 907 queued
2026-10-02T16:46:18 Random-125-125-2-4_0 27.59.64 unsat 1.23e+06 nodes 1 s; 906 queued
2026-10-02T16:46:18 Random-125-125-2-4_0 27.59.72 unsat 1e+06 nodes 1 s; 905 queued
2026-10-02T16:46:18 Random-125-125-2-4_0 27.59.98 unsat 7.25e+05 nodes 1 s; 904 queued
2026-10-02T16:46:18 Random-125-125-2-4_0 27.59.17 unsat 4.74e+05 nodes 1 s; 903 queued
2026-10-02T16:46:18 Random-125-125-2-4_0 27.59.36 unsat 2.39e+05 nodes 0 s; 902 queued
2026-10-02T16:46:18 Random-125-125-2-4_0 27.59.9 unsat 8.02e+05 nodes 1 s; 901 queued
2026-10-02T16:46:19 Random-125-125-2-4_0 27.59.62 unsat 3.02e+05 nodes 0 s; 900 queued
2026-10-02T16:46:19 Random-125-125-2-4_0 27.59.81 unsat 1.76e+05 nodes 0 s; 899 queued
2026-10-02T16:46:19 Random-125-125-2-4_0 27.59.94 unsat 4.11e+05 nodes 0 s; 898 queued
2026-10-02T16:46:19 Random-125-125-2-4_0 27.59.112 unsat 3.3e+05 nodes 0 s; 897 queued
2026-10-02T16:46:19 Random-125-125-2-4_0 27.59.99 unsat 4.78e+05 nodes 1 s; 896 queued
2026-10-02T16:46:19 Random-125-125-2-4_0 27.59.18 unsat 2.56e+05 nodes 0 s; 895 queued
2026-10-02T16:46:19 Random-125-125-2-4_0 27.59.92 unsat 1.41e+05 nodes 0 s; 894 queued
2026-10-02T16:46:19 Random-125-125-2-4_0 27.59.40 unsat 9.55e+04 nodes 0 s; 893 queued
2026-10-02T16:46:19 Random-125-125-2-4_0 27.59.103 unsat 2.28e+05 nodes 0 s; 892 queued
2026-10-02T16:46:19 Random-125-125-2-4_0 27.59.6 unsat 6.15e+04 nodes 0 s; 891 queued
2026-10-02T16:46:20 Random-125-125-2-4_0 27.59.4 unsat 4.2e+04 nodes 0 s; 890 queued
2026-10-02T16:46:20 Random-125-125-2-4_0 27.59.109 unsat 2.89e+05 nodes 0 s; 889 queued
2026-10-02T16:46:20 Random-125-125-2-4_0 27.59.54 unsat 2.17e+04 nodes 0 s; 888 queued
2026-10-02T16:46:20 Random-125-125-2-4_0 27.59.11 unsat 2.98e+03 nodes 0 s; 887 queued
2026-10-02T16:46:20 Random-125-125-2-4_0 27.59.87 unsat 1.35e+05 nodes 0 s; 886 queued
2026-10-02T16:46:20 Random-125-125-2-4_0 27.59.24 unsat 5.01e+04 nodes 0 s; 885 queued
2026-10-02T16:46:41 Random-125-125-2-4_0 1.111.2 unsat 2.01e+09 nodes 1832 s; 884 queued
2026-10-02T16:47:04 Random-125-125-2-4_0 27.59.77 unsat 1.71e+08 nodes 166 s; 883 queued
2026-10-02T16:47:41 Random-125-125-2-4_0 27.59.37 unsat 2.8e+08 nodes 255 s; 882 queued
2026-10-02T16:50:15 Random-125-125-2-4_0 27.59.33 unsat 6.8e+08 nodes 525 s; 881 queued
2026-10-02T16:52:00 Random-125-125-2-4_0 1.59.97 unsat 5.47e+09 nodes 3982 s; 880 queued
2026-10-02T16:52:45 Random-125-125-2-4_0 1.111.77 unsat 2.89e+09 nodes 2196 s; 879 queued
2026-10-02T16:53:01 Random-125-125-2-4_0 1.97.116 unsat 3.27e+09 nodes 2783 s; 878 queued
2026-10-02T16:54:08 Random-125-125-2-4_0 27.85.32 unsat 4.5e+08 nodes 387 s; 877 queued
2026-10-02T16:54:41 Random-125-125-2-4_0 27.85.35 unsat 1.75e+08 nodes 161 s; 876 queued
2026-10-02T16:55:01 Random-125-125-2-4_0 27.85.77 unsat 1.98e+08 nodes 120 s; 875 queued
2026-10-02T16:55:37 Random-125-125-2-4_0 27.85.90 unsat 5.54e+07 nodes 36 s; 874 queued
2026-10-02T16:55:57 Random-125-125-2-4_0 27.85.91 unsat 3.16e+07 nodes 20 s; 873 queued
2026-10-02T16:55:58 Random-125-125-2-4_0 27.85.82 unsat 1.13e+08 nodes 109 s; 872 queued
2026-10-02T16:56:03 Random-125-125-2-4_0 27.85.37 unsat 2.6e+08 nodes 198 s; 871 queued
2026-10-02T16:56:07 Random-125-125-2-4_0 27.85.8 unsat 1.35e+07 nodes 9 s; 870 queued
2026-10-02T16:56:09 Random-125-125-2-4_0 27.85.63 unsat 3.54e+06 nodes 3 s; 869 queued
2026-10-02T16:56:10 Random-125-125-2-4_0 27.85.12 unsat 1.28e+07 nodes 12 s; 868 queued
2026-10-02T16:56:11 Random-125-125-2-4_0 27.85.22 unsat 8.04e+06 nodes 8 s; 867 queued
2026-10-02T16:56:12 Random-125-125-2-4_0 27.85.84 unsat 3.22e+06 nodes 2 s; 866 queued
2026-10-02T16:56:12 Random-125-125-2-4_0 27.85.86 unsat 2.06e+06 nodes 2 s; 865 queued
2026-10-02T16:56:12 Random-125-125-2-4_0 27.85.10 unsat 1.58e+06 nodes 2 s; 864 queued
2026-10-02T16:56:13 Random-125-125-2-4_0 27.85.36 unsat 8.53e+05 nodes 1 s; 863 queued
2026-10-02T16:56:14 Random-125-125-2-4_0 27.85.62 unsat 1.06e+06 nodes 1 s; 862 queued
2026-10-02T16:56:14 Random-125-125-2-4_0 27.85.31 unsat 2.1e+06 nodes 2 s; 861 queued
2026-10-02T16:56:14 Random-125-125-2-4_0 27.85.64 unsat 9.16e+05 nodes 1 s; 860 queued
2026-10-02T16:56:14 Random-125-125-2-4_0 27.85.69 unsat 5.63e+05 nodes 1 s; 859 queued
2026-10-02T16:56:15 Random-125-125-2-4_0 27.85.98 unsat 6.41e+05 nodes 1 s; 858 queued
2026-10-02T16:56:15 Random-125-125-2-4_0 27.85.72 unsat 9.18e+05 nodes 1 s; 857 queued
2026-10-02T16:56:15 Random-125-125-2-4_0 27.85.20 unsat 5.66e+08 nodes 551 s; 856 queued
2026-10-02T16:56:15 Random-125-125-2-4_0 27.85.83 unsat 1.19e+06 nodes 1 s; 855 queued
2026-10-02T16:56:15 Random-125-125-2-4_0 27.85.50 unsat 3.87e+05 nodes 0 s; 854 queued
2026-10-02T16:56:15 Random-125-125-2-4_0 27.85.17 unsat 4.48e+05 nodes 0 s; 853 queued
2026-10-02T16:56:16 Random-125-125-2-4_0 27.85.81 unsat 1.99e+05 nodes 0 s; 852 queued
2026-10-02T16:56:16 Random-125-125-2-4_0 27.85.9 unsat 7.08e+05 nodes 1 s; 851 queued
2026-10-02T16:56:16 Random-125-125-2-4_0 27.85.99 unsat 3.89e+05 nodes 0 s; 850 queued
2026-10-02T16:56:16 Random-125-125-2-4_0 27.85.92 unsat 1.84e+05 nodes 0 s; 849 queued
2026-10-02T16:56:16 Random-125-125-2-4_0 27.85.94 unsat 3.64e+05 nodes 0 s; 848 queued
2026-10-02T16:56:16 Random-125-125-2-4_0 27.85.103 unsat 1.91e+05 nodes 0 s; 847 queued
2026-10-02T16:56:16 Random-125-125-2-4_0 27.85.18 unsat 1.01e+05 nodes 0 s; 846 queued
2026-10-02T16:56:16 Random-125-125-2-4_0 27.85.112 unsat 3.6e+05 nodes 0 s; 845 queued
2026-10-02T16:56:16 Random-125-125-2-4_0 27.85.109 unsat 1.44e+05 nodes 0 s; 844 queued
2026-10-02T16:56:16 Random-125-125-2-4_0 27.85.6 unsat 6.91e+04 nodes 0 s; 843 queued
2026-10-02T16:56:16 Random-125-125-2-4_0 27.85.40 unsat 4.43e+04 nodes 0 s; 842 queued
2026-10-02T16:56:16 Random-125-125-2-4_0 27.85.11 unsat 961 nodes 0 s; 841 queued
2026-10-02T16:56:16 Random-125-125-2-4_0 27.85.4 unsat 5.11e+04 nodes 0 s; 840 queued
2026-10-02T16:56:16 Random-125-125-2-4_0 27.85.24 unsat 1.91e+04 nodes 0 s; 839 queued
2026-10-02T16:56:16 Random-125-125-2-4_0 27.85.87 unsat 5.5e+04 nodes 0 s; 838 queued
2026-10-02T16:56:25 Random-125-125-2-4_0 27.85.88 unsat 1.26e+08 nodes 104 s; 837 queued
2026-10-02T16:57:38 Random-125-125-2-4_0 1.27.85 unsat 6.81e+09 nodes 5473 s; 836 queued
2026-10-02T16:57:43 Random-125-125-2-4_0 27.59.2 unsat 1.92e+09 nodes 1417 s; 835 queued
2026-10-02T16:58:50 Random-125-125-2-4_0 27.85.33 unsat 5.7e+08 nodes 516 s; 834 queued
2026-10-02T17:00:31 Random-125-125-2-4_0 27.97.20 unsat 3.82e+08 nodes 246 s; 833 queued
2026-10-02T17:00:31 Random-125-125-2-4_0 27.97.35 unsat 1.11e+08 nodes 101 s; 832 queued
2026-10-02T17:01:38 Random-125-125-2-4_0 27.97.77 unsat 1.06e+08 nodes 67 s; 831 queued
2026-10-02T17:02:13 Random-125-125-2-4_0 27.97.82 unsat 5.63e+07 nodes 35 s; 830 queued
2026-10-02T17:02:26 Random-125-125-2-4_0 27.97.32 unsat 2.89e+08 nodes 288 s; 829 queued
2026-10-02T17:02:45 Random-125-125-2-4_0 27.97.88 unsat 5.19e+07 nodes 32 s; 828 queued
2026-10-02T17:02:47 Random-125-125-2-4_0 27.97.90 unsat 2.95e+07 nodes 21 s; 827 queued
2026-10-02T17:02:53 Random-125-125-2-4_0 27.97.8 unsat 6.17e+06 nodes 6 s; 826 queued
2026-10-02T17:02:57 Random-125-125-2-4_0 27.97.91 unsat 1.29e+07 nodes 12 s; 825 queued
2026-10-02T17:02:58 Random-125-125-2-4_0 27.97.12 unsat 4.72e+06 nodes 5 s; 824 queued
2026-10-02T17:03:01 Random-125-125-2-4_0 27.97.22 unsat 3.94e+06 nodes 4 s; 823 queued
2026-10-02T17:03:01 Random-125-125-2-4_0 27.97.63 unsat 2.54e+06 nodes 3 s; 822 queued
2026-10-02T17:03:03 Random-125-125-2-4_0 27.97.86 unsat 1.34e+06 nodes 1 s; 821 queued
2026-10-02T17:03:03 Random-125-125-2-4_0 27.97.84 unsat 2.33e+06 nodes 2 s; 820 queued
2026-10-02T17:03:04 Random-125-125-2-4_0 27.97.10 unsat 1.18e+06 nodes 1 s; 819 queued
2026-10-02T17:03:05 Random-125-125-2-4_0 27.97.64 unsat 7.25e+05 nodes 1 s; 818 queued
2026-10-02T17:03:05 Random-125-125-2-4_0 27.97.31 unsat 1.64e+06 nodes 2 s; 817 queued
2026-10-02T17:03:05 Random-125-125-2-4_0 27.97.69 unsat 4.5e+05 nodes 0 s; 816 queued
2026-10-02T17:03:06 Random-125-125-2-4_0 27.97.72 unsat 6.9e+05 nodes 1 s; 815 queued
2026-10-02T17:03:06 Random-125-125-2-4_0 27.97.83 unsat 8.94e+05 nodes 1 s; 814 queued
2026-10-02T17:03:06 Random-125-125-2-4_0 27.97.98 unsat 4.71e+05 nodes 1 s; 813 queued
2026-10-02T17:03:07 Random-125-125-2-4_0 27.97.9 unsat 5.52e+05 nodes 1 s; 812 queued
2026-10-02T17:03:07 Random-125-125-2-4_0 27.97.17 unsat 3.6e+05 nodes 0 s; 811 queued
2026-10-02T17:03:07 Random-125-125-2-4_0 27.97.36 unsat 1.72e+05 nodes 0 s; 810 queued
2026-10-02T17:03:07 Random-125-125-2-4_0 27.97.62 unsat 1.84e+05 nodes 0 s; 809 queued
2026-10-02T17:03:07 Random-125-125-2-4_0 27.97.50 unsat 3.05e+05 nodes 0 s; 808 queued
2026-10-02T17:03:07 Random-125-125-2-4_0 27.97.81 unsat 1.39e+05 nodes 0 s; 807 queued
2026-10-02T17:03:07 Random-125-125-2-4_0 27.97.94 unsat 2.28e+05 nodes 0 s; 806 queued
2026-10-02T17:03:08 Random-125-125-2-4_0 27.97.99 unsat 2.26e+05 nodes 0 s; 805 queued
2026-10-02T17:03:08 Random-125-125-2-4_0 27.97.112 unsat 2.13e+05 nodes 0 s; 804 queued
2026-10-02T17:03:08 Random-125-125-2-4_0 27.97.92 unsat 1.29e+05 nodes 0 s; 803 queued
2026-10-02T17:03:08 Random-125-125-2-4_0 27.97.103 unsat 9.26e+04 nodes 0 s; 802 queued
2026-10-02T17:03:08 Random-125-125-2-4_0 27.97.18 unsat 8.16e+04 nodes 0 s; 801 queued
2026-10-02T17:03:08 Random-125-125-2-4_0 27.97.6 unsat 5.62e+04 nodes 0 s; 800 queued
2026-10-02T17:03:08 Random-125-125-2-4_0 27.97.109 unsat 1.02e+05 nodes 0 s; 799 queued
2026-10-02T17:03:08 Random-125-125-2-4_0 27.97.40 unsat 3.1e+04 nodes 0 s; 798 queued
2026-10-02T17:03:08 Random-125-125-2-4_0 27.97.4 unsat 3.32e+04 nodes 0 s; 797 queued
2026-10-02T17:03:08 Random-125-125-2-4_0 27.97.24 unsat 1.09e+04 nodes 0 s; 796 queued
2026-10-02T17:03:08 Random-125-125-2-4_0 27.97.11 unsat 712 nodes 0 s; 795 queued
2026-10-02T17:03:08 Random-125-125-2-4_0 27.97.87 unsat 4.09e+04 nodes 0 s; 794 queued
2026-10-02T17:03:20 Random-125-125-2-4_0 27.97.37 unsat 1.8e+08 nodes 169 s; 793 queued
2026-10-02T17:03:44 Random-125-125-2-4_0 27.97.33 unsat 3.89e+08 nodes 361 s; 792 queued
2026-10-02T17:04:16 Random-125-125-2-4_0 1.97.111 unsat 4.36e+09 nodes 3458 s; 791 queued
2026-10-02T17:08:54 Random-125-125-2-4_0 1.85.97 unsat 5.21e+09 nodes 4283 s; 790 queued
2026-10-02T17:09:54 Random-125-125-2-4_0 27.111.32 unsat 3.76e+08 nodes 337 s; 789 queued
2026-10-02T17:11:31 Random-125-125-2-4_0 27.111.20 unsat 5.23e+08 nodes 467 s; 788 queued
2026-10-02T17:12:22 Random-125-125-2-4_0 27.111.35 unsat 1.52e+08 nodes 148 s; 787 queued
2026-10-02T17:13:07 Random-125-125-2-4_0 1.59.85 unsat 6.18e+09 nodes 5249 s; 786 queued
2026-10-02T17:14:08 Random-125-125-2-4_0 27.111.63 unsat 1.04e+08 nodes 106 s; 785 queued
2026-10-02T17:14:33 Random-125-125-2-4_0 27.111.82 unsat 8.89e+07 nodes 86 s; 784 queued
2026-10-02T17:14:36 Random-125-125-2-4_0 27.85.2 unsat 1.92e+09 nodes 1675 s; 783 queued
2026-10-02T17:14:58 Random-125-125-2-4_0 27.111.91 unsat 2.12e+07 nodes 22 s; 782 queued
2026-10-02T17:15:01 Random-125-125-2-4_0 27.111.37 unsat 2.3e+08 nodes 210 s; 781 queued
2026-10-02T17:15:02 Random-125-125-2-4_0 27.111.88 unsat 7.16e+07 nodes 55 s; 780 queued
2026-10-02T17:15:06 Random-125-125-2-4_0 27.111.8 unsat 1.01e+07 nodes 9 s; 779 queued
2026-10-02T17:15:08 Random-125-125-2-4_0 27.111.22 unsat 5.26e+06 nodes 6 s; 778 queued
2026-10-02T17:15:09 Random-125-125-2-4_0 27.111.84 unsat 3.34e+06 nodes 3 s; 777 queued
2026-10-02T17:15:09 Random-125-125-2-4_0 27.111.12 unsat 8.68e+06 nodes 8 s; 776 queued
2026-10-02T17:15:10 Random-125-125-2-4_0 27.111.86 unsat 1.88e+06 nodes 2 s; 775 queued
2026-10-02T17:15:11 Random-125-125-2-4_0 27.111.10 unsat 1.59e+06 nodes 2 s; 774 queued
2026-10-02T17:15:11 Random-125-125-2-4_0 27.111.69 unsat 7.7e+05 nodes 1 s; 773 queued
2026-10-02T17:15:11 Random-125-125-2-4_0 27.111.64 unsat 1.04e+06 nodes 1 s; 772 queued
2026-10-02T17:15:11 Random-125-125-2-4_0 27.111.31 unsat 1.92e+06 nodes 2 s; 771 queued
2026-10-02T17:15:12 Random-125-125-2-4_0 27.111.72 unsat 1.03e+06 nodes 1 s; 770 queued
2026-10-02T17:15:12 Random-125-125-2-4_0 27.111.81 unsat 6.35e+05 nodes 1 s; 769 queued
2026-10-02T17:15:12 Random-125-125-2-4_0 27.111.90 unsat 3.79e+07 nodes 39 s; 768 queued
2026-10-02T17:15:13 Random-125-125-2-4_0 27.111.9 unsat 7.03e+05 nodes 1 s; 767 queued
2026-10-02T17:15:13 Random-125-125-2-4_0 27.111.98 unsat 6.34e+05 nodes 1 s; 766 queued
2026-10-02T17:15:13 Random-125-125-2-4_0 27.111.83 unsat 1.38e+06 nodes 1 s; 765 queued
2026-10-02T17:15:13 Random-125-125-2-4_0 27.111.36 unsat 2.57e+05 nodes 0 s; 764 queued
2026-10-02T17:15:13 Random-125-125-2-4_0 27.111.17 unsat 4.58e+05 nodes 1 s; 763 queued
2026-10-02T17:15:13 Random-125-125-2-4_0 27.111.62 unsat 2.87e+05 nodes 0 s; 762 queued
2026-10-02T17:15:13 Random-125-125-2-4_0 27.111.92 unsat 1.99e+05 nodes 0 s; 761 queued
2026-10-02T17:15:13 Random-125-125-2-4_0 27.111.94 unsat 3.62e+05 nodes 0 s; 760 queued
2026-10-02T17:15:13 Random-125-125-2-4_0 27.111.50 unsat 4.41e+05 nodes 0 s; 759 queued
2026-10-02T17:15:13 Random-125-125-2-4_0 27.111.112 unsat 3.92e+05 nodes 0 s; 758 queued
2026-10-02T17:15:13 Random-125-125-2-4_0 27.111.18 unsat 1.18e+05 nodes 0 s; 757 queued
2026-10-02T17:15:13 Random-125-125-2-4_0 27.111.6 unsat 6.96e+04 nodes 0 s; 756 queued
2026-10-02T17:15:13 Random-125-125-2-4_0 27.111.109 unsat 1.38e+05 nodes 0 s; 755 queued
2026-10-02T17:15:13 Random-125-125-2-4_0 27.111.103 unsat 2.26e+05 nodes 0 s; 754 queued
2026-10-02T17:15:13 Random-125-125-2-4_0 27.111.11 unsat 1.02e+03 nodes 0 s; 753 queued
2026-10-02T17:15:13 Random-125-125-2-4_0 27.111.24 unsat 2.54e+04 nodes 0 s; 752 queued
2026-10-02T17:15:13 Random-125-125-2-4_0 27.111.40 unsat 5.6e+04 nodes 0 s; 751 queued
2026-10-02T17:15:13 Random-125-125-2-4_0 27.111.4 unsat 5.52e+04 nodes 0 s; 750 queued
2026-10-02T17:15:22 Random-125-125-2-4_0 27.97.2 unsat 1.3e+09 nodes 1146 s; 749 queued
2026-10-02T17:16:47 Random-125-125-2-4_0 27.111.33 unsat 5.02e+08 nodes 473 s; 748 queued
2026-10-02T17:18:24 Random-125-125-2-4_0 27.59.111 unsat 3.31e+09 nodes 2729 s; 747 queued
2026-10-02T17:19:25 Random-125-125-2-4_0 27.2.35 unsat 1.57e+08 nodes 157 s; 746 queued
2026-10-02T17:20:39 Random-125-125-2-4_0 27.2.32 unsat 3.44e+08 nodes 325 s; 745 queued
2026-10-02T17:21:40 Random-125-125-2-4_0 27.2.78 unsat 5.95e+07 nodes 61 s; 744 queued
2026-10-02T17:21:47 Random-125-125-2-4_0 1.46.59 unsat 7.67e+09 nodes 6745 s; 743 queued
2026-10-02T17:22:02 Random-125-125-2-4_0 27.2.77 unsat 1.66e+08 nodes 158 s; 742 queued
2026-10-02T17:22:06 Random-125-125-2-4_0 27.2.33 unsat 5.43e+08 nodes 404 s; 741 queued
2026-10-02T17:22:16 Random-125-125-2-4_0 27.2.37 unsat 2.49e+08 nodes 231 s; 740 queued
2026-10-02T17:22:23 Random-125-125-2-4_0 27.2.91 unsat 1.56e+07 nodes 17 s; 739 queued
2026-10-02T17:22:23 Random-125-125-2-4_0 27.2.8 unsat 7.54e+06 nodes 8 s; 738 queued
2026-10-02T17:22:28 Random-125-125-2-4_0 27.2.22 unsat 4.56e+06 nodes 5 s; 737 queued
2026-10-02T17:22:29 Random-125-125-2-4_0 27.2.12 unsat 5.93e+06 nodes 6 s; 736 queued
2026-10-02T17:22:30 Random-125-125-2-4_0 27.2.82 unsat 4.78e+07 nodes 50 s; 735 queued
2026-10-02T17:22:31 Random-125-125-2-4_0 27.2.53 unsat 2.88e+06 nodes 3 s; 734 queued
2026-10-02T17:22:32 Random-125-125-2-4_0 27.2.63 unsat 2.22e+06 nodes 2 s; 733 queued
2026-10-02T17:22:32 Random-125-125-2-4_0 27.2.86 unsat 1.11e+06 nodes 1 s; 732 queued
2026-10-02T17:22:32 Random-125-125-2-4_0 27.2.84 unsat 2.02e+06 nodes 2 s; 731 queued
2026-10-02T17:22:33 Random-125-125-2-4_0 27.2.15 unsat 6.78e+05 nodes 1 s; 730 queued
2026-10-02T17:22:33 Random-125-125-2-4_0 27.2.10 unsat 1.03e+06 nodes 1 s; 729 queued
2026-10-02T17:22:33 Random-125-125-2-4_0 27.2.57 unsat 5.44e+05 nodes 0 s; 728 queued
2026-10-02T17:22:33 Random-125-125-2-4_0 27.2.69 unsat 2.93e+05 nodes 0 s; 727 queued
2026-10-02T17:22:33 Random-125-125-2-4_0 27.2.88 unsat 4.95e+07 nodes 47 s; 726 queued
2026-10-02T17:22:33 Random-125-125-2-4_0 27.2.64 unsat 5.14e+05 nodes 1 s; 725 queued
2026-10-02T17:22:34 Random-125-125-2-4_0 27.2.31 unsat 1.02e+06 nodes 1 s; 724 queued
2026-10-02T17:22:34 Random-125-125-2-4_0 27.2.72 unsat 5.29e+05 nodes 0 s; 723 queued
2026-10-02T17:22:34 Random-125-125-2-4_0 27.2.98 unsat 3.33e+05 nodes 0 s; 722 queued
2026-10-02T17:22:34 Random-125-125-2-4_0 27.2.119 unsat 3.52e+05 nodes 0 s; 721 queued
2026-10-02T17:22:34 Random-125-125-2-4_0 27.2.9 unsat 4.15e+05 nodes 0 s; 720 queued
2026-10-02T17:22:34 Random-125-125-2-4_0 27.2.36 unsat 8.51e+04 nodes 0 s; 719 queued
2026-10-02T17:22:34 Random-125-125-2-4_0 27.2.17 unsat 2.5e+05 nodes 0 s; 718 queued
2026-10-02T17:22:34 Random-125-125-2-4_0 27.2.50 unsat 2e+05 nodes 0 s; 717 queued
2026-10-02T17:22:34 Random-125-125-2-4_0 27.2.83 unsat 6.53e+05 nodes 1 s; 716 queued
2026-10-02T17:22:34 Random-125-125-2-4_0 27.2.81 unsat 6.18e+04 nodes 0 s; 715 queued
2026-10-02T17:22:34 Random-125-125-2-4_0 27.2.62 unsat 1.2e+05 nodes 0 s; 714 queued
2026-10-02T17:22:34 Random-125-125-2-4_0 27.2.94 unsat 1.35e+05 nodes 0 s; 713 queued
2026-10-02T17:22:34 Random-125-125-2-4_0 27.2.99 unsat 9.26e+04 nodes 0 s; 712 queued
2026-10-02T17:22:34 Random-125-125-2-4_0 27.2.103 unsat 2.23e+04 nodes 0 s; 711 queued
2026-10-02T17:22:34 Random-125-125-2-4_0 27.2.92 unsat 8.36e+04 nodes 0 s; 710 queued
2026-10-02T17:22:34 Random-125-125-2-4_0 27.2.18 unsat 4.21e+04 nodes 0 s; 709 queued
2026-10-02T17:22:34 Random-125-125-2-4_0 27.2.40 unsat 2.68e+04 nodes 0 s; 708 queued
2026-10-02T17:22:34 Random-125-125-2-4_0 27.2.112 unsat 1.1e+05 nodes 0 s; 707 queued
2026-10-02T17:22:34 Random-125-125-2-4_0 27.2.24 unsat 4.04e+03 nodes 0 s; 706 queued
2026-10-02T17:22:34 Random-125-125-2-4_0 27.2.11 unsat 488 nodes 0 s; 705 queued
2026-10-02T17:22:34 Random-125-125-2-4_0 27.2.4 unsat 3.19e+04 nodes 0 s; 704 queued
2026-10-02T17:22:34 Random-125-125-2-4_0 27.2.109 unsat 6.31e+04 nodes 0 s; 703 queued
2026-10-02T17:22:34 Random-125-125-2-4_0 27.2.87 unsat 3.24e+04 nodes 0 s; 702 queued
2026-10-02T17:22:35 Random-125-125-2-4_0 27.2.90 unsat 3.41e+07 nodes 33 s; 701 queued
2026-10-02T17:24:40 Random-125-125-2-4_0 27.2.20 unsat 5.84e+08 nodes 566 s; 700 queued
2026-10-02T17:25:57 Random-125-125-2-4_0 27.111.2 unsat 1.64e+09 nodes 1357 s; 699 queued
2026-10-02T17:26:16 Random-125-125-2-4_0 27.59.97 unsat 4.23e+09 nodes 3267 s; 698 queued
2026-10-02T17:26:40 Random-125-125-2-4_0 27.97.116 unsat 2.58e+09 nodes 1824 s; 697 queued
2026-10-02T17:29:03 Random-125-125-2-4_0 27.2.46 unsat 1.05e+09 nodes 830 s; 696 queued
2026-10-02T17:29:33 Random-125-125-2-4_0 27.111.46 unsat 2.36e+09 nodes 1585 s; 695 queued
2026-10-02T17:31:03 Random-125-125-2-4_0 27.85.111 unsat 3.09e+09 nodes 2684 s; 694 queued
2026-10-02T17:32:56 Random-125-125-2-4_0 27.111.77 unsat 2.28e+09 nodes 1788 s; 693 queued
2026-10-02T17:39:35 Random-125-125-2-4_0 27.97.111 unsat 3.54e+09 nodes 2599 s; 692 queued
2026-10-02T17:40:38 Random-125-125-2-4_0 1.27.59 unsat 9.54e+09 nodes 8052 s; 691 queued
2026-10-02T17:40:52 Random-125-125-2-4_0 27.59.46 unsat 5.83e+09 nodes 4168 s; 690 queued
2026-10-02T17:41:01 Random-125-125-2-4_0 27.2.5 unsat 1.72e+09 nodes 1547 s; 689 queued
2026-10-02T17:41:01 Random-125-125-2-4_0 27.59.85 unsat 5.07e+09 nodes 4177 s; 688 queued
2026-10-02T17:42:18 Random-125-125-2-4_0 82 unsat 6.6e+08 nodes 562 s; 687 queued
2026-10-02T17:42:58 Random-125-125-2-4_0 8 unsat 1.96e+08 nodes 117 s; 686 queued
2026-10-02T17:43:19 Random-125-125-2-4_0 63 unsat 6.49e+07 nodes 61 s; 685 queued
2026-10-02T17:43:28 Random-125-125-2-4_0 27.85.97 unsat 4.61e+09 nodes 3429 s; 684 queued
2026-10-02T17:43:34 Random-125-125-2-4_0 12 unsat 1.57e+08 nodes 153 s; 683 queued
2026-10-02T17:43:36 Random-125-125-2-4_0 84 unsat 6.22e+07 nodes 37 s; 682 queued
2026-10-02T17:43:43 Random-125-125-2-4_0 22 unsat 8.75e+06 nodes 9 s; 681 queued
2026-10-02T17:43:44 Random-125-125-2-4_0 86 unsat 3.2e+07 nodes 25 s; 680 queued
2026-10-02T17:43:44 Random-125-125-2-4_0 10 unsat 1.57e+07 nodes 15 s; 679 queued
2026-10-02T17:43:46 Random-125-125-2-4_0 69 unsat 2.97e+06 nodes 2 s; 678 queued
2026-10-02T17:43:48 Random-125-125-2-4_0 64 unsat 4.92e+06 nodes 5 s; 677 queued
2026-10-02T17:43:50 Random-125-125-2-4_0 72 unsat 6.09e+06 nodes 6 s; 676 queued
2026-10-02T17:43:52 Random-125-125-2-4_0 36 unsat 1.38e+06 nodes 1 s; 675 queued
2026-10-02T17:43:52 Random-125-125-2-4_0 83 unsat 8.87e+06 nodes 6 s; 674 queued
2026-10-02T17:43:52 Random-125-125-2-4_0 9 unsat 4.15e+06 nodes 4 s; 673 queued
2026-10-02T17:43:52 Random-125-125-2-4_0 31 unsat 2.07e+07 nodes 17 s; 672 queued
2026-10-02T17:43:53 Random-125-125-2-4_0 62 unsat 1.65e+06 nodes 1 s; 671 queued
2026-10-02T17:43:53 Random-125-125-2-4_0 81 unsat 1.1e+06 nodes 1 s; 670 queued
2026-10-02T17:43:54 Random-125-125-2-4_0 50 unsat 2.5e+06 nodes 3 s; 669 queued
2026-10-02T17:43:54 Random-125-125-2-4_0 99 unsat 2.02e+06 nodes 2 s; 668 queued
2026-10-02T17:43:54 Random-125-125-2-4_0 17 unsat 1.08e+06 nodes 1 s; 667 queued
2026-10-02T17:43:55 Random-125-125-2-4_0 6 unsat 3.11e+05 nodes 0 s; 666 queued
2026-10-02T17:43:55 Random-125-125-2-4_0 40 unsat 3.77e+05 nodes 0 s; 665 queued
2026-10-02T17:43:55 Random-125-125-2-4_0 112 unsat 1.86e+06 nodes 2 s; 664 queued
2026-10-02T17:43:55 Random-125-125-2-4_0 92 unsat 1.08e+06 nodes 1 s; 663 queued
2026-10-02T17:43:55 Random-125-125-2-4_0 4 unsat 2.09e+05 nodes 0 s; 662 queued
2026-10-02T17:43:55 Random-125-125-2-4_0 24 unsat 2.9e+05 nodes 0 s; 661 queued
2026-10-02T17:43:56 Random-125-125-2-4_0 103 unsat 1.08e+06 nodes 1 s; 660 queued
2026-10-02T17:44:37 Random-125-125-2-4_0 35 unsat 1.18e+09 nodes 933 s; 659 queued
2026-10-02T17:45:06 Random-125-125-2-4_0 77 unsat 1.16e+09 nodes 843 s; 658 queued
2026-10-02T17:45:35 Random-125-125-2-4_0 91 unsat 3.59e+08 nodes 283 s; 657 queued
2026-10-02T17:46:42 Random-125-125-2-4_0 88 unsat 5.02e+08 nodes 428 s; 656 queued
2026-10-02T17:49:46 Random-125-125-2-4_0 27.97.46 unsat 3.57e+09 nodes 3210 s; 655 queued
2026-10-02T17:50:32 Random-125-125-2-4_0 90 unsat 7.55e+08 nodes 594 s; 654 queued
2026-10-02T17:51:40 Random-125-125-2-4_0 1.46.41 unsat 1.15e+10 nodes 8538 s; 653 queued
2026-10-02T17:52:33 Random-125-125-2-4_0 27.85.46 unsat 4.77e+09 nodes 3973 s; 652 queued
2026-10-02T17:53:28 Random-125-125-2-4_0 37 unsat 1.82e+09 nodes 1434 s; 651 queued
2026-10-02T17:54:25 Random-125-125-4-5_0 6.87 unsat 7.1e+08 nodes 530 s; 650 queued
2026-10-02T17:55:11 Random-125-125-4-5_0 6.89 unsat 1.01e+08 nodes 103 s; 649 queued
2026-10-02T17:55:16 Random-125-125-4-5_0 6.18 unsat 3.94e+08 nodes 330 s; 648 queued
2026-10-02T17:55:21 Random-125-125-2-4_0 1.27.41 unsat 1.19e+10 nodes 8936 s; 647 queued
2026-10-02T17:55:27 Random-125-125-4-5_0 6.32 unsat 2.29e+08 nodes 227 s; 646 queued
2026-10-02T17:55:37 Random-125-125-4-5_0 6.21 unsat 3.84e+08 nodes 305 s; 645 queued
2026-10-02T17:55:49 Random-125-125-4-5_0 6.14 unsat 3.07e+07 nodes 32 s; 644 queued
2026-10-02T17:55:51 Random-125-125-4-5_0 6.44 unsat 1.94e+08 nodes 199 s; 643 queued
2026-10-02T17:55:52 Random-125-125-4-5_0 6.69 unsat 1.48e+07 nodes 15 s; 642 queued
2026-10-02T17:55:53 Random-125-125-4-5_0 6.19 unsat 2.44e+07 nodes 25 s; 641 queued
2026-10-02T17:55:53 Random-125-125-4-5_0 6.91 unsat 1.3e+08 nodes 87 s; 640 queued
2026-10-02T17:55:55 Random-125-125-4-5_0 6.90 unsat 5.6e+06 nodes 4 s; 639 queued
2026-10-02T17:55:57 Random-125-125-4-5_0 6.62 unsat 3.69e+06 nodes 4 s; 638 queued
2026-10-02T17:55:58 Random-125-125-4-5_0 6.76 unsat 3.6e+06 nodes 3 s; 637 queued
2026-10-02T17:55:58 Random-125-125-4-5_0 6.3 unsat 5.51e+06 nodes 6 s; 636 queued
2026-10-02T17:55:58 Random-125-125-4-5_0 6.48 unsat 5.28e+06 nodes 6 s; 635 queued
2026-10-02T17:55:59 Random-125-125-4-5_0 6.101 unsat 1.59e+06 nodes 1 s; 634 queued
2026-10-02T17:55:59 Random-125-125-4-5_0 6.104 unsat 1.08e+06 nodes 1 s; 633 queued
2026-10-02T17:56:00 Random-125-125-4-5_0 6.31 unsat 5.25e+05 nodes 0 s; 632 queued
2026-10-02T17:56:00 Random-125-125-4-5_0 6.16 unsat 3.54e+07 nodes 39 s; 631 queued
2026-10-02T17:56:00 Random-125-125-4-5_0 6.49 unsat 2.65e+06 nodes 3 s; 630 queued
2026-10-02T17:56:00 Random-125-125-4-5_0 6.124 unsat 2.82e+05 nodes 0 s; 629 queued
2026-10-02T17:56:00 Random-125-125-4-5_0 6.82 unsat 4.79e+05 nodes 0 s; 628 queued
2026-10-02T17:56:00 Random-125-125-4-5_0 6.12 unsat 1.3e+05 nodes 0 s; 627 queued
2026-10-02T17:56:00 Random-125-125-4-5_0 6.107 unsat 4.74e+05 nodes 1 s; 626 queued
2026-10-02T17:56:00 Random-125-125-4-5_0 6.66 unsat 2.66e+05 nodes 0 s; 625 queued
2026-10-02T17:56:00 Random-125-125-4-5_0 6.2 unsat 3.43e+04 nodes 0 s; 624 queued
2026-10-02T17:56:00 Random-125-125-4-5_0 6.4 unsat 1.86e+06 nodes 2 s; 623 queued
2026-10-02T17:56:00 Random-125-125-4-5_0 6.84 unsat 2.03e+05 nodes 0 s; 622 queued
2026-10-02T17:56:00 Random-125-125-4-5_0 6.28 unsat 9.83e+04 nodes 0 s; 621 queued
2026-10-02T17:56:00 Random-125-125-4-5_0 6.26 unsat 4.96e+04 nodes 0 s; 620 queued
2026-10-02T17:56:00 Random-125-125-4-5_0 6.5 unsat 9.7e+04 nodes 0 s; 619 queued
2026-10-02T17:56:00 Random-125-125-4-5_0 6.39 unsat 1.46e+05 nodes 0 s; 618 queued
2026-10-02T17:56:00 Random-125-125-4-5_0 6.45 unsat 8.38e+04 nodes 0 s; 617 queued
2026-10-02T17:56:00 Random-125-125-4-5_0 6.78 unsat 1.03e+06 nodes 1 s; 616 queued
2026-10-02T17:56:01 Random-125-125-4-5_0 6.54 unsat 1.69e+05 nodes 0 s; 615 queued
2026-10-02T17:56:01 Random-125-125-4-5_0 6.11 unsat 5.79e+04 nodes 0 s; 614 queued
2026-10-02T17:56:01 Random-125-125-4-5_0 6.72 unsat 7.03e+04 nodes 0 s; 613 queued
2026-10-02T17:56:01 Random-125-125-4-5_0 6.83 unsat 6.22e+04 nodes 0 s; 612 queued
2026-10-02T17:56:01 Random-125-125-4-5_0 6.37 unsat 4.51e+04 nodes 0 s; 611 queued
2026-10-02T17:56:01 Random-125-125-4-5_0 6.81 unsat 3.87e+04 nodes 0 s; 610 queued
2026-10-02T17:56:01 Random-125-125-4-5_0 6.7 unsat 1.07e+04 nodes 0 s; 609 queued
2026-10-02T17:56:01 Random-125-125-4-5_0 6.1 unsat 2.29e+04 nodes 0 s; 608 queued
2026-10-02T17:56:01 Random-125-125-4-5_0 6.120 unsat 1.49e+04 nodes 0 s; 607 queued
2026-10-02T17:56:01 Random-125-125-4-5_0 6.36 unsat 1.6e+04 nodes 0 s; 606 queued
2026-10-02T17:56:01 Random-125-125-4-5_0 6.100 unsat 1.54e+04 nodes 0 s; 605 queued
2026-10-02T17:56:01 Random-125-125-4-5_0 6.113 unsat 1.53e+04 nodes 0 s; 604 queued
2026-10-02T17:56:01 Random-125-125-4-5_0 6.8 unsat 1.05e+04 nodes 0 s; 603 queued
2026-10-02T17:56:01 Random-125-125-4-5_0 6.71 unsat 8.56e+03 nodes 0 s; 602 queued
2026-10-02T17:56:01 Random-125-125-4-5_0 6.67 unsat 1.13e+04 nodes 0 s; 601 queued
2026-10-02T17:56:01 Random-125-125-4-5_0 6.56 unsat 1.56e+04 nodes 0 s; 600 queued
2026-10-02T17:56:01 Random-125-125-4-5_0 6.80 unsat 1.04e+04 nodes 0 s; 599 queued
2026-10-02T17:56:01 Random-125-125-4-5_0 6.73 unsat 2.14e+03 nodes 0 s; 598 queued
2026-10-02T17:56:01 Random-125-125-4-5_0 6.86 unsat 3.83e+03 nodes 0 s; 597 queued
2026-10-02T17:56:01 Random-125-125-4-5_0 6.65 unsat 6.59e+03 nodes 0 s; 596 queued
2026-10-02T17:56:01 Random-125-125-4-5_0 6.99 unsat 3.45e+03 nodes 0 s; 595 queued
2026-10-02T17:56:01 Random-125-125-4-5_0 6.117 unsat 1.78e+03 nodes 0 s; 594 queued
2026-10-02T17:56:01 Random-125-125-4-5_0 6.109 unsat 1.15e+04 nodes 0 s; 593 queued
2026-10-02T17:56:01 Random-125-125-4-5_0 6.119 unsat 4.3e+03 nodes 0 s; 592 queued
2026-10-02T17:56:01 Random-125-125-4-5_0 6.38 unsat 2.92e+03 nodes 0 s; 591 queued
2026-10-02T17:56:01 Random-125-125-4-5_0 6.75 unsat 1.49e+03 nodes 0 s; 590 queued
2026-10-02T17:56:01 Random-125-125-4-5_0 6.29 unsat 1.48e+03 nodes 0 s; 589 queued
2026-10-02T17:56:01 Random-125-125-4-5_0 6.47 unsat 3.55e+03 nodes 0 s; 588 queued
2026-10-02T17:56:01 Random-125-125-4-5_0 6.96 unsat 1.19e+03 nodes 0 s; 587 queued
2026-10-02T17:56:01 Random-125-125-4-5_0 6.27 unsat 1.92e+03 nodes 0 s; 586 queued
2026-10-02T17:56:01 Random-125-125-4-5_0 6.97 unsat 5.38e+04 nodes 0 s; 585 queued
2026-10-02T17:56:05 Random-125-125-4-5_0 6.77 unsat 1.6e+07 nodes 17 s; 584 queued
2026-10-02T17:56:20 Random-125-125-4-5_0 6.95 unsat 6.65e+07 nodes 69 s; 583 queued
2026-10-02T17:57:59 Random-125-125-4-5_0 6.98 unsat 6.66e+08 nodes 676 s; 582 queued
2026-10-02T18:00:05 Random-125-125-2-4_0 46 unknown 3e+09 nodes 2251 s; 628 queued
2026-10-02T18:00:42 Random-125-125-4-5_0 6.41 unsat 1.08e+09 nodes 936 s; 627 queued
2026-10-02T18:02:07 Random-125-125-2-4_0 32 unsat 2.83e+09 nodes 2151 s; 626 queued
2026-10-02T18:03:05 Random-125-125-2-4_0 2 unknown 3e+09 nodes 2306 s; 673 queued
2026-10-02T18:03:21 Random-125-125-2-4_0 85 unknown 3e+09 nodes 2446 s; 718 queued
2026-10-02T18:05:02 Random-125-125-2-4_0 111 unknown 3e+09 nodes 2547 s; 759 queued
2026-10-02T18:05:24 Random-125-125-2-4_0 97 unknown 3e+09 nodes 2570 s; 804 queued
2026-10-02T18:05:28 Random-125-125-2-4_0 33 unknown 3e+09 nodes 2328 s; 848 queued
2026-10-02T18:06:52 Random-125-125-4-5_0 6.30 unsat 1.55e+09 nodes 1335 s; 847 queued
2026-10-02T18:07:18 Random-125-125-2-4_0 20 unknown 3e+09 nodes 2481 s; 893 queued
2026-10-02T18:07:52 Random-125-125-2-4_0 59 unknown 3e+09 nodes 2717 s; 939 queued
2026-10-02T18:13:43 Random-125-125-2-4_0 46.35 unsat 3.61e+08 nodes 351 s; 938 queued
--- restart 2026-10-02T18:15:58+01:00: priority 4-5, 4-2, 2-4, 4-4, 2-1, 2-5
6 instances, 961 tasks pending
2026-10-02T18:16:21 Random-125-125-4-5_0 69 unsat 3.05e+07 nodes 22 s; 937 queued
2026-10-02T18:16:22 Random-125-125-4-5_0 77 unsat 3.33e+07 nodes 23 s; 936 queued
2026-10-02T18:16:29 Random-125-125-4-5_0 90 unsat 1.09e+07 nodes 8 s; 935 queued
2026-10-02T18:16:29 Random-125-125-4-5_0 3 unsat 1.12e+07 nodes 8 s; 934 queued
2026-10-02T18:16:38 Random-125-125-4-5_0 76 unsat 8.83e+06 nodes 9 s; 933 queued
2026-10-02T18:16:40 Random-125-125-4-5_0 48 unsat 1.05e+07 nodes 11 s; 932 queued
2026-10-02T18:16:42 Random-125-125-4-5_0 19 unsat 4.4e+07 nodes 43 s; 931 queued
2026-10-02T18:16:43 Random-125-125-4-5_0 101 unsat 3.29e+06 nodes 3 s; 930 queued
2026-10-02T18:16:44 Random-125-125-4-5_0 104 unsat 2.24e+06 nodes 2 s; 929 queued
2026-10-02T18:16:45 Random-125-125-4-5_0 49 unsat 6.3e+06 nodes 6 s; 928 queued
2026-10-02T18:16:45 Random-125-125-4-5_0 31 unsat 1.07e+06 nodes 1 s; 927 queued
2026-10-02T18:16:46 Random-125-125-4-5_0 82 unsat 1.02e+06 nodes 1 s; 926 queued
2026-10-02T18:16:47 Random-125-125-4-5_0 78 unsat 2.09e+06 nodes 2 s; 925 queued
2026-10-02T18:16:47 Random-125-125-4-5_0 107 unsat 9.61e+05 nodes 1 s; 924 queued
2026-10-02T18:16:47 Random-125-125-4-5_0 4 unsat 3.92e+06 nodes 4 s; 923 queued
2026-10-02T18:16:47 Random-125-125-4-5_0 124 unsat 5.62e+05 nodes 1 s; 922 queued
2026-10-02T18:16:48 Random-125-125-4-5_0 12 unsat 2.59e+05 nodes 0 s; 921 queued
2026-10-02T18:16:48 Random-125-125-4-5_0 2 unsat 7.38e+04 nodes 0 s; 920 queued
2026-10-02T18:16:48 Random-125-125-4-5_0 84 unsat 3.98e+05 nodes 0 s; 919 queued
2026-10-02T18:16:48 Random-125-125-4-5_0 28 unsat 1.73e+05 nodes 0 s; 918 queued
2026-10-02T18:16:48 Random-125-125-4-5_0 66 unsat 5.15e+05 nodes 1 s; 917 queued
2026-10-02T18:16:48 Random-125-125-4-5_0 5 unsat 2.01e+05 nodes 0 s; 916 queued
2026-10-02T18:16:48 Random-125-125-4-5_0 39 unsat 3.05e+05 nodes 0 s; 915 queued
2026-10-02T18:16:48 Random-125-125-4-5_0 54 unsat 3.29e+05 nodes 0 s; 914 queued
2026-10-02T18:16:48 Random-125-125-4-5_0 26 unsat 9.23e+04 nodes 0 s; 913 queued
2026-10-02T18:16:48 Random-125-125-4-5_0 45 unsat 1.51e+05 nodes 0 s; 912 queued
2026-10-02T18:16:48 Random-125-125-4-5_0 72 unsat 1.38e+05 nodes 0 s; 911 queued
2026-10-02T18:16:48 Random-125-125-4-5_0 83 unsat 1.16e+05 nodes 0 s; 910 queued
2026-10-02T18:16:49 Random-125-125-4-5_0 11 unsat 1.01e+05 nodes 0 s; 909 queued
2026-10-02T18:16:49 Random-125-125-4-5_0 37 unsat 8.14e+04 nodes 0 s; 908 queued
2026-10-02T18:16:49 Random-125-125-4-5_0 81 unsat 6.94e+04 nodes 0 s; 907 queued
2026-10-02T18:16:49 Random-125-125-4-5_0 1 unsat 4.21e+04 nodes 0 s; 906 queued
2026-10-02T18:16:49 Random-125-125-4-5_0 36 unsat 2.8e+04 nodes 0 s; 905 queued
2026-10-02T18:16:49 Random-125-125-4-5_0 100 unsat 2.71e+04 nodes 0 s; 904 queued
2026-10-02T18:16:49 Random-125-125-4-5_0 113 unsat 2.52e+04 nodes 0 s; 903 queued
2026-10-02T18:16:49 Random-125-125-4-5_0 120 unsat 2.74e+04 nodes 0 s; 902 queued
2026-10-02T18:16:49 Random-125-125-4-5_0 8 unsat 1.57e+04 nodes 0 s; 901 queued
2026-10-02T18:16:49 Random-125-125-4-5_0 97 unsat 9.97e+04 nodes 0 s; 900 queued
2026-10-02T18:16:49 Random-125-125-4-5_0 71 unsat 1.49e+04 nodes 0 s; 899 queued
2026-10-02T18:16:49 Random-125-125-4-5_0 56 unsat 2.71e+04 nodes 0 s; 898 queued
2026-10-02T18:16:49 Random-125-125-4-5_0 80 unsat 1.7e+04 nodes 0 s; 897 queued
2026-10-02T18:16:49 Random-125-125-4-5_0 86 unsat 9.43e+03 nodes 0 s; 896 queued
2026-10-02T18:16:49 Random-125-125-4-5_0 65 unsat 1.2e+04 nodes 0 s; 895 queued
2026-10-02T18:16:49 Random-125-125-4-5_0 109 unsat 2.11e+04 nodes 0 s; 894 queued
2026-10-02T18:16:49 Random-125-125-4-5_0 99 unsat 7.37e+03 nodes 0 s; 893 queued
2026-10-02T18:16:49 Random-125-125-4-5_0 119 unsat 8.81e+03 nodes 0 s; 892 queued
2026-10-02T18:16:49 Random-125-125-4-5_0 117 unsat 3.72e+03 nodes 0 s; 891 queued
2026-10-02T18:16:49 Random-125-125-4-5_0 38 unsat 5.32e+03 nodes 0 s; 890 queued
2026-10-02T18:16:49 Random-125-125-4-5_0 75 unsat 3.16e+03 nodes 0 s; 889 queued
2026-10-02T18:16:49 Random-125-125-4-5_0 29 unsat 3.08e+03 nodes 0 s; 888 queued
2026-10-02T18:16:49 Random-125-125-4-5_0 27 unsat 2.8e+03 nodes 0 s; 887 queued
2026-10-02T18:16:49 Random-125-125-4-5_0 96 unsat 2.64e+03 nodes 0 s; 886 queued
2026-10-02T18:17:07 Random-125-125-4-5_0 14 unsat 6.38e+07 nodes 68 s; 885 queued
2026-10-02T18:17:09 Random-125-125-4-5_0 16 unsat 6.8e+07 nodes 70 s; 884 queued
2026-10-02T18:17:58 Random-125-125-4-5_0 95 unsat 1.78e+08 nodes 119 s; 883 queued
2026-10-02T18:19:02 Random-125-125-4-5_0 89 unsat 2.11e+08 nodes 183 s; 882 queued
2026-10-02T18:20:09 Random-125-125-4-5_0 91 unsat 2.73e+08 nodes 251 s; 881 queued
2026-10-02T18:20:47 Random-125-125-4-5_0 44 unsat 4.23e+08 nodes 288 s; 880 queued
2026-10-02T18:21:17 Random-125-125-4-5_0 32 unsat 4.47e+08 nodes 318 s; 879 queued
2026-10-02T18:26:54 Random-125-125-4-5_0 21 unsat 8.25e+08 nodes 656 s; 878 queued
2026-10-02T18:26:59 Random-125-125-4-5_0 18 unsat 7.88e+08 nodes 660 s; 877 queued
2026-10-02T18:27:49 Random-125-125-4-2_0 86 unsat 3.96e+08 nodes 392 s; 876 queued
2026-10-02T18:30:21 Random-125-125-4-2_0 35 unsat 2.71e+08 nodes 202 s; 875 queued
2026-10-02T18:31:14 Random-125-125-4-2_0 15 unsat 2.42e+08 nodes 260 s; 874 queued
2026-10-02T18:31:19 Random-125-125-4-2_0 74 unsat 1.89e+08 nodes 209 s; 873 queued
2026-10-02T18:31:51 Random-125-125-4-2_0 16 unsat 1.08e+08 nodes 90 s; 872 queued
2026-10-02T18:32:30 Random-125-125-4-2_0 24 unsat 7.05e+07 nodes 75 s; 871 queued
2026-10-02T18:33:09 Random-125-125-4-2_0 42 unsat 8.97e+07 nodes 79 s; 870 queued
2026-10-02T18:33:10 Random-125-125-4-2_0 29 unsat 9.7e+07 nodes 111 s; 869 queued
2026-10-02T18:33:32 Random-125-125-4-2_0 72 unsat 5.67e+07 nodes 62 s; 868 queued
2026-10-02T18:33:45 Random-125-125-4-2_0 96 unsat 4.47e+07 nodes 35 s; 867 queued
2026-10-02T18:34:07 Random-125-125-4-2_0 51 unsat 9.27e+08 nodes 800 s; 866 queued
2026-10-02T18:34:09 Random-125-125-4-2_0 78 unsat 3.16e+07 nodes 24 s; 865 queued
2026-10-02T18:34:11 Random-125-125-4-2_0 103 unsat 5.29e+07 nodes 61 s; 864 queued
2026-10-02T18:34:19 Random-125-125-4-2_0 83 unsat 1.52e+07 nodes 12 s; 863 queued
2026-10-02T18:34:20 Random-125-125-4-2_0 121 unsat 4.37e+07 nodes 48 s; 862 queued
2026-10-02T18:34:20 Random-125-125-4-2_0 27 unsat 8.61e+06 nodes 10 s; 861 queued
2026-10-02T18:34:24 Random-125-125-4-2_0 67 unsat 3.29e+06 nodes 4 s; 860 queued
2026-10-02T18:34:28 Random-125-125-4-2_0 47 unsat 7.4e+06 nodes 8 s; 859 queued
2026-10-02T18:34:29 Random-125-125-4-2_0 38 unsat 8.63e+06 nodes 10 s; 858 queued
2026-10-02T18:34:29 Random-125-125-4-2_0 68 unsat 4.55e+06 nodes 5 s; 857 queued
2026-10-02T18:34:31 Random-125-125-4-2_0 98 unsat 2.03e+06 nodes 2 s; 856 queued
2026-10-02T18:34:32 Random-125-125-4-2_0 82 unsat 3.42e+06 nodes 4 s; 855 queued
2026-10-02T18:34:32 Random-125-125-4-2_0 3 unsat 1.46e+06 nodes 1 s; 854 queued
2026-10-02T18:34:32 Random-125-125-4-2_0 97 unsat 2.26e+07 nodes 23 s; 853 queued
2026-10-02T18:34:33 Random-125-125-4-2_0 36 unsat 1.21e+06 nodes 1 s; 852 queued
2026-10-02T18:34:33 Random-125-125-4-2_0 58 unsat 1.53e+06 nodes 1 s; 851 queued
2026-10-02T18:34:34 Random-125-125-4-2_0 93 unsat 1.19e+06 nodes 1 s; 850 queued
2026-10-02T18:34:34 Random-125-125-4-2_0 8 unsat 2.25e+06 nodes 3 s; 849 queued
2026-10-02T18:34:35 Random-125-125-4-2_0 5 unsat 5.92e+05 nodes 1 s; 848 queued
2026-10-02T18:34:35 Random-125-125-4-2_0 124 unsat 1.66e+06 nodes 1 s; 847 queued
2026-10-02T18:34:35 Random-125-125-4-2_0 46 unsat 6.61e+05 nodes 1 s; 846 queued
2026-10-02T18:34:35 Random-125-125-4-2_0 64 unsat 6.59e+05 nodes 1 s; 845 queued
2026-10-02T18:34:36 Random-125-125-4-2_0 9 unsat 5.81e+05 nodes 1 s; 844 queued
2026-10-02T18:34:36 Random-125-125-4-2_0 99 unsat 5.38e+06 nodes 6 s; 843 queued
2026-10-02T18:34:36 Random-125-125-4-2_0 66 unsat 2.24e+05 nodes 0 s; 842 queued
2026-10-02T18:34:36 Random-125-125-4-2_0 54 unsat 4.16e+05 nodes 1 s; 841 queued
2026-10-02T18:34:36 Random-125-125-4-2_0 76 unsat 2.94e+05 nodes 0 s; 840 queued
2026-10-02T18:34:36 Random-125-125-4-2_0 71 unsat 9.73e+04 nodes 0 s; 839 queued
2026-10-02T18:34:36 Random-125-125-4-2_0 87 unsat 2.31e+05 nodes 0 s; 838 queued
2026-10-02T18:34:36 Random-125-125-4-2_0 105 unsat 1.18e+06 nodes 1 s; 837 queued
2026-10-02T18:34:36 Random-125-125-4-2_0 101 unsat 2.18e+05 nodes 0 s; 836 queued
2026-10-02T18:34:36 Random-125-125-4-2_0 84 unsat 8.06e+04 nodes 0 s; 835 queued
2026-10-02T18:34:36 Random-125-125-4-2_0 18 unsat 8.8e+04 nodes 0 s; 834 queued
2026-10-02T18:34:36 Random-125-125-4-2_0 116 unsat 1.15e+05 nodes 0 s; 833 queued
2026-10-02T18:34:36 Random-125-125-4-2_0 7 unsat 1.14e+05 nodes 0 s; 832 queued
2026-10-02T18:34:36 Random-125-125-4-2_0 37 unsat 3.77e+04 nodes 0 s; 831 queued
2026-10-02T18:34:36 Random-125-125-4-2_0 41 unsat 1.41e+05 nodes 0 s; 830 queued
2026-10-02T18:34:36 Random-125-125-4-2_0 114 unsat 6.11e+04 nodes 0 s; 829 queued
2026-10-02T18:34:37 Random-125-125-4-2_0 91 unsat 7.25e+04 nodes 0 s; 828 queued
2026-10-02T18:34:37 Random-125-125-4-2_0 61 unsat 2.93e+04 nodes 0 s; 827 queued
2026-10-02T18:34:37 Random-125-125-4-2_0 6 unsat 6.2e+04 nodes 0 s; 826 queued
2026-10-02T18:34:37 Random-125-125-4-2_0 22 unsat 4.18e+04 nodes 0 s; 825 queued
2026-10-02T18:34:37 Random-125-125-4-2_0 17 unsat 6.9e+04 nodes 0 s; 824 queued
2026-10-02T18:34:37 Random-125-125-4-2_0 122 unsat 8.28e+04 nodes 0 s; 823 queued
2026-10-02T18:34:37 Random-125-125-4-2_0 70 unsat 1.8e+04 nodes 0 s; 822 queued
2026-10-02T18:34:37 Random-125-125-4-2_0 26 unsat 2.87e+04 nodes 0 s; 821 queued
2026-10-02T18:34:37 Random-125-125-4-2_0 44 unsat 1.84e+04 nodes 0 s; 820 queued
2026-10-02T18:34:37 Random-125-125-4-2_0 102 unsat 2.58e+04 nodes 0 s; 819 queued
2026-10-02T18:34:37 Random-125-125-4-2_0 0 unsat 1.35e+04 nodes 0 s; 818 queued
2026-10-02T18:34:37 Random-125-125-4-2_0 20 unsat 8.95e+03 nodes 0 s; 817 queued
2026-10-02T18:34:37 Random-125-125-4-2_0 19 unsat 1.69e+04 nodes 0 s; 816 queued
2026-10-02T18:34:37 Random-125-125-4-2_0 32 unsat 9.15e+03 nodes 0 s; 815 queued
2026-10-02T18:34:37 Random-125-125-4-2_0 21 unsat 1.47e+04 nodes 0 s; 814 queued
2026-10-02T18:34:37 Random-125-125-4-2_0 1 unsat 6.82e+03 nodes 0 s; 813 queued
2026-10-02T18:34:37 Random-125-125-4-2_0 95 unsat 9.39e+03 nodes 0 s; 812 queued
2026-10-02T18:34:37 Random-125-125-4-2_0 11 unsat 5.13e+03 nodes 0 s; 811 queued
2026-10-02T18:34:37 Random-125-125-4-2_0 75 unsat 1.18e+04 nodes 0 s; 810 queued
2026-10-02T18:34:37 Random-125-125-4-2_0 119 unsat 4.06e+03 nodes 0 s; 809 queued
2026-10-02T18:34:37 Random-125-125-4-2_0 39 unsat 6.73e+03 nodes 0 s; 808 queued
2026-10-02T18:34:37 Random-125-125-4-2_0 109 unsat 5.63e+03 nodes 0 s; 807 queued
2026-10-02T18:34:37 Random-125-125-4-2_0 108 unsat 892 nodes 0 s; 806 queued
2026-10-02T18:34:37 Random-125-125-4-2_0 23 unsat 977 nodes 0 s; 805 queued
2026-10-02T18:34:37 Random-125-125-4-2_0 80 unsat 1.9e+03 nodes 0 s; 804 queued
2026-10-02T18:34:37 Random-125-125-4-2_0 50 unsat 8e+03 nodes 0 s; 803 queued
2026-10-02T18:34:37 Random-125-125-4-2_0 30 unsat 1.66e+03 nodes 0 s; 802 queued
2026-10-02T18:34:37 Random-125-125-4-2_0 111 unsat 1.33e+03 nodes 0 s; 801 queued
2026-10-02T18:34:37 Random-125-125-4-2_0 40 unsat 819 nodes 0 s; 800 queued
2026-10-02T18:34:37 Random-125-125-4-2_0 25 unsat 2.55e+03 nodes 0 s; 799 queued
2026-10-02T18:34:37 Random-125-125-4-2_0 45 unsat 3.82e+03 nodes 0 s; 798 queued
2026-10-02T18:34:37 Random-125-125-4-2_0 4 unsat 1.04e+03 nodes 0 s; 797 queued
2026-10-02T18:34:37 Random-125-125-4-2_0 79 unsat 586 nodes 0 s; 796 queued
2026-10-02T18:34:37 Random-125-125-4-2_0 52 unsat 439 nodes 0 s; 795 queued
2026-10-02T18:34:37 Random-125-125-4-2_0 118 unsat 781 nodes 0 s; 794 queued
2026-10-02T18:34:37 Random-125-125-4-2_0 81 unsat 5.48e+03 nodes 0 s; 793 queued
2026-10-02T18:34:37 Random-125-125-4-2_0 13 unsat 453 nodes 0 s; 792 queued
2026-10-02T18:34:37 Random-125-125-4-2_0 12 unsat 324 nodes 0 s; 791 queued
2026-10-02T18:34:37 Random-125-125-4-2_0 113 unsat 603 nodes 0 s; 790 queued
2026-10-02T18:34:37 Random-125-125-4-2_0 77 unsat 178 nodes 0 s; 789 queued
2026-10-02T18:34:37 Random-125-125-4-2_0 28 unsat 709 nodes 0 s; 788 queued
2026-10-02T18:35:22 Random-125-125-4-2_0 2 unsat 9.93e+08 nodes 912 s; 787 queued
2026-10-02T18:37:15 Random-125-125-4-5_0 98 unsat 1.44e+09 nodes 1277 s; 786 queued
2026-10-02T18:38:08 Random-125-125-4-5_0 87 unsat 1.51e+09 nodes 1329 s; 785 queued
2026-10-02T18:46:39 Random-125-125-4-5_0 41 unsat 2.17e+09 nodes 1840 s; 784 queued
2026-10-02T18:49:10 Random-125-125-4-2_0 120 unsat 1.73e+09 nodes 1808 s; 783 queued
2026-10-02T18:54:50 Random-125-125-4-5_0 63 unknown 3e+09 nodes 2331 s; 853 queued
2026-10-02T18:55:52 Random-125-125-4-2_0 62 unsat 2.57e+09 nodes 2274 s; 852 queued
2026-10-02T18:57:38 Random-125-125-2-4_0 46.21 unsat 7.86e+08 nodes 508 s; 851 queued
2026-10-02T18:59:24 Random-125-125-4-5_0 30 unknown 3e+09 nodes 2605 s; 915 queued
2026-10-02T18:59:46 Random-125-125-4-5_0 57 unknown 3e+09 nodes 2627 s; 979 queued
2026-10-02T19:00:15 Random-125-125-4-5_0 60 unknown 3e+09 nodes 2656 s; 1049 queued
2026-10-02T19:02:44 Random-125-125-4-2_0 57 unknown 3e+09 nodes 2755 s; 1144 queued
2026-10-02T19:04:48 Random-125-125-4-5_0 58 unknown 3e+09 nodes 2930 s; 1213 queued
2026-10-02T19:05:30 Random-125-125-4-2_0 104 unknown 3e+09 nodes 2921 s; 1305 queued
2026-10-02T19:07:26 Random-125-125-2-4_0 46.20 unsat 1.44e+09 nodes 1247 s; 1304 queued
2026-10-02T19:08:30 Random-125-125-4-5_0 6.60 unsat 2.95e+09 nodes 3151 s; 1303 queued
2026-10-02T19:08:52 Random-125-125-4-5_0 6.58 unsat 3.25e+09 nodes 3173 s; 1302 queued
2026-10-02T19:10:07 Random-125-125-4-5_0 63.18 unsat 3.23e+08 nodes 277 s; 1301 queued
2026-10-02T19:10:09 Random-125-125-4-2_0 55 unknown 3e+09 nodes 3180 s; 1390 queued
2026-10-02T19:10:12 Random-125-125-4-2_0 59 unknown 3e+09 nodes 3185 s; 1475 queued
2026-10-02T19:10:13 Random-125-125-4-5_0 63.87 unsat 5.86e+08 nodes 449 s; 1474 queued
2026-10-02T19:10:37 Random-125-125-4-5_0 63.14 unsat 2.34e+07 nodes 24 s; 1473 queued
2026-10-02T19:10:44 Random-125-125-4-5_0 63.77 unsat 1.65e+08 nodes 112 s; 1472 queued
2026-10-02T19:10:55 Random-125-125-4-5_0 63.19 unsat 1.66e+07 nodes 11 s; 1471 queued
2026-10-02T19:10:59 Random-125-125-4-5_0 63.16 unsat 2.43e+07 nodes 22 s; 1470 queued
2026-10-02T19:11:03 Random-125-125-4-5_0 63.90 unsat 4.92e+06 nodes 4 s; 1469 queued
2026-10-02T19:11:06 Random-125-125-4-5_0 63.69 unsat 1.08e+07 nodes 11 s; 1468 queued
2026-10-02T19:11:06 Random-125-125-4-5_0 63.3 unsat 5.05e+06 nodes 4 s; 1467 queued
2026-10-02T19:11:09 Random-125-125-4-5_0 63.76 unsat 4.18e+06 nodes 3 s; 1466 queued
2026-10-02T19:11:11 Random-125-125-4-5_0 63.48 unsat 4.55e+06 nodes 5 s; 1465 queued
2026-10-02T19:11:13 Random-125-125-4-5_0 63.49 unsat 2.51e+06 nodes 3 s; 1464 queued
2026-10-02T19:11:14 Random-125-125-4-5_0 63.4 unsat 6.21e+06 nodes 5 s; 1463 queued
2026-10-02T19:11:14 Random-125-125-4-5_0 63.95 unsat 5.96e+07 nodes 62 s; 1462 queued
2026-10-02T19:11:15 Random-125-125-4-5_0 63.101 unsat 1.45e+06 nodes 1 s; 1461 queued
2026-10-02T19:11:15 Random-125-125-4-5_0 63.104 unsat 1.02e+06 nodes 1 s; 1460 queued
2026-10-02T19:11:16 Random-125-125-4-5_0 63.15 unsat 9.97e+05 nodes 1 s; 1459 queued
2026-10-02T19:11:16 Random-125-125-4-5_0 63.31 unsat 4.73e+05 nodes 1 s; 1458 queued
2026-10-02T19:11:16 Random-125-125-4-5_0 63.78 unsat 2.35e+06 nodes 2 s; 1457 queued
2026-10-02T19:11:16 Random-125-125-4-5_0 63.82 unsat 5.35e+05 nodes 0 s; 1456 queued
2026-10-02T19:11:16 Random-125-125-4-5_0 63.107 unsat 4.82e+05 nodes 1 s; 1455 queued
2026-10-02T19:11:16 Random-125-125-4-5_0 63.124 unsat 2.62e+05 nodes 0 s; 1454 queued
2026-10-02T19:11:16 Random-125-125-4-5_0 63.2 unsat 5.61e+04 nodes 0 s; 1453 queued
2026-10-02T19:11:16 Random-125-125-4-5_0 63.12 unsat 1.19e+05 nodes 0 s; 1452 queued
2026-10-02T19:11:16 Random-125-125-4-5_0 63.84 unsat 3.21e+05 nodes 0 s; 1451 queued
2026-10-02T19:11:16 Random-125-125-4-5_0 63.28 unsat 9.04e+04 nodes 0 s; 1450 queued
2026-10-02T19:11:17 Random-125-125-4-5_0 63.66 unsat 2.19e+05 nodes 0 s; 1449 queued
2026-10-02T19:11:17 Random-125-125-4-5_0 63.39 unsat 1.68e+05 nodes 0 s; 1448 queued
2026-10-02T19:11:17 Random-125-125-4-5_0 63.54 unsat 1.58e+05 nodes 0 s; 1447 queued
2026-10-02T19:11:17 Random-125-125-4-5_0 63.26 unsat 4.52e+04 nodes 0 s; 1446 queued
2026-10-02T19:11:17 Random-125-125-4-5_0 63.45 unsat 7.63e+04 nodes 0 s; 1445 queued
2026-10-02T19:11:17 Random-125-125-4-5_0 63.5 unsat 9.84e+04 nodes 0 s; 1444 queued
2026-10-02T19:11:17 Random-125-125-4-5_0 63.83 unsat 6.85e+04 nodes 0 s; 1443 queued
2026-10-02T19:11:17 Random-125-125-4-5_0 63.72 unsat 7.43e+04 nodes 0 s; 1442 queued
2026-10-02T19:11:17 Random-125-125-4-5_0 63.11 unsat 5.23e+04 nodes 0 s; 1441 queued
2026-10-02T19:11:17 Random-125-125-4-5_0 63.37 unsat 4.11e+04 nodes 0 s; 1440 queued
2026-10-02T19:11:17 Random-125-125-4-5_0 63.81 unsat 3.77e+04 nodes 0 s; 1439 queued
2026-10-02T19:11:17 Random-125-125-4-5_0 63.1 unsat 1.91e+04 nodes 0 s; 1438 queued
2026-10-02T19:11:17 Random-125-125-4-5_0 63.36 unsat 1.25e+04 nodes 0 s; 1437 queued
2026-10-02T19:11:17 Random-125-125-4-5_0 63.100 unsat 1.79e+04 nodes 0 s; 1436 queued
2026-10-02T19:11:17 Random-125-125-4-5_0 63.120 unsat 3.26e+04 nodes 0 s; 1435 queued
2026-10-02T19:11:17 Random-125-125-4-5_0 63.7 unsat 7.89e+03 nodes 0 s; 1434 queued
2026-10-02T19:11:17 Random-125-125-4-5_0 63.113 unsat 1.55e+04 nodes 0 s; 1433 queued
2026-10-02T19:11:17 Random-125-125-4-5_0 63.56 unsat 1.6e+04 nodes 0 s; 1432 queued
2026-10-02T19:11:17 Random-125-125-4-5_0 63.8 unsat 1.54e+04 nodes 0 s; 1431 queued
2026-10-02T19:11:17 Random-125-125-4-5_0 63.80 unsat 1.19e+04 nodes 0 s; 1430 queued
2026-10-02T19:11:17 Random-125-125-4-5_0 63.71 unsat 1.1e+04 nodes 0 s; 1429 queued
2026-10-02T19:11:17 Random-125-125-4-5_0 63.65 unsat 6.79e+03 nodes 0 s; 1428 queued
2026-10-02T19:11:17 Random-125-125-4-5_0 63.86 unsat 5.33e+03 nodes 0 s; 1427 queued
2026-10-02T19:11:17 Random-125-125-4-5_0 63.109 unsat 1.69e+04 nodes 0 s; 1426 queued
2026-10-02T19:11:17 Random-125-125-4-5_0 63.67 unsat 1.18e+04 nodes 0 s; 1425 queued
2026-10-02T19:11:17 Random-125-125-4-5_0 63.99 unsat 5.65e+03 nodes 0 s; 1424 queued
2026-10-02T19:11:17 Random-125-125-4-5_0 63.73 unsat 2.12e+03 nodes 0 s; 1423 queued
2026-10-02T19:11:17 Random-125-125-4-5_0 63.38 unsat 3.31e+03 nodes 0 s; 1422 queued
2026-10-02T19:11:17 Random-125-125-4-5_0 63.119 unsat 4.3e+03 nodes 0 s; 1421 queued
2026-10-02T19:11:17 Random-125-125-4-5_0 63.29 unsat 1.76e+03 nodes 0 s; 1420 queued
2026-10-02T19:11:17 Random-125-125-4-5_0 63.75 unsat 3.8e+03 nodes 0 s; 1419 queued
2026-10-02T19:11:17 Random-125-125-4-5_0 63.27 unsat 2.29e+03 nodes 0 s; 1418 queued
2026-10-02T19:11:17 Random-125-125-4-5_0 63.96 unsat 1.52e+03 nodes 0 s; 1417 queued
2026-10-02T19:11:17 Random-125-125-4-5_0 63.47 unsat 3.68e+03 nodes 0 s; 1416 queued
2026-10-02T19:11:19 Random-125-125-4-5_0 63.89 unsat 8.58e+07 nodes 72 s; 1415 queued
2026-10-02T19:11:22 Random-125-125-4-5_0 63.32 unsat 2.56e+08 nodes 236 s; 1414 queued
2026-10-02T19:12:06 Random-125-125-4-5_0 63.91 unsat 1.25e+08 nodes 117 s; 1413 queued
2026-10-02T19:12:22 Random-125-125-4-5_0 63.44 unsat 2.41e+08 nodes 232 s; 1412 queued
2026-10-02T19:12:56 Random-125-125-4-5_0 63.41 unsat 9.5e+08 nodes 760 s; 1411 queued
2026-10-02T19:13:54 Random-125-125-4-5_0 30.32 unsat 8.11e+07 nodes 58 s; 1410 queued
2026-10-02T19:14:18 Random-125-125-4-5_0 30.16 unsat 2.21e+08 nodes 176 s; 1409 queued
2026-10-02T19:14:21 Random-125-125-4-5_0 30.18 unsat 1.35e+08 nodes 134 s; 1408 queued
2026-10-02T19:14:31 Random-125-125-4-5_0 30.21 unsat 1.34e+08 nodes 130 s; 1407 queued
2026-10-02T19:14:40 Random-125-125-4-5_0 30.89 unsat 3.2e+07 nodes 21 s; 1406 queued
2026-10-02T19:14:42 Random-125-125-4-5_0 63.98 unsat 6.47e+08 nodes 594 s; 1405 queued
2026-10-02T19:14:49 Random-125-125-4-5_0 30.19 unsat 8.45e+06 nodes 7 s; 1404 queued
2026-10-02T19:14:52 Random-125-125-4-5_0 30.91 unsat 4.56e+07 nodes 32 s; 1403 queued
2026-10-02T19:14:53 Random-125-125-4-5_0 30.44 unsat 7.9e+07 nodes 59 s; 1402 queued
2026-10-02T19:14:54 Random-125-125-4-5_0 30.92 unsat 2.34e+07 nodes 22 s; 1401 queued
2026-10-02T19:14:56 Random-125-125-4-5_0 30.90 unsat 1.83e+06 nodes 2 s; 1400 queued
2026-10-02T19:14:56 Random-125-125-4-5_0 30.48 unsat 8.58e+06 nodes 7 s; 1399 queued
2026-10-02T19:14:56 Random-125-125-4-5_0 30.69 unsat 3.96e+06 nodes 4 s; 1398 queued
2026-10-02T19:14:57 Random-125-125-4-5_0 30.77 unsat 4.04e+06 nodes 4 s; 1397 queued
2026-10-02T19:14:58 Random-125-125-4-5_0 30.3 unsat 1.67e+06 nodes 2 s; 1396 queued
2026-10-02T19:14:58 Random-125-125-4-5_0 30.76 unsat 2.17e+06 nodes 2 s; 1395 queued
2026-10-02T19:14:58 Random-125-125-4-5_0 30.49 unsat 1.8e+06 nodes 2 s; 1394 queued
2026-10-02T19:14:59 Random-125-125-4-5_0 30.101 unsat 9.81e+05 nodes 1 s; 1393 queued
2026-10-02T19:14:59 Random-125-125-4-5_0 30.107 unsat 5.62e+05 nodes 1 s; 1392 queued
2026-10-02T19:14:59 Random-125-125-4-5_0 30.104 unsat 5.98e+05 nodes 1 s; 1391 queued
2026-10-02T19:14:59 Random-125-125-4-5_0 30.95 unsat 2.06e+07 nodes 19 s; 1390 queued
2026-10-02T19:14:59 Random-125-125-4-5_0 30.31 unsat 2.5e+05 nodes 0 s; 1389 queued
2026-10-02T19:14:59 Random-125-125-4-5_0 30.78 unsat 2e+06 nodes 2 s; 1388 queued
2026-10-02T19:14:59 Random-125-125-4-5_0 30.82 unsat 2.72e+05 nodes 0 s; 1387 queued
2026-10-02T19:14:59 Random-125-125-4-5_0 30.12 unsat 1.03e+05 nodes 0 s; 1386 queued
2026-10-02T19:14:59 Random-125-125-4-5_0 30.124 unsat 2.38e+05 nodes 0 s; 1385 queued
2026-10-02T19:14:59 Random-125-125-4-5_0 30.2 unsat 2.12e+04 nodes 0 s; 1384 queued
2026-10-02T19:14:59 Random-125-125-4-5_0 30.28 unsat 1.09e+05 nodes 0 s; 1383 queued
2026-10-02T19:14:59 Random-125-125-4-5_0 30.4 unsat 8.09e+05 nodes 1 s; 1382 queued
2026-10-02T19:14:59 Random-125-125-4-5_0 30.7 unsat 4.35e+04 nodes 0 s; 1381 queued
2026-10-02T19:15:00 Random-125-125-4-5_0 30.26 unsat 5.58e+04 nodes 0 s; 1380 queued
2026-10-02T19:15:00 Random-125-125-4-5_0 30.54 unsat 1.86e+05 nodes 0 s; 1379 queued
2026-10-02T19:15:00 Random-125-125-4-5_0 30.66 unsat 1.4e+05 nodes 0 s; 1378 queued
2026-10-02T19:15:00 Random-125-125-4-5_0 30.39 unsat 8.43e+04 nodes 0 s; 1377 queued
2026-10-02T19:15:00 Random-125-125-4-5_0 30.5 unsat 5.39e+04 nodes 0 s; 1376 queued
2026-10-02T19:15:00 Random-125-125-4-5_0 30.45 unsat 4.38e+04 nodes 0 s; 1375 queued
2026-10-02T19:15:00 Random-125-125-4-5_0 30.72 unsat 5.67e+04 nodes 0 s; 1374 queued
2026-10-02T19:15:00 Random-125-125-4-5_0 30.83 unsat 4.52e+04 nodes 0 s; 1373 queued
2026-10-02T19:15:00 Random-125-125-4-5_0 30.37 unsat 3.37e+04 nodes 0 s; 1372 queued
2026-10-02T19:15:00 Random-125-125-4-5_0 30.81 unsat 2.91e+04 nodes 0 s; 1371 queued
2026-10-02T19:15:00 Random-125-125-4-5_0 30.11 unsat 3.89e+04 nodes 0 s; 1370 queued
2026-10-02T19:15:00 Random-125-125-4-5_0 30.1 unsat 1.37e+04 nodes 0 s; 1369 queued
2026-10-02T19:15:00 Random-125-125-4-5_0 30.100 unsat 1.95e+04 nodes 0 s; 1368 queued
2026-10-02T19:15:00 Random-125-125-4-5_0 30.36 unsat 1.12e+04 nodes 0 s; 1367 queued
2026-10-02T19:15:00 Random-125-125-4-5_0 30.8 unsat 1.39e+04 nodes 0 s; 1366 queued
2026-10-02T19:15:00 Random-125-125-4-5_0 30.113 unsat 8.4e+03 nodes 0 s; 1365 queued
2026-10-02T19:15:00 Random-125-125-4-5_0 30.56 unsat 9.02e+03 nodes 0 s; 1364 queued
2026-10-02T19:15:00 Random-125-125-4-5_0 30.71 unsat 7.77e+03 nodes 0 s; 1364 queued
2026-10-02T19:15:00 Random-125-125-4-5_0 30.120 unsat 1.6e+04 nodes 0 s; 1362 queued
2026-10-02T19:15:00 Random-125-125-4-5_0 30.80 unsat 8.15e+03 nodes 0 s; 1361 queued
2026-10-02T19:15:00 Random-125-125-4-5_0 30.99 unsat 7.04e+03 nodes 0 s; 1360 queued
2026-10-02T19:15:00 Random-125-125-4-5_0 30.86 unsat 1.84e+03 nodes 0 s; 1359 queued
2026-10-02T19:15:00 Random-125-125-4-5_0 30.73 unsat 1.32e+03 nodes 0 s; 1358 queued
2026-10-02T19:15:00 Random-125-125-4-5_0 30.65 unsat 6.37e+03 nodes 0 s; 1357 queued
2026-10-02T19:15:00 Random-125-125-4-5_0 30.67 unsat 5.33e+03 nodes 0 s; 1356 queued
2026-10-02T19:15:00 Random-125-125-4-5_0 30.109 unsat 1.36e+04 nodes 0 s; 1355 queued
2026-10-02T19:15:00 Random-125-125-4-5_0 30.29 unsat 639 nodes 0 s; 1354 queued
2026-10-02T19:15:00 Random-125-125-4-5_0 30.75 unsat 2.78e+03 nodes 0 s; 1353 queued
2026-10-02T19:15:00 Random-125-125-4-5_0 30.38 unsat 1.88e+03 nodes 0 s; 1352 queued
2026-10-02T19:15:00 Random-125-125-4-5_0 30.96 unsat 1.32e+03 nodes 0 s; 1351 queued
2026-10-02T19:15:00 Random-125-125-4-5_0 30.117 unsat 4.8e+03 nodes 0 s; 1350 queued
2026-10-02T19:15:00 Random-125-125-4-5_0 30.97 unsat 8.48e+04 nodes 0 s; 1349 queued
2026-10-02T19:15:03 Random-125-125-4-2_0 88 unknown 3e+09 nodes 3494 s; 1447 queued
2026-10-02T19:16:12 Random-125-125-4-5_0 30.14 unsat 3.62e+08 nodes 293 s; 1446 queued
2026-10-02T19:17:36 Random-125-125-4-5_0 30.87 unsat 4.43e+08 nodes 379 s; 1445 queued
2026-10-02T19:18:23 Random-125-125-4-5_0 63.30 unsat 1.5e+09 nodes 1117 s; 1444 queued
2026-10-02T19:18:58 Random-125-125-4-5_0 30.98 unsat 4.52e+08 nodes 461 s; 1443 queued
2026-10-02T19:20:24 Random-125-125-4-5_0 57.18 unsat 1.63e+08 nodes 121 s; 1442 queued
2026-10-02T19:20:50 Random-125-125-4-5_0 30.41 unsat 6.66e+08 nodes 573 s; 1441 queued
2026-10-02T19:21:38 Random-125-125-4-5_0 57.21 unsat 1.49e+08 nodes 160 s; 1440 queued
2026-10-02T19:22:15 Random-125-125-4-5_0 57.89 unsat 3.43e+07 nodes 37 s; 1439 queued
2026-10-02T19:22:37 Random-125-125-4-5_0 57.90 unsat 1.96e+07 nodes 21 s; 1438 queued
2026-10-02T19:22:41 Random-125-125-4-5_0 57.44 unsat 1.41e+08 nodes 136 s; 1437 queued
2026-10-02T19:22:57 Random-125-125-4-5_0 57.95 unsat 1.52e+07 nodes 16 s; 1436 queued
2026-10-02T19:23:05 Random-125-125-4-5_0 57.16 unsat 7.45e+06 nodes 8 s; 1435 queued
2026-10-02T19:23:12 Random-125-125-4-5_0 57.87 unsat 4.8e+08 nodes 489 s; 1434 queued
2026-10-02T19:23:12 Random-125-125-4-5_0 57.19 unsat 5.85e+06 nodes 7 s; 1433 queued
2026-10-02T19:23:16 Random-125-125-4-5_0 57.69 unsat 4.14e+06 nodes 5 s; 1432 queued
2026-10-02T19:23:17 Random-125-125-4-5_0 57.77 unsat 4.36e+06 nodes 5 s; 1431 queued
2026-10-02T19:23:17 Random-125-125-4-5_0 57.51 unsat 1.55e+08 nodes 147 s; 1430 queued
2026-10-02T19:23:18 Random-125-125-4-5_0 57.91 unsat 3.99e+07 nodes 41 s; 1429 queued
2026-10-02T19:23:19 Random-125-125-4-5_0 57.3 unsat 2.34e+06 nodes 3 s; 1428 queued
2026-10-02T19:23:19 Random-125-125-4-5_0 57.76 unsat 1.84e+06 nodes 2 s; 1427 queued
2026-10-02T19:23:19 Random-125-125-4-5_0 57.48 unsat 2.1e+06 nodes 2 s; 1426 queued
2026-10-02T19:23:20 Random-125-125-4-5_0 57.49 unsat 1.44e+06 nodes 2 s; 1425 queued
2026-10-02T19:23:20 Random-125-125-4-5_0 57.31 unsat 4.14e+05 nodes 0 s; 1424 queued
2026-10-02T19:23:20 Random-125-125-4-5_0 57.104 unsat 6.56e+05 nodes 1 s; 1423 queued
2026-10-02T19:23:20 Random-125-125-4-5_0 57.82 unsat 3.43e+05 nodes 0 s; 1422 queued
2026-10-02T19:23:20 Random-125-125-4-5_0 57.101 unsat 9.54e+05 nodes 1 s; 1421 queued
2026-10-02T19:23:20 Random-125-125-4-5_0 57.124 unsat 1.84e+05 nodes 0 s; 1420 queued
2026-10-02T19:23:20 Random-125-125-4-5_0 57.12 unsat 9.42e+04 nodes 0 s; 1419 queued
2026-10-02T19:23:20 Random-125-125-4-5_0 57.66 unsat 3.11e+05 nodes 0 s; 1418 queued
2026-10-02T19:23:20 Random-125-125-4-5_0 57.107 unsat 3.75e+05 nodes 0 s; 1417 queued
2026-10-02T19:23:20 Random-125-125-4-5_0 57.28 unsat 7.51e+04 nodes 0 s; 1416 queued
2026-10-02T19:23:20 Random-125-125-4-5_0 57.2 unsat 1.19e+05 nodes 0 s; 1415 queued
2026-10-02T19:23:21 Random-125-125-4-5_0 57.5 unsat 6.05e+04 nodes 0 s; 1414 queued
2026-10-02T19:23:21 Random-125-125-4-5_0 57.39 unsat 1.31e+05 nodes 0 s; 1413 queued
2026-10-02T19:23:21 Random-125-125-4-5_0 57.54 unsat 1.27e+05 nodes 0 s; 1412 queued
2026-10-02T19:23:21 Random-125-125-4-5_0 57.45 unsat 1.47e+05 nodes 0 s; 1411 queued
2026-10-02T19:23:21 Random-125-125-4-5_0 57.26 unsat 3.06e+04 nodes 0 s; 1410 queued
2026-10-02T19:23:21 Random-125-125-4-5_0 57.11 unsat 6.72e+04 nodes 0 s; 1409 queued
2026-10-02T19:23:21 Random-125-125-4-5_0 57.81 unsat 4.73e+04 nodes 0 s; 1408 queued
2026-10-02T19:23:21 Random-125-125-4-5_0 57.72 unsat 6.04e+04 nodes 0 s; 1407 queued
2026-10-02T19:23:21 Random-125-125-4-5_0 57.37 unsat 3.06e+04 nodes 0 s; 1406 queued
2026-10-02T19:23:21 Random-125-125-4-5_0 57.83 unsat 5.32e+04 nodes 0 s; 1405 queued
2026-10-02T19:23:21 Random-125-125-4-5_0 57.36 unsat 1.1e+04 nodes 0 s; 1404 queued
2026-10-02T19:23:21 Random-125-125-4-5_0 57.100 unsat 2.21e+04 nodes 0 s; 1403 queued
2026-10-02T19:23:21 Random-125-125-4-5_0 57.1 unsat 2.09e+04 nodes 0 s; 1402 queued
2026-10-02T19:23:21 Random-125-125-4-5_0 57.113 unsat 1.25e+04 nodes 0 s; 1401 queued
2026-10-02T19:23:21 Random-125-125-4-5_0 57.71 unsat 1.67e+04 nodes 0 s; 1400 queued
2026-10-02T19:23:21 Random-125-125-4-5_0 57.7 unsat 6.18e+03 nodes 0 s; 1399 queued
2026-10-02T19:23:21 Random-125-125-4-5_0 57.8 unsat 9.13e+03 nodes 0 s; 1398 queued
2026-10-02T19:23:21 Random-125-125-4-5_0 57.56 unsat 8.18e+03 nodes 0 s; 1397 queued
2026-10-02T19:23:21 Random-125-125-4-5_0 57.86 unsat 5.17e+03 nodes 0 s; 1396 queued
2026-10-02T19:23:21 Random-125-125-4-5_0 57.65 unsat 1.11e+04 nodes 0 s; 1395 queued
2026-10-02T19:23:21 Random-125-125-4-5_0 57.73 unsat 2.31e+03 nodes 0 s; 1394 queued
2026-10-02T19:23:21 Random-125-125-4-5_0 57.99 unsat 4.33e+03 nodes 0 s; 1393 queued
2026-10-02T19:23:21 Random-125-125-4-5_0 57.67 unsat 1.22e+04 nodes 0 s; 1392 queued
2026-10-02T19:23:21 Random-125-125-4-5_0 57.38 unsat 2.75e+03 nodes 0 s; 1391 queued
2026-10-02T19:23:21 Random-125-125-4-5_0 57.119 unsat 4.47e+03 nodes 0 s; 1390 queued
2026-10-02T19:23:21 Random-125-125-4-5_0 57.75 unsat 1.48e+03 nodes 0 s; 1389 queued
2026-10-02T19:23:21 Random-125-125-4-5_0 57.47 unsat 4.02e+03 nodes 0 s; 1388 queued
2026-10-02T19:23:21 Random-125-125-4-5_0 57.29 unsat 2.16e+03 nodes 0 s; 1387 queued
2026-10-02T19:23:21 Random-125-125-4-5_0 57.96 unsat 1.1e+03 nodes 0 s; 1386 queued
2026-10-02T19:23:21 Random-125-125-4-5_0 57.27 unsat 1.9e+03 nodes 0 s; 1385 queued
2026-10-02T19:23:21 Random-125-125-4-5_0 57.120 unsat 7.02e+04 nodes 0 s; 1384 queued
2026-10-02T19:23:52 Random-125-125-4-5_0 57.98 unsat 4.97e+08 nodes 461 s; 1383 queued
2026-10-02T19:23:54 Random-125-125-4-5_0 57.14 unsat 3.73e+08 nodes 378 s; 1382 queued
2026-10-02T19:25:28 Random-125-125-4-5_0 57.41 unsat 7.18e+08 nodes 628 s; 1381 queued
2026-10-02T19:27:43 Random-125-125-4-5_0 6.57 unsat 5.16e+09 nodes 4304 s; 1380 queued
2026-10-02T19:27:55 Random-125-125-4-5_0 60.32 unsat 2.15e+08 nodes 148 s; 1379 queued
2026-10-02T19:28:12 Random-125-125-4-5_0 60.18 unsat 3.52e+08 nodes 260 s; 1378 queued
2026-10-02T19:28:54 Random-125-125-4-5_0 63.21 unsat 2.02e+09 nodes 1770 s; 1377 queued
2026-10-02T19:29:07 Random-125-125-4-5_0 60.21 unsat 3.41e+08 nodes 313 s; 1376 queued
2026-10-02T19:29:17 Random-125-125-4-5_0 60.89 unsat 6.28e+07 nodes 65 s; 1375 queued
2026-10-02T19:29:34 Random-125-125-4-5_0 60.95 unsat 4.04e+07 nodes 28 s; 1374 queued
2026-10-02T19:29:39 Random-125-125-4-5_0 60.14 unsat 2.15e+07 nodes 22 s; 1373 queued
2026-10-02T19:29:44 Random-125-125-4-5_0 60.16 unsat 1.32e+07 nodes 9 s; 1372 queued
2026-10-02T19:29:51 Random-125-125-4-5_0 60.69 unsat 1.08e+07 nodes 8 s; 1371 queued
2026-10-02T19:29:54 Random-125-125-4-5_0 60.19 unsat 1.39e+07 nodes 14 s; 1370 queued
2026-10-02T19:29:58 Random-125-125-4-5_0 60.90 unsat 3.69e+06 nodes 4 s; 1369 queued
2026-10-02T19:29:58 Random-125-125-4-5_0 60.77 unsat 9.73e+06 nodes 7 s; 1368 queued
2026-10-02T19:30:01 Random-125-125-4-5_0 60.3 unsat 3.31e+06 nodes 3 s; 1367 queued
2026-10-02T19:30:01 Random-125-125-4-5_0 60.48 unsat 3.62e+06 nodes 3 s; 1366 queued
2026-10-02T19:30:03 Random-125-125-4-5_0 60.17 unsat 1.52e+06 nodes 2 s; 1365 queued
2026-10-02T19:30:03 Random-125-125-4-5_0 60.49 unsat 2.86e+06 nodes 2 s; 1364 queued
2026-10-02T19:30:04 Random-125-125-4-5_0 60.104 unsat 1.09e+06 nodes 1 s; 1363 queued
2026-10-02T19:30:05 Random-125-125-4-5_0 60.101 unsat 1.86e+06 nodes 2 s; 1362 queued
2026-10-02T19:30:05 Random-125-125-4-5_0 60.107 unsat 1.07e+06 nodes 1 s; 1361 queued
2026-10-02T19:30:05 Random-125-125-4-5_0 60.31 unsat 4.26e+05 nodes 0 s; 1360 queued
2026-10-02T19:30:06 Random-125-125-4-5_0 60.91 unsat 7.34e+07 nodes 72 s; 1359 queued
2026-10-02T19:30:06 Random-125-125-4-5_0 60.78 unsat 8.34e+05 nodes 1 s; 1358 queued
2026-10-02T19:30:06 Random-125-125-4-5_0 60.82 unsat 3.5e+05 nodes 0 s; 1357 queued
2026-10-02T19:30:06 Random-125-125-4-5_0 60.12 unsat 1.73e+05 nodes 0 s; 1356 queued
2026-10-02T19:30:06 Random-125-125-4-5_0 60.4 unsat 1.58e+06 nodes 2 s; 1355 queued
2026-10-02T19:30:06 Random-125-125-4-5_0 60.124 unsat 3.11e+05 nodes 0 s; 1354 queued
2026-10-02T19:30:06 Random-125-125-4-5_0 60.2 unsat 4.32e+04 nodes 0 s; 1353 queued
2026-10-02T19:30:06 Random-125-125-4-5_0 60.66 unsat 2.39e+05 nodes 0 s; 1352 queued
2026-10-02T19:30:06 Random-125-125-4-5_0 60.84 unsat 2.11e+05 nodes 0 s; 1351 queued
2026-10-02T19:30:07 Random-125-125-4-5_0 60.28 unsat 1.13e+05 nodes 0 s; 1350 queued
2026-10-02T19:30:07 Random-125-125-4-5_0 60.54 unsat 1.58e+05 nodes 0 s; 1349 queued
2026-10-02T19:30:07 Random-125-125-4-5_0 60.39 unsat 1.6e+05 nodes 0 s; 1348 queued
2026-10-02T19:30:07 Random-125-125-4-5_0 60.26 unsat 5.09e+04 nodes 0 s; 1347 queued
2026-10-02T19:30:07 Random-125-125-4-5_0 60.72 unsat 9.76e+04 nodes 0 s; 1346 queued
2026-10-02T19:30:07 Random-125-125-4-5_0 60.5 unsat 1.07e+05 nodes 0 s; 1345 queued
2026-10-02T19:30:07 Random-125-125-4-5_0 60.37 unsat 6.54e+04 nodes 0 s; 1344 queued
2026-10-02T19:30:07 Random-125-125-4-5_0 60.45 unsat 5.53e+04 nodes 0 s; 1343 queued
2026-10-02T19:30:07 Random-125-125-4-5_0 60.83 unsat 4.89e+04 nodes 0 s; 1342 queued
2026-10-02T19:30:07 Random-125-125-4-5_0 60.36 unsat 1.45e+04 nodes 0 s; 1341 queued
2026-10-02T19:30:07 Random-125-125-4-5_0 60.11 unsat 5.14e+04 nodes 0 s; 1340 queued
2026-10-02T19:30:07 Random-125-125-4-5_0 60.100 unsat 2.5e+04 nodes 0 s; 1339 queued
2026-10-02T19:30:07 Random-125-125-4-5_0 60.81 unsat 4.08e+04 nodes 0 s; 1338 queued
2026-10-02T19:30:07 Random-125-125-4-5_0 60.1 unsat 2.57e+04 nodes 0 s; 1337 queued
2026-10-02T19:30:07 Random-125-125-4-5_0 60.7 unsat 1.4e+04 nodes 0 s; 1336 queued
2026-10-02T19:30:07 Random-125-125-4-5_0 60.23 unsat 2.82e+04 nodes 0 s; 1335 queued
2026-10-02T19:30:07 Random-125-125-4-5_0 60.80 unsat 1.84e+04 nodes 0 s; 1334 queued
2026-10-02T19:30:07 Random-125-125-4-5_0 60.113 unsat 1.1e+04 nodes 0 s; 1333 queued
2026-10-02T19:30:07 Random-125-125-4-5_0 60.8 unsat 1.08e+04 nodes 0 s; 1332 queued
2026-10-02T19:30:07 Random-125-125-4-5_0 60.120 unsat 1.99e+04 nodes 0 s; 1331 queued
2026-10-02T19:30:07 Random-125-125-4-5_0 60.97 unsat 4.86e+04 nodes 0 s; 1330 queued
2026-10-02T19:30:07 Random-125-125-4-5_0 60.56 unsat 1.29e+04 nodes 0 s; 1329 queued
2026-10-02T19:30:07 Random-125-125-4-5_0 60.73 unsat 5.48e+03 nodes 0 s; 1328 queued
2026-10-02T19:30:07 Random-125-125-4-5_0 60.86 unsat 5.46e+03 nodes 0 s; 1327 queued
2026-10-02T19:30:07 Random-125-125-4-5_0 60.71 unsat 1.1e+04 nodes 0 s; 1326 queued
2026-10-02T19:30:07 Random-125-125-4-5_0 60.67 unsat 1.44e+04 nodes 0 s; 1325 queued
2026-10-02T19:30:07 Random-125-125-4-5_0 60.99 unsat 4.29e+03 nodes 0 s; 1324 queued
2026-10-02T19:30:07 Random-125-125-4-5_0 60.65 unsat 4.07e+03 nodes 0 s; 1323 queued
2026-10-02T19:30:07 Random-125-125-4-5_0 60.119 unsat 4.21e+03 nodes 0 s; 1322 queued
2026-10-02T19:30:07 Random-125-125-4-5_0 60.117 unsat 2.32e+03 nodes 0 s; 1321 queued
2026-10-02T19:30:07 Random-125-125-4-5_0 60.75 unsat 2.9e+03 nodes 0 s; 1320 queued
2026-10-02T19:30:07 Random-125-125-4-5_0 60.109 unsat 7.36e+03 nodes 0 s; 1319 queued
2026-10-02T19:30:07 Random-125-125-4-5_0 60.29 unsat 1.34e+03 nodes 0 s; 1318 queued
2026-10-02T19:30:07 Random-125-125-4-5_0 60.38 unsat 2.43e+03 nodes 0 s; 1317 queued
2026-10-02T19:30:07 Random-125-125-4-5_0 60.27 unsat 1.26e+03 nodes 0 s; 1316 queued
2026-10-02T19:30:07 Random-125-125-4-5_0 60.96 unsat 1.6e+03 nodes 0 s; 1315 queued
2026-10-02T19:30:07 Random-125-125-4-5_0 60.47 unsat 3.12e+03 nodes 0 s; 1314 queued
2026-10-02T19:30:21 Random-125-125-4-5_0 60.44 unsat 1.67e+08 nodes 158 s; 1313 queued
2026-10-02T19:31:11 Random-125-125-4-5_0 60.76 unsat 2.25e+08 nodes 196 s; 1312 queued
2026-10-02T19:33:24 Random-125-125-4-5_0 60.98 unsat 5.62e+08 nodes 603 s; 1311 queued
2026-10-02T19:33:34 Random-125-125-4-5_0 60.41 unsat 6.64e+08 nodes 613 s; 1310 queued
2026-10-02T19:34:39 Random-125-125-4-5_0 57.30 unsat 1.58e+09 nodes 1179 s; 1309 queued
2026-10-02T19:35:55 Random-125-125-4-5_0 57.32 unsat 1.29e+09 nodes 1255 s; 1308 queued
2026-10-02T19:37:09 Random-125-125-4-5_0 63.60 unsat 3.08e+09 nodes 2371 s; 1307 queued
2026-10-02T19:37:18 Random-125-125-4-5_0 58.32 unsat 1.62e+08 nodes 159 s; 1306 queued
2026-10-02T19:37:23 Random-125-125-4-5_0 58.87 unsat 3.74e+08 nodes 372 s; 1305 queued
2026-10-02T19:37:56 Random-125-125-4-5_0 58.21 unsat 3.13e+08 nodes 262 s; 1304 queued
2026-10-02T19:38:02 Random-125-125-4-5_0 58.89 unsat 8.03e+07 nodes 53 s; 1303 queued
2026-10-02T19:38:03 Random-125-125-4-5_0 58.95 unsat 4.01e+07 nodes 40 s; 1302 queued
2026-10-02T19:38:08 Random-125-125-4-5_0 58.14 unsat 1.63e+07 nodes 12 s; 1301 queued
2026-10-02T19:38:16 Random-125-125-4-5_0 58.69 unsat 1.04e+07 nodes 8 s; 1300 queued
2026-10-02T19:38:17 Random-125-125-4-5_0 58.16 unsat 2.09e+07 nodes 14 s; 1299 queued
2026-10-02T19:38:19 Random-125-125-4-5_0 58.19 unsat 1.6e+07 nodes 16 s; 1298 queued
2026-10-02T19:38:21 Random-125-125-4-5_0 58.90 unsat 5.11e+06 nodes 4 s; 1297 queued
2026-10-02T19:38:23 Random-125-125-4-5_0 58.3 unsat 3.63e+06 nodes 4 s; 1296 queued
2026-10-02T19:38:23 Random-125-125-4-5_0 58.48 unsat 3.86e+06 nodes 3 s; 1295 queued
2026-10-02T19:38:25 Random-125-125-4-5_0 60.30 unsat 9.1e+08 nodes 904 s; 1294 queued
2026-10-02T19:38:25 Random-125-125-4-5_0 58.101 unsat 2.65e+06 nodes 2 s; 1293 queued
2026-10-02T19:38:26 Random-125-125-4-5_0 58.104 unsat 9.51e+05 nodes 1 s; 1292 queued
2026-10-02T19:38:27 Random-125-125-4-5_0 58.76 unsat 3.82e+06 nodes 4 s; 1291 queued
2026-10-02T19:38:27 Random-125-125-4-5_0 58.49 unsat 2.17e+06 nodes 2 s; 1290 queued
2026-10-02T19:38:28 Random-125-125-4-5_0 58.4 unsat 1.71e+06 nodes 1 s; 1289 queued
2026-10-02T19:38:28 Random-125-125-4-5_0 58.31 unsat 5.28e+05 nodes 1 s; 1288 queued
2026-10-02T19:38:28 Random-125-125-4-5_0 58.78 unsat 9.26e+05 nodes 1 s; 1287 queued
2026-10-02T19:38:28 Random-125-125-4-5_0 58.82 unsat 4.6e+05 nodes 1 s; 1286 queued
2026-10-02T19:38:28 Random-125-125-4-5_0 58.107 unsat 5.12e+05 nodes 1 s; 1285 queued
2026-10-02T19:38:29 Random-125-125-4-5_0 58.12 unsat 1.17e+05 nodes 0 s; 1284 queued
2026-10-02T19:38:29 Random-125-125-4-5_0 58.124 unsat 4.68e+05 nodes 1 s; 1283 queued
2026-10-02T19:38:29 Random-125-125-4-5_0 58.66 unsat 3.87e+05 nodes 0 s; 1282 queued
2026-10-02T19:38:29 Random-125-125-4-5_0 58.2 unsat 3.06e+04 nodes 0 s; 1281 queued
2026-10-02T19:38:29 Random-125-125-4-5_0 58.28 unsat 1.64e+05 nodes 0 s; 1280 queued
2026-10-02T19:38:29 Random-125-125-4-5_0 58.84 unsat 1.77e+05 nodes 0 s; 1279 queued
2026-10-02T19:38:29 Random-125-125-4-5_0 58.5 unsat 1.69e+05 nodes 0 s; 1278 queued
2026-10-02T19:38:29 Random-125-125-4-5_0 58.39 unsat 1.15e+05 nodes 0 s; 1277 queued
2026-10-02T19:38:29 Random-125-125-4-5_0 58.11 unsat 1.79e+05 nodes 0 s; 1276 queued
2026-10-02T19:38:29 Random-125-125-4-5_0 58.26 unsat 4.4e+04 nodes 0 s; 1275 queued
2026-10-02T19:38:29 Random-125-125-4-5_0 58.54 unsat 1.12e+05 nodes 0 s; 1274 queued
2026-10-02T19:38:29 Random-125-125-4-5_0 58.81 unsat 1.13e+05 nodes 0 s; 1273 queued
2026-10-02T19:38:29 Random-125-125-4-5_0 58.45 unsat 4.92e+04 nodes 0 s; 1272 queued
2026-10-02T19:38:29 Random-125-125-4-5_0 58.72 unsat 5.57e+04 nodes 0 s; 1271 queued
2026-10-02T19:38:29 Random-125-125-4-5_0 58.36 unsat 2.33e+04 nodes 0 s; 1270 queued
2026-10-02T19:38:29 Random-125-125-4-5_0 58.83 unsat 6.21e+04 nodes 0 s; 1269 queued
2026-10-02T19:38:29 Random-125-125-4-5_0 58.37 unsat 3.92e+04 nodes 0 s; 1268 queued
2026-10-02T19:38:29 Random-125-125-4-5_0 58.100 unsat 1.94e+04 nodes 0 s; 1267 queued
2026-10-02T19:38:29 Random-125-125-4-5_0 58.56 unsat 4.01e+04 nodes 0 s; 1266 queued
2026-10-02T19:38:29 Random-125-125-4-5_0 58.1 unsat 1.64e+04 nodes 0 s; 1265 queued
2026-10-02T19:38:29 Random-125-125-4-5_0 58.71 unsat 1.44e+04 nodes 0 s; 1264 queued
2026-10-02T19:38:29 Random-125-125-4-5_0 58.80 unsat 2.23e+04 nodes 0 s; 1263 queued
2026-10-02T19:38:29 Random-125-125-4-5_0 58.113 unsat 1.58e+04 nodes 0 s; 1262 queued
2026-10-02T19:38:29 Random-125-125-4-5_0 58.7 unsat 6.4e+03 nodes 0 s; 1261 queued
2026-10-02T19:38:29 Random-125-125-4-5_0 58.120 unsat 1.27e+04 nodes 0 s; 1260 queued
2026-10-02T19:38:29 Random-125-125-4-5_0 58.97 unsat 4.13e+04 nodes 0 s; 1259 queued
2026-10-02T19:38:29 Random-125-125-4-5_0 58.73 unsat 2.7e+03 nodes 0 s; 1258 queued
2026-10-02T19:38:29 Random-125-125-4-5_0 58.8 unsat 7.91e+03 nodes 0 s; 1257 queued
2026-10-02T19:38:29 Random-125-125-4-5_0 58.65 unsat 7.37e+03 nodes 0 s; 1256 queued
2026-10-02T19:38:29 Random-125-125-4-5_0 58.86 unsat 4.35e+03 nodes 0 s; 1255 queued
2026-10-02T19:38:29 Random-125-125-4-5_0 58.67 unsat 8.05e+03 nodes 0 s; 1254 queued
2026-10-02T19:38:29 Random-125-125-4-5_0 58.109 unsat 8.63e+03 nodes 0 s; 1253 queued
2026-10-02T19:38:29 Random-125-125-4-5_0 58.75 unsat 1.87e+03 nodes 0 s; 1252 queued
2026-10-02T19:38:29 Random-125-125-4-5_0 58.99 unsat 3.19e+03 nodes 0 s; 1251 queued
2026-10-02T19:38:29 Random-125-125-4-5_0 58.29 unsat 1.89e+03 nodes 0 s; 1250 queued
2026-10-02T19:38:29 Random-125-125-4-5_0 58.119 unsat 3.68e+03 nodes 0 s; 1249 queued
2026-10-02T19:38:29 Random-125-125-4-5_0 58.38 unsat 8.16e+03 nodes 0 s; 1248 queued
2026-10-02T19:38:29 Random-125-125-4-5_0 58.117 unsat 3.19e+03 nodes 0 s; 1247 queued
2026-10-02T19:38:29 Random-125-125-4-5_0 58.47 unsat 2.84e+03 nodes 0 s; 1246 queued
2026-10-02T19:38:29 Random-125-125-4-5_0 58.96 unsat 1.7e+03 nodes 0 s; 1245 queued
2026-10-02T19:38:29 Random-125-125-4-5_0 58.27 unsat 3.23e+03 nodes 0 s; 1244 queued
2026-10-02T19:38:30 Random-125-125-4-5_0 58.77 unsat 1.26e+07 nodes 14 s; 1243 queued
2026-10-02T19:38:31 Random-125-125-4-5_0 58.44 unsat 1.46e+08 nodes 155 s; 1242 queued
2026-10-02T19:38:31 Random-125-125-4-5_0 58.91 unsat 7.39e+07 nodes 73 s; 1241 queued
2026-10-02T19:38:34 Random-125-125-4-5_0 58.30 unsat 6.28e+08 nodes 507 s; 1240 queued
2026-10-02T19:38:41 Random-125-125-4-5_0 58.98 unsat 3.02e+08 nodes 317 s; 1239 queued
2026-10-02T19:39:03 Random-125-125-4-5_0 58.41 unsat 5.74e+08 nodes 522 s; 1238 queued
2026-10-02T19:40:26 Random-125-125-4-2_0 57.72 unsat 1.11e+08 nodes 83 s; 1237 queued
2026-10-02T19:40:46 Random-125-125-2-4_0 46.2 unsat 4.61e+09 nodes 3758 s; 1236 queued
2026-10-02T19:41:27 Random-125-125-4-2_0 57.15 unsat 8.13e+07 nodes 61 s; 1235 queued
2026-10-02T19:41:29 Random-125-125-4-5_0 63.58 unsat 3.3e+09 nodes 2737 s; 1234 queued
2026-10-02T19:42:04 Random-125-125-4-2_0 57.35 unsat 8.53e+07 nodes 78 s; 1233 queued
2026-10-02T19:42:15 Random-125-125-4-2_0 57.107 unsat 3.91e+07 nodes 46 s; 1232 queued
2026-10-02T19:42:21 Random-125-125-4-2_0 57.2 unsat 2.82e+08 nodes 226 s; 1231 queued
2026-10-02T19:42:25 Random-125-125-4-2_0 57.16 unsat 2.86e+07 nodes 21 s; 1230 queued
2026-10-02T19:42:37 Random-125-125-4-2_0 57.74 unsat 6.45e+07 nodes 69 s; 1229 queued
2026-10-02T19:42:39 Random-125-125-4-2_0 57.24 unsat 2.02e+07 nodes 24 s; 1228 queued
2026-10-02T19:42:40 Random-125-125-4-2_0 57.29 unsat 2.37e+07 nodes 19 s; 1227 queued
2026-10-02T19:42:45 Random-125-125-4-2_0 57.42 unsat 2.5e+07 nodes 20 s; 1226 queued
2026-10-02T19:42:51 Random-125-125-4-2_0 57.83 unsat 1.31e+07 nodes 14 s; 1225 queued
2026-10-02T19:42:53 Random-125-125-4-2_0 57.103 unsat 9.87e+06 nodes 8 s; 1224 queued
2026-10-02T19:42:54 Random-125-125-4-2_0 57.96 unsat 1.19e+07 nodes 15 s; 1223 queued
2026-10-02T19:42:57 Random-125-125-4-2_0 57.97 unsat 2.29e+07 nodes 18 s; 1222 queued
2026-10-02T19:42:58 Random-125-125-4-2_0 57.8 unsat 3.19e+06 nodes 4 s; 1221 queued
2026-10-02T19:42:58 Random-125-125-4-2_0 57.78 unsat 6.6e+06 nodes 5 s; 1220 queued
2026-10-02T19:42:59 Random-125-125-4-2_0 57.121 unsat 7.18e+06 nodes 8 s; 1219 queued
2026-10-02T19:42:59 Random-125-125-4-2_0 57.27 unsat 2.3e+06 nodes 2 s; 1218 queued
2026-10-02T19:43:00 Random-125-125-4-2_0 57.36 unsat 1.46e+06 nodes 2 s; 1217 queued
2026-10-02T19:43:00 Random-125-125-4-2_0 57.67 unsat 9.91e+05 nodes 1 s; 1216 queued
2026-10-02T19:43:00 Random-125-125-4-2_0 57.38 unsat 2.29e+06 nodes 2 s; 1215 queued
2026-10-02T19:43:00 Random-125-125-4-2_0 57.98 unsat 6.22e+05 nodes 1 s; 1214 queued
2026-10-02T19:43:01 Random-125-125-4-2_0 57.82 unsat 1.09e+06 nodes 1 s; 1213 queued
2026-10-02T19:43:01 Random-125-125-4-2_0 57.68 unsat 1.38e+06 nodes 2 s; 1212 queued
2026-10-02T19:43:01 Random-125-125-4-2_0 57.3 unsat 4.97e+05 nodes 0 s; 1211 queued
2026-10-02T19:43:01 Random-125-125-4-2_0 57.47 unsat 2.17e+06 nodes 2 s; 1210 queued
2026-10-02T19:43:02 Random-125-125-4-2_0 57.93 unsat 4.56e+05 nodes 0 s; 1209 queued
2026-10-02T19:43:02 Random-125-125-4-2_0 57.99 unsat 1.49e+06 nodes 1 s; 1208 queued
2026-10-02T19:43:02 Random-125-125-4-2_0 57.58 unsat 5.46e+05 nodes 1 s; 1207 queued
2026-10-02T19:43:02 Random-125-125-4-2_0 57.5 unsat 2.25e+05 nodes 0 s; 1206 queued
2026-10-02T19:43:02 Random-125-125-4-2_0 57.46 unsat 2.81e+05 nodes 0 s; 1205 queued
2026-10-02T19:43:02 Random-125-125-4-2_0 57.124 unsat 6.61e+05 nodes 1 s; 1204 queued
2026-10-02T19:43:02 Random-125-125-4-2_0 57.76 unsat 2.45e+05 nodes 0 s; 1203 queued
2026-10-02T19:43:02 Random-125-125-4-2_0 57.87 unsat 1.41e+05 nodes 0 s; 1202 queued
2026-10-02T19:43:02 Random-125-125-4-2_0 57.64 unsat 2.66e+05 nodes 0 s; 1201 queued
2026-10-02T19:43:02 Random-125-125-4-2_0 57.7 unsat 1.33e+05 nodes 0 s; 1200 queued
2026-10-02T19:43:02 Random-125-125-4-2_0 57.54 unsat 1.25e+05 nodes 0 s; 1199 queued
2026-10-02T19:43:02 Random-125-125-4-2_0 57.66 unsat 7.33e+04 nodes 0 s; 1198 queued
2026-10-02T19:43:02 Random-125-125-4-2_0 57.9 unsat 1.81e+05 nodes 0 s; 1197 queued
2026-10-02T19:43:02 Random-125-125-4-2_0 57.63 unsat 7.66e+04 nodes 0 s; 1196 queued
2026-10-02T19:43:02 Random-125-125-4-2_0 57.105 unsat 3.6e+05 nodes 0 s; 1195 queued
2026-10-02T19:43:02 Random-125-125-4-2_0 57.71 unsat 3.35e+04 nodes 0 s; 1194 queued
2026-10-02T19:43:02 Random-125-125-4-2_0 57.84 unsat 3.09e+04 nodes 0 s; 1193 queued
2026-10-02T19:43:02 Random-125-125-4-2_0 57.101 unsat 9.12e+04 nodes 0 s; 1192 queued
2026-10-02T19:43:02 Random-125-125-4-2_0 57.116 unsat 3.48e+04 nodes 0 s; 1191 queued
2026-10-02T19:43:02 Random-125-125-4-2_0 57.114 unsat 3.62e+04 nodes 0 s; 1191 queued
2026-10-02T19:43:02 Random-125-125-4-2_0 57.91 unsat 4.79e+04 nodes 0 s; 1189 queued
2026-10-02T19:43:02 Random-125-125-4-2_0 57.18 unsat 3.11e+04 nodes 0 s; 1188 queued
2026-10-02T19:43:03 Random-125-125-4-2_0 57.37 unsat 1.76e+04 nodes 0 s; 1187 queued
2026-10-02T19:43:03 Random-125-125-4-2_0 57.41 unsat 3.4e+04 nodes 0 s; 1186 queued
2026-10-02T19:43:03 Random-125-125-4-2_0 57.102 unsat 3.01e+04 nodes 0 s; 1185 queued
2026-10-02T19:43:03 Random-125-125-4-2_0 57.22 unsat 1.67e+04 nodes 0 s; 1184 queued
2026-10-02T19:43:03 Random-125-125-4-2_0 57.6 unsat 3.29e+04 nodes 0 s; 1183 queued
2026-10-02T19:43:03 Random-125-125-4-2_0 57.61 unsat 6.45e+03 nodes 0 s; 1182 queued
2026-10-02T19:43:03 Random-125-125-4-2_0 57.17 unsat 2.82e+04 nodes 0 s; 1181 queued
2026-10-02T19:43:03 Random-125-125-4-2_0 57.26 unsat 1.42e+04 nodes 0 s; 1180 queued
2026-10-02T19:43:03 Random-125-125-4-2_0 57.0 unsat 9.1e+03 nodes 0 s; 1179 queued
2026-10-02T19:43:03 Random-125-125-4-2_0 57.70 unsat 5.27e+03 nodes 0 s; 1178 queued
2026-10-02T19:43:03 Random-125-125-4-2_0 57.95 unsat 5.95e+03 nodes 0 s; 1177 queued
2026-10-02T19:43:03 Random-125-125-4-2_0 57.44 unsat 6.03e+03 nodes 0 s; 1176 queued
2026-10-02T19:43:03 Random-125-125-4-2_0 57.11 unsat 3.7e+03 nodes 0 s; 1175 queued
2026-10-02T19:43:03 Random-125-125-4-2_0 57.122 unsat 1.76e+04 nodes 0 s; 1174 queued
2026-10-02T19:43:03 Random-125-125-4-2_0 57.20 unsat 3.24e+03 nodes 0 s; 1173 queued
2026-10-02T19:43:03 Random-125-125-4-2_0 57.19 unsat 5.85e+03 nodes 0 s; 1173 queued
2026-10-02T19:43:03 Random-125-125-4-2_0 57.109 unsat 2.49e+03 nodes 0 s; 1171 queued
2026-10-02T19:43:03 Random-125-125-4-2_0 57.32 unsat 2.78e+03 nodes 0 s; 1170 queued
2026-10-02T19:43:03 Random-125-125-4-2_0 57.21 unsat 5.23e+03 nodes 0 s; 1169 queued
2026-10-02T19:43:03 Random-125-125-4-2_0 57.75 unsat 4.08e+03 nodes 0 s; 1168 queued
2026-10-02T19:43:03 Random-125-125-4-2_0 57.119 unsat 2.87e+03 nodes 0 s; 1167 queued
2026-10-02T19:43:03 Random-125-125-4-2_0 57.39 unsat 1.21e+03 nodes 0 s; 1166 queued
2026-10-02T19:43:03 Random-125-125-4-2_0 57.80 unsat 872 nodes 0 s; 1165 queued
2026-10-02T19:43:03 Random-125-125-4-2_0 57.1 unsat 2.14e+03 nodes 0 s; 1164 queued
2026-10-02T19:43:03 Random-125-125-4-2_0 57.30 unsat 557 nodes 0 s; 1163 queued
2026-10-02T19:43:03 Random-125-125-4-2_0 57.108 unsat 197 nodes 0 s; 1162 queued
2026-10-02T19:43:03 Random-125-125-4-2_0 57.50 unsat 1.7e+03 nodes 0 s; 1162 queued
2026-10-02T19:43:03 Random-125-125-4-2_0 57.111 unsat 599 nodes 0 s; 1160 queued
2026-10-02T19:43:03 Random-125-125-4-2_0 57.23 unsat 217 nodes 0 s; 1159 queued
2026-10-02T19:43:03 Random-125-125-4-2_0 57.45 unsat 1.5e+03 nodes 0 s; 1158 queued
2026-10-02T19:43:03 Random-125-125-4-2_0 57.40 unsat 383 nodes 0 s; 1157 queued
2026-10-02T19:43:03 Random-125-125-4-2_0 57.100 unsat 3.21e+03 nodes 0 s; 1156 queued
2026-10-02T19:43:03 Random-125-125-4-2_0 57.4 unsat 325 nodes 0 s; 1155 queued
2026-10-02T19:43:03 Random-125-125-4-2_0 57.25 unsat 805 nodes 0 s; 1154 queued
2026-10-02T19:43:03 Random-125-125-4-2_0 57.79 unsat 214 nodes 0 s; 1154 queued
2026-10-02T19:43:03 Random-125-125-4-2_0 57.13 unsat 171 nodes 0 s; 1152 queued
2026-10-02T19:43:03 Random-125-125-4-2_0 57.81 unsat 2.76e+03 nodes 0 s; 1152 queued
2026-10-02T19:43:03 Random-125-125-4-2_0 57.12 unsat 123 nodes 0 s; 1150 queued
2026-10-02T19:43:03 Random-125-125-4-2_0 57.77 unsat 70 nodes 0 s; 1149 queued
2026-10-02T19:43:03 Random-125-125-4-2_0 57.113 unsat 352 nodes 0 s; 1148 queued
2026-10-02T19:43:03 Random-125-125-4-2_0 57.28 unsat 225 nodes 0 s; 1147 queued
2026-10-02T19:43:24 Random-125-125-4-2_0 57.51 unsat 2.77e+08 nodes 283 s; 1146 queued
2026-10-02T19:45:03 Random-125-125-4-2_0 57.120 unsat 4.06e+08 nodes 392 s; 1145 queued
2026-10-02T19:47:42 Random-125-125-4-2_0 57.106 unsat 6.15e+08 nodes 552 s; 1144 queued
2026-10-02T19:49:51 Random-125-125-2-4_0 46.59 unknown 6e+09 nodes 4514 s; 1190 queued
2026-10-02T19:50:17 Random-125-125-4-5_0 58.18 unsat 1.58e+09 nodes 1210 s; 1189 queued
2026-10-02T19:50:37 Random-125-125-4-5_0 57.58 unsat 2.42e+09 nodes 2137 s; 1188 queued
2026-10-02T19:51:38 Random-125-125-4-5_0 6.63 unknown 6e+09 nodes 5739 s; 1259 queued
2026-10-02T19:52:16 Random-125-125-4-2_0 104.15 unsat 8.14e+07 nodes 98 s; 1258 queued
2026-10-02T19:52:43 Random-125-125-4-5_0 60.87 unsat 1.87e+09 nodes 1763 s; 1257 queued
2026-10-02T19:52:52 Random-125-125-4-2_0 104.86 unsat 1.41e+08 nodes 154 s; 1256 queued
2026-10-02T19:53:22 Random-125-125-4-2_0 104.51 unsat 2.65e+08 nodes 212 s; 1255 queued
2026-10-02T19:53:32 Random-125-125-4-2_0 104.62 unsat 6.14e+08 nodes 510 s; 1254 queued
2026-10-02T19:53:56 Random-125-125-2-4_0 46.111 unknown 6e+09 nodes 4601 s; 1295 queued
2026-10-02T19:54:49 Random-125-125-4-2_0 104.120 unsat 4.53e+08 nodes 427 s; 1294 queued
2026-10-02T19:55:12 Random-125-125-4-5_0 57.60 unsat 2.39e+09 nodes 2412 s; 1293 queued
2026-10-02T19:56:43 Random-125-125-4-2_0 57.86 unsat 1.13e+09 nodes 1093 s; 1292 queued
2026-10-02T19:57:41 Random-125-125-4-2_0 104.55 unsat 7.97e+08 nodes 857 s; 1291 queued
2026-10-02T19:58:02 Random-125-125-4-5_0 6.63.18 unsat 1.52e+08 nodes 170 s; 1290 queued
2026-10-02T19:58:30 Random-125-125-4-5_0 6.63.87 unsat 2.69e+08 nodes 274 s; 1289 queued
2026-10-02T19:59:01 Random-125-125-2-4_0 46.85 unknown 6e+09 nodes 5064 s; 1334 queued
2026-10-02T19:59:02 Random-125-125-4-5_0 6.63.32 unsat 1.26e+08 nodes 139 s; 1333 queued
2026-10-02T19:59:08 Random-125-125-4-5_0 6.63.89 unsat 3.35e+07 nodes 38 s; 1332 queued
2026-10-02T19:59:19 Random-125-125-4-5_0 6.63.44 unsat 1.07e+08 nodes 98 s; 1331 queued
2026-10-02T19:59:20 Random-125-125-4-5_0 6.63.14 unsat 9.87e+06 nodes 12 s; 1330 queued
2026-10-02T19:59:23 Random-125-125-4-5_0 6.63.77 unsat 7.87e+07 nodes 80 s; 1329 queued
2026-10-02T19:59:26 Random-125-125-4-5_0 6.63.19 unsat 7.88e+06 nodes 6 s; 1328 queued
2026-10-02T19:59:28 Random-125-125-4-5_0 6.63.90 unsat 2.75e+06 nodes 2 s; 1327 queued
2026-10-02T19:59:28 Random-125-125-4-5_0 6.63.69 unsat 4.53e+06 nodes 5 s; 1326 queued
2026-10-02T19:59:30 Random-125-125-4-5_0 6.63.48 unsat 2.67e+06 nodes 2 s; 1325 queued
2026-10-02T19:59:30 Random-125-125-4-5_0 6.63.95 unsat 2.45e+07 nodes 28 s; 1324 queued
2026-10-02T19:59:31 Random-125-125-4-5_0 6.63.3 unsat 3.29e+06 nodes 3 s; 1323 queued
2026-10-02T19:59:31 Random-125-125-4-5_0 6.63.16 unsat 1.12e+07 nodes 12 s; 1322 queued
2026-10-02T19:59:32 Random-125-125-4-5_0 6.63.49 unsat 1.16e+06 nodes 1 s; 1321 queued
2026-10-02T19:59:33 Random-125-125-4-5_0 6.63.62 unsat 2.11e+06 nodes 2 s; 1320 queued
2026-10-02T19:59:33 Random-125-125-4-5_0 6.63.76 unsat 2.07e+06 nodes 2 s; 1319 queued
2026-10-02T19:59:33 Random-125-125-4-5_0 6.63.101 unsat 6.92e+05 nodes 1 s; 1318 queued
2026-10-02T19:59:33 Random-125-125-4-5_0 6.63.4 unsat 2.67e+06 nodes 2 s; 1317 queued
2026-10-02T19:59:33 Random-125-125-4-5_0 6.63.104 unsat 4.96e+05 nodes 1 s; 1316 queued
2026-10-02T19:59:33 Random-125-125-4-5_0 6.63.31 unsat 2.24e+05 nodes 0 s; 1315 queued
2026-10-02T19:59:33 Random-125-125-4-5_0 6.63.15 unsat 4.98e+05 nodes 0 s; 1314 queued
2026-10-02T19:59:33 Random-125-125-4-5_0 6.63.82 unsat 2.51e+05 nodes 0 s; 1313 queued
2026-10-02T19:59:34 Random-125-125-4-5_0 6.63.107 unsat 2.26e+05 nodes 0 s; 1312 queued
2026-10-02T19:59:34 Random-125-125-4-5_0 6.63.2 unsat 2.62e+04 nodes 0 s; 1311 queued
2026-10-02T19:59:34 Random-125-125-4-5_0 6.63.84 unsat 1.54e+05 nodes 0 s; 1310 queued
2026-10-02T19:59:34 Random-125-125-4-5_0 6.63.12 unsat 6.17e+04 nodes 0 s; 1309 queued
2026-10-02T19:59:34 Random-125-125-4-5_0 6.63.124 unsat 1.31e+05 nodes 0 s; 1308 queued
2026-10-02T19:59:34 Random-125-125-4-5_0 6.63.78 unsat 1.12e+06 nodes 1 s; 1307 queued
2026-10-02T19:59:34 Random-125-125-4-5_0 6.63.28 unsat 4.62e+04 nodes 0 s; 1306 queued
2026-10-02T19:59:34 Random-125-125-4-5_0 6.63.66 unsat 1.11e+05 nodes 0 s; 1305 queued
2026-10-02T19:59:34 Random-125-125-4-5_0 6.63.26 unsat 2.41e+04 nodes 0 s; 1304 queued
2026-10-02T19:59:34 Random-125-125-4-5_0 6.63.5 unsat 5.06e+04 nodes 0 s; 1303 queued
2026-10-02T19:59:34 Random-125-125-4-5_0 6.63.39 unsat 7.68e+04 nodes 0 s; 1302 queued
2026-10-02T19:59:34 Random-125-125-4-5_0 6.63.45 unsat 4.16e+04 nodes 0 s; 1301 queued
2026-10-02T19:59:34 Random-125-125-4-5_0 6.63.72 unsat 3.71e+04 nodes 0 s; 1300 queued
2026-10-02T19:59:34 Random-125-125-4-5_0 6.63.54 unsat 8.15e+04 nodes 0 s; 1299 queued
2026-10-02T19:59:34 Random-125-125-4-5_0 6.63.11 unsat 2.82e+04 nodes 0 s; 1298 queued
2026-10-02T19:59:34 Random-125-125-4-5_0 6.63.37 unsat 2.03e+04 nodes 0 s; 1297 queued
2026-10-02T19:59:34 Random-125-125-4-5_0 6.63.83 unsat 3.38e+04 nodes 0 s; 1296 queued
2026-10-02T19:59:34 Random-125-125-4-5_0 6.63.81 unsat 1.91e+04 nodes 0 s; 1295 queued
2026-10-02T19:59:34 Random-125-125-4-5_0 6.63.7 unsat 5.1e+03 nodes 0 s; 1294 queued
2026-10-02T19:59:34 Random-125-125-4-5_0 6.63.1 unsat 1.15e+04 nodes 0 s; 1293 queued
2026-10-02T19:59:34 Random-125-125-4-5_0 6.63.120 unsat 1.89e+04 nodes 0 s; 1292 queued
2026-10-02T19:59:34 Random-125-125-4-5_0 6.63.36 unsat 7.16e+03 nodes 0 s; 1291 queued
2026-10-02T19:59:34 Random-125-125-4-5_0 6.63.113 unsat 8.44e+03 nodes 0 s; 1290 queued
2026-10-02T19:59:34 Random-125-125-4-5_0 6.63.100 unsat 9.53e+03 nodes 0 s; 1289 queued
2026-10-02T19:59:34 Random-125-125-4-5_0 6.63.8 unsat 9.32e+03 nodes 0 s; 1288 queued
2026-10-02T19:59:34 Random-125-125-4-5_0 6.63.67 unsat 7.91e+03 nodes 0 s; 1287 queued
2026-10-02T19:59:34 Random-125-125-4-5_0 6.63.56 unsat 8.88e+03 nodes 0 s; 1286 queued
2026-10-02T19:59:34 Random-125-125-4-5_0 6.63.80 unsat 6.3e+03 nodes 0 s; 1285 queued
2026-10-02T19:59:34 Random-125-125-4-5_0 6.63.71 unsat 6.91e+03 nodes 0 s; 1284 queued
2026-10-02T19:59:34 Random-125-125-4-5_0 6.63.73 unsat 1.53e+03 nodes 0 s; 1283 queued
2026-10-02T19:59:34 Random-125-125-4-5_0 6.63.65 unsat 4.2e+03 nodes 0 s; 1282 queued
2026-10-02T19:59:34 Random-125-125-4-5_0 6.63.86 unsat 2.83e+03 nodes 0 s; 1281 queued
2026-10-02T19:59:34 Random-125-125-4-5_0 6.63.99 unsat 3.65e+03 nodes 0 s; 1280 queued
2026-10-02T19:59:34 Random-125-125-4-5_0 6.63.109 unsat 8.34e+03 nodes 0 s; 1279 queued
2026-10-02T19:59:34 Random-125-125-4-5_0 6.63.75 unsat 1.53e+03 nodes 0 s; 1278 queued
2026-10-02T19:59:34 Random-125-125-4-5_0 6.63.29 unsat 1.25e+03 nodes 0 s; 1277 queued
2026-10-02T19:59:34 Random-125-125-4-5_0 6.63.119 unsat 2.65e+03 nodes 0 s; 1276 queued
2026-10-02T19:59:34 Random-125-125-4-5_0 6.63.38 unsat 1.85e+03 nodes 0 s; 1275 queued
2026-10-02T19:59:34 Random-125-125-4-5_0 6.63.27 unsat 1.61e+03 nodes 0 s; 1274 queued
2026-10-02T19:59:34 Random-125-125-4-5_0 6.63.96 unsat 734 nodes 0 s; 1273 queued
2026-10-02T19:59:34 Random-125-125-4-5_0 6.63.47 unsat 2.5e+03 nodes 0 s; 1272 queued
2026-10-02T19:59:38 Random-125-125-4-5_0 6.63.98 unsat 2.84e+08 nodes 289 s; 1271 queued
2026-10-02T19:59:54 Random-125-125-4-2_0 104.24 unsat 2.05e+07 nodes 16 s; 1270 queued
2026-10-02T19:59:57 Random-125-125-4-5_0 6.63.91 unsat 5.72e+07 nodes 56 s; 1269 queued
2026-10-02T20:00:11 Random-125-125-4-2_0 57.62 unsat 1.56e+09 nodes 1302 s; 1268 queued
2026-10-02T20:00:20 Random-125-125-4-2_0 104.29 unsat 2.91e+07 nodes 26 s; 1267 queued
2026-10-02T20:00:23 Random-125-125-4-2_0 104.107 unsat 4.43e+07 nodes 49 s; 1266 queued
2026-10-02T20:00:24 Random-125-125-4-2_0 104.72 unsat 1.61e+07 nodes 12 s; 1265 queued
2026-10-02T20:00:24 Random-125-125-4-2_0 104.16 unsat 4.61e+07 nodes 50 s; 1264 queued
2026-10-02T20:00:27 Random-125-125-4-2_0 104.74 unsat 6.96e+07 nodes 53 s; 1263 queued
2026-10-02T20:00:32 Random-125-125-4-2_0 104.42 unsat 3.13e+07 nodes 35 s; 1262 queued
2026-10-02T20:00:32 Random-125-125-4-2_0 104.83 unsat 4.34e+06 nodes 5 s; 1261 queued
2026-10-02T20:00:33 Random-125-125-4-2_0 104.121 unsat 1.17e+07 nodes 10 s; 1260 queued
2026-10-02T20:00:34 Random-125-125-4-2_0 104.78 unsat 8.18e+06 nodes 9 s; 1259 queued
2026-10-02T20:00:35 Random-125-125-4-2_0 104.27 unsat 2.74e+06 nodes 3 s; 1258 queued
2026-10-02T20:00:35 Random-125-125-4-2_0 104.96 unsat 1.21e+07 nodes 15 s; 1257 queued
2026-10-02T20:00:36 Random-125-125-4-2_0 104.47 unsat 2.47e+06 nodes 2 s; 1256 queued
2026-10-02T20:00:36 Random-125-125-4-2_0 104.58 unsat 1.85e+06 nodes 2 s; 1255 queued
2026-10-02T20:00:37 Random-125-125-4-2_0 104.38 unsat 2.7e+06 nodes 3 s; 1254 queued
2026-10-02T20:00:37 Random-125-125-4-2_0 104.82 unsat 1.05e+06 nodes 1 s; 1253 queued
2026-10-02T20:00:37 Random-125-125-4-2_0 104.68 unsat 1.58e+06 nodes 2 s; 1252 queued
2026-10-02T20:00:37 Random-125-125-4-2_0 104.98 unsat 6.79e+05 nodes 1 s; 1251 queued
2026-10-02T20:00:37 Random-125-125-4-2_0 104.3 unsat 4.43e+05 nodes 1 s; 1250 queued
2026-10-02T20:00:38 Random-125-125-4-2_0 104.36 unsat 3.37e+05 nodes 0 s; 1249 queued
2026-10-02T20:00:38 Random-125-125-4-2_0 104.93 unsat 3.98e+05 nodes 1 s; 1248 queued
2026-10-02T20:00:38 Random-125-125-4-2_0 104.8 unsat 7.03e+05 nodes 1 s; 1247 queued
2026-10-02T20:00:38 Random-125-125-4-2_0 104.5 unsat 2.03e+05 nodes 0 s; 1246 queued
2026-10-02T20:00:38 Random-125-125-4-2_0 104.46 unsat 2.16e+05 nodes 0 s; 1245 queued
2026-10-02T20:00:38 Random-125-125-4-2_0 104.64 unsat 2.95e+05 nodes 0 s; 1244 queued
2026-10-02T20:00:39 Random-125-125-4-2_0 104.103 unsat 1.36e+07 nodes 16 s; 1243 queued
2026-10-02T20:00:39 Random-125-125-4-2_0 104.105 unsat 7.62e+05 nodes 1 s; 1242 queued
2026-10-02T20:00:39 Random-125-125-4-2_0 104.9 unsat 2.37e+05 nodes 0 s; 1241 queued
2026-10-02T20:00:39 Random-125-125-4-2_0 104.54 unsat 1.58e+05 nodes 0 s; 1240 queued
2026-10-02T20:00:39 Random-125-125-4-2_0 104.66 unsat 1.37e+05 nodes 0 s; 1239 queued
2026-10-02T20:00:39 Random-125-125-4-2_0 104.97 unsat 6.11e+06 nodes 7 s; 1238 queued
2026-10-02T20:00:39 Random-125-125-4-2_0 104.71 unsat 6.57e+04 nodes 0 s; 1237 queued
2026-10-02T20:00:39 Random-125-125-4-2_0 104.99 unsat 1.69e+06 nodes 2 s; 1236 queued
2026-10-02T20:00:39 Random-125-125-4-2_0 104.76 unsat 9.25e+04 nodes 0 s; 1235 queued
2026-10-02T20:00:39 Random-125-125-4-2_0 104.101 unsat 8.27e+04 nodes 0 s; 1234 queued
2026-10-02T20:00:39 Random-125-125-4-2_0 104.87 unsat 8.54e+04 nodes 0 s; 1233 queued
2026-10-02T20:00:39 Random-125-125-4-2_0 104.84 unsat 5.78e+04 nodes 0 s; 1232 queued
2026-10-02T20:00:39 Random-125-125-4-2_0 104.7 unsat 5.14e+04 nodes 0 s; 1231 queued
2026-10-02T20:00:39 Random-125-125-4-2_0 104.116 unsat 5.76e+04 nodes 0 s; 1230 queued
2026-10-02T20:00:39 Random-125-125-4-2_0 104.18 unsat 4.46e+04 nodes 0 s; 1229 queued
2026-10-02T20:00:39 Random-125-125-4-2_0 104.61 unsat 1.47e+04 nodes 0 s; 1228 queued
2026-10-02T20:00:39 Random-125-125-4-2_0 104.114 unsat 1.74e+04 nodes 0 s; 1227 queued
2026-10-02T20:00:39 Random-125-125-4-2_0 104.37 unsat 1.97e+04 nodes 0 s; 1226 queued
2026-10-02T20:00:39 Random-125-125-4-2_0 104.91 unsat 2.89e+04 nodes 0 s; 1225 queued
2026-10-02T20:00:39 Random-125-125-4-2_0 104.41 unsat 6.2e+04 nodes 0 s; 1224 queued
2026-10-02T20:00:39 Random-125-125-4-2_0 104.70 unsat 8.64e+03 nodes 0 s; 1223 queued
2026-10-02T20:00:39 Random-125-125-4-2_0 104.6 unsat 2.6e+04 nodes 0 s; 1222 queued
2026-10-02T20:00:39 Random-125-125-4-2_0 104.22 unsat 1.95e+04 nodes 0 s; 1222 queued
2026-10-02T20:00:39 Random-125-125-4-2_0 104.26 unsat 1.36e+04 nodes 0 s; 1220 queued
2026-10-02T20:00:39 Random-125-125-4-2_0 104.17 unsat 2.64e+04 nodes 0 s; 1219 queued
2026-10-02T20:00:39 Random-125-125-4-2_0 104.0 unsat 5.02e+03 nodes 0 s; 1218 queued
2026-10-02T20:00:39 Random-125-125-4-2_0 104.44 unsat 8.6e+03 nodes 0 s; 1217 queued
2026-10-02T20:00:39 Random-125-125-4-2_0 104.19 unsat 9.32e+03 nodes 0 s; 1216 queued
2026-10-02T20:00:39 Random-125-125-4-2_0 104.20 unsat 4.96e+03 nodes 0 s; 1215 queued
2026-10-02T20:00:39 Random-125-125-4-2_0 104.102 unsat 1.24e+04 nodes 0 s; 1214 queued
2026-10-02T20:00:39 Random-125-125-4-2_0 104.122 unsat 3.59e+04 nodes 0 s; 1213 queued
2026-10-02T20:00:39 Random-125-125-4-2_0 104.32 unsat 4.46e+03 nodes 0 s; 1212 queued
2026-10-02T20:00:39 Random-125-125-4-2_0 104.50 unsat 6.5e+03 nodes 0 s; 1211 queued
2026-10-02T20:00:39 Random-125-125-4-2_0 104.11 unsat 2.18e+03 nodes 0 s; 1210 queued
2026-10-02T20:00:39 Random-125-125-4-2_0 104.95 unsat 4.78e+03 nodes 0 s; 1209 queued
2026-10-02T20:00:39 Random-125-125-4-2_0 104.1 unsat 3.23e+03 nodes 0 s; 1208 queued
2026-10-02T20:00:39 Random-125-125-4-2_0 104.108 unsat 1.44e+03 nodes 0 s; 1207 queued
2026-10-02T20:00:39 Random-125-125-4-2_0 104.21 unsat 7.82e+03 nodes 0 s; 1207 queued
2026-10-02T20:00:39 Random-125-125-4-2_0 104.39 unsat 2.87e+03 nodes 0 s; 1205 queued
2026-10-02T20:00:39 Random-125-125-4-2_0 104.30 unsat 389 nodes 0 s; 1204 queued
2026-10-02T20:00:39 Random-125-125-4-2_0 104.75 unsat 7.2e+03 nodes 0 s; 1203 queued
2026-10-02T20:00:39 Random-125-125-4-2_0 104.80 unsat 967 nodes 0 s; 1202 queued
2026-10-02T20:00:39 Random-125-125-4-2_0 104.111 unsat 988 nodes 0 s; 1201 queued
2026-10-02T20:00:39 Random-125-125-4-2_0 104.25 unsat 1.33e+03 nodes 0 s; 1200 queued
2026-10-02T20:00:39 Random-125-125-4-2_0 104.109 unsat 3.03e+03 nodes 0 s; 1199 queued
2026-10-02T20:00:39 Random-125-125-4-2_0 104.79 unsat 288 nodes 0 s; 1198 queued
2026-10-02T20:00:39 Random-125-125-4-2_0 104.119 unsat 2.51e+03 nodes 0 s; 1198 queued
2026-10-02T20:00:39 Random-125-125-4-2_0 104.45 unsat 2.47e+03 nodes 0 s; 1196 queued
2026-10-02T20:00:39 Random-125-125-4-2_0 104.52 unsat 670 nodes 0 s; 1195 queued
2026-10-02T20:00:39 Random-125-125-4-2_0 104.28 unsat 578 nodes 0 s; 1195 queued
2026-10-02T20:00:39 Random-125-125-4-2_0 104.40 unsat 1.04e+03 nodes 0 s; 1193 queued
2026-10-02T20:00:39 Random-125-125-4-2_0 104.4 unsat 526 nodes 0 s; 1192 queued
2026-10-02T20:00:39 Random-125-125-4-2_0 104.118 unsat 680 nodes 0 s; 1192 queued
2026-10-02T20:00:39 Random-125-125-4-2_0 104.12 unsat 149 nodes 0 s; 1190 queued
2026-10-02T20:00:39 Random-125-125-4-2_0 104.77 unsat 182 nodes 0 s; 1189 queued
2026-10-02T20:00:39 Random-125-125-4-2_0 104.113 unsat 616 nodes 0 s; 1188 queued
2026-10-02T20:00:39 Random-125-125-4-2_0 104.81 unsat 4.85e+03 nodes 0 s; 1187 queued
2026-10-02T20:00:47 Random-125-125-4-5_0 6.63.41 unsat 4.56e+08 nodes 434 s; 1186 queued
2026-10-02T20:00:58 Random-125-125-4-5_0 58.60 unsat 2.05e+09 nodes 1851 s; 1185 queued
2026-10-02T20:01:14 Random-125-125-4-2_0 104.35 unsat 1.11e+08 nodes 100 s; 1184 queued
2026-10-02T20:01:54 Random-125-125-4-2_0 55.107 unsat 3.41e+07 nodes 40 s; 1183 queued
2026-10-02T20:02:02 Random-125-125-4-5_0 6.63.30 unsat 7.02e+08 nodes 519 s; 1182 queued
2026-10-02T20:02:05 Random-125-125-4-2_0 55.96 unsat 5.74e+07 nodes 67 s; 1181 queued
2026-10-02T20:02:12 Random-125-125-4-2_0 55.35 unsat 7.24e+07 nodes 85 s; 1180 queued
2026-10-02T20:02:17 Random-125-125-4-2_0 55.85 unsat 9.91e+06 nodes 12 s; 1179 queued
2026-10-02T20:02:18 Random-125-125-4-2_0 55.86 unsat 1.24e+08 nodes 99 s; 1178 queued
2026-10-02T20:02:19 Random-125-125-4-2_0 55.74 unsat 2.1e+07 nodes 17 s; 1177 queued
2026-10-02T20:02:24 Random-125-125-4-2_0 55.24 unsat 2.53e+07 nodes 30 s; 1176 queued
2026-10-02T20:02:25 Random-125-125-4-2_0 55.16 unsat 8.05e+06 nodes 7 s; 1175 queued
2026-10-02T20:02:26 Random-125-125-4-2_0 55.29 unsat 7.92e+06 nodes 7 s; 1174 queued
2026-10-02T20:02:27 Random-125-125-4-2_0 55.67 unsat 2.69e+06 nodes 2 s; 1173 queued
2026-10-02T20:02:29 Random-125-125-4-2_0 55.82 unsat 2.6e+06 nodes 2 s; 1172 queued
2026-10-02T20:02:31 Random-125-125-4-2_0 55.72 unsat 4.44e+06 nodes 5 s; 1171 queued
2026-10-02T20:02:33 Random-125-125-4-2_0 55.93 unsat 2.09e+07 nodes 22 s; 1170 queued
2026-10-02T20:02:33 Random-125-125-4-2_0 55.42 unsat 7.71e+06 nodes 10 s; 1169 queued
2026-10-02T20:02:34 Random-125-125-4-2_0 55.99 unsat 5.96e+06 nodes 5 s; 1168 queued
2026-10-02T20:02:34 Random-125-125-4-2_0 55.3 unsat 1.14e+06 nodes 1 s; 1167 queued
2026-10-02T20:02:35 Random-125-125-4-2_0 55.83 unsat 1.22e+06 nodes 1 s; 1166 queued
2026-10-02T20:02:35 Random-125-125-4-2_0 55.121 unsat 3.4e+06 nodes 4 s; 1165 queued
2026-10-02T20:02:36 Random-125-125-4-2_0 55.58 unsat 1.84e+06 nodes 2 s; 1164 queued
2026-10-02T20:02:36 Random-125-125-4-2_0 55.98 unsat 3.74e+05 nodes 0 s; 1163 queued
2026-10-02T20:02:36 Random-125-125-4-2_0 55.78 unsat 2.34e+06 nodes 2 s; 1162 queued
2026-10-02T20:02:36 Random-125-125-4-2_0 55.36 unsat 3.06e+05 nodes 0 s; 1161 queued
2026-10-02T20:02:37 Random-125-125-4-2_0 55.27 unsat 6.94e+05 nodes 1 s; 1160 queued
2026-10-02T20:02:37 Random-125-125-4-2_0 55.97 unsat 1.6e+06 nodes 1 s; 1159 queued
2026-10-02T20:02:37 Random-125-125-4-2_0 55.38 unsat 5.43e+05 nodes 0 s; 1158 queued
2026-10-02T20:02:37 Random-125-125-4-2_0 55.103 unsat 1.65e+07 nodes 20 s; 1157 queued
2026-10-02T20:02:37 Random-125-125-4-2_0 55.8 unsat 3.13e+05 nodes 0 s; 1156 queued
2026-10-02T20:02:37 Random-125-125-4-2_0 55.68 unsat 4.47e+05 nodes 0 s; 1155 queued
2026-10-02T20:02:37 Random-125-125-4-2_0 55.47 unsat 5.3e+05 nodes 1 s; 1154 queued
2026-10-02T20:02:37 Random-125-125-4-2_0 55.9 unsat 2.16e+05 nodes 0 s; 1153 queued
2026-10-02T20:02:37 Random-125-125-4-2_0 55.69 unsat 5.77e+04 nodes 0 s; 1152 queued
2026-10-02T20:02:37 Random-125-125-4-2_0 55.54 unsat 4.51e+05 nodes 1 s; 1151 queued
2026-10-02T20:02:37 Random-125-125-4-2_0 55.46 unsat 1.84e+05 nodes 0 s; 1150 queued
2026-10-02T20:02:37 Random-125-125-4-2_0 55.64 unsat 1.23e+05 nodes 0 s; 1149 queued
2026-10-02T20:02:37 Random-125-125-4-2_0 55.5 unsat 9.2e+04 nodes 0 s; 1148 queued
2026-10-02T20:02:37 Random-125-125-4-2_0 55.101 unsat 9.68e+04 nodes 0 s; 1147 queued
2026-10-02T20:02:37 Random-125-125-4-2_0 55.76 unsat 8e+04 nodes 0 s; 1146 queued
2026-10-02T20:02:37 Random-125-125-4-2_0 55.87 unsat 4.6e+04 nodes 0 s; 1145 queued
2026-10-02T20:02:37 Random-125-125-4-2_0 55.6 unsat 4.59e+04 nodes 0 s; 1144 queued
2026-10-02T20:02:37 Random-125-125-4-2_0 55.66 unsat 5.02e+04 nodes 0 s; 1143 queued
2026-10-02T20:02:37 Random-125-125-4-2_0 55.70 unsat 4.55e+04 nodes 0 s; 1142 queued
2026-10-02T20:02:37 Random-125-125-4-2_0 55.7 unsat 3.62e+04 nodes 0 s; 1141 queued
2026-10-02T20:02:37 Random-125-125-4-2_0 55.84 unsat 1.6e+04 nodes 0 s; 1140 queued
2026-10-02T20:02:37 Random-125-125-4-2_0 55.71 unsat 3.54e+04 nodes 0 s; 1139 queued
2026-10-02T20:02:37 Random-125-125-4-2_0 55.91 unsat 2.44e+04 nodes 0 s; 1138 queued
2026-10-02T20:02:37 Random-125-125-4-2_0 55.114 unsat 1.86e+04 nodes 0 s; 1137 queued
2026-10-02T20:02:37 Random-125-125-4-2_0 55.44 unsat 6.42e+03 nodes 0 s; 1136 queued
2026-10-02T20:02:37 Random-125-125-4-2_0 55.124 unsat 2.61e+05 nodes 0 s; 1135 queued
2026-10-02T20:02:37 Random-125-125-4-2_0 55.116 unsat 2.19e+04 nodes 0 s; 1134 queued
2026-10-02T20:02:37 Random-125-125-4-2_0 55.17 unsat 2.45e+04 nodes 0 s; 1133 queued
2026-10-02T20:02:37 Random-125-125-4-2_0 55.102 unsat 1.16e+04 nodes 0 s; 1132 queued
2026-10-02T20:02:37 Random-125-125-4-2_0 55.37 unsat 6.53e+03 nodes 0 s; 1131 queued
2026-10-02T20:02:37 Random-125-125-4-2_0 55.41 unsat 2.17e+04 nodes 0 s; 1130 queued
2026-10-02T20:02:37 Random-125-125-4-2_0 55.61 unsat 5.39e+03 nodes 0 s; 1129 queued
2026-10-02T20:02:37 Random-125-125-4-2_0 55.75 unsat 8.54e+03 nodes 0 s; 1128 queued
2026-10-02T20:02:37 Random-125-125-4-2_0 55.122 unsat 1.6e+04 nodes 0 s; 1127 queued
2026-10-02T20:02:37 Random-125-125-4-2_0 55.0 unsat 4.39e+03 nodes 0 s; 1126 queued
2026-10-02T20:02:37 Random-125-125-4-2_0 55.26 unsat 1.7e+03 nodes 0 s; 1125 queued
2026-10-02T20:02:37 Random-125-125-4-2_0 55.21 unsat 4.74e+03 nodes 0 s; 1124 queued
2026-10-02T20:02:37 Random-125-125-4-2_0 55.20 unsat 1.61e+03 nodes 0 s; 1123 queued
2026-10-02T20:02:37 Random-125-125-4-2_0 55.22 unsat 7e+03 nodes 0 s; 1122 queued
2026-10-02T20:02:37 Random-125-125-4-2_0 55.19 unsat 2.74e+03 nodes 0 s; 1121 queued
2026-10-02T20:02:37 Random-125-125-4-2_0 55.119 unsat 8.98e+03 nodes 0 s; 1120 queued
2026-10-02T20:02:37 Random-125-125-4-2_0 55.1 unsat 3.17e+03 nodes 0 s; 1119 queued
2026-10-02T20:02:37 Random-125-125-4-2_0 55.39 unsat 1.07e+03 nodes 0 s; 1118 queued
2026-10-02T20:02:37 Random-125-125-4-2_0 55.80 unsat 647 nodes 0 s; 1117 queued
2026-10-02T20:02:37 Random-125-125-4-2_0 55.32 unsat 1.9e+03 nodes 0 s; 1116 queued
2026-10-02T20:02:37 Random-125-125-4-2_0 55.11 unsat 1.14e+03 nodes 0 s; 1115 queued
2026-10-02T20:02:37 Random-125-125-4-2_0 55.108 unsat 346 nodes 0 s; 1114 queued
2026-10-02T20:02:37 Random-125-125-4-2_0 55.79 unsat 154 nodes 0 s; 1113 queued
2026-10-02T20:02:37 Random-125-125-4-2_0 55.30 unsat 419 nodes 0 s; 1112 queued
2026-10-02T20:02:37 Random-125-125-4-2_0 55.95 unsat 2.27e+03 nodes 0 s; 1111 queued
2026-10-02T20:02:37 Random-125-125-4-2_0 55.50 unsat 2.61e+03 nodes 0 s; 1110 queued
2026-10-02T20:02:37 Random-125-125-4-2_0 55.4 unsat 196 nodes 0 s; 1109 queued
2026-10-02T20:02:37 Random-125-125-4-2_0 55.25 unsat 677 nodes 0 s; 1109 queued
2026-10-02T20:02:37 Random-125-125-4-2_0 55.45 unsat 1.59e+03 nodes 0 s; 1109 queued
2026-10-02T20:02:37 Random-125-125-4-2_0 55.40 unsat 432 nodes 0 s; 1109 queued
2026-10-02T20:02:37 Random-125-125-4-2_0 55.81 unsat 1.38e+03 nodes 0 s; 1105 queued
2026-10-02T20:02:37 Random-125-125-4-2_0 55.113 unsat 77 nodes 0 s; 1104 queued
2026-10-02T20:02:37 Random-125-125-4-2_0 55.13 unsat 97 nodes 0 s; 1103 queued
2026-10-02T20:02:37 Random-125-125-4-2_0 55.118 unsat 115 nodes 0 s; 1102 queued
2026-10-02T20:02:37 Random-125-125-4-2_0 55.12 unsat 14 nodes 0 s; 1101 queued
2026-10-02T20:02:37 Random-125-125-4-2_0 55.52 unsat 302 nodes 0 s; 1100 queued
2026-10-02T20:02:37 Random-125-125-4-2_0 55.77 unsat 4 nodes 0 s; 1099 queued
2026-10-02T20:02:37 Random-125-125-4-2_0 55.28 unsat 481 nodes 0 s; 1098 queued
2026-10-02T20:02:48 Random-125-125-4-2_0 55.2 unsat 1.09e+08 nodes 129 s; 1097 queued
2026-10-02T20:03:36 Random-125-125-2-4_0 46.41 unknown 6e+09 nodes 5339 s; 1140 queued
2026-10-02T20:03:52 Random-125-125-4-2_0 104.2 unsat 1.09e+09 nodes 1249 s; 1139 queued
2026-10-02T20:04:04 Random-125-125-2-4_0 46.97 unknown 6e+09 nodes 5322 s; 1184 queued
2026-10-02T20:04:58 Random-125-125-4-2_0 55.62 unsat 2.6e+08 nodes 259 s; 1183 queued
2026-10-02T20:05:03 Random-125-125-4-2_0 59.15 unsat 8.86e+07 nodes 71 s; 1182 queued
2026-10-02T20:05:30 Random-125-125-4-2_0 59.74 unsat 3.38e+07 nodes 27 s; 1181 queued
2026-10-02T20:05:37 Random-125-125-4-2_0 59.86 unsat 1.6e+08 nodes 169 s; 1180 queued
2026-10-02T20:05:40 Random-125-125-4-2_0 59.35 unsat 1.04e+08 nodes 97 s; 1179 queued
2026-10-02T20:05:53 Random-125-125-4-2_0 59.107 unsat 2.77e+07 nodes 23 s; 1178 queued
2026-10-02T20:05:56 Random-125-125-4-2_0 59.16 unsat 2.3e+07 nodes 18 s; 1177 queued
2026-10-02T20:05:59 Random-125-125-4-2_0 59.24 unsat 5.25e+07 nodes 61 s; 1176 queued
2026-10-02T20:06:08 Random-125-125-4-2_0 59.29 unsat 2.3e+07 nodes 28 s; 1175 queued
2026-10-02T20:06:08 Random-125-125-4-2_0 59.69 unsat 1.51e+07 nodes 13 s; 1174 queued
2026-10-02T20:06:10 Random-125-125-4-5_0 6.63.21 unsat 9.31e+08 nodes 799 s; 1173 queued
2026-10-02T20:06:12 Random-125-125-4-2_0 59.72 unsat 1.15e+07 nodes 13 s; 1172 queued
2026-10-02T20:06:13 Random-125-125-4-2_0 59.83 unsat 5.89e+06 nodes 5 s; 1171 queued
2026-10-02T20:06:13 Random-125-125-4-2_0 59.42 unsat 2.48e+07 nodes 21 s; 1170 queued
2026-10-02T20:06:16 Random-125-125-4-2_0 59.98 unsat 2.71e+06 nodes 3 s; 1169 queued
2026-10-02T20:06:16 Random-125-125-4-2_0 59.103 unsat 3.95e+06 nodes 3 s; 1168 queued
2026-10-02T20:06:17 Random-125-125-4-2_0 59.121 unsat 4.59e+06 nodes 4 s; 1167 queued
2026-10-02T20:06:18 Random-125-125-4-2_0 59.67 unsat 1.65e+06 nodes 2 s; 1166 queued
2026-10-02T20:06:18 Random-125-125-4-2_0 59.96 unsat 5.96e+06 nodes 7 s; 1165 queued
2026-10-02T20:06:19 Random-125-125-4-2_0 59.68 unsat 2.05e+06 nodes 2 s; 1164 queued
2026-10-02T20:06:19 Random-125-125-4-2_0 59.82 unsat 1.57e+06 nodes 2 s; 1163 queued
2026-10-02T20:06:20 Random-125-125-4-2_0 59.27 unsat 1.11e+06 nodes 1 s; 1162 queued
2026-10-02T20:06:20 Random-125-125-4-2_0 59.99 unsat 2.19e+06 nodes 3 s; 1161 queued
2026-10-02T20:06:21 Random-125-125-4-2_0 59.38 unsat 1.04e+06 nodes 1 s; 1160 queued
2026-10-02T20:06:21 Random-125-125-4-2_0 59.58 unsat 5.19e+05 nodes 1 s; 1159 queued
2026-10-02T20:06:21 Random-125-125-4-2_0 59.93 unsat 4.02e+05 nodes 1 s; 1158 queued
2026-10-02T20:06:21 Random-125-125-4-2_0 59.97 unsat 2.84e+06 nodes 3 s; 1157 queued
2026-10-02T20:06:21 Random-125-125-4-2_0 59.47 unsat 8.78e+05 nodes 1 s; 1156 queued
2026-10-02T20:06:21 Random-125-125-4-2_0 59.3 unsat 2.17e+05 nodes 0 s; 1155 queued
2026-10-02T20:06:21 Random-125-125-4-2_0 59.5 unsat 3.2e+05 nodes 0 s; 1154 queued
2026-10-02T20:06:22 Random-125-125-4-2_0 59.36 unsat 1.47e+05 nodes 0 s; 1153 queued
2026-10-02T20:06:22 Random-125-125-4-2_0 59.8 unsat 2.13e+05 nodes 0 s; 1152 queued
2026-10-02T20:06:22 Random-125-125-4-2_0 59.46 unsat 1.85e+05 nodes 0 s; 1151 queued
2026-10-02T20:06:22 Random-125-125-4-2_0 59.66 unsat 1.06e+05 nodes 0 s; 1150 queued
2026-10-02T20:06:22 Random-125-125-4-2_0 59.64 unsat 1.84e+05 nodes 0 s; 1149 queued
2026-10-02T20:06:22 Random-125-125-4-2_0 59.124 unsat 6.97e+05 nodes 1 s; 1148 queued
2026-10-02T20:06:22 Random-125-125-4-2_0 59.71 unsat 4.82e+04 nodes 0 s; 1147 queued
2026-10-02T20:06:22 Random-125-125-4-2_0 59.54 unsat 7.2e+04 nodes 0 s; 1146 queued
2026-10-02T20:06:22 Random-125-125-4-2_0 59.76 unsat 5.75e+04 nodes 0 s; 1145 queued
2026-10-02T20:06:22 Random-125-125-4-2_0 59.87 unsat 3.79e+04 nodes 0 s; 1144 queued
2026-10-02T20:06:22 Random-125-125-4-2_0 59.84 unsat 4.21e+04 nodes 0 s; 1143 queued
2026-10-02T20:06:22 Random-125-125-4-2_0 59.101 unsat 4.26e+04 nodes 0 s; 1142 queued
2026-10-02T20:06:22 Random-125-125-4-2_0 59.114 unsat 2.35e+04 nodes 0 s; 1141 queued
2026-10-02T20:06:22 Random-125-125-4-2_0 59.7 unsat 3.2e+04 nodes 0 s; 1140 queued
2026-10-02T20:06:22 Random-125-125-4-2_0 59.116 unsat 2.36e+04 nodes 0 s; 1139 queued
2026-10-02T20:06:22 Random-125-125-4-2_0 59.105 unsat 2.27e+05 nodes 0 s; 1138 queued
2026-10-02T20:06:22 Random-125-125-4-2_0 59.17 unsat 2.39e+04 nodes 0 s; 1137 queued
2026-10-02T20:06:22 Random-125-125-4-2_0 59.41 unsat 2.06e+04 nodes 0 s; 1136 queued
2026-10-02T20:06:22 Random-125-125-4-2_0 59.37 unsat 8.22e+03 nodes 0 s; 1135 queued
2026-10-02T20:06:22 Random-125-125-4-2_0 59.61 unsat 6.43e+03 nodes 0 s; 1134 queued
2026-10-02T20:06:22 Random-125-125-4-2_0 59.70 unsat 6.37e+03 nodes 0 s; 1133 queued
2026-10-02T20:06:22 Random-125-125-4-2_0 59.6 unsat 2.12e+04 nodes 0 s; 1132 queued
2026-10-02T20:06:22 Random-125-125-4-2_0 59.26 unsat 4.67e+03 nodes 0 s; 1131 queued
2026-10-02T20:06:22 Random-125-125-4-2_0 59.44 unsat 3.57e+03 nodes 0 s; 1130 queued
2026-10-02T20:06:22 Random-125-125-4-2_0 59.0 unsat 3.68e+03 nodes 0 s; 1129 queued
2026-10-02T20:06:22 Random-125-125-4-2_0 59.22 unsat 9.81e+03 nodes 0 s; 1128 queued
2026-10-02T20:06:22 Random-125-125-4-2_0 59.95 unsat 5.82e+03 nodes 0 s; 1127 queued
2026-10-02T20:06:22 Random-125-125-4-2_0 59.20 unsat 2.36e+03 nodes 0 s; 1126 queued
2026-10-02T20:06:22 Random-125-125-4-2_0 59.19 unsat 2.85e+03 nodes 0 s; 1125 queued
2026-10-02T20:06:22 Random-125-125-4-2_0 59.32 unsat 2.6e+03 nodes 0 s; 1124 queued
2026-10-02T20:06:22 Random-125-125-4-2_0 59.75 unsat 5.32e+03 nodes 0 s; 1123 queued
2026-10-02T20:06:22 Random-125-125-4-2_0 59.108 unsat 670 nodes 0 s; 1122 queued
2026-10-02T20:06:22 Random-125-125-4-2_0 59.11 unsat 1.14e+03 nodes 0 s; 1121 queued
2026-10-02T20:06:22 Random-125-125-4-2_0 59.109 unsat 1.61e+03 nodes 0 s; 1120 queued
2026-10-02T20:06:22 Random-125-125-4-2_0 59.50 unsat 2.39e+03 nodes 0 s; 1119 queued
2026-10-02T20:06:22 Random-125-125-4-2_0 59.80 unsat 767 nodes 0 s; 1118 queued
2026-10-02T20:06:22 Random-125-125-4-2_0 59.119 unsat 2.18e+03 nodes 0 s; 1117 queued
2026-10-02T20:06:22 Random-125-125-4-2_0 59.23 unsat 253 nodes 0 s; 1116 queued
2026-10-02T20:06:22 Random-125-125-4-2_0 59.30 unsat 203 nodes 0 s; 1115 queued
2026-10-02T20:06:22 Random-125-125-4-2_0 59.40 unsat 419 nodes 0 s; 1114 queued
2026-10-02T20:06:22 Random-125-125-4-2_0 59.4 unsat 189 nodes 0 s; 1113 queued
2026-10-02T20:06:22 Random-125-125-4-2_0 59.45 unsat 2.44e+03 nodes 0 s; 1112 queued
2026-10-02T20:06:22 Random-125-125-4-2_0 59.25 unsat 970 nodes 0 s; 1111 queued
2026-10-02T20:06:22 Random-125-125-4-2_0 59.118 unsat 19 nodes 0 s; 1110 queued
2026-10-02T20:06:22 Random-125-125-4-2_0 59.81 unsat 2.4e+03 nodes 0 s; 1109 queued
2026-10-02T20:06:22 Random-125-125-4-2_0 59.13 unsat 214 nodes 0 s; 1108 queued
2026-10-02T20:06:22 Random-125-125-4-2_0 59.113 unsat 161 nodes 0 s; 1107 queued
2026-10-02T20:06:22 Random-125-125-4-2_0 59.28 unsat 114 nodes 0 s; 1106 queued
2026-10-02T20:06:22 Random-125-125-4-2_0 59.52 unsat 325 nodes 0 s; 1105 queued
2026-10-02T20:06:22 Random-125-125-4-2_0 59.12 unsat 1 nodes 0 s; 1104 queued
2026-10-02T20:06:22 Random-125-125-4-2_0 59.77 unsat 442 nodes 0 s; 1103 queued
2026-10-02T20:06:29 Random-125-125-4-2_0 59.78 unsat 1.81e+07 nodes 21 s; 1102 queued
2026-10-02T20:06:58 Random-125-125-4-2_0 57.55 unsat 1.77e+09 nodes 1708 s; 1101 queued
2026-10-02T20:07:13 Random-125-125-4-2_0 55.51 unsat 4.14e+08 nodes 394 s; 1100 queued
2026-10-02T20:07:19 Random-125-125-4-2_0 59.2 unsat 1.93e+08 nodes 223 s; 1099 queued
2026-10-02T20:09:55 Random-125-125-4-2_0 59.85 unsat 4.31e+08 nodes 438 s; 1098 queued
2026-10-02T20:11:55 Random-125-125-4-2_0 55.120 unsat 6.47e+08 nodes 676 s; 1097 queued
2026-10-02T20:13:15 Random-125-125-4-5_0 63.57 unknown 6e+09 nodes 4705 s; 1162 queued
2026-10-02T20:13:46 Random-125-125-4-2_0 59.51 unsat 5.86e+08 nodes 668 s; 1161 queued
2026-10-02T20:14:44 Random-125-125-4-2_0 88.86 unsat 1.57e+08 nodes 170 s; 1160 queued
2026-10-02T20:15:21 Random-125-125-4-2_0 88.2 unsat 4.14e+08 nodes 482 s; 1159 queued
2026-10-02T20:15:54 Random-125-125-4-2_0 88.51 unsat 4.05e+08 nodes 359 s; 1158 queued
2026-10-02T20:16:18 Random-125-125-4-5_0 6.63.60 unsat 1.48e+09 nodes 1415 s; 1157 queued
2026-10-02T20:16:24 Random-125-125-4-2_0 104.59 unsat 1.93e+09 nodes 2001 s; 1156 queued
2026-10-02T20:16:32 Random-125-125-4-2_0 88.107 unsat 6.94e+08 nodes 558 s; 1155 queued
2026-10-02T20:16:59 Random-125-125-4-2_0 59.120 unsat 7.83e+08 nodes 862 s; 1154 queued
2026-10-02T20:18:15 Random-125-125-4-2_0 55.15 unsat 1.17e+09 nodes 1056 s; 1153 queued
2026-10-02T20:18:21 Random-125-125-4-5_0 63.57.14 unsat 1.13e+08 nodes 81 s; 1152 queued
2026-10-02T20:19:04 Random-125-125-4-5_0 6.63.58 unsat 1.58e+09 nodes 1608 s; 1151 queued
2026-10-02T20:19:15 Random-125-125-4-2_0 59.62 unsat 1.25e+09 nodes 997 s; 1150 queued
2026-10-02T20:19:18 Random-125-125-4-5_0 63.57.44 unsat 8.02e+07 nodes 57 s; 1149 queued
2026-10-02T20:19:26 Random-125-125-4-5_0 63.57.89 unsat 1.13e+07 nodes 9 s; 1148 queued
2026-10-02T20:19:31 Random-125-125-4-5_0 63.57.90 unsat 6.61e+06 nodes 5 s; 1147 queued
2026-10-02T20:19:34 Random-125-125-4-5_0 63.57.18 unsat 7.29e+07 nodes 79 s; 1146 queued
2026-10-02T20:19:40 Random-125-125-4-5_0 63.57.91 unsat 1.13e+07 nodes 9 s; 1145 queued
2026-10-02T20:19:40 Random-125-125-4-5_0 63.57.95 unsat 5.01e+06 nodes 6 s; 1144 queued
2026-10-02T20:19:41 Random-125-125-4-5_0 63.57.77 unsat 2.37e+07 nodes 26 s; 1143 queued
2026-10-02T20:19:43 Random-125-125-4-5_0 63.57.16 unsat 3.34e+06 nodes 3 s; 1142 queued
2026-10-02T20:19:43 Random-125-125-4-5_0 63.57.19 unsat 2.8e+06 nodes 3 s; 1141 queued
2026-10-02T20:19:44 Random-125-125-4-5_0 63.57.69 unsat 1.94e+06 nodes 2 s; 1140 queued
2026-10-02T20:19:44 Random-125-125-4-5_0 63.57.3 unsat 1.74e+06 nodes 1 s; 1139 queued
2026-10-02T20:19:45 Random-125-125-4-5_0 63.57.49 unsat 9.82e+05 nodes 1 s; 1138 queued
2026-10-02T20:19:45 Random-125-125-4-5_0 63.57.48 unsat 1.27e+06 nodes 1 s; 1137 queued
2026-10-02T20:19:45 Random-125-125-4-5_0 63.57.76 unsat 1.18e+06 nodes 1 s; 1136 queued
2026-10-02T20:19:45 Random-125-125-4-5_0 63.57.101 unsat 6.26e+05 nodes 1 s; 1135 queued
2026-10-02T20:19:45 Random-125-125-4-5_0 63.57.104 unsat 5.53e+05 nodes 1 s; 1134 queued
2026-10-02T20:19:46 Random-125-125-4-5_0 63.57.31 unsat 2.66e+05 nodes 0 s; 1133 queued
2026-10-02T20:19:46 Random-125-125-4-5_0 63.57.15 unsat 7.18e+05 nodes 1 s; 1132 queued
2026-10-02T20:19:46 Random-125-125-4-5_0 63.57.107 unsat 1.94e+05 nodes 0 s; 1131 queued
2026-10-02T20:19:46 Random-125-125-4-5_0 63.57.82 unsat 2.26e+05 nodes 0 s; 1130 queued
2026-10-02T20:19:46 Random-125-125-4-5_0 63.57.124 unsat 1.06e+05 nodes 0 s; 1129 queued
2026-10-02T20:19:46 Random-125-125-4-5_0 63.57.2 unsat 9.25e+04 nodes 0 s; 1128 queued
2026-10-02T20:19:46 Random-125-125-4-5_0 63.57.12 unsat 4.61e+04 nodes 0 s; 1127 queued
2026-10-02T20:19:46 Random-125-125-4-5_0 63.57.66 unsat 1.63e+05 nodes 0 s; 1126 queued
2026-10-02T20:19:46 Random-125-125-4-5_0 63.57.28 unsat 4.19e+04 nodes 0 s; 1125 queued
2026-10-02T20:19:46 Random-125-125-4-5_0 63.57.39 unsat 8.21e+04 nodes 0 s; 1124 queued
2026-10-02T20:19:46 Random-125-125-4-5_0 63.57.5 unsat 3.32e+04 nodes 0 s; 1123 queued
2026-10-02T20:19:46 Random-125-125-4-5_0 63.57.45 unsat 9.05e+04 nodes 0 s; 1122 queued
2026-10-02T20:19:46 Random-125-125-4-5_0 63.57.54 unsat 8.49e+04 nodes 0 s; 1121 queued
2026-10-02T20:19:46 Random-125-125-4-5_0 63.57.26 unsat 1.74e+04 nodes 0 s; 1120 queued
2026-10-02T20:19:46 Random-125-125-4-5_0 63.57.11 unsat 3.71e+04 nodes 0 s; 1119 queued
2026-10-02T20:19:46 Random-125-125-4-5_0 63.57.81 unsat 2.33e+04 nodes 0 s; 1118 queued
2026-10-02T20:19:46 Random-125-125-4-5_0 63.57.83 unsat 2.99e+04 nodes 0 s; 1117 queued
2026-10-02T20:19:46 Random-125-125-4-5_0 63.57.72 unsat 4.39e+04 nodes 0 s; 1116 queued
2026-10-02T20:19:46 Random-125-125-4-5_0 63.57.100 unsat 1.39e+04 nodes 0 s; 1115 queued
2026-10-02T20:19:46 Random-125-125-4-5_0 63.57.37 unsat 1.63e+04 nodes 0 s; 1114 queued
2026-10-02T20:19:46 Random-125-125-4-5_0 63.57.1 unsat 1.11e+04 nodes 0 s; 1113 queued
2026-10-02T20:19:46 Random-125-125-4-5_0 63.57.36 unsat 6.73e+03 nodes 0 s; 1112 queued
2026-10-02T20:19:46 Random-125-125-4-5_0 63.57.71 unsat 9.34e+03 nodes 0 s; 1111 queued
2026-10-02T20:19:46 Random-125-125-4-5_0 63.57.7 unsat 3.92e+03 nodes 0 s; 1110 queued
2026-10-02T20:19:46 Random-125-125-4-5_0 63.57.113 unsat 7.39e+03 nodes 0 s; 1109 queued
2026-10-02T20:19:46 Random-125-125-4-5_0 63.57.8 unsat 6.03e+03 nodes 0 s; 1108 queued
2026-10-02T20:19:46 Random-125-125-4-5_0 63.57.56 unsat 5.13e+03 nodes 0 s; 1107 queued
2026-10-02T20:19:46 Random-125-125-4-5_0 63.57.65 unsat 5.17e+03 nodes 0 s; 1106 queued
2026-10-02T20:19:46 Random-125-125-4-5_0 63.57.86 unsat 3.69e+03 nodes 0 s; 1105 queued
2026-10-02T20:19:46 Random-125-125-4-5_0 63.57.67 unsat 7.29e+03 nodes 0 s; 1104 queued
2026-10-02T20:19:46 Random-125-125-4-5_0 63.57.99 unsat 3.63e+03 nodes 0 s; 1103 queued
2026-10-02T20:19:46 Random-125-125-4-5_0 63.57.73 unsat 1.85e+03 nodes 0 s; 1102 queued
2026-10-02T20:19:46 Random-125-125-4-5_0 63.57.119 unsat 3.17e+03 nodes 0 s; 1101 queued
2026-10-02T20:19:46 Random-125-125-4-5_0 63.57.120 unsat 6.42e+04 nodes 0 s; 1100 queued
2026-10-02T20:19:46 Random-125-125-4-5_0 63.57.38 unsat 1.51e+03 nodes 0 s; 1099 queued
2026-10-02T20:19:46 Random-125-125-4-5_0 63.57.75 unsat 1.61e+03 nodes 0 s; 1098 queued
2026-10-02T20:19:46 Random-125-125-4-5_0 63.57.29 unsat 1.6e+03 nodes 0 s; 1097 queued
2026-10-02T20:19:46 Random-125-125-4-5_0 63.57.27 unsat 1.74e+03 nodes 0 s; 1096 queued
2026-10-02T20:19:46 Random-125-125-4-5_0 63.57.96 unsat 608 nodes 0 s; 1095 queued
2026-10-02T20:19:46 Random-125-125-4-5_0 63.57.47 unsat 2.45e+03 nodes 0 s; 1094 queued
2026-10-02T20:20:04 Random-125-125-4-5_0 63.57.87 unsat 2.22e+08 nodes 220 s; 1093 queued
2026-10-02T20:20:06 Random-125-125-4-5_0 63.57.98 unsat 2.77e+08 nodes 214 s; 1092 queued
2026-10-02T20:20:19 Random-125-125-4-5_0 63.57.51 unsat 8.29e+07 nodes 75 s; 1091 queued
2026-10-02T20:20:39 Random-125-125-4-2_0 88.16 unsat 4.15e+07 nodes 34 s; 1090 queued
2026-10-02T20:20:42 Random-125-125-4-2_0 88.24 unsat 2.85e+07 nodes 23 s; 1089 queued
2026-10-02T20:21:01 Random-125-125-4-2_0 88.74 unsat 6.94e+07 nodes 57 s; 1088 queued
2026-10-02T20:21:12 Random-125-125-4-2_0 88.29 unsat 3.83e+07 nodes 32 s; 1087 queued
2026-10-02T20:21:16 Random-125-125-4-5_0 63.57.41 unsat 3.09e+08 nodes 297 s; 1086 queued
2026-10-02T20:21:17 Random-125-125-4-2_0 88.42 unsat 3.58e+07 nodes 35 s; 1085 queued
2026-10-02T20:21:26 Random-125-125-4-2_0 88.96 unsat 1.67e+07 nodes 15 s; 1084 queued
2026-10-02T20:21:31 Random-125-125-4-2_0 88.15 unsat 1.3e+08 nodes 105 s; 1083 queued
2026-10-02T20:21:31 Random-125-125-4-2_0 88.72 unsat 2.69e+07 nodes 31 s; 1082 queued
2026-10-02T20:21:38 Random-125-125-4-2_0 88.83 unsat 5.26e+06 nodes 6 s; 1081 queued
2026-10-02T20:21:38 Random-125-125-4-2_0 88.38 unsat 1e+07 nodes 12 s; 1080 queued
2026-10-02T20:21:38 Random-125-125-4-2_0 88.121 unsat 1.93e+07 nodes 21 s; 1079 queued
2026-10-02T20:21:40 Random-125-125-4-2_0 88.36 unsat 1.6e+06 nodes 2 s; 1078 queued
2026-10-02T20:21:41 Random-125-125-4-2_0 88.103 unsat 2.16e+07 nodes 26 s; 1077 queued
2026-10-02T20:21:42 Random-125-125-4-2_0 88.78 unsat 1.02e+07 nodes 10 s; 1076 queued
2026-10-02T20:21:42 Random-125-125-4-2_0 88.27 unsat 3.1e+06 nodes 4 s; 1075 queued
2026-10-02T20:21:43 Random-125-125-4-2_0 88.67 unsat 1.17e+06 nodes 2 s; 1074 queued
2026-10-02T20:21:43 Random-125-125-4-2_0 88.82 unsat 8.59e+05 nodes 1 s; 1073 queued
2026-10-02T20:21:43 Random-125-125-4-2_0 88.47 unsat 2.71e+06 nodes 3 s; 1072 queued
2026-10-02T20:21:44 Random-125-125-4-2_0 88.68 unsat 2.12e+06 nodes 2 s; 1071 queued
2026-10-02T20:21:44 Random-125-125-4-2_0 88.98 unsat 9.74e+05 nodes 1 s; 1070 queued
2026-10-02T20:21:44 Random-125-125-4-2_0 88.3 unsat 6.04e+05 nodes 1 s; 1069 queued
2026-10-02T20:21:45 Random-125-125-4-2_0 88.8 unsat 1.07e+06 nodes 1 s; 1068 queued
2026-10-02T20:21:45 Random-125-125-4-2_0 88.93 unsat 5.59e+05 nodes 1 s; 1067 queued
2026-10-02T20:21:45 Random-125-125-4-2_0 88.58 unsat 7.14e+05 nodes 1 s; 1066 queued
2026-10-02T20:21:45 Random-125-125-4-2_0 88.5 unsat 2.79e+05 nodes 0 s; 1065 queued
2026-10-02T20:21:45 Random-125-125-4-2_0 88.124 unsat 7.33e+05 nodes 1 s; 1064 queued
2026-10-02T20:21:46 Random-125-125-4-2_0 88.46 unsat 2.99e+05 nodes 0 s; 1063 queued
2026-10-02T20:21:46 Random-125-125-4-2_0 88.112 unsat 7.37e+05 nodes 1 s; 1062 queued
2026-10-02T20:21:46 Random-125-125-4-2_0 88.64 unsat 2.74e+05 nodes 0 s; 1061 queued
2026-10-02T20:21:46 Random-125-125-4-2_0 88.101 unsat 2e+05 nodes 0 s; 1060 queued
2026-10-02T20:21:46 Random-125-125-4-2_0 88.87 unsat 2.13e+05 nodes 0 s; 1059 queued
2026-10-02T20:21:46 Random-125-125-4-2_0 88.54 unsat 1.09e+05 nodes 0 s; 1058 queued
2026-10-02T20:21:46 Random-125-125-4-2_0 88.105 unsat 4.33e+05 nodes 0 s; 1057 queued
2026-10-02T20:21:46 Random-125-125-4-2_0 88.9 unsat 1.99e+05 nodes 0 s; 1056 queued
2026-10-02T20:21:46 Random-125-125-4-2_0 88.99 unsat 2.57e+06 nodes 3 s; 1055 queued
2026-10-02T20:21:46 Random-125-125-4-2_0 88.76 unsat 1.06e+05 nodes 0 s; 1054 queued
2026-10-02T20:21:46 Random-125-125-4-2_0 88.66 unsat 7.99e+04 nodes 0 s; 1053 queued
2026-10-02T20:21:46 Random-125-125-4-2_0 88.84 unsat 3.55e+04 nodes 0 s; 1052 queued
2026-10-02T20:21:46 Random-125-125-4-2_0 88.71 unsat 4.11e+04 nodes 0 s; 1051 queued
2026-10-02T20:21:46 Random-125-125-4-2_0 88.116 unsat 4.55e+04 nodes 0 s; 1050 queued
2026-10-02T20:21:46 Random-125-125-4-2_0 88.18 unsat 7.22e+04 nodes 0 s; 1049 queued
2026-10-02T20:21:46 Random-125-125-4-2_0 88.7 unsat 4.76e+04 nodes 0 s; 1048 queued
2026-10-02T20:21:46 Random-125-125-4-2_0 88.37 unsat 2.84e+04 nodes 0 s; 1047 queued
2026-10-02T20:21:46 Random-125-125-4-2_0 88.114 unsat 2.11e+04 nodes 0 s; 1046 queued
2026-10-02T20:21:46 Random-125-125-4-2_0 88.91 unsat 2.75e+04 nodes 0 s; 1045 queued
2026-10-02T20:21:46 Random-125-125-4-2_0 88.61 unsat 1.13e+04 nodes 0 s; 1044 queued
2026-10-02T20:21:46 Random-125-125-4-2_0 88.41 unsat 5.16e+04 nodes 0 s; 1043 queued
2026-10-02T20:21:46 Random-125-125-4-2_0 88.97 unsat 7.26e+06 nodes 9 s; 1042 queued
2026-10-02T20:21:46 Random-125-125-4-2_0 88.17 unsat 3.61e+04 nodes 0 s; 1041 queued
2026-10-02T20:21:46 Random-125-125-4-2_0 88.6 unsat 2.44e+04 nodes 0 s; 1040 queued
2026-10-02T20:21:46 Random-125-125-4-2_0 88.70 unsat 8.11e+03 nodes 0 s; 1039 queued
2026-10-02T20:21:46 Random-125-125-4-2_0 88.44 unsat 1.14e+04 nodes 0 s; 1038 queued
2026-10-02T20:21:46 Random-125-125-4-2_0 88.122 unsat 3.14e+04 nodes 0 s; 1037 queued
2026-10-02T20:21:46 Random-125-125-4-2_0 88.26 unsat 1.44e+04 nodes 0 s; 1036 queued
2026-10-02T20:21:46 Random-125-125-4-2_0 88.22 unsat 1.86e+04 nodes 0 s; 1035 queued
2026-10-02T20:21:46 Random-125-125-4-2_0 88.20 unsat 3.37e+03 nodes 0 s; 1034 queued
2026-10-02T20:21:46 Random-125-125-4-2_0 88.0 unsat 5.14e+03 nodes 0 s; 1033 queued
2026-10-02T20:21:46 Random-125-125-4-2_0 88.19 unsat 5.52e+03 nodes 0 s; 1032 queued
2026-10-02T20:21:46 Random-125-125-4-2_0 88.75 unsat 7.29e+03 nodes 0 s; 1031 queued
2026-10-02T20:21:46 Random-125-125-4-2_0 88.102 unsat 1.02e+04 nodes 0 s; 1030 queued
2026-10-02T20:21:46 Random-125-125-4-2_0 88.32 unsat 2.96e+03 nodes 0 s; 1029 queued
2026-10-02T20:21:46 Random-125-125-4-2_0 88.95 unsat 3.98e+03 nodes 0 s; 1028 queued
2026-10-02T20:21:46 Random-125-125-4-2_0 88.21 unsat 5.65e+03 nodes 0 s; 1027 queued
2026-10-02T20:21:46 Random-125-125-4-2_0 88.119 unsat 4.3e+03 nodes 0 s; 1026 queued
2026-10-02T20:21:46 Random-125-125-4-2_0 88.109 unsat 4.16e+03 nodes 0 s; 1026 queued
2026-10-02T20:21:46 Random-125-125-4-2_0 88.1 unsat 2.35e+03 nodes 0 s; 1024 queued
2026-10-02T20:21:46 Random-125-125-4-2_0 88.11 unsat 1.56e+03 nodes 0 s; 1023 queued
2026-10-02T20:21:46 Random-125-125-4-2_0 88.80 unsat 830 nodes 0 s; 1022 queued
2026-10-02T20:21:46 Random-125-125-4-2_0 88.30 unsat 755 nodes 0 s; 1021 queued
2026-10-02T20:21:46 Random-125-125-4-2_0 88.39 unsat 1.56e+03 nodes 0 s; 1020 queued
2026-10-02T20:21:46 Random-125-125-4-2_0 88.108 unsat 317 nodes 0 s; 1019 queued
2026-10-02T20:21:46 Random-125-125-4-2_0 88.23 unsat 183 nodes 0 s; 1018 queued
2026-10-02T20:21:46 Random-125-125-4-2_0 88.50 unsat 2.14e+03 nodes 0 s; 1017 queued
2026-10-02T20:21:46 Random-125-125-4-2_0 88.111 unsat 588 nodes 0 s; 1016 queued
2026-10-02T20:21:46 Random-125-125-4-2_0 88.40 unsat 380 nodes 0 s; 1015 queued
2026-10-02T20:21:46 Random-125-125-4-2_0 88.25 unsat 822 nodes 0 s; 1014 queued
2026-10-02T20:21:46 Random-125-125-4-2_0 88.79 unsat 246 nodes 0 s; 1013 queued
2026-10-02T20:21:46 Random-125-125-4-2_0 88.45 unsat 1.72e+03 nodes 0 s; 1012 queued
2026-10-02T20:21:46 Random-125-125-4-2_0 88.4 unsat 360 nodes 0 s; 1011 queued
2026-10-02T20:21:46 Random-125-125-4-2_0 88.52 unsat 286 nodes 0 s; 1010 queued
2026-10-02T20:21:46 Random-125-125-4-2_0 88.13 unsat 195 nodes 0 s; 1009 queued
2026-10-02T20:21:46 Random-125-125-4-2_0 88.118 unsat 536 nodes 0 s; 1008 queued
2026-10-02T20:21:46 Random-125-125-4-2_0 88.113 unsat 432 nodes 0 s; 1007 queued
2026-10-02T20:21:46 Random-125-125-4-2_0 88.12 unsat 118 nodes 0 s; 1006 queued
2026-10-02T20:21:46 Random-125-125-4-2_0 88.81 unsat 2.61e+03 nodes 0 s; 1005 queued
2026-10-02T20:21:46 Random-125-125-4-2_0 88.77 unsat 49 nodes 0 s; 1005 queued
2026-10-02T20:21:46 Random-125-125-4-2_0 88.28 unsat 206 nodes 0 s; 1003 queued
2026-10-02T20:22:01 Random-125-125-4-2_0 88.43 unsat 1.23e+08 nodes 135 s; 1002 queued
2026-10-02T20:22:45 Random-125-125-4-2_0 88.35 unsat 1.51e+08 nodes 179 s; 1001 queued
2026-10-02T20:24:09 Random-125-125-4-2_0 88.62 unsat 9.97e+08 nodes 1031 s; 1000 queued
2026-10-02T20:24:24 Random-125-125-4-2_0 57.59 unsat 2.92e+09 nodes 2754 s; 999 queued
2026-10-02T20:24:25 Random-125-125-4-5_0 63.57.32 unsat 5.64e+08 nodes 511 s; 998 queued
2026-10-02T20:24:43 Random-125-125-2-4_0 46.88 unsat 1.68e+08 nodes 162 s; 997 queued
2026-10-02T20:24:56 Random-125-125-2-4_0 46.63 unsat 1.14e+07 nodes 13 s; 996 queued
2026-10-02T20:24:56 Random-125-125-2-4_0 46.12 unsat 3.33e+07 nodes 31 s; 995 queued
2026-10-02T20:24:58 Random-125-125-2-4_0 46.8 unsat 3.68e+07 nodes 35 s; 994 queued
2026-10-02T20:24:59 Random-125-125-2-4_0 46.86 unsat 3.76e+06 nodes 3 s; 993 queued
2026-10-02T20:25:02 Random-125-125-2-4_0 46.22 unsat 2.6e+06 nodes 3 s; 992 queued
2026-10-02T20:25:02 Random-125-125-2-4_0 46.10 unsat 3.43e+06 nodes 4 s; 991 queued
2026-10-02T20:25:04 Random-125-125-2-4_0 46.64 unsat 1.98e+06 nodes 2 s; 990 queued
2026-10-02T20:25:05 Random-125-125-2-4_0 46.82 unsat 2.06e+08 nodes 199 s; 989 queued
2026-10-02T20:25:06 Random-125-125-2-4_0 46.69 unsat 1.26e+06 nodes 1 s; 988 queued
2026-10-02T20:25:07 Random-125-125-2-4_0 46.31 unsat 3.9e+06 nodes 4 s; 987 queued
2026-10-02T20:25:08 Random-125-125-2-4_0 46.72 unsat 2.15e+06 nodes 2 s; 986 queued
2026-10-02T20:25:08 Random-125-125-2-4_0 46.84 unsat 1.25e+07 nodes 12 s; 985 queued
2026-10-02T20:25:08 Random-125-125-2-4_0 46.83 unsat 2.57e+06 nodes 2 s; 984 queued
2026-10-02T20:25:08 Random-125-125-2-4_0 46.36 unsat 5.68e+05 nodes 1 s; 983 queued
2026-10-02T20:25:08 Random-125-125-2-4_0 46.98 unsat 1.49e+06 nodes 2 s; 982 queued
2026-10-02T20:25:09 Random-125-125-2-4_0 46.62 unsat 4.89e+05 nodes 1 s; 981 queued
2026-10-02T20:25:09 Random-125-125-2-4_0 46.81 unsat 4.83e+05 nodes 1 s; 980 queued
2026-10-02T20:25:09 Random-125-125-2-4_0 46.50 unsat 8.83e+05 nodes 1 s; 979 queued
2026-10-02T20:25:09 Random-125-125-2-4_0 46.9 unsat 1.58e+06 nodes 2 s; 978 queued
2026-10-02T20:25:10 Random-125-125-2-4_0 46.94 unsat 7.74e+05 nodes 1 s; 977 queued
2026-10-02T20:25:10 Random-125-125-2-4_0 46.17 unsat 4.86e+05 nodes 1 s; 976 queued
2026-10-02T20:25:10 Random-125-125-2-4_0 46.99 unsat 7.43e+05 nodes 1 s; 975 queued
2026-10-02T20:25:10 Random-125-125-2-4_0 46.112 unsat 6.72e+05 nodes 1 s; 974 queued
2026-10-02T20:25:10 Random-125-125-2-4_0 46.18 unsat 1.9e+05 nodes 0 s; 973 queued
2026-10-02T20:25:10 Random-125-125-2-4_0 46.92 unsat 3.56e+05 nodes 0 s; 972 queued
2026-10-02T20:25:10 Random-125-125-2-4_0 46.40 unsat 1.24e+05 nodes 0 s; 971 queued
2026-10-02T20:25:10 Random-125-125-2-4_0 46.4 unsat 7.44e+04 nodes 0 s; 970 queued
2026-10-02T20:25:10 Random-125-125-2-4_0 46.11 unsat 3.24e+03 nodes 0 s; 969 queued
2026-10-02T20:25:10 Random-125-125-2-4_0 46.103 unsat 4.44e+05 nodes 0 s; 968 queued
2026-10-02T20:25:10 Random-125-125-2-4_0 46.24 unsat 7.94e+04 nodes 0 s; 967 queued
2026-10-02T20:25:10 Random-125-125-2-4_0 46.6 unsat 4.09e+05 nodes 0 s; 966 queued
2026-10-02T20:25:14 Random-125-125-2-4_0 46.91 unsat 6.8e+07 nodes 64 s; 965 queued
2026-10-02T20:25:46 Random-125-125-2-4_0 46.90 unsat 2.23e+08 nodes 181 s; 964 queued
2026-10-02T20:25:56 Random-125-125-4-5_0 63.57.30 unsat 7.32e+08 nodes 635 s; 963 queued
2026-10-02T20:27:09 Random-125-125-4-5_0 63.57.21 unsat 8.34e+08 nodes 744 s; 962 queued
2026-10-02T20:27:26 Random-125-125-2-4_0 46.77 unsat 3.51e+08 nodes 339 s; 961 queued
2026-10-02T20:27:38 Random-125-125-4-2_0 59.55 unsat 1.58e+09 nodes 1500 s; 960 queued
2026-10-02T20:28:52 Random-125-125-2-4_0 46.37 unsat 5.41e+08 nodes 426 s; 959 queued
2026-10-02T20:29:16 Random-125-125-4-2_0 88.55 unsat 1.35e+09 nodes 1367 s; 958 queued
2026-10-02T20:30:35 Random-125-125-4-5_0 63.57.58 unsat 1.28e+09 nodes 1040 s; 957 queued
2026-10-02T20:30:51 Random-125-125-4-2_0 104.57 unsat 3.27e+09 nodes 2868 s; 956 queued
2026-10-02T20:31:55 Random-125-125-2-4_0 59.41 unsat 2.63e+08 nodes 258 s; 955 queued
2026-10-02T20:32:03 Random-125-125-2-4_0 46.32 unsat 9.13e+08 nodes 617 s; 954 queued
2026-10-02T20:32:47 Random-125-125-2-4_0 59.8 unsat 4.78e+07 nodes 44 s; 953 queued
2026-10-02T20:32:48 Random-125-125-4-5_0 63.57.60 unsat 1.35e+09 nodes 1142 s; 952 queued
2026-10-02T20:33:01 Random-125-125-2-4_0 59.63 unsat 2.08e+07 nodes 13 s; 951 queued
2026-10-02T20:33:15 Random-125-125-2-4_0 59.91 unsat 8.12e+07 nodes 80 s; 950 queued
2026-10-02T20:33:16 Random-125-125-2-4_0 59.84 unsat 2.42e+07 nodes 15 s; 949 queued
2026-10-02T20:33:18 Random-125-125-2-4_0 59.88 unsat 1.87e+08 nodes 163 s; 948 queued
2026-10-02T20:33:20 Random-125-125-2-4_0 59.86 unsat 4.01e+06 nodes 5 s; 947 queued
2026-10-02T20:33:21 Random-125-125-2-4_0 59.10 unsat 4.46e+06 nodes 5 s; 946 queued
2026-10-02T20:33:21 Random-125-125-2-4_0 59.22 unsat 2.37e+06 nodes 3 s; 945 queued
2026-10-02T20:33:24 Random-125-125-2-4_0 59.64 unsat 2.83e+06 nodes 3 s; 944 queued
2026-10-02T20:33:24 Random-125-125-2-4_0 59.50 unsat 4.33e+06 nodes 3 s; 943 queued
2026-10-02T20:33:24 Random-125-125-2-4_0 59.12 unsat 3.99e+07 nodes 37 s; 942 queued
2026-10-02T20:33:25 Random-125-125-2-4_0 59.31 unsat 4.12e+06 nodes 5 s; 941 queued
2026-10-02T20:33:25 Random-125-125-2-4_0 59.69 unsat 1.62e+06 nodes 2 s; 940 queued
2026-10-02T20:33:25 Random-125-125-2-4_0 59.72 unsat 2.22e+06 nodes 2 s; 939 queued
2026-10-02T20:33:26 Random-125-125-2-4_0 59.36 unsat 5.83e+05 nodes 1 s; 938 queued
2026-10-02T20:33:26 Random-125-125-2-4_0 59.62 unsat 7.26e+05 nodes 1 s; 937 queued
2026-10-02T20:33:26 Random-125-125-2-4_0 59.98 unsat 1.62e+06 nodes 1 s; 936 queued
2026-10-02T20:33:26 Random-125-125-2-4_0 59.81 unsat 4.07e+05 nodes 0 s; 935 queued
2026-10-02T20:33:26 Random-125-125-2-4_0 59.94 unsat 8.22e+05 nodes 1 s; 934 queued
2026-10-02T20:33:27 Random-125-125-2-4_0 59.99 unsat 9.31e+05 nodes 1 s; 933 queued
2026-10-02T20:33:27 Random-125-125-2-4_0 59.9 unsat 1.82e+06 nodes 2 s; 932 queued
2026-10-02T20:33:27 Random-125-125-2-4_0 59.17 unsat 3.14e+05 nodes 0 s; 931 queued
2026-10-02T20:33:27 Random-125-125-2-4_0 59.92 unsat 3.12e+05 nodes 0 s; 930 queued
2026-10-02T20:33:27 Random-125-125-2-4_0 59.18 unsat 5.4e+05 nodes 0 s; 929 queued
2026-10-02T20:33:27 Random-125-125-2-4_0 59.82 unsat 3.04e+08 nodes 251 s; 928 queued
2026-10-02T20:33:27 Random-125-125-2-4_0 59.103 unsat 4.76e+05 nodes 0 s; 927 queued
2026-10-02T20:33:27 Random-125-125-2-4_0 59.6 unsat 8.97e+04 nodes 0 s; 926 queued
2026-10-02T20:33:27 Random-125-125-2-4_0 59.112 unsat 7.78e+05 nodes 1 s; 925 queued
2026-10-02T20:33:27 Random-125-125-2-4_0 59.40 unsat 2.53e+05 nodes 0 s; 924 queued
2026-10-02T20:33:27 Random-125-125-2-4_0 59.54 unsat 5.77e+04 nodes 0 s; 923 queued
2026-10-02T20:33:27 Random-125-125-2-4_0 59.11 unsat 7.99e+03 nodes 0 s; 922 queued
2026-10-02T20:33:27 Random-125-125-2-4_0 59.4 unsat 1.11e+05 nodes 0 s; 921 queued
2026-10-02T20:33:27 Random-125-125-2-4_0 59.24 unsat 1.15e+05 nodes 0 s; 920 queued
2026-10-02T20:33:27 Random-125-125-2-4_0 59.87 unsat 2.89e+05 nodes 0 s; 919 queued
2026-10-02T20:33:28 Random-125-125-2-4_0 59.109 unsat 6.73e+05 nodes 1 s; 918 queued
2026-10-02T20:33:38 Random-125-125-2-4_0 59.77 unsat 4.79e+08 nodes 285 s; 917 queued
=== Random-125-125-4-5_0: k = 45 refuted, 7.961e+10 nodes over 616 tasks, 26.1 core-h
2026-10-02T20:34:34 Random-125-125-4-5_0 6.63.57 unsat 3.02e+09 nodes 2576 s; 916 queued
2026-10-02T20:35:27 Random-125-125-2-4_0 59.35 unsat 6.69e+08 nodes 498 s; 915 queued
2026-10-02T20:37:27 Random-125-125-2-4_0 59.90 unsat 4.64e+08 nodes 396 s; 914 queued
2026-10-02T20:39:45 Random-125-125-2-4_0 85.35 unsat 4.87e+08 nodes 311 s; 913 queued
2026-10-02T20:41:29 Random-125-125-2-4_0 46.33 unsat 1.22e+09 nodes 1182 s; 912 queued
2026-10-02T20:42:43 Random-125-125-2-4_0 85.41 unsat 3.25e+08 nodes 317 s; 911 queued
2026-10-02T20:43:18 Random-125-125-2-4_0 59.37 unsat 1.01e+09 nodes 952 s; 910 queued
2026-10-02T20:44:36 Random-125-125-2-4_0 85.77 unsat 4.64e+08 nodes 291 s; 909 queued
2026-10-02T20:44:57 Random-125-125-2-4_0 59.32 unsat 1.43e+09 nodes 1150 s; 908 queued
2026-10-02T20:45:41 Random-125-125-2-4_0 85.82 unsat 2.59e+08 nodes 253 s; 907 queued
2026-10-02T20:45:43 Random-125-125-2-4_0 85.8 unsat 4.56e+07 nodes 46 s; 906 queued
2026-10-02T20:45:52 Random-125-125-2-4_0 85.91 unsat 9.32e+07 nodes 77 s; 905 queued
2026-10-02T20:46:00 Random-125-125-2-4_0 85.63 unsat 1.61e+07 nodes 17 s; 904 queued
2026-10-02T20:46:06 Random-125-125-2-4_0 85.86 unsat 4.83e+06 nodes 6 s; 903 queued
2026-10-02T20:46:09 Random-125-125-2-4_0 85.84 unsat 1.6e+07 nodes 17 s; 902 queued
2026-10-02T20:46:10 Random-125-125-2-4_0 85.10 unsat 3.7e+06 nodes 4 s; 901 queued
2026-10-02T20:46:12 Random-125-125-2-4_0 85.22 unsat 2.62e+06 nodes 3 s; 900 queued
2026-10-02T20:46:14 Random-125-125-2-4_0 85.88 unsat 2.6e+08 nodes 211 s; 899 queued
2026-10-02T20:46:14 Random-125-125-2-4_0 85.36 unsat 2.01e+06 nodes 2 s; 898 queued
2026-10-02T20:46:15 Random-125-125-2-4_0 85.31 unsat 4.47e+06 nodes 5 s; 897 queued
2026-10-02T20:46:16 Random-125-125-2-4_0 85.64 unsat 1.97e+06 nodes 2 s; 896 queued
2026-10-02T20:46:16 Random-125-125-2-4_0 85.69 unsat 1.14e+06 nodes 1 s; 895 queued
2026-10-02T20:46:17 Random-125-125-2-4_0 85.62 unsat 2.58e+06 nodes 3 s; 894 queued
2026-10-02T20:46:19 Random-125-125-2-4_0 85.98 unsat 1.44e+06 nodes 2 s; 893 queued
2026-10-02T20:46:19 Random-125-125-2-4_0 85.72 unsat 2.02e+06 nodes 2 s; 892 queued
2026-10-02T20:46:19 Random-125-125-2-4_0 85.83 unsat 2.5e+06 nodes 3 s; 891 queued
2026-10-02T20:46:20 Random-125-125-2-4_0 85.50 unsat 9.39e+05 nodes 1 s; 890 queued
2026-10-02T20:46:20 Random-125-125-2-4_0 85.81 unsat 4.35e+05 nodes 1 s; 889 queued
2026-10-02T20:46:20 Random-125-125-2-4_0 85.9 unsat 1.67e+06 nodes 2 s; 888 queued
2026-10-02T20:46:20 Random-125-125-2-4_0 85.94 unsat 7.3e+05 nodes 1 s; 887 queued
2026-10-02T20:46:21 Random-125-125-2-4_0 85.99 unsat 7.8e+05 nodes 1 s; 886 queued
2026-10-02T20:46:21 Random-125-125-2-4_0 85.17 unsat 3.07e+05 nodes 0 s; 885 queued
2026-10-02T20:46:21 Random-125-125-2-4_0 85.92 unsat 3.76e+05 nodes 0 s; 884 queued
2026-10-02T20:46:21 Random-125-125-2-4_0 85.112 unsat 7.71e+05 nodes 1 s; 883 queued
2026-10-02T20:46:21 Random-125-125-2-4_0 85.103 unsat 3.71e+05 nodes 0 s; 882 queued
2026-10-02T20:46:21 Random-125-125-2-4_0 85.18 unsat 1.92e+05 nodes 0 s; 881 queued
2026-10-02T20:46:21 Random-125-125-2-4_0 85.6 unsat 1.04e+05 nodes 0 s; 880 queued
2026-10-02T20:46:22 Random-125-125-2-4_0 85.109 unsat 3.09e+05 nodes 0 s; 879 queued
2026-10-02T20:46:22 Random-125-125-2-4_0 85.40 unsat 1.09e+05 nodes 0 s; 878 queued
2026-10-02T20:46:22 Random-125-125-2-4_0 85.4 unsat 1.08e+05 nodes 0 s; 877 queued
2026-10-02T20:46:22 Random-125-125-2-4_0 85.11 unsat 2.97e+03 nodes 0 s; 876 queued
2026-10-02T20:46:22 Random-125-125-2-4_0 85.24 unsat 4.9e+04 nodes 0 s; 875 queued
2026-10-02T20:46:22 Random-125-125-2-4_0 85.87 unsat 1.33e+05 nodes 0 s; 874 queued
2026-10-02T20:46:22 Random-125-125-2-4_0 85.12 unsat 4.1e+07 nodes 41 s; 873 queued
2026-10-02T20:47:19 Random-125-125-2-4_0 85.90 unsat 2.67e+08 nodes 241 s; 872 queued
2026-10-02T20:47:50 Random-125-125-2-4_0 85.37 unsat 7.5e+08 nodes 743 s; 871 queued
2026-10-02T20:50:19 Random-125-125-2-4_0 85.32 unsat 1.22e+09 nodes 1011 s; 870 queued
2026-10-02T20:51:48 Random-125-125-2-4_0 85.33 unsat 1.69e+09 nodes 1090 s; 869 queued
2026-10-02T20:52:12 Random-125-125-2-4_0 59.20 unsat 2.25e+09 nodes 1619 s; 868 queued
2026-10-02T20:54:28 Random-125-125-2-4_0 97.35 unsat 3.3e+08 nodes 250 s; 867 queued
2026-10-02T20:55:15 Random-125-125-2-4_0 97.41 unsat 1.82e+08 nodes 183 s; 866 queued
2026-10-02T20:55:24 Random-125-125-2-4_0 59.33 unsat 2.3e+09 nodes 1768 s; 865 queued
2026-10-02T20:57:13 Random-125-125-2-4_0 85.20 unsat 1.64e+09 nodes 1426 s; 864 queued
2026-10-02T20:57:20 Random-125-125-2-4_0 97.88 unsat 1.18e+08 nodes 116 s; 863 queued
2026-10-02T20:57:49 Random-125-125-2-4_0 97.82 unsat 1.57e+08 nodes 154 s; 862 queued
2026-10-02T20:57:55 Random-125-125-2-4_0 97.77 unsat 2.59e+08 nodes 207 s; 861 queued
2026-10-02T20:58:03 Random-125-125-2-4_0 97.91 unsat 4.24e+07 nodes 43 s; 860 queued
2026-10-02T20:58:11 Random-125-125-2-4_0 97.63 unsat 7.26e+06 nodes 8 s; 859 queued
2026-10-02T20:58:12 Random-125-125-2-4_0 97.8 unsat 2.15e+07 nodes 23 s; 858 queued
2026-10-02T20:58:15 Random-125-125-2-4_0 97.86 unsat 2.99e+06 nodes 4 s; 857 queued
2026-10-02T20:58:17 Random-125-125-2-4_0 97.84 unsat 6.11e+06 nodes 6 s; 856 queued
2026-10-02T20:58:18 Random-125-125-2-4_0 97.12 unsat 2.18e+07 nodes 23 s; 855 queued
2026-10-02T20:58:18 Random-125-125-2-4_0 97.10 unsat 2.74e+06 nodes 3 s; 854 queued
2026-10-02T20:58:19 Random-125-125-2-4_0 97.22 unsat 1.75e+06 nodes 2 s; 853 queued
2026-10-02T20:58:20 Random-125-125-2-4_0 97.69 unsat 8.78e+05 nodes 1 s; 852 queued
2026-10-02T20:58:20 Random-125-125-2-4_0 97.64 unsat 1.54e+06 nodes 2 s; 851 queued
2026-10-02T20:58:21 Random-125-125-4-2_0 88.120 unsat 3.39e+09 nodes 3119 s; 850 queued
2026-10-02T20:58:22 Random-125-125-2-4_0 97.31 unsat 3.33e+06 nodes 4 s; 849 queued
2026-10-02T20:58:22 Random-125-125-2-4_0 97.72 unsat 1.51e+06 nodes 2 s; 848 queued
2026-10-02T20:58:22 Random-125-125-2-4_0 97.98 unsat 1.01e+06 nodes 1 s; 847 queued
2026-10-02T20:58:22 Random-125-125-2-4_0 97.36 unsat 3.97e+05 nodes 0 s; 846 queued
2026-10-02T20:58:22 Random-125-125-2-4_0 97.83 unsat 1.91e+06 nodes 2 s; 845 queued
2026-10-02T20:58:23 Random-125-125-2-4_0 97.81 unsat 3.14e+05 nodes 0 s; 844 queued
2026-10-02T20:58:23 Random-125-125-2-4_0 97.62 unsat 4.38e+05 nodes 0 s; 843 queued
2026-10-02T20:58:23 Random-125-125-2-4_0 97.50 unsat 7.2e+05 nodes 1 s; 842 queued
2026-10-02T20:58:23 Random-125-125-2-4_0 97.99 unsat 3.99e+05 nodes 0 s; 841 queued
2026-10-02T20:58:23 Random-125-125-2-4_0 97.9 unsat 1.41e+06 nodes 1 s; 840 queued
2026-10-02T20:58:23 Random-125-125-2-4_0 97.94 unsat 4.81e+05 nodes 1 s; 839 queued
2026-10-02T20:58:23 Random-125-125-2-4_0 97.112 unsat 4.3e+05 nodes 0 s; 838 queued
2026-10-02T20:58:23 Random-125-125-2-4_0 97.17 unsat 2.26e+05 nodes 0 s; 837 queued
2026-10-02T20:58:23 Random-125-125-2-4_0 97.92 unsat 2.45e+05 nodes 0 s; 836 queued
2026-10-02T20:58:23 Random-125-125-2-4_0 97.6 unsat 7.37e+04 nodes 0 s; 835 queued
2026-10-02T20:58:23 Random-125-125-2-4_0 97.103 unsat 1.96e+05 nodes 0 s; 834 queued
2026-10-02T20:58:23 Random-125-125-2-4_0 97.40 unsat 7.95e+04 nodes 0 s; 833 queued
2026-10-02T20:58:23 Random-125-125-2-4_0 97.18 unsat 1.44e+05 nodes 0 s; 832 queued
2026-10-02T20:58:23 Random-125-125-2-4_0 97.24 unsat 2.39e+04 nodes 0 s; 831 queued
2026-10-02T20:58:24 Random-125-125-2-4_0 97.11 unsat 2.38e+03 nodes 0 s; 830 queued
2026-10-02T20:58:24 Random-125-125-2-4_0 97.4 unsat 5.84e+04 nodes 0 s; 829 queued
2026-10-02T20:58:24 Random-125-125-2-4_0 97.109 unsat 2.2e+05 nodes 0 s; 828 queued
2026-10-02T20:58:24 Random-125-125-2-4_0 97.87 unsat 9.97e+04 nodes 0 s; 827 queued
2026-10-02T20:59:04 Random-125-125-2-4_0 27.41.46 unknown 1.2e+10 nodes 8667 s; 870 queued
2026-10-02T20:59:24 Random-125-125-2-4_0 97.32 unsat 8.33e+08 nodes 726 s; 869 queued
2026-10-02T20:59:32 Random-125-125-2-4_0 97.90 unsat 1.99e+08 nodes 139 s; 868 queued
2026-10-02T21:00:21 Random-125-125-2-4_0 97.37 unsat 5.56e+08 nodes 513 s; 867 queued
2026-10-02T21:02:51 Random-125-125-2-4_0 111.41 unsat 2.36e+08 nodes 150 s; 866 queued
2026-10-02T21:05:44 Random-125-125-2-4_0 111.35 unsat 5.18e+08 nodes 380 s; 865 queued
2026-10-02T21:05:56 Random-125-125-2-4_0 97.20 unsat 1.18e+09 nodes 1173 s; 864 queued
2026-10-02T21:06:32 Random-125-125-2-4_0 97.33 unsat 1.18e+09 nodes 1122 s; 863 queued
2026-10-02T21:08:14 Random-125-125-2-4_0 111.88 unsat 1.53e+08 nodes 139 s; 862 queued
2026-10-02T21:09:30 Random-125-125-2-4_0 111.91 unsat 7.14e+07 nodes 75 s; 861 queued
2026-10-02T21:09:32 Random-125-125-2-4_0 111.63 unsat 4.48e+08 nodes 401 s; 860 queued
2026-10-02T21:09:50 Random-125-125-2-4_0 111.82 unsat 2.42e+08 nodes 246 s; 859 queued
2026-10-02T21:10:04 Random-125-125-2-4_0 111.12 unsat 3.22e+07 nodes 32 s; 858 queued
2026-10-02T21:10:06 Random-125-125-2-4_0 111.8 unsat 3.57e+07 nodes 36 s; 857 queued
2026-10-02T21:10:07 Random-125-125-2-4_0 111.84 unsat 1.58e+07 nodes 17 s; 856 queued
2026-10-02T21:10:09 Random-125-125-2-4_0 111.86 unsat 4.19e+06 nodes 5 s; 855 queued
2026-10-02T21:10:10 Random-125-125-2-4_0 111.22 unsat 2.57e+06 nodes 3 s; 854 queued
2026-10-02T21:10:10 Random-125-125-2-4_0 111.10 unsat 3.75e+06 nodes 4 s; 853 queued
2026-10-02T21:10:11 Random-125-125-2-4_0 111.37 unsat 7.16e+08 nodes 639 s; 852 queued
2026-10-02T21:10:13 Random-125-125-2-4_0 111.64 unsat 2.31e+06 nodes 3 s; 851 queued
2026-10-02T21:10:13 Random-125-125-2-4_0 111.69 unsat 1.64e+06 nodes 3 s; 850 queued
2026-10-02T21:10:16 Random-125-125-2-4_0 111.81 unsat 1.28e+06 nodes 3 s; 849 queued
2026-10-02T21:10:16 Random-125-125-2-4_0 111.72 unsat 2.34e+06 nodes 5 s; 848 queued
2026-10-02T21:10:17 Random-125-125-2-4_0 111.31 unsat 3.96e+06 nodes 8 s; 847 queued
2026-10-02T21:10:19 Random-125-125-2-4_0 111.36 unsat 5.83e+05 nodes 2 s; 846 queued
2026-10-02T21:10:19 Random-125-125-2-4_0 111.98 unsat 1.44e+06 nodes 3 s; 845 queued
2026-10-02T21:10:19 Random-125-125-2-4_0 111.83 unsat 3.05e+06 nodes 6 s; 844 queued
2026-10-02T21:10:19 Random-125-125-2-4_0 111.9 unsat 1.53e+06 nodes 3 s; 843 queued
2026-10-02T21:10:21 Random-125-125-2-4_0 111.94 unsat 7.36e+05 nodes 2 s; 842 queued
2026-10-02T21:10:21 Random-125-125-2-4_0 111.62 unsat 6.72e+05 nodes 2 s; 841 queued
2026-10-02T21:10:21 Random-125-125-2-4_0 111.112 unsat 8.37e+05 nodes 1 s; 840 queued
2026-10-02T21:10:22 Random-125-125-2-4_0 111.50 unsat 1.11e+06 nodes 3 s; 839 queued
2026-10-02T21:10:22 Random-125-125-2-4_0 111.17 unsat 3.67e+05 nodes 1 s; 838 queued
2026-10-02T21:10:22 Random-125-125-2-4_0 111.103 unsat 4.87e+05 nodes 1 s; 837 queued
2026-10-02T21:10:22 Random-125-125-2-4_0 111.92 unsat 4.26e+05 nodes 1 s; 836 queued
2026-10-02T21:10:22 Random-125-125-2-4_0 111.40 unsat 1.32e+05 nodes 0 s; 835 queued
2026-10-02T21:10:22 Random-125-125-2-4_0 111.6 unsat 1.38e+05 nodes 0 s; 834 queued
2026-10-02T21:10:22 Random-125-125-2-4_0 111.4 unsat 1.07e+05 nodes 0 s; 833 queued
2026-10-02T21:10:23 Random-125-125-2-4_0 111.11 unsat 3.07e+03 nodes 0 s; 832 queued
2026-10-02T21:10:23 Random-125-125-2-4_0 111.24 unsat 6.72e+04 nodes 0 s; 831 queued
2026-10-02T21:10:23 Random-125-125-2-4_0 111.109 unsat 3.1e+05 nodes 1 s; 830 queued
2026-10-02T21:10:23 Random-125-125-2-4_0 111.18 unsat 2.56e+05 nodes 1 s; 829 queued
2026-10-02T21:10:47 Random-125-125-2-4_0 111.90 unsat 2.95e+08 nodes 255 s; 828 queued
2026-10-02T21:12:45 Random-125-125-4-2_0 88.59 unsat 3.8e+09 nodes 3983 s; 827 queued
2026-10-02T21:13:07 Random-125-125-2-4_0 111.32 unsat 1.15e+09 nodes 883 s; 826 queued
2026-10-02T21:16:31 Random-125-125-2-4_0 2.35 unsat 4.65e+08 nodes 344 s; 825 queued
2026-10-02T21:17:21 Random-125-125-2-4_0 2.41 unsat 2.58e+08 nodes 254 s; 824 queued
2026-10-02T21:19:11 Random-125-125-2-4_0 111.33 unsat 1.53e+09 nodes 1207 s; 823 queued
2026-10-02T21:20:26 Random-125-125-2-4_0 2.78 unsat 1.87e+08 nodes 185 s; 822 queued
2026-10-02T21:21:47 Random-125-125-2-4_0 2.82 unsat 1.65e+08 nodes 156 s; 821 queued
2026-10-02T21:22:12 Random-125-125-2-4_0 2.37 unsat 7.94e+08 nodes 567 s; 820 queued
2026-10-02T21:22:31 Random-125-125-2-4_0 2.32 unsat 1.12e+09 nodes 729 s; 819 queued
2026-10-02T21:22:42 Random-125-125-2-4_0 2.88 unsat 1.38e+08 nodes 136 s; 818 queued
2026-10-02T21:22:48 Random-125-125-4-2_0 104.115 unknown 6e+09 nodes 5985 s; 913 queued
2026-10-02T21:22:55 Random-125-125-2-4_0 2.8 unsat 2.22e+07 nodes 24 s; 912 queued
2026-10-02T21:22:56 Random-125-125-2-4_0 2.91 unsat 4.57e+07 nodes 44 s; 911 queued
2026-10-02T21:22:59 Random-125-125-2-4_0 2.90 unsat 7.69e+07 nodes 72 s; 910 queued
2026-10-02T21:22:59 Random-125-125-2-4_0 111.20 unsat 1.72e+09 nodes 1476 s; 909 queued
2026-10-02T21:23:06 Random-125-125-2-4_0 2.12 unsat 2.53e+07 nodes 24 s; 908 queued
2026-10-02T21:23:12 Random-125-125-2-4_0 2.77 unsat 4.13e+08 nodes 401 s; 907 queued
2026-10-02T21:28:20 Random-125-125-4-2_0 104.115.120 unsat 3.09e+08 nodes 308 s; 906 queued
2026-10-02T21:30:21 Random-125-125-4-2_0 104.115.15 unsat 1.13e+08 nodes 121 s; 905 queued
2026-10-02T21:31:26 Random-125-125-4-2_0 104.115.62 unsat 4.6e+08 nodes 500 s; 904 queued
2026-10-02T21:31:36 Random-125-125-4-2_0 104.115.55 unsat 5.71e+08 nodes 517 s; 903 queued
2026-10-02T21:32:02 Random-125-125-2-4_0 2.33 unsat 1.68e+09 nodes 1300 s; 902 queued
2026-10-02T21:32:29 Random-125-125-4-2_0 104.115.67 unsat 1.17e+08 nodes 128 s; 901 queued
2026-10-02T21:32:31 Random-125-125-4-2_0 104.115.35 unsat 7.11e+07 nodes 55 s; 900 queued
2026-10-02T21:32:52 Random-125-125-4-2_0 104.115.74 unsat 4.98e+07 nodes 49 s; 899 queued
2026-10-02T21:32:53 Random-125-125-4-2_0 104.115.86 unsat 7.98e+07 nodes 88 s; 898 queued
2026-10-02T21:32:57 Random-125-125-4-2_0 104.115.16 unsat 2.35e+07 nodes 26 s; 897 queued
2026-10-02T21:33:04 Random-125-125-4-2_0 104.115.107 unsat 3e+07 nodes 35 s; 896 queued
2026-10-02T21:33:08 Random-125-125-4-2_0 104.115.24 unsat 1.39e+07 nodes 17 s; 895 queued
2026-10-02T21:33:11 Random-125-125-4-2_0 104.115.29 unsat 2.09e+07 nodes 18 s; 894 queued
2026-10-02T21:33:17 Random-125-125-4-2_0 104.115.96 unsat 6.76e+06 nodes 6 s; 893 queued
2026-10-02T21:33:18 Random-125-125-4-2_0 104.115.72 unsat 1.21e+07 nodes 14 s; 892 queued
2026-10-02T21:33:21 Random-125-125-4-2_0 104.115.42 unsat 2.09e+07 nodes 24 s; 891 queued
2026-10-02T21:33:24 Random-125-125-4-2_0 104.115.103 unsat 5.75e+06 nodes 7 s; 890 queued
2026-10-02T21:33:25 Random-125-125-4-2_0 104.115.38 unsat 3.85e+06 nodes 3 s; 889 queued
2026-10-02T21:33:25 Random-125-125-4-2_0 104.115.121 unsat 5.87e+06 nodes 7 s; 888 queued
2026-10-02T21:33:27 Random-125-125-4-2_0 104.115.83 unsat 3.04e+06 nodes 3 s; 887 queued
2026-10-02T21:33:28 Random-125-125-4-2_0 104.115.97 unsat 3.79e+06 nodes 3 s; 886 queued
2026-10-02T21:33:28 Random-125-125-4-2_0 104.115.124 unsat 2.38e+06 nodes 3 s; 885 queued
2026-10-02T21:33:29 Random-125-125-4-2_0 104.115.78 unsat 1.86e+07 nodes 21 s; 884 queued
2026-10-02T21:33:29 Random-125-125-4-2_0 104.115.27 unsat 1.56e+06 nodes 2 s; 883 queued
2026-10-02T21:33:30 Random-125-125-4-2_0 104.115.58 unsat 1.18e+06 nodes 2 s; 882 queued
2026-10-02T21:33:30 Random-125-125-4-2_0 104.115.47 unsat 1.64e+06 nodes 2 s; 881 queued
2026-10-02T21:33:30 Random-125-125-4-2_0 104.115.82 unsat 7.79e+05 nodes 1 s; 880 queued
2026-10-02T21:33:30 Random-125-125-4-2_0 104.115.68 unsat 1.07e+06 nodes 1 s; 879 queued
2026-10-02T21:33:31 Random-125-125-4-2_0 104.115.98 unsat 4.51e+05 nodes 1 s; 878 queued
2026-10-02T21:33:31 Random-125-125-4-2_0 104.115.3 unsat 3.4e+05 nodes 0 s; 877 queued
2026-10-02T21:33:31 Random-125-125-4-2_0 104.115.36 unsat 2.22e+05 nodes 0 s; 876 queued
2026-10-02T21:33:31 Random-125-125-4-2_0 104.115.8 unsat 4.7e+05 nodes 1 s; 875 queued
2026-10-02T21:33:31 Random-125-125-4-2_0 104.115.46 unsat 2.67e+05 nodes 0 s; 874 queued
2026-10-02T21:33:31 Random-125-125-4-2_0 104.115.64 unsat 2.67e+05 nodes 0 s; 873 queued
2026-10-02T21:33:31 Random-125-125-4-2_0 104.115.93 unsat 2.36e+05 nodes 0 s; 872 queued
2026-10-02T21:33:31 Random-125-125-4-2_0 104.115.5 unsat 1.08e+05 nodes 0 s; 871 queued
2026-10-02T21:33:31 Random-125-125-4-2_0 104.115.99 unsat 1.15e+06 nodes 1 s; 870 queued
2026-10-02T21:33:32 Random-125-125-4-2_0 104.115.66 unsat 1.47e+05 nodes 0 s; 869 queued
2026-10-02T21:33:32 Random-125-125-4-2_0 104.115.105 unsat 4.19e+05 nodes 1 s; 868 queued
2026-10-02T21:33:32 Random-125-125-4-2_0 104.115.76 unsat 1.36e+05 nodes 0 s; 867 queued
2026-10-02T21:33:32 Random-125-125-4-2_0 104.115.9 unsat 1.23e+05 nodes 0 s; 866 queued
2026-10-02T21:33:32 Random-125-125-4-2_0 104.115.71 unsat 4.16e+04 nodes 0 s; 865 queued
2026-10-02T21:33:32 Random-125-125-4-2_0 104.115.54 unsat 8.6e+04 nodes 0 s; 864 queued
2026-10-02T21:33:32 Random-125-125-4-2_0 104.115.84 unsat 4.28e+04 nodes 0 s; 863 queued
2026-10-02T21:33:32 Random-125-125-4-2_0 104.115.87 unsat 5.07e+04 nodes 0 s; 862 queued
2026-10-02T21:33:32 Random-125-125-4-2_0 104.115.114 unsat 3.36e+04 nodes 0 s; 861 queued
2026-10-02T21:33:32 Random-125-125-4-2_0 104.115.101 unsat 5.25e+04 nodes 0 s; 860 queued
2026-10-02T21:33:32 Random-125-125-4-2_0 104.115.41 unsat 5.17e+04 nodes 0 s; 859 queued
2026-10-02T21:33:32 Random-125-125-4-2_0 104.115.116 unsat 3.08e+04 nodes 0 s; 858 queued
2026-10-02T21:33:32 Random-125-125-4-2_0 104.115.61 unsat 1.17e+04 nodes 0 s; 857 queued
2026-10-02T21:33:32 Random-125-125-4-2_0 104.115.7 unsat 2.92e+04 nodes 0 s; 856 queued
2026-10-02T21:33:32 Random-125-125-4-2_0 104.115.6 unsat 2.97e+04 nodes 0 s; 855 queued
2026-10-02T21:33:32 Random-125-125-4-2_0 104.115.18 unsat 2.69e+04 nodes 0 s; 854 queued
2026-10-02T21:33:32 Random-125-125-4-2_0 104.115.91 unsat 1.4e+04 nodes 0 s; 853 queued
2026-10-02T21:33:32 Random-125-125-4-2_0 104.115.37 unsat 7.26e+03 nodes 0 s; 852 queued
2026-10-02T21:33:32 Random-125-125-4-2_0 104.115.70 unsat 7.19e+03 nodes 0 s; 851 queued
2026-10-02T21:33:32 Random-125-125-4-2_0 104.115.22 unsat 1.71e+04 nodes 0 s; 850 queued
2026-10-02T21:33:32 Random-125-125-4-2_0 104.115.102 unsat 9.36e+03 nodes 0 s; 849 queued
2026-10-02T21:33:32 Random-125-125-4-2_0 104.115.19 unsat 6.93e+03 nodes 0 s; 848 queued
2026-10-02T21:33:32 Random-125-125-4-2_0 104.115.17 unsat 1.41e+04 nodes 0 s; 847 queued
2026-10-02T21:33:32 Random-125-125-4-2_0 104.115.122 unsat 2.63e+04 nodes 0 s; 846 queued
2026-10-02T21:33:32 Random-125-125-4-2_0 104.115.26 unsat 6.73e+03 nodes 0 s; 845 queued
2026-10-02T21:33:32 Random-125-125-4-2_0 104.115.20 unsat 3.33e+03 nodes 0 s; 844 queued
2026-10-02T21:33:32 Random-125-125-4-2_0 104.115.0 unsat 3.38e+03 nodes 0 s; 843 queued
2026-10-02T21:33:32 Random-125-125-4-2_0 104.115.44 unsat 4.9e+03 nodes 0 s; 842 queued
2026-10-02T21:33:32 Random-125-125-4-2_0 104.115.32 unsat 3.92e+03 nodes 0 s; 841 queued
2026-10-02T21:33:32 Random-125-125-4-2_0 104.115.75 unsat 4.19e+03 nodes 0 s; 840 queued
2026-10-02T21:33:32 Random-125-125-4-2_0 104.115.109 unsat 2.83e+03 nodes 0 s; 839 queued
2026-10-02T21:33:32 Random-125-125-4-2_0 104.115.95 unsat 3.09e+03 nodes 0 s; 839 queued
2026-10-02T21:33:32 Random-125-125-4-2_0 104.115.50 unsat 5.04e+03 nodes 0 s; 837 queued
2026-10-02T21:33:32 Random-125-125-4-2_0 104.115.23 unsat 1.01e+03 nodes 0 s; 836 queued
2026-10-02T21:33:32 Random-125-125-4-2_0 104.115.108 unsat 642 nodes 0 s; 835 queued
2026-10-02T21:33:32 Random-125-125-4-2_0 104.115.11 unsat 1.54e+03 nodes 0 s; 834 queued
2026-10-02T21:33:32 Random-125-125-4-2_0 104.115.21 unsat 2.32e+03 nodes 0 s; 833 queued
2026-10-02T21:33:32 Random-125-125-4-2_0 104.115.119 unsat 1.28e+03 nodes 0 s; 832 queued
2026-10-02T21:33:32 Random-125-125-4-2_0 104.115.39 unsat 1.75e+03 nodes 0 s; 831 queued
2026-10-02T21:33:32 Random-125-125-4-2_0 104.115.30 unsat 511 nodes 0 s; 830 queued
2026-10-02T21:33:32 Random-125-125-4-2_0 104.115.1 unsat 1.99e+03 nodes 0 s; 829 queued
2026-10-02T21:33:32 Random-125-125-4-2_0 104.115.80 unsat 519 nodes 0 s; 828 queued
2026-10-02T21:33:32 Random-125-125-4-2_0 104.115.111 unsat 681 nodes 0 s; 827 queued
2026-10-02T21:33:32 Random-125-125-4-2_0 104.115.45 unsat 1.79e+03 nodes 0 s; 826 queued
2026-10-02T21:33:32 Random-125-125-4-2_0 104.115.40 unsat 517 nodes 0 s; 825 queued
2026-10-02T21:33:32 Random-125-125-4-2_0 104.115.25 unsat 1.09e+03 nodes 0 s; 824 queued
2026-10-02T21:33:32 Random-125-125-4-2_0 104.115.79 unsat 187 nodes 0 s; 823 queued
2026-10-02T21:33:32 Random-125-125-4-2_0 104.115.4 unsat 293 nodes 0 s; 822 queued
2026-10-02T21:33:32 Random-125-125-4-2_0 104.115.118 unsat 537 nodes 0 s; 821 queued
2026-10-02T21:33:32 Random-125-125-4-2_0 104.115.81 unsat 2.58e+03 nodes 0 s; 820 queued
2026-10-02T21:33:32 Random-125-125-4-2_0 104.115.13 unsat 379 nodes 0 s; 819 queued
2026-10-02T21:33:32 Random-125-125-4-2_0 104.115.52 unsat 168 nodes 0 s; 818 queued
2026-10-02T21:33:32 Random-125-125-4-2_0 104.115.113 unsat 332 nodes 0 s; 817 queued
2026-10-02T21:33:32 Random-125-125-4-2_0 104.115.77 unsat 43 nodes 0 s; 817 queued
2026-10-02T21:33:32 Random-125-125-4-2_0 104.115.12 unsat 195 nodes 0 s; 817 queued
2026-10-02T21:33:32 Random-125-125-4-2_0 104.115.28 unsat 473 nodes 0 s; 814 queued
2026-10-02T21:33:35 Random-125-125-2-4_0 2.86 unsat 2.59e+06 nodes 3 s; 813 queued
2026-10-02T21:33:37 Random-125-125-2-4_0 2.84 unsat 4.39e+06 nodes 5 s; 812 queued
2026-10-02T21:33:38 Random-125-125-2-4_0 2.10 unsat 2.45e+06 nodes 3 s; 811 queued
2026-10-02T21:33:38 Random-125-125-2-4_0 2.63 unsat 5.62e+06 nodes 6 s; 810 queued
2026-10-02T21:33:39 Random-125-125-2-4_0 2.15 unsat 1.61e+06 nodes 2 s; 809 queued
2026-10-02T21:33:39 Random-125-125-2-4_0 2.22 unsat 1.55e+06 nodes 2 s; 808 queued
2026-10-02T21:33:40 Random-125-125-2-4_0 2.57 unsat 1.09e+06 nodes 1 s; 807 queued
2026-10-02T21:33:41 Random-125-125-2-4_0 2.64 unsat 1.1e+06 nodes 1 s; 806 queued
2026-10-02T21:33:41 Random-125-125-2-4_0 2.69 unsat 6.06e+05 nodes 1 s; 805 queued
2026-10-02T21:33:41 Random-125-125-2-4_0 2.31 unsat 2.1e+06 nodes 2 s; 804 queued
2026-10-02T21:33:41 Random-125-125-2-4_0 2.53 unsat 9.08e+06 nodes 9 s; 803 queued
2026-10-02T21:33:41 Random-125-125-2-4_0 2.119 unsat 5.84e+05 nodes 0 s; 802 queued
2026-10-02T21:33:41 Random-125-125-2-4_0 2.98 unsat 7.27e+05 nodes 1 s; 801 queued
2026-10-02T21:33:42 Random-125-125-2-4_0 2.36 unsat 1.93e+05 nodes 0 s; 800 queued
2026-10-02T21:33:42 Random-125-125-2-4_0 2.72 unsat 1.17e+06 nodes 1 s; 799 queued
2026-10-02T21:33:42 Random-125-125-2-4_0 2.83 unsat 1.48e+06 nodes 1 s; 798 queued
2026-10-02T21:33:42 Random-125-125-2-4_0 2.81 unsat 1.59e+05 nodes 0 s; 797 queued
2026-10-02T21:33:42 Random-125-125-2-4_0 2.62 unsat 2.55e+05 nodes 0 s; 796 queued
2026-10-02T21:33:42 Random-125-125-2-4_0 2.50 unsat 5.14e+05 nodes 1 s; 795 queued
2026-10-02T21:33:42 Random-125-125-2-4_0 2.94 unsat 2.92e+05 nodes 0 s; 794 queued
2026-10-02T21:33:42 Random-125-125-2-4_0 2.9 unsat 9.77e+05 nodes 1 s; 793 queued
2026-10-02T21:33:42 Random-125-125-2-4_0 2.99 unsat 1.67e+05 nodes 0 s; 792 queued
2026-10-02T21:33:42 Random-125-125-2-4_0 2.17 unsat 1.43e+05 nodes 0 s; 791 queued
2026-10-02T21:33:43 Random-125-125-2-4_0 2.103 unsat 4.88e+04 nodes 0 s; 790 queued
2026-10-02T21:33:43 Random-125-125-2-4_0 2.18 unsat 7.29e+04 nodes 0 s; 789 queued
2026-10-02T21:33:43 Random-125-125-2-4_0 2.112 unsat 2.82e+05 nodes 0 s; 788 queued
2026-10-02T21:33:43 Random-125-125-2-4_0 2.40 unsat 5.75e+04 nodes 0 s; 787 queued
2026-10-02T21:33:43 Random-125-125-2-4_0 2.109 unsat 1.4e+05 nodes 0 s; 786 queued
2026-10-02T21:33:43 Random-125-125-2-4_0 2.87 unsat 6.41e+04 nodes 0 s; 785 queued
2026-10-02T21:33:43 Random-125-125-2-4_0 2.11 unsat 1.88e+03 nodes 0 s; 784 queued
2026-10-02T21:33:43 Random-125-125-2-4_0 2.4 unsat 5.37e+04 nodes 0 s; 783 queued
2026-10-02T21:33:43 Random-125-125-2-4_0 2.24 unsat 1.24e+04 nodes 0 s; 782 queued
2026-10-02T21:33:43 Random-125-125-2-4_0 2.92 unsat 2.9e+05 nodes 0 s; 781 queued
2026-10-02T21:34:07 Random-125-125-2-4_0 59.111 unknown 6e+09 nodes 4136 s; 822 queued
2026-10-02T21:34:41 Random-125-125-2-4_0 59.85 unknown 6e+09 nodes 4170 s; 867 queued
2026-10-02T21:35:46 Random-125-125-2-4_0 20.35 unsat 1.31e+08 nodes 99 s; 866 queued
2026-10-02T21:36:32 Random-125-125-2-4_0 20.41 unsat 6.83e+07 nodes 46 s; 865 queued
2026-10-02T21:36:50 Random-125-125-2-4_0 2.20 unsat 1.75e+09 nodes 1587 s; 864 queued
2026-10-02T21:37:13 Random-125-125-2-4_0 20.37 unsat 2.38e+08 nodes 152 s; 863 queued
2026-10-02T21:37:18 Random-125-125-2-4_0 20.77 unsat 6.9e+07 nodes 46 s; 862 queued
2026-10-02T21:37:28 Random-125-125-2-4_0 20.91 unsat 1.51e+07 nodes 11 s; 861 queued
2026-10-02T21:37:34 Random-125-125-2-4_0 20.8 unsat 8.39e+06 nodes 6 s; 860 queued
2026-10-02T21:37:39 Random-125-125-2-4_0 20.90 unsat 3.8e+07 nodes 26 s; 859 queued
2026-10-02T21:37:40 Random-125-125-2-4_0 20.12 unsat 7.18e+06 nodes 5 s; 858 queued
2026-10-02T21:37:41 Random-125-125-2-4_0 20.88 unsat 5.19e+07 nodes 51 s; 857 queued
2026-10-02T21:37:41 Random-125-125-2-4_0 20.78 unsat 2.17e+06 nodes 2 s; 856 queued
2026-10-02T21:37:41 Random-125-125-2-4_0 20.63 unsat 3.53e+06 nodes 3 s; 855 queued
2026-10-02T21:37:42 Random-125-125-2-4_0 20.10 unsat 1.53e+06 nodes 1 s; 854 queued
2026-10-02T21:37:43 Random-125-125-2-4_0 20.86 unsat 1.61e+06 nodes 2 s; 853 queued
2026-10-02T21:37:43 Random-125-125-2-4_0 20.22 unsat 1.05e+06 nodes 1 s; 852 queued
2026-10-02T21:37:44 Random-125-125-2-4_0 20.36 unsat 6.44e+05 nodes 1 s; 851 queued
2026-10-02T21:37:44 Random-125-125-2-4_0 20.84 unsat 3.07e+06 nodes 3 s; 850 queued
2026-10-02T21:37:45 Random-125-125-2-4_0 20.31 unsat 1.64e+06 nodes 1 s; 849 queued
2026-10-02T21:37:45 Random-125-125-2-4_0 20.53 unsat 1.24e+06 nodes 1 s; 848 queued
2026-10-02T21:37:45 Random-125-125-2-4_0 20.69 unsat 4.53e+05 nodes 0 s; 847 queued
2026-10-02T21:37:45 Random-125-125-2-4_0 20.64 unsat 9.31e+05 nodes 1 s; 846 queued
2026-10-02T21:37:46 Random-125-125-2-4_0 20.72 unsat 9.05e+05 nodes 1 s; 845 queued
2026-10-02T21:37:46 Random-125-125-2-4_0 20.83 unsat 1.14e+06 nodes 1 s; 844 queued
2026-10-02T21:37:46 Random-125-125-2-4_0 20.15 unsat 2.04e+05 nodes 0 s; 843 queued
2026-10-02T21:37:46 Random-125-125-2-4_0 20.98 unsat 6.27e+05 nodes 1 s; 842 queued
2026-10-02T21:37:46 Random-125-125-2-4_0 20.9 unsat 8.25e+05 nodes 1 s; 841 queued
2026-10-02T21:37:46 Random-125-125-2-4_0 20.16 unsat 3.22e+05 nodes 0 s; 840 queued
2026-10-02T21:37:46 Random-125-125-2-4_0 20.62 unsat 2.24e+05 nodes 0 s; 839 queued
2026-10-02T21:37:46 Random-125-125-2-4_0 20.94 unsat 2.52e+05 nodes 0 s; 838 queued
2026-10-02T21:37:46 Random-125-125-2-4_0 20.50 unsat 4.3e+05 nodes 0 s; 837 queued
2026-10-02T21:37:47 Random-125-125-2-4_0 20.99 unsat 2.19e+05 nodes 0 s; 836 queued
2026-10-02T21:37:47 Random-125-125-2-4_0 20.112 unsat 2.41e+05 nodes 0 s; 835 queued
2026-10-02T21:37:47 Random-125-125-2-4_0 20.119 unsat 1.38e+05 nodes 0 s; 834 queued
2026-10-02T21:37:47 Random-125-125-2-4_0 20.17 unsat 9.8e+04 nodes 0 s; 833 queued
2026-10-02T21:37:47 Random-125-125-2-4_0 20.18 unsat 1.03e+05 nodes 0 s; 832 queued
2026-10-02T21:37:47 Random-125-125-2-4_0 20.103 unsat 4.46e+04 nodes 0 s; 831 queued
2026-10-02T21:37:47 Random-125-125-2-4_0 20.6 unsat 5.08e+04 nodes 0 s; 830 queued
2026-10-02T21:37:47 Random-125-125-2-4_0 20.92 unsat 1.18e+05 nodes 0 s; 829 queued
2026-10-02T21:37:47 Random-125-125-2-4_0 20.40 unsat 3.98e+04 nodes 0 s; 828 queued
2026-10-02T21:37:47 Random-125-125-2-4_0 20.109 unsat 1.46e+05 nodes 0 s; 827 queued
2026-10-02T21:37:47 Random-125-125-2-4_0 20.24 unsat 1.21e+04 nodes 0 s; 826 queued
2026-10-02T21:37:47 Random-125-125-2-4_0 20.11 unsat 699 nodes 0 s; 825 queued
2026-10-02T21:37:47 Random-125-125-2-4_0 20.4 unsat 4.21e+04 nodes 0 s; 824 queued
2026-10-02T21:37:47 Random-125-125-2-4_0 20.87 unsat 7.69e+04 nodes 0 s; 823 queued
2026-10-02T21:38:25 Random-125-125-2-4_0 85.2 unsat 5.28e+09 nodes 3897 s; 822 queued
2026-10-02T21:38:34 Random-125-125-2-4_0 20.33 unsat 3.32e+08 nodes 292 s; 821 queued
2026-10-02T21:38:35 Random-125-125-2-4_0 97.2 unsat 3.75e+09 nodes 3133 s; 820 queued
2026-10-02T21:38:52 Random-125-125-2-4_0 20.32 unsat 3.07e+08 nodes 309 s; 819 queued
2026-10-02T21:39:37 Random-125-125-2-4_0 33.41 unsat 5.97e+07 nodes 62 s; 818 queued
2026-10-02T21:39:57 Random-125-125-2-4_0 59.2 unknown 6e+09 nodes 4486 s; 865 queued
2026-10-02T21:40:22 Random-125-125-2-4_0 33.63 unsat 1.16e+08 nodes 90 s; 864 queued
2026-10-02T21:40:49 Random-125-125-2-4_0 33.77 unsat 8.87e+07 nodes 72 s; 863 queued
2026-10-02T21:40:56 Random-125-125-2-4_0 33.88 unsat 9.54e+06 nodes 7 s; 862 queued
2026-10-02T21:40:58 Random-125-125-2-4_0 33.35 unsat 1.77e+08 nodes 154 s; 861 queued
2026-10-02T21:41:00 Random-125-125-2-4_0 33.82 unsat 5.97e+07 nodes 64 s; 860 queued
2026-10-02T21:41:01 Random-125-125-4-2_0 104.115.2 unsat 1.1e+09 nodes 1085 s; 859 queued
2026-10-02T21:41:01 Random-125-125-2-4_0 33.91 unsat 4.04e+06 nodes 3 s; 858 queued
2026-10-02T21:41:02 Random-125-125-2-4_0 33.86 unsat 1.58e+06 nodes 1 s; 857 queued
2026-10-02T21:41:03 Random-125-125-2-4_0 33.78 unsat 1.58e+06 nodes 2 s; 856 queued
2026-10-02T21:41:04 Random-125-125-2-4_0 33.22 unsat 9.83e+05 nodes 1 s; 855 queued
2026-10-02T21:41:04 Random-125-125-2-4_0 33.10 unsat 1.57e+06 nodes 1 s; 854 queued
2026-10-02T21:41:04 Random-125-125-2-4_0 33.39 unsat 6.74e+05 nodes 0 s; 853 queued
2026-10-02T21:41:04 Random-125-125-2-4_0 33.12 unsat 3.91e+06 nodes 4 s; 852 queued
2026-10-02T21:41:05 Random-125-125-2-4_0 33.69 unsat 4.16e+05 nodes 0 s; 851 queued
2026-10-02T21:41:05 Random-125-125-2-4_0 33.53 unsat 1.21e+06 nodes 1 s; 850 queued
2026-10-02T21:41:05 Random-125-125-2-4_0 33.31 unsat 1.75e+06 nodes 2 s; 849 queued
2026-10-02T21:41:06 Random-125-125-2-4_0 33.98 unsat 6.31e+05 nodes 0 s; 848 queued
2026-10-02T21:41:06 Random-125-125-2-4_0 33.15 unsat 2.1e+05 nodes 0 s; 847 queued
2026-10-02T21:41:06 Random-125-125-2-4_0 33.72 unsat 9.02e+05 nodes 1 s; 846 queued
2026-10-02T21:41:06 Random-125-125-2-4_0 33.36 unsat 1.76e+05 nodes 0 s; 845 queued
2026-10-02T21:41:06 Random-125-125-2-4_0 33.16 unsat 3.76e+05 nodes 0 s; 844 queued
2026-10-02T21:41:06 Random-125-125-2-4_0 33.9 unsat 5.53e+05 nodes 1 s; 843 queued
2026-10-02T21:41:06 Random-125-125-2-4_0 33.58 unsat 1.68e+05 nodes 0 s; 842 queued
2026-10-02T21:41:06 Random-125-125-2-4_0 33.57 unsat 1.99e+05 nodes 0 s; 841 queued
2026-10-02T21:41:06 Random-125-125-2-4_0 33.81 unsat 2.02e+05 nodes 0 s; 840 queued
2026-10-02T21:41:06 Random-125-125-2-4_0 33.62 unsat 2.31e+05 nodes 0 s; 839 queued
2026-10-02T21:41:06 Random-125-125-2-4_0 33.90 unsat 1.07e+07 nodes 11 s; 838 queued
2026-10-02T21:41:06 Random-125-125-2-4_0 33.99 unsat 1.84e+05 nodes 0 s; 837 queued
2026-10-02T21:41:06 Random-125-125-2-4_0 33.94 unsat 2.32e+05 nodes 0 s; 836 queued
2026-10-02T21:41:06 Random-125-125-2-4_0 33.119 unsat 1.14e+05 nodes 0 s; 835 queued
2026-10-02T21:41:07 Random-125-125-2-4_0 33.17 unsat 7.56e+04 nodes 0 s; 834 queued
2026-10-02T21:41:07 Random-125-125-2-4_0 33.112 unsat 2.17e+05 nodes 0 s; 833 queued
2026-10-02T21:41:07 Random-125-125-2-4_0 33.103 unsat 3.78e+04 nodes 0 s; 832 queued
2026-10-02T21:41:07 Random-125-125-2-4_0 33.92 unsat 8.05e+04 nodes 0 s; 831 queued
2026-10-02T21:41:07 Random-125-125-2-4_0 33.18 unsat 8.73e+04 nodes 0 s; 830 queued
2026-10-02T21:41:07 Random-125-125-2-4_0 33.6 unsat 3.14e+04 nodes 0 s; 829 queued
2026-10-02T21:41:07 Random-125-125-2-4_0 33.24 unsat 1.31e+04 nodes 0 s; 828 queued
2026-10-02T21:41:07 Random-125-125-2-4_0 33.40 unsat 4.21e+04 nodes 0 s; 827 queued
2026-10-02T21:41:07 Random-125-125-2-4_0 33.4 unsat 4.08e+04 nodes 0 s; 826 queued
2026-10-02T21:41:07 Random-125-125-2-4_0 33.109 unsat 8.05e+04 nodes 0 s; 825 queued
2026-10-02T21:41:22 Random-125-125-2-4_0 33.84 unsat 5.32e+07 nodes 61 s; 824 queued
2026-10-02T21:43:01 Random-125-125-2-4_0 33.37 unsat 2.82e+08 nodes 267 s; 823 queued
2026-10-02T21:43:46 Random-125-125-2-4_0 33.5 unsat 3.76e+08 nodes 359 s; 822 queued
2026-10-02T21:43:52 Random-125-125-2-4_0 20.5 unsat 7.02e+08 nodes 609 s; 821 queued
2026-10-02T21:46:15 Random-125-125-2-4_0 20.82 unsat 1.05e+09 nodes 752 s; 820 queued
2026-10-02T21:46:20 Random-125-125-4-2_0 88.57 unknown 6e+09 nodes 5998 s; 917 queued
2026-10-02T21:46:28 Random-125-125-4-2_0 104.115.51 unsat 1.38e+09 nodes 1410 s; 916 queued
2026-10-02T21:46:35 Random-125-125-2-4_0 33.8 unsat 5.78e+08 nodes 528 s; 915 queued
2026-10-02T21:46:36 Random-125-125-4-2_0 88.104 unknown 6e+09 nodes 6014 s; 1009 queued
2026-10-02T21:46:37 Random-125-125-2-4_0 46.59.21 unsat 3.2e+08 nodes 216 s; 1008 queued
2026-10-02T21:48:38 Random-125-125-2-4_0 85.111 unknown 6e+09 nodes 4511 s; 1049 queued
2026-10-02T21:48:52 Random-125-125-2-4_0 46.59.35 unsat 1.76e+08 nodes 157 s; 1048 queued
2026-10-02T21:50:24 Random-125-125-2-4_0 46.59.32 unsat 4.29e+08 nodes 397 s; 1047 queued
2026-10-02T21:50:56 Random-125-125-2-4_0 46.59.20 unsat 6.71e+08 nodes 574 s; 1046 queued
2026-10-02T21:51:17 Random-125-125-2-4_0 46.59.33 unsat 6.29e+08 nodes 445 s; 1045 queued
2026-10-02T21:52:18 Random-125-125-4-2_0 88.57.107 unsat 1.97e+08 nodes 206 s; 1044 queued
2026-10-02T21:52:31 Random-125-125-4-2_0 88.57.72 unsat 6.4e+07 nodes 74 s; 1043 queued
2026-10-02T21:52:33 Random-125-125-2-4_0 85.97 unknown 6e+09 nodes 4746 s; 1088 queued
2026-10-02T21:52:35 Random-125-125-4-2_0 88.57.2 unsat 1.18e+08 nodes 131 s; 1087 queued
2026-10-02T21:52:51 Random-125-125-4-2_0 88.57.86 unsat 3.35e+08 nodes 374 s; 1086 queued
2026-10-02T21:52:56 Random-125-125-4-2_0 88.57.15 unsat 4.09e+07 nodes 39 s; 1085 queued
2026-10-02T21:53:02 Random-125-125-4-2_0 88.57.74 unsat 2.29e+07 nodes 27 s; 1084 queued
2026-10-02T21:53:06 Random-125-125-4-2_0 88.57.24 unsat 9.35e+06 nodes 10 s; 1083 queued
2026-10-02T21:53:10 Random-125-125-4-2_0 88.57.16 unsat 1.23e+07 nodes 19 s; 1082 queued
2026-10-02T21:53:14 Random-125-125-4-2_0 88.57.43 unsat 3.71e+07 nodes 41 s; 1081 queued
2026-10-02T21:53:15 Random-125-125-4-2_0 88.57.51 unsat 1.28e+08 nodes 139 s; 1080 queued
2026-10-02T21:53:15 Random-125-125-4-2_0 88.57.29 unsat 1.05e+07 nodes 14 s; 1079 queued
2026-10-02T21:53:17 Random-125-125-4-2_0 88.57.83 unsat 6.43e+06 nodes 8 s; 1078 queued
2026-10-02T21:53:19 Random-125-125-4-2_0 88.57.42 unsat 1.07e+07 nodes 12 s; 1077 queued
2026-10-02T21:53:20 Random-125-125-4-2_0 88.57.96 unsat 5.13e+06 nodes 6 s; 1076 queued
2026-10-02T21:53:21 Random-125-125-4-2_0 88.57.36 unsat 1.55e+06 nodes 2 s; 1075 queued
2026-10-02T21:53:21 Random-125-125-4-2_0 88.57.103 unsat 4.89e+06 nodes 6 s; 1074 queued
2026-10-02T21:53:22 Random-125-125-4-2_0 88.57.121 unsat 3.93e+06 nodes 4 s; 1073 queued
2026-10-02T21:53:22 Random-125-125-4-2_0 88.57.38 unsat 2.26e+06 nodes 3 s; 1072 queued
2026-10-02T21:53:23 Random-125-125-4-2_0 88.57.27 unsat 1e+06 nodes 1 s; 1071 queued
2026-10-02T21:53:23 Random-125-125-4-2_0 88.57.8 unsat 1.29e+06 nodes 2 s; 1070 queued
2026-10-02T21:53:23 Random-125-125-4-2_0 88.57.78 unsat 2.45e+06 nodes 2 s; 1069 queued
2026-10-02T21:53:23 Random-125-125-4-2_0 88.57.67 unsat 4.5e+05 nodes 1 s; 1068 queued
2026-10-02T21:53:23 Random-125-125-4-2_0 88.57.82 unsat 3.52e+05 nodes 0 s; 1067 queued
2026-10-02T21:53:23 Random-125-125-4-2_0 88.57.98 unsat 3.8e+05 nodes 0 s; 1066 queued
2026-10-02T21:53:24 Random-125-125-4-2_0 88.57.3 unsat 2.72e+05 nodes 0 s; 1065 queued
2026-10-02T21:53:24 Random-125-125-4-2_0 88.57.68 unsat 7.69e+05 nodes 1 s; 1064 queued
2026-10-02T21:53:24 Random-125-125-4-2_0 88.57.47 unsat 1.1e+06 nodes 1 s; 1063 queued
2026-10-02T21:53:24 Random-125-125-4-2_0 88.57.58 unsat 2.99e+05 nodes 0 s; 1062 queued
2026-10-02T21:53:24 Random-125-125-4-2_0 88.57.93 unsat 2.27e+05 nodes 0 s; 1061 queued
2026-10-02T21:53:24 Random-125-125-4-2_0 88.57.87 unsat 2.74e+05 nodes 0 s; 1060 queued
2026-10-02T21:53:24 Random-125-125-4-2_0 88.57.112 unsat 2.88e+05 nodes 0 s; 1059 queued
2026-10-02T21:53:24 Random-125-125-4-2_0 88.57.5 unsat 1e+05 nodes 0 s; 1058 queued
2026-10-02T21:53:24 Random-125-125-4-2_0 88.57.46 unsat 1.35e+05 nodes 0 s; 1057 queued
2026-10-02T21:53:24 Random-125-125-4-2_0 88.57.64 unsat 1.18e+05 nodes 0 s; 1056 queued
2026-10-02T21:53:25 Random-125-125-4-2_0 88.57.99 unsat 9.54e+05 nodes 1 s; 1055 queued
2026-10-02T21:53:25 Random-125-125-4-2_0 88.57.124 unsat 2.98e+05 nodes 0 s; 1054 queued
2026-10-02T21:53:25 Random-125-125-4-2_0 88.57.76 unsat 1.19e+05 nodes 0 s; 1053 queued
2026-10-02T21:53:25 Random-125-125-4-2_0 88.57.7 unsat 6.54e+04 nodes 0 s; 1052 queued
2026-10-02T21:53:25 Random-125-125-4-2_0 88.57.101 unsat 8.75e+04 nodes 0 s; 1051 queued
2026-10-02T21:53:25 Random-125-125-4-2_0 88.57.9 unsat 8.52e+04 nodes 0 s; 1050 queued
2026-10-02T21:53:25 Random-125-125-4-2_0 88.57.66 unsat 3.38e+04 nodes 0 s; 1049 queued
2026-10-02T21:53:25 Random-125-125-4-2_0 88.57.54 unsat 4.82e+04 nodes 0 s; 1048 queued
2026-10-02T21:53:25 Random-125-125-4-2_0 88.57.18 unsat 3.43e+04 nodes 0 s; 1047 queued
2026-10-02T21:53:25 Random-125-125-4-2_0 88.57.71 unsat 1.83e+04 nodes 0 s; 1046 queued
2026-10-02T21:53:25 Random-125-125-4-2_0 88.57.37 unsat 2.46e+04 nodes 0 s; 1045 queued
2026-10-02T21:53:25 Random-125-125-4-2_0 88.57.105 unsat 1.78e+05 nodes 0 s; 1044 queued
2026-10-02T21:53:25 Random-125-125-4-2_0 88.57.84 unsat 1.28e+04 nodes 0 s; 1043 queued
2026-10-02T21:53:25 Random-125-125-4-2_0 88.57.63 unsat 2.76e+04 nodes 0 s; 1042 queued
2026-10-02T21:53:25 Random-125-125-4-2_0 88.57.116 unsat 1.34e+04 nodes 0 s; 1041 queued
2026-10-02T21:53:25 Random-125-125-4-2_0 88.57.114 unsat 1.71e+04 nodes 0 s; 1040 queued
2026-10-02T21:53:25 Random-125-125-4-2_0 88.57.91 unsat 2.21e+04 nodes 0 s; 1039 queued
2026-10-02T21:53:25 Random-125-125-4-2_0 88.57.17 unsat 1.75e+04 nodes 0 s; 1038 queued
2026-10-02T21:53:25 Random-125-125-4-2_0 88.57.41 unsat 1.6e+04 nodes 0 s; 1037 queued
2026-10-02T21:53:25 Random-125-125-4-2_0 88.57.102 unsat 1.39e+04 nodes 0 s; 1036 queued
2026-10-02T21:53:25 Random-125-125-4-2_0 88.57.6 unsat 1.56e+04 nodes 0 s; 1035 queued
2026-10-02T21:53:25 Random-125-125-4-2_0 88.57.26 unsat 7.17e+03 nodes 0 s; 1034 queued
2026-10-02T21:53:25 Random-125-125-4-2_0 88.57.22 unsat 1.02e+04 nodes 0 s; 1033 queued
2026-10-02T21:53:25 Random-125-125-4-2_0 88.57.61 unsat 2.41e+03 nodes 0 s; 1033 queued
2026-10-02T21:53:25 Random-125-125-4-2_0 88.57.0 unsat 4.54e+03 nodes 0 s; 1031 queued
2026-10-02T21:53:25 Random-125-125-4-2_0 88.57.70 unsat 3.24e+03 nodes 0 s; 1030 queued
2026-10-02T21:53:25 Random-125-125-4-2_0 88.57.44 unsat 4.13e+03 nodes 0 s; 1029 queued
2026-10-02T21:53:25 Random-125-125-4-2_0 88.57.75 unsat 3.18e+03 nodes 0 s; 1028 queued
2026-10-02T21:53:25 Random-125-125-4-2_0 88.57.95 unsat 2.7e+03 nodes 0 s; 1027 queued
2026-10-02T21:53:25 Random-125-125-4-2_0 88.57.109 unsat 2.28e+03 nodes 0 s; 1026 queued
2026-10-02T21:53:25 Random-125-125-4-2_0 88.57.119 unsat 2.67e+03 nodes 0 s; 1025 queued
2026-10-02T21:53:25 Random-125-125-4-2_0 88.57.11 unsat 1.33e+03 nodes 0 s; 1024 queued
2026-10-02T21:53:25 Random-125-125-4-2_0 88.57.122 unsat 9.48e+03 nodes 0 s; 1023 queued
2026-10-02T21:53:25 Random-125-125-4-2_0 88.57.20 unsat 1.4e+03 nodes 0 s; 1022 queued
2026-10-02T21:53:25 Random-125-125-4-2_0 88.57.19 unsat 2.04e+03 nodes 0 s; 1021 queued
2026-10-02T21:53:25 Random-125-125-4-2_0 88.57.30 unsat 752 nodes 0 s; 1020 queued
2026-10-02T21:53:25 Random-125-125-4-2_0 88.57.21 unsat 1.85e+03 nodes 0 s; 1019 queued
2026-10-02T21:53:25 Random-125-125-4-2_0 88.57.32 unsat 1.1e+03 nodes 0 s; 1018 queued
2026-10-02T21:53:25 Random-125-125-4-2_0 88.57.80 unsat 865 nodes 0 s; 1017 queued
2026-10-02T21:53:25 Random-125-125-4-2_0 88.57.1 unsat 937 nodes 0 s; 1016 queued
2026-10-02T21:53:25 Random-125-125-4-2_0 88.57.39 unsat 819 nodes 0 s; 1015 queued
2026-10-02T21:53:25 Random-125-125-4-2_0 88.57.50 unsat 841 nodes 0 s; 1014 queued
2026-10-02T21:53:25 Random-125-125-4-2_0 88.57.108 unsat 131 nodes 0 s; 1013 queued
2026-10-02T21:53:25 Random-125-125-4-2_0 88.57.45 unsat 962 nodes 0 s; 1012 queued
2026-10-02T21:53:25 Random-125-125-4-2_0 88.57.100 unsat 1.44e+03 nodes 0 s; 1011 queued
2026-10-02T21:53:25 Random-125-125-4-2_0 88.57.111 unsat 265 nodes 0 s; 1010 queued
2026-10-02T21:53:25 Random-125-125-4-2_0 88.57.23 unsat 102 nodes 0 s; 1009 queued
2026-10-02T21:53:25 Random-125-125-4-2_0 88.57.40 unsat 222 nodes 0 s; 1008 queued
2026-10-02T21:53:25 Random-125-125-4-2_0 88.57.81 unsat 1.13e+03 nodes 0 s; 1007 queued
2026-10-02T21:53:25 Random-125-125-4-2_0 88.57.79 unsat 149 nodes 0 s; 1006 queued
2026-10-02T21:53:25 Random-125-125-4-2_0 88.57.25 unsat 447 nodes 0 s; 1005 queued
2026-10-02T21:53:25 Random-125-125-4-2_0 88.57.13 unsat 117 nodes 0 s; 1004 queued
2026-10-02T21:53:25 Random-125-125-4-2_0 88.57.4 unsat 230 nodes 0 s; 1003 queued
2026-10-02T21:53:25 Random-125-125-4-2_0 88.57.113 unsat 112 nodes 0 s; 1003 queued
2026-10-02T21:53:25 Random-125-125-4-2_0 88.57.12 unsat 45 nodes 0 s; 1003 queued
2026-10-02T21:53:25 Random-125-125-4-2_0 88.57.77 unsat 8 nodes 0 s; 1000 queued
2026-10-02T21:53:25 Random-125-125-4-2_0 88.57.28 unsat 137 nodes 0 s; 999 queued
2026-10-02T21:53:27 Random-125-125-4-2_0 88.57.97 unsat 1.1e+07 nodes 13 s; 998 queued
2026-10-02T21:53:28 Random-125-125-4-2_0 88.57.35 unsat 4.45e+07 nodes 57 s; 997 queued
2026-10-02T21:54:01 Random-125-125-2-4_0 59.97 unknown 6e+09 nodes 5331 s; 1042 queued
2026-10-02T21:54:45 Random-125-125-4-2_0 88.57.106 unsat 3.34e+08 nodes 366 s; 1041 queued
2026-10-02T21:55:40 Random-125-125-4-2_0 104.115.59 unsat 2.08e+09 nodes 1965 s; 1040 queued
2026-10-02T21:56:07 Random-125-125-4-2_0 88.57.62 unsat 5.73e+08 nodes 572 s; 1039 queued
2026-10-02T21:57:14 Random-125-125-4-2_0 88.104.86 unsat 5.5e+07 nodes 66 s; 1038 queued
2026-10-02T21:57:22 Random-125-125-4-2_0 88.104.107 unsat 1.91e+08 nodes 157 s; 1037 queued
2026-10-02T21:57:40 Random-125-125-4-2_0 88.104.62 unsat 2.44e+08 nodes 218 s; 1036 queued
2026-10-02T21:57:41 Random-125-125-4-2_0 88.104.51 unsat 1.12e+08 nodes 121 s; 1035 queued
2026-10-02T21:58:10 Random-125-125-4-2_0 88.104.15 unsat 4e+07 nodes 56 s; 1034 queued
2026-10-02T21:58:13 Random-125-125-4-2_0 88.104.74 unsat 2.44e+07 nodes 32 s; 1033 queued
2026-10-02T21:58:19 Random-125-125-4-2_0 88.104.35 unsat 5.7e+07 nodes 57 s; 1032 queued
2026-10-02T21:58:20 Random-125-125-4-2_0 88.104.24 unsat 9.52e+06 nodes 8 s; 1031 queued
2026-10-02T21:58:28 Random-125-125-4-2_0 88.104.43 unsat 3.87e+07 nodes 48 s; 1030 queued
2026-10-02T21:58:31 Random-125-125-4-2_0 88.104.29 unsat 1.27e+07 nodes 12 s; 1029 queued
2026-10-02T21:58:34 Random-125-125-4-2_0 88.104.16 unsat 1.9e+07 nodes 24 s; 1028 queued
2026-10-02T21:58:36 Random-125-125-4-2_0 88.104.42 unsat 1.15e+07 nodes 15 s; 1027 queued
2026-10-02T21:58:36 Random-125-125-4-2_0 88.104.96 unsat 4.98e+06 nodes 5 s; 1026 queued
2026-10-02T21:58:38 Random-125-125-4-2_0 88.104.72 unsat 8.5e+06 nodes 10 s; 1025 queued
2026-10-02T21:58:39 Random-125-125-4-2_0 88.104.38 unsat 3.22e+06 nodes 3 s; 1024 queued
2026-10-02T21:58:40 Random-125-125-4-2_0 88.57.55 unsat 7.19e+08 nodes 725 s; 1023 queued
2026-10-02T21:58:41 Random-125-125-4-2_0 88.104.103 unsat 6.14e+06 nodes 7 s; 1022 queued
2026-10-02T21:58:41 Random-125-125-4-2_0 88.104.83 unsat 2.16e+06 nodes 2 s; 1021 queued
2026-10-02T21:58:42 Random-125-125-4-2_0 88.104.78 unsat 3.08e+06 nodes 4 s; 1020 queued
2026-10-02T21:58:42 Random-125-125-4-2_0 88.104.36 unsat 6.41e+05 nodes 1 s; 1019 queued
2026-10-02T21:58:42 Random-125-125-4-2_0 88.104.27 unsat 1.26e+06 nodes 2 s; 1018 queued
2026-10-02T21:58:43 Random-125-125-4-2_0 88.104.97 unsat 2.66e+06 nodes 3 s; 1017 queued
2026-10-02T21:58:43 Random-125-125-4-2_0 88.104.121 unsat 5.52e+06 nodes 7 s; 1016 queued
2026-10-02T21:58:43 Random-125-125-4-2_0 88.104.82 unsat 3.43e+05 nodes 0 s; 1015 queued
2026-10-02T21:58:43 Random-125-125-4-2_0 88.104.58 unsat 8.38e+05 nodes 1 s; 1014 queued
2026-10-02T21:58:43 Random-125-125-4-2_0 88.104.98 unsat 3.73e+05 nodes 1 s; 1013 queued
2026-10-02T21:58:43 Random-125-125-4-2_0 88.104.68 unsat 8.33e+05 nodes 1 s; 1012 queued
2026-10-02T21:58:43 Random-125-125-4-2_0 88.104.47 unsat 1.17e+06 nodes 1 s; 1011 queued
2026-10-02T21:58:44 Random-125-125-4-2_0 88.104.3 unsat 2.19e+05 nodes 0 s; 1010 queued
2026-10-02T21:58:44 Random-125-125-4-2_0 88.104.93 unsat 2.26e+05 nodes 0 s; 1009 queued
2026-10-02T21:58:44 Random-125-125-4-2_0 88.104.8 unsat 3.75e+05 nodes 0 s; 1008 queued
2026-10-02T21:58:44 Random-125-125-4-2_0 88.104.5 unsat 1.06e+05 nodes 0 s; 1007 queued
2026-10-02T21:58:44 Random-125-125-4-2_0 88.104.46 unsat 1.14e+05 nodes 0 s; 1006 queued
2026-10-02T21:58:44 Random-125-125-4-2_0 88.104.112 unsat 2.17e+05 nodes 0 s; 1005 queued
2026-10-02T21:58:44 Random-125-125-4-2_0 88.104.87 unsat 8.97e+04 nodes 0 s; 1004 queued
2026-10-02T21:58:44 Random-125-125-4-2_0 88.104.101 unsat 7.59e+04 nodes 0 s; 1003 queued
2026-10-02T21:58:44 Random-125-125-4-2_0 88.104.105 unsat 4.8e+05 nodes 1 s; 1002 queued
2026-10-02T21:58:44 Random-125-125-4-2_0 88.104.64 unsat 1.58e+05 nodes 0 s; 1001 queued
2026-10-02T21:58:44 Random-125-125-4-2_0 88.104.9 unsat 1e+05 nodes 0 s; 1000 queued
2026-10-02T21:58:44 Random-125-125-4-2_0 88.104.54 unsat 5.3e+04 nodes 0 s; 999 queued
2026-10-02T21:58:44 Random-125-125-4-2_0 88.104.71 unsat 3.27e+04 nodes 0 s; 998 queued
2026-10-02T21:58:44 Random-125-125-4-2_0 88.104.76 unsat 4.42e+04 nodes 0 s; 997 queued
2026-10-02T21:58:44 Random-125-125-4-2_0 88.104.66 unsat 5.83e+04 nodes 0 s; 996 queued
2026-10-02T21:58:44 Random-125-125-4-2_0 88.104.116 unsat 2.76e+04 nodes 0 s; 995 queued
2026-10-02T21:58:44 Random-125-125-4-2_0 88.104.18 unsat 4.21e+04 nodes 0 s; 994 queued
2026-10-02T21:58:44 Random-125-125-4-2_0 88.104.84 unsat 3.09e+04 nodes 0 s; 993 queued
2026-10-02T21:58:44 Random-125-125-4-2_0 88.104.7 unsat 2.61e+04 nodes 0 s; 992 queued
2026-10-02T21:58:44 Random-125-125-4-2_0 88.104.37 unsat 1.51e+04 nodes 0 s; 991 queued
2026-10-02T21:58:44 Random-125-125-4-2_0 88.104.114 unsat 8.61e+03 nodes 0 s; 990 queued
2026-10-02T21:58:44 Random-125-125-4-2_0 88.104.91 unsat 1.26e+04 nodes 0 s; 989 queued
2026-10-02T21:58:44 Random-125-125-4-2_0 88.104.61 unsat 6.47e+03 nodes 0 s; 988 queued
2026-10-02T21:58:44 Random-125-125-4-2_0 88.104.17 unsat 1.68e+04 nodes 0 s; 987 queued
2026-10-02T21:58:44 Random-125-125-4-2_0 88.104.41 unsat 3.02e+04 nodes 0 s; 986 queued
2026-10-02T21:58:44 Random-125-125-4-2_0 88.104.22 unsat 1.1e+04 nodes 0 s; 985 queued
2026-10-02T21:58:44 Random-125-125-4-2_0 88.104.6 unsat 1.21e+04 nodes 0 s; 984 queued
2026-10-02T21:58:44 Random-125-125-4-2_0 88.104.44 unsat 5.3e+03 nodes 0 s; 983 queued
2026-10-02T21:58:44 Random-125-125-4-2_0 88.104.122 unsat 1.72e+04 nodes 0 s; 982 queued
2026-10-02T21:58:44 Random-125-125-4-2_0 88.104.26 unsat 6.55e+03 nodes 0 s; 981 queued
2026-10-02T21:58:44 Random-125-125-4-2_0 88.104.70 unsat 4.16e+03 nodes 0 s; 980 queued
2026-10-02T21:58:44 Random-125-125-4-2_0 88.104.19 unsat 4.51e+03 nodes 0 s; 979 queued
2026-10-02T21:58:44 Random-125-125-4-2_0 88.104.0 unsat 2.18e+03 nodes 0 s; 978 queued
2026-10-02T21:58:44 Random-125-125-4-2_0 88.104.102 unsat 5.44e+03 nodes 0 s; 977 queued
2026-10-02T21:58:44 Random-125-125-4-2_0 88.104.75 unsat 4.34e+03 nodes 0 s; 976 queued
2026-10-02T21:58:44 Random-125-125-4-2_0 88.104.20 unsat 1.82e+03 nodes 0 s; 975 queued
2026-10-02T21:58:44 Random-125-125-4-2_0 88.104.32 unsat 1.81e+03 nodes 0 s; 974 queued
2026-10-02T21:58:44 Random-125-125-4-2_0 88.104.21 unsat 3.82e+03 nodes 0 s; 973 queued
2026-10-02T21:58:44 Random-125-125-4-2_0 88.104.95 unsat 2.42e+03 nodes 0 s; 972 queued
2026-10-02T21:58:44 Random-125-125-4-2_0 88.104.50 unsat 3.27e+03 nodes 0 s; 971 queued
2026-10-02T21:58:44 Random-125-125-4-2_0 88.104.119 unsat 2.25e+03 nodes 0 s; 970 queued
2026-10-02T21:58:44 Random-125-125-4-2_0 88.104.109 unsat 2.22e+03 nodes 0 s; 969 queued
2026-10-02T21:58:44 Random-125-125-4-2_0 88.104.11 unsat 974 nodes 0 s; 968 queued
2026-10-02T21:58:44 Random-125-125-4-2_0 88.104.1 unsat 1.52e+03 nodes 0 s; 967 queued
2026-10-02T21:58:44 Random-125-125-4-2_0 88.104.80 unsat 534 nodes 0 s; 966 queued
2026-10-02T21:58:44 Random-125-125-4-2_0 88.104.39 unsat 1.32e+03 nodes 0 s; 965 queued
2026-10-02T21:58:44 Random-125-125-4-2_0 88.104.30 unsat 222 nodes 0 s; 964 queued
2026-10-02T21:58:44 Random-125-125-4-2_0 88.104.108 unsat 478 nodes 0 s; 963 queued
2026-10-02T21:58:44 Random-125-125-4-2_0 88.104.79 unsat 278 nodes 0 s; 962 queued
2026-10-02T21:58:44 Random-125-125-4-2_0 88.104.111 unsat 674 nodes 0 s; 961 queued
2026-10-02T21:58:44 Random-125-125-4-2_0 88.104.25 unsat 584 nodes 0 s; 960 queued
2026-10-02T21:58:44 Random-125-125-4-2_0 88.104.45 unsat 1.57e+03 nodes 0 s; 959 queued
2026-10-02T21:58:44 Random-125-125-4-2_0 88.104.81 unsat 2.14e+03 nodes 0 s; 959 queued
2026-10-02T21:58:44 Random-125-125-4-2_0 88.104.40 unsat 486 nodes 0 s; 957 queued
2026-10-02T21:58:44 Random-125-125-4-2_0 88.104.99 unsat 9.46e+05 nodes 1 s; 956 queued
2026-10-02T21:58:44 Random-125-125-4-2_0 88.104.4 unsat 257 nodes 0 s; 955 queued
2026-10-02T21:58:44 Random-125-125-4-2_0 88.104.52 unsat 274 nodes 0 s; 954 queued
2026-10-02T21:58:44 Random-125-125-4-2_0 88.104.118 unsat 540 nodes 0 s; 953 queued
2026-10-02T21:58:44 Random-125-125-4-2_0 88.104.113 unsat 384 nodes 0 s; 952 queued
2026-10-02T21:58:44 Random-125-125-4-2_0 88.104.28 unsat 164 nodes 0 s; 951 queued
2026-10-02T21:58:44 Random-125-125-4-2_0 88.104.12 unsat 58 nodes 0 s; 950 queued
2026-10-02T21:58:44 Random-125-125-4-2_0 88.104.77 unsat 21 nodes 0 s; 950 queued
2026-10-02T21:59:03 Random-125-125-4-2_0 88.104.55 unsat 3.41e+08 nodes 334 s; 948 queued
2026-10-02T21:59:13 Random-125-125-2-4_0 46.59.91 unsat 1.59e+07 nodes 10 s; 947 queued
2026-10-02T21:59:20 Random-125-125-2-4_0 46.59.8 unsat 6.98e+06 nodes 7 s; 946 queued
2026-10-02T21:59:27 Random-125-125-2-4_0 46.59.90 unsat 4.08e+07 nodes 43 s; 945 queued
2026-10-02T21:59:28 Random-125-125-2-4_0 46.59.12 unsat 7.48e+06 nodes 8 s; 944 queued
2026-10-02T21:59:31 Random-125-125-2-4_0 46.59.63 unsat 4.14e+06 nodes 5 s; 943 queued
2026-10-02T21:59:32 Random-125-125-2-4_0 46.59.84 unsat 4.21e+06 nodes 5 s; 942 queued
2026-10-02T21:59:34 Random-125-125-2-4_0 46.59.86 unsat 1.91e+06 nodes 2 s; 941 queued
2026-10-02T21:59:35 Random-125-125-2-4_0 46.59.10 unsat 1.96e+06 nodes 2 s; 940 queued
2026-10-02T21:59:35 Random-125-125-2-4_0 46.59.22 unsat 1.26e+06 nodes 1 s; 939 queued
2026-10-02T21:59:36 Random-125-125-2-4_0 46.59.88 unsat 5.15e+07 nodes 51 s; 938 queued
2026-10-02T21:59:37 Random-125-125-2-4_0 46.59.64 unsat 1.27e+06 nodes 1 s; 937 queued
2026-10-02T21:59:37 Random-125-125-2-4_0 46.59.31 unsat 1.97e+06 nodes 2 s; 936 queued
2026-10-02T21:59:37 Random-125-125-2-4_0 46.59.50 unsat 1.94e+06 nodes 2 s; 935 queued
2026-10-02T21:59:39 Random-125-125-2-4_0 46.59.69 unsat 7.55e+05 nodes 2 s; 934 queued
2026-10-02T21:59:39 Random-125-125-2-4_0 46.59.98 unsat 7.77e+05 nodes 2 s; 933 queued
2026-10-02T21:59:39 Random-125-125-2-4_0 46.59.36 unsat 2.8e+05 nodes 0 s; 932 queued
2026-10-02T21:59:40 Random-125-125-2-4_0 46.59.72 unsat 1.08e+06 nodes 3 s; 931 queued
2026-10-02T21:59:40 Random-125-125-2-4_0 46.59.62 unsat 2.83e+05 nodes 1 s; 930 queued
2026-10-02T21:59:40 Random-125-125-2-4_0 46.59.81 unsat 2.29e+05 nodes 1 s; 929 queued
2026-10-02T21:59:41 Random-125-125-2-4_0 46.59.9 unsat 7.96e+05 nodes 2 s; 928 queued
2026-10-02T21:59:41 Random-125-125-2-4_0 46.59.94 unsat 4.54e+05 nodes 1 s; 927 queued
2026-10-02T21:59:42 Random-125-125-2-4_0 46.59.112 unsat 3.61e+05 nodes 1 s; 926 queued
2026-10-02T21:59:42 Random-125-125-2-4_0 46.59.99 unsat 5.01e+05 nodes 1 s; 925 queued
2026-10-02T21:59:42 Random-125-125-2-4_0 46.59.18 unsat 2.69e+05 nodes 1 s; 924 queued
2026-10-02T21:59:42 Random-125-125-2-4_0 46.59.17 unsat 2.67e+05 nodes 1 s; 923 queued
2026-10-02T21:59:43 Random-125-125-2-4_0 46.59.92 unsat 1.75e+05 nodes 1 s; 922 queued
2026-10-02T21:59:43 Random-125-125-2-4_0 46.59.40 unsat 1.06e+05 nodes 0 s; 921 queued
2026-10-02T21:59:43 Random-125-125-2-4_0 46.59.103 unsat 2.85e+05 nodes 1 s; 920 queued
2026-10-02T21:59:43 Random-125-125-2-4_0 46.59.109 unsat 3.15e+05 nodes 1 s; 919 queued
2026-10-02T21:59:44 Random-125-125-2-4_0 46.59.6 unsat 1.39e+05 nodes 1 s; 918 queued
2026-10-02T21:59:44 Random-125-125-2-4_0 46.59.4 unsat 4.19e+04 nodes 0 s; 917 queued
2026-10-02T21:59:44 Random-125-125-2-4_0 46.59.87 unsat 1.54e+05 nodes 1 s; 916 queued
2026-10-02T21:59:44 Random-125-125-2-4_0 46.59.11 unsat 3.14e+03 nodes 0 s; 915 queued
2026-10-02T21:59:44 Random-125-125-2-4_0 46.59.54 unsat 2.33e+04 nodes 0 s; 914 queued
2026-10-02T21:59:44 Random-125-125-2-4_0 46.59.24 unsat 5.34e+04 nodes 0 s; 913 queued
2026-10-02T21:59:51 Random-125-125-2-4_0 46.59.82 unsat 9.42e+07 nodes 67 s; 912 queued
2026-10-02T22:00:53 Random-125-125-2-4_0 46.59.77 unsat 1.57e+08 nodes 129 s; 911 queued
2026-10-02T22:01:46 Random-125-125-4-2_0 88.104.2 unsat 4.32e+08 nodes 499 s; 910 queued
2026-10-02T22:02:32 Random-125-125-2-4_0 46.59.37 unsat 2.56e+08 nodes 228 s; 909 queued
2026-10-02T22:04:04 Random-125-125-2-4_0 46.111.21 unsat 2.85e+08 nodes 253 s; 908 queued
2026-10-02T22:04:38 Random-125-125-2-4_0 46.111.35 unsat 1.4e+08 nodes 126 s; 907 queued
2026-10-02T22:05:06 Random-125-125-2-4_0 2.5 unsat 4.02e+09 nodes 3283 s; 906 queued
2026-10-02T22:05:50 Random-125-125-2-4_0 46.111.82 unsat 7.5e+07 nodes 44 s; 905 queued
2026-10-02T22:05:58 Random-125-125-2-4_0 33.76 unsat 2.05e+09 nodes 1691 s; 904 queued
2026-10-02T22:06:09 Random-125-125-2-4_0 46.111.32 unsat 3.58e+08 nodes 316 s; 903 queued
2026-10-02T22:06:09 Random-125-125-2-4_0 46.111.63 unsat 9.76e+07 nodes 92 s; 902 queued
2026-10-02T22:06:09 Random-125-125-2-4_0 97.116 unknown 6e+09 nodes 4788 s; 945 queued
2026-10-02T22:06:16 Random-125-125-2-4_0 46.111.12 unsat 6.17e+06 nodes 6 s; 944 queued
2026-10-02T22:06:17 Random-125-125-2-4_0 46.111.8 unsat 7.89e+06 nodes 8 s; 943 queued
2026-10-02T22:06:19 Random-125-125-2-4_0 46.111.86 unsat 2.09e+06 nodes 2 s; 942 queued
2026-10-02T22:06:19 Random-125-125-2-4_0 46.111.84 unsat 3.64e+06 nodes 4 s; 941 queued
2026-10-02T22:06:21 Random-125-125-2-4_0 46.111.22 unsat 1.4e+06 nodes 1 s; 940 queued
2026-10-02T22:06:21 Random-125-125-2-4_0 46.111.10 unsat 1.74e+06 nodes 2 s; 939 queued
2026-10-02T22:06:22 Random-125-125-2-4_0 46.111.90 unsat 3.14e+07 nodes 24 s; 938 queued
2026-10-02T22:06:22 Random-125-125-2-4_0 46.111.64 unsat 1.09e+06 nodes 1 s; 937 queued
2026-10-02T22:06:22 Random-125-125-2-4_0 46.111.69 unsat 7.99e+05 nodes 1 s; 936 queued
2026-10-02T22:06:23 Random-125-125-2-4_0 46.111.91 unsat 1.53e+07 nodes 14 s; 935 queued
2026-10-02T22:06:23 Random-125-125-2-4_0 46.111.31 unsat 1.99e+06 nodes 2 s; 934 queued
2026-10-02T22:06:23 Random-125-125-2-4_0 46.111.81 unsat 6.81e+05 nodes 1 s; 933 queued
2026-10-02T22:06:23 Random-125-125-2-4_0 46.111.72 unsat 1.14e+06 nodes 1 s; 932 queued
2026-10-02T22:06:24 Random-125-125-2-4_0 46.111.98 unsat 7.03e+05 nodes 1 s; 931 queued
2026-10-02T22:06:24 Random-125-125-2-4_0 46.111.36 unsat 2.89e+05 nodes 0 s; 930 queued
2026-10-02T22:06:24 Random-125-125-2-4_0 46.111.9 unsat 7.02e+05 nodes 1 s; 929 queued
2026-10-02T22:06:24 Random-125-125-2-4_0 46.111.83 unsat 1.4e+06 nodes 1 s; 928 queued
2026-10-02T22:06:24 Random-125-125-2-4_0 46.111.62 unsat 2.51e+05 nodes 0 s; 927 queued
2026-10-02T22:06:24 Random-125-125-2-4_0 46.111.112 unsat 4.22e+05 nodes 0 s; 926 queued
2026-10-02T22:06:24 Random-125-125-2-4_0 46.111.50 unsat 4.62e+05 nodes 0 s; 925 queued
2026-10-02T22:06:24 Random-125-125-2-4_0 46.111.94 unsat 4.11e+05 nodes 0 s; 924 queued
2026-10-02T22:06:24 Random-125-125-2-4_0 46.111.17 unsat 3.09e+05 nodes 0 s; 923 queued
2026-10-02T22:06:24 Random-125-125-2-4_0 46.111.92 unsat 2.34e+05 nodes 0 s; 922 queued
2026-10-02T22:06:24 Random-125-125-2-4_0 46.111.18 unsat 1.25e+05 nodes 0 s; 921 queued
2026-10-02T22:06:25 Random-125-125-2-4_0 46.111.103 unsat 2.87e+05 nodes 0 s; 920 queued
2026-10-02T22:06:25 Random-125-125-2-4_0 46.111.6 unsat 1.95e+05 nodes 0 s; 919 queued
2026-10-02T22:06:25 Random-125-125-2-4_0 46.111.109 unsat 1.49e+05 nodes 0 s; 918 queued
2026-10-02T22:06:25 Random-125-125-2-4_0 46.111.11 unsat 1.11e+03 nodes 0 s; 917 queued
2026-10-02T22:06:25 Random-125-125-2-4_0 46.111.24 unsat 2.71e+04 nodes 0 s; 916 queued
2026-10-02T22:06:25 Random-125-125-2-4_0 46.111.40 unsat 5.92e+04 nodes 0 s; 915 queued
2026-10-02T22:06:25 Random-125-125-2-4_0 46.111.4 unsat 5.56e+04 nodes 0 s; 914 queued
2026-10-02T22:06:33 Random-125-125-2-4_0 46.111.88 unsat 5.06e+07 nodes 43 s; 913 queued
2026-10-02T22:07:19 Random-125-125-2-4_0 46.111.37 unsat 1.98e+08 nodes 196 s; 912 queued
2026-10-02T22:07:54 Random-125-125-2-4_0 46.59.2 unsat 2.05e+09 nodes 1607 s; 911 queued
2026-10-02T22:07:56 Random-125-125-2-4_0 46.111.33 unsat 4.7e+08 nodes 370 s; 910 queued
2026-10-02T22:08:05 Random-125-125-2-4_0 46.111.20 unsat 5.62e+08 nodes 501 s; 909 queued
2026-10-02T22:08:39 Random-125-125-2-4_0 111.2 unsat 5.08e+09 nodes 4215 s; 908 queued
2026-10-02T22:10:17 Random-125-125-2-4_0 46.85.35 unsat 1.52e+08 nodes 141 s; 907 queued
2026-10-02T22:11:21 Random-125-125-2-4_0 46.85.82 unsat 6.77e+07 nodes 64 s; 906 queued
2026-10-02T22:11:38 Random-125-125-2-4_0 46.85.77 unsat 1.75e+08 nodes 179 s; 905 queued
2026-10-02T22:11:50 Random-125-125-2-4_0 46.85.32 unsat 4.07e+08 nodes 271 s; 904 queued
2026-10-02T22:11:51 Random-125-125-2-4_0 46.85.37 unsat 2.39e+08 nodes 226 s; 903 queued
2026-10-02T22:12:00 Random-125-125-2-4_0 97.111 unknown 6e+09 nodes 5138 s; 945 queued
2026-10-02T22:12:01 Random-125-125-2-4_0 46.85.8 unsat 1e+07 nodes 10 s; 944 queued
2026-10-02T22:12:05 Random-125-125-2-4_0 46.85.63 unsat 3.84e+06 nodes 4 s; 943 queued
2026-10-02T22:12:05 Random-125-125-2-4_0 46.85.90 unsat 4.42e+07 nodes 28 s; 942 queued
2026-10-02T22:12:07 Random-125-125-2-4_0 46.85.86 unsat 2.35e+06 nodes 2 s; 941 queued
2026-10-02T22:12:07 Random-125-125-4-2_0 88.104.120 unsat 1.09e+09 nodes 1122 s; 940 queued
2026-10-02T22:12:09 Random-125-125-2-4_0 46.85.84 unsat 3.46e+06 nodes 4 s; 939 queued
2026-10-02T22:12:09 Random-125-125-2-4_0 46.85.10 unsat 1.7e+06 nodes 1 s; 938 queued
2026-10-02T22:12:09 Random-125-125-2-4_0 46.85.12 unsat 8.42e+06 nodes 9 s; 937 queued
2026-10-02T22:12:09 Random-125-125-2-4_0 46.85.22 unsat 1.49e+06 nodes 2 s; 936 queued
2026-10-02T22:12:09 Random-125-125-2-4_0 46.85.36 unsat 9.11e+05 nodes 1 s; 935 queued
2026-10-02T22:12:10 Random-125-125-2-4_0 46.85.69 unsat 6.06e+05 nodes 0 s; 934 queued
2026-10-02T22:12:10 Random-125-125-2-4_0 46.85.62 unsat 9.93e+05 nodes 1 s; 933 queued
2026-10-02T22:12:10 Random-125-125-2-4_0 46.85.64 unsat 9.77e+05 nodes 1 s; 932 queued
2026-10-02T22:12:10 Random-125-125-2-4_0 46.85.72 unsat 1.04e+06 nodes 1 s; 931 queued
2026-10-02T22:12:11 Random-125-125-2-4_0 46.85.98 unsat 7.47e+05 nodes 1 s; 930 queued
2026-10-02T22:12:11 Random-125-125-2-4_0 46.85.31 unsat 2.21e+06 nodes 2 s; 929 queued
2026-10-02T22:12:11 Random-125-125-2-4_0 46.85.9 unsat 7.42e+05 nodes 1 s; 928 queued
2026-10-02T22:12:11 Random-125-125-2-4_0 46.85.81 unsat 2.37e+05 nodes 0 s; 927 queued
2026-10-02T22:12:11 Random-125-125-2-4_0 46.85.83 unsat 1.23e+06 nodes 1 s; 926 queued
2026-10-02T22:12:11 Random-125-125-2-4_0 46.85.94 unsat 4.04e+05 nodes 0 s; 925 queued
2026-10-02T22:12:11 Random-125-125-2-4_0 46.85.50 unsat 4.18e+05 nodes 0 s; 924 queued
2026-10-02T22:12:12 Random-125-125-2-4_0 46.85.112 unsat 4.19e+05 nodes 0 s; 923 queued
2026-10-02T22:12:12 Random-125-125-2-4_0 46.85.17 unsat 2.63e+05 nodes 0 s; 922 queued
2026-10-02T22:12:12 Random-125-125-2-4_0 46.85.92 unsat 2.14e+05 nodes 0 s; 921 queued
2026-10-02T22:12:12 Random-125-125-2-4_0 46.85.99 unsat 4.54e+05 nodes 0 s; 920 queued
2026-10-02T22:12:12 Random-125-125-2-4_0 46.85.18 unsat 1.12e+05 nodes 0 s; 919 queued
2026-10-02T22:12:12 Random-125-125-2-4_0 46.85.91 unsat 2.23e+07 nodes 21 s; 918 queued
2026-10-02T22:12:12 Random-125-125-2-4_0 46.85.103 unsat 2.41e+05 nodes 0 s; 917 queued
2026-10-02T22:12:12 Random-125-125-2-4_0 46.85.40 unsat 5.26e+04 nodes 0 s; 916 queued
2026-10-02T22:12:12 Random-125-125-2-4_0 46.85.6 unsat 1.59e+05 nodes 0 s; 915 queued
2026-10-02T22:12:12 Random-125-125-2-4_0 46.85.4 unsat 5.94e+04 nodes 0 s; 915 queued
2026-10-02T22:12:12 Random-125-125-2-4_0 46.85.11 unsat 972 nodes 0 s; 913 queued
2026-10-02T22:12:12 Random-125-125-2-4_0 46.85.109 unsat 1.59e+05 nodes 0 s; 912 queued
2026-10-02T22:12:12 Random-125-125-2-4_0 46.85.24 unsat 2.09e+04 nodes 0 s; 911 queued
2026-10-02T22:12:12 Random-125-125-2-4_0 46.85.87 unsat 6.63e+04 nodes 0 s; 910 queued
2026-10-02T22:12:20 Random-125-125-4-2_0 88.104.59 unsat 1.27e+09 nodes 1135 s; 909 queued
2026-10-02T22:12:46 Random-125-125-2-4_0 46.85.88 unsat 1.06e+08 nodes 86 s; 908 queued
2026-10-02T22:13:11 Random-125-125-2-4_0 111.77 unknown 6e+09 nodes 4488 s; 948 queued
2026-10-02T22:13:17 Random-125-125-2-4_0 46.85.21 unsat 4.58e+08 nodes 404 s; 947 queued
2026-10-02T22:15:35 Random-125-125-2-4_0 46.85.33 unsat 5.21e+08 nodes 461 s; 946 queued
2026-10-02T22:15:50 Random-125-125-2-4_0 46.85.20 unsat 6.41e+08 nodes 566 s; 945 queued
2026-10-02T22:16:48 Random-125-125-2-4_0 46.41.32 unsat 3.19e+08 nodes 216 s; 944 queued
2026-10-02T22:17:14 Random-125-125-2-4_0 46.41.35 unsat 1.17e+08 nodes 99 s; 943 queued
2026-10-02T22:17:42 Random-125-125-2-4_0 46.41.20 unsat 4.07e+08 nodes 296 s; 942 queued
2026-10-02T22:18:07 Random-125-125-2-4_0 46.41.77 unsat 1.21e+08 nodes 79 s; 941 queued
2026-10-02T22:18:16 Random-125-125-2-4_0 46.41.82 unsat 6.13e+07 nodes 62 s; 940 queued
2026-10-02T22:18:18 Random-125-125-2-4_0 46.41.88 unsat 5.51e+07 nodes 36 s; 939 queued
2026-10-02T22:18:20 Random-125-125-4-2_0 88.57.120 unsat 2.05e+09 nodes 1911 s; 938 queued
2026-10-02T22:18:21 Random-125-125-2-4_0 46.41.37 unsat 1.81e+08 nodes 150 s; 937 queued
2026-10-02T22:18:24 Random-125-125-2-4_0 46.41.22 unsat 4.13e+06 nodes 3 s; 936 queued
2026-10-02T22:18:26 Random-125-125-2-4_0 46.41.8 unsat 7.17e+06 nodes 7 s; 935 queued
2026-10-02T22:18:26 Random-125-125-2-4_0 46.41.63 unsat 2.93e+06 nodes 2 s; 934 queued
2026-10-02T22:18:26 Random-125-125-2-4_0 46.41.12 unsat 5.88e+06 nodes 7 s; 933 queued
2026-10-02T22:18:27 Random-125-125-2-4_0 46.41.86 unsat 1.56e+06 nodes 1 s; 932 queued
2026-10-02T22:18:28 Random-125-125-2-4_0 46.41.10 unsat 1.29e+06 nodes 1 s; 931 queued
2026-10-02T22:18:29 Random-125-125-2-4_0 46.41.84 unsat 2.54e+06 nodes 3 s; 930 queued
2026-10-02T22:18:29 Random-125-125-2-4_0 46.41.31 unsat 1.68e+06 nodes 1 s; 929 queued
2026-10-02T22:18:29 Random-125-125-2-4_0 46.41.64 unsat 8.08e+05 nodes 1 s; 928 queued
2026-10-02T22:18:29 Random-125-125-2-4_0 46.41.69 unsat 5.47e+05 nodes 1 s; 927 queued
2026-10-02T22:18:29 Random-125-125-2-4_0 46.41.72 unsat 8.67e+05 nodes 1 s; 926 queued
2026-10-02T22:18:30 Random-125-125-2-4_0 46.41.9 unsat 5.67e+05 nodes 0 s; 925 queued
2026-10-02T22:18:30 Random-125-125-2-4_0 46.41.98 unsat 6.26e+05 nodes 1 s; 924 queued
2026-10-02T22:18:30 Random-125-125-2-4_0 46.41.83 unsat 1.05e+06 nodes 1 s; 923 queued
2026-10-02T22:18:30 Random-125-125-2-4_0 46.41.36 unsat 2.38e+05 nodes 0 s; 922 queued
2026-10-02T22:18:30 Random-125-125-2-4_0 46.41.17 unsat 5.74e+05 nodes 0 s; 921 queued
2026-10-02T22:18:30 Random-125-125-2-4_0 46.41.50 unsat 3.34e+05 nodes 0 s; 920 queued
2026-10-02T22:18:31 Random-125-125-2-4_0 46.41.81 unsat 1.67e+05 nodes 0 s; 919 queued
2026-10-02T22:18:31 Random-125-125-2-4_0 46.41.94 unsat 3.48e+05 nodes 0 s; 918 queued
2026-10-02T22:18:31 Random-125-125-2-4_0 46.41.90 unsat 3.34e+07 nodes 24 s; 917 queued
2026-10-02T22:18:31 Random-125-125-2-4_0 46.41.92 unsat 1.41e+05 nodes 0 s; 916 queued
2026-10-02T22:18:31 Random-125-125-2-4_0 46.41.103 unsat 1.78e+05 nodes 0 s; 915 queued
2026-10-02T22:18:31 Random-125-125-2-4_0 46.41.6 unsat 4.91e+04 nodes 0 s; 914 queued
2026-10-02T22:18:31 Random-125-125-2-4_0 46.41.18 unsat 1.12e+05 nodes 0 s; 913 queued
2026-10-02T22:18:31 Random-125-125-2-4_0 46.41.112 unsat 3.27e+05 nodes 0 s; 912 queued
2026-10-02T22:18:31 Random-125-125-2-4_0 46.41.11 unsat 975 nodes 0 s; 911 queued
2026-10-02T22:18:31 Random-125-125-2-4_0 46.41.40 unsat 4.35e+04 nodes 0 s; 910 queued
2026-10-02T22:18:31 Random-125-125-2-4_0 46.41.24 unsat 3.12e+04 nodes 0 s; 909 queued
2026-10-02T22:18:31 Random-125-125-2-4_0 46.41.4 unsat 3.66e+04 nodes 0 s; 908 queued
2026-10-02T22:18:32 Random-125-125-2-4_0 46.41.91 unsat 1.57e+07 nodes 16 s; 907 queued
2026-10-02T22:19:04 Random-125-125-2-4_0 46.41.33 unsat 4.01e+08 nodes 347 s; 906 queued
2026-10-02T22:21:10 Random-125-125-4-2_0 104.115.57 unsat 3.36e+09 nodes 3502 s; 905 queued
2026-10-02T22:22:29 Random-125-125-2-4_0 46.97.21 unsat 2.35e+08 nodes 237 s; 904 queued
2026-10-02T22:22:50 Random-125-125-2-4_0 46.97.32 unsat 2.7e+08 nodes 225 s; 903 queued
2026-10-02T22:22:53 Random-125-125-2-4_0 46.59.111 unsat 3.52e+09 nodes 2506 s; 902 queued
2026-10-02T22:23:24 Random-125-125-2-4_0 46.111.2 unsat 1.79e+09 nodes 1421 s; 901 queued
2026-10-02T22:23:51 Random-125-125-2-4_0 46.97.77 unsat 7.04e+07 nodes 58 s; 900 queued
2026-10-02T22:23:53 Random-125-125-2-4_0 46.97.82 unsat 4.35e+07 nodes 28 s; 899 queued
2026-10-02T22:24:01 Random-125-125-4-2_0 88.57.59 unsat 1.98e+09 nodes 2261 s; 898 queued
2026-10-02T22:24:10 Random-125-125-2-4_0 46.97.90 unsat 2.45e+07 nodes 17 s; 897 queued
2026-10-02T22:24:10 Random-125-125-2-4_0 46.97.35 unsat 9.94e+07 nodes 101 s; 896 queued
2026-10-02T22:24:12 Random-125-125-2-4_0 46.97.91 unsat 9.68e+06 nodes 11 s; 895 queued
2026-10-02T22:24:15 Random-125-125-2-4_0 46.97.8 unsat 4.23e+06 nodes 5 s; 894 queued
2026-10-02T22:24:15 Random-125-125-2-4_0 46.97.12 unsat 4.11e+06 nodes 5 s; 893 queued
2026-10-02T22:24:15 Random-125-125-2-4_0 46.97.63 unsat 2.75e+06 nodes 3 s; 892 queued
2026-10-02T22:24:16 Random-125-125-2-4_0 46.97.86 unsat 1.47e+06 nodes 2 s; 891 queued
2026-10-02T22:24:17 Random-125-125-2-4_0 46.97.10 unsat 1.28e+06 nodes 2 s; 890 queued
2026-10-02T22:24:17 Random-125-125-2-4_0 46.97.88 unsat 4.01e+07 nodes 26 s; 889 queued
2026-10-02T22:24:17 Random-125-125-2-4_0 46.97.84 unsat 2.5e+06 nodes 3 s; 888 queued
2026-10-02T22:24:18 Random-125-125-2-4_0 46.97.22 unsat 1.01e+06 nodes 1 s; 887 queued
2026-10-02T22:24:18 Random-125-125-2-4_0 46.97.64 unsat 7.56e+05 nodes 1 s; 886 queued
2026-10-02T22:24:18 Random-125-125-2-4_0 46.97.69 unsat 4.62e+05 nodes 1 s; 885 queued
2026-10-02T22:24:18 Random-125-125-2-4_0 46.97.83 unsat 8.91e+05 nodes 1 s; 884 queued
2026-10-02T22:24:19 Random-125-125-2-4_0 46.97.72 unsat 7.62e+05 nodes 1 s; 883 queued
2026-10-02T22:24:19 Random-125-125-2-4_0 46.97.98 unsat 5.1e+05 nodes 1 s; 882 queued
2026-10-02T22:24:19 Random-125-125-2-4_0 46.97.31 unsat 1.69e+06 nodes 2 s; 881 queued
2026-10-02T22:24:19 Random-125-125-2-4_0 46.97.62 unsat 1.75e+05 nodes 0 s; 880 queued
2026-10-02T22:24:19 Random-125-125-2-4_0 46.97.36 unsat 2.14e+05 nodes 0 s; 879 queued
2026-10-02T22:24:19 Random-125-125-2-4_0 46.97.9 unsat 5.47e+05 nodes 0 s; 878 queued
2026-10-02T22:24:19 Random-125-125-2-4_0 46.97.50 unsat 3.14e+05 nodes 0 s; 877 queued
2026-10-02T22:24:19 Random-125-125-2-4_0 46.97.99 unsat 2.31e+05 nodes 0 s; 876 queued
2026-10-02T22:24:19 Random-125-125-2-4_0 46.97.81 unsat 1.96e+05 nodes 0 s; 875 queued
2026-10-02T22:24:19 Random-125-125-2-4_0 46.97.94 unsat 2.64e+05 nodes 0 s; 874 queued
2026-10-02T22:24:19 Random-125-125-2-4_0 46.97.17 unsat 2.38e+05 nodes 0 s; 873 queued
2026-10-02T22:24:19 Random-125-125-2-4_0 46.97.112 unsat 2.39e+05 nodes 0 s; 872 queued
2026-10-02T22:24:19 Random-125-125-2-4_0 46.97.92 unsat 1.7e+05 nodes 0 s; 871 queued
2026-10-02T22:24:19 Random-125-125-2-4_0 46.97.18 unsat 8.49e+04 nodes 0 s; 870 queued
2026-10-02T22:24:19 Random-125-125-2-4_0 46.97.103 unsat 1.48e+05 nodes 0 s; 869 queued
2026-10-02T22:24:19 Random-125-125-2-4_0 46.97.40 unsat 3.38e+04 nodes 0 s; 868 queued
2026-10-02T22:24:19 Random-125-125-2-4_0 46.97.109 unsat 1.09e+05 nodes 0 s; 867 queued
2026-10-02T22:24:19 Random-125-125-2-4_0 46.97.24 unsat 1.2e+04 nodes 0 s; 866 queued
2026-10-02T22:24:19 Random-125-125-2-4_0 46.97.4 unsat 3.32e+04 nodes 0 s; 865 queued
2026-10-02T22:24:19 Random-125-125-2-4_0 46.97.11 unsat 770 nodes 0 s; 864 queued
2026-10-02T22:24:19 Random-125-125-2-4_0 46.97.87 unsat 5.05e+04 nodes 0 s; 863 queued
2026-10-02T22:24:19 Random-125-125-2-4_0 46.97.6 unsat 1.44e+05 nodes 0 s; 862 queued
2026-10-02T22:24:34 Random-125-125-2-4_0 46.97.20 unsat 4.18e+08 nodes 364 s; 861 queued
2026-10-02T22:25:18 Random-125-125-2-4_0 46.97.37 unsat 1.65e+08 nodes 149 s; 860 queued
2026-10-02T22:25:49 Random-125-125-2-4_0 46.97.33 unsat 3.48e+08 nodes 279 s; 859 queued
2026-10-02T22:26:36 Random-125-125-4-2_0 88.104.57 unsat 2.24e+09 nodes 1991 s; 858 queued
2026-10-02T22:30:54 Random-125-125-2-4_0 27.41.46.32 unsat 3.28e+08 nodes 259 s; 857 queued
2026-10-02T22:31:11 Random-125-125-2-4_0 27.41.46.20 unsat 4.23e+08 nodes 322 s; 856 queued
2026-10-02T22:32:39 Random-125-125-2-4_0 27.41.46.35 unsat 1.22e+08 nodes 87 s; 855 queued
2026-10-02T22:33:03 Random-125-125-2-4_0 46.41.2 unsat 1.37e+09 nodes 1243 s; 854 queued
2026-10-02T22:33:44 Random-125-125-2-4_0 46.111.77 unsat 2.48e+09 nodes 2041 s; 853 queued
2026-10-02T22:34:52 Random-125-125-2-4_0 27.41.46.82 unsat 6.79e+07 nodes 68 s; 852 queued
2026-10-02T22:35:09 Random-125-125-2-4_0 27.41.46.37 unsat 1.88e+08 nodes 150 s; 851 queued
2026-10-02T22:35:09 Random-125-125-2-4_0 27.41.46.77 unsat 1.27e+08 nodes 126 s; 850 queued
2026-10-02T22:35:27 Random-125-125-2-4_0 27.41.46.91 unsat 1.68e+07 nodes 18 s; 849 queued
2026-10-02T22:35:36 Random-125-125-2-4_0 27.41.46.8 unsat 8.12e+06 nodes 9 s; 848 queued
2026-10-02T22:35:44 Random-125-125-2-4_0 27.41.46.12 unsat 6.97e+06 nodes 8 s; 847 queued
2026-10-02T22:35:45 Random-125-125-2-4_0 27.41.46.90 unsat 3.52e+07 nodes 37 s; 846 queued
2026-10-02T22:35:47 Random-125-125-2-4_0 27.41.46.88 unsat 6.19e+07 nodes 54 s; 845 queued
2026-10-02T22:35:49 Random-125-125-2-4_0 27.41.46.63 unsat 2.85e+06 nodes 3 s; 844 queued
2026-10-02T22:35:49 Random-125-125-2-4_0 27.41.46.84 unsat 2.46e+06 nodes 3 s; 843 queued
2026-10-02T22:35:50 Random-125-125-2-4_0 27.41.46.86 unsat 1.5e+06 nodes 2 s; 842 queued
2026-10-02T22:35:51 Random-125-125-2-4_0 27.41.46.22 unsat 6.01e+06 nodes 7 s; 841 queued
2026-10-02T22:35:51 Random-125-125-2-4_0 27.41.46.10 unsat 1.26e+06 nodes 1 s; 840 queued
2026-10-02T22:35:51 Random-125-125-2-4_0 27.41.46.69 unsat 5.13e+05 nodes 1 s; 839 queued
2026-10-02T22:35:52 Random-125-125-2-4_0 27.41.46.64 unsat 7.92e+05 nodes 1 s; 838 queued
2026-10-02T22:35:52 Random-125-125-2-4_0 27.41.46.31 unsat 1.61e+06 nodes 2 s; 837 queued
2026-10-02T22:35:52 Random-125-125-2-4_0 27.41.46.72 unsat 8.13e+05 nodes 1 s; 836 queued
2026-10-02T22:35:53 Random-125-125-2-4_0 27.41.46.83 unsat 1.02e+06 nodes 1 s; 835 queued
2026-10-02T22:35:53 Random-125-125-2-4_0 27.41.46.9 unsat 5.59e+05 nodes 1 s; 834 queued
2026-10-02T22:35:53 Random-125-125-2-4_0 27.41.46.98 unsat 5.85e+05 nodes 1 s; 833 queued
2026-10-02T22:35:53 Random-125-125-2-4_0 27.41.46.17 unsat 4.66e+05 nodes 1 s; 832 queued
2026-10-02T22:35:53 Random-125-125-2-4_0 27.41.46.36 unsat 2.21e+05 nodes 0 s; 831 queued
2026-10-02T22:35:53 Random-125-125-2-4_0 27.41.46.81 unsat 1.58e+05 nodes 0 s; 830 queued
2026-10-02T22:35:53 Random-125-125-2-4_0 27.41.46.50 unsat 3.29e+05 nodes 0 s; 829 queued
2026-10-02T22:35:54 Random-125-125-2-4_0 27.41.46.92 unsat 1.4e+05 nodes 0 s; 828 queued
2026-10-02T22:35:54 Random-125-125-2-4_0 27.41.46.94 unsat 3.17e+05 nodes 0 s; 827 queued
2026-10-02T22:35:54 Random-125-125-2-4_0 27.41.46.112 unsat 3.15e+05 nodes 0 s; 826 queued
2026-10-02T22:35:54 Random-125-125-2-4_0 27.41.46.18 unsat 1.06e+05 nodes 0 s; 825 queued
2026-10-02T22:35:54 Random-125-125-2-4_0 27.41.46.103 unsat 1.77e+05 nodes 0 s; 824 queued
2026-10-02T22:35:54 Random-125-125-2-4_0 27.41.46.6 unsat 4.91e+04 nodes 0 s; 823 queued
2026-10-02T22:35:54 Random-125-125-2-4_0 27.41.46.40 unsat 4.36e+04 nodes 0 s; 822 queued
2026-10-02T22:35:54 Random-125-125-2-4_0 27.41.46.11 unsat 975 nodes 0 s; 821 queued
2026-10-02T22:35:54 Random-125-125-2-4_0 27.41.46.4 unsat 3.45e+04 nodes 0 s; 820 queued
2026-10-02T22:35:54 Random-125-125-2-4_0 27.41.46.24 unsat 3.12e+04 nodes 0 s; 819 queued
2026-10-02T22:36:33 Random-125-125-2-4_0 46.97.2 unsat 1.43e+09 nodes 1083 s; 818 queued
2026-10-02T22:37:08 Random-125-125-2-4_0 27.41.46.33 unsat 4.19e+08 nodes 373 s; 817 queued
2026-10-02T22:39:04 Random-125-125-2-4_0 46.85.2 unsat 2.23e+09 nodes 1960 s; 816 queued
2026-10-02T22:41:28 Random-125-125-2-4_0 46.41.111 unsat 2.2e+09 nodes 1756 s; 815 queued
2026-10-02T22:43:14 Random-125-125-2-4_0 59.111.35 unsat 2.84e+08 nodes 250 s; 814 queued
2026-10-02T22:44:54 Random-125-125-2-4_0 59.111.41 unsat 1e+08 nodes 100 s; 813 queued
2026-10-02T22:45:10 Random-125-125-2-4_0 59.111.32 unsat 6.17e+08 nodes 517 s; 812 queued
2026-10-02T22:46:30 Random-125-125-2-4_0 59.111.37 unsat 4.14e+08 nodes 302 s; 811 queued
2026-10-02T22:46:33 Random-125-125-2-4_0 59.111.20 unsat 1.03e+09 nodes 639 s; 810 queued
2026-10-02T22:46:35 Random-125-125-2-4_0 46.59.97 unsat 4.58e+09 nodes 3929 s; 809 queued
2026-10-02T22:46:37 Random-125-125-2-4_0 59.111.63 unsat 1.21e+08 nodes 103 s; 808 queued
2026-10-02T22:46:47 Random-125-125-2-4_0 59.111.8 unsat 7.12e+06 nodes 10 s; 807 queued
2026-10-02T22:46:56 Random-125-125-2-4_0 59.111.91 unsat 1.51e+07 nodes 20 s; 806 queued
2026-10-02T22:46:59 Random-125-125-2-4_0 59.111.82 unsat 1.2e+08 nodes 109 s; 805 queued
2026-10-02T22:46:59 Random-125-125-2-4_0 59.111.84 unsat 4.79e+06 nodes 3 s; 804 queued
2026-10-02T22:46:59 Random-125-125-2-4_0 59.111.12 unsat 9.99e+06 nodes 12 s; 803 queued
2026-10-02T22:47:01 Random-125-125-2-4_0 59.111.86 unsat 2.18e+06 nodes 2 s; 802 queued
2026-10-02T22:47:01 Random-125-125-2-4_0 59.111.22 unsat 1.25e+06 nodes 1 s; 801 queued
2026-10-02T22:47:01 Random-125-125-2-4_0 59.111.10 unsat 2.3e+06 nodes 2 s; 800 queued
2026-10-02T22:47:02 Random-125-125-2-4_0 59.111.64 unsat 1.54e+06 nodes 1 s; 799 queued
2026-10-02T22:47:02 Random-125-125-2-4_0 59.111.31 unsat 2.04e+06 nodes 1 s; 798 queued
2026-10-02T22:47:02 Random-125-125-2-4_0 59.111.69 unsat 1.04e+06 nodes 1 s; 797 queued
2026-10-02T22:47:03 Random-125-125-2-4_0 59.111.72 unsat 1.13e+06 nodes 1 s; 796 queued
2026-10-02T22:47:03 Random-125-125-2-4_0 59.111.81 unsat 5.48e+05 nodes 1 s; 795 queued
2026-10-02T22:47:03 Random-125-125-2-4_0 59.111.50 unsat 2.8e+06 nodes 3 s; 794 queued
2026-10-02T22:47:04 Random-125-125-2-4_0 59.111.9 unsat 6.93e+05 nodes 1 s; 793 queued
2026-10-02T22:47:04 Random-125-125-2-4_0 59.111.36 unsat 2.99e+05 nodes 0 s; 792 queued
2026-10-02T22:47:04 Random-125-125-2-4_0 59.111.98 unsat 7.71e+05 nodes 1 s; 792 queued
2026-10-02T22:47:04 Random-125-125-2-4_0 59.111.62 unsat 3.73e+05 nodes 0 s; 790 queued
2026-10-02T22:47:04 Random-125-125-2-4_0 59.111.94 unsat 4.37e+05 nodes 0 s; 789 queued
2026-10-02T22:47:04 Random-125-125-2-4_0 59.111.112 unsat 4.85e+05 nodes 1 s; 788 queued
2026-10-02T22:47:04 Random-125-125-2-4_0 59.111.17 unsat 1.8e+05 nodes 0 s; 787 queued
2026-10-02T22:47:04 Random-125-125-2-4_0 59.111.92 unsat 2.1e+05 nodes 0 s; 786 queued
2026-10-02T22:47:05 Random-125-125-2-4_0 59.111.18 unsat 3.5e+05 nodes 0 s; 785 queued
2026-10-02T22:47:05 Random-125-125-2-4_0 59.111.103 unsat 2.98e+05 nodes 0 s; 784 queued
2026-10-02T22:47:05 Random-125-125-2-4_0 59.111.40 unsat 1.37e+05 nodes 0 s; 783 queued
2026-10-02T22:47:05 Random-125-125-2-4_0 59.111.6 unsat 5.41e+04 nodes 0 s; 782 queued
2026-10-02T22:47:05 Random-125-125-2-4_0 59.111.4 unsat 7.96e+04 nodes 0 s; 781 queued
2026-10-02T22:47:05 Random-125-125-2-4_0 59.111.109 unsat 3.64e+05 nodes 0 s; 780 queued
2026-10-02T22:47:05 Random-125-125-2-4_0 59.111.11 unsat 3.07e+03 nodes 0 s; 779 queued
2026-10-02T22:47:05 Random-125-125-2-4_0 59.111.24 unsat 7.34e+04 nodes 0 s; 778 queued
2026-10-02T22:47:05 Random-125-125-2-4_0 59.111.54 unsat 3.91e+04 nodes 0 s; 777 queued
2026-10-02T22:47:10 Random-125-125-2-4_0 59.111.90 unsat 3.62e+07 nodes 37 s; 776 queued
2026-10-02T22:47:19 Random-125-125-2-4_0 59.111.88 unsat 4.71e+07 nodes 49 s; 775 queued
2026-10-02T22:47:38 Random-125-125-2-4_0 27.41.46.2 unsat 1.42e+09 nodes 1339 s; 774 queued
2026-10-02T22:49:30 Random-125-125-2-4_0 59.111.33 unsat 9.61e+08 nodes 743 s; 773 queued
2026-10-02T22:50:42 Random-125-125-2-4_0 46.85.111 unsat 3.48e+09 nodes 2658 s; 772 queued
2026-10-02T22:52:44 Random-125-125-2-4_0 59.85.35 unsat 2.25e+08 nodes 194 s; 771 queued
2026-10-02T22:54:28 Random-125-125-2-4_0 59.85.41 unsat 1.22e+08 nodes 104 s; 770 queued
2026-10-02T22:55:52 Random-125-125-2-4_0 59.85.32 unsat 5.42e+08 nodes 514 s; 769 queued
2026-10-02T22:56:11 Random-125-125-2-4_0 59.85.37 unsat 3.54e+08 nodes 328 s; 768 queued
2026-10-02T22:56:29 Random-125-125-2-4_0 27.41.46.111 unsat 2.26e+09 nodes 1915 s; 767 queued
2026-10-02T22:57:20 Random-125-125-2-4_0 59.85.90 unsat 5.38e+07 nodes 51 s; 766 queued
2026-10-02T22:57:27 Random-125-125-2-4_0 59.85.88 unsat 8.44e+07 nodes 76 s; 765 queued
2026-10-02T22:57:33 Random-125-125-2-4_0 59.85.82 unsat 1.07e+08 nodes 101 s; 764 queued
2026-10-02T22:57:36 Random-125-125-2-4_0 59.85.8 unsat 9.21e+06 nodes 9 s; 763 queued
2026-10-02T22:57:41 Random-125-125-2-4_0 59.85.91 unsat 2.16e+07 nodes 21 s; 762 queued
2026-10-02T22:57:41 Random-125-125-2-4_0 59.85.63 unsat 4.74e+06 nodes 5 s; 761 queued
2026-10-02T22:57:44 Random-125-125-2-4_0 59.85.86 unsat 2.39e+06 nodes 3 s; 760 queued
2026-10-02T22:57:44 Random-125-125-2-4_0 59.85.12 unsat 1.06e+07 nodes 11 s; 759 queued
2026-10-02T22:57:46 Random-125-125-2-4_0 59.85.84 unsat 4.52e+06 nodes 5 s; 758 queued
2026-10-02T22:57:46 Random-125-125-2-4_0 59.85.22 unsat 1.28e+06 nodes 1 s; 757 queued
2026-10-02T22:57:46 Random-125-125-2-4_0 59.85.10 unsat 2.14e+06 nodes 2 s; 756 queued
2026-10-02T22:57:46 Random-125-125-2-4_0 59.85.77 unsat 2.03e+08 nodes 198 s; 755 queued
2026-10-02T22:57:47 Random-125-125-2-4_0 59.85.36 unsat 9.85e+05 nodes 1 s; 754 queued
2026-10-02T22:57:47 Random-125-125-2-4_0 59.85.62 unsat 1.21e+06 nodes 1 s; 753 queued
2026-10-02T22:57:48 Random-125-125-2-4_0 59.85.50 unsat 1.93e+06 nodes 2 s; 752 queued
2026-10-02T22:57:48 Random-125-125-2-4_0 59.85.31 unsat 2.23e+06 nodes 2 s; 751 queued
2026-10-02T22:57:48 Random-125-125-2-4_0 59.85.64 unsat 1.24e+06 nodes 1 s; 750 queued
2026-10-02T22:57:48 Random-125-125-2-4_0 59.85.69 unsat 7.15e+05 nodes 1 s; 749 queued
2026-10-02T22:57:48 Random-125-125-2-4_0 59.85.81 unsat 2.09e+05 nodes 0 s; 748 queued
2026-10-02T22:57:49 Random-125-125-2-4_0 59.85.72 unsat 1.02e+06 nodes 1 s; 747 queued
2026-10-02T22:57:49 Random-125-125-2-4_0 59.85.98 unsat 7.63e+05 nodes 1 s; 746 queued
2026-10-02T22:57:49 Random-125-125-2-4_0 59.85.9 unsat 8.77e+05 nodes 1 s; 745 queued
2026-10-02T22:57:49 Random-125-125-2-4_0 59.85.17 unsat 1.55e+05 nodes 0 s; 744 queued
2026-10-02T22:57:49 Random-125-125-2-4_0 59.85.94 unsat 4.42e+05 nodes 1 s; 743 queued
2026-10-02T22:57:49 Random-125-125-2-4_0 59.85.112 unsat 4.54e+05 nodes 0 s; 742 queued
2026-10-02T22:57:49 Random-125-125-2-4_0 59.85.92 unsat 2.06e+05 nodes 0 s; 741 queued
2026-10-02T22:57:49 Random-125-125-2-4_0 59.85.99 unsat 5.26e+05 nodes 1 s; 740 queued
2026-10-02T22:57:49 Random-125-125-2-4_0 59.85.18 unsat 2.72e+05 nodes 0 s; 739 queued
2026-10-02T22:57:49 Random-125-125-2-4_0 59.85.6 unsat 4.77e+04 nodes 0 s; 738 queued
2026-10-02T22:57:49 Random-125-125-2-4_0 59.85.40 unsat 1.1e+05 nodes 0 s; 737 queued
2026-10-02T22:57:50 Random-125-125-2-4_0 59.85.4 unsat 5.58e+04 nodes 0 s; 736 queued
2026-10-02T22:57:50 Random-125-125-2-4_0 59.85.103 unsat 2.42e+05 nodes 0 s; 735 queued
2026-10-02T22:57:50 Random-125-125-2-4_0 59.85.54 unsat 2.22e+04 nodes 0 s; 734 queued
2026-10-02T22:57:50 Random-125-125-2-4_0 59.85.11 unsat 2.86e+03 nodes 0 s; 733 queued
2026-10-02T22:57:50 Random-125-125-2-4_0 59.85.87 unsat 1.6e+05 nodes 0 s; 732 queued
2026-10-02T22:57:50 Random-125-125-2-4_0 59.85.24 unsat 5.37e+04 nodes 0 s; 731 queued
2026-10-02T22:57:50 Random-125-125-2-4_0 59.85.109 unsat 3.29e+05 nodes 0 s; 730 queued
2026-10-02T22:57:52 Random-125-125-2-4_0 59.85.20 unsat 7.55e+08 nodes 642 s; 729 queued
2026-10-02T22:58:17 Random-125-125-2-4_0 46.41.97 unsat 3.24e+09 nodes 2765 s; 728 queued
2026-10-02T23:00:40 Random-125-125-2-4_0 59.85.33 unsat 8.28e+08 nodes 783 s; 727 queued
2026-10-02T23:00:45 Random-125-125-2-4_0 59.2.35 unsat 2.21e+08 nodes 173 s; 726 queued
2026-10-02T23:01:31 Random-125-125-2-4_0 46.97.116 unsat 2.9e+09 nodes 2580 s; 725 queued
2026-10-02T23:02:36 Random-125-125-2-4_0 59.2.41 unsat 9.72e+07 nodes 116 s; 724 queued
2026-10-02T23:02:57 Random-125-125-2-4_0 46.59.85 unsat 5.67e+09 nodes 4911 s; 723 queued
2026-10-02T23:03:18 Random-125-125-2-4_0 59.2.78 unsat 7.45e+07 nodes 107 s; 722 queued
2026-10-02T23:03:42 Random-125-125-2-4_0 59.2.90 unsat 2.9e+07 nodes 24 s; 721 queued
2026-10-02T23:03:43 Random-125-125-2-4_0 59.2.82 unsat 4.93e+07 nodes 67 s; 720 queued
2026-10-02T23:03:44 Random-125-125-2-4_0 59.2.88 unsat 3.66e+07 nodes 47 s; 719 queued
2026-10-02T23:03:47 Random-125-125-2-4_0 59.2.8 unsat 4.42e+06 nodes 5 s; 718 queued
2026-10-02T23:03:50 Random-125-125-2-4_0 59.2.12 unsat 5.97e+06 nodes 6 s; 717 queued
2026-10-02T23:03:52 Random-125-125-2-4_0 59.2.91 unsat 1.02e+07 nodes 10 s; 716 queued
2026-10-02T23:03:53 Random-125-125-2-4_0 59.2.53 unsat 3.48e+06 nodes 5 s; 715 queued
2026-10-02T23:03:56 Random-125-125-2-4_0 59.2.86 unsat 1.38e+06 nodes 3 s; 714 queued
2026-10-02T23:03:57 Random-125-125-2-4_0 59.2.84 unsat 2.85e+06 nodes 6 s; 713 queued
2026-10-02T23:03:58 Random-125-125-2-4_0 59.2.63 unsat 3.1e+06 nodes 8 s; 712 queued
2026-10-02T23:03:59 Random-125-125-2-4_0 59.2.22 unsat 7.74e+05 nodes 2 s; 711 queued
2026-10-02T23:03:59 Random-125-125-2-4_0 59.2.10 unsat 1.5e+06 nodes 3 s; 710 queued
2026-10-02T23:03:59 Random-125-125-2-4_0 59.2.15 unsat 7.82e+05 nodes 2 s; 709 queued
2026-10-02T23:04:01 Random-125-125-2-4_0 59.2.31 unsat 1.16e+06 nodes 2 s; 708 queued
2026-10-02T23:04:01 Random-125-125-2-4_0 59.2.50 unsat 1.39e+06 nodes 2 s; 707 queued
2026-10-02T23:04:01 Random-125-125-2-4_0 59.2.57 unsat 5.78e+05 nodes 2 s; 706 queued
2026-10-02T23:04:02 Random-125-125-2-4_0 59.2.69 unsat 4.42e+05 nodes 1 s; 705 queued
2026-10-02T23:04:02 Random-125-125-2-4_0 59.2.64 unsat 8.42e+05 nodes 1 s; 704 queued
2026-10-02T23:04:02 Random-125-125-2-4_0 59.2.72 unsat 6.36e+05 nodes 1 s; 703 queued
2026-10-02T23:04:02 Random-125-125-2-4_0 59.2.98 unsat 4.13e+05 nodes 0 s; 702 queued
2026-10-02T23:04:02 Random-125-125-2-4_0 59.2.36 unsat 1.18e+05 nodes 0 s; 701 queued
2026-10-02T23:04:02 Random-125-125-2-4_0 59.2.119 unsat 3.41e+05 nodes 0 s; 700 queued
2026-10-02T23:04:03 Random-125-125-2-4_0 59.2.62 unsat 1.48e+05 nodes 0 s; 699 queued
2026-10-02T23:04:03 Random-125-125-2-4_0 59.2.81 unsat 7.17e+04 nodes 0 s; 698 queued
2026-10-02T23:04:03 Random-125-125-2-4_0 59.2.9 unsat 4.72e+05 nodes 0 s; 697 queued
2026-10-02T23:04:03 Random-125-125-2-4_0 59.2.99 unsat 1.11e+05 nodes 0 s; 696 queued
2026-10-02T23:04:03 Random-125-125-2-4_0 59.2.94 unsat 1.84e+05 nodes 0 s; 695 queued
2026-10-02T23:04:03 Random-125-125-2-4_0 59.2.17 unsat 7.32e+04 nodes 0 s; 694 queued
2026-10-02T23:04:03 Random-125-125-2-4_0 59.2.112 unsat 1.55e+05 nodes 0 s; 693 queued
2026-10-02T23:04:03 Random-125-125-2-4_0 59.2.103 unsat 2.61e+04 nodes 0 s; 692 queued
2026-10-02T23:04:03 Random-125-125-2-4_0 59.2.18 unsat 1.24e+05 nodes 0 s; 691 queued
2026-10-02T23:04:03 Random-125-125-2-4_0 59.2.92 unsat 9.44e+04 nodes 0 s; 690 queued
2026-10-02T23:04:03 Random-125-125-2-4_0 59.2.40 unsat 5.69e+04 nodes 0 s; 689 queued
2026-10-02T23:04:03 Random-125-125-2-4_0 59.2.87 unsat 8.51e+04 nodes 0 s; 688 queued
2026-10-02T23:04:03 Random-125-125-2-4_0 59.2.109 unsat 1.45e+05 nodes 0 s; 687 queued
2026-10-02T23:04:03 Random-125-125-2-4_0 59.2.4 unsat 3.3e+04 nodes 0 s; 686 queued
2026-10-02T23:04:03 Random-125-125-2-4_0 59.2.11 unsat 1.88e+03 nodes 0 s; 685 queued
2026-10-02T23:04:03 Random-125-125-2-4_0 59.2.24 unsat 1.42e+04 nodes 0 s; 684 queued
2026-10-02T23:04:03 Random-125-125-2-4_0 59.2.54 unsat 1.46e+04 nodes 0 s; 683 queued
2026-10-02T23:04:04 Random-125-125-2-4_0 59.2.77 unsat 1.86e+08 nodes 200 s; 682 queued
2026-10-02T23:05:16 Random-125-125-2-4_0 59.2.32 unsat 3.8e+08 nodes 446 s; 681 queued
2026-10-02T23:05:31 Random-125-125-2-4_0 59.2.37 unsat 4.14e+08 nodes 434 s; 680 queued
2026-10-02T23:07:57 Random-125-125-2-4_0 85.111.35 unsat 1.88e+08 nodes 146 s; 679 queued
2026-10-02T23:10:57 Random-125-125-2-4_0 46.41.85 unsat 4.08e+09 nodes 3526 s; 678 queued
2026-10-02T23:11:16 Random-125-125-2-4_0 59.2.33 unsat 8.75e+08 nodes 807 s; 677 queued
2026-10-02T23:11:26 Random-125-125-2-4_0 85.111.32 unsat 4.71e+08 nodes 442 s; 676 queued
2026-10-02T23:11:47 Random-125-125-2-4_0 85.111.37 unsat 3.01e+08 nodes 230 s; 675 queued
2026-10-02T23:12:10 Random-125-125-2-4_0 59.2.20 unsat 9.1e+08 nodes 860 s; 674 queued
2026-10-02T23:12:50 Random-125-125-2-4_0 85.111.41 unsat 1.28e+08 nodes 112 s; 673 queued
2026-10-02T23:12:53 Random-125-125-2-4_0 85.111.90 unsat 3.99e+07 nodes 43 s; 672 queued
2026-10-02T23:12:53 Random-125-125-2-4_0 85.111.82 unsat 9.36e+07 nodes 87 s; 671 queued
2026-10-02T23:13:03 Random-125-125-2-4_0 85.111.12 unsat 9.69e+06 nodes 9 s; 670 queued
2026-10-02T23:13:03 Random-125-125-2-4_0 85.111.8 unsat 1.03e+07 nodes 10 s; 669 queued
2026-10-02T23:13:06 Random-125-125-2-4_0 85.111.86 unsat 2.66e+06 nodes 3 s; 668 queued
2026-10-02T23:13:07 Random-125-125-2-4_0 85.111.84 unsat 3.97e+06 nodes 4 s; 667 queued
2026-10-02T23:13:07 Random-125-125-2-4_0 85.111.88 unsat 8.22e+07 nodes 80 s; 666 queued
2026-10-02T23:13:08 Random-125-125-2-4_0 85.111.10 unsat 1.91e+06 nodes 2 s; 665 queued
2026-10-02T23:13:08 Random-125-125-2-4_0 85.111.22 unsat 1.41e+06 nodes 2 s; 664 queued
2026-10-02T23:13:08 Random-125-125-2-4_0 85.111.31 unsat 2.28e+06 nodes 2 s; 663 queued
2026-10-02T23:13:09 Random-125-125-2-4_0 85.111.36 unsat 1.11e+06 nodes 1 s; 662 queued
2026-10-02T23:13:09 Random-125-125-2-4_0 85.111.64 unsat 1.13e+06 nodes 1 s; 661 queued
2026-10-02T23:13:10 Random-125-125-2-4_0 85.111.62 unsat 1.41e+06 nodes 1 s; 660 queued
2026-10-02T23:13:10 Random-125-125-2-4_0 85.111.69 unsat 7.46e+05 nodes 1 s; 659 queued
2026-10-02T23:13:10 Random-125-125-2-4_0 85.111.72 unsat 1.11e+06 nodes 1 s; 658 queued
2026-10-02T23:13:10 Random-125-125-2-4_0 85.111.81 unsat 6.63e+05 nodes 1 s; 657 queued
2026-10-02T23:13:11 Random-125-125-2-4_0 85.111.98 unsat 7.1e+05 nodes 1 s; 656 queued
2026-10-02T23:13:11 Random-125-125-2-4_0 85.111.91 unsat 2.16e+07 nodes 21 s; 655 queued
2026-10-02T23:13:11 Random-125-125-2-4_0 85.111.9 unsat 7.15e+05 nodes 1 s; 654 queued
2026-10-02T23:13:11 Random-125-125-2-4_0 85.111.50 unsat 5.11e+05 nodes 0 s; 653 queued
2026-10-02T23:13:11 Random-125-125-2-4_0 85.111.17 unsat 1.8e+05 nodes 0 s; 652 queued
2026-10-02T23:13:11 Random-125-125-2-4_0 85.111.94 unsat 4.02e+05 nodes 0 s; 651 queued
2026-10-02T23:13:11 Random-125-125-2-4_0 85.111.83 unsat 1.37e+06 nodes 1 s; 650 queued
2026-10-02T23:13:11 Random-125-125-2-4_0 85.111.92 unsat 2.76e+05 nodes 0 s; 649 queued
2026-10-02T23:13:11 Random-125-125-2-4_0 85.111.18 unsat 1.26e+05 nodes 0 s; 648 queued
2026-10-02T23:13:12 Random-125-125-2-4_0 85.111.109 unsat 1.54e+05 nodes 0 s; 647 queued
2026-10-02T23:13:12 Random-125-125-2-4_0 85.111.112 unsat 5.21e+05 nodes 1 s; 646 queued
2026-10-02T23:13:12 Random-125-125-2-4_0 85.111.103 unsat 2.57e+05 nodes 0 s; 645 queued
2026-10-02T23:13:12 Random-125-125-2-4_0 85.111.6 unsat 6.11e+04 nodes 0 s; 644 queued
2026-10-02T23:13:12 Random-125-125-2-4_0 85.111.11 unsat 1.02e+03 nodes 0 s; 643 queued
2026-10-02T23:13:12 Random-125-125-2-4_0 85.111.40 unsat 5.92e+04 nodes 0 s; 642 queued
2026-10-02T23:13:12 Random-125-125-2-4_0 85.111.24 unsat 2.69e+04 nodes 0 s; 641 queued
2026-10-02T23:13:12 Random-125-125-2-4_0 85.111.4 unsat 8.66e+04 nodes 0 s; 640 queued
2026-10-02T23:13:18 Random-125-125-2-4_0 85.111.63 unsat 1.22e+08 nodes 121 s; 639 queued
2026-10-02T23:13:24 Random-125-125-2-4_0 85.111.20 unsat 6.52e+08 nodes 561 s; 638 queued
2026-10-02T23:14:33 Random-125-125-2-4_0 46.97.111 unsat 3.88e+09 nodes 3362 s; 637 queued
2026-10-02T23:15:20 Random-125-125-2-4_0 85.111.33 unsat 6.6e+08 nodes 604 s; 636 queued
2026-10-02T23:16:51 Random-125-125-2-4_0 85.97.35 unsat 1.38e+08 nodes 138 s; 635 queued
2026-10-02T23:17:22 Random-125-125-2-4_0 27.41.46.97 unsat 3.34e+09 nodes 3183 s; 634 queued
2026-10-02T23:17:22 Random-125-125-2-4_0 59.111.2 unsat 2.84e+09 nodes 2489 s; 633 queued
2026-10-02T23:17:34 Random-125-125-2-4_0 85.97.32 unsat 3.7e+08 nodes 257 s; 632 queued
2026-10-02T23:17:57 Random-125-125-2-4_0 85.97.82 unsat 5.4e+07 nodes 35 s; 631 queued
2026-10-02T23:18:17 Random-125-125-2-4_0 85.97.41 unsat 9.38e+07 nodes 86 s; 630 queued
2026-10-02T23:18:18 Random-125-125-2-4_0 85.97.88 unsat 6.82e+07 nodes 43 s; 629 queued
2026-10-02T23:18:23 Random-125-125-2-4_0 85.97.8 unsat 4.75e+06 nodes 5 s; 628 queued
2026-10-02T23:18:27 Random-125-125-2-4_0 85.97.91 unsat 1.31e+07 nodes 10 s; 627 queued
2026-10-02T23:18:28 Random-125-125-2-4_0 85.97.12 unsat 4.96e+06 nodes 5 s; 626 queued
2026-10-02T23:18:29 Random-125-125-2-4_0 85.97.63 unsat 3.15e+06 nodes 2 s; 625 queued
2026-10-02T23:18:30 Random-125-125-2-4_0 85.97.90 unsat 3.13e+07 nodes 33 s; 624 queued
2026-10-02T23:18:31 Random-125-125-2-4_0 85.97.86 unsat 1.88e+06 nodes 1 s; 623 queued
2026-10-02T23:18:31 Random-125-125-2-4_0 85.97.84 unsat 2.74e+06 nodes 3 s; 622 queued
2026-10-02T23:18:31 Random-125-125-2-4_0 85.97.22 unsat 1e+06 nodes 1 s; 621 queued
2026-10-02T23:18:31 Random-125-125-2-4_0 85.97.10 unsat 1.41e+06 nodes 2 s; 620 queued
2026-10-02T23:18:32 Random-125-125-2-4_0 85.97.36 unsat 7.01e+05 nodes 1 s; 619 queued
2026-10-02T23:18:32 Random-125-125-2-4_0 85.97.62 unsat 9.19e+05 nodes 1 s; 618 queued
2026-10-02T23:18:32 Random-125-125-2-4_0 85.97.64 unsat 7.48e+05 nodes 1 s; 617 queued
2026-10-02T23:18:33 Random-125-125-2-4_0 85.97.69 unsat 4.21e+05 nodes 0 s; 616 queued
2026-10-02T23:18:33 Random-125-125-2-4_0 85.97.31 unsat 1.9e+06 nodes 2 s; 615 queued
2026-10-02T23:18:33 Random-125-125-2-4_0 85.97.72 unsat 7.22e+05 nodes 1 s; 614 queued
2026-10-02T23:18:34 Random-125-125-2-4_0 85.97.98 unsat 5.04e+05 nodes 1 s; 613 queued
2026-10-02T23:18:34 Random-125-125-2-4_0 85.97.83 unsat 9.13e+05 nodes 1 s; 612 queued
2026-10-02T23:18:34 Random-125-125-2-4_0 85.97.9 unsat 6.46e+05 nodes 1 s; 611 queued
2026-10-02T23:18:34 Random-125-125-2-4_0 85.97.50 unsat 3.28e+05 nodes 0 s; 610 queued
2026-10-02T23:18:34 Random-125-125-2-4_0 85.97.81 unsat 1.7e+05 nodes 0 s; 609 queued
2026-10-02T23:18:34 Random-125-125-2-4_0 85.97.94 unsat 2.59e+05 nodes 0 s; 608 queued
2026-10-02T23:18:34 Random-125-125-2-4_0 85.97.99 unsat 2.43e+05 nodes 0 s; 607 queued
2026-10-02T23:18:35 Random-125-125-2-4_0 85.97.112 unsat 2.84e+05 nodes 0 s; 606 queued
2026-10-02T23:18:35 Random-125-125-2-4_0 85.97.17 unsat 1.17e+05 nodes 0 s; 605 queued
2026-10-02T23:18:35 Random-125-125-2-4_0 85.97.92 unsat 1.76e+05 nodes 0 s; 604 queued
2026-10-02T23:18:35 Random-125-125-2-4_0 85.97.103 unsat 1.08e+05 nodes 0 s; 603 queued
2026-10-02T23:18:35 Random-125-125-2-4_0 85.97.18 unsat 8.55e+04 nodes 0 s; 602 queued
2026-10-02T23:18:35 Random-125-125-2-4_0 85.97.6 unsat 4.2e+04 nodes 0 s; 601 queued
2026-10-02T23:18:35 Random-125-125-2-4_0 85.97.40 unsat 3.56e+04 nodes 0 s; 600 queued
2026-10-02T23:18:35 Random-125-125-2-4_0 85.97.109 unsat 1.15e+05 nodes 0 s; 599 queued
2026-10-02T23:18:35 Random-125-125-2-4_0 85.97.4 unsat 4.73e+04 nodes 0 s; 599 queued
2026-10-02T23:18:35 Random-125-125-2-4_0 85.97.11 unsat 700 nodes 0 s; 597 queued
2026-10-02T23:18:35 Random-125-125-2-4_0 85.97.87 unsat 4.84e+04 nodes 0 s; 596 queued
2026-10-02T23:18:35 Random-125-125-2-4_0 85.97.24 unsat 1.23e+04 nodes 0 s; 595 queued
2026-10-02T23:18:40 Random-125-125-2-4_0 59.111.77 unsat 3.23e+09 nodes 2566 s; 594 queued
2026-10-02T23:19:16 Random-125-125-2-4_0 85.97.37 unsat 2.41e+08 nodes 237 s; 593 queued
2026-10-02T23:19:16 Random-125-125-2-4_0 85.97.77 unsat 1.17e+08 nodes 114 s; 592 queued
2026-10-02T23:19:18 Random-125-125-2-4_0 85.97.20 unsat 4.97e+08 nodes 367 s; 591 queued
2026-10-02T23:19:48 Random-125-125-2-4_0 85.97.33 unsat 4.91e+08 nodes 384 s; 590 queued
2026-10-02T23:21:39 Random-125-125-2-4_0 59.97.35 unsat 1.68e+08 nodes 141 s; 589 queued
2026-10-02T23:22:38 Random-125-125-2-4_0 59.85.2 unsat 2.33e+09 nodes 2133 s; 588 queued
2026-10-02T23:22:49 Random-125-125-2-4_0 59.97.41 unsat 6.73e+07 nodes 70 s; 587 queued
2026-10-02T23:23:27 Random-125-125-2-4_0 59.97.77 unsat 7.03e+07 nodes 49 s; 586 queued
2026-10-02T23:23:52 Random-125-125-2-4_0 59.97.88 unsat 3.6e+07 nodes 25 s; 585 queued
2026-10-02T23:24:05 Random-125-125-2-4_0 59.97.82 unsat 7.85e+07 nodes 76 s; 584 queued
2026-10-02T23:24:09 Random-125-125-2-4_0 59.97.37 unsat 2.74e+08 nodes 261 s; 583 queued
2026-10-02T23:24:13 Random-125-125-2-4_0 59.97.90 unsat 2.83e+07 nodes 21 s; 582 queued
2026-10-02T23:24:13 Random-125-125-2-4_0 59.97.8 unsat 4.31e+06 nodes 5 s; 581 queued
2026-10-02T23:24:16 Random-125-125-2-4_0 59.97.91 unsat 9.67e+06 nodes 11 s; 580 queued
2026-10-02T23:24:17 Random-125-125-2-4_0 59.97.12 unsat 4.92e+06 nodes 4 s; 579 queued
2026-10-02T23:24:17 Random-125-125-2-4_0 59.97.63 unsat 3.48e+06 nodes 4 s; 578 queued
2026-10-02T23:24:18 Random-125-125-2-4_0 59.97.86 unsat 1.6e+06 nodes 2 s; 577 queued
2026-10-02T23:24:19 Random-125-125-2-4_0 59.97.10 unsat 1.67e+06 nodes 2 s; 576 queued
2026-10-02T23:24:19 Random-125-125-2-4_0 59.97.22 unsat 8.71e+05 nodes 1 s; 575 queued
2026-10-02T23:24:20 Random-125-125-2-4_0 59.97.84 unsat 3.32e+06 nodes 4 s; 574 queued
2026-10-02T23:24:21 Random-125-125-2-4_0 59.97.64 unsat 1.08e+06 nodes 1 s; 573 queued
2026-10-02T23:24:21 Random-125-125-2-4_0 59.97.50 unsat 1.62e+06 nodes 2 s; 572 queued
2026-10-02T23:24:21 Random-125-125-2-4_0 59.97.31 unsat 1.74e+06 nodes 2 s; 571 queued
2026-10-02T23:24:22 Random-125-125-2-4_0 59.97.69 unsat 5.98e+05 nodes 1 s; 570 queued
2026-10-02T23:24:22 Random-125-125-2-4_0 59.97.98 unsat 5.6e+05 nodes 1 s; 569 queued
2026-10-02T23:24:22 Random-125-125-2-4_0 59.97.72 unsat 7.96e+05 nodes 1 s; 568 queued
2026-10-02T23:24:22 Random-125-125-2-4_0 59.97.36 unsat 2.14e+05 nodes 0 s; 567 queued
2026-10-02T23:24:22 Random-125-125-2-4_0 59.97.62 unsat 2.59e+05 nodes 0 s; 566 queued
2026-10-02T23:24:22 Random-125-125-2-4_0 59.97.81 unsat 1.49e+05 nodes 0 s; 565 queued
2026-10-02T23:24:23 Random-125-125-2-4_0 59.97.9 unsat 7.18e+05 nodes 1 s; 564 queued
2026-10-02T23:24:23 Random-125-125-2-4_0 59.97.94 unsat 2.83e+05 nodes 0 s; 563 queued
2026-10-02T23:24:23 Random-125-125-2-4_0 59.97.99 unsat 2.76e+05 nodes 0 s; 562 queued
2026-10-02T23:24:23 Random-125-125-2-4_0 59.97.17 unsat 1.11e+05 nodes 0 s; 561 queued
2026-10-02T23:24:23 Random-125-125-2-4_0 59.97.112 unsat 2.6e+05 nodes 0 s; 560 queued
2026-10-02T23:24:23 Random-125-125-2-4_0 59.97.18 unsat 2.11e+05 nodes 0 s; 559 queued
2026-10-02T23:24:23 Random-125-125-2-4_0 59.97.92 unsat 1.2e+05 nodes 0 s; 558 queued
2026-10-02T23:24:23 Random-125-125-2-4_0 59.97.103 unsat 1.11e+05 nodes 0 s; 557 queued
2026-10-02T23:24:23 Random-125-125-2-4_0 59.97.6 unsat 3.57e+04 nodes 0 s; 556 queued
2026-10-02T23:24:23 Random-125-125-2-4_0 59.97.40 unsat 8.38e+04 nodes 0 s; 555 queued
2026-10-02T23:24:23 Random-125-125-2-4_0 59.97.4 unsat 3.64e+04 nodes 0 s; 554 queued
2026-10-02T23:24:23 Random-125-125-2-4_0 59.97.109 unsat 2.32e+05 nodes 0 s; 553 queued
2026-10-02T23:24:23 Random-125-125-2-4_0 59.97.24 unsat 2.81e+04 nodes 0 s; 552 queued
2026-10-02T23:24:23 Random-125-125-2-4_0 59.97.54 unsat 1.96e+04 nodes 0 s; 551 queued
2026-10-02T23:24:23 Random-125-125-2-4_0 59.97.11 unsat 2.33e+03 nodes 0 s; 550 queued
2026-10-02T23:24:23 Random-125-125-2-4_0 59.97.87 unsat 1.25e+05 nodes 0 s; 549 queued
2026-10-02T23:24:39 Random-125-125-2-4_0 27.41.46.85 unsat 4.27e+09 nodes 3620 s; 548 queued
2026-10-02T23:25:38 Random-125-125-2-4_0 59.97.32 unsat 4.06e+08 nodes 382 s; 547 queued
2026-10-02T23:26:32 Random-125-125-2-4_0 59.2.5 unsat 1.97e+09 nodes 1723 s; 546 queued
2026-10-02T23:27:02 Random-125-125-2-4_0 59.97.20 unsat 6.07e+08 nodes 502 s; 545 queued
2026-10-02T23:27:29 Random-125-125-2-4_0 46.85.97 unsat 5.4e+09 nodes 4865 s; 544 queued
2026-10-02T23:28:00 Random-125-125-2-4_0 59.97.33 unsat 6.38e+08 nodes 523 s; 543 queued
2026-10-02T23:28:54 Random-125-125-2-4_0 97.116.35 unsat 2.06e+08 nodes 196 s; 542 queued
2026-10-02T23:28:57 Random-125-125-2-4_0 97.116.41 unsat 1.4e+08 nodes 115 s; 541 queued
2026-10-02T23:30:00 Random-125-125-2-4_0 97.116.82 unsat 1.13e+08 nodes 120 s; 540 queued
2026-10-02T23:30:01 Random-125-125-2-4_0 97.116.88 unsat 5.57e+07 nodes 64 s; 539 queued
2026-10-02T23:30:16 Random-125-125-2-4_0 97.116.91 unsat 2.15e+07 nodes 16 s; 538 queued
2026-10-02T23:30:17 Random-125-125-2-4_0 97.116.77 unsat 1.75e+08 nodes 168 s; 537 queued
2026-10-02T23:30:24 Random-125-125-2-4_0 97.116.8 unsat 9.34e+06 nodes 7 s; 536 queued
2026-10-02T23:30:26 Random-125-125-2-4_0 97.116.12 unsat 7.7e+06 nodes 9 s; 535 queued
2026-10-02T23:30:27 Random-125-125-2-4_0 97.116.63 unsat 3.94e+06 nodes 3 s; 534 queued
2026-10-02T23:30:28 Random-125-125-2-4_0 97.116.10 unsat 1.93e+06 nodes 1 s; 533 queued
2026-10-02T23:30:30 Random-125-125-2-4_0 97.116.22 unsat 1.51e+06 nodes 1 s; 532 queued
2026-10-02T23:30:30 Random-125-125-2-4_0 97.116.84 unsat 3.51e+06 nodes 4 s; 531 queued
2026-10-02T23:30:31 Random-125-125-2-4_0 97.116.64 unsat 1.29e+06 nodes 1 s; 530 queued
2026-10-02T23:30:31 Random-125-125-2-4_0 97.116.31 unsat 2.17e+06 nodes 2 s; 529 queued
2026-10-02T23:30:32 Random-125-125-2-4_0 97.116.69 unsat 8.38e+05 nodes 1 s; 528 queued
2026-10-02T23:30:32 Random-125-125-2-4_0 97.116.72 unsat 1.38e+06 nodes 1 s; 527 queued
2026-10-02T23:30:33 Random-125-125-2-4_0 97.116.94 unsat 1.06e+06 nodes 1 s; 526 queued
2026-10-02T23:30:34 Random-125-125-2-4_0 97.116.98 unsat 8.41e+05 nodes 1 s; 525 queued
2026-10-02T23:30:34 Random-125-125-2-4_0 97.116.83 unsat 1.7e+06 nodes 2 s; 524 queued
2026-10-02T23:30:35 Random-125-125-2-4_0 97.116.36 unsat 3.59e+05 nodes 0 s; 523 queued
2026-10-02T23:30:35 Random-125-125-2-4_0 97.116.9 unsat 9.1e+05 nodes 1 s; 522 queued
2026-10-02T23:30:35 Random-125-125-2-4_0 97.116.62 unsat 3.85e+05 nodes 0 s; 521 queued
2026-10-02T23:30:35 Random-125-125-2-4_0 97.116.81 unsat 2.98e+05 nodes 0 s; 520 queued
2026-10-02T23:30:35 Random-125-125-2-4_0 97.116.50 unsat 5.34e+05 nodes 1 s; 519 queued
2026-10-02T23:30:36 Random-125-125-2-4_0 97.116.92 unsat 4.72e+05 nodes 0 s; 518 queued
2026-10-02T23:30:36 Random-125-125-2-4_0 97.116.99 unsat 2.99e+05 nodes 0 s; 517 queued
2026-10-02T23:30:36 Random-125-125-2-4_0 97.116.112 unsat 3.31e+05 nodes 0 s; 516 queued
2026-10-02T23:30:36 Random-125-125-2-4_0 97.116.17 unsat 1.94e+05 nodes 0 s; 515 queued
2026-10-02T23:30:36 Random-125-125-2-4_0 97.116.103 unsat 1.51e+05 nodes 0 s; 514 queued
2026-10-02T23:30:36 Random-125-125-2-4_0 97.116.18 unsat 1.34e+05 nodes 0 s; 513 queued
2026-10-02T23:30:36 Random-125-125-2-4_0 97.116.6 unsat 7.08e+04 nodes 0 s; 512 queued
2026-10-02T23:30:36 Random-125-125-2-4_0 97.116.109 unsat 2.37e+05 nodes 0 s; 511 queued
2026-10-02T23:30:36 Random-125-125-2-4_0 97.116.4 unsat 3.88e+04 nodes 0 s; 510 queued
2026-10-02T23:30:36 Random-125-125-2-4_0 97.116.40 unsat 5.44e+04 nodes 0 s; 509 queued
2026-10-02T23:30:36 Random-125-125-2-4_0 97.116.24 unsat 2.23e+04 nodes 0 s; 508 queued
2026-10-02T23:30:36 Random-125-125-2-4_0 97.116.11 unsat 1.7e+03 nodes 0 s; 507 queued
2026-10-02T23:30:36 Random-125-125-2-4_0 97.116.87 unsat 8.79e+04 nodes 0 s; 506 queued
2026-10-02T23:30:42 Random-125-125-2-4_0 97.116.86 unsat 1.24e+08 nodes 107 s; 505 queued
2026-10-02T23:30:53 Random-125-125-2-4_0 97.116.90 unsat 5.09e+07 nodes 53 s; 504 queued
2026-10-02T23:31:16 Random-125-125-2-4_0 85.111.2 unsat 2.1e+09 nodes 1633 s; 503 queued
2026-10-02T23:31:28 Random-125-125-2-4_0 46.41.59 unsat 5.46e+09 nodes 4756 s; 502 queued
2026-10-02T23:32:03 Random-125-125-2-4_0 97.116.37 unsat 4.11e+08 nodes 331 s; 501 queued
2026-10-02T23:33:51 Random-125-125-2-4_0 97.111.35 unsat 1.32e+08 nodes 108 s; 500 queued
2026-10-02T23:35:53 Random-125-125-2-4_0 97.116.32 unsat 7.09e+08 nodes 690 s; 499 queued
2026-10-02T23:36:27 Random-125-125-2-4_0 97.116.33 unsat 7.98e+08 nodes 708 s; 498 queued
2026-10-02T23:36:35 Random-125-125-2-4_0 97.111.32 unsat 3.31e+08 nodes 320 s; 497 queued
2026-10-02T23:36:39 Random-125-125-2-4_0 85.97.2 unsat 1.68e+09 nodes 1407 s; 496 queued
2026-10-02T23:36:39 Random-125-125-2-4_0 97.111.20 unsat 4.84e+08 nodes 346 s; 495 queued
2026-10-02T23:36:47 Random-125-125-2-4_0 97.111.41 unsat 5.43e+07 nodes 55 s; 494 queued
2026-10-02T23:36:57 Random-125-125-2-4_0 97.111.91 unsat 8.55e+06 nodes 10 s; 493 queued
2026-10-02T23:37:00 Random-125-125-2-4_0 97.111.90 unsat 2.17e+07 nodes 21 s; 492 queued
2026-10-02T23:37:02 Random-125-125-2-4_0 97.111.8 unsat 4.29e+06 nodes 5 s; 491 queued
2026-10-02T23:37:04 Random-125-125-2-4_0 97.111.37 unsat 2.22e+08 nodes 193 s; 490 queued
2026-10-02T23:37:05 Random-125-125-2-4_0 97.111.84 unsat 2.84e+06 nodes 3 s; 489 queued
2026-10-02T23:37:05 Random-125-125-2-4_0 97.111.88 unsat 2.75e+07 nodes 26 s; 488 queued
2026-10-02T23:37:05 Random-125-125-2-4_0 97.111.86 unsat 1.64e+06 nodes 1 s; 487 queued
2026-10-02T23:37:05 Random-125-125-2-4_0 97.111.12 unsat 4.42e+06 nodes 5 s; 486 queued
2026-10-02T23:37:06 Random-125-125-2-4_0 97.111.22 unsat 9.57e+05 nodes 1 s; 485 queued
2026-10-02T23:37:06 Random-125-125-2-4_0 97.111.64 unsat 8.54e+05 nodes 1 s; 484 queued
2026-10-02T23:37:06 Random-125-125-2-4_0 97.111.10 unsat 1.39e+06 nodes 1 s; 483 queued
2026-10-02T23:37:06 Random-125-125-2-4_0 97.111.31 unsat 1.65e+06 nodes 1 s; 482 queued
2026-10-02T23:37:07 Random-125-125-2-4_0 97.111.69 unsat 5.79e+05 nodes 1 s; 481 queued
2026-10-02T23:37:07 Random-125-125-2-4_0 97.111.81 unsat 4.85e+05 nodes 1 s; 480 queued
2026-10-02T23:37:07 Random-125-125-2-4_0 97.111.72 unsat 8.08e+05 nodes 1 s; 479 queued
2026-10-02T23:37:07 Random-125-125-2-4_0 97.111.98 unsat 4.9e+05 nodes 1 s; 478 queued
2026-10-02T23:37:07 Random-125-125-2-4_0 97.111.83 unsat 1.08e+06 nodes 1 s; 477 queued
2026-10-02T23:37:07 Random-125-125-2-4_0 97.111.36 unsat 2.22e+05 nodes 0 s; 476 queued
2026-10-02T23:37:07 Random-125-125-2-4_0 97.111.62 unsat 2.1e+05 nodes 0 s; 475 queued
2026-10-02T23:37:07 Random-125-125-2-4_0 97.111.9 unsat 6.3e+05 nodes 1 s; 474 queued
2026-10-02T23:37:07 Random-125-125-2-4_0 97.111.50 unsat 3.83e+05 nodes 0 s; 473 queued
2026-10-02T23:37:08 Random-125-125-2-4_0 97.111.112 unsat 2.92e+05 nodes 0 s; 472 queued
2026-10-02T23:37:08 Random-125-125-2-4_0 97.111.94 unsat 2.57e+05 nodes 0 s; 471 queued
2026-10-02T23:37:08 Random-125-125-2-4_0 97.111.17 unsat 1.32e+05 nodes 0 s; 470 queued
2026-10-02T23:37:08 Random-125-125-2-4_0 97.111.103 unsat 1.26e+05 nodes 0 s; 469 queued
2026-10-02T23:37:08 Random-125-125-2-4_0 97.111.92 unsat 1.73e+05 nodes 0 s; 468 queued
2026-10-02T23:37:08 Random-125-125-2-4_0 97.111.18 unsat 9.25e+04 nodes 0 s; 467 queued
2026-10-02T23:37:08 Random-125-125-2-4_0 97.111.6 unsat 4.59e+04 nodes 0 s; 466 queued
2026-10-02T23:37:08 Random-125-125-2-4_0 97.111.24 unsat 1.92e+04 nodes 0 s; 465 queued
2026-10-02T23:37:08 Random-125-125-2-4_0 97.111.11 unsat 790 nodes 0 s; 464 queued
2026-10-02T23:37:08 Random-125-125-2-4_0 97.111.40 unsat 4.73e+04 nodes 0 s; 463 queued
2026-10-02T23:37:08 Random-125-125-2-4_0 97.111.109 unsat 1.14e+05 nodes 0 s; 462 queued
2026-10-02T23:37:08 Random-125-125-2-4_0 97.111.4 unsat 4.88e+04 nodes 0 s; 461 queued
2026-10-02T23:37:11 Random-125-125-2-4_0 97.111.82 unsat 5.75e+07 nodes 36 s; 460 queued
2026-10-02T23:37:38 Random-125-125-2-4_0 97.111.63 unsat 6.91e+07 nodes 71 s; 459 queued
2026-10-02T23:37:48 Random-125-125-2-4_0 97.111.33 unsat 4.61e+08 nodes 380 s; 458 queued
2026-10-02T23:38:37 Random-125-125-2-4_0 97.116.20 unsat 9.57e+08 nodes 854 s; 457 queued
2026-10-02T23:39:28 Random-125-125-2-4_0 111.77.35 unsat 2.31e+08 nodes 137 s; 456 queued
2026-10-02T23:39:59 Random-125-125-2-4_0 111.77.41 unsat 1.35e+08 nodes 131 s; 455 queued
2026-10-02T23:40:36 Random-125-125-2-4_0 111.77.82 unsat 1.15e+08 nodes 68 s; 454 queued
2026-10-02T23:40:39 Random-125-125-2-4_0 111.77.63 unsat 1.38e+08 nodes 122 s; 453 queued
2026-10-02T23:41:09 Random-125-125-2-4_0 111.77.88 unsat 7.45e+07 nodes 70 s; 452 queued
2026-10-02T23:41:11 Random-125-125-2-4_0 111.77.91 unsat 3.09e+07 nodes 32 s; 451 queued
2026-10-02T23:41:17 Random-125-125-2-4_0 111.77.90 unsat 6.04e+07 nodes 40 s; 450 queued
2026-10-02T23:41:19 Random-125-125-2-4_0 111.77.8 unsat 1.53e+07 nodes 11 s; 449 queued
2026-10-02T23:41:20 Random-125-125-2-4_0 111.77.12 unsat 8.93e+06 nodes 10 s; 448 queued
2026-10-02T23:41:22 Random-125-125-2-4_0 111.77.31 unsat 6.69e+06 nodes 5 s; 447 queued
2026-10-02T23:41:22 Random-125-125-2-4_0 111.77.10 unsat 2.09e+06 nodes 2 s; 446 queued
2026-10-02T23:41:23 Random-125-125-2-4_0 111.77.84 unsat 4.28e+06 nodes 3 s; 445 queued
2026-10-02T23:41:23 Random-125-125-2-4_0 111.77.22 unsat 1.59e+06 nodes 1 s; 444 queued
2026-10-02T23:41:25 Random-125-125-2-4_0 111.77.69 unsat 1.08e+06 nodes 2 s; 443 queued
2026-10-02T23:41:25 Random-125-125-2-4_0 111.77.64 unsat 1.41e+06 nodes 3 s; 442 queued
2026-10-02T23:41:27 Random-125-125-2-4_0 111.77.81 unsat 9.34e+05 nodes 2 s; 441 queued
2026-10-02T23:41:27 Random-125-125-2-4_0 111.77.72 unsat 1.47e+06 nodes 4 s; 440 queued
2026-10-02T23:41:29 Random-125-125-2-4_0 111.77.99 unsat 9.05e+05 nodes 1 s; 439 queued
2026-10-02T23:41:29 Random-125-125-2-4_0 111.77.98 unsat 9.84e+05 nodes 1 s; 438 queued
2026-10-02T23:41:29 Random-125-125-2-4_0 111.77.83 unsat 1.8e+06 nodes 3 s; 437 queued
2026-10-02T23:41:29 Random-125-125-2-4_0 111.77.36 unsat 3.46e+05 nodes 0 s; 436 queued
2026-10-02T23:41:29 Random-125-125-2-4_0 111.77.50 unsat 4.98e+05 nodes 1 s; 435 queued
2026-10-02T23:41:29 Random-125-125-2-4_0 111.77.62 unsat 3.83e+05 nodes 0 s; 434 queued
2026-10-02T23:41:29 Random-125-125-2-4_0 111.77.9 unsat 8.32e+05 nodes 1 s; 433 queued
2026-10-02T23:41:30 Random-125-125-2-4_0 111.77.94 unsat 4.36e+05 nodes 0 s; 432 queued
2026-10-02T23:41:30 Random-125-125-2-4_0 111.77.17 unsat 2.84e+05 nodes 0 s; 431 queued
2026-10-02T23:41:30 Random-125-125-2-4_0 111.77.92 unsat 2.68e+05 nodes 0 s; 430 queued
2026-10-02T23:41:30 Random-125-125-2-4_0 111.77.112 unsat 5.22e+05 nodes 1 s; 429 queued
2026-10-02T23:41:30 Random-125-125-2-4_0 111.77.18 unsat 1.53e+05 nodes 0 s; 428 queued
2026-10-02T23:41:30 Random-125-125-2-4_0 111.77.103 unsat 3.29e+05 nodes 0 s; 427 queued
2026-10-02T23:41:30 Random-125-125-2-4_0 111.77.109 unsat 1.91e+05 nodes 0 s; 426 queued
2026-10-02T23:41:30 Random-125-125-2-4_0 111.77.40 unsat 6.93e+04 nodes 0 s; 425 queued
2026-10-02T23:41:30 Random-125-125-2-4_0 111.77.6 unsat 9.9e+04 nodes 0 s; 425 queued
2026-10-02T23:41:30 Random-125-125-2-4_0 111.77.11 unsat 1.29e+03 nodes 0 s; 423 queued
2026-10-02T23:41:30 Random-125-125-2-4_0 111.77.4 unsat 7.06e+04 nodes 0 s; 422 queued
2026-10-02T23:41:30 Random-125-125-2-4_0 111.77.24 unsat 5.38e+04 nodes 0 s; 422 queued
2026-10-02T23:42:53 Random-125-125-2-4_0 59.97.2 unsat 1.83e+09 nodes 1458 s; 420 queued
2026-10-02T23:43:08 Random-125-125-2-4_0 111.77.37 unsat 3.6e+08 nodes 330 s; 419 queued
2026-10-02T23:43:10 Random-125-125-2-4_0 27.41.46.59 unsat 5.63e+09 nodes 4731 s; 418 queued
2026-10-02T23:43:11 Random-125-125-2-4_0 85.111.77 unsat 3.04e+09 nodes 2348 s; 417 queued
2026-10-02T23:44:11 Random-125-125-2-4_0 59.85.111 unsat 4.1e+09 nodes 3426 s; 416 queued
2026-10-02T23:45:51 Random-125-125-2-4_0 111.77.32 unsat 6.07e+08 nodes 524 s; 415 queued
2026-10-02T23:46:17 Random-125-125-2-4_0 111.77.20 unsat 7.75e+08 nodes 550 s; 414 queued
2026-10-02T23:48:50 Random-125-125-2-4_0 111.77.33 unsat 7.66e+08 nodes 703 s; 413 queued
=== Random-125-125-4-2_0: k = 56 refuted, 7.644e+10 nodes over 842 tasks, 30.2 core-h
2026-10-02T23:51:54 Random-125-125-4-2_0 88.104.115 unsat 6.55e+09 nodes 7109 s; 412 queued
2026-10-02T23:52:01 Random-125-125-2-4_0 97.111.2 unsat 1.51e+09 nodes 1279 s; 411 queued
2026-10-02T23:56:21 Random-125-125-4-4_0 13.3 unsat 2.09e+08 nodes 261 s; 410 queued
2026-10-02T23:59:40 Random-125-125-4-4_0 13.23 unsat 2.07e+08 nodes 198 s; 409 queued
2026-10-03T00:00:24 Random-125-125-4-4_0 13.97 unsat 4.68e+08 nodes 509 s; 408 queued
2026-10-03T00:02:43 Random-125-125-4-4_0 13.25 unsat 1.72e+08 nodes 183 s; 407 queued
2026-10-03T00:02:56 Random-125-125-2-4_0 59.85.97 unsat 5.32e+09 nodes 4551 s; 406 queued
2026-10-03T00:03:15 Random-125-125-4-4_0 13.68 unsat 8.37e+08 nodes 864 s; 405 queued
2026-10-03T00:03:15 Random-125-125-4-4_0 13.56 unsat 1.67e+08 nodes 171 s; 404 queued
2026-10-03T00:03:26 Random-125-125-4-4_0 13.8 unsat 1e+07 nodes 11 s; 403 queued
2026-10-03T00:04:02 Random-125-125-4-4_0 13.103 unsat 5.19e+07 nodes 47 s; 402 queued
2026-10-03T00:04:17 Random-125-125-4-4_0 13.28 unsat 5.28e+07 nodes 51 s; 401 queued
2026-10-03T00:04:21 Random-125-125-4-4_0 13.32 unsat 1.02e+09 nodes 1083 s; 400 queued
2026-10-03T00:04:22 Random-125-125-4-4_0 13.87 unsat 9.44e+07 nodes 100 s; 399 queued
2026-10-03T00:04:23 Random-125-125-2-4_0 59.97.116 unsat 3.32e+09 nodes 2748 s; 398 queued
2026-10-03T00:04:29 Random-125-125-4-4_0 13.17 unsat 7.84e+06 nodes 6 s; 397 queued
2026-10-03T00:04:31 Random-125-125-4-4_0 13.95 unsat 1.03e+08 nodes 95 s; 396 queued
2026-10-03T00:04:33 Random-125-125-4-4_0 13.101 unsat 1.18e+07 nodes 12 s; 395 queued
2026-10-03T00:04:34 Random-125-125-4-4_0 13.14 unsat 1e+07 nodes 11 s; 394 queued
2026-10-03T00:04:35 Random-125-125-4-4_0 13.61 unsat 1.67e+07 nodes 18 s; 393 queued
2026-10-03T00:04:37 Random-125-125-4-4_0 13.22 unsat 2.63e+06 nodes 3 s; 392 queued
2026-10-03T00:04:38 Random-125-125-4-4_0 13.38 unsat 9.23e+06 nodes 9 s; 391 queued
2026-10-03T00:04:38 Random-125-125-4-4_0 13.40 unsat 6.37e+06 nodes 7 s; 390 queued
2026-10-03T00:04:38 Random-125-125-4-4_0 13.7 unsat 4e+06 nodes 5 s; 389 queued
2026-10-03T00:04:39 Random-125-125-4-4_0 13.63 unsat 7.44e+06 nodes 6 s; 388 queued
2026-10-03T00:04:39 Random-125-125-4-4_0 13.46 unsat 1.5e+06 nodes 2 s; 387 queued
2026-10-03T00:04:40 Random-125-125-4-4_0 13.88 unsat 1.87e+06 nodes 2 s; 386 queued
2026-10-03T00:04:40 Random-125-125-4-4_0 13.57 unsat 7.74e+05 nodes 1 s; 385 queued
2026-10-03T00:04:40 Random-125-125-4-4_0 13.34 unsat 2.52e+06 nodes 3 s; 384 queued
2026-10-03T00:04:40 Random-125-125-4-4_0 13.80 unsat 5.27e+05 nodes 1 s; 383 queued
2026-10-03T00:04:40 Random-125-125-4-4_0 13.118 unsat 1.37e+06 nodes 1 s; 382 queued
2026-10-03T00:04:40 Random-125-125-4-4_0 13.117 unsat 1.85e+06 nodes 2 s; 381 queued
2026-10-03T00:04:41 Random-125-125-4-4_0 13.98 unsat 6.74e+05 nodes 1 s; 380 queued
2026-10-03T00:04:41 Random-125-125-4-4_0 13.64 unsat 4.39e+05 nodes 0 s; 379 queued
2026-10-03T00:04:41 Random-125-125-4-4_0 13.110 unsat 7.49e+05 nodes 1 s; 378 queued
2026-10-03T00:04:41 Random-125-125-4-4_0 13.76 unsat 4.54e+05 nodes 1 s; 377 queued
2026-10-03T00:04:41 Random-125-125-4-4_0 13.45 unsat 6.51e+05 nodes 1 s; 376 queued
2026-10-03T00:04:41 Random-125-125-4-4_0 13.105 unsat 5.16e+05 nodes 0 s; 375 queued
2026-10-03T00:04:41 Random-125-125-4-4_0 13.120 unsat 2.67e+05 nodes 0 s; 374 queued
2026-10-03T00:04:41 Random-125-125-4-4_0 13.67 unsat 1.46e+05 nodes 0 s; 373 queued
2026-10-03T00:04:41 Random-125-125-4-4_0 13.1 unsat 1.35e+05 nodes 0 s; 372 queued
2026-10-03T00:04:41 Random-125-125-4-4_0 13.9 unsat 1.9e+05 nodes 0 s; 371 queued
2026-10-03T00:04:41 Random-125-125-4-4_0 13.16 unsat 5.04e+04 nodes 0 s; 370 queued
2026-10-03T00:04:41 Random-125-125-4-4_0 13.53 unsat 1.89e+05 nodes 0 s; 369 queued
2026-10-03T00:04:41 Random-125-125-4-4_0 13.47 unsat 3.67e+07 nodes 39 s; 368 queued
2026-10-03T00:04:41 Random-125-125-4-4_0 13.86 unsat 1.82e+05 nodes 0 s; 367 queued
2026-10-03T00:04:41 Random-125-125-4-4_0 13.73 unsat 1.55e+05 nodes 0 s; 366 queued
2026-10-03T00:04:41 Random-125-125-4-4_0 13.4 unsat 5.87e+04 nodes 0 s; 365 queued
2026-10-03T00:04:41 Random-125-125-4-4_0 13.5 unsat 5.77e+04 nodes 0 s; 364 queued
2026-10-03T00:04:41 Random-125-125-4-4_0 13.77 unsat 1.11e+05 nodes 0 s; 363 queued
2026-10-03T00:04:41 Random-125-125-4-4_0 13.99 unsat 1.06e+05 nodes 0 s; 362 queued
2026-10-03T00:04:41 Random-125-125-4-4_0 13.27 unsat 5.02e+04 nodes 0 s; 361 queued
2026-10-03T00:04:41 Random-125-125-4-4_0 13.33 unsat 2.86e+04 nodes 0 s; 360 queued
2026-10-03T00:04:41 Random-125-125-4-4_0 13.96 unsat 3.74e+04 nodes 0 s; 359 queued
2026-10-03T00:04:41 Random-125-125-4-4_0 13.10 unsat 2.32e+04 nodes 0 s; 358 queued
2026-10-03T00:04:41 Random-125-125-4-4_0 13.44 unsat 8.86e+03 nodes 0 s; 357 queued
2026-10-03T00:04:41 Random-125-125-4-4_0 13.29 unsat 2.02e+04 nodes 0 s; 356 queued
2026-10-03T00:04:41 Random-125-125-4-4_0 13.112 unsat 1.99e+04 nodes 0 s; 355 queued
2026-10-03T00:04:41 Random-125-125-4-4_0 13.50 unsat 1.85e+04 nodes 0 s; 354 queued
2026-10-03T00:04:41 Random-125-125-4-4_0 13.72 unsat 1.32e+04 nodes 0 s; 353 queued
2026-10-03T00:04:41 Random-125-125-4-4_0 13.78 unsat 1.32e+04 nodes 0 s; 352 queued
2026-10-03T00:04:41 Random-125-125-4-4_0 13.18 unsat 4.79e+03 nodes 0 s; 351 queued
2026-10-03T00:04:41 Random-125-125-4-4_0 13.35 unsat 3.9e+04 nodes 0 s; 350 queued
2026-10-03T00:04:41 Random-125-125-4-4_0 13.41 unsat 5.16e+03 nodes 0 s; 349 queued
2026-10-03T00:04:41 Random-125-125-4-4_0 13.119 unsat 1.42e+04 nodes 0 s; 348 queued
2026-10-03T00:04:41 Random-125-125-4-4_0 13.89 unsat 2.32e+04 nodes 0 s; 347 queued
2026-10-03T00:04:41 Random-125-125-4-4_0 13.69 unsat 1.07e+04 nodes 0 s; 346 queued
2026-10-03T00:04:41 Random-125-125-4-4_0 13.37 unsat 9.05e+03 nodes 0 s; 345 queued
2026-10-03T00:04:41 Random-125-125-4-4_0 13.15 unsat 3.48e+03 nodes 0 s; 344 queued
2026-10-03T00:04:41 Random-125-125-4-4_0 13.43 unsat 7.01e+03 nodes 0 s; 343 queued
2026-10-03T00:04:41 Random-125-125-4-4_0 13.92 unsat 1.7e+03 nodes 0 s; 342 queued
2026-10-03T00:04:41 Random-125-125-4-4_0 13.79 unsat 3.83e+03 nodes 0 s; 341 queued
2026-10-03T00:04:41 Random-125-125-4-4_0 13.75 unsat 5.08e+03 nodes 0 s; 340 queued
2026-10-03T00:04:41 Random-125-125-4-4_0 13.2 unsat 2.09e+03 nodes 0 s; 339 queued
2026-10-03T00:04:41 Random-125-125-4-4_0 13.30 unsat 1.76e+03 nodes 0 s; 338 queued
2026-10-03T00:04:41 Random-125-125-4-4_0 13.49 unsat 932 nodes 0 s; 338 queued
2026-10-03T00:04:41 Random-125-125-4-4_0 13.90 unsat 5.48e+03 nodes 0 s; 336 queued
2026-10-03T00:04:41 Random-125-125-4-4_0 13.111 unsat 146 nodes 0 s; 335 queued
2026-10-03T00:04:41 Random-125-125-4-4_0 13.39 unsat 1.69e+03 nodes 0 s; 334 queued
2026-10-03T00:04:41 Random-125-125-4-4_0 13.20 unsat 4e+03 nodes 0 s; 333 queued
2026-10-03T00:04:41 Random-125-125-4-4_0 13.31 unsat 4.68e+03 nodes 0 s; 332 queued
2026-10-03T00:04:41 Random-125-125-4-4_0 13.91 unsat 1.54e+04 nodes 0 s; 331 queued
2026-10-03T00:06:19 Random-125-125-2-4_0 85.97.116 unsat 3.62e+09 nodes 3187 s; 330 queued
2026-10-03T00:12:07 Random-125-125-2-4_0 97.116.2 unsat 3.24e+09 nodes 2864 s; 329 queued
2026-10-03T00:14:06 Random-125-125-2-4_0 111.77.2 unsat 2.57e+09 nodes 2218 s; 328 queued
2026-10-03T00:15:52 Random-125-125-2-4_0 97.111.116 unsat 2.98e+09 nodes 2716 s; 327 queued
2026-10-03T00:16:19 Random-125-125-4-4_0 13.65 unsat 1.78e+09 nodes 1828 s; 326 queued
2026-10-03T00:18:01 Random-125-125-2-4_0 97.111.77 unsat 3.43e+09 nodes 2845 s; 325 queued
2026-10-03T00:23:49 Random-125-125-2-4_0 85.97.111 unsat 4.72e+09 nodes 4237 s; 324 queued
2026-10-03T00:26:23 Random-125-125-4-4_0 13.106 unsat 2.72e+09 nodes 2532 s; 323 queued
2026-10-03T00:27:01 Random-125-125-4-4_0 97 unsat 6.32e+08 nodes 540 s; 322 queued
2026-10-03T00:28:59 Random-125-125-4-4_0 3 unsat 2.77e+08 nodes 310 s; 321 queued
2026-10-03T00:30:00 Random-125-125-2-4_0 59.97.111 unknown 4.9e+09 nodes 4285 s; 320 queued
2026-10-03T00:30:00 Random-125-125-4-4_0 26 unknown 1.52e+09 nodes 1518 s; 320 queued
2026-10-03T00:30:00 Random-125-125-4-4_0 59 unknown 1.65e+09 nodes 1518 s; 320 queued
2026-10-03T00:30:00 Random-125-125-4-4_0 100 unknown 1.51e+09 nodes 1420 s; 320 queued
2026-10-03T00:30:00 Random-125-125-4-4_0 13.59 unknown 2.89e+09 nodes 2909 s; 320 queued
2026-10-03T00:30:00 Random-125-125-4-4_0 13.100 unknown 2.93e+09 nodes 2808 s; 320 queued
2026-10-03T00:30:00 Random-125-125-2-4_0 46.41.21 unknown 9.54e+09 nodes 8268 s; 320 queued
2026-10-03T00:30:00 Random-125-125-4-4_0 55 unknown 1.52e+09 nodes 1518 s; 320 queued
2026-10-03T00:30:00 Random-125-125-4-4_0 13.85 unknown 2.82e+09 nodes 2809 s; 320 queued
2026-10-03T00:30:00 Random-125-125-4-4_0 23 unknown 1.96e+08 nodes 217 s; 320 queued
2026-10-03T00:30:00 Random-125-125-4-4_0 106 unknown 1.02e+09 nodes 1073 s; 320 queued
2026-10-03T00:30:00 Random-125-125-4-4_0 13.26 unknown 3.14e+09 nodes 2909 s; 320 queued
2026-10-03T00:30:00 Random-125-125-4-4_0 85 unknown 1.55e+09 nodes 1518 s; 320 queued
2026-10-03T00:30:00 Random-125-125-4-4_0 65 unknown 1.31e+09 nodes 954 s; 320 queued
2026-10-03T00:30:00 Random-125-125-4-4_0 13.83 unknown 2.74e+09 nodes 2811 s; 320 queued
2026-10-03T00:30:00 Random-125-125-4-4_0 13.55 unknown 3.13e+09 nodes 2909 s; 320 queued
2026-10-03T00:30:00 Random-125-125-4-4_0 13.66 unknown 2.74e+09 nodes 2827 s; 320 queued
2026-10-03T00:30:00 Random-125-125-4-4_0 66 unknown 1.4e+09 nodes 1518 s; 320 queued
2026-10-03T00:30:00 Random-125-125-2-4_0 27.41.46.21 unknown 8.71e+09 nodes 7540 s; 320 queued
2026-10-03T00:30:00 Random-125-125-4-4_0 32 unknown 8.28e+08 nodes 848 s; 320 queued
2026-10-03T00:30:00 Random-125-125-4-4_0 68 unknown 8.07e+08 nodes 820 s; 320 queued
2026-10-03T00:30:00 Random-125-125-4-4_0 25 unknown 2.2e+08 nodes 178 s; 320 queued
2026-10-03T00:30:00 Random-125-125-4-4_0 83 unknown 1.69e+09 nodes 1518 s; 320 queued
2026-10-03T00:30:00 Random-125-125-4-4_0 56 unknown 5.58e+07 nodes 61 s; 320 queued
4 instances, 344 tasks pending (parallel)
2026-10-03T01:36:29 Random-125-125-2-4_0 59.97.111 unsat 5.14e+09 nodes 3905 s; 324 queued
2026-10-03T01:41:56 Random-125-125-2-1_0 37.87 unknown 6e+09 nodes 4231 s; 380 queued
2026-10-03T01:41:58 Random-125-125-2-1_0 37.3 unknown 6e+09 nodes 4233 s; 432 queued
2026-10-03T01:42:32 Random-125-125-2-5_0 0.50 unknown 6e+09 nodes 4267 s; 487 queued
2026-10-03T01:43:07 Random-125-125-2-1_0 10.75 unknown 6e+09 nodes 4302 s; 544 queued
2026-10-03T01:43:18 Random-125-125-2-5_0 0.56 unknown 6e+09 nodes 4313 s; 599 queued
2026-10-03T01:46:11 Random-125-125-2-1_0 37.97 unknown 6e+09 nodes 4487 s; 650 queued
2026-10-03T01:46:12 Random-125-125-2-1_0 37.31 unknown 6e+09 nodes 4487 s; 700 queued
2026-10-03T01:46:55 Random-125-125-2-5_0 0.30 unknown 6e+09 nodes 4531 s; 751 queued
2026-10-03T01:48:22 Random-125-125-2-5_0 0.17 unknown 6e+09 nodes 4618 s; 801 queued
2026-10-03T01:49:16 Random-125-125-2-1_0 37.39 unknown 6e+09 nodes 4672 s; 857 queued
2026-10-03T01:52:03 Random-125-125-2-5_0 0.65 unknown 6e+09 nodes 4838 s; 914 queued
2026-10-03T02:03:37 Random-125-125-4-4_0 13.26 unknown 6e+09 nodes 5533 s; 1000 queued
2026-10-03T02:05:22 Random-125-125-4-4_0 13.66 unknown 6e+09 nodes 5637 s; 1081 queued
2026-10-03T02:05:45 Random-125-125-4-4_0 13.59 unknown 6e+09 nodes 5660 s; 1169 queued
2026-10-03T02:07:30 Random-125-125-4-4_0 13.55 unknown 6e+09 nodes 5765 s; 1256 queued
2026-10-03T02:08:20 Random-125-125-4-4_0 13.85 unknown 6e+09 nodes 5815 s; 1338 queued
2026-10-03T02:11:32 Random-125-125-4-4_0 13.83 unknown 6e+09 nodes 6008 s; 1420 queued
2026-10-03T02:18:09 Random-125-125-2-1_0 37.76 unsat 2.19e+09 nodes 1733 s; 1419 queued
2026-10-03T02:33:36 Random-125-125-2-1_0 37.43 unsat 3.59e+09 nodes 2844 s; 1418 queued
2026-10-03T02:33:59 Random-125-125-2-1_0 37.33 unsat 3.6e+09 nodes 2868 s; 1417 queued
2026-10-03T02:42:17 Random-125-125-2-5_0 0.98 unsat 3.96e+09 nodes 3014 s; 1416 queued
2026-10-03T02:49:35 Random-125-125-2-4_0 46.41.21 unsat 1.03e+10 nodes 8291 s; 1415 queued
2026-10-03T02:53:37 Random-125-125-2-1_0 37.115 unsat 1.45e+09 nodes 1177 s; 1414 queued
2026-10-03T02:53:50 Random-125-125-4-4_0 55 unknown 3e+09 nodes 2780 s; 1500 queued
2026-10-03T02:53:52 Random-125-125-4-4_0 26 unknown 3e+09 nodes 2887 s; 1585 queued
2026-10-03T02:54:14 Random-125-125-4-4_0 59 unknown 3e+09 nodes 2933 s; 1672 queued
2026-10-03T02:54:59 Random-125-125-4-4_0 66 unknown 3e+09 nodes 2799 s; 1752 queued
=== Random-125-125-2-4_0: k = 23 refuted, 4.98e+11 nodes over 1686 tasks, 154.1 core-h
2026-10-03T02:55:22 Random-125-125-2-4_0 27.41.46.21 unsat 1.08e+10 nodes 8638 s; 1751 queued
2026-10-03T02:55:24 Random-125-125-2-1_0 37.95 unsat 1.75e+09 nodes 1307 s; 1750 queued
2026-10-03T02:56:41 Random-125-125-2-1_0 37.89 unsat 2.95e+09 nodes 2312 s; 1749 queued
2026-10-03T02:57:51 Random-125-125-2-5_0 0.94 unsat 5.46e+09 nodes 4168 s; 1748 queued
2026-10-03T02:57:53 Random-125-125-2-1_0 37.22 unknown 6e+09 nodes 4486 s; 1802 queued
2026-10-03T02:58:43 Random-125-125-4-4_0 83 unknown 3e+09 nodes 2830 s; 1883 queued
2026-10-03T02:58:57 Random-125-125-2-1_0 37.6 unknown 6e+09 nodes 4621 s; 1935 queued
2026-10-03T02:59:31 Random-125-125-2-1_0 37.24 unsat 2.33e+08 nodes 169 s; 1934 queued
2026-10-03T02:59:38 Random-125-125-2-5_0 0.66 unknown 6e+09 nodes 4988 s; 1989 queued
2026-10-03T02:59:40 Random-125-125-2-1_0 37.19 unknown 6e+09 nodes 4662 s; 2046 queued
2026-10-03T03:00:46 Random-125-125-2-1_0 37.26 unsat 2.09e+08 nodes 173 s; 2045 queued
2026-10-03T03:01:07 Random-125-125-2-1_0 37.21 unsat 4.32e+08 nodes 343 s; 2044 queued
2026-10-03T03:02:14 Random-125-125-2-1_0 37.65 unsat 7.18e+07 nodes 67 s; 2043 queued
2026-10-03T03:02:27 Random-125-125-2-5_0 0.83 unknown 6e+09 nodes 4750 s; 2096 queued
2026-10-03T03:02:28 Random-125-125-2-1_0 37.44 unsat 3.2e+08 nodes 211 s; 2095 queued
2026-10-03T03:02:34 Random-125-125-2-1_0 37.59 unsat 2.2e+08 nodes 175 s; 2094 queued
2026-10-03T03:02:35 Random-125-125-2-1_0 37.4 unsat 1.11e+07 nodes 7 s; 2093 queued
2026-10-03T03:02:40 Random-125-125-2-1_0 37.36 unsat 5.59e+06 nodes 4 s; 2092 queued
2026-10-03T03:02:45 Random-125-125-2-1_0 37.52 unsat 8.8e+06 nodes 6 s; 2091 queued
2026-10-03T03:02:54 Random-125-125-2-1_0 37.74 unsat 1.46e+07 nodes 9 s; 2090 queued
2026-10-03T03:02:55 Random-125-125-2-1_0 37.20 unsat 3.21e+07 nodes 21 s; 2089 queued
2026-10-03T03:02:56 Random-125-125-2-1_0 37.77 unsat 3.08e+06 nodes 2 s; 2088 queued
2026-10-03T03:02:58 Random-125-125-2-1_0 37.93 unsat 4.97e+07 nodes 44 s; 2087 queued
2026-10-03T03:03:00 Random-125-125-2-1_0 37.30 unsat 1.85e+06 nodes 1 s; 2086 queued
2026-10-03T03:03:01 Random-125-125-2-1_0 37.34 unsat 1.55e+06 nodes 2 s; 2085 queued
2026-10-03T03:03:02 Random-125-125-2-1_0 37.102 unsat 9.11e+06 nodes 6 s; 2084 queued
2026-10-03T03:03:02 Random-125-125-2-1_0 37.62 unsat 1.37e+06 nodes 1 s; 2083 queued
2026-10-03T03:03:03 Random-125-125-2-1_0 37.100 unsat 1.53e+06 nodes 1 s; 2082 queued
2026-10-03T03:03:03 Random-125-125-2-1_0 37.18 unsat 7.19e+05 nodes 1 s; 2081 queued
2026-10-03T03:03:04 Random-125-125-2-1_0 37.111 unsat 1.75e+06 nodes 2 s; 2080 queued
2026-10-03T03:03:05 Random-125-125-2-1_0 37.23 unsat 1.45e+06 nodes 1 s; 2079 queued
2026-10-03T03:03:05 Random-125-125-2-1_0 37.47 unsat 7.81e+05 nodes 1 s; 2078 queued
2026-10-03T03:03:06 Random-125-125-2-1_0 37.54 unsat 7.55e+05 nodes 1 s; 2077 queued
2026-10-03T03:03:06 Random-125-125-2-1_0 37.66 unsat 8.27e+05 nodes 1 s; 2076 queued
2026-10-03T03:03:06 Random-125-125-2-1_0 37.69 unsat 3.4e+05 nodes 0 s; 2075 queued
2026-10-03T03:03:06 Random-125-125-2-1_0 37.71 unsat 3.73e+05 nodes 0 s; 2074 queued
2026-10-03T03:03:06 Random-125-125-2-1_0 37.0 unsat 1.07e+05 nodes 0 s; 2073 queued
2026-10-03T03:03:07 Random-125-125-2-1_0 37.2 unsat 2.29e+05 nodes 0 s; 2072 queued
2026-10-03T03:03:07 Random-125-125-2-1_0 37.72 unsat 5.41e+05 nodes 1 s; 2071 queued
2026-10-03T03:03:07 Random-125-125-2-1_0 37.15 unsat 8.86e+04 nodes 0 s; 2070 queued
2026-10-03T03:03:07 Random-125-125-2-1_0 37.96 unsat 5.32e+04 nodes 0 s; 2069 queued
2026-10-03T03:03:07 Random-125-125-2-1_0 37.28 unsat 2.67e+05 nodes 0 s; 2068 queued
2026-10-03T03:03:07 Random-125-125-2-1_0 37.13 unsat 4.99e+04 nodes 0 s; 2067 queued
2026-10-03T03:03:07 Random-125-125-2-1_0 37.8 unsat 2.2e+05 nodes 0 s; 2066 queued
2026-10-03T03:03:07 Random-125-125-2-1_0 37.14 unsat 3.94e+03 nodes 0 s; 2065 queued
2026-10-03T03:03:07 Random-125-125-2-1_0 37.35 unsat 8.06e+04 nodes 0 s; 2064 queued
2026-10-03T03:03:07 Random-125-125-2-1_0 37.117 unsat 6.92e+04 nodes 0 s; 2063 queued
2026-10-03T03:03:26 Random-125-125-2-1_0 37.11 unsat 4.4e+07 nodes 30 s; 2062 queued
2026-10-03T03:03:28 Random-125-125-2-1_0 37.63 unsat 1.96e+08 nodes 162 s; 2061 queued
2026-10-03T03:04:32 Random-125-125-2-1_0 37.124 unsat 6.44e+08 nodes 550 s; 2060 queued
2026-10-03T03:05:14 Random-125-125-2-5_0 0.88 unknown 6e+09 nodes 4699 s; 2109 queued
2026-10-03T03:05:42 Random-125-125-2-1_0 37.58 unsat 4.87e+08 nodes 372 s; 2108 queued
2026-10-03T03:05:47 Random-125-125-2-5_0 0.81 unknown 6e+09 nodes 4995 s; 2161 queued
2026-10-03T03:07:15 Random-125-125-2-5_0 0.116 unsat 6.64e+08 nodes 457 s; 2160 queued
2026-10-03T03:07:31 Random-125-125-2-5_0 0.24 unsat 1.35e+08 nodes 103 s; 2159 queued
2026-10-03T03:07:57 Random-125-125-2-5_0 0.7 unsat 4.5e+08 nodes 329 s; 2158 queued
2026-10-03T03:08:11 Random-125-125-4-4_0 13.100 unsat 4.37e+09 nodes 3874 s; 2157 queued
2026-10-03T03:08:16 Random-125-125-2-1_0 37.123 unsat 1.29e+09 nodes 879 s; 2156 queued
2026-10-03T03:09:29 Random-125-125-2-5_0 0.49 unsat 1.69e+08 nodes 118 s; 2155 queued
2026-10-03T03:10:01 Random-125-125-2-5_0 0.79 unsat 1.35e+08 nodes 124 s; 2154 queued
2026-10-03T03:10:10 Random-125-125-2-5_0 0.92 unsat 6.57e+07 nodes 41 s; 2153 queued
2026-10-03T03:10:41 Random-125-125-2-5_0 0.118 unsat 4.04e+07 nodes 41 s; 2152 queued
2026-10-03T03:10:50 Random-125-125-2-5_0 0.4 unsat 7.65e+06 nodes 8 s; 2151 queued
2026-10-03T03:10:59 Random-125-125-2-5_0 0.9 unsat 8.9e+06 nodes 9 s; 2150 queued
2026-10-03T03:11:01 Random-125-125-2-5_0 0.120 unsat 8.43e+07 nodes 51 s; 2149 queued
2026-10-03T03:11:04 Random-125-125-2-5_0 0.15 unsat 3.99e+06 nodes 3 s; 2148 queued
2026-10-03T03:11:05 Random-125-125-2-5_0 0.11 unsat 5.52e+06 nodes 6 s; 2147 queued
2026-10-03T03:11:07 Random-125-125-2-5_0 0.63 unsat 2.77e+06 nodes 3 s; 2146 queued
2026-10-03T03:11:10 Random-125-125-2-5_0 0.85 unsat 2.6e+06 nodes 3 s; 2145 queued
2026-10-03T03:11:11 Random-125-125-2-5_0 0.70 unsat 9.44e+06 nodes 6 s; 2144 queued
2026-10-03T03:11:12 Random-125-125-2-5_0 0.110 unsat 1.89e+06 nodes 1 s; 2143 queued
2026-10-03T03:11:13 Random-125-125-2-5_0 0.91 unsat 2.44e+06 nodes 3 s; 2142 queued
2026-10-03T03:11:13 Random-125-125-2-5_0 0.14 unsat 3.92e+08 nodes 359 s; 2141 queued
2026-10-03T03:11:14 Random-125-125-2-5_0 0.112 unsat 1.92e+06 nodes 1 s; 2140 queued
2026-10-03T03:11:14 Random-125-125-2-5_0 0.113 unsat 1.49e+06 nodes 1 s; 2139 queued
2026-10-03T03:11:14 Random-125-125-2-5_0 0.1 unsat 6.69e+05 nodes 1 s; 2138 queued
2026-10-03T03:11:15 Random-125-125-2-5_0 0.19 unsat 4.06e+05 nodes 0 s; 2137 queued
2026-10-03T03:11:15 Random-125-125-2-5_0 0.10 unsat 8.8e+05 nodes 1 s; 2136 queued
2026-10-03T03:11:15 Random-125-125-2-5_0 0.13 unsat 8.51e+05 nodes 1 s; 2135 queued
2026-10-03T03:11:15 Random-125-125-2-5_0 0.31 unsat 3.78e+05 nodes 0 s; 2134 queued
2026-10-03T03:11:15 Random-125-125-2-5_0 0.45 unsat 6.78e+05 nodes 1 s; 2133 queued
2026-10-03T03:11:16 Random-125-125-2-5_0 0.103 unsat 3.78e+05 nodes 0 s; 2132 queued
2026-10-03T03:11:16 Random-125-125-2-5_0 0.20 unsat 2.45e+05 nodes 0 s; 2131 queued
2026-10-03T03:11:16 Random-125-125-2-5_0 0.27 unsat 6.19e+04 nodes 0 s; 2130 queued
2026-10-03T03:11:16 Random-125-125-2-5_0 0.72 unsat 8.21e+05 nodes 1 s; 2129 queued
2026-10-03T03:11:16 Random-125-125-2-5_0 0.44 unsat 2.94e+05 nodes 0 s; 2128 queued
2026-10-03T03:11:16 Random-125-125-2-5_0 0.36 unsat 3.65e+04 nodes 0 s; 2127 queued
2026-10-03T03:11:16 Random-125-125-2-5_0 0.100 unsat 1.09e+05 nodes 0 s; 2126 queued
2026-10-03T03:11:21 Random-125-125-2-5_0 0.42 unsat 3.44e+08 nodes 246 s; 2125 queued
2026-10-03T03:13:33 Random-125-125-4-4_0 23 unsat 2.94e+08 nodes 322 s; 2124 queued
2026-10-03T03:13:44 Random-125-125-4-4_0 32 unsat 1.31e+09 nodes 1125 s; 2123 queued
2026-10-03T03:14:06 Random-125-125-2-5_0 0.102 unsat 2.64e+09 nodes 1909 s; 2122 queued
2026-10-03T03:15:44 Random-125-125-2-5_0 0.105 unsat 1.53e+09 nodes 1074 s; 2121 queued
2026-10-03T03:16:32 Random-125-125-4-4_0 68 unsat 1.12e+09 nodes 1069 s; 2120 queued
2026-10-03T03:16:58 Random-125-125-4-4_0 56 unsat 2.09e+08 nodes 193 s; 2119 queued
2026-10-03T03:17:20 Random-125-125-4-4_0 25 unsat 2.31e+08 nodes 227 s; 2118 queued
2026-10-03T03:18:38 Random-125-125-4-4_0 103 unsat 7.79e+07 nodes 77 s; 2117 queued
2026-10-03T03:18:47 Random-125-125-4-4_0 87 unsat 1.2e+08 nodes 135 s; 2116 queued
2026-10-03T03:18:50 Random-125-125-4-4_0 8 unsat 1.18e+07 nodes 12 s; 2115 queued
2026-10-03T03:19:27 Random-125-125-4-4_0 95 unsat 1.46e+08 nodes 150 s; 2114 queued
2026-10-03T03:19:38 Random-125-125-4-4_0 47 unsat 4.72e+07 nodes 49 s; 2113 queued
2026-10-03T03:19:42 Random-125-125-4-4_0 28 unsat 7.02e+07 nodes 55 s; 2112 queued
2026-10-03T03:19:44 Random-125-125-4-4_0 61 unsat 2.19e+07 nodes 17 s; 2111 queued
2026-10-03T03:19:52 Random-125-125-4-4_0 14 unsat 1.32e+07 nodes 10 s; 2110 queued
2026-10-03T03:19:53 Random-125-125-4-4_0 101 unsat 1.71e+07 nodes 15 s; 2109 queued
2026-10-03T03:19:54 Random-125-125-4-4_0 17 unsat 8.9e+06 nodes 10 s; 2108 queued
2026-10-03T03:20:00 Random-125-125-4-4_0 22 unsat 4.52e+06 nodes 5 s; 2107 queued
2026-10-03T03:20:02 Random-125-125-4-4_0 7 unsat 7.97e+06 nodes 8 s; 2106 queued
2026-10-03T03:20:04 Random-125-125-4-4_0 63 unsat 1.52e+07 nodes 12 s; 2105 queued
2026-10-03T03:20:04 Random-125-125-4-4_0 46 unsat 2.59e+06 nodes 3 s; 2104 queued
2026-10-03T03:20:05 Random-125-125-4-4_0 34 unsat 4.55e+06 nodes 5 s; 2103 queued
2026-10-03T03:20:07 Random-125-125-4-4_0 88 unsat 3.59e+06 nodes 3 s; 2102 queued
2026-10-03T03:20:08 Random-125-125-4-4_0 118 unsat 2.46e+06 nodes 3 s; 2101 queued
2026-10-03T03:20:08 Random-125-125-4-4_0 57 unsat 1.43e+06 nodes 2 s; 2100 queued
2026-10-03T03:20:08 Random-125-125-4-4_0 117 unsat 3.55e+06 nodes 4 s; 2099 queued
2026-10-03T03:20:08 Random-125-125-4-4_0 80 unsat 8.2e+05 nodes 1 s; 2098 queued
2026-10-03T03:20:10 Random-125-125-4-4_0 45 unsat 9.73e+05 nodes 1 s; 2097 queued
2026-10-03T03:20:10 Random-125-125-4-4_0 98 unsat 1.49e+06 nodes 2 s; 2096 queued
2026-10-03T03:20:10 Random-125-125-4-4_0 110 unsat 1.54e+06 nodes 2 s; 2095 queued
2026-10-03T03:20:10 Random-125-125-4-4_0 64 unsat 6.86e+05 nodes 1 s; 2094 queued
2026-10-03T03:20:11 Random-125-125-4-4_0 120 unsat 5.64e+05 nodes 1 s; 2093 queued
2026-10-03T03:20:11 Random-125-125-4-4_0 1 unsat 3.3e+05 nodes 0 s; 2092 queued
2026-10-03T03:20:11 Random-125-125-4-4_0 105 unsat 1.05e+06 nodes 1 s; 2091 queued
2026-10-03T03:20:11 Random-125-125-4-4_0 53 unsat 3.78e+05 nodes 0 s; 2090 queued
2026-10-03T03:20:11 Random-125-125-4-4_0 9 unsat 5.17e+05 nodes 1 s; 2089 queued
2026-10-03T03:20:12 Random-125-125-4-4_0 67 unsat 3.87e+05 nodes 0 s; 2088 queued
2026-10-03T03:20:12 Random-125-125-4-4_0 16 unsat 1.28e+05 nodes 0 s; 2087 queued
2026-10-03T03:20:12 Random-125-125-4-4_0 86 unsat 4.01e+05 nodes 1 s; 2086 queued
2026-10-03T03:20:12 Random-125-125-4-4_0 77 unsat 2.35e+05 nodes 0 s; 2085 queued
2026-10-03T03:20:12 Random-125-125-4-4_0 99 unsat 2.47e+05 nodes 0 s; 2084 queued
2026-10-03T03:20:12 Random-125-125-4-4_0 4 unsat 1.35e+05 nodes 0 s; 2083 queued
2026-10-03T03:20:12 Random-125-125-4-4_0 96 unsat 9e+04 nodes 0 s; 2082 queued
2026-10-03T03:20:12 Random-125-125-4-4_0 29 unsat 4.29e+04 nodes 0 s; 2081 queued
2026-10-03T03:20:12 Random-125-125-4-4_0 5 unsat 1.14e+05 nodes 0 s; 2080 queued
2026-10-03T03:20:12 Random-125-125-4-4_0 44 unsat 3.33e+04 nodes 0 s; 2079 queued
2026-10-03T03:20:12 Random-125-125-4-4_0 10 unsat 5.77e+04 nodes 0 s; 2078 queued
2026-10-03T03:20:12 Random-125-125-4-4_0 35 unsat 1.08e+05 nodes 0 s; 2077 queued
2026-10-03T03:20:12 Random-125-125-4-4_0 72 unsat 3.91e+04 nodes 0 s; 2076 queued
2026-10-03T03:20:12 Random-125-125-4-4_0 50 unsat 6.09e+04 nodes 0 s; 2075 queued
2026-10-03T03:20:12 Random-125-125-4-4_0 78 unsat 3.05e+04 nodes 0 s; 2074 queued
2026-10-03T03:20:12 Random-125-125-4-4_0 119 unsat 5.38e+04 nodes 0 s; 2073 queued
2026-10-03T03:20:12 Random-125-125-4-4_0 89 unsat 5.75e+04 nodes 0 s; 2072 queued
2026-10-03T03:20:12 Random-125-125-4-4_0 18 unsat 2.75e+04 nodes 0 s; 2072 queued
2026-10-03T03:20:12 Random-125-125-4-4_0 41 unsat 1.53e+04 nodes 0 s; 2070 queued
2026-10-03T03:20:12 Random-125-125-4-4_0 37 unsat 2.48e+04 nodes 0 s; 2069 queued
2026-10-03T03:20:12 Random-125-125-4-4_0 69 unsat 3.98e+04 nodes 0 s; 2068 queued
2026-10-03T03:20:12 Random-125-125-4-4_0 43 unsat 1.84e+04 nodes 0 s; 2067 queued
2026-10-03T03:20:12 Random-125-125-4-4_0 15 unsat 1.4e+04 nodes 0 s; 2066 queued
2026-10-03T03:20:12 Random-125-125-4-4_0 75 unsat 1.35e+04 nodes 0 s; 2065 queued
2026-10-03T03:20:12 Random-125-125-4-4_0 79 unsat 1.77e+04 nodes 0 s; 2064 queued
2026-10-03T03:20:12 Random-125-125-4-4_0 91 unsat 5.6e+04 nodes 0 s; 2063 queued
2026-10-03T03:20:12 Random-125-125-4-4_0 2 unsat 4.24e+03 nodes 0 s; 2062 queued
2026-10-03T03:20:12 Random-125-125-4-4_0 90 unsat 2.69e+04 nodes 0 s; 2061 queued
2026-10-03T03:20:13 Random-125-125-4-4_0 92 unsat 1.15e+04 nodes 0 s; 2060 queued
2026-10-03T03:20:13 Random-125-125-4-4_0 30 unsat 4.68e+03 nodes 0 s; 2059 queued
2026-10-03T03:20:13 Random-125-125-4-4_0 49 unsat 3.61e+03 nodes 0 s; 2058 queued
2026-10-03T03:20:13 Random-125-125-4-4_0 31 unsat 9.4e+03 nodes 0 s; 2057 queued
2026-10-03T03:20:13 Random-125-125-4-4_0 111 unsat 678 nodes 0 s; 2056 queued
2026-10-03T03:20:13 Random-125-125-4-4_0 39 unsat 3.11e+03 nodes 0 s; 2055 queued
2026-10-03T03:20:13 Random-125-125-4-4_0 20 unsat 1.42e+04 nodes 0 s; 2054 queued
2026-10-03T03:28:04 Random-125-125-4-4_0 65 unsat 2.24e+09 nodes 2030 s; 2053 queued
2026-10-03T03:37:23 Random-125-125-4-4_0 85 unknown 3e+09 nodes 2868 s; 2134 queued
2026-10-03T03:40:14 Random-125-125-2-1_0 87 unknown 3e+09 nodes 2227 s; 2190 queued
2026-10-03T03:40:20 Random-125-125-4-4_0 100 unknown 3e+09 nodes 2790 s; 2270 queued
2026-10-03T03:40:20 Random-125-125-2-1_0 22 unknown 3e+09 nodes 1925 s; 2324 queued
2026-10-03T03:40:39 Random-125-125-2-1_0 97 unknown 3e+09 nodes 2233 s; 2375 queued
2026-10-03T03:40:46 Random-125-125-2-1_0 39 unknown 3e+09 nodes 2258 s; 2431 queued
2026-10-03T03:41:00 Random-125-125-4-4_0 106 unknown 3e+09 nodes 2828 s; 2512 queued
2026-10-03T03:42:16 Random-125-125-2-1_0 3 unknown 3e+09 nodes 2328 s; 2565 queued
2026-10-03T03:43:22 Random-125-125-2-1_0 19 unknown 3e+09 nodes 2260 s; 2622 queued
2026-10-03T03:45:52 Random-125-125-2-1_0 6 unknown 3e+09 nodes 2479 s; 2674 queued
2026-10-03T03:56:19 Random-125-125-4-4_0 13.26.65 unsat 9.93e+08 nodes 919 s; 2673 queued
2026-10-03T04:03:58 Random-125-125-4-4_0 13.26.106 unsat 1.46e+09 nodes 1418 s; 2672 queued
2026-10-03T04:05:06 Random-125-125-4-4_0 13.26.32 unsat 5.57e+08 nodes 527 s; 2671 queued
2026-10-03T04:10:36 Random-125-125-4-4_0 13.26.23 unsat 3.27e+08 nodes 330 s; 2670 queued
2026-10-03T04:12:01 Random-125-125-4-4_0 13.26.68 unsat 5.25e+08 nodes 482 s; 2669 queued
2026-10-03T04:14:31 Random-125-125-4-4_0 13.26.87 unsat 1.92e+08 nodes 235 s; 2668 queued
2026-10-03T04:14:41 Random-125-125-4-4_0 13.26.100 unsat 2.27e+09 nodes 2238 s; 2667 queued
2026-10-03T04:15:00 Random-125-125-4-4_0 13.26.97 unsat 1.51e+08 nodes 179 s; 2666 queued
2026-10-03T04:15:58 Random-125-125-4-4_0 13.26.3 unsat 6.36e+07 nodes 86 s; 2665 queued
2026-10-03T04:16:21 Random-125-125-4-4_0 13.26.25 unsat 7.7e+07 nodes 100 s; 2664 queued
2026-10-03T04:16:38 Random-125-125-4-4_0 13.26.56 unsat 5.13e+07 nodes 40 s; 2663 queued
2026-10-03T04:16:53 Random-125-125-4-4_0 13.26.103 unsat 1.82e+07 nodes 15 s; 2662 queued
2026-10-03T04:16:55 Random-125-125-4-4_0 13.26.47 unsat 9.92e+07 nodes 115 s; 2661 queued
2026-10-03T04:16:56 Random-125-125-4-4_0 13.26.8 unsat 4.1e+06 nodes 4 s; 2660 queued
2026-10-03T04:17:04 Random-125-125-4-4_0 13.26.95 unsat 3.83e+07 nodes 43 s; 2659 queued
2026-10-03T04:17:09 Random-125-125-4-4_0 13.26.58 unsat 1.08e+07 nodes 12 s; 2658 queued
2026-10-03T04:17:12 Random-125-125-4-4_0 13.26.61 unsat 7e+06 nodes 8 s; 2657 queued
2026-10-03T04:17:14 Random-125-125-4-4_0 13.26.101 unsat 4.76e+06 nodes 6 s; 2656 queued
2026-10-03T04:17:17 Random-125-125-4-4_0 13.26.28 unsat 1.97e+07 nodes 22 s; 2655 queued
2026-10-03T04:17:17 Random-125-125-4-4_0 13.26.14 unsat 4.03e+06 nodes 5 s; 2654 queued
2026-10-03T04:17:19 Random-125-125-4-4_0 13.26.85 unsat 3.21e+09 nodes 2955 s; 2653 queued
2026-10-03T04:17:19 Random-125-125-4-4_0 13.26.17 unsat 3.96e+06 nodes 5 s; 2652 queued
2026-10-03T04:17:21 Random-125-125-4-4_0 13.26.40 unsat 3.26e+06 nodes 4 s; 2651 queued
2026-10-03T04:17:21 Random-125-125-4-4_0 13.26.7 unsat 1.99e+06 nodes 2 s; 2650 queued
2026-10-03T04:17:22 Random-125-125-4-4_0 13.26.38 unsat 3.85e+06 nodes 5 s; 2649 queued
2026-10-03T04:17:22 Random-125-125-4-4_0 13.26.22 unsat 1.34e+06 nodes 2 s; 2648 queued
2026-10-03T04:17:22 Random-125-125-4-4_0 13.26.46 unsat 7.44e+05 nodes 1 s; 2647 queued
2026-10-03T04:17:23 Random-125-125-4-4_0 13.26.34 unsat 1.31e+06 nodes 2 s; 2646 queued
2026-10-03T04:17:23 Random-125-125-4-4_0 13.26.63 unsat 3.41e+06 nodes 4 s; 2645 queued
2026-10-03T04:17:23 Random-125-125-4-4_0 13.26.88 unsat 1.02e+06 nodes 1 s; 2644 queued
2026-10-03T04:17:23 Random-125-125-4-4_0 13.26.117 unsat 9.54e+05 nodes 1 s; 2643 queued
2026-10-03T04:17:24 Random-125-125-4-4_0 13.26.121 unsat 5.04e+05 nodes 1 s; 2642 queued
2026-10-03T04:17:24 Random-125-125-4-4_0 13.26.118 unsat 7e+05 nodes 1 s; 2641 queued
2026-10-03T04:17:24 Random-125-125-4-4_0 13.26.80 unsat 2.97e+05 nodes 0 s; 2640 queued
2026-10-03T04:17:24 Random-125-125-4-4_0 13.26.98 unsat 3.08e+05 nodes 0 s; 2639 queued
2026-10-03T04:17:24 Random-125-125-4-4_0 13.26.57 unsat 4.45e+05 nodes 1 s; 2638 queued
2026-10-03T04:17:24 Random-125-125-4-4_0 13.26.45 unsat 3.1e+05 nodes 0 s; 2637 queued
2026-10-03T04:17:24 Random-125-125-4-4_0 13.26.110 unsat 4.01e+05 nodes 0 s; 2636 queued
2026-10-03T04:17:24 Random-125-125-4-4_0 13.26.64 unsat 1.95e+05 nodes 0 s; 2635 queued
2026-10-03T04:17:24 Random-125-125-4-4_0 13.26.76 unsat 2.08e+05 nodes 0 s; 2634 queued
2026-10-03T04:17:24 Random-125-125-4-4_0 13.26.1 unsat 7.81e+04 nodes 0 s; 2633 queued
2026-10-03T04:17:24 Random-125-125-4-4_0 13.26.120 unsat 1.14e+05 nodes 0 s; 2632 queued
2026-10-03T04:17:24 Random-125-125-4-4_0 13.26.9 unsat 1.09e+05 nodes 0 s; 2631 queued
2026-10-03T04:17:25 Random-125-125-4-4_0 13.26.105 unsat 2.65e+05 nodes 0 s; 2630 queued
2026-10-03T04:17:25 Random-125-125-4-4_0 13.26.53 unsat 9.15e+04 nodes 0 s; 2629 queued
2026-10-03T04:17:25 Random-125-125-4-4_0 13.26.67 unsat 9.16e+04 nodes 0 s; 2628 queued
2026-10-03T04:17:25 Random-125-125-4-4_0 13.26.73 unsat 7.27e+04 nodes 0 s; 2627 queued
2026-10-03T04:17:25 Random-125-125-4-4_0 13.26.16 unsat 1.8e+04 nodes 0 s; 2626 queued
2026-10-03T04:17:25 Random-125-125-4-4_0 13.26.4 unsat 5.51e+04 nodes 0 s; 2625 queued
2026-10-03T04:17:25 Random-125-125-4-4_0 13.26.86 unsat 1.01e+05 nodes 0 s; 2624 queued
2026-10-03T04:17:25 Random-125-125-4-4_0 13.26.77 unsat 3.71e+04 nodes 0 s; 2623 queued
2026-10-03T04:17:25 Random-125-125-4-4_0 13.26.33 unsat 1.4e+04 nodes 0 s; 2622 queued
2026-10-03T04:17:25 Random-125-125-4-4_0 13.26.99 unsat 3.6e+04 nodes 0 s; 2621 queued
2026-10-03T04:17:25 Random-125-125-4-4_0 13.26.27 unsat 2.06e+04 nodes 0 s; 2620 queued
2026-10-03T04:17:25 Random-125-125-4-4_0 13.26.5 unsat 2.53e+04 nodes 0 s; 2619 queued
2026-10-03T04:17:25 Random-125-125-4-4_0 13.26.10 unsat 1.02e+04 nodes 0 s; 2618 queued
2026-10-03T04:17:25 Random-125-125-4-4_0 13.26.29 unsat 8.57e+03 nodes 0 s; 2617 queued
2026-10-03T04:17:25 Random-125-125-4-4_0 13.26.96 unsat 1.64e+04 nodes 0 s; 2616 queued
2026-10-03T04:17:25 Random-125-125-4-4_0 13.26.35 unsat 1.12e+04 nodes 0 s; 2615 queued
2026-10-03T04:17:25 Random-125-125-4-4_0 13.26.112 unsat 9.99e+03 nodes 0 s; 2614 queued
2026-10-03T04:17:25 Random-125-125-4-4_0 13.26.70 unsat 2.84e+04 nodes 0 s; 2613 queued
2026-10-03T04:17:25 Random-125-125-4-4_0 13.26.18 unsat 4.06e+03 nodes 0 s; 2612 queued
2026-10-03T04:17:25 Random-125-125-4-4_0 13.26.119 unsat 1e+04 nodes 0 s; 2611 queued
2026-10-03T04:17:25 Random-125-125-4-4_0 13.26.44 unsat 5.36e+03 nodes 0 s; 2610 queued
2026-10-03T04:17:25 Random-125-125-4-4_0 13.26.72 unsat 5.29e+03 nodes 0 s; 2609 queued
2026-10-03T04:17:25 Random-125-125-4-4_0 13.26.78 unsat 4.28e+03 nodes 0 s; 2608 queued
2026-10-03T04:17:25 Random-125-125-4-4_0 13.26.50 unsat 7.42e+03 nodes 0 s; 2607 queued
2026-10-03T04:17:25 Random-125-125-4-4_0 13.26.41 unsat 2.85e+03 nodes 0 s; 2606 queued
2026-10-03T04:17:25 Random-125-125-4-4_0 13.26.37 unsat 3.91e+03 nodes 0 s; 2605 queued
2026-10-03T04:17:25 Random-125-125-4-4_0 13.26.69 unsat 5.84e+03 nodes 0 s; 2604 queued
2026-10-03T04:17:25 Random-125-125-4-4_0 13.26.89 unsat 1.04e+04 nodes 0 s; 2603 queued
2026-10-03T04:17:25 Random-125-125-4-4_0 13.26.92 unsat 965 nodes 0 s; 2602 queued
2026-10-03T04:17:25 Random-125-125-4-4_0 13.26.43 unsat 3.53e+03 nodes 0 s; 2601 queued
2026-10-03T04:17:25 Random-125-125-4-4_0 13.26.75 unsat 1.66e+03 nodes 0 s; 2600 queued
2026-10-03T04:17:25 Random-125-125-4-4_0 13.26.15 unsat 1.99e+03 nodes 0 s; 2599 queued
2026-10-03T04:17:25 Random-125-125-4-4_0 13.26.79 unsat 2.39e+03 nodes 0 s; 2598 queued
2026-10-03T04:17:25 Random-125-125-4-4_0 13.26.2 unsat 1.38e+03 nodes 0 s; 2597 queued
2026-10-03T04:17:25 Random-125-125-4-4_0 13.26.91 unsat 6.13e+03 nodes 0 s; 2597 queued
2026-10-03T04:17:25 Random-125-125-4-4_0 13.26.90 unsat 1.98e+03 nodes 0 s; 2595 queued
2026-10-03T04:17:25 Random-125-125-4-4_0 13.26.49 unsat 462 nodes 0 s; 2594 queued
2026-10-03T04:17:25 Random-125-125-4-4_0 13.26.30 unsat 1.35e+03 nodes 0 s; 2593 queued
2026-10-03T04:17:25 Random-125-125-4-4_0 13.26.20 unsat 1.8e+03 nodes 0 s; 2592 queued
2026-10-03T04:17:25 Random-125-125-4-4_0 13.26.39 unsat 1.09e+03 nodes 0 s; 2591 queued
2026-10-03T04:17:25 Random-125-125-4-4_0 13.26.31 unsat 2.45e+03 nodes 0 s; 2590 queued
2026-10-03T04:19:58 Random-125-125-2-1_0 76 unknown 3e+09 nodes 2352 s; 2645 queued
2026-10-03T04:20:51 Random-125-125-2-1_0 43 unknown 3e+09 nodes 2412 s; 2696 queued
2026-10-03T04:21:19 Random-125-125-2-1_0 33 unknown 3e+09 nodes 2459 s; 2751 queued
2026-10-03T04:21:51 Random-125-125-2-1_0 95 unknown 3e+09 nodes 2309 s; 2806 queued
2026-10-03T04:22:51 Random-125-125-2-1_0 31 unknown 3e+09 nodes 2557 s; 2861 queued
2026-10-03T04:22:57 Random-125-125-2-1_0 89 unknown 3e+09 nodes 2441 s; 2917 queued
2026-10-03T04:27:59 Random-125-125-2-1_0 115 unknown 3e+09 nodes 2527 s; 2970 queued
2026-10-03T04:29:07 Random-125-125-2-5_0 17.50 unknown 6e+09 nodes 4671 s; 3025 queued
2026-10-03T04:29:24 Random-125-125-2-1_0 24 unsat 5.88e+08 nodes 453 s; 3024 queued
2026-10-03T04:29:41 Random-125-125-2-1_0 26 unsat 5.43e+08 nodes 410 s; 3023 queued
2026-10-03T04:33:09 Random-125-125-2-1_0 44 unsat 8.68e+08 nodes 612 s; 3022 queued
2026-10-03T04:33:40 Random-125-125-2-5_0 17.30 unknown 6e+09 nodes 4944 s; 3074 queued
2026-10-03T04:34:25 Random-125-125-2-1_0 21 unsat 1.09e+09 nodes 786 s; 3073 queued
2026-10-03T04:36:37 Random-125-125-2-1_0 65 unsat 2.09e+08 nodes 208 s; 3072 queued
2026-10-03T04:36:48 Random-125-125-2-1_0 93 unsat 1.62e+08 nodes 143 s; 3071 queued
2026-10-03T04:36:57 Random-125-125-2-1_0 63 unsat 5.13e+08 nodes 436 s; 3070 queued
2026-10-03T04:37:22 Random-125-125-2-1_0 4 unsat 5.9e+07 nodes 45 s; 3069 queued
2026-10-03T04:37:22 Random-125-125-2-5_0 17.59 unknown 6e+09 nodes 5161 s; 3126 queued
2026-10-03T04:37:29 Random-125-125-2-5_0 17.56 unknown 6e+09 nodes 5173 s; 3181 queued
2026-10-03T04:37:38 Random-125-125-2-1_0 36 unsat 5.63e+07 nodes 41 s; 3180 queued
2026-10-03T04:37:43 Random-125-125-4-4_0 13.66.100 unsat 1.26e+09 nodes 1218 s; 3179 queued
2026-10-03T04:37:46 Random-125-125-2-1_0 52 unsat 3.37e+07 nodes 24 s; 3178 queued
2026-10-03T04:37:51 Random-125-125-2-1_0 77 unsat 7.13e+06 nodes 5 s; 3177 queued
2026-10-03T04:38:30 Random-125-125-2-1_0 102 unsat 3.82e+07 nodes 39 s; 3176 queued
2026-10-03T04:38:39 Random-125-125-2-1_0 74 unsat 6.91e+07 nodes 61 s; 3175 queued
2026-10-03T04:38:43 Random-125-125-2-1_0 30 unsat 3.28e+06 nodes 4 s; 3174 queued
2026-10-03T04:38:46 Random-125-125-2-1_0 34 unsat 3.04e+06 nodes 3 s; 3173 queued
2026-10-03T04:38:50 Random-125-125-2-1_0 100 unsat 3.33e+06 nodes 4 s; 3172 queued
2026-10-03T04:38:55 Random-125-125-2-1_0 111 unsat 3.79e+06 nodes 5 s; 3171 queued
2026-10-03T04:38:58 Random-125-125-2-1_0 18 unsat 1.52e+06 nodes 3 s; 3170 queued
2026-10-03T04:39:03 Random-125-125-2-1_0 23 unsat 2.73e+06 nodes 5 s; 3169 queued
2026-10-03T04:39:05 Random-125-125-2-1_0 47 unsat 1.75e+06 nodes 3 s; 3168 queued
2026-10-03T04:39:08 Random-125-125-2-1_0 54 unsat 1.92e+06 nodes 2 s; 3167 queued
2026-10-03T04:39:08 Random-125-125-2-1_0 69 unsat 7.04e+05 nodes 1 s; 3166 queued
2026-10-03T04:39:09 Random-125-125-2-1_0 71 unsat 8.26e+05 nodes 1 s; 3165 queued
2026-10-03T04:39:11 Random-125-125-2-1_0 72 unsat 1.18e+06 nodes 1 s; 3164 queued
2026-10-03T04:39:11 Random-125-125-2-1_0 53 unsat 6.79e+05 nodes 1 s; 3163 queued
2026-10-03T04:39:12 Random-125-125-2-1_0 0 unsat 3.29e+05 nodes 0 s; 3162 queued
2026-10-03T04:39:13 Random-125-125-2-1_0 2 unsat 6.61e+05 nodes 1 s; 3161 queued
2026-10-03T04:39:13 Random-125-125-2-1_0 15 unsat 1.76e+05 nodes 0 s; 3160 queued
2026-10-03T04:39:14 Random-125-125-2-1_0 28 unsat 7.16e+05 nodes 1 s; 3159 queued
2026-10-03T04:39:14 Random-125-125-2-1_0 96 unsat 1.17e+05 nodes 0 s; 3158 queued
2026-10-03T04:39:14 Random-125-125-2-1_0 8 unsat 5.94e+05 nodes 1 s; 3157 queued
2026-10-03T04:39:15 Random-125-125-2-1_0 13 unsat 1.81e+05 nodes 0 s; 3156 queued
2026-10-03T04:39:15 Random-125-125-2-1_0 35 unsat 1.36e+05 nodes 0 s; 3155 queued
2026-10-03T04:39:15 Random-125-125-2-1_0 14 unsat 1.07e+04 nodes 0 s; 3154 queued
2026-10-03T04:39:15 Random-125-125-2-1_0 117 unsat 1.42e+05 nodes 0 s; 3153 queued
2026-10-03T04:39:35 Random-125-125-2-1_0 20 unsat 1.98e+08 nodes 167 s; 3152 queued
2026-10-03T04:39:50 Random-125-125-2-1_0 59 unsat 7.39e+08 nodes 626 s; 3151 queued
2026-10-03T04:39:52 Random-125-125-2-1_0 11 unsat 1.04e+08 nodes 82 s; 3150 queued
2026-10-03T04:41:50 Random-125-125-4-4_0 13.26.83 unsat 5.02e+09 nodes 4897 s; 3149 queued
2026-10-03T04:42:38 Random-125-125-2-5_0 17.65 unknown 6e+09 nodes 5313 s; 3206 queued
2026-10-03T04:43:47 Random-125-125-2-5_0 17.66 unknown 6e+09 nodes 5282 s; 3261 queued
2026-10-03T04:44:13 Random-125-125-2-1_0 124 unsat 1.77e+09 nodes 1402 s; 3260 queued
2026-10-03T04:46:39 Random-125-125-4-4_0 13.66.83 unsat 1.61e+09 nodes 1754 s; 3259 queued
2026-10-03T04:48:24 Random-125-125-2-1_0 58 unsat 1.38e+09 nodes 1225 s; 3258 queued
2026-10-03T04:50:44 Random-125-125-4-4_0 13.66.65 unsat 5.45e+08 nodes 534 s; 3257 queued
2026-10-03T04:51:18 Random-125-125-4-4_0 13.66.32 unsat 2.7e+08 nodes 279 s; 3256 queued
2026-10-03T04:51:28 Random-125-125-4-4_0 13.66.106 unsat 7.49e+08 nodes 825 s; 3255 queued
2026-10-03T04:52:34 Random-125-125-4-4_0 13.66.3 unsat 5.84e+07 nodes 66 s; 3254 queued
2026-10-03T04:53:28 Random-125-125-4-4_0 13.66.6 unsat 4.58e+07 nodes 54 s; 3253 queued
2026-10-03T04:54:21 Random-125-125-4-4_0 13.66.23 unsat 4.05e+07 nodes 54 s; 3252 queued
2026-10-03T04:54:36 Random-125-125-4-4_0 13.66.97 unsat 1.75e+08 nodes 197 s; 3251 queued
2026-10-03T04:54:59 Random-125-125-4-4_0 13.66.25 unsat 3.46e+07 nodes 38 s; 3250 queued
2026-10-03T04:55:11 Random-125-125-4-4_0 13.66.56 unsat 2.95e+07 nodes 36 s; 3249 queued
2026-10-03T04:55:12 Random-125-125-4-4_0 13.66.68 unsat 2.33e+08 nodes 269 s; 3248 queued
2026-10-03T04:55:16 Random-125-125-4-4_0 13.66.8 unsat 2.93e+06 nodes 4 s; 3247 queued
2026-10-03T04:55:23 Random-125-125-4-4_0 13.66.87 unsat 2.02e+07 nodes 24 s; 3246 queued
2026-10-03T04:55:32 Random-125-125-4-4_0 13.66.28 unsat 1.45e+07 nodes 16 s; 3245 queued
2026-10-03T04:55:34 Random-125-125-4-4_0 13.66.47 unsat 9.06e+06 nodes 11 s; 3244 queued
2026-10-03T04:55:37 Random-125-125-4-4_0 13.66.95 unsat 2.16e+07 nodes 26 s; 3243 queued
2026-10-03T04:55:38 Random-125-125-4-4_0 13.66.101 unsat 3.17e+06 nodes 4 s; 3242 queued
2026-10-03T04:55:38 Random-125-125-4-4_0 13.66.61 unsat 5.1e+06 nodes 6 s; 3241 queued
2026-10-03T04:55:41 Random-125-125-4-4_0 13.66.17 unsat 1.9e+06 nodes 2 s; 3240 queued
2026-10-03T04:55:41 Random-125-125-4-4_0 13.66.14 unsat 2.48e+06 nodes 3 s; 3239 queued
2026-10-03T04:55:42 Random-125-125-4-4_0 13.66.7 unsat 4.24e+06 nodes 5 s; 3238 queued
2026-10-03T04:55:43 Random-125-125-4-4_0 13.66.40 unsat 1.62e+06 nodes 2 s; 3237 queued
2026-10-03T04:55:43 Random-125-125-4-4_0 13.66.38 unsat 2.2e+06 nodes 3 s; 3236 queued
2026-10-03T04:55:44 Random-125-125-4-4_0 13.66.22 unsat 9.47e+05 nodes 1 s; 3235 queued
2026-10-03T04:55:44 Random-125-125-4-4_0 13.66.63 unsat 1.8e+06 nodes 2 s; 3234 queued
2026-10-03T04:55:44 Random-125-125-4-4_0 13.66.34 unsat 8.21e+05 nodes 1 s; 3233 queued
2026-10-03T04:55:45 Random-125-125-4-4_0 13.66.46 unsat 4.57e+05 nodes 1 s; 3232 queued
2026-10-03T04:55:45 Random-125-125-4-4_0 13.66.117 unsat 5.8e+05 nodes 1 s; 3231 queued
2026-10-03T04:55:45 Random-125-125-4-4_0 13.66.88 unsat 7.4e+05 nodes 1 s; 3230 queued
2026-10-03T04:55:45 Random-125-125-4-4_0 13.66.121 unsat 3.75e+05 nodes 0 s; 3229 queued
2026-10-03T04:55:45 Random-125-125-4-4_0 13.66.80 unsat 1.92e+05 nodes 0 s; 3228 queued
2026-10-03T04:55:46 Random-125-125-4-4_0 13.66.57 unsat 3.81e+05 nodes 0 s; 3227 queued
2026-10-03T04:55:46 Random-125-125-4-4_0 13.66.98 unsat 2.52e+05 nodes 0 s; 3226 queued
2026-10-03T04:55:46 Random-125-125-4-4_0 13.66.45 unsat 2.27e+05 nodes 0 s; 3225 queued
2026-10-03T04:55:46 Random-125-125-4-4_0 13.66.110 unsat 2.87e+05 nodes 0 s; 3224 queued
2026-10-03T04:55:46 Random-125-125-4-4_0 13.66.76 unsat 1.47e+05 nodes 0 s; 3223 queued
2026-10-03T04:55:46 Random-125-125-4-4_0 13.66.64 unsat 1.77e+05 nodes 0 s; 3222 queued
2026-10-03T04:55:46 Random-125-125-4-4_0 13.66.105 unsat 1.97e+05 nodes 0 s; 3221 queued
2026-10-03T04:55:46 Random-125-125-4-4_0 13.66.1 unsat 6.7e+04 nodes 0 s; 3220 queued
2026-10-03T04:55:46 Random-125-125-4-4_0 13.66.120 unsat 9.65e+04 nodes 0 s; 3219 queued
2026-10-03T04:55:46 Random-125-125-4-4_0 13.66.9 unsat 7.14e+04 nodes 0 s; 3218 queued
2026-10-03T04:55:46 Random-125-125-4-4_0 13.66.67 unsat 5.14e+04 nodes 0 s; 3217 queued
2026-10-03T04:55:46 Random-125-125-4-4_0 13.66.53 unsat 9.42e+04 nodes 0 s; 3216 queued
2026-10-03T04:55:46 Random-125-125-4-4_0 13.66.73 unsat 5.56e+04 nodes 0 s; 3215 queued
2026-10-03T04:55:46 Random-125-125-4-4_0 13.66.16 unsat 1.72e+04 nodes 0 s; 3214 queued
2026-10-03T04:55:46 Random-125-125-4-4_0 13.66.86 unsat 7.45e+04 nodes 0 s; 3213 queued
2026-10-03T04:55:46 Random-125-125-4-4_0 13.66.96 unsat 2.59e+04 nodes 0 s; 3212 queued
2026-10-03T04:55:46 Random-125-125-4-4_0 13.66.5 unsat 6.19e+04 nodes 0 s; 3211 queued
2026-10-03T04:55:46 Random-125-125-4-4_0 13.66.4 unsat 2.3e+04 nodes 0 s; 3210 queued
2026-10-03T04:55:46 Random-125-125-4-4_0 13.66.27 unsat 2.23e+04 nodes 0 s; 3209 queued
2026-10-03T04:55:46 Random-125-125-4-4_0 13.66.99 unsat 4.4e+04 nodes 0 s; 3208 queued
2026-10-03T04:55:47 Random-125-125-4-4_0 13.66.33 unsat 1.57e+04 nodes 0 s; 3207 queued
2026-10-03T04:55:47 Random-125-125-4-4_0 13.66.35 unsat 1.79e+04 nodes 0 s; 3206 queued
2026-10-03T04:55:47 Random-125-125-4-4_0 13.66.10 unsat 6.99e+03 nodes 0 s; 3205 queued
2026-10-03T04:55:47 Random-125-125-4-4_0 13.66.70 unsat 2.53e+04 nodes 0 s; 3204 queued
2026-10-03T04:55:47 Random-125-125-4-4_0 13.66.78 unsat 1.14e+04 nodes 0 s; 3203 queued
2026-10-03T04:55:47 Random-125-125-4-4_0 13.66.29 unsat 6.36e+03 nodes 0 s; 3202 queued
2026-10-03T04:55:47 Random-125-125-4-4_0 13.66.112 unsat 5.93e+03 nodes 0 s; 3201 queued
2026-10-03T04:55:47 Random-125-125-4-4_0 13.66.50 unsat 1.02e+04 nodes 0 s; 3200 queued
2026-10-03T04:55:47 Random-125-125-4-4_0 13.66.44 unsat 6.82e+03 nodes 0 s; 3199 queued
2026-10-03T04:55:47 Random-125-125-4-4_0 13.66.69 unsat 6.48e+03 nodes 0 s; 3198 queued
2026-10-03T04:55:47 Random-125-125-4-4_0 13.66.18 unsat 2.07e+03 nodes 0 s; 3197 queued
2026-10-03T04:55:47 Random-125-125-4-4_0 13.66.119 unsat 7.08e+03 nodes 0 s; 3196 queued
2026-10-03T04:55:47 Random-125-125-4-4_0 13.66.43 unsat 4.65e+03 nodes 0 s; 3195 queued
2026-10-03T04:55:47 Random-125-125-4-4_0 13.66.72 unsat 1.21e+04 nodes 0 s; 3194 queued
2026-10-03T04:55:47 Random-125-125-4-4_0 13.66.15 unsat 3.2e+03 nodes 0 s; 3193 queued
2026-10-03T04:55:47 Random-125-125-4-4_0 13.66.41 unsat 1.38e+03 nodes 0 s; 3192 queued
2026-10-03T04:55:47 Random-125-125-4-4_0 13.66.90 unsat 3.07e+03 nodes 0 s; 3191 queued
2026-10-03T04:55:47 Random-125-125-4-4_0 13.66.37 unsat 6.91e+03 nodes 0 s; 3190 queued
2026-10-03T04:55:47 Random-125-125-4-4_0 13.66.30 unsat 1.94e+03 nodes 0 s; 3189 queued
2026-10-03T04:55:47 Random-125-125-4-4_0 13.66.75 unsat 1.84e+03 nodes 0 s; 3188 queued
2026-10-03T04:55:47 Random-125-125-4-4_0 13.66.91 unsat 5.73e+03 nodes 0 s; 3187 queued
2026-10-03T04:55:47 Random-125-125-4-4_0 13.66.2 unsat 1.36e+03 nodes 0 s; 3186 queued
2026-10-03T04:55:47 Random-125-125-4-4_0 13.66.79 unsat 3.38e+03 nodes 0 s; 3185 queued
2026-10-03T04:55:47 Random-125-125-4-4_0 13.66.20 unsat 1.26e+03 nodes 0 s; 3184 queued
2026-10-03T04:55:47 Random-125-125-4-4_0 13.66.49 unsat 804 nodes 0 s; 3183 queued
2026-10-03T04:55:47 Random-125-125-4-4_0 13.66.111 unsat 259 nodes 0 s; 3182 queued
2026-10-03T04:55:47 Random-125-125-4-4_0 13.66.39 unsat 2.15e+03 nodes 0 s; 3181 queued
2026-10-03T04:55:47 Random-125-125-4-4_0 13.66.31 unsat 3.85e+03 nodes 0 s; 3180 queued
2026-10-03T05:00:00 Random-125-125-2-1_0 123 unknown 3e+09 nodes 2402 s; 3233 queued
2026-10-03T05:16:19 Random-125-125-2-5_0 17.102 unsat 2.27e+09 nodes 1952 s; 3232 queued
2026-10-03T05:16:22 Random-125-125-4-4_0 13.66.0 unsat 3.39e+09 nodes 3537 s; 3231 queued
2026-10-03T05:16:36 Random-125-125-2-1_0 37.87.33 unsat 1.99e+09 nodes 1691 s; 3230 queued
2026-10-03T05:24:15 Random-125-125-4-4_0 13.26.66 unsat 7.36e+09 nodes 7442 s; 3229 queued
2026-10-03T05:24:57 Random-125-125-2-5_0 17.98 unsat 3.31e+09 nodes 2539 s; 3228 queued
2026-10-03T05:30:43 Random-125-125-2-5_0 17.105 unsat 1.16e+09 nodes 864 s; 3227 queued
2026-10-03T05:31:14 Random-125-125-2-1_0 37.87.43 unsat 2.27e+09 nodes 1875 s; 3226 queued
